# Modelo original generado para Caelum Argenteum.
# Ejes OBJ: X ancho, Y altura, Z profundidad.
o ca_tree_coast_coronillo3
v 0.000000 -0.118302 -9.999300
v -6.420691 0.213186 -7.663503
v -2.548677 39.907098 -5.758217
v 1.881600 39.678372 -7.369917
v 0.000000 0.000000 0.000000
v -6.420691 0.213186 -7.663503
v 0.000000 -0.118302 -9.999300
v -6.420691 0.213186 -7.663503
v -9.837070 0.444921 -1.741867
v -4.905978 40.066995 -1.672288
v -2.548677 39.907098 -5.758217
v 0.000000 0.000000 0.000000
v -9.837070 0.444921 -1.741867
v -6.420691 0.213186 -7.663503
v -9.837070 0.444921 -1.741867
v -8.650574 0.468473 4.994807
v -4.087296 40.083246 2.976017
v -4.905978 40.066995 -1.672288
v 0.000000 0.000000 0.000000
v -8.650574 0.468473 4.994807
v -9.837070 0.444921 -1.741867
v -8.650574 0.468473 4.994807
v -3.416379 0.272821 9.394356
v -0.475701 39.948246 6.011706
v -4.087296 40.083246 2.976017
v 0.000000 0.000000 0.000000
v -3.416379 0.272821 9.394356
v -8.650574 0.468473 4.994807
v -3.416379 0.272821 9.394356
v 3.416379 -0.050487 9.398181
v 4.238901 39.725164 6.014345
v -0.475701 39.948246 6.011706
v 0.000000 0.000000 0.000000
v 3.416379 -0.050487 9.398181
v -3.416379 0.272821 9.394356
v 3.416379 -0.050487 9.398181
v 8.650574 -0.350171 5.004493
v 7.850496 39.518382 2.982700
v 4.238901 39.725164 6.014345
v 0.000000 0.000000 0.000000
v 8.650574 -0.350171 5.004493
v 3.416379 -0.050487 9.398181
v 8.650574 -0.350171 5.004493
v 9.837070 -0.486007 -1.730853
v 8.669178 39.424655 -1.664689
v 7.850496 39.518382 2.982700
v 0.000000 0.000000 0.000000
v 9.837070 -0.486007 -1.730853
v 8.650574 -0.350171 5.004493
v 9.837070 -0.486007 -1.730853
v 6.420691 -0.394434 -7.656314
v 6.311877 39.487840 -5.753257
v 8.669178 39.424655 -1.664689
v 0.000000 0.000000 0.000000
v 6.420691 -0.394434 -7.656314
v 9.837070 -0.486007 -1.730853
v 6.420691 -0.394434 -7.656314
v 0.000000 -0.118302 -9.999300
v 1.881600 39.678372 -7.369917
v 6.311877 39.487840 -5.753257
v 0.000000 0.000000 0.000000
v 0.000000 -0.118302 -9.999300
v 6.420691 -0.394434 -7.656314
v 1.063026 39.639124 -7.320606
v -3.109140 40.274686 -5.207235
v 3.741076 74.123450 -4.231092
v 6.038791 73.773431 -5.394977
v -3.109140 40.274686 -5.207235
v -4.946084 40.669420 -0.877446
v 2.729426 74.340840 -1.846571
v 3.741076 74.123450 -4.231092
v -4.946084 40.669420 -0.877446
v -3.588278 40.638627 3.642804
v 3.477203 74.323882 0.642843
v 2.729426 74.340840 -1.846571
v -3.588278 40.638627 3.642804
v 0.328944 40.196714 6.238440
v 5.634514 74.080509 2.072324
v 3.477203 74.323882 0.642843
v 0.328944 40.196714 6.238440
v 4.972672 39.550458 5.694936
v 8.191929 73.724600 1.773002
v 5.634514 74.080509 2.072324
v 4.972672 39.550458 5.694936
v 8.170052 39.002249 2.266602
v 9.952806 73.422688 -0.115065
v 8.191929 73.724600 1.773002
v 8.170052 39.002249 2.266602
v 8.424996 38.808600 -2.442405
v 10.093209 73.316040 -2.708432
v 9.952806 73.422688 -0.115065
v 8.424996 38.808600 -2.442405
v 5.618212 39.060122 -6.228690
v 8.547444 73.454560 -4.793632
v 10.093209 73.316040 -2.708432
v 5.618212 39.060122 -6.228690
v 1.063026 39.639124 -7.320606
v 6.038791 73.773431 -5.394977
v 8.547444 73.454560 -4.793632
v 5.604893 73.831920 -5.317969
v 3.488051 74.341597 -3.898164
v 11.207083 99.492399 -3.359220
v 11.597028 99.398512 -3.620763
v 11.760000 99.400000 -2.940000
v 11.597028 99.398512 -3.620763
v 11.207083 99.492399 -3.359220
v 3.488051 74.341597 -3.898164
v 2.775667 74.616571 -1.413504
v 11.075854 99.543053 -2.901519
v 11.207083 99.492399 -3.359220
v 11.760000 99.400000 -2.940000
v 11.207083 99.492399 -3.359220
v 11.075854 99.543053 -2.901519
v 2.775667 74.616571 -1.413504
v 3.801073 74.528179 0.973411
v 11.264745 99.526770 -2.461824
v 11.075854 99.543053 -2.901519
v 11.760000 99.400000 -2.940000
v 11.075854 99.543053 -2.901519
v 11.264745 99.526770 -2.461824
v 3.801073 74.528179 0.973411
v 6.084471 74.117780 2.145717
v 11.685371 99.451170 -2.245873
v 11.264745 99.526770 -2.461824
v 11.760000 99.400000 -2.940000
v 11.264745 99.526770 -2.461824
v 11.685371 99.451170 -2.245873
v 6.084471 74.117780 2.145717
v 8.557434 73.577405 1.554880
v 12.140917 99.351627 -2.354712
v 11.685371 99.451170 -2.245873
v 11.760000 99.400000 -2.940000
v 11.685371 99.451170 -2.245873
v 12.140917 99.351627 -2.354712
v 8.557434 73.577405 1.554880
v 10.062834 73.159901 -0.522642
v 12.418227 99.274719 -2.737413
v 12.140917 99.351627 -2.354712
v 11.760000 99.400000 -2.940000
v 12.140917 99.351627 -2.354712
v 12.418227 99.274719 -2.737413
v 10.062834 73.159901 -0.522642
v 9.896278 73.060623 -3.114753
v 12.387546 99.256431 -3.214907
v 12.418227 99.274719 -2.737413
v 11.760000 99.400000 -2.940000
v 12.418227 99.274719 -2.737413
v 12.387546 99.256431 -3.214907
v 9.896278 73.060623 -3.114753
v 8.135700 73.326024 -5.008576
v 12.063229 99.305320 -3.563769
v 12.387546 99.256431 -3.214907
v 11.760000 99.400000 -2.940000
v 12.387546 99.256431 -3.214907
v 12.063229 99.305320 -3.563769
v 8.135700 73.326024 -5.008576
v 5.604893 73.831920 -5.317969
v 11.597028 99.398512 -3.620763
v 12.063229 99.305320 -3.563769
v 11.760000 99.400000 -2.940000
v 12.063229 99.305320 -3.563769
v 11.597028 99.398512 -3.620763
v 10.319977 94.728796 -4.530077
v 9.031389 95.288296 -2.424851
v 40.160293 110.838599 11.507215
v 40.611298 110.642774 10.770386
v 10.319977 93.115522 -2.579994
v 9.031389 95.288296 -2.424851
v 10.319977 94.728796 -4.530077
v 9.031389 95.288296 -2.424851
v 9.031389 93.675022 -0.474768
v 40.160293 110.273953 12.189744
v 40.160293 110.838599 11.507215
v 10.319977 93.115522 -2.579994
v 9.031389 93.675022 -0.474768
v 9.031389 95.288296 -2.424851
v 9.031389 93.675022 -0.474768
v 10.319977 91.502248 -0.629911
v 40.611298 109.513482 12.135444
v 40.160293 110.273953 12.189744
v 10.319977 93.115522 -2.579994
v 10.319977 91.502248 -0.629911
v 9.031389 93.675022 -0.474768
v 10.319977 91.502248 -0.629911
v 11.608565 90.942748 -2.735138
v 41.062304 109.317657 11.398615
v 40.611298 109.513482 12.135444
v 10.319977 93.115522 -2.579994
v 11.608565 90.942748 -2.735138
v 10.319977 91.502248 -0.629911
v 11.608565 90.942748 -2.735138
v 11.608565 92.556022 -4.685220
v 41.062304 109.882303 10.716086
v 41.062304 109.317657 11.398615
v 10.319977 93.115522 -2.579994
v 11.608565 92.556022 -4.685220
v 11.608565 90.942748 -2.735138
v 11.608565 92.556022 -4.685220
v 10.319977 94.728796 -4.530077
v 40.611298 110.642774 10.770386
v 41.062304 109.882303 10.716086
v 10.319977 93.115522 -2.579994
v 10.319977 94.728796 -4.530077
v 11.608565 92.556022 -4.685220
v 40.283035 109.977058 12.269431
v 40.695087 109.301685 11.870990
v 74.215076 122.447607 26.081884
v 74.568263 121.868716 25.740363
v 74.286895 121.782084 26.440234
v 74.568263 121.868716 25.740363
v 74.215076 122.447607 26.081884
v 40.695087 109.301685 11.870990
v 41.023350 109.402756 11.054474
v 73.933707 122.360975 26.781755
v 74.215076 122.447607 26.081884
v 74.286895 121.782084 26.440234
v 74.215076 122.447607 26.081884
v 73.933707 122.360975 26.781755
v 41.023350 109.402756 11.054474
v 40.939562 110.179199 10.636399
v 74.005526 121.695452 27.140105
v 73.933707 122.360975 26.781755
v 74.286895 121.782084 26.440234
v 73.933707 122.360975 26.781755
v 74.005526 121.695452 27.140105
v 40.939562 110.179199 10.636399
v 40.527510 110.854571 11.034840
v 74.358714 121.116561 26.798584
v 74.005526 121.695452 27.140105
v 74.286895 121.782084 26.440234
v 74.005526 121.695452 27.140105
v 74.358714 121.116561 26.798584
v 40.527510 110.854571 11.034840
v 40.199246 110.753501 11.851356
v 74.640082 121.203193 26.098713
v 74.358714 121.116561 26.798584
v 74.286895 121.782084 26.440234
v 74.358714 121.116561 26.798584
v 74.640082 121.203193 26.098713
v 40.199246 110.753501 11.851356
v 40.283035 109.977058 12.269431
v 74.568263 121.868716 25.740363
v 74.640082 121.203193 26.098713
v 74.286895 121.782084 26.440234
v 74.640082 121.203193 26.098713
v 74.568263 121.868716 25.740363
v 4.331440 58.952947 -3.285427
v 2.533881 60.783977 -2.897449
v 22.157638 81.359386 -14.722845
v 22.786784 80.718525 -14.858638
v 4.331440 60.325212 -1.082860
v 2.533881 60.783977 -2.897449
v 4.331440 58.952947 -3.285427
v 2.533881 60.783977 -2.897449
v 2.533881 62.156242 -0.694881
v 22.157638 81.839679 -13.951946
v 22.157638 81.359386 -14.722845
v 4.331440 60.325212 -1.082860
v 2.533881 62.156242 -0.694881
v 2.533881 60.783977 -2.897449
v 2.533881 62.156242 -0.694881
v 4.331440 61.697478 1.119708
v 22.786784 81.679111 -13.316840
v 22.157638 81.839679 -13.951946
v 4.331440 60.325212 -1.082860
v 4.331440 61.697478 1.119708
v 2.533881 62.156242 -0.694881
v 4.331440 61.697478 1.119708
v 6.128999 59.866448 0.731729
v 23.415930 81.038251 -13.452633
v 22.786784 81.679111 -13.316840
v 4.331440 60.325212 -1.082860
v 6.128999 59.866448 0.731729
v 4.331440 61.697478 1.119708
v 6.128999 59.866448 0.731729
v 6.128999 58.494183 -1.470839
v 23.415930 80.557958 -14.223532
v 23.415930 81.038251 -13.452633
v 4.331440 60.325212 -1.082860
v 6.128999 58.494183 -1.470839
v 6.128999 59.866448 0.731729
v 6.128999 58.494183 -1.470839
v 4.331440 58.952947 -3.285427
v 22.786784 80.718525 -14.858638
v 23.415930 80.557958 -14.223532
v 4.331440 60.325212 -1.082860
v 4.331440 58.952947 -3.285427
v 6.128999 58.494183 -1.470839
v 22.702260 80.746995 -14.871115
v 22.137455 81.431749 -14.678570
v 43.697595 101.774897 -27.760170
v 43.213476 102.361829 -27.595131
v 43.141027 101.974552 -28.266596
v 43.213476 102.361829 -27.595131
v 43.697595 101.774897 -27.760170
v 22.137455 81.431749 -14.678570
v 22.221979 81.883572 -13.895194
v 43.625146 101.387620 -28.431635
v 43.697595 101.774897 -27.760170
v 43.141027 101.974552 -28.266596
v 43.697595 101.774897 -27.760170
v 43.625146 101.387620 -28.431635
v 22.221979 81.883572 -13.895194
v 22.871308 81.650641 -13.304363
v 43.068578 101.587275 -28.938061
v 43.625146 101.387620 -28.431635
v 43.141027 101.974552 -28.266596
v 43.625146 101.387620 -28.431635
v 43.068578 101.587275 -28.938061
v 22.871308 81.650641 -13.304363
v 23.436113 80.965888 -13.496908
v 42.584459 102.174206 -28.773023
v 43.068578 101.587275 -28.938061
v 43.141027 101.974552 -28.266596
v 43.068578 101.587275 -28.938061
v 42.584459 102.174206 -28.773023
v 23.436113 80.965888 -13.496908
v 23.351589 80.514065 -14.280284
v 42.656908 102.561483 -28.101558
v 42.584459 102.174206 -28.773023
v 43.141027 101.974552 -28.266596
v 42.584459 102.174206 -28.773023
v 42.656908 102.561483 -28.101558
v 23.351589 80.514065 -14.280284
v 22.702260 80.746995 -14.871115
v 43.213476 102.361829 -27.595131
v 42.656908 102.561483 -28.101558
v 43.141027 101.974552 -28.266596
v 42.656908 102.561483 -28.101558
v 43.213476 102.361829 -27.595131
v 8.764012 84.208860 -4.367308
v 7.296787 86.477073 -4.358699
v 40.776546 107.141817 -18.465339
v 41.290075 106.347943 -18.468352
v 8.764012 85.809270 -2.191003
v 7.296787 86.477073 -4.358699
v 8.764012 84.208860 -4.367308
v 7.296787 86.477073 -4.358699
v 7.296787 88.077483 -2.182394
v 40.776546 107.701961 -17.703632
v 40.776546 107.141817 -18.465339
v 8.764012 85.809270 -2.191003
v 7.296787 88.077483 -2.182394
v 7.296787 86.477073 -4.358699
v 7.296787 88.077483 -2.182394
v 8.764012 87.409680 -0.014698
v 41.290075 107.468230 -16.944939
v 40.776546 107.701961 -17.703632
v 8.764012 85.809270 -2.191003
v 8.764012 87.409680 -0.014698
v 7.296787 88.077483 -2.182394
v 8.764012 87.409680 -0.014698
v 10.231237 85.141467 -0.023307
v 41.803604 106.674355 -16.947952
v 41.290075 107.468230 -16.944939
v 8.764012 85.809270 -2.191003
v 10.231237 85.141467 -0.023307
v 8.764012 87.409680 -0.014698
v 10.231237 85.141467 -0.023307
v 10.231237 83.541057 -2.199612
v 41.803604 106.114212 -17.709659
v 41.803604 106.674355 -16.947952
v 8.764012 85.809270 -2.191003
v 10.231237 83.541057 -2.199612
v 10.231237 85.141467 -0.023307
v 10.231237 83.541057 -2.199612
v 8.764012 84.208860 -4.367308
v 41.290075 106.347943 -18.468352
v 41.803604 106.114212 -17.709659
v 8.764012 85.809270 -2.191003
v 8.764012 84.208860 -4.367308
v 10.231237 83.541057 -2.199612
v 41.227699 106.302626 -18.430168
v 40.810888 107.149505 -18.485140
v 77.667709 123.300156 -34.030560
v 77.310442 124.026053 -34.077680
v 77.256977 123.507087 -34.697842
v 77.310442 124.026053 -34.077680
v 77.667709 123.300156 -34.030560
v 40.810888 107.149505 -18.485140
v 40.873264 107.754966 -17.761618
v 77.614244 122.781190 -34.650723
v 77.667709 123.300156 -34.030560
v 77.256977 123.507087 -34.697842
v 77.667709 123.300156 -34.030560
v 77.614244 122.781190 -34.650723
v 40.873264 107.754966 -17.761618
v 41.352451 107.513547 -16.983123
v 77.203512 122.988121 -35.318004
v 77.614244 122.781190 -34.650723
v 77.256977 123.507087 -34.697842
v 77.614244 122.781190 -34.650723
v 77.203512 122.988121 -35.318004
v 41.352451 107.513547 -16.983123
v 41.769262 106.666667 -16.928151
v 76.846245 123.714018 -35.365123
v 77.203512 122.988121 -35.318004
v 77.256977 123.507087 -34.697842
v 77.203512 122.988121 -35.318004
v 76.846245 123.714018 -35.365123
v 41.769262 106.666667 -16.928151
v 41.706886 106.061207 -17.651673
v 76.899711 124.232983 -34.744961
v 76.846245 123.714018 -35.365123
v 77.256977 123.507087 -34.697842
v 76.846245 123.714018 -35.365123
v 76.899711 124.232983 -34.744961
v 41.706886 106.061207 -17.651673
v 41.227699 106.302626 -18.430168
v 77.310442 124.026053 -34.077680
v 76.899711 124.232983 -34.744961
v 77.256977 123.507087 -34.697842
v 76.899711 124.232983 -34.744961
v 77.310442 124.026053 -34.077680
v 7.381380 80.345955 -4.288933
v 5.474944 80.937470 -2.159786
v 27.744280 99.744573 11.255054
v 28.411532 99.537543 10.509853
v 7.381380 78.750170 -1.845345
v 5.474944 80.937470 -2.159786
v 7.381380 80.345955 -4.288933
v 5.474944 80.937470 -2.159786
v 5.474944 79.341684 0.283801
v 27.744280 99.186048 12.110309
v 27.744280 99.744573 11.255054
v 7.381380 78.750170 -1.845345
v 5.474944 79.341684 0.283801
v 5.474944 80.937470 -2.159786
v 5.474944 79.341684 0.283801
v 7.381380 77.154385 0.598243
v 28.411532 98.420493 12.220364
v 27.744280 99.186048 12.110309
v 7.381380 78.750170 -1.845345
v 7.381380 77.154385 0.598243
v 5.474944 79.341684 0.283801
v 7.381380 77.154385 0.598243
v 9.287816 76.562870 -1.530904
v 29.078785 98.213463 11.475163
v 28.411532 98.420493 12.220364
v 7.381380 78.750170 -1.845345
v 9.287816 76.562870 -1.530904
v 7.381380 77.154385 0.598243
v 9.287816 76.562870 -1.530904
v 9.287816 78.158656 -3.974491
v 29.078785 98.771988 10.619907
v 29.078785 98.213463 11.475163
v 7.381380 78.750170 -1.845345
v 9.287816 78.158656 -3.974491
v 9.287816 76.562870 -1.530904
v 9.287816 78.158656 -3.974491
v 7.381380 80.345955 -4.288933
v 28.411532 99.537543 10.509853
v 29.078785 98.771988 10.619907
v 7.381380 78.750170 -1.845345
v 7.381380 80.345955 -4.288933
v 9.287816 78.158656 -3.974491
v 28.324186 99.649149 10.599140
v 27.740519 99.746290 11.431792
v 52.384467 117.553320 25.465496
v 51.884181 117.636584 26.179198
v 51.809312 118.210982 25.522654
v 51.884181 117.636584 26.179198
v 52.384467 117.553320 25.465496
v 27.740519 99.746290 11.431792
v 27.827865 99.076159 12.197760
v 52.309598 118.127719 24.808952
v 52.384467 117.553320 25.465496
v 51.809312 118.210982 25.522654
v 52.384467 117.553320 25.465496
v 52.309598 118.127719 24.808952
v 27.827865 99.076159 12.197760
v 28.498879 98.308887 12.131076
v 51.734444 118.785380 24.866110
v 52.309598 118.127719 24.808952
v 51.809312 118.210982 25.522654
v 52.309598 118.127719 24.808952
v 51.734444 118.785380 24.866110
v 28.498879 98.308887 12.131076
v 29.082546 98.211746 11.298425
v 51.234158 118.868644 25.579811
v 51.734444 118.785380 24.866110
v 51.809312 118.210982 25.522654
v 51.734444 118.785380 24.866110
v 51.234158 118.868644 25.579811
v 29.082546 98.211746 11.298425
v 28.995199 98.881877 10.532457
v 51.309026 118.294246 26.236355
v 51.234158 118.868644 25.579811
v 51.809312 118.210982 25.522654
v 51.234158 118.868644 25.579811
v 51.309026 118.294246 26.236355
v 28.995199 98.881877 10.532457
v 28.324186 99.649149 10.599140
v 51.884181 117.636584 26.179198
v 51.309026 118.294246 26.236355
v 51.809312 118.210982 25.522654
v 51.309026 118.294246 26.236355
v 51.884181 117.636584 26.179198
v 4.535552 63.049728 -2.590874
v 3.291673 63.251405 -1.082231
v 33.865674 85.875783 20.269288
v 34.301031 85.805196 19.741263
v 4.535552 61.730219 -1.133888
v 3.291673 63.251405 -1.082231
v 4.535552 63.049728 -2.590874
v 3.291673 63.251405 -1.082231
v 3.291673 61.931895 0.374754
v 33.865674 85.413955 20.779233
v 33.865674 85.875783 20.269288
v 4.535552 61.730219 -1.133888
v 3.291673 61.931895 0.374754
v 3.291673 63.251405 -1.082231
v 3.291673 61.931895 0.374754
v 4.535552 60.410709 0.323097
v 34.301031 84.881539 20.761153
v 33.865674 85.413955 20.779233
v 4.535552 61.730219 -1.133888
v 4.535552 60.410709 0.323097
v 3.291673 61.931895 0.374754
v 4.535552 60.410709 0.323097
v 5.779432 60.209033 -1.185545
v 34.736389 84.810953 20.233128
v 34.301031 84.881539 20.761153
v 4.535552 61.730219 -1.133888
v 5.779432 60.209033 -1.185545
v 4.535552 60.410709 0.323097
v 5.779432 60.209033 -1.185545
v 5.779432 61.528542 -2.642531
v 34.736389 85.272781 19.723183
v 34.736389 84.810953 20.233128
v 4.535552 61.730219 -1.133888
v 5.779432 61.528542 -2.642531
v 5.779432 60.209033 -1.185545
v 5.779432 61.528542 -2.642531
v 4.535552 63.049728 -2.590874
v 34.301031 85.805196 19.741263
v 34.736389 85.272781 19.723183
v 4.535552 61.730219 -1.133888
v 4.535552 63.049728 -2.590874
v 5.779432 61.528542 -2.642531
v 34.244770 85.899179 19.849664
v 33.868817 85.850071 20.423753
v 67.295399 104.880149 43.176009
v 66.973154 104.838056 43.668085
v 66.924930 105.314466 43.323905
v 66.973154 104.838056 43.668085
v 67.295399 104.880149 43.176009
v 33.868817 85.850071 20.423753
v 33.925079 85.294260 20.825296
v 67.247175 105.356559 42.831829
v 67.295399 104.880149 43.176009
v 66.924930 105.314466 43.323905
v 67.295399 104.880149 43.176009
v 67.247175 105.356559 42.831829
v 33.925079 85.294260 20.825296
v 34.357293 84.787556 20.652752
v 66.876706 105.790876 42.979725
v 67.247175 105.356559 42.831829
v 66.924930 105.314466 43.323905
v 67.247175 105.356559 42.831829
v 66.876706 105.790876 42.979725
v 34.357293 84.787556 20.652752
v 34.733245 84.836664 20.078663
v 66.554461 105.748783 43.471800
v 66.876706 105.790876 42.979725
v 66.924930 105.314466 43.323905
v 66.876706 105.790876 42.979725
v 66.554461 105.748783 43.471800
v 34.733245 84.836664 20.078663
v 34.676984 85.392476 19.677120
v 66.602685 105.272373 43.815981
v 66.554461 105.748783 43.471800
v 66.924930 105.314466 43.323905
v 66.554461 105.748783 43.471800
v 66.602685 105.272373 43.815981
v 34.676984 85.392476 19.677120
v 34.244770 85.899179 19.849664
v 66.973154 104.838056 43.668085
v 66.602685 105.272373 43.815981
v 66.924930 105.314466 43.323905
v 66.602685 105.272373 43.815981
v 66.973154 104.838056 43.668085
v 10.467643 90.380580 -0.314870
v 10.763904 88.571987 -1.608242
v 34.913742 100.065763 -10.884500
v 34.810050 100.698770 -10.431820
v 9.722653 90.380580 -2.430663
v 10.763904 88.571987 -1.608242
v 10.467643 90.380580 -0.314870
v 10.763904 88.571987 -1.608242
v 10.018914 88.571987 -3.724035
v 34.652995 100.065763 -11.625028
v 34.913742 100.065763 -10.884500
v 9.722653 90.380580 -2.430663
v 10.018914 88.571987 -3.724035
v 10.763904 88.571987 -1.608242
v 10.018914 88.571987 -3.724035
v 8.977664 90.380580 -4.546456
v 34.288558 100.698770 -11.912875
v 34.652995 100.065763 -11.625028
v 9.722653 90.380580 -2.430663
v 8.977664 90.380580 -4.546456
v 10.018914 88.571987 -3.724035
v 8.977664 90.380580 -4.546456
v 8.681403 92.189173 -3.253085
v 34.184867 101.331778 -11.460195
v 34.288558 100.698770 -11.912875
v 9.722653 90.380580 -2.430663
v 8.681403 92.189173 -3.253085
v 8.977664 90.380580 -4.546456
v 8.681403 92.189173 -3.253085
v 9.426392 92.189173 -1.137292
v 34.445613 101.331778 -10.719668
v 34.184867 101.331778 -11.460195
v 9.722653 90.380580 -2.430663
v 9.426392 92.189173 -1.137292
v 8.681403 92.189173 -3.253085
v 9.426392 92.189173 -1.137292
v 10.467643 90.380580 -0.314870
v 34.810050 100.698770 -10.431820
v 34.445613 101.331778 -10.719668
v 9.722653 90.380580 -2.430663
v 10.467643 90.380580 -0.314870
v 9.426392 92.189173 -1.137292
v 34.820243 100.605966 -10.441356
v 34.758665 99.985832 -10.918860
v 62.075612 106.006731 -21.062336
v 62.022830 105.475187 -21.471626
v 62.255064 105.395641 -20.845061
v 62.022830 105.475187 -21.471626
v 62.075612 106.006731 -21.062336
v 34.758665 99.985832 -10.918860
v 34.487726 100.078636 -11.649852
v 62.307845 105.927185 -20.435772
v 62.075612 106.006731 -21.062336
v 62.255064 105.395641 -20.845061
v 62.075612 106.006731 -21.062336
v 62.307845 105.927185 -20.435772
v 34.487726 100.078636 -11.649852
v 34.278365 100.791574 -11.903340
v 62.487297 105.316095 -20.218497
v 62.307845 105.927185 -20.435772
v 62.255064 105.395641 -20.845061
v 62.307845 105.927185 -20.435772
v 62.487297 105.316095 -20.218497
v 34.278365 100.791574 -11.903340
v 34.339944 101.411709 -11.425835
v 62.434516 104.784550 -20.627786
v 62.487297 105.316095 -20.218497
v 62.255064 105.395641 -20.845061
v 62.487297 105.316095 -20.218497
v 62.434516 104.784550 -20.627786
v 34.339944 101.411709 -11.425835
v 34.610882 101.318905 -10.694843
v 62.202282 104.864097 -21.254351
v 62.434516 104.784550 -20.627786
v 62.255064 105.395641 -20.845061
v 62.434516 104.784550 -20.627786
v 62.202282 104.864097 -21.254351
v 34.610882 101.318905 -10.694843
v 34.820243 100.605966 -10.441356
v 62.022830 105.475187 -21.471626
v 62.202282 104.864097 -21.254351
v 62.255064 105.395641 -20.845061
v 62.202282 104.864097 -21.254351
v 62.022830 105.475187 -21.471626
v 10.008751 90.731702 -0.194486
v 10.772655 88.975176 -1.403126
v 51.905072 110.961992 -5.980179
v 51.637705 111.576776 -5.557155
v 9.798344 90.731702 -2.449586
v 10.772655 88.975176 -1.403126
v 10.008751 90.731702 -0.194486
v 10.772655 88.975176 -1.403126
v 10.562249 88.975176 -3.658226
v 51.831429 110.961992 -6.769464
v 51.905072 110.961992 -5.980179
v 9.798344 90.731702 -2.449586
v 10.562249 88.975176 -3.658226
v 10.772655 88.975176 -1.403126
v 10.562249 88.975176 -3.658226
v 9.587937 90.731702 -4.704686
v 51.490420 111.576776 -7.135725
v 51.831429 110.961992 -6.769464
v 9.798344 90.731702 -2.449586
v 9.587937 90.731702 -4.704686
v 10.562249 88.975176 -3.658226
v 9.587937 90.731702 -4.704686
v 8.824032 92.488229 -3.496046
v 51.223053 112.191560 -6.712701
v 51.490420 111.576776 -7.135725
v 9.798344 90.731702 -2.449586
v 8.824032 92.488229 -3.496046
v 9.587937 90.731702 -4.704686
v 8.824032 92.488229 -3.496046
v 9.034439 92.488229 -1.240946
v 51.296696 112.191560 -5.923416
v 51.223053 112.191560 -6.712701
v 9.798344 90.731702 -2.449586
v 9.034439 92.488229 -1.240946
v 8.824032 92.488229 -3.496046
v 9.034439 92.488229 -1.240946
v 10.008751 90.731702 -0.194486
v 51.637705 111.576776 -5.557155
v 51.296696 112.191560 -5.923416
v 9.798344 90.731702 -2.449586
v 10.008751 90.731702 -0.194486
v 9.034439 92.488229 -1.240946
v 51.666755 111.485965 -5.565670
v 51.804503 110.879150 -6.056786
v 97.420695 126.212910 -11.020440
v 97.538764 125.692783 -11.441396
v 97.626786 125.614945 -10.772165
v 97.538764 125.692783 -11.441396
v 97.420695 126.212910 -11.020440
v 51.804503 110.879150 -6.056786
v 51.701810 110.969960 -6.837556
v 97.508717 126.135073 -10.351209
v 97.420695 126.212910 -11.020440
v 97.626786 125.614945 -10.772165
v 97.420695 126.212910 -11.020440
v 97.508717 126.135073 -10.351209
v 51.701810 110.969960 -6.837556
v 51.461370 111.667587 -7.127210
v 97.714808 125.537107 -10.102933
v 97.508717 126.135073 -10.351209
v 97.626786 125.614945 -10.772165
v 97.508717 126.135073 -10.351209
v 97.714808 125.537107 -10.102933
v 51.461370 111.667587 -7.127210
v 51.323622 112.274403 -6.636095
v 97.832878 125.016979 -10.523889
v 97.714808 125.537107 -10.102933
v 97.626786 125.614945 -10.772165
v 97.714808 125.537107 -10.102933
v 97.832878 125.016979 -10.523889
v 51.323622 112.274403 -6.636095
v 51.426315 112.183592 -5.855325
v 97.744856 125.094817 -11.193121
v 97.832878 125.016979 -10.523889
v 97.626786 125.614945 -10.772165
v 97.832878 125.016979 -10.523889
v 97.744856 125.094817 -11.193121
v 51.426315 112.183592 -5.855325
v 51.666755 111.485965 -5.565670
v 97.538764 125.692783 -11.441396
v 97.744856 125.094817 -11.193121
v 97.626786 125.614945 -10.772165
v 97.744856 125.094817 -11.193121
v 97.538764 125.692783 -11.441396
v 4.625193 62.147308 -3.955802
v 3.107426 64.135650 -2.684511
v 43.689426 94.561793 -3.834834
v 44.220644 93.865873 -4.279786
v 4.625193 62.337249 -1.156298
v 3.107426 64.135650 -2.684511
v 4.625193 62.147308 -3.955802
v 3.107426 64.135650 -2.684511
v 3.107426 64.325591 0.114992
v 43.689426 94.628272 -2.855008
v 43.689426 94.561793 -3.834834
v 4.625193 62.337249 -1.156298
v 3.107426 64.325591 0.114992
v 3.107426 64.135650 -2.684511
v 3.107426 64.325591 0.114992
v 4.625193 62.527189 1.643206
v 44.220644 93.998831 -2.320133
v 43.689426 94.628272 -2.855008
v 4.625193 62.337249 -1.156298
v 4.625193 62.527189 1.643206
v 3.107426 64.325591 0.114992
v 4.625193 62.527189 1.643206
v 6.142959 60.538847 0.371915
v 44.751862 93.302912 -2.765085
v 44.220644 93.998831 -2.320133
v 4.625193 62.337249 -1.156298
v 6.142959 60.538847 0.371915
v 4.625193 62.527189 1.643206
v 6.142959 60.538847 0.371915
v 6.142959 60.348907 -2.427589
v 44.751862 93.236433 -3.744911
v 44.751862 93.302912 -2.765085
v 4.625193 62.337249 -1.156298
v 6.142959 60.348907 -2.427589
v 6.142959 60.538847 0.371915
v 6.142959 60.348907 -2.427589
v 4.625193 62.147308 -3.955802
v 44.220644 93.865873 -4.279786
v 44.751862 93.236433 -3.744911
v 4.625193 62.337249 -1.156298
v 4.625193 62.147308 -3.955802
v 6.142959 60.348907 -2.427589
v 44.153803 93.949912 -4.279604
v 43.707154 94.641731 -3.744468
v 87.941284 123.137704 -5.337609
v 87.558442 123.730692 -4.878922
v 87.501149 123.745743 -5.718617
v 87.558442 123.730692 -4.878922
v 87.941284 123.137704 -5.337609
v 43.707154 94.641731 -3.744468
v 43.773995 94.624172 -2.764824
v 87.883991 123.152755 -6.177305
v 87.941284 123.137704 -5.337609
v 87.501149 123.745743 -5.718617
v 87.941284 123.137704 -5.337609
v 87.883991 123.152755 -6.177305
v 43.773995 94.624172 -2.764824
v 44.287486 93.914793 -2.320315
v 87.443856 123.760794 -6.558312
v 87.883991 123.152755 -6.177305
v 87.501149 123.745743 -5.718617
v 87.883991 123.152755 -6.177305
v 87.443856 123.760794 -6.558312
v 44.287486 93.914793 -2.320315
v 44.734134 93.222973 -2.855450
v 87.061015 124.353782 -6.099625
v 87.443856 123.760794 -6.558312
v 87.501149 123.745743 -5.718617
v 87.443856 123.760794 -6.558312
v 87.061015 124.353782 -6.099625
v 44.734134 93.222973 -2.855450
v 44.667293 93.240533 -3.835095
v 87.118308 124.338731 -5.259930
v 87.061015 124.353782 -6.099625
v 87.501149 123.745743 -5.718617
v 87.061015 124.353782 -6.099625
v 87.118308 124.338731 -5.259930
v 44.667293 93.240533 -3.835095
v 44.153803 93.949912 -4.279604
v 87.558442 123.730692 -4.878922
v 87.118308 124.338731 -5.259930
v 87.501149 123.745743 -5.718617
v 87.118308 124.338731 -5.259930
v 87.558442 123.730692 -4.878922
v 10.238651 90.782448 -4.754033
v 8.873970 93.370819 -5.094992
v 40.198651 107.320130 -16.303818
v 40.676289 106.414200 -16.184482
v 10.238651 92.747903 -2.559663
v 8.873970 93.370819 -5.094992
v 10.238651 90.782448 -4.754033
v 8.873970 93.370819 -5.094992
v 8.873970 95.336274 -2.900622
v 40.198651 108.008039 -15.535789
v 40.198651 107.320130 -16.303818
v 10.238651 92.747903 -2.559663
v 8.873970 95.336274 -2.900622
v 8.873970 93.370819 -5.094992
v 8.873970 95.336274 -2.900622
v 10.238651 94.713358 -0.365293
v 40.676289 107.790019 -14.648423
v 40.198651 108.008039 -15.535789
v 10.238651 92.747903 -2.559663
v 10.238651 94.713358 -0.365293
v 8.873970 95.336274 -2.900622
v 10.238651 94.713358 -0.365293
v 11.603332 92.124987 -0.024333
v 41.153928 106.884089 -14.529088
v 40.676289 107.790019 -14.648423
v 10.238651 92.747903 -2.559663
v 11.603332 92.124987 -0.024333
v 10.238651 94.713358 -0.365293
v 11.603332 92.124987 -0.024333
v 11.603332 90.159532 -2.218703
v 41.153928 106.196179 -15.297117
v 41.153928 106.884089 -14.529088
v 10.238651 92.747903 -2.559663
v 11.603332 90.159532 -2.218703
v 11.603332 92.124987 -0.024333
v 11.603332 90.159532 -2.218703
v 10.238651 90.782448 -4.754033
v 40.676289 106.414200 -16.184482
v 41.153928 106.196179 -15.297117
v 10.238651 92.747903 -2.559663
v 10.238651 90.782448 -4.754033
v 11.603332 90.159532 -2.218703
v 41.095414 106.981522 -14.482171
v 41.019160 106.175731 -15.120900
v 74.209730 115.904578 -29.811278
v 74.144369 115.213900 -30.358760
v 74.503618 115.110539 -29.557947
v 74.144369 115.213900 -30.358760
v 74.209730 115.904578 -29.811278
v 41.019160 106.175731 -15.120900
v 40.600036 106.296319 -16.055182
v 74.568979 115.801217 -29.010465
v 74.209730 115.904578 -29.811278
v 74.503618 115.110539 -29.557947
v 74.209730 115.904578 -29.811278
v 74.568979 115.801217 -29.010465
v 40.600036 106.296319 -16.055182
v 40.257165 107.222697 -16.350734
v 74.862868 115.007178 -28.757135
v 74.568979 115.801217 -29.010465
v 74.503618 115.110539 -29.557947
v 74.568979 115.801217 -29.010465
v 74.862868 115.007178 -28.757135
v 40.257165 107.222697 -16.350734
v 40.333419 108.028488 -15.712005
v 74.797507 114.316500 -29.304617
v 74.862868 115.007178 -28.757135
v 74.503618 115.110539 -29.557947
v 74.862868 115.007178 -28.757135
v 74.797507 114.316500 -29.304617
v 40.333419 108.028488 -15.712005
v 40.752543 107.907900 -14.777724
v 74.438258 114.419861 -30.105430
v 74.797507 114.316500 -29.304617
v 74.503618 115.110539 -29.557947
v 74.797507 114.316500 -29.304617
v 74.438258 114.419861 -30.105430
v 40.752543 107.907900 -14.777724
v 41.095414 106.981522 -14.482171
v 74.144369 115.213900 -30.358760
v 74.438258 114.419861 -30.105430
v 74.503618 115.110539 -29.557947
v 74.438258 114.419861 -30.105430
v 74.144369 115.213900 -30.358760
v 74.286895 106.865080 26.440234
v 86.366938 111.500697 37.025758
v 93.340513 113.008109 26.440234
v 93.340513 113.008109 26.440234
v 86.366938 111.500697 37.025758
v 94.925475 124.414497 44.525450
v 98.619762 124.414497 26.440234
v 98.619762 124.414497 26.440234
v 94.925475 124.414497 44.525450
v 90.107690 136.563216 40.303712
v 92.502594 137.964062 26.440234
v 74.286895 141.963914 26.440234
v 92.502594 137.964062 26.440234
v 90.107690 136.563216 40.303712
v 74.286895 106.865080 26.440234
v 74.286895 110.139005 41.586343
v 86.366938 111.500697 37.025758
v 86.366938 111.500697 37.025758
v 74.286895 110.139005 41.586343
v 74.286895 124.414497 47.732219
v 94.925475 124.414497 44.525450
v 94.925475 124.414497 44.525450
v 74.286895 124.414497 47.732219
v 74.286895 138.148285 41.314255
v 90.107690 136.563216 40.303712
v 74.286895 141.963914 26.440234
v 90.107690 136.563216 40.303712
v 74.286895 138.148285 41.314255
v 74.286895 106.865080 26.440234
v 57.966974 110.395387 40.741086
v 74.286895 110.139005 41.586343
v 74.286895 110.139005 41.586343
v 57.966974 110.395387 40.741086
v 57.028540 124.414497 41.563419
v 74.286895 124.414497 47.732219
v 74.286895 124.414497 47.732219
v 57.028540 124.414497 41.563419
v 58.697281 138.728592 40.101131
v 74.286895 138.148285 41.314255
v 74.286895 141.963914 26.440234
v 74.286895 138.148285 41.314255
v 58.697281 138.728592 40.101131
v 74.286895 106.865080 26.440234
v 57.090028 111.965769 26.440234
v 57.966974 110.395387 40.741086
v 57.966974 110.395387 40.741086
v 57.090028 111.965769 26.440234
v 48.629715 124.414497 26.440234
v 57.028540 124.414497 41.563419
v 57.028540 124.414497 41.563419
v 48.629715 124.414497 26.440234
v 55.942409 135.723148 26.440234
v 58.697281 138.728592 40.101131
v 74.286895 141.963914 26.440234
v 58.697281 138.728592 40.101131
v 55.942409 135.723148 26.440234
v 74.286895 106.865080 26.440234
v 60.078939 111.462030 13.990058
v 57.090028 111.965769 26.440234
v 57.090028 111.965769 26.440234
v 60.078939 111.462030 13.990058
v 52.963996 124.414497 7.755361
v 48.629715 124.414497 26.440234
v 48.629715 124.414497 26.440234
v 52.963996 124.414497 7.755361
v 58.230980 136.371916 12.370725
v 55.942409 135.723148 26.440234
v 74.286895 141.963914 26.440234
v 55.942409 135.723148 26.440234
v 58.230980 136.371916 12.370725
v 74.286895 106.865080 26.440234
v 74.286895 113.761566 9.186038
v 60.078939 111.462030 13.990058
v 60.078939 111.462030 13.990058
v 74.286895 113.761566 9.186038
v 74.286895 124.414497 5.352154
v 52.963996 124.414497 7.755361
v 52.963996 124.414497 7.755361
v 74.286895 124.414497 5.352154
v 74.286895 135.020145 8.992913
v 58.230980 136.371916 12.370725
v 74.286895 141.963914 26.440234
v 58.230980 136.371916 12.370725
v 74.286895 135.020145 8.992913
v 74.286895 106.865080 26.440234
v 88.544771 113.014656 13.946313
v 74.286895 113.761566 9.186038
v 74.286895 113.761566 9.186038
v 88.544771 113.014656 13.946313
v 95.790491 124.414497 7.597019
v 74.286895 124.414497 5.352154
v 74.286895 124.414497 5.352154
v 95.790491 124.414497 7.597019
v 86.849714 135.500367 15.431661
v 74.286895 135.020145 8.992913
v 74.286895 141.963914 26.440234
v 74.286895 135.020145 8.992913
v 86.849714 135.500367 15.431661
v 74.286895 106.865080 26.440234
v 93.340513 113.008109 26.440234
v 88.544771 113.014656 13.946313
v 88.544771 113.014656 13.946313
v 93.340513 113.008109 26.440234
v 98.619762 124.414497 26.440234
v 95.790491 124.414497 7.597019
v 95.790491 124.414497 7.597019
v 98.619762 124.414497 26.440234
v 92.502594 137.964062 26.440234
v 86.849714 135.500367 15.431661
v 74.286895 141.963914 26.440234
v 86.849714 135.500367 15.431661
v 92.502594 137.964062 26.440234
v 43.141027 85.558610 -28.266596
v 57.446510 90.594392 -17.886664
v 62.775134 89.500557 -28.266596
v 62.775134 89.500557 -28.266596
v 57.446510 90.594392 -17.886664
v 67.589971 104.871482 -10.526659
v 72.389287 104.871482 -28.266596
v 72.389287 104.871482 -28.266596
v 67.589971 104.871482 -10.526659
v 57.683934 119.302002 -17.714392
v 62.399386 116.586828 -28.266596
v 43.141027 124.184355 -28.266596
v 62.399386 116.586828 -28.266596
v 57.683934 119.302002 -17.714392
v 43.141027 85.558610 -28.266596
v 43.141027 89.430202 -11.120769
v 57.446510 90.594392 -17.886664
v 57.446510 90.594392 -17.886664
v 43.141027 89.430202 -11.120769
v 43.141027 104.871482 -7.685856
v 67.589971 104.871482 -10.526659
v 67.589971 104.871482 -10.526659
v 43.141027 104.871482 -7.685856
v 43.141027 118.534972 -10.443556
v 57.683934 119.302002 -17.714392
v 43.141027 124.184355 -28.266596
v 57.683934 119.302002 -17.714392
v 43.141027 118.534972 -10.443556
v 43.141027 85.558610 -28.266596
v 25.160720 91.331061 -15.220245
v 43.141027 89.430202 -11.120769
v 43.141027 89.430202 -11.120769
v 25.160720 91.331061 -15.220245
v 18.827215 104.871482 -10.624710
v 43.141027 104.871482 -7.685856
v 43.141027 104.871482 -7.685856
v 18.827215 104.871482 -10.624710
v 25.819290 117.954882 -15.698097
v 43.141027 118.534972 -10.443556
v 43.141027 124.184355 -28.266596
v 43.141027 118.534972 -10.443556
v 25.819290 117.954882 -15.698097
v 43.141027 85.558610 -28.266596
v 22.729749 91.688614 -28.266596
v 25.160720 91.331061 -15.220245
v 25.160720 91.331061 -15.220245
v 22.729749 91.688614 -28.266596
v 14.095695 104.871482 -28.266596
v 18.827215 104.871482 -10.624710
v 18.827215 104.871482 -10.624710
v 14.095695 104.871482 -28.266596
v 22.450171 120.620953 -28.266596
v 25.819290 117.954882 -15.698097
v 43.141027 124.184355 -28.266596
v 25.819290 117.954882 -15.698097
v 22.450171 120.620953 -28.266596
v 43.141027 85.558610 -28.266596
v 28.103991 92.903457 -39.177336
v 22.729749 91.688614 -28.266596
v 22.729749 91.688614 -28.266596
v 28.103991 92.903457 -39.177336
v 21.547479 104.871482 -43.934683
v 14.095695 104.871482 -28.266596
v 14.095695 104.871482 -28.266596
v 21.547479 104.871482 -43.934683
v 27.063978 116.522007 -39.931960
v 22.450171 120.620953 -28.266596
v 43.141027 124.184355 -28.266596
v 22.450171 120.620953 -28.266596
v 27.063978 116.522007 -39.931960
v 43.141027 85.558610 -28.266596
v 43.141027 91.409182 -43.360968
v 28.103991 92.903457 -39.177336
v 28.103991 92.903457 -39.177336
v 43.141027 91.409182 -43.360968
v 43.141027 104.871482 -54.071177
v 21.547479 104.871482 -43.934683
v 21.547479 104.871482 -43.934683
v 43.141027 104.871482 -54.071177
v 43.141027 120.043587 -43.291398
v 27.063978 116.522007 -39.931960
v 43.141027 124.184355 -28.266596
v 27.063978 116.522007 -39.931960
v 43.141027 120.043587 -43.291398
v 43.141027 85.558610 -28.266596
v 60.970993 92.871983 -41.203862
v 43.141027 91.409182 -43.360968
v 43.141027 91.409182 -43.360968
v 60.970993 92.871983 -41.203862
v 62.884550 104.871482 -42.592322
v 43.141027 104.871482 -54.071177
v 43.141027 104.871482 -54.071177
v 62.884550 104.871482 -42.592322
v 61.043451 119.934625 -41.256437
v 43.141027 120.043587 -43.291398
v 43.141027 124.184355 -28.266596
v 43.141027 120.043587 -43.291398
v 61.043451 119.934625 -41.256437
v 43.141027 85.558610 -28.266596
v 62.775134 89.500557 -28.266596
v 60.970993 92.871983 -41.203862
v 60.970993 92.871983 -41.203862
v 62.775134 89.500557 -28.266596
v 72.389287 104.871482 -28.266596
v 62.884550 104.871482 -42.592322
v 62.884550 104.871482 -42.592322
v 72.389287 104.871482 -28.266596
v 62.399386 116.586828 -28.266596
v 61.043451 119.934625 -41.256437
v 43.141027 124.184355 -28.266596
v 61.043451 119.934625 -41.256437
v 62.399386 116.586828 -28.266596
v 77.256977 111.314624 -34.697842
v 89.646780 114.311577 -23.656918
v 91.973687 117.007051 -34.697842
v 91.973687 117.007051 -34.697842
v 89.646780 114.311577 -23.656918
v 91.412551 125.658698 -22.083386
v 98.307644 125.658698 -34.697842
v 98.307644 125.658698 -34.697842
v 91.412551 125.658698 -22.083386
v 90.382796 137.346717 -23.001032
v 94.651734 136.438387 -34.697842
v 77.256977 140.002772 -34.697842
v 94.651734 136.438387 -34.697842
v 90.382796 137.346717 -23.001032
v 77.256977 111.314624 -34.697842
v 77.256977 116.235061 -22.000468
v 89.646780 114.311577 -23.656918
v 89.646780 114.311577 -23.656918
v 77.256977 116.235061 -22.000468
v 77.256977 125.658698 -15.423405
v 91.412551 125.658698 -22.083386
v 91.412551 125.658698 -22.083386
v 77.256977 125.658698 -15.423405
v 77.256977 135.478802 -21.353231
v 90.382796 137.346717 -23.001032
v 77.256977 140.002772 -34.697842
v 90.382796 137.346717 -23.001032
v 77.256977 135.478802 -21.353231
v 77.256977 111.314624 -34.697842
v 65.310846 115.238297 -24.052287
v 77.256977 116.235061 -22.000468
v 77.256977 116.235061 -22.000468
v 65.310846 115.238297 -24.052287
v 58.858040 125.658698 -18.301999
v 77.256977 125.658698 -15.423405
v 77.256977 125.658698 -15.423405
v 58.858040 125.658698 -18.301999
v 64.245796 137.174881 -23.103189
v 77.256977 135.478802 -21.353231
v 77.256977 140.002772 -34.697842
v 77.256977 135.478802 -21.353231
v 64.245796 137.174881 -23.103189
v 77.256977 111.314624 -34.697842
v 62.576663 115.467595 -34.697842
v 65.310846 115.238297 -24.052287
v 65.310846 115.238297 -24.052287
v 62.576663 115.467595 -34.697842
v 53.589263 125.658698 -34.697842
v 58.858040 125.658698 -18.301999
v 58.858040 125.658698 -18.301999
v 53.589263 125.658698 -34.697842
v 58.779484 134.348056 -34.697842
v 64.245796 137.174881 -23.103189
v 77.256977 140.002772 -34.697842
v 64.245796 137.174881 -23.103189
v 58.779484 134.348056 -34.697842
v 77.256977 111.314624 -34.697842
v 67.299989 116.298862 -43.570812
v 62.576663 115.467595 -34.697842
v 62.576663 115.467595 -34.697842
v 67.299989 116.298862 -43.570812
v 58.539101 125.658698 -51.377902
v 53.589263 125.658698 -34.697842
v 53.589263 125.658698 -34.697842
v 58.539101 125.658698 -51.377902
v 65.016450 134.280620 -45.605742
v 58.779484 134.348056 -34.697842
v 77.256977 140.002772 -34.697842
v 58.779484 134.348056 -34.697842
v 65.016450 134.280620 -45.605742
v 77.256977 111.314624 -34.697842
v 77.256977 116.214399 -47.072408
v 67.299989 116.298862 -43.570812
v 67.299989 116.298862 -43.570812
v 77.256977 116.214399 -47.072408
v 77.256977 125.658698 -54.196252
v 58.539101 125.658698 -51.377902
v 58.539101 125.658698 -51.377902
v 77.256977 125.658698 -54.196252
v 77.256977 135.631093 -48.782614
v 65.016450 134.280620 -45.605742
v 77.256977 140.002772 -34.697842
v 65.016450 134.280620 -45.605742
v 77.256977 135.631093 -48.782614
v 77.256977 111.314624 -34.697842
v 89.396816 114.235015 -45.516015
v 77.256977 116.214399 -47.072408
v 77.256977 116.214399 -47.072408
v 89.396816 114.235015 -45.516015
v 94.083963 125.658698 -49.692872
v 77.256977 125.658698 -54.196252
v 77.256977 125.658698 -54.196252
v 94.083963 125.658698 -49.692872
v 89.890679 134.562722 -45.956111
v 77.256977 135.631093 -48.782614
v 77.256977 140.002772 -34.697842
v 77.256977 135.631093 -48.782614
v 89.890679 134.562722 -45.956111
v 77.256977 111.314624 -34.697842
v 91.973687 117.007051 -34.697842
v 89.396816 114.235015 -45.516015
v 89.396816 114.235015 -45.516015
v 91.973687 117.007051 -34.697842
v 98.307644 125.658698 -34.697842
v 94.083963 125.658698 -49.692872
v 94.083963 125.658698 -49.692872
v 98.307644 125.658698 -34.697842
v 94.651734 136.438387 -34.697842
v 89.890679 134.562722 -45.956111
v 77.256977 140.002772 -34.697842
v 89.890679 134.562722 -45.956111
v 94.651734 136.438387 -34.697842
v 51.809312 103.549819 25.522654
v 64.407227 107.622979 34.991078
v 73.381572 108.995901 25.522654
v 73.381572 108.995901 25.522654
v 64.407227 107.622979 34.991078
v 74.439641 120.798246 42.531306
v 83.640602 120.798246 25.522654
v 83.640602 120.798246 25.522654
v 74.439641 120.798246 42.531306
v 64.738128 134.603240 35.239779
v 71.767484 132.680142 25.522654
v 51.809312 138.046673 25.522654
v 71.767484 132.680142 25.522654
v 64.738128 134.603240 35.239779
v 51.809312 103.549819 25.522654
v 51.809312 108.681332 40.651685
v 64.407227 107.622979 34.991078
v 64.407227 107.622979 34.991078
v 51.809312 108.681332 40.651685
v 51.809312 120.798246 49.251190
v 74.439641 120.798246 42.531306
v 74.439641 120.798246 42.531306
v 51.809312 120.798246 49.251190
v 51.809312 131.625036 42.426408
v 64.738128 134.603240 35.239779
v 51.809312 138.046673 25.522654
v 64.738128 134.603240 35.239779
v 51.809312 131.625036 42.426408
v 51.809312 103.549819 25.522654
v 37.265251 109.675385 36.453775
v 51.809312 108.681332 40.651685
v 51.809312 108.681332 40.651685
v 37.265251 109.675385 36.453775
v 30.436395 120.798246 41.586252
v 51.809312 120.798246 49.251190
v 51.809312 120.798246 49.251190
v 30.436395 120.798246 41.586252
v 36.411167 132.620225 37.095693
v 51.809312 131.625036 42.426408
v 51.809312 138.046673 25.522654
v 51.809312 131.625036 42.426408
v 36.411167 132.620225 37.095693
v 51.809312 103.549819 25.522654
v 34.824008 107.065487 25.522654
v 37.265251 109.675385 36.453775
v 37.265251 109.675385 36.453775
v 34.824008 107.065487 25.522654
v 22.090754 120.798246 25.522654
v 30.436395 120.798246 41.586252
v 30.436395 120.798246 41.586252
v 22.090754 120.798246 25.522654
v 30.392968 133.961844 25.522654
v 36.411167 132.620225 37.095693
v 51.809312 138.046673 25.522654
v 36.411167 132.620225 37.095693
v 30.392968 133.961844 25.522654
v 51.809312 103.549819 25.522654
v 36.813002 107.441392 14.251628
v 34.824008 107.065487 25.522654
v 34.824008 107.065487 25.522654
v 36.813002 107.441392 14.251628
v 35.061122 120.798246 12.934939
v 22.090754 120.798246 25.522654
v 22.090754 120.798246 25.522654
v 35.061122 120.798246 12.934939
v 36.047475 131.527558 13.676268
v 30.392968 133.961844 25.522654
v 51.809312 138.046673 25.522654
v 30.392968 133.961844 25.522654
v 36.047475 131.527558 13.676268
v 51.809312 103.549819 25.522654
v 51.809312 109.460687 12.263362
v 36.813002 107.441392 14.251628
v 36.813002 107.441392 14.251628
v 51.809312 109.460687 12.263362
v 51.809312 120.798246 6.116386
v 35.061122 120.798246 12.934939
v 35.061122 120.798246 12.934939
v 51.809312 120.798246 6.116386
v 51.809312 132.765783 10.756351
v 36.047475 131.527558 13.676268
v 51.809312 138.046673 25.522654
v 36.047475 131.527558 13.676268
v 51.809312 132.765783 10.756351
v 51.809312 103.549819 25.522654
v 65.011697 110.002466 15.599918
v 51.809312 109.460687 12.263362
v 51.809312 109.460687 12.263362
v 65.011697 110.002466 15.599918
v 74.132713 120.798246 8.744685
v 51.809312 120.798246 6.116386
v 51.809312 120.798246 6.116386
v 74.132713 120.798246 8.744685
v 63.966503 132.427126 16.385472
v 51.809312 132.765783 10.756351
v 51.809312 138.046673 25.522654
v 51.809312 132.765783 10.756351
v 63.966503 132.427126 16.385472
v 51.809312 103.549819 25.522654
v 73.381572 108.995901 25.522654
v 65.011697 110.002466 15.599918
v 65.011697 110.002466 15.599918
v 73.381572 108.995901 25.522654
v 83.640602 120.798246 25.522654
v 74.132713 120.798246 8.744685
v 74.132713 120.798246 8.744685
v 83.640602 120.798246 25.522654
v 71.767484 132.680142 25.522654
v 63.966503 132.427126 16.385472
v 51.809312 138.046673 25.522654
v 63.966503 132.427126 16.385472
v 71.767484 132.680142 25.522654
v 66.924930 90.549351 43.323905
v 81.904562 95.378775 58.607515
v 86.015404 95.717537 43.323905
v 86.015404 95.717537 43.323905
v 81.904562 95.378775 58.607515
v 89.104766 107.920075 65.953832
v 95.522156 107.920075 43.323905
v 95.522156 107.920075 43.323905
v 89.104766 107.920075 65.953832
v 79.548778 118.722743 56.203926
v 88.184481 119.815610 43.323905
v 66.924930 125.290798 43.323905
v 88.184481 119.815610 43.323905
v 79.548778 118.722743 56.203926
v 66.924930 90.549351 43.323905
v 66.924930 93.706252 63.113563
v 81.904562 95.378775 58.607515
v 81.904562 95.378775 58.607515
v 66.924930 93.706252 63.113563
v 66.924930 107.920075 69.387921
v 89.104766 107.920075 65.953832
v 89.104766 107.920075 65.953832
v 66.924930 107.920075 69.387921
v 66.924930 119.047551 62.159649
v 79.548778 118.722743 56.203926
v 66.924930 125.290798 43.323905
v 79.548778 118.722743 56.203926
v 66.924930 119.047551 62.159649
v 66.924930 90.549351 43.323905
v 52.163274 96.420866 58.385116
v 66.924930 93.706252 63.113563
v 66.924930 93.706252 63.113563
v 52.163274 96.420866 58.385116
v 46.428901 107.920075 64.235856
v 66.924930 107.920075 69.387921
v 66.924930 107.920075 69.387921
v 46.428901 107.920075 64.235856
v 55.031679 121.994319 55.458502
v 66.924930 119.047551 62.159649
v 66.924930 125.290798 43.323905
v 66.924930 119.047551 62.159649
v 55.031679 121.994319 55.458502
v 66.924930 90.549351 43.323905
v 49.823502 94.671613 43.323905
v 52.163274 96.420866 58.385116
v 52.163274 96.420866 58.385116
v 49.823502 94.671613 43.323905
v 34.862279 107.920075 43.323905
v 46.428901 107.920075 64.235856
v 46.428901 107.920075 64.235856
v 34.862279 107.920075 43.323905
v 45.271092 119.442299 43.323905
v 55.031679 121.994319 55.458502
v 66.924930 125.290798 43.323905
v 55.031679 121.994319 55.458502
v 45.271092 119.442299 43.323905
v 66.924930 90.549351 43.323905
v 51.252698 94.118954 27.333640
v 49.823502 94.671613 43.323905
v 49.823502 94.671613 43.323905
v 51.252698 94.118954 27.333640
v 47.820281 107.920075 23.831569
v 34.862279 107.920075 43.323905
v 34.862279 107.920075 43.323905
v 47.820281 107.920075 23.831569
v 51.310445 119.222248 27.392558
v 45.271092 119.442299 43.323905
v 66.924930 125.290798 43.323905
v 45.271092 119.442299 43.323905
v 51.310445 119.222248 27.392558
v 66.924930 90.549351 43.323905
v 66.924930 94.820298 21.254333
v 51.252698 94.118954 27.333640
v 51.252698 94.118954 27.333640
v 66.924930 94.820298 21.254333
v 66.924930 107.920075 17.422932
v 47.820281 107.920075 23.831569
v 47.820281 107.920075 23.831569
v 66.924930 107.920075 17.422932
v 66.924930 118.364505 23.899715
v 51.310445 119.222248 27.392558
v 66.924930 125.290798 43.323905
v 51.310445 119.222248 27.392558
v 66.924930 118.364505 23.899715
v 66.924930 90.549351 43.323905
v 79.497160 95.559728 30.496549
v 66.924930 94.820298 21.254333
v 66.924930 94.820298 21.254333
v 79.497160 95.559728 30.496549
v 84.671255 107.920075 25.217457
v 66.924930 107.920075 17.422932
v 66.924930 107.920075 17.422932
v 84.671255 107.920075 25.217457
v 82.614666 119.680912 27.315780
v 66.924930 118.364505 23.899715
v 66.924930 125.290798 43.323905
v 66.924930 118.364505 23.899715
v 82.614666 119.680912 27.315780
v 66.924930 90.549351 43.323905
v 86.015404 95.717537 43.323905
v 79.497160 95.559728 30.496549
v 79.497160 95.559728 30.496549
v 86.015404 95.717537 43.323905
v 95.522156 107.920075 43.323905
v 84.671255 107.920075 25.217457
v 84.671255 107.920075 25.217457
v 95.522156 107.920075 43.323905
v 88.184481 119.815610 43.323905
v 82.614666 119.680912 27.315780
v 66.924930 125.290798 43.323905
v 82.614666 119.680912 27.315780
v 88.184481 119.815610 43.323905
v 62.255064 91.708390 -20.845061
v 73.328433 96.130391 -11.059839
v 78.781309 94.752611 -20.845061
v 78.781309 94.752611 -20.845061
v 73.328433 96.130391 -11.059839
v 81.065188 107.811038 -4.223087
v 86.689847 107.811038 -20.845061
v 86.689847 107.811038 -20.845061
v 81.065188 107.811038 -4.223087
v 76.023965 117.785102 -8.677873
v 78.835990 119.695963 -20.845061
v 62.255064 123.913687 -20.845061
v 78.835990 119.695963 -20.845061
v 76.023965 117.785102 -8.677873
v 62.255064 91.708390 -20.845061
v 62.255064 94.763247 -2.862490
v 73.328433 96.130391 -11.059839
v 73.328433 96.130391 -11.059839
v 62.255064 94.763247 -2.862490
v 62.255064 107.811038 0.060629
v 81.065188 107.811038 -4.223087
v 81.065188 107.811038 -4.223087
v 62.255064 107.811038 0.060629
v 62.255064 120.920698 -5.271017
v 76.023965 117.785102 -8.677873
v 62.255064 123.913687 -20.845061
v 76.023965 117.785102 -8.677873
v 62.255064 120.920698 -5.271017
v 62.255064 91.708390 -20.845061
v 50.686961 95.892383 -10.622656
v 62.255064 94.763247 -2.862490
v 62.255064 94.763247 -2.862490
v 50.686961 95.892383 -10.622656
v 42.418670 107.811038 -3.316203
v 62.255064 107.811038 0.060629
v 62.255064 107.811038 0.060629
v 42.418670 107.811038 -3.316203
v 50.114680 120.921273 -10.116949
v 62.255064 120.920698 -5.271017
v 62.255064 123.913687 -20.845061
v 62.255064 120.920698 -5.271017
v 50.114680 120.921273 -10.116949
v 62.255064 91.708390 -20.845061
v 43.161779 95.879668 -20.845061
v 50.686961 95.892383 -10.622656
v 50.686961 95.892383 -10.622656
v 43.161779 95.879668 -20.845061
v 35.354040 107.811038 -20.845061
v 42.418670 107.811038 -3.316203
v 42.418670 107.811038 -3.316203
v 35.354040 107.811038 -20.845061
v 46.155734 120.573282 -20.845061
v 50.114680 120.921273 -10.116949
v 62.255064 123.913687 -20.845061
v 50.114680 120.921273 -10.116949
v 46.155734 120.573282 -20.845061
v 62.255064 91.708390 -20.845061
v 49.544534 96.149709 -32.076995
v 43.161779 95.879668 -20.845061
v 43.161779 95.879668 -20.845061
v 49.544534 96.149709 -32.076995
v 45.291784 107.811038 -35.835030
v 35.354040 107.811038 -20.845061
v 35.354040 107.811038 -20.845061
v 45.291784 107.811038 -35.835030
v 51.084764 120.768201 -30.715938
v 46.155734 120.573282 -20.845061
v 62.255064 123.913687 -20.845061
v 46.155734 120.573282 -20.845061
v 51.084764 120.768201 -30.715938
v 62.255064 91.708390 -20.845061
v 62.255064 97.658582 -37.999171
v 49.544534 96.149709 -32.076995
v 49.544534 96.149709 -32.076995
v 62.255064 97.658582 -37.999171
v 62.255064 107.811038 -41.454251
v 45.291784 107.811038 -35.835030
v 45.291784 107.811038 -35.835030
v 62.255064 107.811038 -41.454251
v 62.255064 118.984345 -36.013397
v 51.084764 120.768201 -30.715938
v 62.255064 123.913687 -20.845061
v 51.084764 120.768201 -30.715938
v 62.255064 118.984345 -36.013397
v 62.255064 91.708390 -20.845061
v 76.099528 97.325741 -33.079022
v 62.255064 97.658582 -37.999171
v 62.255064 97.658582 -37.999171
v 76.099528 97.325741 -33.079022
v 83.526241 107.811038 -39.641797
v 62.255064 107.811038 -41.454251
v 62.255064 107.811038 -41.454251
v 83.526241 107.811038 -39.641797
v 76.957425 120.597631 -33.837121
v 62.255064 118.984345 -36.013397
v 62.255064 123.913687 -20.845061
v 62.255064 118.984345 -36.013397
v 76.957425 120.597631 -33.837121
v 62.255064 91.708390 -20.845061
v 78.781309 94.752611 -20.845061
v 76.099528 97.325741 -33.079022
v 76.099528 97.325741 -33.079022
v 78.781309 94.752611 -20.845061
v 86.689847 107.811038 -20.845061
v 83.526241 107.811038 -39.641797
v 83.526241 107.811038 -39.641797
v 86.689847 107.811038 -20.845061
v 78.835990 119.695963 -20.845061
v 76.957425 120.597631 -33.837121
v 62.255064 123.913687 -20.845061
v 76.957425 120.597631 -33.837121
v 78.835990 119.695963 -20.845061
v 97.626786 113.576783 -10.772165
v 107.739411 116.664520 -0.509331
v 111.263088 119.245786 -10.772165
v 111.263088 119.245786 -10.772165
v 107.739411 116.664520 -0.509331
v 115.783835 127.739326 7.654582
v 118.699614 127.739326 -10.772165
v 118.699614 127.739326 -10.772165
v 115.783835 127.739326 7.654582
v 110.544163 138.438632 2.337081
v 112.736645 139.062134 -10.772165
v 97.626786 141.901870 -10.772165
v 112.736645 139.062134 -10.772165
v 110.544163 138.438632 2.337081
v 97.626786 113.576783 -10.772165
v 97.626786 116.219459 3.699544
v 107.739411 116.664520 -0.509331
v 107.739411 116.664520 -0.509331
v 97.626786 116.219459 3.699544
v 97.626786 127.739326 9.934218
v 115.783835 127.739326 7.654582
v 115.783835 127.739326 7.654582
v 97.626786 127.739326 9.934218
v 97.626786 138.772887 6.743621
v 110.544163 138.438632 2.337081
v 97.626786 141.901870 -10.772165
v 110.544163 138.438632 2.337081
v 97.626786 138.772887 6.743621
v 97.626786 113.576783 -10.772165
v 87.316564 117.359736 -0.308799
v 97.626786 116.219459 3.699544
v 97.626786 116.219459 3.699544
v 87.316564 117.359736 -0.308799
v 79.741975 127.739326 7.378300
v 97.626786 127.739326 9.934218
v 97.626786 127.739326 9.934218
v 79.741975 127.739326 7.378300
v 88.009224 138.633956 -1.011747
v 97.626786 138.772887 6.743621
v 97.626786 141.901870 -10.772165
v 97.626786 138.772887 6.743621
v 88.009224 138.633956 -1.011747
v 97.626786 113.576783 -10.772165
v 79.613827 117.467520 -10.772165
v 87.316564 117.359736 -0.308799
v 87.316564 117.359736 -0.308799
v 79.613827 117.467520 -10.772165
v 71.852438 127.739326 -10.772165
v 79.741975 127.739326 7.378300
v 79.741975 127.739326 7.378300
v 71.852438 127.739326 -10.772165
v 81.856221 137.017517 -10.772165
v 88.009224 138.633956 -1.011747
v 97.626786 141.901870 -10.772165
v 88.009224 138.633956 -1.011747
v 81.856221 137.017517 -10.772165
v 97.626786 113.576783 -10.772165
v 86.790142 116.611303 -21.769772
v 79.613827 117.467520 -10.772165
v 79.613827 117.467520 -10.772165
v 86.790142 116.611303 -21.769772
v 81.111003 127.739326 -27.533267
v 71.852438 127.739326 -10.772165
v 71.852438 127.739326 -10.772165
v 81.111003 127.739326 -27.533267
v 86.128194 138.349953 -22.441553
v 81.856221 137.017517 -10.772165
v 97.626786 141.901870 -10.772165
v 81.856221 137.017517 -10.772165
v 86.128194 138.349953 -22.441553
v 97.626786 113.576783 -10.772165
v 97.626786 117.925640 -27.971256
v 86.790142 116.611303 -21.769772
v 86.790142 116.611303 -21.769772
v 97.626786 117.925640 -27.971256
v 97.626786 127.739326 -31.051976
v 81.111003 127.739326 -27.533267
v 81.111003 127.739326 -27.533267
v 97.626786 127.739326 -31.051976
v 97.626786 136.342977 -25.494985
v 86.128194 138.349953 -22.441553
v 97.626786 141.901870 -10.772165
v 86.128194 138.349953 -22.441553
v 97.626786 136.342977 -25.494985
v 97.626786 113.576783 -10.772165
v 107.254752 119.129497 -20.543140
v 97.626786 117.925640 -27.971256
v 97.626786 117.925640 -27.971256
v 107.254752 119.129497 -20.543140
v 113.579803 127.739326 -26.962141
v 97.626786 127.739326 -31.051976
v 97.626786 127.739326 -31.051976
v 113.579803 127.739326 -26.962141
v 109.052899 138.299443 -22.367996
v 97.626786 136.342977 -25.494985
v 97.626786 141.901870 -10.772165
v 97.626786 136.342977 -25.494985
v 109.052899 138.299443 -22.367996
v 97.626786 113.576783 -10.772165
v 111.263088 119.245786 -10.772165
v 107.254752 119.129497 -20.543140
v 107.254752 119.129497 -20.543140
v 111.263088 119.245786 -10.772165
v 118.699614 127.739326 -10.772165
v 113.579803 127.739326 -26.962141
v 113.579803 127.739326 -26.962141
v 118.699614 127.739326 -10.772165
v 112.736645 139.062134 -10.772165
v 109.052899 138.299443 -22.367996
v 97.626786 141.901870 -10.772165
v 109.052899 138.299443 -22.367996
v 112.736645 139.062134 -10.772165
v 87.501149 109.454580 -5.718617
v 101.066569 113.884966 4.923343
v 109.170414 112.955053 -5.718617
v 109.170414 112.955053 -5.718617
v 101.066569 113.884966 4.923343
v 105.884789 126.267713 8.703196
v 114.340186 126.267713 -5.718617
v 114.340186 126.267713 -5.718617
v 105.884789 126.267713 8.703196
v 100.458879 138.746698 4.446615
v 107.068517 138.572823 -5.718617
v 87.501149 143.080845 -5.718617
v 107.068517 138.572823 -5.718617
v 100.458879 138.746698 4.446615
v 87.501149 109.454580 -5.718617
v 87.501149 113.124981 10.786266
v 101.066569 113.884966 4.923343
v 101.066569 113.884966 4.923343
v 87.501149 113.124981 10.786266
v 87.501149 126.267713 14.349839
v 105.884789 126.267713 8.703196
v 105.884789 126.267713 8.703196
v 87.501149 126.267713 14.349839
v 87.501149 139.174241 10.722638
v 100.458879 138.746698 4.446615
v 87.501149 143.080845 -5.718617
v 100.458879 138.746698 4.446615
v 87.501149 139.174241 10.722638
v 87.501149 109.454580 -5.718617
v 74.100187 114.032978 4.794327
v 87.501149 113.124981 10.786266
v 87.501149 113.124981 10.786266
v 74.100187 114.032978 4.794327
v 70.652176 126.267713 7.499263
v 87.501149 126.267713 14.349839
v 87.501149 126.267713 14.349839
v 70.652176 126.267713 7.499263
v 75.038169 137.550364 4.058488
v 87.501149 139.174241 10.722638
v 87.501149 143.080845 -5.718617
v 87.501149 139.174241 10.722638
v 75.038169 137.550364 4.058488
v 87.501149 109.454580 -5.718617
v 65.717335 113.869740 -5.718617
v 74.100187 114.032978 4.794327
v 74.100187 114.032978 4.794327
v 65.717335 113.869740 -5.718617
v 56.821576 126.267713 -5.718617
v 70.652176 126.267713 7.499263
v 70.652176 126.267713 7.499263
v 56.821576 126.267713 -5.718617
v 69.925102 136.752181 -5.718617
v 75.038169 137.550364 4.058488
v 87.501149 143.080845 -5.718617
v 75.038169 137.550364 4.058488
v 69.925102 136.752181 -5.718617
v 87.501149 109.454580 -5.718617
v 73.193267 115.496279 -16.943033
v 65.717335 113.869740 -5.718617
v 65.717335 113.869740 -5.718617
v 73.193267 115.496279 -16.943033
v 70.053066 126.267713 -19.406494
v 56.821576 126.267713 -5.718617
v 56.821576 126.267713 -5.718617
v 70.053066 126.267713 -19.406494
v 72.505961 137.644418 -17.482218
v 69.925102 136.752181 -5.718617
v 87.501149 143.080845 -5.718617
v 69.925102 136.752181 -5.718617
v 72.505961 137.644418 -17.482218
v 87.501149 109.454580 -5.718617
v 87.501149 112.999571 -20.819620
v 73.193267 115.496279 -16.943033
v 73.193267 115.496279 -16.943033
v 87.501149 112.999571 -20.819620
v 87.501149 126.267713 -30.394250
v 70.053066 126.267713 -19.406494
v 70.053066 126.267713 -19.406494
v 87.501149 126.267713 -30.394250
v 87.501149 139.735018 -21.158487
v 72.505961 137.644418 -17.482218
v 87.501149 143.080845 -5.718617
v 72.505961 137.644418 -17.482218
v 87.501149 139.735018 -21.158487
v 87.501149 109.454580 -5.718617
v 99.257668 115.395278 -14.941509
v 87.501149 112.999571 -20.819620
v 87.501149 112.999571 -20.819620
v 99.257668 115.395278 -14.941509
v 106.254579 126.267713 -20.430528
v 87.501149 126.267713 -30.394250
v 87.501149 126.267713 -30.394250
v 106.254579 126.267713 -20.430528
v 100.272631 138.532907 -15.737739
v 87.501149 139.735018 -21.158487
v 87.501149 143.080845 -5.718617
v 87.501149 139.735018 -21.158487
v 100.272631 138.532907 -15.737739
v 87.501149 109.454580 -5.718617
v 109.170414 112.955053 -5.718617
v 99.257668 115.395278 -14.941509
v 99.257668 115.395278 -14.941509
v 109.170414 112.955053 -5.718617
v 114.340186 126.267713 -5.718617
v 106.254579 126.267713 -20.430528
v 106.254579 126.267713 -20.430528
v 114.340186 126.267713 -5.718617
v 107.068517 138.572823 -5.718617
v 100.272631 138.532907 -15.737739
v 87.501149 143.080845 -5.718617
v 100.272631 138.532907 -15.737739
v 107.068517 138.572823 -5.718617
v 74.503618 100.204879 -29.557947
v 89.128452 106.468641 -17.509676
v 94.619348 106.965876 -29.557947
v 94.619348 106.965876 -29.557947
v 89.128452 106.468641 -17.509676
v 93.729518 117.740950 -13.719212
v 105.876531 117.740950 -29.557947
v 105.876531 117.740950 -29.557947
v 93.729518 117.740950 -13.719212
v 87.958413 128.360435 -18.473581
v 92.336511 131.183187 -29.557947
v 74.503618 135.277020 -29.557947
v 92.336511 131.183187 -29.557947
v 87.958413 128.360435 -18.473581
v 74.503618 100.204879 -29.557947
v 74.503618 105.557189 -13.707925
v 89.128452 106.468641 -17.509676
v 89.128452 106.468641 -17.509676
v 74.503618 105.557189 -13.707925
v 74.503618 117.740950 -6.305590
v 93.729518 117.740950 -13.719212
v 93.729518 117.740950 -13.719212
v 74.503618 117.740950 -6.305590
v 74.503618 128.262480 -13.032958
v 87.958413 128.360435 -18.473581
v 74.503618 135.277020 -29.557947
v 87.958413 128.360435 -18.473581
v 74.503618 128.262480 -13.032958
v 74.503618 100.204879 -29.557947
v 59.762924 105.319604 -17.414227
v 74.503618 105.557189 -13.707925
v 74.503618 105.557189 -13.707925
v 59.762924 105.319604 -17.414227
v 52.379748 117.740950 -11.331798
v 74.503618 117.740950 -6.305590
v 74.503618 117.740950 -6.305590
v 52.379748 117.740950 -11.331798
v 59.100820 129.345649 -16.868770
v 74.503618 128.262480 -13.032958
v 74.503618 135.277020 -29.557947
v 74.503618 128.262480 -13.032958
v 59.100820 129.345649 -16.868770
v 74.503618 100.204879 -29.557947
v 51.882187 105.769631 -29.557947
v 59.762924 105.319604 -17.414227
v 59.762924 105.319604 -17.414227
v 51.882187 105.769631 -29.557947
v 49.740930 117.740950 -29.557947
v 52.379748 117.740950 -11.331798
v 52.379748 117.740950 -11.331798
v 49.740930 117.740950 -29.557947
v 57.627268 130.029703 -29.557947
v 59.100820 129.345649 -16.868770
v 74.503618 135.277020 -29.557947
v 59.100820 129.345649 -16.868770
v 57.627268 130.029703 -29.557947
v 74.503618 100.204879 -29.557947
v 60.131270 104.404254 -41.398216
v 51.882187 105.769631 -29.557947
v 51.882187 105.769631 -29.557947
v 60.131270 104.404254 -41.398216
v 57.354383 117.740950 -43.685879
v 49.740930 117.740950 -29.557947
v 49.740930 117.740950 -29.557947
v 57.354383 117.740950 -43.685879
v 59.327675 130.801883 -42.060236
v 57.627268 130.029703 -29.557947
v 74.503618 135.277020 -29.557947
v 57.627268 130.029703 -29.557947
v 59.327675 130.801883 -42.060236
v 74.503618 100.204879 -29.557947
v 74.503618 106.131290 -47.717593
v 60.131270 104.404254 -41.398216
v 60.131270 104.404254 -41.398216
v 74.503618 106.131290 -47.717593
v 74.503618 117.740950 -55.394409
v 57.354383 117.740950 -43.685879
v 57.354383 117.740950 -43.685879
v 74.503618 117.740950 -55.394409
v 74.503618 131.228612 -44.540458
v 59.327675 130.801883 -42.060236
v 74.503618 135.277020 -29.557947
v 59.327675 130.801883 -42.060236
v 74.503618 131.228612 -44.540458
v 74.503618 100.204879 -29.557947
v 90.493846 106.474605 -42.731062
v 74.503618 106.131290 -47.717593
v 74.503618 106.131290 -47.717593
v 90.493846 106.474605 -42.731062
v 94.170874 117.740950 -45.760281
v 74.503618 117.740950 -55.394409
v 74.503618 117.740950 -55.394409
v 94.170874 117.740950 -45.760281
v 87.123309 128.650112 -39.954336
v 74.503618 131.228612 -44.540458
v 74.503618 135.277020 -29.557947
v 74.503618 131.228612 -44.540458
v 87.123309 128.650112 -39.954336
v 74.503618 100.204879 -29.557947
v 94.619348 106.965876 -29.557947
v 90.493846 106.474605 -42.731062
v 90.493846 106.474605 -42.731062
v 94.619348 106.965876 -29.557947
v 105.876531 117.740950 -29.557947
v 94.170874 117.740950 -45.760281
v 94.170874 117.740950 -45.760281
v 105.876531 117.740950 -29.557947
v 92.336511 131.183187 -29.557947
v 87.123309 128.650112 -39.954336
v 74.503618 135.277020 -29.557947
v 87.123309 128.650112 -39.954336
v 92.336511 131.183187 -29.557947
v 17.750400 107.712212 -4.437600
v 32.540618 111.065900 9.347926
v 37.076794 114.331205 -4.437600
v 37.076794 114.331205 -4.437600
v 32.540618 111.065900 9.347926
v 36.367841 124.662551 12.915168
v 48.306678 124.662551 -4.437600
v 48.306678 124.662551 -4.437600
v 36.367841 124.662551 12.915168
v 32.776359 135.892033 9.567654
v 34.605827 135.060297 -4.437600
v 17.750400 141.612889 -4.437600
v 34.605827 135.060297 -4.437600
v 32.776359 135.892033 9.567654
v 17.750400 107.712212 -4.437600
v 17.750400 111.643978 12.472236
v 32.540618 111.065900 9.347926
v 32.540618 111.065900 9.347926
v 17.750400 111.643978 12.472236
v 17.750400 124.662551 20.785743
v 36.367841 124.662551 12.915168
v 36.367841 124.662551 12.915168
v 17.750400 124.662551 20.785743
v 17.750400 134.816159 10.826418
v 32.776359 135.892033 9.567654
v 17.750400 141.612889 -4.437600
v 32.776359 135.892033 9.567654
v 17.750400 134.816159 10.826418
v 17.750400 107.712212 -4.437600
v 5.875413 111.599586 6.630725
v 17.750400 111.643978 12.472236
v 17.750400 111.643978 12.472236
v 5.875413 111.599586 6.630725
v -1.013359 124.662551 13.051546
v 17.750400 124.662551 20.785743
v 17.750400 124.662551 20.785743
v -1.013359 124.662551 13.051546
v 5.397563 138.184721 7.076115
v 17.750400 134.816159 10.826418
v 17.750400 141.612889 -4.437600
v 17.750400 134.816159 10.826418
v 5.397563 138.184721 7.076115
v 17.750400 107.712212 -4.437600
v -3.457173 111.906830 -4.437600
v 5.875413 111.599586 6.630725
v 5.875413 111.599586 6.630725
v -3.457173 111.906830 -4.437600
v -9.650536 124.662551 -4.437600
v -1.013359 124.662551 13.051546
v -1.013359 124.662551 13.051546
v -9.650536 124.662551 -4.437600
v -1.504238 136.447241 -4.437600
v 5.397563 138.184721 7.076115
v 17.750400 141.612889 -4.437600
v 5.397563 138.184721 7.076115
v -1.504238 136.447241 -4.437600
v 17.750400 107.712212 -4.437600
v 5.953508 112.562538 -15.433136
v -3.457173 111.906830 -4.437600
v -3.457173 111.906830 -4.437600
v 5.953508 112.562538 -15.433136
v -0.167214 124.662551 -21.138080
v -9.650536 124.662551 -4.437600
v -9.650536 124.662551 -4.437600
v -0.167214 124.662551 -21.138080
v 4.597950 138.455088 -16.696611
v -1.504238 136.447241 -4.437600
v 17.750400 141.612889 -4.437600
v -1.504238 136.447241 -4.437600
v 4.597950 138.455088 -16.696611
v 17.750400 107.712212 -4.437600
v 17.750400 111.090581 -24.017729
v 5.953508 112.562538 -15.433136
v 5.953508 112.562538 -15.433136
v 17.750400 111.090581 -24.017729
v 17.750400 124.662551 -30.063703
v -0.167214 124.662551 -21.138080
v -0.167214 124.662551 -21.138080
v 17.750400 124.662551 -30.063703
v 17.750400 135.860824 -23.740413
v 4.597950 138.455088 -16.696611
v 17.750400 141.612889 -4.437600
v 4.597950 138.455088 -16.696611
v 17.750400 135.860824 -23.740413
v 17.750400 107.712212 -4.437600
v 31.587276 112.378538 -17.334545
v 17.750400 111.090581 -24.017729
v 17.750400 111.090581 -24.017729
v 31.587276 112.378538 -17.334545
v 34.034328 124.662551 -19.615370
v 17.750400 124.662551 -30.063703
v 17.750400 124.662551 -30.063703
v 34.034328 124.662551 -19.615370
v 29.836593 135.586433 -15.702784
v 17.750400 135.860824 -23.740413
v 17.750400 141.612889 -4.437600
v 17.750400 135.860824 -23.740413
v 29.836593 135.586433 -15.702784
v 17.750400 107.712212 -4.437600
v 37.076794 114.331205 -4.437600
v 31.587276 112.378538 -17.334545
v 31.587276 112.378538 -17.334545
v 37.076794 114.331205 -4.437600
v 48.306678 124.662551 -4.437600
v 34.034328 124.662551 -19.615370
v 34.034328 124.662551 -19.615370
v 48.306678 124.662551 -4.437600
v 34.605827 135.060297 -4.437600
v 29.836593 135.586433 -15.702784
v 17.750400 141.612889 -4.437600
v 29.836593 135.586433 -15.702784
v 34.605827 135.060297 -4.437600
vt 0.000000 0.000000
vt 1.000000 0.000000
vt 1.000000 1.000000
vt 0.000000 1.000000
vt 0.500000 1.000000
vt 0.000000 0.000000
vt 1.000000 0.000000
vt 0.000000 0.000000
vt 1.000000 0.000000
vt 1.000000 1.000000
vt 0.000000 1.000000
vt 0.500000 1.000000
vt 0.000000 0.000000
vt 1.000000 0.000000
vt 0.000000 0.000000
vt 1.000000 0.000000
vt 1.000000 1.000000
vt 0.000000 1.000000
vt 0.500000 1.000000
vt 0.000000 0.000000
vt 1.000000 0.000000
vt 0.000000 0.000000
vt 1.000000 0.000000
vt 1.000000 1.000000
vt 0.000000 1.000000
vt 0.500000 1.000000
vt 0.000000 0.000000
vt 1.000000 0.000000
vt 0.000000 0.000000
vt 1.000000 0.000000
vt 1.000000 1.000000
vt 0.000000 1.000000
vt 0.500000 1.000000
vt 0.000000 0.000000
vt 1.000000 0.000000
vt 0.000000 0.000000
vt 1.000000 0.000000
vt 1.000000 1.000000
vt 0.000000 1.000000
vt 0.500000 1.000000
vt 0.000000 0.000000
vt 1.000000 0.000000
vt 0.000000 0.000000
vt 1.000000 0.000000
vt 1.000000 1.000000
vt 0.000000 1.000000
vt 0.500000 1.000000
vt 0.000000 0.000000
vt 1.000000 0.000000
vt 0.000000 0.000000
vt 1.000000 0.000000
vt 1.000000 1.000000
vt 0.000000 1.000000
vt 0.500000 1.000000
vt 0.000000 0.000000
vt 1.000000 0.000000
vt 0.000000 0.000000
vt 1.000000 0.000000
vt 1.000000 1.000000
vt 0.000000 1.000000
vt 0.500000 1.000000
vt 0.000000 0.000000
vt 1.000000 0.000000
vt 0.000000 0.000000
vt 1.000000 0.000000
vt 1.000000 1.000000
vt 0.000000 1.000000
vt 0.000000 0.000000
vt 1.000000 0.000000
vt 1.000000 1.000000
vt 0.000000 1.000000
vt 0.000000 0.000000
vt 1.000000 0.000000
vt 1.000000 1.000000
vt 0.000000 1.000000
vt 0.000000 0.000000
vt 1.000000 0.000000
vt 1.000000 1.000000
vt 0.000000 1.000000
vt 0.000000 0.000000
vt 1.000000 0.000000
vt 1.000000 1.000000
vt 0.000000 1.000000
vt 0.000000 0.000000
vt 1.000000 0.000000
vt 1.000000 1.000000
vt 0.000000 1.000000
vt 0.000000 0.000000
vt 1.000000 0.000000
vt 1.000000 1.000000
vt 0.000000 1.000000
vt 0.000000 0.000000
vt 1.000000 0.000000
vt 1.000000 1.000000
vt 0.000000 1.000000
vt 0.000000 0.000000
vt 1.000000 0.000000
vt 1.000000 1.000000
vt 0.000000 1.000000
vt 0.000000 0.000000
vt 1.000000 0.000000
vt 1.000000 1.000000
vt 0.000000 1.000000
vt 0.500000 1.000000
vt 0.000000 0.000000
vt 1.000000 0.000000
vt 0.000000 0.000000
vt 1.000000 0.000000
vt 1.000000 1.000000
vt 0.000000 1.000000
vt 0.500000 1.000000
vt 0.000000 0.000000
vt 1.000000 0.000000
vt 0.000000 0.000000
vt 1.000000 0.000000
vt 1.000000 1.000000
vt 0.000000 1.000000
vt 0.500000 1.000000
vt 0.000000 0.000000
vt 1.000000 0.000000
vt 0.000000 0.000000
vt 1.000000 0.000000
vt 1.000000 1.000000
vt 0.000000 1.000000
vt 0.500000 1.000000
vt 0.000000 0.000000
vt 1.000000 0.000000
vt 0.000000 0.000000
vt 1.000000 0.000000
vt 1.000000 1.000000
vt 0.000000 1.000000
vt 0.500000 1.000000
vt 0.000000 0.000000
vt 1.000000 0.000000
vt 0.000000 0.000000
vt 1.000000 0.000000
vt 1.000000 1.000000
vt 0.000000 1.000000
vt 0.500000 1.000000
vt 0.000000 0.000000
vt 1.000000 0.000000
vt 0.000000 0.000000
vt 1.000000 0.000000
vt 1.000000 1.000000
vt 0.000000 1.000000
vt 0.500000 1.000000
vt 0.000000 0.000000
vt 1.000000 0.000000
vt 0.000000 0.000000
vt 1.000000 0.000000
vt 1.000000 1.000000
vt 0.000000 1.000000
vt 0.500000 1.000000
vt 0.000000 0.000000
vt 1.000000 0.000000
vt 0.000000 0.000000
vt 1.000000 0.000000
vt 1.000000 1.000000
vt 0.000000 1.000000
vt 0.500000 1.000000
vt 0.000000 0.000000
vt 1.000000 0.000000
vt 0.000000 0.000000
vt 1.000000 0.000000
vt 1.000000 1.000000
vt 0.000000 1.000000
vt 0.500000 1.000000
vt 0.000000 0.000000
vt 1.000000 0.000000
vt 0.000000 0.000000
vt 1.000000 0.000000
vt 1.000000 1.000000
vt 0.000000 1.000000
vt 0.500000 1.000000
vt 0.000000 0.000000
vt 1.000000 0.000000
vt 0.000000 0.000000
vt 1.000000 0.000000
vt 1.000000 1.000000
vt 0.000000 1.000000
vt 0.500000 1.000000
vt 0.000000 0.000000
vt 1.000000 0.000000
vt 0.000000 0.000000
vt 1.000000 0.000000
vt 1.000000 1.000000
vt 0.000000 1.000000
vt 0.500000 1.000000
vt 0.000000 0.000000
vt 1.000000 0.000000
vt 0.000000 0.000000
vt 1.000000 0.000000
vt 1.000000 1.000000
vt 0.000000 1.000000
vt 0.500000 1.000000
vt 0.000000 0.000000
vt 1.000000 0.000000
vt 0.000000 0.000000
vt 1.000000 0.000000
vt 1.000000 1.000000
vt 0.000000 1.000000
vt 0.500000 1.000000
vt 0.000000 0.000000
vt 1.000000 0.000000
vt 0.000000 0.000000
vt 1.000000 0.000000
vt 1.000000 1.000000
vt 0.000000 1.000000
vt 0.500000 1.000000
vt 0.000000 0.000000
vt 1.000000 0.000000
vt 0.000000 0.000000
vt 1.000000 0.000000
vt 1.000000 1.000000
vt 0.000000 1.000000
vt 0.500000 1.000000
vt 0.000000 0.000000
vt 1.000000 0.000000
vt 0.000000 0.000000
vt 1.000000 0.000000
vt 1.000000 1.000000
vt 0.000000 1.000000
vt 0.500000 1.000000
vt 0.000000 0.000000
vt 1.000000 0.000000
vt 0.000000 0.000000
vt 1.000000 0.000000
vt 1.000000 1.000000
vt 0.000000 1.000000
vt 0.500000 1.000000
vt 0.000000 0.000000
vt 1.000000 0.000000
vt 0.000000 0.000000
vt 1.000000 0.000000
vt 1.000000 1.000000
vt 0.000000 1.000000
vt 0.500000 1.000000
vt 0.000000 0.000000
vt 1.000000 0.000000
vt 0.000000 0.000000
vt 1.000000 0.000000
vt 1.000000 1.000000
vt 0.000000 1.000000
vt 0.500000 1.000000
vt 0.000000 0.000000
vt 1.000000 0.000000
vt 0.000000 0.000000
vt 1.000000 0.000000
vt 1.000000 1.000000
vt 0.000000 1.000000
vt 0.500000 1.000000
vt 0.000000 0.000000
vt 1.000000 0.000000
vt 0.000000 0.000000
vt 1.000000 0.000000
vt 1.000000 1.000000
vt 0.000000 1.000000
vt 0.500000 1.000000
vt 0.000000 0.000000
vt 1.000000 0.000000
vt 0.000000 0.000000
vt 1.000000 0.000000
vt 1.000000 1.000000
vt 0.000000 1.000000
vt 0.500000 1.000000
vt 0.000000 0.000000
vt 1.000000 0.000000
vt 0.000000 0.000000
vt 1.000000 0.000000
vt 1.000000 1.000000
vt 0.000000 1.000000
vt 0.500000 1.000000
vt 0.000000 0.000000
vt 1.000000 0.000000
vt 0.000000 0.000000
vt 1.000000 0.000000
vt 1.000000 1.000000
vt 0.000000 1.000000
vt 0.500000 1.000000
vt 0.000000 0.000000
vt 1.000000 0.000000
vt 0.000000 0.000000
vt 1.000000 0.000000
vt 1.000000 1.000000
vt 0.000000 1.000000
vt 0.500000 1.000000
vt 0.000000 0.000000
vt 1.000000 0.000000
vt 0.000000 0.000000
vt 1.000000 0.000000
vt 1.000000 1.000000
vt 0.000000 1.000000
vt 0.500000 1.000000
vt 0.000000 0.000000
vt 1.000000 0.000000
vt 0.000000 0.000000
vt 1.000000 0.000000
vt 1.000000 1.000000
vt 0.000000 1.000000
vt 0.500000 1.000000
vt 0.000000 0.000000
vt 1.000000 0.000000
vt 0.000000 0.000000
vt 1.000000 0.000000
vt 1.000000 1.000000
vt 0.000000 1.000000
vt 0.500000 1.000000
vt 0.000000 0.000000
vt 1.000000 0.000000
vt 0.000000 0.000000
vt 1.000000 0.000000
vt 1.000000 1.000000
vt 0.000000 1.000000
vt 0.500000 1.000000
vt 0.000000 0.000000
vt 1.000000 0.000000
vt 0.000000 0.000000
vt 1.000000 0.000000
vt 1.000000 1.000000
vt 0.000000 1.000000
vt 0.500000 1.000000
vt 0.000000 0.000000
vt 1.000000 0.000000
vt 0.000000 0.000000
vt 1.000000 0.000000
vt 1.000000 1.000000
vt 0.000000 1.000000
vt 0.500000 1.000000
vt 0.000000 0.000000
vt 1.000000 0.000000
vt 0.000000 0.000000
vt 1.000000 0.000000
vt 1.000000 1.000000
vt 0.000000 1.000000
vt 0.500000 1.000000
vt 0.000000 0.000000
vt 1.000000 0.000000
vt 0.000000 0.000000
vt 1.000000 0.000000
vt 1.000000 1.000000
vt 0.000000 1.000000
vt 0.500000 1.000000
vt 0.000000 0.000000
vt 1.000000 0.000000
vt 0.000000 0.000000
vt 1.000000 0.000000
vt 1.000000 1.000000
vt 0.000000 1.000000
vt 0.500000 1.000000
vt 0.000000 0.000000
vt 1.000000 0.000000
vt 0.000000 0.000000
vt 1.000000 0.000000
vt 1.000000 1.000000
vt 0.000000 1.000000
vt 0.500000 1.000000
vt 0.000000 0.000000
vt 1.000000 0.000000
vt 0.000000 0.000000
vt 1.000000 0.000000
vt 1.000000 1.000000
vt 0.000000 1.000000
vt 0.500000 1.000000
vt 0.000000 0.000000
vt 1.000000 0.000000
vt 0.000000 0.000000
vt 1.000000 0.000000
vt 1.000000 1.000000
vt 0.000000 1.000000
vt 0.500000 1.000000
vt 0.000000 0.000000
vt 1.000000 0.000000
vt 0.000000 0.000000
vt 1.000000 0.000000
vt 1.000000 1.000000
vt 0.000000 1.000000
vt 0.500000 1.000000
vt 0.000000 0.000000
vt 1.000000 0.000000
vt 0.000000 0.000000
vt 1.000000 0.000000
vt 1.000000 1.000000
vt 0.000000 1.000000
vt 0.500000 1.000000
vt 0.000000 0.000000
vt 1.000000 0.000000
vt 0.000000 0.000000
vt 1.000000 0.000000
vt 1.000000 1.000000
vt 0.000000 1.000000
vt 0.500000 1.000000
vt 0.000000 0.000000
vt 1.000000 0.000000
vt 0.000000 0.000000
vt 1.000000 0.000000
vt 1.000000 1.000000
vt 0.000000 1.000000
vt 0.500000 1.000000
vt 0.000000 0.000000
vt 1.000000 0.000000
vt 0.000000 0.000000
vt 1.000000 0.000000
vt 1.000000 1.000000
vt 0.000000 1.000000
vt 0.500000 1.000000
vt 0.000000 0.000000
vt 1.000000 0.000000
vt 0.000000 0.000000
vt 1.000000 0.000000
vt 1.000000 1.000000
vt 0.000000 1.000000
vt 0.500000 1.000000
vt 0.000000 0.000000
vt 1.000000 0.000000
vt 0.000000 0.000000
vt 1.000000 0.000000
vt 1.000000 1.000000
vt 0.000000 1.000000
vt 0.500000 1.000000
vt 0.000000 0.000000
vt 1.000000 0.000000
vt 0.000000 0.000000
vt 1.000000 0.000000
vt 1.000000 1.000000
vt 0.000000 1.000000
vt 0.500000 1.000000
vt 0.000000 0.000000
vt 1.000000 0.000000
vt 0.000000 0.000000
vt 1.000000 0.000000
vt 1.000000 1.000000
vt 0.000000 1.000000
vt 0.500000 1.000000
vt 0.000000 0.000000
vt 1.000000 0.000000
vt 0.000000 0.000000
vt 1.000000 0.000000
vt 1.000000 1.000000
vt 0.000000 1.000000
vt 0.500000 1.000000
vt 0.000000 0.000000
vt 1.000000 0.000000
vt 0.000000 0.000000
vt 1.000000 0.000000
vt 1.000000 1.000000
vt 0.000000 1.000000
vt 0.500000 1.000000
vt 0.000000 0.000000
vt 1.000000 0.000000
vt 0.000000 0.000000
vt 1.000000 0.000000
vt 1.000000 1.000000
vt 0.000000 1.000000
vt 0.500000 1.000000
vt 0.000000 0.000000
vt 1.000000 0.000000
vt 0.000000 0.000000
vt 1.000000 0.000000
vt 1.000000 1.000000
vt 0.000000 1.000000
vt 0.500000 1.000000
vt 0.000000 0.000000
vt 1.000000 0.000000
vt 0.000000 0.000000
vt 1.000000 0.000000
vt 1.000000 1.000000
vt 0.000000 1.000000
vt 0.500000 1.000000
vt 0.000000 0.000000
vt 1.000000 0.000000
vt 0.000000 0.000000
vt 1.000000 0.000000
vt 1.000000 1.000000
vt 0.000000 1.000000
vt 0.500000 1.000000
vt 0.000000 0.000000
vt 1.000000 0.000000
vt 0.000000 0.000000
vt 1.000000 0.000000
vt 1.000000 1.000000
vt 0.000000 1.000000
vt 0.500000 1.000000
vt 0.000000 0.000000
vt 1.000000 0.000000
vt 0.000000 0.000000
vt 1.000000 0.000000
vt 1.000000 1.000000
vt 0.000000 1.000000
vt 0.500000 1.000000
vt 0.000000 0.000000
vt 1.000000 0.000000
vt 0.000000 0.000000
vt 1.000000 0.000000
vt 1.000000 1.000000
vt 0.000000 1.000000
vt 0.500000 1.000000
vt 0.000000 0.000000
vt 1.000000 0.000000
vt 0.000000 0.000000
vt 1.000000 0.000000
vt 1.000000 1.000000
vt 0.000000 1.000000
vt 0.500000 1.000000
vt 0.000000 0.000000
vt 1.000000 0.000000
vt 0.000000 0.000000
vt 1.000000 0.000000
vt 1.000000 1.000000
vt 0.000000 1.000000
vt 0.500000 1.000000
vt 0.000000 0.000000
vt 1.000000 0.000000
vt 0.000000 0.000000
vt 1.000000 0.000000
vt 1.000000 1.000000
vt 0.000000 1.000000
vt 0.500000 1.000000
vt 0.000000 0.000000
vt 1.000000 0.000000
vt 0.000000 0.000000
vt 1.000000 0.000000
vt 1.000000 1.000000
vt 0.000000 1.000000
vt 0.500000 1.000000
vt 0.000000 0.000000
vt 1.000000 0.000000
vt 0.000000 0.000000
vt 1.000000 0.000000
vt 1.000000 1.000000
vt 0.000000 1.000000
vt 0.500000 1.000000
vt 0.000000 0.000000
vt 1.000000 0.000000
vt 0.000000 0.000000
vt 1.000000 0.000000
vt 1.000000 1.000000
vt 0.000000 1.000000
vt 0.500000 1.000000
vt 0.000000 0.000000
vt 1.000000 0.000000
vt 0.000000 0.000000
vt 1.000000 0.000000
vt 1.000000 1.000000
vt 0.000000 1.000000
vt 0.500000 1.000000
vt 0.000000 0.000000
vt 1.000000 0.000000
vt 0.000000 0.000000
vt 1.000000 0.000000
vt 1.000000 1.000000
vt 0.000000 1.000000
vt 0.500000 1.000000
vt 0.000000 0.000000
vt 1.000000 0.000000
vt 0.000000 0.000000
vt 1.000000 0.000000
vt 1.000000 1.000000
vt 0.000000 1.000000
vt 0.500000 1.000000
vt 0.000000 0.000000
vt 1.000000 0.000000
vt 0.000000 0.000000
vt 1.000000 0.000000
vt 1.000000 1.000000
vt 0.000000 1.000000
vt 0.500000 1.000000
vt 0.000000 0.000000
vt 1.000000 0.000000
vt 0.000000 0.000000
vt 1.000000 0.000000
vt 1.000000 1.000000
vt 0.000000 1.000000
vt 0.500000 1.000000
vt 0.000000 0.000000
vt 1.000000 0.000000
vt 0.000000 0.000000
vt 1.000000 0.000000
vt 1.000000 1.000000
vt 0.000000 1.000000
vt 0.500000 1.000000
vt 0.000000 0.000000
vt 1.000000 0.000000
vt 0.000000 0.000000
vt 1.000000 0.000000
vt 1.000000 1.000000
vt 0.000000 1.000000
vt 0.500000 1.000000
vt 0.000000 0.000000
vt 1.000000 0.000000
vt 0.000000 0.000000
vt 1.000000 0.000000
vt 1.000000 1.000000
vt 0.000000 1.000000
vt 0.500000 1.000000
vt 0.000000 0.000000
vt 1.000000 0.000000
vt 0.000000 0.000000
vt 1.000000 0.000000
vt 1.000000 1.000000
vt 0.000000 1.000000
vt 0.500000 1.000000
vt 0.000000 0.000000
vt 1.000000 0.000000
vt 0.000000 0.000000
vt 1.000000 0.000000
vt 1.000000 1.000000
vt 0.000000 1.000000
vt 0.500000 1.000000
vt 0.000000 0.000000
vt 1.000000 0.000000
vt 0.000000 0.000000
vt 1.000000 0.000000
vt 1.000000 1.000000
vt 0.000000 1.000000
vt 0.500000 1.000000
vt 0.000000 0.000000
vt 1.000000 0.000000
vt 0.000000 0.000000
vt 1.000000 0.000000
vt 1.000000 1.000000
vt 0.000000 1.000000
vt 0.500000 1.000000
vt 0.000000 0.000000
vt 1.000000 0.000000
vt 0.000000 0.000000
vt 1.000000 0.000000
vt 1.000000 1.000000
vt 0.000000 1.000000
vt 0.500000 1.000000
vt 0.000000 0.000000
vt 1.000000 0.000000
vt 0.000000 0.000000
vt 1.000000 0.000000
vt 1.000000 1.000000
vt 0.000000 1.000000
vt 0.500000 1.000000
vt 0.000000 0.000000
vt 1.000000 0.000000
vt 0.000000 0.000000
vt 1.000000 0.000000
vt 1.000000 1.000000
vt 0.000000 1.000000
vt 0.500000 1.000000
vt 0.000000 0.000000
vt 1.000000 0.000000
vt 0.000000 0.000000
vt 1.000000 0.000000
vt 1.000000 1.000000
vt 0.000000 1.000000
vt 0.500000 1.000000
vt 0.000000 0.000000
vt 1.000000 0.000000
vt 0.000000 0.000000
vt 1.000000 0.000000
vt 1.000000 1.000000
vt 0.000000 1.000000
vt 0.500000 1.000000
vt 0.000000 0.000000
vt 1.000000 0.000000
vt 0.000000 0.000000
vt 1.000000 0.000000
vt 1.000000 1.000000
vt 0.000000 1.000000
vt 0.500000 1.000000
vt 0.000000 0.000000
vt 1.000000 0.000000
vt 0.000000 0.000000
vt 1.000000 0.000000
vt 1.000000 1.000000
vt 0.000000 1.000000
vt 0.500000 1.000000
vt 0.000000 0.000000
vt 1.000000 0.000000
vt 0.000000 0.000000
vt 1.000000 0.000000
vt 1.000000 1.000000
vt 0.000000 1.000000
vt 0.500000 1.000000
vt 0.000000 0.000000
vt 1.000000 0.000000
vt 0.000000 0.000000
vt 1.000000 0.000000
vt 1.000000 1.000000
vt 0.000000 1.000000
vt 0.500000 1.000000
vt 0.000000 0.000000
vt 1.000000 0.000000
vt 0.000000 0.000000
vt 1.000000 0.000000
vt 1.000000 1.000000
vt 0.000000 1.000000
vt 0.500000 1.000000
vt 0.000000 0.000000
vt 1.000000 0.000000
vt 0.000000 0.000000
vt 1.000000 0.000000
vt 1.000000 1.000000
vt 0.000000 1.000000
vt 0.500000 1.000000
vt 0.000000 0.000000
vt 1.000000 0.000000
vt 0.000000 0.000000
vt 1.000000 0.000000
vt 1.000000 1.000000
vt 0.000000 1.000000
vt 0.500000 1.000000
vt 0.000000 0.000000
vt 1.000000 0.000000
vt 0.000000 0.000000
vt 1.000000 0.000000
vt 1.000000 1.000000
vt 0.000000 1.000000
vt 0.500000 1.000000
vt 0.000000 0.000000
vt 1.000000 0.000000
vt 0.000000 0.000000
vt 1.000000 0.000000
vt 1.000000 1.000000
vt 0.000000 1.000000
vt 0.500000 1.000000
vt 0.000000 0.000000
vt 1.000000 0.000000
vt 0.000000 0.000000
vt 1.000000 0.000000
vt 1.000000 1.000000
vt 0.000000 1.000000
vt 0.500000 1.000000
vt 0.000000 0.000000
vt 1.000000 0.000000
vt 0.000000 0.000000
vt 1.000000 0.000000
vt 1.000000 1.000000
vt 0.000000 1.000000
vt 0.500000 1.000000
vt 0.000000 0.000000
vt 1.000000 0.000000
vt 0.000000 0.000000
vt 1.000000 0.000000
vt 1.000000 1.000000
vt 0.000000 1.000000
vt 0.500000 1.000000
vt 0.000000 0.000000
vt 1.000000 0.000000
vt 0.000000 0.000000
vt 1.000000 0.000000
vt 1.000000 1.000000
vt 0.000000 1.000000
vt 0.500000 1.000000
vt 0.000000 0.000000
vt 1.000000 0.000000
vt 0.000000 0.000000
vt 1.000000 0.000000
vt 1.000000 1.000000
vt 0.000000 1.000000
vt 0.500000 1.000000
vt 0.000000 0.000000
vt 1.000000 0.000000
vt 0.000000 0.000000
vt 1.000000 0.000000
vt 1.000000 1.000000
vt 0.000000 1.000000
vt 0.500000 1.000000
vt 0.000000 0.000000
vt 1.000000 0.000000
vt 0.000000 0.000000
vt 1.000000 0.000000
vt 1.000000 1.000000
vt 0.000000 1.000000
vt 0.500000 1.000000
vt 0.000000 0.000000
vt 1.000000 0.000000
vt 0.000000 0.000000
vt 1.000000 0.000000
vt 1.000000 1.000000
vt 0.000000 1.000000
vt 0.500000 1.000000
vt 0.000000 0.000000
vt 1.000000 0.000000
vt 0.000000 0.000000
vt 1.000000 0.000000
vt 1.000000 1.000000
vt 0.000000 1.000000
vt 0.500000 1.000000
vt 0.000000 0.000000
vt 1.000000 0.000000
vt 0.000000 0.000000
vt 1.000000 0.000000
vt 1.000000 1.000000
vt 0.000000 1.000000
vt 0.500000 1.000000
vt 0.000000 0.000000
vt 1.000000 0.000000
vt 0.000000 0.000000
vt 1.000000 0.000000
vt 1.000000 1.000000
vt 0.000000 1.000000
vt 0.500000 1.000000
vt 0.000000 0.000000
vt 1.000000 0.000000
vt 0.000000 0.000000
vt 1.000000 0.000000
vt 1.000000 1.000000
vt 0.000000 1.000000
vt 0.500000 1.000000
vt 0.000000 0.000000
vt 1.000000 0.000000
vt 0.000000 0.000000
vt 1.000000 0.000000
vt 1.000000 1.000000
vt 0.000000 1.000000
vt 0.500000 1.000000
vt 0.000000 0.000000
vt 1.000000 0.000000
vt 0.000000 0.000000
vt 1.000000 0.000000
vt 1.000000 1.000000
vt 0.000000 1.000000
vt 0.500000 1.000000
vt 0.000000 0.000000
vt 1.000000 0.000000
vt 0.000000 0.000000
vt 1.000000 0.000000
vt 1.000000 1.000000
vt 0.000000 1.000000
vt 0.500000 1.000000
vt 0.000000 0.000000
vt 1.000000 0.000000
vt 0.000000 0.000000
vt 1.000000 0.000000
vt 1.000000 1.000000
vt 0.000000 1.000000
vt 0.500000 1.000000
vt 0.000000 0.000000
vt 1.000000 0.000000
vt 0.000000 0.000000
vt 1.000000 0.000000
vt 1.000000 1.000000
vt 0.000000 1.000000
vt 0.500000 1.000000
vt 0.000000 0.000000
vt 1.000000 0.000000
vt 0.000000 0.000000
vt 1.000000 0.000000
vt 1.000000 1.000000
vt 0.000000 1.000000
vt 0.500000 1.000000
vt 0.000000 0.000000
vt 1.000000 0.000000
vt 0.000000 0.000000
vt 1.000000 0.000000
vt 1.000000 1.000000
vt 0.000000 1.000000
vt 0.500000 1.000000
vt 0.000000 0.000000
vt 1.000000 0.000000
vt 0.000000 0.000000
vt 1.000000 0.000000
vt 1.000000 1.000000
vt 0.000000 1.000000
vt 0.500000 1.000000
vt 0.000000 0.000000
vt 1.000000 0.000000
vt 0.000000 0.000000
vt 1.000000 0.000000
vt 1.000000 1.000000
vt 0.000000 1.000000
vt 0.500000 1.000000
vt 0.000000 0.000000
vt 1.000000 0.000000
vt 0.000000 0.000000
vt 1.000000 0.000000
vt 1.000000 1.000000
vt 0.000000 1.000000
vt 0.500000 1.000000
vt 0.000000 0.000000
vt 1.000000 0.000000
vt 0.000000 0.000000
vt 1.000000 0.000000
vt 1.000000 1.000000
vt 0.000000 1.000000
vt 0.500000 1.000000
vt 0.000000 0.000000
vt 1.000000 0.000000
vt 0.000000 0.000000
vt 1.000000 0.000000
vt 1.000000 1.000000
vt 0.000000 1.000000
vt 0.500000 1.000000
vt 0.000000 0.000000
vt 1.000000 0.000000
vt 0.000000 0.000000
vt 1.000000 0.000000
vt 1.000000 1.000000
vt 0.000000 1.000000
vt 0.500000 1.000000
vt 0.000000 0.000000
vt 1.000000 0.000000
vt 0.000000 0.000000
vt 1.000000 0.000000
vt 1.000000 1.000000
vt 0.000000 1.000000
vt 0.500000 1.000000
vt 0.000000 0.000000
vt 1.000000 0.000000
vt 0.000000 0.000000
vt 1.000000 0.000000
vt 1.000000 1.000000
vt 0.000000 1.000000
vt 0.500000 1.000000
vt 0.000000 0.000000
vt 1.000000 0.000000
vt 0.000000 0.000000
vt 1.000000 0.000000
vt 1.000000 1.000000
vt 0.000000 1.000000
vt 0.500000 1.000000
vt 0.000000 0.000000
vt 1.000000 0.000000
vt 0.500000 1.000000
vt 0.000000 0.000000
vt 1.000000 0.000000
vt 0.000000 0.000000
vt 1.000000 0.000000
vt 1.000000 1.000000
vt 0.000000 1.000000
vt 0.000000 0.000000
vt 1.000000 0.000000
vt 1.000000 1.000000
vt 0.000000 1.000000
vt 0.500000 1.000000
vt 0.000000 0.000000
vt 1.000000 0.000000
vt 0.500000 1.000000
vt 0.000000 0.000000
vt 1.000000 0.000000
vt 0.000000 0.000000
vt 1.000000 0.000000
vt 1.000000 1.000000
vt 0.000000 1.000000
vt 0.000000 0.000000
vt 1.000000 0.000000
vt 1.000000 1.000000
vt 0.000000 1.000000
vt 0.500000 1.000000
vt 0.000000 0.000000
vt 1.000000 0.000000
vt 0.500000 1.000000
vt 0.000000 0.000000
vt 1.000000 0.000000
vt 0.000000 0.000000
vt 1.000000 0.000000
vt 1.000000 1.000000
vt 0.000000 1.000000
vt 0.000000 0.000000
vt 1.000000 0.000000
vt 1.000000 1.000000
vt 0.000000 1.000000
vt 0.500000 1.000000
vt 0.000000 0.000000
vt 1.000000 0.000000
vt 0.500000 1.000000
vt 0.000000 0.000000
vt 1.000000 0.000000
vt 0.000000 0.000000
vt 1.000000 0.000000
vt 1.000000 1.000000
vt 0.000000 1.000000
vt 0.000000 0.000000
vt 1.000000 0.000000
vt 1.000000 1.000000
vt 0.000000 1.000000
vt 0.500000 1.000000
vt 0.000000 0.000000
vt 1.000000 0.000000
vt 0.500000 1.000000
vt 0.000000 0.000000
vt 1.000000 0.000000
vt 0.000000 0.000000
vt 1.000000 0.000000
vt 1.000000 1.000000
vt 0.000000 1.000000
vt 0.000000 0.000000
vt 1.000000 0.000000
vt 1.000000 1.000000
vt 0.000000 1.000000
vt 0.500000 1.000000
vt 0.000000 0.000000
vt 1.000000 0.000000
vt 0.500000 1.000000
vt 0.000000 0.000000
vt 1.000000 0.000000
vt 0.000000 0.000000
vt 1.000000 0.000000
vt 1.000000 1.000000
vt 0.000000 1.000000
vt 0.000000 0.000000
vt 1.000000 0.000000
vt 1.000000 1.000000
vt 0.000000 1.000000
vt 0.500000 1.000000
vt 0.000000 0.000000
vt 1.000000 0.000000
vt 0.500000 1.000000
vt 0.000000 0.000000
vt 1.000000 0.000000
vt 0.000000 0.000000
vt 1.000000 0.000000
vt 1.000000 1.000000
vt 0.000000 1.000000
vt 0.000000 0.000000
vt 1.000000 0.000000
vt 1.000000 1.000000
vt 0.000000 1.000000
vt 0.500000 1.000000
vt 0.000000 0.000000
vt 1.000000 0.000000
vt 0.500000 1.000000
vt 0.000000 0.000000
vt 1.000000 0.000000
vt 0.000000 0.000000
vt 1.000000 0.000000
vt 1.000000 1.000000
vt 0.000000 1.000000
vt 0.000000 0.000000
vt 1.000000 0.000000
vt 1.000000 1.000000
vt 0.000000 1.000000
vt 0.500000 1.000000
vt 0.000000 0.000000
vt 1.000000 0.000000
vt 0.500000 1.000000
vt 0.000000 0.000000
vt 1.000000 0.000000
vt 0.000000 0.000000
vt 1.000000 0.000000
vt 1.000000 1.000000
vt 0.000000 1.000000
vt 0.000000 0.000000
vt 1.000000 0.000000
vt 1.000000 1.000000
vt 0.000000 1.000000
vt 0.500000 1.000000
vt 0.000000 0.000000
vt 1.000000 0.000000
vt 0.500000 1.000000
vt 0.000000 0.000000
vt 1.000000 0.000000
vt 0.000000 0.000000
vt 1.000000 0.000000
vt 1.000000 1.000000
vt 0.000000 1.000000
vt 0.000000 0.000000
vt 1.000000 0.000000
vt 1.000000 1.000000
vt 0.000000 1.000000
vt 0.500000 1.000000
vt 0.000000 0.000000
vt 1.000000 0.000000
vt 0.500000 1.000000
vt 0.000000 0.000000
vt 1.000000 0.000000
vt 0.000000 0.000000
vt 1.000000 0.000000
vt 1.000000 1.000000
vt 0.000000 1.000000
vt 0.000000 0.000000
vt 1.000000 0.000000
vt 1.000000 1.000000
vt 0.000000 1.000000
vt 0.500000 1.000000
vt 0.000000 0.000000
vt 1.000000 0.000000
vt 0.500000 1.000000
vt 0.000000 0.000000
vt 1.000000 0.000000
vt 0.000000 0.000000
vt 1.000000 0.000000
vt 1.000000 1.000000
vt 0.000000 1.000000
vt 0.000000 0.000000
vt 1.000000 0.000000
vt 1.000000 1.000000
vt 0.000000 1.000000
vt 0.500000 1.000000
vt 0.000000 0.000000
vt 1.000000 0.000000
vt 0.500000 1.000000
vt 0.000000 0.000000
vt 1.000000 0.000000
vt 0.000000 0.000000
vt 1.000000 0.000000
vt 1.000000 1.000000
vt 0.000000 1.000000
vt 0.000000 0.000000
vt 1.000000 0.000000
vt 1.000000 1.000000
vt 0.000000 1.000000
vt 0.500000 1.000000
vt 0.000000 0.000000
vt 1.000000 0.000000
vt 0.500000 1.000000
vt 0.000000 0.000000
vt 1.000000 0.000000
vt 0.000000 0.000000
vt 1.000000 0.000000
vt 1.000000 1.000000
vt 0.000000 1.000000
vt 0.000000 0.000000
vt 1.000000 0.000000
vt 1.000000 1.000000
vt 0.000000 1.000000
vt 0.500000 1.000000
vt 0.000000 0.000000
vt 1.000000 0.000000
vt 0.500000 1.000000
vt 0.000000 0.000000
vt 1.000000 0.000000
vt 0.000000 0.000000
vt 1.000000 0.000000
vt 1.000000 1.000000
vt 0.000000 1.000000
vt 0.000000 0.000000
vt 1.000000 0.000000
vt 1.000000 1.000000
vt 0.000000 1.000000
vt 0.500000 1.000000
vt 0.000000 0.000000
vt 1.000000 0.000000
vt 0.500000 1.000000
vt 0.000000 0.000000
vt 1.000000 0.000000
vt 0.000000 0.000000
vt 1.000000 0.000000
vt 1.000000 1.000000
vt 0.000000 1.000000
vt 0.000000 0.000000
vt 1.000000 0.000000
vt 1.000000 1.000000
vt 0.000000 1.000000
vt 0.500000 1.000000
vt 0.000000 0.000000
vt 1.000000 0.000000
vt 0.500000 1.000000
vt 0.000000 0.000000
vt 1.000000 0.000000
vt 0.000000 0.000000
vt 1.000000 0.000000
vt 1.000000 1.000000
vt 0.000000 1.000000
vt 0.000000 0.000000
vt 1.000000 0.000000
vt 1.000000 1.000000
vt 0.000000 1.000000
vt 0.500000 1.000000
vt 0.000000 0.000000
vt 1.000000 0.000000
vt 0.500000 1.000000
vt 0.000000 0.000000
vt 1.000000 0.000000
vt 0.000000 0.000000
vt 1.000000 0.000000
vt 1.000000 1.000000
vt 0.000000 1.000000
vt 0.000000 0.000000
vt 1.000000 0.000000
vt 1.000000 1.000000
vt 0.000000 1.000000
vt 0.500000 1.000000
vt 0.000000 0.000000
vt 1.000000 0.000000
vt 0.500000 1.000000
vt 0.000000 0.000000
vt 1.000000 0.000000
vt 0.000000 0.000000
vt 1.000000 0.000000
vt 1.000000 1.000000
vt 0.000000 1.000000
vt 0.000000 0.000000
vt 1.000000 0.000000
vt 1.000000 1.000000
vt 0.000000 1.000000
vt 0.500000 1.000000
vt 0.000000 0.000000
vt 1.000000 0.000000
vt 0.500000 1.000000
vt 0.000000 0.000000
vt 1.000000 0.000000
vt 0.000000 0.000000
vt 1.000000 0.000000
vt 1.000000 1.000000
vt 0.000000 1.000000
vt 0.000000 0.000000
vt 1.000000 0.000000
vt 1.000000 1.000000
vt 0.000000 1.000000
vt 0.500000 1.000000
vt 0.000000 0.000000
vt 1.000000 0.000000
vt 0.500000 1.000000
vt 0.000000 0.000000
vt 1.000000 0.000000
vt 0.000000 0.000000
vt 1.000000 0.000000
vt 1.000000 1.000000
vt 0.000000 1.000000
vt 0.000000 0.000000
vt 1.000000 0.000000
vt 1.000000 1.000000
vt 0.000000 1.000000
vt 0.500000 1.000000
vt 0.000000 0.000000
vt 1.000000 0.000000
vt 0.500000 1.000000
vt 0.000000 0.000000
vt 1.000000 0.000000
vt 0.000000 0.000000
vt 1.000000 0.000000
vt 1.000000 1.000000
vt 0.000000 1.000000
vt 0.000000 0.000000
vt 1.000000 0.000000
vt 1.000000 1.000000
vt 0.000000 1.000000
vt 0.500000 1.000000
vt 0.000000 0.000000
vt 1.000000 0.000000
vt 0.500000 1.000000
vt 0.000000 0.000000
vt 1.000000 0.000000
vt 0.000000 0.000000
vt 1.000000 0.000000
vt 1.000000 1.000000
vt 0.000000 1.000000
vt 0.000000 0.000000
vt 1.000000 0.000000
vt 1.000000 1.000000
vt 0.000000 1.000000
vt 0.500000 1.000000
vt 0.000000 0.000000
vt 1.000000 0.000000
vt 0.500000 1.000000
vt 0.000000 0.000000
vt 1.000000 0.000000
vt 0.000000 0.000000
vt 1.000000 0.000000
vt 1.000000 1.000000
vt 0.000000 1.000000
vt 0.000000 0.000000
vt 1.000000 0.000000
vt 1.000000 1.000000
vt 0.000000 1.000000
vt 0.500000 1.000000
vt 0.000000 0.000000
vt 1.000000 0.000000
vt 0.500000 1.000000
vt 0.000000 0.000000
vt 1.000000 0.000000
vt 0.000000 0.000000
vt 1.000000 0.000000
vt 1.000000 1.000000
vt 0.000000 1.000000
vt 0.000000 0.000000
vt 1.000000 0.000000
vt 1.000000 1.000000
vt 0.000000 1.000000
vt 0.500000 1.000000
vt 0.000000 0.000000
vt 1.000000 0.000000
vt 0.500000 1.000000
vt 0.000000 0.000000
vt 1.000000 0.000000
vt 0.000000 0.000000
vt 1.000000 0.000000
vt 1.000000 1.000000
vt 0.000000 1.000000
vt 0.000000 0.000000
vt 1.000000 0.000000
vt 1.000000 1.000000
vt 0.000000 1.000000
vt 0.500000 1.000000
vt 0.000000 0.000000
vt 1.000000 0.000000
vt 0.500000 1.000000
vt 0.000000 0.000000
vt 1.000000 0.000000
vt 0.000000 0.000000
vt 1.000000 0.000000
vt 1.000000 1.000000
vt 0.000000 1.000000
vt 0.000000 0.000000
vt 1.000000 0.000000
vt 1.000000 1.000000
vt 0.000000 1.000000
vt 0.500000 1.000000
vt 0.000000 0.000000
vt 1.000000 0.000000
vt 0.500000 1.000000
vt 0.000000 0.000000
vt 1.000000 0.000000
vt 0.000000 0.000000
vt 1.000000 0.000000
vt 1.000000 1.000000
vt 0.000000 1.000000
vt 0.000000 0.000000
vt 1.000000 0.000000
vt 1.000000 1.000000
vt 0.000000 1.000000
vt 0.500000 1.000000
vt 0.000000 0.000000
vt 1.000000 0.000000
vt 0.500000 1.000000
vt 0.000000 0.000000
vt 1.000000 0.000000
vt 0.000000 0.000000
vt 1.000000 0.000000
vt 1.000000 1.000000
vt 0.000000 1.000000
vt 0.000000 0.000000
vt 1.000000 0.000000
vt 1.000000 1.000000
vt 0.000000 1.000000
vt 0.500000 1.000000
vt 0.000000 0.000000
vt 1.000000 0.000000
vt 0.500000 1.000000
vt 0.000000 0.000000
vt 1.000000 0.000000
vt 0.000000 0.000000
vt 1.000000 0.000000
vt 1.000000 1.000000
vt 0.000000 1.000000
vt 0.000000 0.000000
vt 1.000000 0.000000
vt 1.000000 1.000000
vt 0.000000 1.000000
vt 0.500000 1.000000
vt 0.000000 0.000000
vt 1.000000 0.000000
vt 0.500000 1.000000
vt 0.000000 0.000000
vt 1.000000 0.000000
vt 0.000000 0.000000
vt 1.000000 0.000000
vt 1.000000 1.000000
vt 0.000000 1.000000
vt 0.000000 0.000000
vt 1.000000 0.000000
vt 1.000000 1.000000
vt 0.000000 1.000000
vt 0.500000 1.000000
vt 0.000000 0.000000
vt 1.000000 0.000000
vt 0.500000 1.000000
vt 0.000000 0.000000
vt 1.000000 0.000000
vt 0.000000 0.000000
vt 1.000000 0.000000
vt 1.000000 1.000000
vt 0.000000 1.000000
vt 0.000000 0.000000
vt 1.000000 0.000000
vt 1.000000 1.000000
vt 0.000000 1.000000
vt 0.500000 1.000000
vt 0.000000 0.000000
vt 1.000000 0.000000
vt 0.500000 1.000000
vt 0.000000 0.000000
vt 1.000000 0.000000
vt 0.000000 0.000000
vt 1.000000 0.000000
vt 1.000000 1.000000
vt 0.000000 1.000000
vt 0.000000 0.000000
vt 1.000000 0.000000
vt 1.000000 1.000000
vt 0.000000 1.000000
vt 0.500000 1.000000
vt 0.000000 0.000000
vt 1.000000 0.000000
vt 0.500000 1.000000
vt 0.000000 0.000000
vt 1.000000 0.000000
vt 0.000000 0.000000
vt 1.000000 0.000000
vt 1.000000 1.000000
vt 0.000000 1.000000
vt 0.000000 0.000000
vt 1.000000 0.000000
vt 1.000000 1.000000
vt 0.000000 1.000000
vt 0.500000 1.000000
vt 0.000000 0.000000
vt 1.000000 0.000000
vt 0.500000 1.000000
vt 0.000000 0.000000
vt 1.000000 0.000000
vt 0.000000 0.000000
vt 1.000000 0.000000
vt 1.000000 1.000000
vt 0.000000 1.000000
vt 0.000000 0.000000
vt 1.000000 0.000000
vt 1.000000 1.000000
vt 0.000000 1.000000
vt 0.500000 1.000000
vt 0.000000 0.000000
vt 1.000000 0.000000
vt 0.500000 1.000000
vt 0.000000 0.000000
vt 1.000000 0.000000
vt 0.000000 0.000000
vt 1.000000 0.000000
vt 1.000000 1.000000
vt 0.000000 1.000000
vt 0.000000 0.000000
vt 1.000000 0.000000
vt 1.000000 1.000000
vt 0.000000 1.000000
vt 0.500000 1.000000
vt 0.000000 0.000000
vt 1.000000 0.000000
vt 0.500000 1.000000
vt 0.000000 0.000000
vt 1.000000 0.000000
vt 0.000000 0.000000
vt 1.000000 0.000000
vt 1.000000 1.000000
vt 0.000000 1.000000
vt 0.000000 0.000000
vt 1.000000 0.000000
vt 1.000000 1.000000
vt 0.000000 1.000000
vt 0.500000 1.000000
vt 0.000000 0.000000
vt 1.000000 0.000000
vt 0.500000 1.000000
vt 0.000000 0.000000
vt 1.000000 0.000000
vt 0.000000 0.000000
vt 1.000000 0.000000
vt 1.000000 1.000000
vt 0.000000 1.000000
vt 0.000000 0.000000
vt 1.000000 0.000000
vt 1.000000 1.000000
vt 0.000000 1.000000
vt 0.500000 1.000000
vt 0.000000 0.000000
vt 1.000000 0.000000
vt 0.500000 1.000000
vt 0.000000 0.000000
vt 1.000000 0.000000
vt 0.000000 0.000000
vt 1.000000 0.000000
vt 1.000000 1.000000
vt 0.000000 1.000000
vt 0.000000 0.000000
vt 1.000000 0.000000
vt 1.000000 1.000000
vt 0.000000 1.000000
vt 0.500000 1.000000
vt 0.000000 0.000000
vt 1.000000 0.000000
vt 0.500000 1.000000
vt 0.000000 0.000000
vt 1.000000 0.000000
vt 0.000000 0.000000
vt 1.000000 0.000000
vt 1.000000 1.000000
vt 0.000000 1.000000
vt 0.000000 0.000000
vt 1.000000 0.000000
vt 1.000000 1.000000
vt 0.000000 1.000000
vt 0.500000 1.000000
vt 0.000000 0.000000
vt 1.000000 0.000000
vt 0.500000 1.000000
vt 0.000000 0.000000
vt 1.000000 0.000000
vt 0.000000 0.000000
vt 1.000000 0.000000
vt 1.000000 1.000000
vt 0.000000 1.000000
vt 0.000000 0.000000
vt 1.000000 0.000000
vt 1.000000 1.000000
vt 0.000000 1.000000
vt 0.500000 1.000000
vt 0.000000 0.000000
vt 1.000000 0.000000
vt 0.500000 1.000000
vt 0.000000 0.000000
vt 1.000000 0.000000
vt 0.000000 0.000000
vt 1.000000 0.000000
vt 1.000000 1.000000
vt 0.000000 1.000000
vt 0.000000 0.000000
vt 1.000000 0.000000
vt 1.000000 1.000000
vt 0.000000 1.000000
vt 0.500000 1.000000
vt 0.000000 0.000000
vt 1.000000 0.000000
vt 0.500000 1.000000
vt 0.000000 0.000000
vt 1.000000 0.000000
vt 0.000000 0.000000
vt 1.000000 0.000000
vt 1.000000 1.000000
vt 0.000000 1.000000
vt 0.000000 0.000000
vt 1.000000 0.000000
vt 1.000000 1.000000
vt 0.000000 1.000000
vt 0.500000 1.000000
vt 0.000000 0.000000
vt 1.000000 0.000000
vt 0.500000 1.000000
vt 0.000000 0.000000
vt 1.000000 0.000000
vt 0.000000 0.000000
vt 1.000000 0.000000
vt 1.000000 1.000000
vt 0.000000 1.000000
vt 0.000000 0.000000
vt 1.000000 0.000000
vt 1.000000 1.000000
vt 0.000000 1.000000
vt 0.500000 1.000000
vt 0.000000 0.000000
vt 1.000000 0.000000
vt 0.500000 1.000000
vt 0.000000 0.000000
vt 1.000000 0.000000
vt 0.000000 0.000000
vt 1.000000 0.000000
vt 1.000000 1.000000
vt 0.000000 1.000000
vt 0.000000 0.000000
vt 1.000000 0.000000
vt 1.000000 1.000000
vt 0.000000 1.000000
vt 0.500000 1.000000
vt 0.000000 0.000000
vt 1.000000 0.000000
vt 0.500000 1.000000
vt 0.000000 0.000000
vt 1.000000 0.000000
vt 0.000000 0.000000
vt 1.000000 0.000000
vt 1.000000 1.000000
vt 0.000000 1.000000
vt 0.000000 0.000000
vt 1.000000 0.000000
vt 1.000000 1.000000
vt 0.000000 1.000000
vt 0.500000 1.000000
vt 0.000000 0.000000
vt 1.000000 0.000000
vt 0.500000 1.000000
vt 0.000000 0.000000
vt 1.000000 0.000000
vt 0.000000 0.000000
vt 1.000000 0.000000
vt 1.000000 1.000000
vt 0.000000 1.000000
vt 0.000000 0.000000
vt 1.000000 0.000000
vt 1.000000 1.000000
vt 0.000000 1.000000
vt 0.500000 1.000000
vt 0.000000 0.000000
vt 1.000000 0.000000
vt 0.500000 1.000000
vt 0.000000 0.000000
vt 1.000000 0.000000
vt 0.000000 0.000000
vt 1.000000 0.000000
vt 1.000000 1.000000
vt 0.000000 1.000000
vt 0.000000 0.000000
vt 1.000000 0.000000
vt 1.000000 1.000000
vt 0.000000 1.000000
vt 0.500000 1.000000
vt 0.000000 0.000000
vt 1.000000 0.000000
vt 0.500000 1.000000
vt 0.000000 0.000000
vt 1.000000 0.000000
vt 0.000000 0.000000
vt 1.000000 0.000000
vt 1.000000 1.000000
vt 0.000000 1.000000
vt 0.000000 0.000000
vt 1.000000 0.000000
vt 1.000000 1.000000
vt 0.000000 1.000000
vt 0.500000 1.000000
vt 0.000000 0.000000
vt 1.000000 0.000000
vt 0.500000 1.000000
vt 0.000000 0.000000
vt 1.000000 0.000000
vt 0.000000 0.000000
vt 1.000000 0.000000
vt 1.000000 1.000000
vt 0.000000 1.000000
vt 0.000000 0.000000
vt 1.000000 0.000000
vt 1.000000 1.000000
vt 0.000000 1.000000
vt 0.500000 1.000000
vt 0.000000 0.000000
vt 1.000000 0.000000
vt 0.500000 1.000000
vt 0.000000 0.000000
vt 1.000000 0.000000
vt 0.000000 0.000000
vt 1.000000 0.000000
vt 1.000000 1.000000
vt 0.000000 1.000000
vt 0.000000 0.000000
vt 1.000000 0.000000
vt 1.000000 1.000000
vt 0.000000 1.000000
vt 0.500000 1.000000
vt 0.000000 0.000000
vt 1.000000 0.000000
vt 0.500000 1.000000
vt 0.000000 0.000000
vt 1.000000 0.000000
vt 0.000000 0.000000
vt 1.000000 0.000000
vt 1.000000 1.000000
vt 0.000000 1.000000
vt 0.000000 0.000000
vt 1.000000 0.000000
vt 1.000000 1.000000
vt 0.000000 1.000000
vt 0.500000 1.000000
vt 0.000000 0.000000
vt 1.000000 0.000000
vt 0.500000 1.000000
vt 0.000000 0.000000
vt 1.000000 0.000000
vt 0.000000 0.000000
vt 1.000000 0.000000
vt 1.000000 1.000000
vt 0.000000 1.000000
vt 0.000000 0.000000
vt 1.000000 0.000000
vt 1.000000 1.000000
vt 0.000000 1.000000
vt 0.500000 1.000000
vt 0.000000 0.000000
vt 1.000000 0.000000
vt 0.500000 1.000000
vt 0.000000 0.000000
vt 1.000000 0.000000
vt 0.000000 0.000000
vt 1.000000 0.000000
vt 1.000000 1.000000
vt 0.000000 1.000000
vt 0.000000 0.000000
vt 1.000000 0.000000
vt 1.000000 1.000000
vt 0.000000 1.000000
vt 0.500000 1.000000
vt 0.000000 0.000000
vt 1.000000 0.000000
vt 0.500000 1.000000
vt 0.000000 0.000000
vt 1.000000 0.000000
vt 0.000000 0.000000
vt 1.000000 0.000000
vt 1.000000 1.000000
vt 0.000000 1.000000
vt 0.000000 0.000000
vt 1.000000 0.000000
vt 1.000000 1.000000
vt 0.000000 1.000000
vt 0.500000 1.000000
vt 0.000000 0.000000
vt 1.000000 0.000000
vt 0.500000 1.000000
vt 0.000000 0.000000
vt 1.000000 0.000000
vt 0.000000 0.000000
vt 1.000000 0.000000
vt 1.000000 1.000000
vt 0.000000 1.000000
vt 0.000000 0.000000
vt 1.000000 0.000000
vt 1.000000 1.000000
vt 0.000000 1.000000
vt 0.500000 1.000000
vt 0.000000 0.000000
vt 1.000000 0.000000
vt 0.500000 1.000000
vt 0.000000 0.000000
vt 1.000000 0.000000
vt 0.000000 0.000000
vt 1.000000 0.000000
vt 1.000000 1.000000
vt 0.000000 1.000000
vt 0.000000 0.000000
vt 1.000000 0.000000
vt 1.000000 1.000000
vt 0.000000 1.000000
vt 0.500000 1.000000
vt 0.000000 0.000000
vt 1.000000 0.000000
vt 0.500000 1.000000
vt 0.000000 0.000000
vt 1.000000 0.000000
vt 0.000000 0.000000
vt 1.000000 0.000000
vt 1.000000 1.000000
vt 0.000000 1.000000
vt 0.000000 0.000000
vt 1.000000 0.000000
vt 1.000000 1.000000
vt 0.000000 1.000000
vt 0.500000 1.000000
vt 0.000000 0.000000
vt 1.000000 0.000000
vt 0.500000 1.000000
vt 0.000000 0.000000
vt 1.000000 0.000000
vt 0.000000 0.000000
vt 1.000000 0.000000
vt 1.000000 1.000000
vt 0.000000 1.000000
vt 0.000000 0.000000
vt 1.000000 0.000000
vt 1.000000 1.000000
vt 0.000000 1.000000
vt 0.500000 1.000000
vt 0.000000 0.000000
vt 1.000000 0.000000
vt 0.500000 1.000000
vt 0.000000 0.000000
vt 1.000000 0.000000
vt 0.000000 0.000000
vt 1.000000 0.000000
vt 1.000000 1.000000
vt 0.000000 1.000000
vt 0.000000 0.000000
vt 1.000000 0.000000
vt 1.000000 1.000000
vt 0.000000 1.000000
vt 0.500000 1.000000
vt 0.000000 0.000000
vt 1.000000 0.000000
vt 0.500000 1.000000
vt 0.000000 0.000000
vt 1.000000 0.000000
vt 0.000000 0.000000
vt 1.000000 0.000000
vt 1.000000 1.000000
vt 0.000000 1.000000
vt 0.000000 0.000000
vt 1.000000 0.000000
vt 1.000000 1.000000
vt 0.000000 1.000000
vt 0.500000 1.000000
vt 0.000000 0.000000
vt 1.000000 0.000000
vt 0.500000 1.000000
vt 0.000000 0.000000
vt 1.000000 0.000000
vt 0.000000 0.000000
vt 1.000000 0.000000
vt 1.000000 1.000000
vt 0.000000 1.000000
vt 0.000000 0.000000
vt 1.000000 0.000000
vt 1.000000 1.000000
vt 0.000000 1.000000
vt 0.500000 1.000000
vt 0.000000 0.000000
vt 1.000000 0.000000
vt 0.500000 1.000000
vt 0.000000 0.000000
vt 1.000000 0.000000
vt 0.000000 0.000000
vt 1.000000 0.000000
vt 1.000000 1.000000
vt 0.000000 1.000000
vt 0.000000 0.000000
vt 1.000000 0.000000
vt 1.000000 1.000000
vt 0.000000 1.000000
vt 0.500000 1.000000
vt 0.000000 0.000000
vt 1.000000 0.000000
vt 0.500000 1.000000
vt 0.000000 0.000000
vt 1.000000 0.000000
vt 0.000000 0.000000
vt 1.000000 0.000000
vt 1.000000 1.000000
vt 0.000000 1.000000
vt 0.000000 0.000000
vt 1.000000 0.000000
vt 1.000000 1.000000
vt 0.000000 1.000000
vt 0.500000 1.000000
vt 0.000000 0.000000
vt 1.000000 0.000000
vt 0.500000 1.000000
vt 0.000000 0.000000
vt 1.000000 0.000000
vt 0.000000 0.000000
vt 1.000000 0.000000
vt 1.000000 1.000000
vt 0.000000 1.000000
vt 0.000000 0.000000
vt 1.000000 0.000000
vt 1.000000 1.000000
vt 0.000000 1.000000
vt 0.500000 1.000000
vt 0.000000 0.000000
vt 1.000000 0.000000
vt 0.500000 1.000000
vt 0.000000 0.000000
vt 1.000000 0.000000
vt 0.000000 0.000000
vt 1.000000 0.000000
vt 1.000000 1.000000
vt 0.000000 1.000000
vt 0.000000 0.000000
vt 1.000000 0.000000
vt 1.000000 1.000000
vt 0.000000 1.000000
vt 0.500000 1.000000
vt 0.000000 0.000000
vt 1.000000 0.000000
vt 0.500000 1.000000
vt 0.000000 0.000000
vt 1.000000 0.000000
vt 0.000000 0.000000
vt 1.000000 0.000000
vt 1.000000 1.000000
vt 0.000000 1.000000
vt 0.000000 0.000000
vt 1.000000 0.000000
vt 1.000000 1.000000
vt 0.000000 1.000000
vt 0.500000 1.000000
vt 0.000000 0.000000
vt 1.000000 0.000000
vt 0.500000 1.000000
vt 0.000000 0.000000
vt 1.000000 0.000000
vt 0.000000 0.000000
vt 1.000000 0.000000
vt 1.000000 1.000000
vt 0.000000 1.000000
vt 0.000000 0.000000
vt 1.000000 0.000000
vt 1.000000 1.000000
vt 0.000000 1.000000
vt 0.500000 1.000000
vt 0.000000 0.000000
vt 1.000000 0.000000
vt 0.500000 1.000000
vt 0.000000 0.000000
vt 1.000000 0.000000
vt 0.000000 0.000000
vt 1.000000 0.000000
vt 1.000000 1.000000
vt 0.000000 1.000000
vt 0.000000 0.000000
vt 1.000000 0.000000
vt 1.000000 1.000000
vt 0.000000 1.000000
vt 0.500000 1.000000
vt 0.000000 0.000000
vt 1.000000 0.000000
vt 0.500000 1.000000
vt 0.000000 0.000000
vt 1.000000 0.000000
vt 0.000000 0.000000
vt 1.000000 0.000000
vt 1.000000 1.000000
vt 0.000000 1.000000
vt 0.000000 0.000000
vt 1.000000 0.000000
vt 1.000000 1.000000
vt 0.000000 1.000000
vt 0.500000 1.000000
vt 0.000000 0.000000
vt 1.000000 0.000000
vt 0.500000 1.000000
vt 0.000000 0.000000
vt 1.000000 0.000000
vt 0.000000 0.000000
vt 1.000000 0.000000
vt 1.000000 1.000000
vt 0.000000 1.000000
vt 0.000000 0.000000
vt 1.000000 0.000000
vt 1.000000 1.000000
vt 0.000000 1.000000
vt 0.500000 1.000000
vt 0.000000 0.000000
vt 1.000000 0.000000
vt 0.500000 1.000000
vt 0.000000 0.000000
vt 1.000000 0.000000
vt 0.000000 0.000000
vt 1.000000 0.000000
vt 1.000000 1.000000
vt 0.000000 1.000000
vt 0.000000 0.000000
vt 1.000000 0.000000
vt 1.000000 1.000000
vt 0.000000 1.000000
vt 0.500000 1.000000
vt 0.000000 0.000000
vt 1.000000 0.000000
vt 0.500000 1.000000
vt 0.000000 0.000000
vt 1.000000 0.000000
vt 0.000000 0.000000
vt 1.000000 0.000000
vt 1.000000 1.000000
vt 0.000000 1.000000
vt 0.000000 0.000000
vt 1.000000 0.000000
vt 1.000000 1.000000
vt 0.000000 1.000000
vt 0.500000 1.000000
vt 0.000000 0.000000
vt 1.000000 0.000000
vt 0.500000 1.000000
vt 0.000000 0.000000
vt 1.000000 0.000000
vt 0.000000 0.000000
vt 1.000000 0.000000
vt 1.000000 1.000000
vt 0.000000 1.000000
vt 0.000000 0.000000
vt 1.000000 0.000000
vt 1.000000 1.000000
vt 0.000000 1.000000
vt 0.500000 1.000000
vt 0.000000 0.000000
vt 1.000000 0.000000
vt 0.500000 1.000000
vt 0.000000 0.000000
vt 1.000000 0.000000
vt 0.000000 0.000000
vt 1.000000 0.000000
vt 1.000000 1.000000
vt 0.000000 1.000000
vt 0.000000 0.000000
vt 1.000000 0.000000
vt 1.000000 1.000000
vt 0.000000 1.000000
vt 0.500000 1.000000
vt 0.000000 0.000000
vt 1.000000 0.000000
vt 0.500000 1.000000
vt 0.000000 0.000000
vt 1.000000 0.000000
vt 0.000000 0.000000
vt 1.000000 0.000000
vt 1.000000 1.000000
vt 0.000000 1.000000
vt 0.000000 0.000000
vt 1.000000 0.000000
vt 1.000000 1.000000
vt 0.000000 1.000000
vt 0.500000 1.000000
vt 0.000000 0.000000
vt 1.000000 0.000000
vt 0.500000 1.000000
vt 0.000000 0.000000
vt 1.000000 0.000000
vt 0.000000 0.000000
vt 1.000000 0.000000
vt 1.000000 1.000000
vt 0.000000 1.000000
vt 0.000000 0.000000
vt 1.000000 0.000000
vt 1.000000 1.000000
vt 0.000000 1.000000
vt 0.500000 1.000000
vt 0.000000 0.000000
vt 1.000000 0.000000
vt 0.500000 1.000000
vt 0.000000 0.000000
vt 1.000000 0.000000
vt 0.000000 0.000000
vt 1.000000 0.000000
vt 1.000000 1.000000
vt 0.000000 1.000000
vt 0.000000 0.000000
vt 1.000000 0.000000
vt 1.000000 1.000000
vt 0.000000 1.000000
vt 0.500000 1.000000
vt 0.000000 0.000000
vt 1.000000 0.000000
vt 0.500000 1.000000
vt 0.000000 0.000000
vt 1.000000 0.000000
vt 0.000000 0.000000
vt 1.000000 0.000000
vt 1.000000 1.000000
vt 0.000000 1.000000
vt 0.000000 0.000000
vt 1.000000 0.000000
vt 1.000000 1.000000
vt 0.000000 1.000000
vt 0.500000 1.000000
vt 0.000000 0.000000
vt 1.000000 0.000000
vt 0.500000 1.000000
vt 0.000000 0.000000
vt 1.000000 0.000000
vt 0.000000 0.000000
vt 1.000000 0.000000
vt 1.000000 1.000000
vt 0.000000 1.000000
vt 0.000000 0.000000
vt 1.000000 0.000000
vt 1.000000 1.000000
vt 0.000000 1.000000
vt 0.500000 1.000000
vt 0.000000 0.000000
vt 1.000000 0.000000
s 1
usemtl models/caelum/world/environment/bark_coast.png
f 1/1 2/2 3/3 4/4
f 5/5 6/6 7/7
f 8/8 9/9 10/10 11/11
f 12/12 13/13 14/14
f 15/15 16/16 17/17 18/18
f 19/19 20/20 21/21
f 22/22 23/23 24/24 25/25
f 26/26 27/27 28/28
f 29/29 30/30 31/31 32/32
f 33/33 34/34 35/35
f 36/36 37/37 38/38 39/39
f 40/40 41/41 42/42
f 43/43 44/44 45/45 46/46
f 47/47 48/48 49/49
f 50/50 51/51 52/52 53/53
f 54/54 55/55 56/56
f 57/57 58/58 59/59 60/60
f 61/61 62/62 63/63
f 64/64 65/65 66/66 67/67
f 68/68 69/69 70/70 71/71
f 72/72 73/73 74/74 75/75
f 76/76 77/77 78/78 79/79
f 80/80 81/81 82/82 83/83
f 84/84 85/85 86/86 87/87
f 88/88 89/89 90/90 91/91
f 92/92 93/93 94/94 95/95
f 96/96 97/97 98/98 99/99
f 100/100 101/101 102/102 103/103
f 104/104 105/105 106/106
f 107/107 108/108 109/109 110/110
f 111/111 112/112 113/113
f 114/114 115/115 116/116 117/117
f 118/118 119/119 120/120
f 121/121 122/122 123/123 124/124
f 125/125 126/126 127/127
f 128/128 129/129 130/130 131/131
f 132/132 133/133 134/134
f 135/135 136/136 137/137 138/138
f 139/139 140/140 141/141
f 142/142 143/143 144/144 145/145
f 146/146 147/147 148/148
f 149/149 150/150 151/151 152/152
f 153/153 154/154 155/155
f 156/156 157/157 158/158 159/159
f 160/160 161/161 162/162
f 163/163 164/164 165/165 166/166
f 167/167 168/168 169/169
f 170/170 171/171 172/172 173/173
f 174/174 175/175 176/176
f 177/177 178/178 179/179 180/180
f 181/181 182/182 183/183
f 184/184 185/185 186/186 187/187
f 188/188 189/189 190/190
f 191/191 192/192 193/193 194/194
f 195/195 196/196 197/197
f 198/198 199/199 200/200 201/201
f 202/202 203/203 204/204
f 205/205 206/206 207/207 208/208
f 209/209 210/210 211/211
f 212/212 213/213 214/214 215/215
f 216/216 217/217 218/218
f 219/219 220/220 221/221 222/222
f 223/223 224/224 225/225
f 226/226 227/227 228/228 229/229
f 230/230 231/231 232/232
f 233/233 234/234 235/235 236/236
f 237/237 238/238 239/239
f 240/240 241/241 242/242 243/243
f 244/244 245/245 246/246
f 247/247 248/248 249/249 250/250
f 251/251 252/252 253/253
f 254/254 255/255 256/256 257/257
f 258/258 259/259 260/260
f 261/261 262/262 263/263 264/264
f 265/265 266/266 267/267
f 268/268 269/269 270/270 271/271
f 272/272 273/273 274/274
f 275/275 276/276 277/277 278/278
f 279/279 280/280 281/281
f 282/282 283/283 284/284 285/285
f 286/286 287/287 288/288
f 289/289 290/290 291/291 292/292
f 293/293 294/294 295/295
f 296/296 297/297 298/298 299/299
f 300/300 301/301 302/302
f 303/303 304/304 305/305 306/306
f 307/307 308/308 309/309
f 310/310 311/311 312/312 313/313
f 314/314 315/315 316/316
f 317/317 318/318 319/319 320/320
f 321/321 322/322 323/323
f 324/324 325/325 326/326 327/327
f 328/328 329/329 330/330
f 331/331 332/332 333/333 334/334
f 335/335 336/336 337/337
f 338/338 339/339 340/340 341/341
f 342/342 343/343 344/344
f 345/345 346/346 347/347 348/348
f 349/349 350/350 351/351
f 352/352 353/353 354/354 355/355
f 356/356 357/357 358/358
f 359/359 360/360 361/361 362/362
f 363/363 364/364 365/365
f 366/366 367/367 368/368 369/369
f 370/370 371/371 372/372
f 373/373 374/374 375/375 376/376
f 377/377 378/378 379/379
f 380/380 381/381 382/382 383/383
f 384/384 385/385 386/386
f 387/387 388/388 389/389 390/390
f 391/391 392/392 393/393
f 394/394 395/395 396/396 397/397
f 398/398 399/399 400/400
f 401/401 402/402 403/403 404/404
f 405/405 406/406 407/407
f 408/408 409/409 410/410 411/411
f 412/412 413/413 414/414
f 415/415 416/416 417/417 418/418
f 419/419 420/420 421/421
f 422/422 423/423 424/424 425/425
f 426/426 427/427 428/428
f 429/429 430/430 431/431 432/432
f 433/433 434/434 435/435
f 436/436 437/437 438/438 439/439
f 440/440 441/441 442/442
f 443/443 444/444 445/445 446/446
f 447/447 448/448 449/449
f 450/450 451/451 452/452 453/453
f 454/454 455/455 456/456
f 457/457 458/458 459/459 460/460
f 461/461 462/462 463/463
f 464/464 465/465 466/466 467/467
f 468/468 469/469 470/470
f 471/471 472/472 473/473 474/474
f 475/475 476/476 477/477
f 478/478 479/479 480/480 481/481
f 482/482 483/483 484/484
f 485/485 486/486 487/487 488/488
f 489/489 490/490 491/491
f 492/492 493/493 494/494 495/495
f 496/496 497/497 498/498
f 499/499 500/500 501/501 502/502
f 503/503 504/504 505/505
f 506/506 507/507 508/508 509/509
f 510/510 511/511 512/512
f 513/513 514/514 515/515 516/516
f 517/517 518/518 519/519
f 520/520 521/521 522/522 523/523
f 524/524 525/525 526/526
f 527/527 528/528 529/529 530/530
f 531/531 532/532 533/533
f 534/534 535/535 536/536 537/537
f 538/538 539/539 540/540
f 541/541 542/542 543/543 544/544
f 545/545 546/546 547/547
f 548/548 549/549 550/550 551/551
f 552/552 553/553 554/554
f 555/555 556/556 557/557 558/558
f 559/559 560/560 561/561
f 562/562 563/563 564/564 565/565
f 566/566 567/567 568/568
f 569/569 570/570 571/571 572/572
f 573/573 574/574 575/575
f 576/576 577/577 578/578 579/579
f 580/580 581/581 582/582
f 583/583 584/584 585/585 586/586
f 587/587 588/588 589/589
f 590/590 591/591 592/592 593/593
f 594/594 595/595 596/596
f 597/597 598/598 599/599 600/600
f 601/601 602/602 603/603
f 604/604 605/605 606/606 607/607
f 608/608 609/609 610/610
f 611/611 612/612 613/613 614/614
f 615/615 616/616 617/617
f 618/618 619/619 620/620 621/621
f 622/622 623/623 624/624
f 625/625 626/626 627/627 628/628
f 629/629 630/630 631/631
f 632/632 633/633 634/634 635/635
f 636/636 637/637 638/638
f 639/639 640/640 641/641 642/642
f 643/643 644/644 645/645
f 646/646 647/647 648/648 649/649
f 650/650 651/651 652/652
f 653/653 654/654 655/655 656/656
f 657/657 658/658 659/659
f 660/660 661/661 662/662 663/663
f 664/664 665/665 666/666
f 667/667 668/668 669/669 670/670
f 671/671 672/672 673/673
f 674/674 675/675 676/676 677/677
f 678/678 679/679 680/680
f 681/681 682/682 683/683 684/684
f 685/685 686/686 687/687
f 688/688 689/689 690/690 691/691
f 692/692 693/693 694/694
f 695/695 696/696 697/697 698/698
f 699/699 700/700 701/701
f 702/702 703/703 704/704 705/705
f 706/706 707/707 708/708
f 709/709 710/710 711/711 712/712
f 713/713 714/714 715/715
f 716/716 717/717 718/718 719/719
f 720/720 721/721 722/722
f 723/723 724/724 725/725 726/726
f 727/727 728/728 729/729
f 730/730 731/731 732/732 733/733
f 734/734 735/735 736/736
f 737/737 738/738 739/739 740/740
f 741/741 742/742 743/743
f 744/744 745/745 746/746 747/747
f 748/748 749/749 750/750
f 751/751 752/752 753/753 754/754
f 755/755 756/756 757/757
f 758/758 759/759 760/760 761/761
f 762/762 763/763 764/764
f 765/765 766/766 767/767 768/768
f 769/769 770/770 771/771
f 772/772 773/773 774/774 775/775
f 776/776 777/777 778/778
f 779/779 780/780 781/781 782/782
f 783/783 784/784 785/785
f 786/786 787/787 788/788 789/789
f 790/790 791/791 792/792
f 793/793 794/794 795/795 796/796
f 797/797 798/798 799/799
f 800/800 801/801 802/802 803/803
f 804/804 805/805 806/806
f 807/807 808/808 809/809 810/810
f 811/811 812/812 813/813
f 814/814 815/815 816/816 817/817
f 818/818 819/819 820/820
f 821/821 822/822 823/823 824/824
f 825/825 826/826 827/827
f 828/828 829/829 830/830 831/831
f 832/832 833/833 834/834
f 835/835 836/836 837/837 838/838
f 839/839 840/840 841/841
f 842/842 843/843 844/844 845/845
f 846/846 847/847 848/848
f 849/849 850/850 851/851 852/852
f 853/853 854/854 855/855
f 856/856 857/857 858/858 859/859
f 860/860 861/861 862/862
f 863/863 864/864 865/865 866/866
f 867/867 868/868 869/869
f 870/870 871/871 872/872 873/873
f 874/874 875/875 876/876
f 877/877 878/878 879/879 880/880
f 881/881 882/882 883/883
f 884/884 885/885 886/886 887/887
f 888/888 889/889 890/890
f 891/891 892/892 893/893 894/894
f 895/895 896/896 897/897
f 898/898 899/899 900/900 901/901
f 902/902 903/903 904/904
f 905/905 906/906 907/907 908/908
f 909/909 910/910 911/911
f 912/912 913/913 914/914 915/915
f 916/916 917/917 918/918
usemtl models/caelum/world/environment/foliage_coast.png
f 919/919 920/920 921/921
f 922/922 923/923 924/924 925/925
f 926/926 927/927 928/928 929/929
f 930/930 931/931 932/932
f 933/933 934/934 935/935
f 936/936 937/937 938/938 939/939
f 940/940 941/941 942/942 943/943
f 944/944 945/945 946/946
f 947/947 948/948 949/949
f 950/950 951/951 952/952 953/953
f 954/954 955/955 956/956 957/957
f 958/958 959/959 960/960
f 961/961 962/962 963/963
f 964/964 965/965 966/966 967/967
f 968/968 969/969 970/970 971/971
f 972/972 973/973 974/974
f 975/975 976/976 977/977
f 978/978 979/979 980/980 981/981
f 982/982 983/983 984/984 985/985
f 986/986 987/987 988/988
f 989/989 990/990 991/991
f 992/992 993/993 994/994 995/995
f 996/996 997/997 998/998 999/999
f 1000/1000 1001/1001 1002/1002
f 1003/1003 1004/1004 1005/1005
f 1006/1006 1007/1007 1008/1008 1009/1009
f 1010/1010 1011/1011 1012/1012 1013/1013
f 1014/1014 1015/1015 1016/1016
f 1017/1017 1018/1018 1019/1019
f 1020/1020 1021/1021 1022/1022 1023/1023
f 1024/1024 1025/1025 1026/1026 1027/1027
f 1028/1028 1029/1029 1030/1030
f 1031/1031 1032/1032 1033/1033
f 1034/1034 1035/1035 1036/1036 1037/1037
f 1038/1038 1039/1039 1040/1040 1041/1041
f 1042/1042 1043/1043 1044/1044
f 1045/1045 1046/1046 1047/1047
f 1048/1048 1049/1049 1050/1050 1051/1051
f 1052/1052 1053/1053 1054/1054 1055/1055
f 1056/1056 1057/1057 1058/1058
f 1059/1059 1060/1060 1061/1061
f 1062/1062 1063/1063 1064/1064 1065/1065
f 1066/1066 1067/1067 1068/1068 1069/1069
f 1070/1070 1071/1071 1072/1072
f 1073/1073 1074/1074 1075/1075
f 1076/1076 1077/1077 1078/1078 1079/1079
f 1080/1080 1081/1081 1082/1082 1083/1083
f 1084/1084 1085/1085 1086/1086
f 1087/1087 1088/1088 1089/1089
f 1090/1090 1091/1091 1092/1092 1093/1093
f 1094/1094 1095/1095 1096/1096 1097/1097
f 1098/1098 1099/1099 1100/1100
f 1101/1101 1102/1102 1103/1103
f 1104/1104 1105/1105 1106/1106 1107/1107
f 1108/1108 1109/1109 1110/1110 1111/1111
f 1112/1112 1113/1113 1114/1114
f 1115/1115 1116/1116 1117/1117
f 1118/1118 1119/1119 1120/1120 1121/1121
f 1122/1122 1123/1123 1124/1124 1125/1125
f 1126/1126 1127/1127 1128/1128
f 1129/1129 1130/1130 1131/1131
f 1132/1132 1133/1133 1134/1134 1135/1135
f 1136/1136 1137/1137 1138/1138 1139/1139
f 1140/1140 1141/1141 1142/1142
f 1143/1143 1144/1144 1145/1145
f 1146/1146 1147/1147 1148/1148 1149/1149
f 1150/1150 1151/1151 1152/1152 1153/1153
f 1154/1154 1155/1155 1156/1156
f 1157/1157 1158/1158 1159/1159
f 1160/1160 1161/1161 1162/1162 1163/1163
f 1164/1164 1165/1165 1166/1166 1167/1167
f 1168/1168 1169/1169 1170/1170
f 1171/1171 1172/1172 1173/1173
f 1174/1174 1175/1175 1176/1176 1177/1177
f 1178/1178 1179/1179 1180/1180 1181/1181
f 1182/1182 1183/1183 1184/1184
f 1185/1185 1186/1186 1187/1187
f 1188/1188 1189/1189 1190/1190 1191/1191
f 1192/1192 1193/1193 1194/1194 1195/1195
f 1196/1196 1197/1197 1198/1198
f 1199/1199 1200/1200 1201/1201
f 1202/1202 1203/1203 1204/1204 1205/1205
f 1206/1206 1207/1207 1208/1208 1209/1209
f 1210/1210 1211/1211 1212/1212
f 1213/1213 1214/1214 1215/1215
f 1216/1216 1217/1217 1218/1218 1219/1219
f 1220/1220 1221/1221 1222/1222 1223/1223
f 1224/1224 1225/1225 1226/1226
f 1227/1227 1228/1228 1229/1229
f 1230/1230 1231/1231 1232/1232 1233/1233
f 1234/1234 1235/1235 1236/1236 1237/1237
f 1238/1238 1239/1239 1240/1240
f 1241/1241 1242/1242 1243/1243
f 1244/1244 1245/1245 1246/1246 1247/1247
f 1248/1248 1249/1249 1250/1250 1251/1251
f 1252/1252 1253/1253 1254/1254
f 1255/1255 1256/1256 1257/1257
f 1258/1258 1259/1259 1260/1260 1261/1261
f 1262/1262 1263/1263 1264/1264 1265/1265
f 1266/1266 1267/1267 1268/1268
f 1269/1269 1270/1270 1271/1271
f 1272/1272 1273/1273 1274/1274 1275/1275
f 1276/1276 1277/1277 1278/1278 1279/1279
f 1280/1280 1281/1281 1282/1282
f 1283/1283 1284/1284 1285/1285
f 1286/1286 1287/1287 1288/1288 1289/1289
f 1290/1290 1291/1291 1292/1292 1293/1293
f 1294/1294 1295/1295 1296/1296
f 1297/1297 1298/1298 1299/1299
f 1300/1300 1301/1301 1302/1302 1303/1303
f 1304/1304 1305/1305 1306/1306 1307/1307
f 1308/1308 1309/1309 1310/1310
f 1311/1311 1312/1312 1313/1313
f 1314/1314 1315/1315 1316/1316 1317/1317
f 1318/1318 1319/1319 1320/1320 1321/1321
f 1322/1322 1323/1323 1324/1324
f 1325/1325 1326/1326 1327/1327
f 1328/1328 1329/1329 1330/1330 1331/1331
f 1332/1332 1333/1333 1334/1334 1335/1335
f 1336/1336 1337/1337 1338/1338
f 1339/1339 1340/1340 1341/1341
f 1342/1342 1343/1343 1344/1344 1345/1345
f 1346/1346 1347/1347 1348/1348 1349/1349
f 1350/1350 1351/1351 1352/1352
f 1353/1353 1354/1354 1355/1355
f 1356/1356 1357/1357 1358/1358 1359/1359
f 1360/1360 1361/1361 1362/1362 1363/1363
f 1364/1364 1365/1365 1366/1366
f 1367/1367 1368/1368 1369/1369
f 1370/1370 1371/1371 1372/1372 1373/1373
f 1374/1374 1375/1375 1376/1376 1377/1377
f 1378/1378 1379/1379 1380/1380
f 1381/1381 1382/1382 1383/1383
f 1384/1384 1385/1385 1386/1386 1387/1387
f 1388/1388 1389/1389 1390/1390 1391/1391
f 1392/1392 1393/1393 1394/1394
f 1395/1395 1396/1396 1397/1397
f 1398/1398 1399/1399 1400/1400 1401/1401
f 1402/1402 1403/1403 1404/1404 1405/1405
f 1406/1406 1407/1407 1408/1408
f 1409/1409 1410/1410 1411/1411
f 1412/1412 1413/1413 1414/1414 1415/1415
f 1416/1416 1417/1417 1418/1418 1419/1419
f 1420/1420 1421/1421 1422/1422
f 1423/1423 1424/1424 1425/1425
f 1426/1426 1427/1427 1428/1428 1429/1429
f 1430/1430 1431/1431 1432/1432 1433/1433
f 1434/1434 1435/1435 1436/1436
f 1437/1437 1438/1438 1439/1439
f 1440/1440 1441/1441 1442/1442 1443/1443
f 1444/1444 1445/1445 1446/1446 1447/1447
f 1448/1448 1449/1449 1450/1450
f 1451/1451 1452/1452 1453/1453
f 1454/1454 1455/1455 1456/1456 1457/1457
f 1458/1458 1459/1459 1460/1460 1461/1461
f 1462/1462 1463/1463 1464/1464
f 1465/1465 1466/1466 1467/1467
f 1468/1468 1469/1469 1470/1470 1471/1471
f 1472/1472 1473/1473 1474/1474 1475/1475
f 1476/1476 1477/1477 1478/1478
f 1479/1479 1480/1480 1481/1481
f 1482/1482 1483/1483 1484/1484 1485/1485
f 1486/1486 1487/1487 1488/1488 1489/1489
f 1490/1490 1491/1491 1492/1492
f 1493/1493 1494/1494 1495/1495
f 1496/1496 1497/1497 1498/1498 1499/1499
f 1500/1500 1501/1501 1502/1502 1503/1503
f 1504/1504 1505/1505 1506/1506
f 1507/1507 1508/1508 1509/1509
f 1510/1510 1511/1511 1512/1512 1513/1513
f 1514/1514 1515/1515 1516/1516 1517/1517
f 1518/1518 1519/1519 1520/1520
f 1521/1521 1522/1522 1523/1523
f 1524/1524 1525/1525 1526/1526 1527/1527
f 1528/1528 1529/1529 1530/1530 1531/1531
f 1532/1532 1533/1533 1534/1534
f 1535/1535 1536/1536 1537/1537
f 1538/1538 1539/1539 1540/1540 1541/1541
f 1542/1542 1543/1543 1544/1544 1545/1545
f 1546/1546 1547/1547 1548/1548
f 1549/1549 1550/1550 1551/1551
f 1552/1552 1553/1553 1554/1554 1555/1555
f 1556/1556 1557/1557 1558/1558 1559/1559
f 1560/1560 1561/1561 1562/1562
f 1563/1563 1564/1564 1565/1565
f 1566/1566 1567/1567 1568/1568 1569/1569
f 1570/1570 1571/1571 1572/1572 1573/1573
f 1574/1574 1575/1575 1576/1576
f 1577/1577 1578/1578 1579/1579
f 1580/1580 1581/1581 1582/1582 1583/1583
f 1584/1584 1585/1585 1586/1586 1587/1587
f 1588/1588 1589/1589 1590/1590
f 1591/1591 1592/1592 1593/1593
f 1594/1594 1595/1595 1596/1596 1597/1597
f 1598/1598 1599/1599 1600/1600 1601/1601
f 1602/1602 1603/1603 1604/1604
f 1605/1605 1606/1606 1607/1607
f 1608/1608 1609/1609 1610/1610 1611/1611
f 1612/1612 1613/1613 1614/1614 1615/1615
f 1616/1616 1617/1617 1618/1618
f 1619/1619 1620/1620 1621/1621
f 1622/1622 1623/1623 1624/1624 1625/1625
f 1626/1626 1627/1627 1628/1628 1629/1629
f 1630/1630 1631/1631 1632/1632
f 1633/1633 1634/1634 1635/1635
f 1636/1636 1637/1637 1638/1638 1639/1639
f 1640/1640 1641/1641 1642/1642 1643/1643
f 1644/1644 1645/1645 1646/1646
f 1647/1647 1648/1648 1649/1649
f 1650/1650 1651/1651 1652/1652 1653/1653
f 1654/1654 1655/1655 1656/1656 1657/1657
f 1658/1658 1659/1659 1660/1660
f 1661/1661 1662/1662 1663/1663
f 1664/1664 1665/1665 1666/1666 1667/1667
f 1668/1668 1669/1669 1670/1670 1671/1671
f 1672/1672 1673/1673 1674/1674
f 1675/1675 1676/1676 1677/1677
f 1678/1678 1679/1679 1680/1680 1681/1681
f 1682/1682 1683/1683 1684/1684 1685/1685
f 1686/1686 1687/1687 1688/1688
f 1689/1689 1690/1690 1691/1691
f 1692/1692 1693/1693 1694/1694 1695/1695
f 1696/1696 1697/1697 1698/1698 1699/1699
f 1700/1700 1701/1701 1702/1702
f 1703/1703 1704/1704 1705/1705
f 1706/1706 1707/1707 1708/1708 1709/1709
f 1710/1710 1711/1711 1712/1712 1713/1713
f 1714/1714 1715/1715 1716/1716
f 1717/1717 1718/1718 1719/1719
f 1720/1720 1721/1721 1722/1722 1723/1723
f 1724/1724 1725/1725 1726/1726 1727/1727
f 1728/1728 1729/1729 1730/1730
f 1731/1731 1732/1732 1733/1733
f 1734/1734 1735/1735 1736/1736 1737/1737
f 1738/1738 1739/1739 1740/1740 1741/1741
f 1742/1742 1743/1743 1744/1744
f 1745/1745 1746/1746 1747/1747
f 1748/1748 1749/1749 1750/1750 1751/1751
f 1752/1752 1753/1753 1754/1754 1755/1755
f 1756/1756 1757/1757 1758/1758
f 1759/1759 1760/1760 1761/1761
f 1762/1762 1763/1763 1764/1764 1765/1765
f 1766/1766 1767/1767 1768/1768 1769/1769
f 1770/1770 1771/1771 1772/1772
f 1773/1773 1774/1774 1775/1775
f 1776/1776 1777/1777 1778/1778 1779/1779
f 1780/1780 1781/1781 1782/1782 1783/1783
f 1784/1784 1785/1785 1786/1786
f 1787/1787 1788/1788 1789/1789
f 1790/1790 1791/1791 1792/1792 1793/1793
f 1794/1794 1795/1795 1796/1796 1797/1797
f 1798/1798 1799/1799 1800/1800
f 1801/1801 1802/1802 1803/1803
f 1804/1804 1805/1805 1806/1806 1807/1807
f 1808/1808 1809/1809 1810/1810 1811/1811
f 1812/1812 1813/1813 1814/1814
f 1815/1815 1816/1816 1817/1817
f 1818/1818 1819/1819 1820/1820 1821/1821
f 1822/1822 1823/1823 1824/1824 1825/1825
f 1826/1826 1827/1827 1828/1828
f 1829/1829 1830/1830 1831/1831
f 1832/1832 1833/1833 1834/1834 1835/1835
f 1836/1836 1837/1837 1838/1838 1839/1839
f 1840/1840 1841/1841 1842/1842
f 1843/1843 1844/1844 1845/1845
f 1846/1846 1847/1847 1848/1848 1849/1849
f 1850/1850 1851/1851 1852/1852 1853/1853
f 1854/1854 1855/1855 1856/1856
f 1857/1857 1858/1858 1859/1859
f 1860/1860 1861/1861 1862/1862 1863/1863
f 1864/1864 1865/1865 1866/1866 1867/1867
f 1868/1868 1869/1869 1870/1870
f 1871/1871 1872/1872 1873/1873
f 1874/1874 1875/1875 1876/1876 1877/1877
f 1878/1878 1879/1879 1880/1880 1881/1881
f 1882/1882 1883/1883 1884/1884
f 1885/1885 1886/1886 1887/1887
f 1888/1888 1889/1889 1890/1890 1891/1891
f 1892/1892 1893/1893 1894/1894 1895/1895
f 1896/1896 1897/1897 1898/1898
f 1899/1899 1900/1900 1901/1901
f 1902/1902 1903/1903 1904/1904 1905/1905
f 1906/1906 1907/1907 1908/1908 1909/1909
f 1910/1910 1911/1911 1912/1912
f 1913/1913 1914/1914 1915/1915
f 1916/1916 1917/1917 1918/1918 1919/1919
f 1920/1920 1921/1921 1922/1922 1923/1923
f 1924/1924 1925/1925 1926/1926
f 1927/1927 1928/1928 1929/1929
f 1930/1930 1931/1931 1932/1932 1933/1933
f 1934/1934 1935/1935 1936/1936 1937/1937
f 1938/1938 1939/1939 1940/1940
f 1941/1941 1942/1942 1943/1943
f 1944/1944 1945/1945 1946/1946 1947/1947
f 1948/1948 1949/1949 1950/1950 1951/1951
f 1952/1952 1953/1953 1954/1954
f 1955/1955 1956/1956 1957/1957
f 1958/1958 1959/1959 1960/1960 1961/1961
f 1962/1962 1963/1963 1964/1964 1965/1965
f 1966/1966 1967/1967 1968/1968
f 1969/1969 1970/1970 1971/1971
f 1972/1972 1973/1973 1974/1974 1975/1975
f 1976/1976 1977/1977 1978/1978 1979/1979
f 1980/1980 1981/1981 1982/1982
f 1983/1983 1984/1984 1985/1985
f 1986/1986 1987/1987 1988/1988 1989/1989
f 1990/1990 1991/1991 1992/1992 1993/1993
f 1994/1994 1995/1995 1996/1996
f 1997/1997 1998/1998 1999/1999
f 2000/2000 2001/2001 2002/2002 2003/2003
f 2004/2004 2005/2005 2006/2006 2007/2007
f 2008/2008 2009/2009 2010/2010
f 2011/2011 2012/2012 2013/2013
f 2014/2014 2015/2015 2016/2016 2017/2017
f 2018/2018 2019/2019 2020/2020 2021/2021
f 2022/2022 2023/2023 2024/2024
f 2025/2025 2026/2026 2027/2027
f 2028/2028 2029/2029 2030/2030 2031/2031
f 2032/2032 2033/2033 2034/2034 2035/2035
f 2036/2036 2037/2037 2038/2038
