# Modelo original generado para Caelum Argenteum.
# Ejes OBJ: X ancho, Y altura, Z profundidad.
o ca_tree_plains_tala2
v 0.000000 -0.075674 -9.999714
v -6.427313 0.027144 -7.660869
v -3.886046 41.458730 -5.599600
v 0.548800 41.387785 -7.213402
v 0.000000 0.000000 0.000000
v -6.427313 0.027144 -7.660869
v 0.000000 -0.075674 -9.999714
v -6.427313 0.027144 -7.660869
v -9.847214 0.117261 -1.737419
v -6.245778 41.520910 -1.512419
v -3.886046 41.458730 -5.599600
v 0.000000 0.000000 0.000000
v -9.847214 0.117261 -1.737419
v -6.427313 0.027144 -7.660869
v -9.847214 0.117261 -1.737419
v -8.659495 0.152510 4.998989
v -5.426251 41.545232 3.135702
v -6.245778 41.520910 -1.512419
v 0.000000 0.000000 0.000000
v -8.659495 0.152510 4.998989
v -9.847214 0.117261 -1.737419
v -8.659495 0.152510 4.998989
v -3.419902 0.116398 9.396314
v -1.810932 41.520315 6.169857
v -5.426251 41.545232 3.135702
v 0.000000 0.000000 0.000000
v -3.419902 0.116398 9.396314
v -8.659495 0.152510 4.998989
v -3.419902 0.116398 9.396314
v 3.419902 0.025822 9.397000
v 2.908532 41.457817 6.170330
v -1.810932 41.520315 6.169857
v 0.000000 0.000000 0.000000
v 3.419902 0.025822 9.397000
v -3.419902 0.116398 9.396314
v 3.419902 0.025822 9.397000
v 8.659495 -0.076836 5.000725
v 6.523851 41.386983 3.136900
v 2.908532 41.457817 6.170330
v 0.000000 0.000000 0.000000
v 8.659495 -0.076836 5.000725
v 3.419902 0.025822 9.397000
v 8.659495 -0.076836 5.000725
v 9.847214 -0.143542 -1.735445
v 7.343378 41.340956 -1.511057
v 6.523851 41.386983 3.136900
v 0.000000 0.000000 0.000000
v 9.847214 -0.143542 -1.735445
v 8.659495 -0.076836 5.000725
v 9.847214 -0.143542 -1.735445
v 6.427313 -0.143083 -7.659581
v 4.983646 41.341273 -5.598711
v 7.343378 41.340956 -1.511057
v 0.000000 0.000000 0.000000
v 6.427313 -0.143083 -7.659581
v 9.847214 -0.143542 -1.735445
v 6.427313 -0.143083 -7.659581
v 0.000000 -0.075674 -9.999714
v 0.548800 41.387785 -7.213402
v 4.983646 41.341273 -5.598711
v 0.000000 0.000000 0.000000
v 0.000000 -0.075674 -9.999714
v 6.427313 -0.143083 -7.659581
v -0.276624 41.323136 -7.163054
v -4.483703 41.528370 -5.033357
v -0.878723 77.008668 -3.680886
v 1.438219 76.895640 -4.853763
v -4.483703 41.528370 -5.033357
v -6.336018 41.692255 -0.695233
v -1.898839 77.098923 -1.291775
v -0.878723 77.008668 -3.680886
v -6.336018 41.692255 -0.695233
v -4.966851 41.738107 3.821461
v -1.144805 77.124175 1.195680
v -1.898839 77.098923 -1.291775
v -4.966851 41.738107 3.821461
v -1.016848 41.644471 6.403314
v 1.030559 77.072607 2.617570
v -1.144805 77.124175 1.195680
v -1.016848 41.644471 6.403314
v 3.665738 41.455161 5.842248
v 3.609374 76.968350 2.308577
v 1.030559 77.072607 2.617570
v 3.665738 41.455161 5.842248
v 6.889874 41.258757 2.400793
v 5.384986 76.860185 0.413283
v 3.609374 76.968350 2.308577
v 6.889874 41.258757 2.400793
v 7.146952 41.147158 -2.310758
v 5.526565 76.798725 -2.181484
v 5.384986 76.860185 0.413283
v 7.146952 41.147158 -2.310758
v 4.316680 41.172584 -6.087816
v 3.967865 76.812727 -4.261603
v 5.526565 76.798725 -2.181484
v 4.316680 41.172584 -6.087816
v -0.276624 41.323136 -7.163054
v 1.438219 76.895640 -4.853763
v 3.967865 76.812727 -4.261603
v 0.991028 76.890338 -4.772393
v -1.166645 77.062299 -3.333118
v 2.866418 103.618845 -2.374753
v 3.263884 103.587168 -2.639883
v 3.430000 103.600000 -1.960000
v 3.263884 103.587168 -2.639883
v 2.866418 103.618845 -2.374753
v -1.166645 77.062299 -3.333118
v -1.892769 77.186393 -0.840333
v 2.732658 103.641704 -1.915556
v 2.866418 103.618845 -2.374753
v 3.430000 103.600000 -1.960000
v 2.866418 103.618845 -2.374753
v 2.732658 103.641704 -1.915556
v -1.892769 77.186393 -0.840333
v -0.847584 77.204555 1.539561
v 2.925192 103.645050 -1.477154
v 2.732658 103.641704 -1.915556
v 3.430000 103.600000 -1.960000
v 2.732658 103.641704 -1.915556
v 2.925192 103.645050 -1.477154
v -0.847584 77.204555 1.539561
v 1.479857 77.108287 2.692985
v 3.353932 103.627316 -1.264682
v 2.925192 103.645050 -1.477154
v 3.430000 103.600000 -1.960000
v 2.925192 103.645050 -1.477154
v 3.353932 103.627316 -1.264682
v 1.479857 77.108287 2.692985
v 4.000519 76.942634 2.080238
v 3.818264 103.596801 -1.377556
v 3.353932 103.627316 -1.264682
v 3.430000 103.600000 -1.960000
v 3.353932 103.627316 -1.264682
v 3.818264 103.596801 -1.377556
v 4.000519 76.942634 2.080238
v 5.534956 76.785107 -0.011968
v 4.100923 103.567783 -1.762963
v 3.818264 103.596801 -1.377556
v 3.430000 103.600000 -1.960000
v 3.818264 103.596801 -1.377556
v 4.100923 103.567783 -1.762963
v 5.534956 76.785107 -0.011968
v 5.365187 76.709414 -2.604667
v 4.069650 103.553839 -2.240565
v 4.100923 103.567783 -1.762963
v 3.430000 103.600000 -1.960000
v 4.100923 103.567783 -1.762963
v 4.069650 103.553839 -2.240565
v 5.365187 76.709414 -2.604667
v 3.570650 76.750973 -4.484705
v 3.739078 103.561495 -2.586888
v 4.069650 103.553839 -2.240565
v 3.430000 103.600000 -1.960000
v 4.069650 103.553839 -2.240565
v 3.739078 103.561495 -2.586888
v 3.570650 76.750973 -4.484705
v 0.991028 76.890338 -4.772393
v 3.263884 103.587168 -2.639883
v 3.739078 103.561495 -2.586888
v 3.430000 103.600000 -1.960000
v 3.739078 103.561495 -2.586888
v 3.263884 103.587168 -2.639883
v 2.812028 93.293715 -4.158058
v 1.573489 95.394651 -3.251814
v 23.127481 107.748381 -4.861655
v 23.560970 107.013053 -5.178841
v 2.812028 93.804249 -1.606873
v 1.573489 95.394651 -3.251814
v 2.812028 93.293715 -4.158058
v 1.573489 95.394651 -3.251814
v 1.573489 95.905184 -0.700629
v 23.127481 107.927068 -3.968740
v 23.127481 107.748381 -4.861655
v 2.812028 93.804249 -1.606873
v 1.573489 95.905184 -0.700629
v 1.573489 95.394651 -3.251814
v 1.573489 95.905184 -0.700629
v 2.812028 94.314782 0.944312
v 23.560970 107.370427 -3.393011
v 23.127481 107.927068 -3.968740
v 2.812028 93.804249 -1.606873
v 2.812028 94.314782 0.944312
v 1.573489 95.905184 -0.700629
v 2.812028 94.314782 0.944312
v 4.050567 92.213846 0.038068
v 23.994459 106.635099 -3.710197
v 23.560970 107.370427 -3.393011
v 2.812028 93.804249 -1.606873
v 4.050567 92.213846 0.038068
v 2.812028 94.314782 0.944312
v 4.050567 92.213846 0.038068
v 4.050567 91.703313 -2.513117
v 23.994459 106.456413 -4.603111
v 23.994459 106.635099 -3.710197
v 2.812028 93.804249 -1.606873
v 4.050567 91.703313 -2.513117
v 4.050567 92.213846 0.038068
v 4.050567 91.703313 -2.513117
v 2.812028 93.293715 -4.158058
v 23.560970 107.013053 -5.178841
v 23.994459 106.456413 -4.603111
v 2.812028 93.804249 -1.606873
v 2.812028 93.293715 -4.158058
v 4.050567 91.703313 -2.513117
v 23.728400 107.093895 -3.396196
v 23.974329 106.440076 -3.980375
v 45.919018 119.091906 -7.584040
v 46.129814 118.531489 -8.084765
v 46.273326 118.447622 -7.322139
v 46.129814 118.531489 -8.084765
v 45.919018 119.091906 -7.584040
v 23.974329 106.440076 -3.980375
v 23.806898 106.537921 -4.870105
v 46.062530 119.008039 -6.821414
v 45.919018 119.091906 -7.584040
v 46.273326 118.447622 -7.322139
v 45.919018 119.091906 -7.584040
v 46.062530 119.008039 -6.821414
v 23.806898 106.537921 -4.870105
v 23.393539 107.289585 -5.175656
v 46.416838 118.363755 -6.559514
v 46.062530 119.008039 -6.821414
v 46.273326 118.447622 -7.322139
v 46.062530 119.008039 -6.821414
v 46.416838 118.363755 -6.559514
v 23.393539 107.289585 -5.175656
v 23.147611 107.943404 -4.591477
v 46.627634 117.803339 -7.060239
v 46.416838 118.363755 -6.559514
v 46.273326 118.447622 -7.322139
v 46.416838 118.363755 -6.559514
v 46.627634 117.803339 -7.060239
v 23.147611 107.943404 -4.591477
v 23.315041 107.845559 -3.701747
v 46.484122 117.887206 -7.822864
v 46.627634 117.803339 -7.060239
v 46.273326 118.447622 -7.322139
v 46.627634 117.803339 -7.060239
v 46.484122 117.887206 -7.822864
v 23.315041 107.845559 -3.701747
v 23.728400 107.093895 -3.396196
v 46.129814 118.531489 -8.084765
v 46.484122 117.887206 -7.822864
v 46.273326 118.447622 -7.322139
v 46.484122 117.887206 -7.822864
v 46.129814 118.531489 -8.084765
v 1.743656 75.557798 -2.879548
v 0.230347 75.891871 -0.877632
v 24.038318 90.769576 13.596268
v 24.567976 90.652651 12.895597
v 1.743656 73.865748 -0.996375
v 0.230347 75.891871 -0.877632
v 1.743656 75.557798 -2.879548
v 0.230347 75.891871 -0.877632
v 0.230347 74.199821 1.005541
v 24.038318 90.177358 14.255379
v 24.038318 90.769576 13.596268
v 1.743656 73.865748 -0.996375
v 0.230347 74.199821 1.005541
v 0.230347 75.891871 -0.877632
v 0.230347 74.199821 1.005541
v 1.743656 72.173698 0.886799
v 24.567976 89.468216 14.213819
v 24.038318 90.177358 14.255379
v 1.743656 73.865748 -0.996375
v 1.743656 72.173698 0.886799
v 0.230347 74.199821 1.005541
v 1.743656 72.173698 0.886799
v 3.256965 71.839626 -1.115117
v 25.097634 89.351290 13.513148
v 24.567976 89.468216 14.213819
v 1.743656 73.865748 -0.996375
v 3.256965 71.839626 -1.115117
v 1.743656 72.173698 0.886799
v 3.256965 71.839626 -1.115117
v 3.256965 73.531676 -2.998291
v 25.097634 89.943508 12.854038
v 25.097634 89.351290 13.513148
v 1.743656 73.865748 -0.996375
v 3.256965 73.531676 -2.998291
v 3.256965 71.839626 -1.115117
v 3.256965 73.531676 -2.998291
v 1.743656 75.557798 -2.879548
v 24.567976 90.652651 12.895597
v 25.097634 89.943508 12.854038
v 1.743656 73.865748 -0.996375
v 1.743656 75.557798 -2.879548
v 3.256965 73.531676 -2.998291
v 24.500722 90.789346 13.055398
v 24.051315 90.730886 13.816820
v 49.882481 102.521930 29.010683
v 49.497275 102.471822 29.663331
v 49.439628 103.096604 29.235350
v 49.497275 102.471822 29.663331
v 49.882481 102.521930 29.010683
v 24.051315 90.730886 13.816820
v 24.118569 90.001973 14.316131
v 49.824834 103.146713 28.582702
v 49.882481 102.521930 29.010683
v 49.439628 103.096604 29.235350
v 49.882481 102.521930 29.010683
v 49.824834 103.146713 28.582702
v 24.118569 90.001973 14.316131
v 24.635231 89.331520 14.054019
v 49.381981 103.721387 28.807370
v 49.824834 103.146713 28.582702
v 49.439628 103.096604 29.235350
v 49.824834 103.146713 28.582702
v 49.381981 103.721387 28.807370
v 24.635231 89.331520 14.054019
v 25.084638 89.389980 13.292596
v 48.996775 103.671278 29.460018
v 49.381981 103.721387 28.807370
v 49.439628 103.096604 29.235350
v 49.381981 103.721387 28.807370
v 48.996775 103.671278 29.460018
v 25.084638 89.389980 13.292596
v 25.017383 90.118893 12.793286
v 49.054422 103.046495 29.887998
v 48.996775 103.671278 29.460018
v 49.439628 103.096604 29.235350
v 48.996775 103.671278 29.460018
v 49.054422 103.046495 29.887998
v 25.017383 90.118893 12.793286
v 24.500722 90.789346 13.055398
v 49.497275 102.471822 29.663331
v 49.054422 103.046495 29.887998
v 49.439628 103.096604 29.235350
v 49.054422 103.046495 29.887998
v 49.497275 102.471822 29.663331
v 2.391963 88.227055 -2.614344
v 0.559093 87.321993 -2.057695
v 0.759748 99.675895 16.068763
v 1.401253 99.992667 15.873935
v 2.391963 86.514708 -1.366836
v 0.559093 87.321993 -2.057695
v 2.391963 88.227055 -2.614344
v 0.559093 87.321993 -2.057695
v 0.559093 85.609646 -0.810187
v 0.759748 99.076574 16.505391
v 0.759748 99.675895 16.068763
v 2.391963 86.514708 -1.366836
v 0.559093 85.609646 -0.810187
v 0.559093 87.321993 -2.057695
v 0.559093 85.609646 -0.810187
v 2.391963 84.802361 -0.119328
v 1.401253 98.794024 16.747191
v 0.759748 99.076574 16.505391
v 2.391963 86.514708 -1.366836
v 2.391963 84.802361 -0.119328
v 0.559093 85.609646 -0.810187
v 2.391963 84.802361 -0.119328
v 4.224834 85.707422 -0.675978
v 2.042758 99.110795 16.552364
v 1.401253 98.794024 16.747191
v 2.391963 86.514708 -1.366836
v 4.224834 85.707422 -0.675978
v 2.391963 84.802361 -0.119328
v 4.224834 85.707422 -0.675978
v 4.224834 87.419769 -1.923486
v 2.042758 99.710117 16.115736
v 2.042758 99.110795 16.552364
v 2.391963 86.514708 -1.366836
v 4.224834 87.419769 -1.923486
v 4.224834 85.707422 -0.675978
v 4.224834 87.419769 -1.923486
v 2.391963 88.227055 -2.614344
v 1.401253 99.992667 15.873935
v 2.042758 99.710117 16.115736
v 2.391963 86.514708 -1.366836
v 2.391963 88.227055 -2.614344
v 4.224834 87.419769 -1.923486
v 1.312554 100.018677 15.922076
v 0.719846 99.627473 16.135354
v 1.111377 110.895179 35.497356
v 0.603342 110.559862 35.680165
v 0.527314 111.095861 35.347176
v 0.603342 110.559862 35.680165
v 1.111377 110.895179 35.497356
v 0.719846 99.627473 16.135354
v 0.808545 99.002141 16.523841
v 1.035349 111.431178 35.164367
v 1.111377 110.895179 35.497356
v 0.527314 111.095861 35.347176
v 1.111377 110.895179 35.497356
v 1.035349 111.431178 35.164367
v 0.808545 99.002141 16.523841
v 1.489952 98.768013 16.699050
v 0.451286 111.631860 35.014187
v 1.035349 111.431178 35.164367
v 0.527314 111.095861 35.347176
v 1.035349 111.431178 35.164367
v 0.451286 111.631860 35.014187
v 1.489952 98.768013 16.699050
v 2.082660 99.159217 16.485773
v -0.056750 111.296542 35.196997
v 0.451286 111.631860 35.014187
v 0.527314 111.095861 35.347176
v 0.451286 111.631860 35.014187
v -0.056750 111.296542 35.196997
v 2.082660 99.159217 16.485773
v 1.993961 99.784549 16.097286
v 0.019279 110.760543 35.529985
v -0.056750 111.296542 35.196997
v 0.527314 111.095861 35.347176
v -0.056750 111.296542 35.196997
v 0.019279 110.760543 35.529985
v 1.993961 99.784549 16.097286
v 1.312554 100.018677 15.922076
v 0.603342 110.559862 35.680165
v 0.019279 110.760543 35.529985
v 0.527314 111.095861 35.347176
v 0.019279 110.760543 35.529985
v 0.603342 110.559862 35.680165
v 2.908402 97.549863 -2.941660
v 0.998388 95.949573 -3.183577
v -11.232317 108.411998 19.362597
v -10.563812 108.972100 19.447268
v 2.908402 95.398136 -1.661944
v 0.998388 95.949573 -3.183577
v 2.908402 97.549863 -2.941660
v 0.998388 95.949573 -3.183577
v 0.998388 93.797846 -1.903861
v -11.232317 107.658894 19.810498
v -11.232317 108.411998 19.362597
v 2.908402 95.398136 -1.661944
v 0.998388 93.797846 -1.903861
v 0.998388 95.949573 -3.183577
v 0.998388 93.797846 -1.903861
v 2.908402 93.246409 -0.382227
v -10.563812 107.465891 20.343069
v -11.232317 107.658894 19.810498
v 2.908402 95.398136 -1.661944
v 2.908402 93.246409 -0.382227
v 0.998388 93.797846 -1.903861
v 2.908402 93.246409 -0.382227
v 4.818415 94.846698 -0.140311
v -9.895307 108.025992 20.427740
v -10.563812 107.465891 20.343069
v 2.908402 95.398136 -1.661944
v 4.818415 94.846698 -0.140311
v 2.908402 93.246409 -0.382227
v 4.818415 94.846698 -0.140311
v 4.818415 96.998425 -1.420027
v -9.895307 108.779097 19.979839
v -9.895307 108.025992 20.427740
v 2.908402 95.398136 -1.661944
v 4.818415 96.998425 -1.420027
v 4.818415 94.846698 -0.140311
v 4.818415 96.998425 -1.420027
v 2.908402 97.549863 -2.941660
v -10.563812 108.972100 19.447268
v -9.895307 108.779097 19.979839
v 2.908402 95.398136 -1.661944
v 2.908402 97.549863 -2.941660
v 4.818415 96.998425 -1.420027
v -10.654662 109.012316 19.534378
v -11.261739 108.395854 19.395769
v -24.318120 116.981628 43.538268
v -24.838472 116.453232 43.419461
v -24.916344 117.133221 43.110212
v -24.838472 116.453232 43.419461
v -24.318120 116.981628 43.538268
v -11.261739 108.395854 19.395769
v -11.170890 107.602533 19.756560
v -24.395991 117.661618 43.229019
v -24.318120 116.981628 43.538268
v -24.916344 117.133221 43.110212
v -24.318120 116.981628 43.538268
v -24.395991 117.661618 43.229019
v -11.170890 107.602533 19.756560
v -10.472962 107.425674 20.255959
v -24.994215 117.813211 42.800963
v -24.395991 117.661618 43.229019
v -24.916344 117.133221 43.110212
v -24.395991 117.661618 43.229019
v -24.994215 117.813211 42.800963
v -10.472962 107.425674 20.255959
v -9.865885 108.042137 20.394568
v -25.514567 117.284814 42.682155
v -24.994215 117.813211 42.800963
v -24.916344 117.133221 43.110212
v -24.994215 117.813211 42.800963
v -25.514567 117.284814 42.682155
v -9.865885 108.042137 20.394568
v -9.956735 108.835458 20.033778
v -25.436696 116.604825 42.991404
v -25.514567 117.284814 42.682155
v -24.916344 117.133221 43.110212
v -25.514567 117.284814 42.682155
v -25.436696 116.604825 42.991404
v -9.956735 108.835458 20.033778
v -10.654662 109.012316 19.534378
v -24.838472 116.453232 43.419461
v -25.436696 116.604825 42.991404
v -24.916344 117.133221 43.110212
v -25.436696 116.604825 42.991404
v -24.838472 116.453232 43.419461
v 2.448320 84.197429 -3.100089
v 1.655911 82.792637 -2.268310
v -23.940791 96.809713 -4.266769
v -23.663448 97.301391 -4.557892
v 2.265543 84.197429 -1.294596
v 1.655911 82.792637 -2.268310
v 2.448320 84.197429 -3.100089
v 1.655911 82.792637 -2.268310
v 1.473133 82.792637 -0.462817
v -24.004764 96.809713 -3.634847
v -23.940791 96.809713 -4.266769
v 2.265543 84.197429 -1.294596
v 1.473133 82.792637 -0.462817
v 1.655911 82.792637 -2.268310
v 1.473133 82.792637 -0.462817
v 2.082765 84.197429 0.510897
v -23.791392 97.301391 -3.294047
v -24.004764 96.809713 -3.634847
v 2.265543 84.197429 -1.294596
v 2.082765 84.197429 0.510897
v 1.473133 82.792637 -0.462817
v 2.082765 84.197429 0.510897
v 2.875175 85.602222 -0.320882
v -23.514049 97.793068 -3.585170
v -23.791392 97.301391 -3.294047
v 2.265543 84.197429 -1.294596
v 2.875175 85.602222 -0.320882
v 2.082765 84.197429 0.510897
v 2.875175 85.602222 -0.320882
v 3.057952 85.602222 -2.126375
v -23.450077 97.793068 -4.217092
v -23.514049 97.793068 -3.585170
v 2.265543 84.197429 -1.294596
v 3.057952 85.602222 -2.126375
v 2.875175 85.602222 -0.320882
v 3.057952 85.602222 -2.126375
v 2.448320 84.197429 -3.100089
v -23.663448 97.301391 -4.557892
v -23.450077 97.793068 -4.217092
v 2.265543 84.197429 -1.294596
v 2.448320 84.197429 -3.100089
v 3.057952 85.602222 -2.126375
v -23.684236 97.229005 -4.555504
v -23.878990 96.745309 -4.192837
v -51.567751 106.821642 -6.655763
v -51.734683 106.407046 -6.344906
v -51.697668 106.345001 -6.884507
v -51.734683 106.407046 -6.344906
v -51.567751 106.821642 -6.655763
v -23.878990 96.745309 -4.192837
v -23.922174 96.817695 -3.563302
v -51.530736 106.759598 -7.195365
v -51.567751 106.821642 -6.655763
v -51.697668 106.345001 -6.884507
v -51.567751 106.821642 -6.655763
v -51.530736 106.759598 -7.195365
v -23.922174 96.817695 -3.563302
v -23.770604 97.373776 -3.296435
v -51.660653 106.282956 -7.424108
v -51.530736 106.759598 -7.195365
v -51.697668 106.345001 -6.884507
v -51.530736 106.759598 -7.195365
v -51.660653 106.282956 -7.424108
v -23.770604 97.373776 -3.296435
v -23.575850 97.857472 -3.659102
v -51.827585 105.868360 -7.113251
v -51.660653 106.282956 -7.424108
v -51.697668 106.345001 -6.884507
v -51.660653 106.282956 -7.424108
v -51.827585 105.868360 -7.113251
v -23.575850 97.857472 -3.659102
v -23.532666 97.785087 -4.288637
v -51.864600 105.930404 -6.573649
v -51.827585 105.868360 -7.113251
v -51.697668 106.345001 -6.884507
v -51.827585 105.868360 -7.113251
v -51.864600 105.930404 -6.573649
v -23.532666 97.785087 -4.288637
v -23.684236 97.229005 -4.555504
v -51.734683 106.407046 -6.344906
v -51.864600 105.930404 -6.573649
v -51.697668 106.345001 -6.884507
v -51.864600 105.930404 -6.573649
v -51.734683 106.407046 -6.344906
v 2.964805 94.292001 -2.979811
v 1.284131 94.650260 -1.304252
v -14.374361 108.065394 -20.996235
v -13.786125 107.940003 -21.582681
v 2.964805 96.318735 -1.694174
v 1.284131 94.650260 -1.304252
v 2.964805 94.292001 -2.979811
v 1.284131 94.650260 -1.304252
v 1.284131 96.676994 -0.018616
v -14.374361 108.774750 -20.546263
v -14.374361 108.065394 -20.996235
v 2.964805 96.318735 -1.694174
v 1.284131 96.676994 -0.018616
v 1.284131 94.650260 -1.304252
v 1.284131 96.676994 -0.018616
v 2.964805 98.345468 -0.408538
v -13.786125 109.358716 -20.682735
v -14.374361 108.774750 -20.546263
v 2.964805 96.318735 -1.694174
v 2.964805 98.345468 -0.408538
v 1.284131 96.676994 -0.018616
v 2.964805 98.345468 -0.408538
v 4.645479 97.987209 -2.084096
v -13.197889 109.233326 -21.269181
v -13.786125 109.358716 -20.682735
v 2.964805 96.318735 -1.694174
v 4.645479 97.987209 -2.084096
v 2.964805 98.345468 -0.408538
v 4.645479 97.987209 -2.084096
v 4.645479 95.960476 -3.369733
v -13.197889 108.523969 -21.719154
v -13.197889 109.233326 -21.269181
v 2.964805 96.318735 -1.694174
v 4.645479 95.960476 -3.369733
v 4.645479 97.987209 -2.084096
v 4.645479 95.960476 -3.369733
v 2.964805 94.292001 -2.979811
v -13.786125 107.940003 -21.582681
v -13.197889 108.523969 -21.719154
v 2.964805 96.318735 -1.694174
v 2.964805 94.292001 -2.979811
v 4.645479 95.960476 -3.369733
v -13.865075 107.847884 -21.371593
v -14.392633 108.170638 -20.803108
v -31.166035 117.141573 -42.614815
v -31.618228 117.418220 -42.127543
v -31.685899 116.731240 -42.332301
v -31.618228 117.418220 -42.127543
v -31.166035 117.141573 -42.614815
v -14.392633 108.170638 -20.803108
v -14.313683 108.972114 -20.564224
v -31.233706 116.454594 -42.819573
v -31.166035 117.141573 -42.614815
v -31.685899 116.731240 -42.332301
v -31.166035 117.141573 -42.614815
v -31.233706 116.454594 -42.819573
v -14.313683 108.972114 -20.564224
v -13.707175 109.450836 -20.893824
v -31.753570 116.044261 -42.537059
v -31.233706 116.454594 -42.819573
v -31.685899 116.731240 -42.332301
v -31.233706 116.454594 -42.819573
v -31.753570 116.044261 -42.537059
v -13.707175 109.450836 -20.893824
v -13.179617 109.128081 -21.462308
v -32.205763 116.320908 -42.049787
v -31.753570 116.044261 -42.537059
v -31.685899 116.731240 -42.332301
v -31.753570 116.044261 -42.537059
v -32.205763 116.320908 -42.049787
v -13.179617 109.128081 -21.462308
v -13.258567 108.326605 -21.701192
v -32.138092 117.007887 -41.845029
v -32.205763 116.320908 -42.049787
v -31.685899 116.731240 -42.332301
v -32.205763 116.320908 -42.049787
v -32.138092 117.007887 -41.845029
v -13.258567 108.326605 -21.701192
v -13.865075 107.847884 -21.371593
v -31.618228 117.418220 -42.127543
v -32.138092 117.007887 -41.845029
v -31.685899 116.731240 -42.332301
v -32.138092 117.007887 -41.845029
v -31.618228 117.418220 -42.127543
v 1.701287 71.443135 -2.843208
v -0.357063 71.933144 -1.688537
v -5.190566 100.968980 -24.262201
v -4.470144 100.797477 -24.666336
v 1.701287 72.962797 -0.972164
v -0.357063 71.933144 -1.688537
v 1.701287 71.443135 -2.843208
v -0.357063 71.933144 -1.688537
v -0.357063 73.452806 0.182507
v -5.190566 101.500861 -23.607336
v -5.190566 100.968980 -24.262201
v 1.701287 72.962797 -0.972164
v -0.357063 73.452806 0.182507
v -0.357063 71.933144 -1.688537
v -0.357063 73.452806 0.182507
v 1.701287 74.482458 0.898880
v -4.470144 101.861240 -23.356605
v -5.190566 101.500861 -23.607336
v 1.701287 72.962797 -0.972164
v 1.701287 74.482458 0.898880
v -0.357063 73.452806 0.182507
v 1.701287 74.482458 0.898880
v 3.759636 73.992449 -0.255791
v -3.749721 101.689737 -23.760740
v -4.470144 101.861240 -23.356605
v 1.701287 72.962797 -0.972164
v 3.759636 73.992449 -0.255791
v 1.701287 74.482458 0.898880
v 3.759636 73.992449 -0.255791
v 3.759636 72.472788 -2.126835
v -3.749721 101.157855 -24.415606
v -3.749721 101.689737 -23.760740
v 1.701287 72.962797 -0.972164
v 3.759636 72.472788 -2.126835
v 3.759636 73.992449 -0.255791
v 3.759636 72.472788 -2.126835
v 1.701287 71.443135 -2.843208
v -4.470144 100.797477 -24.666336
v -3.749721 101.157855 -24.415606
v 1.701287 72.962797 -0.972164
v 1.701287 71.443135 -2.843208
v 3.759636 72.472788 -2.126835
v -4.569758 100.781104 -24.644906
v -5.235404 101.019231 -24.184517
v -10.358149 131.714898 -48.903408
v -10.928702 131.919007 -48.508789
v -11.014086 131.449074 -49.051734
v -10.928702 131.919007 -48.508789
v -10.358149 131.714898 -48.903408
v -5.235404 101.019231 -24.184517
v -5.135789 101.567485 -23.551081
v -10.443533 131.244965 -49.446353
v -10.358149 131.714898 -48.903408
v -11.014086 131.449074 -49.051734
v -10.358149 131.714898 -48.903408
v -10.443533 131.244965 -49.446353
v -5.135789 101.567485 -23.551081
v -4.370529 101.877613 -23.378035
v -11.099470 130.979142 -49.594678
v -10.443533 131.244965 -49.446353
v -11.014086 131.449074 -49.051734
v -10.443533 131.244965 -49.446353
v -11.099470 130.979142 -49.594678
v -4.370529 101.877613 -23.378035
v -3.704884 101.639485 -23.838425
v -11.670024 131.183251 -49.200059
v -11.099470 130.979142 -49.594678
v -11.014086 131.449074 -49.051734
v -11.099470 130.979142 -49.594678
v -11.670024 131.183251 -49.200059
v -3.704884 101.639485 -23.838425
v -3.804498 101.091231 -24.471860
v -11.584640 131.653184 -48.657114
v -11.670024 131.183251 -49.200059
v -11.014086 131.449074 -49.051734
v -11.670024 131.183251 -49.200059
v -11.584640 131.653184 -48.657114
v -3.804498 101.091231 -24.471860
v -4.569758 100.781104 -24.644906
v -10.928702 131.919007 -48.508789
v -11.584640 131.653184 -48.657114
v -11.014086 131.449074 -49.051734
v -11.584640 131.653184 -48.657114
v -10.928702 131.919007 -48.508789
v 1.604955 69.370515 -2.753111
v -0.295551 70.717105 -2.322815
v 14.561611 96.810526 -22.598167
v 15.226788 96.339219 -22.748771
v 1.604955 70.867015 -0.917117
v -0.295551 70.717105 -2.322815
v 1.604955 69.370515 -2.753111
v -0.295551 70.717105 -2.322815
v -0.295551 72.213605 -0.486822
v 14.561611 97.334301 -21.955569
v 14.561611 96.810526 -22.598167
v 1.604955 70.867015 -0.917117
v -0.295551 72.213605 -0.486822
v -0.295551 70.717105 -2.322815
v -0.295551 72.213605 -0.486822
v 1.604955 72.363514 0.918876
v 15.226788 97.386769 -21.463575
v 14.561611 97.334301 -21.955569
v 1.604955 70.867015 -0.917117
v 1.604955 72.363514 0.918876
v -0.295551 72.213605 -0.486822
v 1.604955 72.363514 0.918876
v 3.505461 71.016924 0.488581
v 15.891965 96.915462 -21.614179
v 15.226788 97.386769 -21.463575
v 1.604955 70.867015 -0.917117
v 3.505461 71.016924 0.488581
v 1.604955 72.363514 0.918876
v 3.505461 71.016924 0.488581
v 3.505461 69.520424 -1.347413
v 15.891965 96.391688 -22.256776
v 15.891965 96.915462 -21.614179
v 1.604955 70.867015 -0.917117
v 3.505461 69.520424 -1.347413
v 3.505461 71.016924 0.488581
v 3.505461 69.520424 -1.347413
v 1.604955 69.370515 -2.753111
v 15.226788 96.339219 -22.748771
v 15.891965 96.391688 -22.256776
v 1.604955 70.867015 -0.917117
v 1.604955 69.370515 -2.753111
v 3.505461 69.520424 -1.347413
v 15.135353 96.355008 -22.754912
v 14.524364 96.875059 -22.546317
v 30.719598 123.585137 -44.760143
v 30.195893 124.030895 -44.581348
v 30.117520 123.595479 -45.137410
v 30.195893 124.030895 -44.581348
v 30.719598 123.585137 -44.760143
v 14.524364 96.875059 -22.546317
v 14.615800 97.383045 -21.897578
v 30.641225 123.149721 -45.316205
v 30.719598 123.585137 -44.760143
v 30.117520 123.595479 -45.137410
v 30.719598 123.585137 -44.760143
v 30.641225 123.149721 -45.316205
v 14.615800 97.383045 -21.897578
v 15.318223 97.370980 -21.457434
v 30.039147 123.160062 -45.693471
v 30.641225 123.149721 -45.316205
v 30.117520 123.595479 -45.137410
v 30.641225 123.149721 -45.316205
v 30.039147 123.160062 -45.693471
v 15.318223 97.370980 -21.457434
v 15.929212 96.850929 -21.666029
v 29.515443 123.605820 -45.514676
v 30.039147 123.160062 -45.693471
v 30.117520 123.595479 -45.137410
v 30.039147 123.160062 -45.693471
v 29.515443 123.605820 -45.514676
v 15.929212 96.850929 -21.666029
v 15.837777 96.342943 -22.314767
v 29.593816 124.041237 -44.958614
v 29.515443 123.605820 -45.514676
v 30.117520 123.595479 -45.137410
v 29.515443 123.605820 -45.514676
v 29.593816 124.041237 -44.958614
v 15.837777 96.342943 -22.314767
v 15.135353 96.355008 -22.754912
v 30.195893 124.030895 -44.581348
v 29.593816 124.041237 -44.958614
v 30.117520 123.595479 -45.137410
v 29.593816 124.041237 -44.958614
v 30.195893 124.030895 -44.581348
v 46.273326 107.898491 -7.322139
v 57.047312 111.803464 2.473094
v 60.730616 112.710808 -7.322139
v 60.730616 112.710808 -7.322139
v 57.047312 111.803464 2.473094
v 61.737332 120.309234 6.737054
v 65.872492 120.309234 -7.322139
v 65.872492 120.309234 -7.322139
v 61.737332 120.309234 6.737054
v 56.865415 128.223137 2.307722
v 59.753457 128.863632 -7.322139
v 46.273326 132.719977 -7.322139
v 59.753457 128.863632 -7.322139
v 56.865415 128.223137 2.307722
v 46.273326 107.898491 -7.322139
v 46.273326 111.286691 5.743871
v 57.047312 111.803464 2.473094
v 57.047312 111.803464 2.473094
v 46.273326 111.286691 5.743871
v 46.273326 120.309234 11.778351
v 61.737332 120.309234 6.737054
v 61.737332 120.309234 6.737054
v 46.273326 120.309234 11.778351
v 46.273326 128.960423 6.859591
v 56.865415 128.223137 2.307722
v 46.273326 132.719977 -7.322139
v 56.865415 128.223137 2.307722
v 46.273326 128.960423 6.859591
v 46.273326 107.898491 -7.322139
v 37.398830 111.591006 0.746162
v 46.273326 111.286691 5.743871
v 46.273326 111.286691 5.743871
v 37.398830 111.591006 0.746162
v 30.120296 120.309234 7.363483
v 46.273326 120.309234 11.778351
v 46.273326 120.309234 11.778351
v 30.120296 120.309234 7.363483
v 35.408718 129.616915 2.555484
v 46.273326 128.960423 6.859591
v 46.273326 132.719977 -7.322139
v 46.273326 128.960423 6.859591
v 35.408718 129.616915 2.555484
v 46.273326 107.898491 -7.322139
v 32.272437 110.613451 -7.322139
v 37.398830 111.591006 0.746162
v 37.398830 111.591006 0.746162
v 32.272437 110.613451 -7.322139
v 29.311573 120.309234 -7.322139
v 30.120296 120.309234 7.363483
v 30.120296 120.309234 7.363483
v 29.311573 120.309234 -7.322139
v 30.276712 128.204842 -7.322139
v 35.408718 129.616915 2.555484
v 46.273326 132.719977 -7.322139
v 35.408718 129.616915 2.555484
v 30.276712 128.204842 -7.322139
v 46.273326 107.898491 -7.322139
v 37.469698 112.060626 -15.326010
v 32.272437 110.613451 -7.322139
v 32.272437 110.613451 -7.322139
v 37.469698 112.060626 -15.326010
v 30.533203 120.309234 -21.632365
v 29.311573 120.309234 -7.322139
v 29.311573 120.309234 -7.322139
v 30.533203 120.309234 -21.632365
v 37.346611 128.992895 -15.437915
v 30.276712 128.204842 -7.322139
v 46.273326 132.719977 -7.322139
v 30.276712 128.204842 -7.322139
v 37.346611 128.992895 -15.437915
v 46.273326 107.898491 -7.322139
v 46.273326 111.540825 -21.210496
v 37.469698 112.060626 -15.326010
v 37.469698 112.060626 -15.326010
v 46.273326 111.540825 -21.210496
v 46.273326 120.309234 -23.440928
v 30.533203 120.309234 -21.632365
v 30.533203 120.309234 -21.632365
v 46.273326 120.309234 -23.440928
v 46.273326 129.080073 -19.234824
v 37.346611 128.992895 -15.437915
v 46.273326 132.719977 -7.322139
v 37.346611 128.992895 -15.437915
v 46.273326 129.080073 -19.234824
v 46.273326 107.898491 -7.322139
v 54.806140 112.686986 -15.079798
v 46.273326 111.540825 -21.210496
v 46.273326 111.540825 -21.210496
v 54.806140 112.686986 -15.079798
v 60.228675 120.309234 -20.009728
v 46.273326 120.309234 -23.440928
v 46.273326 120.309234 -23.440928
v 60.228675 120.309234 -20.009728
v 55.914723 130.320339 -16.087672
v 46.273326 129.080073 -19.234824
v 46.273326 132.719977 -7.322139
v 46.273326 129.080073 -19.234824
v 55.914723 130.320339 -16.087672
v 46.273326 107.898491 -7.322139
v 60.730616 112.710808 -7.322139
v 54.806140 112.686986 -15.079798
v 54.806140 112.686986 -15.079798
v 60.730616 112.710808 -7.322139
v 65.872492 120.309234 -7.322139
v 60.228675 120.309234 -20.009728
v 60.228675 120.309234 -20.009728
v 65.872492 120.309234 -7.322139
v 59.753457 128.863632 -7.322139
v 55.914723 130.320339 -16.087672
v 46.273326 132.719977 -7.322139
v 55.914723 130.320339 -16.087672
v 59.753457 128.863632 -7.322139
v 49.439628 90.033262 29.235350
v 61.068086 95.389882 37.675546
v 69.764247 94.038871 29.235350
v 69.764247 94.038871 29.235350
v 61.068086 95.389882 37.675546
v 67.775152 105.401900 42.543685
v 77.820381 105.401900 29.235350
v 77.820381 105.401900 29.235350
v 67.775152 105.401900 42.543685
v 63.123534 117.084917 39.167436
v 66.918977 115.867924 29.235350
v 49.439628 120.770538 29.235350
v 66.918977 115.867924 29.235350
v 63.123534 117.084917 39.167436
v 49.439628 90.033262 29.235350
v 49.439628 94.769158 43.223029
v 61.068086 95.389882 37.675546
v 61.068086 95.389882 37.675546
v 49.439628 94.769158 43.223029
v 49.439628 105.401900 49.903473
v 67.775152 105.401900 42.543685
v 67.775152 105.401900 42.543685
v 49.439628 105.401900 49.903473
v 49.439628 115.256806 42.670773
v 63.123534 117.084917 39.167436
v 49.439628 120.770538 29.235350
v 63.123534 117.084917 39.167436
v 49.439628 115.256806 42.670773
v 49.439628 90.033262 29.235350
v 37.488242 94.236341 37.909934
v 49.439628 94.769158 43.223029
v 49.439628 94.769158 43.223029
v 37.488242 94.236341 37.909934
v 34.036287 105.401900 40.415440
v 49.439628 105.401900 49.903473
v 49.439628 105.401900 49.903473
v 34.036287 105.401900 40.415440
v 38.493174 115.189055 37.180532
v 49.439628 115.256806 42.670773
v 49.439628 120.770538 29.235350
v 49.439628 115.256806 42.670773
v 38.493174 115.189055 37.180532
v 49.439628 90.033262 29.235350
v 33.930875 93.757090 29.235350
v 37.488242 94.236341 37.909934
v 37.488242 94.236341 37.909934
v 33.930875 93.757090 29.235350
v 27.727159 105.401900 29.235350
v 34.036287 105.401900 40.415440
v 34.036287 105.401900 40.415440
v 27.727159 105.401900 29.235350
v 31.061989 116.392769 29.235350
v 38.493174 115.189055 37.180532
v 49.439628 120.770538 29.235350
v 38.493174 115.189055 37.180532
v 31.061989 116.392769 29.235350
v 49.439628 90.033262 29.235350
v 38.013261 95.338118 20.941837
v 33.930875 93.757090 29.235350
v 33.930875 93.757090 29.235350
v 38.013261 95.338118 20.941837
v 30.068174 105.401900 15.175115
v 27.727159 105.401900 29.235350
v 27.727159 105.401900 29.235350
v 30.068174 105.401900 15.175115
v 38.871160 117.104268 21.564520
v 31.061989 116.392769 29.235350
v 49.439628 120.770538 29.235350
v 31.061989 116.392769 29.235350
v 38.871160 117.104268 21.564520
v 49.439628 90.033262 29.235350
v 49.439628 94.355894 14.695648
v 38.013261 95.338118 20.941837
v 38.013261 95.338118 20.941837
v 49.439628 94.355894 14.695648
v 49.439628 105.401900 11.648107
v 30.068174 105.401900 15.175115
v 30.068174 105.401900 15.175115
v 49.439628 105.401900 11.648107
v 49.439628 114.691542 14.711623
v 38.871160 117.104268 21.564520
v 49.439628 120.770538 29.235350
v 38.871160 117.104268 21.564520
v 49.439628 114.691542 14.711623
v 49.439628 90.033262 29.235350
v 61.829630 94.840051 20.242409
v 49.439628 94.355894 14.695648
v 49.439628 94.355894 14.695648
v 61.829630 94.840051 20.242409
v 67.290750 105.401900 16.278606
v 49.439628 105.401900 11.648107
v 49.439628 105.401900 11.648107
v 67.290750 105.401900 16.278606
v 60.664324 116.416940 21.088215
v 49.439628 114.691542 14.711623
v 49.439628 120.770538 29.235350
v 49.439628 114.691542 14.711623
v 60.664324 116.416940 21.088215
v 49.439628 90.033262 29.235350
v 69.764247 94.038871 29.235350
v 61.829630 94.840051 20.242409
v 61.829630 94.840051 20.242409
v 69.764247 94.038871 29.235350
v 77.820381 105.401900 29.235350
v 67.290750 105.401900 16.278606
v 67.290750 105.401900 16.278606
v 77.820381 105.401900 29.235350
v 66.918977 115.867924 29.235350
v 60.664324 116.416940 21.088215
v 49.439628 120.770538 29.235350
v 60.664324 116.416940 21.088215
v 66.918977 115.867924 29.235350
v 0.527314 98.632499 35.347176
v 10.681316 101.283580 45.140732
v 15.550104 103.325345 35.347176
v 15.550104 103.325345 35.347176
v 10.681316 101.283580 45.140732
v 18.038570 113.295277 52.236818
v 23.117841 113.295277 35.347176
v 23.117841 113.295277 35.347176
v 18.038570 113.295277 52.236818
v 13.860141 123.072176 48.206715
v 16.356440 123.344402 35.347176
v 0.527314 127.958056 35.347176
v 16.356440 123.344402 35.347176
v 13.860141 123.072176 48.206715
v 0.527314 98.632499 35.347176
v 0.527314 102.086750 50.892937
v 10.681316 101.283580 45.140732
v 10.681316 101.283580 45.140732
v 0.527314 102.086750 50.892937
v 0.527314 113.295277 56.675769
v 18.038570 113.295277 52.236818
v 18.038570 113.295277 52.236818
v 0.527314 113.295277 56.675769
v 0.527314 124.582807 51.154924
v 13.860141 123.072176 48.206715
v 0.527314 127.958056 35.347176
v 13.860141 123.072176 48.206715
v 0.527314 124.582807 51.154924
v 0.527314 98.632499 35.347176
v -11.070004 102.773763 46.532812
v 0.527314 102.086750 50.892937
v 0.527314 102.086750 50.892937
v -11.070004 102.773763 46.532812
v -14.366362 113.295277 49.712157
v 0.527314 113.295277 56.675769
v 0.527314 113.295277 56.675769
v -14.366362 113.295277 49.712157
v -10.038031 124.662467 45.537473
v 0.527314 124.582807 51.154924
v 0.527314 127.958056 35.347176
v 0.527314 124.582807 51.154924
v -10.038031 124.662467 45.537473
v 0.527314 98.632499 35.347176
v -13.668706 103.178545 35.347176
v -11.070004 102.773763 46.532812
v -11.070004 102.773763 46.532812
v -13.668706 103.178545 35.347176
v -20.232043 113.295277 35.347176
v -14.366362 113.295277 49.712157
v -14.366362 113.295277 49.712157
v -20.232043 113.295277 35.347176
v -18.189933 122.650529 35.347176
v -10.038031 124.662467 45.537473
v 0.527314 127.958056 35.347176
v -10.038031 124.662467 45.537473
v -18.189933 122.650529 35.347176
v 0.527314 98.632499 35.347176
v -11.555595 102.703398 23.693186
v -13.668706 103.178545 35.347176
v -13.668706 103.178545 35.347176
v -11.555595 102.703398 23.693186
v -17.833724 113.295277 17.637919
v -20.232043 113.295277 35.347176
v -20.232043 113.295277 35.347176
v -17.833724 113.295277 17.637919
v -10.873356 124.679942 24.351207
v -18.189933 122.650529 35.347176
v 0.527314 127.958056 35.347176
v -18.189933 122.650529 35.347176
v -10.873356 124.679942 24.351207
v 0.527314 98.632499 35.347176
v 0.527314 103.482289 17.863535
v -11.555595 102.703398 23.693186
v -11.555595 102.703398 23.693186
v 0.527314 103.482289 17.863535
v 0.527314 113.295277 13.429614
v -17.833724 113.295277 17.637919
v -17.833724 113.295277 17.637919
v 0.527314 113.295277 13.429614
v 0.527314 125.032802 17.842649
v -10.873356 124.679942 24.351207
v 0.527314 127.958056 35.347176
v -10.873356 124.679942 24.351207
v 0.527314 125.032802 17.842649
v 0.527314 98.632499 35.347176
v 10.573927 103.605695 25.657198
v 0.527314 103.482289 17.863535
v 0.527314 103.482289 17.863535
v 10.573927 103.605695 25.657198
v 17.967974 113.295277 18.525624
v 0.527314 113.295277 13.429614
v 0.527314 113.295277 13.429614
v 17.967974 113.295277 18.525624
v 12.004635 122.304788 24.277277
v 0.527314 125.032802 17.842649
v 0.527314 127.958056 35.347176
v 0.527314 125.032802 17.842649
v 12.004635 122.304788 24.277277
v 0.527314 98.632499 35.347176
v 15.550104 103.325345 35.347176
v 10.573927 103.605695 25.657198
v 10.573927 103.605695 25.657198
v 15.550104 103.325345 35.347176
v 23.117841 113.295277 35.347176
v 17.967974 113.295277 18.525624
v 17.967974 113.295277 18.525624
v 23.117841 113.295277 35.347176
v 16.356440 123.344402 35.347176
v 12.004635 122.304788 24.277277
v 0.527314 127.958056 35.347176
v 12.004635 122.304788 24.277277
v 16.356440 123.344402 35.347176
v -24.916344 106.927333 43.110212
v -15.911824 109.837882 51.005218
v -10.356992 110.081449 43.110212
v -10.356992 110.081449 43.110212
v -15.911824 109.837882 51.005218
v -10.734487 118.934260 55.544617
v -6.995324 118.934260 43.110212
v -6.995324 118.934260 43.110212
v -10.734487 118.934260 55.544617
v -14.990172 127.700799 51.813307
v -12.902226 128.347762 43.110212
v -24.916344 130.941187 43.110212
v -12.902226 128.347762 43.110212
v -14.990172 127.700799 51.813307
v -24.916344 106.927333 43.110212
v -24.916344 110.325133 54.478359
v -15.911824 109.837882 51.005218
v -15.911824 109.837882 51.005218
v -24.916344 110.325133 54.478359
v -24.916344 118.934260 61.803588
v -10.734487 118.934260 55.544617
v -10.734487 118.934260 55.544617
v -24.916344 118.934260 61.803588
v -24.916344 128.397282 54.226348
v -14.990172 127.700799 51.813307
v -24.916344 130.941187 43.110212
v -14.990172 127.700799 51.813307
v -24.916344 128.397282 54.226348
v -24.916344 106.927333 43.110212
v -33.508919 109.331624 50.644033
v -24.916344 110.325133 54.478359
v -24.916344 110.325133 54.478359
v -33.508919 109.331624 50.644033
v -39.197924 118.934260 55.632054
v -24.916344 118.934260 61.803588
v -24.916344 118.934260 61.803588
v -39.197924 118.934260 55.632054
v -34.722567 128.638539 51.708139
v -24.916344 128.397282 54.226348
v -24.916344 130.941187 43.110212
v -24.916344 128.397282 54.226348
v -34.722567 128.638539 51.708139
v -24.916344 106.927333 43.110212
v -40.694840 110.656796 43.110212
v -33.508919 109.331624 50.644033
v -33.508919 109.331624 50.644033
v -40.694840 110.656796 43.110212
v -41.320937 118.934260 43.110212
v -39.197924 118.934260 55.632054
v -39.197924 118.934260 55.632054
v -41.320937 118.934260 43.110212
v -40.381881 128.611330 43.110212
v -34.722567 128.638539 51.708139
v -24.916344 130.941187 43.110212
v -34.722567 128.638539 51.708139
v -40.381881 128.611330 43.110212
v -24.916344 106.927333 43.110212
v -33.139768 109.651482 35.900055
v -40.694840 110.656796 43.110212
v -40.694840 110.656796 43.110212
v -33.139768 109.651482 35.900055
v -39.091007 118.934260 30.682113
v -41.320937 118.934260 43.110212
v -41.320937 118.934260 43.110212
v -39.091007 118.934260 30.682113
v -36.141220 126.852107 33.268434
v -40.381881 128.611330 43.110212
v -24.916344 130.941187 43.110212
v -40.381881 128.611330 43.110212
v -36.141220 126.852107 33.268434
v -24.916344 106.927333 43.110212
v -24.916344 109.369844 31.470239
v -33.139768 109.651482 35.900055
v -33.139768 109.651482 35.900055
v -24.916344 109.369844 31.470239
v -24.916344 118.934260 26.540447
v -39.091007 118.934260 30.682113
v -39.091007 118.934260 30.682113
v -24.916344 118.934260 26.540447
v -24.916344 127.371686 29.918895
v -36.141220 126.852107 33.268434
v -24.916344 130.941187 43.110212
v -36.141220 126.852107 33.268434
v -24.916344 127.371686 29.918895
v -24.916344 106.927333 43.110212
v -14.482647 111.620822 33.962128
v -24.916344 109.369844 31.470239
v -24.916344 109.369844 31.470239
v -14.482647 111.620822 33.962128
v -12.567974 118.934260 32.283375
v -24.916344 118.934260 26.540447
v -24.916344 118.934260 26.540447
v -12.567974 118.934260 32.283375
v -15.283936 126.236632 34.664684
v -24.916344 127.371686 29.918895
v -24.916344 130.941187 43.110212
v -24.916344 127.371686 29.918895
v -15.283936 126.236632 34.664684
v -24.916344 106.927333 43.110212
v -10.356992 110.081449 43.110212
v -14.482647 111.620822 33.962128
v -14.482647 111.620822 33.962128
v -10.356992 110.081449 43.110212
v -6.995324 118.934260 43.110212
v -12.567974 118.934260 32.283375
v -12.567974 118.934260 32.283375
v -6.995324 118.934260 43.110212
v -12.902226 128.347762 43.110212
v -15.283936 126.236632 34.664684
v -24.916344 130.941187 43.110212
v -15.283936 126.236632 34.664684
v -12.902226 128.347762 43.110212
v -51.697668 90.330364 -6.884507
v -36.832736 97.037727 5.582043
v -27.276488 94.183753 -6.884507
v -27.276488 94.183753 -6.884507
v -36.832736 97.037727 5.582043
v -28.717901 109.171114 12.387590
v -24.201426 109.171114 -6.884507
v -24.201426 109.171114 -6.884507
v -28.717901 109.171114 12.387590
v -35.801090 120.632106 6.447238
v -31.754347 120.860489 -6.884507
v -51.697668 128.011863 -6.884507
v -31.754347 120.860489 -6.884507
v -35.801090 120.632106 6.447238
v -51.697668 90.330364 -6.884507
v -51.697668 97.475849 11.514134
v -36.832736 97.037727 5.582043
v -36.832736 97.037727 5.582043
v -51.697668 97.475849 11.514134
v -51.697668 109.171114 21.073659
v -28.717901 109.171114 12.387590
v -28.717901 109.171114 12.387590
v -51.697668 109.171114 21.073659
v -51.697668 122.214584 12.893283
v -35.801090 120.632106 6.447238
v -51.697668 128.011863 -6.884507
v -35.801090 120.632106 6.447238
v -51.697668 122.214584 12.893283
v -51.697668 90.330364 -6.884507
v -64.768976 97.642274 4.077811
v -51.697668 97.475849 11.514134
v -51.697668 97.475849 11.514134
v -64.768976 97.642274 4.077811
v -73.705307 109.171114 11.572310
v -51.697668 109.171114 21.073659
v -51.697668 109.171114 21.073659
v -73.705307 109.171114 11.572310
v -67.102066 122.424691 6.034469
v -51.697668 122.214584 12.893283
v -51.697668 128.011863 -6.884507
v -51.697668 122.214584 12.893283
v -67.102066 122.424691 6.034469
v -51.697668 90.330364 -6.884507
v -72.128857 96.981710 -6.884507
v -64.768976 97.642274 4.077811
v -64.768976 97.642274 4.077811
v -72.128857 96.981710 -6.884507
v -86.075173 109.171114 -6.884507
v -73.705307 109.171114 11.572310
v -73.705307 109.171114 11.572310
v -86.075173 109.171114 -6.884507
v -73.467033 123.723233 -6.884507
v -67.102066 122.424691 6.034469
v -51.697668 128.011863 -6.884507
v -67.102066 122.424691 6.034469
v -73.467033 123.723233 -6.884507
v -51.697668 90.330364 -6.884507
v -65.107901 95.338575 -18.131067
v -72.128857 96.981710 -6.884507
v -72.128857 96.981710 -6.884507
v -65.107901 95.338575 -18.131067
v -76.400735 109.171114 -27.601859
v -86.075173 109.171114 -6.884507
v -86.075173 109.171114 -6.884507
v -76.400735 109.171114 -27.601859
v -65.004595 121.043691 -18.044428
v -73.467033 123.723233 -6.884507
v -51.697668 128.011863 -6.884507
v -73.467033 123.723233 -6.884507
v -65.004595 121.043691 -18.044428
v -51.697668 90.330364 -6.884507
v -51.697668 97.491180 -24.969646
v -65.107901 95.338575 -18.131067
v -65.107901 95.338575 -18.131067
v -51.697668 97.491180 -24.969646
v -51.697668 109.171114 -30.771548
v -76.400735 109.171114 -27.601859
v -76.400735 109.171114 -27.601859
v -51.697668 109.171114 -30.771548
v -51.697668 121.702725 -27.534585
v -65.004595 121.043691 -18.044428
v -51.697668 128.011863 -6.884507
v -65.004595 121.043691 -18.044428
v -51.697668 121.702725 -27.534585
v -51.697668 90.330364 -6.884507
v -37.042734 97.456525 -19.174941
v -51.697668 97.491180 -24.969646
v -51.697668 97.491180 -24.969646
v -37.042734 97.456525 -19.174941
v -27.034232 109.171114 -27.568622
v -51.697668 109.171114 -30.771548
v -51.697668 109.171114 -30.771548
v -27.034232 109.171114 -27.568622
v -38.034402 121.936905 -18.343274
v -51.697668 121.702725 -27.534585
v -51.697668 128.011863 -6.884507
v -51.697668 121.702725 -27.534585
v -38.034402 121.936905 -18.343274
v -51.697668 90.330364 -6.884507
v -27.276488 94.183753 -6.884507
v -37.042734 97.456525 -19.174941
v -37.042734 97.456525 -19.174941
v -27.276488 94.183753 -6.884507
v -24.201426 109.171114 -6.884507
v -27.034232 109.171114 -27.568622
v -27.034232 109.171114 -27.568622
v -24.201426 109.171114 -6.884507
v -31.754347 120.860489 -6.884507
v -38.034402 121.936905 -18.343274
v -51.697668 128.011863 -6.884507
v -38.034402 121.936905 -18.343274
v -31.754347 120.860489 -6.884507
v -31.685899 106.210052 -42.332301
v -23.241001 109.647342 -35.501990
v -15.699941 110.649098 -42.332301
v -15.699941 110.649098 -42.332301
v -23.241001 109.647342 -35.501990
v -16.114857 118.587921 -29.738300
v -8.765841 118.587921 -42.332301
v -8.765841 118.587921 -42.332301
v -16.114857 118.587921 -29.738300
v -23.235557 128.096312 -35.497588
v -19.077029 125.999441 -42.332301
v -31.685899 130.965789 -42.332301
v -19.077029 125.999441 -42.332301
v -23.235557 128.096312 -35.497588
v -31.685899 106.210052 -42.332301
v -31.685899 109.509844 -32.088235
v -23.241001 109.647342 -35.501990
v -23.241001 109.647342 -35.501990
v -31.685899 109.509844 -32.088235
v -31.685899 118.587921 -27.980300
v -16.114857 118.587921 -29.738300
v -16.114857 118.587921 -29.738300
v -31.685899 118.587921 -27.980300
v -31.685899 127.828085 -29.314857
v -23.235557 128.096312 -35.497588
v -31.685899 130.965789 -42.332301
v -23.235557 128.096312 -35.497588
v -31.685899 127.828085 -29.314857
v -31.685899 106.210052 -42.332301
v -42.632110 108.638883 -33.478905
v -31.685899 109.509844 -32.088235
v -31.685899 109.509844 -32.088235
v -42.632110 108.638883 -33.478905
v -46.620688 118.587921 -30.252907
v -31.685899 118.587921 -27.980300
v -31.685899 118.587921 -27.980300
v -46.620688 118.587921 -30.252907
v -40.761715 126.095660 -34.991698
v -31.685899 127.828085 -29.314857
v -31.685899 130.965789 -42.332301
v -31.685899 127.828085 -29.314857
v -40.761715 126.095660 -34.991698
v -31.685899 106.210052 -42.332301
v -47.346565 109.571528 -42.332301
v -42.632110 108.638883 -33.478905
v -42.632110 108.638883 -33.478905
v -47.346565 109.571528 -42.332301
v -49.442390 118.587921 -42.332301
v -46.620688 118.587921 -30.252907
v -46.620688 118.587921 -30.252907
v -49.442390 118.587921 -42.332301
v -47.430491 127.902334 -42.332301
v -40.761715 126.095660 -34.991698
v -31.685899 130.965789 -42.332301
v -40.761715 126.095660 -34.991698
v -47.430491 127.902334 -42.332301
v -31.685899 106.210052 -42.332301
v -42.938822 109.921236 -51.433768
v -47.346565 109.571528 -42.332301
v -47.346565 109.571528 -42.332301
v -42.938822 109.921236 -51.433768
v -47.004970 118.587921 -54.722506
v -49.442390 118.587921 -42.332301
v -49.442390 118.587921 -42.332301
v -47.004970 118.587921 -54.722506
v -43.245852 127.986154 -51.682097
v -47.430491 127.902334 -42.332301
v -31.685899 130.965789 -42.332301
v -47.430491 127.902334 -42.332301
v -43.245852 127.986154 -51.682097
v -31.685899 106.210052 -42.332301
v -31.685899 109.345187 -54.946011
v -42.938822 109.921236 -51.433768
v -42.938822 109.921236 -51.433768
v -31.685899 109.345187 -54.946011
v -31.685899 118.587921 -59.040346
v -47.004970 118.587921 -54.722506
v -47.004970 118.587921 -54.722506
v -31.685899 118.587921 -59.040346
v -31.685899 127.553366 -53.824579
v -43.245852 127.986154 -51.682097
v -31.685899 130.965789 -42.332301
v -43.245852 127.986154 -51.682097
v -31.685899 127.553366 -53.824579
v -31.685899 106.210052 -42.332301
v -20.990254 108.933154 -50.983037
v -31.685899 109.345187 -54.946011
v -31.685899 109.345187 -54.946011
v -20.990254 108.933154 -50.983037
v -19.057703 118.587921 -52.546102
v -31.685899 118.587921 -59.040346
v -31.685899 118.587921 -59.040346
v -19.057703 118.587921 -52.546102
v -23.066494 126.920146 -49.303755
v -31.685899 127.553366 -53.824579
v -31.685899 130.965789 -42.332301
v -31.685899 127.553366 -53.824579
v -23.066494 126.920146 -49.303755
v -31.685899 106.210052 -42.332301
v -15.699941 110.649098 -42.332301
v -20.990254 108.933154 -50.983037
v -20.990254 108.933154 -50.983037
v -15.699941 110.649098 -42.332301
v -8.765841 118.587921 -42.332301
v -19.057703 118.587921 -52.546102
v -19.057703 118.587921 -52.546102
v -8.765841 118.587921 -42.332301
v -19.077029 125.999441 -42.332301
v -23.066494 126.920146 -49.303755
v -31.685899 130.965789 -42.332301
v -23.066494 126.920146 -49.303755
v -19.077029 125.999441 -42.332301
v -11.014086 120.625460 -49.051734
v -0.798847 123.192098 -39.359859
v 5.320100 124.721425 -49.051734
v 5.320100 124.721425 -49.051734
v -0.798847 123.192098 -39.359859
v 3.444823 133.359124 -35.333608
v 10.167517 133.359124 -49.051734
v 10.167517 133.359124 -49.051734
v 3.444823 133.359124 -35.333608
v -0.303288 141.827906 -38.889689
v 4.984319 143.414906 -49.051734
v -11.014086 146.092788 -49.051734
v 4.984319 143.414906 -49.051734
v -0.303288 141.827906 -38.889689
v -11.014086 120.625460 -49.051734
v -11.014086 124.320700 -34.969081
v -0.798847 123.192098 -39.359859
v -0.798847 123.192098 -39.359859
v -11.014086 124.320700 -34.969081
v -11.014086 133.359124 -32.322460
v 3.444823 133.359124 -35.333608
v 3.444823 133.359124 -35.333608
v -11.014086 133.359124 -32.322460
v -11.014086 141.756518 -37.159359
v -0.303288 141.827906 -38.889689
v -11.014086 146.092788 -49.051734
v -0.303288 141.827906 -38.889689
v -11.014086 141.756518 -37.159359
v -11.014086 120.625460 -49.051734
v -20.545177 124.882266 -40.008956
v -11.014086 124.320700 -34.969081
v -11.014086 124.320700 -34.969081
v -20.545177 124.882266 -40.008956
v -25.695409 133.359124 -35.122590
v -11.014086 133.359124 -32.322460
v -11.014086 133.359124 -32.322460
v -25.695409 133.359124 -35.122590
v -20.752961 141.593373 -39.811818
v -11.014086 141.756518 -37.159359
v -11.014086 146.092788 -49.051734
v -11.014086 141.756518 -37.159359
v -20.752961 141.593373 -39.811818
v -11.014086 120.625460 -49.051734
v -24.350699 125.392233 -49.051734
v -20.545177 124.882266 -40.008956
v -20.545177 124.882266 -40.008956
v -24.350699 125.392233 -49.051734
v -30.902580 133.359124 -49.051734
v -25.695409 133.359124 -35.122590
v -25.695409 133.359124 -35.122590
v -30.902580 133.359124 -49.051734
v -26.526595 143.664472 -49.051734
v -20.752961 141.593373 -39.811818
v -11.014086 146.092788 -49.051734
v -20.752961 141.593373 -39.811818
v -26.526595 143.664472 -49.051734
v -11.014086 120.625460 -49.051734
v -21.941732 124.800714 -59.419514
v -24.350699 125.392233 -49.051734
v -24.350699 125.392233 -49.051734
v -21.941732 124.800714 -59.419514
v -27.748991 133.359124 -64.929247
v -30.902580 133.359124 -49.051734
v -30.902580 133.359124 -49.051734
v -27.748991 133.359124 -64.929247
v -19.676381 142.108011 -57.270226
v -26.526595 143.664472 -49.051734
v -11.014086 146.092788 -49.051734
v -26.526595 143.664472 -49.051734
v -19.676381 142.108011 -57.270226
v -11.014086 120.625460 -49.051734
v -11.014086 124.296047 -62.081099
v -21.941732 124.800714 -59.419514
v -21.941732 124.800714 -59.419514
v -11.014086 124.296047 -62.081099
v -11.014086 133.359124 -70.112899
v -27.748991 133.359124 -64.929247
v -27.748991 133.359124 -64.929247
v -11.014086 133.359124 -70.112899
v -11.014086 141.872365 -61.303283
v -19.676381 142.108011 -57.270226
v -11.014086 146.092788 -49.051734
v -19.676381 142.108011 -57.270226
v -11.014086 141.872365 -61.303283
v -11.014086 120.625460 -49.051734
v -1.621765 124.457625 -57.962851
v -11.014086 124.296047 -62.081099
v -11.014086 124.296047 -62.081099
v -1.621765 124.457625 -57.962851
v 2.695894 133.359124 -62.059300
v -11.014086 133.359124 -70.112899
v -11.014086 133.359124 -70.112899
v 2.695894 133.359124 -62.059300
v -2.039755 143.432593 -57.566276
v -11.014086 141.872365 -61.303283
v -11.014086 146.092788 -49.051734
v -11.014086 141.872365 -61.303283
v -2.039755 143.432593 -57.566276
v -11.014086 120.625460 -49.051734
v 5.320100 124.721425 -49.051734
v -1.621765 124.457625 -57.962851
v -1.621765 124.457625 -57.962851
v 5.320100 124.721425 -49.051734
v 10.167517 133.359124 -49.051734
v 2.695894 133.359124 -62.059300
v 2.695894 133.359124 -62.059300
v 10.167517 133.359124 -49.051734
v 4.984319 143.414906 -49.051734
v -2.039755 143.432593 -57.566276
v -11.014086 146.092788 -49.051734
v -2.039755 143.432593 -57.566276
v 4.984319 143.414906 -49.051734
v 30.117520 111.251975 -45.137410
v 41.784909 115.061238 -36.192573
v 48.643860 116.365284 -45.137410
v 48.643860 116.365284 -45.137410
v 41.784909 115.061238 -36.192573
v 46.207791 125.773744 -32.801758
v 55.199028 125.773744 -45.137410
v 55.199028 125.773744 -45.137410
v 46.207791 125.773744 -32.801758
v 42.101431 136.030174 -35.949910
v 47.198689 136.421126 -45.137410
v 30.117520 140.295514 -45.137410
v 47.198689 136.421126 -45.137410
v 42.101431 136.030174 -35.949910
v 30.117520 111.251975 -45.137410
v 30.117520 115.990267 -33.986406
v 41.784909 115.061238 -36.192573
v 41.784909 115.061238 -36.192573
v 30.117520 115.990267 -33.986406
v 30.117520 125.773744 -27.322078
v 46.207791 125.773744 -32.801758
v 46.207791 125.773744 -32.801758
v 30.117520 125.773744 -27.322078
v 30.117520 135.862046 -31.216172
v 42.101431 136.030174 -35.949910
v 30.117520 140.295514 -45.137410
v 42.101431 136.030174 -35.949910
v 30.117520 135.862046 -31.216172
v 30.117520 111.251975 -45.137410
v 16.714234 115.192723 -34.861742
v 30.117520 115.990267 -33.986406
v 30.117520 115.990267 -33.986406
v 16.714234 115.192723 -34.861742
v 13.485141 125.773744 -32.386149
v 30.117520 125.773744 -27.322078
v 30.117520 125.773744 -27.322078
v 13.485141 125.773744 -32.386149
v 19.969283 135.869829 -37.357235
v 30.117520 135.862046 -31.216172
v 30.117520 140.295514 -45.137410
v 30.117520 135.862046 -31.216172
v 19.969283 135.869829 -37.357235
v 30.117520 111.251975 -45.137410
v 14.959130 114.457897 -45.137410
v 16.714234 115.192723 -34.861742
v 16.714234 115.192723 -34.861742
v 14.959130 114.457897 -45.137410
v 7.059906 125.773744 -45.137410
v 13.485141 125.773744 -32.386149
v 13.485141 125.773744 -32.386149
v 7.059906 125.773744 -45.137410
v 14.885732 137.196970 -45.137410
v 19.969283 135.869829 -37.357235
v 30.117520 140.295514 -45.137410
v 19.969283 135.869829 -37.357235
v 14.885732 137.196970 -45.137410
v 30.117520 111.251975 -45.137410
v 18.536426 114.548973 -54.016088
v 14.959130 114.457897 -45.137410
v 14.959130 114.457897 -45.137410
v 18.536426 114.548973 -54.016088
v 11.196479 125.773744 -59.643280
v 7.059906 125.773744 -45.137410
v 7.059906 125.773744 -45.137410
v 11.196479 125.773744 -59.643280
v 18.712435 134.468076 -53.881151
v 14.885732 137.196970 -45.137410
v 30.117520 140.295514 -45.137410
v 14.885732 137.196970 -45.137410
v 18.712435 134.468076 -53.881151
v 30.117520 111.251975 -45.137410
v 30.117520 114.126049 -59.842959
v 18.536426 114.548973 -54.016088
v 18.536426 114.548973 -54.016088
v 30.117520 114.126049 -59.842959
v 30.117520 125.773744 -60.738248
v 11.196479 125.773744 -59.643280
v 11.196479 125.773744 -59.643280
v 30.117520 125.773744 -60.738248
v 30.117520 137.059911 -58.756210
v 18.712435 134.468076 -53.881151
v 30.117520 140.295514 -45.137410
v 18.712435 134.468076 -53.881151
v 30.117520 137.059911 -58.756210
v 30.117520 111.251975 -45.137410
v 42.275732 115.874372 -54.458537
v 30.117520 114.126049 -59.842959
v 30.117520 114.126049 -59.842959
v 42.275732 115.874372 -54.458537
v 47.877301 125.773744 -58.752996
v 30.117520 125.773744 -60.738248
v 30.117520 125.773744 -60.738248
v 47.877301 125.773744 -58.752996
v 42.808040 137.407841 -54.866633
v 30.117520 137.059911 -58.756210
v 30.117520 140.295514 -45.137410
v 30.117520 137.059911 -58.756210
v 42.808040 137.407841 -54.866633
v 30.117520 111.251975 -45.137410
v 48.643860 116.365284 -45.137410
v 42.275732 115.874372 -54.458537
v 42.275732 115.874372 -54.458537
v 48.643860 116.365284 -45.137410
v 55.199028 125.773744 -45.137410
v 47.877301 125.773744 -58.752996
v 47.877301 125.773744 -58.752996
v 55.199028 125.773744 -45.137410
v 47.198689 136.421126 -45.137410
v 42.808040 137.407841 -54.866633
v 30.117520 140.295514 -45.137410
v 42.808040 137.407841 -54.866633
v 47.198689 136.421126 -45.137410
v 5.177200 114.834366 -2.958400
v 17.127102 119.191997 9.270542
v 24.353812 117.838423 -2.958400
v 24.353812 117.838423 -2.958400
v 17.127102 119.191997 9.270542
v 21.490304 129.476288 13.735629
v 29.664840 129.476288 -2.958400
v 29.664840 129.476288 -2.958400
v 21.490304 129.476288 13.735629
v 18.057624 141.024082 10.222792
v 23.037463 140.138027 -2.958400
v 5.177200 144.118211 -2.958400
v 23.037463 140.138027 -2.958400
v 18.057624 141.024082 10.222792
v 5.177200 114.834366 -2.958400
v 5.177200 119.386668 12.879921
v 17.127102 119.191997 9.270542
v 17.127102 119.191997 9.270542
v 5.177200 119.386668 12.879921
v 5.177200 129.476288 23.407498
v 21.490304 129.476288 13.735629
v 21.490304 129.476288 13.735629
v 5.177200 129.476288 23.407498
v 5.177200 139.426768 13.394233
v 18.057624 141.024082 10.222792
v 5.177200 144.118211 -2.958400
v 18.057624 141.024082 10.222792
v 5.177200 139.426768 13.394233
v 5.177200 114.834366 -2.958400
v -6.344699 118.657785 8.832545
v 5.177200 119.386668 12.879921
v 5.177200 119.386668 12.879921
v -6.344699 118.657785 8.832545
v -10.853178 129.476288 13.446301
v 5.177200 129.476288 23.407498
v 5.177200 129.476288 23.407498
v -10.853178 129.476288 13.446301
v -4.832968 141.184727 7.285514
v 5.177200 139.426768 13.394233
v 5.177200 144.118211 -2.958400
v 5.177200 139.426768 13.394233
v -4.832968 141.184727 7.285514
v 5.177200 114.834366 -2.958400
v -11.509781 119.273191 -2.958400
v -6.344699 118.657785 8.832545
v -6.344699 118.657785 8.832545
v -11.509781 119.273191 -2.958400
v -21.286933 129.476288 -2.958400
v -10.853178 129.476288 13.446301
v -10.853178 129.476288 13.446301
v -21.286933 129.476288 -2.958400
v -11.299119 139.934821 -2.958400
v -4.832968 141.184727 7.285514
v 5.177200 144.118211 -2.958400
v -4.832968 141.184727 7.285514
v -11.299119 139.934821 -2.958400
v 5.177200 114.834366 -2.958400
v -5.815421 119.487737 -14.207708
v -11.509781 119.273191 -2.958400
v -11.509781 119.273191 -2.958400
v -5.815421 119.487737 -14.207708
v -10.042977 129.476288 -18.533981
v -21.286933 129.476288 -2.958400
v -21.286933 129.476288 -2.958400
v -10.042977 129.476288 -18.533981
v -5.301575 139.811534 -13.681864
v -11.299119 139.934821 -2.958400
v 5.177200 144.118211 -2.958400
v -11.299119 139.934821 -2.958400
v -5.301575 139.811534 -13.681864
v 5.177200 114.834366 -2.958400
v 5.177200 119.776534 -18.578679
v -5.815421 119.487737 -14.207708
v -5.815421 119.487737 -14.207708
v 5.177200 119.776534 -18.578679
v 5.177200 129.476288 -30.062200
v -10.042977 129.476288 -18.533981
v -10.042977 129.476288 -18.533981
v 5.177200 129.476288 -30.062200
v 5.177200 138.609647 -21.374943
v -5.301575 139.811534 -13.681864
v 5.177200 144.118211 -2.958400
v -5.301575 139.811534 -13.681864
v 5.177200 138.609647 -21.374943
v 5.177200 114.834366 -2.958400
v 18.647769 118.153715 -16.743519
v 5.177200 119.776534 -18.578679
v 5.177200 119.776534 -18.578679
v 18.647769 118.153715 -16.743519
v 23.594448 129.476288 -21.805706
v 5.177200 129.476288 -30.062200
v 5.177200 129.476288 -30.062200
v 23.594448 129.476288 -21.805706
v 18.368358 139.094774 -16.457583
v 5.177200 138.609647 -21.374943
v 5.177200 144.118211 -2.958400
v 5.177200 138.609647 -21.374943
v 18.368358 139.094774 -16.457583
v 5.177200 114.834366 -2.958400
v 24.353812 117.838423 -2.958400
v 18.647769 118.153715 -16.743519
v 18.647769 118.153715 -16.743519
v 24.353812 117.838423 -2.958400
v 29.664840 129.476288 -2.958400
v 23.594448 129.476288 -21.805706
v 23.594448 129.476288 -21.805706
v 29.664840 129.476288 -2.958400
v 23.037463 140.138027 -2.958400
v 18.368358 139.094774 -16.457583
v 5.177200 144.118211 -2.958400
v 18.368358 139.094774 -16.457583
v 23.037463 140.138027 -2.958400
vt 0.000000 0.000000
vt 1.000000 0.000000
vt 1.000000 1.000000
vt 0.000000 1.000000
vt 0.500000 1.000000
vt 0.000000 0.000000
vt 1.000000 0.000000
vt 0.000000 0.000000
vt 1.000000 0.000000
vt 1.000000 1.000000
vt 0.000000 1.000000
vt 0.500000 1.000000
vt 0.000000 0.000000
vt 1.000000 0.000000
vt 0.000000 0.000000
vt 1.000000 0.000000
vt 1.000000 1.000000
vt 0.000000 1.000000
vt 0.500000 1.000000
vt 0.000000 0.000000
vt 1.000000 0.000000
vt 0.000000 0.000000
vt 1.000000 0.000000
vt 1.000000 1.000000
vt 0.000000 1.000000
vt 0.500000 1.000000
vt 0.000000 0.000000
vt 1.000000 0.000000
vt 0.000000 0.000000
vt 1.000000 0.000000
vt 1.000000 1.000000
vt 0.000000 1.000000
vt 0.500000 1.000000
vt 0.000000 0.000000
vt 1.000000 0.000000
vt 0.000000 0.000000
vt 1.000000 0.000000
vt 1.000000 1.000000
vt 0.000000 1.000000
vt 0.500000 1.000000
vt 0.000000 0.000000
vt 1.000000 0.000000
vt 0.000000 0.000000
vt 1.000000 0.000000
vt 1.000000 1.000000
vt 0.000000 1.000000
vt 0.500000 1.000000
vt 0.000000 0.000000
vt 1.000000 0.000000
vt 0.000000 0.000000
vt 1.000000 0.000000
vt 1.000000 1.000000
vt 0.000000 1.000000
vt 0.500000 1.000000
vt 0.000000 0.000000
vt 1.000000 0.000000
vt 0.000000 0.000000
vt 1.000000 0.000000
vt 1.000000 1.000000
vt 0.000000 1.000000
vt 0.500000 1.000000
vt 0.000000 0.000000
vt 1.000000 0.000000
vt 0.000000 0.000000
vt 1.000000 0.000000
vt 1.000000 1.000000
vt 0.000000 1.000000
vt 0.000000 0.000000
vt 1.000000 0.000000
vt 1.000000 1.000000
vt 0.000000 1.000000
vt 0.000000 0.000000
vt 1.000000 0.000000
vt 1.000000 1.000000
vt 0.000000 1.000000
vt 0.000000 0.000000
vt 1.000000 0.000000
vt 1.000000 1.000000
vt 0.000000 1.000000
vt 0.000000 0.000000
vt 1.000000 0.000000
vt 1.000000 1.000000
vt 0.000000 1.000000
vt 0.000000 0.000000
vt 1.000000 0.000000
vt 1.000000 1.000000
vt 0.000000 1.000000
vt 0.000000 0.000000
vt 1.000000 0.000000
vt 1.000000 1.000000
vt 0.000000 1.000000
vt 0.000000 0.000000
vt 1.000000 0.000000
vt 1.000000 1.000000
vt 0.000000 1.000000
vt 0.000000 0.000000
vt 1.000000 0.000000
vt 1.000000 1.000000
vt 0.000000 1.000000
vt 0.000000 0.000000
vt 1.000000 0.000000
vt 1.000000 1.000000
vt 0.000000 1.000000
vt 0.500000 1.000000
vt 0.000000 0.000000
vt 1.000000 0.000000
vt 0.000000 0.000000
vt 1.000000 0.000000
vt 1.000000 1.000000
vt 0.000000 1.000000
vt 0.500000 1.000000
vt 0.000000 0.000000
vt 1.000000 0.000000
vt 0.000000 0.000000
vt 1.000000 0.000000
vt 1.000000 1.000000
vt 0.000000 1.000000
vt 0.500000 1.000000
vt 0.000000 0.000000
vt 1.000000 0.000000
vt 0.000000 0.000000
vt 1.000000 0.000000
vt 1.000000 1.000000
vt 0.000000 1.000000
vt 0.500000 1.000000
vt 0.000000 0.000000
vt 1.000000 0.000000
vt 0.000000 0.000000
vt 1.000000 0.000000
vt 1.000000 1.000000
vt 0.000000 1.000000
vt 0.500000 1.000000
vt 0.000000 0.000000
vt 1.000000 0.000000
vt 0.000000 0.000000
vt 1.000000 0.000000
vt 1.000000 1.000000
vt 0.000000 1.000000
vt 0.500000 1.000000
vt 0.000000 0.000000
vt 1.000000 0.000000
vt 0.000000 0.000000
vt 1.000000 0.000000
vt 1.000000 1.000000
vt 0.000000 1.000000
vt 0.500000 1.000000
vt 0.000000 0.000000
vt 1.000000 0.000000
vt 0.000000 0.000000
vt 1.000000 0.000000
vt 1.000000 1.000000
vt 0.000000 1.000000
vt 0.500000 1.000000
vt 0.000000 0.000000
vt 1.000000 0.000000
vt 0.000000 0.000000
vt 1.000000 0.000000
vt 1.000000 1.000000
vt 0.000000 1.000000
vt 0.500000 1.000000
vt 0.000000 0.000000
vt 1.000000 0.000000
vt 0.000000 0.000000
vt 1.000000 0.000000
vt 1.000000 1.000000
vt 0.000000 1.000000
vt 0.500000 1.000000
vt 0.000000 0.000000
vt 1.000000 0.000000
vt 0.000000 0.000000
vt 1.000000 0.000000
vt 1.000000 1.000000
vt 0.000000 1.000000
vt 0.500000 1.000000
vt 0.000000 0.000000
vt 1.000000 0.000000
vt 0.000000 0.000000
vt 1.000000 0.000000
vt 1.000000 1.000000
vt 0.000000 1.000000
vt 0.500000 1.000000
vt 0.000000 0.000000
vt 1.000000 0.000000
vt 0.000000 0.000000
vt 1.000000 0.000000
vt 1.000000 1.000000
vt 0.000000 1.000000
vt 0.500000 1.000000
vt 0.000000 0.000000
vt 1.000000 0.000000
vt 0.000000 0.000000
vt 1.000000 0.000000
vt 1.000000 1.000000
vt 0.000000 1.000000
vt 0.500000 1.000000
vt 0.000000 0.000000
vt 1.000000 0.000000
vt 0.000000 0.000000
vt 1.000000 0.000000
vt 1.000000 1.000000
vt 0.000000 1.000000
vt 0.500000 1.000000
vt 0.000000 0.000000
vt 1.000000 0.000000
vt 0.000000 0.000000
vt 1.000000 0.000000
vt 1.000000 1.000000
vt 0.000000 1.000000
vt 0.500000 1.000000
vt 0.000000 0.000000
vt 1.000000 0.000000
vt 0.000000 0.000000
vt 1.000000 0.000000
vt 1.000000 1.000000
vt 0.000000 1.000000
vt 0.500000 1.000000
vt 0.000000 0.000000
vt 1.000000 0.000000
vt 0.000000 0.000000
vt 1.000000 0.000000
vt 1.000000 1.000000
vt 0.000000 1.000000
vt 0.500000 1.000000
vt 0.000000 0.000000
vt 1.000000 0.000000
vt 0.000000 0.000000
vt 1.000000 0.000000
vt 1.000000 1.000000
vt 0.000000 1.000000
vt 0.500000 1.000000
vt 0.000000 0.000000
vt 1.000000 0.000000
vt 0.000000 0.000000
vt 1.000000 0.000000
vt 1.000000 1.000000
vt 0.000000 1.000000
vt 0.500000 1.000000
vt 0.000000 0.000000
vt 1.000000 0.000000
vt 0.000000 0.000000
vt 1.000000 0.000000
vt 1.000000 1.000000
vt 0.000000 1.000000
vt 0.500000 1.000000
vt 0.000000 0.000000
vt 1.000000 0.000000
vt 0.000000 0.000000
vt 1.000000 0.000000
vt 1.000000 1.000000
vt 0.000000 1.000000
vt 0.500000 1.000000
vt 0.000000 0.000000
vt 1.000000 0.000000
vt 0.000000 0.000000
vt 1.000000 0.000000
vt 1.000000 1.000000
vt 0.000000 1.000000
vt 0.500000 1.000000
vt 0.000000 0.000000
vt 1.000000 0.000000
vt 0.000000 0.000000
vt 1.000000 0.000000
vt 1.000000 1.000000
vt 0.000000 1.000000
vt 0.500000 1.000000
vt 0.000000 0.000000
vt 1.000000 0.000000
vt 0.000000 0.000000
vt 1.000000 0.000000
vt 1.000000 1.000000
vt 0.000000 1.000000
vt 0.500000 1.000000
vt 0.000000 0.000000
vt 1.000000 0.000000
vt 0.000000 0.000000
vt 1.000000 0.000000
vt 1.000000 1.000000
vt 0.000000 1.000000
vt 0.500000 1.000000
vt 0.000000 0.000000
vt 1.000000 0.000000
vt 0.000000 0.000000
vt 1.000000 0.000000
vt 1.000000 1.000000
vt 0.000000 1.000000
vt 0.500000 1.000000
vt 0.000000 0.000000
vt 1.000000 0.000000
vt 0.000000 0.000000
vt 1.000000 0.000000
vt 1.000000 1.000000
vt 0.000000 1.000000
vt 0.500000 1.000000
vt 0.000000 0.000000
vt 1.000000 0.000000
vt 0.000000 0.000000
vt 1.000000 0.000000
vt 1.000000 1.000000
vt 0.000000 1.000000
vt 0.500000 1.000000
vt 0.000000 0.000000
vt 1.000000 0.000000
vt 0.000000 0.000000
vt 1.000000 0.000000
vt 1.000000 1.000000
vt 0.000000 1.000000
vt 0.500000 1.000000
vt 0.000000 0.000000
vt 1.000000 0.000000
vt 0.000000 0.000000
vt 1.000000 0.000000
vt 1.000000 1.000000
vt 0.000000 1.000000
vt 0.500000 1.000000
vt 0.000000 0.000000
vt 1.000000 0.000000
vt 0.000000 0.000000
vt 1.000000 0.000000
vt 1.000000 1.000000
vt 0.000000 1.000000
vt 0.500000 1.000000
vt 0.000000 0.000000
vt 1.000000 0.000000
vt 0.000000 0.000000
vt 1.000000 0.000000
vt 1.000000 1.000000
vt 0.000000 1.000000
vt 0.500000 1.000000
vt 0.000000 0.000000
vt 1.000000 0.000000
vt 0.000000 0.000000
vt 1.000000 0.000000
vt 1.000000 1.000000
vt 0.000000 1.000000
vt 0.500000 1.000000
vt 0.000000 0.000000
vt 1.000000 0.000000
vt 0.000000 0.000000
vt 1.000000 0.000000
vt 1.000000 1.000000
vt 0.000000 1.000000
vt 0.500000 1.000000
vt 0.000000 0.000000
vt 1.000000 0.000000
vt 0.000000 0.000000
vt 1.000000 0.000000
vt 1.000000 1.000000
vt 0.000000 1.000000
vt 0.500000 1.000000
vt 0.000000 0.000000
vt 1.000000 0.000000
vt 0.000000 0.000000
vt 1.000000 0.000000
vt 1.000000 1.000000
vt 0.000000 1.000000
vt 0.500000 1.000000
vt 0.000000 0.000000
vt 1.000000 0.000000
vt 0.000000 0.000000
vt 1.000000 0.000000
vt 1.000000 1.000000
vt 0.000000 1.000000
vt 0.500000 1.000000
vt 0.000000 0.000000
vt 1.000000 0.000000
vt 0.000000 0.000000
vt 1.000000 0.000000
vt 1.000000 1.000000
vt 0.000000 1.000000
vt 0.500000 1.000000
vt 0.000000 0.000000
vt 1.000000 0.000000
vt 0.000000 0.000000
vt 1.000000 0.000000
vt 1.000000 1.000000
vt 0.000000 1.000000
vt 0.500000 1.000000
vt 0.000000 0.000000
vt 1.000000 0.000000
vt 0.000000 0.000000
vt 1.000000 0.000000
vt 1.000000 1.000000
vt 0.000000 1.000000
vt 0.500000 1.000000
vt 0.000000 0.000000
vt 1.000000 0.000000
vt 0.000000 0.000000
vt 1.000000 0.000000
vt 1.000000 1.000000
vt 0.000000 1.000000
vt 0.500000 1.000000
vt 0.000000 0.000000
vt 1.000000 0.000000
vt 0.000000 0.000000
vt 1.000000 0.000000
vt 1.000000 1.000000
vt 0.000000 1.000000
vt 0.500000 1.000000
vt 0.000000 0.000000
vt 1.000000 0.000000
vt 0.000000 0.000000
vt 1.000000 0.000000
vt 1.000000 1.000000
vt 0.000000 1.000000
vt 0.500000 1.000000
vt 0.000000 0.000000
vt 1.000000 0.000000
vt 0.000000 0.000000
vt 1.000000 0.000000
vt 1.000000 1.000000
vt 0.000000 1.000000
vt 0.500000 1.000000
vt 0.000000 0.000000
vt 1.000000 0.000000
vt 0.000000 0.000000
vt 1.000000 0.000000
vt 1.000000 1.000000
vt 0.000000 1.000000
vt 0.500000 1.000000
vt 0.000000 0.000000
vt 1.000000 0.000000
vt 0.000000 0.000000
vt 1.000000 0.000000
vt 1.000000 1.000000
vt 0.000000 1.000000
vt 0.500000 1.000000
vt 0.000000 0.000000
vt 1.000000 0.000000
vt 0.000000 0.000000
vt 1.000000 0.000000
vt 1.000000 1.000000
vt 0.000000 1.000000
vt 0.500000 1.000000
vt 0.000000 0.000000
vt 1.000000 0.000000
vt 0.000000 0.000000
vt 1.000000 0.000000
vt 1.000000 1.000000
vt 0.000000 1.000000
vt 0.500000 1.000000
vt 0.000000 0.000000
vt 1.000000 0.000000
vt 0.000000 0.000000
vt 1.000000 0.000000
vt 1.000000 1.000000
vt 0.000000 1.000000
vt 0.500000 1.000000
vt 0.000000 0.000000
vt 1.000000 0.000000
vt 0.000000 0.000000
vt 1.000000 0.000000
vt 1.000000 1.000000
vt 0.000000 1.000000
vt 0.500000 1.000000
vt 0.000000 0.000000
vt 1.000000 0.000000
vt 0.000000 0.000000
vt 1.000000 0.000000
vt 1.000000 1.000000
vt 0.000000 1.000000
vt 0.500000 1.000000
vt 0.000000 0.000000
vt 1.000000 0.000000
vt 0.000000 0.000000
vt 1.000000 0.000000
vt 1.000000 1.000000
vt 0.000000 1.000000
vt 0.500000 1.000000
vt 0.000000 0.000000
vt 1.000000 0.000000
vt 0.000000 0.000000
vt 1.000000 0.000000
vt 1.000000 1.000000
vt 0.000000 1.000000
vt 0.500000 1.000000
vt 0.000000 0.000000
vt 1.000000 0.000000
vt 0.000000 0.000000
vt 1.000000 0.000000
vt 1.000000 1.000000
vt 0.000000 1.000000
vt 0.500000 1.000000
vt 0.000000 0.000000
vt 1.000000 0.000000
vt 0.000000 0.000000
vt 1.000000 0.000000
vt 1.000000 1.000000
vt 0.000000 1.000000
vt 0.500000 1.000000
vt 0.000000 0.000000
vt 1.000000 0.000000
vt 0.000000 0.000000
vt 1.000000 0.000000
vt 1.000000 1.000000
vt 0.000000 1.000000
vt 0.500000 1.000000
vt 0.000000 0.000000
vt 1.000000 0.000000
vt 0.000000 0.000000
vt 1.000000 0.000000
vt 1.000000 1.000000
vt 0.000000 1.000000
vt 0.500000 1.000000
vt 0.000000 0.000000
vt 1.000000 0.000000
vt 0.000000 0.000000
vt 1.000000 0.000000
vt 1.000000 1.000000
vt 0.000000 1.000000
vt 0.500000 1.000000
vt 0.000000 0.000000
vt 1.000000 0.000000
vt 0.000000 0.000000
vt 1.000000 0.000000
vt 1.000000 1.000000
vt 0.000000 1.000000
vt 0.500000 1.000000
vt 0.000000 0.000000
vt 1.000000 0.000000
vt 0.000000 0.000000
vt 1.000000 0.000000
vt 1.000000 1.000000
vt 0.000000 1.000000
vt 0.500000 1.000000
vt 0.000000 0.000000
vt 1.000000 0.000000
vt 0.000000 0.000000
vt 1.000000 0.000000
vt 1.000000 1.000000
vt 0.000000 1.000000
vt 0.500000 1.000000
vt 0.000000 0.000000
vt 1.000000 0.000000
vt 0.000000 0.000000
vt 1.000000 0.000000
vt 1.000000 1.000000
vt 0.000000 1.000000
vt 0.500000 1.000000
vt 0.000000 0.000000
vt 1.000000 0.000000
vt 0.000000 0.000000
vt 1.000000 0.000000
vt 1.000000 1.000000
vt 0.000000 1.000000
vt 0.500000 1.000000
vt 0.000000 0.000000
vt 1.000000 0.000000
vt 0.000000 0.000000
vt 1.000000 0.000000
vt 1.000000 1.000000
vt 0.000000 1.000000
vt 0.500000 1.000000
vt 0.000000 0.000000
vt 1.000000 0.000000
vt 0.000000 0.000000
vt 1.000000 0.000000
vt 1.000000 1.000000
vt 0.000000 1.000000
vt 0.500000 1.000000
vt 0.000000 0.000000
vt 1.000000 0.000000
vt 0.000000 0.000000
vt 1.000000 0.000000
vt 1.000000 1.000000
vt 0.000000 1.000000
vt 0.500000 1.000000
vt 0.000000 0.000000
vt 1.000000 0.000000
vt 0.000000 0.000000
vt 1.000000 0.000000
vt 1.000000 1.000000
vt 0.000000 1.000000
vt 0.500000 1.000000
vt 0.000000 0.000000
vt 1.000000 0.000000
vt 0.000000 0.000000
vt 1.000000 0.000000
vt 1.000000 1.000000
vt 0.000000 1.000000
vt 0.500000 1.000000
vt 0.000000 0.000000
vt 1.000000 0.000000
vt 0.000000 0.000000
vt 1.000000 0.000000
vt 1.000000 1.000000
vt 0.000000 1.000000
vt 0.500000 1.000000
vt 0.000000 0.000000
vt 1.000000 0.000000
vt 0.000000 0.000000
vt 1.000000 0.000000
vt 1.000000 1.000000
vt 0.000000 1.000000
vt 0.500000 1.000000
vt 0.000000 0.000000
vt 1.000000 0.000000
vt 0.000000 0.000000
vt 1.000000 0.000000
vt 1.000000 1.000000
vt 0.000000 1.000000
vt 0.500000 1.000000
vt 0.000000 0.000000
vt 1.000000 0.000000
vt 0.000000 0.000000
vt 1.000000 0.000000
vt 1.000000 1.000000
vt 0.000000 1.000000
vt 0.500000 1.000000
vt 0.000000 0.000000
vt 1.000000 0.000000
vt 0.000000 0.000000
vt 1.000000 0.000000
vt 1.000000 1.000000
vt 0.000000 1.000000
vt 0.500000 1.000000
vt 0.000000 0.000000
vt 1.000000 0.000000
vt 0.000000 0.000000
vt 1.000000 0.000000
vt 1.000000 1.000000
vt 0.000000 1.000000
vt 0.500000 1.000000
vt 0.000000 0.000000
vt 1.000000 0.000000
vt 0.000000 0.000000
vt 1.000000 0.000000
vt 1.000000 1.000000
vt 0.000000 1.000000
vt 0.500000 1.000000
vt 0.000000 0.000000
vt 1.000000 0.000000
vt 0.000000 0.000000
vt 1.000000 0.000000
vt 1.000000 1.000000
vt 0.000000 1.000000
vt 0.500000 1.000000
vt 0.000000 0.000000
vt 1.000000 0.000000
vt 0.000000 0.000000
vt 1.000000 0.000000
vt 1.000000 1.000000
vt 0.000000 1.000000
vt 0.500000 1.000000
vt 0.000000 0.000000
vt 1.000000 0.000000
vt 0.000000 0.000000
vt 1.000000 0.000000
vt 1.000000 1.000000
vt 0.000000 1.000000
vt 0.500000 1.000000
vt 0.000000 0.000000
vt 1.000000 0.000000
vt 0.000000 0.000000
vt 1.000000 0.000000
vt 1.000000 1.000000
vt 0.000000 1.000000
vt 0.500000 1.000000
vt 0.000000 0.000000
vt 1.000000 0.000000
vt 0.000000 0.000000
vt 1.000000 0.000000
vt 1.000000 1.000000
vt 0.000000 1.000000
vt 0.500000 1.000000
vt 0.000000 0.000000
vt 1.000000 0.000000
vt 0.000000 0.000000
vt 1.000000 0.000000
vt 1.000000 1.000000
vt 0.000000 1.000000
vt 0.500000 1.000000
vt 0.000000 0.000000
vt 1.000000 0.000000
vt 0.000000 0.000000
vt 1.000000 0.000000
vt 1.000000 1.000000
vt 0.000000 1.000000
vt 0.500000 1.000000
vt 0.000000 0.000000
vt 1.000000 0.000000
vt 0.000000 0.000000
vt 1.000000 0.000000
vt 1.000000 1.000000
vt 0.000000 1.000000
vt 0.500000 1.000000
vt 0.000000 0.000000
vt 1.000000 0.000000
vt 0.000000 0.000000
vt 1.000000 0.000000
vt 1.000000 1.000000
vt 0.000000 1.000000
vt 0.500000 1.000000
vt 0.000000 0.000000
vt 1.000000 0.000000
vt 0.000000 0.000000
vt 1.000000 0.000000
vt 1.000000 1.000000
vt 0.000000 1.000000
vt 0.500000 1.000000
vt 0.000000 0.000000
vt 1.000000 0.000000
vt 0.000000 0.000000
vt 1.000000 0.000000
vt 1.000000 1.000000
vt 0.000000 1.000000
vt 0.500000 1.000000
vt 0.000000 0.000000
vt 1.000000 0.000000
vt 0.000000 0.000000
vt 1.000000 0.000000
vt 1.000000 1.000000
vt 0.000000 1.000000
vt 0.500000 1.000000
vt 0.000000 0.000000
vt 1.000000 0.000000
vt 0.000000 0.000000
vt 1.000000 0.000000
vt 1.000000 1.000000
vt 0.000000 1.000000
vt 0.500000 1.000000
vt 0.000000 0.000000
vt 1.000000 0.000000
vt 0.000000 0.000000
vt 1.000000 0.000000
vt 1.000000 1.000000
vt 0.000000 1.000000
vt 0.500000 1.000000
vt 0.000000 0.000000
vt 1.000000 0.000000
vt 0.000000 0.000000
vt 1.000000 0.000000
vt 1.000000 1.000000
vt 0.000000 1.000000
vt 0.500000 1.000000
vt 0.000000 0.000000
vt 1.000000 0.000000
vt 0.000000 0.000000
vt 1.000000 0.000000
vt 1.000000 1.000000
vt 0.000000 1.000000
vt 0.500000 1.000000
vt 0.000000 0.000000
vt 1.000000 0.000000
vt 0.000000 0.000000
vt 1.000000 0.000000
vt 1.000000 1.000000
vt 0.000000 1.000000
vt 0.500000 1.000000
vt 0.000000 0.000000
vt 1.000000 0.000000
vt 0.000000 0.000000
vt 1.000000 0.000000
vt 1.000000 1.000000
vt 0.000000 1.000000
vt 0.500000 1.000000
vt 0.000000 0.000000
vt 1.000000 0.000000
vt 0.000000 0.000000
vt 1.000000 0.000000
vt 1.000000 1.000000
vt 0.000000 1.000000
vt 0.500000 1.000000
vt 0.000000 0.000000
vt 1.000000 0.000000
vt 0.000000 0.000000
vt 1.000000 0.000000
vt 1.000000 1.000000
vt 0.000000 1.000000
vt 0.500000 1.000000
vt 0.000000 0.000000
vt 1.000000 0.000000
vt 0.000000 0.000000
vt 1.000000 0.000000
vt 1.000000 1.000000
vt 0.000000 1.000000
vt 0.500000 1.000000
vt 0.000000 0.000000
vt 1.000000 0.000000
vt 0.000000 0.000000
vt 1.000000 0.000000
vt 1.000000 1.000000
vt 0.000000 1.000000
vt 0.500000 1.000000
vt 0.000000 0.000000
vt 1.000000 0.000000
vt 0.000000 0.000000
vt 1.000000 0.000000
vt 1.000000 1.000000
vt 0.000000 1.000000
vt 0.500000 1.000000
vt 0.000000 0.000000
vt 1.000000 0.000000
vt 0.000000 0.000000
vt 1.000000 0.000000
vt 1.000000 1.000000
vt 0.000000 1.000000
vt 0.500000 1.000000
vt 0.000000 0.000000
vt 1.000000 0.000000
vt 0.000000 0.000000
vt 1.000000 0.000000
vt 1.000000 1.000000
vt 0.000000 1.000000
vt 0.500000 1.000000
vt 0.000000 0.000000
vt 1.000000 0.000000
vt 0.000000 0.000000
vt 1.000000 0.000000
vt 1.000000 1.000000
vt 0.000000 1.000000
vt 0.500000 1.000000
vt 0.000000 0.000000
vt 1.000000 0.000000
vt 0.000000 0.000000
vt 1.000000 0.000000
vt 1.000000 1.000000
vt 0.000000 1.000000
vt 0.500000 1.000000
vt 0.000000 0.000000
vt 1.000000 0.000000
vt 0.000000 0.000000
vt 1.000000 0.000000
vt 1.000000 1.000000
vt 0.000000 1.000000
vt 0.500000 1.000000
vt 0.000000 0.000000
vt 1.000000 0.000000
vt 0.000000 0.000000
vt 1.000000 0.000000
vt 1.000000 1.000000
vt 0.000000 1.000000
vt 0.500000 1.000000
vt 0.000000 0.000000
vt 1.000000 0.000000
vt 0.500000 1.000000
vt 0.000000 0.000000
vt 1.000000 0.000000
vt 0.000000 0.000000
vt 1.000000 0.000000
vt 1.000000 1.000000
vt 0.000000 1.000000
vt 0.000000 0.000000
vt 1.000000 0.000000
vt 1.000000 1.000000
vt 0.000000 1.000000
vt 0.500000 1.000000
vt 0.000000 0.000000
vt 1.000000 0.000000
vt 0.500000 1.000000
vt 0.000000 0.000000
vt 1.000000 0.000000
vt 0.000000 0.000000
vt 1.000000 0.000000
vt 1.000000 1.000000
vt 0.000000 1.000000
vt 0.000000 0.000000
vt 1.000000 0.000000
vt 1.000000 1.000000
vt 0.000000 1.000000
vt 0.500000 1.000000
vt 0.000000 0.000000
vt 1.000000 0.000000
vt 0.500000 1.000000
vt 0.000000 0.000000
vt 1.000000 0.000000
vt 0.000000 0.000000
vt 1.000000 0.000000
vt 1.000000 1.000000
vt 0.000000 1.000000
vt 0.000000 0.000000
vt 1.000000 0.000000
vt 1.000000 1.000000
vt 0.000000 1.000000
vt 0.500000 1.000000
vt 0.000000 0.000000
vt 1.000000 0.000000
vt 0.500000 1.000000
vt 0.000000 0.000000
vt 1.000000 0.000000
vt 0.000000 0.000000
vt 1.000000 0.000000
vt 1.000000 1.000000
vt 0.000000 1.000000
vt 0.000000 0.000000
vt 1.000000 0.000000
vt 1.000000 1.000000
vt 0.000000 1.000000
vt 0.500000 1.000000
vt 0.000000 0.000000
vt 1.000000 0.000000
vt 0.500000 1.000000
vt 0.000000 0.000000
vt 1.000000 0.000000
vt 0.000000 0.000000
vt 1.000000 0.000000
vt 1.000000 1.000000
vt 0.000000 1.000000
vt 0.000000 0.000000
vt 1.000000 0.000000
vt 1.000000 1.000000
vt 0.000000 1.000000
vt 0.500000 1.000000
vt 0.000000 0.000000
vt 1.000000 0.000000
vt 0.500000 1.000000
vt 0.000000 0.000000
vt 1.000000 0.000000
vt 0.000000 0.000000
vt 1.000000 0.000000
vt 1.000000 1.000000
vt 0.000000 1.000000
vt 0.000000 0.000000
vt 1.000000 0.000000
vt 1.000000 1.000000
vt 0.000000 1.000000
vt 0.500000 1.000000
vt 0.000000 0.000000
vt 1.000000 0.000000
vt 0.500000 1.000000
vt 0.000000 0.000000
vt 1.000000 0.000000
vt 0.000000 0.000000
vt 1.000000 0.000000
vt 1.000000 1.000000
vt 0.000000 1.000000
vt 0.000000 0.000000
vt 1.000000 0.000000
vt 1.000000 1.000000
vt 0.000000 1.000000
vt 0.500000 1.000000
vt 0.000000 0.000000
vt 1.000000 0.000000
vt 0.500000 1.000000
vt 0.000000 0.000000
vt 1.000000 0.000000
vt 0.000000 0.000000
vt 1.000000 0.000000
vt 1.000000 1.000000
vt 0.000000 1.000000
vt 0.000000 0.000000
vt 1.000000 0.000000
vt 1.000000 1.000000
vt 0.000000 1.000000
vt 0.500000 1.000000
vt 0.000000 0.000000
vt 1.000000 0.000000
vt 0.500000 1.000000
vt 0.000000 0.000000
vt 1.000000 0.000000
vt 0.000000 0.000000
vt 1.000000 0.000000
vt 1.000000 1.000000
vt 0.000000 1.000000
vt 0.000000 0.000000
vt 1.000000 0.000000
vt 1.000000 1.000000
vt 0.000000 1.000000
vt 0.500000 1.000000
vt 0.000000 0.000000
vt 1.000000 0.000000
vt 0.500000 1.000000
vt 0.000000 0.000000
vt 1.000000 0.000000
vt 0.000000 0.000000
vt 1.000000 0.000000
vt 1.000000 1.000000
vt 0.000000 1.000000
vt 0.000000 0.000000
vt 1.000000 0.000000
vt 1.000000 1.000000
vt 0.000000 1.000000
vt 0.500000 1.000000
vt 0.000000 0.000000
vt 1.000000 0.000000
vt 0.500000 1.000000
vt 0.000000 0.000000
vt 1.000000 0.000000
vt 0.000000 0.000000
vt 1.000000 0.000000
vt 1.000000 1.000000
vt 0.000000 1.000000
vt 0.000000 0.000000
vt 1.000000 0.000000
vt 1.000000 1.000000
vt 0.000000 1.000000
vt 0.500000 1.000000
vt 0.000000 0.000000
vt 1.000000 0.000000
vt 0.500000 1.000000
vt 0.000000 0.000000
vt 1.000000 0.000000
vt 0.000000 0.000000
vt 1.000000 0.000000
vt 1.000000 1.000000
vt 0.000000 1.000000
vt 0.000000 0.000000
vt 1.000000 0.000000
vt 1.000000 1.000000
vt 0.000000 1.000000
vt 0.500000 1.000000
vt 0.000000 0.000000
vt 1.000000 0.000000
vt 0.500000 1.000000
vt 0.000000 0.000000
vt 1.000000 0.000000
vt 0.000000 0.000000
vt 1.000000 0.000000
vt 1.000000 1.000000
vt 0.000000 1.000000
vt 0.000000 0.000000
vt 1.000000 0.000000
vt 1.000000 1.000000
vt 0.000000 1.000000
vt 0.500000 1.000000
vt 0.000000 0.000000
vt 1.000000 0.000000
vt 0.500000 1.000000
vt 0.000000 0.000000
vt 1.000000 0.000000
vt 0.000000 0.000000
vt 1.000000 0.000000
vt 1.000000 1.000000
vt 0.000000 1.000000
vt 0.000000 0.000000
vt 1.000000 0.000000
vt 1.000000 1.000000
vt 0.000000 1.000000
vt 0.500000 1.000000
vt 0.000000 0.000000
vt 1.000000 0.000000
vt 0.500000 1.000000
vt 0.000000 0.000000
vt 1.000000 0.000000
vt 0.000000 0.000000
vt 1.000000 0.000000
vt 1.000000 1.000000
vt 0.000000 1.000000
vt 0.000000 0.000000
vt 1.000000 0.000000
vt 1.000000 1.000000
vt 0.000000 1.000000
vt 0.500000 1.000000
vt 0.000000 0.000000
vt 1.000000 0.000000
vt 0.500000 1.000000
vt 0.000000 0.000000
vt 1.000000 0.000000
vt 0.000000 0.000000
vt 1.000000 0.000000
vt 1.000000 1.000000
vt 0.000000 1.000000
vt 0.000000 0.000000
vt 1.000000 0.000000
vt 1.000000 1.000000
vt 0.000000 1.000000
vt 0.500000 1.000000
vt 0.000000 0.000000
vt 1.000000 0.000000
vt 0.500000 1.000000
vt 0.000000 0.000000
vt 1.000000 0.000000
vt 0.000000 0.000000
vt 1.000000 0.000000
vt 1.000000 1.000000
vt 0.000000 1.000000
vt 0.000000 0.000000
vt 1.000000 0.000000
vt 1.000000 1.000000
vt 0.000000 1.000000
vt 0.500000 1.000000
vt 0.000000 0.000000
vt 1.000000 0.000000
vt 0.500000 1.000000
vt 0.000000 0.000000
vt 1.000000 0.000000
vt 0.000000 0.000000
vt 1.000000 0.000000
vt 1.000000 1.000000
vt 0.000000 1.000000
vt 0.000000 0.000000
vt 1.000000 0.000000
vt 1.000000 1.000000
vt 0.000000 1.000000
vt 0.500000 1.000000
vt 0.000000 0.000000
vt 1.000000 0.000000
vt 0.500000 1.000000
vt 0.000000 0.000000
vt 1.000000 0.000000
vt 0.000000 0.000000
vt 1.000000 0.000000
vt 1.000000 1.000000
vt 0.000000 1.000000
vt 0.000000 0.000000
vt 1.000000 0.000000
vt 1.000000 1.000000
vt 0.000000 1.000000
vt 0.500000 1.000000
vt 0.000000 0.000000
vt 1.000000 0.000000
vt 0.500000 1.000000
vt 0.000000 0.000000
vt 1.000000 0.000000
vt 0.000000 0.000000
vt 1.000000 0.000000
vt 1.000000 1.000000
vt 0.000000 1.000000
vt 0.000000 0.000000
vt 1.000000 0.000000
vt 1.000000 1.000000
vt 0.000000 1.000000
vt 0.500000 1.000000
vt 0.000000 0.000000
vt 1.000000 0.000000
vt 0.500000 1.000000
vt 0.000000 0.000000
vt 1.000000 0.000000
vt 0.000000 0.000000
vt 1.000000 0.000000
vt 1.000000 1.000000
vt 0.000000 1.000000
vt 0.000000 0.000000
vt 1.000000 0.000000
vt 1.000000 1.000000
vt 0.000000 1.000000
vt 0.500000 1.000000
vt 0.000000 0.000000
vt 1.000000 0.000000
vt 0.500000 1.000000
vt 0.000000 0.000000
vt 1.000000 0.000000
vt 0.000000 0.000000
vt 1.000000 0.000000
vt 1.000000 1.000000
vt 0.000000 1.000000
vt 0.000000 0.000000
vt 1.000000 0.000000
vt 1.000000 1.000000
vt 0.000000 1.000000
vt 0.500000 1.000000
vt 0.000000 0.000000
vt 1.000000 0.000000
vt 0.500000 1.000000
vt 0.000000 0.000000
vt 1.000000 0.000000
vt 0.000000 0.000000
vt 1.000000 0.000000
vt 1.000000 1.000000
vt 0.000000 1.000000
vt 0.000000 0.000000
vt 1.000000 0.000000
vt 1.000000 1.000000
vt 0.000000 1.000000
vt 0.500000 1.000000
vt 0.000000 0.000000
vt 1.000000 0.000000
vt 0.500000 1.000000
vt 0.000000 0.000000
vt 1.000000 0.000000
vt 0.000000 0.000000
vt 1.000000 0.000000
vt 1.000000 1.000000
vt 0.000000 1.000000
vt 0.000000 0.000000
vt 1.000000 0.000000
vt 1.000000 1.000000
vt 0.000000 1.000000
vt 0.500000 1.000000
vt 0.000000 0.000000
vt 1.000000 0.000000
vt 0.500000 1.000000
vt 0.000000 0.000000
vt 1.000000 0.000000
vt 0.000000 0.000000
vt 1.000000 0.000000
vt 1.000000 1.000000
vt 0.000000 1.000000
vt 0.000000 0.000000
vt 1.000000 0.000000
vt 1.000000 1.000000
vt 0.000000 1.000000
vt 0.500000 1.000000
vt 0.000000 0.000000
vt 1.000000 0.000000
vt 0.500000 1.000000
vt 0.000000 0.000000
vt 1.000000 0.000000
vt 0.000000 0.000000
vt 1.000000 0.000000
vt 1.000000 1.000000
vt 0.000000 1.000000
vt 0.000000 0.000000
vt 1.000000 0.000000
vt 1.000000 1.000000
vt 0.000000 1.000000
vt 0.500000 1.000000
vt 0.000000 0.000000
vt 1.000000 0.000000
vt 0.500000 1.000000
vt 0.000000 0.000000
vt 1.000000 0.000000
vt 0.000000 0.000000
vt 1.000000 0.000000
vt 1.000000 1.000000
vt 0.000000 1.000000
vt 0.000000 0.000000
vt 1.000000 0.000000
vt 1.000000 1.000000
vt 0.000000 1.000000
vt 0.500000 1.000000
vt 0.000000 0.000000
vt 1.000000 0.000000
vt 0.500000 1.000000
vt 0.000000 0.000000
vt 1.000000 0.000000
vt 0.000000 0.000000
vt 1.000000 0.000000
vt 1.000000 1.000000
vt 0.000000 1.000000
vt 0.000000 0.000000
vt 1.000000 0.000000
vt 1.000000 1.000000
vt 0.000000 1.000000
vt 0.500000 1.000000
vt 0.000000 0.000000
vt 1.000000 0.000000
vt 0.500000 1.000000
vt 0.000000 0.000000
vt 1.000000 0.000000
vt 0.000000 0.000000
vt 1.000000 0.000000
vt 1.000000 1.000000
vt 0.000000 1.000000
vt 0.000000 0.000000
vt 1.000000 0.000000
vt 1.000000 1.000000
vt 0.000000 1.000000
vt 0.500000 1.000000
vt 0.000000 0.000000
vt 1.000000 0.000000
vt 0.500000 1.000000
vt 0.000000 0.000000
vt 1.000000 0.000000
vt 0.000000 0.000000
vt 1.000000 0.000000
vt 1.000000 1.000000
vt 0.000000 1.000000
vt 0.000000 0.000000
vt 1.000000 0.000000
vt 1.000000 1.000000
vt 0.000000 1.000000
vt 0.500000 1.000000
vt 0.000000 0.000000
vt 1.000000 0.000000
vt 0.500000 1.000000
vt 0.000000 0.000000
vt 1.000000 0.000000
vt 0.000000 0.000000
vt 1.000000 0.000000
vt 1.000000 1.000000
vt 0.000000 1.000000
vt 0.000000 0.000000
vt 1.000000 0.000000
vt 1.000000 1.000000
vt 0.000000 1.000000
vt 0.500000 1.000000
vt 0.000000 0.000000
vt 1.000000 0.000000
vt 0.500000 1.000000
vt 0.000000 0.000000
vt 1.000000 0.000000
vt 0.000000 0.000000
vt 1.000000 0.000000
vt 1.000000 1.000000
vt 0.000000 1.000000
vt 0.000000 0.000000
vt 1.000000 0.000000
vt 1.000000 1.000000
vt 0.000000 1.000000
vt 0.500000 1.000000
vt 0.000000 0.000000
vt 1.000000 0.000000
vt 0.500000 1.000000
vt 0.000000 0.000000
vt 1.000000 0.000000
vt 0.000000 0.000000
vt 1.000000 0.000000
vt 1.000000 1.000000
vt 0.000000 1.000000
vt 0.000000 0.000000
vt 1.000000 0.000000
vt 1.000000 1.000000
vt 0.000000 1.000000
vt 0.500000 1.000000
vt 0.000000 0.000000
vt 1.000000 0.000000
vt 0.500000 1.000000
vt 0.000000 0.000000
vt 1.000000 0.000000
vt 0.000000 0.000000
vt 1.000000 0.000000
vt 1.000000 1.000000
vt 0.000000 1.000000
vt 0.000000 0.000000
vt 1.000000 0.000000
vt 1.000000 1.000000
vt 0.000000 1.000000
vt 0.500000 1.000000
vt 0.000000 0.000000
vt 1.000000 0.000000
vt 0.500000 1.000000
vt 0.000000 0.000000
vt 1.000000 0.000000
vt 0.000000 0.000000
vt 1.000000 0.000000
vt 1.000000 1.000000
vt 0.000000 1.000000
vt 0.000000 0.000000
vt 1.000000 0.000000
vt 1.000000 1.000000
vt 0.000000 1.000000
vt 0.500000 1.000000
vt 0.000000 0.000000
vt 1.000000 0.000000
vt 0.500000 1.000000
vt 0.000000 0.000000
vt 1.000000 0.000000
vt 0.000000 0.000000
vt 1.000000 0.000000
vt 1.000000 1.000000
vt 0.000000 1.000000
vt 0.000000 0.000000
vt 1.000000 0.000000
vt 1.000000 1.000000
vt 0.000000 1.000000
vt 0.500000 1.000000
vt 0.000000 0.000000
vt 1.000000 0.000000
vt 0.500000 1.000000
vt 0.000000 0.000000
vt 1.000000 0.000000
vt 0.000000 0.000000
vt 1.000000 0.000000
vt 1.000000 1.000000
vt 0.000000 1.000000
vt 0.000000 0.000000
vt 1.000000 0.000000
vt 1.000000 1.000000
vt 0.000000 1.000000
vt 0.500000 1.000000
vt 0.000000 0.000000
vt 1.000000 0.000000
vt 0.500000 1.000000
vt 0.000000 0.000000
vt 1.000000 0.000000
vt 0.000000 0.000000
vt 1.000000 0.000000
vt 1.000000 1.000000
vt 0.000000 1.000000
vt 0.000000 0.000000
vt 1.000000 0.000000
vt 1.000000 1.000000
vt 0.000000 1.000000
vt 0.500000 1.000000
vt 0.000000 0.000000
vt 1.000000 0.000000
vt 0.500000 1.000000
vt 0.000000 0.000000
vt 1.000000 0.000000
vt 0.000000 0.000000
vt 1.000000 0.000000
vt 1.000000 1.000000
vt 0.000000 1.000000
vt 0.000000 0.000000
vt 1.000000 0.000000
vt 1.000000 1.000000
vt 0.000000 1.000000
vt 0.500000 1.000000
vt 0.000000 0.000000
vt 1.000000 0.000000
vt 0.500000 1.000000
vt 0.000000 0.000000
vt 1.000000 0.000000
vt 0.000000 0.000000
vt 1.000000 0.000000
vt 1.000000 1.000000
vt 0.000000 1.000000
vt 0.000000 0.000000
vt 1.000000 0.000000
vt 1.000000 1.000000
vt 0.000000 1.000000
vt 0.500000 1.000000
vt 0.000000 0.000000
vt 1.000000 0.000000
vt 0.500000 1.000000
vt 0.000000 0.000000
vt 1.000000 0.000000
vt 0.000000 0.000000
vt 1.000000 0.000000
vt 1.000000 1.000000
vt 0.000000 1.000000
vt 0.000000 0.000000
vt 1.000000 0.000000
vt 1.000000 1.000000
vt 0.000000 1.000000
vt 0.500000 1.000000
vt 0.000000 0.000000
vt 1.000000 0.000000
vt 0.500000 1.000000
vt 0.000000 0.000000
vt 1.000000 0.000000
vt 0.000000 0.000000
vt 1.000000 0.000000
vt 1.000000 1.000000
vt 0.000000 1.000000
vt 0.000000 0.000000
vt 1.000000 0.000000
vt 1.000000 1.000000
vt 0.000000 1.000000
vt 0.500000 1.000000
vt 0.000000 0.000000
vt 1.000000 0.000000
vt 0.500000 1.000000
vt 0.000000 0.000000
vt 1.000000 0.000000
vt 0.000000 0.000000
vt 1.000000 0.000000
vt 1.000000 1.000000
vt 0.000000 1.000000
vt 0.000000 0.000000
vt 1.000000 0.000000
vt 1.000000 1.000000
vt 0.000000 1.000000
vt 0.500000 1.000000
vt 0.000000 0.000000
vt 1.000000 0.000000
vt 0.500000 1.000000
vt 0.000000 0.000000
vt 1.000000 0.000000
vt 0.000000 0.000000
vt 1.000000 0.000000
vt 1.000000 1.000000
vt 0.000000 1.000000
vt 0.000000 0.000000
vt 1.000000 0.000000
vt 1.000000 1.000000
vt 0.000000 1.000000
vt 0.500000 1.000000
vt 0.000000 0.000000
vt 1.000000 0.000000
vt 0.500000 1.000000
vt 0.000000 0.000000
vt 1.000000 0.000000
vt 0.000000 0.000000
vt 1.000000 0.000000
vt 1.000000 1.000000
vt 0.000000 1.000000
vt 0.000000 0.000000
vt 1.000000 0.000000
vt 1.000000 1.000000
vt 0.000000 1.000000
vt 0.500000 1.000000
vt 0.000000 0.000000
vt 1.000000 0.000000
vt 0.500000 1.000000
vt 0.000000 0.000000
vt 1.000000 0.000000
vt 0.000000 0.000000
vt 1.000000 0.000000
vt 1.000000 1.000000
vt 0.000000 1.000000
vt 0.000000 0.000000
vt 1.000000 0.000000
vt 1.000000 1.000000
vt 0.000000 1.000000
vt 0.500000 1.000000
vt 0.000000 0.000000
vt 1.000000 0.000000
vt 0.500000 1.000000
vt 0.000000 0.000000
vt 1.000000 0.000000
vt 0.000000 0.000000
vt 1.000000 0.000000
vt 1.000000 1.000000
vt 0.000000 1.000000
vt 0.000000 0.000000
vt 1.000000 0.000000
vt 1.000000 1.000000
vt 0.000000 1.000000
vt 0.500000 1.000000
vt 0.000000 0.000000
vt 1.000000 0.000000
vt 0.500000 1.000000
vt 0.000000 0.000000
vt 1.000000 0.000000
vt 0.000000 0.000000
vt 1.000000 0.000000
vt 1.000000 1.000000
vt 0.000000 1.000000
vt 0.000000 0.000000
vt 1.000000 0.000000
vt 1.000000 1.000000
vt 0.000000 1.000000
vt 0.500000 1.000000
vt 0.000000 0.000000
vt 1.000000 0.000000
vt 0.500000 1.000000
vt 0.000000 0.000000
vt 1.000000 0.000000
vt 0.000000 0.000000
vt 1.000000 0.000000
vt 1.000000 1.000000
vt 0.000000 1.000000
vt 0.000000 0.000000
vt 1.000000 0.000000
vt 1.000000 1.000000
vt 0.000000 1.000000
vt 0.500000 1.000000
vt 0.000000 0.000000
vt 1.000000 0.000000
vt 0.500000 1.000000
vt 0.000000 0.000000
vt 1.000000 0.000000
vt 0.000000 0.000000
vt 1.000000 0.000000
vt 1.000000 1.000000
vt 0.000000 1.000000
vt 0.000000 0.000000
vt 1.000000 0.000000
vt 1.000000 1.000000
vt 0.000000 1.000000
vt 0.500000 1.000000
vt 0.000000 0.000000
vt 1.000000 0.000000
vt 0.500000 1.000000
vt 0.000000 0.000000
vt 1.000000 0.000000
vt 0.000000 0.000000
vt 1.000000 0.000000
vt 1.000000 1.000000
vt 0.000000 1.000000
vt 0.000000 0.000000
vt 1.000000 0.000000
vt 1.000000 1.000000
vt 0.000000 1.000000
vt 0.500000 1.000000
vt 0.000000 0.000000
vt 1.000000 0.000000
vt 0.500000 1.000000
vt 0.000000 0.000000
vt 1.000000 0.000000
vt 0.000000 0.000000
vt 1.000000 0.000000
vt 1.000000 1.000000
vt 0.000000 1.000000
vt 0.000000 0.000000
vt 1.000000 0.000000
vt 1.000000 1.000000
vt 0.000000 1.000000
vt 0.500000 1.000000
vt 0.000000 0.000000
vt 1.000000 0.000000
vt 0.500000 1.000000
vt 0.000000 0.000000
vt 1.000000 0.000000
vt 0.000000 0.000000
vt 1.000000 0.000000
vt 1.000000 1.000000
vt 0.000000 1.000000
vt 0.000000 0.000000
vt 1.000000 0.000000
vt 1.000000 1.000000
vt 0.000000 1.000000
vt 0.500000 1.000000
vt 0.000000 0.000000
vt 1.000000 0.000000
vt 0.500000 1.000000
vt 0.000000 0.000000
vt 1.000000 0.000000
vt 0.000000 0.000000
vt 1.000000 0.000000
vt 1.000000 1.000000
vt 0.000000 1.000000
vt 0.000000 0.000000
vt 1.000000 0.000000
vt 1.000000 1.000000
vt 0.000000 1.000000
vt 0.500000 1.000000
vt 0.000000 0.000000
vt 1.000000 0.000000
vt 0.500000 1.000000
vt 0.000000 0.000000
vt 1.000000 0.000000
vt 0.000000 0.000000
vt 1.000000 0.000000
vt 1.000000 1.000000
vt 0.000000 1.000000
vt 0.000000 0.000000
vt 1.000000 0.000000
vt 1.000000 1.000000
vt 0.000000 1.000000
vt 0.500000 1.000000
vt 0.000000 0.000000
vt 1.000000 0.000000
vt 0.500000 1.000000
vt 0.000000 0.000000
vt 1.000000 0.000000
vt 0.000000 0.000000
vt 1.000000 0.000000
vt 1.000000 1.000000
vt 0.000000 1.000000
vt 0.000000 0.000000
vt 1.000000 0.000000
vt 1.000000 1.000000
vt 0.000000 1.000000
vt 0.500000 1.000000
vt 0.000000 0.000000
vt 1.000000 0.000000
vt 0.500000 1.000000
vt 0.000000 0.000000
vt 1.000000 0.000000
vt 0.000000 0.000000
vt 1.000000 0.000000
vt 1.000000 1.000000
vt 0.000000 1.000000
vt 0.000000 0.000000
vt 1.000000 0.000000
vt 1.000000 1.000000
vt 0.000000 1.000000
vt 0.500000 1.000000
vt 0.000000 0.000000
vt 1.000000 0.000000
vt 0.500000 1.000000
vt 0.000000 0.000000
vt 1.000000 0.000000
vt 0.000000 0.000000
vt 1.000000 0.000000
vt 1.000000 1.000000
vt 0.000000 1.000000
vt 0.000000 0.000000
vt 1.000000 0.000000
vt 1.000000 1.000000
vt 0.000000 1.000000
vt 0.500000 1.000000
vt 0.000000 0.000000
vt 1.000000 0.000000
vt 0.500000 1.000000
vt 0.000000 0.000000
vt 1.000000 0.000000
vt 0.000000 0.000000
vt 1.000000 0.000000
vt 1.000000 1.000000
vt 0.000000 1.000000
vt 0.000000 0.000000
vt 1.000000 0.000000
vt 1.000000 1.000000
vt 0.000000 1.000000
vt 0.500000 1.000000
vt 0.000000 0.000000
vt 1.000000 0.000000
vt 0.500000 1.000000
vt 0.000000 0.000000
vt 1.000000 0.000000
vt 0.000000 0.000000
vt 1.000000 0.000000
vt 1.000000 1.000000
vt 0.000000 1.000000
vt 0.000000 0.000000
vt 1.000000 0.000000
vt 1.000000 1.000000
vt 0.000000 1.000000
vt 0.500000 1.000000
vt 0.000000 0.000000
vt 1.000000 0.000000
vt 0.500000 1.000000
vt 0.000000 0.000000
vt 1.000000 0.000000
vt 0.000000 0.000000
vt 1.000000 0.000000
vt 1.000000 1.000000
vt 0.000000 1.000000
vt 0.000000 0.000000
vt 1.000000 0.000000
vt 1.000000 1.000000
vt 0.000000 1.000000
vt 0.500000 1.000000
vt 0.000000 0.000000
vt 1.000000 0.000000
vt 0.500000 1.000000
vt 0.000000 0.000000
vt 1.000000 0.000000
vt 0.000000 0.000000
vt 1.000000 0.000000
vt 1.000000 1.000000
vt 0.000000 1.000000
vt 0.000000 0.000000
vt 1.000000 0.000000
vt 1.000000 1.000000
vt 0.000000 1.000000
vt 0.500000 1.000000
vt 0.000000 0.000000
vt 1.000000 0.000000
vt 0.500000 1.000000
vt 0.000000 0.000000
vt 1.000000 0.000000
vt 0.000000 0.000000
vt 1.000000 0.000000
vt 1.000000 1.000000
vt 0.000000 1.000000
vt 0.000000 0.000000
vt 1.000000 0.000000
vt 1.000000 1.000000
vt 0.000000 1.000000
vt 0.500000 1.000000
vt 0.000000 0.000000
vt 1.000000 0.000000
vt 0.500000 1.000000
vt 0.000000 0.000000
vt 1.000000 0.000000
vt 0.000000 0.000000
vt 1.000000 0.000000
vt 1.000000 1.000000
vt 0.000000 1.000000
vt 0.000000 0.000000
vt 1.000000 0.000000
vt 1.000000 1.000000
vt 0.000000 1.000000
vt 0.500000 1.000000
vt 0.000000 0.000000
vt 1.000000 0.000000
vt 0.500000 1.000000
vt 0.000000 0.000000
vt 1.000000 0.000000
vt 0.000000 0.000000
vt 1.000000 0.000000
vt 1.000000 1.000000
vt 0.000000 1.000000
vt 0.000000 0.000000
vt 1.000000 0.000000
vt 1.000000 1.000000
vt 0.000000 1.000000
vt 0.500000 1.000000
vt 0.000000 0.000000
vt 1.000000 0.000000
vt 0.500000 1.000000
vt 0.000000 0.000000
vt 1.000000 0.000000
vt 0.000000 0.000000
vt 1.000000 0.000000
vt 1.000000 1.000000
vt 0.000000 1.000000
vt 0.000000 0.000000
vt 1.000000 0.000000
vt 1.000000 1.000000
vt 0.000000 1.000000
vt 0.500000 1.000000
vt 0.000000 0.000000
vt 1.000000 0.000000
vt 0.500000 1.000000
vt 0.000000 0.000000
vt 1.000000 0.000000
vt 0.000000 0.000000
vt 1.000000 0.000000
vt 1.000000 1.000000
vt 0.000000 1.000000
vt 0.000000 0.000000
vt 1.000000 0.000000
vt 1.000000 1.000000
vt 0.000000 1.000000
vt 0.500000 1.000000
vt 0.000000 0.000000
vt 1.000000 0.000000
vt 0.500000 1.000000
vt 0.000000 0.000000
vt 1.000000 0.000000
vt 0.000000 0.000000
vt 1.000000 0.000000
vt 1.000000 1.000000
vt 0.000000 1.000000
vt 0.000000 0.000000
vt 1.000000 0.000000
vt 1.000000 1.000000
vt 0.000000 1.000000
vt 0.500000 1.000000
vt 0.000000 0.000000
vt 1.000000 0.000000
vt 0.500000 1.000000
vt 0.000000 0.000000
vt 1.000000 0.000000
vt 0.000000 0.000000
vt 1.000000 0.000000
vt 1.000000 1.000000
vt 0.000000 1.000000
vt 0.000000 0.000000
vt 1.000000 0.000000
vt 1.000000 1.000000
vt 0.000000 1.000000
vt 0.500000 1.000000
vt 0.000000 0.000000
vt 1.000000 0.000000
vt 0.500000 1.000000
vt 0.000000 0.000000
vt 1.000000 0.000000
vt 0.000000 0.000000
vt 1.000000 0.000000
vt 1.000000 1.000000
vt 0.000000 1.000000
vt 0.000000 0.000000
vt 1.000000 0.000000
vt 1.000000 1.000000
vt 0.000000 1.000000
vt 0.500000 1.000000
vt 0.000000 0.000000
vt 1.000000 0.000000
vt 0.500000 1.000000
vt 0.000000 0.000000
vt 1.000000 0.000000
vt 0.000000 0.000000
vt 1.000000 0.000000
vt 1.000000 1.000000
vt 0.000000 1.000000
vt 0.000000 0.000000
vt 1.000000 0.000000
vt 1.000000 1.000000
vt 0.000000 1.000000
vt 0.500000 1.000000
vt 0.000000 0.000000
vt 1.000000 0.000000
vt 0.500000 1.000000
vt 0.000000 0.000000
vt 1.000000 0.000000
vt 0.000000 0.000000
vt 1.000000 0.000000
vt 1.000000 1.000000
vt 0.000000 1.000000
vt 0.000000 0.000000
vt 1.000000 0.000000
vt 1.000000 1.000000
vt 0.000000 1.000000
vt 0.500000 1.000000
vt 0.000000 0.000000
vt 1.000000 0.000000
s 1
usemtl models/caelum/world/environment/bark_plains.png
f 1/1 2/2 3/3 4/4
f 5/5 6/6 7/7
f 8/8 9/9 10/10 11/11
f 12/12 13/13 14/14
f 15/15 16/16 17/17 18/18
f 19/19 20/20 21/21
f 22/22 23/23 24/24 25/25
f 26/26 27/27 28/28
f 29/29 30/30 31/31 32/32
f 33/33 34/34 35/35
f 36/36 37/37 38/38 39/39
f 40/40 41/41 42/42
f 43/43 44/44 45/45 46/46
f 47/47 48/48 49/49
f 50/50 51/51 52/52 53/53
f 54/54 55/55 56/56
f 57/57 58/58 59/59 60/60
f 61/61 62/62 63/63
f 64/64 65/65 66/66 67/67
f 68/68 69/69 70/70 71/71
f 72/72 73/73 74/74 75/75
f 76/76 77/77 78/78 79/79
f 80/80 81/81 82/82 83/83
f 84/84 85/85 86/86 87/87
f 88/88 89/89 90/90 91/91
f 92/92 93/93 94/94 95/95
f 96/96 97/97 98/98 99/99
f 100/100 101/101 102/102 103/103
f 104/104 105/105 106/106
f 107/107 108/108 109/109 110/110
f 111/111 112/112 113/113
f 114/114 115/115 116/116 117/117
f 118/118 119/119 120/120
f 121/121 122/122 123/123 124/124
f 125/125 126/126 127/127
f 128/128 129/129 130/130 131/131
f 132/132 133/133 134/134
f 135/135 136/136 137/137 138/138
f 139/139 140/140 141/141
f 142/142 143/143 144/144 145/145
f 146/146 147/147 148/148
f 149/149 150/150 151/151 152/152
f 153/153 154/154 155/155
f 156/156 157/157 158/158 159/159
f 160/160 161/161 162/162
f 163/163 164/164 165/165 166/166
f 167/167 168/168 169/169
f 170/170 171/171 172/172 173/173
f 174/174 175/175 176/176
f 177/177 178/178 179/179 180/180
f 181/181 182/182 183/183
f 184/184 185/185 186/186 187/187
f 188/188 189/189 190/190
f 191/191 192/192 193/193 194/194
f 195/195 196/196 197/197
f 198/198 199/199 200/200 201/201
f 202/202 203/203 204/204
f 205/205 206/206 207/207 208/208
f 209/209 210/210 211/211
f 212/212 213/213 214/214 215/215
f 216/216 217/217 218/218
f 219/219 220/220 221/221 222/222
f 223/223 224/224 225/225
f 226/226 227/227 228/228 229/229
f 230/230 231/231 232/232
f 233/233 234/234 235/235 236/236
f 237/237 238/238 239/239
f 240/240 241/241 242/242 243/243
f 244/244 245/245 246/246
f 247/247 248/248 249/249 250/250
f 251/251 252/252 253/253
f 254/254 255/255 256/256 257/257
f 258/258 259/259 260/260
f 261/261 262/262 263/263 264/264
f 265/265 266/266 267/267
f 268/268 269/269 270/270 271/271
f 272/272 273/273 274/274
f 275/275 276/276 277/277 278/278
f 279/279 280/280 281/281
f 282/282 283/283 284/284 285/285
f 286/286 287/287 288/288
f 289/289 290/290 291/291 292/292
f 293/293 294/294 295/295
f 296/296 297/297 298/298 299/299
f 300/300 301/301 302/302
f 303/303 304/304 305/305 306/306
f 307/307 308/308 309/309
f 310/310 311/311 312/312 313/313
f 314/314 315/315 316/316
f 317/317 318/318 319/319 320/320
f 321/321 322/322 323/323
f 324/324 325/325 326/326 327/327
f 328/328 329/329 330/330
f 331/331 332/332 333/333 334/334
f 335/335 336/336 337/337
f 338/338 339/339 340/340 341/341
f 342/342 343/343 344/344
f 345/345 346/346 347/347 348/348
f 349/349 350/350 351/351
f 352/352 353/353 354/354 355/355
f 356/356 357/357 358/358
f 359/359 360/360 361/361 362/362
f 363/363 364/364 365/365
f 366/366 367/367 368/368 369/369
f 370/370 371/371 372/372
f 373/373 374/374 375/375 376/376
f 377/377 378/378 379/379
f 380/380 381/381 382/382 383/383
f 384/384 385/385 386/386
f 387/387 388/388 389/389 390/390
f 391/391 392/392 393/393
f 394/394 395/395 396/396 397/397
f 398/398 399/399 400/400
f 401/401 402/402 403/403 404/404
f 405/405 406/406 407/407
f 408/408 409/409 410/410 411/411
f 412/412 413/413 414/414
f 415/415 416/416 417/417 418/418
f 419/419 420/420 421/421
f 422/422 423/423 424/424 425/425
f 426/426 427/427 428/428
f 429/429 430/430 431/431 432/432
f 433/433 434/434 435/435
f 436/436 437/437 438/438 439/439
f 440/440 441/441 442/442
f 443/443 444/444 445/445 446/446
f 447/447 448/448 449/449
f 450/450 451/451 452/452 453/453
f 454/454 455/455 456/456
f 457/457 458/458 459/459 460/460
f 461/461 462/462 463/463
f 464/464 465/465 466/466 467/467
f 468/468 469/469 470/470
f 471/471 472/472 473/473 474/474
f 475/475 476/476 477/477
f 478/478 479/479 480/480 481/481
f 482/482 483/483 484/484
f 485/485 486/486 487/487 488/488
f 489/489 490/490 491/491
f 492/492 493/493 494/494 495/495
f 496/496 497/497 498/498
f 499/499 500/500 501/501 502/502
f 503/503 504/504 505/505
f 506/506 507/507 508/508 509/509
f 510/510 511/511 512/512
f 513/513 514/514 515/515 516/516
f 517/517 518/518 519/519
f 520/520 521/521 522/522 523/523
f 524/524 525/525 526/526
f 527/527 528/528 529/529 530/530
f 531/531 532/532 533/533
f 534/534 535/535 536/536 537/537
f 538/538 539/539 540/540
f 541/541 542/542 543/543 544/544
f 545/545 546/546 547/547
f 548/548 549/549 550/550 551/551
f 552/552 553/553 554/554
f 555/555 556/556 557/557 558/558
f 559/559 560/560 561/561
f 562/562 563/563 564/564 565/565
f 566/566 567/567 568/568
f 569/569 570/570 571/571 572/572
f 573/573 574/574 575/575
f 576/576 577/577 578/578 579/579
f 580/580 581/581 582/582
f 583/583 584/584 585/585 586/586
f 587/587 588/588 589/589
f 590/590 591/591 592/592 593/593
f 594/594 595/595 596/596
f 597/597 598/598 599/599 600/600
f 601/601 602/602 603/603
f 604/604 605/605 606/606 607/607
f 608/608 609/609 610/610
f 611/611 612/612 613/613 614/614
f 615/615 616/616 617/617
f 618/618 619/619 620/620 621/621
f 622/622 623/623 624/624
f 625/625 626/626 627/627 628/628
f 629/629 630/630 631/631
f 632/632 633/633 634/634 635/635
f 636/636 637/637 638/638
f 639/639 640/640 641/641 642/642
f 643/643 644/644 645/645
f 646/646 647/647 648/648 649/649
f 650/650 651/651 652/652
f 653/653 654/654 655/655 656/656
f 657/657 658/658 659/659
f 660/660 661/661 662/662 663/663
f 664/664 665/665 666/666
f 667/667 668/668 669/669 670/670
f 671/671 672/672 673/673
f 674/674 675/675 676/676 677/677
f 678/678 679/679 680/680
f 681/681 682/682 683/683 684/684
f 685/685 686/686 687/687
f 688/688 689/689 690/690 691/691
f 692/692 693/693 694/694
f 695/695 696/696 697/697 698/698
f 699/699 700/700 701/701
f 702/702 703/703 704/704 705/705
f 706/706 707/707 708/708
f 709/709 710/710 711/711 712/712
f 713/713 714/714 715/715
f 716/716 717/717 718/718 719/719
f 720/720 721/721 722/722
f 723/723 724/724 725/725 726/726
f 727/727 728/728 729/729
f 730/730 731/731 732/732 733/733
f 734/734 735/735 736/736
f 737/737 738/738 739/739 740/740
f 741/741 742/742 743/743
f 744/744 745/745 746/746 747/747
f 748/748 749/749 750/750
f 751/751 752/752 753/753 754/754
f 755/755 756/756 757/757
f 758/758 759/759 760/760 761/761
f 762/762 763/763 764/764
f 765/765 766/766 767/767 768/768
f 769/769 770/770 771/771
f 772/772 773/773 774/774 775/775
f 776/776 777/777 778/778
f 779/779 780/780 781/781 782/782
f 783/783 784/784 785/785
f 786/786 787/787 788/788 789/789
f 790/790 791/791 792/792
f 793/793 794/794 795/795 796/796
f 797/797 798/798 799/799
f 800/800 801/801 802/802 803/803
f 804/804 805/805 806/806
f 807/807 808/808 809/809 810/810
f 811/811 812/812 813/813
f 814/814 815/815 816/816 817/817
f 818/818 819/819 820/820
f 821/821 822/822 823/823 824/824
f 825/825 826/826 827/827
f 828/828 829/829 830/830 831/831
f 832/832 833/833 834/834
usemtl models/caelum/world/environment/foliage_plains.png
f 835/835 836/836 837/837
f 838/838 839/839 840/840 841/841
f 842/842 843/843 844/844 845/845
f 846/846 847/847 848/848
f 849/849 850/850 851/851
f 852/852 853/853 854/854 855/855
f 856/856 857/857 858/858 859/859
f 860/860 861/861 862/862
f 863/863 864/864 865/865
f 866/866 867/867 868/868 869/869
f 870/870 871/871 872/872 873/873
f 874/874 875/875 876/876
f 877/877 878/878 879/879
f 880/880 881/881 882/882 883/883
f 884/884 885/885 886/886 887/887
f 888/888 889/889 890/890
f 891/891 892/892 893/893
f 894/894 895/895 896/896 897/897
f 898/898 899/899 900/900 901/901
f 902/902 903/903 904/904
f 905/905 906/906 907/907
f 908/908 909/909 910/910 911/911
f 912/912 913/913 914/914 915/915
f 916/916 917/917 918/918
f 919/919 920/920 921/921
f 922/922 923/923 924/924 925/925
f 926/926 927/927 928/928 929/929
f 930/930 931/931 932/932
f 933/933 934/934 935/935
f 936/936 937/937 938/938 939/939
f 940/940 941/941 942/942 943/943
f 944/944 945/945 946/946
f 947/947 948/948 949/949
f 950/950 951/951 952/952 953/953
f 954/954 955/955 956/956 957/957
f 958/958 959/959 960/960
f 961/961 962/962 963/963
f 964/964 965/965 966/966 967/967
f 968/968 969/969 970/970 971/971
f 972/972 973/973 974/974
f 975/975 976/976 977/977
f 978/978 979/979 980/980 981/981
f 982/982 983/983 984/984 985/985
f 986/986 987/987 988/988
f 989/989 990/990 991/991
f 992/992 993/993 994/994 995/995
f 996/996 997/997 998/998 999/999
f 1000/1000 1001/1001 1002/1002
f 1003/1003 1004/1004 1005/1005
f 1006/1006 1007/1007 1008/1008 1009/1009
f 1010/1010 1011/1011 1012/1012 1013/1013
f 1014/1014 1015/1015 1016/1016
f 1017/1017 1018/1018 1019/1019
f 1020/1020 1021/1021 1022/1022 1023/1023
f 1024/1024 1025/1025 1026/1026 1027/1027
f 1028/1028 1029/1029 1030/1030
f 1031/1031 1032/1032 1033/1033
f 1034/1034 1035/1035 1036/1036 1037/1037
f 1038/1038 1039/1039 1040/1040 1041/1041
f 1042/1042 1043/1043 1044/1044
f 1045/1045 1046/1046 1047/1047
f 1048/1048 1049/1049 1050/1050 1051/1051
f 1052/1052 1053/1053 1054/1054 1055/1055
f 1056/1056 1057/1057 1058/1058
f 1059/1059 1060/1060 1061/1061
f 1062/1062 1063/1063 1064/1064 1065/1065
f 1066/1066 1067/1067 1068/1068 1069/1069
f 1070/1070 1071/1071 1072/1072
f 1073/1073 1074/1074 1075/1075
f 1076/1076 1077/1077 1078/1078 1079/1079
f 1080/1080 1081/1081 1082/1082 1083/1083
f 1084/1084 1085/1085 1086/1086
f 1087/1087 1088/1088 1089/1089
f 1090/1090 1091/1091 1092/1092 1093/1093
f 1094/1094 1095/1095 1096/1096 1097/1097
f 1098/1098 1099/1099 1100/1100
f 1101/1101 1102/1102 1103/1103
f 1104/1104 1105/1105 1106/1106 1107/1107
f 1108/1108 1109/1109 1110/1110 1111/1111
f 1112/1112 1113/1113 1114/1114
f 1115/1115 1116/1116 1117/1117
f 1118/1118 1119/1119 1120/1120 1121/1121
f 1122/1122 1123/1123 1124/1124 1125/1125
f 1126/1126 1127/1127 1128/1128
f 1129/1129 1130/1130 1131/1131
f 1132/1132 1133/1133 1134/1134 1135/1135
f 1136/1136 1137/1137 1138/1138 1139/1139
f 1140/1140 1141/1141 1142/1142
f 1143/1143 1144/1144 1145/1145
f 1146/1146 1147/1147 1148/1148 1149/1149
f 1150/1150 1151/1151 1152/1152 1153/1153
f 1154/1154 1155/1155 1156/1156
f 1157/1157 1158/1158 1159/1159
f 1160/1160 1161/1161 1162/1162 1163/1163
f 1164/1164 1165/1165 1166/1166 1167/1167
f 1168/1168 1169/1169 1170/1170
f 1171/1171 1172/1172 1173/1173
f 1174/1174 1175/1175 1176/1176 1177/1177
f 1178/1178 1179/1179 1180/1180 1181/1181
f 1182/1182 1183/1183 1184/1184
f 1185/1185 1186/1186 1187/1187
f 1188/1188 1189/1189 1190/1190 1191/1191
f 1192/1192 1193/1193 1194/1194 1195/1195
f 1196/1196 1197/1197 1198/1198
f 1199/1199 1200/1200 1201/1201
f 1202/1202 1203/1203 1204/1204 1205/1205
f 1206/1206 1207/1207 1208/1208 1209/1209
f 1210/1210 1211/1211 1212/1212
f 1213/1213 1214/1214 1215/1215
f 1216/1216 1217/1217 1218/1218 1219/1219
f 1220/1220 1221/1221 1222/1222 1223/1223
f 1224/1224 1225/1225 1226/1226
f 1227/1227 1228/1228 1229/1229
f 1230/1230 1231/1231 1232/1232 1233/1233
f 1234/1234 1235/1235 1236/1236 1237/1237
f 1238/1238 1239/1239 1240/1240
f 1241/1241 1242/1242 1243/1243
f 1244/1244 1245/1245 1246/1246 1247/1247
f 1248/1248 1249/1249 1250/1250 1251/1251
f 1252/1252 1253/1253 1254/1254
f 1255/1255 1256/1256 1257/1257
f 1258/1258 1259/1259 1260/1260 1261/1261
f 1262/1262 1263/1263 1264/1264 1265/1265
f 1266/1266 1267/1267 1268/1268
f 1269/1269 1270/1270 1271/1271
f 1272/1272 1273/1273 1274/1274 1275/1275
f 1276/1276 1277/1277 1278/1278 1279/1279
f 1280/1280 1281/1281 1282/1282
f 1283/1283 1284/1284 1285/1285
f 1286/1286 1287/1287 1288/1288 1289/1289
f 1290/1290 1291/1291 1292/1292 1293/1293
f 1294/1294 1295/1295 1296/1296
f 1297/1297 1298/1298 1299/1299
f 1300/1300 1301/1301 1302/1302 1303/1303
f 1304/1304 1305/1305 1306/1306 1307/1307
f 1308/1308 1309/1309 1310/1310
f 1311/1311 1312/1312 1313/1313
f 1314/1314 1315/1315 1316/1316 1317/1317
f 1318/1318 1319/1319 1320/1320 1321/1321
f 1322/1322 1323/1323 1324/1324
f 1325/1325 1326/1326 1327/1327
f 1328/1328 1329/1329 1330/1330 1331/1331
f 1332/1332 1333/1333 1334/1334 1335/1335
f 1336/1336 1337/1337 1338/1338
f 1339/1339 1340/1340 1341/1341
f 1342/1342 1343/1343 1344/1344 1345/1345
f 1346/1346 1347/1347 1348/1348 1349/1349
f 1350/1350 1351/1351 1352/1352
f 1353/1353 1354/1354 1355/1355
f 1356/1356 1357/1357 1358/1358 1359/1359
f 1360/1360 1361/1361 1362/1362 1363/1363
f 1364/1364 1365/1365 1366/1366
f 1367/1367 1368/1368 1369/1369
f 1370/1370 1371/1371 1372/1372 1373/1373
f 1374/1374 1375/1375 1376/1376 1377/1377
f 1378/1378 1379/1379 1380/1380
f 1381/1381 1382/1382 1383/1383
f 1384/1384 1385/1385 1386/1386 1387/1387
f 1388/1388 1389/1389 1390/1390 1391/1391
f 1392/1392 1393/1393 1394/1394
f 1395/1395 1396/1396 1397/1397
f 1398/1398 1399/1399 1400/1400 1401/1401
f 1402/1402 1403/1403 1404/1404 1405/1405
f 1406/1406 1407/1407 1408/1408
f 1409/1409 1410/1410 1411/1411
f 1412/1412 1413/1413 1414/1414 1415/1415
f 1416/1416 1417/1417 1418/1418 1419/1419
f 1420/1420 1421/1421 1422/1422
f 1423/1423 1424/1424 1425/1425
f 1426/1426 1427/1427 1428/1428 1429/1429
f 1430/1430 1431/1431 1432/1432 1433/1433
f 1434/1434 1435/1435 1436/1436
f 1437/1437 1438/1438 1439/1439
f 1440/1440 1441/1441 1442/1442 1443/1443
f 1444/1444 1445/1445 1446/1446 1447/1447
f 1448/1448 1449/1449 1450/1450
f 1451/1451 1452/1452 1453/1453
f 1454/1454 1455/1455 1456/1456 1457/1457
f 1458/1458 1459/1459 1460/1460 1461/1461
f 1462/1462 1463/1463 1464/1464
f 1465/1465 1466/1466 1467/1467
f 1468/1468 1469/1469 1470/1470 1471/1471
f 1472/1472 1473/1473 1474/1474 1475/1475
f 1476/1476 1477/1477 1478/1478
f 1479/1479 1480/1480 1481/1481
f 1482/1482 1483/1483 1484/1484 1485/1485
f 1486/1486 1487/1487 1488/1488 1489/1489
f 1490/1490 1491/1491 1492/1492
f 1493/1493 1494/1494 1495/1495
f 1496/1496 1497/1497 1498/1498 1499/1499
f 1500/1500 1501/1501 1502/1502 1503/1503
f 1504/1504 1505/1505 1506/1506
f 1507/1507 1508/1508 1509/1509
f 1510/1510 1511/1511 1512/1512 1513/1513
f 1514/1514 1515/1515 1516/1516 1517/1517
f 1518/1518 1519/1519 1520/1520
f 1521/1521 1522/1522 1523/1523
f 1524/1524 1525/1525 1526/1526 1527/1527
f 1528/1528 1529/1529 1530/1530 1531/1531
f 1532/1532 1533/1533 1534/1534
f 1535/1535 1536/1536 1537/1537
f 1538/1538 1539/1539 1540/1540 1541/1541
f 1542/1542 1543/1543 1544/1544 1545/1545
f 1546/1546 1547/1547 1548/1548
f 1549/1549 1550/1550 1551/1551
f 1552/1552 1553/1553 1554/1554 1555/1555
f 1556/1556 1557/1557 1558/1558 1559/1559
f 1560/1560 1561/1561 1562/1562
f 1563/1563 1564/1564 1565/1565
f 1566/1566 1567/1567 1568/1568 1569/1569
f 1570/1570 1571/1571 1572/1572 1573/1573
f 1574/1574 1575/1575 1576/1576
f 1577/1577 1578/1578 1579/1579
f 1580/1580 1581/1581 1582/1582 1583/1583
f 1584/1584 1585/1585 1586/1586 1587/1587
f 1588/1588 1589/1589 1590/1590
f 1591/1591 1592/1592 1593/1593
f 1594/1594 1595/1595 1596/1596 1597/1597
f 1598/1598 1599/1599 1600/1600 1601/1601
f 1602/1602 1603/1603 1604/1604
f 1605/1605 1606/1606 1607/1607
f 1608/1608 1609/1609 1610/1610 1611/1611
f 1612/1612 1613/1613 1614/1614 1615/1615
f 1616/1616 1617/1617 1618/1618
f 1619/1619 1620/1620 1621/1621
f 1622/1622 1623/1623 1624/1624 1625/1625
f 1626/1626 1627/1627 1628/1628 1629/1629
f 1630/1630 1631/1631 1632/1632
f 1633/1633 1634/1634 1635/1635
f 1636/1636 1637/1637 1638/1638 1639/1639
f 1640/1640 1641/1641 1642/1642 1643/1643
f 1644/1644 1645/1645 1646/1646
f 1647/1647 1648/1648 1649/1649
f 1650/1650 1651/1651 1652/1652 1653/1653
f 1654/1654 1655/1655 1656/1656 1657/1657
f 1658/1658 1659/1659 1660/1660
f 1661/1661 1662/1662 1663/1663
f 1664/1664 1665/1665 1666/1666 1667/1667
f 1668/1668 1669/1669 1670/1670 1671/1671
f 1672/1672 1673/1673 1674/1674
f 1675/1675 1676/1676 1677/1677
f 1678/1678 1679/1679 1680/1680 1681/1681
f 1682/1682 1683/1683 1684/1684 1685/1685
f 1686/1686 1687/1687 1688/1688
f 1689/1689 1690/1690 1691/1691
f 1692/1692 1693/1693 1694/1694 1695/1695
f 1696/1696 1697/1697 1698/1698 1699/1699
f 1700/1700 1701/1701 1702/1702
f 1703/1703 1704/1704 1705/1705
f 1706/1706 1707/1707 1708/1708 1709/1709
f 1710/1710 1711/1711 1712/1712 1713/1713
f 1714/1714 1715/1715 1716/1716
f 1717/1717 1718/1718 1719/1719
f 1720/1720 1721/1721 1722/1722 1723/1723
f 1724/1724 1725/1725 1726/1726 1727/1727
f 1728/1728 1729/1729 1730/1730
f 1731/1731 1732/1732 1733/1733
f 1734/1734 1735/1735 1736/1736 1737/1737
f 1738/1738 1739/1739 1740/1740 1741/1741
f 1742/1742 1743/1743 1744/1744
f 1745/1745 1746/1746 1747/1747
f 1748/1748 1749/1749 1750/1750 1751/1751
f 1752/1752 1753/1753 1754/1754 1755/1755
f 1756/1756 1757/1757 1758/1758
f 1759/1759 1760/1760 1761/1761
f 1762/1762 1763/1763 1764/1764 1765/1765
f 1766/1766 1767/1767 1768/1768 1769/1769
f 1770/1770 1771/1771 1772/1772
f 1773/1773 1774/1774 1775/1775
f 1776/1776 1777/1777 1778/1778 1779/1779
f 1780/1780 1781/1781 1782/1782 1783/1783
f 1784/1784 1785/1785 1786/1786
f 1787/1787 1788/1788 1789/1789
f 1790/1790 1791/1791 1792/1792 1793/1793
f 1794/1794 1795/1795 1796/1796 1797/1797
f 1798/1798 1799/1799 1800/1800
f 1801/1801 1802/1802 1803/1803
f 1804/1804 1805/1805 1806/1806 1807/1807
f 1808/1808 1809/1809 1810/1810 1811/1811
f 1812/1812 1813/1813 1814/1814
f 1815/1815 1816/1816 1817/1817
f 1818/1818 1819/1819 1820/1820 1821/1821
f 1822/1822 1823/1823 1824/1824 1825/1825
f 1826/1826 1827/1827 1828/1828
f 1829/1829 1830/1830 1831/1831
f 1832/1832 1833/1833 1834/1834 1835/1835
f 1836/1836 1837/1837 1838/1838 1839/1839
f 1840/1840 1841/1841 1842/1842
