# Modelo original generado para Caelum Argenteum.
# Ejes OBJ: X ancho, Y altura, Z profundidad.
o ca_tree_city_tipa3
v 0.000000 0.000000 -15.000000
v -9.641696 0.047782 -11.490667
v -6.339170 63.312969 -7.928560
v 0.313600 63.280000 -10.350000
v 0.000000 0.000000 0.000000
v -9.641696 0.047782 -11.490667
v 0.000000 0.000000 -15.000000
v -9.641696 0.047782 -11.490667
v -14.771935 0.073206 -2.604723
v -9.879035 63.330512 -1.797259
v -6.339170 63.312969 -7.928560
v 0.000000 0.000000 0.000000
v -14.771935 0.073206 -2.604723
v -9.641696 0.047782 -11.490667
v -14.771935 0.073206 -2.604723
v -12.990222 0.064376 7.500000
v -8.649653 63.324420 5.175000
v -9.879035 63.330512 -1.797259
v 0.000000 0.000000 0.000000
v -12.990222 0.064376 7.500000
v -14.771935 0.073206 -2.604723
v -12.990222 0.064376 7.500000
v -5.130239 0.025424 14.095389
v -3.226265 63.297543 9.725819
v -8.649653 63.324420 5.175000
v 0.000000 0.000000 0.000000
v -5.130239 0.025424 14.095389
v -12.990222 0.064376 7.500000
v -5.130239 0.025424 14.095389
v 5.130239 -0.025424 14.095389
v 3.853465 63.262457 9.725819
v -3.226265 63.297543 9.725819
v 0.000000 0.000000 0.000000
v 5.130239 -0.025424 14.095389
v -5.130239 0.025424 14.095389
v 5.130239 -0.025424 14.095389
v 12.990222 -0.064376 7.500000
v 9.276853 63.235580 5.175000
v 3.853465 63.262457 9.725819
v 0.000000 0.000000 0.000000
v 12.990222 -0.064376 7.500000
v 5.130239 -0.025424 14.095389
v 12.990222 -0.064376 7.500000
v 14.771935 -0.073206 -2.604723
v 10.506235 63.229488 -1.797259
v 9.276853 63.235580 5.175000
v 0.000000 0.000000 0.000000
v 14.771935 -0.073206 -2.604723
v 12.990222 -0.064376 7.500000
v 14.771935 -0.073206 -2.604723
v 9.641696 -0.047782 -11.490667
v 6.966370 63.247031 -7.928560
v 10.506235 63.229488 -1.797259
v 0.000000 0.000000 0.000000
v 9.641696 -0.047782 -11.490667
v 14.771935 -0.073206 -2.604723
v 9.641696 -0.047782 -11.490667
v 0.000000 0.000000 -15.000000
v 0.313600 63.280000 -10.350000
v 6.966370 63.247031 -7.928560
v 0.000000 0.000000 0.000000
v 0.000000 0.000000 -15.000000
v 9.641696 -0.047782 -11.490667
v -0.925297 63.297542 -10.275569
v -7.239797 63.386951 -7.075115
v -3.078242 117.578900 -3.896440
v 0.399309 117.529661 -5.659009
v -7.239797 63.386951 -7.075115
v -10.019978 63.426316 -0.564136
v -4.609356 117.600580 -0.310684
v -3.078242 117.578900 -3.896440
v -10.019978 63.426316 -0.564136
v -7.964964 63.397219 6.210809
v -3.477609 117.584555 3.420445
v -4.609356 117.600580 -0.310684
v -7.964964 63.397219 6.210809
v -2.036317 63.313273 10.079647
v -0.212557 117.538324 5.551110
v -3.477609 117.584555 3.420445
v -2.036317 63.313273 10.079647
v 4.991882 63.213759 9.232106
v 3.658045 117.483519 5.084348
v -0.212557 117.538324 5.551110
v 4.991882 63.213759 9.232106
v 9.831061 63.145239 4.064761
v 6.323100 117.445784 2.238564
v 3.658045 117.483519 5.084348
v 9.831061 63.145239 4.064761
v 10.216914 63.139776 -3.004532
v 6.535599 117.442775 -1.654670
v 6.323100 117.445784 2.238564
v 10.216914 63.139776 -3.004532
v 5.968896 63.199925 -8.667970
v 4.196111 117.475901 -4.773665
v 6.535599 117.442775 -1.654670
v 5.968896 63.199925 -8.667970
v -0.925297 63.297542 -10.275569
v 0.399309 117.529661 -5.659009
v 4.196111 117.475901 -4.773665
v -0.272989 117.549250 -5.536626
v -3.514121 117.619235 -3.370386
v 1.113420 158.218280 -0.620861
v 1.710470 158.205388 -1.019905
v 1.960000 158.200000 0.000000
v 1.710470 158.205388 -1.019905
v 1.113420 158.218280 -0.620861
v -3.514121 117.619235 -3.370386
v -4.604864 117.642787 0.372896
v 0.912493 158.222619 0.068691
v 1.113420 158.218280 -0.620861
v 1.960000 158.200000 0.000000
v 1.113420 158.218280 -0.620861
v 0.912493 158.222619 0.068691
v -4.604864 117.642787 0.372896
v -3.034847 117.608886 3.941695
v 1.201707 158.216374 0.726102
v 0.912493 158.222619 0.068691
v 1.960000 158.200000 0.000000
v 0.912493 158.222619 0.068691
v 1.201707 158.216374 0.726102
v -3.034847 117.608886 3.941695
v 0.461301 117.533394 5.666132
v 1.845734 158.202467 1.043761
v 1.201707 158.216374 0.726102
v 1.960000 158.200000 0.000000
v 1.201707 158.216374 0.726102
v 1.845734 158.202467 1.043761
v 0.461301 117.533394 5.666132
v 4.247694 117.451635 4.739322
v 2.543228 158.187406 0.873033
v 1.845734 158.202467 1.043761
v 1.960000 158.200000 0.000000
v 1.845734 158.202467 1.043761
v 2.543228 158.187406 0.873033
v 4.247694 117.451635 4.739322
v 6.552636 117.401864 1.594931
v 2.967822 158.178238 0.293803
v 2.543228 158.187406 0.873033
v 1.960000 158.200000 0.000000
v 2.543228 158.187406 0.873033
v 2.967822 158.178238 0.293803
v 6.552636 117.401864 1.594931
v 6.297620 117.407371 -2.295746
v 2.920846 158.179253 -0.422901
v 2.967822 158.178238 0.293803
v 1.960000 158.200000 0.000000
v 2.967822 158.178238 0.293803
v 2.920846 158.179253 -0.422901
v 6.297620 117.407371 -2.295746
v 3.601970 117.465578 -5.112218
v 2.424279 158.189975 -0.941724
v 2.920846 158.179253 -0.422901
v 1.960000 158.200000 0.000000
v 2.920846 158.179253 -0.422901
v 2.424279 158.189975 -0.941724
v 3.601970 117.465578 -5.112218
v -0.272989 117.549250 -5.536626
v 1.710470 158.205388 -1.019905
v 2.424279 158.189975 -0.941724
v 1.960000 158.200000 0.000000
v 2.424279 158.189975 -0.941724
v 1.710470 158.205388 -1.019905
v 0.557251 133.275444 3.134432
v 2.148574 130.743045 1.879628
v 40.704740 151.779674 11.045318
v 40.147777 152.666014 11.484499
v 1.391052 133.275444 0.000000
v 2.148574 130.743045 1.879628
v 0.557251 133.275444 3.134432
v 2.148574 130.743045 1.879628
v 2.982375 130.743045 -1.254803
v 40.996570 151.779674 9.948267
v 40.704740 151.779674 11.045318
v 1.391052 133.275444 0.000000
v 2.982375 130.743045 -1.254803
v 2.148574 130.743045 1.879628
v 2.982375 130.743045 -1.254803
v 2.224854 133.275444 -3.134432
v 40.731438 152.666014 9.290397
v 40.996570 151.779674 9.948267
v 1.391052 133.275444 0.000000
v 2.224854 133.275444 -3.134432
v 2.982375 130.743045 -1.254803
v 2.224854 133.275444 -3.134432
v 0.633531 135.807843 -1.879628
v 40.174475 153.552354 9.729578
v 40.731438 152.666014 9.290397
v 1.391052 133.275444 0.000000
v 0.633531 135.807843 -1.879628
v 2.224854 133.275444 -3.134432
v 0.633531 135.807843 -1.879628
v -0.200271 135.807843 1.254803
v 39.882644 153.552354 10.826629
v 40.174475 153.552354 9.729578
v 1.391052 133.275444 0.000000
v -0.200271 135.807843 1.254803
v 0.633531 135.807843 -1.879628
v -0.200271 135.807843 1.254803
v 0.557251 133.275444 3.134432
v 40.147777 152.666014 11.484499
v 39.882644 153.552354 10.826629
v 1.391052 133.275444 0.000000
v 0.557251 133.275444 3.134432
v -0.200271 135.807843 1.254803
v 40.187003 152.535435 11.486459
v 40.604830 151.662879 10.892529
v 82.716511 166.178381 21.207589
v 83.074648 165.430476 20.698507
v 82.858130 165.318551 21.640516
v 83.074648 165.430476 20.698507
v 82.716511 166.178381 21.207589
v 40.604830 151.662879 10.892529
v 40.857434 151.793458 9.793518
v 82.499993 166.066456 22.149599
v 82.716511 166.178381 21.207589
v 82.858130 165.318551 21.640516
v 82.716511 166.178381 21.207589
v 82.499993 166.066456 22.149599
v 40.857434 151.793458 9.793518
v 40.692211 152.796593 9.288436
v 82.641612 165.206626 22.582526
v 82.499993 166.066456 22.149599
v 82.858130 165.318551 21.640516
v 82.499993 166.066456 22.149599
v 82.641612 165.206626 22.582526
v 40.692211 152.796593 9.288436
v 40.274385 153.669149 9.882366
v 82.999749 164.458721 22.073443
v 82.641612 165.206626 22.582526
v 82.858130 165.318551 21.640516
v 82.641612 165.206626 22.582526
v 82.999749 164.458721 22.073443
v 40.274385 153.669149 9.882366
v 40.021781 153.538570 10.981378
v 83.216267 164.570646 21.131434
v 82.999749 164.458721 22.073443
v 82.858130 165.318551 21.640516
v 82.999749 164.458721 22.073443
v 83.216267 164.570646 21.131434
v 40.021781 153.538570 10.981378
v 40.187003 152.535435 11.486459
v 83.074648 165.430476 20.698507
v 83.216267 164.570646 21.131434
v 82.858130 165.318551 21.640516
v 83.216267 164.570646 21.131434
v 83.074648 165.430476 20.698507
v 1.055619 117.576547 -2.815745
v -0.795325 118.643590 -0.461128
v 32.715733 142.969626 13.462500
v 33.363563 142.596161 12.638384
v 1.055619 116.099939 0.000000
v -0.795325 118.643590 -0.461128
v 1.055619 117.576547 -2.815745
v -0.795325 118.643590 -0.461128
v -0.795325 117.166981 2.354617
v 32.715733 142.452813 14.448011
v 32.715733 142.969626 13.462500
v 1.055619 116.099939 0.000000
v -0.795325 117.166981 2.354617
v -0.795325 118.643590 -0.461128
v -0.795325 117.166981 2.354617
v 1.055619 114.623330 2.815745
v 33.363563 141.562535 14.609406
v 32.715733 142.452813 14.448011
v 1.055619 116.099939 0.000000
v 1.055619 114.623330 2.815745
v -0.795325 117.166981 2.354617
v 1.055619 114.623330 2.815745
v 2.906563 113.556287 0.461128
v 34.011393 141.189070 13.785290
v 33.363563 141.562535 14.609406
v 1.055619 116.099939 0.000000
v 2.906563 113.556287 0.461128
v 1.055619 114.623330 2.815745
v 2.906563 113.556287 0.461128
v 2.906563 115.032896 -2.354617
v 34.011393 141.705883 12.799779
v 34.011393 141.189070 13.785290
v 1.055619 116.099939 0.000000
v 2.906563 115.032896 -2.354617
v 2.906563 113.556287 0.461128
v 2.906563 115.032896 -2.354617
v 1.055619 117.576547 -2.815745
v 33.363563 142.596161 12.638384
v 34.011393 141.705883 12.799779
v 1.055619 116.099939 0.000000
v 1.055619 117.576547 -2.815745
v 2.906563 115.032896 -2.354617
v 33.280513 142.750665 12.740287
v 32.725555 142.989670 13.674752
v 68.998668 165.066443 28.339523
v 68.522990 165.271305 29.140493
v 68.451804 165.846720 28.383115
v 68.522990 165.271305 29.140493
v 68.998668 165.066443 28.339523
v 32.725555 142.989670 13.674752
v 32.808605 142.318353 14.558361
v 68.927482 165.641858 27.582144
v 68.998668 165.066443 28.339523
v 68.451804 165.846720 28.383115
v 68.998668 165.066443 28.339523
v 68.927482 165.641858 27.582144
v 32.808605 142.318353 14.558361
v 33.446613 141.408030 14.507503
v 68.380618 166.422134 27.625736
v 68.927482 165.641858 27.582144
v 68.451804 165.846720 28.383115
v 68.927482 165.641858 27.582144
v 68.380618 166.422134 27.625736
v 33.446613 141.408030 14.507503
v 34.001571 141.169025 13.573038
v 67.904940 166.626996 28.426707
v 68.380618 166.422134 27.625736
v 68.451804 165.846720 28.383115
v 68.380618 166.422134 27.625736
v 67.904940 166.626996 28.426707
v 34.001571 141.169025 13.573038
v 33.918521 141.840343 12.689430
v 67.976126 166.051581 29.184085
v 67.904940 166.626996 28.426707
v 68.451804 165.846720 28.383115
v 67.904940 166.626996 28.426707
v 67.976126 166.051581 29.184085
v 33.918521 141.840343 12.689430
v 33.280513 142.750665 12.740287
v 68.522990 165.271305 29.140493
v 67.976126 166.051581 29.184085
v 68.451804 165.846720 28.383115
v 67.976126 166.051581 29.184085
v 68.522990 165.271305 29.140493
v 0.725310 97.751008 -2.969490
v -1.937293 97.987405 -0.978024
v 17.301131 134.082238 18.645938
v 18.233042 133.999500 17.948926
v 0.725310 96.236609 0.000000
v -1.937293 97.987405 -0.978024
v 0.725310 97.751008 -2.969490
v -1.937293 97.987405 -0.978024
v -1.937293 96.473005 1.991465
v 17.301131 133.552199 19.685260
v 17.301131 134.082238 18.645938
v 0.725310 96.236609 0.000000
v -1.937293 96.473005 1.991465
v -1.937293 97.987405 -0.978024
v -1.937293 96.473005 1.991465
v 0.725310 94.722210 2.969490
v 18.233042 132.939420 20.027568
v 17.301131 133.552199 19.685260
v 0.725310 96.236609 0.000000
v 0.725310 94.722210 2.969490
v -1.937293 96.473005 1.991465
v 0.725310 94.722210 2.969490
v 3.387914 94.485813 0.978024
v 19.164953 132.856681 19.330556
v 18.233042 132.939420 20.027568
v 0.725310 96.236609 0.000000
v 3.387914 94.485813 0.978024
v 0.725310 94.722210 2.969490
v 3.387914 94.485813 0.978024
v 3.387914 96.000213 -1.991465
v 19.164953 133.386721 18.291234
v 19.164953 132.856681 19.330556
v 0.725310 96.236609 0.000000
v 3.387914 96.000213 -1.991465
v 3.387914 94.485813 0.978024
v 3.387914 96.000213 -1.991465
v 0.725310 97.751008 -2.969490
v 18.233042 133.999500 17.948926
v 19.164953 133.386721 18.291234
v 0.725310 96.236609 0.000000
v 0.725310 97.751008 -2.969490
v 3.387914 96.000213 -1.991465
v 18.104113 134.038965 17.978211
v 17.242580 134.044114 18.764891
v 38.109162 173.767061 39.750296
v 37.370706 173.771475 40.424593
v 37.260195 174.259622 39.558848
v 37.370706 173.771475 40.424593
v 38.109162 173.767061 39.750296
v 17.242580 134.044114 18.764891
v 17.371509 133.474609 19.774927
v 37.998651 174.255209 38.884551
v 38.109162 173.767061 39.750296
v 37.260195 174.259622 39.558848
v 38.109162 173.767061 39.750296
v 37.998651 174.255209 38.884551
v 17.371509 133.474609 19.774927
v 18.361972 132.899955 19.998283
v 37.149684 174.747769 38.693103
v 37.998651 174.255209 38.884551
v 37.260195 174.259622 39.558848
v 37.998651 174.255209 38.884551
v 37.149684 174.747769 38.693103
v 18.361972 132.899955 19.998283
v 19.223505 132.894806 19.211603
v 36.411227 174.752183 39.367400
v 37.149684 174.747769 38.693103
v 37.260195 174.259622 39.558848
v 37.149684 174.747769 38.693103
v 36.411227 174.752183 39.367400
v 19.223505 132.894806 19.211603
v 19.094575 133.464311 18.201567
v 36.521738 174.264036 40.233145
v 36.411227 174.752183 39.367400
v 37.260195 174.259622 39.558848
v 36.411227 174.752183 39.367400
v 36.521738 174.264036 40.233145
v 19.094575 133.464311 18.201567
v 18.104113 134.038965 17.978211
v 37.370706 173.771475 40.424593
v 36.521738 174.264036 40.233145
v 37.260195 174.259622 39.558848
v 36.521738 174.264036 40.233145
v 37.370706 173.771475 40.424593
v 0.993844 115.622997 -2.737660
v -2.495013 113.957054 -1.564474
v -4.089455 147.429939 36.703872
v -2.868356 148.013019 36.293257
v 0.993844 112.651622 0.000000
v -2.495013 113.957054 -1.564474
v 0.993844 115.622997 -2.737660
v -2.495013 113.957054 -1.564474
v -2.495013 110.985679 1.173186
v -4.089455 146.389957 37.662053
v -4.089455 147.429939 36.703872
v 0.993844 112.651622 0.000000
v -2.495013 110.985679 1.173186
v -2.495013 113.957054 -1.564474
v -2.495013 110.985679 1.173186
v 0.993844 109.680248 2.737660
v -2.868356 145.933056 38.209619
v -4.089455 146.389957 37.662053
v 0.993844 112.651622 0.000000
v 0.993844 109.680248 2.737660
v -2.495013 110.985679 1.173186
v 0.993844 109.680248 2.737660
v 4.482700 111.346191 1.564474
v -1.647256 146.516136 37.799004
v -2.868356 145.933056 38.209619
v 0.993844 112.651622 0.000000
v 4.482700 111.346191 1.564474
v 0.993844 109.680248 2.737660
v 4.482700 111.346191 1.564474
v 4.482700 114.317565 -1.173186
v -1.647256 147.556117 36.840823
v -1.647256 146.516136 37.799004
v 0.993844 112.651622 0.000000
v 4.482700 114.317565 -1.173186
v 4.482700 111.346191 1.564474
v 4.482700 114.317565 -1.173186
v 0.993844 115.622997 -2.737660
v -2.868356 148.013019 36.293257
v -1.647256 147.556117 36.840823
v 0.993844 112.651622 0.000000
v 0.993844 115.622997 -2.737660
v 4.482700 114.317565 -1.173186
v -3.037133 148.036336 36.334606
v -4.164939 147.332023 36.815925
v -5.858227 180.811193 77.980460
v -6.824918 180.207496 78.393019
v -6.969584 181.118894 77.607163
v -6.824918 180.207496 78.393019
v -5.858227 180.811193 77.980460
v -4.164939 147.332023 36.815925
v -3.996162 146.268724 37.732757
v -6.002894 181.722591 77.194604
v -5.858227 180.811193 77.980460
v -6.969584 181.118894 77.607163
v -5.858227 180.811193 77.980460
v -6.002894 181.722591 77.194604
v -3.996162 146.268724 37.732757
v -2.699578 145.909739 38.168271
v -7.114251 182.030293 76.821307
v -6.002894 181.722591 77.194604
v -6.969584 181.118894 77.607163
v -6.002894 181.722591 77.194604
v -7.114251 182.030293 76.821307
v -2.699578 145.909739 38.168271
v -1.571772 146.614052 37.686952
v -8.080942 181.426596 77.233866
v -7.114251 182.030293 76.821307
v -6.969584 181.118894 77.607163
v -7.114251 182.030293 76.821307
v -8.080942 181.426596 77.233866
v -1.571772 146.614052 37.686952
v -1.740550 147.677351 36.770119
v -7.936275 180.515198 78.019722
v -8.080942 181.426596 77.233866
v -6.969584 181.118894 77.607163
v -8.080942 181.426596 77.233866
v -7.936275 180.515198 78.019722
v -1.740550 147.677351 36.770119
v -3.037133 148.036336 36.334606
v -6.824918 180.207496 78.393019
v -7.936275 180.515198 78.019722
v -6.969584 181.118894 77.607163
v -7.936275 180.515198 78.019722
v -6.824918 180.207496 78.393019
v 1.292114 131.273887 -1.881609
v -1.131068 128.938521 -2.326262
v -26.738255 150.553494 32.121140
v -25.890141 151.370872 32.276769
v 1.292114 128.448465 0.000000
v -1.131068 128.938521 -2.326262
v 1.292114 131.273887 -1.881609
v -1.131068 128.938521 -2.326262
v -1.131068 126.113099 -0.444653
v -26.738255 149.564596 32.779704
v -26.738255 150.553494 32.121140
v 1.292114 128.448465 0.000000
v -1.131068 126.113099 -0.444653
v -1.131068 128.938521 -2.326262
v -1.131068 126.113099 -0.444653
v 1.292114 125.623043 1.881609
v -25.890141 149.393077 33.593895
v -26.738255 149.564596 32.779704
v 1.292114 128.448465 0.000000
v 1.292114 125.623043 1.881609
v -1.131068 126.113099 -0.444653
v 1.292114 125.623043 1.881609
v 3.715297 127.958409 2.326262
v -25.042027 150.210455 33.749524
v -25.890141 149.393077 33.593895
v 1.292114 128.448465 0.000000
v 3.715297 127.958409 2.326262
v 1.292114 125.623043 1.881609
v 3.715297 127.958409 2.326262
v 3.715297 130.783831 0.444653
v -25.042027 151.199352 33.090961
v -25.042027 150.210455 33.749524
v 1.292114 128.448465 0.000000
v 3.715297 130.783831 0.444653
v 3.715297 127.958409 2.326262
v 3.715297 130.783831 0.444653
v 1.292114 131.273887 -1.881609
v -25.890141 151.370872 32.276769
v -25.042027 151.199352 33.090961
v 1.292114 128.448465 0.000000
v 1.292114 131.273887 -1.881609
v 3.715297 130.783831 0.444653
v -26.003689 151.429988 32.387245
v -26.762438 150.548114 32.145953
v -54.482224 165.720521 69.291886
v -55.132581 164.964629 69.085064
v -55.229908 165.862926 68.615275
v -55.132581 164.964629 69.085064
v -54.482224 165.720521 69.291886
v -26.762438 150.548114 32.145953
v -26.648890 149.500100 32.694040
v -54.579551 166.618818 68.822097
v -54.482224 165.720521 69.291886
v -55.229908 165.862926 68.615275
v -54.482224 165.720521 69.291886
v -54.579551 166.618818 68.822097
v -26.648890 149.500100 32.694040
v -25.776593 149.333961 33.483419
v -55.327234 166.761223 68.145486
v -54.579551 166.618818 68.822097
v -55.229908 165.862926 68.615275
v -54.579551 166.618818 68.822097
v -55.327234 166.761223 68.145486
v -25.776593 149.333961 33.483419
v -25.017843 150.215835 33.724711
v -55.977591 166.005331 67.938665
v -55.327234 166.761223 68.145486
v -55.229908 165.862926 68.615275
v -55.327234 166.761223 68.145486
v -55.977591 166.005331 67.938665
v -25.017843 150.215835 33.724711
v -25.131391 151.263848 33.176624
v -55.880264 165.107034 68.408453
v -55.977591 166.005331 67.938665
v -55.229908 165.862926 68.615275
v -55.977591 166.005331 67.938665
v -55.880264 165.107034 68.408453
v -25.131391 151.263848 33.176624
v -26.003689 151.429988 32.387245
v -55.132581 164.964629 69.085064
v -55.880264 165.107034 68.408453
v -55.229908 165.862926 68.615275
v -55.880264 165.107034 68.408453
v -55.132581 164.964629 69.085064
v 1.592734 143.463390 -3.676866
v -0.839839 140.909615 -2.332106
v -24.854770 169.790749 5.630194
v -24.003370 170.684570 5.159528
v 1.592734 142.610035 0.000000
v -0.839839 140.909615 -2.332106
v 1.592734 143.463390 -3.676866
v -0.839839 140.909615 -2.332106
v -0.839839 140.056260 1.344760
v -24.854770 169.492075 6.917097
v -24.854770 169.790749 5.630194
v 1.592734 142.610035 0.000000
v -0.839839 140.056260 1.344760
v -0.839839 140.909615 -2.332106
v -0.839839 140.056260 1.344760
v 1.592734 141.756680 3.676866
v -24.003370 170.087222 7.733334
v -24.854770 169.492075 6.917097
v 1.592734 142.610035 0.000000
v 1.592734 141.756680 3.676866
v -0.839839 140.056260 1.344760
v 1.592734 141.756680 3.676866
v 4.025307 144.310455 2.332106
v -23.151969 170.981043 7.262668
v -24.003370 170.087222 7.733334
v 1.592734 142.610035 0.000000
v 4.025307 144.310455 2.332106
v 1.592734 141.756680 3.676866
v 4.025307 144.310455 2.332106
v 4.025307 145.163810 -1.344760
v -23.151969 171.279717 5.975765
v -23.151969 170.981043 7.262668
v 1.592734 142.610035 0.000000
v 4.025307 145.163810 -1.344760
v 4.025307 144.310455 2.332106
v 4.025307 145.163810 -1.344760
v 1.592734 143.463390 -3.676866
v -24.003370 170.684570 5.159528
v -23.151969 171.279717 5.975765
v 1.592734 142.610035 0.000000
v 1.592734 143.463390 -3.676866
v 4.025307 145.163810 -1.344760
v -24.118999 170.590779 5.146439
v -24.891655 169.702958 5.746523
v -50.838367 199.708235 14.029985
v -51.500644 198.947245 14.544343
v -51.599754 199.122860 13.430064
v -51.500644 198.947245 14.544343
v -50.838367 199.708235 14.029985
v -24.891655 169.702958 5.746523
v -24.776026 169.498075 7.046515
v -50.937478 199.883849 12.915706
v -50.838367 199.708235 14.029985
v -51.599754 199.122860 13.430064
v -50.838367 199.708235 14.029985
v -50.937478 199.883849 12.915706
v -24.776026 169.498075 7.046515
v -23.887741 170.181013 7.746423
v -51.698865 199.298474 12.315786
v -50.937478 199.883849 12.915706
v -51.599754 199.122860 13.430064
v -50.937478 199.883849 12.915706
v -51.698865 199.298474 12.315786
v -23.887741 170.181013 7.746423
v -23.115084 171.068834 7.146338
v -52.361142 198.537484 12.830143
v -51.698865 199.298474 12.315786
v -51.599754 199.122860 13.430064
v -51.698865 199.298474 12.315786
v -52.361142 198.537484 12.830143
v -23.115084 171.068834 7.146338
v -23.230713 171.273717 5.846347
v -52.262031 198.361870 13.944422
v -52.361142 198.537484 12.830143
v -51.599754 199.122860 13.430064
v -52.361142 198.537484 12.830143
v -52.262031 198.361870 13.944422
v -23.230713 171.273717 5.846347
v -24.118999 170.590779 5.146439
v -51.500644 198.947245 14.544343
v -52.262031 198.361870 13.944422
v -51.599754 199.122860 13.430064
v -52.262031 198.361870 13.944422
v -51.500644 198.947245 14.544343
v 1.207196 123.195904 -2.884588
v -0.459681 121.742203 -0.798746
v -33.369206 149.691609 -9.059139
v -32.785799 150.200404 -9.789184
v 1.207196 124.155911 0.000000
v -0.459681 121.742203 -0.798746
v 1.207196 123.195904 -2.884588
v -0.459681 121.742203 -0.798746
v -0.459681 122.702210 2.085842
v -33.369206 150.027611 -8.049533
v -33.369206 149.691609 -9.059139
v 1.207196 124.155911 0.000000
v -0.459681 122.702210 2.085842
v -0.459681 121.742203 -0.798746
v -0.459681 122.702210 2.085842
v 1.207196 125.115918 2.884588
v -32.785799 150.872409 -7.769972
v -33.369206 150.027611 -8.049533
v 1.207196 124.155911 0.000000
v 1.207196 125.115918 2.884588
v -0.459681 122.702210 2.085842
v 1.207196 125.115918 2.884588
v 2.874074 126.569619 0.798746
v -32.202392 151.381205 -8.500017
v -32.785799 150.872409 -7.769972
v 1.207196 124.155911 0.000000
v 2.874074 126.569619 0.798746
v 1.207196 125.115918 2.884588
v 2.874074 126.569619 0.798746
v 2.874074 125.609612 -2.085842
v -32.202392 151.045202 -9.509622
v -32.202392 151.381205 -8.500017
v 1.207196 124.155911 0.000000
v 2.874074 125.609612 -2.085842
v 2.874074 126.569619 0.798746
v 2.874074 125.609612 -2.085842
v 1.207196 123.195904 -2.884588
v -32.785799 150.200404 -9.789184
v -32.202392 151.045202 -9.509622
v 1.207196 124.155911 0.000000
v 1.207196 123.195904 -2.884588
v 2.874074 125.609612 -2.085842
v -32.859619 150.054995 -9.725620
v -33.352899 149.641506 -8.878328
v -69.024858 175.625780 -18.206144
v -69.447670 175.271361 -17.479894
v -69.510944 174.858722 -18.290787
v -69.447670 175.271361 -17.479894
v -69.024858 175.625780 -18.206144
v -33.352899 149.641506 -8.878328
v -33.279079 150.122918 -7.932286
v -69.088132 175.213141 -19.017037
v -69.024858 175.625780 -18.206144
v -69.510944 174.858722 -18.290787
v -69.024858 175.625780 -18.206144
v -69.088132 175.213141 -19.017037
v -33.279079 150.122918 -7.932286
v -32.711979 151.017819 -7.833536
v -69.574218 174.446083 -19.101680
v -69.088132 175.213141 -19.017037
v -69.510944 174.858722 -18.290787
v -69.088132 175.213141 -19.017037
v -69.574218 174.446083 -19.101680
v -32.711979 151.017819 -7.833536
v -32.218699 151.431308 -8.680828
v -69.997030 174.091664 -18.375430
v -69.574218 174.446083 -19.101680
v -69.510944 174.858722 -18.290787
v -69.574218 174.446083 -19.101680
v -69.997030 174.091664 -18.375430
v -32.218699 151.431308 -8.680828
v -32.292519 150.949896 -9.626870
v -69.933755 174.504303 -17.564537
v -69.997030 174.091664 -18.375430
v -69.510944 174.858722 -18.290787
v -69.997030 174.091664 -18.375430
v -69.933755 174.504303 -17.564537
v -32.292519 150.949896 -9.626870
v -32.859619 150.054995 -9.725620
v -69.447670 175.271361 -17.479894
v -69.933755 174.504303 -17.564537
v -69.510944 174.858722 -18.290787
v -69.933755 174.504303 -17.564537
v -69.447670 175.271361 -17.479894
v 1.426424 132.903326 -2.299302
v -0.426970 132.497348 0.132534
v -22.786131 151.022330 -15.087060
v -22.137443 151.164423 -15.938203
v 1.426424 134.959275 0.000000
v -0.426970 132.497348 0.132534
v 1.426424 132.903326 -2.299302
v -0.426970 132.497348 0.132534
v -0.426970 134.553297 2.431836
v -22.786131 151.741912 -14.282304
v -22.786131 151.022330 -15.087060
v 1.426424 134.959275 0.000000
v -0.426970 134.553297 2.431836
v -0.426970 132.497348 0.132534
v -0.426970 134.553297 2.431836
v 1.426424 137.015223 2.299302
v -22.137443 152.603586 -14.328691
v -22.786131 151.741912 -14.282304
v 1.426424 134.959275 0.000000
v 1.426424 137.015223 2.299302
v -0.426970 134.553297 2.431836
v 1.426424 137.015223 2.299302
v 3.279818 137.421201 -0.132534
v -21.488755 152.745679 -15.179834
v -22.137443 152.603586 -14.328691
v 1.426424 134.959275 0.000000
v 3.279818 137.421201 -0.132534
v 1.426424 137.015223 2.299302
v 3.279818 137.421201 -0.132534
v 3.279818 135.365252 -2.431836
v -21.488755 152.026097 -15.984590
v -21.488755 152.745679 -15.179834
v 1.426424 134.959275 0.000000
v 3.279818 135.365252 -2.431836
v 3.279818 137.421201 -0.132534
v 3.279818 135.365252 -2.431836
v 1.426424 132.903326 -2.299302
v -22.137443 151.164423 -15.938203
v -21.488755 152.026097 -15.984590
v 1.426424 134.959275 0.000000
v 1.426424 132.903326 -2.299302
v 3.279818 135.365252 -2.431836
v -22.220697 150.999396 -15.746608
v -22.777016 151.071134 -14.824224
v -46.997892 166.335857 -31.793063
v -47.474737 166.397347 -31.002448
v -47.546097 165.639111 -31.528015
v -47.474737 166.397347 -31.002448
v -46.997892 166.335857 -31.793063
v -22.777016 151.071134 -14.824224
v -22.693762 151.955743 -14.211063
v -47.069252 165.577621 -32.318630
v -46.997892 166.335857 -31.793063
v -47.546097 165.639111 -31.528015
v -46.997892 166.335857 -31.793063
v -47.069252 165.577621 -32.318630
v -22.693762 151.955743 -14.211063
v -22.054189 152.768613 -14.520286
v -47.617458 164.880875 -32.053582
v -47.069252 165.577621 -32.318630
v -47.546097 165.639111 -31.528015
v -47.069252 165.577621 -32.318630
v -47.617458 164.880875 -32.053582
v -22.054189 152.768613 -14.520286
v -21.497870 152.696874 -15.442670
v -48.094303 164.942365 -31.262966
v -47.617458 164.880875 -32.053582
v -47.546097 165.639111 -31.528015
v -47.617458 164.880875 -32.053582
v -48.094303 164.942365 -31.262966
v -21.497870 152.696874 -15.442670
v -21.581124 151.812266 -16.055831
v -48.022942 165.700601 -30.737400
v -48.094303 164.942365 -31.262966
v -47.546097 165.639111 -31.528015
v -48.094303 164.942365 -31.262966
v -48.022942 165.700601 -30.737400
v -21.581124 151.812266 -16.055831
v -22.220697 150.999396 -15.746608
v -47.474737 166.397347 -31.002448
v -48.022942 165.700601 -30.737400
v -47.546097 165.639111 -31.528015
v -48.022942 165.700601 -30.737400
v -47.474737 166.397347 -31.002448
v 1.109545 117.105401 -2.869826
v -1.838415 117.643244 -1.150994
v -7.311526 154.024183 -24.178442
v -6.279740 153.835938 -24.780034
v 1.109545 119.028478 0.000000
v -1.838415 117.643244 -1.150994
v 1.109545 117.105401 -2.869826
v -1.838415 117.643244 -1.150994
v -1.838415 119.566321 1.718833
v -7.311526 154.697261 -23.174003
v -7.311526 154.024183 -24.178442
v 1.109545 119.028478 0.000000
v -1.838415 119.566321 1.718833
v -1.838415 117.643244 -1.150994
v -1.838415 119.566321 1.718833
v 1.109545 120.951556 2.869826
v -6.279740 155.182093 -22.771155
v -7.311526 154.697261 -23.174003
v 1.109545 119.028478 0.000000
v 1.109545 120.951556 2.869826
v -1.838415 119.566321 1.718833
v 1.109545 120.951556 2.869826
v 4.057505 120.413713 1.150994
v -5.247954 154.993848 -23.372747
v -6.279740 155.182093 -22.771155
v 1.109545 119.028478 0.000000
v 4.057505 120.413713 1.150994
v 1.109545 120.951556 2.869826
v 4.057505 120.413713 1.150994
v 4.057505 118.490635 -1.718833
v -5.247954 154.320771 -24.377186
v -5.247954 154.993848 -23.372747
v 1.109545 119.028478 0.000000
v 4.057505 118.490635 -1.718833
v 4.057505 120.413713 1.150994
v 4.057505 118.490635 -1.718833
v 1.109545 117.105401 -2.869826
v -6.279740 153.835938 -24.780034
v -5.247954 154.320771 -24.377186
v 1.109545 119.028478 0.000000
v 1.109545 117.105401 -2.869826
v 4.057505 118.490635 -1.718833
v -6.422440 153.825108 -24.762426
v -7.375995 154.091315 -24.068309
v -13.252689 193.683478 -49.281590
v -14.070021 193.911655 -48.686632
v -14.192336 193.325449 -49.532488
v -14.070021 193.911655 -48.686632
v -13.252689 193.683478 -49.281590
v -7.375995 154.091315 -24.068309
v -7.233294 154.775223 -23.081477
v -13.375004 193.097271 -50.127446
v -13.252689 193.683478 -49.281590
v -14.192336 193.325449 -49.532488
v -13.252689 193.683478 -49.281590
v -13.375004 193.097271 -50.127446
v -7.233294 154.775223 -23.081477
v -6.137039 155.192923 -22.788762
v -14.314651 192.739242 -50.378344
v -13.375004 193.097271 -50.127446
v -14.192336 193.325449 -49.532488
v -13.375004 193.097271 -50.127446
v -14.314651 192.739242 -50.378344
v -6.137039 155.192923 -22.788762
v -5.183485 154.926716 -23.482879
v -15.131983 192.967419 -49.783387
v -14.314651 192.739242 -50.378344
v -14.192336 193.325449 -49.532488
v -14.314651 192.739242 -50.378344
v -15.131983 192.967419 -49.783387
v -5.183485 154.926716 -23.482879
v -5.326185 154.242809 -24.469712
v -15.009668 193.553626 -48.937531
v -15.131983 192.967419 -49.783387
v -14.192336 193.325449 -49.532488
v -15.131983 192.967419 -49.783387
v -15.009668 193.553626 -48.937531
v -5.326185 154.242809 -24.469712
v -6.422440 153.825108 -24.762426
v -14.070021 193.911655 -48.686632
v -15.009668 193.553626 -48.937531
v -14.192336 193.325449 -49.532488
v -15.009668 193.553626 -48.937531
v -14.070021 193.911655 -48.686632
v 1.372770 129.723842 -1.802367
v -1.383130 130.810470 -0.530711
v -4.495348 148.750125 -25.260960
v -3.530783 148.369805 -25.706040
v 1.372770 132.396729 0.000000
v -1.383130 130.810470 -0.530711
v 1.372770 129.723842 -1.802367
v -1.383130 130.810470 -0.530711
v -1.383130 133.483358 1.271656
v -4.495348 149.685635 -24.630131
v -4.495348 148.750125 -25.260960
v 1.372770 132.396729 0.000000
v -1.383130 133.483358 1.271656
v -1.383130 130.810470 -0.530711
v -1.383130 133.483358 1.271656
v 1.372770 135.069617 1.802367
v -3.530783 150.240826 -24.444382
v -4.495348 149.685635 -24.630131
v 1.372770 132.396729 0.000000
v 1.372770 135.069617 1.802367
v -1.383130 133.483358 1.271656
v 1.372770 135.069617 1.802367
v 4.128669 133.982988 0.530711
v -2.566218 149.860506 -24.889462
v -3.530783 150.240826 -24.444382
v 1.372770 132.396729 0.000000
v 4.128669 133.982988 0.530711
v 1.372770 135.069617 1.802367
v 4.128669 133.982988 0.530711
v 4.128669 131.310101 -1.271656
v -2.566218 148.924995 -25.520291
v -2.566218 149.860506 -24.889462
v 1.372770 132.396729 0.000000
v 4.128669 131.310101 -1.271656
v 4.128669 133.982988 0.530711
v 4.128669 131.310101 -1.271656
v 1.372770 129.723842 -1.802367
v -3.530783 148.369805 -25.706040
v -2.566218 148.924995 -25.520291
v 1.372770 132.396729 0.000000
v 1.372770 129.723842 -1.802367
v 4.128669 131.310101 -1.271656
v -3.663978 148.307551 -25.584966
v -4.554011 148.833266 -25.132650
v -7.851516 164.282221 -52.190789
v -8.614402 164.732834 -51.803090
v -8.728568 163.877607 -52.240023
v -8.614402 164.732834 -51.803090
v -7.851516 164.282221 -52.190789
v -4.554011 148.833266 -25.132650
v -4.420817 149.831030 -24.622895
v -7.965683 163.426994 -52.627722
v -7.851516 164.282221 -52.190789
v -8.728568 163.877607 -52.240023
v -7.851516 164.282221 -52.190789
v -7.965683 163.426994 -52.627722
v -4.420817 149.831030 -24.622895
v -3.397589 150.303080 -24.565456
v -8.842735 163.022380 -52.676956
v -7.965683 163.426994 -52.627722
v -8.728568 163.877607 -52.240023
v -7.965683 163.426994 -52.627722
v -8.842735 163.022380 -52.676956
v -3.397589 150.303080 -24.565456
v -2.507556 149.777365 -25.017772
v -9.605621 163.472993 -52.289257
v -8.842735 163.022380 -52.676956
v -8.728568 163.877607 -52.240023
v -8.842735 163.022380 -52.676956
v -9.605621 163.472993 -52.289257
v -2.507556 149.777365 -25.017772
v -2.640750 148.779600 -25.527527
v -9.491454 164.328220 -51.852324
v -9.605621 163.472993 -52.289257
v -8.728568 163.877607 -52.240023
v -9.605621 163.472993 -52.289257
v -9.491454 164.328220 -51.852324
v -2.640750 148.779600 -25.527527
v -3.663978 148.307551 -25.584966
v -8.614402 164.732834 -51.803090
v -9.491454 164.328220 -51.852324
v -8.728568 163.877607 -52.240023
v -9.491454 164.328220 -51.852324
v -8.614402 164.732834 -51.803090
v 0.820649 99.493323 -3.574198
v -2.684504 102.385022 -2.956813
v 23.043616 136.686161 -28.616744
v 24.270419 135.674066 -28.832829
v 0.820649 102.366352 0.000000
v -2.684504 102.385022 -2.956813
v 0.820649 99.493323 -3.574198
v -2.684504 102.385022 -2.956813
v -2.684504 105.258051 0.617385
v 23.043616 137.691721 -27.365775
v 23.043616 136.686161 -28.616744
v 0.820649 102.366352 0.000000
v -2.684504 105.258051 0.617385
v -2.684504 102.385022 -2.956813
v -2.684504 105.258051 0.617385
v 0.820649 105.239381 3.574198
v 24.270419 137.685186 -26.330891
v 23.043616 137.691721 -27.365775
v 0.820649 102.366352 0.000000
v 0.820649 105.239381 3.574198
v -2.684504 105.258051 0.617385
v 0.820649 105.239381 3.574198
v 4.325802 102.347681 2.956813
v 25.497223 136.673092 -26.546975
v 24.270419 137.685186 -26.330891
v 0.820649 102.366352 0.000000
v 4.325802 102.347681 2.956813
v 0.820649 105.239381 3.574198
v 4.325802 102.347681 2.956813
v 4.325802 99.474652 -0.617385
v 25.497223 135.667532 -27.797945
v 25.497223 136.673092 -26.546975
v 0.820649 102.366352 0.000000
v 4.325802 99.474652 -0.617385
v 4.325802 102.347681 2.956813
v 4.325802 99.474652 -0.617385
v 0.820649 99.493323 -3.574198
v 24.270419 135.674066 -28.832829
v 25.497223 135.667532 -27.797945
v 0.820649 102.366352 0.000000
v 0.820649 99.493323 -3.574198
v 4.325802 99.474652 -0.617385
v 24.102650 135.706939 -28.847486
v 22.981581 136.810612 -28.529390
v 50.847443 171.053129 -56.650039
v 49.886527 171.999135 -56.377386
v 49.742724 171.165403 -57.462208
v 49.886527 171.999135 -56.377386
v 50.847443 171.053129 -56.650039
v 22.981581 136.810612 -28.529390
v 23.149350 137.783300 -27.263764
v 50.703641 170.219397 -57.734861
v 50.847443 171.053129 -56.650039
v 49.742724 171.165403 -57.462208
v 50.847443 171.053129 -56.650039
v 50.703641 170.219397 -57.734861
v 23.149350 137.783300 -27.263764
v 24.438189 137.652313 -26.316234
v 49.598922 170.331671 -58.547030
v 50.703641 170.219397 -57.734861
v 49.742724 171.165403 -57.462208
v 50.703641 170.219397 -57.734861
v 49.598922 170.331671 -58.547030
v 24.438189 137.652313 -26.316234
v 25.559258 136.548640 -26.634330
v 48.638006 171.277677 -58.274377
v 49.598922 170.331671 -58.547030
v 49.742724 171.165403 -57.462208
v 49.598922 170.331671 -58.547030
v 48.638006 171.277677 -58.274377
v 25.559258 136.548640 -26.634330
v 25.391489 135.575953 -27.899956
v 48.781808 172.111408 -57.189555
v 48.638006 171.277677 -58.274377
v 49.742724 171.165403 -57.462208
v 48.638006 171.277677 -58.274377
v 48.781808 172.111408 -57.189555
v 25.391489 135.575953 -27.899956
v 24.102650 135.706939 -28.847486
v 49.886527 171.999135 -56.377386
v 48.781808 172.111408 -57.189555
v 49.742724 171.165403 -57.462208
v 48.781808 172.111408 -57.189555
v 49.886527 171.999135 -56.377386
v 0.762304 97.756277 -4.056962
v -2.327060 100.011502 -2.430302
v 27.761162 144.966003 -11.063847
v 28.842439 144.176675 -11.633178
v 0.762304 98.660318 0.000000
v -2.327060 100.011502 -2.430302
v 0.762304 97.756277 -4.056962
v -2.327060 100.011502 -2.430302
v -2.327060 100.915544 1.626660
v 27.761162 145.282418 -9.643911
v 27.761162 144.966003 -11.063847
v 0.762304 98.660318 0.000000
v -2.327060 100.915544 1.626660
v -2.327060 100.011502 -2.430302
v -2.327060 100.915544 1.626660
v 0.762304 99.564360 4.056962
v 28.842439 144.809504 -8.793305
v 27.761162 145.282418 -9.643911
v 0.762304 98.660318 0.000000
v 0.762304 99.564360 4.056962
v -2.327060 100.915544 1.626660
v 0.762304 99.564360 4.056962
v 3.851668 97.309135 2.430302
v 29.923716 144.020175 -9.362636
v 28.842439 144.809504 -8.793305
v 0.762304 98.660318 0.000000
v 3.851668 97.309135 2.430302
v 0.762304 99.564360 4.056962
v 3.851668 97.309135 2.430302
v 3.851668 96.405093 -1.626660
v 29.923716 143.703760 -10.782573
v 29.923716 144.020175 -9.362636
v 0.762304 98.660318 0.000000
v 3.851668 96.405093 -1.626660
v 3.851668 97.309135 2.430302
v 3.851668 96.405093 -1.626660
v 0.762304 97.756277 -4.056962
v 28.842439 144.176675 -11.633178
v 29.923716 143.703760 -10.782573
v 0.762304 98.660318 0.000000
v 0.762304 97.756277 -4.056962
v 3.851668 96.405093 -1.626660
v 28.692345 144.270893 -11.643080
v 27.689386 145.033924 -10.916310
v 60.314442 194.637073 -20.674957
v 59.454763 195.291099 -20.052010
v 59.326111 195.100645 -21.277587
v 59.454763 195.291099 -20.052010
v 60.314442 194.637073 -20.674957
v 27.689386 145.033924 -10.916310
v 27.839480 145.256120 -9.486471
v 60.185790 194.446619 -21.900533
v 60.314442 194.637073 -20.674957
v 59.326111 195.100645 -21.277587
v 60.314442 194.637073 -20.674957
v 60.185790 194.446619 -21.900533
v 27.839480 145.256120 -9.486471
v 28.992533 144.715285 -8.783403
v 59.197459 194.910191 -22.503163
v 60.185790 194.446619 -21.900533
v 59.326111 195.100645 -21.277587
v 60.185790 194.446619 -21.900533
v 59.197459 194.910191 -22.503163
v 28.992533 144.715285 -8.783403
v 29.995492 143.952255 -9.510173
v 58.337779 195.564218 -21.880217
v 59.197459 194.910191 -22.503163
v 59.326111 195.100645 -21.277587
v 59.197459 194.910191 -22.503163
v 58.337779 195.564218 -21.880217
v 29.995492 143.952255 -9.510173
v 29.845398 143.730058 -10.940012
v 58.466432 195.754672 -20.654640
v 58.337779 195.564218 -21.880217
v 59.326111 195.100645 -21.277587
v 58.337779 195.564218 -21.880217
v 58.466432 195.754672 -20.654640
v 29.845398 143.730058 -10.940012
v 28.692345 144.270893 -11.643080
v 59.454763 195.291099 -20.052010
v 58.466432 195.754672 -20.654640
v 59.326111 195.100645 -21.277587
v 58.466432 195.754672 -20.654640
v 59.454763 195.291099 -20.052010
v 82.858130 153.068620 21.640516
v 103.135239 157.075369 40.446197
v 108.699861 157.356424 21.640516
v 108.699861 157.356424 21.640516
v 103.135239 157.075369 40.446197
v 112.881762 167.480303 49.485454
v 121.568631 167.480303 21.640516
v 121.568631 167.480303 21.640516
v 112.881762 167.480303 49.485454
v 99.946343 176.442775 37.488707
v 111.636021 177.349477 21.640516
v 82.858130 181.891986 21.640516
v 111.636021 177.349477 21.640516
v 99.946343 176.442775 37.488707
v 82.858130 153.068620 21.640516
v 82.858130 155.687754 45.990653
v 103.135239 157.075369 40.446197
v 103.135239 157.075369 40.446197
v 82.858130 155.687754 45.990653
v 82.858130 167.480303 53.710920
v 112.881762 167.480303 49.485454
v 112.881762 167.480303 49.485454
v 82.858130 167.480303 53.710920
v 82.858130 176.712254 44.816911
v 99.946343 176.442775 37.488707
v 82.858130 181.891986 21.640516
v 99.946343 176.442775 37.488707
v 82.858130 176.712254 44.816911
v 82.858130 153.068620 21.640516
v 62.876083 157.939943 40.172547
v 82.858130 155.687754 45.990653
v 82.858130 155.687754 45.990653
v 62.876083 157.939943 40.172547
v 55.113776 167.480303 47.371575
v 82.858130 167.480303 53.710920
v 82.858130 167.480303 53.710920
v 55.113776 167.480303 47.371575
v 66.758887 179.157051 36.571502
v 82.858130 176.712254 44.816911
v 82.858130 181.891986 21.640516
v 82.858130 176.712254 44.816911
v 66.758887 179.157051 36.571502
v 82.858130 153.068620 21.640516
v 59.708862 156.488669 21.640516
v 62.876083 157.939943 40.172547
v 62.876083 157.939943 40.172547
v 59.708862 156.488669 21.640516
v 39.456672 167.480303 21.640516
v 55.113776 167.480303 47.371575
v 55.113776 167.480303 47.371575
v 39.456672 167.480303 21.640516
v 53.546514 177.039758 21.640516
v 66.758887 179.157051 36.571502
v 82.858130 181.891986 21.640516
v 66.758887 179.157051 36.571502
v 53.546514 177.039758 21.640516
v 82.858130 153.068620 21.640516
v 61.643487 156.030154 1.965334
v 59.708862 156.488669 21.640516
v 59.708862 156.488669 21.640516
v 61.643487 156.030154 1.965334
v 56.997211 167.480303 -2.343780
v 39.456672 167.480303 21.640516
v 39.456672 167.480303 21.640516
v 56.997211 167.480303 -2.343780
v 61.721655 176.857192 2.037831
v 53.546514 177.039758 21.640516
v 82.858130 181.891986 21.640516
v 53.546514 177.039758 21.640516
v 61.721655 176.857192 2.037831
v 82.858130 153.068620 21.640516
v 82.858130 156.612027 -5.514933
v 61.643487 156.030154 1.965334
v 61.643487 156.030154 1.965334
v 82.858130 156.612027 -5.514933
v 82.858130 167.480303 -10.229272
v 56.997211 167.480303 -2.343780
v 56.997211 167.480303 -2.343780
v 82.858130 167.480303 -10.229272
v 82.858130 176.145563 -2.259930
v 61.721655 176.857192 2.037831
v 82.858130 181.891986 21.640516
v 61.721655 176.857192 2.037831
v 82.858130 176.145563 -2.259930
v 82.858130 153.068620 21.640516
v 99.876470 157.225497 5.857129
v 82.858130 156.612027 -5.514933
v 82.858130 156.612027 -5.514933
v 99.876470 157.225497 5.857129
v 106.880360 167.480303 -0.638518
v 82.858130 167.480303 -10.229272
v 82.858130 167.480303 -10.229272
v 106.880360 167.480303 -0.638518
v 104.096468 177.237724 1.943359
v 82.858130 176.145563 -2.259930
v 82.858130 181.891986 21.640516
v 82.858130 176.145563 -2.259930
v 104.096468 177.237724 1.943359
v 82.858130 153.068620 21.640516
v 108.699861 157.356424 21.640516
v 99.876470 157.225497 5.857129
v 99.876470 157.225497 5.857129
v 108.699861 157.356424 21.640516
v 121.568631 167.480303 21.640516
v 106.880360 167.480303 -0.638518
v 106.880360 167.480303 -0.638518
v 121.568631 167.480303 21.640516
v 111.636021 177.349477 21.640516
v 104.096468 177.237724 1.943359
v 82.858130 181.891986 21.640516
v 104.096468 177.237724 1.943359
v 111.636021 177.349477 21.640516
v 68.451804 153.126316 28.383115
v 85.242648 157.235953 45.361807
v 93.510990 155.955498 28.383115
v 93.510990 155.955498 28.383115
v 85.242648 157.235953 45.361807
v 96.974097 168.091497 57.224501
v 105.502916 168.091497 28.383115
v 105.502916 168.091497 28.383115
v 96.974097 168.091497 57.224501
v 89.329956 177.361007 49.494842
v 93.593904 179.136888 28.383115
v 68.451804 183.056678 28.383115
v 93.593904 179.136888 28.383115
v 89.329956 177.361007 49.494842
v 68.451804 153.126316 28.383115
v 68.451804 155.965382 59.585323
v 85.242648 157.235953 45.361807
v 85.242648 157.235953 45.361807
v 68.451804 155.965382 59.585323
v 68.451804 168.091497 64.657332
v 96.974097 168.091497 57.224501
v 96.974097 168.091497 57.224501
v 68.451804 168.091497 64.657332
v 68.451804 180.275110 55.406201
v 89.329956 177.361007 49.494842
v 68.451804 183.056678 28.383115
v 89.329956 177.361007 49.494842
v 68.451804 180.275110 55.406201
v 68.451804 153.126316 28.383115
v 50.910782 157.014758 46.120378
v 68.451804 155.965382 59.585323
v 68.451804 155.965382 59.585323
v 50.910782 157.014758 46.120378
v 38.373353 168.091497 58.798069
v 68.451804 168.091497 64.657332
v 68.451804 168.091497 64.657332
v 38.373353 168.091497 58.798069
v 50.043018 180.275644 46.997850
v 68.451804 180.275110 55.406201
v 68.451804 183.056678 28.383115
v 68.451804 180.275110 55.406201
v 50.043018 180.275644 46.997850
v 68.451804 153.126316 28.383115
v 39.500149 157.002941 28.383115
v 50.910782 157.014758 46.120378
v 50.910782 157.014758 46.120378
v 39.500149 157.002941 28.383115
v 27.661066 168.091497 28.383115
v 38.373353 168.091497 58.798069
v 38.373353 168.091497 58.798069
v 27.661066 168.091497 28.383115
v 44.039961 179.952234 28.383115
v 50.043018 180.275644 46.997850
v 68.451804 183.056678 28.383115
v 50.043018 180.275644 46.997850
v 44.039961 179.952234 28.383115
v 68.451804 153.126316 28.383115
v 49.178490 157.253907 8.894180
v 39.500149 157.002941 28.383115
v 39.500149 157.002941 28.383115
v 49.178490 157.253907 8.894180
v 42.729931 168.091497 2.373478
v 27.661066 168.091497 28.383115
v 27.661066 168.091497 28.383115
v 42.729931 168.091497 2.373478
v 51.513981 180.133385 11.255800
v 44.039961 179.952234 28.383115
v 68.451804 183.056678 28.383115
v 44.039961 179.952234 28.383115
v 51.513981 180.133385 11.255800
v 68.451804 153.126316 28.383115
v 68.451804 158.656195 -1.381601
v 49.178490 157.253907 8.894180
v 49.178490 157.253907 8.894180
v 68.451804 158.656195 -1.381601
v 68.451804 168.091497 -7.376635
v 42.729931 168.091497 2.373478
v 42.729931 168.091497 2.373478
v 68.451804 168.091497 -7.376635
v 68.451804 178.475538 2.063987
v 51.513981 180.133385 11.255800
v 68.451804 183.056678 28.383115
v 51.513981 180.133385 11.255800
v 68.451804 178.475538 2.063987
v 68.451804 153.126316 28.383115
v 89.444534 158.346865 7.155528
v 68.451804 158.656195 -1.381601
v 68.451804 158.656195 -1.381601
v 89.444534 158.346865 7.155528
v 100.705856 168.091497 -4.231780
v 68.451804 168.091497 -7.376635
v 68.451804 168.091497 -7.376635
v 100.705856 168.091497 -4.231780
v 90.745386 179.974864 5.840123
v 68.451804 178.475538 2.063987
v 68.451804 183.056678 28.383115
v 68.451804 178.475538 2.063987
v 90.745386 179.974864 5.840123
v 68.451804 153.126316 28.383115
v 93.510990 155.955498 28.383115
v 89.444534 158.346865 7.155528
v 89.444534 158.346865 7.155528
v 93.510990 155.955498 28.383115
v 105.502916 168.091497 28.383115
v 100.705856 168.091497 -4.231780
v 100.705856 168.091497 -4.231780
v 105.502916 168.091497 28.383115
v 93.593904 179.136888 28.383115
v 90.745386 179.974864 5.840123
v 68.451804 183.056678 28.383115
v 90.745386 179.974864 5.840123
v 93.593904 179.136888 28.383115
v 37.260195 158.431585 39.558848
v 58.954156 162.491409 58.909593
v 66.513273 165.885314 39.558848
v 66.513273 165.885314 39.558848
v 58.954156 162.491409 58.909593
v 76.211340 177.052805 74.302789
v 82.466373 177.052805 39.558848
v 82.466373 177.052805 39.558848
v 76.211340 177.052805 74.302789
v 64.971009 191.120485 64.276552
v 69.674400 191.940278 39.558848
v 37.260195 195.674025 39.558848
v 69.674400 191.940278 39.558848
v 64.971009 191.120485 64.276552
v 37.260195 158.431585 39.558848
v 37.260195 161.906234 66.845500
v 58.954156 162.491409 58.909593
v 58.954156 162.491409 58.909593
v 37.260195 161.906234 66.845500
v 37.260195 177.052805 78.601082
v 76.211340 177.052805 74.302789
v 76.211340 177.052805 74.302789
v 37.260195 177.052805 78.601082
v 37.260195 191.559970 72.585158
v 64.971009 191.120485 64.276552
v 37.260195 195.674025 39.558848
v 64.971009 191.120485 64.276552
v 37.260195 191.559970 72.585158
v 37.260195 158.431585 39.558848
v 15.142340 163.405494 59.287701
v 37.260195 161.906234 66.845500
v 37.260195 161.906234 66.845500
v 15.142340 163.405494 59.287701
v -1.106936 177.052805 73.781855
v 37.260195 177.052805 78.601082
v 37.260195 177.052805 78.601082
v -1.106936 177.052805 73.781855
v 16.628258 191.377302 57.962281
v 37.260195 191.559970 72.585158
v 37.260195 195.674025 39.558848
v 37.260195 191.559970 72.585158
v 16.628258 191.377302 57.962281
v 37.260195 158.431585 39.558848
v -1.381845 163.547210 39.558848
v 15.142340 163.405494 59.287701
v 15.142340 163.405494 59.287701
v -1.381845 163.547210 39.558848
v -18.031852 177.052805 39.558848
v -1.106936 177.052805 73.781855
v -1.106936 177.052805 73.781855
v -18.031852 177.052805 39.558848
v 3.428618 189.251972 39.558848
v 16.628258 191.377302 57.962281
v 37.260195 195.674025 39.558848
v 16.628258 191.377302 57.962281
v 3.428618 189.251972 39.558848
v 37.260195 158.431585 39.558848
v 14.013041 162.421439 18.822674
v -1.381845 163.547210 39.558848
v -1.381845 163.547210 39.558848
v 14.013041 162.421439 18.822674
v 1.829950 177.052805 7.955507
v -18.031852 177.052805 39.558848
v -18.031852 177.052805 39.558848
v 1.829950 177.052805 7.955507
v 12.593006 191.003888 17.556020
v 3.428618 189.251972 39.558848
v 37.260195 195.674025 39.558848
v 3.428618 189.251972 39.558848
v 12.593006 191.003888 17.556020
v 37.260195 158.431585 39.558848
v 37.260195 164.149557 7.129670
v 14.013041 162.421439 18.822674
v 14.013041 162.421439 18.822674
v 37.260195 164.149557 7.129670
v 37.260195 177.052805 1.320922
v 1.829950 177.052805 7.955507
v 1.829950 177.052805 7.955507
v 37.260195 177.052805 1.320922
v 37.260195 188.365072 11.798721
v 12.593006 191.003888 17.556020
v 37.260195 195.674025 39.558848
v 12.593006 191.003888 17.556020
v 37.260195 188.365072 11.798721
v 37.260195 158.431585 39.558848
v 57.914448 165.732415 21.135509
v 37.260195 164.149557 7.129670
v 37.260195 164.149557 7.129670
v 57.914448 165.732415 21.135509
v 71.483173 177.052805 9.032374
v 37.260195 177.052805 1.320922
v 37.260195 177.052805 1.320922
v 71.483173 177.052805 9.032374
v 61.771897 190.937477 17.694712
v 37.260195 188.365072 11.798721
v 37.260195 195.674025 39.558848
v 37.260195 188.365072 11.798721
v 61.771897 190.937477 17.694712
v 37.260195 158.431585 39.558848
v 66.513273 165.885314 39.558848
v 57.914448 165.732415 21.135509
v 57.914448 165.732415 21.135509
v 66.513273 165.885314 39.558848
v 82.466373 177.052805 39.558848
v 71.483173 177.052805 9.032374
v 71.483173 177.052805 9.032374
v 82.466373 177.052805 39.558848
v 69.674400 191.940278 39.558848
v 61.771897 190.937477 17.694712
v 37.260195 195.674025 39.558848
v 61.771897 190.937477 17.694712
v 69.674400 191.940278 39.558848
v -6.969584 166.888326 77.607163
v 15.069626 171.299927 100.093756
v 28.235629 170.373957 77.607163
v 28.235629 170.373957 77.607163
v 15.069626 171.299927 100.093756
v 22.897601 183.630171 108.080634
v 36.634757 183.630171 77.607163
v 36.634757 183.630171 77.607163
v 22.897601 183.630171 108.080634
v 14.082337 196.056247 99.086425
v 24.820759 195.883109 77.607163
v -6.969584 200.372017 77.607163
v 24.820759 195.883109 77.607163
v 14.082337 196.056247 99.086425
v -6.969584 166.888326 77.607163
v -6.969584 170.543164 112.482185
v 15.069626 171.299927 100.093756
v 15.069626 171.299927 100.093756
v -6.969584 170.543164 112.482185
v -6.969584 183.630171 120.012060
v 22.897601 183.630171 108.080634
v 22.897601 183.630171 108.080634
v -6.969584 183.630171 120.012060
v -6.969584 196.481977 112.347740
v 14.082337 196.056247 99.086425
v -6.969584 200.372017 77.607163
v 14.082337 196.056247 99.086425
v -6.969584 196.481977 112.347740
v -6.969584 166.888326 77.607163
v -28.741607 171.447311 99.821144
v -6.969584 170.543164 112.482185
v -6.969584 170.543164 112.482185
v -28.741607 171.447311 99.821144
v -34.343457 183.630171 105.536709
v -6.969584 183.630171 120.012060
v -6.969584 183.630171 120.012060
v -34.343457 183.630171 105.536709
v -27.217704 194.864985 98.266307
v -6.969584 196.481977 112.347740
v -6.969584 200.372017 77.607163
v -6.969584 196.481977 112.347740
v -27.217704 194.864985 98.266307
v -6.969584 166.888326 77.607163
v -42.360901 171.284765 77.607163
v -28.741607 171.447311 99.821144
v -28.741607 171.447311 99.821144
v -42.360901 171.284765 77.607163
v -56.813495 183.630171 77.607163
v -34.343457 183.630171 105.536709
v -34.343457 183.630171 105.536709
v -56.813495 183.630171 77.607163
v -35.524706 194.070187 77.607163
v -27.217704 194.864985 98.266307
v -6.969584 200.372017 77.607163
v -27.217704 194.864985 98.266307
v -35.524706 194.070187 77.607163
v -6.969584 166.888326 77.607163
v -30.215045 172.904408 53.889834
v -42.360901 171.284765 77.607163
v -42.360901 171.284765 77.607163
v -30.215045 172.904408 53.889834
v -35.316807 183.630171 48.684509
v -56.813495 183.630171 77.607163
v -56.813495 183.630171 77.607163
v -35.316807 183.630171 48.684509
v -31.331684 194.958640 52.750528
v -35.524706 194.070187 77.607163
v -6.969584 200.372017 77.607163
v -35.524706 194.070187 77.607163
v -31.331684 194.958640 52.750528
v -6.969584 166.888326 77.607163
v -6.969584 170.418285 45.698557
v -30.215045 172.904408 53.889834
v -30.215045 172.904408 53.889834
v -6.969584 170.418285 45.698557
v -6.969584 183.630171 25.467244
v -35.316807 183.630171 48.684509
v -35.316807 183.630171 48.684509
v -6.969584 183.630171 25.467244
v -6.969584 197.040377 44.982527
v -31.331684 194.958640 52.750528
v -6.969584 200.372017 77.607163
v -31.331684 194.958640 52.750528
v -6.969584 197.040377 44.982527
v -6.969584 166.888326 77.607163
v 12.130775 172.803835 58.119078
v -6.969584 170.418285 45.698557
v -6.969584 170.418285 45.698557
v 12.130775 172.803835 58.119078
v 23.498385 183.630171 46.520713
v -6.969584 183.630171 25.467244
v -6.969584 183.630171 25.467244
v 23.498385 183.630171 46.520713
v 13.779746 195.843362 56.436634
v -6.969584 197.040377 44.982527
v -6.969584 200.372017 77.607163
v -6.969584 197.040377 44.982527
v 13.779746 195.843362 56.436634
v -6.969584 166.888326 77.607163
v 28.235629 170.373957 77.607163
v 12.130775 172.803835 58.119078
v 12.130775 172.803835 58.119078
v 28.235629 170.373957 77.607163
v 36.634757 183.630171 77.607163
v 23.498385 183.630171 46.520713
v 23.498385 183.630171 46.520713
v 36.634757 183.630171 77.607163
v 24.820759 195.883109 77.607163
v 13.779746 195.843362 56.436634
v -6.969584 200.372017 77.607163
v 13.779746 195.843362 56.436634
v 24.820759 195.883109 77.607163
v -55.229908 153.155228 68.615275
v -34.886922 158.495347 85.622852
v -27.249144 158.919260 68.615275
v -27.249144 158.919260 68.615275
v -34.886922 158.495347 85.622852
v -28.486887 168.105461 90.973545
v -11.590523 168.105461 68.615275
v -11.590523 168.105461 68.615275
v -28.486887 168.105461 90.973545
v -36.514433 177.159016 84.262185
v -30.424546 179.565530 68.615275
v -55.229908 183.055694 68.615275
v -30.424546 179.565530 68.615275
v -36.514433 177.159016 84.262185
v -55.229908 153.155228 68.615275
v -55.229908 157.718296 90.989479
v -34.886922 158.495347 85.622852
v -34.886922 158.495347 85.622852
v -55.229908 157.718296 90.989479
v -55.229908 168.105461 101.438760
v -28.486887 168.105461 90.973545
v -28.486887 168.105461 90.973545
v -55.229908 168.105461 101.438760
v -55.229908 177.075505 91.942275
v -36.514433 177.159016 84.262185
v -55.229908 183.055694 68.615275
v -36.514433 177.159016 84.262185
v -55.229908 177.075505 91.942275
v -55.229908 153.155228 68.615275
v -75.734055 157.515745 85.757590
v -55.229908 157.718296 90.989479
v -55.229908 157.718296 90.989479
v -75.734055 157.515745 85.757590
v -86.003974 168.105461 94.343666
v -55.229908 168.105461 101.438760
v -55.229908 168.105461 101.438760
v -86.003974 168.105461 94.343666
v -76.655035 177.998952 86.527567
v -55.229908 177.075505 91.942275
v -55.229908 183.055694 68.615275
v -55.229908 177.075505 91.942275
v -76.655035 177.998952 86.527567
v -55.229908 153.155228 68.615275
v -86.696076 157.899412 68.615275
v -75.734055 157.515745 85.757590
v -75.734055 157.515745 85.757590
v -86.696076 157.899412 68.615275
v -89.674541 168.105461 68.615275
v -86.003974 168.105461 94.343666
v -86.003974 168.105461 94.343666
v -89.674541 168.105461 68.615275
v -78.704730 178.582137 68.615275
v -76.655035 177.998952 86.527567
v -55.229908 183.055694 68.615275
v -76.655035 177.998952 86.527567
v -78.704730 178.582137 68.615275
v -55.229908 153.155228 68.615275
v -75.221690 156.735371 51.901319
v -86.696076 157.899412 68.615275
v -86.696076 157.899412 68.615275
v -75.221690 156.735371 51.901319
v -79.084309 168.105461 48.672010
v -89.674541 168.105461 68.615275
v -89.674541 168.105461 68.615275
v -79.084309 168.105461 48.672010
v -76.339482 179.240452 50.966799
v -78.704730 178.582137 68.615275
v -55.229908 183.055694 68.615275
v -78.704730 178.582137 68.615275
v -76.339482 179.240452 50.966799
v -55.229908 153.155228 68.615275
v -55.229908 158.207741 42.980763
v -75.221690 156.735371 51.901319
v -75.221690 156.735371 51.901319
v -55.229908 158.207741 42.980763
v -55.229908 168.105461 32.144018
v -79.084309 168.105461 48.672010
v -79.084309 168.105461 48.672010
v -55.229908 168.105461 32.144018
v -55.229908 179.604257 47.465669
v -76.339482 179.240452 50.966799
v -55.229908 183.055694 68.615275
v -76.339482 179.240452 50.966799
v -55.229908 179.604257 47.465669
v -55.229908 153.155228 68.615275
v -32.987673 158.500432 50.019848
v -55.229908 158.207741 42.980763
v -55.229908 158.207741 42.980763
v -32.987673 158.500432 50.019848
v -27.872967 168.105461 45.743743
v -55.229908 168.105461 32.144018
v -55.229908 168.105461 32.144018
v -27.872967 168.105461 45.743743
v -37.676054 177.405978 53.939528
v -55.229908 179.604257 47.465669
v -55.229908 183.055694 68.615275
v -55.229908 179.604257 47.465669
v -37.676054 177.405978 53.939528
v -55.229908 153.155228 68.615275
v -27.249144 158.919260 68.615275
v -32.987673 158.500432 50.019848
v -32.987673 158.500432 50.019848
v -27.249144 158.919260 68.615275
v -11.590523 168.105461 68.615275
v -27.872967 168.105461 45.743743
v -27.872967 168.105461 45.743743
v -11.590523 168.105461 68.615275
v -30.424546 179.565530 68.615275
v -37.676054 177.405978 53.939528
v -55.229908 183.055694 68.615275
v -37.676054 177.405978 53.939528
v -30.424546 179.565530 68.615275
v -51.599754 183.073306 13.430064
v -24.718575 186.809147 36.495027
v -16.474087 190.446532 13.430064
v -16.474087 190.446532 13.430064
v -24.718575 186.809147 36.495027
v -17.762607 201.955134 42.463483
v 3.936195 201.955134 13.430064
v 3.936195 201.955134 13.430064
v -17.762607 201.955134 42.463483
v -24.290116 214.464215 36.862659
v -20.965063 213.537701 13.430064
v -51.599754 220.836961 13.430064
v -20.965063 213.537701 13.430064
v -24.290116 214.464215 36.862659
v -51.599754 183.073306 13.430064
v -51.599754 187.453096 41.722401
v -24.718575 186.809147 36.495027
v -24.718575 186.809147 36.495027
v -51.599754 187.453096 41.722401
v -51.599754 201.955134 55.631969
v -17.762607 201.955134 42.463483
v -17.762607 201.955134 42.463483
v -51.599754 201.955134 55.631969
v -51.599754 213.265744 38.968734
v -24.290116 214.464215 36.862659
v -51.599754 220.836961 13.430064
v -24.290116 214.464215 36.862659
v -51.599754 213.265744 38.968734
v -51.599754 183.073306 13.430064
v -73.182510 187.403645 31.948800
v -51.599754 187.453096 41.722401
v -51.599754 187.453096 41.722401
v -73.182510 187.403645 31.948800
v -85.702833 201.955134 42.691661
v -51.599754 201.955134 55.631969
v -51.599754 201.955134 55.631969
v -85.702833 201.955134 42.691661
v -74.051001 217.018154 32.693994
v -51.599754 213.265744 38.968734
v -51.599754 220.836961 13.430064
v -51.599754 213.265744 38.968734
v -74.051001 217.018154 32.693994
v -51.599754 183.073306 13.430064
v -90.144459 187.745900 13.430064
v -73.182510 187.403645 31.948800
v -73.182510 187.403645 31.948800
v -90.144459 187.745900 13.430064
v -101.400878 201.955134 13.430064
v -85.702833 201.955134 42.691661
v -85.702833 201.955134 42.691661
v -101.400878 201.955134 13.430064
v -86.595005 215.082688 13.430064
v -74.051001 217.018154 32.693994
v -51.599754 220.836961 13.430064
v -74.051001 217.018154 32.693994
v -86.595005 215.082688 13.430064
v -51.599754 183.073306 13.430064
v -73.040573 188.476326 -4.966885
v -90.144459 187.745900 13.430064
v -90.144459 187.745900 13.430064
v -73.040573 188.476326 -4.966885
v -84.164968 201.955134 -14.511993
v -101.400878 201.955134 13.430064
v -101.400878 201.955134 13.430064
v -84.164968 201.955134 -14.511993
v -75.504296 217.319330 -7.080842
v -86.595005 215.082688 13.430064
v -51.599754 220.836961 13.430064
v -86.595005 215.082688 13.430064
v -75.504296 217.319330 -7.080842
v -51.599754 183.073306 13.430064
v -51.599754 186.836639 -19.330017
v -73.040573 188.476326 -4.966885
v -73.040573 188.476326 -4.966885
v -51.599754 186.836639 -19.330017
v -51.599754 201.955134 -29.445711
v -84.164968 201.955134 -14.511993
v -84.164968 201.955134 -14.511993
v -51.599754 201.955134 -29.445711
v -51.599754 214.429449 -18.866031
v -75.504296 217.319330 -7.080842
v -51.599754 220.836961 13.430064
v -75.504296 217.319330 -7.080842
v -51.599754 214.429449 -18.866031
v -51.599754 183.073306 13.430064
v -26.451270 188.271359 -8.148187
v -51.599754 186.836639 -19.330017
v -51.599754 186.836639 -19.330017
v -26.451270 188.271359 -8.148187
v -22.003761 201.955134 -11.964301
v -51.599754 201.955134 -29.445711
v -51.599754 201.955134 -29.445711
v -22.003761 201.955134 -11.964301
v -29.633133 214.123792 -5.418042
v -51.599754 214.429449 -18.866031
v -51.599754 220.836961 13.430064
v -51.599754 214.429449 -18.866031
v -29.633133 214.123792 -5.418042
v -51.599754 183.073306 13.430064
v -16.474087 190.446532 13.430064
v -26.451270 188.271359 -8.148187
v -26.451270 188.271359 -8.148187
v -16.474087 190.446532 13.430064
v 3.936195 201.955134 13.430064
v -22.003761 201.955134 -11.964301
v -22.003761 201.955134 -11.964301
v 3.936195 201.955134 13.430064
v -20.965063 213.537701 13.430064
v -29.633133 214.123792 -5.418042
v -51.599754 220.836961 13.430064
v -29.633133 214.123792 -5.418042
v -20.965063 213.537701 13.430064
v -69.510944 161.998897 -18.290787
v -48.289895 165.022830 -0.502953
v -37.091138 167.049846 -18.290787
v -37.091138 167.049846 -18.290787
v -48.289895 165.022830 -0.502953
v -44.139119 177.128103 2.976296
v -34.643561 177.128103 -18.290787
v -34.643561 177.128103 -18.290787
v -44.139119 177.128103 2.976296
v -49.997333 186.985658 -1.934156
v -39.485495 187.422806 -18.290787
v -69.510944 192.257309 -18.290787
v -39.485495 187.422806 -18.290787
v -49.997333 186.985658 -1.934156
v -69.510944 161.998897 -18.290787
v -69.510944 167.841636 8.952980
v -48.289895 165.022830 -0.502953
v -48.289895 165.022830 -0.502953
v -69.510944 167.841636 8.952980
v -69.510944 177.128103 17.769575
v -44.139119 177.128103 2.976296
v -44.139119 177.128103 2.976296
v -69.510944 177.128103 17.769575
v -69.510944 186.554843 8.659008
v -49.997333 186.985658 -1.934156
v -69.510944 192.257309 -18.290787
v -49.997333 186.985658 -1.934156
v -69.510944 186.554843 8.659008
v -69.510944 161.998897 -18.290787
v -91.348254 167.439587 0.013607
v -69.510944 167.841636 8.952980
v -69.510944 167.841636 8.952980
v -91.348254 167.439587 0.013607
v -94.067030 177.128103 2.292530
v -69.510944 177.128103 17.769575
v -69.510944 177.128103 17.769575
v -94.067030 177.128103 2.292530
v -89.002624 189.063900 -1.952539
v -69.510944 186.554843 8.659008
v -69.510944 192.257309 -18.290787
v -69.510944 186.554843 8.659008
v -89.002624 189.063900 -1.952539
v -69.510944 161.998897 -18.290787
v -94.589609 165.212992 -18.290787
v -91.348254 167.439587 0.013607
v -91.348254 167.439587 0.013607
v -94.589609 165.212992 -18.290787
v -108.215936 177.128103 -18.290787
v -94.067030 177.128103 2.292530
v -94.067030 177.128103 2.292530
v -108.215936 177.128103 -18.290787
v -95.530983 188.256548 -18.290787
v -89.002624 189.063900 -1.952539
v -69.510944 192.257309 -18.290787
v -89.002624 189.063900 -1.952539
v -95.530983 188.256548 -18.290787
v -69.510944 161.998897 -18.290787
v -91.044693 167.825885 -36.340731
v -94.589609 165.212992 -18.290787
v -94.589609 165.212992 -18.290787
v -91.044693 167.825885 -36.340731
v -95.644335 177.128103 -40.196227
v -108.215936 177.128103 -18.290787
v -108.215936 177.128103 -18.290787
v -95.644335 177.128103 -40.196227
v -91.521569 189.420201 -36.740456
v -95.530983 188.256548 -18.290787
v -69.510944 192.257309 -18.290787
v -95.530983 188.256548 -18.290787
v -91.521569 189.420201 -36.740456
v -69.510944 161.998897 -18.290787
v -69.510944 166.385475 -40.585755
v -91.044693 167.825885 -36.340731
v -91.044693 167.825885 -36.340731
v -69.510944 166.385475 -40.585755
v -69.510944 177.128103 -56.838988
v -95.644335 177.128103 -40.196227
v -95.644335 177.128103 -40.196227
v -69.510944 177.128103 -56.838988
v -69.510944 186.710574 -40.662487
v -91.521569 189.420201 -36.740456
v -69.510944 192.257309 -18.290787
v -91.521569 189.420201 -36.740456
v -69.510944 186.710574 -40.662487
v -69.510944 161.998897 -18.290787
v -47.074245 165.057447 -37.097598
v -69.510944 166.385475 -40.585755
v -69.510944 166.385475 -40.585755
v -47.074245 165.057447 -37.097598
v -40.130277 177.128103 -42.918147
v -69.510944 177.128103 -56.838988
v -69.510944 177.128103 -56.838988
v -40.130277 177.128103 -42.918147
v -49.558640 189.199550 -35.015138
v -69.510944 186.710574 -40.662487
v -69.510944 192.257309 -18.290787
v -69.510944 186.710574 -40.662487
v -49.558640 189.199550 -35.015138
v -69.510944 161.998897 -18.290787
v -37.091138 167.049846 -18.290787
v -47.074245 165.057447 -37.097598
v -47.074245 165.057447 -37.097598
v -37.091138 167.049846 -18.290787
v -34.643561 177.128103 -18.290787
v -40.130277 177.128103 -42.918147
v -40.130277 177.128103 -42.918147
v -34.643561 177.128103 -18.290787
v -39.485495 187.422806 -18.290787
v -49.558640 189.199550 -35.015138
v -69.510944 192.257309 -18.290787
v -49.558640 189.199550 -35.015138
v -39.485495 187.422806 -18.290787
v -47.546097 155.029736 -31.528015
v -32.678274 157.450221 -17.160769
v -20.609809 159.561968 -31.528015
v -20.609809 159.561968 -31.528015
v -32.678274 157.450221 -17.160769
v -22.512925 167.511354 -7.337672
v -14.652489 167.511354 -31.528015
v -14.652489 167.511354 -31.528015
v -22.512925 167.511354 -7.337672
v -30.897959 176.287633 -15.440394
v -22.363833 175.818415 -31.528015
v -47.546097 179.992971 -31.528015
v -22.363833 175.818415 -31.528015
v -30.897959 176.287633 -15.440394
v -47.546097 155.029736 -31.528015
v -47.546097 159.560215 -8.095814
v -32.678274 157.450221 -17.160769
v -32.678274 157.450221 -17.160769
v -47.546097 159.560215 -8.095814
v -47.546097 167.511354 -3.883463
v -22.512925 167.511354 -7.337672
v -22.512925 167.511354 -7.337672
v -47.546097 167.511354 -3.883463
v -47.546097 175.296139 -11.194363
v -30.897959 176.287633 -15.440394
v -47.546097 179.992971 -31.528015
v -30.897959 176.287633 -15.440394
v -47.546097 175.296139 -11.194363
v -47.546097 155.029736 -31.528015
v -64.424112 158.618655 -15.218258
v -47.546097 159.560215 -8.095814
v -47.546097 159.560215 -8.095814
v -64.424112 158.618655 -15.218258
v -71.347341 167.511354 -8.528123
v -47.546097 167.511354 -3.883463
v -47.546097 167.511354 -3.883463
v -71.347341 167.511354 -8.528123
v -62.321184 177.109838 -17.250383
v -47.546097 175.296139 -11.194363
v -47.546097 179.992971 -31.528015
v -47.546097 175.296139 -11.194363
v -62.321184 177.109838 -17.250383
v -47.546097 155.029736 -31.528015
v -74.329958 159.434503 -31.528015
v -64.424112 158.618655 -15.218258
v -64.424112 158.618655 -15.218258
v -74.329958 159.434503 -31.528015
v -84.213054 167.511354 -31.528015
v -71.347341 167.511354 -8.528123
v -71.347341 167.511354 -8.528123
v -84.213054 167.511354 -31.528015
v -71.680061 176.261636 -31.528015
v -62.321184 177.109838 -17.250383
v -47.546097 179.992971 -31.528015
v -62.321184 177.109838 -17.250383
v -71.680061 176.261636 -31.528015
v -47.546097 155.029736 -31.528015
v -63.927227 157.363086 -47.357616
v -74.329958 159.434503 -31.528015
v -74.329958 159.434503 -31.528015
v -63.927227 157.363086 -47.357616
v -67.151626 167.511354 -50.473454
v -84.213054 167.511354 -31.528015
v -84.213054 167.511354 -31.528015
v -67.151626 167.511354 -50.473454
v -63.339850 177.571148 -46.790015
v -71.680061 176.261636 -31.528015
v -47.546097 179.992971 -31.528015
v -71.680061 176.261636 -31.528015
v -63.339850 177.571148 -46.790015
v -47.546097 155.029736 -31.528015
v -47.546097 159.209863 -52.046437
v -63.927227 157.363086 -47.357616
v -63.927227 157.363086 -47.357616
v -47.546097 159.209863 -52.046437
v -47.546097 167.511354 -65.327036
v -67.151626 167.511354 -50.473454
v -67.151626 167.511354 -50.473454
v -47.546097 167.511354 -65.327036
v -47.546097 177.085547 -53.322907
v -63.339850 177.571148 -46.790015
v -47.546097 179.992971 -31.528015
v -63.339850 177.571148 -46.790015
v -47.546097 177.085547 -53.322907
v -47.546097 155.029736 -31.528015
v -30.427764 159.639288 -48.069999
v -47.546097 159.209863 -52.046437
v -47.546097 159.209863 -52.046437
v -30.427764 159.639288 -48.069999
v -24.619349 167.511354 -53.682853
v -47.546097 167.511354 -65.327036
v -47.546097 167.511354 -65.327036
v -24.619349 167.511354 -53.682853
v -30.184543 176.505459 -48.305031
v -47.546097 177.085547 -53.322907
v -47.546097 179.992971 -31.528015
v -47.546097 177.085547 -53.322907
v -30.184543 176.505459 -48.305031
v -47.546097 155.029736 -31.528015
v -20.609809 159.561968 -31.528015
v -30.427764 159.639288 -48.069999
v -30.427764 159.639288 -48.069999
v -20.609809 159.561968 -31.528015
v -14.652489 167.511354 -31.528015
v -24.619349 167.511354 -53.682853
v -24.619349 167.511354 -53.682853
v -14.652489 167.511354 -31.528015
v -22.363833 175.818415 -31.528015
v -30.184543 176.505459 -48.305031
v -47.546097 179.992971 -31.528015
v -30.184543 176.505459 -48.305031
v -22.363833 175.818415 -31.528015
v -14.192336 181.557606 -49.532488
v 4.659102 184.056514 -29.786828
v 11.131238 184.579390 -49.532488
v 11.131238 184.579390 -49.532488
v 4.659102 184.056514 -29.786828
v 12.291936 195.402127 -21.791929
v 23.140182 195.402127 -49.532488
v 23.140182 195.402127 -49.532488
v 12.291936 195.402127 -21.791929
v 4.150373 205.301327 -30.319689
v 12.350054 205.567512 -49.532488
v -14.192336 209.246647 -49.532488
v 12.350054 205.567512 -49.532488
v 4.150373 205.301327 -30.319689
v -14.192336 181.557606 -49.532488
v -14.192336 186.299373 -19.671141
v 4.659102 184.056514 -29.786828
v 4.659102 184.056514 -29.786828
v -14.192336 186.299373 -19.671141
v -14.192336 195.402127 -15.695192
v 12.291936 195.402127 -21.791929
v 12.291936 195.402127 -21.791929
v -14.192336 195.402127 -15.695192
v -14.192336 206.090026 -23.689068
v 4.150373 205.301327 -30.319689
v -14.192336 209.246647 -49.532488
v 4.150373 205.301327 -30.319689
v -14.192336 206.090026 -23.689068
v -14.192336 181.557606 -49.532488
v -30.286859 186.585890 -32.674518
v -14.192336 186.299373 -19.671141
v -14.192336 186.299373 -19.671141
v -30.286859 186.585890 -32.674518
v -43.945766 195.402127 -18.367698
v -14.192336 195.402127 -15.695192
v -14.192336 195.402127 -15.695192
v -43.945766 195.402127 -18.367698
v -33.476771 206.043668 -29.333292
v -14.192336 206.090026 -23.689068
v -14.192336 209.246647 -49.532488
v -14.192336 206.090026 -23.689068
v -33.476771 206.043668 -29.333292
v -14.192336 181.557606 -49.532488
v -41.799626 186.885576 -49.532488
v -30.286859 186.585890 -32.674518
v -30.286859 186.585890 -32.674518
v -41.799626 186.885576 -49.532488
v -46.305961 195.402127 -49.532488
v -43.945766 195.402127 -18.367698
v -43.945766 195.402127 -18.367698
v -46.305961 195.402127 -49.532488
v -40.029023 206.377419 -49.532488
v -33.476771 206.043668 -29.333292
v -14.192336 209.246647 -49.532488
v -33.476771 206.043668 -29.333292
v -40.029023 206.377419 -49.532488
v -14.192336 181.557606 -49.532488
v -29.938348 186.834529 -66.025415
v -41.799626 186.885576 -49.532488
v -41.799626 186.885576 -49.532488
v -29.938348 186.834529 -66.025415
v -41.649939 195.402127 -78.292548
v -46.305961 195.402127 -49.532488
v -46.305961 195.402127 -49.532488
v -41.649939 195.402127 -78.292548
v -31.144543 205.423865 -67.288827
v -40.029023 206.377419 -49.532488
v -14.192336 209.246647 -49.532488
v -40.029023 206.377419 -49.532488
v -31.144543 205.423865 -67.288827
v -14.192336 181.557606 -49.532488
v -14.192336 185.946283 -73.260675
v -29.938348 186.834529 -66.025415
v -29.938348 186.834529 -66.025415
v -14.192336 185.946283 -73.260675
v -14.192336 195.402127 -86.166999
v -41.649939 195.402127 -78.292548
v -41.649939 195.402127 -78.292548
v -14.192336 195.402127 -86.166999
v -14.192336 206.565287 -75.804797
v -31.144543 205.423865 -67.288827
v -14.192336 209.246647 -49.532488
v -31.144543 205.423865 -67.288827
v -14.192336 206.565287 -75.804797
v -14.192336 181.557606 -49.532488
v 4.524614 185.497635 -69.137280
v -14.192336 185.946283 -73.260675
v -14.192336 185.946283 -73.260675
v 4.524614 185.497635 -69.137280
v 15.556672 195.402127 -80.692647
v -14.192336 195.402127 -86.166999
v -14.192336 195.402127 -86.166999
v 15.556672 195.402127 -80.692647
v 2.136539 206.200672 -66.635926
v -14.192336 206.565287 -75.804797
v -14.192336 209.246647 -49.532488
v -14.192336 206.565287 -75.804797
v 2.136539 206.200672 -66.635926
v -14.192336 181.557606 -49.532488
v 11.131238 184.579390 -49.532488
v 4.524614 185.497635 -69.137280
v 4.524614 185.497635 -69.137280
v 11.131238 184.579390 -49.532488
v 23.140182 195.402127 -49.532488
v 15.556672 195.402127 -80.692647
v 15.556672 195.402127 -80.692647
v 23.140182 195.402127 -49.532488
v 12.350054 205.567512 -49.532488
v 2.136539 206.200672 -66.635926
v -14.192336 209.246647 -49.532488
v 2.136539 206.200672 -66.635926
v 12.350054 205.567512 -49.532488
v -8.728568 151.622465 -52.240023
v 10.426986 154.759523 -34.677161
v 19.296078 156.989480 -52.240023
v 19.296078 156.989480 -52.240023
v 10.426986 154.759523 -34.677161
v 18.483324 166.040279 -27.290668
v 29.421440 166.040279 -52.240023
v 29.421440 166.040279 -52.240023
v 18.483324 166.040279 -27.290668
v 11.158120 177.691500 -34.006817
v 21.119637 177.707619 -52.240023
v -8.728568 180.458093 -52.240023
v 21.119637 177.707619 -52.240023
v 11.158120 177.691500 -34.006817
v -8.728568 151.622465 -52.240023
v -8.728568 155.146579 -24.195992
v 10.426986 154.759523 -34.677161
v 10.426986 154.759523 -34.677161
v -8.728568 155.146579 -24.195992
v -8.728568 166.040279 -12.560848
v 18.483324 166.040279 -27.290668
v 18.483324 166.040279 -27.290668
v -8.728568 166.040279 -12.560848
v -8.728568 175.538657 -25.873733
v 11.158120 177.691500 -34.006817
v -8.728568 180.458093 -52.240023
v 11.158120 177.691500 -34.006817
v -8.728568 175.538657 -25.873733
v -8.728568 151.622465 -52.240023
v -28.170650 154.761084 -34.414456
v -8.728568 155.146579 -24.195992
v -8.728568 155.146579 -24.195992
v -28.170650 154.761084 -34.414456
v -37.059166 166.040279 -26.264978
v -8.728568 166.040279 -12.560848
v -8.728568 166.040279 -12.560848
v -37.059166 166.040279 -26.264978
v -27.387983 175.045412 -35.132049
v -8.728568 175.538657 -25.873733
v -8.728568 180.458093 -52.240023
v -8.728568 175.538657 -25.873733
v -27.387983 175.045412 -35.132049
v -8.728568 151.622465 -52.240023
v -39.016475 156.015492 -52.240023
v -28.170650 154.761084 -34.414456
v -28.170650 154.761084 -34.414456
v -39.016475 156.015492 -52.240023
v -44.851422 166.040279 -52.240023
v -37.059166 166.040279 -26.264978
v -37.059166 166.040279 -26.264978
v -44.851422 166.040279 -52.240023
v -35.836173 177.520923 -52.240023
v -27.387983 175.045412 -35.132049
v -8.728568 180.458093 -52.240023
v -27.387983 175.045412 -35.132049
v -35.836173 177.520923 -52.240023
v -8.728568 151.622465 -52.240023
v -29.178788 154.880849 -70.989906
v -39.016475 156.015492 -52.240023
v -39.016475 156.015492 -52.240023
v -29.178788 154.880849 -70.989906
v -34.257127 166.040279 -75.646005
v -44.851422 166.040279 -52.240023
v -44.851422 166.040279 -52.240023
v -34.257127 166.040279 -75.646005
v -26.499212 176.738540 -68.533123
v -35.836173 177.520923 -52.240023
v -8.728568 180.458093 -52.240023
v -35.836173 177.520923 -52.240023
v -26.499212 176.738540 -68.533123
v -8.728568 151.622465 -52.240023
v -8.728568 155.459449 -75.694200
v -29.178788 154.880849 -70.989906
v -29.178788 154.880849 -70.989906
v -8.728568 155.459449 -75.694200
v -8.728568 166.040279 -84.684388
v -34.257127 166.040279 -75.646005
v -34.257127 166.040279 -75.646005
v -8.728568 166.040279 -84.684388
v -8.728568 176.439242 -73.968849
v -26.499212 176.738540 -68.533123
v -8.728568 180.458093 -52.240023
v -26.499212 176.738540 -68.533123
v -8.728568 176.439242 -73.968849
v -8.728568 151.622465 -52.240023
v 10.794129 154.366460 -70.139502
v -8.728568 155.459449 -75.694200
v -8.728568 155.459449 -75.694200
v 10.794129 154.366460 -70.139502
v 22.124006 166.040279 -80.527354
v -8.728568 166.040279 -84.684388
v -8.728568 166.040279 -84.684388
v 22.124006 166.040279 -80.527354
v 8.582296 176.893245 -68.111573
v -8.728568 176.439242 -73.968849
v -8.728568 180.458093 -52.240023
v -8.728568 176.439242 -73.968849
v 8.582296 176.893245 -68.111573
v -8.728568 151.622465 -52.240023
v 19.296078 156.989480 -52.240023
v 10.794129 154.366460 -70.139502
v 10.794129 154.366460 -70.139502
v 19.296078 156.989480 -52.240023
v 29.421440 166.040279 -52.240023
v 22.124006 166.040279 -80.527354
v 22.124006 166.040279 -80.527354
v 29.421440 166.040279 -52.240023
v 21.119637 177.707619 -52.240023
v 8.582296 176.893245 -68.111573
v -8.728568 180.458093 -52.240023
v 8.582296 176.893245 -68.111573
v 21.119637 177.707619 -52.240023
v 49.742724 156.603959 -57.462208
v 73.446490 162.633174 -37.825574
v 79.310678 162.738125 -57.462208
v 79.310678 162.738125 -57.462208
v 73.446490 162.633174 -37.825574
v 82.046018 173.735069 -30.701567
v 101.084430 173.735069 -57.462208
v 101.084430 173.735069 -57.462208
v 82.046018 173.735069 -30.701567
v 68.849760 185.647113 -41.633590
v 84.015180 187.356236 -57.462208
v 49.742724 190.866179 -57.462208
v 84.015180 187.356236 -57.462208
v 68.849760 185.647113 -41.633590
v 49.742724 156.603959 -57.462208
v 49.742724 162.352870 -34.171437
v 73.446490 162.633174 -37.825574
v 73.446490 162.633174 -37.825574
v 49.742724 162.352870 -34.171437
v 49.742724 173.735069 -23.870030
v 82.046018 173.735069 -30.701567
v 82.046018 173.735069 -30.701567
v 49.742724 173.735069 -23.870030
v 49.742724 186.763666 -28.774888
v 68.849760 185.647113 -41.633590
v 49.742724 190.866179 -57.462208
v 68.849760 185.647113 -41.633590
v 49.742724 186.763666 -28.774888
v 49.742724 156.603959 -57.462208
v 24.377847 160.728553 -36.449478
v 49.742724 162.352870 -34.171437
v 49.742724 162.352870 -34.171437
v 24.377847 160.728553 -36.449478
v 22.785824 173.735069 -35.130617
v 49.742724 173.735069 -23.870030
v 49.742724 173.735069 -23.870030
v 22.785824 173.735069 -35.130617
v 26.465517 184.452329 -38.178942
v 49.742724 186.763666 -28.774888
v 49.742724 190.866179 -57.462208
v 49.742724 186.763666 -28.774888
v 26.465517 184.452329 -38.178942
v 49.742724 156.603959 -57.462208
v 15.771325 161.084346 -57.462208
v 24.377847 160.728553 -36.449478
v 24.377847 160.728553 -36.449478
v 15.771325 161.084346 -57.462208
v -1.058726 173.735069 -57.462208
v 22.785824 173.735069 -35.130617
v 22.785824 173.735069 -35.130617
v -1.058726 173.735069 -57.462208
v 17.947158 185.948232 -57.462208
v 26.465517 184.452329 -38.178942
v 49.742724 190.866179 -57.462208
v 26.465517 184.452329 -38.178942
v 17.947158 185.948232 -57.462208
v 49.742724 156.603959 -57.462208
v 28.502638 161.430703 -75.057885
v 15.771325 161.084346 -57.462208
v 15.771325 161.084346 -57.462208
v 28.502638 161.430703 -75.057885
v 15.407751 173.735069 -85.905930
v -1.058726 173.735069 -57.462208
v -1.058726 173.735069 -57.462208
v 15.407751 173.735069 -85.905930
v 28.867847 187.703907 -74.755339
v 17.947158 185.948232 -57.462208
v 49.742724 190.866179 -57.462208
v 17.947158 185.948232 -57.462208
v 28.867847 187.703907 -74.755339
v 49.742724 156.603959 -57.462208
v 49.742724 159.997155 -80.268808
v 28.502638 161.430703 -75.057885
v 28.502638 161.430703 -75.057885
v 49.742724 159.997155 -80.268808
v 49.742724 173.735069 -95.916265
v 15.407751 173.735069 -85.905930
v 15.407751 173.735069 -85.905930
v 49.742724 173.735069 -95.916265
v 49.742724 186.874785 -82.024402
v 28.867847 187.703907 -74.755339
v 49.742724 190.866179 -57.462208
v 28.867847 187.703907 -74.755339
v 49.742724 186.874785 -82.024402
v 49.742724 156.603959 -57.462208
v 72.105976 160.063677 -75.988336
v 49.742724 159.997155 -80.268808
v 49.742724 159.997155 -80.268808
v 72.105976 160.063677 -75.988336
v 77.160046 173.735069 -80.175220
v 49.742724 173.735069 -95.916265
v 49.742724 173.735069 -95.916265
v 77.160046 173.735069 -80.175220
v 73.423590 185.046491 -77.079872
v 49.742724 186.874785 -82.024402
v 49.742724 190.866179 -57.462208
v 49.742724 186.874785 -82.024402
v 73.423590 185.046491 -77.079872
v 49.742724 156.603959 -57.462208
v 79.310678 162.738125 -57.462208
v 72.105976 160.063677 -75.988336
v 72.105976 160.063677 -75.988336
v 79.310678 162.738125 -57.462208
v 101.084430 173.735069 -57.462208
v 77.160046 173.735069 -80.175220
v 77.160046 173.735069 -80.175220
v 101.084430 173.735069 -57.462208
v 84.015180 187.356236 -57.462208
v 73.423590 185.046491 -77.079872
v 49.742724 190.866179 -57.462208
v 73.423590 185.046491 -77.079872
v 84.015180 187.356236 -57.462208
v 59.326111 181.503588 -21.277587
v 83.336148 185.244538 3.293316
v 92.863282 187.492363 -21.277587
v 92.863282 187.492363 -21.277587
v 83.336148 185.244538 3.293316
v 89.667870 197.500126 9.772944
v 105.809366 197.500126 -21.277587
v 105.809366 197.500126 -21.277587
v 89.667870 197.500126 9.772944
v 79.570499 207.423283 -0.560297
v 89.564812 207.851811 -21.277587
v 59.326111 213.496664 -21.277587
v 89.564812 207.851811 -21.277587
v 79.570499 207.423283 -0.560297
v 59.326111 181.503588 -21.277587
v 59.326111 186.097529 12.528250
v 83.336148 185.244538 3.293316
v 83.336148 185.244538 3.293316
v 59.326111 186.097529 12.528250
v 59.326111 197.500126 17.022825
v 89.667870 197.500126 9.772944
v 89.667870 197.500126 9.772944
v 59.326111 197.500126 17.022825
v 59.326111 207.885230 13.494588
v 79.570499 207.423283 -0.560297
v 59.326111 213.496664 -21.277587
v 79.570499 207.423283 -0.560297
v 59.326111 207.885230 13.494588
v 59.326111 181.503588 -21.277587
v 37.814195 184.751400 0.736839
v 59.326111 186.097529 12.528250
v 59.326111 186.097529 12.528250
v 37.814195 184.751400 0.736839
v 29.372201 197.500126 9.376035
v 59.326111 197.500126 17.022825
v 59.326111 197.500126 17.022825
v 29.372201 197.500126 9.376035
v 36.945438 210.462001 1.625890
v 59.326111 207.885230 13.494588
v 59.326111 213.496664 -21.277587
v 59.326111 207.885230 13.494588
v 36.945438 210.462001 1.625890
v 59.326111 181.503588 -21.277587
v 26.225232 184.961389 -21.277587
v 37.814195 184.751400 0.736839
v 37.814195 184.751400 0.736839
v 26.225232 184.961389 -21.277587
v 16.874985 197.500126 -21.277587
v 29.372201 197.500126 9.376035
v 29.372201 197.500126 9.376035
v 16.874985 197.500126 -21.277587
v 32.188802 210.322207 -21.277587
v 36.945438 210.462001 1.625890
v 59.326111 213.496664 -21.277587
v 36.945438 210.462001 1.625890
v 32.188802 210.322207 -21.277587
v 59.326111 181.503588 -21.277587
v 41.161261 184.595062 -39.866760
v 26.225232 184.961389 -21.277587
v 26.225232 184.961389 -21.277587
v 41.161261 184.595062 -39.866760
v 30.109814 197.500126 -51.176365
v 16.874985 197.500126 -21.277587
v 16.874985 197.500126 -21.277587
v 30.109814 197.500126 -51.176365
v 35.979902 210.061517 -45.169154
v 32.188802 210.322207 -21.277587
v 59.326111 213.496664 -21.277587
v 32.188802 210.322207 -21.277587
v 35.979902 210.061517 -45.169154
v 59.326111 181.503588 -21.277587
v 59.326111 185.492846 -54.723198
v 41.161261 184.595062 -39.866760
v 41.161261 184.595062 -39.866760
v 59.326111 185.492846 -54.723198
v 59.326111 197.500126 -59.633977
v 30.109814 197.500126 -51.176365
v 30.109814 197.500126 -51.176365
v 59.326111 197.500126 -59.633977
v 59.326111 209.963746 -53.699277
v 35.979902 210.061517 -45.169154
v 59.326111 213.496664 -21.277587
v 35.979902 210.061517 -45.169154
v 59.326111 209.963746 -53.699277
v 59.326111 181.503588 -21.277587
v 79.498631 184.967073 -41.921329
v 59.326111 185.492846 -54.723198
v 59.326111 185.492846 -54.723198
v 79.498631 184.967073 -41.921329
v 92.084955 197.500126 -54.801665
v 59.326111 197.500126 -59.633977
v 59.326111 197.500126 -59.633977
v 92.084955 197.500126 -54.801665
v 77.167236 209.938778 -39.535474
v 59.326111 209.963746 -53.699277
v 59.326111 213.496664 -21.277587
v 59.326111 209.963746 -53.699277
v 77.167236 209.938778 -39.535474
v 59.326111 181.503588 -21.277587
v 92.863282 187.492363 -21.277587
v 79.498631 184.967073 -41.921329
v 79.498631 184.967073 -41.921329
v 92.863282 187.492363 -21.277587
v 105.809366 197.500126 -21.277587
v 92.084955 197.500126 -54.801665
v 92.084955 197.500126 -54.801665
v 105.809366 197.500126 -21.277587
v 89.564812 207.851811 -21.277587
v 77.167236 209.938778 -39.535474
v 59.326111 213.496664 -21.277587
v 77.167236 209.938778 -39.535474
v 89.564812 207.851811 -21.277587
v 2.958400 178.645878 0.000000
v 23.958451 182.119563 15.631397
v 42.429744 185.655229 0.000000
v 42.429744 185.655229 0.000000
v 23.958451 182.119563 15.631397
v 42.657132 197.133080 29.549770
v 46.832860 197.133080 0.000000
v 46.832860 197.133080 0.000000
v 42.657132 197.133080 29.549770
v 27.630886 211.533134 18.364977
v 39.724550 208.735316 0.000000
v 2.958400 215.620282 0.000000
v 39.724550 208.735316 0.000000
v 27.630886 211.533134 18.364977
v 2.958400 178.645878 0.000000
v 2.958400 184.338871 26.789526
v 23.958451 182.119563 15.631397
v 23.958451 182.119563 15.631397
v 2.958400 184.338871 26.789526
v 2.958400 197.133080 37.150958
v 42.657132 197.133080 29.549770
v 42.657132 197.133080 29.549770
v 2.958400 197.133080 37.150958
v 2.958400 211.220102 23.128579
v 27.630886 211.533134 18.364977
v 2.958400 215.620282 0.000000
v 27.630886 211.533134 18.364977
v 2.958400 211.220102 23.128579
v 2.958400 178.645878 0.000000
v -20.510102 183.110812 17.468791
v 2.958400 184.338871 26.789526
v 2.958400 184.338871 26.789526
v -20.510102 183.110812 17.468791
v -36.021033 197.133080 29.014359
v 2.958400 197.133080 37.150958
v 2.958400 197.133080 37.150958
v -36.021033 197.133080 29.014359
v -22.473037 210.966937 18.929902
v 2.958400 211.220102 23.128579
v 2.958400 215.620282 0.000000
v 2.958400 211.220102 23.128579
v -22.473037 210.966937 18.929902
v 2.958400 178.645878 0.000000
v -31.127004 183.681595 0.000000
v -20.510102 183.110812 17.468791
v -20.510102 183.110812 17.468791
v -31.127004 183.681595 0.000000
v -46.917110 197.133080 0.000000
v -36.021033 197.133080 29.014359
v -36.021033 197.133080 29.014359
v -46.917110 197.133080 0.000000
v -31.801747 211.005192 0.000000
v -22.473037 210.966937 18.929902
v 2.958400 215.620282 0.000000
v -22.473037 210.966937 18.929902
v -31.801747 211.005192 0.000000
v 2.958400 178.645878 0.000000
v -21.407253 184.943931 -18.136585
v -31.127004 183.681595 0.000000
v -31.127004 183.681595 0.000000
v -21.407253 184.943931 -18.136585
v -33.583889 197.133080 -27.200270
v -46.917110 197.133080 0.000000
v -46.917110 197.133080 0.000000
v -33.583889 197.133080 -27.200270
v -22.386772 210.683888 -18.865691
v -31.801747 211.005192 0.000000
v 2.958400 215.620282 0.000000
v -31.801747 211.005192 0.000000
v -22.386772 210.683888 -18.865691
v 2.958400 178.645878 0.000000
v 2.958400 184.166706 -27.617735
v -21.407253 184.943931 -18.136585
v -21.407253 184.943931 -18.136585
v 2.958400 184.166706 -27.617735
v 2.958400 197.133080 -41.723000
v -33.583889 197.133080 -27.200270
v -33.583889 197.133080 -27.200270
v 2.958400 197.133080 -41.723000
v 2.958400 209.296834 -25.138576
v -22.386772 210.683888 -18.865691
v 2.958400 215.620282 0.000000
v -22.386772 210.683888 -18.865691
v 2.958400 209.296834 -25.138576
v 2.958400 178.645878 0.000000
v 30.516826 185.839985 -20.513127
v 2.958400 184.166706 -27.617735
v 2.958400 184.166706 -27.617735
v 30.516826 185.839985 -20.513127
v 36.769602 197.133080 -25.167384
v 2.958400 197.133080 -41.723000
v 2.958400 197.133080 -41.723000
v 36.769602 197.133080 -25.167384
v 27.639097 210.133070 -18.371088
v 2.958400 209.296834 -25.138576
v 2.958400 215.620282 0.000000
v 2.958400 209.296834 -25.138576
v 27.639097 210.133070 -18.371088
v 2.958400 178.645878 0.000000
v 42.429744 185.655229 0.000000
v 30.516826 185.839985 -20.513127
v 30.516826 185.839985 -20.513127
v 42.429744 185.655229 0.000000
v 46.832860 197.133080 0.000000
v 36.769602 197.133080 -25.167384
v 36.769602 197.133080 -25.167384
v 46.832860 197.133080 0.000000
v 39.724550 208.735316 0.000000
v 27.639097 210.133070 -18.371088
v 2.958400 215.620282 0.000000
v 27.639097 210.133070 -18.371088
v 39.724550 208.735316 0.000000
v 2.200000 162.315576 0.000000
v 20.929968 166.593726 16.297258
v 28.583483 166.271084 0.000000
v 28.583483 166.271084 0.000000
v 20.929968 166.593726 16.297258
v 30.696946 178.744310 24.795669
v 50.905984 178.744310 0.000000
v 50.905984 178.744310 0.000000
v 30.696946 178.744310 24.795669
v 23.752883 190.674994 18.753524
v 35.063201 192.032425 0.000000
v 2.200000 195.173045 0.000000
v 35.063201 192.032425 0.000000
v 23.752883 190.674994 18.753524
v 2.200000 162.315576 0.000000
v 2.200000 166.300453 24.030106
v 20.929968 166.593726 16.297258
v 20.929968 166.593726 16.297258
v 2.200000 166.300453 24.030106
v 2.200000 178.744310 37.132870
v 30.696946 178.744310 24.795669
v 30.696946 178.744310 24.795669
v 2.200000 178.744310 37.132870
v 2.200000 191.863021 28.080900
v 23.752883 190.674994 18.753524
v 2.200000 195.173045 0.000000
v 23.752883 190.674994 18.753524
v 2.200000 191.863021 28.080900
v 2.200000 162.315576 0.000000
v -20.109961 166.200625 19.412270
v 2.200000 166.300453 24.030106
v 2.200000 166.300453 24.030106
v -20.109961 166.200625 19.412270
v -30.914775 178.744310 28.813720
v 2.200000 178.744310 37.132870
v 2.200000 178.744310 37.132870
v -30.914775 178.744310 28.813720
v -16.109589 189.976458 15.931479
v 2.200000 191.863021 28.080900
v 2.200000 195.173045 0.000000
v 2.200000 191.863021 28.080900
v -16.109589 189.976458 15.931479
v 2.200000 162.315576 0.000000
v -29.740255 167.882694 0.000000
v -20.109961 166.200625 19.412270
v -20.109961 166.200625 19.412270
v -29.740255 167.882694 0.000000
v -35.759551 178.744310 0.000000
v -30.914775 178.744310 28.813720
v -30.914775 178.744310 28.813720
v -35.759551 178.744310 0.000000
v -28.087440 191.061486 0.000000
v -16.109589 189.976458 15.931479
v 2.200000 195.173045 0.000000
v -16.109589 189.976458 15.931479
v -28.087440 191.061486 0.000000
v 2.200000 162.315576 0.000000
v -22.162133 167.975973 -21.197899
v -29.740255 167.882694 0.000000
v -29.740255 167.882694 0.000000
v -22.162133 167.975973 -21.197899
v -30.304341 178.744310 -28.282570
v -35.759551 178.744310 0.000000
v -35.759551 178.744310 0.000000
v -30.304341 178.744310 -28.282570
v -18.214652 190.482963 -17.763130
v -28.087440 191.061486 0.000000
v 2.200000 195.173045 0.000000
v -28.087440 191.061486 0.000000
v -18.214652 190.482963 -17.763130
v 2.200000 162.315576 0.000000
v 2.200000 167.435715 -29.220266
v -22.162133 167.975973 -21.197899
v -22.162133 167.975973 -21.197899
v 2.200000 167.435715 -29.220266
v 2.200000 178.744310 -36.694653
v -30.304341 178.744310 -28.282570
v -30.304341 178.744310 -28.282570
v 2.200000 178.744310 -36.694653
v 2.200000 189.629216 -27.799774
v -18.214652 190.482963 -17.763130
v 2.200000 195.173045 0.000000
v -18.214652 190.482963 -17.763130
v 2.200000 189.629216 -27.799774
v 2.200000 162.315576 0.000000
v 23.100089 166.508610 -18.185517
v 2.200000 167.435715 -29.220266
v 2.200000 167.435715 -29.220266
v 23.100089 166.508610 -18.185517
v 29.083667 178.744310 -23.391928
v 2.200000 178.744310 -36.694653
v 2.200000 178.744310 -36.694653
v 29.083667 178.744310 -23.391928
v 25.350315 189.904524 -20.143476
v 2.200000 189.629216 -27.799774
v 2.200000 195.173045 0.000000
v 2.200000 189.629216 -27.799774
v 25.350315 189.904524 -20.143476
v 2.200000 162.315576 0.000000
v 28.583483 166.271084 0.000000
v 23.100089 166.508610 -18.185517
v 23.100089 166.508610 -18.185517
v 28.583483 166.271084 0.000000
v 50.905984 178.744310 0.000000
v 29.083667 178.744310 -23.391928
v 29.083667 178.744310 -23.391928
v 50.905984 178.744310 0.000000
v 35.063201 192.032425 0.000000
v 25.350315 189.904524 -20.143476
v 2.200000 195.173045 0.000000
v 25.350315 189.904524 -20.143476
v 35.063201 192.032425 0.000000
vt 0.000000 0.000000
vt 1.000000 0.000000
vt 1.000000 1.000000
vt 0.000000 1.000000
vt 0.500000 1.000000
vt 0.000000 0.000000
vt 1.000000 0.000000
vt 0.000000 0.000000
vt 1.000000 0.000000
vt 1.000000 1.000000
vt 0.000000 1.000000
vt 0.500000 1.000000
vt 0.000000 0.000000
vt 1.000000 0.000000
vt 0.000000 0.000000
vt 1.000000 0.000000
vt 1.000000 1.000000
vt 0.000000 1.000000
vt 0.500000 1.000000
vt 0.000000 0.000000
vt 1.000000 0.000000
vt 0.000000 0.000000
vt 1.000000 0.000000
vt 1.000000 1.000000
vt 0.000000 1.000000
vt 0.500000 1.000000
vt 0.000000 0.000000
vt 1.000000 0.000000
vt 0.000000 0.000000
vt 1.000000 0.000000
vt 1.000000 1.000000
vt 0.000000 1.000000
vt 0.500000 1.000000
vt 0.000000 0.000000
vt 1.000000 0.000000
vt 0.000000 0.000000
vt 1.000000 0.000000
vt 1.000000 1.000000
vt 0.000000 1.000000
vt 0.500000 1.000000
vt 0.000000 0.000000
vt 1.000000 0.000000
vt 0.000000 0.000000
vt 1.000000 0.000000
vt 1.000000 1.000000
vt 0.000000 1.000000
vt 0.500000 1.000000
vt 0.000000 0.000000
vt 1.000000 0.000000
vt 0.000000 0.000000
vt 1.000000 0.000000
vt 1.000000 1.000000
vt 0.000000 1.000000
vt 0.500000 1.000000
vt 0.000000 0.000000
vt 1.000000 0.000000
vt 0.000000 0.000000
vt 1.000000 0.000000
vt 1.000000 1.000000
vt 0.000000 1.000000
vt 0.500000 1.000000
vt 0.000000 0.000000
vt 1.000000 0.000000
vt 0.000000 0.000000
vt 1.000000 0.000000
vt 1.000000 1.000000
vt 0.000000 1.000000
vt 0.000000 0.000000
vt 1.000000 0.000000
vt 1.000000 1.000000
vt 0.000000 1.000000
vt 0.000000 0.000000
vt 1.000000 0.000000
vt 1.000000 1.000000
vt 0.000000 1.000000
vt 0.000000 0.000000
vt 1.000000 0.000000
vt 1.000000 1.000000
vt 0.000000 1.000000
vt 0.000000 0.000000
vt 1.000000 0.000000
vt 1.000000 1.000000
vt 0.000000 1.000000
vt 0.000000 0.000000
vt 1.000000 0.000000
vt 1.000000 1.000000
vt 0.000000 1.000000
vt 0.000000 0.000000
vt 1.000000 0.000000
vt 1.000000 1.000000
vt 0.000000 1.000000
vt 0.000000 0.000000
vt 1.000000 0.000000
vt 1.000000 1.000000
vt 0.000000 1.000000
vt 0.000000 0.000000
vt 1.000000 0.000000
vt 1.000000 1.000000
vt 0.000000 1.000000
vt 0.000000 0.000000
vt 1.000000 0.000000
vt 1.000000 1.000000
vt 0.000000 1.000000
vt 0.500000 1.000000
vt 0.000000 0.000000
vt 1.000000 0.000000
vt 0.000000 0.000000
vt 1.000000 0.000000
vt 1.000000 1.000000
vt 0.000000 1.000000
vt 0.500000 1.000000
vt 0.000000 0.000000
vt 1.000000 0.000000
vt 0.000000 0.000000
vt 1.000000 0.000000
vt 1.000000 1.000000
vt 0.000000 1.000000
vt 0.500000 1.000000
vt 0.000000 0.000000
vt 1.000000 0.000000
vt 0.000000 0.000000
vt 1.000000 0.000000
vt 1.000000 1.000000
vt 0.000000 1.000000
vt 0.500000 1.000000
vt 0.000000 0.000000
vt 1.000000 0.000000
vt 0.000000 0.000000
vt 1.000000 0.000000
vt 1.000000 1.000000
vt 0.000000 1.000000
vt 0.500000 1.000000
vt 0.000000 0.000000
vt 1.000000 0.000000
vt 0.000000 0.000000
vt 1.000000 0.000000
vt 1.000000 1.000000
vt 0.000000 1.000000
vt 0.500000 1.000000
vt 0.000000 0.000000
vt 1.000000 0.000000
vt 0.000000 0.000000
vt 1.000000 0.000000
vt 1.000000 1.000000
vt 0.000000 1.000000
vt 0.500000 1.000000
vt 0.000000 0.000000
vt 1.000000 0.000000
vt 0.000000 0.000000
vt 1.000000 0.000000
vt 1.000000 1.000000
vt 0.000000 1.000000
vt 0.500000 1.000000
vt 0.000000 0.000000
vt 1.000000 0.000000
vt 0.000000 0.000000
vt 1.000000 0.000000
vt 1.000000 1.000000
vt 0.000000 1.000000
vt 0.500000 1.000000
vt 0.000000 0.000000
vt 1.000000 0.000000
vt 0.000000 0.000000
vt 1.000000 0.000000
vt 1.000000 1.000000
vt 0.000000 1.000000
vt 0.500000 1.000000
vt 0.000000 0.000000
vt 1.000000 0.000000
vt 0.000000 0.000000
vt 1.000000 0.000000
vt 1.000000 1.000000
vt 0.000000 1.000000
vt 0.500000 1.000000
vt 0.000000 0.000000
vt 1.000000 0.000000
vt 0.000000 0.000000
vt 1.000000 0.000000
vt 1.000000 1.000000
vt 0.000000 1.000000
vt 0.500000 1.000000
vt 0.000000 0.000000
vt 1.000000 0.000000
vt 0.000000 0.000000
vt 1.000000 0.000000
vt 1.000000 1.000000
vt 0.000000 1.000000
vt 0.500000 1.000000
vt 0.000000 0.000000
vt 1.000000 0.000000
vt 0.000000 0.000000
vt 1.000000 0.000000
vt 1.000000 1.000000
vt 0.000000 1.000000
vt 0.500000 1.000000
vt 0.000000 0.000000
vt 1.000000 0.000000
vt 0.000000 0.000000
vt 1.000000 0.000000
vt 1.000000 1.000000
vt 0.000000 1.000000
vt 0.500000 1.000000
vt 0.000000 0.000000
vt 1.000000 0.000000
vt 0.000000 0.000000
vt 1.000000 0.000000
vt 1.000000 1.000000
vt 0.000000 1.000000
vt 0.500000 1.000000
vt 0.000000 0.000000
vt 1.000000 0.000000
vt 0.000000 0.000000
vt 1.000000 0.000000
vt 1.000000 1.000000
vt 0.000000 1.000000
vt 0.500000 1.000000
vt 0.000000 0.000000
vt 1.000000 0.000000
vt 0.000000 0.000000
vt 1.000000 0.000000
vt 1.000000 1.000000
vt 0.000000 1.000000
vt 0.500000 1.000000
vt 0.000000 0.000000
vt 1.000000 0.000000
vt 0.000000 0.000000
vt 1.000000 0.000000
vt 1.000000 1.000000
vt 0.000000 1.000000
vt 0.500000 1.000000
vt 0.000000 0.000000
vt 1.000000 0.000000
vt 0.000000 0.000000
vt 1.000000 0.000000
vt 1.000000 1.000000
vt 0.000000 1.000000
vt 0.500000 1.000000
vt 0.000000 0.000000
vt 1.000000 0.000000
vt 0.000000 0.000000
vt 1.000000 0.000000
vt 1.000000 1.000000
vt 0.000000 1.000000
vt 0.500000 1.000000
vt 0.000000 0.000000
vt 1.000000 0.000000
vt 0.000000 0.000000
vt 1.000000 0.000000
vt 1.000000 1.000000
vt 0.000000 1.000000
vt 0.500000 1.000000
vt 0.000000 0.000000
vt 1.000000 0.000000
vt 0.000000 0.000000
vt 1.000000 0.000000
vt 1.000000 1.000000
vt 0.000000 1.000000
vt 0.500000 1.000000
vt 0.000000 0.000000
vt 1.000000 0.000000
vt 0.000000 0.000000
vt 1.000000 0.000000
vt 1.000000 1.000000
vt 0.000000 1.000000
vt 0.500000 1.000000
vt 0.000000 0.000000
vt 1.000000 0.000000
vt 0.000000 0.000000
vt 1.000000 0.000000
vt 1.000000 1.000000
vt 0.000000 1.000000
vt 0.500000 1.000000
vt 0.000000 0.000000
vt 1.000000 0.000000
vt 0.000000 0.000000
vt 1.000000 0.000000
vt 1.000000 1.000000
vt 0.000000 1.000000
vt 0.500000 1.000000
vt 0.000000 0.000000
vt 1.000000 0.000000
vt 0.000000 0.000000
vt 1.000000 0.000000
vt 1.000000 1.000000
vt 0.000000 1.000000
vt 0.500000 1.000000
vt 0.000000 0.000000
vt 1.000000 0.000000
vt 0.000000 0.000000
vt 1.000000 0.000000
vt 1.000000 1.000000
vt 0.000000 1.000000
vt 0.500000 1.000000
vt 0.000000 0.000000
vt 1.000000 0.000000
vt 0.000000 0.000000
vt 1.000000 0.000000
vt 1.000000 1.000000
vt 0.000000 1.000000
vt 0.500000 1.000000
vt 0.000000 0.000000
vt 1.000000 0.000000
vt 0.000000 0.000000
vt 1.000000 0.000000
vt 1.000000 1.000000
vt 0.000000 1.000000
vt 0.500000 1.000000
vt 0.000000 0.000000
vt 1.000000 0.000000
vt 0.000000 0.000000
vt 1.000000 0.000000
vt 1.000000 1.000000
vt 0.000000 1.000000
vt 0.500000 1.000000
vt 0.000000 0.000000
vt 1.000000 0.000000
vt 0.000000 0.000000
vt 1.000000 0.000000
vt 1.000000 1.000000
vt 0.000000 1.000000
vt 0.500000 1.000000
vt 0.000000 0.000000
vt 1.000000 0.000000
vt 0.000000 0.000000
vt 1.000000 0.000000
vt 1.000000 1.000000
vt 0.000000 1.000000
vt 0.500000 1.000000
vt 0.000000 0.000000
vt 1.000000 0.000000
vt 0.000000 0.000000
vt 1.000000 0.000000
vt 1.000000 1.000000
vt 0.000000 1.000000
vt 0.500000 1.000000
vt 0.000000 0.000000
vt 1.000000 0.000000
vt 0.000000 0.000000
vt 1.000000 0.000000
vt 1.000000 1.000000
vt 0.000000 1.000000
vt 0.500000 1.000000
vt 0.000000 0.000000
vt 1.000000 0.000000
vt 0.000000 0.000000
vt 1.000000 0.000000
vt 1.000000 1.000000
vt 0.000000 1.000000
vt 0.500000 1.000000
vt 0.000000 0.000000
vt 1.000000 0.000000
vt 0.000000 0.000000
vt 1.000000 0.000000
vt 1.000000 1.000000
vt 0.000000 1.000000
vt 0.500000 1.000000
vt 0.000000 0.000000
vt 1.000000 0.000000
vt 0.000000 0.000000
vt 1.000000 0.000000
vt 1.000000 1.000000
vt 0.000000 1.000000
vt 0.500000 1.000000
vt 0.000000 0.000000
vt 1.000000 0.000000
vt 0.000000 0.000000
vt 1.000000 0.000000
vt 1.000000 1.000000
vt 0.000000 1.000000
vt 0.500000 1.000000
vt 0.000000 0.000000
vt 1.000000 0.000000
vt 0.000000 0.000000
vt 1.000000 0.000000
vt 1.000000 1.000000
vt 0.000000 1.000000
vt 0.500000 1.000000
vt 0.000000 0.000000
vt 1.000000 0.000000
vt 0.000000 0.000000
vt 1.000000 0.000000
vt 1.000000 1.000000
vt 0.000000 1.000000
vt 0.500000 1.000000
vt 0.000000 0.000000
vt 1.000000 0.000000
vt 0.000000 0.000000
vt 1.000000 0.000000
vt 1.000000 1.000000
vt 0.000000 1.000000
vt 0.500000 1.000000
vt 0.000000 0.000000
vt 1.000000 0.000000
vt 0.000000 0.000000
vt 1.000000 0.000000
vt 1.000000 1.000000
vt 0.000000 1.000000
vt 0.500000 1.000000
vt 0.000000 0.000000
vt 1.000000 0.000000
vt 0.000000 0.000000
vt 1.000000 0.000000
vt 1.000000 1.000000
vt 0.000000 1.000000
vt 0.500000 1.000000
vt 0.000000 0.000000
vt 1.000000 0.000000
vt 0.000000 0.000000
vt 1.000000 0.000000
vt 1.000000 1.000000
vt 0.000000 1.000000
vt 0.500000 1.000000
vt 0.000000 0.000000
vt 1.000000 0.000000
vt 0.000000 0.000000
vt 1.000000 0.000000
vt 1.000000 1.000000
vt 0.000000 1.000000
vt 0.500000 1.000000
vt 0.000000 0.000000
vt 1.000000 0.000000
vt 0.000000 0.000000
vt 1.000000 0.000000
vt 1.000000 1.000000
vt 0.000000 1.000000
vt 0.500000 1.000000
vt 0.000000 0.000000
vt 1.000000 0.000000
vt 0.000000 0.000000
vt 1.000000 0.000000
vt 1.000000 1.000000
vt 0.000000 1.000000
vt 0.500000 1.000000
vt 0.000000 0.000000
vt 1.000000 0.000000
vt 0.000000 0.000000
vt 1.000000 0.000000
vt 1.000000 1.000000
vt 0.000000 1.000000
vt 0.500000 1.000000
vt 0.000000 0.000000
vt 1.000000 0.000000
vt 0.000000 0.000000
vt 1.000000 0.000000
vt 1.000000 1.000000
vt 0.000000 1.000000
vt 0.500000 1.000000
vt 0.000000 0.000000
vt 1.000000 0.000000
vt 0.000000 0.000000
vt 1.000000 0.000000
vt 1.000000 1.000000
vt 0.000000 1.000000
vt 0.500000 1.000000
vt 0.000000 0.000000
vt 1.000000 0.000000
vt 0.000000 0.000000
vt 1.000000 0.000000
vt 1.000000 1.000000
vt 0.000000 1.000000
vt 0.500000 1.000000
vt 0.000000 0.000000
vt 1.000000 0.000000
vt 0.000000 0.000000
vt 1.000000 0.000000
vt 1.000000 1.000000
vt 0.000000 1.000000
vt 0.500000 1.000000
vt 0.000000 0.000000
vt 1.000000 0.000000
vt 0.000000 0.000000
vt 1.000000 0.000000
vt 1.000000 1.000000
vt 0.000000 1.000000
vt 0.500000 1.000000
vt 0.000000 0.000000
vt 1.000000 0.000000
vt 0.000000 0.000000
vt 1.000000 0.000000
vt 1.000000 1.000000
vt 0.000000 1.000000
vt 0.500000 1.000000
vt 0.000000 0.000000
vt 1.000000 0.000000
vt 0.000000 0.000000
vt 1.000000 0.000000
vt 1.000000 1.000000
vt 0.000000 1.000000
vt 0.500000 1.000000
vt 0.000000 0.000000
vt 1.000000 0.000000
vt 0.000000 0.000000
vt 1.000000 0.000000
vt 1.000000 1.000000
vt 0.000000 1.000000
vt 0.500000 1.000000
vt 0.000000 0.000000
vt 1.000000 0.000000
vt 0.000000 0.000000
vt 1.000000 0.000000
vt 1.000000 1.000000
vt 0.000000 1.000000
vt 0.500000 1.000000
vt 0.000000 0.000000
vt 1.000000 0.000000
vt 0.000000 0.000000
vt 1.000000 0.000000
vt 1.000000 1.000000
vt 0.000000 1.000000
vt 0.500000 1.000000
vt 0.000000 0.000000
vt 1.000000 0.000000
vt 0.000000 0.000000
vt 1.000000 0.000000
vt 1.000000 1.000000
vt 0.000000 1.000000
vt 0.500000 1.000000
vt 0.000000 0.000000
vt 1.000000 0.000000
vt 0.000000 0.000000
vt 1.000000 0.000000
vt 1.000000 1.000000
vt 0.000000 1.000000
vt 0.500000 1.000000
vt 0.000000 0.000000
vt 1.000000 0.000000
vt 0.000000 0.000000
vt 1.000000 0.000000
vt 1.000000 1.000000
vt 0.000000 1.000000
vt 0.500000 1.000000
vt 0.000000 0.000000
vt 1.000000 0.000000
vt 0.000000 0.000000
vt 1.000000 0.000000
vt 1.000000 1.000000
vt 0.000000 1.000000
vt 0.500000 1.000000
vt 0.000000 0.000000
vt 1.000000 0.000000
vt 0.000000 0.000000
vt 1.000000 0.000000
vt 1.000000 1.000000
vt 0.000000 1.000000
vt 0.500000 1.000000
vt 0.000000 0.000000
vt 1.000000 0.000000
vt 0.000000 0.000000
vt 1.000000 0.000000
vt 1.000000 1.000000
vt 0.000000 1.000000
vt 0.500000 1.000000
vt 0.000000 0.000000
vt 1.000000 0.000000
vt 0.000000 0.000000
vt 1.000000 0.000000
vt 1.000000 1.000000
vt 0.000000 1.000000
vt 0.500000 1.000000
vt 0.000000 0.000000
vt 1.000000 0.000000
vt 0.000000 0.000000
vt 1.000000 0.000000
vt 1.000000 1.000000
vt 0.000000 1.000000
vt 0.500000 1.000000
vt 0.000000 0.000000
vt 1.000000 0.000000
vt 0.000000 0.000000
vt 1.000000 0.000000
vt 1.000000 1.000000
vt 0.000000 1.000000
vt 0.500000 1.000000
vt 0.000000 0.000000
vt 1.000000 0.000000
vt 0.000000 0.000000
vt 1.000000 0.000000
vt 1.000000 1.000000
vt 0.000000 1.000000
vt 0.500000 1.000000
vt 0.000000 0.000000
vt 1.000000 0.000000
vt 0.000000 0.000000
vt 1.000000 0.000000
vt 1.000000 1.000000
vt 0.000000 1.000000
vt 0.500000 1.000000
vt 0.000000 0.000000
vt 1.000000 0.000000
vt 0.000000 0.000000
vt 1.000000 0.000000
vt 1.000000 1.000000
vt 0.000000 1.000000
vt 0.500000 1.000000
vt 0.000000 0.000000
vt 1.000000 0.000000
vt 0.000000 0.000000
vt 1.000000 0.000000
vt 1.000000 1.000000
vt 0.000000 1.000000
vt 0.500000 1.000000
vt 0.000000 0.000000
vt 1.000000 0.000000
vt 0.000000 0.000000
vt 1.000000 0.000000
vt 1.000000 1.000000
vt 0.000000 1.000000
vt 0.500000 1.000000
vt 0.000000 0.000000
vt 1.000000 0.000000
vt 0.000000 0.000000
vt 1.000000 0.000000
vt 1.000000 1.000000
vt 0.000000 1.000000
vt 0.500000 1.000000
vt 0.000000 0.000000
vt 1.000000 0.000000
vt 0.000000 0.000000
vt 1.000000 0.000000
vt 1.000000 1.000000
vt 0.000000 1.000000
vt 0.500000 1.000000
vt 0.000000 0.000000
vt 1.000000 0.000000
vt 0.000000 0.000000
vt 1.000000 0.000000
vt 1.000000 1.000000
vt 0.000000 1.000000
vt 0.500000 1.000000
vt 0.000000 0.000000
vt 1.000000 0.000000
vt 0.000000 0.000000
vt 1.000000 0.000000
vt 1.000000 1.000000
vt 0.000000 1.000000
vt 0.500000 1.000000
vt 0.000000 0.000000
vt 1.000000 0.000000
vt 0.000000 0.000000
vt 1.000000 0.000000
vt 1.000000 1.000000
vt 0.000000 1.000000
vt 0.500000 1.000000
vt 0.000000 0.000000
vt 1.000000 0.000000
vt 0.000000 0.000000
vt 1.000000 0.000000
vt 1.000000 1.000000
vt 0.000000 1.000000
vt 0.500000 1.000000
vt 0.000000 0.000000
vt 1.000000 0.000000
vt 0.000000 0.000000
vt 1.000000 0.000000
vt 1.000000 1.000000
vt 0.000000 1.000000
vt 0.500000 1.000000
vt 0.000000 0.000000
vt 1.000000 0.000000
vt 0.000000 0.000000
vt 1.000000 0.000000
vt 1.000000 1.000000
vt 0.000000 1.000000
vt 0.500000 1.000000
vt 0.000000 0.000000
vt 1.000000 0.000000
vt 0.000000 0.000000
vt 1.000000 0.000000
vt 1.000000 1.000000
vt 0.000000 1.000000
vt 0.500000 1.000000
vt 0.000000 0.000000
vt 1.000000 0.000000
vt 0.000000 0.000000
vt 1.000000 0.000000
vt 1.000000 1.000000
vt 0.000000 1.000000
vt 0.500000 1.000000
vt 0.000000 0.000000
vt 1.000000 0.000000
vt 0.000000 0.000000
vt 1.000000 0.000000
vt 1.000000 1.000000
vt 0.000000 1.000000
vt 0.500000 1.000000
vt 0.000000 0.000000
vt 1.000000 0.000000
vt 0.000000 0.000000
vt 1.000000 0.000000
vt 1.000000 1.000000
vt 0.000000 1.000000
vt 0.500000 1.000000
vt 0.000000 0.000000
vt 1.000000 0.000000
vt 0.000000 0.000000
vt 1.000000 0.000000
vt 1.000000 1.000000
vt 0.000000 1.000000
vt 0.500000 1.000000
vt 0.000000 0.000000
vt 1.000000 0.000000
vt 0.000000 0.000000
vt 1.000000 0.000000
vt 1.000000 1.000000
vt 0.000000 1.000000
vt 0.500000 1.000000
vt 0.000000 0.000000
vt 1.000000 0.000000
vt 0.000000 0.000000
vt 1.000000 0.000000
vt 1.000000 1.000000
vt 0.000000 1.000000
vt 0.500000 1.000000
vt 0.000000 0.000000
vt 1.000000 0.000000
vt 0.000000 0.000000
vt 1.000000 0.000000
vt 1.000000 1.000000
vt 0.000000 1.000000
vt 0.500000 1.000000
vt 0.000000 0.000000
vt 1.000000 0.000000
vt 0.000000 0.000000
vt 1.000000 0.000000
vt 1.000000 1.000000
vt 0.000000 1.000000
vt 0.500000 1.000000
vt 0.000000 0.000000
vt 1.000000 0.000000
vt 0.000000 0.000000
vt 1.000000 0.000000
vt 1.000000 1.000000
vt 0.000000 1.000000
vt 0.500000 1.000000
vt 0.000000 0.000000
vt 1.000000 0.000000
vt 0.000000 0.000000
vt 1.000000 0.000000
vt 1.000000 1.000000
vt 0.000000 1.000000
vt 0.500000 1.000000
vt 0.000000 0.000000
vt 1.000000 0.000000
vt 0.000000 0.000000
vt 1.000000 0.000000
vt 1.000000 1.000000
vt 0.000000 1.000000
vt 0.500000 1.000000
vt 0.000000 0.000000
vt 1.000000 0.000000
vt 0.000000 0.000000
vt 1.000000 0.000000
vt 1.000000 1.000000
vt 0.000000 1.000000
vt 0.500000 1.000000
vt 0.000000 0.000000
vt 1.000000 0.000000
vt 0.000000 0.000000
vt 1.000000 0.000000
vt 1.000000 1.000000
vt 0.000000 1.000000
vt 0.500000 1.000000
vt 0.000000 0.000000
vt 1.000000 0.000000
vt 0.000000 0.000000
vt 1.000000 0.000000
vt 1.000000 1.000000
vt 0.000000 1.000000
vt 0.500000 1.000000
vt 0.000000 0.000000
vt 1.000000 0.000000
vt 0.000000 0.000000
vt 1.000000 0.000000
vt 1.000000 1.000000
vt 0.000000 1.000000
vt 0.500000 1.000000
vt 0.000000 0.000000
vt 1.000000 0.000000
vt 0.000000 0.000000
vt 1.000000 0.000000
vt 1.000000 1.000000
vt 0.000000 1.000000
vt 0.500000 1.000000
vt 0.000000 0.000000
vt 1.000000 0.000000
vt 0.000000 0.000000
vt 1.000000 0.000000
vt 1.000000 1.000000
vt 0.000000 1.000000
vt 0.500000 1.000000
vt 0.000000 0.000000
vt 1.000000 0.000000
vt 0.000000 0.000000
vt 1.000000 0.000000
vt 1.000000 1.000000
vt 0.000000 1.000000
vt 0.500000 1.000000
vt 0.000000 0.000000
vt 1.000000 0.000000
vt 0.000000 0.000000
vt 1.000000 0.000000
vt 1.000000 1.000000
vt 0.000000 1.000000
vt 0.500000 1.000000
vt 0.000000 0.000000
vt 1.000000 0.000000
vt 0.000000 0.000000
vt 1.000000 0.000000
vt 1.000000 1.000000
vt 0.000000 1.000000
vt 0.500000 1.000000
vt 0.000000 0.000000
vt 1.000000 0.000000
vt 0.000000 0.000000
vt 1.000000 0.000000
vt 1.000000 1.000000
vt 0.000000 1.000000
vt 0.500000 1.000000
vt 0.000000 0.000000
vt 1.000000 0.000000
vt 0.000000 0.000000
vt 1.000000 0.000000
vt 1.000000 1.000000
vt 0.000000 1.000000
vt 0.500000 1.000000
vt 0.000000 0.000000
vt 1.000000 0.000000
vt 0.000000 0.000000
vt 1.000000 0.000000
vt 1.000000 1.000000
vt 0.000000 1.000000
vt 0.500000 1.000000
vt 0.000000 0.000000
vt 1.000000 0.000000
vt 0.000000 0.000000
vt 1.000000 0.000000
vt 1.000000 1.000000
vt 0.000000 1.000000
vt 0.500000 1.000000
vt 0.000000 0.000000
vt 1.000000 0.000000
vt 0.000000 0.000000
vt 1.000000 0.000000
vt 1.000000 1.000000
vt 0.000000 1.000000
vt 0.500000 1.000000
vt 0.000000 0.000000
vt 1.000000 0.000000
vt 0.000000 0.000000
vt 1.000000 0.000000
vt 1.000000 1.000000
vt 0.000000 1.000000
vt 0.500000 1.000000
vt 0.000000 0.000000
vt 1.000000 0.000000
vt 0.000000 0.000000
vt 1.000000 0.000000
vt 1.000000 1.000000
vt 0.000000 1.000000
vt 0.500000 1.000000
vt 0.000000 0.000000
vt 1.000000 0.000000
vt 0.000000 0.000000
vt 1.000000 0.000000
vt 1.000000 1.000000
vt 0.000000 1.000000
vt 0.500000 1.000000
vt 0.000000 0.000000
vt 1.000000 0.000000
vt 0.000000 0.000000
vt 1.000000 0.000000
vt 1.000000 1.000000
vt 0.000000 1.000000
vt 0.500000 1.000000
vt 0.000000 0.000000
vt 1.000000 0.000000
vt 0.000000 0.000000
vt 1.000000 0.000000
vt 1.000000 1.000000
vt 0.000000 1.000000
vt 0.500000 1.000000
vt 0.000000 0.000000
vt 1.000000 0.000000
vt 0.000000 0.000000
vt 1.000000 0.000000
vt 1.000000 1.000000
vt 0.000000 1.000000
vt 0.500000 1.000000
vt 0.000000 0.000000
vt 1.000000 0.000000
vt 0.000000 0.000000
vt 1.000000 0.000000
vt 1.000000 1.000000
vt 0.000000 1.000000
vt 0.500000 1.000000
vt 0.000000 0.000000
vt 1.000000 0.000000
vt 0.000000 0.000000
vt 1.000000 0.000000
vt 1.000000 1.000000
vt 0.000000 1.000000
vt 0.500000 1.000000
vt 0.000000 0.000000
vt 1.000000 0.000000
vt 0.000000 0.000000
vt 1.000000 0.000000
vt 1.000000 1.000000
vt 0.000000 1.000000
vt 0.500000 1.000000
vt 0.000000 0.000000
vt 1.000000 0.000000
vt 0.000000 0.000000
vt 1.000000 0.000000
vt 1.000000 1.000000
vt 0.000000 1.000000
vt 0.500000 1.000000
vt 0.000000 0.000000
vt 1.000000 0.000000
vt 0.000000 0.000000
vt 1.000000 0.000000
vt 1.000000 1.000000
vt 0.000000 1.000000
vt 0.500000 1.000000
vt 0.000000 0.000000
vt 1.000000 0.000000
vt 0.000000 0.000000
vt 1.000000 0.000000
vt 1.000000 1.000000
vt 0.000000 1.000000
vt 0.500000 1.000000
vt 0.000000 0.000000
vt 1.000000 0.000000
vt 0.000000 0.000000
vt 1.000000 0.000000
vt 1.000000 1.000000
vt 0.000000 1.000000
vt 0.500000 1.000000
vt 0.000000 0.000000
vt 1.000000 0.000000
vt 0.000000 0.000000
vt 1.000000 0.000000
vt 1.000000 1.000000
vt 0.000000 1.000000
vt 0.500000 1.000000
vt 0.000000 0.000000
vt 1.000000 0.000000
vt 0.000000 0.000000
vt 1.000000 0.000000
vt 1.000000 1.000000
vt 0.000000 1.000000
vt 0.500000 1.000000
vt 0.000000 0.000000
vt 1.000000 0.000000
vt 0.000000 0.000000
vt 1.000000 0.000000
vt 1.000000 1.000000
vt 0.000000 1.000000
vt 0.500000 1.000000
vt 0.000000 0.000000
vt 1.000000 0.000000
vt 0.000000 0.000000
vt 1.000000 0.000000
vt 1.000000 1.000000
vt 0.000000 1.000000
vt 0.500000 1.000000
vt 0.000000 0.000000
vt 1.000000 0.000000
vt 0.000000 0.000000
vt 1.000000 0.000000
vt 1.000000 1.000000
vt 0.000000 1.000000
vt 0.500000 1.000000
vt 0.000000 0.000000
vt 1.000000 0.000000
vt 0.000000 0.000000
vt 1.000000 0.000000
vt 1.000000 1.000000
vt 0.000000 1.000000
vt 0.500000 1.000000
vt 0.000000 0.000000
vt 1.000000 0.000000
vt 0.000000 0.000000
vt 1.000000 0.000000
vt 1.000000 1.000000
vt 0.000000 1.000000
vt 0.500000 1.000000
vt 0.000000 0.000000
vt 1.000000 0.000000
vt 0.000000 0.000000
vt 1.000000 0.000000
vt 1.000000 1.000000
vt 0.000000 1.000000
vt 0.500000 1.000000
vt 0.000000 0.000000
vt 1.000000 0.000000
vt 0.000000 0.000000
vt 1.000000 0.000000
vt 1.000000 1.000000
vt 0.000000 1.000000
vt 0.500000 1.000000
vt 0.000000 0.000000
vt 1.000000 0.000000
vt 0.000000 0.000000
vt 1.000000 0.000000
vt 1.000000 1.000000
vt 0.000000 1.000000
vt 0.500000 1.000000
vt 0.000000 0.000000
vt 1.000000 0.000000
vt 0.000000 0.000000
vt 1.000000 0.000000
vt 1.000000 1.000000
vt 0.000000 1.000000
vt 0.500000 1.000000
vt 0.000000 0.000000
vt 1.000000 0.000000
vt 0.000000 0.000000
vt 1.000000 0.000000
vt 1.000000 1.000000
vt 0.000000 1.000000
vt 0.500000 1.000000
vt 0.000000 0.000000
vt 1.000000 0.000000
vt 0.000000 0.000000
vt 1.000000 0.000000
vt 1.000000 1.000000
vt 0.000000 1.000000
vt 0.500000 1.000000
vt 0.000000 0.000000
vt 1.000000 0.000000
vt 0.000000 0.000000
vt 1.000000 0.000000
vt 1.000000 1.000000
vt 0.000000 1.000000
vt 0.500000 1.000000
vt 0.000000 0.000000
vt 1.000000 0.000000
vt 0.000000 0.000000
vt 1.000000 0.000000
vt 1.000000 1.000000
vt 0.000000 1.000000
vt 0.500000 1.000000
vt 0.000000 0.000000
vt 1.000000 0.000000
vt 0.000000 0.000000
vt 1.000000 0.000000
vt 1.000000 1.000000
vt 0.000000 1.000000
vt 0.500000 1.000000
vt 0.000000 0.000000
vt 1.000000 0.000000
vt 0.000000 0.000000
vt 1.000000 0.000000
vt 1.000000 1.000000
vt 0.000000 1.000000
vt 0.500000 1.000000
vt 0.000000 0.000000
vt 1.000000 0.000000
vt 0.000000 0.000000
vt 1.000000 0.000000
vt 1.000000 1.000000
vt 0.000000 1.000000
vt 0.500000 1.000000
vt 0.000000 0.000000
vt 1.000000 0.000000
vt 0.000000 0.000000
vt 1.000000 0.000000
vt 1.000000 1.000000
vt 0.000000 1.000000
vt 0.500000 1.000000
vt 0.000000 0.000000
vt 1.000000 0.000000
vt 0.000000 0.000000
vt 1.000000 0.000000
vt 1.000000 1.000000
vt 0.000000 1.000000
vt 0.500000 1.000000
vt 0.000000 0.000000
vt 1.000000 0.000000
vt 0.000000 0.000000
vt 1.000000 0.000000
vt 1.000000 1.000000
vt 0.000000 1.000000
vt 0.500000 1.000000
vt 0.000000 0.000000
vt 1.000000 0.000000
vt 0.000000 0.000000
vt 1.000000 0.000000
vt 1.000000 1.000000
vt 0.000000 1.000000
vt 0.500000 1.000000
vt 0.000000 0.000000
vt 1.000000 0.000000
vt 0.000000 0.000000
vt 1.000000 0.000000
vt 1.000000 1.000000
vt 0.000000 1.000000
vt 0.500000 1.000000
vt 0.000000 0.000000
vt 1.000000 0.000000
vt 0.000000 0.000000
vt 1.000000 0.000000
vt 1.000000 1.000000
vt 0.000000 1.000000
vt 0.500000 1.000000
vt 0.000000 0.000000
vt 1.000000 0.000000
vt 0.000000 0.000000
vt 1.000000 0.000000
vt 1.000000 1.000000
vt 0.000000 1.000000
vt 0.500000 1.000000
vt 0.000000 0.000000
vt 1.000000 0.000000
vt 0.000000 0.000000
vt 1.000000 0.000000
vt 1.000000 1.000000
vt 0.000000 1.000000
vt 0.500000 1.000000
vt 0.000000 0.000000
vt 1.000000 0.000000
vt 0.000000 0.000000
vt 1.000000 0.000000
vt 1.000000 1.000000
vt 0.000000 1.000000
vt 0.500000 1.000000
vt 0.000000 0.000000
vt 1.000000 0.000000
vt 0.000000 0.000000
vt 1.000000 0.000000
vt 1.000000 1.000000
vt 0.000000 1.000000
vt 0.500000 1.000000
vt 0.000000 0.000000
vt 1.000000 0.000000
vt 0.000000 0.000000
vt 1.000000 0.000000
vt 1.000000 1.000000
vt 0.000000 1.000000
vt 0.500000 1.000000
vt 0.000000 0.000000
vt 1.000000 0.000000
vt 0.000000 0.000000
vt 1.000000 0.000000
vt 1.000000 1.000000
vt 0.000000 1.000000
vt 0.500000 1.000000
vt 0.000000 0.000000
vt 1.000000 0.000000
vt 0.000000 0.000000
vt 1.000000 0.000000
vt 1.000000 1.000000
vt 0.000000 1.000000
vt 0.500000 1.000000
vt 0.000000 0.000000
vt 1.000000 0.000000
vt 0.000000 0.000000
vt 1.000000 0.000000
vt 1.000000 1.000000
vt 0.000000 1.000000
vt 0.500000 1.000000
vt 0.000000 0.000000
vt 1.000000 0.000000
vt 0.000000 0.000000
vt 1.000000 0.000000
vt 1.000000 1.000000
vt 0.000000 1.000000
vt 0.500000 1.000000
vt 0.000000 0.000000
vt 1.000000 0.000000
vt 0.500000 1.000000
vt 0.000000 0.000000
vt 1.000000 0.000000
vt 0.000000 0.000000
vt 1.000000 0.000000
vt 1.000000 1.000000
vt 0.000000 1.000000
vt 0.000000 0.000000
vt 1.000000 0.000000
vt 1.000000 1.000000
vt 0.000000 1.000000
vt 0.500000 1.000000
vt 0.000000 0.000000
vt 1.000000 0.000000
vt 0.500000 1.000000
vt 0.000000 0.000000
vt 1.000000 0.000000
vt 0.000000 0.000000
vt 1.000000 0.000000
vt 1.000000 1.000000
vt 0.000000 1.000000
vt 0.000000 0.000000
vt 1.000000 0.000000
vt 1.000000 1.000000
vt 0.000000 1.000000
vt 0.500000 1.000000
vt 0.000000 0.000000
vt 1.000000 0.000000
vt 0.500000 1.000000
vt 0.000000 0.000000
vt 1.000000 0.000000
vt 0.000000 0.000000
vt 1.000000 0.000000
vt 1.000000 1.000000
vt 0.000000 1.000000
vt 0.000000 0.000000
vt 1.000000 0.000000
vt 1.000000 1.000000
vt 0.000000 1.000000
vt 0.500000 1.000000
vt 0.000000 0.000000
vt 1.000000 0.000000
vt 0.500000 1.000000
vt 0.000000 0.000000
vt 1.000000 0.000000
vt 0.000000 0.000000
vt 1.000000 0.000000
vt 1.000000 1.000000
vt 0.000000 1.000000
vt 0.000000 0.000000
vt 1.000000 0.000000
vt 1.000000 1.000000
vt 0.000000 1.000000
vt 0.500000 1.000000
vt 0.000000 0.000000
vt 1.000000 0.000000
vt 0.500000 1.000000
vt 0.000000 0.000000
vt 1.000000 0.000000
vt 0.000000 0.000000
vt 1.000000 0.000000
vt 1.000000 1.000000
vt 0.000000 1.000000
vt 0.000000 0.000000
vt 1.000000 0.000000
vt 1.000000 1.000000
vt 0.000000 1.000000
vt 0.500000 1.000000
vt 0.000000 0.000000
vt 1.000000 0.000000
vt 0.500000 1.000000
vt 0.000000 0.000000
vt 1.000000 0.000000
vt 0.000000 0.000000
vt 1.000000 0.000000
vt 1.000000 1.000000
vt 0.000000 1.000000
vt 0.000000 0.000000
vt 1.000000 0.000000
vt 1.000000 1.000000
vt 0.000000 1.000000
vt 0.500000 1.000000
vt 0.000000 0.000000
vt 1.000000 0.000000
vt 0.500000 1.000000
vt 0.000000 0.000000
vt 1.000000 0.000000
vt 0.000000 0.000000
vt 1.000000 0.000000
vt 1.000000 1.000000
vt 0.000000 1.000000
vt 0.000000 0.000000
vt 1.000000 0.000000
vt 1.000000 1.000000
vt 0.000000 1.000000
vt 0.500000 1.000000
vt 0.000000 0.000000
vt 1.000000 0.000000
vt 0.500000 1.000000
vt 0.000000 0.000000
vt 1.000000 0.000000
vt 0.000000 0.000000
vt 1.000000 0.000000
vt 1.000000 1.000000
vt 0.000000 1.000000
vt 0.000000 0.000000
vt 1.000000 0.000000
vt 1.000000 1.000000
vt 0.000000 1.000000
vt 0.500000 1.000000
vt 0.000000 0.000000
vt 1.000000 0.000000
vt 0.500000 1.000000
vt 0.000000 0.000000
vt 1.000000 0.000000
vt 0.000000 0.000000
vt 1.000000 0.000000
vt 1.000000 1.000000
vt 0.000000 1.000000
vt 0.000000 0.000000
vt 1.000000 0.000000
vt 1.000000 1.000000
vt 0.000000 1.000000
vt 0.500000 1.000000
vt 0.000000 0.000000
vt 1.000000 0.000000
vt 0.500000 1.000000
vt 0.000000 0.000000
vt 1.000000 0.000000
vt 0.000000 0.000000
vt 1.000000 0.000000
vt 1.000000 1.000000
vt 0.000000 1.000000
vt 0.000000 0.000000
vt 1.000000 0.000000
vt 1.000000 1.000000
vt 0.000000 1.000000
vt 0.500000 1.000000
vt 0.000000 0.000000
vt 1.000000 0.000000
vt 0.500000 1.000000
vt 0.000000 0.000000
vt 1.000000 0.000000
vt 0.000000 0.000000
vt 1.000000 0.000000
vt 1.000000 1.000000
vt 0.000000 1.000000
vt 0.000000 0.000000
vt 1.000000 0.000000
vt 1.000000 1.000000
vt 0.000000 1.000000
vt 0.500000 1.000000
vt 0.000000 0.000000
vt 1.000000 0.000000
vt 0.500000 1.000000
vt 0.000000 0.000000
vt 1.000000 0.000000
vt 0.000000 0.000000
vt 1.000000 0.000000
vt 1.000000 1.000000
vt 0.000000 1.000000
vt 0.000000 0.000000
vt 1.000000 0.000000
vt 1.000000 1.000000
vt 0.000000 1.000000
vt 0.500000 1.000000
vt 0.000000 0.000000
vt 1.000000 0.000000
vt 0.500000 1.000000
vt 0.000000 0.000000
vt 1.000000 0.000000
vt 0.000000 0.000000
vt 1.000000 0.000000
vt 1.000000 1.000000
vt 0.000000 1.000000
vt 0.000000 0.000000
vt 1.000000 0.000000
vt 1.000000 1.000000
vt 0.000000 1.000000
vt 0.500000 1.000000
vt 0.000000 0.000000
vt 1.000000 0.000000
vt 0.500000 1.000000
vt 0.000000 0.000000
vt 1.000000 0.000000
vt 0.000000 0.000000
vt 1.000000 0.000000
vt 1.000000 1.000000
vt 0.000000 1.000000
vt 0.000000 0.000000
vt 1.000000 0.000000
vt 1.000000 1.000000
vt 0.000000 1.000000
vt 0.500000 1.000000
vt 0.000000 0.000000
vt 1.000000 0.000000
vt 0.500000 1.000000
vt 0.000000 0.000000
vt 1.000000 0.000000
vt 0.000000 0.000000
vt 1.000000 0.000000
vt 1.000000 1.000000
vt 0.000000 1.000000
vt 0.000000 0.000000
vt 1.000000 0.000000
vt 1.000000 1.000000
vt 0.000000 1.000000
vt 0.500000 1.000000
vt 0.000000 0.000000
vt 1.000000 0.000000
vt 0.500000 1.000000
vt 0.000000 0.000000
vt 1.000000 0.000000
vt 0.000000 0.000000
vt 1.000000 0.000000
vt 1.000000 1.000000
vt 0.000000 1.000000
vt 0.000000 0.000000
vt 1.000000 0.000000
vt 1.000000 1.000000
vt 0.000000 1.000000
vt 0.500000 1.000000
vt 0.000000 0.000000
vt 1.000000 0.000000
vt 0.500000 1.000000
vt 0.000000 0.000000
vt 1.000000 0.000000
vt 0.000000 0.000000
vt 1.000000 0.000000
vt 1.000000 1.000000
vt 0.000000 1.000000
vt 0.000000 0.000000
vt 1.000000 0.000000
vt 1.000000 1.000000
vt 0.000000 1.000000
vt 0.500000 1.000000
vt 0.000000 0.000000
vt 1.000000 0.000000
vt 0.500000 1.000000
vt 0.000000 0.000000
vt 1.000000 0.000000
vt 0.000000 0.000000
vt 1.000000 0.000000
vt 1.000000 1.000000
vt 0.000000 1.000000
vt 0.000000 0.000000
vt 1.000000 0.000000
vt 1.000000 1.000000
vt 0.000000 1.000000
vt 0.500000 1.000000
vt 0.000000 0.000000
vt 1.000000 0.000000
vt 0.500000 1.000000
vt 0.000000 0.000000
vt 1.000000 0.000000
vt 0.000000 0.000000
vt 1.000000 0.000000
vt 1.000000 1.000000
vt 0.000000 1.000000
vt 0.000000 0.000000
vt 1.000000 0.000000
vt 1.000000 1.000000
vt 0.000000 1.000000
vt 0.500000 1.000000
vt 0.000000 0.000000
vt 1.000000 0.000000
vt 0.500000 1.000000
vt 0.000000 0.000000
vt 1.000000 0.000000
vt 0.000000 0.000000
vt 1.000000 0.000000
vt 1.000000 1.000000
vt 0.000000 1.000000
vt 0.000000 0.000000
vt 1.000000 0.000000
vt 1.000000 1.000000
vt 0.000000 1.000000
vt 0.500000 1.000000
vt 0.000000 0.000000
vt 1.000000 0.000000
vt 0.500000 1.000000
vt 0.000000 0.000000
vt 1.000000 0.000000
vt 0.000000 0.000000
vt 1.000000 0.000000
vt 1.000000 1.000000
vt 0.000000 1.000000
vt 0.000000 0.000000
vt 1.000000 0.000000
vt 1.000000 1.000000
vt 0.000000 1.000000
vt 0.500000 1.000000
vt 0.000000 0.000000
vt 1.000000 0.000000
vt 0.500000 1.000000
vt 0.000000 0.000000
vt 1.000000 0.000000
vt 0.000000 0.000000
vt 1.000000 0.000000
vt 1.000000 1.000000
vt 0.000000 1.000000
vt 0.000000 0.000000
vt 1.000000 0.000000
vt 1.000000 1.000000
vt 0.000000 1.000000
vt 0.500000 1.000000
vt 0.000000 0.000000
vt 1.000000 0.000000
vt 0.500000 1.000000
vt 0.000000 0.000000
vt 1.000000 0.000000
vt 0.000000 0.000000
vt 1.000000 0.000000
vt 1.000000 1.000000
vt 0.000000 1.000000
vt 0.000000 0.000000
vt 1.000000 0.000000
vt 1.000000 1.000000
vt 0.000000 1.000000
vt 0.500000 1.000000
vt 0.000000 0.000000
vt 1.000000 0.000000
vt 0.500000 1.000000
vt 0.000000 0.000000
vt 1.000000 0.000000
vt 0.000000 0.000000
vt 1.000000 0.000000
vt 1.000000 1.000000
vt 0.000000 1.000000
vt 0.000000 0.000000
vt 1.000000 0.000000
vt 1.000000 1.000000
vt 0.000000 1.000000
vt 0.500000 1.000000
vt 0.000000 0.000000
vt 1.000000 0.000000
vt 0.500000 1.000000
vt 0.000000 0.000000
vt 1.000000 0.000000
vt 0.000000 0.000000
vt 1.000000 0.000000
vt 1.000000 1.000000
vt 0.000000 1.000000
vt 0.000000 0.000000
vt 1.000000 0.000000
vt 1.000000 1.000000
vt 0.000000 1.000000
vt 0.500000 1.000000
vt 0.000000 0.000000
vt 1.000000 0.000000
vt 0.500000 1.000000
vt 0.000000 0.000000
vt 1.000000 0.000000
vt 0.000000 0.000000
vt 1.000000 0.000000
vt 1.000000 1.000000
vt 0.000000 1.000000
vt 0.000000 0.000000
vt 1.000000 0.000000
vt 1.000000 1.000000
vt 0.000000 1.000000
vt 0.500000 1.000000
vt 0.000000 0.000000
vt 1.000000 0.000000
vt 0.500000 1.000000
vt 0.000000 0.000000
vt 1.000000 0.000000
vt 0.000000 0.000000
vt 1.000000 0.000000
vt 1.000000 1.000000
vt 0.000000 1.000000
vt 0.000000 0.000000
vt 1.000000 0.000000
vt 1.000000 1.000000
vt 0.000000 1.000000
vt 0.500000 1.000000
vt 0.000000 0.000000
vt 1.000000 0.000000
vt 0.500000 1.000000
vt 0.000000 0.000000
vt 1.000000 0.000000
vt 0.000000 0.000000
vt 1.000000 0.000000
vt 1.000000 1.000000
vt 0.000000 1.000000
vt 0.000000 0.000000
vt 1.000000 0.000000
vt 1.000000 1.000000
vt 0.000000 1.000000
vt 0.500000 1.000000
vt 0.000000 0.000000
vt 1.000000 0.000000
vt 0.500000 1.000000
vt 0.000000 0.000000
vt 1.000000 0.000000
vt 0.000000 0.000000
vt 1.000000 0.000000
vt 1.000000 1.000000
vt 0.000000 1.000000
vt 0.000000 0.000000
vt 1.000000 0.000000
vt 1.000000 1.000000
vt 0.000000 1.000000
vt 0.500000 1.000000
vt 0.000000 0.000000
vt 1.000000 0.000000
vt 0.500000 1.000000
vt 0.000000 0.000000
vt 1.000000 0.000000
vt 0.000000 0.000000
vt 1.000000 0.000000
vt 1.000000 1.000000
vt 0.000000 1.000000
vt 0.000000 0.000000
vt 1.000000 0.000000
vt 1.000000 1.000000
vt 0.000000 1.000000
vt 0.500000 1.000000
vt 0.000000 0.000000
vt 1.000000 0.000000
vt 0.500000 1.000000
vt 0.000000 0.000000
vt 1.000000 0.000000
vt 0.000000 0.000000
vt 1.000000 0.000000
vt 1.000000 1.000000
vt 0.000000 1.000000
vt 0.000000 0.000000
vt 1.000000 0.000000
vt 1.000000 1.000000
vt 0.000000 1.000000
vt 0.500000 1.000000
vt 0.000000 0.000000
vt 1.000000 0.000000
vt 0.500000 1.000000
vt 0.000000 0.000000
vt 1.000000 0.000000
vt 0.000000 0.000000
vt 1.000000 0.000000
vt 1.000000 1.000000
vt 0.000000 1.000000
vt 0.000000 0.000000
vt 1.000000 0.000000
vt 1.000000 1.000000
vt 0.000000 1.000000
vt 0.500000 1.000000
vt 0.000000 0.000000
vt 1.000000 0.000000
vt 0.500000 1.000000
vt 0.000000 0.000000
vt 1.000000 0.000000
vt 0.000000 0.000000
vt 1.000000 0.000000
vt 1.000000 1.000000
vt 0.000000 1.000000
vt 0.000000 0.000000
vt 1.000000 0.000000
vt 1.000000 1.000000
vt 0.000000 1.000000
vt 0.500000 1.000000
vt 0.000000 0.000000
vt 1.000000 0.000000
vt 0.500000 1.000000
vt 0.000000 0.000000
vt 1.000000 0.000000
vt 0.000000 0.000000
vt 1.000000 0.000000
vt 1.000000 1.000000
vt 0.000000 1.000000
vt 0.000000 0.000000
vt 1.000000 0.000000
vt 1.000000 1.000000
vt 0.000000 1.000000
vt 0.500000 1.000000
vt 0.000000 0.000000
vt 1.000000 0.000000
vt 0.500000 1.000000
vt 0.000000 0.000000
vt 1.000000 0.000000
vt 0.000000 0.000000
vt 1.000000 0.000000
vt 1.000000 1.000000
vt 0.000000 1.000000
vt 0.000000 0.000000
vt 1.000000 0.000000
vt 1.000000 1.000000
vt 0.000000 1.000000
vt 0.500000 1.000000
vt 0.000000 0.000000
vt 1.000000 0.000000
vt 0.500000 1.000000
vt 0.000000 0.000000
vt 1.000000 0.000000
vt 0.000000 0.000000
vt 1.000000 0.000000
vt 1.000000 1.000000
vt 0.000000 1.000000
vt 0.000000 0.000000
vt 1.000000 0.000000
vt 1.000000 1.000000
vt 0.000000 1.000000
vt 0.500000 1.000000
vt 0.000000 0.000000
vt 1.000000 0.000000
vt 0.500000 1.000000
vt 0.000000 0.000000
vt 1.000000 0.000000
vt 0.000000 0.000000
vt 1.000000 0.000000
vt 1.000000 1.000000
vt 0.000000 1.000000
vt 0.000000 0.000000
vt 1.000000 0.000000
vt 1.000000 1.000000
vt 0.000000 1.000000
vt 0.500000 1.000000
vt 0.000000 0.000000
vt 1.000000 0.000000
vt 0.500000 1.000000
vt 0.000000 0.000000
vt 1.000000 0.000000
vt 0.000000 0.000000
vt 1.000000 0.000000
vt 1.000000 1.000000
vt 0.000000 1.000000
vt 0.000000 0.000000
vt 1.000000 0.000000
vt 1.000000 1.000000
vt 0.000000 1.000000
vt 0.500000 1.000000
vt 0.000000 0.000000
vt 1.000000 0.000000
vt 0.500000 1.000000
vt 0.000000 0.000000
vt 1.000000 0.000000
vt 0.000000 0.000000
vt 1.000000 0.000000
vt 1.000000 1.000000
vt 0.000000 1.000000
vt 0.000000 0.000000
vt 1.000000 0.000000
vt 1.000000 1.000000
vt 0.000000 1.000000
vt 0.500000 1.000000
vt 0.000000 0.000000
vt 1.000000 0.000000
vt 0.500000 1.000000
vt 0.000000 0.000000
vt 1.000000 0.000000
vt 0.000000 0.000000
vt 1.000000 0.000000
vt 1.000000 1.000000
vt 0.000000 1.000000
vt 0.000000 0.000000
vt 1.000000 0.000000
vt 1.000000 1.000000
vt 0.000000 1.000000
vt 0.500000 1.000000
vt 0.000000 0.000000
vt 1.000000 0.000000
vt 0.500000 1.000000
vt 0.000000 0.000000
vt 1.000000 0.000000
vt 0.000000 0.000000
vt 1.000000 0.000000
vt 1.000000 1.000000
vt 0.000000 1.000000
vt 0.000000 0.000000
vt 1.000000 0.000000
vt 1.000000 1.000000
vt 0.000000 1.000000
vt 0.500000 1.000000
vt 0.000000 0.000000
vt 1.000000 0.000000
vt 0.500000 1.000000
vt 0.000000 0.000000
vt 1.000000 0.000000
vt 0.000000 0.000000
vt 1.000000 0.000000
vt 1.000000 1.000000
vt 0.000000 1.000000
vt 0.000000 0.000000
vt 1.000000 0.000000
vt 1.000000 1.000000
vt 0.000000 1.000000
vt 0.500000 1.000000
vt 0.000000 0.000000
vt 1.000000 0.000000
vt 0.500000 1.000000
vt 0.000000 0.000000
vt 1.000000 0.000000
vt 0.000000 0.000000
vt 1.000000 0.000000
vt 1.000000 1.000000
vt 0.000000 1.000000
vt 0.000000 0.000000
vt 1.000000 0.000000
vt 1.000000 1.000000
vt 0.000000 1.000000
vt 0.500000 1.000000
vt 0.000000 0.000000
vt 1.000000 0.000000
vt 0.500000 1.000000
vt 0.000000 0.000000
vt 1.000000 0.000000
vt 0.000000 0.000000
vt 1.000000 0.000000
vt 1.000000 1.000000
vt 0.000000 1.000000
vt 0.000000 0.000000
vt 1.000000 0.000000
vt 1.000000 1.000000
vt 0.000000 1.000000
vt 0.500000 1.000000
vt 0.000000 0.000000
vt 1.000000 0.000000
vt 0.500000 1.000000
vt 0.000000 0.000000
vt 1.000000 0.000000
vt 0.000000 0.000000
vt 1.000000 0.000000
vt 1.000000 1.000000
vt 0.000000 1.000000
vt 0.000000 0.000000
vt 1.000000 0.000000
vt 1.000000 1.000000
vt 0.000000 1.000000
vt 0.500000 1.000000
vt 0.000000 0.000000
vt 1.000000 0.000000
vt 0.500000 1.000000
vt 0.000000 0.000000
vt 1.000000 0.000000
vt 0.000000 0.000000
vt 1.000000 0.000000
vt 1.000000 1.000000
vt 0.000000 1.000000
vt 0.000000 0.000000
vt 1.000000 0.000000
vt 1.000000 1.000000
vt 0.000000 1.000000
vt 0.500000 1.000000
vt 0.000000 0.000000
vt 1.000000 0.000000
vt 0.500000 1.000000
vt 0.000000 0.000000
vt 1.000000 0.000000
vt 0.000000 0.000000
vt 1.000000 0.000000
vt 1.000000 1.000000
vt 0.000000 1.000000
vt 0.000000 0.000000
vt 1.000000 0.000000
vt 1.000000 1.000000
vt 0.000000 1.000000
vt 0.500000 1.000000
vt 0.000000 0.000000
vt 1.000000 0.000000
vt 0.500000 1.000000
vt 0.000000 0.000000
vt 1.000000 0.000000
vt 0.000000 0.000000
vt 1.000000 0.000000
vt 1.000000 1.000000
vt 0.000000 1.000000
vt 0.000000 0.000000
vt 1.000000 0.000000
vt 1.000000 1.000000
vt 0.000000 1.000000
vt 0.500000 1.000000
vt 0.000000 0.000000
vt 1.000000 0.000000
vt 0.500000 1.000000
vt 0.000000 0.000000
vt 1.000000 0.000000
vt 0.000000 0.000000
vt 1.000000 0.000000
vt 1.000000 1.000000
vt 0.000000 1.000000
vt 0.000000 0.000000
vt 1.000000 0.000000
vt 1.000000 1.000000
vt 0.000000 1.000000
vt 0.500000 1.000000
vt 0.000000 0.000000
vt 1.000000 0.000000
vt 0.500000 1.000000
vt 0.000000 0.000000
vt 1.000000 0.000000
vt 0.000000 0.000000
vt 1.000000 0.000000
vt 1.000000 1.000000
vt 0.000000 1.000000
vt 0.000000 0.000000
vt 1.000000 0.000000
vt 1.000000 1.000000
vt 0.000000 1.000000
vt 0.500000 1.000000
vt 0.000000 0.000000
vt 1.000000 0.000000
vt 0.500000 1.000000
vt 0.000000 0.000000
vt 1.000000 0.000000
vt 0.000000 0.000000
vt 1.000000 0.000000
vt 1.000000 1.000000
vt 0.000000 1.000000
vt 0.000000 0.000000
vt 1.000000 0.000000
vt 1.000000 1.000000
vt 0.000000 1.000000
vt 0.500000 1.000000
vt 0.000000 0.000000
vt 1.000000 0.000000
vt 0.500000 1.000000
vt 0.000000 0.000000
vt 1.000000 0.000000
vt 0.000000 0.000000
vt 1.000000 0.000000
vt 1.000000 1.000000
vt 0.000000 1.000000
vt 0.000000 0.000000
vt 1.000000 0.000000
vt 1.000000 1.000000
vt 0.000000 1.000000
vt 0.500000 1.000000
vt 0.000000 0.000000
vt 1.000000 0.000000
vt 0.500000 1.000000
vt 0.000000 0.000000
vt 1.000000 0.000000
vt 0.000000 0.000000
vt 1.000000 0.000000
vt 1.000000 1.000000
vt 0.000000 1.000000
vt 0.000000 0.000000
vt 1.000000 0.000000
vt 1.000000 1.000000
vt 0.000000 1.000000
vt 0.500000 1.000000
vt 0.000000 0.000000
vt 1.000000 0.000000
vt 0.500000 1.000000
vt 0.000000 0.000000
vt 1.000000 0.000000
vt 0.000000 0.000000
vt 1.000000 0.000000
vt 1.000000 1.000000
vt 0.000000 1.000000
vt 0.000000 0.000000
vt 1.000000 0.000000
vt 1.000000 1.000000
vt 0.000000 1.000000
vt 0.500000 1.000000
vt 0.000000 0.000000
vt 1.000000 0.000000
vt 0.500000 1.000000
vt 0.000000 0.000000
vt 1.000000 0.000000
vt 0.000000 0.000000
vt 1.000000 0.000000
vt 1.000000 1.000000
vt 0.000000 1.000000
vt 0.000000 0.000000
vt 1.000000 0.000000
vt 1.000000 1.000000
vt 0.000000 1.000000
vt 0.500000 1.000000
vt 0.000000 0.000000
vt 1.000000 0.000000
vt 0.500000 1.000000
vt 0.000000 0.000000
vt 1.000000 0.000000
vt 0.000000 0.000000
vt 1.000000 0.000000
vt 1.000000 1.000000
vt 0.000000 1.000000
vt 0.000000 0.000000
vt 1.000000 0.000000
vt 1.000000 1.000000
vt 0.000000 1.000000
vt 0.500000 1.000000
vt 0.000000 0.000000
vt 1.000000 0.000000
vt 0.500000 1.000000
vt 0.000000 0.000000
vt 1.000000 0.000000
vt 0.000000 0.000000
vt 1.000000 0.000000
vt 1.000000 1.000000
vt 0.000000 1.000000
vt 0.000000 0.000000
vt 1.000000 0.000000
vt 1.000000 1.000000
vt 0.000000 1.000000
vt 0.500000 1.000000
vt 0.000000 0.000000
vt 1.000000 0.000000
vt 0.500000 1.000000
vt 0.000000 0.000000
vt 1.000000 0.000000
vt 0.000000 0.000000
vt 1.000000 0.000000
vt 1.000000 1.000000
vt 0.000000 1.000000
vt 0.000000 0.000000
vt 1.000000 0.000000
vt 1.000000 1.000000
vt 0.000000 1.000000
vt 0.500000 1.000000
vt 0.000000 0.000000
vt 1.000000 0.000000
vt 0.500000 1.000000
vt 0.000000 0.000000
vt 1.000000 0.000000
vt 0.000000 0.000000
vt 1.000000 0.000000
vt 1.000000 1.000000
vt 0.000000 1.000000
vt 0.000000 0.000000
vt 1.000000 0.000000
vt 1.000000 1.000000
vt 0.000000 1.000000
vt 0.500000 1.000000
vt 0.000000 0.000000
vt 1.000000 0.000000
vt 0.500000 1.000000
vt 0.000000 0.000000
vt 1.000000 0.000000
vt 0.000000 0.000000
vt 1.000000 0.000000
vt 1.000000 1.000000
vt 0.000000 1.000000
vt 0.000000 0.000000
vt 1.000000 0.000000
vt 1.000000 1.000000
vt 0.000000 1.000000
vt 0.500000 1.000000
vt 0.000000 0.000000
vt 1.000000 0.000000
vt 0.500000 1.000000
vt 0.000000 0.000000
vt 1.000000 0.000000
vt 0.000000 0.000000
vt 1.000000 0.000000
vt 1.000000 1.000000
vt 0.000000 1.000000
vt 0.000000 0.000000
vt 1.000000 0.000000
vt 1.000000 1.000000
vt 0.000000 1.000000
vt 0.500000 1.000000
vt 0.000000 0.000000
vt 1.000000 0.000000
vt 0.500000 1.000000
vt 0.000000 0.000000
vt 1.000000 0.000000
vt 0.000000 0.000000
vt 1.000000 0.000000
vt 1.000000 1.000000
vt 0.000000 1.000000
vt 0.000000 0.000000
vt 1.000000 0.000000
vt 1.000000 1.000000
vt 0.000000 1.000000
vt 0.500000 1.000000
vt 0.000000 0.000000
vt 1.000000 0.000000
vt 0.500000 1.000000
vt 0.000000 0.000000
vt 1.000000 0.000000
vt 0.000000 0.000000
vt 1.000000 0.000000
vt 1.000000 1.000000
vt 0.000000 1.000000
vt 0.000000 0.000000
vt 1.000000 0.000000
vt 1.000000 1.000000
vt 0.000000 1.000000
vt 0.500000 1.000000
vt 0.000000 0.000000
vt 1.000000 0.000000
vt 0.500000 1.000000
vt 0.000000 0.000000
vt 1.000000 0.000000
vt 0.000000 0.000000
vt 1.000000 0.000000
vt 1.000000 1.000000
vt 0.000000 1.000000
vt 0.000000 0.000000
vt 1.000000 0.000000
vt 1.000000 1.000000
vt 0.000000 1.000000
vt 0.500000 1.000000
vt 0.000000 0.000000
vt 1.000000 0.000000
vt 0.500000 1.000000
vt 0.000000 0.000000
vt 1.000000 0.000000
vt 0.000000 0.000000
vt 1.000000 0.000000
vt 1.000000 1.000000
vt 0.000000 1.000000
vt 0.000000 0.000000
vt 1.000000 0.000000
vt 1.000000 1.000000
vt 0.000000 1.000000
vt 0.500000 1.000000
vt 0.000000 0.000000
vt 1.000000 0.000000
vt 0.500000 1.000000
vt 0.000000 0.000000
vt 1.000000 0.000000
vt 0.000000 0.000000
vt 1.000000 0.000000
vt 1.000000 1.000000
vt 0.000000 1.000000
vt 0.000000 0.000000
vt 1.000000 0.000000
vt 1.000000 1.000000
vt 0.000000 1.000000
vt 0.500000 1.000000
vt 0.000000 0.000000
vt 1.000000 0.000000
vt 0.500000 1.000000
vt 0.000000 0.000000
vt 1.000000 0.000000
vt 0.000000 0.000000
vt 1.000000 0.000000
vt 1.000000 1.000000
vt 0.000000 1.000000
vt 0.000000 0.000000
vt 1.000000 0.000000
vt 1.000000 1.000000
vt 0.000000 1.000000
vt 0.500000 1.000000
vt 0.000000 0.000000
vt 1.000000 0.000000
vt 0.500000 1.000000
vt 0.000000 0.000000
vt 1.000000 0.000000
vt 0.000000 0.000000
vt 1.000000 0.000000
vt 1.000000 1.000000
vt 0.000000 1.000000
vt 0.000000 0.000000
vt 1.000000 0.000000
vt 1.000000 1.000000
vt 0.000000 1.000000
vt 0.500000 1.000000
vt 0.000000 0.000000
vt 1.000000 0.000000
vt 0.500000 1.000000
vt 0.000000 0.000000
vt 1.000000 0.000000
vt 0.000000 0.000000
vt 1.000000 0.000000
vt 1.000000 1.000000
vt 0.000000 1.000000
vt 0.000000 0.000000
vt 1.000000 0.000000
vt 1.000000 1.000000
vt 0.000000 1.000000
vt 0.500000 1.000000
vt 0.000000 0.000000
vt 1.000000 0.000000
vt 0.500000 1.000000
vt 0.000000 0.000000
vt 1.000000 0.000000
vt 0.000000 0.000000
vt 1.000000 0.000000
vt 1.000000 1.000000
vt 0.000000 1.000000
vt 0.000000 0.000000
vt 1.000000 0.000000
vt 1.000000 1.000000
vt 0.000000 1.000000
vt 0.500000 1.000000
vt 0.000000 0.000000
vt 1.000000 0.000000
vt 0.500000 1.000000
vt 0.000000 0.000000
vt 1.000000 0.000000
vt 0.000000 0.000000
vt 1.000000 0.000000
vt 1.000000 1.000000
vt 0.000000 1.000000
vt 0.000000 0.000000
vt 1.000000 0.000000
vt 1.000000 1.000000
vt 0.000000 1.000000
vt 0.500000 1.000000
vt 0.000000 0.000000
vt 1.000000 0.000000
vt 0.500000 1.000000
vt 0.000000 0.000000
vt 1.000000 0.000000
vt 0.000000 0.000000
vt 1.000000 0.000000
vt 1.000000 1.000000
vt 0.000000 1.000000
vt 0.000000 0.000000
vt 1.000000 0.000000
vt 1.000000 1.000000
vt 0.000000 1.000000
vt 0.500000 1.000000
vt 0.000000 0.000000
vt 1.000000 0.000000
vt 0.500000 1.000000
vt 0.000000 0.000000
vt 1.000000 0.000000
vt 0.000000 0.000000
vt 1.000000 0.000000
vt 1.000000 1.000000
vt 0.000000 1.000000
vt 0.000000 0.000000
vt 1.000000 0.000000
vt 1.000000 1.000000
vt 0.000000 1.000000
vt 0.500000 1.000000
vt 0.000000 0.000000
vt 1.000000 0.000000
vt 0.500000 1.000000
vt 0.000000 0.000000
vt 1.000000 0.000000
vt 0.000000 0.000000
vt 1.000000 0.000000
vt 1.000000 1.000000
vt 0.000000 1.000000
vt 0.000000 0.000000
vt 1.000000 0.000000
vt 1.000000 1.000000
vt 0.000000 1.000000
vt 0.500000 1.000000
vt 0.000000 0.000000
vt 1.000000 0.000000
vt 0.500000 1.000000
vt 0.000000 0.000000
vt 1.000000 0.000000
vt 0.000000 0.000000
vt 1.000000 0.000000
vt 1.000000 1.000000
vt 0.000000 1.000000
vt 0.000000 0.000000
vt 1.000000 0.000000
vt 1.000000 1.000000
vt 0.000000 1.000000
vt 0.500000 1.000000
vt 0.000000 0.000000
vt 1.000000 0.000000
vt 0.500000 1.000000
vt 0.000000 0.000000
vt 1.000000 0.000000
vt 0.000000 0.000000
vt 1.000000 0.000000
vt 1.000000 1.000000
vt 0.000000 1.000000
vt 0.000000 0.000000
vt 1.000000 0.000000
vt 1.000000 1.000000
vt 0.000000 1.000000
vt 0.500000 1.000000
vt 0.000000 0.000000
vt 1.000000 0.000000
vt 0.500000 1.000000
vt 0.000000 0.000000
vt 1.000000 0.000000
vt 0.000000 0.000000
vt 1.000000 0.000000
vt 1.000000 1.000000
vt 0.000000 1.000000
vt 0.000000 0.000000
vt 1.000000 0.000000
vt 1.000000 1.000000
vt 0.000000 1.000000
vt 0.500000 1.000000
vt 0.000000 0.000000
vt 1.000000 0.000000
vt 0.500000 1.000000
vt 0.000000 0.000000
vt 1.000000 0.000000
vt 0.000000 0.000000
vt 1.000000 0.000000
vt 1.000000 1.000000
vt 0.000000 1.000000
vt 0.000000 0.000000
vt 1.000000 0.000000
vt 1.000000 1.000000
vt 0.000000 1.000000
vt 0.500000 1.000000
vt 0.000000 0.000000
vt 1.000000 0.000000
vt 0.500000 1.000000
vt 0.000000 0.000000
vt 1.000000 0.000000
vt 0.000000 0.000000
vt 1.000000 0.000000
vt 1.000000 1.000000
vt 0.000000 1.000000
vt 0.000000 0.000000
vt 1.000000 0.000000
vt 1.000000 1.000000
vt 0.000000 1.000000
vt 0.500000 1.000000
vt 0.000000 0.000000
vt 1.000000 0.000000
vt 0.500000 1.000000
vt 0.000000 0.000000
vt 1.000000 0.000000
vt 0.000000 0.000000
vt 1.000000 0.000000
vt 1.000000 1.000000
vt 0.000000 1.000000
vt 0.000000 0.000000
vt 1.000000 0.000000
vt 1.000000 1.000000
vt 0.000000 1.000000
vt 0.500000 1.000000
vt 0.000000 0.000000
vt 1.000000 0.000000
vt 0.500000 1.000000
vt 0.000000 0.000000
vt 1.000000 0.000000
vt 0.000000 0.000000
vt 1.000000 0.000000
vt 1.000000 1.000000
vt 0.000000 1.000000
vt 0.000000 0.000000
vt 1.000000 0.000000
vt 1.000000 1.000000
vt 0.000000 1.000000
vt 0.500000 1.000000
vt 0.000000 0.000000
vt 1.000000 0.000000
vt 0.500000 1.000000
vt 0.000000 0.000000
vt 1.000000 0.000000
vt 0.000000 0.000000
vt 1.000000 0.000000
vt 1.000000 1.000000
vt 0.000000 1.000000
vt 0.000000 0.000000
vt 1.000000 0.000000
vt 1.000000 1.000000
vt 0.000000 1.000000
vt 0.500000 1.000000
vt 0.000000 0.000000
vt 1.000000 0.000000
vt 0.500000 1.000000
vt 0.000000 0.000000
vt 1.000000 0.000000
vt 0.000000 0.000000
vt 1.000000 0.000000
vt 1.000000 1.000000
vt 0.000000 1.000000
vt 0.000000 0.000000
vt 1.000000 0.000000
vt 1.000000 1.000000
vt 0.000000 1.000000
vt 0.500000 1.000000
vt 0.000000 0.000000
vt 1.000000 0.000000
vt 0.500000 1.000000
vt 0.000000 0.000000
vt 1.000000 0.000000
vt 0.000000 0.000000
vt 1.000000 0.000000
vt 1.000000 1.000000
vt 0.000000 1.000000
vt 0.000000 0.000000
vt 1.000000 0.000000
vt 1.000000 1.000000
vt 0.000000 1.000000
vt 0.500000 1.000000
vt 0.000000 0.000000
vt 1.000000 0.000000
vt 0.500000 1.000000
vt 0.000000 0.000000
vt 1.000000 0.000000
vt 0.000000 0.000000
vt 1.000000 0.000000
vt 1.000000 1.000000
vt 0.000000 1.000000
vt 0.000000 0.000000
vt 1.000000 0.000000
vt 1.000000 1.000000
vt 0.000000 1.000000
vt 0.500000 1.000000
vt 0.000000 0.000000
vt 1.000000 0.000000
vt 0.500000 1.000000
vt 0.000000 0.000000
vt 1.000000 0.000000
vt 0.000000 0.000000
vt 1.000000 0.000000
vt 1.000000 1.000000
vt 0.000000 1.000000
vt 0.000000 0.000000
vt 1.000000 0.000000
vt 1.000000 1.000000
vt 0.000000 1.000000
vt 0.500000 1.000000
vt 0.000000 0.000000
vt 1.000000 0.000000
vt 0.500000 1.000000
vt 0.000000 0.000000
vt 1.000000 0.000000
vt 0.000000 0.000000
vt 1.000000 0.000000
vt 1.000000 1.000000
vt 0.000000 1.000000
vt 0.000000 0.000000
vt 1.000000 0.000000
vt 1.000000 1.000000
vt 0.000000 1.000000
vt 0.500000 1.000000
vt 0.000000 0.000000
vt 1.000000 0.000000
vt 0.500000 1.000000
vt 0.000000 0.000000
vt 1.000000 0.000000
vt 0.000000 0.000000
vt 1.000000 0.000000
vt 1.000000 1.000000
vt 0.000000 1.000000
vt 0.000000 0.000000
vt 1.000000 0.000000
vt 1.000000 1.000000
vt 0.000000 1.000000
vt 0.500000 1.000000
vt 0.000000 0.000000
vt 1.000000 0.000000
vt 0.500000 1.000000
vt 0.000000 0.000000
vt 1.000000 0.000000
vt 0.000000 0.000000
vt 1.000000 0.000000
vt 1.000000 1.000000
vt 0.000000 1.000000
vt 0.000000 0.000000
vt 1.000000 0.000000
vt 1.000000 1.000000
vt 0.000000 1.000000
vt 0.500000 1.000000
vt 0.000000 0.000000
vt 1.000000 0.000000
vt 0.500000 1.000000
vt 0.000000 0.000000
vt 1.000000 0.000000
vt 0.000000 0.000000
vt 1.000000 0.000000
vt 1.000000 1.000000
vt 0.000000 1.000000
vt 0.000000 0.000000
vt 1.000000 0.000000
vt 1.000000 1.000000
vt 0.000000 1.000000
vt 0.500000 1.000000
vt 0.000000 0.000000
vt 1.000000 0.000000
vt 0.500000 1.000000
vt 0.000000 0.000000
vt 1.000000 0.000000
vt 0.000000 0.000000
vt 1.000000 0.000000
vt 1.000000 1.000000
vt 0.000000 1.000000
vt 0.000000 0.000000
vt 1.000000 0.000000
vt 1.000000 1.000000
vt 0.000000 1.000000
vt 0.500000 1.000000
vt 0.000000 0.000000
vt 1.000000 0.000000
vt 0.500000 1.000000
vt 0.000000 0.000000
vt 1.000000 0.000000
vt 0.000000 0.000000
vt 1.000000 0.000000
vt 1.000000 1.000000
vt 0.000000 1.000000
vt 0.000000 0.000000
vt 1.000000 0.000000
vt 1.000000 1.000000
vt 0.000000 1.000000
vt 0.500000 1.000000
vt 0.000000 0.000000
vt 1.000000 0.000000
vt 0.500000 1.000000
vt 0.000000 0.000000
vt 1.000000 0.000000
vt 0.000000 0.000000
vt 1.000000 0.000000
vt 1.000000 1.000000
vt 0.000000 1.000000
vt 0.000000 0.000000
vt 1.000000 0.000000
vt 1.000000 1.000000
vt 0.000000 1.000000
vt 0.500000 1.000000
vt 0.000000 0.000000
vt 1.000000 0.000000
vt 0.500000 1.000000
vt 0.000000 0.000000
vt 1.000000 0.000000
vt 0.000000 0.000000
vt 1.000000 0.000000
vt 1.000000 1.000000
vt 0.000000 1.000000
vt 0.000000 0.000000
vt 1.000000 0.000000
vt 1.000000 1.000000
vt 0.000000 1.000000
vt 0.500000 1.000000
vt 0.000000 0.000000
vt 1.000000 0.000000
vt 0.500000 1.000000
vt 0.000000 0.000000
vt 1.000000 0.000000
vt 0.000000 0.000000
vt 1.000000 0.000000
vt 1.000000 1.000000
vt 0.000000 1.000000
vt 0.000000 0.000000
vt 1.000000 0.000000
vt 1.000000 1.000000
vt 0.000000 1.000000
vt 0.500000 1.000000
vt 0.000000 0.000000
vt 1.000000 0.000000
vt 0.500000 1.000000
vt 0.000000 0.000000
vt 1.000000 0.000000
vt 0.000000 0.000000
vt 1.000000 0.000000
vt 1.000000 1.000000
vt 0.000000 1.000000
vt 0.000000 0.000000
vt 1.000000 0.000000
vt 1.000000 1.000000
vt 0.000000 1.000000
vt 0.500000 1.000000
vt 0.000000 0.000000
vt 1.000000 0.000000
vt 0.500000 1.000000
vt 0.000000 0.000000
vt 1.000000 0.000000
vt 0.000000 0.000000
vt 1.000000 0.000000
vt 1.000000 1.000000
vt 0.000000 1.000000
vt 0.000000 0.000000
vt 1.000000 0.000000
vt 1.000000 1.000000
vt 0.000000 1.000000
vt 0.500000 1.000000
vt 0.000000 0.000000
vt 1.000000 0.000000
vt 0.500000 1.000000
vt 0.000000 0.000000
vt 1.000000 0.000000
vt 0.000000 0.000000
vt 1.000000 0.000000
vt 1.000000 1.000000
vt 0.000000 1.000000
vt 0.000000 0.000000
vt 1.000000 0.000000
vt 1.000000 1.000000
vt 0.000000 1.000000
vt 0.500000 1.000000
vt 0.000000 0.000000
vt 1.000000 0.000000
vt 0.500000 1.000000
vt 0.000000 0.000000
vt 1.000000 0.000000
vt 0.000000 0.000000
vt 1.000000 0.000000
vt 1.000000 1.000000
vt 0.000000 1.000000
vt 0.000000 0.000000
vt 1.000000 0.000000
vt 1.000000 1.000000
vt 0.000000 1.000000
vt 0.500000 1.000000
vt 0.000000 0.000000
vt 1.000000 0.000000
vt 0.500000 1.000000
vt 0.000000 0.000000
vt 1.000000 0.000000
vt 0.000000 0.000000
vt 1.000000 0.000000
vt 1.000000 1.000000
vt 0.000000 1.000000
vt 0.000000 0.000000
vt 1.000000 0.000000
vt 1.000000 1.000000
vt 0.000000 1.000000
vt 0.500000 1.000000
vt 0.000000 0.000000
vt 1.000000 0.000000
vt 0.500000 1.000000
vt 0.000000 0.000000
vt 1.000000 0.000000
vt 0.000000 0.000000
vt 1.000000 0.000000
vt 1.000000 1.000000
vt 0.000000 1.000000
vt 0.000000 0.000000
vt 1.000000 0.000000
vt 1.000000 1.000000
vt 0.000000 1.000000
vt 0.500000 1.000000
vt 0.000000 0.000000
vt 1.000000 0.000000
vt 0.500000 1.000000
vt 0.000000 0.000000
vt 1.000000 0.000000
vt 0.000000 0.000000
vt 1.000000 0.000000
vt 1.000000 1.000000
vt 0.000000 1.000000
vt 0.000000 0.000000
vt 1.000000 0.000000
vt 1.000000 1.000000
vt 0.000000 1.000000
vt 0.500000 1.000000
vt 0.000000 0.000000
vt 1.000000 0.000000
vt 0.500000 1.000000
vt 0.000000 0.000000
vt 1.000000 0.000000
vt 0.000000 0.000000
vt 1.000000 0.000000
vt 1.000000 1.000000
vt 0.000000 1.000000
vt 0.000000 0.000000
vt 1.000000 0.000000
vt 1.000000 1.000000
vt 0.000000 1.000000
vt 0.500000 1.000000
vt 0.000000 0.000000
vt 1.000000 0.000000
vt 0.500000 1.000000
vt 0.000000 0.000000
vt 1.000000 0.000000
vt 0.000000 0.000000
vt 1.000000 0.000000
vt 1.000000 1.000000
vt 0.000000 1.000000
vt 0.000000 0.000000
vt 1.000000 0.000000
vt 1.000000 1.000000
vt 0.000000 1.000000
vt 0.500000 1.000000
vt 0.000000 0.000000
vt 1.000000 0.000000
vt 0.500000 1.000000
vt 0.000000 0.000000
vt 1.000000 0.000000
vt 0.000000 0.000000
vt 1.000000 0.000000
vt 1.000000 1.000000
vt 0.000000 1.000000
vt 0.000000 0.000000
vt 1.000000 0.000000
vt 1.000000 1.000000
vt 0.000000 1.000000
vt 0.500000 1.000000
vt 0.000000 0.000000
vt 1.000000 0.000000
vt 0.500000 1.000000
vt 0.000000 0.000000
vt 1.000000 0.000000
vt 0.000000 0.000000
vt 1.000000 0.000000
vt 1.000000 1.000000
vt 0.000000 1.000000
vt 0.000000 0.000000
vt 1.000000 0.000000
vt 1.000000 1.000000
vt 0.000000 1.000000
vt 0.500000 1.000000
vt 0.000000 0.000000
vt 1.000000 0.000000
vt 0.500000 1.000000
vt 0.000000 0.000000
vt 1.000000 0.000000
vt 0.000000 0.000000
vt 1.000000 0.000000
vt 1.000000 1.000000
vt 0.000000 1.000000
vt 0.000000 0.000000
vt 1.000000 0.000000
vt 1.000000 1.000000
vt 0.000000 1.000000
vt 0.500000 1.000000
vt 0.000000 0.000000
vt 1.000000 0.000000
vt 0.500000 1.000000
vt 0.000000 0.000000
vt 1.000000 0.000000
vt 0.000000 0.000000
vt 1.000000 0.000000
vt 1.000000 1.000000
vt 0.000000 1.000000
vt 0.000000 0.000000
vt 1.000000 0.000000
vt 1.000000 1.000000
vt 0.000000 1.000000
vt 0.500000 1.000000
vt 0.000000 0.000000
vt 1.000000 0.000000
vt 0.500000 1.000000
vt 0.000000 0.000000
vt 1.000000 0.000000
vt 0.000000 0.000000
vt 1.000000 0.000000
vt 1.000000 1.000000
vt 0.000000 1.000000
vt 0.000000 0.000000
vt 1.000000 0.000000
vt 1.000000 1.000000
vt 0.000000 1.000000
vt 0.500000 1.000000
vt 0.000000 0.000000
vt 1.000000 0.000000
vt 0.500000 1.000000
vt 0.000000 0.000000
vt 1.000000 0.000000
vt 0.000000 0.000000
vt 1.000000 0.000000
vt 1.000000 1.000000
vt 0.000000 1.000000
vt 0.000000 0.000000
vt 1.000000 0.000000
vt 1.000000 1.000000
vt 0.000000 1.000000
vt 0.500000 1.000000
vt 0.000000 0.000000
vt 1.000000 0.000000
vt 0.500000 1.000000
vt 0.000000 0.000000
vt 1.000000 0.000000
vt 0.000000 0.000000
vt 1.000000 0.000000
vt 1.000000 1.000000
vt 0.000000 1.000000
vt 0.000000 0.000000
vt 1.000000 0.000000
vt 1.000000 1.000000
vt 0.000000 1.000000
vt 0.500000 1.000000
vt 0.000000 0.000000
vt 1.000000 0.000000
vt 0.500000 1.000000
vt 0.000000 0.000000
vt 1.000000 0.000000
vt 0.000000 0.000000
vt 1.000000 0.000000
vt 1.000000 1.000000
vt 0.000000 1.000000
vt 0.000000 0.000000
vt 1.000000 0.000000
vt 1.000000 1.000000
vt 0.000000 1.000000
vt 0.500000 1.000000
vt 0.000000 0.000000
vt 1.000000 0.000000
s 1
usemtl models/caelum/world/environment/bark_city.png
f 1/1 2/2 3/3 4/4
f 5/5 6/6 7/7
f 8/8 9/9 10/10 11/11
f 12/12 13/13 14/14
f 15/15 16/16 17/17 18/18
f 19/19 20/20 21/21
f 22/22 23/23 24/24 25/25
f 26/26 27/27 28/28
f 29/29 30/30 31/31 32/32
f 33/33 34/34 35/35
f 36/36 37/37 38/38 39/39
f 40/40 41/41 42/42
f 43/43 44/44 45/45 46/46
f 47/47 48/48 49/49
f 50/50 51/51 52/52 53/53
f 54/54 55/55 56/56
f 57/57 58/58 59/59 60/60
f 61/61 62/62 63/63
f 64/64 65/65 66/66 67/67
f 68/68 69/69 70/70 71/71
f 72/72 73/73 74/74 75/75
f 76/76 77/77 78/78 79/79
f 80/80 81/81 82/82 83/83
f 84/84 85/85 86/86 87/87
f 88/88 89/89 90/90 91/91
f 92/92 93/93 94/94 95/95
f 96/96 97/97 98/98 99/99
f 100/100 101/101 102/102 103/103
f 104/104 105/105 106/106
f 107/107 108/108 109/109 110/110
f 111/111 112/112 113/113
f 114/114 115/115 116/116 117/117
f 118/118 119/119 120/120
f 121/121 122/122 123/123 124/124
f 125/125 126/126 127/127
f 128/128 129/129 130/130 131/131
f 132/132 133/133 134/134
f 135/135 136/136 137/137 138/138
f 139/139 140/140 141/141
f 142/142 143/143 144/144 145/145
f 146/146 147/147 148/148
f 149/149 150/150 151/151 152/152
f 153/153 154/154 155/155
f 156/156 157/157 158/158 159/159
f 160/160 161/161 162/162
f 163/163 164/164 165/165 166/166
f 167/167 168/168 169/169
f 170/170 171/171 172/172 173/173
f 174/174 175/175 176/176
f 177/177 178/178 179/179 180/180
f 181/181 182/182 183/183
f 184/184 185/185 186/186 187/187
f 188/188 189/189 190/190
f 191/191 192/192 193/193 194/194
f 195/195 196/196 197/197
f 198/198 199/199 200/200 201/201
f 202/202 203/203 204/204
f 205/205 206/206 207/207 208/208
f 209/209 210/210 211/211
f 212/212 213/213 214/214 215/215
f 216/216 217/217 218/218
f 219/219 220/220 221/221 222/222
f 223/223 224/224 225/225
f 226/226 227/227 228/228 229/229
f 230/230 231/231 232/232
f 233/233 234/234 235/235 236/236
f 237/237 238/238 239/239
f 240/240 241/241 242/242 243/243
f 244/244 245/245 246/246
f 247/247 248/248 249/249 250/250
f 251/251 252/252 253/253
f 254/254 255/255 256/256 257/257
f 258/258 259/259 260/260
f 261/261 262/262 263/263 264/264
f 265/265 266/266 267/267
f 268/268 269/269 270/270 271/271
f 272/272 273/273 274/274
f 275/275 276/276 277/277 278/278
f 279/279 280/280 281/281
f 282/282 283/283 284/284 285/285
f 286/286 287/287 288/288
f 289/289 290/290 291/291 292/292
f 293/293 294/294 295/295
f 296/296 297/297 298/298 299/299
f 300/300 301/301 302/302
f 303/303 304/304 305/305 306/306
f 307/307 308/308 309/309
f 310/310 311/311 312/312 313/313
f 314/314 315/315 316/316
f 317/317 318/318 319/319 320/320
f 321/321 322/322 323/323
f 324/324 325/325 326/326 327/327
f 328/328 329/329 330/330
f 331/331 332/332 333/333 334/334
f 335/335 336/336 337/337
f 338/338 339/339 340/340 341/341
f 342/342 343/343 344/344
f 345/345 346/346 347/347 348/348
f 349/349 350/350 351/351
f 352/352 353/353 354/354 355/355
f 356/356 357/357 358/358
f 359/359 360/360 361/361 362/362
f 363/363 364/364 365/365
f 366/366 367/367 368/368 369/369
f 370/370 371/371 372/372
f 373/373 374/374 375/375 376/376
f 377/377 378/378 379/379
f 380/380 381/381 382/382 383/383
f 384/384 385/385 386/386
f 387/387 388/388 389/389 390/390
f 391/391 392/392 393/393
f 394/394 395/395 396/396 397/397
f 398/398 399/399 400/400
f 401/401 402/402 403/403 404/404
f 405/405 406/406 407/407
f 408/408 409/409 410/410 411/411
f 412/412 413/413 414/414
f 415/415 416/416 417/417 418/418
f 419/419 420/420 421/421
f 422/422 423/423 424/424 425/425
f 426/426 427/427 428/428
f 429/429 430/430 431/431 432/432
f 433/433 434/434 435/435
f 436/436 437/437 438/438 439/439
f 440/440 441/441 442/442
f 443/443 444/444 445/445 446/446
f 447/447 448/448 449/449
f 450/450 451/451 452/452 453/453
f 454/454 455/455 456/456
f 457/457 458/458 459/459 460/460
f 461/461 462/462 463/463
f 464/464 465/465 466/466 467/467
f 468/468 469/469 470/470
f 471/471 472/472 473/473 474/474
f 475/475 476/476 477/477
f 478/478 479/479 480/480 481/481
f 482/482 483/483 484/484
f 485/485 486/486 487/487 488/488
f 489/489 490/490 491/491
f 492/492 493/493 494/494 495/495
f 496/496 497/497 498/498
f 499/499 500/500 501/501 502/502
f 503/503 504/504 505/505
f 506/506 507/507 508/508 509/509
f 510/510 511/511 512/512
f 513/513 514/514 515/515 516/516
f 517/517 518/518 519/519
f 520/520 521/521 522/522 523/523
f 524/524 525/525 526/526
f 527/527 528/528 529/529 530/530
f 531/531 532/532 533/533
f 534/534 535/535 536/536 537/537
f 538/538 539/539 540/540
f 541/541 542/542 543/543 544/544
f 545/545 546/546 547/547
f 548/548 549/549 550/550 551/551
f 552/552 553/553 554/554
f 555/555 556/556 557/557 558/558
f 559/559 560/560 561/561
f 562/562 563/563 564/564 565/565
f 566/566 567/567 568/568
f 569/569 570/570 571/571 572/572
f 573/573 574/574 575/575
f 576/576 577/577 578/578 579/579
f 580/580 581/581 582/582
f 583/583 584/584 585/585 586/586
f 587/587 588/588 589/589
f 590/590 591/591 592/592 593/593
f 594/594 595/595 596/596
f 597/597 598/598 599/599 600/600
f 601/601 602/602 603/603
f 604/604 605/605 606/606 607/607
f 608/608 609/609 610/610
f 611/611 612/612 613/613 614/614
f 615/615 616/616 617/617
f 618/618 619/619 620/620 621/621
f 622/622 623/623 624/624
f 625/625 626/626 627/627 628/628
f 629/629 630/630 631/631
f 632/632 633/633 634/634 635/635
f 636/636 637/637 638/638
f 639/639 640/640 641/641 642/642
f 643/643 644/644 645/645
f 646/646 647/647 648/648 649/649
f 650/650 651/651 652/652
f 653/653 654/654 655/655 656/656
f 657/657 658/658 659/659
f 660/660 661/661 662/662 663/663
f 664/664 665/665 666/666
f 667/667 668/668 669/669 670/670
f 671/671 672/672 673/673
f 674/674 675/675 676/676 677/677
f 678/678 679/679 680/680
f 681/681 682/682 683/683 684/684
f 685/685 686/686 687/687
f 688/688 689/689 690/690 691/691
f 692/692 693/693 694/694
f 695/695 696/696 697/697 698/698
f 699/699 700/700 701/701
f 702/702 703/703 704/704 705/705
f 706/706 707/707 708/708
f 709/709 710/710 711/711 712/712
f 713/713 714/714 715/715
f 716/716 717/717 718/718 719/719
f 720/720 721/721 722/722
f 723/723 724/724 725/725 726/726
f 727/727 728/728 729/729
f 730/730 731/731 732/732 733/733
f 734/734 735/735 736/736
f 737/737 738/738 739/739 740/740
f 741/741 742/742 743/743
f 744/744 745/745 746/746 747/747
f 748/748 749/749 750/750
f 751/751 752/752 753/753 754/754
f 755/755 756/756 757/757
f 758/758 759/759 760/760 761/761
f 762/762 763/763 764/764
f 765/765 766/766 767/767 768/768
f 769/769 770/770 771/771
f 772/772 773/773 774/774 775/775
f 776/776 777/777 778/778
f 779/779 780/780 781/781 782/782
f 783/783 784/784 785/785
f 786/786 787/787 788/788 789/789
f 790/790 791/791 792/792
f 793/793 794/794 795/795 796/796
f 797/797 798/798 799/799
f 800/800 801/801 802/802 803/803
f 804/804 805/805 806/806
f 807/807 808/808 809/809 810/810
f 811/811 812/812 813/813
f 814/814 815/815 816/816 817/817
f 818/818 819/819 820/820
f 821/821 822/822 823/823 824/824
f 825/825 826/826 827/827
f 828/828 829/829 830/830 831/831
f 832/832 833/833 834/834
f 835/835 836/836 837/837 838/838
f 839/839 840/840 841/841
f 842/842 843/843 844/844 845/845
f 846/846 847/847 848/848
f 849/849 850/850 851/851 852/852
f 853/853 854/854 855/855
f 856/856 857/857 858/858 859/859
f 860/860 861/861 862/862
f 863/863 864/864 865/865 866/866
f 867/867 868/868 869/869
f 870/870 871/871 872/872 873/873
f 874/874 875/875 876/876
f 877/877 878/878 879/879 880/880
f 881/881 882/882 883/883
f 884/884 885/885 886/886 887/887
f 888/888 889/889 890/890
f 891/891 892/892 893/893 894/894
f 895/895 896/896 897/897
f 898/898 899/899 900/900 901/901
f 902/902 903/903 904/904
f 905/905 906/906 907/907 908/908
f 909/909 910/910 911/911
f 912/912 913/913 914/914 915/915
f 916/916 917/917 918/918
f 919/919 920/920 921/921 922/922
f 923/923 924/924 925/925
f 926/926 927/927 928/928 929/929
f 930/930 931/931 932/932
f 933/933 934/934 935/935 936/936
f 937/937 938/938 939/939
f 940/940 941/941 942/942 943/943
f 944/944 945/945 946/946
f 947/947 948/948 949/949 950/950
f 951/951 952/952 953/953
f 954/954 955/955 956/956 957/957
f 958/958 959/959 960/960
f 961/961 962/962 963/963 964/964
f 965/965 966/966 967/967
f 968/968 969/969 970/970 971/971
f 972/972 973/973 974/974
f 975/975 976/976 977/977 978/978
f 979/979 980/980 981/981
f 982/982 983/983 984/984 985/985
f 986/986 987/987 988/988
f 989/989 990/990 991/991 992/992
f 993/993 994/994 995/995
f 996/996 997/997 998/998 999/999
f 1000/1000 1001/1001 1002/1002
f 1003/1003 1004/1004 1005/1005 1006/1006
f 1007/1007 1008/1008 1009/1009
f 1010/1010 1011/1011 1012/1012 1013/1013
f 1014/1014 1015/1015 1016/1016
f 1017/1017 1018/1018 1019/1019 1020/1020
f 1021/1021 1022/1022 1023/1023
f 1024/1024 1025/1025 1026/1026 1027/1027
f 1028/1028 1029/1029 1030/1030
f 1031/1031 1032/1032 1033/1033 1034/1034
f 1035/1035 1036/1036 1037/1037
f 1038/1038 1039/1039 1040/1040 1041/1041
f 1042/1042 1043/1043 1044/1044
f 1045/1045 1046/1046 1047/1047 1048/1048
f 1049/1049 1050/1050 1051/1051
f 1052/1052 1053/1053 1054/1054 1055/1055
f 1056/1056 1057/1057 1058/1058
f 1059/1059 1060/1060 1061/1061 1062/1062
f 1063/1063 1064/1064 1065/1065
f 1066/1066 1067/1067 1068/1068 1069/1069
f 1070/1070 1071/1071 1072/1072
f 1073/1073 1074/1074 1075/1075 1076/1076
f 1077/1077 1078/1078 1079/1079
f 1080/1080 1081/1081 1082/1082 1083/1083
f 1084/1084 1085/1085 1086/1086
f 1087/1087 1088/1088 1089/1089 1090/1090
f 1091/1091 1092/1092 1093/1093
f 1094/1094 1095/1095 1096/1096 1097/1097
f 1098/1098 1099/1099 1100/1100
f 1101/1101 1102/1102 1103/1103 1104/1104
f 1105/1105 1106/1106 1107/1107
f 1108/1108 1109/1109 1110/1110 1111/1111
f 1112/1112 1113/1113 1114/1114
f 1115/1115 1116/1116 1117/1117 1118/1118
f 1119/1119 1120/1120 1121/1121
f 1122/1122 1123/1123 1124/1124 1125/1125
f 1126/1126 1127/1127 1128/1128
f 1129/1129 1130/1130 1131/1131 1132/1132
f 1133/1133 1134/1134 1135/1135
f 1136/1136 1137/1137 1138/1138 1139/1139
f 1140/1140 1141/1141 1142/1142
f 1143/1143 1144/1144 1145/1145 1146/1146
f 1147/1147 1148/1148 1149/1149
f 1150/1150 1151/1151 1152/1152 1153/1153
f 1154/1154 1155/1155 1156/1156
f 1157/1157 1158/1158 1159/1159 1160/1160
f 1161/1161 1162/1162 1163/1163
f 1164/1164 1165/1165 1166/1166 1167/1167
f 1168/1168 1169/1169 1170/1170
usemtl models/caelum/world/environment/foliage_city_tipa.png
f 1171/1171 1172/1172 1173/1173
f 1174/1174 1175/1175 1176/1176 1177/1177
f 1178/1178 1179/1179 1180/1180 1181/1181
f 1182/1182 1183/1183 1184/1184
f 1185/1185 1186/1186 1187/1187
f 1188/1188 1189/1189 1190/1190 1191/1191
f 1192/1192 1193/1193 1194/1194 1195/1195
f 1196/1196 1197/1197 1198/1198
f 1199/1199 1200/1200 1201/1201
f 1202/1202 1203/1203 1204/1204 1205/1205
f 1206/1206 1207/1207 1208/1208 1209/1209
f 1210/1210 1211/1211 1212/1212
f 1213/1213 1214/1214 1215/1215
f 1216/1216 1217/1217 1218/1218 1219/1219
f 1220/1220 1221/1221 1222/1222 1223/1223
f 1224/1224 1225/1225 1226/1226
f 1227/1227 1228/1228 1229/1229
f 1230/1230 1231/1231 1232/1232 1233/1233
f 1234/1234 1235/1235 1236/1236 1237/1237
f 1238/1238 1239/1239 1240/1240
f 1241/1241 1242/1242 1243/1243
f 1244/1244 1245/1245 1246/1246 1247/1247
f 1248/1248 1249/1249 1250/1250 1251/1251
f 1252/1252 1253/1253 1254/1254
f 1255/1255 1256/1256 1257/1257
f 1258/1258 1259/1259 1260/1260 1261/1261
f 1262/1262 1263/1263 1264/1264 1265/1265
f 1266/1266 1267/1267 1268/1268
f 1269/1269 1270/1270 1271/1271
f 1272/1272 1273/1273 1274/1274 1275/1275
f 1276/1276 1277/1277 1278/1278 1279/1279
f 1280/1280 1281/1281 1282/1282
f 1283/1283 1284/1284 1285/1285
f 1286/1286 1287/1287 1288/1288 1289/1289
f 1290/1290 1291/1291 1292/1292 1293/1293
f 1294/1294 1295/1295 1296/1296
f 1297/1297 1298/1298 1299/1299
f 1300/1300 1301/1301 1302/1302 1303/1303
f 1304/1304 1305/1305 1306/1306 1307/1307
f 1308/1308 1309/1309 1310/1310
f 1311/1311 1312/1312 1313/1313
f 1314/1314 1315/1315 1316/1316 1317/1317
f 1318/1318 1319/1319 1320/1320 1321/1321
f 1322/1322 1323/1323 1324/1324
f 1325/1325 1326/1326 1327/1327
f 1328/1328 1329/1329 1330/1330 1331/1331
f 1332/1332 1333/1333 1334/1334 1335/1335
f 1336/1336 1337/1337 1338/1338
f 1339/1339 1340/1340 1341/1341
f 1342/1342 1343/1343 1344/1344 1345/1345
f 1346/1346 1347/1347 1348/1348 1349/1349
f 1350/1350 1351/1351 1352/1352
f 1353/1353 1354/1354 1355/1355
f 1356/1356 1357/1357 1358/1358 1359/1359
f 1360/1360 1361/1361 1362/1362 1363/1363
f 1364/1364 1365/1365 1366/1366
f 1367/1367 1368/1368 1369/1369
f 1370/1370 1371/1371 1372/1372 1373/1373
f 1374/1374 1375/1375 1376/1376 1377/1377
f 1378/1378 1379/1379 1380/1380
f 1381/1381 1382/1382 1383/1383
f 1384/1384 1385/1385 1386/1386 1387/1387
f 1388/1388 1389/1389 1390/1390 1391/1391
f 1392/1392 1393/1393 1394/1394
f 1395/1395 1396/1396 1397/1397
f 1398/1398 1399/1399 1400/1400 1401/1401
f 1402/1402 1403/1403 1404/1404 1405/1405
f 1406/1406 1407/1407 1408/1408
f 1409/1409 1410/1410 1411/1411
f 1412/1412 1413/1413 1414/1414 1415/1415
f 1416/1416 1417/1417 1418/1418 1419/1419
f 1420/1420 1421/1421 1422/1422
f 1423/1423 1424/1424 1425/1425
f 1426/1426 1427/1427 1428/1428 1429/1429
f 1430/1430 1431/1431 1432/1432 1433/1433
f 1434/1434 1435/1435 1436/1436
f 1437/1437 1438/1438 1439/1439
f 1440/1440 1441/1441 1442/1442 1443/1443
f 1444/1444 1445/1445 1446/1446 1447/1447
f 1448/1448 1449/1449 1450/1450
f 1451/1451 1452/1452 1453/1453
f 1454/1454 1455/1455 1456/1456 1457/1457
f 1458/1458 1459/1459 1460/1460 1461/1461
f 1462/1462 1463/1463 1464/1464
f 1465/1465 1466/1466 1467/1467
f 1468/1468 1469/1469 1470/1470 1471/1471
f 1472/1472 1473/1473 1474/1474 1475/1475
f 1476/1476 1477/1477 1478/1478
f 1479/1479 1480/1480 1481/1481
f 1482/1482 1483/1483 1484/1484 1485/1485
f 1486/1486 1487/1487 1488/1488 1489/1489
f 1490/1490 1491/1491 1492/1492
f 1493/1493 1494/1494 1495/1495
f 1496/1496 1497/1497 1498/1498 1499/1499
f 1500/1500 1501/1501 1502/1502 1503/1503
f 1504/1504 1505/1505 1506/1506
f 1507/1507 1508/1508 1509/1509
f 1510/1510 1511/1511 1512/1512 1513/1513
f 1514/1514 1515/1515 1516/1516 1517/1517
f 1518/1518 1519/1519 1520/1520
f 1521/1521 1522/1522 1523/1523
f 1524/1524 1525/1525 1526/1526 1527/1527
f 1528/1528 1529/1529 1530/1530 1531/1531
f 1532/1532 1533/1533 1534/1534
f 1535/1535 1536/1536 1537/1537
f 1538/1538 1539/1539 1540/1540 1541/1541
f 1542/1542 1543/1543 1544/1544 1545/1545
f 1546/1546 1547/1547 1548/1548
f 1549/1549 1550/1550 1551/1551
f 1552/1552 1553/1553 1554/1554 1555/1555
f 1556/1556 1557/1557 1558/1558 1559/1559
f 1560/1560 1561/1561 1562/1562
f 1563/1563 1564/1564 1565/1565
f 1566/1566 1567/1567 1568/1568 1569/1569
f 1570/1570 1571/1571 1572/1572 1573/1573
f 1574/1574 1575/1575 1576/1576
f 1577/1577 1578/1578 1579/1579
f 1580/1580 1581/1581 1582/1582 1583/1583
f 1584/1584 1585/1585 1586/1586 1587/1587
f 1588/1588 1589/1589 1590/1590
f 1591/1591 1592/1592 1593/1593
f 1594/1594 1595/1595 1596/1596 1597/1597
f 1598/1598 1599/1599 1600/1600 1601/1601
f 1602/1602 1603/1603 1604/1604
f 1605/1605 1606/1606 1607/1607
f 1608/1608 1609/1609 1610/1610 1611/1611
f 1612/1612 1613/1613 1614/1614 1615/1615
f 1616/1616 1617/1617 1618/1618
f 1619/1619 1620/1620 1621/1621
f 1622/1622 1623/1623 1624/1624 1625/1625
f 1626/1626 1627/1627 1628/1628 1629/1629
f 1630/1630 1631/1631 1632/1632
f 1633/1633 1634/1634 1635/1635
f 1636/1636 1637/1637 1638/1638 1639/1639
f 1640/1640 1641/1641 1642/1642 1643/1643
f 1644/1644 1645/1645 1646/1646
f 1647/1647 1648/1648 1649/1649
f 1650/1650 1651/1651 1652/1652 1653/1653
f 1654/1654 1655/1655 1656/1656 1657/1657
f 1658/1658 1659/1659 1660/1660
f 1661/1661 1662/1662 1663/1663
f 1664/1664 1665/1665 1666/1666 1667/1667
f 1668/1668 1669/1669 1670/1670 1671/1671
f 1672/1672 1673/1673 1674/1674
f 1675/1675 1676/1676 1677/1677
f 1678/1678 1679/1679 1680/1680 1681/1681
f 1682/1682 1683/1683 1684/1684 1685/1685
f 1686/1686 1687/1687 1688/1688
f 1689/1689 1690/1690 1691/1691
f 1692/1692 1693/1693 1694/1694 1695/1695
f 1696/1696 1697/1697 1698/1698 1699/1699
f 1700/1700 1701/1701 1702/1702
f 1703/1703 1704/1704 1705/1705
f 1706/1706 1707/1707 1708/1708 1709/1709
f 1710/1710 1711/1711 1712/1712 1713/1713
f 1714/1714 1715/1715 1716/1716
f 1717/1717 1718/1718 1719/1719
f 1720/1720 1721/1721 1722/1722 1723/1723
f 1724/1724 1725/1725 1726/1726 1727/1727
f 1728/1728 1729/1729 1730/1730
f 1731/1731 1732/1732 1733/1733
f 1734/1734 1735/1735 1736/1736 1737/1737
f 1738/1738 1739/1739 1740/1740 1741/1741
f 1742/1742 1743/1743 1744/1744
f 1745/1745 1746/1746 1747/1747
f 1748/1748 1749/1749 1750/1750 1751/1751
f 1752/1752 1753/1753 1754/1754 1755/1755
f 1756/1756 1757/1757 1758/1758
f 1759/1759 1760/1760 1761/1761
f 1762/1762 1763/1763 1764/1764 1765/1765
f 1766/1766 1767/1767 1768/1768 1769/1769
f 1770/1770 1771/1771 1772/1772
f 1773/1773 1774/1774 1775/1775
f 1776/1776 1777/1777 1778/1778 1779/1779
f 1780/1780 1781/1781 1782/1782 1783/1783
f 1784/1784 1785/1785 1786/1786
f 1787/1787 1788/1788 1789/1789
f 1790/1790 1791/1791 1792/1792 1793/1793
f 1794/1794 1795/1795 1796/1796 1797/1797
f 1798/1798 1799/1799 1800/1800
f 1801/1801 1802/1802 1803/1803
f 1804/1804 1805/1805 1806/1806 1807/1807
f 1808/1808 1809/1809 1810/1810 1811/1811
f 1812/1812 1813/1813 1814/1814
f 1815/1815 1816/1816 1817/1817
f 1818/1818 1819/1819 1820/1820 1821/1821
f 1822/1822 1823/1823 1824/1824 1825/1825
f 1826/1826 1827/1827 1828/1828
f 1829/1829 1830/1830 1831/1831
f 1832/1832 1833/1833 1834/1834 1835/1835
f 1836/1836 1837/1837 1838/1838 1839/1839
f 1840/1840 1841/1841 1842/1842
f 1843/1843 1844/1844 1845/1845
f 1846/1846 1847/1847 1848/1848 1849/1849
f 1850/1850 1851/1851 1852/1852 1853/1853
f 1854/1854 1855/1855 1856/1856
f 1857/1857 1858/1858 1859/1859
f 1860/1860 1861/1861 1862/1862 1863/1863
f 1864/1864 1865/1865 1866/1866 1867/1867
f 1868/1868 1869/1869 1870/1870
f 1871/1871 1872/1872 1873/1873
f 1874/1874 1875/1875 1876/1876 1877/1877
f 1878/1878 1879/1879 1880/1880 1881/1881
f 1882/1882 1883/1883 1884/1884
f 1885/1885 1886/1886 1887/1887
f 1888/1888 1889/1889 1890/1890 1891/1891
f 1892/1892 1893/1893 1894/1894 1895/1895
f 1896/1896 1897/1897 1898/1898
f 1899/1899 1900/1900 1901/1901
f 1902/1902 1903/1903 1904/1904 1905/1905
f 1906/1906 1907/1907 1908/1908 1909/1909
f 1910/1910 1911/1911 1912/1912
f 1913/1913 1914/1914 1915/1915
f 1916/1916 1917/1917 1918/1918 1919/1919
f 1920/1920 1921/1921 1922/1922 1923/1923
f 1924/1924 1925/1925 1926/1926
f 1927/1927 1928/1928 1929/1929
f 1930/1930 1931/1931 1932/1932 1933/1933
f 1934/1934 1935/1935 1936/1936 1937/1937
f 1938/1938 1939/1939 1940/1940
f 1941/1941 1942/1942 1943/1943
f 1944/1944 1945/1945 1946/1946 1947/1947
f 1948/1948 1949/1949 1950/1950 1951/1951
f 1952/1952 1953/1953 1954/1954
f 1955/1955 1956/1956 1957/1957
f 1958/1958 1959/1959 1960/1960 1961/1961
f 1962/1962 1963/1963 1964/1964 1965/1965
f 1966/1966 1967/1967 1968/1968
f 1969/1969 1970/1970 1971/1971
f 1972/1972 1973/1973 1974/1974 1975/1975
f 1976/1976 1977/1977 1978/1978 1979/1979
f 1980/1980 1981/1981 1982/1982
f 1983/1983 1984/1984 1985/1985
f 1986/1986 1987/1987 1988/1988 1989/1989
f 1990/1990 1991/1991 1992/1992 1993/1993
f 1994/1994 1995/1995 1996/1996
f 1997/1997 1998/1998 1999/1999
f 2000/2000 2001/2001 2002/2002 2003/2003
f 2004/2004 2005/2005 2006/2006 2007/2007
f 2008/2008 2009/2009 2010/2010
f 2011/2011 2012/2012 2013/2013
f 2014/2014 2015/2015 2016/2016 2017/2017
f 2018/2018 2019/2019 2020/2020 2021/2021
f 2022/2022 2023/2023 2024/2024
f 2025/2025 2026/2026 2027/2027
f 2028/2028 2029/2029 2030/2030 2031/2031
f 2032/2032 2033/2033 2034/2034 2035/2035
f 2036/2036 2037/2037 2038/2038
f 2039/2039 2040/2040 2041/2041
f 2042/2042 2043/2043 2044/2044 2045/2045
f 2046/2046 2047/2047 2048/2048 2049/2049
f 2050/2050 2051/2051 2052/2052
f 2053/2053 2054/2054 2055/2055
f 2056/2056 2057/2057 2058/2058 2059/2059
f 2060/2060 2061/2061 2062/2062 2063/2063
f 2064/2064 2065/2065 2066/2066
f 2067/2067 2068/2068 2069/2069
f 2070/2070 2071/2071 2072/2072 2073/2073
f 2074/2074 2075/2075 2076/2076 2077/2077
f 2078/2078 2079/2079 2080/2080
f 2081/2081 2082/2082 2083/2083
f 2084/2084 2085/2085 2086/2086 2087/2087
f 2088/2088 2089/2089 2090/2090 2091/2091
f 2092/2092 2093/2093 2094/2094
f 2095/2095 2096/2096 2097/2097
f 2098/2098 2099/2099 2100/2100 2101/2101
f 2102/2102 2103/2103 2104/2104 2105/2105
f 2106/2106 2107/2107 2108/2108
f 2109/2109 2110/2110 2111/2111
f 2112/2112 2113/2113 2114/2114 2115/2115
f 2116/2116 2117/2117 2118/2118 2119/2119
f 2120/2120 2121/2121 2122/2122
f 2123/2123 2124/2124 2125/2125
f 2126/2126 2127/2127 2128/2128 2129/2129
f 2130/2130 2131/2131 2132/2132 2133/2133
f 2134/2134 2135/2135 2136/2136
f 2137/2137 2138/2138 2139/2139
f 2140/2140 2141/2141 2142/2142 2143/2143
f 2144/2144 2145/2145 2146/2146 2147/2147
f 2148/2148 2149/2149 2150/2150
f 2151/2151 2152/2152 2153/2153
f 2154/2154 2155/2155 2156/2156 2157/2157
f 2158/2158 2159/2159 2160/2160 2161/2161
f 2162/2162 2163/2163 2164/2164
f 2165/2165 2166/2166 2167/2167
f 2168/2168 2169/2169 2170/2170 2171/2171
f 2172/2172 2173/2173 2174/2174 2175/2175
f 2176/2176 2177/2177 2178/2178
f 2179/2179 2180/2180 2181/2181
f 2182/2182 2183/2183 2184/2184 2185/2185
f 2186/2186 2187/2187 2188/2188 2189/2189
f 2190/2190 2191/2191 2192/2192
f 2193/2193 2194/2194 2195/2195
f 2196/2196 2197/2197 2198/2198 2199/2199
f 2200/2200 2201/2201 2202/2202 2203/2203
f 2204/2204 2205/2205 2206/2206
f 2207/2207 2208/2208 2209/2209
f 2210/2210 2211/2211 2212/2212 2213/2213
f 2214/2214 2215/2215 2216/2216 2217/2217
f 2218/2218 2219/2219 2220/2220
f 2221/2221 2222/2222 2223/2223
f 2224/2224 2225/2225 2226/2226 2227/2227
f 2228/2228 2229/2229 2230/2230 2231/2231
f 2232/2232 2233/2233 2234/2234
f 2235/2235 2236/2236 2237/2237
f 2238/2238 2239/2239 2240/2240 2241/2241
f 2242/2242 2243/2243 2244/2244 2245/2245
f 2246/2246 2247/2247 2248/2248
f 2249/2249 2250/2250 2251/2251
f 2252/2252 2253/2253 2254/2254 2255/2255
f 2256/2256 2257/2257 2258/2258 2259/2259
f 2260/2260 2261/2261 2262/2262
f 2263/2263 2264/2264 2265/2265
f 2266/2266 2267/2267 2268/2268 2269/2269
f 2270/2270 2271/2271 2272/2272 2273/2273
f 2274/2274 2275/2275 2276/2276
f 2277/2277 2278/2278 2279/2279
f 2280/2280 2281/2281 2282/2282 2283/2283
f 2284/2284 2285/2285 2286/2286 2287/2287
f 2288/2288 2289/2289 2290/2290
f 2291/2291 2292/2292 2293/2293
f 2294/2294 2295/2295 2296/2296 2297/2297
f 2298/2298 2299/2299 2300/2300 2301/2301
f 2302/2302 2303/2303 2304/2304
f 2305/2305 2306/2306 2307/2307
f 2308/2308 2309/2309 2310/2310 2311/2311
f 2312/2312 2313/2313 2314/2314 2315/2315
f 2316/2316 2317/2317 2318/2318
f 2319/2319 2320/2320 2321/2321
f 2322/2322 2323/2323 2324/2324 2325/2325
f 2326/2326 2327/2327 2328/2328 2329/2329
f 2330/2330 2331/2331 2332/2332
f 2333/2333 2334/2334 2335/2335
f 2336/2336 2337/2337 2338/2338 2339/2339
f 2340/2340 2341/2341 2342/2342 2343/2343
f 2344/2344 2345/2345 2346/2346
f 2347/2347 2348/2348 2349/2349
f 2350/2350 2351/2351 2352/2352 2353/2353
f 2354/2354 2355/2355 2356/2356 2357/2357
f 2358/2358 2359/2359 2360/2360
f 2361/2361 2362/2362 2363/2363
f 2364/2364 2365/2365 2366/2366 2367/2367
f 2368/2368 2369/2369 2370/2370 2371/2371
f 2372/2372 2373/2373 2374/2374
f 2375/2375 2376/2376 2377/2377
f 2378/2378 2379/2379 2380/2380 2381/2381
f 2382/2382 2383/2383 2384/2384 2385/2385
f 2386/2386 2387/2387 2388/2388
f 2389/2389 2390/2390 2391/2391
f 2392/2392 2393/2393 2394/2394 2395/2395
f 2396/2396 2397/2397 2398/2398 2399/2399
f 2400/2400 2401/2401 2402/2402
f 2403/2403 2404/2404 2405/2405
f 2406/2406 2407/2407 2408/2408 2409/2409
f 2410/2410 2411/2411 2412/2412 2413/2413
f 2414/2414 2415/2415 2416/2416
f 2417/2417 2418/2418 2419/2419
f 2420/2420 2421/2421 2422/2422 2423/2423
f 2424/2424 2425/2425 2426/2426 2427/2427
f 2428/2428 2429/2429 2430/2430
f 2431/2431 2432/2432 2433/2433
f 2434/2434 2435/2435 2436/2436 2437/2437
f 2438/2438 2439/2439 2440/2440 2441/2441
f 2442/2442 2443/2443 2444/2444
f 2445/2445 2446/2446 2447/2447
f 2448/2448 2449/2449 2450/2450 2451/2451
f 2452/2452 2453/2453 2454/2454 2455/2455
f 2456/2456 2457/2457 2458/2458
f 2459/2459 2460/2460 2461/2461
f 2462/2462 2463/2463 2464/2464 2465/2465
f 2466/2466 2467/2467 2468/2468 2469/2469
f 2470/2470 2471/2471 2472/2472
f 2473/2473 2474/2474 2475/2475
f 2476/2476 2477/2477 2478/2478 2479/2479
f 2480/2480 2481/2481 2482/2482 2483/2483
f 2484/2484 2485/2485 2486/2486
f 2487/2487 2488/2488 2489/2489
f 2490/2490 2491/2491 2492/2492 2493/2493
f 2494/2494 2495/2495 2496/2496 2497/2497
f 2498/2498 2499/2499 2500/2500
f 2501/2501 2502/2502 2503/2503
f 2504/2504 2505/2505 2506/2506 2507/2507
f 2508/2508 2509/2509 2510/2510 2511/2511
f 2512/2512 2513/2513 2514/2514
f 2515/2515 2516/2516 2517/2517
f 2518/2518 2519/2519 2520/2520 2521/2521
f 2522/2522 2523/2523 2524/2524 2525/2525
f 2526/2526 2527/2527 2528/2528
f 2529/2529 2530/2530 2531/2531
f 2532/2532 2533/2533 2534/2534 2535/2535
f 2536/2536 2537/2537 2538/2538 2539/2539
f 2540/2540 2541/2541 2542/2542
f 2543/2543 2544/2544 2545/2545
f 2546/2546 2547/2547 2548/2548 2549/2549
f 2550/2550 2551/2551 2552/2552 2553/2553
f 2554/2554 2555/2555 2556/2556
f 2557/2557 2558/2558 2559/2559
f 2560/2560 2561/2561 2562/2562 2563/2563
f 2564/2564 2565/2565 2566/2566 2567/2567
f 2568/2568 2569/2569 2570/2570
f 2571/2571 2572/2572 2573/2573
f 2574/2574 2575/2575 2576/2576 2577/2577
f 2578/2578 2579/2579 2580/2580 2581/2581
f 2582/2582 2583/2583 2584/2584
f 2585/2585 2586/2586 2587/2587
f 2588/2588 2589/2589 2590/2590 2591/2591
f 2592/2592 2593/2593 2594/2594 2595/2595
f 2596/2596 2597/2597 2598/2598
f 2599/2599 2600/2600 2601/2601
f 2602/2602 2603/2603 2604/2604 2605/2605
f 2606/2606 2607/2607 2608/2608 2609/2609
f 2610/2610 2611/2611 2612/2612
f 2613/2613 2614/2614 2615/2615
f 2616/2616 2617/2617 2618/2618 2619/2619
f 2620/2620 2621/2621 2622/2622 2623/2623
f 2624/2624 2625/2625 2626/2626
f 2627/2627 2628/2628 2629/2629
f 2630/2630 2631/2631 2632/2632 2633/2633
f 2634/2634 2635/2635 2636/2636 2637/2637
f 2638/2638 2639/2639 2640/2640
f 2641/2641 2642/2642 2643/2643
f 2644/2644 2645/2645 2646/2646 2647/2647
f 2648/2648 2649/2649 2650/2650 2651/2651
f 2652/2652 2653/2653 2654/2654
f 2655/2655 2656/2656 2657/2657
f 2658/2658 2659/2659 2660/2660 2661/2661
f 2662/2662 2663/2663 2664/2664 2665/2665
f 2666/2666 2667/2667 2668/2668
f 2669/2669 2670/2670 2671/2671
f 2672/2672 2673/2673 2674/2674 2675/2675
f 2676/2676 2677/2677 2678/2678 2679/2679
f 2680/2680 2681/2681 2682/2682
f 2683/2683 2684/2684 2685/2685
f 2686/2686 2687/2687 2688/2688 2689/2689
f 2690/2690 2691/2691 2692/2692 2693/2693
f 2694/2694 2695/2695 2696/2696
f 2697/2697 2698/2698 2699/2699
f 2700/2700 2701/2701 2702/2702 2703/2703
f 2704/2704 2705/2705 2706/2706 2707/2707
f 2708/2708 2709/2709 2710/2710
f 2711/2711 2712/2712 2713/2713
f 2714/2714 2715/2715 2716/2716 2717/2717
f 2718/2718 2719/2719 2720/2720 2721/2721
f 2722/2722 2723/2723 2724/2724
f 2725/2725 2726/2726 2727/2727
f 2728/2728 2729/2729 2730/2730 2731/2731
f 2732/2732 2733/2733 2734/2734 2735/2735
f 2736/2736 2737/2737 2738/2738
