# Modelo original generado para Caelum Argenteum.
# Ejes OBJ: X ancho, Y altura, Z profundidad.
o ca_tree_tundra_nire
v 3.025572 0.088653 -4.162627
v -0.841802 0.810418 -2.252024
v 9.344920 38.651426 0.596253
v 10.526617 38.430887 0.012458
v 3.025572 0.000000 0.876593
v -0.841802 0.810418 -2.252024
v 3.025572 0.088653 -4.162627
v -0.841802 0.810418 -2.252024
v -1.796964 0.921921 2.014492
v 9.053065 38.685497 1.899910
v 9.344920 38.651426 0.596253
v 3.025572 0.000000 0.876593
v -1.796964 0.921921 2.014492
v -0.841802 0.810418 -2.252024
v -1.796964 0.921921 2.014492
v 0.879341 0.339199 5.424147
v 9.870825 38.507443 2.941749
v 9.053065 38.685497 1.899910
v 3.025572 0.000000 0.876593
v 0.879341 0.339199 5.424147
v -1.796964 0.921921 2.014492
v 0.879341 0.339199 5.424147
v 5.171802 -0.498947 5.409401
v 11.182410 38.251343 2.937244
v 9.870825 38.507443 2.941749
v 3.025572 0.000000 0.876593
v 5.171802 -0.498947 5.409401
v 0.879341 0.339199 5.424147
v 5.171802 -0.498947 5.409401
v 7.848107 -0.961375 1.981359
v 12.000170 38.110045 1.889787
v 11.182410 38.251343 2.937244
v 3.025572 0.000000 0.876593
v 7.848107 -0.961375 1.981359
v 5.171802 -0.498947 5.409401
v 7.848107 -0.961375 1.981359
v 6.892945 -0.699869 -2.278594
v 11.708315 38.189950 0.588134
v 12.000170 38.110045 1.889787
v 3.025572 0.000000 0.876593
v 6.892945 -0.699869 -2.278594
v 7.848107 -0.961375 1.981359
v 6.892945 -0.699869 -2.278594
v 3.025572 0.088653 -4.162627
v 10.526617 38.430887 0.012458
v 11.708315 38.189950 0.588134
v 3.025572 0.000000 0.876593
v 3.025572 0.088653 -4.162627
v 6.892945 -0.699869 -2.278594
v 10.354304 38.554991 0.029377
v 9.301913 38.914285 0.770487
v 29.260338 82.836810 5.079719
v 27.920931 83.294092 6.022951
v 27.701624 83.486519 4.084788
v 27.920931 83.294092 6.022951
v 29.260338 82.836810 5.079719
v 9.301913 38.914285 0.770487
v 9.171749 38.889171 2.100258
v 29.426001 82.868772 3.387284
v 29.260338 82.836810 5.079719
v 27.701624 83.486519 4.084788
v 29.260338 82.836810 5.079719
v 29.426001 82.868772 3.387284
v 9.171749 38.889171 2.100258
v 10.061828 38.498563 3.017344
v 28.293174 83.365910 2.220083
v 29.426001 82.868772 3.387284
v 27.701624 83.486519 4.084788
v 29.426001 82.868772 3.387284
v 28.293174 83.365910 2.220083
v 10.061828 38.498563 3.017344
v 11.301903 38.036595 2.831162
v 26.714897 83.953869 2.457043
v 28.293174 83.365910 2.220083
v 27.701624 83.486519 4.084788
v 28.293174 83.365910 2.220083
v 26.714897 83.953869 2.457043
v 11.301903 38.036595 2.831162
v 11.958171 37.851139 1.681909
v 25.879646 84.189904 3.919728
v 26.714897 83.953869 2.457043
v 27.701624 83.486519 4.084788
v 26.714897 83.953869 2.457043
v 25.879646 84.189904 3.919728
v 11.958171 37.851139 1.681909
v 11.536451 38.081847 0.434998
v 26.416382 83.896276 5.506706
v 25.879646 84.189904 3.919728
v 27.701624 83.486519 4.084788
v 25.879646 84.189904 3.919728
v 26.416382 83.896276 5.506706
v 11.536451 38.081847 0.434998
v 10.354304 38.554991 0.029377
v 27.920931 83.294092 6.022951
v 26.416382 83.896276 5.506706
v 27.701624 83.486519 4.084788
v 26.416382 83.896276 5.506706
v 27.920931 83.294092 6.022951
v 10.526617 38.165939 0.314874
v 9.623141 38.885774 0.818033
v 25.748208 61.101466 -3.035578
v 26.064425 60.849524 -3.211684
v 10.526617 38.403799 1.552219
v 9.623141 38.885774 0.818033
v 10.526617 38.165939 0.314874
v 9.623141 38.885774 0.818033
v 9.623141 39.123633 2.055378
v 25.748208 61.184717 -2.602507
v 25.748208 61.101466 -3.035578
v 10.526617 38.403799 1.552219
v 9.623141 39.123633 2.055378
v 9.623141 38.885774 0.818033
v 9.623141 39.123633 2.055378
v 10.526617 38.641658 2.789564
v 26.064425 61.016026 -2.345542
v 25.748208 61.184717 -2.602507
v 10.526617 38.403799 1.552219
v 10.526617 38.641658 2.789564
v 9.623141 39.123633 2.055378
v 10.526617 38.641658 2.789564
v 11.430094 37.921824 2.286406
v 26.380641 60.764084 -2.521647
v 26.064425 61.016026 -2.345542
v 10.526617 38.403799 1.552219
v 11.430094 37.921824 2.286406
v 10.526617 38.641658 2.789564
v 11.430094 37.921824 2.286406
v 11.430094 37.683964 1.049061
v 26.380641 60.680833 -2.954718
v 26.380641 60.764084 -2.521647
v 10.526617 38.403799 1.552219
v 11.430094 37.683964 1.049061
v 11.430094 37.921824 2.286406
v 11.430094 37.683964 1.049061
v 10.526617 38.165939 0.314874
v 26.064425 60.849524 -3.211684
v 26.380641 60.680833 -2.954718
v 10.526617 38.403799 1.552219
v 10.526617 38.165939 0.314874
v 11.430094 37.683964 1.049061
v 26.021396 60.882662 -3.214638
v 25.733872 61.132071 -2.991914
v 44.057598 85.252496 -7.158167
v 43.811149 85.466275 -6.967260
v 43.774267 85.423322 -7.340996
v 43.811149 85.466275 -6.967260
v 44.057598 85.252496 -7.158167
v 25.733872 61.132071 -2.991914
v 25.776901 61.182184 -2.555888
v 44.020717 85.209543 -7.531903
v 44.057598 85.252496 -7.158167
v 43.774267 85.423322 -7.340996
v 44.057598 85.252496 -7.158167
v 44.020717 85.209543 -7.531903
v 25.776901 61.182184 -2.555888
v 26.107453 60.982888 -2.342587
v 43.737386 85.380368 -7.714732
v 44.020717 85.209543 -7.531903
v 43.774267 85.423322 -7.340996
v 44.020717 85.209543 -7.531903
v 43.737386 85.380368 -7.714732
v 26.107453 60.982888 -2.342587
v 26.394977 60.733479 -2.565312
v 43.490937 85.594147 -7.523826
v 43.737386 85.380368 -7.714732
v 43.774267 85.423322 -7.340996
v 43.737386 85.380368 -7.714732
v 43.490937 85.594147 -7.523826
v 26.394977 60.733479 -2.565312
v 26.351949 60.683366 -3.001337
v 43.527818 85.637101 -7.150089
v 43.490937 85.594147 -7.523826
v 43.774267 85.423322 -7.340996
v 43.490937 85.594147 -7.523826
v 43.527818 85.637101 -7.150089
v 26.351949 60.683366 -3.001337
v 26.021396 60.882662 -3.214638
v 43.811149 85.466275 -6.967260
v 43.527818 85.637101 -7.150089
v 43.774267 85.423322 -7.340996
v 43.527818 85.637101 -7.150089
v 43.811149 85.466275 -6.967260
v 10.526617 38.929369 0.407066
v 9.542947 39.095860 1.176660
v 21.593384 60.244590 11.333486
v 21.937668 60.186318 11.064128
v 10.526617 38.403799 1.552219
v 9.542947 39.095860 1.176660
v 10.526617 38.929369 0.407066
v 9.542947 39.095860 1.176660
v 9.542947 38.570289 2.321813
v 21.593384 60.060640 11.734290
v 21.593384 60.244590 11.333486
v 10.526617 38.403799 1.552219
v 9.542947 38.570289 2.321813
v 9.542947 39.095860 1.176660
v 9.542947 38.570289 2.321813
v 10.526617 37.878228 2.697372
v 21.937668 59.818419 11.865735
v 21.593384 60.060640 11.734290
v 10.526617 38.403799 1.552219
v 10.526617 37.878228 2.697372
v 9.542947 38.570289 2.321813
v 10.526617 37.878228 2.697372
v 11.510287 37.711738 1.927779
v 22.281953 59.760147 11.596378
v 21.937668 59.818419 11.865735
v 10.526617 38.403799 1.552219
v 11.510287 37.711738 1.927779
v 10.526617 37.878228 2.697372
v 11.510287 37.711738 1.927779
v 11.510287 38.237309 0.782626
v 22.281953 59.944097 11.195574
v 22.281953 59.760147 11.596378
v 10.526617 38.403799 1.552219
v 11.510287 38.237309 0.782626
v 11.510287 37.711738 1.927779
v 11.510287 38.237309 0.782626
v 10.526617 38.929369 0.407066
v 21.937668 60.186318 11.064128
v 22.281953 59.944097 11.195574
v 10.526617 38.403799 1.552219
v 10.526617 38.929369 0.407066
v 11.510287 38.237309 0.782626
v 21.890644 60.207563 11.077421
v 21.576416 60.242308 11.384886
v 35.486503 83.355307 22.401666
v 35.217165 83.385089 22.665208
v 35.176858 83.560969 22.333055
v 35.217165 83.385089 22.665208
v 35.486503 83.355307 22.401666
v 21.576416 60.242308 11.384886
v 21.623441 60.037114 11.772397
v 35.446196 83.531188 22.069514
v 35.486503 83.355307 22.401666
v 35.176858 83.560969 22.333055
v 35.486503 83.355307 22.401666
v 35.446196 83.531188 22.069514
v 21.623441 60.037114 11.772397
v 21.984693 59.797174 11.852443
v 35.136552 83.736850 22.000903
v 35.446196 83.531188 22.069514
v 35.176858 83.560969 22.333055
v 35.446196 83.531188 22.069514
v 35.136552 83.736850 22.000903
v 21.984693 59.797174 11.852443
v 22.298920 59.762429 11.544978
v 34.867214 83.766632 22.264445
v 35.136552 83.736850 22.000903
v 35.176858 83.560969 22.333055
v 35.136552 83.736850 22.000903
v 34.867214 83.766632 22.264445
v 22.298920 59.762429 11.544978
v 22.251896 59.967624 11.157466
v 34.907521 83.590751 22.596597
v 34.867214 83.766632 22.264445
v 35.176858 83.560969 22.333055
v 34.867214 83.766632 22.264445
v 34.907521 83.590751 22.596597
v 22.251896 59.967624 11.157466
v 21.890644 60.207563 11.077421
v 35.217165 83.385089 22.665208
v 34.907521 83.590751 22.596597
v 35.176858 83.560969 22.333055
v 34.907521 83.590751 22.596597
v 35.217165 83.385089 22.665208
v 0.159706 0.391669 -1.878809
v -3.758453 0.661293 0.045575
v 3.695795 44.398260 5.643614
v 4.893010 44.315875 5.055608
v 0.159706 0.000000 3.145949
v -3.758453 0.661293 0.045575
v 0.159706 0.391669 -1.878809
v -3.758453 0.661293 0.045575
v -4.726158 0.432949 4.304604
v 3.400107 44.328488 6.944984
v 3.695795 44.398260 5.643614
v 0.159706 0.000000 3.145949
v -4.726158 0.432949 4.304604
v -3.758453 0.661293 0.045575
v -4.726158 0.432949 4.304604
v -2.014708 -0.121414 7.691142
v 4.228606 44.159100 7.979760
v 3.400107 44.328488 6.944984
v 0.159706 0.000000 3.145949
v -2.014708 -0.121414 7.691142
v -4.726158 0.432949 4.304604
v -2.014708 -0.121414 7.691142
v 2.334121 -0.584350 7.655057
v 5.557415 44.017647 7.968734
v 4.228606 44.159100 7.979760
v 0.159706 0.000000 3.145949
v 2.334121 -0.584350 7.655057
v -2.014708 -0.121414 7.691142
v 2.334121 -0.584350 7.655057
v 5.045571 -0.607259 4.223522
v 6.385913 44.010647 6.920209
v 5.557415 44.017647 7.968734
v 0.159706 0.000000 3.145949
v 5.045571 -0.607259 4.223522
v 2.334121 -0.584350 7.655057
v 5.045571 -0.607259 4.223522
v 4.077865 -0.172889 -0.019448
v 6.090226 44.143371 5.623746
v 6.385913 44.010647 6.920209
v 0.159706 0.000000 3.145949
v 4.077865 -0.172889 -0.019448
v 5.045571 -0.607259 4.223522
v 4.077865 -0.172889 -0.019448
v 0.159706 0.391669 -1.878809
v 4.893010 44.315875 5.055608
v 6.090226 44.143371 5.623746
v 0.159706 0.000000 3.145949
v 0.159706 0.391669 -1.878809
v 4.077865 -0.172889 -0.019448
v 4.710711 44.533398 5.099420
v 3.597328 44.551575 5.838278
v 14.525393 95.626394 18.302553
v 13.108360 95.649529 19.242918
v 12.876343 96.078692 17.344607
v 13.108360 95.649529 19.242918
v 14.525393 95.626394 18.302553
v 3.597328 44.551575 5.838278
v 3.459620 44.302146 7.143914
v 14.700657 95.943849 16.640835
v 14.525393 95.626394 18.302553
v 12.876343 96.078692 17.344607
v 14.525393 95.626394 18.302553
v 14.700657 95.943849 16.640835
v 3.459620 44.302146 7.143914
v 4.401284 43.972936 8.033157
v 13.502176 96.362843 15.509071
v 14.700657 95.943849 16.640835
v 12.876343 96.078692 17.344607
v 14.700657 95.943849 16.640835
v 13.502176 96.362843 15.509071
v 4.401284 43.972936 8.033157
v 5.713228 43.811847 7.836389
v 11.832430 96.567866 15.759503
v 13.502176 96.362843 15.509071
v 12.876343 96.078692 17.344607
v 13.502176 96.362843 15.509071
v 11.832430 96.567866 15.759503
v 5.713228 43.811847 7.836389
v 6.407531 43.940182 6.701781
v 10.948771 96.404531 17.203550
v 11.832430 96.567866 15.759503
v 12.876343 96.078692 17.344607
v 11.832430 96.567866 15.759503
v 10.948771 96.404531 17.203550
v 6.407531 43.940182 6.701781
v 5.961369 44.261303 5.483715
v 11.516614 95.995832 18.753816
v 10.948771 96.404531 17.203550
v 12.876343 96.078692 17.344607
v 10.948771 96.404531 17.203550
v 11.516614 95.995832 18.753816
v 5.961369 44.261303 5.483715
v 4.710711 44.533398 5.099420
v 13.108360 95.649529 19.242918
v 11.516614 95.995832 18.753816
v 12.876343 96.078692 17.344607
v 11.516614 95.995832 18.753816
v 13.108360 95.649529 19.242918
v 4.893010 44.629673 5.407862
v 3.871351 44.772831 6.131269
v 15.875149 72.778881 16.828597
v 16.232729 72.728776 16.575404
v 4.893010 44.196198 6.590951
v 3.871351 44.772831 6.131269
v 4.893010 44.629673 5.407862
v 3.871351 44.772831 6.131269
v 3.871351 44.339356 7.314358
v 15.875149 72.627165 17.242678
v 15.875149 72.778881 16.828597
v 4.893010 44.196198 6.590951
v 3.871351 44.339356 7.314358
v 3.871351 44.772831 6.131269
v 3.871351 44.339356 7.314358
v 4.893010 43.762723 7.774040
v 16.232729 72.425344 17.403567
v 15.875149 72.627165 17.242678
v 4.893010 44.196198 6.590951
v 4.893010 43.762723 7.774040
v 3.871351 44.339356 7.314358
v 4.893010 43.762723 7.774040
v 5.914669 43.619565 7.050632
v 16.590310 72.375238 17.150374
v 16.232729 72.425344 17.403567
v 4.893010 44.196198 6.590951
v 5.914669 43.619565 7.050632
v 4.893010 43.762723 7.774040
v 5.914669 43.619565 7.050632
v 5.914669 44.053040 5.867543
v 16.590310 72.526954 16.736293
v 16.590310 72.375238 17.150374
v 4.893010 44.196198 6.590951
v 5.914669 44.053040 5.867543
v 5.914669 43.619565 7.050632
v 5.914669 44.053040 5.867543
v 4.893010 44.629673 5.407862
v 16.232729 72.728776 16.575404
v 16.590310 72.526954 16.736293
v 4.893010 44.196198 6.590951
v 4.893010 44.629673 5.407862
v 5.914669 44.053040 5.867543
v 16.183272 72.746558 16.585375
v 15.852787 72.770289 16.876404
v 29.250840 104.282224 28.900738
v 28.967568 104.302566 29.150192
v 28.925176 104.447849 28.803811
v 28.967568 104.302566 29.150192
v 29.250840 104.282224 28.900738
v 15.852787 72.770289 16.876404
v 15.902245 72.600791 17.280514
v 29.208448 104.427508 28.554358
v 29.250840 104.282224 28.900738
v 28.925176 104.447849 28.803811
v 29.250840 104.282224 28.900738
v 29.208448 104.427508 28.554358
v 15.902245 72.600791 17.280514
v 16.282187 72.407562 17.393596
v 28.882784 104.593133 28.457430
v 29.208448 104.427508 28.554358
v 28.925176 104.447849 28.803811
v 29.208448 104.427508 28.554358
v 28.882784 104.593133 28.457430
v 16.282187 72.407562 17.393596
v 16.612671 72.383830 17.102567
v 28.599511 104.613475 28.706884
v 28.882784 104.593133 28.457430
v 28.925176 104.447849 28.803811
v 28.882784 104.593133 28.457430
v 28.599511 104.613475 28.706884
v 16.612671 72.383830 17.102567
v 16.563214 72.553328 16.698457
v 28.641903 104.468191 29.053264
v 28.599511 104.613475 28.706884
v 28.925176 104.447849 28.803811
v 28.599511 104.613475 28.706884
v 28.641903 104.468191 29.053264
v 16.563214 72.553328 16.698457
v 16.183272 72.746558 16.585375
v 28.967568 104.302566 29.150192
v 28.641903 104.468191 29.053264
v 28.925176 104.447849 28.803811
v 28.641903 104.468191 29.053264
v 28.967568 104.302566 29.150192
v 4.893010 44.653298 5.416787
v 3.808709 44.310657 5.959453
v 1.042977 72.878519 17.520313
v 1.422483 72.998444 17.330380
v 4.893010 44.196198 6.590951
v 3.808709 44.310657 5.959453
v 4.893010 44.653298 5.416787
v 3.808709 44.310657 5.959453
v 3.808709 43.853557 7.133616
v 1.042977 72.718534 17.931271
v 1.042977 72.878519 17.520313
v 4.893010 44.196198 6.590951
v 3.808709 43.853557 7.133616
v 3.808709 44.310657 5.959453
v 3.808709 43.853557 7.133616
v 4.893010 43.739098 7.765114
v 1.422483 72.678474 18.152295
v 1.042977 72.718534 17.931271
v 4.893010 44.196198 6.590951
v 4.893010 43.739098 7.765114
v 3.808709 43.853557 7.133616
v 4.893010 43.739098 7.765114
v 5.977312 44.081740 7.222448
v 1.801988 72.798399 17.962362
v 1.422483 72.678474 18.152295
v 4.893010 44.196198 6.590951
v 5.977312 44.081740 7.222448
v 4.893010 43.739098 7.765114
v 5.977312 44.081740 7.222448
v 5.977312 44.538840 6.048285
v 1.801988 72.958384 17.551405
v 1.801988 72.798399 17.962362
v 4.893010 44.196198 6.590951
v 5.977312 44.538840 6.048285
v 5.977312 44.081740 7.222448
v 5.977312 44.538840 6.048285
v 4.893010 44.653298 5.416787
v 1.422483 72.998444 17.330380
v 1.801988 72.958384 17.551405
v 4.893010 44.196198 6.590951
v 4.893010 44.653298 5.416787
v 5.977312 44.538840 6.048285
v 1.369928 72.991140 17.330963
v 1.018748 72.864766 17.565874
v -1.583447 105.605688 30.520567
v -1.884458 105.497366 30.721919
v -1.929505 105.628236 30.370169
v -1.884458 105.497366 30.721919
v -1.583447 105.605688 30.520567
v 1.018748 72.864766 17.565874
v 1.071303 72.712084 17.976248
v -1.628493 105.736558 30.168817
v -1.583447 105.605688 30.520567
v -1.929505 105.628236 30.370169
v -1.583447 105.605688 30.520567
v -1.628493 105.736558 30.168817
v 1.071303 72.712084 17.976248
v 1.475037 72.685777 18.151712
v -1.974551 105.759106 30.018420
v -1.628493 105.736558 30.168817
v -1.929505 105.628236 30.370169
v -1.628493 105.736558 30.168817
v -1.974551 105.759106 30.018420
v 1.475037 72.685777 18.151712
v 1.826217 72.812152 17.916801
v -2.275563 105.650785 30.219772
v -1.974551 105.759106 30.018420
v -1.929505 105.628236 30.370169
v -1.974551 105.759106 30.018420
v -2.275563 105.650785 30.219772
v 1.826217 72.812152 17.916801
v 1.773663 72.964834 17.506427
v -2.230516 105.519915 30.571522
v -2.275563 105.650785 30.219772
v -1.929505 105.628236 30.370169
v -2.275563 105.650785 30.219772
v -2.230516 105.519915 30.571522
v 1.773663 72.964834 17.506427
v 1.369928 72.991140 17.330963
v -1.884458 105.497366 30.721919
v -2.230516 105.519915 30.571522
v -1.929505 105.628236 30.370169
v -2.230516 105.519915 30.571522
v -1.884458 105.497366 30.721919
v -3.080124 -0.154110 -5.697445
v -7.018676 -0.217673 -3.797002
v -5.515167 39.791158 -2.837708
v -4.311721 39.810580 -3.418399
v -3.080124 0.000000 -0.659802
v -7.018676 -0.217673 -3.797002
v -3.080124 -0.154110 -5.697445
v -7.018676 -0.217673 -3.797002
v -7.991418 -0.117324 0.465817
v -5.812394 39.821820 -1.535180
v -5.515167 39.791158 -2.837708
v -3.080124 0.000000 -0.659802
v -7.991418 -0.117324 0.465817
v -7.018676 -0.217673 -3.797002
v -7.991418 -0.117324 0.465817
v -5.265855 0.071373 3.881022
v -4.979583 39.879478 -0.491645
v -5.812394 39.821820 -1.535180
v -3.080124 0.000000 -0.659802
v -5.265855 0.071373 3.881022
v -7.991418 -0.117324 0.465817
v -5.265855 0.071373 3.881022
v -0.894392 0.206324 3.876894
v -3.643858 39.920713 -0.492906
v -4.979583 39.879478 -0.491645
v -3.080124 0.000000 -0.659802
v -0.894392 0.206324 3.876894
v -5.265855 0.071373 3.881022
v -0.894392 0.206324 3.876894
v 1.831171 0.185909 0.456541
v -2.811047 39.914475 -1.538014
v -3.643858 39.920713 -0.492906
v -3.080124 0.000000 -0.659802
v 1.831171 0.185909 0.456541
v -0.894392 0.206324 3.876894
v 1.831171 0.185909 0.456541
v 0.858429 0.025501 -3.804441
v -3.108274 39.865461 -2.839981
v -2.811047 39.914475 -1.538014
v -3.080124 0.000000 -0.659802
v 0.858429 0.025501 -3.804441
v 1.831171 0.185909 0.456541
v 0.858429 0.025501 -3.804441
v -3.080124 -0.154110 -5.697445
v -4.311721 39.810580 -3.418399
v -3.108274 39.865461 -2.839981
v -3.080124 0.000000 -0.659802
v -3.080124 -0.154110 -5.697445
v 0.858429 0.025501 -3.804441
v -4.494037 39.730405 -3.402984
v -5.607524 39.610769 -2.673809
v -9.697428 86.961344 -3.933626
v -11.114594 86.809081 -3.005585
v -11.346633 86.647107 -4.945049
v -11.114594 86.809081 -3.005585
v -9.697428 86.961344 -3.933626
v -5.607524 39.610769 -2.673809
v -5.745245 39.677054 -1.346216
v -9.522147 86.876981 -5.623289
v -9.697428 86.961344 -3.933626
v -11.346633 86.647107 -4.945049
v -9.697428 86.961344 -3.933626
v -9.522147 86.876981 -5.623289
v -5.745245 39.677054 -1.346216
v -4.803493 39.879346 -0.419910
v -10.720741 86.619518 -6.802224
v -9.522147 86.876981 -5.623289
v -11.346633 86.647107 -4.945049
v -9.522147 86.876981 -5.623289
v -10.720741 86.619518 -6.802224
v -4.803493 39.879346 -0.419910
v -3.491426 40.065315 -0.592418
v -12.390645 86.382831 -6.582669
v -10.720741 86.619518 -6.802224
v -11.346633 86.647107 -4.945049
v -10.720741 86.619518 -6.802224
v -12.390645 86.382831 -6.582669
v -3.491426 40.065315 -0.592418
v -2.797057 40.094923 -1.733838
v -13.274386 86.345149 -5.129953
v -12.390645 86.382831 -6.582669
v -11.346633 86.647107 -4.945049
v -12.390645 86.382831 -6.582669
v -13.274386 86.345149 -5.129953
v -2.797057 40.094923 -1.733838
v -3.243261 39.945873 -2.984657
v -12.706490 86.534848 -3.538001
v -13.274386 86.345149 -5.129953
v -11.346633 86.647107 -4.945049
v -13.274386 86.345149 -5.129953
v -12.706490 86.534848 -3.538001
v -3.243261 39.945873 -2.984657
v -4.494037 39.730405 -3.402984
v -11.114594 86.809081 -3.005585
v -12.706490 86.534848 -3.538001
v -11.346633 86.647107 -4.945049
v -12.706490 86.534848 -3.538001
v -11.114594 86.809081 -3.005585
v -4.311721 40.072630 -3.120647
v -5.329012 39.576199 -2.567227
v -15.178532 66.449634 2.501292
v -14.822480 66.623385 2.307595
v -4.311721 39.857669 -1.879119
v -5.329012 39.576199 -2.567227
v -4.311721 40.072630 -3.120647
v -5.329012 39.576199 -2.567227
v -5.329012 39.361238 -1.325699
v -15.178532 66.374397 2.935827
v -15.178532 66.449634 2.501292
v -4.311721 39.857669 -1.879119
v -5.329012 39.361238 -1.325699
v -5.329012 39.576199 -2.567227
v -5.329012 39.361238 -1.325699
v -4.311721 39.642709 -0.637591
v -14.822480 66.472912 3.176664
v -15.178532 66.374397 2.935827
v -4.311721 39.857669 -1.879119
v -4.311721 39.642709 -0.637591
v -5.329012 39.361238 -1.325699
v -4.311721 39.642709 -0.637591
v -3.294429 40.139140 -1.191011
v -14.466428 66.646663 2.982967
v -14.822480 66.472912 3.176664
v -4.311721 39.857669 -1.879119
v -3.294429 40.139140 -1.191011
v -4.311721 39.642709 -0.637591
v -3.294429 40.139140 -1.191011
v -3.294429 40.354101 -2.432539
v -14.466428 66.721899 2.548433
v -14.466428 66.646663 2.982967
v -4.311721 39.857669 -1.879119
v -3.294429 40.354101 -2.432539
v -3.294429 40.139140 -1.191011
v -3.294429 40.354101 -2.432539
v -4.311721 40.072630 -3.120647
v -14.822480 66.623385 2.307595
v -14.466428 66.721899 2.548433
v -4.311721 39.857669 -1.879119
v -4.311721 40.072630 -3.120647
v -3.294429 40.354101 -2.432539
v -14.871820 66.598404 2.306790
v -15.201523 66.432896 2.548418
v -26.243552 97.125956 7.757927
v -26.526154 96.984092 7.965037
v -26.568446 97.027168 7.591889
v -26.526154 96.984092 7.965037
v -26.243552 97.125956 7.757927
v -15.201523 66.432896 2.548418
v -15.152183 66.382640 2.983758
v -26.285843 97.169032 7.384779
v -26.243552 97.125956 7.757927
v -26.568446 97.027168 7.591889
v -26.243552 97.125956 7.757927
v -26.285843 97.169032 7.384779
v -15.152183 66.382640 2.983758
v -14.773139 66.497893 3.177470
v -26.610738 97.070244 7.218740
v -26.285843 97.169032 7.384779
v -26.568446 97.027168 7.591889
v -26.285843 97.169032 7.384779
v -26.610738 97.070244 7.218740
v -14.773139 66.497893 3.177470
v -14.443437 66.663400 2.935841
v -26.893340 96.928380 7.425850
v -26.610738 97.070244 7.218740
v -26.568446 97.027168 7.591889
v -26.610738 97.070244 7.218740
v -26.893340 96.928380 7.425850
v -14.443437 66.663400 2.935841
v -14.492777 66.713656 2.500501
v -26.851048 96.885304 7.798999
v -26.893340 96.928380 7.425850
v -26.568446 97.027168 7.591889
v -26.893340 96.928380 7.425850
v -26.851048 96.885304 7.798999
v -14.492777 66.713656 2.500501
v -14.871820 66.598404 2.306790
v -26.526154 96.984092 7.965037
v -26.851048 96.885304 7.798999
v -26.568446 97.027168 7.591889
v -26.851048 96.885304 7.798999
v -26.526154 96.984092 7.965037
v -4.311721 39.413152 -3.058103
v -5.366655 39.374396 -2.370199
v -12.085544 65.890659 -11.930108
v -11.716317 65.904224 -12.170875
v -4.311721 39.857669 -1.879119
v -5.366655 39.374396 -2.370199
v -4.311721 39.413152 -3.058103
v -5.366655 39.374396 -2.370199
v -5.366655 39.818914 -1.191215
v -12.085544 66.046241 -11.517464
v -12.085544 65.890659 -11.930108
v -4.311721 39.857669 -1.879119
v -5.366655 39.818914 -1.191215
v -5.366655 39.374396 -2.370199
v -5.366655 39.818914 -1.191215
v -4.311721 40.302187 -0.700134
v -11.716317 66.215386 -11.345586
v -12.085544 66.046241 -11.517464
v -4.311721 39.857669 -1.879119
v -4.311721 40.302187 -0.700134
v -5.366655 39.818914 -1.191215
v -4.311721 40.302187 -0.700134
v -3.256786 40.340943 -1.388038
v -11.347090 66.228951 -11.586352
v -11.716317 66.215386 -11.345586
v -4.311721 39.857669 -1.879119
v -3.256786 40.340943 -1.388038
v -4.311721 40.302187 -0.700134
v -3.256786 40.340943 -1.388038
v -3.256786 39.896425 -2.567022
v -11.347090 66.073370 -11.998997
v -11.347090 66.228951 -11.586352
v -4.311721 39.857669 -1.879119
v -3.256786 39.896425 -2.567022
v -3.256786 40.340943 -1.388038
v -3.256786 39.896425 -2.567022
v -4.311721 39.413152 -3.058103
v -11.716317 65.904224 -12.170875
v -11.347090 66.073370 -11.998997
v -4.311721 39.857669 -1.879119
v -4.311721 39.413152 -3.058103
v -3.256786 39.896425 -2.567022
v -11.767354 65.897020 -12.164896
v -12.108392 65.902976 -11.885364
v -19.761209 95.949485 -22.508223
v -20.053527 95.954590 -22.268623
v -20.097273 95.815060 -22.617194
v -20.053527 95.954590 -22.268623
v -19.761209 95.949485 -22.508223
v -12.108392 65.902976 -11.885364
v -12.057355 66.065761 -11.478697
v -19.804955 95.809955 -22.856794
v -19.761209 95.949485 -22.508223
v -20.097273 95.815060 -22.617194
v -19.761209 95.949485 -22.508223
v -19.804955 95.809955 -22.856794
v -12.057355 66.065761 -11.478697
v -11.665280 66.222590 -11.351564
v -20.141019 95.675530 -22.965765
v -19.804955 95.809955 -22.856794
v -20.097273 95.815060 -22.617194
v -19.804955 95.809955 -22.856794
v -20.141019 95.675530 -22.965765
v -11.665280 66.222590 -11.351564
v -11.324242 66.216635 -11.631097
v -20.433337 95.680634 -22.726166
v -20.141019 95.675530 -22.965765
v -20.097273 95.815060 -22.617194
v -20.141019 95.675530 -22.965765
v -20.433337 95.680634 -22.726166
v -11.324242 66.216635 -11.631097
v -11.375279 66.053850 -12.037763
v -20.389591 95.820164 -22.377595
v -20.433337 95.680634 -22.726166
v -20.097273 95.815060 -22.617194
v -20.433337 95.680634 -22.726166
v -20.389591 95.820164 -22.377595
v -11.375279 66.053850 -12.037763
v -11.767354 65.897020 -12.164896
v -20.053527 95.954590 -22.268623
v -20.389591 95.820164 -22.377595
v -20.097273 95.815060 -22.617194
v -20.389591 95.820164 -22.377595
v -20.053527 95.954590 -22.268623
v 0.222601 -0.834754 -8.112516
v -3.691078 -0.068408 -6.317033
v 3.792296 40.105349 -10.851250
v 4.988142 39.871187 -11.399870
v 0.222601 0.000000 -3.142125
v -3.691078 -0.068408 -6.317033
v 0.222601 -0.834754 -8.112516
v -3.691078 -0.068408 -6.317033
v -4.657676 0.749450 -2.130780
v 3.496946 40.355250 -9.572117
v 3.792296 40.105349 -10.851250
v 0.222601 0.000000 -3.142125
v -4.657676 0.749450 -2.130780
v -3.691078 -0.068408 -6.317033
v -4.657676 0.749450 -2.130780
v -1.949327 1.002957 1.293910
v 4.324497 40.432710 -8.525684
v 3.496946 40.355250 -9.572117
v 0.222601 0.000000 -3.142125
v -1.949327 1.002957 1.293910
v -4.657676 0.749450 -2.130780
v -1.949327 1.002957 1.293910
v 2.394528 0.501217 1.378175
v 5.651786 40.279401 -8.499936
v 4.324497 40.432710 -8.525684
v 0.222601 0.000000 -3.142125
v 2.394528 0.501217 1.378175
v -1.949327 1.002957 1.293910
v 2.394528 0.501217 1.378175
v 5.102878 -0.377950 -1.941438
v 6.479338 40.010766 -9.514263
v 5.651786 40.279401 -8.499936
v 0.222601 0.000000 -3.142125
v 5.102878 -0.377950 -1.941438
v 2.394528 0.501217 1.378175
v 5.102878 -0.377950 -1.941438
v 4.136279 -0.972513 -6.165193
v 6.183988 39.829094 -10.804854
v 6.479338 40.010766 -9.514263
v 0.222601 0.000000 -3.142125
v 4.136279 -0.972513 -6.165193
v 5.102878 -0.377950 -1.941438
v 4.136279 -0.972513 -6.165193
v 0.222601 -0.834754 -8.112516
v 4.988142 39.871187 -11.399870
v 6.183988 39.829094 -10.804854
v 0.222601 0.000000 -3.142125
v 0.222601 -0.834754 -8.112516
v 4.136279 -0.972513 -6.165193
v 4.806200 39.659301 -11.337317
v 3.694999 40.064238 -10.715126
v 14.772508 87.309906 -24.941559
v 13.358252 87.825280 -24.149680
v 13.126689 87.230980 -26.002997
v 13.358252 87.825280 -24.149680
v 14.772508 87.309906 -24.941559
v 3.694999 40.064238 -10.715126
v 3.557561 40.515872 -9.464926
v 14.947429 86.735100 -26.532723
v 14.772508 87.309906 -24.941559
v 13.126689 87.230980 -26.002997
v 14.772508 87.309906 -24.941559
v 14.947429 86.735100 -26.532723
v 3.557561 40.515872 -9.464926
v 4.497379 40.674113 -8.528143
v 13.751296 86.533701 -27.724993
v 14.947429 86.735100 -26.532723
v 13.126689 87.230980 -26.002997
v 14.947429 86.735100 -26.532723
v 13.751296 86.533701 -27.724993
v 4.497379 40.674113 -8.528143
v 5.806752 40.419803 -8.610193
v 12.084821 86.857368 -27.620565
v 13.751296 86.533701 -27.724993
v 13.126689 87.230980 -26.002997
v 13.751296 86.533701 -27.724993
v 12.084821 86.857368 -27.620565
v 5.806752 40.419803 -8.610193
v 6.499695 39.944443 -9.649292
v 11.202894 87.462373 -26.298076
v 12.084821 86.857368 -27.620565
v 13.126689 87.230980 -26.002997
v 12.084821 86.857368 -27.620565
v 11.202894 87.462373 -26.298076
v 6.499695 39.944443 -9.649292
v 6.054407 39.605987 -10.862976
v 11.769624 87.893134 -24.753387
v 11.202894 87.462373 -26.298076
v 13.126689 87.230980 -26.002997
v 11.202894 87.462373 -26.298076
v 11.769624 87.893134 -24.753387
v 6.054407 39.605987 -10.862976
v 4.806200 39.659301 -11.337317
v 13.358252 87.825280 -24.149680
v 11.769624 87.893134 -24.753387
v 13.126689 87.230980 -26.002997
v 11.769624 87.893134 -24.753387
v 13.358252 87.825280 -24.149680
v 4.988142 39.497903 -10.973283
v 3.904574 39.700465 -10.362997
v 1.335546 63.852791 -23.786208
v 1.714795 63.781894 -23.999809
v 4.988142 40.126251 -9.881139
v 3.904574 39.700465 -10.362997
v 4.988142 39.497903 -10.973283
v 3.904574 39.700465 -10.362997
v 3.904574 40.328812 -9.270852
v 1.335546 64.072712 -23.403958
v 1.335546 63.852791 -23.786208
v 4.988142 40.126251 -9.881139
v 3.904574 40.328812 -9.270852
v 3.904574 39.700465 -10.362997
v 3.904574 40.328812 -9.270852
v 4.988142 40.754599 -8.788995
v 1.714795 64.221737 -23.235308
v 1.335546 64.072712 -23.403958
v 4.988142 40.126251 -9.881139
v 4.988142 40.754599 -8.788995
v 3.904574 40.328812 -9.270852
v 4.988142 40.754599 -8.788995
v 6.071710 40.552037 -9.399281
v 2.094043 64.150841 -23.448908
v 1.714795 64.221737 -23.235308
v 4.988142 40.126251 -9.881139
v 6.071710 40.552037 -9.399281
v 4.988142 40.754599 -8.788995
v 6.071710 40.552037 -9.399281
v 6.071710 39.923690 -10.491426
v 2.094043 63.930919 -23.831158
v 2.094043 64.150841 -23.448908
v 4.988142 40.126251 -9.881139
v 6.071710 39.923690 -10.491426
v 6.071710 40.552037 -9.399281
v 6.071710 39.923690 -10.491426
v 4.988142 39.497903 -10.973283
v 1.714795 63.781894 -23.999809
v 2.094043 63.930919 -23.831158
v 4.988142 40.126251 -9.881139
v 4.988142 39.497903 -10.973283
v 6.071710 39.923690 -10.491426
v 1.662271 63.774529 -23.991808
v 1.311296 63.878497 -23.745864
v -1.069797 90.689973 -39.212130
v -1.370633 90.779089 -39.001321
v -1.415653 90.584271 -39.322107
v -1.370633 90.779089 -39.001321
v -1.069797 90.689973 -39.212130
v 1.311296 63.878497 -23.745864
v 1.363820 64.105784 -23.371614
v -1.114818 90.495156 -39.532916
v -1.069797 90.689973 -39.212130
v -1.415653 90.584271 -39.322107
v -1.069797 90.689973 -39.212130
v -1.114818 90.495156 -39.532916
v 1.363820 64.105784 -23.371614
v 1.767318 64.229103 -23.243308
v -1.460674 90.389454 -39.642892
v -1.114818 90.495156 -39.532916
v -1.415653 90.584271 -39.322107
v -1.114818 90.495156 -39.532916
v -1.460674 90.389454 -39.642892
v 1.767318 64.229103 -23.243308
v 2.118293 64.125135 -23.489252
v -1.761509 90.478570 -39.432083
v -1.460674 90.389454 -39.642892
v -1.415653 90.584271 -39.322107
v -1.460674 90.389454 -39.642892
v -1.761509 90.478570 -39.432083
v 2.118293 64.125135 -23.489252
v 2.065769 63.897848 -23.863502
v -1.716489 90.673387 -39.111298
v -1.761509 90.478570 -39.432083
v -1.415653 90.584271 -39.322107
v -1.761509 90.478570 -39.432083
v -1.716489 90.673387 -39.111298
v 2.065769 63.897848 -23.863502
v 1.662271 63.774529 -23.991808
v -1.370633 90.779089 -39.001321
v -1.716489 90.673387 -39.111298
v -1.415653 90.584271 -39.322107
v -1.716489 90.673387 -39.111298
v -1.370633 90.779089 -39.001321
v 4.988142 39.571821 -11.012602
v 3.974808 40.212532 -10.624988
v 16.152372 66.050687 -22.829963
v 16.507039 65.826438 -22.965628
v 4.988142 40.126251 -9.881139
v 3.974808 40.212532 -10.624988
v 4.988142 39.571821 -11.012602
v 3.974808 40.212532 -10.624988
v 3.974808 40.766962 -9.493525
v 16.152372 66.244737 -22.433951
v 16.152372 66.050687 -22.829963
v 4.988142 40.126251 -9.881139
v 3.974808 40.766962 -9.493525
v 3.974808 40.212532 -10.624988
v 3.974808 40.766962 -9.493525
v 4.988142 40.680681 -8.749676
v 16.507039 66.214539 -22.173604
v 16.152372 66.244737 -22.433951
v 4.988142 40.126251 -9.881139
v 4.988142 40.680681 -8.749676
v 3.974808 40.766962 -9.493525
v 4.988142 40.680681 -8.749676
v 6.001475 40.039970 -9.137291
v 16.861706 65.990290 -22.309269
v 16.507039 66.214539 -22.173604
v 4.988142 40.126251 -9.881139
v 6.001475 40.039970 -9.137291
v 4.988142 40.680681 -8.749676
v 6.001475 40.039970 -9.137291
v 6.001475 39.485540 -10.268753
v 16.861706 65.796240 -22.705281
v 16.861706 65.990290 -22.309269
v 4.988142 40.126251 -9.881139
v 6.001475 39.485540 -10.268753
v 6.001475 40.039970 -9.137291
v 6.001475 39.485540 -10.268753
v 4.988142 39.571821 -11.012602
v 16.507039 65.826438 -22.965628
v 16.861706 65.796240 -22.705281
v 4.988142 40.126251 -9.881139
v 4.988142 39.571821 -11.012602
v 6.001475 39.485540 -10.268753
v 16.458079 65.838527 -22.968331
v 16.130916 66.076596 -22.792920
v 29.723914 94.427278 -36.947490
v 29.443489 94.631336 -36.797137
v 29.401523 94.475370 -37.138894
v 29.443489 94.631336 -36.797137
v 29.723914 94.427278 -36.947490
v 16.130916 66.076596 -22.792920
v 16.179877 66.258557 -22.394204
v 29.681948 94.271311 -37.289246
v 29.723914 94.427278 -36.947490
v 29.401523 94.475370 -37.138894
v 29.723914 94.427278 -36.947490
v 29.681948 94.271311 -37.289246
v 16.179877 66.258557 -22.394204
v 16.555999 66.202449 -22.170900
v 29.359557 94.319403 -37.480650
v 29.681948 94.271311 -37.289246
v 29.401523 94.475370 -37.138894
v 29.681948 94.271311 -37.289246
v 29.359557 94.319403 -37.480650
v 16.555999 66.202449 -22.170900
v 16.883162 65.964381 -22.346312
v 29.079132 94.523462 -37.330297
v 29.359557 94.319403 -37.480650
v 29.401523 94.475370 -37.138894
v 29.359557 94.319403 -37.480650
v 29.079132 94.523462 -37.330297
v 16.883162 65.964381 -22.346312
v 16.834202 65.782420 -22.745027
v 29.121098 94.679428 -36.988541
v 29.079132 94.523462 -37.330297
v 29.401523 94.475370 -37.138894
v 29.079132 94.523462 -37.330297
v 29.121098 94.679428 -36.988541
v 16.834202 65.782420 -22.745027
v 16.458079 65.838527 -22.968331
v 29.443489 94.631336 -36.797137
v 29.121098 94.679428 -36.988541
v 29.401523 94.475370 -37.138894
v 29.121098 94.679428 -36.988541
v 29.443489 94.631336 -36.797137
v 27.701624 72.261673 4.084788
v 35.293653 75.445910 10.765773
v 41.021135 76.959711 4.084788
v 41.021135 76.959711 4.084788
v 35.293653 75.445910 10.765773
v 42.195822 83.486519 16.839682
v 45.618030 83.486519 4.084788
v 45.618030 83.486519 4.084788
v 42.195822 83.486519 16.839682
v 36.130446 91.603059 11.502151
v 41.849665 90.005025 4.084788
v 27.701624 94.711365 4.084788
v 41.849665 90.005025 4.084788
v 36.130446 91.603059 11.502151
v 27.701624 72.261673 4.084788
v 27.701624 76.823304 16.346539
v 35.293653 75.445910 10.765773
v 35.293653 75.445910 10.765773
v 27.701624 76.823304 16.346539
v 27.701624 83.486519 22.171294
v 42.195822 83.486519 16.839682
v 42.195822 83.486519 16.839682
v 27.701624 83.486519 22.171294
v 27.701624 91.357460 14.003551
v 36.130446 91.603059 11.502151
v 27.701624 94.711365 4.084788
v 36.130446 91.603059 11.502151
v 27.701624 91.357460 14.003551
v 27.701624 72.261673 4.084788
v 17.807769 74.684410 12.791380
v 27.701624 76.823304 16.346539
v 27.701624 76.823304 16.346539
v 17.807769 74.684410 12.791380
v 15.016865 83.486519 15.247376
v 27.701624 83.486519 22.171294
v 27.701624 83.486519 22.171294
v 15.016865 83.486519 15.247376
v 18.521892 91.906785 12.162952
v 27.701624 91.357460 14.003551
v 27.701624 94.711365 4.084788
v 27.701624 91.357460 14.003551
v 18.521892 91.906785 12.162952
v 27.701624 72.261673 4.084788
v 16.125234 75.016661 4.084788
v 17.807769 74.684410 12.791380
v 17.807769 74.684410 12.791380
v 16.125234 75.016661 4.084788
v 11.739307 83.486519 4.084788
v 15.016865 83.486519 15.247376
v 15.016865 83.486519 15.247376
v 11.739307 83.486519 4.084788
v 16.857444 91.491948 4.084788
v 18.521892 91.906785 12.162952
v 27.701624 94.711365 4.084788
v 18.521892 91.906785 12.162952
v 16.857444 91.491948 4.084788
v 27.701624 72.261673 4.084788
v 19.746741 76.390431 -2.915509
v 16.125234 75.016661 4.084788
v 16.125234 75.016661 4.084788
v 19.746741 76.390431 -2.915509
v 14.604484 83.486519 -7.440696
v 11.739307 83.486519 4.084788
v 11.739307 83.486519 4.084788
v 14.604484 83.486519 -7.440696
v 17.485571 92.809676 -4.905339
v 16.857444 91.491948 4.084788
v 27.701624 94.711365 4.084788
v 16.857444 91.491948 4.084788
v 17.485571 92.809676 -4.905339
v 27.701624 72.261673 4.084788
v 27.701624 76.952870 -6.690626
v 19.746741 76.390431 -2.915509
v 19.746741 76.390431 -2.915509
v 27.701624 76.952870 -6.690626
v 27.701624 83.486519 -9.274764
v 14.604484 83.486519 -7.440696
v 14.604484 83.486519 -7.440696
v 27.701624 83.486519 -9.274764
v 27.701624 91.314914 -5.912006
v 17.485571 92.809676 -4.905339
v 27.701624 94.711365 4.084788
v 17.485571 92.809676 -4.905339
v 27.701624 91.314914 -5.912006
v 27.701624 72.261673 4.084788
v 38.073139 76.859556 -5.042145
v 27.701624 76.952870 -6.690626
v 27.701624 76.952870 -6.690626
v 38.073139 76.859556 -5.042145
v 39.468157 83.486519 -6.269761
v 27.701624 83.486519 -9.274764
v 27.701624 83.486519 -9.274764
v 39.468157 83.486519 -6.269761
v 38.311679 90.834197 -5.252061
v 27.701624 91.314914 -5.912006
v 27.701624 94.711365 4.084788
v 27.701624 91.314914 -5.912006
v 38.311679 90.834197 -5.252061
v 27.701624 72.261673 4.084788
v 41.021135 76.959711 4.084788
v 38.073139 76.859556 -5.042145
v 38.073139 76.859556 -5.042145
v 41.021135 76.959711 4.084788
v 45.618030 83.486519 4.084788
v 39.468157 83.486519 -6.269761
v 39.468157 83.486519 -6.269761
v 45.618030 83.486519 4.084788
v 41.849665 90.005025 4.084788
v 38.311679 90.834197 -5.252061
v 27.701624 94.711365 4.084788
v 38.311679 90.834197 -5.252061
v 41.849665 90.005025 4.084788
v 43.774267 74.512731 -7.340996
v 53.447752 76.718123 1.171670
v 58.005146 77.066821 -7.340996
v 58.005146 77.066821 -7.340996
v 53.447752 76.718123 1.171670
v 55.843994 85.423322 3.280363
v 62.694684 85.423322 -7.340996
v 62.694684 85.423322 -7.340996
v 55.843994 85.423322 3.280363
v 52.666257 92.257785 0.483955
v 56.200478 93.624923 -7.340996
v 43.774267 96.333913 -7.340996
v 56.200478 93.624923 -7.340996
v 52.666257 92.257785 0.483955
v 43.774267 74.512731 -7.340996
v 43.774267 77.718005 5.114339
v 53.447752 76.718123 1.171670
v 53.447752 76.718123 1.171670
v 43.774267 77.718005 5.114339
v 43.774267 85.423322 7.629237
v 55.843994 85.423322 3.280363
v 55.843994 85.423322 3.280363
v 43.774267 85.423322 7.629237
v 43.774267 92.159393 1.739805
v 52.666257 92.257785 0.483955
v 43.774267 96.333913 -7.340996
v 52.666257 92.257785 0.483955
v 43.774267 92.159393 1.739805
v 43.774267 74.512731 -7.340996
v 33.861489 76.892770 1.382249
v 43.774267 77.718005 5.114339
v 43.774267 77.718005 5.114339
v 33.861489 76.892770 1.382249
v 33.167474 85.423322 1.992982
v 43.774267 85.423322 7.629237
v 43.774267 85.423322 7.629237
v 33.167474 85.423322 1.992982
v 35.955976 93.450938 -0.460900
v 43.774267 92.159393 1.739805
v 43.774267 96.333913 -7.340996
v 43.774267 92.159393 1.739805
v 35.955976 93.450938 -0.460900
v 43.774267 74.512731 -7.340996
v 31.586314 78.205192 -7.340996
v 33.861489 76.892770 1.382249
v 33.861489 76.892770 1.382249
v 31.586314 78.205192 -7.340996
v 25.016438 85.423322 -7.340996
v 33.167474 85.423322 1.992982
v 33.167474 85.423322 1.992982
v 25.016438 85.423322 -7.340996
v 31.443712 92.321976 -7.340996
v 35.955976 93.450938 -0.460900
v 43.774267 96.333913 -7.340996
v 35.955976 93.450938 -0.460900
v 31.443712 92.321976 -7.340996
v 43.774267 74.512731 -7.340996
v 36.168963 77.293936 -14.033664
v 31.586314 78.205192 -7.340996
v 31.586314 78.205192 -7.340996
v 36.168963 77.293936 -14.033664
v 31.657456 85.423322 -18.003790
v 25.016438 85.423322 -7.340996
v 25.016438 85.423322 -7.340996
v 31.657456 85.423322 -18.003790
v 35.720980 91.762083 -14.427889
v 31.443712 92.321976 -7.340996
v 43.774267 96.333913 -7.340996
v 31.443712 92.321976 -7.340996
v 35.720980 91.762083 -14.427889
v 43.774267 74.512731 -7.340996
v 43.774267 78.642473 -17.638027
v 36.168963 77.293936 -14.033664
v 36.168963 77.293936 -14.033664
v 43.774267 78.642473 -17.638027
v 43.774267 85.423322 -20.727670
v 31.657456 85.423322 -18.003790
v 31.657456 85.423322 -18.003790
v 43.774267 85.423322 -20.727670
v 43.774267 92.831335 -17.341551
v 35.720980 91.762083 -14.427889
v 43.774267 96.333913 -7.340996
v 35.720980 91.762083 -14.427889
v 43.774267 92.831335 -17.341551
v 43.774267 74.512731 -7.340996
v 54.073618 76.686253 -16.404425
v 43.774267 78.642473 -17.638027
v 43.774267 78.642473 -17.638027
v 54.073618 76.686253 -16.404425
v 58.112879 85.423322 -19.958975
v 43.774267 85.423322 -20.727670
v 43.774267 85.423322 -20.727670
v 58.112879 85.423322 -19.958975
v 52.354034 92.172816 -14.891190
v 43.774267 92.831335 -17.341551
v 43.774267 96.333913 -7.340996
v 43.774267 92.831335 -17.341551
v 52.354034 92.172816 -14.891190
v 43.774267 74.512731 -7.340996
v 58.005146 77.066821 -7.340996
v 54.073618 76.686253 -16.404425
v 54.073618 76.686253 -16.404425
v 58.005146 77.066821 -7.340996
v 62.694684 85.423322 -7.340996
v 58.112879 85.423322 -19.958975
v 58.112879 85.423322 -19.958975
v 62.694684 85.423322 -7.340996
v 56.200478 93.624923 -7.340996
v 52.354034 92.172816 -14.891190
v 43.774267 96.333913 -7.340996
v 52.354034 92.172816 -14.891190
v 56.200478 93.624923 -7.340996
v 35.176858 70.280155 22.333055
v 45.384686 74.994086 31.315943
v 48.662237 72.868621 22.333055
v 48.662237 72.868621 22.333055
v 45.384686 74.994086 31.315943
v 48.294107 83.560969 33.876234
v 53.963575 83.560969 22.333055
v 53.963575 83.560969 22.333055
v 48.294107 83.560969 33.876234
v 47.268806 94.327237 32.973969
v 47.916337 92.657885 22.333055
v 35.176858 96.841784 22.333055
v 47.916337 92.657885 22.333055
v 47.268806 94.327237 32.973969
v 35.176858 70.280155 22.333055
v 35.176858 75.468319 34.194196
v 45.384686 74.994086 31.315943
v 45.384686 74.994086 31.315943
v 35.176858 75.468319 34.194196
v 35.176858 83.560969 38.208731
v 48.294107 83.560969 33.876234
v 48.294107 83.560969 33.876234
v 35.176858 83.560969 38.208731
v 35.176858 92.162330 36.225158
v 47.268806 94.327237 32.973969
v 35.176858 96.841784 22.333055
v 47.268806 94.327237 32.973969
v 35.176858 92.162330 36.225158
v 35.176858 70.280155 22.333055
v 22.963633 74.231852 33.080694
v 35.176858 75.468319 34.194196
v 35.176858 75.468319 34.194196
v 22.963633 74.231852 33.080694
v 20.175771 83.560969 35.534013
v 35.176858 83.560969 38.208731
v 35.176858 83.560969 38.208731
v 20.175771 83.560969 35.534013
v 24.536378 92.960740 31.696678
v 35.176858 92.162330 36.225158
v 35.176858 96.841784 22.333055
v 35.176858 92.162330 36.225158
v 24.536378 92.960740 31.696678
v 35.176858 70.280155 22.333055
v 21.848473 72.986062 22.333055
v 22.963633 74.231852 33.080694
v 22.963633 74.231852 33.080694
v 21.848473 72.986062 22.333055
v 12.373235 83.560969 22.333055
v 20.175771 83.560969 35.534013
v 20.175771 83.560969 35.534013
v 12.373235 83.560969 22.333055
v 18.797563 91.519620 22.333055
v 24.536378 92.960740 31.696678
v 35.176858 96.841784 22.333055
v 24.536378 92.960740 31.696678
v 18.797563 91.519620 22.333055
v 35.176858 70.280155 22.333055
v 26.077845 72.861559 14.325923
v 21.848473 72.986062 22.333055
v 21.848473 72.986062 22.333055
v 26.077845 72.861559 14.325923
v 21.519392 83.560969 10.314485
v 12.373235 83.560969 22.333055
v 12.373235 83.560969 22.333055
v 21.519392 83.560969 10.314485
v 22.656907 93.001601 11.315498
v 18.797563 91.519620 22.333055
v 35.176858 96.841784 22.333055
v 18.797563 91.519620 22.333055
v 22.656907 93.001601 11.315498
v 35.176858 70.280155 22.333055
v 35.176858 73.899738 9.410902
v 26.077845 72.861559 14.325923
v 26.077845 72.861559 14.325923
v 35.176858 73.899738 9.410902
v 35.176858 83.560969 3.798449
v 21.519392 83.560969 10.314485
v 21.519392 83.560969 10.314485
v 35.176858 83.560969 3.798449
v 35.176858 93.801982 10.731394
v 22.656907 93.001601 11.315498
v 35.176858 96.841784 22.333055
v 22.656907 93.001601 11.315498
v 35.176858 93.801982 10.731394
v 35.176858 70.280155 22.333055
v 44.726550 72.708857 13.929327
v 35.176858 73.899738 9.410902
v 35.176858 73.899738 9.410902
v 44.726550 72.708857 13.929327
v 51.575436 83.560969 7.902307
v 35.176858 83.560969 3.798449
v 35.176858 83.560969 3.798449
v 51.575436 83.560969 7.902307
v 44.838791 91.446839 13.830554
v 35.176858 93.801982 10.731394
v 35.176858 96.841784 22.333055
v 35.176858 93.801982 10.731394
v 44.838791 91.446839 13.830554
v 35.176858 70.280155 22.333055
v 48.662237 72.868621 22.333055
v 44.726550 72.708857 13.929327
v 44.726550 72.708857 13.929327
v 48.662237 72.868621 22.333055
v 53.963575 83.560969 22.333055
v 51.575436 83.560969 7.902307
v 51.575436 83.560969 7.902307
v 53.963575 83.560969 22.333055
v 47.916337 92.657885 22.333055
v 44.838791 91.446839 13.830554
v 35.176858 96.841784 22.333055
v 44.838791 91.446839 13.830554
v 47.916337 92.657885 22.333055
v 12.876343 85.279687 17.344607
v 20.103746 87.796897 23.704722
v 23.937707 88.365293 17.344607
v 23.937707 88.365293 17.344607
v 20.103746 87.796897 23.704722
v 23.724889 96.078692 26.891328
v 32.356397 96.078692 17.344607
v 32.356397 96.078692 17.344607
v 23.724889 96.078692 26.891328
v 23.051198 102.674918 26.298479
v 26.315969 104.073844 17.344607
v 12.876343 106.877697 17.344607
v 26.315969 104.073844 17.344607
v 23.051198 102.674918 26.298479
v 12.876343 85.279687 17.344607
v 12.876343 88.757148 27.751535
v 20.103746 87.796897 23.704722
v 20.103746 87.796897 23.704722
v 12.876343 88.757148 27.751535
v 12.876343 96.078692 30.754274
v 23.724889 96.078692 26.891328
v 23.724889 96.078692 26.891328
v 12.876343 96.078692 30.754274
v 12.876343 104.136999 28.299609
v 23.051198 102.674918 26.298479
v 12.876343 106.877697 17.344607
v 23.051198 102.674918 26.298479
v 12.876343 104.136999 28.299609
v 12.876343 85.279687 17.344607
v 3.297239 88.652713 25.774218
v 12.876343 88.757148 27.751535
v 12.876343 88.757148 27.751535
v 3.297239 88.652713 25.774218
v 0.470814 96.078692 28.261472
v 12.876343 96.078692 30.754274
v 12.876343 96.078692 30.754274
v 0.470814 96.078692 28.261472
v 3.209352 104.556647 25.851559
v 12.876343 104.136999 28.299609
v 12.876343 106.877697 17.344607
v 12.876343 104.136999 28.299609
v 3.209352 104.556647 25.851559
v 12.876343 85.279687 17.344607
v 1.691314 88.214501 17.344607
v 3.297239 88.652713 25.774218
v 3.297239 88.652713 25.774218
v 1.691314 88.214501 17.344607
v -4.005640 96.078692 17.344607
v 0.470814 96.078692 28.261472
v 0.470814 96.078692 28.261472
v -4.005640 96.078692 17.344607
v 2.335522 103.035777 17.344607
v 3.209352 104.556647 25.851559
v 12.876343 106.877697 17.344607
v 3.209352 104.556647 25.851559
v 2.335522 103.035777 17.344607
v 12.876343 85.279687 17.344607
v 3.202529 89.571167 8.831651
v 1.691314 88.214501 17.344607
v 1.691314 88.214501 17.344607
v 3.202529 89.571167 8.831651
v 2.706366 96.078692 8.395027
v -4.005640 96.078692 17.344607
v -4.005640 96.078692 17.344607
v 2.706366 96.078692 8.395027
v 3.159983 103.270665 8.794210
v 2.335522 103.035777 17.344607
v 12.876343 106.877697 17.344607
v 2.335522 103.035777 17.344607
v 3.159983 103.270665 8.794210
v 12.876343 85.279687 17.344607
v 12.876343 88.148264 4.999165
v 3.202529 89.571167 8.831651
v 3.202529 89.571167 8.831651
v 12.876343 88.148264 4.999165
v 12.876343 96.078692 1.657521
v 2.706366 96.078692 8.395027
v 2.706366 96.078692 8.395027
v 12.876343 96.078692 1.657521
v 12.876343 103.043737 6.234555
v 3.159983 103.270665 8.794210
v 12.876343 106.877697 17.344607
v 3.159983 103.270665 8.794210
v 12.876343 103.043737 6.234555
v 12.876343 85.279687 17.344607
v 21.296981 88.125838 9.934445
v 12.876343 88.148264 4.999165
v 12.876343 88.148264 4.999165
v 21.296981 88.125838 9.934445
v 25.093358 96.078692 6.593633
v 12.876343 96.078692 1.657521
v 12.876343 96.078692 1.657521
v 25.093358 96.078692 6.593633
v 22.604104 103.458141 8.784176
v 12.876343 103.043737 6.234555
v 12.876343 106.877697 17.344607
v 12.876343 103.043737 6.234555
v 22.604104 103.458141 8.784176
v 12.876343 85.279687 17.344607
v 23.937707 88.365293 17.344607
v 21.296981 88.125838 9.934445
v 21.296981 88.125838 9.934445
v 23.937707 88.365293 17.344607
v 32.356397 96.078692 17.344607
v 25.093358 96.078692 6.593633
v 25.093358 96.078692 6.593633
v 32.356397 96.078692 17.344607
v 26.315969 104.073844 17.344607
v 22.604104 103.458141 8.784176
v 12.876343 106.877697 17.344607
v 22.604104 103.458141 8.784176
v 26.315969 104.073844 17.344607
v 28.925176 92.023711 28.803811
v 38.058809 94.257031 36.841408
v 44.515476 94.657059 28.803811
v 44.515476 94.657059 28.803811
v 38.058809 94.257031 36.841408
v 42.457285 104.447849 40.712067
v 49.621407 104.447849 28.803811
v 49.621407 104.447849 28.803811
v 42.457285 104.447849 40.712067
v 37.343529 114.068077 36.211961
v 40.992343 112.051269 28.803811
v 28.925176 116.871988 28.803811
v 40.992343 112.051269 28.803811
v 37.343529 114.068077 36.211961
v 28.925176 92.023711 28.803811
v 28.925176 94.099688 42.771435
v 38.058809 94.257031 36.841408
v 38.058809 94.257031 36.841408
v 28.925176 94.099688 42.771435
v 28.925176 104.447849 44.240179
v 42.457285 104.447849 40.712067
v 42.457285 104.447849 40.712067
v 28.925176 104.447849 44.240179
v 28.925176 114.774384 42.505594
v 37.343529 114.068077 36.211961
v 28.925176 116.871988 28.803811
v 37.343529 114.068077 36.211961
v 28.925176 114.774384 42.505594
v 28.925176 92.023711 28.803811
v 19.204993 97.131483 37.357572
v 28.925176 94.099688 42.771435
v 28.925176 94.099688 42.771435
v 19.204993 97.131483 37.357572
v 12.735325 104.447849 43.050879
v 28.925176 104.447849 44.240179
v 28.925176 104.447849 44.240179
v 12.735325 104.447849 43.050879
v 19.262375 112.114973 37.307076
v 28.925176 114.774384 42.505594
v 28.925176 116.871988 28.803811
v 28.925176 114.774384 42.505594
v 19.262375 112.114973 37.307076
v 28.925176 92.023711 28.803811
v 14.023653 96.226059 28.803811
v 19.204993 97.131483 37.357572
v 19.204993 97.131483 37.357572
v 14.023653 96.226059 28.803811
v 8.530826 104.447849 28.803811
v 12.735325 104.447849 43.050879
v 12.735325 104.447849 43.050879
v 8.530826 104.447849 28.803811
v 15.681745 112.140559 28.803811
v 19.262375 112.114973 37.307076
v 28.925176 116.871988 28.803811
v 19.262375 112.114973 37.307076
v 15.681745 112.140559 28.803811
v 28.925176 92.023711 28.803811
v 19.255428 94.473235 20.294433
v 14.023653 96.226059 28.803811
v 14.023653 96.226059 28.803811
v 19.255428 94.473235 20.294433
v 14.916051 104.447849 16.475781
v 8.530826 104.447849 28.803811
v 8.530826 104.447849 28.803811
v 14.916051 104.447849 16.475781
v 18.559382 114.284458 19.681913
v 15.681745 112.140559 28.803811
v 28.925176 116.871988 28.803811
v 15.681745 112.140559 28.803811
v 18.559382 114.284458 19.681913
v 28.925176 92.023711 28.803811
v 28.925176 95.623730 18.166742
v 19.255428 94.473235 20.294433
v 19.255428 94.473235 20.294433
v 28.925176 95.623730 18.166742
v 28.925176 104.447849 8.756557
v 14.916051 104.447849 16.475781
v 14.916051 104.447849 16.475781
v 28.925176 104.447849 8.756557
v 28.925176 113.948171 14.196092
v 18.559382 114.284458 19.681913
v 28.925176 116.871988 28.803811
v 18.559382 114.284458 19.681913
v 28.925176 113.948171 14.196092
v 28.925176 92.023711 28.803811
v 40.645120 97.195786 18.490260
v 28.925176 95.623730 18.166742
v 28.925176 95.623730 18.166742
v 40.645120 97.195786 18.490260
v 42.990306 104.447849 16.426496
v 28.925176 104.447849 8.756557
v 28.925176 104.447849 8.756557
v 42.990306 104.447849 16.426496
v 38.128448 111.842694 20.704931
v 28.925176 113.948171 14.196092
v 28.925176 116.871988 28.803811
v 28.925176 113.948171 14.196092
v 38.128448 111.842694 20.704931
v 28.925176 92.023711 28.803811
v 44.515476 94.657059 28.803811
v 40.645120 97.195786 18.490260
v 40.645120 97.195786 18.490260
v 44.515476 94.657059 28.803811
v 49.621407 104.447849 28.803811
v 42.990306 104.447849 16.426496
v 42.990306 104.447849 16.426496
v 49.621407 104.447849 28.803811
v 40.992343 112.051269 28.803811
v 38.128448 111.842694 20.704931
v 28.925176 116.871988 28.803811
v 38.128448 111.842694 20.704931
v 40.992343 112.051269 28.803811
v -1.929505 93.442471 30.370169
v 7.081885 96.399424 38.300193
v 13.291098 97.909074 30.370169
v 13.291098 97.909074 30.370169
v 7.081885 96.399424 38.300193
v 12.815433 105.628236 43.345715
v 16.210555 105.628236 30.370169
v 16.210555 105.628236 30.370169
v 12.815433 105.628236 43.345715
v 9.220358 112.897711 40.182048
v 11.544682 115.603044 30.370169
v -1.929505 117.814002 30.370169
v 11.544682 115.603044 30.370169
v 9.220358 112.897711 40.182048
v -1.929505 93.442471 30.370169
v -1.929505 96.120548 41.169219
v 7.081885 96.399424 38.300193
v 7.081885 96.399424 38.300193
v -1.929505 96.120548 41.169219
v -1.929505 105.628236 49.406843
v 12.815433 105.628236 43.345715
v 12.815433 105.628236 43.345715
v -1.929505 105.628236 49.406843
v -1.929505 113.570174 40.616069
v 9.220358 112.897711 40.182048
v -1.929505 117.814002 30.370169
v 9.220358 112.897711 40.182048
v -1.929505 113.570174 40.616069
v -1.929505 93.442471 30.370169
v -12.242429 97.089265 39.445543
v -1.929505 96.120548 41.169219
v -1.929505 96.120548 41.169219
v -12.242429 97.089265 39.445543
v -18.318429 105.628236 44.792423
v -1.929505 105.628236 49.406843
v -1.929505 105.628236 49.406843
v -18.318429 105.628236 44.792423
v -12.922647 114.432226 40.044135
v -1.929505 113.570174 40.616069
v -1.929505 117.814002 30.370169
v -1.929505 113.570174 40.616069
v -12.922647 114.432226 40.044135
v -1.929505 93.442471 30.370169
v -15.133356 97.626832 30.370169
v -12.242429 97.089265 39.445543
v -12.242429 97.089265 39.445543
v -15.133356 97.626832 30.370169
v -22.335740 105.628236 30.370169
v -18.318429 105.628236 44.792423
v -18.318429 105.628236 44.792423
v -22.335740 105.628236 30.370169
v -17.521365 114.156302 30.370169
v -12.922647 114.432226 40.044135
v -1.929505 117.814002 30.370169
v -12.922647 114.432226 40.044135
v -17.521365 114.156302 30.370169
v -1.929505 93.442471 30.370169
v -13.360632 96.589931 20.310777
v -15.133356 97.626832 30.370169
v -15.133356 97.626832 30.370169
v -13.360632 96.589931 20.310777
v -14.735503 105.628236 19.100891
v -22.335740 105.628236 30.370169
v -22.335740 105.628236 30.370169
v -14.735503 105.628236 19.100891
v -11.539774 113.768990 21.913132
v -17.521365 114.156302 30.370169
v -1.929505 117.814002 30.370169
v -17.521365 114.156302 30.370169
v -11.539774 113.768990 21.913132
v -1.929505 93.442471 30.370169
v -1.929505 97.108436 16.961104
v -13.360632 96.589931 20.310777
v -13.360632 96.589931 20.310777
v -1.929505 97.108436 16.961104
v -1.929505 105.628236 11.445680
v -14.735503 105.628236 19.100891
v -14.735503 105.628236 19.100891
v -1.929505 105.628236 11.445680
v -1.929505 114.138035 16.839336
v -11.539774 113.768990 21.913132
v -1.929505 117.814002 30.370169
v -11.539774 113.768990 21.913132
v -1.929505 114.138035 16.839336
v -1.929505 93.442471 30.370169
v 8.218136 97.582385 21.440246
v -1.929505 97.108436 16.961104
v -1.929505 97.108436 16.961104
v 8.218136 97.582385 21.440246
v 13.797676 105.628236 16.530251
v -1.929505 105.628236 11.445680
v -1.929505 105.628236 11.445680
v 13.797676 105.628236 16.530251
v 7.302735 113.938028 22.245799
v -1.929505 114.138035 16.839336
v -1.929505 117.814002 30.370169
v -1.929505 114.138035 16.839336
v 7.302735 113.938028 22.245799
v -1.929505 93.442471 30.370169
v 13.291098 97.909074 30.370169
v 8.218136 97.582385 21.440246
v 8.218136 97.582385 21.440246
v 13.291098 97.909074 30.370169
v 16.210555 105.628236 30.370169
v 13.797676 105.628236 16.530251
v 13.797676 105.628236 16.530251
v 16.210555 105.628236 30.370169
v 11.544682 115.603044 30.370169
v 7.302735 113.938028 22.245799
v -1.929505 117.814002 30.370169
v 7.302735 113.938028 22.245799
v 11.544682 115.603044 30.370169
v -11.346633 73.597447 -4.945049
v -0.162092 76.803942 4.897347
v 4.352042 77.621371 -4.945049
v 4.352042 77.621371 -4.945049
v -0.162092 76.803942 4.897347
v 5.666596 86.647107 10.026592
v 7.262286 86.647107 -4.945049
v 7.262286 86.647107 -4.945049
v 5.666596 86.647107 10.026592
v 0.902323 97.042933 5.834032
v 1.370708 94.897183 -4.945049
v -11.346633 99.696767 -4.945049
v 1.370708 94.897183 -4.945049
v 0.902323 97.042933 5.834032
v -11.346633 73.597447 -4.945049
v -11.346633 77.477058 6.466152
v -0.162092 76.803942 4.897347
v -0.162092 76.803942 4.897347
v -11.346633 77.477058 6.466152
v -11.346633 86.647107 13.291485
v 5.666596 86.647107 10.026592
v 5.666596 86.647107 10.026592
v -11.346633 86.647107 13.291485
v -11.346633 94.392623 7.627998
v 0.902323 97.042933 5.834032
v -11.346633 99.696767 -4.945049
v 0.902323 97.042933 5.834032
v -11.346633 94.392623 7.627998
v -11.346633 73.597447 -4.945049
v -21.184043 75.824143 3.711872
v -11.346633 77.477058 6.466152
v -11.346633 77.477058 6.466152
v -21.184043 75.824143 3.711872
v -26.559871 86.647107 8.442600
v -11.346633 86.647107 13.291485
v -11.346633 86.647107 13.291485
v -26.559871 86.647107 8.442600
v -21.190566 96.212870 3.717611
v -11.346633 94.392623 7.627998
v -11.346633 99.696767 -4.945049
v -11.346633 94.392623 7.627998
v -21.190566 96.212870 3.717611
v -11.346633 73.597447 -4.945049
v -28.654402 77.381906 -4.945049
v -21.184043 75.824143 3.711872
v -21.184043 75.824143 3.711872
v -28.654402 77.381906 -4.945049
v -34.390379 86.647107 -4.945049
v -26.559871 86.647107 8.442600
v -26.559871 86.647107 8.442600
v -34.390379 86.647107 -4.945049
v -25.490340 95.152396 -4.945049
v -21.190566 96.212870 3.717611
v -11.346633 99.696767 -4.945049
v -21.190566 96.212870 3.717611
v -25.490340 95.152396 -4.945049
v -11.346633 73.597447 -4.945049
v -23.733984 77.308671 -15.845918
v -28.654402 77.381906 -4.945049
v -28.654402 77.381906 -4.945049
v -23.733984 77.308671 -15.845918
v -26.313801 86.647107 -18.116157
v -34.390379 86.647107 -4.945049
v -34.390379 86.647107 -4.945049
v -26.313801 86.647107 -18.116157
v -20.607442 96.932435 -13.094561
v -25.490340 95.152396 -4.945049
v -11.346633 99.696767 -4.945049
v -25.490340 95.152396 -4.945049
v -20.607442 96.932435 -13.094561
v -11.346633 73.597447 -4.945049
v -11.346633 78.914048 -18.727990
v -23.733984 77.308671 -15.845918
v -23.733984 77.308671 -15.845918
v -11.346633 78.914048 -18.727990
v -11.346633 86.647107 -25.177593
v -26.313801 86.647107 -18.116157
v -26.313801 86.647107 -18.116157
v -11.346633 86.647107 -25.177593
v -11.346633 97.495119 -19.970399
v -20.607442 96.932435 -13.094561
v -11.346633 99.696767 -4.945049
v -20.607442 96.932435 -13.094561
v -11.346633 97.495119 -19.970399
v -11.346633 73.597447 -4.945049
v -0.872412 75.994376 -14.162364
v -11.346633 78.914048 -18.727990
v -11.346633 78.914048 -18.727990
v -0.872412 75.994376 -14.162364
v 3.993128 86.647107 -18.444039
v -11.346633 86.647107 -25.177593
v -11.346633 86.647107 -25.177593
v 3.993128 86.647107 -18.444039
v 0.268902 94.540992 -15.166720
v -11.346633 97.495119 -19.970399
v -11.346633 99.696767 -4.945049
v -11.346633 97.495119 -19.970399
v 0.268902 94.540992 -15.166720
v -11.346633 73.597447 -4.945049
v 4.352042 77.621371 -4.945049
v -0.872412 75.994376 -14.162364
v -0.872412 75.994376 -14.162364
v 4.352042 77.621371 -4.945049
v 7.262286 86.647107 -4.945049
v 3.993128 86.647107 -18.444039
v 3.993128 86.647107 -18.444039
v 7.262286 86.647107 -4.945049
v 1.370708 94.897183 -4.945049
v 0.268902 94.540992 -15.166720
v -11.346633 99.696767 -4.945049
v 0.268902 94.540992 -15.166720
v 1.370708 94.897183 -4.945049
v -26.568446 82.220312 7.591889
v -15.689893 85.119687 17.165015
v -12.009770 86.530251 7.591889
v -12.009770 86.530251 7.591889
v -15.689893 85.119687 17.165015
v -8.908878 97.027168 23.132308
v -6.650188 97.027168 7.591889
v -6.650188 97.027168 7.591889
v -8.908878 97.027168 23.132308
v -13.327719 109.043670 19.243728
v -11.778474 106.961483 7.591889
v -26.568446 111.834024 7.591889
v -11.778474 106.961483 7.591889
v -13.327719 109.043670 19.243728
v -26.568446 82.220312 7.591889
v -26.568446 87.063804 24.096191
v -15.689893 85.119687 17.165015
v -15.689893 85.119687 17.165015
v -26.568446 87.063804 24.096191
v -26.568446 97.027168 26.527699
v -8.908878 97.027168 23.132308
v -8.908878 97.027168 23.132308
v -26.568446 97.027168 26.527699
v -26.568446 105.867487 20.031850
v -13.327719 109.043670 19.243728
v -26.568446 111.834024 7.591889
v -13.327719 109.043670 19.243728
v -26.568446 105.867487 20.031850
v -26.568446 82.220312 7.591889
v -37.845610 86.216376 17.515793
v -26.568446 87.063804 24.096191
v -26.568446 87.063804 24.096191
v -37.845610 86.216376 17.515793
v -46.113627 97.027168 24.791648
v -26.568446 97.027168 26.527699
v -26.568446 97.027168 26.527699
v -46.113627 97.027168 24.791648
v -39.080712 109.340763 18.602683
v -26.568446 105.867487 20.031850
v -26.568446 111.834024 7.591889
v -26.568446 105.867487 20.031850
v -39.080712 109.340763 18.602683
v -26.568446 82.220312 7.591889
v -42.779304 87.723967 7.591889
v -37.845610 86.216376 17.515793
v -37.845610 86.216376 17.515793
v -42.779304 87.723967 7.591889
v -53.610109 97.027168 7.591889
v -46.113627 97.027168 24.791648
v -46.113627 97.027168 24.791648
v -53.610109 97.027168 7.591889
v -46.256162 107.451161 7.591889
v -39.080712 109.340763 18.602683
v -26.568446 111.834024 7.591889
v -39.080712 109.340763 18.602683
v -46.256162 107.451161 7.591889
v -26.568446 82.220312 7.591889
v -39.259223 87.907671 -3.575995
v -42.779304 87.723967 7.591889
v -42.779304 87.723967 7.591889
v -39.259223 87.907671 -3.575995
v -41.393280 97.027168 -5.453965
v -53.610109 97.027168 7.591889
v -53.610109 97.027168 7.591889
v -41.393280 97.027168 -5.453965
v -38.628319 108.064187 -3.020799
v -46.256162 107.451161 7.591889
v -26.568446 111.834024 7.591889
v -46.256162 107.451161 7.591889
v -38.628319 108.064187 -3.020799
v -26.568446 82.220312 7.591889
v -26.568446 87.714304 -9.325008
v -39.259223 87.907671 -3.575995
v -39.259223 87.907671 -3.575995
v -26.568446 87.714304 -9.325008
v -26.568446 97.027168 -9.818884
v -41.393280 97.027168 -5.453965
v -41.393280 97.027168 -5.453965
v -26.568446 97.027168 -9.818884
v -26.568446 109.144553 -8.889643
v -38.628319 108.064187 -3.020799
v -26.568446 111.834024 7.591889
v -38.628319 108.064187 -3.020799
v -26.568446 109.144553 -8.889643
v -26.568446 82.220312 7.591889
v -12.617461 85.140407 -4.684978
v -26.568446 87.714304 -9.325008
v -26.568446 87.714304 -9.325008
v -12.617461 85.140407 -4.684978
v -9.895279 97.027168 -7.080498
v -26.568446 97.027168 -9.818884
v -26.568446 97.027168 -9.818884
v -9.895279 97.027168 -7.080498
v -12.888954 106.943536 -4.446064
v -26.568446 109.144553 -8.889643
v -26.568446 111.834024 7.591889
v -26.568446 109.144553 -8.889643
v -12.888954 106.943536 -4.446064
v -26.568446 82.220312 7.591889
v -12.009770 86.530251 7.591889
v -12.617461 85.140407 -4.684978
v -12.617461 85.140407 -4.684978
v -12.009770 86.530251 7.591889
v -6.650188 97.027168 7.591889
v -9.895279 97.027168 -7.080498
v -9.895279 97.027168 -7.080498
v -6.650188 97.027168 7.591889
v -11.778474 106.961483 7.591889
v -12.888954 106.943536 -4.446064
v -26.568446 111.834024 7.591889
v -12.888954 106.943536 -4.446064
v -11.778474 106.961483 7.591889
v -20.097273 82.141392 -22.617194
v -8.034660 86.370885 -12.002095
v -3.310856 86.220463 -22.617194
v -3.310856 86.220463 -22.617194
v -8.034660 86.370885 -12.002095
v -4.180599 95.815060 -8.610521
v 4.251467 95.815060 -22.617194
v 4.251467 95.815060 -22.617194
v -4.180599 95.815060 -8.610521
v -9.867225 105.015945 -13.614752
v -1.813738 103.931272 -22.617194
v -20.097273 109.488727 -22.617194
v -1.813738 103.931272 -22.617194
v -9.867225 105.015945 -13.614752
v -20.097273 82.141392 -22.617194
v -20.097273 86.416229 -9.865193
v -8.034660 86.370885 -12.002095
v -8.034660 86.370885 -12.002095
v -20.097273 86.416229 -9.865193
v -20.097273 95.815060 -4.587035
v -4.180599 95.815060 -8.610521
v -4.180599 95.815060 -8.610521
v -20.097273 95.815060 -4.587035
v -20.097273 106.810574 -9.418318
v -9.867225 105.015945 -13.614752
v -20.097273 109.488727 -22.617194
v -9.867225 105.015945 -13.614752
v -20.097273 106.810574 -9.418318
v -20.097273 82.141392 -22.617194
v -30.583719 85.770004 -13.389122
v -20.097273 86.416229 -9.865193
v -20.097273 86.416229 -9.865193
v -30.583719 85.770004 -13.389122
v -35.035904 95.815060 -9.471199
v -20.097273 95.815060 -4.587035
v -20.097273 95.815060 -4.587035
v -35.035904 95.815060 -9.471199
v -29.548558 104.352704 -14.300063
v -20.097273 106.810574 -9.418318
v -20.097273 109.488727 -22.617194
v -20.097273 106.810574 -9.418318
v -29.548558 104.352704 -14.300063
v -20.097273 82.141392 -22.617194
v -37.723854 85.363438 -22.617194
v -30.583719 85.770004 -13.389122
v -30.583719 85.770004 -13.389122
v -37.723854 85.363438 -22.617194
v -40.606185 95.815060 -22.617194
v -35.035904 95.815060 -9.471199
v -35.035904 95.815060 -9.471199
v -40.606185 95.815060 -22.617194
v -33.610351 105.370022 -22.617194
v -29.548558 104.352704 -14.300063
v -20.097273 109.488727 -22.617194
v -29.548558 104.352704 -14.300063
v -33.610351 105.370022 -22.617194
v -20.097273 82.141392 -22.617194
v -30.170326 87.835097 -31.481481
v -37.723854 85.363438 -22.617194
v -37.723854 85.363438 -22.617194
v -30.170326 87.835097 -31.481481
v -33.322601 95.815060 -34.255483
v -40.606185 95.815060 -22.617194
v -40.606185 95.815060 -22.617194
v -33.322601 95.815060 -34.255483
v -32.302039 104.083221 -33.357389
v -33.610351 105.370022 -22.617194
v -20.097273 109.488727 -22.617194
v -33.610351 105.370022 -22.617194
v -32.302039 104.083221 -33.357389
v -20.097273 82.141392 -22.617194
v -20.097273 86.288558 -34.979688
v -30.170326 87.835097 -31.481481
v -30.170326 87.835097 -31.481481
v -20.097273 86.288558 -34.979688
v -20.097273 95.815060 -40.486652
v -33.322601 95.815060 -34.255483
v -33.322601 95.815060 -34.255483
v -20.097273 95.815060 -40.486652
v -20.097273 105.852531 -34.091049
v -32.302039 104.083221 -33.357389
v -20.097273 109.488727 -22.617194
v -32.302039 104.083221 -33.357389
v -20.097273 105.852531 -34.091049
v -20.097273 82.141392 -22.617194
v -10.075662 84.571173 -31.436212
v -20.097273 86.288558 -34.979688
v -20.097273 86.288558 -34.979688
v -10.075662 84.571173 -31.436212
v -2.931050 95.815060 -37.723470
v -20.097273 95.815060 -40.486652
v -20.097273 95.815060 -40.486652
v -2.931050 95.815060 -37.723470
v -8.437698 104.966921 -32.877620
v -20.097273 105.852531 -34.091049
v -20.097273 109.488727 -22.617194
v -20.097273 105.852531 -34.091049
v -8.437698 104.966921 -32.877620
v -20.097273 82.141392 -22.617194
v -3.310856 86.220463 -22.617194
v -10.075662 84.571173 -31.436212
v -10.075662 84.571173 -31.436212
v -3.310856 86.220463 -22.617194
v 4.251467 95.815060 -22.617194
v -2.931050 95.815060 -37.723470
v -2.931050 95.815060 -37.723470
v 4.251467 95.815060 -22.617194
v -1.813738 103.931272 -22.617194
v -8.437698 104.966921 -32.877620
v -20.097273 109.488727 -22.617194
v -8.437698 104.966921 -32.877620
v -1.813738 103.931272 -22.617194
v 13.126689 72.572501 -26.002997
v 24.495342 75.811750 -15.998583
v 27.657595 75.900084 -26.002997
v 27.657595 75.900084 -26.002997
v 24.495342 75.811750 -15.998583
v 32.632260 87.230980 -8.838095
v 33.390539 87.230980 -26.002997
v 33.390539 87.230980 -26.002997
v 32.632260 87.230980 -8.838095
v 25.292372 96.951669 -15.297197
v 32.704687 96.201556 -26.002997
v 13.126689 101.889460 -26.002997
v 32.704687 96.201556 -26.002997
v 25.292372 96.951669 -15.297197
v 13.126689 72.572501 -26.002997
v 13.126689 78.364429 -9.209656
v 24.495342 75.811750 -15.998583
v 24.495342 75.811750 -15.998583
v 13.126689 78.364429 -9.209656
v 13.126689 87.230980 -7.957544
v 32.632260 87.230980 -8.838095
v 32.632260 87.230980 -8.838095
v 13.126689 87.230980 -7.957544
v 13.126689 95.928756 -9.978990
v 25.292372 96.951669 -15.297197
v 13.126689 101.889460 -26.002997
v 25.292372 96.951669 -15.297197
v 13.126689 95.928756 -9.978990
v 13.126689 72.572501 -26.002997
v 1.199803 75.683081 -15.507338
v 13.126689 78.364429 -9.209656
v 13.126689 78.364429 -9.209656
v 1.199803 75.683081 -15.507338
v -0.715566 87.230980 -13.821813
v 13.126689 87.230980 -7.957544
v 13.126689 87.230980 -7.957544
v -0.715566 87.230980 -13.821813
v 1.968191 96.105070 -16.183519
v 13.126689 95.928756 -9.978990
v 13.126689 101.889460 -26.002997
v 13.126689 95.928756 -9.978990
v 1.968191 96.105070 -16.183519
v 13.126689 72.572501 -26.002997
v -6.595628 76.898248 -26.002997
v 1.199803 75.683081 -15.507338
v 1.199803 75.683081 -15.507338
v -6.595628 76.898248 -26.002997
v -8.284312 87.230980 -26.002997
v -0.715566 87.230980 -13.821813
v -0.715566 87.230980 -13.821813
v -8.284312 87.230980 -26.002997
v -2.566416 99.296310 -26.002997
v 1.968191 96.105070 -16.183519
v 13.126689 101.889460 -26.002997
v 1.968191 96.105070 -16.183519
v -2.566416 99.296310 -26.002997
v 13.126689 72.572501 -26.002997
v 2.890194 77.947723 -35.011113
v -6.595628 76.898248 -26.002997
v -6.595628 76.898248 -26.002997
v 2.890194 77.947723 -35.011113
v -2.626878 87.230980 -39.866136
v -8.284312 87.230980 -26.002997
v -8.284312 87.230980 -26.002997
v -2.626878 87.230980 -39.866136
v 2.451298 97.914789 -35.397342
v -2.566416 99.296310 -26.002997
v 13.126689 101.889460 -26.002997
v -2.566416 99.296310 -26.002997
v 2.451298 97.914789 -35.397342
v 13.126689 72.572501 -26.002997
v 13.126689 76.729235 -38.411026
v 2.890194 77.947723 -35.011113
v 2.890194 77.947723 -35.011113
v 13.126689 76.729235 -38.411026
v 13.126689 87.230980 -45.765639
v -2.626878 87.230980 -39.866136
v -2.626878 87.230980 -39.866136
v 13.126689 87.230980 -45.765639
v 13.126689 96.130912 -41.404214
v 2.451298 97.914789 -35.397342
v 13.126689 101.889460 -26.002997
v 2.451298 97.914789 -35.397342
v 13.126689 96.130912 -41.404214
v 13.126689 72.572501 -26.002997
v 25.072318 75.212620 -36.515151
v 13.126689 76.729235 -38.411026
v 13.126689 76.729235 -38.411026
v 25.072318 75.212620 -36.515151
v 30.691885 87.230980 -41.460370
v 13.126689 87.230980 -45.765639
v 13.126689 87.230980 -45.765639
v 30.691885 87.230980 -41.460370
v 23.279775 99.242404 -34.937713
v 13.126689 96.130912 -41.404214
v 13.126689 101.889460 -26.002997
v 13.126689 96.130912 -41.404214
v 23.279775 99.242404 -34.937713
v 13.126689 72.572501 -26.002997
v 27.657595 75.900084 -26.002997
v 25.072318 75.212620 -36.515151
v 25.072318 75.212620 -36.515151
v 27.657595 75.900084 -26.002997
v 33.390539 87.230980 -26.002997
v 30.691885 87.230980 -41.460370
v 30.691885 87.230980 -41.460370
v 33.390539 87.230980 -26.002997
v 32.704687 96.201556 -26.002997
v 23.279775 99.242404 -34.937713
v 13.126689 101.889460 -26.002997
v 23.279775 99.242404 -34.937713
v 32.704687 96.201556 -26.002997
v -1.415653 77.829474 -39.322107
v 8.554695 80.528977 -30.548200
v 15.044609 80.195963 -39.322107
v 15.044609 80.195963 -39.322107
v 8.554695 80.528977 -30.548200
v 12.922244 90.584271 -26.704757
v 18.747799 90.584271 -39.322107
v 18.747799 90.584271 -39.322107
v 12.922244 90.584271 -26.704757
v 10.245053 101.108019 -29.060686
v 12.900696 100.393247 -39.322107
v -1.415653 103.339069 -39.322107
v 12.900696 100.393247 -39.322107
v 10.245053 101.108019 -29.060686
v -1.415653 77.829474 -39.322107
v -1.415653 80.442809 -28.247706
v 8.554695 80.528977 -30.548200
v 8.554695 80.528977 -30.548200
v -1.415653 80.442809 -28.247706
v -1.415653 90.584271 -20.459787
v 12.922244 90.584271 -26.704757
v 12.922244 90.584271 -26.704757
v -1.415653 90.584271 -20.459787
v -1.415653 99.172974 -28.151961
v 10.245053 101.108019 -29.060686
v -1.415653 103.339069 -39.322107
v 10.245053 101.108019 -29.060686
v -1.415653 99.172974 -28.151961
v -1.415653 77.829474 -39.322107
v -10.452359 82.399486 -31.369806
v -1.415653 80.442809 -28.247706
v -1.415653 80.442809 -28.247706
v -10.452359 82.399486 -31.369806
v -18.001143 90.584271 -24.726876
v -1.415653 90.584271 -20.459787
v -1.415653 90.584271 -20.459787
v -18.001143 90.584271 -24.726876
v -12.451773 98.111728 -29.610322
v -1.415653 99.172974 -28.151961
v -1.415653 103.339069 -39.322107
v -1.415653 99.172974 -28.151961
v -12.451773 98.111728 -29.610322
v -1.415653 77.829474 -39.322107
v -15.326317 80.629706 -39.322107
v -10.452359 82.399486 -31.369806
v -10.452359 82.399486 -31.369806
v -15.326317 80.629706 -39.322107
v -20.956465 90.584271 -39.322107
v -18.001143 90.584271 -24.726876
v -18.001143 90.584271 -24.726876
v -20.956465 90.584271 -39.322107
v -18.432447 99.628784 -39.322107
v -12.451773 98.111728 -29.610322
v -1.415653 103.339069 -39.322107
v -12.451773 98.111728 -29.610322
v -18.432447 99.628784 -39.322107
v -1.415653 77.829474 -39.322107
v -11.609972 81.312621 -48.293108
v -15.326317 80.629706 -39.322107
v -15.326317 80.629706 -39.322107
v -11.609972 81.312621 -48.293108
v -16.563342 90.584271 -52.652073
v -20.956465 90.584271 -39.322107
v -20.956465 90.584271 -39.322107
v -16.563342 90.584271 -52.652073
v -12.852928 100.886842 -49.386908
v -18.432447 99.628784 -39.322107
v -1.415653 103.339069 -39.322107
v -18.432447 99.628784 -39.322107
v -12.852928 100.886842 -49.386908
v -1.415653 77.829474 -39.322107
v -1.415653 82.165940 -50.174111
v -11.609972 81.312621 -48.293108
v -11.609972 81.312621 -48.293108
v -1.415653 82.165940 -50.174111
v -1.415653 90.584271 -56.253450
v -16.563342 90.584271 -52.652073
v -16.563342 90.584271 -52.652073
v -1.415653 90.584271 -56.253450
v -1.415653 100.289738 -52.257870
v -12.852928 100.886842 -49.386908
v -1.415653 103.339069 -39.322107
v -12.852928 100.886842 -49.386908
v -1.415653 100.289738 -52.257870
v -1.415653 77.829474 -39.322107
v 8.849187 81.873779 -48.355167
v -1.415653 82.165940 -50.174111
v -1.415653 82.165940 -50.174111
v 8.849187 81.873779 -48.355167
v 11.305306 90.584271 -50.516552
v -1.415653 90.584271 -56.253450
v -1.415653 90.584271 -56.253450
v 11.305306 90.584271 -50.516552
v 9.907538 98.563874 -49.286515
v -1.415653 100.289738 -52.257870
v -1.415653 103.339069 -39.322107
v -1.415653 100.289738 -52.257870
v 9.907538 98.563874 -49.286515
v -1.415653 77.829474 -39.322107
v 15.044609 80.195963 -39.322107
v 8.849187 81.873779 -48.355167
v 8.849187 81.873779 -48.355167
v 15.044609 80.195963 -39.322107
v 18.747799 90.584271 -39.322107
v 11.305306 90.584271 -50.516552
v 11.305306 90.584271 -50.516552
v 18.747799 90.584271 -39.322107
v 12.900696 100.393247 -39.322107
v 9.907538 98.563874 -49.286515
v -1.415653 103.339069 -39.322107
v 9.907538 98.563874 -49.286515
v 12.900696 100.393247 -39.322107
v 29.401523 82.422619 -37.138894
v 39.522410 85.860604 -28.232513
v 44.585477 84.794390 -37.138894
v 44.585477 84.794390 -37.138894
v 39.522410 85.860604 -28.232513
v 41.255964 94.475370 -26.706986
v 45.344061 94.475370 -37.138894
v 45.344061 94.475370 -37.138894
v 41.255964 94.475370 -26.706986
v 38.222446 101.592434 -29.376481
v 45.524510 103.635601 -37.138894
v 29.401523 106.528121 -37.138894
v 45.524510 103.635601 -37.138894
v 38.222446 101.592434 -29.376481
v 29.401523 82.422619 -37.138894
v 29.401523 87.124176 -25.263771
v 39.522410 85.860604 -28.232513
v 39.522410 85.860604 -28.232513
v 29.401523 87.124176 -25.263771
v 29.401523 94.475370 -21.530355
v 41.255964 94.475370 -26.706986
v 41.255964 94.475370 -26.706986
v 29.401523 94.475370 -21.530355
v 29.401523 103.382900 -26.478791
v 38.222446 101.592434 -29.376481
v 29.401523 106.528121 -37.138894
v 38.222446 101.592434 -29.376481
v 29.401523 103.382900 -26.478791
v 29.401523 82.422619 -37.138894
v 20.025843 86.565573 -28.888295
v 29.401523 87.124176 -25.263771
v 29.401523 87.124176 -25.263771
v 20.025843 86.565573 -28.888295
v 15.383753 94.475370 -24.803256
v 29.401523 94.475370 -21.530355
v 29.401523 94.475370 -21.530355
v 15.383753 94.475370 -24.803256
v 21.411652 103.660644 -30.107807
v 29.401523 103.382900 -26.478791
v 29.401523 106.528121 -37.138894
v 29.401523 103.382900 -26.478791
v 21.411652 103.660644 -30.107807
v 29.401523 82.422619 -37.138894
v 14.573262 86.503752 -37.138894
v 20.025843 86.565573 -28.888295
v 20.025843 86.565573 -28.888295
v 14.573262 86.503752 -37.138894
v 11.780649 94.475370 -37.138894
v 15.383753 94.475370 -24.803256
v 15.383753 94.475370 -24.803256
v 11.780649 94.475370 -37.138894
v 13.274449 102.478440 -37.138894
v 21.411652 103.660644 -30.107807
v 29.401523 106.528121 -37.138894
v 21.411652 103.660644 -30.107807
v 13.274449 102.478440 -37.138894
v 29.401523 82.422619 -37.138894
v 20.137710 84.528967 -45.291049
v 14.573262 86.503752 -37.138894
v 14.573262 86.503752 -37.138894
v 20.137710 84.528967 -45.291049
v 15.257348 94.475370 -49.585768
v 11.780649 94.475370 -37.138894
v 11.780649 94.475370 -37.138894
v 15.257348 94.475370 -49.585768
v 20.531131 102.597607 -44.944839
v 13.274449 102.478440 -37.138894
v 29.401523 106.528121 -37.138894
v 13.274449 102.478440 -37.138894
v 20.531131 102.597607 -44.944839
v 29.401523 82.422619 -37.138894
v 29.401523 86.252133 -50.349514
v 20.137710 84.528967 -45.291049
v 20.137710 84.528967 -45.291049
v 29.401523 86.252133 -50.349514
v 29.401523 94.475370 -53.415933
v 15.257348 94.475370 -49.585768
v 15.257348 94.475370 -49.585768
v 29.401523 94.475370 -53.415933
v 29.401523 104.524234 -48.904353
v 20.531131 102.597607 -44.944839
v 29.401523 106.528121 -37.138894
v 20.531131 102.597607 -44.944839
v 29.401523 104.524234 -48.904353
v 29.401523 82.422619 -37.138894
v 39.518631 85.958041 -46.041949
v 29.401523 86.252133 -50.349514
v 29.401523 86.252133 -50.349514
v 39.518631 85.958041 -46.041949
v 44.507032 94.475370 -50.431741
v 29.401523 94.475370 -53.415933
v 29.401523 94.475370 -53.415933
v 44.507032 94.475370 -50.431741
v 38.448355 102.179760 -45.100106
v 29.401523 104.524234 -48.904353
v 29.401523 106.528121 -37.138894
v 29.401523 104.524234 -48.904353
v 38.448355 102.179760 -45.100106
v 29.401523 82.422619 -37.138894
v 44.585477 84.794390 -37.138894
v 39.518631 85.958041 -46.041949
v 39.518631 85.958041 -46.041949
v 44.585477 84.794390 -37.138894
v 45.344061 94.475370 -37.138894
v 44.507032 94.475370 -50.431741
v 44.507032 94.475370 -50.431741
v 45.344061 94.475370 -37.138894
v 45.524510 103.635601 -37.138894
v 38.448355 102.179760 -45.100106
v 29.401523 106.528121 -37.138894
v 38.448355 102.179760 -45.100106
v 45.524510 103.635601 -37.138894
vt 0.000000 0.000000
vt 1.000000 0.000000
vt 1.000000 1.000000
vt 0.000000 1.000000
vt 0.500000 1.000000
vt 0.000000 0.000000
vt 1.000000 0.000000
vt 0.000000 0.000000
vt 1.000000 0.000000
vt 1.000000 1.000000
vt 0.000000 1.000000
vt 0.500000 1.000000
vt 0.000000 0.000000
vt 1.000000 0.000000
vt 0.000000 0.000000
vt 1.000000 0.000000
vt 1.000000 1.000000
vt 0.000000 1.000000
vt 0.500000 1.000000
vt 0.000000 0.000000
vt 1.000000 0.000000
vt 0.000000 0.000000
vt 1.000000 0.000000
vt 1.000000 1.000000
vt 0.000000 1.000000
vt 0.500000 1.000000
vt 0.000000 0.000000
vt 1.000000 0.000000
vt 0.000000 0.000000
vt 1.000000 0.000000
vt 1.000000 1.000000
vt 0.000000 1.000000
vt 0.500000 1.000000
vt 0.000000 0.000000
vt 1.000000 0.000000
vt 0.000000 0.000000
vt 1.000000 0.000000
vt 1.000000 1.000000
vt 0.000000 1.000000
vt 0.500000 1.000000
vt 0.000000 0.000000
vt 1.000000 0.000000
vt 0.000000 0.000000
vt 1.000000 0.000000
vt 1.000000 1.000000
vt 0.000000 1.000000
vt 0.500000 1.000000
vt 0.000000 0.000000
vt 1.000000 0.000000
vt 0.000000 0.000000
vt 1.000000 0.000000
vt 1.000000 1.000000
vt 0.000000 1.000000
vt 0.500000 1.000000
vt 0.000000 0.000000
vt 1.000000 0.000000
vt 0.000000 0.000000
vt 1.000000 0.000000
vt 1.000000 1.000000
vt 0.000000 1.000000
vt 0.500000 1.000000
vt 0.000000 0.000000
vt 1.000000 0.000000
vt 0.000000 0.000000
vt 1.000000 0.000000
vt 1.000000 1.000000
vt 0.000000 1.000000
vt 0.500000 1.000000
vt 0.000000 0.000000
vt 1.000000 0.000000
vt 0.000000 0.000000
vt 1.000000 0.000000
vt 1.000000 1.000000
vt 0.000000 1.000000
vt 0.500000 1.000000
vt 0.000000 0.000000
vt 1.000000 0.000000
vt 0.000000 0.000000
vt 1.000000 0.000000
vt 1.000000 1.000000
vt 0.000000 1.000000
vt 0.500000 1.000000
vt 0.000000 0.000000
vt 1.000000 0.000000
vt 0.000000 0.000000
vt 1.000000 0.000000
vt 1.000000 1.000000
vt 0.000000 1.000000
vt 0.500000 1.000000
vt 0.000000 0.000000
vt 1.000000 0.000000
vt 0.000000 0.000000
vt 1.000000 0.000000
vt 1.000000 1.000000
vt 0.000000 1.000000
vt 0.500000 1.000000
vt 0.000000 0.000000
vt 1.000000 0.000000
vt 0.000000 0.000000
vt 1.000000 0.000000
vt 1.000000 1.000000
vt 0.000000 1.000000
vt 0.500000 1.000000
vt 0.000000 0.000000
vt 1.000000 0.000000
vt 0.000000 0.000000
vt 1.000000 0.000000
vt 1.000000 1.000000
vt 0.000000 1.000000
vt 0.500000 1.000000
vt 0.000000 0.000000
vt 1.000000 0.000000
vt 0.000000 0.000000
vt 1.000000 0.000000
vt 1.000000 1.000000
vt 0.000000 1.000000
vt 0.500000 1.000000
vt 0.000000 0.000000
vt 1.000000 0.000000
vt 0.000000 0.000000
vt 1.000000 0.000000
vt 1.000000 1.000000
vt 0.000000 1.000000
vt 0.500000 1.000000
vt 0.000000 0.000000
vt 1.000000 0.000000
vt 0.000000 0.000000
vt 1.000000 0.000000
vt 1.000000 1.000000
vt 0.000000 1.000000
vt 0.500000 1.000000
vt 0.000000 0.000000
vt 1.000000 0.000000
vt 0.000000 0.000000
vt 1.000000 0.000000
vt 1.000000 1.000000
vt 0.000000 1.000000
vt 0.500000 1.000000
vt 0.000000 0.000000
vt 1.000000 0.000000
vt 0.000000 0.000000
vt 1.000000 0.000000
vt 1.000000 1.000000
vt 0.000000 1.000000
vt 0.500000 1.000000
vt 0.000000 0.000000
vt 1.000000 0.000000
vt 0.000000 0.000000
vt 1.000000 0.000000
vt 1.000000 1.000000
vt 0.000000 1.000000
vt 0.500000 1.000000
vt 0.000000 0.000000
vt 1.000000 0.000000
vt 0.000000 0.000000
vt 1.000000 0.000000
vt 1.000000 1.000000
vt 0.000000 1.000000
vt 0.500000 1.000000
vt 0.000000 0.000000
vt 1.000000 0.000000
vt 0.000000 0.000000
vt 1.000000 0.000000
vt 1.000000 1.000000
vt 0.000000 1.000000
vt 0.500000 1.000000
vt 0.000000 0.000000
vt 1.000000 0.000000
vt 0.000000 0.000000
vt 1.000000 0.000000
vt 1.000000 1.000000
vt 0.000000 1.000000
vt 0.500000 1.000000
vt 0.000000 0.000000
vt 1.000000 0.000000
vt 0.000000 0.000000
vt 1.000000 0.000000
vt 1.000000 1.000000
vt 0.000000 1.000000
vt 0.500000 1.000000
vt 0.000000 0.000000
vt 1.000000 0.000000
vt 0.000000 0.000000
vt 1.000000 0.000000
vt 1.000000 1.000000
vt 0.000000 1.000000
vt 0.500000 1.000000
vt 0.000000 0.000000
vt 1.000000 0.000000
vt 0.000000 0.000000
vt 1.000000 0.000000
vt 1.000000 1.000000
vt 0.000000 1.000000
vt 0.500000 1.000000
vt 0.000000 0.000000
vt 1.000000 0.000000
vt 0.000000 0.000000
vt 1.000000 0.000000
vt 1.000000 1.000000
vt 0.000000 1.000000
vt 0.500000 1.000000
vt 0.000000 0.000000
vt 1.000000 0.000000
vt 0.000000 0.000000
vt 1.000000 0.000000
vt 1.000000 1.000000
vt 0.000000 1.000000
vt 0.500000 1.000000
vt 0.000000 0.000000
vt 1.000000 0.000000
vt 0.000000 0.000000
vt 1.000000 0.000000
vt 1.000000 1.000000
vt 0.000000 1.000000
vt 0.500000 1.000000
vt 0.000000 0.000000
vt 1.000000 0.000000
vt 0.000000 0.000000
vt 1.000000 0.000000
vt 1.000000 1.000000
vt 0.000000 1.000000
vt 0.500000 1.000000
vt 0.000000 0.000000
vt 1.000000 0.000000
vt 0.000000 0.000000
vt 1.000000 0.000000
vt 1.000000 1.000000
vt 0.000000 1.000000
vt 0.500000 1.000000
vt 0.000000 0.000000
vt 1.000000 0.000000
vt 0.000000 0.000000
vt 1.000000 0.000000
vt 1.000000 1.000000
vt 0.000000 1.000000
vt 0.500000 1.000000
vt 0.000000 0.000000
vt 1.000000 0.000000
vt 0.000000 0.000000
vt 1.000000 0.000000
vt 1.000000 1.000000
vt 0.000000 1.000000
vt 0.500000 1.000000
vt 0.000000 0.000000
vt 1.000000 0.000000
vt 0.000000 0.000000
vt 1.000000 0.000000
vt 1.000000 1.000000
vt 0.000000 1.000000
vt 0.500000 1.000000
vt 0.000000 0.000000
vt 1.000000 0.000000
vt 0.000000 0.000000
vt 1.000000 0.000000
vt 1.000000 1.000000
vt 0.000000 1.000000
vt 0.500000 1.000000
vt 0.000000 0.000000
vt 1.000000 0.000000
vt 0.000000 0.000000
vt 1.000000 0.000000
vt 1.000000 1.000000
vt 0.000000 1.000000
vt 0.500000 1.000000
vt 0.000000 0.000000
vt 1.000000 0.000000
vt 0.000000 0.000000
vt 1.000000 0.000000
vt 1.000000 1.000000
vt 0.000000 1.000000
vt 0.500000 1.000000
vt 0.000000 0.000000
vt 1.000000 0.000000
vt 0.000000 0.000000
vt 1.000000 0.000000
vt 1.000000 1.000000
vt 0.000000 1.000000
vt 0.500000 1.000000
vt 0.000000 0.000000
vt 1.000000 0.000000
vt 0.000000 0.000000
vt 1.000000 0.000000
vt 1.000000 1.000000
vt 0.000000 1.000000
vt 0.500000 1.000000
vt 0.000000 0.000000
vt 1.000000 0.000000
vt 0.000000 0.000000
vt 1.000000 0.000000
vt 1.000000 1.000000
vt 0.000000 1.000000
vt 0.500000 1.000000
vt 0.000000 0.000000
vt 1.000000 0.000000
vt 0.000000 0.000000
vt 1.000000 0.000000
vt 1.000000 1.000000
vt 0.000000 1.000000
vt 0.500000 1.000000
vt 0.000000 0.000000
vt 1.000000 0.000000
vt 0.000000 0.000000
vt 1.000000 0.000000
vt 1.000000 1.000000
vt 0.000000 1.000000
vt 0.500000 1.000000
vt 0.000000 0.000000
vt 1.000000 0.000000
vt 0.000000 0.000000
vt 1.000000 0.000000
vt 1.000000 1.000000
vt 0.000000 1.000000
vt 0.500000 1.000000
vt 0.000000 0.000000
vt 1.000000 0.000000
vt 0.000000 0.000000
vt 1.000000 0.000000
vt 1.000000 1.000000
vt 0.000000 1.000000
vt 0.500000 1.000000
vt 0.000000 0.000000
vt 1.000000 0.000000
vt 0.000000 0.000000
vt 1.000000 0.000000
vt 1.000000 1.000000
vt 0.000000 1.000000
vt 0.500000 1.000000
vt 0.000000 0.000000
vt 1.000000 0.000000
vt 0.000000 0.000000
vt 1.000000 0.000000
vt 1.000000 1.000000
vt 0.000000 1.000000
vt 0.500000 1.000000
vt 0.000000 0.000000
vt 1.000000 0.000000
vt 0.000000 0.000000
vt 1.000000 0.000000
vt 1.000000 1.000000
vt 0.000000 1.000000
vt 0.500000 1.000000
vt 0.000000 0.000000
vt 1.000000 0.000000
vt 0.000000 0.000000
vt 1.000000 0.000000
vt 1.000000 1.000000
vt 0.000000 1.000000
vt 0.500000 1.000000
vt 0.000000 0.000000
vt 1.000000 0.000000
vt 0.000000 0.000000
vt 1.000000 0.000000
vt 1.000000 1.000000
vt 0.000000 1.000000
vt 0.500000 1.000000
vt 0.000000 0.000000
vt 1.000000 0.000000
vt 0.000000 0.000000
vt 1.000000 0.000000
vt 1.000000 1.000000
vt 0.000000 1.000000
vt 0.500000 1.000000
vt 0.000000 0.000000
vt 1.000000 0.000000
vt 0.000000 0.000000
vt 1.000000 0.000000
vt 1.000000 1.000000
vt 0.000000 1.000000
vt 0.500000 1.000000
vt 0.000000 0.000000
vt 1.000000 0.000000
vt 0.000000 0.000000
vt 1.000000 0.000000
vt 1.000000 1.000000
vt 0.000000 1.000000
vt 0.500000 1.000000
vt 0.000000 0.000000
vt 1.000000 0.000000
vt 0.000000 0.000000
vt 1.000000 0.000000
vt 1.000000 1.000000
vt 0.000000 1.000000
vt 0.500000 1.000000
vt 0.000000 0.000000
vt 1.000000 0.000000
vt 0.000000 0.000000
vt 1.000000 0.000000
vt 1.000000 1.000000
vt 0.000000 1.000000
vt 0.500000 1.000000
vt 0.000000 0.000000
vt 1.000000 0.000000
vt 0.000000 0.000000
vt 1.000000 0.000000
vt 1.000000 1.000000
vt 0.000000 1.000000
vt 0.500000 1.000000
vt 0.000000 0.000000
vt 1.000000 0.000000
vt 0.000000 0.000000
vt 1.000000 0.000000
vt 1.000000 1.000000
vt 0.000000 1.000000
vt 0.500000 1.000000
vt 0.000000 0.000000
vt 1.000000 0.000000
vt 0.000000 0.000000
vt 1.000000 0.000000
vt 1.000000 1.000000
vt 0.000000 1.000000
vt 0.500000 1.000000
vt 0.000000 0.000000
vt 1.000000 0.000000
vt 0.000000 0.000000
vt 1.000000 0.000000
vt 1.000000 1.000000
vt 0.000000 1.000000
vt 0.500000 1.000000
vt 0.000000 0.000000
vt 1.000000 0.000000
vt 0.000000 0.000000
vt 1.000000 0.000000
vt 1.000000 1.000000
vt 0.000000 1.000000
vt 0.500000 1.000000
vt 0.000000 0.000000
vt 1.000000 0.000000
vt 0.000000 0.000000
vt 1.000000 0.000000
vt 1.000000 1.000000
vt 0.000000 1.000000
vt 0.500000 1.000000
vt 0.000000 0.000000
vt 1.000000 0.000000
vt 0.000000 0.000000
vt 1.000000 0.000000
vt 1.000000 1.000000
vt 0.000000 1.000000
vt 0.500000 1.000000
vt 0.000000 0.000000
vt 1.000000 0.000000
vt 0.000000 0.000000
vt 1.000000 0.000000
vt 1.000000 1.000000
vt 0.000000 1.000000
vt 0.500000 1.000000
vt 0.000000 0.000000
vt 1.000000 0.000000
vt 0.000000 0.000000
vt 1.000000 0.000000
vt 1.000000 1.000000
vt 0.000000 1.000000
vt 0.500000 1.000000
vt 0.000000 0.000000
vt 1.000000 0.000000
vt 0.000000 0.000000
vt 1.000000 0.000000
vt 1.000000 1.000000
vt 0.000000 1.000000
vt 0.500000 1.000000
vt 0.000000 0.000000
vt 1.000000 0.000000
vt 0.000000 0.000000
vt 1.000000 0.000000
vt 1.000000 1.000000
vt 0.000000 1.000000
vt 0.500000 1.000000
vt 0.000000 0.000000
vt 1.000000 0.000000
vt 0.000000 0.000000
vt 1.000000 0.000000
vt 1.000000 1.000000
vt 0.000000 1.000000
vt 0.500000 1.000000
vt 0.000000 0.000000
vt 1.000000 0.000000
vt 0.000000 0.000000
vt 1.000000 0.000000
vt 1.000000 1.000000
vt 0.000000 1.000000
vt 0.500000 1.000000
vt 0.000000 0.000000
vt 1.000000 0.000000
vt 0.000000 0.000000
vt 1.000000 0.000000
vt 1.000000 1.000000
vt 0.000000 1.000000
vt 0.500000 1.000000
vt 0.000000 0.000000
vt 1.000000 0.000000
vt 0.000000 0.000000
vt 1.000000 0.000000
vt 1.000000 1.000000
vt 0.000000 1.000000
vt 0.500000 1.000000
vt 0.000000 0.000000
vt 1.000000 0.000000
vt 0.000000 0.000000
vt 1.000000 0.000000
vt 1.000000 1.000000
vt 0.000000 1.000000
vt 0.500000 1.000000
vt 0.000000 0.000000
vt 1.000000 0.000000
vt 0.000000 0.000000
vt 1.000000 0.000000
vt 1.000000 1.000000
vt 0.000000 1.000000
vt 0.500000 1.000000
vt 0.000000 0.000000
vt 1.000000 0.000000
vt 0.000000 0.000000
vt 1.000000 0.000000
vt 1.000000 1.000000
vt 0.000000 1.000000
vt 0.500000 1.000000
vt 0.000000 0.000000
vt 1.000000 0.000000
vt 0.000000 0.000000
vt 1.000000 0.000000
vt 1.000000 1.000000
vt 0.000000 1.000000
vt 0.500000 1.000000
vt 0.000000 0.000000
vt 1.000000 0.000000
vt 0.000000 0.000000
vt 1.000000 0.000000
vt 1.000000 1.000000
vt 0.000000 1.000000
vt 0.500000 1.000000
vt 0.000000 0.000000
vt 1.000000 0.000000
vt 0.000000 0.000000
vt 1.000000 0.000000
vt 1.000000 1.000000
vt 0.000000 1.000000
vt 0.500000 1.000000
vt 0.000000 0.000000
vt 1.000000 0.000000
vt 0.000000 0.000000
vt 1.000000 0.000000
vt 1.000000 1.000000
vt 0.000000 1.000000
vt 0.500000 1.000000
vt 0.000000 0.000000
vt 1.000000 0.000000
vt 0.000000 0.000000
vt 1.000000 0.000000
vt 1.000000 1.000000
vt 0.000000 1.000000
vt 0.500000 1.000000
vt 0.000000 0.000000
vt 1.000000 0.000000
vt 0.000000 0.000000
vt 1.000000 0.000000
vt 1.000000 1.000000
vt 0.000000 1.000000
vt 0.500000 1.000000
vt 0.000000 0.000000
vt 1.000000 0.000000
vt 0.000000 0.000000
vt 1.000000 0.000000
vt 1.000000 1.000000
vt 0.000000 1.000000
vt 0.500000 1.000000
vt 0.000000 0.000000
vt 1.000000 0.000000
vt 0.000000 0.000000
vt 1.000000 0.000000
vt 1.000000 1.000000
vt 0.000000 1.000000
vt 0.500000 1.000000
vt 0.000000 0.000000
vt 1.000000 0.000000
vt 0.000000 0.000000
vt 1.000000 0.000000
vt 1.000000 1.000000
vt 0.000000 1.000000
vt 0.500000 1.000000
vt 0.000000 0.000000
vt 1.000000 0.000000
vt 0.000000 0.000000
vt 1.000000 0.000000
vt 1.000000 1.000000
vt 0.000000 1.000000
vt 0.500000 1.000000
vt 0.000000 0.000000
vt 1.000000 0.000000
vt 0.000000 0.000000
vt 1.000000 0.000000
vt 1.000000 1.000000
vt 0.000000 1.000000
vt 0.500000 1.000000
vt 0.000000 0.000000
vt 1.000000 0.000000
vt 0.000000 0.000000
vt 1.000000 0.000000
vt 1.000000 1.000000
vt 0.000000 1.000000
vt 0.500000 1.000000
vt 0.000000 0.000000
vt 1.000000 0.000000
vt 0.000000 0.000000
vt 1.000000 0.000000
vt 1.000000 1.000000
vt 0.000000 1.000000
vt 0.500000 1.000000
vt 0.000000 0.000000
vt 1.000000 0.000000
vt 0.000000 0.000000
vt 1.000000 0.000000
vt 1.000000 1.000000
vt 0.000000 1.000000
vt 0.500000 1.000000
vt 0.000000 0.000000
vt 1.000000 0.000000
vt 0.000000 0.000000
vt 1.000000 0.000000
vt 1.000000 1.000000
vt 0.000000 1.000000
vt 0.500000 1.000000
vt 0.000000 0.000000
vt 1.000000 0.000000
vt 0.000000 0.000000
vt 1.000000 0.000000
vt 1.000000 1.000000
vt 0.000000 1.000000
vt 0.500000 1.000000
vt 0.000000 0.000000
vt 1.000000 0.000000
vt 0.000000 0.000000
vt 1.000000 0.000000
vt 1.000000 1.000000
vt 0.000000 1.000000
vt 0.500000 1.000000
vt 0.000000 0.000000
vt 1.000000 0.000000
vt 0.000000 0.000000
vt 1.000000 0.000000
vt 1.000000 1.000000
vt 0.000000 1.000000
vt 0.500000 1.000000
vt 0.000000 0.000000
vt 1.000000 0.000000
vt 0.000000 0.000000
vt 1.000000 0.000000
vt 1.000000 1.000000
vt 0.000000 1.000000
vt 0.500000 1.000000
vt 0.000000 0.000000
vt 1.000000 0.000000
vt 0.000000 0.000000
vt 1.000000 0.000000
vt 1.000000 1.000000
vt 0.000000 1.000000
vt 0.500000 1.000000
vt 0.000000 0.000000
vt 1.000000 0.000000
vt 0.000000 0.000000
vt 1.000000 0.000000
vt 1.000000 1.000000
vt 0.000000 1.000000
vt 0.500000 1.000000
vt 0.000000 0.000000
vt 1.000000 0.000000
vt 0.000000 0.000000
vt 1.000000 0.000000
vt 1.000000 1.000000
vt 0.000000 1.000000
vt 0.500000 1.000000
vt 0.000000 0.000000
vt 1.000000 0.000000
vt 0.000000 0.000000
vt 1.000000 0.000000
vt 1.000000 1.000000
vt 0.000000 1.000000
vt 0.500000 1.000000
vt 0.000000 0.000000
vt 1.000000 0.000000
vt 0.000000 0.000000
vt 1.000000 0.000000
vt 1.000000 1.000000
vt 0.000000 1.000000
vt 0.500000 1.000000
vt 0.000000 0.000000
vt 1.000000 0.000000
vt 0.000000 0.000000
vt 1.000000 0.000000
vt 1.000000 1.000000
vt 0.000000 1.000000
vt 0.500000 1.000000
vt 0.000000 0.000000
vt 1.000000 0.000000
vt 0.000000 0.000000
vt 1.000000 0.000000
vt 1.000000 1.000000
vt 0.000000 1.000000
vt 0.500000 1.000000
vt 0.000000 0.000000
vt 1.000000 0.000000
vt 0.000000 0.000000
vt 1.000000 0.000000
vt 1.000000 1.000000
vt 0.000000 1.000000
vt 0.500000 1.000000
vt 0.000000 0.000000
vt 1.000000 0.000000
vt 0.000000 0.000000
vt 1.000000 0.000000
vt 1.000000 1.000000
vt 0.000000 1.000000
vt 0.500000 1.000000
vt 0.000000 0.000000
vt 1.000000 0.000000
vt 0.000000 0.000000
vt 1.000000 0.000000
vt 1.000000 1.000000
vt 0.000000 1.000000
vt 0.500000 1.000000
vt 0.000000 0.000000
vt 1.000000 0.000000
vt 0.000000 0.000000
vt 1.000000 0.000000
vt 1.000000 1.000000
vt 0.000000 1.000000
vt 0.500000 1.000000
vt 0.000000 0.000000
vt 1.000000 0.000000
vt 0.000000 0.000000
vt 1.000000 0.000000
vt 1.000000 1.000000
vt 0.000000 1.000000
vt 0.500000 1.000000
vt 0.000000 0.000000
vt 1.000000 0.000000
vt 0.000000 0.000000
vt 1.000000 0.000000
vt 1.000000 1.000000
vt 0.000000 1.000000
vt 0.500000 1.000000
vt 0.000000 0.000000
vt 1.000000 0.000000
vt 0.000000 0.000000
vt 1.000000 0.000000
vt 1.000000 1.000000
vt 0.000000 1.000000
vt 0.500000 1.000000
vt 0.000000 0.000000
vt 1.000000 0.000000
vt 0.000000 0.000000
vt 1.000000 0.000000
vt 1.000000 1.000000
vt 0.000000 1.000000
vt 0.500000 1.000000
vt 0.000000 0.000000
vt 1.000000 0.000000
vt 0.000000 0.000000
vt 1.000000 0.000000
vt 1.000000 1.000000
vt 0.000000 1.000000
vt 0.500000 1.000000
vt 0.000000 0.000000
vt 1.000000 0.000000
vt 0.000000 0.000000
vt 1.000000 0.000000
vt 1.000000 1.000000
vt 0.000000 1.000000
vt 0.500000 1.000000
vt 0.000000 0.000000
vt 1.000000 0.000000
vt 0.000000 0.000000
vt 1.000000 0.000000
vt 1.000000 1.000000
vt 0.000000 1.000000
vt 0.500000 1.000000
vt 0.000000 0.000000
vt 1.000000 0.000000
vt 0.000000 0.000000
vt 1.000000 0.000000
vt 1.000000 1.000000
vt 0.000000 1.000000
vt 0.500000 1.000000
vt 0.000000 0.000000
vt 1.000000 0.000000
vt 0.000000 0.000000
vt 1.000000 0.000000
vt 1.000000 1.000000
vt 0.000000 1.000000
vt 0.500000 1.000000
vt 0.000000 0.000000
vt 1.000000 0.000000
vt 0.000000 0.000000
vt 1.000000 0.000000
vt 1.000000 1.000000
vt 0.000000 1.000000
vt 0.500000 1.000000
vt 0.000000 0.000000
vt 1.000000 0.000000
vt 0.000000 0.000000
vt 1.000000 0.000000
vt 1.000000 1.000000
vt 0.000000 1.000000
vt 0.500000 1.000000
vt 0.000000 0.000000
vt 1.000000 0.000000
vt 0.000000 0.000000
vt 1.000000 0.000000
vt 1.000000 1.000000
vt 0.000000 1.000000
vt 0.500000 1.000000
vt 0.000000 0.000000
vt 1.000000 0.000000
vt 0.000000 0.000000
vt 1.000000 0.000000
vt 1.000000 1.000000
vt 0.000000 1.000000
vt 0.500000 1.000000
vt 0.000000 0.000000
vt 1.000000 0.000000
vt 0.000000 0.000000
vt 1.000000 0.000000
vt 1.000000 1.000000
vt 0.000000 1.000000
vt 0.500000 1.000000
vt 0.000000 0.000000
vt 1.000000 0.000000
vt 0.000000 0.000000
vt 1.000000 0.000000
vt 1.000000 1.000000
vt 0.000000 1.000000
vt 0.500000 1.000000
vt 0.000000 0.000000
vt 1.000000 0.000000
vt 0.000000 0.000000
vt 1.000000 0.000000
vt 1.000000 1.000000
vt 0.000000 1.000000
vt 0.500000 1.000000
vt 0.000000 0.000000
vt 1.000000 0.000000
vt 0.000000 0.000000
vt 1.000000 0.000000
vt 1.000000 1.000000
vt 0.000000 1.000000
vt 0.500000 1.000000
vt 0.000000 0.000000
vt 1.000000 0.000000
vt 0.000000 0.000000
vt 1.000000 0.000000
vt 1.000000 1.000000
vt 0.000000 1.000000
vt 0.500000 1.000000
vt 0.000000 0.000000
vt 1.000000 0.000000
vt 0.000000 0.000000
vt 1.000000 0.000000
vt 1.000000 1.000000
vt 0.000000 1.000000
vt 0.500000 1.000000
vt 0.000000 0.000000
vt 1.000000 0.000000
vt 0.000000 0.000000
vt 1.000000 0.000000
vt 1.000000 1.000000
vt 0.000000 1.000000
vt 0.500000 1.000000
vt 0.000000 0.000000
vt 1.000000 0.000000
vt 0.000000 0.000000
vt 1.000000 0.000000
vt 1.000000 1.000000
vt 0.000000 1.000000
vt 0.500000 1.000000
vt 0.000000 0.000000
vt 1.000000 0.000000
vt 0.000000 0.000000
vt 1.000000 0.000000
vt 1.000000 1.000000
vt 0.000000 1.000000
vt 0.500000 1.000000
vt 0.000000 0.000000
vt 1.000000 0.000000
vt 0.000000 0.000000
vt 1.000000 0.000000
vt 1.000000 1.000000
vt 0.000000 1.000000
vt 0.500000 1.000000
vt 0.000000 0.000000
vt 1.000000 0.000000
vt 0.000000 0.000000
vt 1.000000 0.000000
vt 1.000000 1.000000
vt 0.000000 1.000000
vt 0.500000 1.000000
vt 0.000000 0.000000
vt 1.000000 0.000000
vt 0.000000 0.000000
vt 1.000000 0.000000
vt 1.000000 1.000000
vt 0.000000 1.000000
vt 0.500000 1.000000
vt 0.000000 0.000000
vt 1.000000 0.000000
vt 0.000000 0.000000
vt 1.000000 0.000000
vt 1.000000 1.000000
vt 0.000000 1.000000
vt 0.500000 1.000000
vt 0.000000 0.000000
vt 1.000000 0.000000
vt 0.000000 0.000000
vt 1.000000 0.000000
vt 1.000000 1.000000
vt 0.000000 1.000000
vt 0.500000 1.000000
vt 0.000000 0.000000
vt 1.000000 0.000000
vt 0.000000 0.000000
vt 1.000000 0.000000
vt 1.000000 1.000000
vt 0.000000 1.000000
vt 0.500000 1.000000
vt 0.000000 0.000000
vt 1.000000 0.000000
vt 0.000000 0.000000
vt 1.000000 0.000000
vt 1.000000 1.000000
vt 0.000000 1.000000
vt 0.500000 1.000000
vt 0.000000 0.000000
vt 1.000000 0.000000
vt 0.000000 0.000000
vt 1.000000 0.000000
vt 1.000000 1.000000
vt 0.000000 1.000000
vt 0.500000 1.000000
vt 0.000000 0.000000
vt 1.000000 0.000000
vt 0.000000 0.000000
vt 1.000000 0.000000
vt 1.000000 1.000000
vt 0.000000 1.000000
vt 0.500000 1.000000
vt 0.000000 0.000000
vt 1.000000 0.000000
vt 0.000000 0.000000
vt 1.000000 0.000000
vt 1.000000 1.000000
vt 0.000000 1.000000
vt 0.500000 1.000000
vt 0.000000 0.000000
vt 1.000000 0.000000
vt 0.000000 0.000000
vt 1.000000 0.000000
vt 1.000000 1.000000
vt 0.000000 1.000000
vt 0.500000 1.000000
vt 0.000000 0.000000
vt 1.000000 0.000000
vt 0.000000 0.000000
vt 1.000000 0.000000
vt 1.000000 1.000000
vt 0.000000 1.000000
vt 0.500000 1.000000
vt 0.000000 0.000000
vt 1.000000 0.000000
vt 0.000000 0.000000
vt 1.000000 0.000000
vt 1.000000 1.000000
vt 0.000000 1.000000
vt 0.500000 1.000000
vt 0.000000 0.000000
vt 1.000000 0.000000
vt 0.000000 0.000000
vt 1.000000 0.000000
vt 1.000000 1.000000
vt 0.000000 1.000000
vt 0.500000 1.000000
vt 0.000000 0.000000
vt 1.000000 0.000000
vt 0.000000 0.000000
vt 1.000000 0.000000
vt 1.000000 1.000000
vt 0.000000 1.000000
vt 0.500000 1.000000
vt 0.000000 0.000000
vt 1.000000 0.000000
vt 0.000000 0.000000
vt 1.000000 0.000000
vt 1.000000 1.000000
vt 0.000000 1.000000
vt 0.500000 1.000000
vt 0.000000 0.000000
vt 1.000000 0.000000
vt 0.000000 0.000000
vt 1.000000 0.000000
vt 1.000000 1.000000
vt 0.000000 1.000000
vt 0.500000 1.000000
vt 0.000000 0.000000
vt 1.000000 0.000000
vt 0.000000 0.000000
vt 1.000000 0.000000
vt 1.000000 1.000000
vt 0.000000 1.000000
vt 0.500000 1.000000
vt 0.000000 0.000000
vt 1.000000 0.000000
vt 0.000000 0.000000
vt 1.000000 0.000000
vt 1.000000 1.000000
vt 0.000000 1.000000
vt 0.500000 1.000000
vt 0.000000 0.000000
vt 1.000000 0.000000
vt 0.000000 0.000000
vt 1.000000 0.000000
vt 1.000000 1.000000
vt 0.000000 1.000000
vt 0.500000 1.000000
vt 0.000000 0.000000
vt 1.000000 0.000000
vt 0.000000 0.000000
vt 1.000000 0.000000
vt 1.000000 1.000000
vt 0.000000 1.000000
vt 0.500000 1.000000
vt 0.000000 0.000000
vt 1.000000 0.000000
vt 0.000000 0.000000
vt 1.000000 0.000000
vt 1.000000 1.000000
vt 0.000000 1.000000
vt 0.500000 1.000000
vt 0.000000 0.000000
vt 1.000000 0.000000
vt 0.000000 0.000000
vt 1.000000 0.000000
vt 1.000000 1.000000
vt 0.000000 1.000000
vt 0.500000 1.000000
vt 0.000000 0.000000
vt 1.000000 0.000000
vt 0.000000 0.000000
vt 1.000000 0.000000
vt 1.000000 1.000000
vt 0.000000 1.000000
vt 0.500000 1.000000
vt 0.000000 0.000000
vt 1.000000 0.000000
vt 0.000000 0.000000
vt 1.000000 0.000000
vt 1.000000 1.000000
vt 0.000000 1.000000
vt 0.500000 1.000000
vt 0.000000 0.000000
vt 1.000000 0.000000
vt 0.000000 0.000000
vt 1.000000 0.000000
vt 1.000000 1.000000
vt 0.000000 1.000000
vt 0.500000 1.000000
vt 0.000000 0.000000
vt 1.000000 0.000000
vt 0.500000 1.000000
vt 0.000000 0.000000
vt 1.000000 0.000000
vt 0.000000 0.000000
vt 1.000000 0.000000
vt 1.000000 1.000000
vt 0.000000 1.000000
vt 0.000000 0.000000
vt 1.000000 0.000000
vt 1.000000 1.000000
vt 0.000000 1.000000
vt 0.500000 1.000000
vt 0.000000 0.000000
vt 1.000000 0.000000
vt 0.500000 1.000000
vt 0.000000 0.000000
vt 1.000000 0.000000
vt 0.000000 0.000000
vt 1.000000 0.000000
vt 1.000000 1.000000
vt 0.000000 1.000000
vt 0.000000 0.000000
vt 1.000000 0.000000
vt 1.000000 1.000000
vt 0.000000 1.000000
vt 0.500000 1.000000
vt 0.000000 0.000000
vt 1.000000 0.000000
vt 0.500000 1.000000
vt 0.000000 0.000000
vt 1.000000 0.000000
vt 0.000000 0.000000
vt 1.000000 0.000000
vt 1.000000 1.000000
vt 0.000000 1.000000
vt 0.000000 0.000000
vt 1.000000 0.000000
vt 1.000000 1.000000
vt 0.000000 1.000000
vt 0.500000 1.000000
vt 0.000000 0.000000
vt 1.000000 0.000000
vt 0.500000 1.000000
vt 0.000000 0.000000
vt 1.000000 0.000000
vt 0.000000 0.000000
vt 1.000000 0.000000
vt 1.000000 1.000000
vt 0.000000 1.000000
vt 0.000000 0.000000
vt 1.000000 0.000000
vt 1.000000 1.000000
vt 0.000000 1.000000
vt 0.500000 1.000000
vt 0.000000 0.000000
vt 1.000000 0.000000
vt 0.500000 1.000000
vt 0.000000 0.000000
vt 1.000000 0.000000
vt 0.000000 0.000000
vt 1.000000 0.000000
vt 1.000000 1.000000
vt 0.000000 1.000000
vt 0.000000 0.000000
vt 1.000000 0.000000
vt 1.000000 1.000000
vt 0.000000 1.000000
vt 0.500000 1.000000
vt 0.000000 0.000000
vt 1.000000 0.000000
vt 0.500000 1.000000
vt 0.000000 0.000000
vt 1.000000 0.000000
vt 0.000000 0.000000
vt 1.000000 0.000000
vt 1.000000 1.000000
vt 0.000000 1.000000
vt 0.000000 0.000000
vt 1.000000 0.000000
vt 1.000000 1.000000
vt 0.000000 1.000000
vt 0.500000 1.000000
vt 0.000000 0.000000
vt 1.000000 0.000000
vt 0.500000 1.000000
vt 0.000000 0.000000
vt 1.000000 0.000000
vt 0.000000 0.000000
vt 1.000000 0.000000
vt 1.000000 1.000000
vt 0.000000 1.000000
vt 0.000000 0.000000
vt 1.000000 0.000000
vt 1.000000 1.000000
vt 0.000000 1.000000
vt 0.500000 1.000000
vt 0.000000 0.000000
vt 1.000000 0.000000
vt 0.500000 1.000000
vt 0.000000 0.000000
vt 1.000000 0.000000
vt 0.000000 0.000000
vt 1.000000 0.000000
vt 1.000000 1.000000
vt 0.000000 1.000000
vt 0.000000 0.000000
vt 1.000000 0.000000
vt 1.000000 1.000000
vt 0.000000 1.000000
vt 0.500000 1.000000
vt 0.000000 0.000000
vt 1.000000 0.000000
vt 0.500000 1.000000
vt 0.000000 0.000000
vt 1.000000 0.000000
vt 0.000000 0.000000
vt 1.000000 0.000000
vt 1.000000 1.000000
vt 0.000000 1.000000
vt 0.000000 0.000000
vt 1.000000 0.000000
vt 1.000000 1.000000
vt 0.000000 1.000000
vt 0.500000 1.000000
vt 0.000000 0.000000
vt 1.000000 0.000000
vt 0.500000 1.000000
vt 0.000000 0.000000
vt 1.000000 0.000000
vt 0.000000 0.000000
vt 1.000000 0.000000
vt 1.000000 1.000000
vt 0.000000 1.000000
vt 0.000000 0.000000
vt 1.000000 0.000000
vt 1.000000 1.000000
vt 0.000000 1.000000
vt 0.500000 1.000000
vt 0.000000 0.000000
vt 1.000000 0.000000
vt 0.500000 1.000000
vt 0.000000 0.000000
vt 1.000000 0.000000
vt 0.000000 0.000000
vt 1.000000 0.000000
vt 1.000000 1.000000
vt 0.000000 1.000000
vt 0.000000 0.000000
vt 1.000000 0.000000
vt 1.000000 1.000000
vt 0.000000 1.000000
vt 0.500000 1.000000
vt 0.000000 0.000000
vt 1.000000 0.000000
vt 0.500000 1.000000
vt 0.000000 0.000000
vt 1.000000 0.000000
vt 0.000000 0.000000
vt 1.000000 0.000000
vt 1.000000 1.000000
vt 0.000000 1.000000
vt 0.000000 0.000000
vt 1.000000 0.000000
vt 1.000000 1.000000
vt 0.000000 1.000000
vt 0.500000 1.000000
vt 0.000000 0.000000
vt 1.000000 0.000000
vt 0.500000 1.000000
vt 0.000000 0.000000
vt 1.000000 0.000000
vt 0.000000 0.000000
vt 1.000000 0.000000
vt 1.000000 1.000000
vt 0.000000 1.000000
vt 0.000000 0.000000
vt 1.000000 0.000000
vt 1.000000 1.000000
vt 0.000000 1.000000
vt 0.500000 1.000000
vt 0.000000 0.000000
vt 1.000000 0.000000
vt 0.500000 1.000000
vt 0.000000 0.000000
vt 1.000000 0.000000
vt 0.000000 0.000000
vt 1.000000 0.000000
vt 1.000000 1.000000
vt 0.000000 1.000000
vt 0.000000 0.000000
vt 1.000000 0.000000
vt 1.000000 1.000000
vt 0.000000 1.000000
vt 0.500000 1.000000
vt 0.000000 0.000000
vt 1.000000 0.000000
vt 0.500000 1.000000
vt 0.000000 0.000000
vt 1.000000 0.000000
vt 0.000000 0.000000
vt 1.000000 0.000000
vt 1.000000 1.000000
vt 0.000000 1.000000
vt 0.000000 0.000000
vt 1.000000 0.000000
vt 1.000000 1.000000
vt 0.000000 1.000000
vt 0.500000 1.000000
vt 0.000000 0.000000
vt 1.000000 0.000000
vt 0.500000 1.000000
vt 0.000000 0.000000
vt 1.000000 0.000000
vt 0.000000 0.000000
vt 1.000000 0.000000
vt 1.000000 1.000000
vt 0.000000 1.000000
vt 0.000000 0.000000
vt 1.000000 0.000000
vt 1.000000 1.000000
vt 0.000000 1.000000
vt 0.500000 1.000000
vt 0.000000 0.000000
vt 1.000000 0.000000
vt 0.500000 1.000000
vt 0.000000 0.000000
vt 1.000000 0.000000
vt 0.000000 0.000000
vt 1.000000 0.000000
vt 1.000000 1.000000
vt 0.000000 1.000000
vt 0.000000 0.000000
vt 1.000000 0.000000
vt 1.000000 1.000000
vt 0.000000 1.000000
vt 0.500000 1.000000
vt 0.000000 0.000000
vt 1.000000 0.000000
vt 0.500000 1.000000
vt 0.000000 0.000000
vt 1.000000 0.000000
vt 0.000000 0.000000
vt 1.000000 0.000000
vt 1.000000 1.000000
vt 0.000000 1.000000
vt 0.000000 0.000000
vt 1.000000 0.000000
vt 1.000000 1.000000
vt 0.000000 1.000000
vt 0.500000 1.000000
vt 0.000000 0.000000
vt 1.000000 0.000000
vt 0.500000 1.000000
vt 0.000000 0.000000
vt 1.000000 0.000000
vt 0.000000 0.000000
vt 1.000000 0.000000
vt 1.000000 1.000000
vt 0.000000 1.000000
vt 0.000000 0.000000
vt 1.000000 0.000000
vt 1.000000 1.000000
vt 0.000000 1.000000
vt 0.500000 1.000000
vt 0.000000 0.000000
vt 1.000000 0.000000
vt 0.500000 1.000000
vt 0.000000 0.000000
vt 1.000000 0.000000
vt 0.000000 0.000000
vt 1.000000 0.000000
vt 1.000000 1.000000
vt 0.000000 1.000000
vt 0.000000 0.000000
vt 1.000000 0.000000
vt 1.000000 1.000000
vt 0.000000 1.000000
vt 0.500000 1.000000
vt 0.000000 0.000000
vt 1.000000 0.000000
vt 0.500000 1.000000
vt 0.000000 0.000000
vt 1.000000 0.000000
vt 0.000000 0.000000
vt 1.000000 0.000000
vt 1.000000 1.000000
vt 0.000000 1.000000
vt 0.000000 0.000000
vt 1.000000 0.000000
vt 1.000000 1.000000
vt 0.000000 1.000000
vt 0.500000 1.000000
vt 0.000000 0.000000
vt 1.000000 0.000000
vt 0.500000 1.000000
vt 0.000000 0.000000
vt 1.000000 0.000000
vt 0.000000 0.000000
vt 1.000000 0.000000
vt 1.000000 1.000000
vt 0.000000 1.000000
vt 0.000000 0.000000
vt 1.000000 0.000000
vt 1.000000 1.000000
vt 0.000000 1.000000
vt 0.500000 1.000000
vt 0.000000 0.000000
vt 1.000000 0.000000
vt 0.500000 1.000000
vt 0.000000 0.000000
vt 1.000000 0.000000
vt 0.000000 0.000000
vt 1.000000 0.000000
vt 1.000000 1.000000
vt 0.000000 1.000000
vt 0.000000 0.000000
vt 1.000000 0.000000
vt 1.000000 1.000000
vt 0.000000 1.000000
vt 0.500000 1.000000
vt 0.000000 0.000000
vt 1.000000 0.000000
vt 0.500000 1.000000
vt 0.000000 0.000000
vt 1.000000 0.000000
vt 0.000000 0.000000
vt 1.000000 0.000000
vt 1.000000 1.000000
vt 0.000000 1.000000
vt 0.000000 0.000000
vt 1.000000 0.000000
vt 1.000000 1.000000
vt 0.000000 1.000000
vt 0.500000 1.000000
vt 0.000000 0.000000
vt 1.000000 0.000000
vt 0.500000 1.000000
vt 0.000000 0.000000
vt 1.000000 0.000000
vt 0.000000 0.000000
vt 1.000000 0.000000
vt 1.000000 1.000000
vt 0.000000 1.000000
vt 0.000000 0.000000
vt 1.000000 0.000000
vt 1.000000 1.000000
vt 0.000000 1.000000
vt 0.500000 1.000000
vt 0.000000 0.000000
vt 1.000000 0.000000
vt 0.500000 1.000000
vt 0.000000 0.000000
vt 1.000000 0.000000
vt 0.000000 0.000000
vt 1.000000 0.000000
vt 1.000000 1.000000
vt 0.000000 1.000000
vt 0.000000 0.000000
vt 1.000000 0.000000
vt 1.000000 1.000000
vt 0.000000 1.000000
vt 0.500000 1.000000
vt 0.000000 0.000000
vt 1.000000 0.000000
vt 0.500000 1.000000
vt 0.000000 0.000000
vt 1.000000 0.000000
vt 0.000000 0.000000
vt 1.000000 0.000000
vt 1.000000 1.000000
vt 0.000000 1.000000
vt 0.000000 0.000000
vt 1.000000 0.000000
vt 1.000000 1.000000
vt 0.000000 1.000000
vt 0.500000 1.000000
vt 0.000000 0.000000
vt 1.000000 0.000000
vt 0.500000 1.000000
vt 0.000000 0.000000
vt 1.000000 0.000000
vt 0.000000 0.000000
vt 1.000000 0.000000
vt 1.000000 1.000000
vt 0.000000 1.000000
vt 0.000000 0.000000
vt 1.000000 0.000000
vt 1.000000 1.000000
vt 0.000000 1.000000
vt 0.500000 1.000000
vt 0.000000 0.000000
vt 1.000000 0.000000
vt 0.500000 1.000000
vt 0.000000 0.000000
vt 1.000000 0.000000
vt 0.000000 0.000000
vt 1.000000 0.000000
vt 1.000000 1.000000
vt 0.000000 1.000000
vt 0.000000 0.000000
vt 1.000000 0.000000
vt 1.000000 1.000000
vt 0.000000 1.000000
vt 0.500000 1.000000
vt 0.000000 0.000000
vt 1.000000 0.000000
vt 0.500000 1.000000
vt 0.000000 0.000000
vt 1.000000 0.000000
vt 0.000000 0.000000
vt 1.000000 0.000000
vt 1.000000 1.000000
vt 0.000000 1.000000
vt 0.000000 0.000000
vt 1.000000 0.000000
vt 1.000000 1.000000
vt 0.000000 1.000000
vt 0.500000 1.000000
vt 0.000000 0.000000
vt 1.000000 0.000000
vt 0.500000 1.000000
vt 0.000000 0.000000
vt 1.000000 0.000000
vt 0.000000 0.000000
vt 1.000000 0.000000
vt 1.000000 1.000000
vt 0.000000 1.000000
vt 0.000000 0.000000
vt 1.000000 0.000000
vt 1.000000 1.000000
vt 0.000000 1.000000
vt 0.500000 1.000000
vt 0.000000 0.000000
vt 1.000000 0.000000
vt 0.500000 1.000000
vt 0.000000 0.000000
vt 1.000000 0.000000
vt 0.000000 0.000000
vt 1.000000 0.000000
vt 1.000000 1.000000
vt 0.000000 1.000000
vt 0.000000 0.000000
vt 1.000000 0.000000
vt 1.000000 1.000000
vt 0.000000 1.000000
vt 0.500000 1.000000
vt 0.000000 0.000000
vt 1.000000 0.000000
vt 0.500000 1.000000
vt 0.000000 0.000000
vt 1.000000 0.000000
vt 0.000000 0.000000
vt 1.000000 0.000000
vt 1.000000 1.000000
vt 0.000000 1.000000
vt 0.000000 0.000000
vt 1.000000 0.000000
vt 1.000000 1.000000
vt 0.000000 1.000000
vt 0.500000 1.000000
vt 0.000000 0.000000
vt 1.000000 0.000000
vt 0.500000 1.000000
vt 0.000000 0.000000
vt 1.000000 0.000000
vt 0.000000 0.000000
vt 1.000000 0.000000
vt 1.000000 1.000000
vt 0.000000 1.000000
vt 0.000000 0.000000
vt 1.000000 0.000000
vt 1.000000 1.000000
vt 0.000000 1.000000
vt 0.500000 1.000000
vt 0.000000 0.000000
vt 1.000000 0.000000
vt 0.500000 1.000000
vt 0.000000 0.000000
vt 1.000000 0.000000
vt 0.000000 0.000000
vt 1.000000 0.000000
vt 1.000000 1.000000
vt 0.000000 1.000000
vt 0.000000 0.000000
vt 1.000000 0.000000
vt 1.000000 1.000000
vt 0.000000 1.000000
vt 0.500000 1.000000
vt 0.000000 0.000000
vt 1.000000 0.000000
vt 0.500000 1.000000
vt 0.000000 0.000000
vt 1.000000 0.000000
vt 0.000000 0.000000
vt 1.000000 0.000000
vt 1.000000 1.000000
vt 0.000000 1.000000
vt 0.000000 0.000000
vt 1.000000 0.000000
vt 1.000000 1.000000
vt 0.000000 1.000000
vt 0.500000 1.000000
vt 0.000000 0.000000
vt 1.000000 0.000000
vt 0.500000 1.000000
vt 0.000000 0.000000
vt 1.000000 0.000000
vt 0.000000 0.000000
vt 1.000000 0.000000
vt 1.000000 1.000000
vt 0.000000 1.000000
vt 0.000000 0.000000
vt 1.000000 0.000000
vt 1.000000 1.000000
vt 0.000000 1.000000
vt 0.500000 1.000000
vt 0.000000 0.000000
vt 1.000000 0.000000
vt 0.500000 1.000000
vt 0.000000 0.000000
vt 1.000000 0.000000
vt 0.000000 0.000000
vt 1.000000 0.000000
vt 1.000000 1.000000
vt 0.000000 1.000000
vt 0.000000 0.000000
vt 1.000000 0.000000
vt 1.000000 1.000000
vt 0.000000 1.000000
vt 0.500000 1.000000
vt 0.000000 0.000000
vt 1.000000 0.000000
vt 0.500000 1.000000
vt 0.000000 0.000000
vt 1.000000 0.000000
vt 0.000000 0.000000
vt 1.000000 0.000000
vt 1.000000 1.000000
vt 0.000000 1.000000
vt 0.000000 0.000000
vt 1.000000 0.000000
vt 1.000000 1.000000
vt 0.000000 1.000000
vt 0.500000 1.000000
vt 0.000000 0.000000
vt 1.000000 0.000000
vt 0.500000 1.000000
vt 0.000000 0.000000
vt 1.000000 0.000000
vt 0.000000 0.000000
vt 1.000000 0.000000
vt 1.000000 1.000000
vt 0.000000 1.000000
vt 0.000000 0.000000
vt 1.000000 0.000000
vt 1.000000 1.000000
vt 0.000000 1.000000
vt 0.500000 1.000000
vt 0.000000 0.000000
vt 1.000000 0.000000
vt 0.500000 1.000000
vt 0.000000 0.000000
vt 1.000000 0.000000
vt 0.000000 0.000000
vt 1.000000 0.000000
vt 1.000000 1.000000
vt 0.000000 1.000000
vt 0.000000 0.000000
vt 1.000000 0.000000
vt 1.000000 1.000000
vt 0.000000 1.000000
vt 0.500000 1.000000
vt 0.000000 0.000000
vt 1.000000 0.000000
vt 0.500000 1.000000
vt 0.000000 0.000000
vt 1.000000 0.000000
vt 0.000000 0.000000
vt 1.000000 0.000000
vt 1.000000 1.000000
vt 0.000000 1.000000
vt 0.000000 0.000000
vt 1.000000 0.000000
vt 1.000000 1.000000
vt 0.000000 1.000000
vt 0.500000 1.000000
vt 0.000000 0.000000
vt 1.000000 0.000000
vt 0.500000 1.000000
vt 0.000000 0.000000
vt 1.000000 0.000000
vt 0.000000 0.000000
vt 1.000000 0.000000
vt 1.000000 1.000000
vt 0.000000 1.000000
vt 0.000000 0.000000
vt 1.000000 0.000000
vt 1.000000 1.000000
vt 0.000000 1.000000
vt 0.500000 1.000000
vt 0.000000 0.000000
vt 1.000000 0.000000
vt 0.500000 1.000000
vt 0.000000 0.000000
vt 1.000000 0.000000
vt 0.000000 0.000000
vt 1.000000 0.000000
vt 1.000000 1.000000
vt 0.000000 1.000000
vt 0.000000 0.000000
vt 1.000000 0.000000
vt 1.000000 1.000000
vt 0.000000 1.000000
vt 0.500000 1.000000
vt 0.000000 0.000000
vt 1.000000 0.000000
vt 0.500000 1.000000
vt 0.000000 0.000000
vt 1.000000 0.000000
vt 0.000000 0.000000
vt 1.000000 0.000000
vt 1.000000 1.000000
vt 0.000000 1.000000
vt 0.000000 0.000000
vt 1.000000 0.000000
vt 1.000000 1.000000
vt 0.000000 1.000000
vt 0.500000 1.000000
vt 0.000000 0.000000
vt 1.000000 0.000000
vt 0.500000 1.000000
vt 0.000000 0.000000
vt 1.000000 0.000000
vt 0.000000 0.000000
vt 1.000000 0.000000
vt 1.000000 1.000000
vt 0.000000 1.000000
vt 0.000000 0.000000
vt 1.000000 0.000000
vt 1.000000 1.000000
vt 0.000000 1.000000
vt 0.500000 1.000000
vt 0.000000 0.000000
vt 1.000000 0.000000
vt 0.500000 1.000000
vt 0.000000 0.000000
vt 1.000000 0.000000
vt 0.000000 0.000000
vt 1.000000 0.000000
vt 1.000000 1.000000
vt 0.000000 1.000000
vt 0.000000 0.000000
vt 1.000000 0.000000
vt 1.000000 1.000000
vt 0.000000 1.000000
vt 0.500000 1.000000
vt 0.000000 0.000000
vt 1.000000 0.000000
vt 0.500000 1.000000
vt 0.000000 0.000000
vt 1.000000 0.000000
vt 0.000000 0.000000
vt 1.000000 0.000000
vt 1.000000 1.000000
vt 0.000000 1.000000
vt 0.000000 0.000000
vt 1.000000 0.000000
vt 1.000000 1.000000
vt 0.000000 1.000000
vt 0.500000 1.000000
vt 0.000000 0.000000
vt 1.000000 0.000000
vt 0.500000 1.000000
vt 0.000000 0.000000
vt 1.000000 0.000000
vt 0.000000 0.000000
vt 1.000000 0.000000
vt 1.000000 1.000000
vt 0.000000 1.000000
vt 0.000000 0.000000
vt 1.000000 0.000000
vt 1.000000 1.000000
vt 0.000000 1.000000
vt 0.500000 1.000000
vt 0.000000 0.000000
vt 1.000000 0.000000
vt 0.500000 1.000000
vt 0.000000 0.000000
vt 1.000000 0.000000
vt 0.000000 0.000000
vt 1.000000 0.000000
vt 1.000000 1.000000
vt 0.000000 1.000000
vt 0.000000 0.000000
vt 1.000000 0.000000
vt 1.000000 1.000000
vt 0.000000 1.000000
vt 0.500000 1.000000
vt 0.000000 0.000000
vt 1.000000 0.000000
vt 0.500000 1.000000
vt 0.000000 0.000000
vt 1.000000 0.000000
vt 0.000000 0.000000
vt 1.000000 0.000000
vt 1.000000 1.000000
vt 0.000000 1.000000
vt 0.000000 0.000000
vt 1.000000 0.000000
vt 1.000000 1.000000
vt 0.000000 1.000000
vt 0.500000 1.000000
vt 0.000000 0.000000
vt 1.000000 0.000000
vt 0.500000 1.000000
vt 0.000000 0.000000
vt 1.000000 0.000000
vt 0.000000 0.000000
vt 1.000000 0.000000
vt 1.000000 1.000000
vt 0.000000 1.000000
vt 0.000000 0.000000
vt 1.000000 0.000000
vt 1.000000 1.000000
vt 0.000000 1.000000
vt 0.500000 1.000000
vt 0.000000 0.000000
vt 1.000000 0.000000
vt 0.500000 1.000000
vt 0.000000 0.000000
vt 1.000000 0.000000
vt 0.000000 0.000000
vt 1.000000 0.000000
vt 1.000000 1.000000
vt 0.000000 1.000000
vt 0.000000 0.000000
vt 1.000000 0.000000
vt 1.000000 1.000000
vt 0.000000 1.000000
vt 0.500000 1.000000
vt 0.000000 0.000000
vt 1.000000 0.000000
vt 0.500000 1.000000
vt 0.000000 0.000000
vt 1.000000 0.000000
vt 0.000000 0.000000
vt 1.000000 0.000000
vt 1.000000 1.000000
vt 0.000000 1.000000
vt 0.000000 0.000000
vt 1.000000 0.000000
vt 1.000000 1.000000
vt 0.000000 1.000000
vt 0.500000 1.000000
vt 0.000000 0.000000
vt 1.000000 0.000000
vt 0.500000 1.000000
vt 0.000000 0.000000
vt 1.000000 0.000000
vt 0.000000 0.000000
vt 1.000000 0.000000
vt 1.000000 1.000000
vt 0.000000 1.000000
vt 0.000000 0.000000
vt 1.000000 0.000000
vt 1.000000 1.000000
vt 0.000000 1.000000
vt 0.500000 1.000000
vt 0.000000 0.000000
vt 1.000000 0.000000
vt 0.500000 1.000000
vt 0.000000 0.000000
vt 1.000000 0.000000
vt 0.000000 0.000000
vt 1.000000 0.000000
vt 1.000000 1.000000
vt 0.000000 1.000000
vt 0.000000 0.000000
vt 1.000000 0.000000
vt 1.000000 1.000000
vt 0.000000 1.000000
vt 0.500000 1.000000
vt 0.000000 0.000000
vt 1.000000 0.000000
vt 0.500000 1.000000
vt 0.000000 0.000000
vt 1.000000 0.000000
vt 0.000000 0.000000
vt 1.000000 0.000000
vt 1.000000 1.000000
vt 0.000000 1.000000
vt 0.000000 0.000000
vt 1.000000 0.000000
vt 1.000000 1.000000
vt 0.000000 1.000000
vt 0.500000 1.000000
vt 0.000000 0.000000
vt 1.000000 0.000000
vt 0.500000 1.000000
vt 0.000000 0.000000
vt 1.000000 0.000000
vt 0.000000 0.000000
vt 1.000000 0.000000
vt 1.000000 1.000000
vt 0.000000 1.000000
vt 0.000000 0.000000
vt 1.000000 0.000000
vt 1.000000 1.000000
vt 0.000000 1.000000
vt 0.500000 1.000000
vt 0.000000 0.000000
vt 1.000000 0.000000
vt 0.500000 1.000000
vt 0.000000 0.000000
vt 1.000000 0.000000
vt 0.000000 0.000000
vt 1.000000 0.000000
vt 1.000000 1.000000
vt 0.000000 1.000000
vt 0.000000 0.000000
vt 1.000000 0.000000
vt 1.000000 1.000000
vt 0.000000 1.000000
vt 0.500000 1.000000
vt 0.000000 0.000000
vt 1.000000 0.000000
vt 0.500000 1.000000
vt 0.000000 0.000000
vt 1.000000 0.000000
vt 0.000000 0.000000
vt 1.000000 0.000000
vt 1.000000 1.000000
vt 0.000000 1.000000
vt 0.000000 0.000000
vt 1.000000 0.000000
vt 1.000000 1.000000
vt 0.000000 1.000000
vt 0.500000 1.000000
vt 0.000000 0.000000
vt 1.000000 0.000000
vt 0.500000 1.000000
vt 0.000000 0.000000
vt 1.000000 0.000000
vt 0.000000 0.000000
vt 1.000000 0.000000
vt 1.000000 1.000000
vt 0.000000 1.000000
vt 0.000000 0.000000
vt 1.000000 0.000000
vt 1.000000 1.000000
vt 0.000000 1.000000
vt 0.500000 1.000000
vt 0.000000 0.000000
vt 1.000000 0.000000
vt 0.500000 1.000000
vt 0.000000 0.000000
vt 1.000000 0.000000
vt 0.000000 0.000000
vt 1.000000 0.000000
vt 1.000000 1.000000
vt 0.000000 1.000000
vt 0.000000 0.000000
vt 1.000000 0.000000
vt 1.000000 1.000000
vt 0.000000 1.000000
vt 0.500000 1.000000
vt 0.000000 0.000000
vt 1.000000 0.000000
vt 0.500000 1.000000
vt 0.000000 0.000000
vt 1.000000 0.000000
vt 0.000000 0.000000
vt 1.000000 0.000000
vt 1.000000 1.000000
vt 0.000000 1.000000
vt 0.000000 0.000000
vt 1.000000 0.000000
vt 1.000000 1.000000
vt 0.000000 1.000000
vt 0.500000 1.000000
vt 0.000000 0.000000
vt 1.000000 0.000000
vt 0.500000 1.000000
vt 0.000000 0.000000
vt 1.000000 0.000000
vt 0.000000 0.000000
vt 1.000000 0.000000
vt 1.000000 1.000000
vt 0.000000 1.000000
vt 0.000000 0.000000
vt 1.000000 0.000000
vt 1.000000 1.000000
vt 0.000000 1.000000
vt 0.500000 1.000000
vt 0.000000 0.000000
vt 1.000000 0.000000
vt 0.500000 1.000000
vt 0.000000 0.000000
vt 1.000000 0.000000
vt 0.000000 0.000000
vt 1.000000 0.000000
vt 1.000000 1.000000
vt 0.000000 1.000000
vt 0.000000 0.000000
vt 1.000000 0.000000
vt 1.000000 1.000000
vt 0.000000 1.000000
vt 0.500000 1.000000
vt 0.000000 0.000000
vt 1.000000 0.000000
vt 0.500000 1.000000
vt 0.000000 0.000000
vt 1.000000 0.000000
vt 0.000000 0.000000
vt 1.000000 0.000000
vt 1.000000 1.000000
vt 0.000000 1.000000
vt 0.000000 0.000000
vt 1.000000 0.000000
vt 1.000000 1.000000
vt 0.000000 1.000000
vt 0.500000 1.000000
vt 0.000000 0.000000
vt 1.000000 0.000000
vt 0.500000 1.000000
vt 0.000000 0.000000
vt 1.000000 0.000000
vt 0.000000 0.000000
vt 1.000000 0.000000
vt 1.000000 1.000000
vt 0.000000 1.000000
vt 0.000000 0.000000
vt 1.000000 0.000000
vt 1.000000 1.000000
vt 0.000000 1.000000
vt 0.500000 1.000000
vt 0.000000 0.000000
vt 1.000000 0.000000
vt 0.500000 1.000000
vt 0.000000 0.000000
vt 1.000000 0.000000
vt 0.000000 0.000000
vt 1.000000 0.000000
vt 1.000000 1.000000
vt 0.000000 1.000000
vt 0.000000 0.000000
vt 1.000000 0.000000
vt 1.000000 1.000000
vt 0.000000 1.000000
vt 0.500000 1.000000
vt 0.000000 0.000000
vt 1.000000 0.000000
vt 0.500000 1.000000
vt 0.000000 0.000000
vt 1.000000 0.000000
vt 0.000000 0.000000
vt 1.000000 0.000000
vt 1.000000 1.000000
vt 0.000000 1.000000
vt 0.000000 0.000000
vt 1.000000 0.000000
vt 1.000000 1.000000
vt 0.000000 1.000000
vt 0.500000 1.000000
vt 0.000000 0.000000
vt 1.000000 0.000000
vt 0.500000 1.000000
vt 0.000000 0.000000
vt 1.000000 0.000000
vt 0.000000 0.000000
vt 1.000000 0.000000
vt 1.000000 1.000000
vt 0.000000 1.000000
vt 0.000000 0.000000
vt 1.000000 0.000000
vt 1.000000 1.000000
vt 0.000000 1.000000
vt 0.500000 1.000000
vt 0.000000 0.000000
vt 1.000000 0.000000
vt 0.500000 1.000000
vt 0.000000 0.000000
vt 1.000000 0.000000
vt 0.000000 0.000000
vt 1.000000 0.000000
vt 1.000000 1.000000
vt 0.000000 1.000000
vt 0.000000 0.000000
vt 1.000000 0.000000
vt 1.000000 1.000000
vt 0.000000 1.000000
vt 0.500000 1.000000
vt 0.000000 0.000000
vt 1.000000 0.000000
vt 0.500000 1.000000
vt 0.000000 0.000000
vt 1.000000 0.000000
vt 0.000000 0.000000
vt 1.000000 0.000000
vt 1.000000 1.000000
vt 0.000000 1.000000
vt 0.000000 0.000000
vt 1.000000 0.000000
vt 1.000000 1.000000
vt 0.000000 1.000000
vt 0.500000 1.000000
vt 0.000000 0.000000
vt 1.000000 0.000000
vt 0.500000 1.000000
vt 0.000000 0.000000
vt 1.000000 0.000000
vt 0.000000 0.000000
vt 1.000000 0.000000
vt 1.000000 1.000000
vt 0.000000 1.000000
vt 0.000000 0.000000
vt 1.000000 0.000000
vt 1.000000 1.000000
vt 0.000000 1.000000
vt 0.500000 1.000000
vt 0.000000 0.000000
vt 1.000000 0.000000
vt 0.500000 1.000000
vt 0.000000 0.000000
vt 1.000000 0.000000
vt 0.000000 0.000000
vt 1.000000 0.000000
vt 1.000000 1.000000
vt 0.000000 1.000000
vt 0.000000 0.000000
vt 1.000000 0.000000
vt 1.000000 1.000000
vt 0.000000 1.000000
vt 0.500000 1.000000
vt 0.000000 0.000000
vt 1.000000 0.000000
vt 0.500000 1.000000
vt 0.000000 0.000000
vt 1.000000 0.000000
vt 0.000000 0.000000
vt 1.000000 0.000000
vt 1.000000 1.000000
vt 0.000000 1.000000
vt 0.000000 0.000000
vt 1.000000 0.000000
vt 1.000000 1.000000
vt 0.000000 1.000000
vt 0.500000 1.000000
vt 0.000000 0.000000
vt 1.000000 0.000000
vt 0.500000 1.000000
vt 0.000000 0.000000
vt 1.000000 0.000000
vt 0.000000 0.000000
vt 1.000000 0.000000
vt 1.000000 1.000000
vt 0.000000 1.000000
vt 0.000000 0.000000
vt 1.000000 0.000000
vt 1.000000 1.000000
vt 0.000000 1.000000
vt 0.500000 1.000000
vt 0.000000 0.000000
vt 1.000000 0.000000
vt 0.500000 1.000000
vt 0.000000 0.000000
vt 1.000000 0.000000
vt 0.000000 0.000000
vt 1.000000 0.000000
vt 1.000000 1.000000
vt 0.000000 1.000000
vt 0.000000 0.000000
vt 1.000000 0.000000
vt 1.000000 1.000000
vt 0.000000 1.000000
vt 0.500000 1.000000
vt 0.000000 0.000000
vt 1.000000 0.000000
vt 0.500000 1.000000
vt 0.000000 0.000000
vt 1.000000 0.000000
vt 0.000000 0.000000
vt 1.000000 0.000000
vt 1.000000 1.000000
vt 0.000000 1.000000
vt 0.000000 0.000000
vt 1.000000 0.000000
vt 1.000000 1.000000
vt 0.000000 1.000000
vt 0.500000 1.000000
vt 0.000000 0.000000
vt 1.000000 0.000000
vt 0.500000 1.000000
vt 0.000000 0.000000
vt 1.000000 0.000000
vt 0.000000 0.000000
vt 1.000000 0.000000
vt 1.000000 1.000000
vt 0.000000 1.000000
vt 0.000000 0.000000
vt 1.000000 0.000000
vt 1.000000 1.000000
vt 0.000000 1.000000
vt 0.500000 1.000000
vt 0.000000 0.000000
vt 1.000000 0.000000
vt 0.500000 1.000000
vt 0.000000 0.000000
vt 1.000000 0.000000
vt 0.000000 0.000000
vt 1.000000 0.000000
vt 1.000000 1.000000
vt 0.000000 1.000000
vt 0.000000 0.000000
vt 1.000000 0.000000
vt 1.000000 1.000000
vt 0.000000 1.000000
vt 0.500000 1.000000
vt 0.000000 0.000000
vt 1.000000 0.000000
vt 0.500000 1.000000
vt 0.000000 0.000000
vt 1.000000 0.000000
vt 0.000000 0.000000
vt 1.000000 0.000000
vt 1.000000 1.000000
vt 0.000000 1.000000
vt 0.000000 0.000000
vt 1.000000 0.000000
vt 1.000000 1.000000
vt 0.000000 1.000000
vt 0.500000 1.000000
vt 0.000000 0.000000
vt 1.000000 0.000000
vt 0.500000 1.000000
vt 0.000000 0.000000
vt 1.000000 0.000000
vt 0.000000 0.000000
vt 1.000000 0.000000
vt 1.000000 1.000000
vt 0.000000 1.000000
vt 0.000000 0.000000
vt 1.000000 0.000000
vt 1.000000 1.000000
vt 0.000000 1.000000
vt 0.500000 1.000000
vt 0.000000 0.000000
vt 1.000000 0.000000
vt 0.500000 1.000000
vt 0.000000 0.000000
vt 1.000000 0.000000
vt 0.000000 0.000000
vt 1.000000 0.000000
vt 1.000000 1.000000
vt 0.000000 1.000000
vt 0.000000 0.000000
vt 1.000000 0.000000
vt 1.000000 1.000000
vt 0.000000 1.000000
vt 0.500000 1.000000
vt 0.000000 0.000000
vt 1.000000 0.000000
vt 0.500000 1.000000
vt 0.000000 0.000000
vt 1.000000 0.000000
vt 0.000000 0.000000
vt 1.000000 0.000000
vt 1.000000 1.000000
vt 0.000000 1.000000
vt 0.000000 0.000000
vt 1.000000 0.000000
vt 1.000000 1.000000
vt 0.000000 1.000000
vt 0.500000 1.000000
vt 0.000000 0.000000
vt 1.000000 0.000000
vt 0.500000 1.000000
vt 0.000000 0.000000
vt 1.000000 0.000000
vt 0.000000 0.000000
vt 1.000000 0.000000
vt 1.000000 1.000000
vt 0.000000 1.000000
vt 0.000000 0.000000
vt 1.000000 0.000000
vt 1.000000 1.000000
vt 0.000000 1.000000
vt 0.500000 1.000000
vt 0.000000 0.000000
vt 1.000000 0.000000
vt 0.500000 1.000000
vt 0.000000 0.000000
vt 1.000000 0.000000
vt 0.000000 0.000000
vt 1.000000 0.000000
vt 1.000000 1.000000
vt 0.000000 1.000000
vt 0.000000 0.000000
vt 1.000000 0.000000
vt 1.000000 1.000000
vt 0.000000 1.000000
vt 0.500000 1.000000
vt 0.000000 0.000000
vt 1.000000 0.000000
vt 0.500000 1.000000
vt 0.000000 0.000000
vt 1.000000 0.000000
vt 0.000000 0.000000
vt 1.000000 0.000000
vt 1.000000 1.000000
vt 0.000000 1.000000
vt 0.000000 0.000000
vt 1.000000 0.000000
vt 1.000000 1.000000
vt 0.000000 1.000000
vt 0.500000 1.000000
vt 0.000000 0.000000
vt 1.000000 0.000000
vt 0.500000 1.000000
vt 0.000000 0.000000
vt 1.000000 0.000000
vt 0.000000 0.000000
vt 1.000000 0.000000
vt 1.000000 1.000000
vt 0.000000 1.000000
vt 0.000000 0.000000
vt 1.000000 0.000000
vt 1.000000 1.000000
vt 0.000000 1.000000
vt 0.500000 1.000000
vt 0.000000 0.000000
vt 1.000000 0.000000
vt 0.500000 1.000000
vt 0.000000 0.000000
vt 1.000000 0.000000
vt 0.000000 0.000000
vt 1.000000 0.000000
vt 1.000000 1.000000
vt 0.000000 1.000000
vt 0.000000 0.000000
vt 1.000000 0.000000
vt 1.000000 1.000000
vt 0.000000 1.000000
vt 0.500000 1.000000
vt 0.000000 0.000000
vt 1.000000 0.000000
vt 0.500000 1.000000
vt 0.000000 0.000000
vt 1.000000 0.000000
vt 0.000000 0.000000
vt 1.000000 0.000000
vt 1.000000 1.000000
vt 0.000000 1.000000
vt 0.000000 0.000000
vt 1.000000 0.000000
vt 1.000000 1.000000
vt 0.000000 1.000000
vt 0.500000 1.000000
vt 0.000000 0.000000
vt 1.000000 0.000000
vt 0.500000 1.000000
vt 0.000000 0.000000
vt 1.000000 0.000000
vt 0.000000 0.000000
vt 1.000000 0.000000
vt 1.000000 1.000000
vt 0.000000 1.000000
vt 0.000000 0.000000
vt 1.000000 0.000000
vt 1.000000 1.000000
vt 0.000000 1.000000
vt 0.500000 1.000000
vt 0.000000 0.000000
vt 1.000000 0.000000
vt 0.500000 1.000000
vt 0.000000 0.000000
vt 1.000000 0.000000
vt 0.000000 0.000000
vt 1.000000 0.000000
vt 1.000000 1.000000
vt 0.000000 1.000000
vt 0.000000 0.000000
vt 1.000000 0.000000
vt 1.000000 1.000000
vt 0.000000 1.000000
vt 0.500000 1.000000
vt 0.000000 0.000000
vt 1.000000 0.000000
vt 0.500000 1.000000
vt 0.000000 0.000000
vt 1.000000 0.000000
vt 0.000000 0.000000
vt 1.000000 0.000000
vt 1.000000 1.000000
vt 0.000000 1.000000
vt 0.000000 0.000000
vt 1.000000 0.000000
vt 1.000000 1.000000
vt 0.000000 1.000000
vt 0.500000 1.000000
vt 0.000000 0.000000
vt 1.000000 0.000000
vt 0.500000 1.000000
vt 0.000000 0.000000
vt 1.000000 0.000000
vt 0.000000 0.000000
vt 1.000000 0.000000
vt 1.000000 1.000000
vt 0.000000 1.000000
vt 0.000000 0.000000
vt 1.000000 0.000000
vt 1.000000 1.000000
vt 0.000000 1.000000
vt 0.500000 1.000000
vt 0.000000 0.000000
vt 1.000000 0.000000
vt 0.500000 1.000000
vt 0.000000 0.000000
vt 1.000000 0.000000
vt 0.000000 0.000000
vt 1.000000 0.000000
vt 1.000000 1.000000
vt 0.000000 1.000000
vt 0.000000 0.000000
vt 1.000000 0.000000
vt 1.000000 1.000000
vt 0.000000 1.000000
vt 0.500000 1.000000
vt 0.000000 0.000000
vt 1.000000 0.000000
vt 0.500000 1.000000
vt 0.000000 0.000000
vt 1.000000 0.000000
vt 0.000000 0.000000
vt 1.000000 0.000000
vt 1.000000 1.000000
vt 0.000000 1.000000
vt 0.000000 0.000000
vt 1.000000 0.000000
vt 1.000000 1.000000
vt 0.000000 1.000000
vt 0.500000 1.000000
vt 0.000000 0.000000
vt 1.000000 0.000000
s 1
usemtl models/caelum/world/environment/bark_tundra.png
f 1/1 2/2 3/3 4/4
f 5/5 6/6 7/7
f 8/8 9/9 10/10 11/11
f 12/12 13/13 14/14
f 15/15 16/16 17/17 18/18
f 19/19 20/20 21/21
f 22/22 23/23 24/24 25/25
f 26/26 27/27 28/28
f 29/29 30/30 31/31 32/32
f 33/33 34/34 35/35
f 36/36 37/37 38/38 39/39
f 40/40 41/41 42/42
f 43/43 44/44 45/45 46/46
f 47/47 48/48 49/49
f 50/50 51/51 52/52 53/53
f 54/54 55/55 56/56
f 57/57 58/58 59/59 60/60
f 61/61 62/62 63/63
f 64/64 65/65 66/66 67/67
f 68/68 69/69 70/70
f 71/71 72/72 73/73 74/74
f 75/75 76/76 77/77
f 78/78 79/79 80/80 81/81
f 82/82 83/83 84/84
f 85/85 86/86 87/87 88/88
f 89/89 90/90 91/91
f 92/92 93/93 94/94 95/95
f 96/96 97/97 98/98
f 99/99 100/100 101/101 102/102
f 103/103 104/104 105/105
f 106/106 107/107 108/108 109/109
f 110/110 111/111 112/112
f 113/113 114/114 115/115 116/116
f 117/117 118/118 119/119
f 120/120 121/121 122/122 123/123
f 124/124 125/125 126/126
f 127/127 128/128 129/129 130/130
f 131/131 132/132 133/133
f 134/134 135/135 136/136 137/137
f 138/138 139/139 140/140
f 141/141 142/142 143/143 144/144
f 145/145 146/146 147/147
f 148/148 149/149 150/150 151/151
f 152/152 153/153 154/154
f 155/155 156/156 157/157 158/158
f 159/159 160/160 161/161
f 162/162 163/163 164/164 165/165
f 166/166 167/167 168/168
f 169/169 170/170 171/171 172/172
f 173/173 174/174 175/175
f 176/176 177/177 178/178 179/179
f 180/180 181/181 182/182
f 183/183 184/184 185/185 186/186
f 187/187 188/188 189/189
f 190/190 191/191 192/192 193/193
f 194/194 195/195 196/196
f 197/197 198/198 199/199 200/200
f 201/201 202/202 203/203
f 204/204 205/205 206/206 207/207
f 208/208 209/209 210/210
f 211/211 212/212 213/213 214/214
f 215/215 216/216 217/217
f 218/218 219/219 220/220 221/221
f 222/222 223/223 224/224
f 225/225 226/226 227/227 228/228
f 229/229 230/230 231/231
f 232/232 233/233 234/234 235/235
f 236/236 237/237 238/238
f 239/239 240/240 241/241 242/242
f 243/243 244/244 245/245
f 246/246 247/247 248/248 249/249
f 250/250 251/251 252/252
f 253/253 254/254 255/255 256/256
f 257/257 258/258 259/259
f 260/260 261/261 262/262 263/263
f 264/264 265/265 266/266
f 267/267 268/268 269/269 270/270
f 271/271 272/272 273/273
f 274/274 275/275 276/276 277/277
f 278/278 279/279 280/280
f 281/281 282/282 283/283 284/284
f 285/285 286/286 287/287
f 288/288 289/289 290/290 291/291
f 292/292 293/293 294/294
f 295/295 296/296 297/297 298/298
f 299/299 300/300 301/301
f 302/302 303/303 304/304 305/305
f 306/306 307/307 308/308
f 309/309 310/310 311/311 312/312
f 313/313 314/314 315/315
f 316/316 317/317 318/318 319/319
f 320/320 321/321 322/322
f 323/323 324/324 325/325 326/326
f 327/327 328/328 329/329
f 330/330 331/331 332/332 333/333
f 334/334 335/335 336/336
f 337/337 338/338 339/339 340/340
f 341/341 342/342 343/343
f 344/344 345/345 346/346 347/347
f 348/348 349/349 350/350
f 351/351 352/352 353/353 354/354
f 355/355 356/356 357/357
f 358/358 359/359 360/360 361/361
f 362/362 363/363 364/364
f 365/365 366/366 367/367 368/368
f 369/369 370/370 371/371
f 372/372 373/373 374/374 375/375
f 376/376 377/377 378/378
f 379/379 380/380 381/381 382/382
f 383/383 384/384 385/385
f 386/386 387/387 388/388 389/389
f 390/390 391/391 392/392
f 393/393 394/394 395/395 396/396
f 397/397 398/398 399/399
f 400/400 401/401 402/402 403/403
f 404/404 405/405 406/406
f 407/407 408/408 409/409 410/410
f 411/411 412/412 413/413
f 414/414 415/415 416/416 417/417
f 418/418 419/419 420/420
f 421/421 422/422 423/423 424/424
f 425/425 426/426 427/427
f 428/428 429/429 430/430 431/431
f 432/432 433/433 434/434
f 435/435 436/436 437/437 438/438
f 439/439 440/440 441/441
f 442/442 443/443 444/444 445/445
f 446/446 447/447 448/448
f 449/449 450/450 451/451 452/452
f 453/453 454/454 455/455
f 456/456 457/457 458/458 459/459
f 460/460 461/461 462/462
f 463/463 464/464 465/465 466/466
f 467/467 468/468 469/469
f 470/470 471/471 472/472 473/473
f 474/474 475/475 476/476
f 477/477 478/478 479/479 480/480
f 481/481 482/482 483/483
f 484/484 485/485 486/486 487/487
f 488/488 489/489 490/490
f 491/491 492/492 493/493 494/494
f 495/495 496/496 497/497
f 498/498 499/499 500/500 501/501
f 502/502 503/503 504/504
f 505/505 506/506 507/507 508/508
f 509/509 510/510 511/511
f 512/512 513/513 514/514 515/515
f 516/516 517/517 518/518
f 519/519 520/520 521/521 522/522
f 523/523 524/524 525/525
f 526/526 527/527 528/528 529/529
f 530/530 531/531 532/532
f 533/533 534/534 535/535 536/536
f 537/537 538/538 539/539
f 540/540 541/541 542/542 543/543
f 544/544 545/545 546/546
f 547/547 548/548 549/549 550/550
f 551/551 552/552 553/553
f 554/554 555/555 556/556 557/557
f 558/558 559/559 560/560
f 561/561 562/562 563/563 564/564
f 565/565 566/566 567/567
f 568/568 569/569 570/570 571/571
f 572/572 573/573 574/574
f 575/575 576/576 577/577 578/578
f 579/579 580/580 581/581
f 582/582 583/583 584/584 585/585
f 586/586 587/587 588/588
f 589/589 590/590 591/591 592/592
f 593/593 594/594 595/595
f 596/596 597/597 598/598 599/599
f 600/600 601/601 602/602
f 603/603 604/604 605/605 606/606
f 607/607 608/608 609/609
f 610/610 611/611 612/612 613/613
f 614/614 615/615 616/616
f 617/617 618/618 619/619 620/620
f 621/621 622/622 623/623
f 624/624 625/625 626/626 627/627
f 628/628 629/629 630/630
f 631/631 632/632 633/633 634/634
f 635/635 636/636 637/637
f 638/638 639/639 640/640 641/641
f 642/642 643/643 644/644
f 645/645 646/646 647/647 648/648
f 649/649 650/650 651/651
f 652/652 653/653 654/654 655/655
f 656/656 657/657 658/658
f 659/659 660/660 661/661 662/662
f 663/663 664/664 665/665
f 666/666 667/667 668/668 669/669
f 670/670 671/671 672/672
f 673/673 674/674 675/675 676/676
f 677/677 678/678 679/679
f 680/680 681/681 682/682 683/683
f 684/684 685/685 686/686
f 687/687 688/688 689/689 690/690
f 691/691 692/692 693/693
f 694/694 695/695 696/696 697/697
f 698/698 699/699 700/700
f 701/701 702/702 703/703 704/704
f 705/705 706/706 707/707
f 708/708 709/709 710/710 711/711
f 712/712 713/713 714/714
f 715/715 716/716 717/717 718/718
f 719/719 720/720 721/721
f 722/722 723/723 724/724 725/725
f 726/726 727/727 728/728
f 729/729 730/730 731/731 732/732
f 733/733 734/734 735/735
f 736/736 737/737 738/738 739/739
f 740/740 741/741 742/742
f 743/743 744/744 745/745 746/746
f 747/747 748/748 749/749
f 750/750 751/751 752/752 753/753
f 754/754 755/755 756/756
f 757/757 758/758 759/759 760/760
f 761/761 762/762 763/763
f 764/764 765/765 766/766 767/767
f 768/768 769/769 770/770
f 771/771 772/772 773/773 774/774
f 775/775 776/776 777/777
f 778/778 779/779 780/780 781/781
f 782/782 783/783 784/784
f 785/785 786/786 787/787 788/788
f 789/789 790/790 791/791
f 792/792 793/793 794/794 795/795
f 796/796 797/797 798/798
f 799/799 800/800 801/801 802/802
f 803/803 804/804 805/805
f 806/806 807/807 808/808 809/809
f 810/810 811/811 812/812
f 813/813 814/814 815/815 816/816
f 817/817 818/818 819/819
f 820/820 821/821 822/822 823/823
f 824/824 825/825 826/826
f 827/827 828/828 829/829 830/830
f 831/831 832/832 833/833
f 834/834 835/835 836/836 837/837
f 838/838 839/839 840/840
f 841/841 842/842 843/843 844/844
f 845/845 846/846 847/847
f 848/848 849/849 850/850 851/851
f 852/852 853/853 854/854
f 855/855 856/856 857/857 858/858
f 859/859 860/860 861/861
f 862/862 863/863 864/864 865/865
f 866/866 867/867 868/868
f 869/869 870/870 871/871 872/872
f 873/873 874/874 875/875
f 876/876 877/877 878/878 879/879
f 880/880 881/881 882/882
f 883/883 884/884 885/885 886/886
f 887/887 888/888 889/889
f 890/890 891/891 892/892 893/893
f 894/894 895/895 896/896
f 897/897 898/898 899/899 900/900
f 901/901 902/902 903/903
f 904/904 905/905 906/906 907/907
f 908/908 909/909 910/910
f 911/911 912/912 913/913 914/914
f 915/915 916/916 917/917
f 918/918 919/919 920/920 921/921
f 922/922 923/923 924/924
f 925/925 926/926 927/927 928/928
f 929/929 930/930 931/931
f 932/932 933/933 934/934 935/935
f 936/936 937/937 938/938
f 939/939 940/940 941/941 942/942
f 943/943 944/944 945/945
f 946/946 947/947 948/948 949/949
f 950/950 951/951 952/952
f 953/953 954/954 955/955 956/956
f 957/957 958/958 959/959
f 960/960 961/961 962/962 963/963
f 964/964 965/965 966/966
f 967/967 968/968 969/969 970/970
f 971/971 972/972 973/973
f 974/974 975/975 976/976 977/977
f 978/978 979/979 980/980
f 981/981 982/982 983/983 984/984
f 985/985 986/986 987/987
f 988/988 989/989 990/990 991/991
f 992/992 993/993 994/994
f 995/995 996/996 997/997 998/998
f 999/999 1000/1000 1001/1001
f 1002/1002 1003/1003 1004/1004 1005/1005
f 1006/1006 1007/1007 1008/1008
f 1009/1009 1010/1010 1011/1011 1012/1012
f 1013/1013 1014/1014 1015/1015
f 1016/1016 1017/1017 1018/1018 1019/1019
f 1020/1020 1021/1021 1022/1022
f 1023/1023 1024/1024 1025/1025 1026/1026
f 1027/1027 1028/1028 1029/1029
f 1030/1030 1031/1031 1032/1032 1033/1033
f 1034/1034 1035/1035 1036/1036
f 1037/1037 1038/1038 1039/1039 1040/1040
f 1041/1041 1042/1042 1043/1043
f 1044/1044 1045/1045 1046/1046 1047/1047
f 1048/1048 1049/1049 1050/1050
f 1051/1051 1052/1052 1053/1053 1054/1054
f 1055/1055 1056/1056 1057/1057
f 1058/1058 1059/1059 1060/1060 1061/1061
f 1062/1062 1063/1063 1064/1064
usemtl models/caelum/world/environment/foliage_tundra.png
f 1065/1065 1066/1066 1067/1067
f 1068/1068 1069/1069 1070/1070 1071/1071
f 1072/1072 1073/1073 1074/1074 1075/1075
f 1076/1076 1077/1077 1078/1078
f 1079/1079 1080/1080 1081/1081
f 1082/1082 1083/1083 1084/1084 1085/1085
f 1086/1086 1087/1087 1088/1088 1089/1089
f 1090/1090 1091/1091 1092/1092
f 1093/1093 1094/1094 1095/1095
f 1096/1096 1097/1097 1098/1098 1099/1099
f 1100/1100 1101/1101 1102/1102 1103/1103
f 1104/1104 1105/1105 1106/1106
f 1107/1107 1108/1108 1109/1109
f 1110/1110 1111/1111 1112/1112 1113/1113
f 1114/1114 1115/1115 1116/1116 1117/1117
f 1118/1118 1119/1119 1120/1120
f 1121/1121 1122/1122 1123/1123
f 1124/1124 1125/1125 1126/1126 1127/1127
f 1128/1128 1129/1129 1130/1130 1131/1131
f 1132/1132 1133/1133 1134/1134
f 1135/1135 1136/1136 1137/1137
f 1138/1138 1139/1139 1140/1140 1141/1141
f 1142/1142 1143/1143 1144/1144 1145/1145
f 1146/1146 1147/1147 1148/1148
f 1149/1149 1150/1150 1151/1151
f 1152/1152 1153/1153 1154/1154 1155/1155
f 1156/1156 1157/1157 1158/1158 1159/1159
f 1160/1160 1161/1161 1162/1162
f 1163/1163 1164/1164 1165/1165
f 1166/1166 1167/1167 1168/1168 1169/1169
f 1170/1170 1171/1171 1172/1172 1173/1173
f 1174/1174 1175/1175 1176/1176
f 1177/1177 1178/1178 1179/1179
f 1180/1180 1181/1181 1182/1182 1183/1183
f 1184/1184 1185/1185 1186/1186 1187/1187
f 1188/1188 1189/1189 1190/1190
f 1191/1191 1192/1192 1193/1193
f 1194/1194 1195/1195 1196/1196 1197/1197
f 1198/1198 1199/1199 1200/1200 1201/1201
f 1202/1202 1203/1203 1204/1204
f 1205/1205 1206/1206 1207/1207
f 1208/1208 1209/1209 1210/1210 1211/1211
f 1212/1212 1213/1213 1214/1214 1215/1215
f 1216/1216 1217/1217 1218/1218
f 1219/1219 1220/1220 1221/1221
f 1222/1222 1223/1223 1224/1224 1225/1225
f 1226/1226 1227/1227 1228/1228 1229/1229
f 1230/1230 1231/1231 1232/1232
f 1233/1233 1234/1234 1235/1235
f 1236/1236 1237/1237 1238/1238 1239/1239
f 1240/1240 1241/1241 1242/1242 1243/1243
f 1244/1244 1245/1245 1246/1246
f 1247/1247 1248/1248 1249/1249
f 1250/1250 1251/1251 1252/1252 1253/1253
f 1254/1254 1255/1255 1256/1256 1257/1257
f 1258/1258 1259/1259 1260/1260
f 1261/1261 1262/1262 1263/1263
f 1264/1264 1265/1265 1266/1266 1267/1267
f 1268/1268 1269/1269 1270/1270 1271/1271
f 1272/1272 1273/1273 1274/1274
f 1275/1275 1276/1276 1277/1277
f 1278/1278 1279/1279 1280/1280 1281/1281
f 1282/1282 1283/1283 1284/1284 1285/1285
f 1286/1286 1287/1287 1288/1288
f 1289/1289 1290/1290 1291/1291
f 1292/1292 1293/1293 1294/1294 1295/1295
f 1296/1296 1297/1297 1298/1298 1299/1299
f 1300/1300 1301/1301 1302/1302
f 1303/1303 1304/1304 1305/1305
f 1306/1306 1307/1307 1308/1308 1309/1309
f 1310/1310 1311/1311 1312/1312 1313/1313
f 1314/1314 1315/1315 1316/1316
f 1317/1317 1318/1318 1319/1319
f 1320/1320 1321/1321 1322/1322 1323/1323
f 1324/1324 1325/1325 1326/1326 1327/1327
f 1328/1328 1329/1329 1330/1330
f 1331/1331 1332/1332 1333/1333
f 1334/1334 1335/1335 1336/1336 1337/1337
f 1338/1338 1339/1339 1340/1340 1341/1341
f 1342/1342 1343/1343 1344/1344
f 1345/1345 1346/1346 1347/1347
f 1348/1348 1349/1349 1350/1350 1351/1351
f 1352/1352 1353/1353 1354/1354 1355/1355
f 1356/1356 1357/1357 1358/1358
f 1359/1359 1360/1360 1361/1361
f 1362/1362 1363/1363 1364/1364 1365/1365
f 1366/1366 1367/1367 1368/1368 1369/1369
f 1370/1370 1371/1371 1372/1372
f 1373/1373 1374/1374 1375/1375
f 1376/1376 1377/1377 1378/1378 1379/1379
f 1380/1380 1381/1381 1382/1382 1383/1383
f 1384/1384 1385/1385 1386/1386
f 1387/1387 1388/1388 1389/1389
f 1390/1390 1391/1391 1392/1392 1393/1393
f 1394/1394 1395/1395 1396/1396 1397/1397
f 1398/1398 1399/1399 1400/1400
f 1401/1401 1402/1402 1403/1403
f 1404/1404 1405/1405 1406/1406 1407/1407
f 1408/1408 1409/1409 1410/1410 1411/1411
f 1412/1412 1413/1413 1414/1414
f 1415/1415 1416/1416 1417/1417
f 1418/1418 1419/1419 1420/1420 1421/1421
f 1422/1422 1423/1423 1424/1424 1425/1425
f 1426/1426 1427/1427 1428/1428
f 1429/1429 1430/1430 1431/1431
f 1432/1432 1433/1433 1434/1434 1435/1435
f 1436/1436 1437/1437 1438/1438 1439/1439
f 1440/1440 1441/1441 1442/1442
f 1443/1443 1444/1444 1445/1445
f 1446/1446 1447/1447 1448/1448 1449/1449
f 1450/1450 1451/1451 1452/1452 1453/1453
f 1454/1454 1455/1455 1456/1456
f 1457/1457 1458/1458 1459/1459
f 1460/1460 1461/1461 1462/1462 1463/1463
f 1464/1464 1465/1465 1466/1466 1467/1467
f 1468/1468 1469/1469 1470/1470
f 1471/1471 1472/1472 1473/1473
f 1474/1474 1475/1475 1476/1476 1477/1477
f 1478/1478 1479/1479 1480/1480 1481/1481
f 1482/1482 1483/1483 1484/1484
f 1485/1485 1486/1486 1487/1487
f 1488/1488 1489/1489 1490/1490 1491/1491
f 1492/1492 1493/1493 1494/1494 1495/1495
f 1496/1496 1497/1497 1498/1498
f 1499/1499 1500/1500 1501/1501
f 1502/1502 1503/1503 1504/1504 1505/1505
f 1506/1506 1507/1507 1508/1508 1509/1509
f 1510/1510 1511/1511 1512/1512
f 1513/1513 1514/1514 1515/1515
f 1516/1516 1517/1517 1518/1518 1519/1519
f 1520/1520 1521/1521 1522/1522 1523/1523
f 1524/1524 1525/1525 1526/1526
f 1527/1527 1528/1528 1529/1529
f 1530/1530 1531/1531 1532/1532 1533/1533
f 1534/1534 1535/1535 1536/1536 1537/1537
f 1538/1538 1539/1539 1540/1540
f 1541/1541 1542/1542 1543/1543
f 1544/1544 1545/1545 1546/1546 1547/1547
f 1548/1548 1549/1549 1550/1550 1551/1551
f 1552/1552 1553/1553 1554/1554
f 1555/1555 1556/1556 1557/1557
f 1558/1558 1559/1559 1560/1560 1561/1561
f 1562/1562 1563/1563 1564/1564 1565/1565
f 1566/1566 1567/1567 1568/1568
f 1569/1569 1570/1570 1571/1571
f 1572/1572 1573/1573 1574/1574 1575/1575
f 1576/1576 1577/1577 1578/1578 1579/1579
f 1580/1580 1581/1581 1582/1582
f 1583/1583 1584/1584 1585/1585
f 1586/1586 1587/1587 1588/1588 1589/1589
f 1590/1590 1591/1591 1592/1592 1593/1593
f 1594/1594 1595/1595 1596/1596
f 1597/1597 1598/1598 1599/1599
f 1600/1600 1601/1601 1602/1602 1603/1603
f 1604/1604 1605/1605 1606/1606 1607/1607
f 1608/1608 1609/1609 1610/1610
f 1611/1611 1612/1612 1613/1613
f 1614/1614 1615/1615 1616/1616 1617/1617
f 1618/1618 1619/1619 1620/1620 1621/1621
f 1622/1622 1623/1623 1624/1624
f 1625/1625 1626/1626 1627/1627
f 1628/1628 1629/1629 1630/1630 1631/1631
f 1632/1632 1633/1633 1634/1634 1635/1635
f 1636/1636 1637/1637 1638/1638
f 1639/1639 1640/1640 1641/1641
f 1642/1642 1643/1643 1644/1644 1645/1645
f 1646/1646 1647/1647 1648/1648 1649/1649
f 1650/1650 1651/1651 1652/1652
f 1653/1653 1654/1654 1655/1655
f 1656/1656 1657/1657 1658/1658 1659/1659
f 1660/1660 1661/1661 1662/1662 1663/1663
f 1664/1664 1665/1665 1666/1666
f 1667/1667 1668/1668 1669/1669
f 1670/1670 1671/1671 1672/1672 1673/1673
f 1674/1674 1675/1675 1676/1676 1677/1677
f 1678/1678 1679/1679 1680/1680
f 1681/1681 1682/1682 1683/1683
f 1684/1684 1685/1685 1686/1686 1687/1687
f 1688/1688 1689/1689 1690/1690 1691/1691
f 1692/1692 1693/1693 1694/1694
f 1695/1695 1696/1696 1697/1697
f 1698/1698 1699/1699 1700/1700 1701/1701
f 1702/1702 1703/1703 1704/1704 1705/1705
f 1706/1706 1707/1707 1708/1708
f 1709/1709 1710/1710 1711/1711
f 1712/1712 1713/1713 1714/1714 1715/1715
f 1716/1716 1717/1717 1718/1718 1719/1719
f 1720/1720 1721/1721 1722/1722
f 1723/1723 1724/1724 1725/1725
f 1726/1726 1727/1727 1728/1728 1729/1729
f 1730/1730 1731/1731 1732/1732 1733/1733
f 1734/1734 1735/1735 1736/1736
f 1737/1737 1738/1738 1739/1739
f 1740/1740 1741/1741 1742/1742 1743/1743
f 1744/1744 1745/1745 1746/1746 1747/1747
f 1748/1748 1749/1749 1750/1750
f 1751/1751 1752/1752 1753/1753
f 1754/1754 1755/1755 1756/1756 1757/1757
f 1758/1758 1759/1759 1760/1760 1761/1761
f 1762/1762 1763/1763 1764/1764
f 1765/1765 1766/1766 1767/1767
f 1768/1768 1769/1769 1770/1770 1771/1771
f 1772/1772 1773/1773 1774/1774 1775/1775
f 1776/1776 1777/1777 1778/1778
f 1779/1779 1780/1780 1781/1781
f 1782/1782 1783/1783 1784/1784 1785/1785
f 1786/1786 1787/1787 1788/1788 1789/1789
f 1790/1790 1791/1791 1792/1792
f 1793/1793 1794/1794 1795/1795
f 1796/1796 1797/1797 1798/1798 1799/1799
f 1800/1800 1801/1801 1802/1802 1803/1803
f 1804/1804 1805/1805 1806/1806
f 1807/1807 1808/1808 1809/1809
f 1810/1810 1811/1811 1812/1812 1813/1813
f 1814/1814 1815/1815 1816/1816 1817/1817
f 1818/1818 1819/1819 1820/1820
f 1821/1821 1822/1822 1823/1823
f 1824/1824 1825/1825 1826/1826 1827/1827
f 1828/1828 1829/1829 1830/1830 1831/1831
f 1832/1832 1833/1833 1834/1834
f 1835/1835 1836/1836 1837/1837
f 1838/1838 1839/1839 1840/1840 1841/1841
f 1842/1842 1843/1843 1844/1844 1845/1845
f 1846/1846 1847/1847 1848/1848
f 1849/1849 1850/1850 1851/1851
f 1852/1852 1853/1853 1854/1854 1855/1855
f 1856/1856 1857/1857 1858/1858 1859/1859
f 1860/1860 1861/1861 1862/1862
f 1863/1863 1864/1864 1865/1865
f 1866/1866 1867/1867 1868/1868 1869/1869
f 1870/1870 1871/1871 1872/1872 1873/1873
f 1874/1874 1875/1875 1876/1876
f 1877/1877 1878/1878 1879/1879
f 1880/1880 1881/1881 1882/1882 1883/1883
f 1884/1884 1885/1885 1886/1886 1887/1887
f 1888/1888 1889/1889 1890/1890
f 1891/1891 1892/1892 1893/1893
f 1894/1894 1895/1895 1896/1896 1897/1897
f 1898/1898 1899/1899 1900/1900 1901/1901
f 1902/1902 1903/1903 1904/1904
f 1905/1905 1906/1906 1907/1907
f 1908/1908 1909/1909 1910/1910 1911/1911
f 1912/1912 1913/1913 1914/1914 1915/1915
f 1916/1916 1917/1917 1918/1918
f 1919/1919 1920/1920 1921/1921
f 1922/1922 1923/1923 1924/1924 1925/1925
f 1926/1926 1927/1927 1928/1928 1929/1929
f 1930/1930 1931/1931 1932/1932
f 1933/1933 1934/1934 1935/1935
f 1936/1936 1937/1937 1938/1938 1939/1939
f 1940/1940 1941/1941 1942/1942 1943/1943
f 1944/1944 1945/1945 1946/1946
f 1947/1947 1948/1948 1949/1949
f 1950/1950 1951/1951 1952/1952 1953/1953
f 1954/1954 1955/1955 1956/1956 1957/1957
f 1958/1958 1959/1959 1960/1960
f 1961/1961 1962/1962 1963/1963
f 1964/1964 1965/1965 1966/1966 1967/1967
f 1968/1968 1969/1969 1970/1970 1971/1971
f 1972/1972 1973/1973 1974/1974
f 1975/1975 1976/1976 1977/1977
f 1978/1978 1979/1979 1980/1980 1981/1981
f 1982/1982 1983/1983 1984/1984 1985/1985
f 1986/1986 1987/1987 1988/1988
f 1989/1989 1990/1990 1991/1991
f 1992/1992 1993/1993 1994/1994 1995/1995
f 1996/1996 1997/1997 1998/1998 1999/1999
f 2000/2000 2001/2001 2002/2002
f 2003/2003 2004/2004 2005/2005
f 2006/2006 2007/2007 2008/2008 2009/2009
f 2010/2010 2011/2011 2012/2012 2013/2013
f 2014/2014 2015/2015 2016/2016
f 2017/2017 2018/2018 2019/2019
f 2020/2020 2021/2021 2022/2022 2023/2023
f 2024/2024 2025/2025 2026/2026 2027/2027
f 2028/2028 2029/2029 2030/2030
f 2031/2031 2032/2032 2033/2033
f 2034/2034 2035/2035 2036/2036 2037/2037
f 2038/2038 2039/2039 2040/2040 2041/2041
f 2042/2042 2043/2043 2044/2044
f 2045/2045 2046/2046 2047/2047
f 2048/2048 2049/2049 2050/2050 2051/2051
f 2052/2052 2053/2053 2054/2054 2055/2055
f 2056/2056 2057/2057 2058/2058
f 2059/2059 2060/2060 2061/2061
f 2062/2062 2063/2063 2064/2064 2065/2065
f 2066/2066 2067/2067 2068/2068 2069/2069
f 2070/2070 2071/2071 2072/2072
f 2073/2073 2074/2074 2075/2075
f 2076/2076 2077/2077 2078/2078 2079/2079
f 2080/2080 2081/2081 2082/2082 2083/2083
f 2084/2084 2085/2085 2086/2086
f 2087/2087 2088/2088 2089/2089
f 2090/2090 2091/2091 2092/2092 2093/2093
f 2094/2094 2095/2095 2096/2096 2097/2097
f 2098/2098 2099/2099 2100/2100
f 2101/2101 2102/2102 2103/2103
f 2104/2104 2105/2105 2106/2106 2107/2107
f 2108/2108 2109/2109 2110/2110 2111/2111
f 2112/2112 2113/2113 2114/2114
f 2115/2115 2116/2116 2117/2117
f 2118/2118 2119/2119 2120/2120 2121/2121
f 2122/2122 2123/2123 2124/2124 2125/2125
f 2126/2126 2127/2127 2128/2128
f 2129/2129 2130/2130 2131/2131
f 2132/2132 2133/2133 2134/2134 2135/2135
f 2136/2136 2137/2137 2138/2138 2139/2139
f 2140/2140 2141/2141 2142/2142
f 2143/2143 2144/2144 2145/2145
f 2146/2146 2147/2147 2148/2148 2149/2149
f 2150/2150 2151/2151 2152/2152 2153/2153
f 2154/2154 2155/2155 2156/2156
f 2157/2157 2158/2158 2159/2159
f 2160/2160 2161/2161 2162/2162 2163/2163
f 2164/2164 2165/2165 2166/2166 2167/2167
f 2168/2168 2169/2169 2170/2170
f 2171/2171 2172/2172 2173/2173
f 2174/2174 2175/2175 2176/2176 2177/2177
f 2178/2178 2179/2179 2180/2180 2181/2181
f 2182/2182 2183/2183 2184/2184
f 2185/2185 2186/2186 2187/2187
f 2188/2188 2189/2189 2190/2190 2191/2191
f 2192/2192 2193/2193 2194/2194 2195/2195
f 2196/2196 2197/2197 2198/2198
f 2199/2199 2200/2200 2201/2201
f 2202/2202 2203/2203 2204/2204 2205/2205
f 2206/2206 2207/2207 2208/2208 2209/2209
f 2210/2210 2211/2211 2212/2212
f 2213/2213 2214/2214 2215/2215
f 2216/2216 2217/2217 2218/2218 2219/2219
f 2220/2220 2221/2221 2222/2222 2223/2223
f 2224/2224 2225/2225 2226/2226
f 2227/2227 2228/2228 2229/2229
f 2230/2230 2231/2231 2232/2232 2233/2233
f 2234/2234 2235/2235 2236/2236 2237/2237
f 2238/2238 2239/2239 2240/2240
f 2241/2241 2242/2242 2243/2243
f 2244/2244 2245/2245 2246/2246 2247/2247
f 2248/2248 2249/2249 2250/2250 2251/2251
f 2252/2252 2253/2253 2254/2254
f 2255/2255 2256/2256 2257/2257
f 2258/2258 2259/2259 2260/2260 2261/2261
f 2262/2262 2263/2263 2264/2264 2265/2265
f 2266/2266 2267/2267 2268/2268
f 2269/2269 2270/2270 2271/2271
f 2272/2272 2273/2273 2274/2274 2275/2275
f 2276/2276 2277/2277 2278/2278 2279/2279
f 2280/2280 2281/2281 2282/2282
f 2283/2283 2284/2284 2285/2285
f 2286/2286 2287/2287 2288/2288 2289/2289
f 2290/2290 2291/2291 2292/2292 2293/2293
f 2294/2294 2295/2295 2296/2296
f 2297/2297 2298/2298 2299/2299
f 2300/2300 2301/2301 2302/2302 2303/2303
f 2304/2304 2305/2305 2306/2306 2307/2307
f 2308/2308 2309/2309 2310/2310
f 2311/2311 2312/2312 2313/2313
f 2314/2314 2315/2315 2316/2316 2317/2317
f 2318/2318 2319/2319 2320/2320 2321/2321
f 2322/2322 2323/2323 2324/2324
f 2325/2325 2326/2326 2327/2327
f 2328/2328 2329/2329 2330/2330 2331/2331
f 2332/2332 2333/2333 2334/2334 2335/2335
f 2336/2336 2337/2337 2338/2338
f 2339/2339 2340/2340 2341/2341
f 2342/2342 2343/2343 2344/2344 2345/2345
f 2346/2346 2347/2347 2348/2348 2349/2349
f 2350/2350 2351/2351 2352/2352
f 2353/2353 2354/2354 2355/2355
f 2356/2356 2357/2357 2358/2358 2359/2359
f 2360/2360 2361/2361 2362/2362 2363/2363
f 2364/2364 2365/2365 2366/2366
f 2367/2367 2368/2368 2369/2369
f 2370/2370 2371/2371 2372/2372 2373/2373
f 2374/2374 2375/2375 2376/2376 2377/2377
f 2378/2378 2379/2379 2380/2380
f 2381/2381 2382/2382 2383/2383
f 2384/2384 2385/2385 2386/2386 2387/2387
f 2388/2388 2389/2389 2390/2390 2391/2391
f 2392/2392 2393/2393 2394/2394
f 2395/2395 2396/2396 2397/2397
f 2398/2398 2399/2399 2400/2400 2401/2401
f 2402/2402 2403/2403 2404/2404 2405/2405
f 2406/2406 2407/2407 2408/2408
