# Modelo original generado para Caelum Argenteum.
# Ejes OBJ: X ancho, Y altura, Z profundidad.
o ca_tree_city_plane3
v 0.000000 0.032131 -13.999963
v -8.998973 -0.006366 -10.724665
v -6.444492 68.315607 -7.243219
v -0.235200 68.342170 -9.503175
v 0.000000 0.000000 0.000000
v -8.998973 -0.006366 -10.724665
v 0.000000 0.032131 -13.999963
v -8.998973 -0.006366 -10.724665
v -13.787227 -0.041884 -2.431177
v -9.748387 68.291100 -1.520712
v -6.444492 68.315607 -7.243219
v 0.000000 0.000000 0.000000
v -13.787227 -0.041884 -2.431177
v -8.998973 -0.006366 -10.724665
v -13.787227 -0.041884 -2.431177
v -12.124284 -0.057805 6.999886
v -8.600956 68.280115 4.986721
v -9.748387 68.291100 -1.520712
v 0.000000 0.000000 0.000000
v -12.124284 -0.057805 6.999886
v -13.787227 -0.041884 -2.431177
v -12.124284 -0.057805 6.999886
v -4.788254 -0.046677 13.155624
v -3.539095 68.287793 9.234181
v -8.600956 68.280115 4.986721
v 0.000000 0.000000 0.000000
v -4.788254 -0.046677 13.155624
v -12.124284 -0.057805 6.999886
v -4.788254 -0.046677 13.155624
v 4.788254 -0.013709 13.155700
v 3.068695 68.310541 9.234233
v -3.539095 68.287793 9.234181
v 0.000000 0.000000 0.000000
v 4.788254 -0.013709 13.155700
v -4.788254 -0.046677 13.155624
v 4.788254 -0.013709 13.155700
v 12.124284 0.025674 7.000077
v 8.130556 68.337715 4.986853
v 3.068695 68.310541 9.234233
v 0.000000 0.000000 0.000000
v 12.124284 0.025674 7.000077
v 4.788254 -0.013709 13.155700
v 12.124284 0.025674 7.000077
v 13.787227 0.053043 -2.430959
v 9.277987 68.356600 -1.520562
v 8.130556 68.337715 4.986853
v 0.000000 0.000000 0.000000
v 13.787227 0.053043 -2.430959
v 12.124284 0.025674 7.000077
v 13.787227 0.053043 -2.430959
v 8.998973 0.055594 -10.724523
v 5.974092 68.358360 -7.243121
v 9.277987 68.356600 -1.520562
v 0.000000 0.000000 0.000000
v 8.998973 0.055594 -10.724523
v 13.787227 0.053043 -2.430959
v 8.998973 0.055594 -10.724523
v 0.000000 0.032131 -13.999963
v -0.235200 68.342170 -9.503175
v 5.974092 68.358360 -7.243121
v 0.000000 0.000000 0.000000
v 0.000000 0.032131 -13.999963
v 8.998973 0.055594 -10.724523
v -1.391564 68.371514 -9.433600
v -7.285403 68.293957 -6.446954
v -4.693920 126.865658 -3.096050
v -1.448038 126.908370 -4.740869
v -7.285403 68.293957 -6.446954
v -9.880373 68.228586 -0.370338
v -6.123035 126.829656 0.250492
v -4.693920 126.865658 -3.096050
v -9.880373 68.228586 -0.370338
v -7.962260 68.205989 5.952932
v -5.066682 126.817211 3.732873
v -6.123035 126.829656 0.250492
v -7.962260 68.205989 5.952932
v -2.428570 68.236738 9.564127
v -2.019143 126.834146 5.721647
v -5.066682 126.817211 3.732873
v -2.428570 68.236738 9.564127
v 4.131423 68.306447 8.773529
v 1.593607 126.872536 5.286245
v -2.019143 126.834146 5.721647
v 4.131423 68.306447 8.773529
v 8.648224 68.382497 3.951068
v 4.081121 126.914419 2.630397
v 1.593607 126.872536 5.286245
v 8.648224 68.382497 3.951068
v 9.008372 68.429304 -2.646773
v 4.279463 126.940197 -1.003197
v 4.081121 126.914419 2.630397
v 9.008372 68.429304 -2.646773
v 5.043350 68.424967 -7.932791
v 2.095828 126.937808 -3.914337
v 4.279463 126.940197 -1.003197
v 5.043350 68.424967 -7.932791
v -1.391564 68.371514 -9.433600
v -1.448038 126.908370 -4.740869
v 2.095828 126.937808 -3.914337
v -2.075611 126.915389 -4.626638
v -5.100975 126.844421 -2.605462
v -2.710222 195.193446 0.700425
v -2.152918 195.206519 0.328104
v -1.920000 195.200000 1.280000
v -2.152918 195.206519 0.328104
v -2.710222 195.193446 0.700425
v -5.100975 126.844421 -2.605462
v -6.119105 126.790100 0.887884
v -2.897772 195.183439 1.343936
v -2.710222 195.193446 0.700425
v -1.920000 195.200000 1.280000
v -2.710222 195.193446 0.700425
v -2.897772 195.183439 1.343936
v -6.119105 126.790100 0.887884
v -4.653607 126.777845 4.218826
v -2.627812 195.181182 1.957531
v -2.897772 195.183439 1.343936
v -1.920000 195.200000 1.280000
v -2.897772 195.183439 1.343936
v -2.627812 195.181182 1.957531
v -4.653607 126.777845 4.218826
v -1.390204 126.813389 5.828779
v -2.026659 195.187730 2.254101
v -2.627812 195.181182 1.957531
v -1.920000 195.200000 1.280000
v -2.627812 195.181182 1.957531
v -2.026659 195.187730 2.254101
v -1.390204 126.813389 5.828779
v 2.144121 126.880101 4.964427
v -1.375599 195.200019 2.094879
v -2.026659 195.187730 2.254101
v -1.920000 195.200000 1.280000
v -2.026659 195.187730 2.254101
v -1.375599 195.200019 2.094879
v 2.144121 126.880101 4.964427
v 4.295618 126.946766 2.030212
v -0.979270 195.212299 1.554365
v -1.375599 195.200019 2.094879
v -1.920000 195.200000 1.280000
v -1.375599 195.200019 2.094879
v -0.979270 195.212299 1.554365
v 4.295618 126.946766 2.030212
v 4.057579 126.982191 -1.600916
v -1.023120 195.218825 0.885473
v -0.979270 195.212299 1.554365
v -1.920000 195.200000 1.280000
v -0.979270 195.212299 1.554365
v -1.023120 195.218825 0.885473
v 4.057579 126.982191 -1.600916
v 1.541384 126.969799 -4.229911
v -1.486629 195.216542 0.401185
v -1.023120 195.218825 0.885473
v -1.920000 195.200000 1.280000
v -1.023120 195.218825 0.885473
v -1.486629 195.216542 0.401185
v 1.541384 126.969799 -4.229911
v -2.075611 126.915389 -4.626638
v -2.152918 195.206519 0.328104
v -1.486629 195.216542 0.401185
v -1.920000 195.200000 1.280000
v -1.486629 195.216542 0.401185
v -2.152918 195.206519 0.328104
v -1.457980 168.792087 -2.621730
v -3.332747 172.011849 -1.758837
v 18.881670 184.316146 -4.915185
v 19.537839 183.189229 -5.217197
v -1.457980 170.100291 0.971987
v -3.332747 172.011849 -1.758837
v -1.457980 168.792087 -2.621730
v -3.332747 172.011849 -1.758837
v -3.332747 173.320053 1.834880
v 18.881670 184.774018 -3.657384
v 18.881670 184.316146 -4.915185
v -1.457980 170.100291 0.971987
v -3.332747 173.320053 1.834880
v -3.332747 172.011849 -1.758837
v -3.332747 173.320053 1.834880
v -1.457980 171.408495 4.565704
v 19.537839 184.104972 -2.701595
v 18.881670 184.774018 -3.657384
v -1.457980 170.100291 0.971987
v -1.457980 171.408495 4.565704
v -3.332747 173.320053 1.834880
v -1.457980 171.408495 4.565704
v 0.416786 168.188733 3.702811
v 20.194007 182.978056 -3.003608
v 19.537839 184.104972 -2.701595
v -1.457980 170.100291 0.971987
v 0.416786 168.188733 3.702811
v -1.457980 171.408495 4.565704
v 0.416786 168.188733 3.702811
v 0.416786 166.880529 0.109094
v 20.194007 182.520184 -4.261409
v 20.194007 182.978056 -3.003608
v -1.457980 170.100291 0.971987
v 0.416786 166.880529 0.109094
v 0.416786 168.188733 3.702811
v 0.416786 166.880529 0.109094
v -1.457980 168.792087 -2.621730
v 19.537839 183.189229 -5.217197
v 20.194007 182.520184 -4.261409
v -1.457980 170.100291 0.971987
v -1.457980 168.792087 -2.621730
v 0.416786 166.880529 0.109094
v 19.907215 183.503048 -2.680913
v 20.182071 182.540460 -3.569500
v 41.609612 195.912527 -9.554926
v 41.845203 195.087451 -10.316572
v 42.161811 194.963977 -9.220729
v 41.845203 195.087451 -10.316572
v 41.609612 195.912527 -9.554926
v 20.182071 182.540460 -3.569500
v 19.812695 182.684512 -4.847983
v 41.926220 195.789053 -8.459083
v 41.609612 195.912527 -9.554926
v 42.161811 194.963977 -9.220729
v 41.609612 195.912527 -9.554926
v 41.926220 195.789053 -8.459083
v 19.812695 182.684512 -4.847983
v 19.168463 183.791153 -5.237880
v 42.478419 194.840504 -8.124886
v 41.926220 195.789053 -8.459083
v 42.161811 194.963977 -9.220729
v 41.926220 195.789053 -8.459083
v 42.478419 194.840504 -8.124886
v 19.168463 183.791153 -5.237880
v 18.893606 184.753742 -4.349293
v 42.714010 194.015428 -8.886532
v 42.478419 194.840504 -8.124886
v 42.161811 194.963977 -9.220729
v 42.478419 194.840504 -8.124886
v 42.714010 194.015428 -8.886532
v 18.893606 184.753742 -4.349293
v 19.262982 184.609689 -3.070809
v 42.397402 194.138901 -9.982375
v 42.714010 194.015428 -8.886532
v 42.161811 194.963977 -9.220729
v 42.714010 194.015428 -8.886532
v 42.397402 194.138901 -9.982375
v 19.262982 184.609689 -3.070809
v 19.907215 183.503048 -2.680913
v 41.845203 195.087451 -10.316572
v 42.397402 194.138901 -9.982375
v 42.161811 194.963977 -9.220729
v 42.397402 194.138901 -9.982375
v 41.845203 195.087451 -10.316572
v -1.181785 155.154275 -1.373450
v -3.050148 155.426481 0.895850
v 22.920709 173.348534 18.880367
v 23.574636 173.253262 18.086112
v -1.181785 153.143467 0.787857
v -3.050148 155.426481 0.895850
v -1.181785 155.154275 -1.373450
v -3.050148 155.426481 0.895850
v -3.050148 153.415673 3.057157
v 22.920709 172.644751 19.636825
v 22.920709 173.348534 18.880367
v -1.181785 153.143467 0.787857
v -3.050148 153.415673 3.057157
v -3.050148 155.426481 0.895850
v -3.050148 153.415673 3.057157
v -1.181785 151.132658 2.949164
v 23.574636 171.845696 19.599027
v 22.920709 172.644751 19.636825
v -1.181785 153.143467 0.787857
v -1.181785 151.132658 2.949164
v -3.050148 153.415673 3.057157
v -1.181785 151.132658 2.949164
v 0.686578 150.860452 0.679864
v 24.228563 171.750424 18.804772
v 23.574636 171.845696 19.599027
v -1.181785 153.143467 0.787857
v 0.686578 150.860452 0.679864
v -1.181785 151.132658 2.949164
v 0.686578 150.860452 0.679864
v 0.686578 152.871261 -1.481443
v 24.228563 172.454207 18.048315
v 24.228563 171.750424 18.804772
v -1.181785 153.143467 0.787857
v 0.686578 152.871261 -1.481443
v 0.686578 150.860452 0.679864
v 0.686578 152.871261 -1.481443
v -1.181785 155.154275 -1.373450
v 23.574636 173.253262 18.086112
v 24.228563 172.454207 18.048315
v -1.181785 153.143467 0.787857
v -1.181785 155.154275 -1.373450
v 0.686578 152.871261 -1.481443
v 23.489252 173.396214 18.256662
v 22.918700 173.300672 19.112746
v 50.857842 188.179797 38.235917
v 50.368797 188.097904 38.969703
v 50.295611 188.823677 38.467496
v 50.368797 188.097904 38.969703
v 50.857842 188.179797 38.235917
v 22.918700 173.300672 19.112746
v 23.004084 172.453937 19.698654
v 50.784656 188.905570 37.733710
v 50.857842 188.179797 38.235917
v 50.295611 188.823677 38.467496
v 50.857842 188.179797 38.235917
v 50.784656 188.905570 37.733710
v 23.004084 172.453937 19.698654
v 23.660020 171.702744 19.428477
v 50.222424 189.549450 37.965290
v 50.784656 188.905570 37.733710
v 50.295611 188.823677 38.467496
v 50.784656 188.905570 37.733710
v 50.222424 189.549450 37.965290
v 23.660020 171.702744 19.428477
v 24.230572 171.798286 18.572393
v 49.733380 189.467557 38.699076
v 50.222424 189.549450 37.965290
v 50.295611 188.823677 38.467496
v 50.222424 189.549450 37.965290
v 49.733380 189.467557 38.699076
v 24.230572 171.798286 18.572393
v 24.145189 172.645021 17.986485
v 49.806566 188.741784 39.201283
v 49.733380 189.467557 38.699076
v 50.295611 188.823677 38.467496
v 49.733380 189.467557 38.699076
v 49.806566 188.741784 39.201283
v 24.145189 172.645021 17.986485
v 23.489252 173.396214 18.256662
v 50.368797 188.097904 38.969703
v 49.806566 188.741784 39.201283
v 50.295611 188.823677 38.467496
v 49.806566 188.741784 39.201283
v 50.368797 188.097904 38.969703
v -1.291591 163.058167 -1.564292
v -4.564065 161.905638 0.046583
v 4.159153 187.310532 32.991965
v 5.304519 187.713917 32.428159
v -1.291591 160.100128 0.861061
v -4.564065 161.905638 0.046583
v -1.291591 163.058167 -1.564292
v -4.564065 161.905638 0.046583
v -4.564065 158.947599 2.471935
v 4.159153 186.275218 33.840839
v 4.159153 187.310532 32.991965
v -1.291591 160.100128 0.861061
v -4.564065 158.947599 2.471935
v -4.564065 161.905638 0.046583
v -4.564065 158.947599 2.471935
v -1.291591 157.142089 3.286413
v 5.304519 185.643290 34.125906
v 4.159153 186.275218 33.840839
v -1.291591 160.100128 0.861061
v -1.291591 157.142089 3.286413
v -4.564065 158.947599 2.471935
v -1.291591 157.142089 3.286413
v 1.980884 158.294618 1.675539
v 6.449885 186.046675 33.562100
v 5.304519 185.643290 34.125906
v -1.291591 160.100128 0.861061
v 1.980884 158.294618 1.675539
v -1.291591 157.142089 3.286413
v 1.980884 158.294618 1.675539
v 1.980884 161.252657 -0.749814
v 6.449885 187.081989 32.713226
v 6.449885 186.046675 33.562100
v -1.291591 160.100128 0.861061
v 1.980884 161.252657 -0.749814
v 1.980884 158.294618 1.675539
v 1.980884 161.252657 -0.749814
v -1.291591 163.058167 -1.564292
v 5.304519 187.713917 32.428159
v 6.449885 187.081989 32.713226
v -1.291591 160.100128 0.861061
v -1.291591 163.058167 -1.564292
v 1.980884 161.252657 -0.749814
v 5.146322 187.774136 32.523877
v 4.089221 187.221117 33.131468
v 13.384356 211.421656 68.590860
v 12.478269 210.947641 69.111652
v 12.342672 211.886668 68.466090
v 12.478269 210.947641 69.111652
v 13.384356 211.421656 68.590860
v 4.089221 187.221117 33.131468
v 4.247417 186.125585 33.884624
v 13.248759 212.360684 67.945298
v 13.384356 211.421656 68.590860
v 12.342672 211.886668 68.466090
v 13.384356 211.421656 68.590860
v 13.248759 212.360684 67.945298
v 4.247417 186.125585 33.884624
v 5.462715 185.583071 34.030188
v 12.207075 212.825696 67.820529
v 13.248759 212.360684 67.945298
v 12.342672 211.886668 68.466090
v 13.248759 212.360684 67.945298
v 12.207075 212.825696 67.820529
v 5.462715 185.583071 34.030188
v 6.519817 186.136089 33.422597
v 11.300988 212.351680 68.341321
v 12.207075 212.825696 67.820529
v 12.342672 211.886668 68.466090
v 12.207075 212.825696 67.820529
v 11.300988 212.351680 68.341321
v 6.519817 186.136089 33.422597
v 6.361621 187.231622 32.669441
v 11.436585 211.412653 68.986883
v 11.300988 212.351680 68.341321
v 12.342672 211.886668 68.466090
v 11.300988 212.351680 68.341321
v 11.436585 211.412653 68.986883
v 6.361621 187.231622 32.669441
v 5.146322 187.774136 32.523877
v 12.478269 210.947641 69.111652
v 11.436585 211.412653 68.986883
v 12.342672 211.886668 68.466090
v 11.436585 211.412653 68.986883
v 12.478269 210.947641 69.111652
v -1.093625 149.996411 -1.089564
v -3.130096 147.576731 -1.771873
v -25.416978 161.454644 20.517823
v -24.704213 162.301532 20.756631
v -1.093625 147.320568 0.729083
v -3.130096 147.576731 -1.771873
v -1.093625 149.996411 -1.089564
v -3.130096 147.576731 -1.771873
v -3.130096 144.900888 0.046775
v -25.416978 160.518099 21.154349
v -25.416978 161.454644 20.517823
v -1.093625 147.320568 0.729083
v -3.130096 144.900888 0.046775
v -3.130096 147.576731 -1.771873
v -3.130096 144.900888 0.046775
v -1.093625 144.644725 2.547730
v -24.704213 160.428442 22.029684
v -25.416978 160.518099 21.154349
v -1.093625 147.320568 0.729083
v -1.093625 144.644725 2.547730
v -3.130096 144.900888 0.046775
v -1.093625 144.644725 2.547730
v 0.942846 147.064406 3.230039
v -23.991448 161.275330 22.268492
v -24.704213 160.428442 22.029684
v -1.093625 147.320568 0.729083
v 0.942846 147.064406 3.230039
v -1.093625 144.644725 2.547730
v 0.942846 147.064406 3.230039
v 0.942846 149.740249 1.411392
v -23.991448 162.211875 21.631965
v -23.991448 161.275330 22.268492
v -1.093625 147.320568 0.729083
v 0.942846 149.740249 1.411392
v 0.942846 147.064406 3.230039
v 0.942846 149.740249 1.411392
v -1.093625 149.996411 -1.089564
v -24.704213 162.301532 20.756631
v -23.991448 162.211875 21.631965
v -1.093625 147.320568 0.729083
v -1.093625 149.996411 -1.089564
v 0.942846 149.740249 1.411392
v -24.796688 162.384189 20.908432
v -25.414624 161.516439 20.524445
v -49.764560 169.581681 44.584605
v -50.294220 168.837894 44.255473
v -50.373485 169.711496 43.839995
v -50.294220 168.837894 44.255473
v -49.764560 169.581681 44.584605
v -25.414624 161.516439 20.524445
v -25.322149 160.497237 21.009170
v -49.843825 170.455282 44.169127
v -49.764560 169.581681 44.584605
v -50.373485 169.711496 43.839995
v -49.764560 169.581681 44.584605
v -49.843825 170.455282 44.169127
v -25.322149 160.497237 21.009170
v -24.611738 160.345785 21.877882
v -50.452749 170.585098 43.424516
v -49.843825 170.455282 44.169127
v -50.373485 169.711496 43.839995
v -49.843825 170.455282 44.169127
v -50.452749 170.585098 43.424516
v -24.611738 160.345785 21.877882
v -23.993801 161.213536 22.261870
v -50.982409 169.841312 43.095384
v -50.452749 170.585098 43.424516
v -50.373485 169.711496 43.839995
v -50.452749 170.585098 43.424516
v -50.982409 169.841312 43.095384
v -23.993801 161.213536 22.261870
v -24.086276 162.232738 21.777144
v -50.903145 168.967710 43.510863
v -50.982409 169.841312 43.095384
v -50.373485 169.711496 43.839995
v -50.982409 169.841312 43.095384
v -50.903145 168.967710 43.510863
v -24.086276 162.232738 21.777144
v -24.796688 162.384189 20.908432
v -50.294220 168.837894 44.255473
v -50.903145 168.967710 43.510863
v -50.373485 169.711496 43.839995
v -50.903145 168.967710 43.510863
v -50.294220 168.837894 44.255473
v -1.888196 158.289391 -3.160580
v -3.199319 155.190106 -0.905579
v -20.865761 167.363402 3.188654
v -20.406868 168.448151 2.399403
v -1.262540 158.289391 0.841693
v -3.199319 155.190106 -0.905579
v -1.888196 158.289391 -3.160580
v -3.199319 155.190106 -0.905579
v -2.573663 155.190106 3.096694
v -20.646782 167.363402 4.589449
v -20.865761 167.363402 3.188654
v -1.262540 158.289391 0.841693
v -2.573663 155.190106 3.096694
v -3.199319 155.190106 -0.905579
v -2.573663 155.190106 3.096694
v -0.636885 158.289391 4.843967
v -19.968910 168.448151 5.200995
v -20.646782 167.363402 4.589449
v -1.262540 158.289391 0.841693
v -0.636885 158.289391 4.843967
v -2.573663 155.190106 3.096694
v -0.636885 158.289391 4.843967
v 0.674238 161.388676 2.588966
v -19.510016 169.532901 4.411744
v -19.968910 168.448151 5.200995
v -1.262540 158.289391 0.841693
v 0.674238 161.388676 2.588966
v -0.636885 158.289391 4.843967
v 0.674238 161.388676 2.588966
v 0.048583 161.388676 -1.413308
v -19.728996 169.532901 3.010949
v -19.510016 169.532901 4.411744
v -1.262540 158.289391 0.841693
v 0.048583 161.388676 -1.413308
v 0.674238 161.388676 2.588966
v 0.048583 161.388676 -1.413308
v -1.888196 158.289391 -3.160580
v -20.406868 168.448151 2.399403
v -19.728996 169.532901 3.010949
v -1.262540 158.289391 0.841693
v -1.888196 158.289391 -3.160580
v 0.048583 161.388676 -1.413308
v -20.464695 168.288126 2.418913
v -20.704462 167.218805 3.318493
v -40.352785 176.877906 7.488278
v -40.558300 175.961346 8.259347
v -40.795562 175.824181 7.075388
v -40.558300 175.961346 8.259347
v -40.352785 176.877906 7.488278
v -20.704462 167.218805 3.318493
v -20.427656 167.378830 4.699779
v -40.590047 176.740742 6.304319
v -40.352785 176.877906 7.488278
v -40.795562 175.824181 7.075388
v -40.352785 176.877906 7.488278
v -40.590047 176.740742 6.304319
v -20.427656 167.378830 4.699779
v -19.911083 168.608177 5.181485
v -41.032824 175.687017 5.891428
v -40.590047 176.740742 6.304319
v -40.795562 175.824181 7.075388
v -40.590047 176.740742 6.304319
v -41.032824 175.687017 5.891428
v -19.911083 168.608177 5.181485
v -19.671316 169.677498 4.281905
v -41.238339 174.770456 6.662497
v -41.032824 175.687017 5.891428
v -40.795562 175.824181 7.075388
v -41.032824 175.687017 5.891428
v -41.238339 174.770456 6.662497
v -19.671316 169.677498 4.281905
v -19.948121 169.517472 2.900619
v -41.001077 174.907620 7.846457
v -41.238339 174.770456 6.662497
v -40.795562 175.824181 7.075388
v -41.238339 174.770456 6.662497
v -41.001077 174.907620 7.846457
v -19.948121 169.517472 2.900619
v -20.464695 168.288126 2.418913
v -40.558300 175.961346 8.259347
v -41.001077 174.907620 7.846457
v -40.795562 175.824181 7.075388
v -41.001077 174.907620 7.846457
v -40.558300 175.961346 8.259347
v -1.447774 167.245368 -2.108980
v -3.785335 166.493369 0.810186
v -24.910322 186.724178 -12.514357
v -24.092176 186.987377 -13.536065
v -1.447774 169.503852 0.965183
v -3.785335 166.493369 0.810186
v -1.447774 167.245368 -2.108980
v -3.785335 166.493369 0.810186
v -3.785335 168.751853 3.884348
v -24.910322 187.514647 -11.438400
v -24.910322 186.724178 -12.514357
v -1.447774 169.503852 0.965183
v -3.785335 168.751853 3.884348
v -3.785335 166.493369 0.810186
v -3.785335 168.751853 3.884348
v -1.447774 171.762336 4.039345
v -24.092176 188.568316 -11.384151
v -24.910322 187.514647 -11.438400
v -1.447774 169.503852 0.965183
v -1.447774 171.762336 4.039345
v -3.785335 168.751853 3.884348
v -1.447774 171.762336 4.039345
v 0.889787 172.514335 1.120179
v -23.274029 188.831516 -12.405859
v -24.092176 188.568316 -11.384151
v -1.447774 169.503852 0.965183
v 0.889787 172.514335 1.120179
v -1.447774 171.762336 4.039345
v 0.889787 172.514335 1.120179
v 0.889787 170.255851 -1.953983
v -23.274029 188.041046 -13.481816
v -23.274029 188.831516 -12.405859
v -1.447774 169.503852 0.965183
v 0.889787 170.255851 -1.953983
v 0.889787 172.514335 1.120179
v 0.889787 170.255851 -1.953983
v -1.447774 167.245368 -2.108980
v -24.092176 186.987377 -13.536065
v -23.274029 188.041046 -13.481816
v -1.447774 169.503852 0.965183
v -1.447774 167.245368 -2.108980
v 0.889787 170.255851 -1.953983
v -24.197766 186.804718 -13.368070
v -24.903342 186.741270 -12.236407
v -48.048973 204.836298 -27.115484
v -48.653753 204.781914 -26.145487
v -48.744258 203.947803 -26.923740
v -48.653753 204.781914 -26.145487
v -48.048973 204.836298 -27.115484
v -24.903342 186.741270 -12.236407
v -24.797751 187.714399 -11.328444
v -48.139479 204.002188 -27.893738
v -48.048973 204.836298 -27.115484
v -48.744258 203.947803 -26.923740
v -48.048973 204.836298 -27.115484
v -48.139479 204.002188 -27.893738
v -24.797751 187.714399 -11.328444
v -23.986585 188.750976 -11.552145
v -48.834764 203.113693 -27.701994
v -48.139479 204.002188 -27.893738
v -48.744258 203.947803 -26.923740
v -48.139479 204.002188 -27.893738
v -48.834764 203.113693 -27.701994
v -23.986585 188.750976 -11.552145
v -23.281009 188.814424 -12.683809
v -49.439544 203.059309 -26.731997
v -48.834764 203.113693 -27.701994
v -48.744258 203.947803 -26.923740
v -48.834764 203.113693 -27.701994
v -49.439544 203.059309 -26.731997
v -23.281009 188.814424 -12.683809
v -23.386600 187.841295 -13.591771
v -49.349038 203.893419 -25.953743
v -49.439544 203.059309 -26.731997
v -48.744258 203.947803 -26.923740
v -49.439544 203.059309 -26.731997
v -49.349038 203.893419 -25.953743
v -23.386600 187.841295 -13.591771
v -24.197766 186.804718 -13.368070
v -48.653753 204.781914 -26.145487
v -49.349038 203.893419 -25.953743
v -48.744258 203.947803 -26.923740
v -49.349038 203.893419 -25.953743
v -48.653753 204.781914 -26.145487
v -1.211117 153.140495 -0.881493
v -3.369865 154.355487 -0.338463
v 4.899350 179.224903 -26.957887
v 5.654912 178.799655 -27.147948
v -1.211117 155.032289 0.807411
v -3.369865 154.355487 -0.338463
v -1.211117 153.140495 -0.881493
v -3.369865 154.355487 -0.338463
v -3.369865 156.247282 1.350441
v 4.899350 179.887031 -26.366771
v 4.899350 179.224903 -26.957887
v -1.211117 155.032289 0.807411
v -3.369865 156.247282 1.350441
v -3.369865 154.355487 -0.338463
v -3.369865 156.247282 1.350441
v -1.211117 156.924084 2.496315
v 5.654912 180.123912 -25.965715
v 4.899350 179.887031 -26.366771
v -1.211117 155.032289 0.807411
v -1.211117 156.924084 2.496315
v -3.369865 156.247282 1.350441
v -1.211117 156.924084 2.496315
v 0.947632 155.709092 1.953285
v 6.410474 179.698664 -26.155775
v 5.654912 180.123912 -25.965715
v -1.211117 155.032289 0.807411
v 0.947632 155.709092 1.953285
v -1.211117 156.924084 2.496315
v 0.947632 155.709092 1.953285
v 0.947632 153.817297 0.264381
v 6.410474 179.036536 -26.746892
v 6.410474 179.698664 -26.155775
v -1.211117 155.032289 0.807411
v 0.947632 153.817297 0.264381
v 0.947632 155.709092 1.953285
v 0.947632 153.817297 0.264381
v -1.211117 153.140495 -0.881493
v 5.654912 178.799655 -27.147948
v 6.410474 179.036536 -26.746892
v -1.211117 155.032289 0.807411
v -1.211117 153.140495 -0.881493
v 0.947632 153.817297 0.264381
v 5.550583 178.788551 -27.125783
v 4.853432 179.287627 -26.896140
v 13.679167 203.469930 -55.843307
v 13.081609 203.897709 -55.646470
v 12.992184 203.320653 -56.134143
v 13.081609 203.897709 -55.646470
v 13.679167 203.469930 -55.843307
v 4.853432 179.287627 -26.896140
v 4.957761 179.960860 -26.327189
v 13.589742 202.892873 -56.330979
v 13.679167 203.469930 -55.843307
v 12.992184 203.320653 -56.134143
v 13.679167 203.469930 -55.843307
v 13.589742 202.892873 -56.330979
v 4.957761 179.960860 -26.327189
v 5.759242 180.135016 -25.987880
v 12.902758 202.743597 -56.621816
v 13.589742 202.892873 -56.330979
v 12.992184 203.320653 -56.134143
v 13.589742 202.892873 -56.330979
v 12.902758 202.743597 -56.621816
v 5.759242 180.135016 -25.987880
v 6.456393 179.635940 -26.217522
v 12.305200 203.171376 -56.424979
v 12.902758 202.743597 -56.621816
v 12.992184 203.320653 -56.134143
v 12.902758 202.743597 -56.621816
v 12.305200 203.171376 -56.424979
v 6.456393 179.635940 -26.217522
v 6.352063 178.962707 -26.786474
v 12.394626 203.748432 -55.937307
v 12.305200 203.171376 -56.424979
v 12.992184 203.320653 -56.134143
v 12.305200 203.171376 -56.424979
v 12.394626 203.748432 -55.937307
v 6.352063 178.962707 -26.786474
v 5.550583 178.788551 -27.125783
v 13.081609 203.897709 -55.646470
v 12.394626 203.748432 -55.937307
v 12.992184 203.320653 -56.134143
v 12.394626 203.748432 -55.937307
v 13.081609 203.897709 -55.646470
v -1.326678 159.591410 -0.509099
v -2.958508 161.867046 -1.614906
v 23.318108 171.488599 -17.926940
v 23.889248 170.692127 -17.539907
v -1.326678 162.260159 0.884452
v -2.958508 161.867046 -1.614906
v -1.326678 159.591410 -0.509099
v -2.958508 161.867046 -1.614906
v -2.958508 164.535794 -0.221356
v 23.318108 172.422661 -17.439197
v 23.318108 171.488599 -17.926940
v -1.326678 162.260159 0.884452
v -2.958508 164.535794 -0.221356
v -2.958508 161.867046 -1.614906
v -2.958508 164.535794 -0.221356
v -1.326678 164.928907 2.278002
v 23.889248 172.560251 -16.564422
v 23.318108 172.422661 -17.439197
v -1.326678 162.260159 0.884452
v -1.326678 164.928907 2.278002
v -2.958508 164.535794 -0.221356
v -1.326678 164.928907 2.278002
v 0.305153 162.653271 3.383810
v 24.460389 171.763778 -16.177389
v 23.889248 172.560251 -16.564422
v -1.326678 162.260159 0.884452
v 0.305153 162.653271 3.383810
v -1.326678 164.928907 2.278002
v 0.305153 162.653271 3.383810
v 0.305153 159.984523 1.990260
v 24.460389 170.829716 -16.665132
v 24.460389 171.763778 -16.177389
v -1.326678 162.260159 0.884452
v 0.305153 159.984523 1.990260
v 0.305153 162.653271 3.383810
v 0.305153 159.984523 1.990260
v -1.326678 159.591410 -0.509099
v 23.889248 170.692127 -17.539907
v 24.460389 170.829716 -16.665132
v -1.326678 162.260159 0.884452
v -1.326678 159.591410 -0.509099
v 0.305153 159.984523 1.990260
v 23.815964 170.591502 -17.237685
v 23.326259 171.276371 -17.871332
v 51.578507 173.469873 -35.707651
v 51.158761 174.056904 -36.250777
v 51.095945 173.170030 -36.409795
v 51.158761 174.056904 -36.250777
v 51.578507 173.469873 -35.707651
v 23.326259 171.276371 -17.871332
v 23.399544 172.311057 -17.685812
v 51.515692 172.582999 -35.866669
v 51.578507 173.469873 -35.707651
v 51.095945 173.170030 -36.409795
v 51.578507 173.469873 -35.707651
v 51.515692 172.582999 -35.866669
v 23.399544 172.311057 -17.685812
v 23.962533 172.660875 -16.866644
v 51.033130 172.283156 -36.568812
v 51.515692 172.582999 -35.866669
v 51.095945 173.170030 -36.409795
v 51.515692 172.582999 -35.866669
v 51.033130 172.283156 -36.568812
v 23.962533 172.660875 -16.866644
v 24.452238 171.976006 -16.232997
v 50.613383 172.870186 -37.111938
v 51.033130 172.283156 -36.568812
v 51.095945 173.170030 -36.409795
v 51.033130 172.283156 -36.568812
v 50.613383 172.870186 -37.111938
v 24.452238 171.976006 -16.232997
v 24.378953 170.941320 -16.418517
v 50.676199 173.757060 -36.952921
v 50.613383 172.870186 -37.111938
v 51.095945 173.170030 -36.409795
v 50.613383 172.870186 -37.111938
v 50.676199 173.757060 -36.952921
v 24.378953 170.941320 -16.418517
v 23.815964 170.591502 -17.237685
v 51.158761 174.056904 -36.250777
v 50.676199 173.757060 -36.952921
v 51.095945 173.170030 -36.409795
v 50.676199 173.757060 -36.952921
v 51.158761 174.056904 -36.250777
v 42.161811 179.547604 -9.220729
v 54.634088 184.528240 1.936108
v 60.775831 182.976405 -9.220729
v 60.775831 182.976405 -9.220729
v 54.634088 184.528240 1.936108
v 63.348235 197.684514 9.731181
v 69.683461 197.684514 -9.220729
v 69.683461 197.684514 -9.220729
v 63.348235 197.684514 9.731181
v 57.670150 208.918610 4.651959
v 60.837420 211.070871 -9.220729
v 42.161811 215.821424 -9.220729
v 60.837420 211.070871 -9.220729
v 57.670150 208.918610 4.651959
v 42.161811 179.547604 -9.220729
v 42.161811 182.988384 11.282497
v 54.634088 184.528240 1.936108
v 54.634088 184.528240 1.936108
v 42.161811 182.988384 11.282497
v 42.161811 197.684514 14.615355
v 63.348235 197.684514 9.731181
v 63.348235 197.684514 9.731181
v 42.161811 197.684514 14.615355
v 42.161811 212.450329 8.536361
v 57.670150 208.918610 4.651959
v 42.161811 215.821424 -9.220729
v 57.670150 208.918610 4.651959
v 42.161811 212.450329 8.536361
v 42.161811 179.547604 -9.220729
v 29.132299 184.260165 2.434571
v 42.161811 182.988384 11.282497
v 42.161811 182.988384 11.282497
v 29.132299 184.260165 2.434571
v 19.819469 197.684514 10.765186
v 42.161811 197.684514 14.615355
v 42.161811 197.684514 14.615355
v 19.819469 197.684514 10.765186
v 28.487722 212.450976 3.011165
v 42.161811 212.450329 8.536361
v 42.161811 215.821424 -9.220729
v 42.161811 212.450329 8.536361
v 28.487722 212.450976 3.011165
v 42.161811 179.547604 -9.220729
v 20.656455 184.245843 -9.220729
v 29.132299 184.260165 2.434571
v 29.132299 184.260165 2.434571
v 20.656455 184.245843 -9.220729
v 11.862358 197.684514 -9.220729
v 19.819469 197.684514 10.765186
v 19.819469 197.684514 10.765186
v 11.862358 197.684514 -9.220729
v 24.028639 212.059023 -9.220729
v 28.487722 212.450976 3.011165
v 42.161811 215.821424 -9.220729
v 28.487722 212.450976 3.011165
v 24.028639 212.059023 -9.220729
v 42.161811 179.547604 -9.220729
v 27.845549 184.549999 -22.027067
v 20.656455 184.245843 -9.220729
v 20.656455 184.245843 -9.220729
v 27.845549 184.549999 -22.027067
v 23.055545 197.684514 -26.311873
v 11.862358 197.684514 -9.220729
v 11.862358 197.684514 -9.220729
v 23.055545 197.684514 -26.311873
v 29.580358 212.278566 -20.475227
v 24.028639 212.059023 -9.220729
v 42.161811 215.821424 -9.220729
v 24.028639 212.059023 -9.220729
v 29.580358 212.278566 -20.475227
v 42.161811 179.547604 -9.220729
v 42.161811 186.249489 -28.779366
v 27.845549 184.549999 -22.027067
v 27.845549 184.549999 -22.027067
v 42.161811 186.249489 -28.779366
v 42.161811 197.684514 -32.718752
v 23.055545 197.684514 -26.311873
v 23.055545 197.684514 -26.311873
v 42.161811 197.684514 -32.718752
v 42.161811 210.269355 -26.515242
v 29.580358 212.278566 -20.475227
v 42.161811 215.821424 -9.220729
v 29.580358 212.278566 -20.475227
v 42.161811 210.269355 -26.515242
v 42.161811 179.547604 -9.220729
v 57.755259 185.874600 -23.169549
v 42.161811 186.249489 -28.779366
v 42.161811 186.249489 -28.779366
v 57.755259 185.874600 -23.169549
v 66.120194 197.684514 -30.652242
v 42.161811 197.684514 -32.718752
v 42.161811 197.684514 -32.718752
v 66.120194 197.684514 -30.652242
v 58.721534 212.086449 -24.033913
v 42.161811 210.269355 -26.515242
v 42.161811 215.821424 -9.220729
v 42.161811 210.269355 -26.515242
v 58.721534 212.086449 -24.033913
v 42.161811 179.547604 -9.220729
v 60.775831 182.976405 -9.220729
v 57.755259 185.874600 -23.169549
v 57.755259 185.874600 -23.169549
v 60.775831 182.976405 -9.220729
v 69.683461 197.684514 -9.220729
v 66.120194 197.684514 -30.652242
v 66.120194 197.684514 -30.652242
v 69.683461 197.684514 -9.220729
v 60.837420 211.070871 -9.220729
v 58.721534 212.086449 -24.033913
v 42.161811 215.821424 -9.220729
v 58.721534 212.086449 -24.033913
v 60.837420 211.070871 -9.220729
v 50.295611 169.944524 38.467496
v 66.154990 174.786947 51.322496
v 71.681087 178.835083 38.467496
v 71.681087 178.835083 38.467496
v 66.154990 174.786947 51.322496
v 78.770863 192.155292 61.548433
v 83.343607 192.155292 38.467496
v 83.343607 192.155292 38.467496
v 78.770863 192.155292 61.548433
v 70.553614 208.934750 54.887849
v 73.992030 209.912572 38.467496
v 50.295611 214.366060 38.467496
v 73.992030 209.912572 38.467496
v 70.553614 208.934750 54.887849
v 50.295611 169.944524 38.467496
v 50.295611 174.088969 56.594441
v 66.154990 174.786947 51.322496
v 66.154990 174.786947 51.322496
v 50.295611 174.088969 56.594441
v 50.295611 192.155292 64.403856
v 78.770863 192.155292 61.548433
v 78.770863 192.155292 61.548433
v 50.295611 192.155292 64.403856
v 50.295611 209.458953 60.407384
v 70.553614 208.934750 54.887849
v 50.295611 214.366060 38.467496
v 70.553614 208.934750 54.887849
v 50.295611 209.458953 60.407384
v 50.295611 169.944524 38.467496
v 34.126343 175.877237 51.573679
v 50.295611 174.088969 56.594441
v 50.295611 174.088969 56.594441
v 34.126343 175.877237 51.573679
v 22.247303 192.155292 61.202369
v 50.295611 192.155292 64.403856
v 50.295611 192.155292 64.403856
v 22.247303 192.155292 61.202369
v 35.212624 209.241072 50.693181
v 50.295611 209.458953 60.407384
v 50.295611 214.366060 38.467496
v 50.295611 209.458953 60.407384
v 35.212624 209.241072 50.693181
v 50.295611 169.944524 38.467496
v 22.046331 176.046271 38.467496
v 34.126343 175.877237 51.573679
v 34.126343 175.877237 51.573679
v 22.046331 176.046271 38.467496
v 9.874336 192.155292 38.467496
v 22.247303 192.155292 61.202369
v 22.247303 192.155292 61.202369
v 9.874336 192.155292 38.467496
v 25.563022 206.706050 38.467496
v 35.212624 209.241072 50.693181
v 50.295611 214.366060 38.467496
v 35.212624 209.241072 50.693181
v 25.563022 206.706050 38.467496
v 50.295611 169.944524 38.467496
v 33.300768 174.703488 24.692135
v 22.046331 176.046271 38.467496
v 22.046331 176.046271 38.467496
v 33.300768 174.703488 24.692135
v 24.394314 192.155292 17.472909
v 9.874336 192.155292 38.467496
v 9.874336 192.155292 38.467496
v 24.394314 192.155292 17.472909
v 32.262651 208.795677 23.850678
v 25.563022 206.706050 38.467496
v 50.295611 214.366060 38.467496
v 25.563022 206.706050 38.467496
v 32.262651 208.795677 23.850678
v 50.295611 169.944524 38.467496
v 50.295611 176.764730 16.924292
v 33.300768 174.703488 24.692135
v 33.300768 174.703488 24.692135
v 50.295611 176.764730 16.924292
v 50.295611 192.155292 13.065452
v 24.394314 192.155292 17.472909
v 24.394314 192.155292 17.472909
v 50.295611 192.155292 13.065452
v 50.295611 205.648186 20.026015
v 32.262651 208.795677 23.850678
v 50.295611 214.366060 38.467496
v 32.262651 208.795677 23.850678
v 50.295611 205.648186 20.026015
v 50.295611 169.944524 38.467496
v 65.394912 178.652710 26.228588
v 50.295611 176.764730 16.924292
v 50.295611 176.764730 16.924292
v 65.394912 178.652710 26.228588
v 75.314334 192.155292 18.188288
v 50.295611 192.155292 13.065452
v 50.295611 192.155292 13.065452
v 75.314334 192.155292 18.188288
v 68.214901 208.716464 23.942813
v 50.295611 205.648186 20.026015
v 50.295611 214.366060 38.467496
v 50.295611 205.648186 20.026015
v 68.214901 208.716464 23.942813
v 50.295611 169.944524 38.467496
v 71.681087 178.835083 38.467496
v 65.394912 178.652710 26.228588
v 65.394912 178.652710 26.228588
v 71.681087 178.835083 38.467496
v 83.343607 192.155292 38.467496
v 75.314334 192.155292 18.188288
v 75.314334 192.155292 18.188288
v 83.343607 192.155292 38.467496
v 73.992030 209.912572 38.467496
v 68.214901 208.716464 23.942813
v 50.295611 214.366060 38.467496
v 68.214901 208.716464 23.942813
v 73.992030 209.912572 38.467496
v 12.342672 193.414976 68.466090
v 29.876323 199.141362 81.180774
v 40.350750 197.939427 68.466090
v 40.350750 197.939427 68.466090
v 29.876323 199.141362 81.180774
v 36.103995 215.146379 85.696825
v 47.032813 215.146379 68.466090
v 47.032813 215.146379 68.466090
v 36.103995 215.146379 85.696825
v 29.090869 231.275786 80.611195
v 37.633995 231.051048 68.466090
v 12.342672 236.877781 68.466090
v 37.633995 231.051048 68.466090
v 29.090869 231.275786 80.611195
v 12.342672 193.414976 68.466090
v 12.342672 198.159062 88.185612
v 29.876323 199.141362 81.180774
v 29.876323 199.141362 81.180774
v 12.342672 198.159062 88.185612
v 12.342672 215.146379 92.443259
v 36.103995 215.146379 85.696825
v 36.103995 215.146379 85.696825
v 12.342672 215.146379 92.443259
v 12.342672 231.828396 88.109592
v 29.090869 231.275786 80.611195
v 12.342672 236.877781 68.466090
v 29.090869 231.275786 80.611195
v 12.342672 231.828396 88.109592
v 12.342672 193.414976 68.466090
v -4.978413 199.332671 81.026629
v 12.342672 198.159062 88.185612
v 12.342672 198.159062 88.185612
v -4.978413 199.332671 81.026629
v -9.435056 215.146379 84.258404
v 12.342672 215.146379 92.443259
v 12.342672 215.146379 92.443259
v -9.435056 215.146379 84.258404
v -3.766048 229.729494 80.147472
v 12.342672 231.828396 88.109592
v 12.342672 236.877781 68.466090
v 12.342672 231.828396 88.109592
v -3.766048 229.729494 80.147472
v 12.342672 193.414976 68.466090
v -15.813464 199.121682 68.466090
v -4.978413 199.332671 81.026629
v -4.978413 199.332671 81.026629
v -15.813464 199.121682 68.466090
v -27.311460 215.146379 68.466090
v -9.435056 215.146379 84.258404
v -9.435056 215.146379 84.258404
v -27.311460 215.146379 68.466090
v -10.374818 228.697822 68.466090
v -3.766048 229.729494 80.147472
v 12.342672 236.877781 68.466090
v -3.766048 229.729494 80.147472
v -10.374818 228.697822 68.466090
v 12.342672 193.414976 68.466090
v -6.150631 201.224026 55.055507
v -15.813464 199.121682 68.466090
v -15.813464 199.121682 68.466090
v -6.150631 201.224026 55.055507
v -10.209421 215.146379 52.112240
v -27.311460 215.146379 68.466090
v -27.311460 215.146379 68.466090
v -10.209421 215.146379 52.112240
v -7.038991 229.851061 54.411305
v -10.374818 228.697822 68.466090
v 12.342672 236.877781 68.466090
v -10.374818 228.697822 68.466090
v -7.038991 229.851061 54.411305
v 12.342672 193.414976 68.466090
v 12.342672 197.996966 50.423881
v -6.150631 201.224026 55.055507
v -6.150631 201.224026 55.055507
v 12.342672 197.996966 50.423881
v 12.342672 215.146379 38.984410
v -10.209421 215.146379 52.112240
v -10.209421 215.146379 52.112240
v 12.342672 215.146379 38.984410
v 12.342672 232.553215 50.019014
v -7.038991 229.851061 54.411305
v 12.342672 236.877781 68.466090
v -7.038991 229.851061 54.411305
v 12.342672 232.553215 50.019014
v 12.342672 193.414976 68.466090
v 27.538273 201.093479 57.446866
v 12.342672 197.996966 50.423881
v 12.342672 197.996966 50.423881
v 27.538273 201.093479 57.446866
v 36.581959 215.146379 50.888756
v 12.342672 215.146379 38.984410
v 12.342672 215.146379 38.984410
v 36.581959 215.146379 50.888756
v 28.850138 230.999456 56.495555
v 12.342672 232.553215 50.019014
v 12.342672 236.877781 68.466090
v 12.342672 232.553215 50.019014
v 28.850138 230.999456 56.495555
v 12.342672 193.414976 68.466090
v 40.350750 197.939427 68.466090
v 27.538273 201.093479 57.446866
v 27.538273 201.093479 57.446866
v 40.350750 197.939427 68.466090
v 47.032813 215.146379 68.466090
v 36.581959 215.146379 50.888756
v 36.581959 215.146379 50.888756
v 47.032813 215.146379 68.466090
v 37.633995 231.051048 68.466090
v 28.850138 230.999456 56.495555
v 12.342672 236.877781 68.466090
v 28.850138 230.999456 56.495555
v 37.633995 231.051048 68.466090
v -50.373485 152.366122 43.839995
v -33.354903 159.655118 59.086970
v -26.965273 160.233739 43.839995
v -26.965273 160.233739 43.839995
v -33.354903 159.655118 59.086970
v -28.000747 172.772444 63.883767
v -13.865548 172.772444 43.839995
v -13.865548 172.772444 43.839995
v -28.000747 172.772444 63.883767
v -34.716450 185.130095 57.867158
v -29.621758 188.414867 43.839995
v -50.373485 193.178766 43.839995
v -29.621758 188.414867 43.839995
v -34.716450 185.130095 57.867158
v -50.373485 152.366122 43.839995
v -50.373485 158.594482 63.898052
v -33.354903 159.655118 59.086970
v -33.354903 159.655118 59.086970
v -50.373485 158.594482 63.898052
v -50.373485 172.772444 73.265637
v -28.000747 172.772444 63.883767
v -28.000747 172.772444 63.883767
v -50.373485 172.772444 73.265637
v -50.373485 185.016107 64.752216
v -34.716450 185.130095 57.867158
v -50.373485 193.178766 43.839995
v -34.716450 185.130095 57.867158
v -50.373485 185.016107 64.752216
v -50.373485 152.366122 43.839995
v -67.526892 158.318010 59.207760
v -50.373485 158.594482 63.898052
v -50.373485 158.594482 63.898052
v -67.526892 158.318010 59.207760
v -76.118524 172.772444 66.905018
v -50.373485 172.772444 73.265637
v -50.373485 172.772444 73.265637
v -76.118524 172.772444 66.905018
v -68.297367 186.276566 59.898031
v -50.373485 185.016107 64.752216
v -50.373485 193.178766 43.839995
v -50.373485 185.016107 64.752216
v -68.297367 186.276566 59.898031
v -50.373485 152.366122 43.839995
v -76.697525 158.841697 43.839995
v -67.526892 158.318010 59.207760
v -67.526892 158.318010 59.207760
v -76.697525 158.841697 43.839995
v -79.189256 172.772444 43.839995
v -76.118524 172.772444 66.905018
v -76.118524 172.772444 66.905018
v -79.189256 172.772444 43.839995
v -70.012106 187.072584 43.839995
v -68.297367 186.276566 59.898031
v -50.373485 193.178766 43.839995
v -68.297367 186.276566 59.898031
v -70.012106 187.072584 43.839995
v -50.373485 152.366122 43.839995
v -67.098256 157.252838 28.856245
v -76.697525 158.841697 43.839995
v -76.697525 158.841697 43.839995
v -67.098256 157.252838 28.856245
v -70.329655 172.772444 25.961229
v -79.189256 172.772444 43.839995
v -79.189256 172.772444 43.839995
v -70.329655 172.772444 25.961229
v -68.033381 187.971152 28.018465
v -70.012106 187.072584 43.839995
v -50.373485 193.178766 43.839995
v -70.012106 187.072584 43.839995
v -68.033381 187.971152 28.018465
v -50.373485 152.366122 43.839995
v -50.373485 159.262551 20.859133
v -67.098256 157.252838 28.856245
v -67.098256 157.252838 28.856245
v -50.373485 159.262551 20.859133
v -50.373485 172.772444 11.144193
v -70.329655 172.772444 25.961229
v -70.329655 172.772444 25.961229
v -50.373485 172.772444 11.144193
v -50.373485 188.467727 24.879767
v -68.033381 187.971152 28.018465
v -50.373485 193.178766 43.839995
v -68.033381 187.971152 28.018465
v -50.373485 188.467727 24.879767
v -50.373485 152.366122 43.839995
v -31.766024 159.662059 27.169541
v -50.373485 159.262551 20.859133
v -50.373485 159.262551 20.859133
v -31.766024 159.662059 27.169541
v -27.487152 172.772444 23.336092
v -50.373485 172.772444 11.144193
v -50.373485 172.772444 11.144193
v -27.487152 172.772444 23.336092
v -35.688241 185.467186 30.683461
v -50.373485 188.467727 24.879767
v -50.373485 193.178766 43.839995
v -50.373485 188.467727 24.879767
v -35.688241 185.467186 30.683461
v -50.373485 152.366122 43.839995
v -26.965273 160.233739 43.839995
v -31.766024 159.662059 27.169541
v -31.766024 159.662059 27.169541
v -26.965273 160.233739 43.839995
v -13.865548 172.772444 43.839995
v -27.487152 172.772444 23.336092
v -27.487152 172.772444 23.336092
v -13.865548 172.772444 43.839995
v -29.621758 188.414867 43.839995
v -35.688241 185.467186 30.683461
v -50.373485 193.178766 43.839995
v -35.688241 185.467186 30.683461
v -29.621758 188.414867 43.839995
v -40.795562 156.615079 7.075388
v -21.076587 161.086365 27.179617
v -15.028755 165.439814 7.075388
v -15.028755 165.439814 7.075388
v -21.076587 161.086365 27.179617
v -15.973963 179.214023 32.381933
v -0.056576 179.214023 7.075388
v -0.056576 179.214023 7.075388
v -15.973963 179.214023 32.381933
v -20.762286 194.185667 27.500059
v -18.323159 193.076759 7.075388
v -40.795562 201.812966 7.075388
v -18.323159 193.076759 7.075388
v -20.762286 194.185667 27.500059
v -40.795562 156.615079 7.075388
v -40.795562 161.857084 31.735979
v -21.076587 161.086365 27.179617
v -21.076587 161.086365 27.179617
v -40.795562 161.857084 31.735979
v -40.795562 179.214023 43.860046
v -15.973963 179.214023 32.381933
v -15.973963 179.214023 32.381933
v -40.795562 179.214023 43.860046
v -40.795562 192.751263 29.335787
v -20.762286 194.185667 27.500059
v -40.795562 201.812966 7.075388
v -20.762286 194.185667 27.500059
v -40.795562 192.751263 29.335787
v -40.795562 156.615079 7.075388
v -56.627821 161.797898 23.216966
v -40.795562 161.857084 31.735979
v -40.795562 161.857084 31.735979
v -56.627821 161.797898 23.216966
v -65.812238 179.214023 32.580821
v -40.795562 179.214023 43.860046
v -40.795562 179.214023 43.860046
v -65.812238 179.214023 32.580821
v -57.264912 197.242380 23.866504
v -40.795562 192.751263 29.335787
v -40.795562 201.812966 7.075388
v -40.795562 192.751263 29.335787
v -57.264912 197.242380 23.866504
v -40.795562 156.615079 7.075388
v -69.070440 162.207529 7.075388
v -56.627821 161.797898 23.216966
v -56.627821 161.797898 23.216966
v -69.070440 162.207529 7.075388
v -77.327705 179.214023 7.075388
v -65.812238 179.214023 32.580821
v -65.812238 179.214023 32.580821
v -77.327705 179.214023 7.075388
v -66.466700 194.925895 7.075388
v -57.264912 197.242380 23.866504
v -40.795562 201.812966 7.075388
v -57.264912 197.242380 23.866504
v -66.466700 194.925895 7.075388
v -40.795562 156.615079 7.075388
v -56.523702 163.081749 -8.960037
v -69.070440 162.207529 7.075388
v -69.070440 162.207529 7.075388
v -56.523702 163.081749 -8.960037
v -64.684120 179.214023 -17.279888
v -77.327705 179.214023 7.075388
v -77.327705 179.214023 7.075388
v -64.684120 179.214023 -17.279888
v -58.330992 197.602846 -10.802637
v -66.466700 194.925895 7.075388
v -40.795562 201.812966 7.075388
v -66.466700 194.925895 7.075388
v -58.330992 197.602846 -10.802637
v -40.795562 156.615079 7.075388
v -40.795562 161.119270 -21.479446
v -56.523702 163.081749 -8.960037
v -56.523702 163.081749 -8.960037
v -40.795562 161.119270 -21.479446
v -40.795562 179.214023 -30.296640
v -64.684120 179.214023 -17.279888
v -64.684120 179.214023 -17.279888
v -40.795562 179.214023 -30.296640
v -40.795562 194.144058 -21.075020
v -58.330992 197.602846 -10.802637
v -40.795562 201.812966 7.075388
v -58.330992 197.602846 -10.802637
v -40.795562 194.144058 -21.075020
v -40.795562 156.615079 7.075388
v -22.347624 162.836431 -11.732972
v -40.795562 161.119270 -21.479446
v -40.795562 161.119270 -21.479446
v -22.347624 162.836431 -11.732972
v -19.085106 179.214023 -15.059231
v -40.795562 179.214023 -30.296640
v -40.795562 179.214023 -30.296640
v -19.085106 179.214023 -15.059231
v -24.681713 193.778228 -9.353281
v -40.795562 194.144058 -21.075020
v -40.795562 201.812966 7.075388
v -40.795562 194.144058 -21.075020
v -24.681713 193.778228 -9.353281
v -40.795562 156.615079 7.075388
v -15.028755 165.439814 7.075388
v -22.347624 162.836431 -11.732972
v -22.347624 162.836431 -11.732972
v -15.028755 165.439814 7.075388
v -0.056576 179.214023 7.075388
v -19.085106 179.214023 -15.059231
v -19.085106 179.214023 -15.059231
v -0.056576 179.214023 7.075388
v -18.323159 193.076759 7.075388
v -24.681713 193.778228 -9.353281
v -40.795562 201.812966 7.075388
v -24.681713 193.778228 -9.353281
v -18.323159 193.076759 7.075388
v -48.744258 187.649693 -26.923740
v -32.260321 191.482124 -14.005033
v -23.561429 194.051096 -26.923740
v -23.561429 194.051096 -26.923740
v -32.260321 191.482124 -14.005033
v -29.036110 206.823941 -11.478172
v -21.660218 206.823941 -26.923740
v -21.660218 206.823941 -26.923740
v -29.036110 206.823941 -11.478172
v -33.586613 219.317075 -15.044468
v -25.421301 219.871102 -26.923740
v -48.744258 225.998188 -26.923740
v -25.421301 219.871102 -26.923740
v -33.586613 219.317075 -15.044468
v -48.744258 187.649693 -26.923740
v -48.744258 195.054584 -7.137506
v -32.260321 191.482124 -14.005033
v -32.260321 191.482124 -14.005033
v -48.744258 195.054584 -7.137506
v -48.744258 206.823941 -0.734309
v -29.036110 206.823941 -11.478172
v -29.036110 206.823941 -11.478172
v -48.744258 206.823941 -0.734309
v -48.744258 218.771075 -7.351008
v -33.586613 219.317075 -15.044468
v -48.744258 225.998188 -26.923740
v -33.586613 219.317075 -15.044468
v -48.744258 218.771075 -7.351008
v -48.744258 187.649693 -26.923740
v -65.706891 194.545041 -13.629873
v -48.744258 195.054584 -7.137506
v -48.744258 195.054584 -7.137506
v -65.706891 194.545041 -13.629873
v -67.818763 206.823941 -11.974767
v -48.744258 206.823941 -0.734309
v -48.744258 206.823941 -0.734309
v -67.818763 206.823941 -11.974767
v -63.884869 221.950969 -15.057819
v -48.744258 218.771075 -7.351008
v -48.744258 225.998188 -26.923740
v -48.744258 218.771075 -7.351008
v -63.884869 221.950969 -15.057819
v -48.744258 187.649693 -26.923740
v -68.224688 191.723129 -26.923740
v -65.706891 194.545041 -13.629873
v -65.706891 194.545041 -13.629873
v -68.224688 191.723129 -26.923740
v -78.809251 206.823941 -26.923740
v -67.818763 206.823941 -11.974767
v -67.818763 206.823941 -11.974767
v -78.809251 206.823941 -26.923740
v -68.955922 220.927759 -26.923740
v -63.884869 221.950969 -15.057819
v -48.744258 225.998188 -26.923740
v -63.884869 221.950969 -15.057819
v -68.955922 220.927759 -26.923740
v -48.744258 187.649693 -26.923740
v -65.471093 195.034623 -40.032810
v -68.224688 191.723129 -26.923740
v -68.224688 191.723129 -26.923740
v -65.471093 195.034623 -40.032810
v -69.043971 206.823941 -42.832927
v -78.809251 206.823941 -26.923740
v -78.809251 206.823941 -26.923740
v -69.043971 206.823941 -42.832927
v -65.841517 222.402534 -40.323116
v -68.955922 220.927759 -26.923740
v -48.744258 225.998188 -26.923740
v -68.955922 220.927759 -26.923740
v -65.841517 222.402534 -40.323116
v -48.744258 187.649693 -26.923740
v -48.744258 193.209094 -43.115828
v -65.471093 195.034623 -40.032810
v -65.471093 195.034623 -40.032810
v -48.744258 193.209094 -43.115828
v -48.744258 206.823941 -54.920006
v -69.043971 206.823941 -42.832927
v -69.043971 206.823941 -42.832927
v -48.744258 206.823941 -54.920006
v -48.744258 218.968444 -43.171556
v -65.841517 222.402534 -40.323116
v -48.744258 225.998188 -26.923740
v -65.841517 222.402534 -40.323116
v -48.744258 218.968444 -43.171556
v -48.744258 187.649693 -26.923740
v -31.316037 191.525997 -40.582497
v -48.744258 193.209094 -43.115828
v -48.744258 193.209094 -43.115828
v -31.316037 191.525997 -40.582497
v -25.922150 206.823941 -44.809766
v -48.744258 206.823941 -54.920006
v -48.744258 206.823941 -54.920006
v -25.922150 206.823941 -44.809766
v -33.245848 222.122888 -39.070076
v -48.744258 218.968444 -43.171556
v -48.744258 225.998188 -26.923740
v -48.744258 218.968444 -43.171556
v -33.245848 222.122888 -39.070076
v -48.744258 187.649693 -26.923740
v -23.561429 194.051096 -26.923740
v -31.316037 191.525997 -40.582497
v -31.316037 191.525997 -40.582497
v -23.561429 194.051096 -26.923740
v -21.660218 206.823941 -26.923740
v -25.922150 206.823941 -44.809766
v -25.922150 206.823941 -44.809766
v -21.660218 206.823941 -26.923740
v -25.421301 219.871102 -26.923740
v -33.245848 222.122888 -39.070076
v -48.744258 225.998188 -26.923740
v -33.245848 222.122888 -39.070076
v -25.421301 219.871102 -26.923740
v 12.992184 190.380477 -56.134143
v 24.106677 193.332725 -45.433324
v 33.128501 195.908407 -56.134143
v 33.128501 195.908407 -56.134143
v 24.106677 193.332725 -45.433324
v 31.705820 205.604213 -38.117017
v 37.581916 205.604213 -56.134143
v 37.581916 205.604213 -56.134143
v 31.705820 205.604213 -38.117017
v 25.437558 216.308576 -44.151977
v 31.817274 215.736275 -56.134143
v 12.992184 220.827949 -56.134143
v 31.817274 215.736275 -56.134143
v 25.437558 216.308576 -44.151977
v 12.992184 190.380477 -56.134143
v 12.992184 195.906269 -38.681685
v 24.106677 193.332725 -45.433324
v 24.106677 193.332725 -45.433324
v 12.992184 195.906269 -38.681685
v 12.992184 205.604213 -35.544299
v 31.705820 205.604213 -38.117017
v 31.705820 205.604213 -38.117017
v 12.992184 205.604213 -35.544299
v 12.992184 215.099258 -40.989505
v 25.437558 216.308576 -44.151977
v 12.992184 220.827949 -56.134143
v 25.437558 216.308576 -44.151977
v 12.992184 215.099258 -40.989505
v 12.992184 190.380477 -56.134143
v 0.374965 194.757855 -43.986529
v 12.992184 195.906269 -38.681685
v 12.992184 195.906269 -38.681685
v 0.374965 194.757855 -43.986529
v -4.800520 205.604213 -39.003672
v 12.992184 205.604213 -35.544299
v 12.992184 205.604213 -35.544299
v -4.800520 205.604213 -39.003672
v 1.947016 217.311414 -45.500069
v 12.992184 215.099258 -40.989505
v 12.992184 220.827949 -56.134143
v 12.992184 215.099258 -40.989505
v 1.947016 217.311414 -45.500069
v 12.992184 190.380477 -56.134143
v -7.030185 195.752939 -56.134143
v 0.374965 194.757855 -43.986529
v 0.374965 194.757855 -43.986529
v -7.030185 195.752939 -56.134143
v -14.418328 205.604213 -56.134143
v -4.800520 205.604213 -39.003672
v -4.800520 205.604213 -39.003672
v -14.418328 205.604213 -56.134143
v -5.049246 216.276868 -56.134143
v 1.947016 217.311414 -45.500069
v 12.992184 220.827949 -56.134143
v 1.947016 217.311414 -45.500069
v -5.049246 216.276868 -56.134143
v 12.992184 190.380477 -56.134143
v 0.746413 193.226447 -67.924134
v -7.030185 195.752939 -56.134143
v -7.030185 195.752939 -56.134143
v 0.746413 193.226447 -67.924134
v -1.663998 205.604213 -70.244831
v -14.418328 205.604213 -56.134143
v -14.418328 205.604213 -56.134143
v -1.663998 205.604213 -70.244831
v 1.185508 217.874070 -67.501381
v -5.049246 216.276868 -56.134143
v 12.992184 220.827949 -56.134143
v -5.049246 216.276868 -56.134143
v 1.185508 217.874070 -67.501381
v 12.992184 190.380477 -56.134143
v 12.992184 195.478947 -71.416399
v 0.746413 193.226447 -67.924134
v 0.746413 193.226447 -67.924134
v 12.992184 195.478947 -71.416399
v 12.992184 205.604213 -81.307877
v -1.663998 205.604213 -70.244831
v -1.663998 205.604213 -70.244831
v 12.992184 205.604213 -81.307877
v 12.992184 217.281785 -72.367122
v 1.185508 217.874070 -67.501381
v 12.992184 220.827949 -56.134143
v 1.185508 217.874070 -67.501381
v 12.992184 217.281785 -72.367122
v 12.992184 190.380477 -56.134143
v 25.789054 196.002714 -68.454722
v 12.992184 195.478947 -71.416399
v 12.992184 195.478947 -71.416399
v 25.789054 196.002714 -68.454722
v 30.131155 205.604213 -72.635213
v 12.992184 205.604213 -81.307877
v 12.992184 205.604213 -81.307877
v 30.131155 205.604213 -72.635213
v 25.970875 216.574258 -68.629775
v 12.992184 217.281785 -72.367122
v 12.992184 220.827949 -56.134143
v 12.992184 217.281785 -72.367122
v 25.970875 216.574258 -68.629775
v 12.992184 190.380477 -56.134143
v 33.128501 195.908407 -56.134143
v 25.789054 196.002714 -68.454722
v 25.789054 196.002714 -68.454722
v 33.128501 195.908407 -56.134143
v 37.581916 205.604213 -56.134143
v 30.131155 205.604213 -72.635213
v 30.131155 205.604213 -72.635213
v 37.581916 205.604213 -56.134143
v 31.817274 215.736275 -56.134143
v 25.970875 216.574258 -68.629775
v 12.992184 220.827949 -56.134143
v 25.970875 216.574258 -68.629775
v 31.817274 215.736275 -56.134143
v 51.095945 155.979841 -36.409795
v 67.973914 159.630188 -23.927746
v 73.768513 160.393992 -36.409795
v 73.768513 160.393992 -36.409795
v 67.973914 159.630188 -23.927746
v 74.807703 176.203592 -18.873840
v 84.520297 176.203592 -36.409795
v 84.520297 176.203592 -36.409795
v 74.807703 176.203592 -18.873840
v 67.518442 190.664112 -24.264589
v 74.859737 191.052949 -36.409795
v 51.095945 196.427343 -36.409795
v 74.859737 191.052949 -36.409795
v 67.518442 190.664112 -24.264589
v 51.095945 155.979841 -36.409795
v 51.095945 162.906503 -17.533202
v 67.973914 159.630188 -23.927746
v 67.973914 159.630188 -23.927746
v 51.095945 162.906503 -17.533202
v 51.095945 176.203592 -15.019839
v 74.807703 176.203592 -18.873840
v 74.807703 176.203592 -18.873840
v 51.095945 176.203592 -15.019839
v 51.095945 191.816226 -20.073099
v 67.518442 190.664112 -24.264589
v 51.095945 196.427343 -36.409795
v 67.518442 190.664112 -24.264589
v 51.095945 191.816226 -20.073099
v 51.095945 155.979841 -36.409795
v 36.686282 163.325040 -25.753174
v 51.095945 162.906503 -17.533202
v 51.095945 162.906503 -17.533202
v 36.686282 163.325040 -25.753174
v 24.457262 176.203592 -16.709241
v 51.095945 176.203592 -15.019839
v 51.095945 176.203592 -15.019839
v 24.457262 176.203592 -16.709241
v 33.830307 191.748507 -23.641047
v 51.095945 191.816226 -20.073099
v 51.095945 196.427343 -36.409795
v 51.095945 191.816226 -20.073099
v 33.830307 191.748507 -23.641047
v 51.095945 155.979841 -36.409795
v 26.378733 163.762815 -36.409795
v 36.686282 163.325040 -25.753174
v 36.686282 163.325040 -25.753174
v 26.378733 163.762815 -36.409795
v 22.344145 176.203592 -36.409795
v 24.457262 176.203592 -16.709241
v 24.457262 176.203592 -16.709241
v 22.344145 176.203592 -36.409795
v 27.963979 192.236043 -36.409795
v 33.830307 191.748507 -23.641047
v 51.095945 196.427343 -36.409795
v 33.830307 191.748507 -23.641047
v 27.963979 192.236043 -36.409795
v 51.095945 155.979841 -36.409795
v 36.998310 163.688246 -46.835656
v 26.378733 163.762815 -36.409795
v 26.378733 163.762815 -36.409795
v 36.998310 163.688246 -46.835656
v 26.512750 176.203592 -54.590219
v 22.344145 176.203592 -36.409795
v 22.344145 176.203592 -36.409795
v 26.512750 176.203592 -54.590219
v 35.918385 190.843112 -47.634311
v 27.963979 192.236043 -36.409795
v 51.095945 196.427343 -36.409795
v 27.963979 192.236043 -36.409795
v 35.918385 190.843112 -47.634311
v 51.095945 155.979841 -36.409795
v 51.095945 162.390718 -51.409364
v 36.998310 163.688246 -46.835656
v 36.998310 163.688246 -46.835656
v 51.095945 162.390718 -51.409364
v 51.095945 176.203592 -59.567985
v 26.512750 176.203592 -54.590219
v 26.512750 176.203592 -54.590219
v 51.095945 176.203592 -59.567985
v 51.095945 192.510476 -53.017608
v 35.918385 190.843112 -47.634311
v 51.095945 196.427343 -36.409795
v 35.918385 190.843112 -47.634311
v 51.095945 192.510476 -53.017608
v 51.095945 155.979841 -36.409795
v 67.853505 161.735342 -48.802795
v 51.095945 162.390718 -51.409364
v 51.095945 162.390718 -51.409364
v 67.853505 161.735342 -48.802795
v 77.730669 176.203592 -56.107420
v 51.095945 176.203592 -59.567985
v 51.095945 176.203592 -59.567985
v 77.730669 176.203592 -56.107420
v 65.715426 191.977855 -47.221586
v 51.095945 192.510476 -53.017608
v 51.095945 196.427343 -36.409795
v 51.095945 192.510476 -53.017608
v 65.715426 191.977855 -47.221586
v 51.095945 155.979841 -36.409795
v 73.768513 160.393992 -36.409795
v 67.853505 161.735342 -48.802795
v 67.853505 161.735342 -48.802795
v 73.768513 160.393992 -36.409795
v 84.520297 176.203592 -36.409795
v 77.730669 176.203592 -56.107420
v 77.730669 176.203592 -56.107420
v 84.520297 176.203592 -36.409795
v 74.859737 191.052949 -36.409795
v 65.715426 191.977855 -47.221586
v 51.095945 196.427343 -36.409795
v 65.715426 191.977855 -47.221586
v 74.859737 191.052949 -36.409795
v -2.218800 195.275945 1.479200
v 11.733654 199.004036 13.599829
v 18.193692 201.654125 1.479200
v 18.193692 201.654125 1.479200
v 11.733654 199.004036 13.599829
v 17.601701 212.410127 18.697456
v 25.568767 212.410127 1.479200
v 25.568767 212.410127 1.479200
v 17.601701 212.410127 18.697456
v 12.266195 226.256481 14.062452
v 19.521929 226.275637 1.479200
v -2.218800 229.544310 1.479200
v 19.521929 226.275637 1.479200
v 12.266195 226.256481 14.062452
v -2.218800 195.275945 1.479200
v -2.218800 199.464015 20.833180
v 11.733654 199.004036 13.599829
v 11.733654 199.004036 13.599829
v -2.218800 199.464015 20.833180
v -2.218800 212.410127 28.862922
v 17.601701 212.410127 18.697456
v 17.601701 212.410127 18.697456
v -2.218800 212.410127 28.862922
v -2.218800 223.698035 19.675323
v 12.266195 226.256481 14.062452
v -2.218800 229.544310 1.479200
v 12.266195 226.256481 14.062452
v -2.218800 223.698035 19.675323
v -2.218800 195.275945 1.479200
v -16.379954 199.005891 13.781128
v -2.218800 199.464015 20.833180
v -2.218800 199.464015 20.833180
v -16.379954 199.005891 13.781128
v -22.854140 212.410127 19.405314
v -2.218800 212.410127 28.862922
v -2.218800 212.410127 28.862922
v -22.854140 212.410127 19.405314
v -15.809878 223.111861 13.285897
v -2.218800 223.698035 19.675323
v -2.218800 229.544310 1.479200
v -2.218800 223.698035 19.675323
v -15.809878 223.111861 13.285897
v -2.218800 195.275945 1.479200
v -24.279798 200.496634 1.479200
v -16.379954 199.005891 13.781128
v -16.379954 199.005891 13.781128
v -24.279798 200.496634 1.479200
v -28.529836 212.410127 1.479200
v -22.854140 212.410127 19.405314
v -22.854140 212.410127 19.405314
v -28.529836 212.410127 1.479200
v -21.963340 226.053766 1.479200
v -15.809878 223.111861 13.285897
v -2.218800 229.544310 1.479200
v -15.809878 223.111861 13.285897
v -21.963340 226.053766 1.479200
v -2.218800 195.275945 1.479200
v -17.114258 199.148220 -11.460625
v -24.279798 200.496634 1.479200
v -24.279798 200.496634 1.479200
v -17.114258 199.148220 -11.460625
v -20.813200 212.410127 -14.673931
v -28.529836 212.410127 1.479200
v -28.529836 212.410127 1.479200
v -20.813200 212.410127 -14.673931
v -15.162518 225.123980 -9.765130
v -21.963340 226.053766 1.479200
v -2.218800 229.544310 1.479200
v -21.963340 226.053766 1.479200
v -15.162518 225.123980 -9.765130
v -2.218800 195.275945 1.479200
v -2.218800 199.835831 -14.707192
v -17.114258 199.148220 -11.460625
v -17.114258 199.148220 -11.460625
v -2.218800 199.835831 -14.707192
v -2.218800 212.410127 -20.911576
v -20.813200 212.410127 -14.673931
v -20.813200 212.410127 -14.673931
v -2.218800 212.410127 -20.911576
v -2.218800 224.768293 -13.516478
v -15.162518 225.123980 -9.765130
v -2.218800 229.544310 1.479200
v -15.162518 225.123980 -9.765130
v -2.218800 224.768293 -13.516478
v -2.218800 195.275945 1.479200
v 12.001073 198.536918 -10.873738
v -2.218800 199.835831 -14.707192
v -2.218800 199.835831 -14.707192
v 12.001073 198.536918 -10.873738
v 20.253488 212.410127 -18.042689
v -2.218800 212.410127 -20.911576
v -2.218800 212.410127 -20.911576
v 20.253488 212.410127 -18.042689
v 10.390026 225.307832 -9.474206
v -2.218800 224.768293 -13.516478
v -2.218800 229.544310 1.479200
v -2.218800 224.768293 -13.516478
v 10.390026 225.307832 -9.474206
v -2.218800 195.275945 1.479200
v 18.193692 201.654125 1.479200
v 12.001073 198.536918 -10.873738
v 12.001073 198.536918 -10.873738
v 18.193692 201.654125 1.479200
v 25.568767 212.410127 1.479200
v 20.253488 212.410127 -18.042689
v 20.253488 212.410127 -18.042689
v 25.568767 212.410127 1.479200
v 19.521929 226.275637 1.479200
v 10.390026 225.307832 -9.474206
v -2.218800 229.544310 1.479200
v 10.390026 225.307832 -9.474206
v 19.521929 226.275637 1.479200
vt 0.000000 0.000000
vt 1.000000 0.000000
vt 1.000000 1.000000
vt 0.000000 1.000000
vt 0.500000 1.000000
vt 0.000000 0.000000
vt 1.000000 0.000000
vt 0.000000 0.000000
vt 1.000000 0.000000
vt 1.000000 1.000000
vt 0.000000 1.000000
vt 0.500000 1.000000
vt 0.000000 0.000000
vt 1.000000 0.000000
vt 0.000000 0.000000
vt 1.000000 0.000000
vt 1.000000 1.000000
vt 0.000000 1.000000
vt 0.500000 1.000000
vt 0.000000 0.000000
vt 1.000000 0.000000
vt 0.000000 0.000000
vt 1.000000 0.000000
vt 1.000000 1.000000
vt 0.000000 1.000000
vt 0.500000 1.000000
vt 0.000000 0.000000
vt 1.000000 0.000000
vt 0.000000 0.000000
vt 1.000000 0.000000
vt 1.000000 1.000000
vt 0.000000 1.000000
vt 0.500000 1.000000
vt 0.000000 0.000000
vt 1.000000 0.000000
vt 0.000000 0.000000
vt 1.000000 0.000000
vt 1.000000 1.000000
vt 0.000000 1.000000
vt 0.500000 1.000000
vt 0.000000 0.000000
vt 1.000000 0.000000
vt 0.000000 0.000000
vt 1.000000 0.000000
vt 1.000000 1.000000
vt 0.000000 1.000000
vt 0.500000 1.000000
vt 0.000000 0.000000
vt 1.000000 0.000000
vt 0.000000 0.000000
vt 1.000000 0.000000
vt 1.000000 1.000000
vt 0.000000 1.000000
vt 0.500000 1.000000
vt 0.000000 0.000000
vt 1.000000 0.000000
vt 0.000000 0.000000
vt 1.000000 0.000000
vt 1.000000 1.000000
vt 0.000000 1.000000
vt 0.500000 1.000000
vt 0.000000 0.000000
vt 1.000000 0.000000
vt 0.000000 0.000000
vt 1.000000 0.000000
vt 1.000000 1.000000
vt 0.000000 1.000000
vt 0.000000 0.000000
vt 1.000000 0.000000
vt 1.000000 1.000000
vt 0.000000 1.000000
vt 0.000000 0.000000
vt 1.000000 0.000000
vt 1.000000 1.000000
vt 0.000000 1.000000
vt 0.000000 0.000000
vt 1.000000 0.000000
vt 1.000000 1.000000
vt 0.000000 1.000000
vt 0.000000 0.000000
vt 1.000000 0.000000
vt 1.000000 1.000000
vt 0.000000 1.000000
vt 0.000000 0.000000
vt 1.000000 0.000000
vt 1.000000 1.000000
vt 0.000000 1.000000
vt 0.000000 0.000000
vt 1.000000 0.000000
vt 1.000000 1.000000
vt 0.000000 1.000000
vt 0.000000 0.000000
vt 1.000000 0.000000
vt 1.000000 1.000000
vt 0.000000 1.000000
vt 0.000000 0.000000
vt 1.000000 0.000000
vt 1.000000 1.000000
vt 0.000000 1.000000
vt 0.000000 0.000000
vt 1.000000 0.000000
vt 1.000000 1.000000
vt 0.000000 1.000000
vt 0.500000 1.000000
vt 0.000000 0.000000
vt 1.000000 0.000000
vt 0.000000 0.000000
vt 1.000000 0.000000
vt 1.000000 1.000000
vt 0.000000 1.000000
vt 0.500000 1.000000
vt 0.000000 0.000000
vt 1.000000 0.000000
vt 0.000000 0.000000
vt 1.000000 0.000000
vt 1.000000 1.000000
vt 0.000000 1.000000
vt 0.500000 1.000000
vt 0.000000 0.000000
vt 1.000000 0.000000
vt 0.000000 0.000000
vt 1.000000 0.000000
vt 1.000000 1.000000
vt 0.000000 1.000000
vt 0.500000 1.000000
vt 0.000000 0.000000
vt 1.000000 0.000000
vt 0.000000 0.000000
vt 1.000000 0.000000
vt 1.000000 1.000000
vt 0.000000 1.000000
vt 0.500000 1.000000
vt 0.000000 0.000000
vt 1.000000 0.000000
vt 0.000000 0.000000
vt 1.000000 0.000000
vt 1.000000 1.000000
vt 0.000000 1.000000
vt 0.500000 1.000000
vt 0.000000 0.000000
vt 1.000000 0.000000
vt 0.000000 0.000000
vt 1.000000 0.000000
vt 1.000000 1.000000
vt 0.000000 1.000000
vt 0.500000 1.000000
vt 0.000000 0.000000
vt 1.000000 0.000000
vt 0.000000 0.000000
vt 1.000000 0.000000
vt 1.000000 1.000000
vt 0.000000 1.000000
vt 0.500000 1.000000
vt 0.000000 0.000000
vt 1.000000 0.000000
vt 0.000000 0.000000
vt 1.000000 0.000000
vt 1.000000 1.000000
vt 0.000000 1.000000
vt 0.500000 1.000000
vt 0.000000 0.000000
vt 1.000000 0.000000
vt 0.000000 0.000000
vt 1.000000 0.000000
vt 1.000000 1.000000
vt 0.000000 1.000000
vt 0.500000 1.000000
vt 0.000000 0.000000
vt 1.000000 0.000000
vt 0.000000 0.000000
vt 1.000000 0.000000
vt 1.000000 1.000000
vt 0.000000 1.000000
vt 0.500000 1.000000
vt 0.000000 0.000000
vt 1.000000 0.000000
vt 0.000000 0.000000
vt 1.000000 0.000000
vt 1.000000 1.000000
vt 0.000000 1.000000
vt 0.500000 1.000000
vt 0.000000 0.000000
vt 1.000000 0.000000
vt 0.000000 0.000000
vt 1.000000 0.000000
vt 1.000000 1.000000
vt 0.000000 1.000000
vt 0.500000 1.000000
vt 0.000000 0.000000
vt 1.000000 0.000000
vt 0.000000 0.000000
vt 1.000000 0.000000
vt 1.000000 1.000000
vt 0.000000 1.000000
vt 0.500000 1.000000
vt 0.000000 0.000000
vt 1.000000 0.000000
vt 0.000000 0.000000
vt 1.000000 0.000000
vt 1.000000 1.000000
vt 0.000000 1.000000
vt 0.500000 1.000000
vt 0.000000 0.000000
vt 1.000000 0.000000
vt 0.000000 0.000000
vt 1.000000 0.000000
vt 1.000000 1.000000
vt 0.000000 1.000000
vt 0.500000 1.000000
vt 0.000000 0.000000
vt 1.000000 0.000000
vt 0.000000 0.000000
vt 1.000000 0.000000
vt 1.000000 1.000000
vt 0.000000 1.000000
vt 0.500000 1.000000
vt 0.000000 0.000000
vt 1.000000 0.000000
vt 0.000000 0.000000
vt 1.000000 0.000000
vt 1.000000 1.000000
vt 0.000000 1.000000
vt 0.500000 1.000000
vt 0.000000 0.000000
vt 1.000000 0.000000
vt 0.000000 0.000000
vt 1.000000 0.000000
vt 1.000000 1.000000
vt 0.000000 1.000000
vt 0.500000 1.000000
vt 0.000000 0.000000
vt 1.000000 0.000000
vt 0.000000 0.000000
vt 1.000000 0.000000
vt 1.000000 1.000000
vt 0.000000 1.000000
vt 0.500000 1.000000
vt 0.000000 0.000000
vt 1.000000 0.000000
vt 0.000000 0.000000
vt 1.000000 0.000000
vt 1.000000 1.000000
vt 0.000000 1.000000
vt 0.500000 1.000000
vt 0.000000 0.000000
vt 1.000000 0.000000
vt 0.000000 0.000000
vt 1.000000 0.000000
vt 1.000000 1.000000
vt 0.000000 1.000000
vt 0.500000 1.000000
vt 0.000000 0.000000
vt 1.000000 0.000000
vt 0.000000 0.000000
vt 1.000000 0.000000
vt 1.000000 1.000000
vt 0.000000 1.000000
vt 0.500000 1.000000
vt 0.000000 0.000000
vt 1.000000 0.000000
vt 0.000000 0.000000
vt 1.000000 0.000000
vt 1.000000 1.000000
vt 0.000000 1.000000
vt 0.500000 1.000000
vt 0.000000 0.000000
vt 1.000000 0.000000
vt 0.000000 0.000000
vt 1.000000 0.000000
vt 1.000000 1.000000
vt 0.000000 1.000000
vt 0.500000 1.000000
vt 0.000000 0.000000
vt 1.000000 0.000000
vt 0.000000 0.000000
vt 1.000000 0.000000
vt 1.000000 1.000000
vt 0.000000 1.000000
vt 0.500000 1.000000
vt 0.000000 0.000000
vt 1.000000 0.000000
vt 0.000000 0.000000
vt 1.000000 0.000000
vt 1.000000 1.000000
vt 0.000000 1.000000
vt 0.500000 1.000000
vt 0.000000 0.000000
vt 1.000000 0.000000
vt 0.000000 0.000000
vt 1.000000 0.000000
vt 1.000000 1.000000
vt 0.000000 1.000000
vt 0.500000 1.000000
vt 0.000000 0.000000
vt 1.000000 0.000000
vt 0.000000 0.000000
vt 1.000000 0.000000
vt 1.000000 1.000000
vt 0.000000 1.000000
vt 0.500000 1.000000
vt 0.000000 0.000000
vt 1.000000 0.000000
vt 0.000000 0.000000
vt 1.000000 0.000000
vt 1.000000 1.000000
vt 0.000000 1.000000
vt 0.500000 1.000000
vt 0.000000 0.000000
vt 1.000000 0.000000
vt 0.000000 0.000000
vt 1.000000 0.000000
vt 1.000000 1.000000
vt 0.000000 1.000000
vt 0.500000 1.000000
vt 0.000000 0.000000
vt 1.000000 0.000000
vt 0.000000 0.000000
vt 1.000000 0.000000
vt 1.000000 1.000000
vt 0.000000 1.000000
vt 0.500000 1.000000
vt 0.000000 0.000000
vt 1.000000 0.000000
vt 0.000000 0.000000
vt 1.000000 0.000000
vt 1.000000 1.000000
vt 0.000000 1.000000
vt 0.500000 1.000000
vt 0.000000 0.000000
vt 1.000000 0.000000
vt 0.000000 0.000000
vt 1.000000 0.000000
vt 1.000000 1.000000
vt 0.000000 1.000000
vt 0.500000 1.000000
vt 0.000000 0.000000
vt 1.000000 0.000000
vt 0.000000 0.000000
vt 1.000000 0.000000
vt 1.000000 1.000000
vt 0.000000 1.000000
vt 0.500000 1.000000
vt 0.000000 0.000000
vt 1.000000 0.000000
vt 0.000000 0.000000
vt 1.000000 0.000000
vt 1.000000 1.000000
vt 0.000000 1.000000
vt 0.500000 1.000000
vt 0.000000 0.000000
vt 1.000000 0.000000
vt 0.000000 0.000000
vt 1.000000 0.000000
vt 1.000000 1.000000
vt 0.000000 1.000000
vt 0.500000 1.000000
vt 0.000000 0.000000
vt 1.000000 0.000000
vt 0.000000 0.000000
vt 1.000000 0.000000
vt 1.000000 1.000000
vt 0.000000 1.000000
vt 0.500000 1.000000
vt 0.000000 0.000000
vt 1.000000 0.000000
vt 0.000000 0.000000
vt 1.000000 0.000000
vt 1.000000 1.000000
vt 0.000000 1.000000
vt 0.500000 1.000000
vt 0.000000 0.000000
vt 1.000000 0.000000
vt 0.000000 0.000000
vt 1.000000 0.000000
vt 1.000000 1.000000
vt 0.000000 1.000000
vt 0.500000 1.000000
vt 0.000000 0.000000
vt 1.000000 0.000000
vt 0.000000 0.000000
vt 1.000000 0.000000
vt 1.000000 1.000000
vt 0.000000 1.000000
vt 0.500000 1.000000
vt 0.000000 0.000000
vt 1.000000 0.000000
vt 0.000000 0.000000
vt 1.000000 0.000000
vt 1.000000 1.000000
vt 0.000000 1.000000
vt 0.500000 1.000000
vt 0.000000 0.000000
vt 1.000000 0.000000
vt 0.000000 0.000000
vt 1.000000 0.000000
vt 1.000000 1.000000
vt 0.000000 1.000000
vt 0.500000 1.000000
vt 0.000000 0.000000
vt 1.000000 0.000000
vt 0.000000 0.000000
vt 1.000000 0.000000
vt 1.000000 1.000000
vt 0.000000 1.000000
vt 0.500000 1.000000
vt 0.000000 0.000000
vt 1.000000 0.000000
vt 0.000000 0.000000
vt 1.000000 0.000000
vt 1.000000 1.000000
vt 0.000000 1.000000
vt 0.500000 1.000000
vt 0.000000 0.000000
vt 1.000000 0.000000
vt 0.000000 0.000000
vt 1.000000 0.000000
vt 1.000000 1.000000
vt 0.000000 1.000000
vt 0.500000 1.000000
vt 0.000000 0.000000
vt 1.000000 0.000000
vt 0.000000 0.000000
vt 1.000000 0.000000
vt 1.000000 1.000000
vt 0.000000 1.000000
vt 0.500000 1.000000
vt 0.000000 0.000000
vt 1.000000 0.000000
vt 0.000000 0.000000
vt 1.000000 0.000000
vt 1.000000 1.000000
vt 0.000000 1.000000
vt 0.500000 1.000000
vt 0.000000 0.000000
vt 1.000000 0.000000
vt 0.000000 0.000000
vt 1.000000 0.000000
vt 1.000000 1.000000
vt 0.000000 1.000000
vt 0.500000 1.000000
vt 0.000000 0.000000
vt 1.000000 0.000000
vt 0.000000 0.000000
vt 1.000000 0.000000
vt 1.000000 1.000000
vt 0.000000 1.000000
vt 0.500000 1.000000
vt 0.000000 0.000000
vt 1.000000 0.000000
vt 0.000000 0.000000
vt 1.000000 0.000000
vt 1.000000 1.000000
vt 0.000000 1.000000
vt 0.500000 1.000000
vt 0.000000 0.000000
vt 1.000000 0.000000
vt 0.000000 0.000000
vt 1.000000 0.000000
vt 1.000000 1.000000
vt 0.000000 1.000000
vt 0.500000 1.000000
vt 0.000000 0.000000
vt 1.000000 0.000000
vt 0.000000 0.000000
vt 1.000000 0.000000
vt 1.000000 1.000000
vt 0.000000 1.000000
vt 0.500000 1.000000
vt 0.000000 0.000000
vt 1.000000 0.000000
vt 0.000000 0.000000
vt 1.000000 0.000000
vt 1.000000 1.000000
vt 0.000000 1.000000
vt 0.500000 1.000000
vt 0.000000 0.000000
vt 1.000000 0.000000
vt 0.000000 0.000000
vt 1.000000 0.000000
vt 1.000000 1.000000
vt 0.000000 1.000000
vt 0.500000 1.000000
vt 0.000000 0.000000
vt 1.000000 0.000000
vt 0.000000 0.000000
vt 1.000000 0.000000
vt 1.000000 1.000000
vt 0.000000 1.000000
vt 0.500000 1.000000
vt 0.000000 0.000000
vt 1.000000 0.000000
vt 0.000000 0.000000
vt 1.000000 0.000000
vt 1.000000 1.000000
vt 0.000000 1.000000
vt 0.500000 1.000000
vt 0.000000 0.000000
vt 1.000000 0.000000
vt 0.000000 0.000000
vt 1.000000 0.000000
vt 1.000000 1.000000
vt 0.000000 1.000000
vt 0.500000 1.000000
vt 0.000000 0.000000
vt 1.000000 0.000000
vt 0.000000 0.000000
vt 1.000000 0.000000
vt 1.000000 1.000000
vt 0.000000 1.000000
vt 0.500000 1.000000
vt 0.000000 0.000000
vt 1.000000 0.000000
vt 0.000000 0.000000
vt 1.000000 0.000000
vt 1.000000 1.000000
vt 0.000000 1.000000
vt 0.500000 1.000000
vt 0.000000 0.000000
vt 1.000000 0.000000
vt 0.000000 0.000000
vt 1.000000 0.000000
vt 1.000000 1.000000
vt 0.000000 1.000000
vt 0.500000 1.000000
vt 0.000000 0.000000
vt 1.000000 0.000000
vt 0.000000 0.000000
vt 1.000000 0.000000
vt 1.000000 1.000000
vt 0.000000 1.000000
vt 0.500000 1.000000
vt 0.000000 0.000000
vt 1.000000 0.000000
vt 0.000000 0.000000
vt 1.000000 0.000000
vt 1.000000 1.000000
vt 0.000000 1.000000
vt 0.500000 1.000000
vt 0.000000 0.000000
vt 1.000000 0.000000
vt 0.000000 0.000000
vt 1.000000 0.000000
vt 1.000000 1.000000
vt 0.000000 1.000000
vt 0.500000 1.000000
vt 0.000000 0.000000
vt 1.000000 0.000000
vt 0.000000 0.000000
vt 1.000000 0.000000
vt 1.000000 1.000000
vt 0.000000 1.000000
vt 0.500000 1.000000
vt 0.000000 0.000000
vt 1.000000 0.000000
vt 0.000000 0.000000
vt 1.000000 0.000000
vt 1.000000 1.000000
vt 0.000000 1.000000
vt 0.500000 1.000000
vt 0.000000 0.000000
vt 1.000000 0.000000
vt 0.000000 0.000000
vt 1.000000 0.000000
vt 1.000000 1.000000
vt 0.000000 1.000000
vt 0.500000 1.000000
vt 0.000000 0.000000
vt 1.000000 0.000000
vt 0.000000 0.000000
vt 1.000000 0.000000
vt 1.000000 1.000000
vt 0.000000 1.000000
vt 0.500000 1.000000
vt 0.000000 0.000000
vt 1.000000 0.000000
vt 0.000000 0.000000
vt 1.000000 0.000000
vt 1.000000 1.000000
vt 0.000000 1.000000
vt 0.500000 1.000000
vt 0.000000 0.000000
vt 1.000000 0.000000
vt 0.000000 0.000000
vt 1.000000 0.000000
vt 1.000000 1.000000
vt 0.000000 1.000000
vt 0.500000 1.000000
vt 0.000000 0.000000
vt 1.000000 0.000000
vt 0.000000 0.000000
vt 1.000000 0.000000
vt 1.000000 1.000000
vt 0.000000 1.000000
vt 0.500000 1.000000
vt 0.000000 0.000000
vt 1.000000 0.000000
vt 0.000000 0.000000
vt 1.000000 0.000000
vt 1.000000 1.000000
vt 0.000000 1.000000
vt 0.500000 1.000000
vt 0.000000 0.000000
vt 1.000000 0.000000
vt 0.000000 0.000000
vt 1.000000 0.000000
vt 1.000000 1.000000
vt 0.000000 1.000000
vt 0.500000 1.000000
vt 0.000000 0.000000
vt 1.000000 0.000000
vt 0.000000 0.000000
vt 1.000000 0.000000
vt 1.000000 1.000000
vt 0.000000 1.000000
vt 0.500000 1.000000
vt 0.000000 0.000000
vt 1.000000 0.000000
vt 0.000000 0.000000
vt 1.000000 0.000000
vt 1.000000 1.000000
vt 0.000000 1.000000
vt 0.500000 1.000000
vt 0.000000 0.000000
vt 1.000000 0.000000
vt 0.000000 0.000000
vt 1.000000 0.000000
vt 1.000000 1.000000
vt 0.000000 1.000000
vt 0.500000 1.000000
vt 0.000000 0.000000
vt 1.000000 0.000000
vt 0.000000 0.000000
vt 1.000000 0.000000
vt 1.000000 1.000000
vt 0.000000 1.000000
vt 0.500000 1.000000
vt 0.000000 0.000000
vt 1.000000 0.000000
vt 0.000000 0.000000
vt 1.000000 0.000000
vt 1.000000 1.000000
vt 0.000000 1.000000
vt 0.500000 1.000000
vt 0.000000 0.000000
vt 1.000000 0.000000
vt 0.000000 0.000000
vt 1.000000 0.000000
vt 1.000000 1.000000
vt 0.000000 1.000000
vt 0.500000 1.000000
vt 0.000000 0.000000
vt 1.000000 0.000000
vt 0.000000 0.000000
vt 1.000000 0.000000
vt 1.000000 1.000000
vt 0.000000 1.000000
vt 0.500000 1.000000
vt 0.000000 0.000000
vt 1.000000 0.000000
vt 0.000000 0.000000
vt 1.000000 0.000000
vt 1.000000 1.000000
vt 0.000000 1.000000
vt 0.500000 1.000000
vt 0.000000 0.000000
vt 1.000000 0.000000
vt 0.000000 0.000000
vt 1.000000 0.000000
vt 1.000000 1.000000
vt 0.000000 1.000000
vt 0.500000 1.000000
vt 0.000000 0.000000
vt 1.000000 0.000000
vt 0.000000 0.000000
vt 1.000000 0.000000
vt 1.000000 1.000000
vt 0.000000 1.000000
vt 0.500000 1.000000
vt 0.000000 0.000000
vt 1.000000 0.000000
vt 0.000000 0.000000
vt 1.000000 0.000000
vt 1.000000 1.000000
vt 0.000000 1.000000
vt 0.500000 1.000000
vt 0.000000 0.000000
vt 1.000000 0.000000
vt 0.000000 0.000000
vt 1.000000 0.000000
vt 1.000000 1.000000
vt 0.000000 1.000000
vt 0.500000 1.000000
vt 0.000000 0.000000
vt 1.000000 0.000000
vt 0.000000 0.000000
vt 1.000000 0.000000
vt 1.000000 1.000000
vt 0.000000 1.000000
vt 0.500000 1.000000
vt 0.000000 0.000000
vt 1.000000 0.000000
vt 0.000000 0.000000
vt 1.000000 0.000000
vt 1.000000 1.000000
vt 0.000000 1.000000
vt 0.500000 1.000000
vt 0.000000 0.000000
vt 1.000000 0.000000
vt 0.000000 0.000000
vt 1.000000 0.000000
vt 1.000000 1.000000
vt 0.000000 1.000000
vt 0.500000 1.000000
vt 0.000000 0.000000
vt 1.000000 0.000000
vt 0.000000 0.000000
vt 1.000000 0.000000
vt 1.000000 1.000000
vt 0.000000 1.000000
vt 0.500000 1.000000
vt 0.000000 0.000000
vt 1.000000 0.000000
vt 0.000000 0.000000
vt 1.000000 0.000000
vt 1.000000 1.000000
vt 0.000000 1.000000
vt 0.500000 1.000000
vt 0.000000 0.000000
vt 1.000000 0.000000
vt 0.000000 0.000000
vt 1.000000 0.000000
vt 1.000000 1.000000
vt 0.000000 1.000000
vt 0.500000 1.000000
vt 0.000000 0.000000
vt 1.000000 0.000000
vt 0.000000 0.000000
vt 1.000000 0.000000
vt 1.000000 1.000000
vt 0.000000 1.000000
vt 0.500000 1.000000
vt 0.000000 0.000000
vt 1.000000 0.000000
vt 0.000000 0.000000
vt 1.000000 0.000000
vt 1.000000 1.000000
vt 0.000000 1.000000
vt 0.500000 1.000000
vt 0.000000 0.000000
vt 1.000000 0.000000
vt 0.000000 0.000000
vt 1.000000 0.000000
vt 1.000000 1.000000
vt 0.000000 1.000000
vt 0.500000 1.000000
vt 0.000000 0.000000
vt 1.000000 0.000000
vt 0.000000 0.000000
vt 1.000000 0.000000
vt 1.000000 1.000000
vt 0.000000 1.000000
vt 0.500000 1.000000
vt 0.000000 0.000000
vt 1.000000 0.000000
vt 0.000000 0.000000
vt 1.000000 0.000000
vt 1.000000 1.000000
vt 0.000000 1.000000
vt 0.500000 1.000000
vt 0.000000 0.000000
vt 1.000000 0.000000
vt 0.000000 0.000000
vt 1.000000 0.000000
vt 1.000000 1.000000
vt 0.000000 1.000000
vt 0.500000 1.000000
vt 0.000000 0.000000
vt 1.000000 0.000000
vt 0.000000 0.000000
vt 1.000000 0.000000
vt 1.000000 1.000000
vt 0.000000 1.000000
vt 0.500000 1.000000
vt 0.000000 0.000000
vt 1.000000 0.000000
vt 0.000000 0.000000
vt 1.000000 0.000000
vt 1.000000 1.000000
vt 0.000000 1.000000
vt 0.500000 1.000000
vt 0.000000 0.000000
vt 1.000000 0.000000
vt 0.000000 0.000000
vt 1.000000 0.000000
vt 1.000000 1.000000
vt 0.000000 1.000000
vt 0.500000 1.000000
vt 0.000000 0.000000
vt 1.000000 0.000000
vt 0.000000 0.000000
vt 1.000000 0.000000
vt 1.000000 1.000000
vt 0.000000 1.000000
vt 0.500000 1.000000
vt 0.000000 0.000000
vt 1.000000 0.000000
vt 0.000000 0.000000
vt 1.000000 0.000000
vt 1.000000 1.000000
vt 0.000000 1.000000
vt 0.500000 1.000000
vt 0.000000 0.000000
vt 1.000000 0.000000
vt 0.000000 0.000000
vt 1.000000 0.000000
vt 1.000000 1.000000
vt 0.000000 1.000000
vt 0.500000 1.000000
vt 0.000000 0.000000
vt 1.000000 0.000000
vt 0.000000 0.000000
vt 1.000000 0.000000
vt 1.000000 1.000000
vt 0.000000 1.000000
vt 0.500000 1.000000
vt 0.000000 0.000000
vt 1.000000 0.000000
vt 0.000000 0.000000
vt 1.000000 0.000000
vt 1.000000 1.000000
vt 0.000000 1.000000
vt 0.500000 1.000000
vt 0.000000 0.000000
vt 1.000000 0.000000
vt 0.500000 1.000000
vt 0.000000 0.000000
vt 1.000000 0.000000
vt 0.000000 0.000000
vt 1.000000 0.000000
vt 1.000000 1.000000
vt 0.000000 1.000000
vt 0.000000 0.000000
vt 1.000000 0.000000
vt 1.000000 1.000000
vt 0.000000 1.000000
vt 0.500000 1.000000
vt 0.000000 0.000000
vt 1.000000 0.000000
vt 0.500000 1.000000
vt 0.000000 0.000000
vt 1.000000 0.000000
vt 0.000000 0.000000
vt 1.000000 0.000000
vt 1.000000 1.000000
vt 0.000000 1.000000
vt 0.000000 0.000000
vt 1.000000 0.000000
vt 1.000000 1.000000
vt 0.000000 1.000000
vt 0.500000 1.000000
vt 0.000000 0.000000
vt 1.000000 0.000000
vt 0.500000 1.000000
vt 0.000000 0.000000
vt 1.000000 0.000000
vt 0.000000 0.000000
vt 1.000000 0.000000
vt 1.000000 1.000000
vt 0.000000 1.000000
vt 0.000000 0.000000
vt 1.000000 0.000000
vt 1.000000 1.000000
vt 0.000000 1.000000
vt 0.500000 1.000000
vt 0.000000 0.000000
vt 1.000000 0.000000
vt 0.500000 1.000000
vt 0.000000 0.000000
vt 1.000000 0.000000
vt 0.000000 0.000000
vt 1.000000 0.000000
vt 1.000000 1.000000
vt 0.000000 1.000000
vt 0.000000 0.000000
vt 1.000000 0.000000
vt 1.000000 1.000000
vt 0.000000 1.000000
vt 0.500000 1.000000
vt 0.000000 0.000000
vt 1.000000 0.000000
vt 0.500000 1.000000
vt 0.000000 0.000000
vt 1.000000 0.000000
vt 0.000000 0.000000
vt 1.000000 0.000000
vt 1.000000 1.000000
vt 0.000000 1.000000
vt 0.000000 0.000000
vt 1.000000 0.000000
vt 1.000000 1.000000
vt 0.000000 1.000000
vt 0.500000 1.000000
vt 0.000000 0.000000
vt 1.000000 0.000000
vt 0.500000 1.000000
vt 0.000000 0.000000
vt 1.000000 0.000000
vt 0.000000 0.000000
vt 1.000000 0.000000
vt 1.000000 1.000000
vt 0.000000 1.000000
vt 0.000000 0.000000
vt 1.000000 0.000000
vt 1.000000 1.000000
vt 0.000000 1.000000
vt 0.500000 1.000000
vt 0.000000 0.000000
vt 1.000000 0.000000
vt 0.500000 1.000000
vt 0.000000 0.000000
vt 1.000000 0.000000
vt 0.000000 0.000000
vt 1.000000 0.000000
vt 1.000000 1.000000
vt 0.000000 1.000000
vt 0.000000 0.000000
vt 1.000000 0.000000
vt 1.000000 1.000000
vt 0.000000 1.000000
vt 0.500000 1.000000
vt 0.000000 0.000000
vt 1.000000 0.000000
vt 0.500000 1.000000
vt 0.000000 0.000000
vt 1.000000 0.000000
vt 0.000000 0.000000
vt 1.000000 0.000000
vt 1.000000 1.000000
vt 0.000000 1.000000
vt 0.000000 0.000000
vt 1.000000 0.000000
vt 1.000000 1.000000
vt 0.000000 1.000000
vt 0.500000 1.000000
vt 0.000000 0.000000
vt 1.000000 0.000000
vt 0.500000 1.000000
vt 0.000000 0.000000
vt 1.000000 0.000000
vt 0.000000 0.000000
vt 1.000000 0.000000
vt 1.000000 1.000000
vt 0.000000 1.000000
vt 0.000000 0.000000
vt 1.000000 0.000000
vt 1.000000 1.000000
vt 0.000000 1.000000
vt 0.500000 1.000000
vt 0.000000 0.000000
vt 1.000000 0.000000
vt 0.500000 1.000000
vt 0.000000 0.000000
vt 1.000000 0.000000
vt 0.000000 0.000000
vt 1.000000 0.000000
vt 1.000000 1.000000
vt 0.000000 1.000000
vt 0.000000 0.000000
vt 1.000000 0.000000
vt 1.000000 1.000000
vt 0.000000 1.000000
vt 0.500000 1.000000
vt 0.000000 0.000000
vt 1.000000 0.000000
vt 0.500000 1.000000
vt 0.000000 0.000000
vt 1.000000 0.000000
vt 0.000000 0.000000
vt 1.000000 0.000000
vt 1.000000 1.000000
vt 0.000000 1.000000
vt 0.000000 0.000000
vt 1.000000 0.000000
vt 1.000000 1.000000
vt 0.000000 1.000000
vt 0.500000 1.000000
vt 0.000000 0.000000
vt 1.000000 0.000000
vt 0.500000 1.000000
vt 0.000000 0.000000
vt 1.000000 0.000000
vt 0.000000 0.000000
vt 1.000000 0.000000
vt 1.000000 1.000000
vt 0.000000 1.000000
vt 0.000000 0.000000
vt 1.000000 0.000000
vt 1.000000 1.000000
vt 0.000000 1.000000
vt 0.500000 1.000000
vt 0.000000 0.000000
vt 1.000000 0.000000
vt 0.500000 1.000000
vt 0.000000 0.000000
vt 1.000000 0.000000
vt 0.000000 0.000000
vt 1.000000 0.000000
vt 1.000000 1.000000
vt 0.000000 1.000000
vt 0.000000 0.000000
vt 1.000000 0.000000
vt 1.000000 1.000000
vt 0.000000 1.000000
vt 0.500000 1.000000
vt 0.000000 0.000000
vt 1.000000 0.000000
vt 0.500000 1.000000
vt 0.000000 0.000000
vt 1.000000 0.000000
vt 0.000000 0.000000
vt 1.000000 0.000000
vt 1.000000 1.000000
vt 0.000000 1.000000
vt 0.000000 0.000000
vt 1.000000 0.000000
vt 1.000000 1.000000
vt 0.000000 1.000000
vt 0.500000 1.000000
vt 0.000000 0.000000
vt 1.000000 0.000000
vt 0.500000 1.000000
vt 0.000000 0.000000
vt 1.000000 0.000000
vt 0.000000 0.000000
vt 1.000000 0.000000
vt 1.000000 1.000000
vt 0.000000 1.000000
vt 0.000000 0.000000
vt 1.000000 0.000000
vt 1.000000 1.000000
vt 0.000000 1.000000
vt 0.500000 1.000000
vt 0.000000 0.000000
vt 1.000000 0.000000
vt 0.500000 1.000000
vt 0.000000 0.000000
vt 1.000000 0.000000
vt 0.000000 0.000000
vt 1.000000 0.000000
vt 1.000000 1.000000
vt 0.000000 1.000000
vt 0.000000 0.000000
vt 1.000000 0.000000
vt 1.000000 1.000000
vt 0.000000 1.000000
vt 0.500000 1.000000
vt 0.000000 0.000000
vt 1.000000 0.000000
vt 0.500000 1.000000
vt 0.000000 0.000000
vt 1.000000 0.000000
vt 0.000000 0.000000
vt 1.000000 0.000000
vt 1.000000 1.000000
vt 0.000000 1.000000
vt 0.000000 0.000000
vt 1.000000 0.000000
vt 1.000000 1.000000
vt 0.000000 1.000000
vt 0.500000 1.000000
vt 0.000000 0.000000
vt 1.000000 0.000000
vt 0.500000 1.000000
vt 0.000000 0.000000
vt 1.000000 0.000000
vt 0.000000 0.000000
vt 1.000000 0.000000
vt 1.000000 1.000000
vt 0.000000 1.000000
vt 0.000000 0.000000
vt 1.000000 0.000000
vt 1.000000 1.000000
vt 0.000000 1.000000
vt 0.500000 1.000000
vt 0.000000 0.000000
vt 1.000000 0.000000
vt 0.500000 1.000000
vt 0.000000 0.000000
vt 1.000000 0.000000
vt 0.000000 0.000000
vt 1.000000 0.000000
vt 1.000000 1.000000
vt 0.000000 1.000000
vt 0.000000 0.000000
vt 1.000000 0.000000
vt 1.000000 1.000000
vt 0.000000 1.000000
vt 0.500000 1.000000
vt 0.000000 0.000000
vt 1.000000 0.000000
vt 0.500000 1.000000
vt 0.000000 0.000000
vt 1.000000 0.000000
vt 0.000000 0.000000
vt 1.000000 0.000000
vt 1.000000 1.000000
vt 0.000000 1.000000
vt 0.000000 0.000000
vt 1.000000 0.000000
vt 1.000000 1.000000
vt 0.000000 1.000000
vt 0.500000 1.000000
vt 0.000000 0.000000
vt 1.000000 0.000000
vt 0.500000 1.000000
vt 0.000000 0.000000
vt 1.000000 0.000000
vt 0.000000 0.000000
vt 1.000000 0.000000
vt 1.000000 1.000000
vt 0.000000 1.000000
vt 0.000000 0.000000
vt 1.000000 0.000000
vt 1.000000 1.000000
vt 0.000000 1.000000
vt 0.500000 1.000000
vt 0.000000 0.000000
vt 1.000000 0.000000
vt 0.500000 1.000000
vt 0.000000 0.000000
vt 1.000000 0.000000
vt 0.000000 0.000000
vt 1.000000 0.000000
vt 1.000000 1.000000
vt 0.000000 1.000000
vt 0.000000 0.000000
vt 1.000000 0.000000
vt 1.000000 1.000000
vt 0.000000 1.000000
vt 0.500000 1.000000
vt 0.000000 0.000000
vt 1.000000 0.000000
vt 0.500000 1.000000
vt 0.000000 0.000000
vt 1.000000 0.000000
vt 0.000000 0.000000
vt 1.000000 0.000000
vt 1.000000 1.000000
vt 0.000000 1.000000
vt 0.000000 0.000000
vt 1.000000 0.000000
vt 1.000000 1.000000
vt 0.000000 1.000000
vt 0.500000 1.000000
vt 0.000000 0.000000
vt 1.000000 0.000000
vt 0.500000 1.000000
vt 0.000000 0.000000
vt 1.000000 0.000000
vt 0.000000 0.000000
vt 1.000000 0.000000
vt 1.000000 1.000000
vt 0.000000 1.000000
vt 0.000000 0.000000
vt 1.000000 0.000000
vt 1.000000 1.000000
vt 0.000000 1.000000
vt 0.500000 1.000000
vt 0.000000 0.000000
vt 1.000000 0.000000
vt 0.500000 1.000000
vt 0.000000 0.000000
vt 1.000000 0.000000
vt 0.000000 0.000000
vt 1.000000 0.000000
vt 1.000000 1.000000
vt 0.000000 1.000000
vt 0.000000 0.000000
vt 1.000000 0.000000
vt 1.000000 1.000000
vt 0.000000 1.000000
vt 0.500000 1.000000
vt 0.000000 0.000000
vt 1.000000 0.000000
vt 0.500000 1.000000
vt 0.000000 0.000000
vt 1.000000 0.000000
vt 0.000000 0.000000
vt 1.000000 0.000000
vt 1.000000 1.000000
vt 0.000000 1.000000
vt 0.000000 0.000000
vt 1.000000 0.000000
vt 1.000000 1.000000
vt 0.000000 1.000000
vt 0.500000 1.000000
vt 0.000000 0.000000
vt 1.000000 0.000000
vt 0.500000 1.000000
vt 0.000000 0.000000
vt 1.000000 0.000000
vt 0.000000 0.000000
vt 1.000000 0.000000
vt 1.000000 1.000000
vt 0.000000 1.000000
vt 0.000000 0.000000
vt 1.000000 0.000000
vt 1.000000 1.000000
vt 0.000000 1.000000
vt 0.500000 1.000000
vt 0.000000 0.000000
vt 1.000000 0.000000
vt 0.500000 1.000000
vt 0.000000 0.000000
vt 1.000000 0.000000
vt 0.000000 0.000000
vt 1.000000 0.000000
vt 1.000000 1.000000
vt 0.000000 1.000000
vt 0.000000 0.000000
vt 1.000000 0.000000
vt 1.000000 1.000000
vt 0.000000 1.000000
vt 0.500000 1.000000
vt 0.000000 0.000000
vt 1.000000 0.000000
vt 0.500000 1.000000
vt 0.000000 0.000000
vt 1.000000 0.000000
vt 0.000000 0.000000
vt 1.000000 0.000000
vt 1.000000 1.000000
vt 0.000000 1.000000
vt 0.000000 0.000000
vt 1.000000 0.000000
vt 1.000000 1.000000
vt 0.000000 1.000000
vt 0.500000 1.000000
vt 0.000000 0.000000
vt 1.000000 0.000000
vt 0.500000 1.000000
vt 0.000000 0.000000
vt 1.000000 0.000000
vt 0.000000 0.000000
vt 1.000000 0.000000
vt 1.000000 1.000000
vt 0.000000 1.000000
vt 0.000000 0.000000
vt 1.000000 0.000000
vt 1.000000 1.000000
vt 0.000000 1.000000
vt 0.500000 1.000000
vt 0.000000 0.000000
vt 1.000000 0.000000
vt 0.500000 1.000000
vt 0.000000 0.000000
vt 1.000000 0.000000
vt 0.000000 0.000000
vt 1.000000 0.000000
vt 1.000000 1.000000
vt 0.000000 1.000000
vt 0.000000 0.000000
vt 1.000000 0.000000
vt 1.000000 1.000000
vt 0.000000 1.000000
vt 0.500000 1.000000
vt 0.000000 0.000000
vt 1.000000 0.000000
vt 0.500000 1.000000
vt 0.000000 0.000000
vt 1.000000 0.000000
vt 0.000000 0.000000
vt 1.000000 0.000000
vt 1.000000 1.000000
vt 0.000000 1.000000
vt 0.000000 0.000000
vt 1.000000 0.000000
vt 1.000000 1.000000
vt 0.000000 1.000000
vt 0.500000 1.000000
vt 0.000000 0.000000
vt 1.000000 0.000000
vt 0.500000 1.000000
vt 0.000000 0.000000
vt 1.000000 0.000000
vt 0.000000 0.000000
vt 1.000000 0.000000
vt 1.000000 1.000000
vt 0.000000 1.000000
vt 0.000000 0.000000
vt 1.000000 0.000000
vt 1.000000 1.000000
vt 0.000000 1.000000
vt 0.500000 1.000000
vt 0.000000 0.000000
vt 1.000000 0.000000
vt 0.500000 1.000000
vt 0.000000 0.000000
vt 1.000000 0.000000
vt 0.000000 0.000000
vt 1.000000 0.000000
vt 1.000000 1.000000
vt 0.000000 1.000000
vt 0.000000 0.000000
vt 1.000000 0.000000
vt 1.000000 1.000000
vt 0.000000 1.000000
vt 0.500000 1.000000
vt 0.000000 0.000000
vt 1.000000 0.000000
vt 0.500000 1.000000
vt 0.000000 0.000000
vt 1.000000 0.000000
vt 0.000000 0.000000
vt 1.000000 0.000000
vt 1.000000 1.000000
vt 0.000000 1.000000
vt 0.000000 0.000000
vt 1.000000 0.000000
vt 1.000000 1.000000
vt 0.000000 1.000000
vt 0.500000 1.000000
vt 0.000000 0.000000
vt 1.000000 0.000000
vt 0.500000 1.000000
vt 0.000000 0.000000
vt 1.000000 0.000000
vt 0.000000 0.000000
vt 1.000000 0.000000
vt 1.000000 1.000000
vt 0.000000 1.000000
vt 0.000000 0.000000
vt 1.000000 0.000000
vt 1.000000 1.000000
vt 0.000000 1.000000
vt 0.500000 1.000000
vt 0.000000 0.000000
vt 1.000000 0.000000
vt 0.500000 1.000000
vt 0.000000 0.000000
vt 1.000000 0.000000
vt 0.000000 0.000000
vt 1.000000 0.000000
vt 1.000000 1.000000
vt 0.000000 1.000000
vt 0.000000 0.000000
vt 1.000000 0.000000
vt 1.000000 1.000000
vt 0.000000 1.000000
vt 0.500000 1.000000
vt 0.000000 0.000000
vt 1.000000 0.000000
vt 0.500000 1.000000
vt 0.000000 0.000000
vt 1.000000 0.000000
vt 0.000000 0.000000
vt 1.000000 0.000000
vt 1.000000 1.000000
vt 0.000000 1.000000
vt 0.000000 0.000000
vt 1.000000 0.000000
vt 1.000000 1.000000
vt 0.000000 1.000000
vt 0.500000 1.000000
vt 0.000000 0.000000
vt 1.000000 0.000000
vt 0.500000 1.000000
vt 0.000000 0.000000
vt 1.000000 0.000000
vt 0.000000 0.000000
vt 1.000000 0.000000
vt 1.000000 1.000000
vt 0.000000 1.000000
vt 0.000000 0.000000
vt 1.000000 0.000000
vt 1.000000 1.000000
vt 0.000000 1.000000
vt 0.500000 1.000000
vt 0.000000 0.000000
vt 1.000000 0.000000
vt 0.500000 1.000000
vt 0.000000 0.000000
vt 1.000000 0.000000
vt 0.000000 0.000000
vt 1.000000 0.000000
vt 1.000000 1.000000
vt 0.000000 1.000000
vt 0.000000 0.000000
vt 1.000000 0.000000
vt 1.000000 1.000000
vt 0.000000 1.000000
vt 0.500000 1.000000
vt 0.000000 0.000000
vt 1.000000 0.000000
vt 0.500000 1.000000
vt 0.000000 0.000000
vt 1.000000 0.000000
vt 0.000000 0.000000
vt 1.000000 0.000000
vt 1.000000 1.000000
vt 0.000000 1.000000
vt 0.000000 0.000000
vt 1.000000 0.000000
vt 1.000000 1.000000
vt 0.000000 1.000000
vt 0.500000 1.000000
vt 0.000000 0.000000
vt 1.000000 0.000000
vt 0.500000 1.000000
vt 0.000000 0.000000
vt 1.000000 0.000000
vt 0.000000 0.000000
vt 1.000000 0.000000
vt 1.000000 1.000000
vt 0.000000 1.000000
vt 0.000000 0.000000
vt 1.000000 0.000000
vt 1.000000 1.000000
vt 0.000000 1.000000
vt 0.500000 1.000000
vt 0.000000 0.000000
vt 1.000000 0.000000
vt 0.500000 1.000000
vt 0.000000 0.000000
vt 1.000000 0.000000
vt 0.000000 0.000000
vt 1.000000 0.000000
vt 1.000000 1.000000
vt 0.000000 1.000000
vt 0.000000 0.000000
vt 1.000000 0.000000
vt 1.000000 1.000000
vt 0.000000 1.000000
vt 0.500000 1.000000
vt 0.000000 0.000000
vt 1.000000 0.000000
vt 0.500000 1.000000
vt 0.000000 0.000000
vt 1.000000 0.000000
vt 0.000000 0.000000
vt 1.000000 0.000000
vt 1.000000 1.000000
vt 0.000000 1.000000
vt 0.000000 0.000000
vt 1.000000 0.000000
vt 1.000000 1.000000
vt 0.000000 1.000000
vt 0.500000 1.000000
vt 0.000000 0.000000
vt 1.000000 0.000000
vt 0.500000 1.000000
vt 0.000000 0.000000
vt 1.000000 0.000000
vt 0.000000 0.000000
vt 1.000000 0.000000
vt 1.000000 1.000000
vt 0.000000 1.000000
vt 0.000000 0.000000
vt 1.000000 0.000000
vt 1.000000 1.000000
vt 0.000000 1.000000
vt 0.500000 1.000000
vt 0.000000 0.000000
vt 1.000000 0.000000
vt 0.500000 1.000000
vt 0.000000 0.000000
vt 1.000000 0.000000
vt 0.000000 0.000000
vt 1.000000 0.000000
vt 1.000000 1.000000
vt 0.000000 1.000000
vt 0.000000 0.000000
vt 1.000000 0.000000
vt 1.000000 1.000000
vt 0.000000 1.000000
vt 0.500000 1.000000
vt 0.000000 0.000000
vt 1.000000 0.000000
vt 0.500000 1.000000
vt 0.000000 0.000000
vt 1.000000 0.000000
vt 0.000000 0.000000
vt 1.000000 0.000000
vt 1.000000 1.000000
vt 0.000000 1.000000
vt 0.000000 0.000000
vt 1.000000 0.000000
vt 1.000000 1.000000
vt 0.000000 1.000000
vt 0.500000 1.000000
vt 0.000000 0.000000
vt 1.000000 0.000000
vt 0.500000 1.000000
vt 0.000000 0.000000
vt 1.000000 0.000000
vt 0.000000 0.000000
vt 1.000000 0.000000
vt 1.000000 1.000000
vt 0.000000 1.000000
vt 0.000000 0.000000
vt 1.000000 0.000000
vt 1.000000 1.000000
vt 0.000000 1.000000
vt 0.500000 1.000000
vt 0.000000 0.000000
vt 1.000000 0.000000
vt 0.500000 1.000000
vt 0.000000 0.000000
vt 1.000000 0.000000
vt 0.000000 0.000000
vt 1.000000 0.000000
vt 1.000000 1.000000
vt 0.000000 1.000000
vt 0.000000 0.000000
vt 1.000000 0.000000
vt 1.000000 1.000000
vt 0.000000 1.000000
vt 0.500000 1.000000
vt 0.000000 0.000000
vt 1.000000 0.000000
vt 0.500000 1.000000
vt 0.000000 0.000000
vt 1.000000 0.000000
vt 0.000000 0.000000
vt 1.000000 0.000000
vt 1.000000 1.000000
vt 0.000000 1.000000
vt 0.000000 0.000000
vt 1.000000 0.000000
vt 1.000000 1.000000
vt 0.000000 1.000000
vt 0.500000 1.000000
vt 0.000000 0.000000
vt 1.000000 0.000000
vt 0.500000 1.000000
vt 0.000000 0.000000
vt 1.000000 0.000000
vt 0.000000 0.000000
vt 1.000000 0.000000
vt 1.000000 1.000000
vt 0.000000 1.000000
vt 0.000000 0.000000
vt 1.000000 0.000000
vt 1.000000 1.000000
vt 0.000000 1.000000
vt 0.500000 1.000000
vt 0.000000 0.000000
vt 1.000000 0.000000
vt 0.500000 1.000000
vt 0.000000 0.000000
vt 1.000000 0.000000
vt 0.000000 0.000000
vt 1.000000 0.000000
vt 1.000000 1.000000
vt 0.000000 1.000000
vt 0.000000 0.000000
vt 1.000000 0.000000
vt 1.000000 1.000000
vt 0.000000 1.000000
vt 0.500000 1.000000
vt 0.000000 0.000000
vt 1.000000 0.000000
vt 0.500000 1.000000
vt 0.000000 0.000000
vt 1.000000 0.000000
vt 0.000000 0.000000
vt 1.000000 0.000000
vt 1.000000 1.000000
vt 0.000000 1.000000
vt 0.000000 0.000000
vt 1.000000 0.000000
vt 1.000000 1.000000
vt 0.000000 1.000000
vt 0.500000 1.000000
vt 0.000000 0.000000
vt 1.000000 0.000000
vt 0.500000 1.000000
vt 0.000000 0.000000
vt 1.000000 0.000000
vt 0.000000 0.000000
vt 1.000000 0.000000
vt 1.000000 1.000000
vt 0.000000 1.000000
vt 0.000000 0.000000
vt 1.000000 0.000000
vt 1.000000 1.000000
vt 0.000000 1.000000
vt 0.500000 1.000000
vt 0.000000 0.000000
vt 1.000000 0.000000
vt 0.500000 1.000000
vt 0.000000 0.000000
vt 1.000000 0.000000
vt 0.000000 0.000000
vt 1.000000 0.000000
vt 1.000000 1.000000
vt 0.000000 1.000000
vt 0.000000 0.000000
vt 1.000000 0.000000
vt 1.000000 1.000000
vt 0.000000 1.000000
vt 0.500000 1.000000
vt 0.000000 0.000000
vt 1.000000 0.000000
vt 0.500000 1.000000
vt 0.000000 0.000000
vt 1.000000 0.000000
vt 0.000000 0.000000
vt 1.000000 0.000000
vt 1.000000 1.000000
vt 0.000000 1.000000
vt 0.000000 0.000000
vt 1.000000 0.000000
vt 1.000000 1.000000
vt 0.000000 1.000000
vt 0.500000 1.000000
vt 0.000000 0.000000
vt 1.000000 0.000000
vt 0.500000 1.000000
vt 0.000000 0.000000
vt 1.000000 0.000000
vt 0.000000 0.000000
vt 1.000000 0.000000
vt 1.000000 1.000000
vt 0.000000 1.000000
vt 0.000000 0.000000
vt 1.000000 0.000000
vt 1.000000 1.000000
vt 0.000000 1.000000
vt 0.500000 1.000000
vt 0.000000 0.000000
vt 1.000000 0.000000
vt 0.500000 1.000000
vt 0.000000 0.000000
vt 1.000000 0.000000
vt 0.000000 0.000000
vt 1.000000 0.000000
vt 1.000000 1.000000
vt 0.000000 1.000000
vt 0.000000 0.000000
vt 1.000000 0.000000
vt 1.000000 1.000000
vt 0.000000 1.000000
vt 0.500000 1.000000
vt 0.000000 0.000000
vt 1.000000 0.000000
vt 0.500000 1.000000
vt 0.000000 0.000000
vt 1.000000 0.000000
vt 0.000000 0.000000
vt 1.000000 0.000000
vt 1.000000 1.000000
vt 0.000000 1.000000
vt 0.000000 0.000000
vt 1.000000 0.000000
vt 1.000000 1.000000
vt 0.000000 1.000000
vt 0.500000 1.000000
vt 0.000000 0.000000
vt 1.000000 0.000000
vt 0.500000 1.000000
vt 0.000000 0.000000
vt 1.000000 0.000000
vt 0.000000 0.000000
vt 1.000000 0.000000
vt 1.000000 1.000000
vt 0.000000 1.000000
vt 0.000000 0.000000
vt 1.000000 0.000000
vt 1.000000 1.000000
vt 0.000000 1.000000
vt 0.500000 1.000000
vt 0.000000 0.000000
vt 1.000000 0.000000
vt 0.500000 1.000000
vt 0.000000 0.000000
vt 1.000000 0.000000
vt 0.000000 0.000000
vt 1.000000 0.000000
vt 1.000000 1.000000
vt 0.000000 1.000000
vt 0.000000 0.000000
vt 1.000000 0.000000
vt 1.000000 1.000000
vt 0.000000 1.000000
vt 0.500000 1.000000
vt 0.000000 0.000000
vt 1.000000 0.000000
vt 0.500000 1.000000
vt 0.000000 0.000000
vt 1.000000 0.000000
vt 0.000000 0.000000
vt 1.000000 0.000000
vt 1.000000 1.000000
vt 0.000000 1.000000
vt 0.000000 0.000000
vt 1.000000 0.000000
vt 1.000000 1.000000
vt 0.000000 1.000000
vt 0.500000 1.000000
vt 0.000000 0.000000
vt 1.000000 0.000000
vt 0.500000 1.000000
vt 0.000000 0.000000
vt 1.000000 0.000000
vt 0.000000 0.000000
vt 1.000000 0.000000
vt 1.000000 1.000000
vt 0.000000 1.000000
vt 0.000000 0.000000
vt 1.000000 0.000000
vt 1.000000 1.000000
vt 0.000000 1.000000
vt 0.500000 1.000000
vt 0.000000 0.000000
vt 1.000000 0.000000
vt 0.500000 1.000000
vt 0.000000 0.000000
vt 1.000000 0.000000
vt 0.000000 0.000000
vt 1.000000 0.000000
vt 1.000000 1.000000
vt 0.000000 1.000000
vt 0.000000 0.000000
vt 1.000000 0.000000
vt 1.000000 1.000000
vt 0.000000 1.000000
vt 0.500000 1.000000
vt 0.000000 0.000000
vt 1.000000 0.000000
vt 0.500000 1.000000
vt 0.000000 0.000000
vt 1.000000 0.000000
vt 0.000000 0.000000
vt 1.000000 0.000000
vt 1.000000 1.000000
vt 0.000000 1.000000
vt 0.000000 0.000000
vt 1.000000 0.000000
vt 1.000000 1.000000
vt 0.000000 1.000000
vt 0.500000 1.000000
vt 0.000000 0.000000
vt 1.000000 0.000000
vt 0.500000 1.000000
vt 0.000000 0.000000
vt 1.000000 0.000000
vt 0.000000 0.000000
vt 1.000000 0.000000
vt 1.000000 1.000000
vt 0.000000 1.000000
vt 0.000000 0.000000
vt 1.000000 0.000000
vt 1.000000 1.000000
vt 0.000000 1.000000
vt 0.500000 1.000000
vt 0.000000 0.000000
vt 1.000000 0.000000
vt 0.500000 1.000000
vt 0.000000 0.000000
vt 1.000000 0.000000
vt 0.000000 0.000000
vt 1.000000 0.000000
vt 1.000000 1.000000
vt 0.000000 1.000000
vt 0.000000 0.000000
vt 1.000000 0.000000
vt 1.000000 1.000000
vt 0.000000 1.000000
vt 0.500000 1.000000
vt 0.000000 0.000000
vt 1.000000 0.000000
vt 0.500000 1.000000
vt 0.000000 0.000000
vt 1.000000 0.000000
vt 0.000000 0.000000
vt 1.000000 0.000000
vt 1.000000 1.000000
vt 0.000000 1.000000
vt 0.000000 0.000000
vt 1.000000 0.000000
vt 1.000000 1.000000
vt 0.000000 1.000000
vt 0.500000 1.000000
vt 0.000000 0.000000
vt 1.000000 0.000000
vt 0.500000 1.000000
vt 0.000000 0.000000
vt 1.000000 0.000000
vt 0.000000 0.000000
vt 1.000000 0.000000
vt 1.000000 1.000000
vt 0.000000 1.000000
vt 0.000000 0.000000
vt 1.000000 0.000000
vt 1.000000 1.000000
vt 0.000000 1.000000
vt 0.500000 1.000000
vt 0.000000 0.000000
vt 1.000000 0.000000
vt 0.500000 1.000000
vt 0.000000 0.000000
vt 1.000000 0.000000
vt 0.000000 0.000000
vt 1.000000 0.000000
vt 1.000000 1.000000
vt 0.000000 1.000000
vt 0.000000 0.000000
vt 1.000000 0.000000
vt 1.000000 1.000000
vt 0.000000 1.000000
vt 0.500000 1.000000
vt 0.000000 0.000000
vt 1.000000 0.000000
vt 0.500000 1.000000
vt 0.000000 0.000000
vt 1.000000 0.000000
vt 0.000000 0.000000
vt 1.000000 0.000000
vt 1.000000 1.000000
vt 0.000000 1.000000
vt 0.000000 0.000000
vt 1.000000 0.000000
vt 1.000000 1.000000
vt 0.000000 1.000000
vt 0.500000 1.000000
vt 0.000000 0.000000
vt 1.000000 0.000000
vt 0.500000 1.000000
vt 0.000000 0.000000
vt 1.000000 0.000000
vt 0.000000 0.000000
vt 1.000000 0.000000
vt 1.000000 1.000000
vt 0.000000 1.000000
vt 0.000000 0.000000
vt 1.000000 0.000000
vt 1.000000 1.000000
vt 0.000000 1.000000
vt 0.500000 1.000000
vt 0.000000 0.000000
vt 1.000000 0.000000
s 1
usemtl models/caelum/world/environment/bark_city.png
f 1/1 2/2 3/3 4/4
f 5/5 6/6 7/7
f 8/8 9/9 10/10 11/11
f 12/12 13/13 14/14
f 15/15 16/16 17/17 18/18
f 19/19 20/20 21/21
f 22/22 23/23 24/24 25/25
f 26/26 27/27 28/28
f 29/29 30/30 31/31 32/32
f 33/33 34/34 35/35
f 36/36 37/37 38/38 39/39
f 40/40 41/41 42/42
f 43/43 44/44 45/45 46/46
f 47/47 48/48 49/49
f 50/50 51/51 52/52 53/53
f 54/54 55/55 56/56
f 57/57 58/58 59/59 60/60
f 61/61 62/62 63/63
f 64/64 65/65 66/66 67/67
f 68/68 69/69 70/70 71/71
f 72/72 73/73 74/74 75/75
f 76/76 77/77 78/78 79/79
f 80/80 81/81 82/82 83/83
f 84/84 85/85 86/86 87/87
f 88/88 89/89 90/90 91/91
f 92/92 93/93 94/94 95/95
f 96/96 97/97 98/98 99/99
f 100/100 101/101 102/102 103/103
f 104/104 105/105 106/106
f 107/107 108/108 109/109 110/110
f 111/111 112/112 113/113
f 114/114 115/115 116/116 117/117
f 118/118 119/119 120/120
f 121/121 122/122 123/123 124/124
f 125/125 126/126 127/127
f 128/128 129/129 130/130 131/131
f 132/132 133/133 134/134
f 135/135 136/136 137/137 138/138
f 139/139 140/140 141/141
f 142/142 143/143 144/144 145/145
f 146/146 147/147 148/148
f 149/149 150/150 151/151 152/152
f 153/153 154/154 155/155
f 156/156 157/157 158/158 159/159
f 160/160 161/161 162/162
f 163/163 164/164 165/165 166/166
f 167/167 168/168 169/169
f 170/170 171/171 172/172 173/173
f 174/174 175/175 176/176
f 177/177 178/178 179/179 180/180
f 181/181 182/182 183/183
f 184/184 185/185 186/186 187/187
f 188/188 189/189 190/190
f 191/191 192/192 193/193 194/194
f 195/195 196/196 197/197
f 198/198 199/199 200/200 201/201
f 202/202 203/203 204/204
f 205/205 206/206 207/207 208/208
f 209/209 210/210 211/211
f 212/212 213/213 214/214 215/215
f 216/216 217/217 218/218
f 219/219 220/220 221/221 222/222
f 223/223 224/224 225/225
f 226/226 227/227 228/228 229/229
f 230/230 231/231 232/232
f 233/233 234/234 235/235 236/236
f 237/237 238/238 239/239
f 240/240 241/241 242/242 243/243
f 244/244 245/245 246/246
f 247/247 248/248 249/249 250/250
f 251/251 252/252 253/253
f 254/254 255/255 256/256 257/257
f 258/258 259/259 260/260
f 261/261 262/262 263/263 264/264
f 265/265 266/266 267/267
f 268/268 269/269 270/270 271/271
f 272/272 273/273 274/274
f 275/275 276/276 277/277 278/278
f 279/279 280/280 281/281
f 282/282 283/283 284/284 285/285
f 286/286 287/287 288/288
f 289/289 290/290 291/291 292/292
f 293/293 294/294 295/295
f 296/296 297/297 298/298 299/299
f 300/300 301/301 302/302
f 303/303 304/304 305/305 306/306
f 307/307 308/308 309/309
f 310/310 311/311 312/312 313/313
f 314/314 315/315 316/316
f 317/317 318/318 319/319 320/320
f 321/321 322/322 323/323
f 324/324 325/325 326/326 327/327
f 328/328 329/329 330/330
f 331/331 332/332 333/333 334/334
f 335/335 336/336 337/337
f 338/338 339/339 340/340 341/341
f 342/342 343/343 344/344
f 345/345 346/346 347/347 348/348
f 349/349 350/350 351/351
f 352/352 353/353 354/354 355/355
f 356/356 357/357 358/358
f 359/359 360/360 361/361 362/362
f 363/363 364/364 365/365
f 366/366 367/367 368/368 369/369
f 370/370 371/371 372/372
f 373/373 374/374 375/375 376/376
f 377/377 378/378 379/379
f 380/380 381/381 382/382 383/383
f 384/384 385/385 386/386
f 387/387 388/388 389/389 390/390
f 391/391 392/392 393/393
f 394/394 395/395 396/396 397/397
f 398/398 399/399 400/400
f 401/401 402/402 403/403 404/404
f 405/405 406/406 407/407
f 408/408 409/409 410/410 411/411
f 412/412 413/413 414/414
f 415/415 416/416 417/417 418/418
f 419/419 420/420 421/421
f 422/422 423/423 424/424 425/425
f 426/426 427/427 428/428
f 429/429 430/430 431/431 432/432
f 433/433 434/434 435/435
f 436/436 437/437 438/438 439/439
f 440/440 441/441 442/442
f 443/443 444/444 445/445 446/446
f 447/447 448/448 449/449
f 450/450 451/451 452/452 453/453
f 454/454 455/455 456/456
f 457/457 458/458 459/459 460/460
f 461/461 462/462 463/463
f 464/464 465/465 466/466 467/467
f 468/468 469/469 470/470
f 471/471 472/472 473/473 474/474
f 475/475 476/476 477/477
f 478/478 479/479 480/480 481/481
f 482/482 483/483 484/484
f 485/485 486/486 487/487 488/488
f 489/489 490/490 491/491
f 492/492 493/493 494/494 495/495
f 496/496 497/497 498/498
f 499/499 500/500 501/501 502/502
f 503/503 504/504 505/505
f 506/506 507/507 508/508 509/509
f 510/510 511/511 512/512
f 513/513 514/514 515/515 516/516
f 517/517 518/518 519/519
f 520/520 521/521 522/522 523/523
f 524/524 525/525 526/526
f 527/527 528/528 529/529 530/530
f 531/531 532/532 533/533
f 534/534 535/535 536/536 537/537
f 538/538 539/539 540/540
f 541/541 542/542 543/543 544/544
f 545/545 546/546 547/547
f 548/548 549/549 550/550 551/551
f 552/552 553/553 554/554
f 555/555 556/556 557/557 558/558
f 559/559 560/560 561/561
f 562/562 563/563 564/564 565/565
f 566/566 567/567 568/568
f 569/569 570/570 571/571 572/572
f 573/573 574/574 575/575
f 576/576 577/577 578/578 579/579
f 580/580 581/581 582/582
f 583/583 584/584 585/585 586/586
f 587/587 588/588 589/589
f 590/590 591/591 592/592 593/593
f 594/594 595/595 596/596
f 597/597 598/598 599/599 600/600
f 601/601 602/602 603/603
f 604/604 605/605 606/606 607/607
f 608/608 609/609 610/610
f 611/611 612/612 613/613 614/614
f 615/615 616/616 617/617
f 618/618 619/619 620/620 621/621
f 622/622 623/623 624/624
f 625/625 626/626 627/627 628/628
f 629/629 630/630 631/631
f 632/632 633/633 634/634 635/635
f 636/636 637/637 638/638
f 639/639 640/640 641/641 642/642
f 643/643 644/644 645/645
f 646/646 647/647 648/648 649/649
f 650/650 651/651 652/652
f 653/653 654/654 655/655 656/656
f 657/657 658/658 659/659
f 660/660 661/661 662/662 663/663
f 664/664 665/665 666/666
f 667/667 668/668 669/669 670/670
f 671/671 672/672 673/673
f 674/674 675/675 676/676 677/677
f 678/678 679/679 680/680
f 681/681 682/682 683/683 684/684
f 685/685 686/686 687/687
f 688/688 689/689 690/690 691/691
f 692/692 693/693 694/694
f 695/695 696/696 697/697 698/698
f 699/699 700/700 701/701
f 702/702 703/703 704/704 705/705
f 706/706 707/707 708/708
f 709/709 710/710 711/711 712/712
f 713/713 714/714 715/715
f 716/716 717/717 718/718 719/719
f 720/720 721/721 722/722
f 723/723 724/724 725/725 726/726
f 727/727 728/728 729/729
f 730/730 731/731 732/732 733/733
f 734/734 735/735 736/736
f 737/737 738/738 739/739 740/740
f 741/741 742/742 743/743
f 744/744 745/745 746/746 747/747
f 748/748 749/749 750/750
f 751/751 752/752 753/753 754/754
f 755/755 756/756 757/757
f 758/758 759/759 760/760 761/761
f 762/762 763/763 764/764
f 765/765 766/766 767/767 768/768
f 769/769 770/770 771/771
f 772/772 773/773 774/774 775/775
f 776/776 777/777 778/778
f 779/779 780/780 781/781 782/782
f 783/783 784/784 785/785
f 786/786 787/787 788/788 789/789
f 790/790 791/791 792/792
f 793/793 794/794 795/795 796/796
f 797/797 798/798 799/799
f 800/800 801/801 802/802 803/803
f 804/804 805/805 806/806
f 807/807 808/808 809/809 810/810
f 811/811 812/812 813/813
f 814/814 815/815 816/816 817/817
f 818/818 819/819 820/820
f 821/821 822/822 823/823 824/824
f 825/825 826/826 827/827
f 828/828 829/829 830/830 831/831
f 832/832 833/833 834/834
usemtl models/caelum/world/environment/foliage_city_green.png
f 835/835 836/836 837/837
f 838/838 839/839 840/840 841/841
f 842/842 843/843 844/844 845/845
f 846/846 847/847 848/848
f 849/849 850/850 851/851
f 852/852 853/853 854/854 855/855
f 856/856 857/857 858/858 859/859
f 860/860 861/861 862/862
f 863/863 864/864 865/865
f 866/866 867/867 868/868 869/869
f 870/870 871/871 872/872 873/873
f 874/874 875/875 876/876
f 877/877 878/878 879/879
f 880/880 881/881 882/882 883/883
f 884/884 885/885 886/886 887/887
f 888/888 889/889 890/890
f 891/891 892/892 893/893
f 894/894 895/895 896/896 897/897
f 898/898 899/899 900/900 901/901
f 902/902 903/903 904/904
f 905/905 906/906 907/907
f 908/908 909/909 910/910 911/911
f 912/912 913/913 914/914 915/915
f 916/916 917/917 918/918
f 919/919 920/920 921/921
f 922/922 923/923 924/924 925/925
f 926/926 927/927 928/928 929/929
f 930/930 931/931 932/932
f 933/933 934/934 935/935
f 936/936 937/937 938/938 939/939
f 940/940 941/941 942/942 943/943
f 944/944 945/945 946/946
f 947/947 948/948 949/949
f 950/950 951/951 952/952 953/953
f 954/954 955/955 956/956 957/957
f 958/958 959/959 960/960
f 961/961 962/962 963/963
f 964/964 965/965 966/966 967/967
f 968/968 969/969 970/970 971/971
f 972/972 973/973 974/974
f 975/975 976/976 977/977
f 978/978 979/979 980/980 981/981
f 982/982 983/983 984/984 985/985
f 986/986 987/987 988/988
f 989/989 990/990 991/991
f 992/992 993/993 994/994 995/995
f 996/996 997/997 998/998 999/999
f 1000/1000 1001/1001 1002/1002
f 1003/1003 1004/1004 1005/1005
f 1006/1006 1007/1007 1008/1008 1009/1009
f 1010/1010 1011/1011 1012/1012 1013/1013
f 1014/1014 1015/1015 1016/1016
f 1017/1017 1018/1018 1019/1019
f 1020/1020 1021/1021 1022/1022 1023/1023
f 1024/1024 1025/1025 1026/1026 1027/1027
f 1028/1028 1029/1029 1030/1030
f 1031/1031 1032/1032 1033/1033
f 1034/1034 1035/1035 1036/1036 1037/1037
f 1038/1038 1039/1039 1040/1040 1041/1041
f 1042/1042 1043/1043 1044/1044
f 1045/1045 1046/1046 1047/1047
f 1048/1048 1049/1049 1050/1050 1051/1051
f 1052/1052 1053/1053 1054/1054 1055/1055
f 1056/1056 1057/1057 1058/1058
f 1059/1059 1060/1060 1061/1061
f 1062/1062 1063/1063 1064/1064 1065/1065
f 1066/1066 1067/1067 1068/1068 1069/1069
f 1070/1070 1071/1071 1072/1072
f 1073/1073 1074/1074 1075/1075
f 1076/1076 1077/1077 1078/1078 1079/1079
f 1080/1080 1081/1081 1082/1082 1083/1083
f 1084/1084 1085/1085 1086/1086
f 1087/1087 1088/1088 1089/1089
f 1090/1090 1091/1091 1092/1092 1093/1093
f 1094/1094 1095/1095 1096/1096 1097/1097
f 1098/1098 1099/1099 1100/1100
f 1101/1101 1102/1102 1103/1103
f 1104/1104 1105/1105 1106/1106 1107/1107
f 1108/1108 1109/1109 1110/1110 1111/1111
f 1112/1112 1113/1113 1114/1114
f 1115/1115 1116/1116 1117/1117
f 1118/1118 1119/1119 1120/1120 1121/1121
f 1122/1122 1123/1123 1124/1124 1125/1125
f 1126/1126 1127/1127 1128/1128
f 1129/1129 1130/1130 1131/1131
f 1132/1132 1133/1133 1134/1134 1135/1135
f 1136/1136 1137/1137 1138/1138 1139/1139
f 1140/1140 1141/1141 1142/1142
f 1143/1143 1144/1144 1145/1145
f 1146/1146 1147/1147 1148/1148 1149/1149
f 1150/1150 1151/1151 1152/1152 1153/1153
f 1154/1154 1155/1155 1156/1156
f 1157/1157 1158/1158 1159/1159
f 1160/1160 1161/1161 1162/1162 1163/1163
f 1164/1164 1165/1165 1166/1166 1167/1167
f 1168/1168 1169/1169 1170/1170
f 1171/1171 1172/1172 1173/1173
f 1174/1174 1175/1175 1176/1176 1177/1177
f 1178/1178 1179/1179 1180/1180 1181/1181
f 1182/1182 1183/1183 1184/1184
f 1185/1185 1186/1186 1187/1187
f 1188/1188 1189/1189 1190/1190 1191/1191
f 1192/1192 1193/1193 1194/1194 1195/1195
f 1196/1196 1197/1197 1198/1198
f 1199/1199 1200/1200 1201/1201
f 1202/1202 1203/1203 1204/1204 1205/1205
f 1206/1206 1207/1207 1208/1208 1209/1209
f 1210/1210 1211/1211 1212/1212
f 1213/1213 1214/1214 1215/1215
f 1216/1216 1217/1217 1218/1218 1219/1219
f 1220/1220 1221/1221 1222/1222 1223/1223
f 1224/1224 1225/1225 1226/1226
f 1227/1227 1228/1228 1229/1229
f 1230/1230 1231/1231 1232/1232 1233/1233
f 1234/1234 1235/1235 1236/1236 1237/1237
f 1238/1238 1239/1239 1240/1240
f 1241/1241 1242/1242 1243/1243
f 1244/1244 1245/1245 1246/1246 1247/1247
f 1248/1248 1249/1249 1250/1250 1251/1251
f 1252/1252 1253/1253 1254/1254
f 1255/1255 1256/1256 1257/1257
f 1258/1258 1259/1259 1260/1260 1261/1261
f 1262/1262 1263/1263 1264/1264 1265/1265
f 1266/1266 1267/1267 1268/1268
f 1269/1269 1270/1270 1271/1271
f 1272/1272 1273/1273 1274/1274 1275/1275
f 1276/1276 1277/1277 1278/1278 1279/1279
f 1280/1280 1281/1281 1282/1282
f 1283/1283 1284/1284 1285/1285
f 1286/1286 1287/1287 1288/1288 1289/1289
f 1290/1290 1291/1291 1292/1292 1293/1293
f 1294/1294 1295/1295 1296/1296
f 1297/1297 1298/1298 1299/1299
f 1300/1300 1301/1301 1302/1302 1303/1303
f 1304/1304 1305/1305 1306/1306 1307/1307
f 1308/1308 1309/1309 1310/1310
f 1311/1311 1312/1312 1313/1313
f 1314/1314 1315/1315 1316/1316 1317/1317
f 1318/1318 1319/1319 1320/1320 1321/1321
f 1322/1322 1323/1323 1324/1324
f 1325/1325 1326/1326 1327/1327
f 1328/1328 1329/1329 1330/1330 1331/1331
f 1332/1332 1333/1333 1334/1334 1335/1335
f 1336/1336 1337/1337 1338/1338
f 1339/1339 1340/1340 1341/1341
f 1342/1342 1343/1343 1344/1344 1345/1345
f 1346/1346 1347/1347 1348/1348 1349/1349
f 1350/1350 1351/1351 1352/1352
f 1353/1353 1354/1354 1355/1355
f 1356/1356 1357/1357 1358/1358 1359/1359
f 1360/1360 1361/1361 1362/1362 1363/1363
f 1364/1364 1365/1365 1366/1366
f 1367/1367 1368/1368 1369/1369
f 1370/1370 1371/1371 1372/1372 1373/1373
f 1374/1374 1375/1375 1376/1376 1377/1377
f 1378/1378 1379/1379 1380/1380
f 1381/1381 1382/1382 1383/1383
f 1384/1384 1385/1385 1386/1386 1387/1387
f 1388/1388 1389/1389 1390/1390 1391/1391
f 1392/1392 1393/1393 1394/1394
f 1395/1395 1396/1396 1397/1397
f 1398/1398 1399/1399 1400/1400 1401/1401
f 1402/1402 1403/1403 1404/1404 1405/1405
f 1406/1406 1407/1407 1408/1408
f 1409/1409 1410/1410 1411/1411
f 1412/1412 1413/1413 1414/1414 1415/1415
f 1416/1416 1417/1417 1418/1418 1419/1419
f 1420/1420 1421/1421 1422/1422
f 1423/1423 1424/1424 1425/1425
f 1426/1426 1427/1427 1428/1428 1429/1429
f 1430/1430 1431/1431 1432/1432 1433/1433
f 1434/1434 1435/1435 1436/1436
f 1437/1437 1438/1438 1439/1439
f 1440/1440 1441/1441 1442/1442 1443/1443
f 1444/1444 1445/1445 1446/1446 1447/1447
f 1448/1448 1449/1449 1450/1450
f 1451/1451 1452/1452 1453/1453
f 1454/1454 1455/1455 1456/1456 1457/1457
f 1458/1458 1459/1459 1460/1460 1461/1461
f 1462/1462 1463/1463 1464/1464
f 1465/1465 1466/1466 1467/1467
f 1468/1468 1469/1469 1470/1470 1471/1471
f 1472/1472 1473/1473 1474/1474 1475/1475
f 1476/1476 1477/1477 1478/1478
f 1479/1479 1480/1480 1481/1481
f 1482/1482 1483/1483 1484/1484 1485/1485
f 1486/1486 1487/1487 1488/1488 1489/1489
f 1490/1490 1491/1491 1492/1492
f 1493/1493 1494/1494 1495/1495
f 1496/1496 1497/1497 1498/1498 1499/1499
f 1500/1500 1501/1501 1502/1502 1503/1503
f 1504/1504 1505/1505 1506/1506
f 1507/1507 1508/1508 1509/1509
f 1510/1510 1511/1511 1512/1512 1513/1513
f 1514/1514 1515/1515 1516/1516 1517/1517
f 1518/1518 1519/1519 1520/1520
f 1521/1521 1522/1522 1523/1523
f 1524/1524 1525/1525 1526/1526 1527/1527
f 1528/1528 1529/1529 1530/1530 1531/1531
f 1532/1532 1533/1533 1534/1534
f 1535/1535 1536/1536 1537/1537
f 1538/1538 1539/1539 1540/1540 1541/1541
f 1542/1542 1543/1543 1544/1544 1545/1545
f 1546/1546 1547/1547 1548/1548
f 1549/1549 1550/1550 1551/1551
f 1552/1552 1553/1553 1554/1554 1555/1555
f 1556/1556 1557/1557 1558/1558 1559/1559
f 1560/1560 1561/1561 1562/1562
f 1563/1563 1564/1564 1565/1565
f 1566/1566 1567/1567 1568/1568 1569/1569
f 1570/1570 1571/1571 1572/1572 1573/1573
f 1574/1574 1575/1575 1576/1576
f 1577/1577 1578/1578 1579/1579
f 1580/1580 1581/1581 1582/1582 1583/1583
f 1584/1584 1585/1585 1586/1586 1587/1587
f 1588/1588 1589/1589 1590/1590
f 1591/1591 1592/1592 1593/1593
f 1594/1594 1595/1595 1596/1596 1597/1597
f 1598/1598 1599/1599 1600/1600 1601/1601
f 1602/1602 1603/1603 1604/1604
f 1605/1605 1606/1606 1607/1607
f 1608/1608 1609/1609 1610/1610 1611/1611
f 1612/1612 1613/1613 1614/1614 1615/1615
f 1616/1616 1617/1617 1618/1618
f 1619/1619 1620/1620 1621/1621
f 1622/1622 1623/1623 1624/1624 1625/1625
f 1626/1626 1627/1627 1628/1628 1629/1629
f 1630/1630 1631/1631 1632/1632
f 1633/1633 1634/1634 1635/1635
f 1636/1636 1637/1637 1638/1638 1639/1639
f 1640/1640 1641/1641 1642/1642 1643/1643
f 1644/1644 1645/1645 1646/1646
f 1647/1647 1648/1648 1649/1649
f 1650/1650 1651/1651 1652/1652 1653/1653
f 1654/1654 1655/1655 1656/1656 1657/1657
f 1658/1658 1659/1659 1660/1660
f 1661/1661 1662/1662 1663/1663
f 1664/1664 1665/1665 1666/1666 1667/1667
f 1668/1668 1669/1669 1670/1670 1671/1671
f 1672/1672 1673/1673 1674/1674
f 1675/1675 1676/1676 1677/1677
f 1678/1678 1679/1679 1680/1680 1681/1681
f 1682/1682 1683/1683 1684/1684 1685/1685
f 1686/1686 1687/1687 1688/1688
f 1689/1689 1690/1690 1691/1691
f 1692/1692 1693/1693 1694/1694 1695/1695
f 1696/1696 1697/1697 1698/1698 1699/1699
f 1700/1700 1701/1701 1702/1702
f 1703/1703 1704/1704 1705/1705
f 1706/1706 1707/1707 1708/1708 1709/1709
f 1710/1710 1711/1711 1712/1712 1713/1713
f 1714/1714 1715/1715 1716/1716
f 1717/1717 1718/1718 1719/1719
f 1720/1720 1721/1721 1722/1722 1723/1723
f 1724/1724 1725/1725 1726/1726 1727/1727
f 1728/1728 1729/1729 1730/1730
f 1731/1731 1732/1732 1733/1733
f 1734/1734 1735/1735 1736/1736 1737/1737
f 1738/1738 1739/1739 1740/1740 1741/1741
f 1742/1742 1743/1743 1744/1744
f 1745/1745 1746/1746 1747/1747
f 1748/1748 1749/1749 1750/1750 1751/1751
f 1752/1752 1753/1753 1754/1754 1755/1755
f 1756/1756 1757/1757 1758/1758
f 1759/1759 1760/1760 1761/1761
f 1762/1762 1763/1763 1764/1764 1765/1765
f 1766/1766 1767/1767 1768/1768 1769/1769
f 1770/1770 1771/1771 1772/1772
f 1773/1773 1774/1774 1775/1775
f 1776/1776 1777/1777 1778/1778 1779/1779
f 1780/1780 1781/1781 1782/1782 1783/1783
f 1784/1784 1785/1785 1786/1786
f 1787/1787 1788/1788 1789/1789
f 1790/1790 1791/1791 1792/1792 1793/1793
f 1794/1794 1795/1795 1796/1796 1797/1797
f 1798/1798 1799/1799 1800/1800
f 1801/1801 1802/1802 1803/1803
f 1804/1804 1805/1805 1806/1806 1807/1807
f 1808/1808 1809/1809 1810/1810 1811/1811
f 1812/1812 1813/1813 1814/1814
f 1815/1815 1816/1816 1817/1817
f 1818/1818 1819/1819 1820/1820 1821/1821
f 1822/1822 1823/1823 1824/1824 1825/1825
f 1826/1826 1827/1827 1828/1828
f 1829/1829 1830/1830 1831/1831
f 1832/1832 1833/1833 1834/1834 1835/1835
f 1836/1836 1837/1837 1838/1838 1839/1839
f 1840/1840 1841/1841 1842/1842
