# Modelo original generado para Caelum Argenteum.
# Ejes OBJ: X ancho, Y altura, Z profundidad.
o ca_tree_city_tipa2
v 0.000000 0.000000 -15.000000
v -9.641696 0.047782 -11.490667
v -6.339170 63.312969 -7.928560
v 0.313600 63.280000 -10.350000
v 0.000000 0.000000 0.000000
v -9.641696 0.047782 -11.490667
v 0.000000 0.000000 -15.000000
v -9.641696 0.047782 -11.490667
v -14.771935 0.073206 -2.604723
v -9.879035 63.330512 -1.797259
v -6.339170 63.312969 -7.928560
v 0.000000 0.000000 0.000000
v -14.771935 0.073206 -2.604723
v -9.641696 0.047782 -11.490667
v -14.771935 0.073206 -2.604723
v -12.990222 0.064376 7.500000
v -8.649653 63.324420 5.175000
v -9.879035 63.330512 -1.797259
v 0.000000 0.000000 0.000000
v -12.990222 0.064376 7.500000
v -14.771935 0.073206 -2.604723
v -12.990222 0.064376 7.500000
v -5.130239 0.025424 14.095389
v -3.226265 63.297543 9.725819
v -8.649653 63.324420 5.175000
v 0.000000 0.000000 0.000000
v -5.130239 0.025424 14.095389
v -12.990222 0.064376 7.500000
v -5.130239 0.025424 14.095389
v 5.130239 -0.025424 14.095389
v 3.853465 63.262457 9.725819
v -3.226265 63.297543 9.725819
v 0.000000 0.000000 0.000000
v 5.130239 -0.025424 14.095389
v -5.130239 0.025424 14.095389
v 5.130239 -0.025424 14.095389
v 12.990222 -0.064376 7.500000
v 9.276853 63.235580 5.175000
v 3.853465 63.262457 9.725819
v 0.000000 0.000000 0.000000
v 12.990222 -0.064376 7.500000
v 5.130239 -0.025424 14.095389
v 12.990222 -0.064376 7.500000
v 14.771935 -0.073206 -2.604723
v 10.506235 63.229488 -1.797259
v 9.276853 63.235580 5.175000
v 0.000000 0.000000 0.000000
v 14.771935 -0.073206 -2.604723
v 12.990222 -0.064376 7.500000
v 14.771935 -0.073206 -2.604723
v 9.641696 -0.047782 -11.490667
v 6.966370 63.247031 -7.928560
v 10.506235 63.229488 -1.797259
v 0.000000 0.000000 0.000000
v 9.641696 -0.047782 -11.490667
v 14.771935 -0.073206 -2.604723
v 9.641696 -0.047782 -11.490667
v 0.000000 0.000000 -15.000000
v 0.313600 63.280000 -10.350000
v 6.966370 63.247031 -7.928560
v 0.000000 0.000000 0.000000
v 0.000000 0.000000 -15.000000
v 9.641696 -0.047782 -11.490667
v -0.925297 63.297542 -10.275569
v -7.239797 63.386951 -7.075115
v -3.078242 117.578900 -3.896440
v 0.399309 117.529661 -5.659009
v -7.239797 63.386951 -7.075115
v -10.019978 63.426316 -0.564136
v -4.609356 117.600580 -0.310684
v -3.078242 117.578900 -3.896440
v -10.019978 63.426316 -0.564136
v -7.964964 63.397219 6.210809
v -3.477609 117.584555 3.420445
v -4.609356 117.600580 -0.310684
v -7.964964 63.397219 6.210809
v -2.036317 63.313273 10.079647
v -0.212557 117.538324 5.551110
v -3.477609 117.584555 3.420445
v -2.036317 63.313273 10.079647
v 4.991882 63.213759 9.232106
v 3.658045 117.483519 5.084348
v -0.212557 117.538324 5.551110
v 4.991882 63.213759 9.232106
v 9.831061 63.145239 4.064761
v 6.323100 117.445784 2.238564
v 3.658045 117.483519 5.084348
v 9.831061 63.145239 4.064761
v 10.216914 63.139776 -3.004532
v 6.535599 117.442775 -1.654670
v 6.323100 117.445784 2.238564
v 10.216914 63.139776 -3.004532
v 5.968896 63.199925 -8.667970
v 4.196111 117.475901 -4.773665
v 6.535599 117.442775 -1.654670
v 5.968896 63.199925 -8.667970
v -0.925297 63.297542 -10.275569
v 0.399309 117.529661 -5.659009
v 4.196111 117.475901 -4.773665
v -0.272989 117.549250 -5.536626
v -3.514121 117.619235 -3.370386
v 1.113420 158.218280 -0.620861
v 1.710470 158.205388 -1.019905
v 1.960000 158.200000 0.000000
v 1.710470 158.205388 -1.019905
v 1.113420 158.218280 -0.620861
v -3.514121 117.619235 -3.370386
v -4.604864 117.642787 0.372896
v 0.912493 158.222619 0.068691
v 1.113420 158.218280 -0.620861
v 1.960000 158.200000 0.000000
v 1.113420 158.218280 -0.620861
v 0.912493 158.222619 0.068691
v -4.604864 117.642787 0.372896
v -3.034847 117.608886 3.941695
v 1.201707 158.216374 0.726102
v 0.912493 158.222619 0.068691
v 1.960000 158.200000 0.000000
v 0.912493 158.222619 0.068691
v 1.201707 158.216374 0.726102
v -3.034847 117.608886 3.941695
v 0.461301 117.533394 5.666132
v 1.845734 158.202467 1.043761
v 1.201707 158.216374 0.726102
v 1.960000 158.200000 0.000000
v 1.201707 158.216374 0.726102
v 1.845734 158.202467 1.043761
v 0.461301 117.533394 5.666132
v 4.247694 117.451635 4.739322
v 2.543228 158.187406 0.873033
v 1.845734 158.202467 1.043761
v 1.960000 158.200000 0.000000
v 1.845734 158.202467 1.043761
v 2.543228 158.187406 0.873033
v 4.247694 117.451635 4.739322
v 6.552636 117.401864 1.594931
v 2.967822 158.178238 0.293803
v 2.543228 158.187406 0.873033
v 1.960000 158.200000 0.000000
v 2.543228 158.187406 0.873033
v 2.967822 158.178238 0.293803
v 6.552636 117.401864 1.594931
v 6.297620 117.407371 -2.295746
v 2.920846 158.179253 -0.422901
v 2.967822 158.178238 0.293803
v 1.960000 158.200000 0.000000
v 2.967822 158.178238 0.293803
v 2.920846 158.179253 -0.422901
v 6.297620 117.407371 -2.295746
v 3.601970 117.465578 -5.112218
v 2.424279 158.189975 -0.941724
v 2.920846 158.179253 -0.422901
v 1.960000 158.200000 0.000000
v 2.920846 158.179253 -0.422901
v 2.424279 158.189975 -0.941724
v 3.601970 117.465578 -5.112218
v -0.272989 117.549250 -5.536626
v 1.710470 158.205388 -1.019905
v 2.424279 158.189975 -0.941724
v 1.960000 158.200000 0.000000
v 2.424279 158.189975 -0.941724
v 1.710470 158.205388 -1.019905
v 2.434424 141.953458 3.253890
v 2.880300 139.183266 1.396926
v 41.259424 154.217290 -9.834011
v 41.103367 155.186857 -9.184074
v 1.578102 141.953458 0.000000
v 2.880300 139.183266 1.396926
v 2.434424 141.953458 3.253890
v 2.880300 139.183266 1.396926
v 2.023978 139.183266 -1.856964
v 40.959711 154.217290 -10.972873
v 41.259424 154.217290 -9.834011
v 1.578102 141.953458 0.000000
v 2.023978 139.183266 -1.856964
v 2.880300 139.183266 1.396926
v 2.023978 139.183266 -1.856964
v 0.721780 141.953458 -3.253890
v 40.503942 155.186857 -11.461797
v 40.959711 154.217290 -10.972873
v 1.578102 141.953458 0.000000
v 0.721780 141.953458 -3.253890
v 2.023978 139.183266 -1.856964
v 0.721780 141.953458 -3.253890
v 0.275904 144.723650 -1.396926
v 40.347886 156.156424 -10.811859
v 40.503942 155.186857 -11.461797
v 1.578102 141.953458 0.000000
v 0.275904 144.723650 -1.396926
v 0.721780 141.953458 -3.253890
v 0.275904 144.723650 -1.396926
v 1.132226 144.723650 1.856964
v 40.647598 156.156424 -9.672998
v 40.347886 156.156424 -10.811859
v 1.578102 141.953458 0.000000
v 1.132226 144.723650 1.856964
v 0.275904 144.723650 -1.396926
v 1.132226 144.723650 1.856964
v 2.434424 141.953458 3.253890
v 41.103367 155.186857 -9.184074
v 40.647598 156.156424 -9.672998
v 1.578102 141.953458 0.000000
v 2.434424 141.953458 3.253890
v 1.132226 144.723650 1.856964
v 41.110942 155.046305 -9.194816
v 41.002368 154.107107 -9.896922
v 83.259187 159.544756 -21.871269
v 83.166123 158.739730 -22.473074
v 83.429512 158.619257 -21.506115
v 83.166123 158.739730 -22.473074
v 83.259187 159.544756 -21.871269
v 41.002368 154.107107 -9.896922
v 40.695080 154.247659 -11.025041
v 83.522576 159.424283 -20.904310
v 83.259187 159.544756 -21.871269
v 83.429512 158.619257 -21.506115
v 83.259187 159.544756 -21.871269
v 83.522576 159.424283 -20.904310
v 40.695080 154.247659 -11.025041
v 40.496367 155.327409 -11.451054
v 83.692901 158.498783 -20.539156
v 83.522576 159.424283 -20.904310
v 83.429512 158.619257 -21.506115
v 83.522576 159.424283 -20.904310
v 83.692901 158.498783 -20.539156
v 40.496367 155.327409 -11.451054
v 40.604942 156.266606 -10.748948
v 83.599838 157.693757 -21.140961
v 83.692901 158.498783 -20.539156
v 83.429512 158.619257 -21.506115
v 83.692901 158.498783 -20.539156
v 83.599838 157.693757 -21.140961
v 40.604942 156.266606 -10.748948
v 40.912229 156.126054 -9.620829
v 83.336448 157.814230 -22.107920
v 83.599838 157.693757 -21.140961
v 83.429512 158.619257 -21.506115
v 83.599838 157.693757 -21.140961
v 83.336448 157.814230 -22.107920
v 40.912229 156.126054 -9.620829
v 41.110942 155.046305 -9.194816
v 83.166123 158.739730 -22.473074
v 83.336448 157.814230 -22.107920
v 83.429512 158.619257 -21.506115
v 83.336448 157.814230 -22.107920
v 83.166123 158.739730 -22.473074
v 1.154177 124.354529 -3.394113
v -1.646855 124.920703 0.082873
v 25.424971 142.311500 17.166547
v 26.405332 142.113339 15.949602
v 1.154177 121.398897 0.000000
v -1.646855 124.920703 0.082873
v 1.154177 124.354529 -3.394113
v -1.646855 124.920703 0.082873
v -1.646855 121.965071 3.476987
v 25.424971 141.277028 18.354487
v 25.424971 142.311500 17.166547
v 1.154177 121.398897 0.000000
v -1.646855 121.965071 3.476987
v -1.646855 124.920703 0.082873
v -1.646855 121.965071 3.476987
v 1.154177 118.443264 3.394113
v 26.405332 140.044396 18.325481
v 25.424971 141.277028 18.354487
v 1.154177 121.398897 0.000000
v 1.154177 118.443264 3.394113
v -1.646855 121.965071 3.476987
v 1.154177 118.443264 3.394113
v 3.955209 117.877090 -0.082873
v 27.385693 139.846235 17.108536
v 26.405332 140.044396 18.325481
v 1.154177 121.398897 0.000000
v 3.955209 117.877090 -0.082873
v 1.154177 118.443264 3.394113
v 3.955209 117.877090 -0.082873
v 3.955209 120.832723 -3.476987
v 27.385693 140.880707 15.920596
v 27.385693 139.846235 17.108536
v 1.154177 121.398897 0.000000
v 3.955209 120.832723 -3.476987
v 3.955209 117.877090 -0.082873
v 3.955209 120.832723 -3.476987
v 1.154177 124.354529 -3.394113
v 26.405332 142.113339 15.949602
v 27.385693 140.880707 15.920596
v 1.154177 121.398897 0.000000
v 1.154177 124.354529 -3.394113
v 3.955209 120.832723 -3.476987
v 26.278485 142.335570 16.196298
v 25.430867 142.255406 17.521609
v 54.692186 156.746562 35.374011
v 53.965657 156.677850 36.509992
v 53.856931 157.755024 35.703211
v 53.965657 156.677850 36.509992
v 54.692186 156.746562 35.374011
v 25.430867 142.255406 17.521609
v 25.557714 140.998703 18.462853
v 54.583460 157.823736 34.567230
v 54.692186 156.746562 35.374011
v 53.856931 157.755024 35.703211
v 54.692186 156.746562 35.374011
v 54.583460 157.823736 34.567230
v 25.557714 140.998703 18.462853
v 26.532179 139.822165 18.078785
v 53.748205 158.832198 34.896431
v 54.583460 157.823736 34.567230
v 53.856931 157.755024 35.703211
v 54.583460 157.823736 34.567230
v 53.748205 158.832198 34.896431
v 26.532179 139.822165 18.078785
v 27.379796 139.902329 16.753474
v 53.021675 158.763485 36.032412
v 53.748205 158.832198 34.896431
v 53.856931 157.755024 35.703211
v 53.748205 158.832198 34.896431
v 53.021675 158.763485 36.032412
v 27.379796 139.902329 16.753474
v 27.252949 141.159032 15.812230
v 53.130401 157.686311 36.839192
v 53.021675 158.763485 36.032412
v 53.856931 157.755024 35.703211
v 53.021675 158.763485 36.032412
v 53.130401 157.686311 36.839192
v 27.252949 141.159032 15.812230
v 26.278485 142.335570 16.196298
v 53.965657 156.677850 36.509992
v 53.130401 157.686311 36.839192
v 53.856931 157.755024 35.703211
v 53.130401 157.686311 36.839192
v 53.965657 156.677850 36.509992
v 0.748972 100.057941 -2.724569
v -2.195796 99.587765 -0.812214
v 15.281794 139.377127 33.750791
v 16.312463 139.541689 33.081466
v 0.748972 97.793753 0.000000
v -2.195796 99.587765 -0.812214
v 0.748972 100.057941 -2.724569
v -2.195796 99.587765 -0.812214
v -2.195796 97.323577 1.912356
v 15.281794 138.584661 34.704390
v 15.281794 139.377127 33.750791
v 0.748972 97.793753 0.000000
v -2.195796 97.323577 1.912356
v -2.195796 99.587765 -0.812214
v -2.195796 97.323577 1.912356
v 0.748972 95.529565 2.724569
v 16.312463 137.956757 34.988665
v 15.281794 138.584661 34.704390
v 0.748972 97.793753 0.000000
v 0.748972 95.529565 2.724569
v -2.195796 97.323577 1.912356
v 0.748972 95.529565 2.724569
v 3.693739 95.999741 0.812214
v 17.343131 138.121319 34.319340
v 16.312463 137.956757 34.988665
v 0.748972 97.793753 0.000000
v 3.693739 95.999741 0.812214
v 0.748972 95.529565 2.724569
v 3.693739 95.999741 0.812214
v 3.693739 98.263929 -1.912356
v 17.343131 138.913784 33.365741
v 17.343131 138.121319 34.319340
v 0.748972 97.793753 0.000000
v 3.693739 98.263929 -1.912356
v 3.693739 95.999741 0.812214
v 3.693739 98.263929 -1.912356
v 0.748972 100.057941 -2.724569
v 16.312463 139.541689 33.081466
v 17.343131 138.913784 33.365741
v 0.748972 97.793753 0.000000
v 0.748972 100.057941 -2.724569
v 3.693739 98.263929 -1.912356
v 16.170284 139.585613 33.130859
v 15.220217 139.315258 33.880282
v 34.171536 181.001687 71.039058
v 33.357193 180.769954 71.681420
v 33.235325 181.486860 70.906386
v 33.357193 180.769954 71.681420
v 34.171536 181.001687 71.039058
v 15.220217 139.315258 33.880282
v 15.362396 138.478867 34.784488
v 34.049668 181.718594 70.264024
v 34.171536 181.001687 71.039058
v 33.235325 181.486860 70.906386
v 34.171536 181.001687 71.039058
v 34.049668 181.718594 70.264024
v 15.362396 138.478867 34.784488
v 16.454641 137.912832 34.939272
v 33.113458 182.203767 70.131352
v 34.049668 181.718594 70.264024
v 33.235325 181.486860 70.906386
v 34.049668 181.718594 70.264024
v 33.113458 182.203767 70.131352
v 16.454641 137.912832 34.939272
v 17.404708 138.183188 34.189849
v 32.299115 181.972033 70.773715
v 33.113458 182.203767 70.131352
v 33.235325 181.486860 70.906386
v 33.113458 182.203767 70.131352
v 32.299115 181.972033 70.773715
v 17.404708 138.183188 34.189849
v 17.262529 139.019578 33.285643
v 32.420982 181.255127 71.548749
v 32.299115 181.972033 70.773715
v 33.235325 181.486860 70.906386
v 32.299115 181.972033 70.773715
v 32.420982 181.255127 71.548749
v 17.262529 139.019578 33.285643
v 16.170284 139.585613 33.130859
v 33.357193 180.769954 71.681420
v 32.420982 181.255127 71.548749
v 33.235325 181.486860 70.906386
v 32.420982 181.255127 71.548749
v 33.357193 180.769954 71.681420
v 1.351162 135.438106 -2.176883
v -2.654388 133.299881 -1.265841
v -2.006217 150.351403 33.953361
v -0.604274 151.099782 33.634496
v 1.351162 131.350611 0.000000
v -2.654388 133.299881 -1.265841
v 1.351162 135.438106 -2.176883
v -2.654388 133.299881 -1.265841
v -2.654388 129.212386 0.911042
v -2.006217 148.920780 34.715270
v -2.006217 150.351403 33.953361
v 1.351162 131.350611 0.000000
v -2.654388 129.212386 0.911042
v -2.654388 133.299881 -1.265841
v -2.654388 129.212386 0.911042
v 1.351162 127.263117 2.176883
v -0.604274 148.238536 35.158315
v -2.006217 148.920780 34.715270
v 1.351162 131.350611 0.000000
v 1.351162 127.263117 2.176883
v -2.654388 129.212386 0.911042
v 1.351162 127.263117 2.176883
v 5.356711 129.401342 1.265841
v 0.797668 148.986914 34.839450
v -0.604274 148.238536 35.158315
v 1.351162 131.350611 0.000000
v 5.356711 129.401342 1.265841
v 1.351162 127.263117 2.176883
v 5.356711 129.401342 1.265841
v 5.356711 133.488836 -0.911042
v 0.797668 150.417538 34.077541
v 0.797668 148.986914 34.839450
v 1.351162 131.350611 0.000000
v 5.356711 133.488836 -0.911042
v 5.356711 129.401342 1.265841
v 5.356711 133.488836 -0.911042
v 1.351162 135.438106 -2.176883
v -0.604274 151.099782 33.634496
v 0.797668 150.417538 34.077541
v 1.351162 131.350611 0.000000
v 1.351162 135.438106 -2.176883
v 5.356711 133.488836 -0.911042
v -0.798063 151.180479 33.843644
v -2.092995 150.242836 34.110409
v -1.334020 162.549011 71.904318
v -2.443962 161.745316 72.132973
v -2.610066 163.040734 71.659178
v -2.443962 161.745316 72.132973
v -1.334020 162.549011 71.904318
v -2.092995 150.242836 34.110409
v -1.899207 148.731515 34.663170
v -1.500124 163.844428 71.430522
v -1.334020 162.549011 71.904318
v -2.610066 163.040734 71.659178
v -1.334020 162.549011 71.904318
v -1.500124 163.844428 71.430522
v -1.899207 148.731515 34.663170
v -0.410486 148.157839 34.949167
v -2.776171 164.336151 71.185382
v -1.500124 163.844428 71.430522
v -2.610066 163.040734 71.659178
v -1.500124 163.844428 71.430522
v -2.776171 164.336151 71.185382
v -0.410486 148.157839 34.949167
v 0.884446 149.095482 34.682402
v -3.886113 163.532457 71.414038
v -2.776171 164.336151 71.185382
v -2.610066 163.040734 71.659178
v -2.776171 164.336151 71.185382
v -3.886113 163.532457 71.414038
v 0.884446 149.095482 34.682402
v 0.690658 150.606802 34.129640
v -3.720008 162.237039 71.887833
v -3.886113 163.532457 71.414038
v -2.610066 163.040734 71.659178
v -3.886113 163.532457 71.414038
v -3.720008 162.237039 71.887833
v 0.690658 150.606802 34.129640
v -0.798063 151.180479 33.843644
v -2.443962 161.745316 72.132973
v -3.720008 162.237039 71.887833
v -2.610066 163.040734 71.659178
v -3.720008 162.237039 71.887833
v -2.443962 161.745316 72.132973
v 1.214785 126.590640 -2.357782
v -1.426557 125.134406 -1.555055
v -7.619009 152.241745 23.300479
v -6.694540 152.751427 23.019524
v 1.214785 124.545515 0.000000
v -1.426557 125.134406 -1.555055
v 1.214785 126.590640 -2.357782
v -1.426557 125.134406 -1.555055
v -1.426557 123.089281 0.802727
v -7.619009 151.525951 24.125702
v -7.619009 152.241745 23.300479
v 1.214785 124.545515 0.000000
v -1.426557 123.089281 0.802727
v -1.426557 125.134406 -1.555055
v -1.426557 123.089281 0.802727
v 1.214785 122.500390 2.357782
v -6.694540 151.319839 24.669972
v -7.619009 151.525951 24.125702
v 1.214785 124.545515 0.000000
v 1.214785 122.500390 2.357782
v -1.426557 123.089281 0.802727
v 1.214785 122.500390 2.357782
v 3.856126 123.956624 1.555055
v -5.770070 151.829521 24.389017
v -6.694540 151.319839 24.669972
v 1.214785 124.545515 0.000000
v 3.856126 123.956624 1.555055
v 1.214785 122.500390 2.357782
v 3.856126 123.956624 1.555055
v 3.856126 126.001749 -0.802727
v -5.770070 152.545315 23.563793
v -5.770070 151.829521 24.389017
v 1.214785 124.545515 0.000000
v 3.856126 126.001749 -0.802727
v 3.856126 123.956624 1.555055
v 3.856126 126.001749 -0.802727
v 1.214785 126.590640 -2.357782
v -6.694540 152.751427 23.019524
v -5.770070 152.545315 23.563793
v 1.214785 124.545515 0.000000
v 1.214785 126.590640 -2.357782
v 3.856126 126.001749 -0.802727
v -6.822278 152.740481 23.019989
v -7.675853 152.162743 23.381907
v -14.320617 180.618602 50.073279
v -15.052253 180.123399 50.383494
v -15.161743 180.727554 49.676558
v -15.052253 180.123399 50.383494
v -14.320617 180.618602 50.073279
v -7.675853 152.162743 23.381907
v -7.548115 151.457896 24.206666
v -14.430107 181.222757 49.366343
v -14.320617 180.618602 50.073279
v -15.161743 180.727554 49.676558
v -14.320617 180.618602 50.073279
v -14.430107 181.222757 49.366343
v -7.548115 151.457896 24.206666
v -6.566801 151.330785 24.669507
v -15.271233 181.331709 48.969622
v -14.430107 181.222757 49.366343
v -15.161743 180.727554 49.676558
v -14.430107 181.222757 49.366343
v -15.271233 181.331709 48.969622
v -6.566801 151.330785 24.669507
v -5.713226 151.908522 24.307589
v -16.002868 180.836506 49.279837
v -15.271233 181.331709 48.969622
v -15.161743 180.727554 49.676558
v -15.271233 181.331709 48.969622
v -16.002868 180.836506 49.279837
v -5.713226 151.908522 24.307589
v -5.840965 152.613370 23.482830
v -15.893378 180.232350 49.986773
v -16.002868 180.836506 49.279837
v -15.161743 180.727554 49.676558
v -16.002868 180.836506 49.279837
v -15.893378 180.232350 49.986773
v -5.840965 152.613370 23.482830
v -6.822278 152.740481 23.019989
v -15.052253 180.123399 50.383494
v -15.893378 180.232350 49.986773
v -15.161743 180.727554 49.676558
v -15.893378 180.232350 49.986773
v -15.052253 180.123399 50.383494
v 1.715837 151.122799 -1.323584
v -0.281899 148.734110 -2.623878
v -24.162304 157.518598 20.774121
v -23.463097 158.354639 21.229224
v 1.715837 148.018661 0.000000
v -0.281899 148.734110 -2.623878
v 1.715837 151.122799 -1.323584
v -0.281899 148.734110 -2.623878
v -0.281899 145.629971 -1.300294
v -24.162304 156.432149 21.237375
v -24.162304 157.518598 20.774121
v 1.715837 148.018661 0.000000
v -0.281899 145.629971 -1.300294
v -0.281899 148.734110 -2.623878
v -0.281899 145.629971 -1.300294
v 1.715837 144.914522 1.323584
v -23.463097 156.181742 22.155733
v -24.162304 156.432149 21.237375
v 1.715837 148.018661 0.000000
v 1.715837 144.914522 1.323584
v -0.281899 145.629971 -1.300294
v 1.715837 144.914522 1.323584
v 3.713573 147.303212 2.623878
v -22.763889 157.017784 22.610835
v -23.463097 156.181742 22.155733
v 1.715837 148.018661 0.000000
v 3.713573 147.303212 2.623878
v 1.715837 144.914522 1.323584
v 3.713573 147.303212 2.623878
v 3.713573 150.407351 1.300294
v -22.763889 158.104232 22.147581
v -22.763889 157.017784 22.610835
v 1.715837 148.018661 0.000000
v 3.713573 150.407351 1.300294
v 3.713573 147.303212 2.623878
v 3.713573 150.407351 1.300294
v 1.715837 151.122799 -1.323584
v -23.463097 158.354639 21.229224
v -22.763889 158.104232 22.147581
v 1.715837 148.018661 0.000000
v 1.715837 151.122799 -1.323584
v 3.713573 150.407351 1.300294
v -23.555669 158.438818 21.565838
v -24.174258 157.718124 20.863753
v -49.987722 157.279066 45.902998
v -50.517941 156.661328 45.301211
v -50.597289 157.664723 45.192663
v -50.517941 156.661328 45.301211
v -49.987722 157.279066 45.902998
v -24.174258 157.718124 20.863753
v -24.081685 156.547497 20.990393
v -50.067070 158.282461 45.794450
v -49.987722 157.279066 45.902998
v -50.597289 157.664723 45.192663
v -49.987722 157.279066 45.902998
v -50.067070 158.282461 45.794450
v -24.081685 156.547497 20.990393
v -23.370524 156.097564 21.819118
v -50.676636 158.668117 45.084114
v -50.067070 158.282461 45.794450
v -50.597289 157.664723 45.192663
v -50.067070 158.282461 45.794450
v -50.676636 158.668117 45.084114
v -23.370524 156.097564 21.819118
v -22.751936 156.818258 22.521203
v -51.206855 158.050379 44.482327
v -50.676636 158.668117 45.084114
v -50.597289 157.664723 45.192663
v -50.676636 158.668117 45.084114
v -51.206855 158.050379 44.482327
v -22.751936 156.818258 22.521203
v -22.844508 157.988885 22.394563
v -51.127507 157.046985 44.590876
v -51.206855 158.050379 44.482327
v -50.597289 157.664723 45.192663
v -51.206855 158.050379 44.482327
v -51.127507 157.046985 44.590876
v -22.844508 157.988885 22.394563
v -23.555669 158.438818 21.565838
v -50.517941 156.661328 45.301211
v -51.127507 157.046985 44.590876
v -50.597289 157.664723 45.192663
v -51.127507 157.046985 44.590876
v -50.517941 156.661328 45.301211
v 1.241937 125.141096 -4.169446
v -0.932835 122.624754 -1.534183
v -23.497217 142.069927 -3.808613
v -22.736046 142.950647 -4.730955
v 1.241937 125.929730 0.000000
v -0.932835 122.624754 -1.534183
v 1.241937 125.141096 -4.169446
v -0.932835 122.624754 -1.534183
v -0.932835 123.413388 2.635263
v -23.497217 142.345949 -2.349307
v -23.497217 142.069927 -3.808613
v 1.241937 125.929730 0.000000
v -0.932835 123.413388 2.635263
v -0.932835 122.624754 -1.534183
v -0.932835 123.413388 2.635263
v 1.241937 126.718365 4.169446
v -22.736046 143.502691 -1.812343
v -23.497217 142.345949 -2.349307
v 1.241937 125.929730 0.000000
v 1.241937 126.718365 4.169446
v -0.932835 123.413388 2.635263
v 1.241937 126.718365 4.169446
v 3.416710 129.234706 1.534183
v -21.974876 144.383410 -2.734685
v -22.736046 143.502691 -1.812343
v 1.241937 125.929730 0.000000
v 3.416710 129.234706 1.534183
v 1.241937 126.718365 4.169446
v 3.416710 129.234706 1.534183
v 3.416710 128.446072 -2.635263
v -21.974876 144.107388 -4.193991
v -21.974876 144.383410 -2.734685
v 1.241937 125.929730 0.000000
v 3.416710 128.446072 -2.635263
v 3.416710 129.234706 1.534183
v 3.416710 128.446072 -2.635263
v 1.241937 125.141096 -4.169446
v -22.736046 142.950647 -4.730955
v -21.974876 144.107388 -4.193991
v 1.241937 125.929730 0.000000
v 1.241937 125.141096 -4.169446
v 3.416710 128.446072 -2.635263
v -22.626128 143.073956 -4.744863
v -23.349850 142.053495 -3.944457
v -48.082583 159.801434 -6.239243
v -48.702916 158.926754 -5.553181
v -48.608700 158.795857 -6.815935
v -48.702916 158.926754 -5.553181
v -48.082583 159.801434 -6.239243
v -23.349850 142.053495 -3.944457
v -23.459768 142.206208 -2.471243
v -47.988367 159.670537 -7.501997
v -48.082583 159.801434 -6.239243
v -48.608700 158.795857 -6.815935
v -48.082583 159.801434 -6.239243
v -47.988367 159.670537 -7.501997
v -23.459768 142.206208 -2.471243
v -22.845964 143.379382 -1.798435
v -48.514485 158.664960 -8.078690
v -47.988367 159.670537 -7.501997
v -48.608700 158.795857 -6.815935
v -47.988367 159.670537 -7.501997
v -48.514485 158.664960 -8.078690
v -22.845964 143.379382 -1.798435
v -22.122243 144.399842 -2.598841
v -49.134818 157.790279 -7.392628
v -48.514485 158.664960 -8.078690
v -48.608700 158.795857 -6.815935
v -48.514485 158.664960 -8.078690
v -49.134818 157.790279 -7.392628
v -22.122243 144.399842 -2.598841
v -22.012324 144.247129 -4.072055
v -49.229034 157.921176 -6.129873
v -49.134818 157.790279 -7.392628
v -48.608700 158.795857 -6.815935
v -49.134818 157.790279 -7.392628
v -49.229034 157.921176 -6.129873
v -22.012324 144.247129 -4.072055
v -22.626128 143.073956 -4.744863
v -48.702916 158.926754 -5.553181
v -49.229034 157.921176 -6.129873
v -48.608700 158.795857 -6.815935
v -49.229034 157.921176 -6.129873
v -48.702916 158.926754 -5.553181
v 0.729715 94.117256 -3.780783
v -2.499735 93.504384 -0.730730
v -30.404676 133.350180 -24.413022
v -29.274368 133.564685 -25.480541
v 0.729715 96.528367 0.000000
v -2.499735 93.504384 -0.730730
v 0.729715 94.117256 -3.780783
v -2.499735 93.504384 -0.730730
v -2.499735 95.915495 3.050054
v -30.404676 134.194069 -23.089748
v -30.404676 133.350180 -24.413022
v 0.729715 96.528367 0.000000
v -2.499735 95.915495 3.050054
v -2.499735 93.504384 -0.730730
v -2.499735 95.915495 3.050054
v 0.729715 98.939478 3.780783
v -29.274368 135.252463 -22.833993
v -30.404676 134.194069 -23.089748
v 0.729715 96.528367 0.000000
v 0.729715 98.939478 3.780783
v -2.499735 95.915495 3.050054
v 0.729715 98.939478 3.780783
v 3.959164 99.552350 0.730730
v -28.144061 135.466968 -23.901511
v -29.274368 135.252463 -22.833993
v 0.729715 96.528367 0.000000
v 3.959164 99.552350 0.730730
v 0.729715 98.939478 3.780783
v 3.959164 99.552350 0.730730
v 3.959164 97.141239 -3.050054
v -28.144061 134.623079 -25.224786
v -28.144061 135.466968 -23.901511
v 0.729715 96.528367 0.000000
v 3.959164 97.141239 -3.050054
v 3.959164 99.552350 0.730730
v 3.959164 97.141239 -3.050054
v 0.729715 94.117256 -3.780783
v -29.274368 133.564685 -25.480541
v -28.144061 134.623079 -25.224786
v 0.729715 96.528367 0.000000
v 0.729715 94.117256 -3.780783
v 3.959164 97.141239 -3.050054
v -29.428501 133.443606 -25.385388
v -30.458449 133.379461 -24.202893
v -60.703055 173.780058 -50.288531
v -61.585868 173.725077 -49.274963
v -61.717982 172.897961 -50.327639
v -61.585868 173.725077 -49.274963
v -60.703055 173.780058 -50.288531
v -30.458449 133.379461 -24.202893
v -30.304316 134.344429 -22.974771
v -60.835169 172.952942 -51.341207
v -60.703055 173.780058 -50.288531
v -61.717982 172.897961 -50.327639
v -60.703055 173.780058 -50.288531
v -60.835169 172.952942 -51.341207
v -30.304316 134.344429 -22.974771
v -29.120235 135.373542 -22.929145
v -61.850096 172.070846 -51.380315
v -60.835169 172.952942 -51.341207
v -61.717982 172.897961 -50.327639
v -60.835169 172.952942 -51.341207
v -61.850096 172.070846 -51.380315
v -29.120235 135.373542 -22.929145
v -28.090287 135.437687 -24.111641
v -62.732909 172.015864 -50.366747
v -61.850096 172.070846 -51.380315
v -61.717982 172.897961 -50.327639
v -61.850096 172.070846 -51.380315
v -62.732909 172.015864 -50.366747
v -28.090287 135.437687 -24.111641
v -28.244420 134.472719 -25.339762
v -62.600795 172.842980 -49.314072
v -62.732909 172.015864 -50.366747
v -61.717982 172.897961 -50.327639
v -62.732909 172.015864 -50.366747
v -62.600795 172.842980 -49.314072
v -28.244420 134.472719 -25.339762
v -29.428501 133.443606 -25.385388
v -61.585868 173.725077 -49.274963
v -62.600795 172.842980 -49.314072
v -61.717982 172.897961 -50.327639
v -62.600795 172.842980 -49.314072
v -61.585868 173.725077 -49.274963
v 1.352743 128.166795 -2.264753
v -1.954414 129.260946 -0.360439
v -10.274475 151.685188 -30.383604
v -9.116970 151.302235 -31.050113
v 1.352743 131.427432 0.000000
v -1.954414 129.260946 -0.360439
v 1.352743 128.166795 -2.264753
v -1.954414 129.260946 -0.360439
v -1.954414 132.521583 1.904314
v -10.274475 152.826411 -29.590940
v -10.274475 151.685188 -30.383604
v 1.352743 131.427432 0.000000
v -1.954414 132.521583 1.904314
v -1.954414 129.260946 -0.360439
v -1.954414 132.521583 1.904314
v 1.352743 134.688070 2.264753
v -9.116970 153.584681 -29.464787
v -10.274475 152.826411 -29.590940
v 1.352743 131.427432 0.000000
v 1.352743 134.688070 2.264753
v -1.954414 132.521583 1.904314
v 1.352743 134.688070 2.264753
v 4.659899 133.593918 0.360439
v -7.959466 153.201728 -30.131297
v -9.116970 153.584681 -29.464787
v 1.352743 131.427432 0.000000
v 4.659899 133.593918 0.360439
v 1.352743 134.688070 2.264753
v 4.659899 133.593918 0.360439
v 4.659899 130.333281 -1.904314
v -7.959466 152.060505 -30.923960
v -7.959466 153.201728 -30.131297
v 1.352743 131.427432 0.000000
v 4.659899 130.333281 -1.904314
v 4.659899 133.593918 0.360439
v 4.659899 130.333281 -1.904314
v 1.352743 128.166795 -2.264753
v -9.116970 151.302235 -31.050113
v -7.959466 152.060505 -30.923960
v 1.352743 131.427432 0.000000
v 1.352743 128.166795 -2.264753
v 4.659899 130.333281 -1.904314
v -9.276287 151.211611 -30.880248
v -10.340871 151.788255 -30.198452
v -19.297373 171.029773 -63.086924
v -20.209874 171.524039 -62.502527
v -20.346431 170.468170 -63.036354
v -20.209874 171.524039 -62.502527
v -19.297373 171.029773 -63.086924
v -10.340871 151.788255 -30.198452
v -10.181555 153.020102 -29.575653
v -19.433929 169.973904 -63.620751
v -19.297373 171.029773 -63.086924
v -20.346431 170.468170 -63.036354
v -19.297373 171.029773 -63.086924
v -19.433929 169.973904 -63.620751
v -10.181555 153.020102 -29.575653
v -8.957654 153.675304 -29.634652
v -20.482988 169.412302 -63.570181
v -19.433929 169.973904 -63.620751
v -20.346431 170.468170 -63.036354
v -19.433929 169.973904 -63.620751
v -20.482988 169.412302 -63.570181
v -8.957654 153.675304 -29.634652
v -7.893069 153.098661 -30.316449
v -21.395489 169.906568 -62.985784
v -20.482988 169.412302 -63.570181
v -20.346431 170.468170 -63.036354
v -20.482988 169.412302 -63.570181
v -21.395489 169.906568 -62.985784
v -7.893069 153.098661 -30.316449
v -8.052386 151.866814 -30.939247
v -21.258932 170.962436 -62.451957
v -21.395489 169.906568 -62.985784
v -20.346431 170.468170 -63.036354
v -21.395489 169.906568 -62.985784
v -21.258932 170.962436 -62.451957
v -8.052386 151.866814 -30.939247
v -9.276287 151.211611 -30.880248
v -20.209874 171.524039 -62.502527
v -21.258932 170.962436 -62.451957
v -20.346431 170.468170 -63.036354
v -21.258932 170.962436 -62.451957
v -20.209874 171.524039 -62.502527
v 1.497232 135.307095 -3.406214
v -2.369742 137.218152 -2.077291
v 5.825265 166.972918 -26.001905
v 7.178706 166.304049 -26.467028
v 1.497232 138.268407 0.000000
v -2.369742 137.218152 -2.077291
v 1.497232 135.307095 -3.406214
v -2.369742 137.218152 -2.077291
v -2.369742 140.179464 1.328923
v 5.825265 168.009378 -24.809730
v 5.825265 166.972918 -26.001905
v 1.497232 138.268407 0.000000
v -2.369742 140.179464 1.328923
v -2.369742 137.218152 -2.077291
v -2.369742 140.179464 1.328923
v 1.497232 141.229719 3.406214
v 7.178706 168.376967 -24.082678
v 5.825265 168.009378 -24.809730
v 1.497232 138.268407 0.000000
v 1.497232 141.229719 3.406214
v -2.369742 140.179464 1.328923
v 1.497232 141.229719 3.406214
v 5.364206 139.318662 2.077291
v 8.532147 167.708097 -24.547801
v 7.178706 168.376967 -24.082678
v 1.497232 138.268407 0.000000
v 5.364206 139.318662 2.077291
v 1.497232 141.229719 3.406214
v 5.364206 139.318662 2.077291
v 5.364206 136.357350 -1.328923
v 8.532147 166.671638 -25.739976
v 8.532147 167.708097 -24.547801
v 1.497232 138.268407 0.000000
v 5.364206 136.357350 -1.328923
v 5.364206 139.318662 2.077291
v 5.364206 136.357350 -1.328923
v 1.497232 135.307095 -3.406214
v 7.178706 166.304049 -26.467028
v 8.532147 166.671638 -25.739976
v 1.497232 138.268407 0.000000
v 1.497232 135.307095 -3.406214
v 5.364206 136.357350 -1.328923
v 6.991775 166.314205 -26.461145
v 5.742660 167.089815 -25.883502
v 14.689303 198.061093 -52.134244
v 13.618633 198.725902 -51.639122
v 13.458406 197.846214 -52.655944
v 13.618633 198.725902 -51.639122
v 14.689303 198.061093 -52.134244
v 5.742660 167.089815 -25.883502
v 5.929592 168.116118 -24.697211
v 14.529076 197.181405 -53.151065
v 14.689303 198.061093 -52.134244
v 13.458406 197.846214 -52.655944
v 14.689303 198.061093 -52.134244
v 14.529076 197.181405 -53.151065
v 5.929592 168.116118 -24.697211
v 7.365638 168.366810 -24.088561
v 13.298179 196.966526 -53.672765
v 14.529076 197.181405 -53.151065
v 13.458406 197.846214 -52.655944
v 14.529076 197.181405 -53.151065
v 13.298179 196.966526 -53.672765
v 7.365638 168.366810 -24.088561
v 8.614752 167.591200 -24.666203
v 12.227510 197.631335 -53.177643
v 13.298179 196.966526 -53.672765
v 13.458406 197.846214 -52.655944
v 13.298179 196.966526 -53.672765
v 12.227510 197.631335 -53.177643
v 8.614752 167.591200 -24.666203
v 8.427821 166.564897 -25.852495
v 12.387737 198.511023 -52.160822
v 12.227510 197.631335 -53.177643
v 13.458406 197.846214 -52.655944
v 12.227510 197.631335 -53.177643
v 12.387737 198.511023 -52.160822
v 8.427821 166.564897 -25.852495
v 6.991775 166.314205 -26.461145
v 13.618633 198.725902 -51.639122
v 12.387737 198.511023 -52.160822
v 13.458406 197.846214 -52.655944
v 12.387737 198.511023 -52.160822
v 13.618633 198.725902 -51.639122
v 1.577759 137.995871 -2.411267
v -2.033126 140.867358 -2.677697
v 21.313002 164.491495 -38.422394
v 22.576811 163.486475 -38.329144
v 1.577759 141.938041 0.000000
v -2.033126 140.867358 -2.677697
v 1.577759 137.995871 -2.411267
v -2.033126 140.867358 -2.677697
v -2.033126 144.809528 -0.266429
v 21.313002 165.871255 -37.578451
v 21.313002 164.491495 -38.422394
v 1.577759 141.938041 0.000000
v -2.033126 144.809528 -0.266429
v -2.033126 140.867358 -2.677697
v -2.033126 144.809528 -0.266429
v 1.577759 145.880211 2.411267
v 22.576811 166.245994 -36.641257
v 21.313002 165.871255 -37.578451
v 1.577759 141.938041 0.000000
v 1.577759 145.880211 2.411267
v -2.033126 144.809528 -0.266429
v 1.577759 145.880211 2.411267
v 5.188644 143.008724 2.677697
v 23.840621 165.240974 -36.548006
v 22.576811 166.245994 -36.641257
v 1.577759 141.938041 0.000000
v 5.188644 143.008724 2.677697
v 1.577759 145.880211 2.411267
v 5.188644 143.008724 2.677697
v 5.188644 139.066555 0.266429
v 23.840621 163.861214 -37.391950
v 23.840621 165.240974 -36.548006
v 1.577759 141.938041 0.000000
v 5.188644 139.066555 0.266429
v 5.188644 143.008724 2.677697
v 5.188644 139.066555 0.266429
v 1.577759 137.995871 -2.411267
v 22.576811 163.486475 -38.329144
v 23.840621 163.861214 -37.391950
v 1.577759 141.938041 0.000000
v 1.577759 137.995871 -2.411267
v 5.188644 139.066555 0.266429
v 22.405078 163.416337 -38.181104
v 21.257516 164.541548 -38.362706
v 46.588089 181.925423 -77.342020
v 45.604465 182.889889 -77.497679
v 45.457265 181.647120 -78.094167
v 45.604465 182.889889 -77.497679
v 46.588089 181.925423 -77.342020
v 21.257516 164.541548 -38.362706
v 21.429250 165.991446 -37.666802
v 46.440889 180.682653 -77.938508
v 46.588089 181.925423 -77.342020
v 45.457265 181.647120 -78.094167
v 46.588089 181.925423 -77.342020
v 46.440889 180.682653 -77.938508
v 21.429250 165.991446 -37.666802
v 22.748545 166.316132 -36.789297
v 45.310064 180.404351 -78.690656
v 46.440889 180.682653 -77.938508
v 45.457265 181.647120 -78.094167
v 46.440889 180.682653 -77.938508
v 45.310064 180.404351 -78.690656
v 22.748545 166.316132 -36.789297
v 23.896107 165.190921 -36.607695
v 44.326440 181.368818 -78.846315
v 45.310064 180.404351 -78.690656
v 45.457265 181.647120 -78.094167
v 45.310064 180.404351 -78.690656
v 44.326440 181.368818 -78.846315
v 23.896107 165.190921 -36.607695
v 23.724373 163.741023 -37.303598
v 44.473641 182.611587 -78.249826
v 44.326440 181.368818 -78.846315
v 45.457265 181.647120 -78.094167
v 44.326440 181.368818 -78.846315
v 44.473641 182.611587 -78.249826
v 23.724373 163.741023 -37.303598
v 22.405078 163.416337 -38.181104
v 45.604465 182.889889 -77.497679
v 44.473641 182.611587 -78.249826
v 45.457265 181.647120 -78.094167
v 44.473641 182.611587 -78.249826
v 45.604465 182.889889 -77.497679
v 0.872916 104.800668 -4.171470
v -2.122866 107.280100 -2.474470
v 29.258757 146.919155 -8.438253
v 30.307281 146.051353 -9.032203
v 0.872916 105.575873 0.000000
v -2.122866 107.280100 -2.474470
v 0.872916 104.800668 -4.171470
v -2.122866 107.280100 -2.474470
v -2.122866 108.055306 1.696999
v 29.258757 147.190477 -6.978238
v 29.258757 146.919155 -8.438253
v 0.872916 105.575873 0.000000
v -2.122866 108.055306 1.696999
v -2.122866 107.280100 -2.474470
v -2.122866 108.055306 1.696999
v 0.872916 106.351079 4.171470
v 30.307281 146.593997 -6.112174
v 29.258757 147.190477 -6.978238
v 0.872916 105.575873 0.000000
v 0.872916 106.351079 4.171470
v -2.122866 108.055306 1.696999
v 0.872916 106.351079 4.171470
v 3.868698 103.871647 2.474470
v 31.355805 145.726196 -6.706123
v 30.307281 146.593997 -6.112174
v 0.872916 105.575873 0.000000
v 3.868698 103.871647 2.474470
v 0.872916 106.351079 4.171470
v 3.868698 103.871647 2.474470
v 3.868698 103.096441 -1.696999
v 31.355805 145.454874 -8.166138
v 31.355805 145.726196 -6.706123
v 0.872916 105.575873 0.000000
v 3.868698 103.096441 -1.696999
v 3.868698 103.871647 2.474470
v 3.868698 103.096441 -1.696999
v 0.872916 104.800668 -4.171470
v 30.307281 146.051353 -9.032203
v 31.355805 145.454874 -8.166138
v 0.872916 105.575873 0.000000
v 0.872916 104.800668 -4.171470
v 3.868698 103.096441 -1.696999
v 30.162420 146.154798 -9.040551
v 29.194434 146.994522 -8.290137
v 63.221122 189.919199 -15.160007
v 62.391418 190.638963 -14.516795
v 62.267252 190.495068 -15.775392
v 62.391418 190.638963 -14.516795
v 63.221122 189.919199 -15.160007
v 29.194434 146.994522 -8.290137
v 29.339294 147.162400 -6.821773
v 63.096955 189.775304 -16.418604
v 63.221122 189.919199 -15.160007
v 62.267252 190.495068 -15.775392
v 63.221122 189.919199 -15.160007
v 63.096955 189.775304 -16.418604
v 29.339294 147.162400 -6.821773
v 30.452141 146.490553 -6.103825
v 62.143086 190.351173 -17.033989
v 63.096955 189.775304 -16.418604
v 62.267252 190.495068 -15.775392
v 63.096955 189.775304 -16.418604
v 62.143086 190.351173 -17.033989
v 30.452141 146.490553 -6.103825
v 31.420128 145.650828 -6.854239
v 61.313383 191.070937 -16.390776
v 62.143086 190.351173 -17.033989
v 62.267252 190.495068 -15.775392
v 62.143086 190.351173 -17.033989
v 61.313383 191.070937 -16.390776
v 31.420128 145.650828 -6.854239
v 31.275268 145.482951 -8.322603
v 61.437549 191.214832 -15.132179
v 61.313383 191.070937 -16.390776
v 62.267252 190.495068 -15.775392
v 61.313383 191.070937 -16.390776
v 61.437549 191.214832 -15.132179
v 31.275268 145.482951 -8.322603
v 30.162420 146.154798 -9.040551
v 62.391418 190.638963 -14.516795
v 61.437549 191.214832 -15.132179
v 62.267252 190.495068 -15.775392
v 61.437549 191.214832 -15.132179
v 62.391418 190.638963 -14.516795
v 83.429512 142.606847 -21.506115
v 108.086557 146.403920 3.555874
v 122.856172 148.666400 -21.506115
v 122.856172 148.666400 -21.506115
v 108.086557 146.403920 3.555874
v 118.329719 161.444976 13.967261
v 134.556629 161.444976 -21.506115
v 134.556629 161.444976 -21.506115
v 118.329719 161.444976 13.967261
v 109.282714 173.973657 4.771675
v 122.045680 176.321458 -21.506115
v 83.429512 180.283105 -21.506115
v 122.045680 176.321458 -21.506115
v 109.282714 173.973657 4.771675
v 83.429512 142.606847 -21.506115
v 83.429512 148.073569 14.909884
v 108.086557 146.403920 3.555874
v 108.086557 146.403920 3.555874
v 83.429512 148.073569 14.909884
v 83.429512 161.444976 21.753719
v 118.329719 161.444976 13.967261
v 118.329719 161.444976 13.967261
v 83.429512 161.444976 21.753719
v 83.429512 173.868045 9.246096
v 109.282714 173.973657 4.771675
v 83.429512 180.283105 -21.506115
v 109.282714 173.973657 4.771675
v 83.429512 173.868045 9.246096
v 83.429512 142.606847 -21.506115
v 60.423831 148.904347 1.877389
v 83.429512 148.073569 14.909884
v 83.429512 148.073569 14.909884
v 60.423831 148.904347 1.877389
v 47.992454 161.444976 14.512929
v 83.429512 161.444976 21.753719
v 83.429512 161.444976 21.753719
v 47.992454 161.444976 14.512929
v 59.922294 173.626689 2.387163
v 83.429512 173.868045 9.246096
v 83.429512 180.283105 -21.506115
v 83.429512 173.868045 9.246096
v 59.922294 173.626689 2.387163
v 83.429512 142.606847 -21.506115
v 51.238250 149.658791 -21.506115
v 60.423831 148.904347 1.877389
v 60.423831 148.904347 1.877389
v 51.238250 149.658791 -21.506115
v 35.423640 161.444976 -21.506115
v 47.992454 161.444976 14.512929
v 47.992454 161.444976 14.512929
v 35.423640 161.444976 -21.506115
v 45.986179 176.690664 -21.506115
v 59.922294 173.626689 2.387163
v 83.429512 180.283105 -21.506115
v 59.922294 173.626689 2.387163
v 45.986179 176.690664 -21.506115
v 83.429512 142.606847 -21.506115
v 57.052897 148.783700 -48.315915
v 51.238250 149.658791 -21.506115
v 51.238250 149.658791 -21.506115
v 57.052897 148.783700 -48.315915
v 43.035618 161.444976 -62.563401
v 35.423640 161.444976 -21.506115
v 35.423640 161.444976 -21.506115
v 43.035618 161.444976 -62.563401
v 62.520890 174.388043 -42.758121
v 45.986179 176.690664 -21.506115
v 83.429512 180.283105 -21.506115
v 45.986179 176.690664 -21.506115
v 62.520890 174.388043 -42.758121
v 83.429512 142.606847 -21.506115
v 83.429512 148.037098 -55.198443
v 57.052897 148.783700 -48.315915
v 57.052897 148.783700 -48.315915
v 83.429512 148.037098 -55.198443
v 83.429512 161.444976 -75.967686
v 43.035618 161.444976 -62.563401
v 43.035618 161.444976 -62.563401
v 83.429512 161.444976 -75.967686
v 83.429512 174.039429 -53.187108
v 62.520890 174.388043 -42.758121
v 83.429512 180.283105 -21.506115
v 62.520890 174.388043 -42.758121
v 83.429512 174.039429 -53.187108
v 83.429512 142.606847 -21.506115
v 106.100237 148.276135 -44.549163
v 83.429512 148.037098 -55.198443
v 83.429512 148.037098 -55.198443
v 106.100237 148.276135 -44.549163
v 116.521991 161.444976 -55.142074
v 83.429512 161.444976 -75.967686
v 83.429512 161.444976 -75.967686
v 116.521991 161.444976 -55.142074
v 105.091313 176.347624 -43.523669
v 83.429512 174.039429 -53.187108
v 83.429512 180.283105 -21.506115
v 83.429512 174.039429 -53.187108
v 105.091313 176.347624 -43.523669
v 83.429512 142.606847 -21.506115
v 122.856172 148.666400 -21.506115
v 106.100237 148.276135 -44.549163
v 106.100237 148.276135 -44.549163
v 122.856172 148.666400 -21.506115
v 134.556629 161.444976 -21.506115
v 116.521991 161.444976 -55.142074
v 116.521991 161.444976 -55.142074
v 134.556629 161.444976 -21.506115
v 122.045680 176.321458 -21.506115
v 105.091313 176.347624 -43.523669
v 83.429512 180.283105 -21.506115
v 105.091313 176.347624 -43.523669
v 122.045680 176.321458 -21.506115
v 53.856931 145.385344 35.703211
v 72.933563 149.202686 49.666867
v 84.148214 150.509497 35.703211
v 84.148214 150.509497 35.703211
v 72.933563 149.202686 49.666867
v 80.165148 159.937908 54.960220
v 94.866169 159.937908 35.703211
v 94.866169 159.937908 35.703211
v 80.165148 159.937908 54.960220
v 73.451090 170.216088 50.045685
v 81.785304 170.607869 35.703211
v 53.856931 174.490472 35.703211
v 81.785304 170.607869 35.703211
v 73.451090 170.216088 50.045685
v 53.856931 145.385344 35.703211
v 53.856931 150.133685 53.110884
v 72.933563 149.202686 49.666867
v 72.933563 149.202686 49.666867
v 53.856931 150.133685 53.110884
v 53.856931 159.937908 63.514469
v 80.165148 159.937908 54.960220
v 80.165148 159.937908 54.960220
v 53.856931 159.937908 63.514469
v 53.856931 170.047603 57.435455
v 73.451090 170.216088 50.045685
v 53.856931 174.490472 35.703211
v 73.451090 170.216088 50.045685
v 53.856931 170.047603 57.435455
v 53.856931 145.385344 35.703211
v 31.942037 149.334449 51.744408
v 53.856931 150.133685 53.110884
v 53.856931 150.133685 53.110884
v 31.942037 149.334449 51.744408
v 26.662345 159.937908 55.609022
v 53.856931 159.937908 63.514469
v 53.856931 159.937908 63.514469
v 26.662345 159.937908 55.609022
v 37.264169 170.055402 47.848730
v 53.856931 170.047603 57.435455
v 53.856931 174.490472 35.703211
v 53.856931 170.047603 57.435455
v 37.264169 170.055402 47.848730
v 53.856931 145.385344 35.703211
v 29.072373 148.598065 35.703211
v 31.942037 149.334449 51.744408
v 31.942037 149.334449 51.744408
v 29.072373 148.598065 35.703211
v 16.156837 159.937908 35.703211
v 26.662345 159.937908 55.609022
v 26.662345 159.937908 55.609022
v 16.156837 159.937908 35.703211
v 28.952366 171.385358 35.703211
v 37.264169 170.055402 47.848730
v 53.856931 174.490472 35.703211
v 37.264169 170.055402 47.848730
v 28.952366 171.385358 35.703211
v 53.856931 145.385344 35.703211
v 34.921392 148.689334 21.842834
v 29.072373 148.598065 35.703211
v 29.072373 148.598065 35.703211
v 34.921392 148.689334 21.842834
v 22.920294 159.937908 13.058306
v 16.156837 159.937908 35.703211
v 16.156837 159.937908 35.703211
v 22.920294 159.937908 13.058306
v 35.209173 168.650677 22.053482
v 28.952366 171.385358 35.703211
v 53.856931 174.490472 35.703211
v 28.952366 171.385358 35.703211
v 35.209173 168.650677 22.053482
v 53.856931 145.385344 35.703211
v 53.856931 148.265514 12.746590
v 34.921392 148.689334 21.842834
v 34.921392 148.689334 21.842834
v 53.856931 148.265514 12.746590
v 53.856931 159.937908 11.348967
v 22.920294 159.937908 13.058306
v 22.920294 159.937908 13.058306
v 53.856931 159.937908 11.348967
v 53.856931 171.248008 14.443099
v 35.209173 168.650677 22.053482
v 53.856931 174.490472 35.703211
v 35.209173 168.650677 22.053482
v 53.856931 171.248008 14.443099
v 53.856931 145.385344 35.703211
v 73.736079 150.017544 21.152133
v 53.856931 148.265514 12.746590
v 53.856931 148.265514 12.746590
v 73.736079 150.017544 21.152133
v 82.894861 159.937908 14.448116
v 53.856931 159.937908 11.348967
v 53.856931 159.937908 11.348967
v 82.894861 159.937908 14.448116
v 74.606423 171.596676 20.515062
v 53.856931 171.248008 14.443099
v 53.856931 174.490472 35.703211
v 53.856931 171.248008 14.443099
v 74.606423 171.596676 20.515062
v 53.856931 145.385344 35.703211
v 84.148214 150.509497 35.703211
v 73.736079 150.017544 21.152133
v 73.736079 150.017544 21.152133
v 84.148214 150.509497 35.703211
v 94.866169 159.937908 35.703211
v 82.894861 159.937908 14.448116
v 82.894861 159.937908 14.448116
v 94.866169 159.937908 35.703211
v 81.785304 170.607869 35.703211
v 74.606423 171.596676 20.515062
v 53.856931 174.490472 35.703211
v 74.606423 171.596676 20.515062
v 81.785304 170.607869 35.703211
v 33.235325 170.324251 70.906386
v 50.722560 174.232652 87.170315
v 61.297977 173.018618 70.906386
v 61.297977 173.018618 70.906386
v 50.722560 174.232652 87.170315
v 57.107579 183.456733 93.108674
v 69.070022 183.456733 70.906386
v 69.070022 183.456733 70.906386
v 57.107579 183.456733 93.108674
v 52.084266 193.814061 88.436764
v 59.371658 193.019350 70.906386
v 33.235325 196.589215 70.906386
v 59.371658 193.019350 70.906386
v 52.084266 193.814061 88.436764
v 33.235325 170.324251 70.906386
v 33.235325 174.407254 91.970622
v 50.722560 174.232652 87.170315
v 50.722560 174.232652 87.170315
v 33.235325 174.407254 91.970622
v 33.235325 183.456733 105.971815
v 57.107579 183.456733 93.108674
v 57.107579 183.456733 93.108674
v 33.235325 183.456733 105.971815
v 33.235325 192.381414 92.654634
v 52.084266 193.814061 88.436764
v 33.235325 196.589215 70.906386
v 52.084266 193.814061 88.436764
v 33.235325 192.381414 92.654634
v 33.235325 170.324251 70.906386
v 16.374421 173.753512 86.587799
v 33.235325 174.407254 91.970622
v 33.235325 174.407254 91.970622
v 16.374421 173.753512 86.587799
v 9.776807 183.456733 92.723882
v 33.235325 183.456733 105.971815
v 33.235325 183.456733 105.971815
v 9.776807 183.456733 92.723882
v 18.586656 193.958145 84.530319
v 33.235325 192.381414 92.654634
v 33.235325 196.589215 70.906386
v 33.235325 192.381414 92.654634
v 18.586656 193.958145 84.530319
v 33.235325 170.324251 70.906386
v 8.815948 174.305476 70.906386
v 16.374421 173.753512 86.587799
v 16.374421 173.753512 86.587799
v 8.815948 174.305476 70.906386
v -5.491730 183.456733 70.906386
v 9.776807 183.456733 92.723882
v 9.776807 183.456733 92.723882
v -5.491730 183.456733 70.906386
v 9.124227 192.837092 70.906386
v 18.586656 193.958145 84.530319
v 33.235325 196.589215 70.906386
v 18.586656 193.958145 84.530319
v 9.124227 192.837092 70.906386
v 33.235325 170.324251 70.906386
v 17.148956 174.497904 55.945326
v 8.815948 174.305476 70.906386
v 8.815948 174.305476 70.906386
v 17.148956 174.497904 55.945326
v 10.962438 183.456733 50.191582
v -5.491730 183.456733 70.906386
v -5.491730 183.456733 70.906386
v 10.962438 183.456733 50.191582
v 17.900906 192.726514 56.644674
v 9.124227 192.837092 70.906386
v 33.235325 196.589215 70.906386
v 9.124227 192.837092 70.906386
v 17.900906 192.726514 56.644674
v 33.235325 170.324251 70.906386
v 33.235325 174.756929 50.132136
v 17.148956 174.497904 55.945326
v 17.148956 174.497904 55.945326
v 33.235325 174.756929 50.132136
v 33.235325 183.456733 34.859583
v 10.962438 183.456733 50.191582
v 10.962438 183.456733 50.191582
v 33.235325 183.456733 34.859583
v 33.235325 191.648530 46.413233
v 17.900906 192.726514 56.644674
v 33.235325 196.589215 70.906386
v 17.900906 192.726514 56.644674
v 33.235325 191.648530 46.413233
v 33.235325 170.324251 70.906386
v 52.947873 173.301407 52.572815
v 33.235325 174.756929 50.132136
v 33.235325 174.756929 50.132136
v 52.947873 173.301407 52.572815
v 60.186739 183.456733 45.840338
v 33.235325 183.456733 34.859583
v 33.235325 183.456733 34.859583
v 60.186739 183.456733 45.840338
v 52.538989 192.083645 52.953095
v 33.235325 191.648530 46.413233
v 33.235325 196.589215 70.906386
v 33.235325 191.648530 46.413233
v 52.538989 192.083645 52.953095
v 33.235325 170.324251 70.906386
v 61.297977 173.018618 70.906386
v 52.947873 173.301407 52.572815
v 52.947873 173.301407 52.572815
v 61.297977 173.018618 70.906386
v 69.070022 183.456733 70.906386
v 60.186739 183.456733 45.840338
v 60.186739 183.456733 45.840338
v 69.070022 183.456733 70.906386
v 59.371658 193.019350 70.906386
v 52.538989 192.083645 52.953095
v 33.235325 196.589215 70.906386
v 52.538989 192.083645 52.953095
v 59.371658 193.019350 70.906386
v -2.610066 150.488155 71.659178
v 15.275272 154.038681 89.325368
v 20.496856 153.597679 71.659178
v 20.496856 153.597679 71.659178
v 15.275272 154.038681 89.325368
v 22.120506 165.255895 96.086728
v 30.794286 165.255895 71.659178
v 30.794286 165.255895 71.659178
v 22.120506 165.255895 96.086728
v 15.582142 174.918393 89.628478
v 20.737703 174.224004 71.659178
v -2.610066 180.023634 71.659178
v 20.737703 174.224004 71.659178
v 15.582142 174.918393 89.628478
v -2.610066 150.488155 71.659178
v -2.610066 156.191363 97.074841
v 15.275272 154.038681 89.325368
v 15.275272 154.038681 89.325368
v -2.610066 156.191363 97.074841
v -2.610066 165.255895 105.857165
v 22.120506 165.255895 96.086728
v 22.120506 165.255895 96.086728
v -2.610066 165.255895 105.857165
v -2.610066 175.879072 97.153231
v 15.582142 174.918393 89.628478
v -2.610066 180.023634 71.659178
v 15.582142 174.918393 89.628478
v -2.610066 175.879072 97.153231
v -2.610066 150.488155 71.659178
v -22.495543 153.886009 91.300998
v -2.610066 156.191363 97.074841
v -2.610066 156.191363 97.074841
v -22.495543 153.886009 91.300998
v -30.682649 165.255895 99.387789
v -2.610066 165.255895 105.857165
v -2.610066 165.255895 105.857165
v -30.682649 165.255895 99.387789
v -23.601300 176.797534 92.393207
v -2.610066 175.879072 97.153231
v -2.610066 180.023634 71.659178
v -2.610066 175.879072 97.153231
v -23.601300 176.797534 92.393207
v -2.610066 150.488155 71.659178
v -29.459062 155.203574 71.659178
v -22.495543 153.886009 91.300998
v -22.495543 153.886009 91.300998
v -29.459062 155.203574 71.659178
v -47.169941 165.255895 71.659178
v -30.682649 165.255895 99.387789
v -30.682649 165.255895 99.387789
v -47.169941 165.255895 71.659178
v -27.910740 176.319078 71.659178
v -23.601300 176.797534 92.393207
v -2.610066 180.023634 71.659178
v -23.601300 176.797534 92.393207
v -27.910740 176.319078 71.659178
v -2.610066 150.488155 71.659178
v -23.362611 154.239729 51.160913
v -29.459062 155.203574 71.659178
v -29.459062 155.203574 71.659178
v -23.362611 154.239729 51.160913
v -34.338944 165.255895 40.319072
v -47.169941 165.255895 71.659178
v -47.169941 165.255895 71.659178
v -34.338944 165.255895 40.319072
v -19.621760 174.163562 54.855927
v -27.910740 176.319078 71.659178
v -2.610066 180.023634 71.659178
v -27.910740 176.319078 71.659178
v -19.621760 174.163562 54.855927
v -2.610066 150.488155 71.659178
v -2.610066 153.803075 47.155015
v -23.362611 154.239729 51.160913
v -23.362611 154.239729 51.160913
v -2.610066 153.803075 47.155015
v -2.610066 165.255895 28.178879
v -34.338944 165.255895 40.319072
v -34.338944 165.255895 40.319072
v -2.610066 165.255895 28.178879
v -2.610066 175.741495 46.994202
v -19.621760 174.163562 54.855927
v -2.610066 180.023634 71.659178
v -19.621760 174.163562 54.855927
v -2.610066 175.741495 46.994202
v -2.610066 150.488155 71.659178
v 19.553923 153.370252 49.766762
v -2.610066 153.803075 47.155015
v -2.610066 153.803075 47.155015
v 19.553923 153.370252 49.766762
v 25.369495 165.255895 44.022448
v -2.610066 165.255895 28.178879
v -2.610066 165.255895 28.178879
v 25.369495 165.255895 44.022448
v 18.227730 174.207243 51.076705
v -2.610066 175.741495 46.994202
v -2.610066 180.023634 71.659178
v -2.610066 175.741495 46.994202
v 18.227730 174.207243 51.076705
v -2.610066 150.488155 71.659178
v 20.496856 153.597679 71.659178
v 19.553923 153.370252 49.766762
v 19.553923 153.370252 49.766762
v 20.496856 153.597679 71.659178
v 30.794286 165.255895 71.659178
v 25.369495 165.255895 44.022448
v 25.369495 165.255895 44.022448
v 30.794286 165.255895 71.659178
v 20.737703 174.224004 71.659178
v 18.227730 174.207243 51.076705
v -2.610066 180.023634 71.659178
v 18.227730 174.207243 51.076705
v 20.737703 174.224004 71.659178
v -15.161743 169.369628 49.676558
v 2.591424 174.099982 63.445526
v 9.335634 171.917430 49.676558
v 9.335634 171.917430 49.676558
v 2.591424 174.099982 63.445526
v 10.191999 182.731894 69.340366
v 21.310167 182.731894 49.676558
v 21.310167 182.731894 49.676558
v 10.191999 182.731894 69.340366
v 1.795740 191.177220 62.828410
v 10.335579 191.352685 49.676558
v -15.161743 196.094160 49.676558
v 10.335579 191.352685 49.676558
v 1.795740 191.177220 62.828410
v -15.161743 169.369628 49.676558
v -15.161743 173.390046 68.766218
v 2.591424 174.099982 63.445526
v 2.591424 174.099982 63.445526
v -15.161743 173.390046 68.766218
v -15.161743 182.731894 77.733689
v 10.191999 182.731894 69.340366
v 10.191999 182.731894 69.340366
v -15.161743 182.731894 77.733689
v -15.161743 192.314936 65.923752
v 1.795740 191.177220 62.828410
v -15.161743 196.094160 49.676558
v 1.795740 191.177220 62.828410
v -15.161743 192.314936 65.923752
v -15.161743 169.369628 49.676558
v -33.860560 171.858046 64.178951
v -15.161743 173.390046 68.766218
v -15.161743 173.390046 68.766218
v -33.860560 171.858046 64.178951
v -41.480451 182.731894 70.088773
v -15.161743 182.731894 77.733689
v -15.161743 182.731894 77.733689
v -41.480451 182.731894 70.088773
v -34.214474 191.123187 64.453439
v -15.161743 192.314936 65.923752
v -15.161743 196.094160 49.676558
v -15.161743 192.314936 65.923752
v -34.214474 191.123187 64.453439
v -15.161743 169.369628 49.676558
v -38.733334 173.663075 49.676558
v -33.860560 171.858046 64.178951
v -33.860560 171.858046 64.178951
v -38.733334 173.663075 49.676558
v -53.987147 182.731894 49.676558
v -41.480451 182.731894 70.088773
v -41.480451 182.731894 70.088773
v -53.987147 182.731894 49.676558
v -43.374516 192.413830 49.676558
v -34.214474 191.123187 64.453439
v -15.161743 196.094160 49.676558
v -34.214474 191.123187 64.453439
v -43.374516 192.413830 49.676558
v -15.161743 169.369628 49.676558
v -33.902070 173.660626 35.141970
v -38.733334 173.663075 49.676558
v -38.733334 173.663075 49.676558
v -33.902070 173.660626 35.141970
v -40.188904 182.731894 30.266039
v -53.987147 182.731894 49.676558
v -53.987147 182.731894 49.676558
v -40.188904 182.731894 30.266039
v -33.918405 193.296353 35.129301
v -43.374516 192.413830 49.676558
v -15.161743 196.094160 49.676558
v -43.374516 192.413830 49.676558
v -33.918405 193.296353 35.129301
v -15.161743 169.369628 49.676558
v -15.161743 172.862250 33.005069
v -33.902070 173.660626 35.141970
v -33.902070 173.660626 35.141970
v -15.161743 172.862250 33.005069
v -15.161743 182.731894 25.730894
v -40.188904 182.731894 30.266039
v -40.188904 182.731894 30.266039
v -15.161743 182.731894 25.730894
v -15.161743 192.803935 27.596845
v -33.918405 193.296353 35.129301
v -15.161743 196.094160 49.676558
v -33.918405 193.296353 35.129301
v -15.161743 192.803935 27.596845
v -15.161743 169.369628 49.676558
v 4.863579 173.376896 34.145357
v -15.161743 172.862250 33.005069
v -15.161743 172.862250 33.005069
v 4.863579 173.376896 34.145357
v 12.939542 182.731894 27.881817
v -15.161743 182.731894 25.730894
v -15.161743 182.731894 25.730894
v 12.939542 182.731894 27.881817
v 0.654309 190.690521 37.409974
v -15.161743 192.803935 27.596845
v -15.161743 196.094160 49.676558
v -15.161743 192.803935 27.596845
v 0.654309 190.690521 37.409974
v -15.161743 169.369628 49.676558
v 9.335634 171.917430 49.676558
v 4.863579 173.376896 34.145357
v 4.863579 173.376896 34.145357
v 9.335634 171.917430 49.676558
v 21.310167 182.731894 49.676558
v 12.939542 182.731894 27.881817
v 12.939542 182.731894 27.881817
v 21.310167 182.731894 49.676558
v 10.335579 191.352685 49.676558
v 0.654309 190.690521 37.409974
v -15.161743 196.094160 49.676558
v 0.654309 190.690521 37.409974
v 10.335579 191.352685 49.676558
v -50.597289 144.941048 45.192663
v -27.989712 149.106732 67.193695
v -22.680157 148.506645 45.192663
v -22.680157 148.506645 45.192663
v -27.989712 149.106732 67.193695
v -20.109168 159.910077 74.862811
v -5.174060 159.910077 45.192663
v -5.174060 159.910077 45.192663
v -20.109168 159.910077 74.862811
v -33.994335 171.680012 61.350172
v -20.783499 171.406437 45.192663
v -50.597289 174.879106 45.192663
v -20.783499 171.406437 45.192663
v -33.994335 171.680012 61.350172
v -50.597289 144.941048 45.192663
v -50.597289 149.741487 69.645143
v -27.989712 149.106732 67.193695
v -27.989712 149.106732 67.193695
v -50.597289 149.741487 69.645143
v -50.597289 159.910077 82.739333
v -20.109168 159.910077 74.862811
v -20.109168 159.910077 74.862811
v -50.597289 159.910077 82.739333
v -50.597289 171.287919 73.477493
v -33.994335 171.680012 61.350172
v -50.597289 174.879106 45.192663
v -33.994335 171.680012 61.350172
v -50.597289 171.287919 73.477493
v -50.597289 144.941048 45.192663
v -71.833040 148.139582 65.858676
v -50.597289 149.741487 69.645143
v -50.597289 149.741487 69.645143
v -71.833040 148.139582 65.858676
v -76.845168 159.910077 70.736332
v -50.597289 159.910077 82.739333
v -50.597289 159.910077 82.739333
v -76.845168 159.910077 70.736332
v -73.067603 170.701021 67.060116
v -50.597289 171.287919 73.477493
v -50.597289 174.879106 45.192663
v -50.597289 171.287919 73.477493
v -73.067603 170.701021 67.060116
v -50.597289 144.941048 45.192663
v -77.589054 148.573319 45.192663
v -71.833040 148.139582 65.858676
v -71.833040 148.139582 65.858676
v -77.589054 148.573319 45.192663
v -89.734810 159.910077 45.192663
v -76.845168 159.910077 70.736332
v -76.845168 159.910077 70.736332
v -89.734810 159.910077 45.192663
v -79.700577 171.540882 45.192663
v -73.067603 170.701021 67.060116
v -50.597289 174.879106 45.192663
v -73.067603 170.701021 67.060116
v -79.700577 171.540882 45.192663
v -50.597289 144.941048 45.192663
v -67.551488 148.533757 28.693331
v -77.589054 148.573319 45.192663
v -77.589054 148.573319 45.192663
v -67.551488 148.533757 28.693331
v -74.567611 159.910077 21.865445
v -89.734810 159.910077 45.192663
v -89.734810 159.910077 45.192663
v -74.567611 159.910077 21.865445
v -72.196391 172.073757 24.173047
v -79.700577 171.540882 45.192663
v -50.597289 174.879106 45.192663
v -79.700577 171.540882 45.192663
v -72.196391 172.073757 24.173047
v -50.597289 144.941048 45.192663
v -50.597289 148.871524 14.382669
v -67.551488 148.533757 28.693331
v -67.551488 148.533757 28.693331
v -50.597289 148.871524 14.382669
v -50.597289 159.910077 3.788846
v -74.567611 159.910077 21.865445
v -74.567611 159.910077 21.865445
v -50.597289 159.910077 3.788846
v -50.597289 168.822925 21.881548
v -72.196391 172.073757 24.173047
v -50.597289 174.879106 45.192663
v -72.196391 172.073757 24.173047
v -50.597289 168.822925 21.881548
v -50.597289 144.941048 45.192663
v -31.798499 149.416828 26.898229
v -50.597289 148.871524 14.382669
v -50.597289 148.871524 14.382669
v -31.798499 149.416828 26.898229
v -27.171902 159.910077 22.395760
v -50.597289 159.910077 3.788846
v -50.597289 159.910077 3.788846
v -27.171902 159.910077 22.395760
v -32.866957 170.845507 27.938022
v -50.597289 168.822925 21.881548
v -50.597289 174.879106 45.192663
v -50.597289 168.822925 21.881548
v -32.866957 170.845507 27.938022
v -50.597289 144.941048 45.192663
v -22.680157 148.506645 45.192663
v -31.798499 149.416828 26.898229
v -31.798499 149.416828 26.898229
v -22.680157 148.506645 45.192663
v -5.174060 159.910077 45.192663
v -27.171902 159.910077 22.395760
v -27.171902 159.910077 22.395760
v -5.174060 159.910077 45.192663
v -20.783499 171.406437 45.192663
v -32.866957 170.845507 27.938022
v -50.597289 174.879106 45.192663
v -32.866957 170.845507 27.938022
v -20.783499 171.406437 45.192663
v -48.608700 148.151762 -6.815935
v -33.820829 152.476879 6.448310
v -23.835145 152.736925 -6.815935
v -23.835145 152.736925 -6.815935
v -33.820829 152.476879 6.448310
v -27.984389 160.674226 11.683409
v -14.539352 160.674226 -6.815935
v -14.539352 160.674226 -6.815935
v -27.984389 160.674226 11.683409
v -32.188735 170.361230 7.912246
v -24.413528 169.056932 -6.815935
v -48.608700 173.196690 -6.815935
v -24.413528 169.056932 -6.815935
v -32.188735 170.361230 7.912246
v -48.608700 148.151762 -6.815935
v -48.608700 151.953217 13.299963
v -33.820829 152.476879 6.448310
v -33.820829 152.476879 6.448310
v -48.608700 151.953217 13.299963
v -48.608700 160.674226 20.304977
v -27.984389 160.674226 11.683409
v -27.984389 160.674226 11.683409
v -48.608700 160.674226 20.304977
v -48.608700 169.042592 11.977450
v -32.188735 170.361230 7.912246
v -48.608700 173.196690 -6.815935
v -32.188735 170.361230 7.912246
v -48.608700 169.042592 11.977450
v -48.608700 148.151762 -6.815935
v -67.479472 150.875357 10.110540
v -48.608700 151.953217 13.299963
v -48.608700 151.953217 13.299963
v -67.479472 150.875357 10.110540
v -71.721557 160.674226 13.915554
v -48.608700 160.674226 20.304977
v -48.608700 160.674226 20.304977
v -71.721557 160.674226 13.915554
v -66.896687 169.766496 9.587801
v -48.608700 169.042592 11.977450
v -48.608700 173.196690 -6.815935
v -48.608700 169.042592 11.977450
v -66.896687 169.766496 9.587801
v -48.608700 148.151762 -6.815935
v -71.094492 152.996456 -6.815935
v -67.479472 150.875357 10.110540
v -67.479472 150.875357 10.110540
v -71.094492 152.996456 -6.815935
v -83.318357 160.674226 -6.815935
v -71.721557 160.674226 13.915554
v -71.721557 160.674226 13.915554
v -83.318357 160.674226 -6.815935
v -75.284592 169.493287 -6.815935
v -66.896687 169.766496 9.587801
v -48.608700 173.196690 -6.815935
v -66.896687 169.766496 9.587801
v -75.284592 169.493287 -6.815935
v -48.608700 148.151762 -6.815935
v -67.422846 150.879228 -23.691619
v -71.094492 152.996456 -6.815935
v -71.094492 152.996456 -6.815935
v -67.422846 150.879228 -23.691619
v -72.158006 160.674226 -27.938905
v -83.318357 160.674226 -6.815935
v -83.318357 160.674226 -6.815935
v -72.158006 160.674226 -27.938905
v -67.231744 170.399832 -23.520207
v -75.284592 169.493287 -6.815935
v -48.608700 173.196690 -6.815935
v -75.284592 169.493287 -6.815935
v -67.231744 170.399832 -23.520207
v -48.608700 148.151762 -6.815935
v -48.608700 152.975948 -24.763810
v -67.422846 150.879228 -23.691619
v -67.422846 150.879228 -23.691619
v -48.608700 152.975948 -24.763810
v -48.608700 160.674226 -34.356240
v -72.158006 160.674226 -27.938905
v -72.158006 160.674226 -27.938905
v -48.608700 160.674226 -34.356240
v -48.608700 168.577298 -29.373502
v -67.231744 170.399832 -23.520207
v -48.608700 173.196690 -6.815935
v -67.231744 170.399832 -23.520207
v -48.608700 168.577298 -29.373502
v -48.608700 148.151762 -6.815935
v -31.778308 151.222840 -21.912256
v -48.608700 152.975948 -24.763810
v -48.608700 152.975948 -24.763810
v -31.778308 151.222840 -21.912256
v -27.753802 160.674226 -25.522109
v -48.608700 160.674226 -34.356240
v -48.608700 160.674226 -34.356240
v -27.753802 160.674226 -25.522109
v -31.252629 170.236594 -22.383774
v -48.608700 168.577298 -29.373502
v -48.608700 173.196690 -6.815935
v -48.608700 168.577298 -29.373502
v -31.252629 170.236594 -22.383774
v -48.608700 148.151762 -6.815935
v -23.835145 152.736925 -6.815935
v -31.778308 151.222840 -21.912256
v -31.778308 151.222840 -21.912256
v -23.835145 152.736925 -6.815935
v -14.539352 160.674226 -6.815935
v -27.753802 160.674226 -25.522109
v -27.753802 160.674226 -25.522109
v -14.539352 160.674226 -6.815935
v -24.413528 169.056932 -6.815935
v -31.252629 170.236594 -22.383774
v -48.608700 173.196690 -6.815935
v -31.252629 170.236594 -22.383774
v -24.413528 169.056932 -6.815935
v -61.717982 160.357151 -50.327639
v -41.630467 163.763776 -32.569573
v -33.860585 164.869754 -50.327639
v -33.860585 164.869754 -50.327639
v -41.630467 163.763776 -32.569573
v -31.519309 175.111045 -23.630955
v -23.386409 175.111045 -50.327639
v -23.386409 175.111045 -50.327639
v -31.519309 175.111045 -23.630955
v -41.090224 185.420838 -32.091979
v -30.066808 184.117983 -50.327639
v -61.717982 189.864939 -50.327639
v -30.066808 184.117983 -50.327639
v -41.090224 185.420838 -32.091979
v -61.717982 160.357151 -50.327639
v -61.717982 164.169803 -26.060808
v -41.630467 163.763776 -32.569573
v -41.630467 163.763776 -32.569573
v -61.717982 164.169803 -26.060808
v -61.717982 175.111045 -15.061050
v -31.519309 175.111045 -23.630955
v -31.519309 175.111045 -23.630955
v -61.717982 175.111045 -15.061050
v -61.717982 185.159806 -27.569508
v -41.090224 185.420838 -32.091979
v -61.717982 189.864939 -50.327639
v -41.090224 185.420838 -32.091979
v -61.717982 185.159806 -27.569508
v -61.717982 160.357151 -50.327639
v -78.273936 164.154067 -35.691597
v -61.717982 164.169803 -26.060808
v -61.717982 164.169803 -26.060808
v -78.273936 164.154067 -35.691597
v -92.715245 175.111045 -22.924974
v -61.717982 175.111045 -15.061050
v -61.717982 175.111045 -15.061050
v -92.715245 175.111045 -22.924974
v -82.332482 185.568841 -32.103700
v -61.717982 185.159806 -27.569508
v -61.717982 189.864939 -50.327639
v -61.717982 185.159806 -27.569508
v -82.332482 185.568841 -32.103700
v -61.717982 160.357151 -50.327639
v -91.725913 166.220898 -50.327639
v -78.273936 164.154067 -35.691597
v -78.273936 164.154067 -35.691597
v -91.725913 166.220898 -50.327639
v -97.538507 175.111045 -50.327639
v -92.715245 175.111045 -22.924974
v -92.715245 175.111045 -22.924974
v -97.538507 175.111045 -50.327639
v -93.197393 185.518762 -50.327639
v -82.332482 185.568841 -32.103700
v -61.717982 189.864939 -50.327639
v -82.332482 185.568841 -32.103700
v -93.197393 185.518762 -50.327639
v -61.717982 160.357151 -50.327639
v -79.123414 164.095983 -65.714650
v -91.725913 166.220898 -50.327639
v -91.725913 166.220898 -50.327639
v -79.123414 164.095983 -65.714650
v -91.351517 175.111045 -76.524720
v -97.538507 175.111045 -50.327639
v -97.538507 175.111045 -50.327639
v -91.351517 175.111045 -76.524720
v -82.242810 184.948613 -68.472305
v -93.197393 185.518762 -50.327639
v -61.717982 189.864939 -50.327639
v -93.197393 185.518762 -50.327639
v -82.242810 184.948613 -68.472305
v -61.717982 160.357151 -50.327639
v -61.717982 164.086895 -77.002471
v -79.123414 164.095983 -65.714650
v -79.123414 164.095983 -65.714650
v -61.717982 164.086895 -77.002471
v -61.717982 175.111045 -81.745449
v -91.351517 175.111045 -76.524720
v -91.351517 175.111045 -76.524720
v -61.717982 175.111045 -81.745449
v -61.717982 186.412955 -72.727519
v -82.242810 184.948613 -68.472305
v -61.717982 189.864939 -50.327639
v -82.242810 184.948613 -68.472305
v -61.717982 186.412955 -72.727519
v -61.717982 160.357151 -50.327639
v -40.684843 165.153021 -68.921670
v -61.717982 164.086895 -77.002471
v -61.717982 164.086895 -77.002471
v -40.684843 165.153021 -68.921670
v -37.442938 175.111045 -71.787627
v -61.717982 175.111045 -81.745449
v -61.717982 175.111045 -81.745449
v -37.442938 175.111045 -71.787627
v -42.036824 185.028741 -67.726472
v -61.717982 186.412955 -72.727519
v -61.717982 189.864939 -50.327639
v -61.717982 186.412955 -72.727519
v -42.036824 185.028741 -67.726472
v -61.717982 160.357151 -50.327639
v -33.860585 164.869754 -50.327639
v -40.684843 165.153021 -68.921670
v -40.684843 165.153021 -68.921670
v -33.860585 164.869754 -50.327639
v -23.386409 175.111045 -50.327639
v -37.442938 175.111045 -71.787627
v -37.442938 175.111045 -71.787627
v -23.386409 175.111045 -50.327639
v -30.066808 184.117983 -50.327639
v -42.036824 185.028741 -67.726472
v -61.717982 189.864939 -50.327639
v -42.036824 185.028741 -67.726472
v -30.066808 184.117983 -50.327639
v -20.346431 155.973560 -63.036354
v 4.642804 160.378150 -43.802578
v 10.631609 159.545324 -63.036354
v 10.631609 159.545324 -63.036354
v 4.642804 160.378150 -43.802578
v 11.864192 173.026042 -38.244402
v 26.394306 173.026042 -63.036354
v 26.394306 173.026042 -63.036354
v 11.864192 173.026042 -38.244402
v 1.334481 184.673695 -46.348936
v 10.962559 184.659741 -63.036354
v -20.346431 190.078525 -63.036354
v 10.962559 184.659741 -63.036354
v 1.334481 184.673695 -46.348936
v -20.346431 155.973560 -63.036354
v -20.346431 161.295968 -35.387391
v 4.642804 160.378150 -43.802578
v 4.642804 160.378150 -43.802578
v -20.346431 161.295968 -35.387391
v -20.346431 173.026042 -32.109767
v 11.864192 173.026042 -38.244402
v 11.864192 173.026042 -38.244402
v -20.346431 173.026042 -32.109767
v -20.346431 186.378350 -35.008792
v 1.334481 184.673695 -46.348936
v -20.346431 190.078525 -63.036354
v 1.334481 184.673695 -46.348936
v -20.346431 186.378350 -35.008792
v -20.346431 155.973560 -63.036354
v -41.217259 162.595213 -46.972443
v -20.346431 161.295968 -35.387391
v -20.346431 161.295968 -35.387391
v -41.217259 162.595213 -46.972443
v -50.853958 173.026042 -39.555245
v -20.346431 173.026042 -32.109767
v -20.346431 173.026042 -32.109767
v -50.853958 173.026042 -39.555245
v -40.989304 186.766948 -47.147896
v -20.346431 186.378350 -35.008792
v -20.346431 190.078525 -63.036354
v -20.346431 186.378350 -35.008792
v -40.989304 186.766948 -47.147896
v -20.346431 155.973560 -63.036354
v -48.297639 162.626216 -63.036354
v -41.217259 162.595213 -46.972443
v -41.217259 162.595213 -46.972443
v -48.297639 162.626216 -63.036354
v -58.394769 173.026042 -63.036354
v -50.853958 173.026042 -39.555245
v -50.853958 173.026042 -39.555245
v -58.394769 173.026042 -63.036354
v -48.523499 184.550673 -63.036354
v -40.989304 186.766948 -47.147896
v -20.346431 190.078525 -63.036354
v -40.989304 186.766948 -47.147896
v -48.523499 184.550673 -63.036354
v -20.346431 155.973560 -63.036354
v -41.757244 160.889536 -79.515882
v -48.297639 162.626216 -63.036354
v -48.297639 162.626216 -63.036354
v -41.757244 160.889536 -79.515882
v -47.674355 173.026042 -84.070179
v -58.394769 173.026042 -63.036354
v -58.394769 173.026042 -63.036354
v -47.674355 173.026042 -84.070179
v -45.865624 183.372767 -82.678031
v -48.523499 184.550673 -63.036354
v -20.346431 190.078525 -63.036354
v -48.523499 184.550673 -63.036354
v -45.865624 183.372767 -82.678031
v -20.346431 155.973560 -63.036354
v -20.346431 161.708092 -87.436748
v -41.757244 160.889536 -79.515882
v -41.757244 160.889536 -79.515882
v -20.346431 161.708092 -87.436748
v -20.346431 173.026042 -96.392448
v -47.674355 173.026042 -84.070179
v -47.674355 173.026042 -84.070179
v -20.346431 173.026042 -96.392448
v -20.346431 186.000823 -89.994687
v -45.865624 183.372767 -82.678031
v -20.346431 190.078525 -63.036354
v -45.865624 183.372767 -82.678031
v -20.346431 186.000823 -89.994687
v -20.346431 155.973560 -63.036354
v 2.894198 159.948643 -80.924259
v -20.346431 161.708092 -87.436748
v -20.346431 161.708092 -87.436748
v 2.894198 159.948643 -80.924259
v 10.541141 173.026042 -86.809977
v -20.346431 173.026042 -96.392448
v -20.346431 173.026042 -96.392448
v 10.541141 173.026042 -86.809977
v 0.766962 185.477353 -79.286963
v -20.346431 186.000823 -89.994687
v -20.346431 190.078525 -63.036354
v -20.346431 186.000823 -89.994687
v 0.766962 185.477353 -79.286963
v -20.346431 155.973560 -63.036354
v 10.631609 159.545324 -63.036354
v 2.894198 159.948643 -80.924259
v 2.894198 159.948643 -80.924259
v 10.631609 159.545324 -63.036354
v 26.394306 173.026042 -63.036354
v 10.541141 173.026042 -86.809977
v 10.541141 173.026042 -86.809977
v 26.394306 173.026042 -63.036354
v 10.962559 184.659741 -63.036354
v 0.766962 185.477353 -79.286963
v -20.346431 190.078525 -63.036354
v 0.766962 185.477353 -79.286963
v 10.962559 184.659741 -63.036354
v 13.458406 182.024006 -52.655944
v 35.539382 188.255139 -33.889768
v 45.463590 187.212080 -52.655944
v 45.463590 187.212080 -52.655944
v 35.539382 188.255139 -33.889768
v 43.346877 200.638369 -27.254335
v 60.655362 200.638369 -52.655944
v 60.655362 200.638369 -52.655944
v 43.346877 200.638369 -27.254335
v 41.167304 212.050248 -29.106709
v 47.081373 213.046038 -52.655944
v 13.458406 219.252731 -52.655944
v 47.081373 213.046038 -52.655944
v 41.167304 212.050248 -29.106709
v 13.458406 182.024006 -52.655944
v 13.458406 186.749770 -21.660212
v 35.539382 188.255139 -33.889768
v 35.539382 188.255139 -33.889768
v 13.458406 186.749770 -21.660212
v 13.458406 200.638369 -11.722746
v 43.346877 200.638369 -27.254335
v 43.346877 200.638369 -27.254335
v 13.458406 200.638369 -11.722746
v 13.458406 213.711772 -20.423223
v 41.167304 212.050248 -29.106709
v 13.458406 219.252731 -52.655944
v 41.167304 212.050248 -29.106709
v 13.458406 213.711772 -20.423223
v 13.458406 182.024006 -52.655944
v -10.680810 188.916441 -32.140510
v 13.458406 186.749770 -21.660212
v 13.458406 186.749770 -21.660212
v -10.680810 188.916441 -32.140510
v -20.965346 200.638369 -23.399891
v 13.458406 200.638369 -11.722746
v 13.458406 200.638369 -11.722746
v -20.965346 200.638369 -23.399891
v -9.599258 212.871321 -33.059700
v 13.458406 213.711772 -20.423223
v 13.458406 219.252731 -52.655944
v 13.458406 213.711772 -20.423223
v -9.599258 212.871321 -33.059700
v 13.458406 182.024006 -52.655944
v -24.655739 186.049156 -52.655944
v -10.680810 188.916441 -32.140510
v -10.680810 188.916441 -32.140510
v -24.655739 186.049156 -52.655944
v -29.341296 200.638369 -52.655944
v -20.965346 200.638369 -23.399891
v -20.965346 200.638369 -23.399891
v -29.341296 200.638369 -52.655944
v -26.196976 212.776115 -52.655944
v -9.599258 212.871321 -33.059700
v 13.458406 219.252731 -52.655944
v -9.599258 212.871321 -33.059700
v -26.196976 212.776115 -52.655944
v 13.458406 182.024006 -52.655944
v -10.867229 186.808080 -73.329811
v -24.655739 186.049156 -52.655944
v -24.655739 186.049156 -52.655944
v -10.867229 186.808080 -73.329811
v -20.816537 200.638369 -81.785527
v -29.341296 200.638369 -52.655944
v -29.341296 200.638369 -52.655944
v -20.816537 200.638369 -81.785527
v -9.528940 212.968835 -72.192426
v -26.196976 212.776115 -52.655944
v 13.458406 219.252731 -52.655944
v -26.196976 212.776115 -52.655944
v -9.528940 212.968835 -72.192426
v 13.458406 182.024006 -52.655944
v 13.458406 187.659274 -84.445202
v -10.867229 186.808080 -73.329811
v -10.867229 186.808080 -73.329811
v 13.458406 187.659274 -84.445202
v 13.458406 200.638369 -99.588293
v -20.816537 200.638369 -81.785527
v -20.816537 200.638369 -81.785527
v 13.458406 200.638369 -99.588293
v 13.458406 212.540761 -78.513563
v -9.528940 212.968835 -72.192426
v 13.458406 219.252731 -52.655944
v -9.528940 212.968835 -72.192426
v 13.458406 212.540761 -78.513563
v 13.458406 182.024006 -52.655944
v 39.415524 188.913952 -74.716374
v 13.458406 187.659274 -84.445202
v 13.458406 187.659274 -84.445202
v 39.415524 188.913952 -74.716374
v 44.363705 200.638369 -78.921734
v 13.458406 200.638369 -99.588293
v 13.458406 200.638369 -99.588293
v 44.363705 200.638369 -78.921734
v 37.819787 215.807098 -73.360190
v 13.458406 212.540761 -78.513563
v 13.458406 219.252731 -52.655944
v 13.458406 212.540761 -78.513563
v 37.819787 215.807098 -73.360190
v 13.458406 182.024006 -52.655944
v 45.463590 187.212080 -52.655944
v 39.415524 188.913952 -74.716374
v 39.415524 188.913952 -74.716374
v 45.463590 187.212080 -52.655944
v 60.655362 200.638369 -52.655944
v 44.363705 200.638369 -78.921734
v 44.363705 200.638369 -78.921734
v 60.655362 200.638369 -52.655944
v 47.081373 213.046038 -52.655944
v 37.819787 215.807098 -73.360190
v 13.458406 219.252731 -52.655944
v 37.819787 215.807098 -73.360190
v 47.081373 213.046038 -52.655944
v 45.457265 167.275131 -78.094167
v 70.833219 173.445046 -56.491511
v 76.235356 172.192458 -78.094167
v 76.235356 172.192458 -78.094167
v 70.833219 173.445046 -56.491511
v 80.420261 184.183354 -48.330022
v 89.058773 184.183354 -78.094167
v 89.058773 184.183354 -78.094167
v 80.420261 184.183354 -48.330022
v 68.389783 195.422827 -58.571618
v 81.682533 196.918347 -78.094167
v 45.457265 201.091576 -78.094167
v 81.682533 196.918347 -78.094167
v 68.389783 195.422827 -58.571618
v 45.457265 167.275131 -78.094167
v 45.457265 173.801092 -52.743767
v 70.833219 173.445046 -56.491511
v 70.833219 173.445046 -56.491511
v 45.457265 173.801092 -52.743767
v 45.457265 184.183354 -38.742388
v 80.420261 184.183354 -48.330022
v 80.420261 184.183354 -48.330022
v 45.457265 184.183354 -38.742388
v 45.457265 197.349961 -51.794508
v 68.389783 195.422827 -58.571618
v 45.457265 201.091576 -78.094167
v 68.389783 195.422827 -58.571618
v 45.457265 197.349961 -51.794508
v 45.457265 167.275131 -78.094167
v 21.323829 171.228286 -57.549272
v 45.457265 173.801092 -52.743767
v 45.457265 173.801092 -52.743767
v 21.323829 171.228286 -57.549272
v 9.289283 184.183354 -47.304213
v 45.457265 184.183354 -38.742388
v 45.457265 184.183354 -38.742388
v 9.289283 184.183354 -47.304213
v 22.288089 196.470889 -58.370151
v 45.457265 197.349961 -51.794508
v 45.457265 201.091576 -78.094167
v 45.457265 197.349961 -51.794508
v 22.288089 196.470889 -58.370151
v 45.457265 167.275131 -78.094167
v 18.774647 172.499868 -78.094167
v 21.323829 171.228286 -57.549272
v 21.323829 171.228286 -57.549272
v 18.774647 172.499868 -78.094167
v -4.139783 184.183354 -78.094167
v 9.289283 184.183354 -47.304213
v 9.289283 184.183354 -47.304213
v -4.139783 184.183354 -78.094167
v 13.912005 196.648099 -78.094167
v 22.288089 196.470889 -58.370151
v 45.457265 201.091576 -78.094167
v 22.288089 196.470889 -58.370151
v 13.912005 196.648099 -78.094167
v 45.457265 167.275131 -78.094167
v 25.817592 171.894303 -94.813503
v 18.774647 172.499868 -78.094167
v 18.774647 172.499868 -78.094167
v 25.817592 171.894303 -94.813503
v 18.417721 184.183354 -101.113044
v -4.139783 184.183354 -78.094167
v -4.139783 184.183354 -78.094167
v 18.417721 184.183354 -101.113044
v 24.315236 194.320474 -96.092465
v 13.912005 196.648099 -78.094167
v 45.457265 201.091576 -78.094167
v 13.912005 196.648099 -78.094167
v 24.315236 194.320474 -96.092465
v 45.457265 167.275131 -78.094167
v 45.457265 170.423918 -107.862786
v 25.817592 171.894303 -94.813503
v 25.817592 171.894303 -94.813503
v 45.457265 170.423918 -107.862786
v 45.457265 184.183354 -118.643431
v 18.417721 184.183354 -101.113044
v 18.417721 184.183354 -101.113044
v 45.457265 184.183354 -118.643431
v 45.457265 195.363540 -108.610602
v 24.315236 194.320474 -96.092465
v 45.457265 201.091576 -78.094167
v 24.315236 194.320474 -96.092465
v 45.457265 195.363540 -108.610602
v 45.457265 167.275131 -78.094167
v 66.897053 173.336879 -96.345949
v 45.457265 170.423918 -107.862786
v 45.457265 170.423918 -107.862786
v 66.897053 173.336879 -96.345949
v 73.910668 184.183354 -102.316668
v 45.457265 184.183354 -118.643431
v 45.457265 184.183354 -118.643431
v 73.910668 184.183354 -102.316668
v 66.657512 194.423085 -96.142026
v 45.457265 195.363540 -108.610602
v 45.457265 201.091576 -78.094167
v 45.457265 195.363540 -108.610602
v 66.657512 194.423085 -96.142026
v 45.457265 167.275131 -78.094167
v 76.235356 172.192458 -78.094167
v 66.897053 173.336879 -96.345949
v 66.897053 173.336879 -96.345949
v 76.235356 172.192458 -78.094167
v 89.058773 184.183354 -78.094167
v 73.910668 184.183354 -102.316668
v 73.910668 184.183354 -102.316668
v 89.058773 184.183354 -78.094167
v 81.682533 196.918347 -78.094167
v 66.657512 194.423085 -96.142026
v 45.457265 201.091576 -78.094167
v 66.657512 194.423085 -96.142026
v 81.682533 196.918347 -78.094167
v 62.267252 178.035866 -15.775392
v 81.628814 182.679453 0.018447
v 89.514166 183.593806 -15.775392
v 89.514166 183.593806 -15.775392
v 81.628814 182.679453 0.018447
v 91.206833 192.693751 7.831541
v 96.213505 192.693751 -15.775392
v 96.213505 192.693751 -15.775392
v 91.206833 192.693751 7.831541
v 80.558198 201.898803 -0.854888
v 93.057898 204.516523 -15.775392
v 62.267252 207.351635 -15.775392
v 93.057898 204.516523 -15.775392
v 80.558198 201.898803 -0.854888
v 62.267252 178.035866 -15.775392
v 62.267252 181.035280 9.484997
v 81.628814 182.679453 0.018447
v 81.628814 182.679453 0.018447
v 62.267252 181.035280 9.484997
v 62.267252 192.693751 15.775586
v 91.206833 192.693751 7.831541
v 91.206833 192.693751 7.831541
v 62.267252 192.693751 15.775586
v 62.267252 204.422869 8.069429
v 80.558198 201.898803 -0.854888
v 62.267252 207.351635 -15.775392
v 80.558198 201.898803 -0.854888
v 62.267252 204.422869 8.069429
v 62.267252 178.035866 -15.775392
v 45.239995 183.375786 -1.885719
v 62.267252 181.035280 9.484997
v 62.267252 181.035280 9.484997
v 45.239995 183.375786 -1.885719
v 38.354279 192.693751 3.731178
v 62.267252 192.693751 15.775586
v 62.267252 192.693751 15.775586
v 38.354279 192.693751 3.731178
v 43.350558 203.696007 -0.344445
v 62.267252 204.422869 8.069429
v 62.267252 207.351635 -15.775392
v 62.267252 204.422869 8.069429
v 43.350558 203.696007 -0.344445
v 62.267252 178.035866 -15.775392
v 39.187222 180.917536 -15.775392
v 45.239995 183.375786 -1.885719
v 45.239995 183.375786 -1.885719
v 39.187222 180.917536 -15.775392
v 28.248403 192.693751 -15.775392
v 38.354279 192.693751 3.731178
v 38.354279 192.693751 3.731178
v 28.248403 192.693751 -15.775392
v 35.387820 201.987063 -15.775392
v 43.350558 203.696007 -0.344445
v 62.267252 207.351635 -15.775392
v 43.350558 203.696007 -0.344445
v 35.387820 201.987063 -15.775392
v 62.267252 178.035866 -15.775392
v 43.138324 183.029653 -31.379465
v 39.187222 180.917536 -15.775392
v 39.187222 180.917536 -15.775392
v 43.138324 183.029653 -31.379465
v 31.665807 192.693751 -40.737960
v 28.248403 192.693751 -15.775392
v 28.248403 192.693751 -15.775392
v 31.665807 192.693751 -40.737960
v 45.452490 202.563040 -29.491726
v 35.387820 201.987063 -15.775392
v 62.267252 207.351635 -15.775392
v 35.387820 201.987063 -15.775392
v 45.452490 202.563040 -29.491726
v 62.267252 178.035866 -15.775392
v 62.267252 181.900720 -39.661213
v 43.138324 183.029653 -31.379465
v 43.138324 183.029653 -31.379465
v 62.267252 181.900720 -39.661213
v 62.267252 192.693751 -45.670186
v 31.665807 192.693751 -40.737960
v 31.665807 192.693751 -40.737960
v 62.267252 192.693751 -45.670186
v 62.267252 203.127370 -39.484667
v 45.452490 202.563040 -29.491726
v 62.267252 207.351635 -15.775392
v 45.452490 202.563040 -29.491726
v 62.267252 203.127370 -39.484667
v 62.267252 178.035866 -15.775392
v 80.712594 181.714579 -30.821841
v 62.267252 181.900720 -39.661213
v 62.267252 181.900720 -39.661213
v 80.712594 181.714579 -30.821841
v 89.300005 192.693751 -37.826864
v 62.267252 192.693751 -45.670186
v 62.267252 192.693751 -45.670186
v 89.300005 192.693751 -37.826864
v 80.856360 201.496536 -30.939115
v 62.267252 203.127370 -39.484667
v 62.267252 207.351635 -15.775392
v 62.267252 203.127370 -39.484667
v 80.856360 201.496536 -30.939115
v 62.267252 178.035866 -15.775392
v 89.514166 183.593806 -15.775392
v 80.712594 181.714579 -30.821841
v 80.712594 181.714579 -30.821841
v 89.514166 183.593806 -15.775392
v 96.213505 192.693751 -15.775392
v 89.300005 192.693751 -37.826864
v 89.300005 192.693751 -37.826864
v 96.213505 192.693751 -15.775392
v 93.057898 204.516523 -15.775392
v 80.856360 201.496536 -30.939115
v 62.267252 207.351635 -15.775392
v 80.856360 201.496536 -30.939115
v 93.057898 204.516523 -15.775392
v 2.958400 180.283965 0.000000
v 26.574490 186.409089 22.043845
v 30.200172 186.925123 0.000000
v 30.200172 186.925123 0.000000
v 26.574490 186.409089 22.043845
v 38.013959 196.844006 32.721729
v 47.662565 196.844006 0.000000
v 47.662565 196.844006 0.000000
v 38.013959 196.844006 32.721729
v 26.604296 208.013744 22.071667
v 30.719388 208.002366 0.000000
v 2.958400 213.404047 0.000000
v 30.719388 208.002366 0.000000
v 26.604296 208.013744 22.071667
v 2.958400 180.283965 0.000000
v 2.958400 185.043202 32.907665
v 26.574490 186.409089 22.043845
v 26.574490 186.409089 22.043845
v 2.958400 185.043202 32.907665
v 2.958400 196.844006 45.777775
v 38.013959 196.844006 32.721729
v 38.013959 196.844006 32.721729
v 2.958400 196.844006 45.777775
v 2.958400 207.265810 25.440617
v 26.604296 208.013744 22.071667
v 2.958400 213.404047 0.000000
v 26.604296 208.013744 22.071667
v 2.958400 207.265810 25.440617
v 2.958400 180.283965 0.000000
v -18.009372 185.267165 19.571839
v 2.958400 185.043202 32.907665
v 2.958400 185.043202 32.907665
v -18.009372 185.267165 19.571839
v -28.365758 196.844006 29.238748
v 2.958400 196.844006 45.777775
v 2.958400 196.844006 45.777775
v -28.365758 196.844006 29.238748
v -20.003508 209.953327 21.433215
v 2.958400 207.265810 25.440617
v 2.958400 213.404047 0.000000
v 2.958400 207.265810 25.440617
v -20.003508 209.953327 21.433215
v 2.958400 180.283965 0.000000
v -32.666495 183.261632 0.000000
v -18.009372 185.267165 19.571839
v -18.009372 185.267165 19.571839
v -32.666495 183.261632 0.000000
v -40.268661 196.844006 0.000000
v -28.365758 196.844006 29.238748
v -28.365758 196.844006 29.238748
v -40.268661 196.844006 0.000000
v -30.464977 208.908933 0.000000
v -20.003508 209.953327 21.433215
v 2.958400 213.404047 0.000000
v -20.003508 209.953327 21.433215
v -30.464977 208.908933 0.000000
v 2.958400 180.283965 0.000000
v -19.231850 183.938369 -20.712930
v -32.666495 183.261632 0.000000
v -32.666495 183.261632 0.000000
v -19.231850 183.938369 -20.712930
v -30.680732 196.844006 -31.399601
v -40.268661 196.844006 0.000000
v -40.268661 196.844006 0.000000
v -30.680732 196.844006 -31.399601
v -16.550267 208.845456 -18.209874
v -30.464977 208.908933 0.000000
v 2.958400 213.404047 0.000000
v -30.464977 208.908933 0.000000
v -16.550267 208.845456 -18.209874
v 2.958400 180.283965 0.000000
v 2.958400 183.732676 -32.013710
v -19.231850 183.938369 -20.712930
v -19.231850 183.938369 -20.712930
v 2.958400 183.732676 -32.013710
v 2.958400 196.844006 -41.316626
v -30.680732 196.844006 -31.399601
v -30.680732 196.844006 -31.399601
v 2.958400 196.844006 -41.316626
v 2.958400 208.828005 -29.856041
v -16.550267 208.845456 -18.209874
v 2.958400 213.404047 0.000000
v -16.550267 208.845456 -18.209874
v 2.958400 208.828005 -29.856041
v 2.958400 180.283965 0.000000
v 25.923552 183.833934 -21.436243
v 2.958400 183.732676 -32.013710
v 2.958400 183.732676 -32.013710
v 25.923552 183.833934 -21.436243
v 38.285252 196.844006 -32.974961
v 2.958400 196.844006 -41.316626
v 2.958400 196.844006 -41.316626
v 38.285252 196.844006 -32.974961
v 25.648922 209.716742 -21.179897
v 2.958400 208.828005 -29.856041
v 2.958400 213.404047 0.000000
v 2.958400 208.828005 -29.856041
v 25.648922 209.716742 -21.179897
v 2.958400 180.283965 0.000000
v 30.200172 186.925123 0.000000
v 25.923552 183.833934 -21.436243
v 25.923552 183.833934 -21.436243
v 30.200172 186.925123 0.000000
v 47.662565 196.844006 0.000000
v 38.285252 196.844006 -32.974961
v 38.285252 196.844006 -32.974961
v 47.662565 196.844006 0.000000
v 30.719388 208.002366 0.000000
v 25.648922 209.716742 -21.179897
v 2.958400 213.404047 0.000000
v 25.648922 209.716742 -21.179897
v 30.719388 208.002366 0.000000
v 2.200000 160.204123 0.000000
v 25.452947 167.467570 20.848428
v 38.143022 165.352863 0.000000
v 38.143022 165.352863 0.000000
v 25.452947 167.467570 20.848428
v 32.042707 179.116919 26.756760
v 48.676296 179.116919 0.000000
v 48.676296 179.116919 0.000000
v 32.042707 179.116919 26.756760
v 24.057777 193.366520 19.597529
v 32.827058 194.174345 0.000000
v 2.200000 198.029716 0.000000
v 32.827058 194.174345 0.000000
v 24.057777 193.366520 19.597529
v 2.200000 160.204123 0.000000
v 2.200000 166.079714 33.877001
v 25.452947 167.467570 20.848428
v 25.452947 167.467570 20.848428
v 2.200000 166.079714 33.877001
v 2.200000 179.116919 47.765484
v 32.042707 179.116919 26.756760
v 32.042707 179.116919 26.756760
v 2.200000 179.116919 47.765484
v 2.200000 192.355337 34.157917
v 24.057777 193.366520 19.597529
v 2.200000 198.029716 0.000000
v 24.057777 193.366520 19.597529
v 2.200000 192.355337 34.157917
v 2.200000 160.204123 0.000000
v -25.812074 163.875872 25.115427
v 2.200000 166.079714 33.877001
v 2.200000 166.079714 33.877001
v -25.812074 163.875872 25.115427
v -30.679530 179.116919 29.479554
v 2.200000 179.116919 47.765484
v 2.200000 179.116919 47.765484
v -30.679530 179.116919 29.479554
v -20.417356 191.735954 20.278561
v 2.200000 192.355337 34.157917
v 2.200000 198.029716 0.000000
v 2.200000 192.355337 34.157917
v -20.417356 191.735954 20.278561
v 2.200000 160.204123 0.000000
v -32.709308 167.047127 0.000000
v -25.812074 163.875872 25.115427
v -25.812074 163.875872 25.115427
v -32.709308 167.047127 0.000000
v -44.980954 179.116919 0.000000
v -30.679530 179.116919 29.479554
v -30.679530 179.116919 29.479554
v -44.980954 179.116919 0.000000
v -36.225683 193.316963 0.000000
v -20.417356 191.735954 20.278561
v 2.200000 198.029716 0.000000
v -20.417356 191.735954 20.278561
v -36.225683 193.316963 0.000000
v 2.200000 160.204123 0.000000
v -21.745985 167.420430 -21.469801
v -32.709308 167.047127 0.000000
v -32.709308 167.047127 0.000000
v -21.745985 167.420430 -21.469801
v -37.217790 179.116919 -35.341712
v -44.980954 179.116919 0.000000
v -44.980954 179.116919 0.000000
v -37.217790 179.116919 -35.341712
v -26.459014 192.793594 -25.695470
v -36.225683 193.316963 0.000000
v 2.200000 198.029716 0.000000
v -36.225683 193.316963 0.000000
v -26.459014 192.793594 -25.695470
v 2.200000 160.204123 0.000000
v 2.200000 167.519460 -31.496476
v -21.745985 167.420430 -21.469801
v -21.745985 167.420430 -21.469801
v 2.200000 167.519460 -31.496476
v 2.200000 179.116919 -41.701845
v -37.217790 179.116919 -35.341712
v -37.217790 179.116919 -35.341712
v 2.200000 179.116919 -41.701845
v 2.200000 190.867624 -34.783000
v -26.459014 192.793594 -25.695470
v 2.200000 198.029716 0.000000
v -26.459014 192.793594 -25.695470
v 2.200000 190.867624 -34.783000
v 2.200000 160.204123 0.000000
v 28.302305 166.924968 -23.403142
v 2.200000 167.519460 -31.496476
v 2.200000 167.519460 -31.496476
v 28.302305 166.924968 -23.403142
v 34.424432 179.116919 -28.892198
v 2.200000 179.116919 -41.701845
v 2.200000 179.116919 -41.701845
v 34.424432 179.116919 -28.892198
v 25.779695 191.991321 -21.141388
v 2.200000 190.867624 -34.783000
v 2.200000 198.029716 0.000000
v 2.200000 190.867624 -34.783000
v 25.779695 191.991321 -21.141388
v 2.200000 160.204123 0.000000
v 38.143022 165.352863 0.000000
v 28.302305 166.924968 -23.403142
v 28.302305 166.924968 -23.403142
v 38.143022 165.352863 0.000000
v 48.676296 179.116919 0.000000
v 34.424432 179.116919 -28.892198
v 34.424432 179.116919 -28.892198
v 48.676296 179.116919 0.000000
v 32.827058 194.174345 0.000000
v 25.779695 191.991321 -21.141388
v 2.200000 198.029716 0.000000
v 25.779695 191.991321 -21.141388
v 32.827058 194.174345 0.000000
vt 0.000000 0.000000
vt 1.000000 0.000000
vt 1.000000 1.000000
vt 0.000000 1.000000
vt 0.500000 1.000000
vt 0.000000 0.000000
vt 1.000000 0.000000
vt 0.000000 0.000000
vt 1.000000 0.000000
vt 1.000000 1.000000
vt 0.000000 1.000000
vt 0.500000 1.000000
vt 0.000000 0.000000
vt 1.000000 0.000000
vt 0.000000 0.000000
vt 1.000000 0.000000
vt 1.000000 1.000000
vt 0.000000 1.000000
vt 0.500000 1.000000
vt 0.000000 0.000000
vt 1.000000 0.000000
vt 0.000000 0.000000
vt 1.000000 0.000000
vt 1.000000 1.000000
vt 0.000000 1.000000
vt 0.500000 1.000000
vt 0.000000 0.000000
vt 1.000000 0.000000
vt 0.000000 0.000000
vt 1.000000 0.000000
vt 1.000000 1.000000
vt 0.000000 1.000000
vt 0.500000 1.000000
vt 0.000000 0.000000
vt 1.000000 0.000000
vt 0.000000 0.000000
vt 1.000000 0.000000
vt 1.000000 1.000000
vt 0.000000 1.000000
vt 0.500000 1.000000
vt 0.000000 0.000000
vt 1.000000 0.000000
vt 0.000000 0.000000
vt 1.000000 0.000000
vt 1.000000 1.000000
vt 0.000000 1.000000
vt 0.500000 1.000000
vt 0.000000 0.000000
vt 1.000000 0.000000
vt 0.000000 0.000000
vt 1.000000 0.000000
vt 1.000000 1.000000
vt 0.000000 1.000000
vt 0.500000 1.000000
vt 0.000000 0.000000
vt 1.000000 0.000000
vt 0.000000 0.000000
vt 1.000000 0.000000
vt 1.000000 1.000000
vt 0.000000 1.000000
vt 0.500000 1.000000
vt 0.000000 0.000000
vt 1.000000 0.000000
vt 0.000000 0.000000
vt 1.000000 0.000000
vt 1.000000 1.000000
vt 0.000000 1.000000
vt 0.000000 0.000000
vt 1.000000 0.000000
vt 1.000000 1.000000
vt 0.000000 1.000000
vt 0.000000 0.000000
vt 1.000000 0.000000
vt 1.000000 1.000000
vt 0.000000 1.000000
vt 0.000000 0.000000
vt 1.000000 0.000000
vt 1.000000 1.000000
vt 0.000000 1.000000
vt 0.000000 0.000000
vt 1.000000 0.000000
vt 1.000000 1.000000
vt 0.000000 1.000000
vt 0.000000 0.000000
vt 1.000000 0.000000
vt 1.000000 1.000000
vt 0.000000 1.000000
vt 0.000000 0.000000
vt 1.000000 0.000000
vt 1.000000 1.000000
vt 0.000000 1.000000
vt 0.000000 0.000000
vt 1.000000 0.000000
vt 1.000000 1.000000
vt 0.000000 1.000000
vt 0.000000 0.000000
vt 1.000000 0.000000
vt 1.000000 1.000000
vt 0.000000 1.000000
vt 0.000000 0.000000
vt 1.000000 0.000000
vt 1.000000 1.000000
vt 0.000000 1.000000
vt 0.500000 1.000000
vt 0.000000 0.000000
vt 1.000000 0.000000
vt 0.000000 0.000000
vt 1.000000 0.000000
vt 1.000000 1.000000
vt 0.000000 1.000000
vt 0.500000 1.000000
vt 0.000000 0.000000
vt 1.000000 0.000000
vt 0.000000 0.000000
vt 1.000000 0.000000
vt 1.000000 1.000000
vt 0.000000 1.000000
vt 0.500000 1.000000
vt 0.000000 0.000000
vt 1.000000 0.000000
vt 0.000000 0.000000
vt 1.000000 0.000000
vt 1.000000 1.000000
vt 0.000000 1.000000
vt 0.500000 1.000000
vt 0.000000 0.000000
vt 1.000000 0.000000
vt 0.000000 0.000000
vt 1.000000 0.000000
vt 1.000000 1.000000
vt 0.000000 1.000000
vt 0.500000 1.000000
vt 0.000000 0.000000
vt 1.000000 0.000000
vt 0.000000 0.000000
vt 1.000000 0.000000
vt 1.000000 1.000000
vt 0.000000 1.000000
vt 0.500000 1.000000
vt 0.000000 0.000000
vt 1.000000 0.000000
vt 0.000000 0.000000
vt 1.000000 0.000000
vt 1.000000 1.000000
vt 0.000000 1.000000
vt 0.500000 1.000000
vt 0.000000 0.000000
vt 1.000000 0.000000
vt 0.000000 0.000000
vt 1.000000 0.000000
vt 1.000000 1.000000
vt 0.000000 1.000000
vt 0.500000 1.000000
vt 0.000000 0.000000
vt 1.000000 0.000000
vt 0.000000 0.000000
vt 1.000000 0.000000
vt 1.000000 1.000000
vt 0.000000 1.000000
vt 0.500000 1.000000
vt 0.000000 0.000000
vt 1.000000 0.000000
vt 0.000000 0.000000
vt 1.000000 0.000000
vt 1.000000 1.000000
vt 0.000000 1.000000
vt 0.500000 1.000000
vt 0.000000 0.000000
vt 1.000000 0.000000
vt 0.000000 0.000000
vt 1.000000 0.000000
vt 1.000000 1.000000
vt 0.000000 1.000000
vt 0.500000 1.000000
vt 0.000000 0.000000
vt 1.000000 0.000000
vt 0.000000 0.000000
vt 1.000000 0.000000
vt 1.000000 1.000000
vt 0.000000 1.000000
vt 0.500000 1.000000
vt 0.000000 0.000000
vt 1.000000 0.000000
vt 0.000000 0.000000
vt 1.000000 0.000000
vt 1.000000 1.000000
vt 0.000000 1.000000
vt 0.500000 1.000000
vt 0.000000 0.000000
vt 1.000000 0.000000
vt 0.000000 0.000000
vt 1.000000 0.000000
vt 1.000000 1.000000
vt 0.000000 1.000000
vt 0.500000 1.000000
vt 0.000000 0.000000
vt 1.000000 0.000000
vt 0.000000 0.000000
vt 1.000000 0.000000
vt 1.000000 1.000000
vt 0.000000 1.000000
vt 0.500000 1.000000
vt 0.000000 0.000000
vt 1.000000 0.000000
vt 0.000000 0.000000
vt 1.000000 0.000000
vt 1.000000 1.000000
vt 0.000000 1.000000
vt 0.500000 1.000000
vt 0.000000 0.000000
vt 1.000000 0.000000
vt 0.000000 0.000000
vt 1.000000 0.000000
vt 1.000000 1.000000
vt 0.000000 1.000000
vt 0.500000 1.000000
vt 0.000000 0.000000
vt 1.000000 0.000000
vt 0.000000 0.000000
vt 1.000000 0.000000
vt 1.000000 1.000000
vt 0.000000 1.000000
vt 0.500000 1.000000
vt 0.000000 0.000000
vt 1.000000 0.000000
vt 0.000000 0.000000
vt 1.000000 0.000000
vt 1.000000 1.000000
vt 0.000000 1.000000
vt 0.500000 1.000000
vt 0.000000 0.000000
vt 1.000000 0.000000
vt 0.000000 0.000000
vt 1.000000 0.000000
vt 1.000000 1.000000
vt 0.000000 1.000000
vt 0.500000 1.000000
vt 0.000000 0.000000
vt 1.000000 0.000000
vt 0.000000 0.000000
vt 1.000000 0.000000
vt 1.000000 1.000000
vt 0.000000 1.000000
vt 0.500000 1.000000
vt 0.000000 0.000000
vt 1.000000 0.000000
vt 0.000000 0.000000
vt 1.000000 0.000000
vt 1.000000 1.000000
vt 0.000000 1.000000
vt 0.500000 1.000000
vt 0.000000 0.000000
vt 1.000000 0.000000
vt 0.000000 0.000000
vt 1.000000 0.000000
vt 1.000000 1.000000
vt 0.000000 1.000000
vt 0.500000 1.000000
vt 0.000000 0.000000
vt 1.000000 0.000000
vt 0.000000 0.000000
vt 1.000000 0.000000
vt 1.000000 1.000000
vt 0.000000 1.000000
vt 0.500000 1.000000
vt 0.000000 0.000000
vt 1.000000 0.000000
vt 0.000000 0.000000
vt 1.000000 0.000000
vt 1.000000 1.000000
vt 0.000000 1.000000
vt 0.500000 1.000000
vt 0.000000 0.000000
vt 1.000000 0.000000
vt 0.000000 0.000000
vt 1.000000 0.000000
vt 1.000000 1.000000
vt 0.000000 1.000000
vt 0.500000 1.000000
vt 0.000000 0.000000
vt 1.000000 0.000000
vt 0.000000 0.000000
vt 1.000000 0.000000
vt 1.000000 1.000000
vt 0.000000 1.000000
vt 0.500000 1.000000
vt 0.000000 0.000000
vt 1.000000 0.000000
vt 0.000000 0.000000
vt 1.000000 0.000000
vt 1.000000 1.000000
vt 0.000000 1.000000
vt 0.500000 1.000000
vt 0.000000 0.000000
vt 1.000000 0.000000
vt 0.000000 0.000000
vt 1.000000 0.000000
vt 1.000000 1.000000
vt 0.000000 1.000000
vt 0.500000 1.000000
vt 0.000000 0.000000
vt 1.000000 0.000000
vt 0.000000 0.000000
vt 1.000000 0.000000
vt 1.000000 1.000000
vt 0.000000 1.000000
vt 0.500000 1.000000
vt 0.000000 0.000000
vt 1.000000 0.000000
vt 0.000000 0.000000
vt 1.000000 0.000000
vt 1.000000 1.000000
vt 0.000000 1.000000
vt 0.500000 1.000000
vt 0.000000 0.000000
vt 1.000000 0.000000
vt 0.000000 0.000000
vt 1.000000 0.000000
vt 1.000000 1.000000
vt 0.000000 1.000000
vt 0.500000 1.000000
vt 0.000000 0.000000
vt 1.000000 0.000000
vt 0.000000 0.000000
vt 1.000000 0.000000
vt 1.000000 1.000000
vt 0.000000 1.000000
vt 0.500000 1.000000
vt 0.000000 0.000000
vt 1.000000 0.000000
vt 0.000000 0.000000
vt 1.000000 0.000000
vt 1.000000 1.000000
vt 0.000000 1.000000
vt 0.500000 1.000000
vt 0.000000 0.000000
vt 1.000000 0.000000
vt 0.000000 0.000000
vt 1.000000 0.000000
vt 1.000000 1.000000
vt 0.000000 1.000000
vt 0.500000 1.000000
vt 0.000000 0.000000
vt 1.000000 0.000000
vt 0.000000 0.000000
vt 1.000000 0.000000
vt 1.000000 1.000000
vt 0.000000 1.000000
vt 0.500000 1.000000
vt 0.000000 0.000000
vt 1.000000 0.000000
vt 0.000000 0.000000
vt 1.000000 0.000000
vt 1.000000 1.000000
vt 0.000000 1.000000
vt 0.500000 1.000000
vt 0.000000 0.000000
vt 1.000000 0.000000
vt 0.000000 0.000000
vt 1.000000 0.000000
vt 1.000000 1.000000
vt 0.000000 1.000000
vt 0.500000 1.000000
vt 0.000000 0.000000
vt 1.000000 0.000000
vt 0.000000 0.000000
vt 1.000000 0.000000
vt 1.000000 1.000000
vt 0.000000 1.000000
vt 0.500000 1.000000
vt 0.000000 0.000000
vt 1.000000 0.000000
vt 0.000000 0.000000
vt 1.000000 0.000000
vt 1.000000 1.000000
vt 0.000000 1.000000
vt 0.500000 1.000000
vt 0.000000 0.000000
vt 1.000000 0.000000
vt 0.000000 0.000000
vt 1.000000 0.000000
vt 1.000000 1.000000
vt 0.000000 1.000000
vt 0.500000 1.000000
vt 0.000000 0.000000
vt 1.000000 0.000000
vt 0.000000 0.000000
vt 1.000000 0.000000
vt 1.000000 1.000000
vt 0.000000 1.000000
vt 0.500000 1.000000
vt 0.000000 0.000000
vt 1.000000 0.000000
vt 0.000000 0.000000
vt 1.000000 0.000000
vt 1.000000 1.000000
vt 0.000000 1.000000
vt 0.500000 1.000000
vt 0.000000 0.000000
vt 1.000000 0.000000
vt 0.000000 0.000000
vt 1.000000 0.000000
vt 1.000000 1.000000
vt 0.000000 1.000000
vt 0.500000 1.000000
vt 0.000000 0.000000
vt 1.000000 0.000000
vt 0.000000 0.000000
vt 1.000000 0.000000
vt 1.000000 1.000000
vt 0.000000 1.000000
vt 0.500000 1.000000
vt 0.000000 0.000000
vt 1.000000 0.000000
vt 0.000000 0.000000
vt 1.000000 0.000000
vt 1.000000 1.000000
vt 0.000000 1.000000
vt 0.500000 1.000000
vt 0.000000 0.000000
vt 1.000000 0.000000
vt 0.000000 0.000000
vt 1.000000 0.000000
vt 1.000000 1.000000
vt 0.000000 1.000000
vt 0.500000 1.000000
vt 0.000000 0.000000
vt 1.000000 0.000000
vt 0.000000 0.000000
vt 1.000000 0.000000
vt 1.000000 1.000000
vt 0.000000 1.000000
vt 0.500000 1.000000
vt 0.000000 0.000000
vt 1.000000 0.000000
vt 0.000000 0.000000
vt 1.000000 0.000000
vt 1.000000 1.000000
vt 0.000000 1.000000
vt 0.500000 1.000000
vt 0.000000 0.000000
vt 1.000000 0.000000
vt 0.000000 0.000000
vt 1.000000 0.000000
vt 1.000000 1.000000
vt 0.000000 1.000000
vt 0.500000 1.000000
vt 0.000000 0.000000
vt 1.000000 0.000000
vt 0.000000 0.000000
vt 1.000000 0.000000
vt 1.000000 1.000000
vt 0.000000 1.000000
vt 0.500000 1.000000
vt 0.000000 0.000000
vt 1.000000 0.000000
vt 0.000000 0.000000
vt 1.000000 0.000000
vt 1.000000 1.000000
vt 0.000000 1.000000
vt 0.500000 1.000000
vt 0.000000 0.000000
vt 1.000000 0.000000
vt 0.000000 0.000000
vt 1.000000 0.000000
vt 1.000000 1.000000
vt 0.000000 1.000000
vt 0.500000 1.000000
vt 0.000000 0.000000
vt 1.000000 0.000000
vt 0.000000 0.000000
vt 1.000000 0.000000
vt 1.000000 1.000000
vt 0.000000 1.000000
vt 0.500000 1.000000
vt 0.000000 0.000000
vt 1.000000 0.000000
vt 0.000000 0.000000
vt 1.000000 0.000000
vt 1.000000 1.000000
vt 0.000000 1.000000
vt 0.500000 1.000000
vt 0.000000 0.000000
vt 1.000000 0.000000
vt 0.000000 0.000000
vt 1.000000 0.000000
vt 1.000000 1.000000
vt 0.000000 1.000000
vt 0.500000 1.000000
vt 0.000000 0.000000
vt 1.000000 0.000000
vt 0.000000 0.000000
vt 1.000000 0.000000
vt 1.000000 1.000000
vt 0.000000 1.000000
vt 0.500000 1.000000
vt 0.000000 0.000000
vt 1.000000 0.000000
vt 0.000000 0.000000
vt 1.000000 0.000000
vt 1.000000 1.000000
vt 0.000000 1.000000
vt 0.500000 1.000000
vt 0.000000 0.000000
vt 1.000000 0.000000
vt 0.000000 0.000000
vt 1.000000 0.000000
vt 1.000000 1.000000
vt 0.000000 1.000000
vt 0.500000 1.000000
vt 0.000000 0.000000
vt 1.000000 0.000000
vt 0.000000 0.000000
vt 1.000000 0.000000
vt 1.000000 1.000000
vt 0.000000 1.000000
vt 0.500000 1.000000
vt 0.000000 0.000000
vt 1.000000 0.000000
vt 0.000000 0.000000
vt 1.000000 0.000000
vt 1.000000 1.000000
vt 0.000000 1.000000
vt 0.500000 1.000000
vt 0.000000 0.000000
vt 1.000000 0.000000
vt 0.000000 0.000000
vt 1.000000 0.000000
vt 1.000000 1.000000
vt 0.000000 1.000000
vt 0.500000 1.000000
vt 0.000000 0.000000
vt 1.000000 0.000000
vt 0.000000 0.000000
vt 1.000000 0.000000
vt 1.000000 1.000000
vt 0.000000 1.000000
vt 0.500000 1.000000
vt 0.000000 0.000000
vt 1.000000 0.000000
vt 0.000000 0.000000
vt 1.000000 0.000000
vt 1.000000 1.000000
vt 0.000000 1.000000
vt 0.500000 1.000000
vt 0.000000 0.000000
vt 1.000000 0.000000
vt 0.000000 0.000000
vt 1.000000 0.000000
vt 1.000000 1.000000
vt 0.000000 1.000000
vt 0.500000 1.000000
vt 0.000000 0.000000
vt 1.000000 0.000000
vt 0.000000 0.000000
vt 1.000000 0.000000
vt 1.000000 1.000000
vt 0.000000 1.000000
vt 0.500000 1.000000
vt 0.000000 0.000000
vt 1.000000 0.000000
vt 0.000000 0.000000
vt 1.000000 0.000000
vt 1.000000 1.000000
vt 0.000000 1.000000
vt 0.500000 1.000000
vt 0.000000 0.000000
vt 1.000000 0.000000
vt 0.000000 0.000000
vt 1.000000 0.000000
vt 1.000000 1.000000
vt 0.000000 1.000000
vt 0.500000 1.000000
vt 0.000000 0.000000
vt 1.000000 0.000000
vt 0.000000 0.000000
vt 1.000000 0.000000
vt 1.000000 1.000000
vt 0.000000 1.000000
vt 0.500000 1.000000
vt 0.000000 0.000000
vt 1.000000 0.000000
vt 0.000000 0.000000
vt 1.000000 0.000000
vt 1.000000 1.000000
vt 0.000000 1.000000
vt 0.500000 1.000000
vt 0.000000 0.000000
vt 1.000000 0.000000
vt 0.000000 0.000000
vt 1.000000 0.000000
vt 1.000000 1.000000
vt 0.000000 1.000000
vt 0.500000 1.000000
vt 0.000000 0.000000
vt 1.000000 0.000000
vt 0.000000 0.000000
vt 1.000000 0.000000
vt 1.000000 1.000000
vt 0.000000 1.000000
vt 0.500000 1.000000
vt 0.000000 0.000000
vt 1.000000 0.000000
vt 0.000000 0.000000
vt 1.000000 0.000000
vt 1.000000 1.000000
vt 0.000000 1.000000
vt 0.500000 1.000000
vt 0.000000 0.000000
vt 1.000000 0.000000
vt 0.000000 0.000000
vt 1.000000 0.000000
vt 1.000000 1.000000
vt 0.000000 1.000000
vt 0.500000 1.000000
vt 0.000000 0.000000
vt 1.000000 0.000000
vt 0.000000 0.000000
vt 1.000000 0.000000
vt 1.000000 1.000000
vt 0.000000 1.000000
vt 0.500000 1.000000
vt 0.000000 0.000000
vt 1.000000 0.000000
vt 0.000000 0.000000
vt 1.000000 0.000000
vt 1.000000 1.000000
vt 0.000000 1.000000
vt 0.500000 1.000000
vt 0.000000 0.000000
vt 1.000000 0.000000
vt 0.000000 0.000000
vt 1.000000 0.000000
vt 1.000000 1.000000
vt 0.000000 1.000000
vt 0.500000 1.000000
vt 0.000000 0.000000
vt 1.000000 0.000000
vt 0.000000 0.000000
vt 1.000000 0.000000
vt 1.000000 1.000000
vt 0.000000 1.000000
vt 0.500000 1.000000
vt 0.000000 0.000000
vt 1.000000 0.000000
vt 0.000000 0.000000
vt 1.000000 0.000000
vt 1.000000 1.000000
vt 0.000000 1.000000
vt 0.500000 1.000000
vt 0.000000 0.000000
vt 1.000000 0.000000
vt 0.000000 0.000000
vt 1.000000 0.000000
vt 1.000000 1.000000
vt 0.000000 1.000000
vt 0.500000 1.000000
vt 0.000000 0.000000
vt 1.000000 0.000000
vt 0.000000 0.000000
vt 1.000000 0.000000
vt 1.000000 1.000000
vt 0.000000 1.000000
vt 0.500000 1.000000
vt 0.000000 0.000000
vt 1.000000 0.000000
vt 0.000000 0.000000
vt 1.000000 0.000000
vt 1.000000 1.000000
vt 0.000000 1.000000
vt 0.500000 1.000000
vt 0.000000 0.000000
vt 1.000000 0.000000
vt 0.000000 0.000000
vt 1.000000 0.000000
vt 1.000000 1.000000
vt 0.000000 1.000000
vt 0.500000 1.000000
vt 0.000000 0.000000
vt 1.000000 0.000000
vt 0.000000 0.000000
vt 1.000000 0.000000
vt 1.000000 1.000000
vt 0.000000 1.000000
vt 0.500000 1.000000
vt 0.000000 0.000000
vt 1.000000 0.000000
vt 0.000000 0.000000
vt 1.000000 0.000000
vt 1.000000 1.000000
vt 0.000000 1.000000
vt 0.500000 1.000000
vt 0.000000 0.000000
vt 1.000000 0.000000
vt 0.000000 0.000000
vt 1.000000 0.000000
vt 1.000000 1.000000
vt 0.000000 1.000000
vt 0.500000 1.000000
vt 0.000000 0.000000
vt 1.000000 0.000000
vt 0.000000 0.000000
vt 1.000000 0.000000
vt 1.000000 1.000000
vt 0.000000 1.000000
vt 0.500000 1.000000
vt 0.000000 0.000000
vt 1.000000 0.000000
vt 0.000000 0.000000
vt 1.000000 0.000000
vt 1.000000 1.000000
vt 0.000000 1.000000
vt 0.500000 1.000000
vt 0.000000 0.000000
vt 1.000000 0.000000
vt 0.000000 0.000000
vt 1.000000 0.000000
vt 1.000000 1.000000
vt 0.000000 1.000000
vt 0.500000 1.000000
vt 0.000000 0.000000
vt 1.000000 0.000000
vt 0.000000 0.000000
vt 1.000000 0.000000
vt 1.000000 1.000000
vt 0.000000 1.000000
vt 0.500000 1.000000
vt 0.000000 0.000000
vt 1.000000 0.000000
vt 0.000000 0.000000
vt 1.000000 0.000000
vt 1.000000 1.000000
vt 0.000000 1.000000
vt 0.500000 1.000000
vt 0.000000 0.000000
vt 1.000000 0.000000
vt 0.000000 0.000000
vt 1.000000 0.000000
vt 1.000000 1.000000
vt 0.000000 1.000000
vt 0.500000 1.000000
vt 0.000000 0.000000
vt 1.000000 0.000000
vt 0.000000 0.000000
vt 1.000000 0.000000
vt 1.000000 1.000000
vt 0.000000 1.000000
vt 0.500000 1.000000
vt 0.000000 0.000000
vt 1.000000 0.000000
vt 0.000000 0.000000
vt 1.000000 0.000000
vt 1.000000 1.000000
vt 0.000000 1.000000
vt 0.500000 1.000000
vt 0.000000 0.000000
vt 1.000000 0.000000
vt 0.000000 0.000000
vt 1.000000 0.000000
vt 1.000000 1.000000
vt 0.000000 1.000000
vt 0.500000 1.000000
vt 0.000000 0.000000
vt 1.000000 0.000000
vt 0.000000 0.000000
vt 1.000000 0.000000
vt 1.000000 1.000000
vt 0.000000 1.000000
vt 0.500000 1.000000
vt 0.000000 0.000000
vt 1.000000 0.000000
vt 0.000000 0.000000
vt 1.000000 0.000000
vt 1.000000 1.000000
vt 0.000000 1.000000
vt 0.500000 1.000000
vt 0.000000 0.000000
vt 1.000000 0.000000
vt 0.000000 0.000000
vt 1.000000 0.000000
vt 1.000000 1.000000
vt 0.000000 1.000000
vt 0.500000 1.000000
vt 0.000000 0.000000
vt 1.000000 0.000000
vt 0.000000 0.000000
vt 1.000000 0.000000
vt 1.000000 1.000000
vt 0.000000 1.000000
vt 0.500000 1.000000
vt 0.000000 0.000000
vt 1.000000 0.000000
vt 0.000000 0.000000
vt 1.000000 0.000000
vt 1.000000 1.000000
vt 0.000000 1.000000
vt 0.500000 1.000000
vt 0.000000 0.000000
vt 1.000000 0.000000
vt 0.000000 0.000000
vt 1.000000 0.000000
vt 1.000000 1.000000
vt 0.000000 1.000000
vt 0.500000 1.000000
vt 0.000000 0.000000
vt 1.000000 0.000000
vt 0.000000 0.000000
vt 1.000000 0.000000
vt 1.000000 1.000000
vt 0.000000 1.000000
vt 0.500000 1.000000
vt 0.000000 0.000000
vt 1.000000 0.000000
vt 0.000000 0.000000
vt 1.000000 0.000000
vt 1.000000 1.000000
vt 0.000000 1.000000
vt 0.500000 1.000000
vt 0.000000 0.000000
vt 1.000000 0.000000
vt 0.000000 0.000000
vt 1.000000 0.000000
vt 1.000000 1.000000
vt 0.000000 1.000000
vt 0.500000 1.000000
vt 0.000000 0.000000
vt 1.000000 0.000000
vt 0.000000 0.000000
vt 1.000000 0.000000
vt 1.000000 1.000000
vt 0.000000 1.000000
vt 0.500000 1.000000
vt 0.000000 0.000000
vt 1.000000 0.000000
vt 0.000000 0.000000
vt 1.000000 0.000000
vt 1.000000 1.000000
vt 0.000000 1.000000
vt 0.500000 1.000000
vt 0.000000 0.000000
vt 1.000000 0.000000
vt 0.000000 0.000000
vt 1.000000 0.000000
vt 1.000000 1.000000
vt 0.000000 1.000000
vt 0.500000 1.000000
vt 0.000000 0.000000
vt 1.000000 0.000000
vt 0.000000 0.000000
vt 1.000000 0.000000
vt 1.000000 1.000000
vt 0.000000 1.000000
vt 0.500000 1.000000
vt 0.000000 0.000000
vt 1.000000 0.000000
vt 0.000000 0.000000
vt 1.000000 0.000000
vt 1.000000 1.000000
vt 0.000000 1.000000
vt 0.500000 1.000000
vt 0.000000 0.000000
vt 1.000000 0.000000
vt 0.000000 0.000000
vt 1.000000 0.000000
vt 1.000000 1.000000
vt 0.000000 1.000000
vt 0.500000 1.000000
vt 0.000000 0.000000
vt 1.000000 0.000000
vt 0.000000 0.000000
vt 1.000000 0.000000
vt 1.000000 1.000000
vt 0.000000 1.000000
vt 0.500000 1.000000
vt 0.000000 0.000000
vt 1.000000 0.000000
vt 0.000000 0.000000
vt 1.000000 0.000000
vt 1.000000 1.000000
vt 0.000000 1.000000
vt 0.500000 1.000000
vt 0.000000 0.000000
vt 1.000000 0.000000
vt 0.000000 0.000000
vt 1.000000 0.000000
vt 1.000000 1.000000
vt 0.000000 1.000000
vt 0.500000 1.000000
vt 0.000000 0.000000
vt 1.000000 0.000000
vt 0.000000 0.000000
vt 1.000000 0.000000
vt 1.000000 1.000000
vt 0.000000 1.000000
vt 0.500000 1.000000
vt 0.000000 0.000000
vt 1.000000 0.000000
vt 0.000000 0.000000
vt 1.000000 0.000000
vt 1.000000 1.000000
vt 0.000000 1.000000
vt 0.500000 1.000000
vt 0.000000 0.000000
vt 1.000000 0.000000
vt 0.000000 0.000000
vt 1.000000 0.000000
vt 1.000000 1.000000
vt 0.000000 1.000000
vt 0.500000 1.000000
vt 0.000000 0.000000
vt 1.000000 0.000000
vt 0.000000 0.000000
vt 1.000000 0.000000
vt 1.000000 1.000000
vt 0.000000 1.000000
vt 0.500000 1.000000
vt 0.000000 0.000000
vt 1.000000 0.000000
vt 0.000000 0.000000
vt 1.000000 0.000000
vt 1.000000 1.000000
vt 0.000000 1.000000
vt 0.500000 1.000000
vt 0.000000 0.000000
vt 1.000000 0.000000
vt 0.000000 0.000000
vt 1.000000 0.000000
vt 1.000000 1.000000
vt 0.000000 1.000000
vt 0.500000 1.000000
vt 0.000000 0.000000
vt 1.000000 0.000000
vt 0.000000 0.000000
vt 1.000000 0.000000
vt 1.000000 1.000000
vt 0.000000 1.000000
vt 0.500000 1.000000
vt 0.000000 0.000000
vt 1.000000 0.000000
vt 0.000000 0.000000
vt 1.000000 0.000000
vt 1.000000 1.000000
vt 0.000000 1.000000
vt 0.500000 1.000000
vt 0.000000 0.000000
vt 1.000000 0.000000
vt 0.000000 0.000000
vt 1.000000 0.000000
vt 1.000000 1.000000
vt 0.000000 1.000000
vt 0.500000 1.000000
vt 0.000000 0.000000
vt 1.000000 0.000000
vt 0.000000 0.000000
vt 1.000000 0.000000
vt 1.000000 1.000000
vt 0.000000 1.000000
vt 0.500000 1.000000
vt 0.000000 0.000000
vt 1.000000 0.000000
vt 0.000000 0.000000
vt 1.000000 0.000000
vt 1.000000 1.000000
vt 0.000000 1.000000
vt 0.500000 1.000000
vt 0.000000 0.000000
vt 1.000000 0.000000
vt 0.000000 0.000000
vt 1.000000 0.000000
vt 1.000000 1.000000
vt 0.000000 1.000000
vt 0.500000 1.000000
vt 0.000000 0.000000
vt 1.000000 0.000000
vt 0.000000 0.000000
vt 1.000000 0.000000
vt 1.000000 1.000000
vt 0.000000 1.000000
vt 0.500000 1.000000
vt 0.000000 0.000000
vt 1.000000 0.000000
vt 0.000000 0.000000
vt 1.000000 0.000000
vt 1.000000 1.000000
vt 0.000000 1.000000
vt 0.500000 1.000000
vt 0.000000 0.000000
vt 1.000000 0.000000
vt 0.000000 0.000000
vt 1.000000 0.000000
vt 1.000000 1.000000
vt 0.000000 1.000000
vt 0.500000 1.000000
vt 0.000000 0.000000
vt 1.000000 0.000000
vt 0.000000 0.000000
vt 1.000000 0.000000
vt 1.000000 1.000000
vt 0.000000 1.000000
vt 0.500000 1.000000
vt 0.000000 0.000000
vt 1.000000 0.000000
vt 0.000000 0.000000
vt 1.000000 0.000000
vt 1.000000 1.000000
vt 0.000000 1.000000
vt 0.500000 1.000000
vt 0.000000 0.000000
vt 1.000000 0.000000
vt 0.000000 0.000000
vt 1.000000 0.000000
vt 1.000000 1.000000
vt 0.000000 1.000000
vt 0.500000 1.000000
vt 0.000000 0.000000
vt 1.000000 0.000000
vt 0.000000 0.000000
vt 1.000000 0.000000
vt 1.000000 1.000000
vt 0.000000 1.000000
vt 0.500000 1.000000
vt 0.000000 0.000000
vt 1.000000 0.000000
vt 0.000000 0.000000
vt 1.000000 0.000000
vt 1.000000 1.000000
vt 0.000000 1.000000
vt 0.500000 1.000000
vt 0.000000 0.000000
vt 1.000000 0.000000
vt 0.000000 0.000000
vt 1.000000 0.000000
vt 1.000000 1.000000
vt 0.000000 1.000000
vt 0.500000 1.000000
vt 0.000000 0.000000
vt 1.000000 0.000000
vt 0.000000 0.000000
vt 1.000000 0.000000
vt 1.000000 1.000000
vt 0.000000 1.000000
vt 0.500000 1.000000
vt 0.000000 0.000000
vt 1.000000 0.000000
vt 0.000000 0.000000
vt 1.000000 0.000000
vt 1.000000 1.000000
vt 0.000000 1.000000
vt 0.500000 1.000000
vt 0.000000 0.000000
vt 1.000000 0.000000
vt 0.000000 0.000000
vt 1.000000 0.000000
vt 1.000000 1.000000
vt 0.000000 1.000000
vt 0.500000 1.000000
vt 0.000000 0.000000
vt 1.000000 0.000000
vt 0.000000 0.000000
vt 1.000000 0.000000
vt 1.000000 1.000000
vt 0.000000 1.000000
vt 0.500000 1.000000
vt 0.000000 0.000000
vt 1.000000 0.000000
vt 0.000000 0.000000
vt 1.000000 0.000000
vt 1.000000 1.000000
vt 0.000000 1.000000
vt 0.500000 1.000000
vt 0.000000 0.000000
vt 1.000000 0.000000
vt 0.000000 0.000000
vt 1.000000 0.000000
vt 1.000000 1.000000
vt 0.000000 1.000000
vt 0.500000 1.000000
vt 0.000000 0.000000
vt 1.000000 0.000000
vt 0.000000 0.000000
vt 1.000000 0.000000
vt 1.000000 1.000000
vt 0.000000 1.000000
vt 0.500000 1.000000
vt 0.000000 0.000000
vt 1.000000 0.000000
vt 0.000000 0.000000
vt 1.000000 0.000000
vt 1.000000 1.000000
vt 0.000000 1.000000
vt 0.500000 1.000000
vt 0.000000 0.000000
vt 1.000000 0.000000
vt 0.000000 0.000000
vt 1.000000 0.000000
vt 1.000000 1.000000
vt 0.000000 1.000000
vt 0.500000 1.000000
vt 0.000000 0.000000
vt 1.000000 0.000000
vt 0.000000 0.000000
vt 1.000000 0.000000
vt 1.000000 1.000000
vt 0.000000 1.000000
vt 0.500000 1.000000
vt 0.000000 0.000000
vt 1.000000 0.000000
vt 0.000000 0.000000
vt 1.000000 0.000000
vt 1.000000 1.000000
vt 0.000000 1.000000
vt 0.500000 1.000000
vt 0.000000 0.000000
vt 1.000000 0.000000
vt 0.000000 0.000000
vt 1.000000 0.000000
vt 1.000000 1.000000
vt 0.000000 1.000000
vt 0.500000 1.000000
vt 0.000000 0.000000
vt 1.000000 0.000000
vt 0.000000 0.000000
vt 1.000000 0.000000
vt 1.000000 1.000000
vt 0.000000 1.000000
vt 0.500000 1.000000
vt 0.000000 0.000000
vt 1.000000 0.000000
vt 0.000000 0.000000
vt 1.000000 0.000000
vt 1.000000 1.000000
vt 0.000000 1.000000
vt 0.500000 1.000000
vt 0.000000 0.000000
vt 1.000000 0.000000
vt 0.000000 0.000000
vt 1.000000 0.000000
vt 1.000000 1.000000
vt 0.000000 1.000000
vt 0.500000 1.000000
vt 0.000000 0.000000
vt 1.000000 0.000000
vt 0.000000 0.000000
vt 1.000000 0.000000
vt 1.000000 1.000000
vt 0.000000 1.000000
vt 0.500000 1.000000
vt 0.000000 0.000000
vt 1.000000 0.000000
vt 0.000000 0.000000
vt 1.000000 0.000000
vt 1.000000 1.000000
vt 0.000000 1.000000
vt 0.500000 1.000000
vt 0.000000 0.000000
vt 1.000000 0.000000
vt 0.000000 0.000000
vt 1.000000 0.000000
vt 1.000000 1.000000
vt 0.000000 1.000000
vt 0.500000 1.000000
vt 0.000000 0.000000
vt 1.000000 0.000000
vt 0.000000 0.000000
vt 1.000000 0.000000
vt 1.000000 1.000000
vt 0.000000 1.000000
vt 0.500000 1.000000
vt 0.000000 0.000000
vt 1.000000 0.000000
vt 0.500000 1.000000
vt 0.000000 0.000000
vt 1.000000 0.000000
vt 0.000000 0.000000
vt 1.000000 0.000000
vt 1.000000 1.000000
vt 0.000000 1.000000
vt 0.000000 0.000000
vt 1.000000 0.000000
vt 1.000000 1.000000
vt 0.000000 1.000000
vt 0.500000 1.000000
vt 0.000000 0.000000
vt 1.000000 0.000000
vt 0.500000 1.000000
vt 0.000000 0.000000
vt 1.000000 0.000000
vt 0.000000 0.000000
vt 1.000000 0.000000
vt 1.000000 1.000000
vt 0.000000 1.000000
vt 0.000000 0.000000
vt 1.000000 0.000000
vt 1.000000 1.000000
vt 0.000000 1.000000
vt 0.500000 1.000000
vt 0.000000 0.000000
vt 1.000000 0.000000
vt 0.500000 1.000000
vt 0.000000 0.000000
vt 1.000000 0.000000
vt 0.000000 0.000000
vt 1.000000 0.000000
vt 1.000000 1.000000
vt 0.000000 1.000000
vt 0.000000 0.000000
vt 1.000000 0.000000
vt 1.000000 1.000000
vt 0.000000 1.000000
vt 0.500000 1.000000
vt 0.000000 0.000000
vt 1.000000 0.000000
vt 0.500000 1.000000
vt 0.000000 0.000000
vt 1.000000 0.000000
vt 0.000000 0.000000
vt 1.000000 0.000000
vt 1.000000 1.000000
vt 0.000000 1.000000
vt 0.000000 0.000000
vt 1.000000 0.000000
vt 1.000000 1.000000
vt 0.000000 1.000000
vt 0.500000 1.000000
vt 0.000000 0.000000
vt 1.000000 0.000000
vt 0.500000 1.000000
vt 0.000000 0.000000
vt 1.000000 0.000000
vt 0.000000 0.000000
vt 1.000000 0.000000
vt 1.000000 1.000000
vt 0.000000 1.000000
vt 0.000000 0.000000
vt 1.000000 0.000000
vt 1.000000 1.000000
vt 0.000000 1.000000
vt 0.500000 1.000000
vt 0.000000 0.000000
vt 1.000000 0.000000
vt 0.500000 1.000000
vt 0.000000 0.000000
vt 1.000000 0.000000
vt 0.000000 0.000000
vt 1.000000 0.000000
vt 1.000000 1.000000
vt 0.000000 1.000000
vt 0.000000 0.000000
vt 1.000000 0.000000
vt 1.000000 1.000000
vt 0.000000 1.000000
vt 0.500000 1.000000
vt 0.000000 0.000000
vt 1.000000 0.000000
vt 0.500000 1.000000
vt 0.000000 0.000000
vt 1.000000 0.000000
vt 0.000000 0.000000
vt 1.000000 0.000000
vt 1.000000 1.000000
vt 0.000000 1.000000
vt 0.000000 0.000000
vt 1.000000 0.000000
vt 1.000000 1.000000
vt 0.000000 1.000000
vt 0.500000 1.000000
vt 0.000000 0.000000
vt 1.000000 0.000000
vt 0.500000 1.000000
vt 0.000000 0.000000
vt 1.000000 0.000000
vt 0.000000 0.000000
vt 1.000000 0.000000
vt 1.000000 1.000000
vt 0.000000 1.000000
vt 0.000000 0.000000
vt 1.000000 0.000000
vt 1.000000 1.000000
vt 0.000000 1.000000
vt 0.500000 1.000000
vt 0.000000 0.000000
vt 1.000000 0.000000
vt 0.500000 1.000000
vt 0.000000 0.000000
vt 1.000000 0.000000
vt 0.000000 0.000000
vt 1.000000 0.000000
vt 1.000000 1.000000
vt 0.000000 1.000000
vt 0.000000 0.000000
vt 1.000000 0.000000
vt 1.000000 1.000000
vt 0.000000 1.000000
vt 0.500000 1.000000
vt 0.000000 0.000000
vt 1.000000 0.000000
vt 0.500000 1.000000
vt 0.000000 0.000000
vt 1.000000 0.000000
vt 0.000000 0.000000
vt 1.000000 0.000000
vt 1.000000 1.000000
vt 0.000000 1.000000
vt 0.000000 0.000000
vt 1.000000 0.000000
vt 1.000000 1.000000
vt 0.000000 1.000000
vt 0.500000 1.000000
vt 0.000000 0.000000
vt 1.000000 0.000000
vt 0.500000 1.000000
vt 0.000000 0.000000
vt 1.000000 0.000000
vt 0.000000 0.000000
vt 1.000000 0.000000
vt 1.000000 1.000000
vt 0.000000 1.000000
vt 0.000000 0.000000
vt 1.000000 0.000000
vt 1.000000 1.000000
vt 0.000000 1.000000
vt 0.500000 1.000000
vt 0.000000 0.000000
vt 1.000000 0.000000
vt 0.500000 1.000000
vt 0.000000 0.000000
vt 1.000000 0.000000
vt 0.000000 0.000000
vt 1.000000 0.000000
vt 1.000000 1.000000
vt 0.000000 1.000000
vt 0.000000 0.000000
vt 1.000000 0.000000
vt 1.000000 1.000000
vt 0.000000 1.000000
vt 0.500000 1.000000
vt 0.000000 0.000000
vt 1.000000 0.000000
vt 0.500000 1.000000
vt 0.000000 0.000000
vt 1.000000 0.000000
vt 0.000000 0.000000
vt 1.000000 0.000000
vt 1.000000 1.000000
vt 0.000000 1.000000
vt 0.000000 0.000000
vt 1.000000 0.000000
vt 1.000000 1.000000
vt 0.000000 1.000000
vt 0.500000 1.000000
vt 0.000000 0.000000
vt 1.000000 0.000000
vt 0.500000 1.000000
vt 0.000000 0.000000
vt 1.000000 0.000000
vt 0.000000 0.000000
vt 1.000000 0.000000
vt 1.000000 1.000000
vt 0.000000 1.000000
vt 0.000000 0.000000
vt 1.000000 0.000000
vt 1.000000 1.000000
vt 0.000000 1.000000
vt 0.500000 1.000000
vt 0.000000 0.000000
vt 1.000000 0.000000
vt 0.500000 1.000000
vt 0.000000 0.000000
vt 1.000000 0.000000
vt 0.000000 0.000000
vt 1.000000 0.000000
vt 1.000000 1.000000
vt 0.000000 1.000000
vt 0.000000 0.000000
vt 1.000000 0.000000
vt 1.000000 1.000000
vt 0.000000 1.000000
vt 0.500000 1.000000
vt 0.000000 0.000000
vt 1.000000 0.000000
vt 0.500000 1.000000
vt 0.000000 0.000000
vt 1.000000 0.000000
vt 0.000000 0.000000
vt 1.000000 0.000000
vt 1.000000 1.000000
vt 0.000000 1.000000
vt 0.000000 0.000000
vt 1.000000 0.000000
vt 1.000000 1.000000
vt 0.000000 1.000000
vt 0.500000 1.000000
vt 0.000000 0.000000
vt 1.000000 0.000000
vt 0.500000 1.000000
vt 0.000000 0.000000
vt 1.000000 0.000000
vt 0.000000 0.000000
vt 1.000000 0.000000
vt 1.000000 1.000000
vt 0.000000 1.000000
vt 0.000000 0.000000
vt 1.000000 0.000000
vt 1.000000 1.000000
vt 0.000000 1.000000
vt 0.500000 1.000000
vt 0.000000 0.000000
vt 1.000000 0.000000
vt 0.500000 1.000000
vt 0.000000 0.000000
vt 1.000000 0.000000
vt 0.000000 0.000000
vt 1.000000 0.000000
vt 1.000000 1.000000
vt 0.000000 1.000000
vt 0.000000 0.000000
vt 1.000000 0.000000
vt 1.000000 1.000000
vt 0.000000 1.000000
vt 0.500000 1.000000
vt 0.000000 0.000000
vt 1.000000 0.000000
vt 0.500000 1.000000
vt 0.000000 0.000000
vt 1.000000 0.000000
vt 0.000000 0.000000
vt 1.000000 0.000000
vt 1.000000 1.000000
vt 0.000000 1.000000
vt 0.000000 0.000000
vt 1.000000 0.000000
vt 1.000000 1.000000
vt 0.000000 1.000000
vt 0.500000 1.000000
vt 0.000000 0.000000
vt 1.000000 0.000000
vt 0.500000 1.000000
vt 0.000000 0.000000
vt 1.000000 0.000000
vt 0.000000 0.000000
vt 1.000000 0.000000
vt 1.000000 1.000000
vt 0.000000 1.000000
vt 0.000000 0.000000
vt 1.000000 0.000000
vt 1.000000 1.000000
vt 0.000000 1.000000
vt 0.500000 1.000000
vt 0.000000 0.000000
vt 1.000000 0.000000
vt 0.500000 1.000000
vt 0.000000 0.000000
vt 1.000000 0.000000
vt 0.000000 0.000000
vt 1.000000 0.000000
vt 1.000000 1.000000
vt 0.000000 1.000000
vt 0.000000 0.000000
vt 1.000000 0.000000
vt 1.000000 1.000000
vt 0.000000 1.000000
vt 0.500000 1.000000
vt 0.000000 0.000000
vt 1.000000 0.000000
vt 0.500000 1.000000
vt 0.000000 0.000000
vt 1.000000 0.000000
vt 0.000000 0.000000
vt 1.000000 0.000000
vt 1.000000 1.000000
vt 0.000000 1.000000
vt 0.000000 0.000000
vt 1.000000 0.000000
vt 1.000000 1.000000
vt 0.000000 1.000000
vt 0.500000 1.000000
vt 0.000000 0.000000
vt 1.000000 0.000000
vt 0.500000 1.000000
vt 0.000000 0.000000
vt 1.000000 0.000000
vt 0.000000 0.000000
vt 1.000000 0.000000
vt 1.000000 1.000000
vt 0.000000 1.000000
vt 0.000000 0.000000
vt 1.000000 0.000000
vt 1.000000 1.000000
vt 0.000000 1.000000
vt 0.500000 1.000000
vt 0.000000 0.000000
vt 1.000000 0.000000
vt 0.500000 1.000000
vt 0.000000 0.000000
vt 1.000000 0.000000
vt 0.000000 0.000000
vt 1.000000 0.000000
vt 1.000000 1.000000
vt 0.000000 1.000000
vt 0.000000 0.000000
vt 1.000000 0.000000
vt 1.000000 1.000000
vt 0.000000 1.000000
vt 0.500000 1.000000
vt 0.000000 0.000000
vt 1.000000 0.000000
vt 0.500000 1.000000
vt 0.000000 0.000000
vt 1.000000 0.000000
vt 0.000000 0.000000
vt 1.000000 0.000000
vt 1.000000 1.000000
vt 0.000000 1.000000
vt 0.000000 0.000000
vt 1.000000 0.000000
vt 1.000000 1.000000
vt 0.000000 1.000000
vt 0.500000 1.000000
vt 0.000000 0.000000
vt 1.000000 0.000000
vt 0.500000 1.000000
vt 0.000000 0.000000
vt 1.000000 0.000000
vt 0.000000 0.000000
vt 1.000000 0.000000
vt 1.000000 1.000000
vt 0.000000 1.000000
vt 0.000000 0.000000
vt 1.000000 0.000000
vt 1.000000 1.000000
vt 0.000000 1.000000
vt 0.500000 1.000000
vt 0.000000 0.000000
vt 1.000000 0.000000
vt 0.500000 1.000000
vt 0.000000 0.000000
vt 1.000000 0.000000
vt 0.000000 0.000000
vt 1.000000 0.000000
vt 1.000000 1.000000
vt 0.000000 1.000000
vt 0.000000 0.000000
vt 1.000000 0.000000
vt 1.000000 1.000000
vt 0.000000 1.000000
vt 0.500000 1.000000
vt 0.000000 0.000000
vt 1.000000 0.000000
vt 0.500000 1.000000
vt 0.000000 0.000000
vt 1.000000 0.000000
vt 0.000000 0.000000
vt 1.000000 0.000000
vt 1.000000 1.000000
vt 0.000000 1.000000
vt 0.000000 0.000000
vt 1.000000 0.000000
vt 1.000000 1.000000
vt 0.000000 1.000000
vt 0.500000 1.000000
vt 0.000000 0.000000
vt 1.000000 0.000000
vt 0.500000 1.000000
vt 0.000000 0.000000
vt 1.000000 0.000000
vt 0.000000 0.000000
vt 1.000000 0.000000
vt 1.000000 1.000000
vt 0.000000 1.000000
vt 0.000000 0.000000
vt 1.000000 0.000000
vt 1.000000 1.000000
vt 0.000000 1.000000
vt 0.500000 1.000000
vt 0.000000 0.000000
vt 1.000000 0.000000
vt 0.500000 1.000000
vt 0.000000 0.000000
vt 1.000000 0.000000
vt 0.000000 0.000000
vt 1.000000 0.000000
vt 1.000000 1.000000
vt 0.000000 1.000000
vt 0.000000 0.000000
vt 1.000000 0.000000
vt 1.000000 1.000000
vt 0.000000 1.000000
vt 0.500000 1.000000
vt 0.000000 0.000000
vt 1.000000 0.000000
vt 0.500000 1.000000
vt 0.000000 0.000000
vt 1.000000 0.000000
vt 0.000000 0.000000
vt 1.000000 0.000000
vt 1.000000 1.000000
vt 0.000000 1.000000
vt 0.000000 0.000000
vt 1.000000 0.000000
vt 1.000000 1.000000
vt 0.000000 1.000000
vt 0.500000 1.000000
vt 0.000000 0.000000
vt 1.000000 0.000000
vt 0.500000 1.000000
vt 0.000000 0.000000
vt 1.000000 0.000000
vt 0.000000 0.000000
vt 1.000000 0.000000
vt 1.000000 1.000000
vt 0.000000 1.000000
vt 0.000000 0.000000
vt 1.000000 0.000000
vt 1.000000 1.000000
vt 0.000000 1.000000
vt 0.500000 1.000000
vt 0.000000 0.000000
vt 1.000000 0.000000
vt 0.500000 1.000000
vt 0.000000 0.000000
vt 1.000000 0.000000
vt 0.000000 0.000000
vt 1.000000 0.000000
vt 1.000000 1.000000
vt 0.000000 1.000000
vt 0.000000 0.000000
vt 1.000000 0.000000
vt 1.000000 1.000000
vt 0.000000 1.000000
vt 0.500000 1.000000
vt 0.000000 0.000000
vt 1.000000 0.000000
vt 0.500000 1.000000
vt 0.000000 0.000000
vt 1.000000 0.000000
vt 0.000000 0.000000
vt 1.000000 0.000000
vt 1.000000 1.000000
vt 0.000000 1.000000
vt 0.000000 0.000000
vt 1.000000 0.000000
vt 1.000000 1.000000
vt 0.000000 1.000000
vt 0.500000 1.000000
vt 0.000000 0.000000
vt 1.000000 0.000000
vt 0.500000 1.000000
vt 0.000000 0.000000
vt 1.000000 0.000000
vt 0.000000 0.000000
vt 1.000000 0.000000
vt 1.000000 1.000000
vt 0.000000 1.000000
vt 0.000000 0.000000
vt 1.000000 0.000000
vt 1.000000 1.000000
vt 0.000000 1.000000
vt 0.500000 1.000000
vt 0.000000 0.000000
vt 1.000000 0.000000
vt 0.500000 1.000000
vt 0.000000 0.000000
vt 1.000000 0.000000
vt 0.000000 0.000000
vt 1.000000 0.000000
vt 1.000000 1.000000
vt 0.000000 1.000000
vt 0.000000 0.000000
vt 1.000000 0.000000
vt 1.000000 1.000000
vt 0.000000 1.000000
vt 0.500000 1.000000
vt 0.000000 0.000000
vt 1.000000 0.000000
vt 0.500000 1.000000
vt 0.000000 0.000000
vt 1.000000 0.000000
vt 0.000000 0.000000
vt 1.000000 0.000000
vt 1.000000 1.000000
vt 0.000000 1.000000
vt 0.000000 0.000000
vt 1.000000 0.000000
vt 1.000000 1.000000
vt 0.000000 1.000000
vt 0.500000 1.000000
vt 0.000000 0.000000
vt 1.000000 0.000000
vt 0.500000 1.000000
vt 0.000000 0.000000
vt 1.000000 0.000000
vt 0.000000 0.000000
vt 1.000000 0.000000
vt 1.000000 1.000000
vt 0.000000 1.000000
vt 0.000000 0.000000
vt 1.000000 0.000000
vt 1.000000 1.000000
vt 0.000000 1.000000
vt 0.500000 1.000000
vt 0.000000 0.000000
vt 1.000000 0.000000
vt 0.500000 1.000000
vt 0.000000 0.000000
vt 1.000000 0.000000
vt 0.000000 0.000000
vt 1.000000 0.000000
vt 1.000000 1.000000
vt 0.000000 1.000000
vt 0.000000 0.000000
vt 1.000000 0.000000
vt 1.000000 1.000000
vt 0.000000 1.000000
vt 0.500000 1.000000
vt 0.000000 0.000000
vt 1.000000 0.000000
vt 0.500000 1.000000
vt 0.000000 0.000000
vt 1.000000 0.000000
vt 0.000000 0.000000
vt 1.000000 0.000000
vt 1.000000 1.000000
vt 0.000000 1.000000
vt 0.000000 0.000000
vt 1.000000 0.000000
vt 1.000000 1.000000
vt 0.000000 1.000000
vt 0.500000 1.000000
vt 0.000000 0.000000
vt 1.000000 0.000000
vt 0.500000 1.000000
vt 0.000000 0.000000
vt 1.000000 0.000000
vt 0.000000 0.000000
vt 1.000000 0.000000
vt 1.000000 1.000000
vt 0.000000 1.000000
vt 0.000000 0.000000
vt 1.000000 0.000000
vt 1.000000 1.000000
vt 0.000000 1.000000
vt 0.500000 1.000000
vt 0.000000 0.000000
vt 1.000000 0.000000
vt 0.500000 1.000000
vt 0.000000 0.000000
vt 1.000000 0.000000
vt 0.000000 0.000000
vt 1.000000 0.000000
vt 1.000000 1.000000
vt 0.000000 1.000000
vt 0.000000 0.000000
vt 1.000000 0.000000
vt 1.000000 1.000000
vt 0.000000 1.000000
vt 0.500000 1.000000
vt 0.000000 0.000000
vt 1.000000 0.000000
vt 0.500000 1.000000
vt 0.000000 0.000000
vt 1.000000 0.000000
vt 0.000000 0.000000
vt 1.000000 0.000000
vt 1.000000 1.000000
vt 0.000000 1.000000
vt 0.000000 0.000000
vt 1.000000 0.000000
vt 1.000000 1.000000
vt 0.000000 1.000000
vt 0.500000 1.000000
vt 0.000000 0.000000
vt 1.000000 0.000000
vt 0.500000 1.000000
vt 0.000000 0.000000
vt 1.000000 0.000000
vt 0.000000 0.000000
vt 1.000000 0.000000
vt 1.000000 1.000000
vt 0.000000 1.000000
vt 0.000000 0.000000
vt 1.000000 0.000000
vt 1.000000 1.000000
vt 0.000000 1.000000
vt 0.500000 1.000000
vt 0.000000 0.000000
vt 1.000000 0.000000
vt 0.500000 1.000000
vt 0.000000 0.000000
vt 1.000000 0.000000
vt 0.000000 0.000000
vt 1.000000 0.000000
vt 1.000000 1.000000
vt 0.000000 1.000000
vt 0.000000 0.000000
vt 1.000000 0.000000
vt 1.000000 1.000000
vt 0.000000 1.000000
vt 0.500000 1.000000
vt 0.000000 0.000000
vt 1.000000 0.000000
vt 0.500000 1.000000
vt 0.000000 0.000000
vt 1.000000 0.000000
vt 0.000000 0.000000
vt 1.000000 0.000000
vt 1.000000 1.000000
vt 0.000000 1.000000
vt 0.000000 0.000000
vt 1.000000 0.000000
vt 1.000000 1.000000
vt 0.000000 1.000000
vt 0.500000 1.000000
vt 0.000000 0.000000
vt 1.000000 0.000000
vt 0.500000 1.000000
vt 0.000000 0.000000
vt 1.000000 0.000000
vt 0.000000 0.000000
vt 1.000000 0.000000
vt 1.000000 1.000000
vt 0.000000 1.000000
vt 0.000000 0.000000
vt 1.000000 0.000000
vt 1.000000 1.000000
vt 0.000000 1.000000
vt 0.500000 1.000000
vt 0.000000 0.000000
vt 1.000000 0.000000
vt 0.500000 1.000000
vt 0.000000 0.000000
vt 1.000000 0.000000
vt 0.000000 0.000000
vt 1.000000 0.000000
vt 1.000000 1.000000
vt 0.000000 1.000000
vt 0.000000 0.000000
vt 1.000000 0.000000
vt 1.000000 1.000000
vt 0.000000 1.000000
vt 0.500000 1.000000
vt 0.000000 0.000000
vt 1.000000 0.000000
vt 0.500000 1.000000
vt 0.000000 0.000000
vt 1.000000 0.000000
vt 0.000000 0.000000
vt 1.000000 0.000000
vt 1.000000 1.000000
vt 0.000000 1.000000
vt 0.000000 0.000000
vt 1.000000 0.000000
vt 1.000000 1.000000
vt 0.000000 1.000000
vt 0.500000 1.000000
vt 0.000000 0.000000
vt 1.000000 0.000000
vt 0.500000 1.000000
vt 0.000000 0.000000
vt 1.000000 0.000000
vt 0.000000 0.000000
vt 1.000000 0.000000
vt 1.000000 1.000000
vt 0.000000 1.000000
vt 0.000000 0.000000
vt 1.000000 0.000000
vt 1.000000 1.000000
vt 0.000000 1.000000
vt 0.500000 1.000000
vt 0.000000 0.000000
vt 1.000000 0.000000
vt 0.500000 1.000000
vt 0.000000 0.000000
vt 1.000000 0.000000
vt 0.000000 0.000000
vt 1.000000 0.000000
vt 1.000000 1.000000
vt 0.000000 1.000000
vt 0.000000 0.000000
vt 1.000000 0.000000
vt 1.000000 1.000000
vt 0.000000 1.000000
vt 0.500000 1.000000
vt 0.000000 0.000000
vt 1.000000 0.000000
vt 0.500000 1.000000
vt 0.000000 0.000000
vt 1.000000 0.000000
vt 0.000000 0.000000
vt 1.000000 0.000000
vt 1.000000 1.000000
vt 0.000000 1.000000
vt 0.000000 0.000000
vt 1.000000 0.000000
vt 1.000000 1.000000
vt 0.000000 1.000000
vt 0.500000 1.000000
vt 0.000000 0.000000
vt 1.000000 0.000000
vt 0.500000 1.000000
vt 0.000000 0.000000
vt 1.000000 0.000000
vt 0.000000 0.000000
vt 1.000000 0.000000
vt 1.000000 1.000000
vt 0.000000 1.000000
vt 0.000000 0.000000
vt 1.000000 0.000000
vt 1.000000 1.000000
vt 0.000000 1.000000
vt 0.500000 1.000000
vt 0.000000 0.000000
vt 1.000000 0.000000
vt 0.500000 1.000000
vt 0.000000 0.000000
vt 1.000000 0.000000
vt 0.000000 0.000000
vt 1.000000 0.000000
vt 1.000000 1.000000
vt 0.000000 1.000000
vt 0.000000 0.000000
vt 1.000000 0.000000
vt 1.000000 1.000000
vt 0.000000 1.000000
vt 0.500000 1.000000
vt 0.000000 0.000000
vt 1.000000 0.000000
vt 0.500000 1.000000
vt 0.000000 0.000000
vt 1.000000 0.000000
vt 0.000000 0.000000
vt 1.000000 0.000000
vt 1.000000 1.000000
vt 0.000000 1.000000
vt 0.000000 0.000000
vt 1.000000 0.000000
vt 1.000000 1.000000
vt 0.000000 1.000000
vt 0.500000 1.000000
vt 0.000000 0.000000
vt 1.000000 0.000000
vt 0.500000 1.000000
vt 0.000000 0.000000
vt 1.000000 0.000000
vt 0.000000 0.000000
vt 1.000000 0.000000
vt 1.000000 1.000000
vt 0.000000 1.000000
vt 0.000000 0.000000
vt 1.000000 0.000000
vt 1.000000 1.000000
vt 0.000000 1.000000
vt 0.500000 1.000000
vt 0.000000 0.000000
vt 1.000000 0.000000
vt 0.500000 1.000000
vt 0.000000 0.000000
vt 1.000000 0.000000
vt 0.000000 0.000000
vt 1.000000 0.000000
vt 1.000000 1.000000
vt 0.000000 1.000000
vt 0.000000 0.000000
vt 1.000000 0.000000
vt 1.000000 1.000000
vt 0.000000 1.000000
vt 0.500000 1.000000
vt 0.000000 0.000000
vt 1.000000 0.000000
vt 0.500000 1.000000
vt 0.000000 0.000000
vt 1.000000 0.000000
vt 0.000000 0.000000
vt 1.000000 0.000000
vt 1.000000 1.000000
vt 0.000000 1.000000
vt 0.000000 0.000000
vt 1.000000 0.000000
vt 1.000000 1.000000
vt 0.000000 1.000000
vt 0.500000 1.000000
vt 0.000000 0.000000
vt 1.000000 0.000000
vt 0.500000 1.000000
vt 0.000000 0.000000
vt 1.000000 0.000000
vt 0.000000 0.000000
vt 1.000000 0.000000
vt 1.000000 1.000000
vt 0.000000 1.000000
vt 0.000000 0.000000
vt 1.000000 0.000000
vt 1.000000 1.000000
vt 0.000000 1.000000
vt 0.500000 1.000000
vt 0.000000 0.000000
vt 1.000000 0.000000
vt 0.500000 1.000000
vt 0.000000 0.000000
vt 1.000000 0.000000
vt 0.000000 0.000000
vt 1.000000 0.000000
vt 1.000000 1.000000
vt 0.000000 1.000000
vt 0.000000 0.000000
vt 1.000000 0.000000
vt 1.000000 1.000000
vt 0.000000 1.000000
vt 0.500000 1.000000
vt 0.000000 0.000000
vt 1.000000 0.000000
vt 0.500000 1.000000
vt 0.000000 0.000000
vt 1.000000 0.000000
vt 0.000000 0.000000
vt 1.000000 0.000000
vt 1.000000 1.000000
vt 0.000000 1.000000
vt 0.000000 0.000000
vt 1.000000 0.000000
vt 1.000000 1.000000
vt 0.000000 1.000000
vt 0.500000 1.000000
vt 0.000000 0.000000
vt 1.000000 0.000000
vt 0.500000 1.000000
vt 0.000000 0.000000
vt 1.000000 0.000000
vt 0.000000 0.000000
vt 1.000000 0.000000
vt 1.000000 1.000000
vt 0.000000 1.000000
vt 0.000000 0.000000
vt 1.000000 0.000000
vt 1.000000 1.000000
vt 0.000000 1.000000
vt 0.500000 1.000000
vt 0.000000 0.000000
vt 1.000000 0.000000
vt 0.500000 1.000000
vt 0.000000 0.000000
vt 1.000000 0.000000
vt 0.000000 0.000000
vt 1.000000 0.000000
vt 1.000000 1.000000
vt 0.000000 1.000000
vt 0.000000 0.000000
vt 1.000000 0.000000
vt 1.000000 1.000000
vt 0.000000 1.000000
vt 0.500000 1.000000
vt 0.000000 0.000000
vt 1.000000 0.000000
vt 0.500000 1.000000
vt 0.000000 0.000000
vt 1.000000 0.000000
vt 0.000000 0.000000
vt 1.000000 0.000000
vt 1.000000 1.000000
vt 0.000000 1.000000
vt 0.000000 0.000000
vt 1.000000 0.000000
vt 1.000000 1.000000
vt 0.000000 1.000000
vt 0.500000 1.000000
vt 0.000000 0.000000
vt 1.000000 0.000000
vt 0.500000 1.000000
vt 0.000000 0.000000
vt 1.000000 0.000000
vt 0.000000 0.000000
vt 1.000000 0.000000
vt 1.000000 1.000000
vt 0.000000 1.000000
vt 0.000000 0.000000
vt 1.000000 0.000000
vt 1.000000 1.000000
vt 0.000000 1.000000
vt 0.500000 1.000000
vt 0.000000 0.000000
vt 1.000000 0.000000
vt 0.500000 1.000000
vt 0.000000 0.000000
vt 1.000000 0.000000
vt 0.000000 0.000000
vt 1.000000 0.000000
vt 1.000000 1.000000
vt 0.000000 1.000000
vt 0.000000 0.000000
vt 1.000000 0.000000
vt 1.000000 1.000000
vt 0.000000 1.000000
vt 0.500000 1.000000
vt 0.000000 0.000000
vt 1.000000 0.000000
vt 0.500000 1.000000
vt 0.000000 0.000000
vt 1.000000 0.000000
vt 0.000000 0.000000
vt 1.000000 0.000000
vt 1.000000 1.000000
vt 0.000000 1.000000
vt 0.000000 0.000000
vt 1.000000 0.000000
vt 1.000000 1.000000
vt 0.000000 1.000000
vt 0.500000 1.000000
vt 0.000000 0.000000
vt 1.000000 0.000000
vt 0.500000 1.000000
vt 0.000000 0.000000
vt 1.000000 0.000000
vt 0.000000 0.000000
vt 1.000000 0.000000
vt 1.000000 1.000000
vt 0.000000 1.000000
vt 0.000000 0.000000
vt 1.000000 0.000000
vt 1.000000 1.000000
vt 0.000000 1.000000
vt 0.500000 1.000000
vt 0.000000 0.000000
vt 1.000000 0.000000
vt 0.500000 1.000000
vt 0.000000 0.000000
vt 1.000000 0.000000
vt 0.000000 0.000000
vt 1.000000 0.000000
vt 1.000000 1.000000
vt 0.000000 1.000000
vt 0.000000 0.000000
vt 1.000000 0.000000
vt 1.000000 1.000000
vt 0.000000 1.000000
vt 0.500000 1.000000
vt 0.000000 0.000000
vt 1.000000 0.000000
vt 0.500000 1.000000
vt 0.000000 0.000000
vt 1.000000 0.000000
vt 0.000000 0.000000
vt 1.000000 0.000000
vt 1.000000 1.000000
vt 0.000000 1.000000
vt 0.000000 0.000000
vt 1.000000 0.000000
vt 1.000000 1.000000
vt 0.000000 1.000000
vt 0.500000 1.000000
vt 0.000000 0.000000
vt 1.000000 0.000000
vt 0.500000 1.000000
vt 0.000000 0.000000
vt 1.000000 0.000000
vt 0.000000 0.000000
vt 1.000000 0.000000
vt 1.000000 1.000000
vt 0.000000 1.000000
vt 0.000000 0.000000
vt 1.000000 0.000000
vt 1.000000 1.000000
vt 0.000000 1.000000
vt 0.500000 1.000000
vt 0.000000 0.000000
vt 1.000000 0.000000
vt 0.500000 1.000000
vt 0.000000 0.000000
vt 1.000000 0.000000
vt 0.000000 0.000000
vt 1.000000 0.000000
vt 1.000000 1.000000
vt 0.000000 1.000000
vt 0.000000 0.000000
vt 1.000000 0.000000
vt 1.000000 1.000000
vt 0.000000 1.000000
vt 0.500000 1.000000
vt 0.000000 0.000000
vt 1.000000 0.000000
vt 0.500000 1.000000
vt 0.000000 0.000000
vt 1.000000 0.000000
vt 0.000000 0.000000
vt 1.000000 0.000000
vt 1.000000 1.000000
vt 0.000000 1.000000
vt 0.000000 0.000000
vt 1.000000 0.000000
vt 1.000000 1.000000
vt 0.000000 1.000000
vt 0.500000 1.000000
vt 0.000000 0.000000
vt 1.000000 0.000000
vt 0.500000 1.000000
vt 0.000000 0.000000
vt 1.000000 0.000000
vt 0.000000 0.000000
vt 1.000000 0.000000
vt 1.000000 1.000000
vt 0.000000 1.000000
vt 0.000000 0.000000
vt 1.000000 0.000000
vt 1.000000 1.000000
vt 0.000000 1.000000
vt 0.500000 1.000000
vt 0.000000 0.000000
vt 1.000000 0.000000
vt 0.500000 1.000000
vt 0.000000 0.000000
vt 1.000000 0.000000
vt 0.000000 0.000000
vt 1.000000 0.000000
vt 1.000000 1.000000
vt 0.000000 1.000000
vt 0.000000 0.000000
vt 1.000000 0.000000
vt 1.000000 1.000000
vt 0.000000 1.000000
vt 0.500000 1.000000
vt 0.000000 0.000000
vt 1.000000 0.000000
vt 0.500000 1.000000
vt 0.000000 0.000000
vt 1.000000 0.000000
vt 0.000000 0.000000
vt 1.000000 0.000000
vt 1.000000 1.000000
vt 0.000000 1.000000
vt 0.000000 0.000000
vt 1.000000 0.000000
vt 1.000000 1.000000
vt 0.000000 1.000000
vt 0.500000 1.000000
vt 0.000000 0.000000
vt 1.000000 0.000000
vt 0.500000 1.000000
vt 0.000000 0.000000
vt 1.000000 0.000000
vt 0.000000 0.000000
vt 1.000000 0.000000
vt 1.000000 1.000000
vt 0.000000 1.000000
vt 0.000000 0.000000
vt 1.000000 0.000000
vt 1.000000 1.000000
vt 0.000000 1.000000
vt 0.500000 1.000000
vt 0.000000 0.000000
vt 1.000000 0.000000
vt 0.500000 1.000000
vt 0.000000 0.000000
vt 1.000000 0.000000
vt 0.000000 0.000000
vt 1.000000 0.000000
vt 1.000000 1.000000
vt 0.000000 1.000000
vt 0.000000 0.000000
vt 1.000000 0.000000
vt 1.000000 1.000000
vt 0.000000 1.000000
vt 0.500000 1.000000
vt 0.000000 0.000000
vt 1.000000 0.000000
vt 0.500000 1.000000
vt 0.000000 0.000000
vt 1.000000 0.000000
vt 0.000000 0.000000
vt 1.000000 0.000000
vt 1.000000 1.000000
vt 0.000000 1.000000
vt 0.000000 0.000000
vt 1.000000 0.000000
vt 1.000000 1.000000
vt 0.000000 1.000000
vt 0.500000 1.000000
vt 0.000000 0.000000
vt 1.000000 0.000000
vt 0.500000 1.000000
vt 0.000000 0.000000
vt 1.000000 0.000000
vt 0.000000 0.000000
vt 1.000000 0.000000
vt 1.000000 1.000000
vt 0.000000 1.000000
vt 0.000000 0.000000
vt 1.000000 0.000000
vt 1.000000 1.000000
vt 0.000000 1.000000
vt 0.500000 1.000000
vt 0.000000 0.000000
vt 1.000000 0.000000
vt 0.500000 1.000000
vt 0.000000 0.000000
vt 1.000000 0.000000
vt 0.000000 0.000000
vt 1.000000 0.000000
vt 1.000000 1.000000
vt 0.000000 1.000000
vt 0.000000 0.000000
vt 1.000000 0.000000
vt 1.000000 1.000000
vt 0.000000 1.000000
vt 0.500000 1.000000
vt 0.000000 0.000000
vt 1.000000 0.000000
vt 0.500000 1.000000
vt 0.000000 0.000000
vt 1.000000 0.000000
vt 0.000000 0.000000
vt 1.000000 0.000000
vt 1.000000 1.000000
vt 0.000000 1.000000
vt 0.000000 0.000000
vt 1.000000 0.000000
vt 1.000000 1.000000
vt 0.000000 1.000000
vt 0.500000 1.000000
vt 0.000000 0.000000
vt 1.000000 0.000000
vt 0.500000 1.000000
vt 0.000000 0.000000
vt 1.000000 0.000000
vt 0.000000 0.000000
vt 1.000000 0.000000
vt 1.000000 1.000000
vt 0.000000 1.000000
vt 0.000000 0.000000
vt 1.000000 0.000000
vt 1.000000 1.000000
vt 0.000000 1.000000
vt 0.500000 1.000000
vt 0.000000 0.000000
vt 1.000000 0.000000
vt 0.500000 1.000000
vt 0.000000 0.000000
vt 1.000000 0.000000
vt 0.000000 0.000000
vt 1.000000 0.000000
vt 1.000000 1.000000
vt 0.000000 1.000000
vt 0.000000 0.000000
vt 1.000000 0.000000
vt 1.000000 1.000000
vt 0.000000 1.000000
vt 0.500000 1.000000
vt 0.000000 0.000000
vt 1.000000 0.000000
vt 0.500000 1.000000
vt 0.000000 0.000000
vt 1.000000 0.000000
vt 0.000000 0.000000
vt 1.000000 0.000000
vt 1.000000 1.000000
vt 0.000000 1.000000
vt 0.000000 0.000000
vt 1.000000 0.000000
vt 1.000000 1.000000
vt 0.000000 1.000000
vt 0.500000 1.000000
vt 0.000000 0.000000
vt 1.000000 0.000000
vt 0.500000 1.000000
vt 0.000000 0.000000
vt 1.000000 0.000000
vt 0.000000 0.000000
vt 1.000000 0.000000
vt 1.000000 1.000000
vt 0.000000 1.000000
vt 0.000000 0.000000
vt 1.000000 0.000000
vt 1.000000 1.000000
vt 0.000000 1.000000
vt 0.500000 1.000000
vt 0.000000 0.000000
vt 1.000000 0.000000
vt 0.500000 1.000000
vt 0.000000 0.000000
vt 1.000000 0.000000
vt 0.000000 0.000000
vt 1.000000 0.000000
vt 1.000000 1.000000
vt 0.000000 1.000000
vt 0.000000 0.000000
vt 1.000000 0.000000
vt 1.000000 1.000000
vt 0.000000 1.000000
vt 0.500000 1.000000
vt 0.000000 0.000000
vt 1.000000 0.000000
vt 0.500000 1.000000
vt 0.000000 0.000000
vt 1.000000 0.000000
vt 0.000000 0.000000
vt 1.000000 0.000000
vt 1.000000 1.000000
vt 0.000000 1.000000
vt 0.000000 0.000000
vt 1.000000 0.000000
vt 1.000000 1.000000
vt 0.000000 1.000000
vt 0.500000 1.000000
vt 0.000000 0.000000
vt 1.000000 0.000000
vt 0.500000 1.000000
vt 0.000000 0.000000
vt 1.000000 0.000000
vt 0.000000 0.000000
vt 1.000000 0.000000
vt 1.000000 1.000000
vt 0.000000 1.000000
vt 0.000000 0.000000
vt 1.000000 0.000000
vt 1.000000 1.000000
vt 0.000000 1.000000
vt 0.500000 1.000000
vt 0.000000 0.000000
vt 1.000000 0.000000
vt 0.500000 1.000000
vt 0.000000 0.000000
vt 1.000000 0.000000
vt 0.000000 0.000000
vt 1.000000 0.000000
vt 1.000000 1.000000
vt 0.000000 1.000000
vt 0.000000 0.000000
vt 1.000000 0.000000
vt 1.000000 1.000000
vt 0.000000 1.000000
vt 0.500000 1.000000
vt 0.000000 0.000000
vt 1.000000 0.000000
vt 0.500000 1.000000
vt 0.000000 0.000000
vt 1.000000 0.000000
vt 0.000000 0.000000
vt 1.000000 0.000000
vt 1.000000 1.000000
vt 0.000000 1.000000
vt 0.000000 0.000000
vt 1.000000 0.000000
vt 1.000000 1.000000
vt 0.000000 1.000000
vt 0.500000 1.000000
vt 0.000000 0.000000
vt 1.000000 0.000000
vt 0.500000 1.000000
vt 0.000000 0.000000
vt 1.000000 0.000000
vt 0.000000 0.000000
vt 1.000000 0.000000
vt 1.000000 1.000000
vt 0.000000 1.000000
vt 0.000000 0.000000
vt 1.000000 0.000000
vt 1.000000 1.000000
vt 0.000000 1.000000
vt 0.500000 1.000000
vt 0.000000 0.000000
vt 1.000000 0.000000
vt 0.500000 1.000000
vt 0.000000 0.000000
vt 1.000000 0.000000
vt 0.000000 0.000000
vt 1.000000 0.000000
vt 1.000000 1.000000
vt 0.000000 1.000000
vt 0.000000 0.000000
vt 1.000000 0.000000
vt 1.000000 1.000000
vt 0.000000 1.000000
vt 0.500000 1.000000
vt 0.000000 0.000000
vt 1.000000 0.000000
vt 0.500000 1.000000
vt 0.000000 0.000000
vt 1.000000 0.000000
vt 0.000000 0.000000
vt 1.000000 0.000000
vt 1.000000 1.000000
vt 0.000000 1.000000
vt 0.000000 0.000000
vt 1.000000 0.000000
vt 1.000000 1.000000
vt 0.000000 1.000000
vt 0.500000 1.000000
vt 0.000000 0.000000
vt 1.000000 0.000000
vt 0.500000 1.000000
vt 0.000000 0.000000
vt 1.000000 0.000000
vt 0.000000 0.000000
vt 1.000000 0.000000
vt 1.000000 1.000000
vt 0.000000 1.000000
vt 0.000000 0.000000
vt 1.000000 0.000000
vt 1.000000 1.000000
vt 0.000000 1.000000
vt 0.500000 1.000000
vt 0.000000 0.000000
vt 1.000000 0.000000
vt 0.500000 1.000000
vt 0.000000 0.000000
vt 1.000000 0.000000
vt 0.000000 0.000000
vt 1.000000 0.000000
vt 1.000000 1.000000
vt 0.000000 1.000000
vt 0.000000 0.000000
vt 1.000000 0.000000
vt 1.000000 1.000000
vt 0.000000 1.000000
vt 0.500000 1.000000
vt 0.000000 0.000000
vt 1.000000 0.000000
vt 0.500000 1.000000
vt 0.000000 0.000000
vt 1.000000 0.000000
vt 0.000000 0.000000
vt 1.000000 0.000000
vt 1.000000 1.000000
vt 0.000000 1.000000
vt 0.000000 0.000000
vt 1.000000 0.000000
vt 1.000000 1.000000
vt 0.000000 1.000000
vt 0.500000 1.000000
vt 0.000000 0.000000
vt 1.000000 0.000000
vt 0.500000 1.000000
vt 0.000000 0.000000
vt 1.000000 0.000000
vt 0.000000 0.000000
vt 1.000000 0.000000
vt 1.000000 1.000000
vt 0.000000 1.000000
vt 0.000000 0.000000
vt 1.000000 0.000000
vt 1.000000 1.000000
vt 0.000000 1.000000
vt 0.500000 1.000000
vt 0.000000 0.000000
vt 1.000000 0.000000
vt 0.500000 1.000000
vt 0.000000 0.000000
vt 1.000000 0.000000
vt 0.000000 0.000000
vt 1.000000 0.000000
vt 1.000000 1.000000
vt 0.000000 1.000000
vt 0.000000 0.000000
vt 1.000000 0.000000
vt 1.000000 1.000000
vt 0.000000 1.000000
vt 0.500000 1.000000
vt 0.000000 0.000000
vt 1.000000 0.000000
vt 0.500000 1.000000
vt 0.000000 0.000000
vt 1.000000 0.000000
vt 0.000000 0.000000
vt 1.000000 0.000000
vt 1.000000 1.000000
vt 0.000000 1.000000
vt 0.000000 0.000000
vt 1.000000 0.000000
vt 1.000000 1.000000
vt 0.000000 1.000000
vt 0.500000 1.000000
vt 0.000000 0.000000
vt 1.000000 0.000000
vt 0.500000 1.000000
vt 0.000000 0.000000
vt 1.000000 0.000000
vt 0.000000 0.000000
vt 1.000000 0.000000
vt 1.000000 1.000000
vt 0.000000 1.000000
vt 0.000000 0.000000
vt 1.000000 0.000000
vt 1.000000 1.000000
vt 0.000000 1.000000
vt 0.500000 1.000000
vt 0.000000 0.000000
vt 1.000000 0.000000
vt 0.500000 1.000000
vt 0.000000 0.000000
vt 1.000000 0.000000
vt 0.000000 0.000000
vt 1.000000 0.000000
vt 1.000000 1.000000
vt 0.000000 1.000000
vt 0.000000 0.000000
vt 1.000000 0.000000
vt 1.000000 1.000000
vt 0.000000 1.000000
vt 0.500000 1.000000
vt 0.000000 0.000000
vt 1.000000 0.000000
vt 0.500000 1.000000
vt 0.000000 0.000000
vt 1.000000 0.000000
vt 0.000000 0.000000
vt 1.000000 0.000000
vt 1.000000 1.000000
vt 0.000000 1.000000
vt 0.000000 0.000000
vt 1.000000 0.000000
vt 1.000000 1.000000
vt 0.000000 1.000000
vt 0.500000 1.000000
vt 0.000000 0.000000
vt 1.000000 0.000000
vt 0.500000 1.000000
vt 0.000000 0.000000
vt 1.000000 0.000000
vt 0.000000 0.000000
vt 1.000000 0.000000
vt 1.000000 1.000000
vt 0.000000 1.000000
vt 0.000000 0.000000
vt 1.000000 0.000000
vt 1.000000 1.000000
vt 0.000000 1.000000
vt 0.500000 1.000000
vt 0.000000 0.000000
vt 1.000000 0.000000
vt 0.500000 1.000000
vt 0.000000 0.000000
vt 1.000000 0.000000
vt 0.000000 0.000000
vt 1.000000 0.000000
vt 1.000000 1.000000
vt 0.000000 1.000000
vt 0.000000 0.000000
vt 1.000000 0.000000
vt 1.000000 1.000000
vt 0.000000 1.000000
vt 0.500000 1.000000
vt 0.000000 0.000000
vt 1.000000 0.000000
vt 0.500000 1.000000
vt 0.000000 0.000000
vt 1.000000 0.000000
vt 0.000000 0.000000
vt 1.000000 0.000000
vt 1.000000 1.000000
vt 0.000000 1.000000
vt 0.000000 0.000000
vt 1.000000 0.000000
vt 1.000000 1.000000
vt 0.000000 1.000000
vt 0.500000 1.000000
vt 0.000000 0.000000
vt 1.000000 0.000000
vt 0.500000 1.000000
vt 0.000000 0.000000
vt 1.000000 0.000000
vt 0.000000 0.000000
vt 1.000000 0.000000
vt 1.000000 1.000000
vt 0.000000 1.000000
vt 0.000000 0.000000
vt 1.000000 0.000000
vt 1.000000 1.000000
vt 0.000000 1.000000
vt 0.500000 1.000000
vt 0.000000 0.000000
vt 1.000000 0.000000
vt 0.500000 1.000000
vt 0.000000 0.000000
vt 1.000000 0.000000
vt 0.000000 0.000000
vt 1.000000 0.000000
vt 1.000000 1.000000
vt 0.000000 1.000000
vt 0.000000 0.000000
vt 1.000000 0.000000
vt 1.000000 1.000000
vt 0.000000 1.000000
vt 0.500000 1.000000
vt 0.000000 0.000000
vt 1.000000 0.000000
vt 0.500000 1.000000
vt 0.000000 0.000000
vt 1.000000 0.000000
vt 0.000000 0.000000
vt 1.000000 0.000000
vt 1.000000 1.000000
vt 0.000000 1.000000
vt 0.000000 0.000000
vt 1.000000 0.000000
vt 1.000000 1.000000
vt 0.000000 1.000000
vt 0.500000 1.000000
vt 0.000000 0.000000
vt 1.000000 0.000000
vt 0.500000 1.000000
vt 0.000000 0.000000
vt 1.000000 0.000000
vt 0.000000 0.000000
vt 1.000000 0.000000
vt 1.000000 1.000000
vt 0.000000 1.000000
vt 0.000000 0.000000
vt 1.000000 0.000000
vt 1.000000 1.000000
vt 0.000000 1.000000
vt 0.500000 1.000000
vt 0.000000 0.000000
vt 1.000000 0.000000
vt 0.500000 1.000000
vt 0.000000 0.000000
vt 1.000000 0.000000
vt 0.000000 0.000000
vt 1.000000 0.000000
vt 1.000000 1.000000
vt 0.000000 1.000000
vt 0.000000 0.000000
vt 1.000000 0.000000
vt 1.000000 1.000000
vt 0.000000 1.000000
vt 0.500000 1.000000
vt 0.000000 0.000000
vt 1.000000 0.000000
vt 0.500000 1.000000
vt 0.000000 0.000000
vt 1.000000 0.000000
vt 0.000000 0.000000
vt 1.000000 0.000000
vt 1.000000 1.000000
vt 0.000000 1.000000
vt 0.000000 0.000000
vt 1.000000 0.000000
vt 1.000000 1.000000
vt 0.000000 1.000000
vt 0.500000 1.000000
vt 0.000000 0.000000
vt 1.000000 0.000000
s 1
usemtl models/caelum/world/environment/bark_city.png
f 1/1 2/2 3/3 4/4
f 5/5 6/6 7/7
f 8/8 9/9 10/10 11/11
f 12/12 13/13 14/14
f 15/15 16/16 17/17 18/18
f 19/19 20/20 21/21
f 22/22 23/23 24/24 25/25
f 26/26 27/27 28/28
f 29/29 30/30 31/31 32/32
f 33/33 34/34 35/35
f 36/36 37/37 38/38 39/39
f 40/40 41/41 42/42
f 43/43 44/44 45/45 46/46
f 47/47 48/48 49/49
f 50/50 51/51 52/52 53/53
f 54/54 55/55 56/56
f 57/57 58/58 59/59 60/60
f 61/61 62/62 63/63
f 64/64 65/65 66/66 67/67
f 68/68 69/69 70/70 71/71
f 72/72 73/73 74/74 75/75
f 76/76 77/77 78/78 79/79
f 80/80 81/81 82/82 83/83
f 84/84 85/85 86/86 87/87
f 88/88 89/89 90/90 91/91
f 92/92 93/93 94/94 95/95
f 96/96 97/97 98/98 99/99
f 100/100 101/101 102/102 103/103
f 104/104 105/105 106/106
f 107/107 108/108 109/109 110/110
f 111/111 112/112 113/113
f 114/114 115/115 116/116 117/117
f 118/118 119/119 120/120
f 121/121 122/122 123/123 124/124
f 125/125 126/126 127/127
f 128/128 129/129 130/130 131/131
f 132/132 133/133 134/134
f 135/135 136/136 137/137 138/138
f 139/139 140/140 141/141
f 142/142 143/143 144/144 145/145
f 146/146 147/147 148/148
f 149/149 150/150 151/151 152/152
f 153/153 154/154 155/155
f 156/156 157/157 158/158 159/159
f 160/160 161/161 162/162
f 163/163 164/164 165/165 166/166
f 167/167 168/168 169/169
f 170/170 171/171 172/172 173/173
f 174/174 175/175 176/176
f 177/177 178/178 179/179 180/180
f 181/181 182/182 183/183
f 184/184 185/185 186/186 187/187
f 188/188 189/189 190/190
f 191/191 192/192 193/193 194/194
f 195/195 196/196 197/197
f 198/198 199/199 200/200 201/201
f 202/202 203/203 204/204
f 205/205 206/206 207/207 208/208
f 209/209 210/210 211/211
f 212/212 213/213 214/214 215/215
f 216/216 217/217 218/218
f 219/219 220/220 221/221 222/222
f 223/223 224/224 225/225
f 226/226 227/227 228/228 229/229
f 230/230 231/231 232/232
f 233/233 234/234 235/235 236/236
f 237/237 238/238 239/239
f 240/240 241/241 242/242 243/243
f 244/244 245/245 246/246
f 247/247 248/248 249/249 250/250
f 251/251 252/252 253/253
f 254/254 255/255 256/256 257/257
f 258/258 259/259 260/260
f 261/261 262/262 263/263 264/264
f 265/265 266/266 267/267
f 268/268 269/269 270/270 271/271
f 272/272 273/273 274/274
f 275/275 276/276 277/277 278/278
f 279/279 280/280 281/281
f 282/282 283/283 284/284 285/285
f 286/286 287/287 288/288
f 289/289 290/290 291/291 292/292
f 293/293 294/294 295/295
f 296/296 297/297 298/298 299/299
f 300/300 301/301 302/302
f 303/303 304/304 305/305 306/306
f 307/307 308/308 309/309
f 310/310 311/311 312/312 313/313
f 314/314 315/315 316/316
f 317/317 318/318 319/319 320/320
f 321/321 322/322 323/323
f 324/324 325/325 326/326 327/327
f 328/328 329/329 330/330
f 331/331 332/332 333/333 334/334
f 335/335 336/336 337/337
f 338/338 339/339 340/340 341/341
f 342/342 343/343 344/344
f 345/345 346/346 347/347 348/348
f 349/349 350/350 351/351
f 352/352 353/353 354/354 355/355
f 356/356 357/357 358/358
f 359/359 360/360 361/361 362/362
f 363/363 364/364 365/365
f 366/366 367/367 368/368 369/369
f 370/370 371/371 372/372
f 373/373 374/374 375/375 376/376
f 377/377 378/378 379/379
f 380/380 381/381 382/382 383/383
f 384/384 385/385 386/386
f 387/387 388/388 389/389 390/390
f 391/391 392/392 393/393
f 394/394 395/395 396/396 397/397
f 398/398 399/399 400/400
f 401/401 402/402 403/403 404/404
f 405/405 406/406 407/407
f 408/408 409/409 410/410 411/411
f 412/412 413/413 414/414
f 415/415 416/416 417/417 418/418
f 419/419 420/420 421/421
f 422/422 423/423 424/424 425/425
f 426/426 427/427 428/428
f 429/429 430/430 431/431 432/432
f 433/433 434/434 435/435
f 436/436 437/437 438/438 439/439
f 440/440 441/441 442/442
f 443/443 444/444 445/445 446/446
f 447/447 448/448 449/449
f 450/450 451/451 452/452 453/453
f 454/454 455/455 456/456
f 457/457 458/458 459/459 460/460
f 461/461 462/462 463/463
f 464/464 465/465 466/466 467/467
f 468/468 469/469 470/470
f 471/471 472/472 473/473 474/474
f 475/475 476/476 477/477
f 478/478 479/479 480/480 481/481
f 482/482 483/483 484/484
f 485/485 486/486 487/487 488/488
f 489/489 490/490 491/491
f 492/492 493/493 494/494 495/495
f 496/496 497/497 498/498
f 499/499 500/500 501/501 502/502
f 503/503 504/504 505/505
f 506/506 507/507 508/508 509/509
f 510/510 511/511 512/512
f 513/513 514/514 515/515 516/516
f 517/517 518/518 519/519
f 520/520 521/521 522/522 523/523
f 524/524 525/525 526/526
f 527/527 528/528 529/529 530/530
f 531/531 532/532 533/533
f 534/534 535/535 536/536 537/537
f 538/538 539/539 540/540
f 541/541 542/542 543/543 544/544
f 545/545 546/546 547/547
f 548/548 549/549 550/550 551/551
f 552/552 553/553 554/554
f 555/555 556/556 557/557 558/558
f 559/559 560/560 561/561
f 562/562 563/563 564/564 565/565
f 566/566 567/567 568/568
f 569/569 570/570 571/571 572/572
f 573/573 574/574 575/575
f 576/576 577/577 578/578 579/579
f 580/580 581/581 582/582
f 583/583 584/584 585/585 586/586
f 587/587 588/588 589/589
f 590/590 591/591 592/592 593/593
f 594/594 595/595 596/596
f 597/597 598/598 599/599 600/600
f 601/601 602/602 603/603
f 604/604 605/605 606/606 607/607
f 608/608 609/609 610/610
f 611/611 612/612 613/613 614/614
f 615/615 616/616 617/617
f 618/618 619/619 620/620 621/621
f 622/622 623/623 624/624
f 625/625 626/626 627/627 628/628
f 629/629 630/630 631/631
f 632/632 633/633 634/634 635/635
f 636/636 637/637 638/638
f 639/639 640/640 641/641 642/642
f 643/643 644/644 645/645
f 646/646 647/647 648/648 649/649
f 650/650 651/651 652/652
f 653/653 654/654 655/655 656/656
f 657/657 658/658 659/659
f 660/660 661/661 662/662 663/663
f 664/664 665/665 666/666
f 667/667 668/668 669/669 670/670
f 671/671 672/672 673/673
f 674/674 675/675 676/676 677/677
f 678/678 679/679 680/680
f 681/681 682/682 683/683 684/684
f 685/685 686/686 687/687
f 688/688 689/689 690/690 691/691
f 692/692 693/693 694/694
f 695/695 696/696 697/697 698/698
f 699/699 700/700 701/701
f 702/702 703/703 704/704 705/705
f 706/706 707/707 708/708
f 709/709 710/710 711/711 712/712
f 713/713 714/714 715/715
f 716/716 717/717 718/718 719/719
f 720/720 721/721 722/722
f 723/723 724/724 725/725 726/726
f 727/727 728/728 729/729
f 730/730 731/731 732/732 733/733
f 734/734 735/735 736/736
f 737/737 738/738 739/739 740/740
f 741/741 742/742 743/743
f 744/744 745/745 746/746 747/747
f 748/748 749/749 750/750
f 751/751 752/752 753/753 754/754
f 755/755 756/756 757/757
f 758/758 759/759 760/760 761/761
f 762/762 763/763 764/764
f 765/765 766/766 767/767 768/768
f 769/769 770/770 771/771
f 772/772 773/773 774/774 775/775
f 776/776 777/777 778/778
f 779/779 780/780 781/781 782/782
f 783/783 784/784 785/785
f 786/786 787/787 788/788 789/789
f 790/790 791/791 792/792
f 793/793 794/794 795/795 796/796
f 797/797 798/798 799/799
f 800/800 801/801 802/802 803/803
f 804/804 805/805 806/806
f 807/807 808/808 809/809 810/810
f 811/811 812/812 813/813
f 814/814 815/815 816/816 817/817
f 818/818 819/819 820/820
f 821/821 822/822 823/823 824/824
f 825/825 826/826 827/827
f 828/828 829/829 830/830 831/831
f 832/832 833/833 834/834
f 835/835 836/836 837/837 838/838
f 839/839 840/840 841/841
f 842/842 843/843 844/844 845/845
f 846/846 847/847 848/848
f 849/849 850/850 851/851 852/852
f 853/853 854/854 855/855
f 856/856 857/857 858/858 859/859
f 860/860 861/861 862/862
f 863/863 864/864 865/865 866/866
f 867/867 868/868 869/869
f 870/870 871/871 872/872 873/873
f 874/874 875/875 876/876
f 877/877 878/878 879/879 880/880
f 881/881 882/882 883/883
f 884/884 885/885 886/886 887/887
f 888/888 889/889 890/890
f 891/891 892/892 893/893 894/894
f 895/895 896/896 897/897
f 898/898 899/899 900/900 901/901
f 902/902 903/903 904/904
f 905/905 906/906 907/907 908/908
f 909/909 910/910 911/911
f 912/912 913/913 914/914 915/915
f 916/916 917/917 918/918
f 919/919 920/920 921/921 922/922
f 923/923 924/924 925/925
f 926/926 927/927 928/928 929/929
f 930/930 931/931 932/932
f 933/933 934/934 935/935 936/936
f 937/937 938/938 939/939
f 940/940 941/941 942/942 943/943
f 944/944 945/945 946/946
f 947/947 948/948 949/949 950/950
f 951/951 952/952 953/953
f 954/954 955/955 956/956 957/957
f 958/958 959/959 960/960
f 961/961 962/962 963/963 964/964
f 965/965 966/966 967/967
f 968/968 969/969 970/970 971/971
f 972/972 973/973 974/974
f 975/975 976/976 977/977 978/978
f 979/979 980/980 981/981
f 982/982 983/983 984/984 985/985
f 986/986 987/987 988/988
f 989/989 990/990 991/991 992/992
f 993/993 994/994 995/995
f 996/996 997/997 998/998 999/999
f 1000/1000 1001/1001 1002/1002
f 1003/1003 1004/1004 1005/1005 1006/1006
f 1007/1007 1008/1008 1009/1009
f 1010/1010 1011/1011 1012/1012 1013/1013
f 1014/1014 1015/1015 1016/1016
f 1017/1017 1018/1018 1019/1019 1020/1020
f 1021/1021 1022/1022 1023/1023
f 1024/1024 1025/1025 1026/1026 1027/1027
f 1028/1028 1029/1029 1030/1030
f 1031/1031 1032/1032 1033/1033 1034/1034
f 1035/1035 1036/1036 1037/1037
f 1038/1038 1039/1039 1040/1040 1041/1041
f 1042/1042 1043/1043 1044/1044
f 1045/1045 1046/1046 1047/1047 1048/1048
f 1049/1049 1050/1050 1051/1051
f 1052/1052 1053/1053 1054/1054 1055/1055
f 1056/1056 1057/1057 1058/1058
f 1059/1059 1060/1060 1061/1061 1062/1062
f 1063/1063 1064/1064 1065/1065
f 1066/1066 1067/1067 1068/1068 1069/1069
f 1070/1070 1071/1071 1072/1072
f 1073/1073 1074/1074 1075/1075 1076/1076
f 1077/1077 1078/1078 1079/1079
f 1080/1080 1081/1081 1082/1082 1083/1083
f 1084/1084 1085/1085 1086/1086
f 1087/1087 1088/1088 1089/1089 1090/1090
f 1091/1091 1092/1092 1093/1093
f 1094/1094 1095/1095 1096/1096 1097/1097
f 1098/1098 1099/1099 1100/1100
f 1101/1101 1102/1102 1103/1103 1104/1104
f 1105/1105 1106/1106 1107/1107
f 1108/1108 1109/1109 1110/1110 1111/1111
f 1112/1112 1113/1113 1114/1114
f 1115/1115 1116/1116 1117/1117 1118/1118
f 1119/1119 1120/1120 1121/1121
f 1122/1122 1123/1123 1124/1124 1125/1125
f 1126/1126 1127/1127 1128/1128
f 1129/1129 1130/1130 1131/1131 1132/1132
f 1133/1133 1134/1134 1135/1135
f 1136/1136 1137/1137 1138/1138 1139/1139
f 1140/1140 1141/1141 1142/1142
f 1143/1143 1144/1144 1145/1145 1146/1146
f 1147/1147 1148/1148 1149/1149
f 1150/1150 1151/1151 1152/1152 1153/1153
f 1154/1154 1155/1155 1156/1156
f 1157/1157 1158/1158 1159/1159 1160/1160
f 1161/1161 1162/1162 1163/1163
f 1164/1164 1165/1165 1166/1166 1167/1167
f 1168/1168 1169/1169 1170/1170
usemtl models/caelum/world/environment/foliage_city_tipa.png
f 1171/1171 1172/1172 1173/1173
f 1174/1174 1175/1175 1176/1176 1177/1177
f 1178/1178 1179/1179 1180/1180 1181/1181
f 1182/1182 1183/1183 1184/1184
f 1185/1185 1186/1186 1187/1187
f 1188/1188 1189/1189 1190/1190 1191/1191
f 1192/1192 1193/1193 1194/1194 1195/1195
f 1196/1196 1197/1197 1198/1198
f 1199/1199 1200/1200 1201/1201
f 1202/1202 1203/1203 1204/1204 1205/1205
f 1206/1206 1207/1207 1208/1208 1209/1209
f 1210/1210 1211/1211 1212/1212
f 1213/1213 1214/1214 1215/1215
f 1216/1216 1217/1217 1218/1218 1219/1219
f 1220/1220 1221/1221 1222/1222 1223/1223
f 1224/1224 1225/1225 1226/1226
f 1227/1227 1228/1228 1229/1229
f 1230/1230 1231/1231 1232/1232 1233/1233
f 1234/1234 1235/1235 1236/1236 1237/1237
f 1238/1238 1239/1239 1240/1240
f 1241/1241 1242/1242 1243/1243
f 1244/1244 1245/1245 1246/1246 1247/1247
f 1248/1248 1249/1249 1250/1250 1251/1251
f 1252/1252 1253/1253 1254/1254
f 1255/1255 1256/1256 1257/1257
f 1258/1258 1259/1259 1260/1260 1261/1261
f 1262/1262 1263/1263 1264/1264 1265/1265
f 1266/1266 1267/1267 1268/1268
f 1269/1269 1270/1270 1271/1271
f 1272/1272 1273/1273 1274/1274 1275/1275
f 1276/1276 1277/1277 1278/1278 1279/1279
f 1280/1280 1281/1281 1282/1282
f 1283/1283 1284/1284 1285/1285
f 1286/1286 1287/1287 1288/1288 1289/1289
f 1290/1290 1291/1291 1292/1292 1293/1293
f 1294/1294 1295/1295 1296/1296
f 1297/1297 1298/1298 1299/1299
f 1300/1300 1301/1301 1302/1302 1303/1303
f 1304/1304 1305/1305 1306/1306 1307/1307
f 1308/1308 1309/1309 1310/1310
f 1311/1311 1312/1312 1313/1313
f 1314/1314 1315/1315 1316/1316 1317/1317
f 1318/1318 1319/1319 1320/1320 1321/1321
f 1322/1322 1323/1323 1324/1324
f 1325/1325 1326/1326 1327/1327
f 1328/1328 1329/1329 1330/1330 1331/1331
f 1332/1332 1333/1333 1334/1334 1335/1335
f 1336/1336 1337/1337 1338/1338
f 1339/1339 1340/1340 1341/1341
f 1342/1342 1343/1343 1344/1344 1345/1345
f 1346/1346 1347/1347 1348/1348 1349/1349
f 1350/1350 1351/1351 1352/1352
f 1353/1353 1354/1354 1355/1355
f 1356/1356 1357/1357 1358/1358 1359/1359
f 1360/1360 1361/1361 1362/1362 1363/1363
f 1364/1364 1365/1365 1366/1366
f 1367/1367 1368/1368 1369/1369
f 1370/1370 1371/1371 1372/1372 1373/1373
f 1374/1374 1375/1375 1376/1376 1377/1377
f 1378/1378 1379/1379 1380/1380
f 1381/1381 1382/1382 1383/1383
f 1384/1384 1385/1385 1386/1386 1387/1387
f 1388/1388 1389/1389 1390/1390 1391/1391
f 1392/1392 1393/1393 1394/1394
f 1395/1395 1396/1396 1397/1397
f 1398/1398 1399/1399 1400/1400 1401/1401
f 1402/1402 1403/1403 1404/1404 1405/1405
f 1406/1406 1407/1407 1408/1408
f 1409/1409 1410/1410 1411/1411
f 1412/1412 1413/1413 1414/1414 1415/1415
f 1416/1416 1417/1417 1418/1418 1419/1419
f 1420/1420 1421/1421 1422/1422
f 1423/1423 1424/1424 1425/1425
f 1426/1426 1427/1427 1428/1428 1429/1429
f 1430/1430 1431/1431 1432/1432 1433/1433
f 1434/1434 1435/1435 1436/1436
f 1437/1437 1438/1438 1439/1439
f 1440/1440 1441/1441 1442/1442 1443/1443
f 1444/1444 1445/1445 1446/1446 1447/1447
f 1448/1448 1449/1449 1450/1450
f 1451/1451 1452/1452 1453/1453
f 1454/1454 1455/1455 1456/1456 1457/1457
f 1458/1458 1459/1459 1460/1460 1461/1461
f 1462/1462 1463/1463 1464/1464
f 1465/1465 1466/1466 1467/1467
f 1468/1468 1469/1469 1470/1470 1471/1471
f 1472/1472 1473/1473 1474/1474 1475/1475
f 1476/1476 1477/1477 1478/1478
f 1479/1479 1480/1480 1481/1481
f 1482/1482 1483/1483 1484/1484 1485/1485
f 1486/1486 1487/1487 1488/1488 1489/1489
f 1490/1490 1491/1491 1492/1492
f 1493/1493 1494/1494 1495/1495
f 1496/1496 1497/1497 1498/1498 1499/1499
f 1500/1500 1501/1501 1502/1502 1503/1503
f 1504/1504 1505/1505 1506/1506
f 1507/1507 1508/1508 1509/1509
f 1510/1510 1511/1511 1512/1512 1513/1513
f 1514/1514 1515/1515 1516/1516 1517/1517
f 1518/1518 1519/1519 1520/1520
f 1521/1521 1522/1522 1523/1523
f 1524/1524 1525/1525 1526/1526 1527/1527
f 1528/1528 1529/1529 1530/1530 1531/1531
f 1532/1532 1533/1533 1534/1534
f 1535/1535 1536/1536 1537/1537
f 1538/1538 1539/1539 1540/1540 1541/1541
f 1542/1542 1543/1543 1544/1544 1545/1545
f 1546/1546 1547/1547 1548/1548
f 1549/1549 1550/1550 1551/1551
f 1552/1552 1553/1553 1554/1554 1555/1555
f 1556/1556 1557/1557 1558/1558 1559/1559
f 1560/1560 1561/1561 1562/1562
f 1563/1563 1564/1564 1565/1565
f 1566/1566 1567/1567 1568/1568 1569/1569
f 1570/1570 1571/1571 1572/1572 1573/1573
f 1574/1574 1575/1575 1576/1576
f 1577/1577 1578/1578 1579/1579
f 1580/1580 1581/1581 1582/1582 1583/1583
f 1584/1584 1585/1585 1586/1586 1587/1587
f 1588/1588 1589/1589 1590/1590
f 1591/1591 1592/1592 1593/1593
f 1594/1594 1595/1595 1596/1596 1597/1597
f 1598/1598 1599/1599 1600/1600 1601/1601
f 1602/1602 1603/1603 1604/1604
f 1605/1605 1606/1606 1607/1607
f 1608/1608 1609/1609 1610/1610 1611/1611
f 1612/1612 1613/1613 1614/1614 1615/1615
f 1616/1616 1617/1617 1618/1618
f 1619/1619 1620/1620 1621/1621
f 1622/1622 1623/1623 1624/1624 1625/1625
f 1626/1626 1627/1627 1628/1628 1629/1629
f 1630/1630 1631/1631 1632/1632
f 1633/1633 1634/1634 1635/1635
f 1636/1636 1637/1637 1638/1638 1639/1639
f 1640/1640 1641/1641 1642/1642 1643/1643
f 1644/1644 1645/1645 1646/1646
f 1647/1647 1648/1648 1649/1649
f 1650/1650 1651/1651 1652/1652 1653/1653
f 1654/1654 1655/1655 1656/1656 1657/1657
f 1658/1658 1659/1659 1660/1660
f 1661/1661 1662/1662 1663/1663
f 1664/1664 1665/1665 1666/1666 1667/1667
f 1668/1668 1669/1669 1670/1670 1671/1671
f 1672/1672 1673/1673 1674/1674
f 1675/1675 1676/1676 1677/1677
f 1678/1678 1679/1679 1680/1680 1681/1681
f 1682/1682 1683/1683 1684/1684 1685/1685
f 1686/1686 1687/1687 1688/1688
f 1689/1689 1690/1690 1691/1691
f 1692/1692 1693/1693 1694/1694 1695/1695
f 1696/1696 1697/1697 1698/1698 1699/1699
f 1700/1700 1701/1701 1702/1702
f 1703/1703 1704/1704 1705/1705
f 1706/1706 1707/1707 1708/1708 1709/1709
f 1710/1710 1711/1711 1712/1712 1713/1713
f 1714/1714 1715/1715 1716/1716
f 1717/1717 1718/1718 1719/1719
f 1720/1720 1721/1721 1722/1722 1723/1723
f 1724/1724 1725/1725 1726/1726 1727/1727
f 1728/1728 1729/1729 1730/1730
f 1731/1731 1732/1732 1733/1733
f 1734/1734 1735/1735 1736/1736 1737/1737
f 1738/1738 1739/1739 1740/1740 1741/1741
f 1742/1742 1743/1743 1744/1744
f 1745/1745 1746/1746 1747/1747
f 1748/1748 1749/1749 1750/1750 1751/1751
f 1752/1752 1753/1753 1754/1754 1755/1755
f 1756/1756 1757/1757 1758/1758
f 1759/1759 1760/1760 1761/1761
f 1762/1762 1763/1763 1764/1764 1765/1765
f 1766/1766 1767/1767 1768/1768 1769/1769
f 1770/1770 1771/1771 1772/1772
f 1773/1773 1774/1774 1775/1775
f 1776/1776 1777/1777 1778/1778 1779/1779
f 1780/1780 1781/1781 1782/1782 1783/1783
f 1784/1784 1785/1785 1786/1786
f 1787/1787 1788/1788 1789/1789
f 1790/1790 1791/1791 1792/1792 1793/1793
f 1794/1794 1795/1795 1796/1796 1797/1797
f 1798/1798 1799/1799 1800/1800
f 1801/1801 1802/1802 1803/1803
f 1804/1804 1805/1805 1806/1806 1807/1807
f 1808/1808 1809/1809 1810/1810 1811/1811
f 1812/1812 1813/1813 1814/1814
f 1815/1815 1816/1816 1817/1817
f 1818/1818 1819/1819 1820/1820 1821/1821
f 1822/1822 1823/1823 1824/1824 1825/1825
f 1826/1826 1827/1827 1828/1828
f 1829/1829 1830/1830 1831/1831
f 1832/1832 1833/1833 1834/1834 1835/1835
f 1836/1836 1837/1837 1838/1838 1839/1839
f 1840/1840 1841/1841 1842/1842
f 1843/1843 1844/1844 1845/1845
f 1846/1846 1847/1847 1848/1848 1849/1849
f 1850/1850 1851/1851 1852/1852 1853/1853
f 1854/1854 1855/1855 1856/1856
f 1857/1857 1858/1858 1859/1859
f 1860/1860 1861/1861 1862/1862 1863/1863
f 1864/1864 1865/1865 1866/1866 1867/1867
f 1868/1868 1869/1869 1870/1870
f 1871/1871 1872/1872 1873/1873
f 1874/1874 1875/1875 1876/1876 1877/1877
f 1878/1878 1879/1879 1880/1880 1881/1881
f 1882/1882 1883/1883 1884/1884
f 1885/1885 1886/1886 1887/1887
f 1888/1888 1889/1889 1890/1890 1891/1891
f 1892/1892 1893/1893 1894/1894 1895/1895
f 1896/1896 1897/1897 1898/1898
f 1899/1899 1900/1900 1901/1901
f 1902/1902 1903/1903 1904/1904 1905/1905
f 1906/1906 1907/1907 1908/1908 1909/1909
f 1910/1910 1911/1911 1912/1912
f 1913/1913 1914/1914 1915/1915
f 1916/1916 1917/1917 1918/1918 1919/1919
f 1920/1920 1921/1921 1922/1922 1923/1923
f 1924/1924 1925/1925 1926/1926
f 1927/1927 1928/1928 1929/1929
f 1930/1930 1931/1931 1932/1932 1933/1933
f 1934/1934 1935/1935 1936/1936 1937/1937
f 1938/1938 1939/1939 1940/1940
f 1941/1941 1942/1942 1943/1943
f 1944/1944 1945/1945 1946/1946 1947/1947
f 1948/1948 1949/1949 1950/1950 1951/1951
f 1952/1952 1953/1953 1954/1954
f 1955/1955 1956/1956 1957/1957
f 1958/1958 1959/1959 1960/1960 1961/1961
f 1962/1962 1963/1963 1964/1964 1965/1965
f 1966/1966 1967/1967 1968/1968
f 1969/1969 1970/1970 1971/1971
f 1972/1972 1973/1973 1974/1974 1975/1975
f 1976/1976 1977/1977 1978/1978 1979/1979
f 1980/1980 1981/1981 1982/1982
f 1983/1983 1984/1984 1985/1985
f 1986/1986 1987/1987 1988/1988 1989/1989
f 1990/1990 1991/1991 1992/1992 1993/1993
f 1994/1994 1995/1995 1996/1996
f 1997/1997 1998/1998 1999/1999
f 2000/2000 2001/2001 2002/2002 2003/2003
f 2004/2004 2005/2005 2006/2006 2007/2007
f 2008/2008 2009/2009 2010/2010
f 2011/2011 2012/2012 2013/2013
f 2014/2014 2015/2015 2016/2016 2017/2017
f 2018/2018 2019/2019 2020/2020 2021/2021
f 2022/2022 2023/2023 2024/2024
f 2025/2025 2026/2026 2027/2027
f 2028/2028 2029/2029 2030/2030 2031/2031
f 2032/2032 2033/2033 2034/2034 2035/2035
f 2036/2036 2037/2037 2038/2038
f 2039/2039 2040/2040 2041/2041
f 2042/2042 2043/2043 2044/2044 2045/2045
f 2046/2046 2047/2047 2048/2048 2049/2049
f 2050/2050 2051/2051 2052/2052
f 2053/2053 2054/2054 2055/2055
f 2056/2056 2057/2057 2058/2058 2059/2059
f 2060/2060 2061/2061 2062/2062 2063/2063
f 2064/2064 2065/2065 2066/2066
f 2067/2067 2068/2068 2069/2069
f 2070/2070 2071/2071 2072/2072 2073/2073
f 2074/2074 2075/2075 2076/2076 2077/2077
f 2078/2078 2079/2079 2080/2080
f 2081/2081 2082/2082 2083/2083
f 2084/2084 2085/2085 2086/2086 2087/2087
f 2088/2088 2089/2089 2090/2090 2091/2091
f 2092/2092 2093/2093 2094/2094
f 2095/2095 2096/2096 2097/2097
f 2098/2098 2099/2099 2100/2100 2101/2101
f 2102/2102 2103/2103 2104/2104 2105/2105
f 2106/2106 2107/2107 2108/2108
f 2109/2109 2110/2110 2111/2111
f 2112/2112 2113/2113 2114/2114 2115/2115
f 2116/2116 2117/2117 2118/2118 2119/2119
f 2120/2120 2121/2121 2122/2122
f 2123/2123 2124/2124 2125/2125
f 2126/2126 2127/2127 2128/2128 2129/2129
f 2130/2130 2131/2131 2132/2132 2133/2133
f 2134/2134 2135/2135 2136/2136
f 2137/2137 2138/2138 2139/2139
f 2140/2140 2141/2141 2142/2142 2143/2143
f 2144/2144 2145/2145 2146/2146 2147/2147
f 2148/2148 2149/2149 2150/2150
f 2151/2151 2152/2152 2153/2153
f 2154/2154 2155/2155 2156/2156 2157/2157
f 2158/2158 2159/2159 2160/2160 2161/2161
f 2162/2162 2163/2163 2164/2164
f 2165/2165 2166/2166 2167/2167
f 2168/2168 2169/2169 2170/2170 2171/2171
f 2172/2172 2173/2173 2174/2174 2175/2175
f 2176/2176 2177/2177 2178/2178
f 2179/2179 2180/2180 2181/2181
f 2182/2182 2183/2183 2184/2184 2185/2185
f 2186/2186 2187/2187 2188/2188 2189/2189
f 2190/2190 2191/2191 2192/2192
f 2193/2193 2194/2194 2195/2195
f 2196/2196 2197/2197 2198/2198 2199/2199
f 2200/2200 2201/2201 2202/2202 2203/2203
f 2204/2204 2205/2205 2206/2206
f 2207/2207 2208/2208 2209/2209
f 2210/2210 2211/2211 2212/2212 2213/2213
f 2214/2214 2215/2215 2216/2216 2217/2217
f 2218/2218 2219/2219 2220/2220
f 2221/2221 2222/2222 2223/2223
f 2224/2224 2225/2225 2226/2226 2227/2227
f 2228/2228 2229/2229 2230/2230 2231/2231
f 2232/2232 2233/2233 2234/2234
f 2235/2235 2236/2236 2237/2237
f 2238/2238 2239/2239 2240/2240 2241/2241
f 2242/2242 2243/2243 2244/2244 2245/2245
f 2246/2246 2247/2247 2248/2248
f 2249/2249 2250/2250 2251/2251
f 2252/2252 2253/2253 2254/2254 2255/2255
f 2256/2256 2257/2257 2258/2258 2259/2259
f 2260/2260 2261/2261 2262/2262
f 2263/2263 2264/2264 2265/2265
f 2266/2266 2267/2267 2268/2268 2269/2269
f 2270/2270 2271/2271 2272/2272 2273/2273
f 2274/2274 2275/2275 2276/2276
f 2277/2277 2278/2278 2279/2279
f 2280/2280 2281/2281 2282/2282 2283/2283
f 2284/2284 2285/2285 2286/2286 2287/2287
f 2288/2288 2289/2289 2290/2290
f 2291/2291 2292/2292 2293/2293
f 2294/2294 2295/2295 2296/2296 2297/2297
f 2298/2298 2299/2299 2300/2300 2301/2301
f 2302/2302 2303/2303 2304/2304
f 2305/2305 2306/2306 2307/2307
f 2308/2308 2309/2309 2310/2310 2311/2311
f 2312/2312 2313/2313 2314/2314 2315/2315
f 2316/2316 2317/2317 2318/2318
f 2319/2319 2320/2320 2321/2321
f 2322/2322 2323/2323 2324/2324 2325/2325
f 2326/2326 2327/2327 2328/2328 2329/2329
f 2330/2330 2331/2331 2332/2332
f 2333/2333 2334/2334 2335/2335
f 2336/2336 2337/2337 2338/2338 2339/2339
f 2340/2340 2341/2341 2342/2342 2343/2343
f 2344/2344 2345/2345 2346/2346
f 2347/2347 2348/2348 2349/2349
f 2350/2350 2351/2351 2352/2352 2353/2353
f 2354/2354 2355/2355 2356/2356 2357/2357
f 2358/2358 2359/2359 2360/2360
f 2361/2361 2362/2362 2363/2363
f 2364/2364 2365/2365 2366/2366 2367/2367
f 2368/2368 2369/2369 2370/2370 2371/2371
f 2372/2372 2373/2373 2374/2374
f 2375/2375 2376/2376 2377/2377
f 2378/2378 2379/2379 2380/2380 2381/2381
f 2382/2382 2383/2383 2384/2384 2385/2385
f 2386/2386 2387/2387 2388/2388
f 2389/2389 2390/2390 2391/2391
f 2392/2392 2393/2393 2394/2394 2395/2395
f 2396/2396 2397/2397 2398/2398 2399/2399
f 2400/2400 2401/2401 2402/2402
f 2403/2403 2404/2404 2405/2405
f 2406/2406 2407/2407 2408/2408 2409/2409
f 2410/2410 2411/2411 2412/2412 2413/2413
f 2414/2414 2415/2415 2416/2416
f 2417/2417 2418/2418 2419/2419
f 2420/2420 2421/2421 2422/2422 2423/2423
f 2424/2424 2425/2425 2426/2426 2427/2427
f 2428/2428 2429/2429 2430/2430
f 2431/2431 2432/2432 2433/2433
f 2434/2434 2435/2435 2436/2436 2437/2437
f 2438/2438 2439/2439 2440/2440 2441/2441
f 2442/2442 2443/2443 2444/2444
f 2445/2445 2446/2446 2447/2447
f 2448/2448 2449/2449 2450/2450 2451/2451
f 2452/2452 2453/2453 2454/2454 2455/2455
f 2456/2456 2457/2457 2458/2458
f 2459/2459 2460/2460 2461/2461
f 2462/2462 2463/2463 2464/2464 2465/2465
f 2466/2466 2467/2467 2468/2468 2469/2469
f 2470/2470 2471/2471 2472/2472
f 2473/2473 2474/2474 2475/2475
f 2476/2476 2477/2477 2478/2478 2479/2479
f 2480/2480 2481/2481 2482/2482 2483/2483
f 2484/2484 2485/2485 2486/2486
f 2487/2487 2488/2488 2489/2489
f 2490/2490 2491/2491 2492/2492 2493/2493
f 2494/2494 2495/2495 2496/2496 2497/2497
f 2498/2498 2499/2499 2500/2500
f 2501/2501 2502/2502 2503/2503
f 2504/2504 2505/2505 2506/2506 2507/2507
f 2508/2508 2509/2509 2510/2510 2511/2511
f 2512/2512 2513/2513 2514/2514
f 2515/2515 2516/2516 2517/2517
f 2518/2518 2519/2519 2520/2520 2521/2521
f 2522/2522 2523/2523 2524/2524 2525/2525
f 2526/2526 2527/2527 2528/2528
f 2529/2529 2530/2530 2531/2531
f 2532/2532 2533/2533 2534/2534 2535/2535
f 2536/2536 2537/2537 2538/2538 2539/2539
f 2540/2540 2541/2541 2542/2542
f 2543/2543 2544/2544 2545/2545
f 2546/2546 2547/2547 2548/2548 2549/2549
f 2550/2550 2551/2551 2552/2552 2553/2553
f 2554/2554 2555/2555 2556/2556
f 2557/2557 2558/2558 2559/2559
f 2560/2560 2561/2561 2562/2562 2563/2563
f 2564/2564 2565/2565 2566/2566 2567/2567
f 2568/2568 2569/2569 2570/2570
f 2571/2571 2572/2572 2573/2573
f 2574/2574 2575/2575 2576/2576 2577/2577
f 2578/2578 2579/2579 2580/2580 2581/2581
f 2582/2582 2583/2583 2584/2584
f 2585/2585 2586/2586 2587/2587
f 2588/2588 2589/2589 2590/2590 2591/2591
f 2592/2592 2593/2593 2594/2594 2595/2595
f 2596/2596 2597/2597 2598/2598
f 2599/2599 2600/2600 2601/2601
f 2602/2602 2603/2603 2604/2604 2605/2605
f 2606/2606 2607/2607 2608/2608 2609/2609
f 2610/2610 2611/2611 2612/2612
f 2613/2613 2614/2614 2615/2615
f 2616/2616 2617/2617 2618/2618 2619/2619
f 2620/2620 2621/2621 2622/2622 2623/2623
f 2624/2624 2625/2625 2626/2626
f 2627/2627 2628/2628 2629/2629
f 2630/2630 2631/2631 2632/2632 2633/2633
f 2634/2634 2635/2635 2636/2636 2637/2637
f 2638/2638 2639/2639 2640/2640
f 2641/2641 2642/2642 2643/2643
f 2644/2644 2645/2645 2646/2646 2647/2647
f 2648/2648 2649/2649 2650/2650 2651/2651
f 2652/2652 2653/2653 2654/2654
f 2655/2655 2656/2656 2657/2657
f 2658/2658 2659/2659 2660/2660 2661/2661
f 2662/2662 2663/2663 2664/2664 2665/2665
f 2666/2666 2667/2667 2668/2668
f 2669/2669 2670/2670 2671/2671
f 2672/2672 2673/2673 2674/2674 2675/2675
f 2676/2676 2677/2677 2678/2678 2679/2679
f 2680/2680 2681/2681 2682/2682
f 2683/2683 2684/2684 2685/2685
f 2686/2686 2687/2687 2688/2688 2689/2689
f 2690/2690 2691/2691 2692/2692 2693/2693
f 2694/2694 2695/2695 2696/2696
f 2697/2697 2698/2698 2699/2699
f 2700/2700 2701/2701 2702/2702 2703/2703
f 2704/2704 2705/2705 2706/2706 2707/2707
f 2708/2708 2709/2709 2710/2710
f 2711/2711 2712/2712 2713/2713
f 2714/2714 2715/2715 2716/2716 2717/2717
f 2718/2718 2719/2719 2720/2720 2721/2721
f 2722/2722 2723/2723 2724/2724
f 2725/2725 2726/2726 2727/2727
f 2728/2728 2729/2729 2730/2730 2731/2731
f 2732/2732 2733/2733 2734/2734 2735/2735
f 2736/2736 2737/2737 2738/2738
