# Modelo original generado para Caelum Argenteum.
# Ejes OBJ: X ancho, Y altura, Z profundidad.
o ca_tree_plains_ombu3
v 0.000000 0.000000 -24.000000
v -15.426903 0.000000 -18.385067
v -10.644563 54.880000 -12.685696
v 0.000000 54.880000 -16.560000
v 0.000000 0.000000 0.000000
v -15.426903 0.000000 -18.385067
v 0.000000 0.000000 -24.000000
v -15.426903 0.000000 -18.385067
v -23.635386 0.000000 -4.167556
v -16.308416 54.880000 -2.875614
v -10.644563 54.880000 -12.685696
v 0.000000 0.000000 0.000000
v -23.635386 0.000000 -4.167556
v -15.426903 0.000000 -18.385067
v -23.635386 0.000000 -4.167556
v -20.784610 0.000000 12.000000
v -14.341381 54.880000 8.280000
v -16.308416 54.880000 -2.875614
v 0.000000 0.000000 0.000000
v -20.784610 0.000000 12.000000
v -23.635386 0.000000 -4.167556
v -20.784610 0.000000 12.000000
v -8.208483 0.000000 22.552623
v -5.663854 54.880000 15.561310
v -14.341381 54.880000 8.280000
v 0.000000 0.000000 0.000000
v -8.208483 0.000000 22.552623
v -20.784610 0.000000 12.000000
v -8.208483 0.000000 22.552623
v 8.208483 0.000000 22.552623
v 5.663854 54.880000 15.561310
v -5.663854 54.880000 15.561310
v 0.000000 0.000000 0.000000
v 8.208483 0.000000 22.552623
v -8.208483 0.000000 22.552623
v 8.208483 0.000000 22.552623
v 20.784610 0.000000 12.000000
v 14.341381 54.880000 8.280000
v 5.663854 54.880000 15.561310
v 0.000000 0.000000 0.000000
v 20.784610 0.000000 12.000000
v 8.208483 0.000000 22.552623
v 20.784610 0.000000 12.000000
v 23.635386 0.000000 -4.167556
v 16.308416 54.880000 -2.875614
v 14.341381 54.880000 8.280000
v 0.000000 0.000000 0.000000
v 23.635386 0.000000 -4.167556
v 20.784610 0.000000 12.000000
v 23.635386 0.000000 -4.167556
v 15.426903 0.000000 -18.385067
v 10.644563 54.880000 -12.685696
v 16.308416 54.880000 -2.875614
v 0.000000 0.000000 0.000000
v 15.426903 0.000000 -18.385067
v 23.635386 0.000000 -4.167556
v 15.426903 0.000000 -18.385067
v 0.000000 0.000000 -24.000000
v 0.000000 54.880000 -16.560000
v 10.644563 54.880000 -12.685696
v 0.000000 0.000000 0.000000
v 0.000000 0.000000 -24.000000
v 15.426903 0.000000 -18.385067
v -1.982434 54.880000 -16.440911
v -12.086647 54.880000 -11.320184
v -6.656414 101.920000 -6.234304
v -1.091775 101.920000 -9.054415
v -12.086647 54.880000 -11.320184
v -16.535383 54.880000 -0.902618
v -9.106443 101.920000 -0.497094
v -6.656414 101.920000 -6.234304
v -16.535383 54.880000 -0.902618
v -13.247030 54.880000 9.937294
v -7.295466 101.920000 5.472713
v -9.106443 101.920000 -0.497094
v -13.247030 54.880000 9.937294
v -3.760244 54.880000 16.127435
v -2.070859 101.920000 8.881776
v -7.295466 101.920000 5.472713
v -3.760244 54.880000 16.127435
v 7.486001 54.880000 14.771370
v 4.122725 101.920000 8.134958
v -2.070859 101.920000 8.881776
v 7.486001 54.880000 14.771370
v 15.229464 54.880000 6.503617
v 8.387241 101.920000 3.581702
v 4.122725 101.920000 8.134958
v 15.229464 54.880000 6.503617
v 15.846891 54.880000 -4.807251
v 8.727273 101.920000 -2.647471
v 8.387241 101.920000 3.581702
v 15.846891 54.880000 -4.807251
v 9.049381 54.880000 -13.868753
v 4.983717 101.920000 -7.637864
v 8.727273 101.920000 -2.647471
v 9.049381 54.880000 -13.868753
v -1.982434 54.880000 -16.440911
v -1.091775 101.920000 -9.054415
v 4.983717 101.920000 -7.637864
v -2.167848 101.920000 -8.858602
v -7.354868 101.920000 -5.392617
v -1.354844 137.200000 -0.993377
v -0.399340 137.200000 -1.631848
v 0.000000 137.200000 0.000000
v -0.399340 137.200000 -1.631848
v -1.354844 137.200000 -0.993377
v -7.354868 101.920000 -5.392617
v -9.100463 101.920000 0.596633
v -1.676401 137.200000 0.109906
v -1.354844 137.200000 -0.993377
v 0.000000 137.200000 0.000000
v -1.354844 137.200000 -0.993377
v -1.676401 137.200000 0.109906
v -9.100463 101.920000 0.596633
v -6.587851 101.920000 6.306713
v -1.213551 137.200000 1.161763
v -1.676401 137.200000 0.109906
v 0.000000 137.200000 0.000000
v -1.676401 137.200000 0.109906
v -1.213551 137.200000 1.161763
v -6.587851 101.920000 6.306713
v -0.992710 101.920000 9.065811
v -0.182868 137.200000 1.670018
v -1.213551 137.200000 1.161763
v 0.000000 137.200000 0.000000
v -1.213551 137.200000 1.161763
v -0.182868 137.200000 1.670018
v -0.992710 101.920000 9.065811
v 5.066931 101.920000 7.582916
v 0.933382 137.200000 1.396853
v -0.182868 137.200000 1.670018
v 0.000000 137.200000 0.000000
v -0.182868 137.200000 1.670018
v 0.933382 137.200000 1.396853
v 5.066931 101.920000 7.582916
v 8.755699 101.920000 2.551890
v 1.612892 137.200000 0.470085
v 0.933382 137.200000 1.396853
v 0.000000 137.200000 0.000000
v 0.933382 137.200000 1.396853
v 1.612892 137.200000 0.470085
v 8.755699 101.920000 2.551890
v 8.347577 101.920000 -3.673194
v 1.537712 137.200000 -0.676641
v 1.612892 137.200000 0.470085
v 0.000000 137.200000 0.000000
v 1.612892 137.200000 0.470085
v 1.537712 137.200000 -0.676641
v 8.347577 101.920000 -3.673194
v 4.033532 101.920000 -8.179549
v 0.743019 137.200000 -1.506759
v 1.537712 137.200000 -0.676641
v 0.000000 137.200000 0.000000
v 1.537712 137.200000 -0.676641
v 0.743019 137.200000 -1.506759
v 4.033532 101.920000 -8.179549
v -2.167848 101.920000 -8.858602
v -0.399340 137.200000 -1.631848
v 0.743019 137.200000 -1.506759
v 0.000000 137.200000 0.000000
v 0.743019 137.200000 -1.506759
v -0.399340 137.200000 -1.631848
v 57.600000 0.000000 -6.000000
v 54.998140 -4.497813 -3.000000
v -6.452613 22.165423 -7.440000
v 0.000000 33.320000 -14.880000
v 57.600000 0.000000 0.000000
v 54.998140 -4.497813 -3.000000
v 57.600000 0.000000 -6.000000
v 0.000000 33.320000 0.000000
v 0.000000 33.320000 -14.880000
v -6.452613 22.165423 -7.440000
v 54.998140 -4.497813 -3.000000
v 54.998140 -4.497813 3.000000
v -6.452613 22.165423 7.440000
v -6.452613 22.165423 -7.440000
v 57.600000 0.000000 0.000000
v 54.998140 -4.497813 3.000000
v 54.998140 -4.497813 -3.000000
v 0.000000 33.320000 0.000000
v -6.452613 22.165423 -7.440000
v -6.452613 22.165423 7.440000
v 54.998140 -4.497813 3.000000
v 57.600000 -0.000000 6.000000
v -0.000000 33.320000 14.880000
v -6.452613 22.165423 7.440000
v 57.600000 0.000000 0.000000
v 57.600000 -0.000000 6.000000
v 54.998140 -4.497813 3.000000
v 0.000000 33.320000 0.000000
v -6.452613 22.165423 7.440000
v -0.000000 33.320000 14.880000
v 57.600000 -0.000000 6.000000
v 60.201860 4.497813 3.000000
v 6.452613 44.474577 7.440000
v -0.000000 33.320000 14.880000
v 57.600000 0.000000 0.000000
v 60.201860 4.497813 3.000000
v 57.600000 -0.000000 6.000000
v 0.000000 33.320000 0.000000
v -0.000000 33.320000 14.880000
v 6.452613 44.474577 7.440000
v 60.201860 4.497813 3.000000
v 60.201860 4.497813 -3.000000
v 6.452613 44.474577 -7.440000
v 6.452613 44.474577 7.440000
v 57.600000 0.000000 0.000000
v 60.201860 4.497813 -3.000000
v 60.201860 4.497813 3.000000
v 0.000000 33.320000 0.000000
v 6.452613 44.474577 7.440000
v 6.452613 44.474577 -7.440000
v 60.201860 4.497813 -3.000000
v 57.600000 0.000000 -6.000000
v 0.000000 33.320000 -14.880000
v 6.452613 44.474577 -7.440000
v 57.600000 0.000000 0.000000
v 57.600000 0.000000 -6.000000
v 60.201860 4.497813 -3.000000
v 0.000000 33.320000 0.000000
v 6.452613 44.474577 -7.440000
v 0.000000 33.320000 -14.880000
v 40.729351 -4.643968 36.930198
v 36.620234 -4.335810 41.291414
v -10.190609 22.567191 1.393916
v 0.000000 21.802959 -9.421898
v 40.729351 0.000000 40.729351
v 36.620234 -4.335810 41.291414
v 40.729351 -4.643968 36.930198
v 0.000000 33.320000 0.000000
v 0.000000 21.802959 -9.421898
v -10.190609 22.567191 1.393916
v 36.620234 -4.335810 41.291414
v 36.620234 0.308158 45.090566
v -10.190609 34.084232 10.815814
v -10.190609 22.567191 1.393916
v 40.729351 0.000000 40.729351
v 36.620234 0.308158 45.090566
v 36.620234 -4.335810 41.291414
v 0.000000 33.320000 0.000000
v -10.190609 22.567191 1.393916
v -10.190609 34.084232 10.815814
v 36.620234 0.308158 45.090566
v 40.729351 4.643968 44.528503
v -0.000000 44.837041 9.421898
v -10.190609 34.084232 10.815814
v 40.729351 0.000000 40.729351
v 40.729351 4.643968 44.528503
v 36.620234 0.308158 45.090566
v 0.000000 33.320000 0.000000
v -10.190609 34.084232 10.815814
v -0.000000 44.837041 9.421898
v 40.729351 4.643968 44.528503
v 44.838467 4.335810 40.167288
v 10.190609 44.072809 -1.393916
v -0.000000 44.837041 9.421898
v 40.729351 0.000000 40.729351
v 44.838467 4.335810 40.167288
v 40.729351 4.643968 44.528503
v 0.000000 33.320000 0.000000
v -0.000000 44.837041 9.421898
v 10.190609 44.072809 -1.393916
v 44.838467 4.335810 40.167288
v 44.838467 -0.308158 36.368135
v 10.190609 32.555768 -10.815814
v 10.190609 44.072809 -1.393916
v 40.729351 0.000000 40.729351
v 44.838467 -0.308158 36.368135
v 44.838467 4.335810 40.167288
v 0.000000 33.320000 0.000000
v 10.190609 44.072809 -1.393916
v 10.190609 32.555768 -10.815814
v 44.838467 -0.308158 36.368135
v 40.729351 -4.643968 36.930198
v 0.000000 21.802959 -9.421898
v 10.190609 32.555768 -10.815814
v 40.729351 0.000000 40.729351
v 40.729351 -4.643968 36.930198
v 44.838467 -0.308158 36.368135
v 0.000000 33.320000 0.000000
v 10.190609 32.555768 -10.815814
v 0.000000 21.802959 -9.421898
v 0.000000 -5.193627 54.595631
v -5.196152 -2.596814 56.097815
v -12.886458 26.879902 -3.725418
v 0.000000 20.439804 -7.450836
v 0.000000 0.000000 57.600000
v -5.196152 -2.596814 56.097815
v 0.000000 -5.193627 54.595631
v 0.000000 33.320000 0.000000
v 0.000000 20.439804 -7.450836
v -12.886458 26.879902 -3.725418
v -5.196152 -2.596814 56.097815
v -5.196152 2.596814 59.102185
v -12.886458 39.760098 3.725418
v -12.886458 26.879902 -3.725418
v 0.000000 0.000000 57.600000
v -5.196152 2.596814 59.102185
v -5.196152 -2.596814 56.097815
v 0.000000 33.320000 0.000000
v -12.886458 26.879902 -3.725418
v -12.886458 39.760098 3.725418
v -5.196152 2.596814 59.102185
v 0.000000 5.193627 60.604369
v -0.000000 46.200196 7.450836
v -12.886458 39.760098 3.725418
v 0.000000 0.000000 57.600000
v 0.000000 5.193627 60.604369
v -5.196152 2.596814 59.102185
v 0.000000 33.320000 0.000000
v -12.886458 39.760098 3.725418
v -0.000000 46.200196 7.450836
v 0.000000 5.193627 60.604369
v 5.196152 2.596814 59.102185
v 12.886458 39.760098 3.725418
v -0.000000 46.200196 7.450836
v 0.000000 0.000000 57.600000
v 5.196152 2.596814 59.102185
v 0.000000 5.193627 60.604369
v 0.000000 33.320000 0.000000
v -0.000000 46.200196 7.450836
v 12.886458 39.760098 3.725418
v 5.196152 2.596814 59.102185
v 5.196152 -2.596814 56.097815
v 12.886458 26.879902 -3.725418
v 12.886458 39.760098 3.725418
v 0.000000 0.000000 57.600000
v 5.196152 -2.596814 56.097815
v 5.196152 2.596814 59.102185
v 0.000000 33.320000 0.000000
v 12.886458 39.760098 3.725418
v 12.886458 26.879902 -3.725418
v 5.196152 -2.596814 56.097815
v 0.000000 -5.193627 54.595631
v 0.000000 20.439804 -7.450836
v 12.886458 26.879902 -3.725418
v 0.000000 0.000000 57.600000
v 0.000000 -5.193627 54.595631
v 5.196152 -2.596814 56.097815
v 0.000000 33.320000 0.000000
v 12.886458 26.879902 -3.725418
v 0.000000 20.439804 -7.450836
v -40.729351 -4.643968 36.930198
v -44.838467 -0.308158 36.368135
v -10.190609 32.555768 -10.815814
v 0.000000 21.802959 -9.421898
v -40.729351 0.000000 40.729351
v -44.838467 -0.308158 36.368135
v -40.729351 -4.643968 36.930198
v 0.000000 33.320000 0.000000
v 0.000000 21.802959 -9.421898
v -10.190609 32.555768 -10.815814
v -44.838467 -0.308158 36.368135
v -44.838467 4.335810 40.167288
v -10.190609 44.072809 -1.393916
v -10.190609 32.555768 -10.815814
v -40.729351 0.000000 40.729351
v -44.838467 4.335810 40.167288
v -44.838467 -0.308158 36.368135
v 0.000000 33.320000 0.000000
v -10.190609 32.555768 -10.815814
v -10.190609 44.072809 -1.393916
v -44.838467 4.335810 40.167288
v -40.729351 4.643968 44.528503
v -0.000000 44.837041 9.421898
v -10.190609 44.072809 -1.393916
v -40.729351 0.000000 40.729351
v -40.729351 4.643968 44.528503
v -44.838467 4.335810 40.167288
v 0.000000 33.320000 0.000000
v -10.190609 44.072809 -1.393916
v -0.000000 44.837041 9.421898
v -40.729351 4.643968 44.528503
v -36.620234 0.308158 45.090566
v 10.190609 34.084232 10.815814
v -0.000000 44.837041 9.421898
v -40.729351 0.000000 40.729351
v -36.620234 0.308158 45.090566
v -40.729351 4.643968 44.528503
v 0.000000 33.320000 0.000000
v -0.000000 44.837041 9.421898
v 10.190609 34.084232 10.815814
v -36.620234 0.308158 45.090566
v -36.620234 -4.335810 41.291414
v 10.190609 22.567191 1.393916
v 10.190609 34.084232 10.815814
v -40.729351 0.000000 40.729351
v -36.620234 -4.335810 41.291414
v -36.620234 0.308158 45.090566
v 0.000000 33.320000 0.000000
v 10.190609 34.084232 10.815814
v 10.190609 22.567191 1.393916
v -36.620234 -4.335810 41.291414
v -40.729351 -4.643968 36.930198
v 0.000000 21.802959 -9.421898
v 10.190609 22.567191 1.393916
v -40.729351 0.000000 40.729351
v -40.729351 -4.643968 36.930198
v -36.620234 -4.335810 41.291414
v 0.000000 33.320000 0.000000
v 10.190609 22.567191 1.393916
v 0.000000 21.802959 -9.421898
v -57.600000 0.000000 6.000000
v -54.998140 -4.497813 3.000000
v 6.452613 22.165423 7.440000
v 0.000000 33.320000 14.880000
v -57.600000 0.000000 0.000000
v -54.998140 -4.497813 3.000000
v -57.600000 0.000000 6.000000
v 0.000000 33.320000 0.000000
v 0.000000 33.320000 14.880000
v 6.452613 22.165423 7.440000
v -54.998140 -4.497813 3.000000
v -54.998140 -4.497813 -3.000000
v 6.452613 22.165423 -7.440000
v 6.452613 22.165423 7.440000
v -57.600000 0.000000 0.000000
v -54.998140 -4.497813 -3.000000
v -54.998140 -4.497813 3.000000
v 0.000000 33.320000 0.000000
v 6.452613 22.165423 7.440000
v 6.452613 22.165423 -7.440000
v -54.998140 -4.497813 -3.000000
v -57.600000 -0.000000 -6.000000
v -0.000000 33.320000 -14.880000
v 6.452613 22.165423 -7.440000
v -57.600000 0.000000 0.000000
v -57.600000 -0.000000 -6.000000
v -54.998140 -4.497813 -3.000000
v 0.000000 33.320000 0.000000
v 6.452613 22.165423 -7.440000
v -0.000000 33.320000 -14.880000
v -57.600000 -0.000000 -6.000000
v -60.201860 4.497813 -3.000000
v -6.452613 44.474577 -7.440000
v -0.000000 33.320000 -14.880000
v -57.600000 0.000000 0.000000
v -60.201860 4.497813 -3.000000
v -57.600000 -0.000000 -6.000000
v 0.000000 33.320000 0.000000
v -0.000000 33.320000 -14.880000
v -6.452613 44.474577 -7.440000
v -60.201860 4.497813 -3.000000
v -60.201860 4.497813 3.000000
v -6.452613 44.474577 7.440000
v -6.452613 44.474577 -7.440000
v -57.600000 0.000000 0.000000
v -60.201860 4.497813 3.000000
v -60.201860 4.497813 -3.000000
v 0.000000 33.320000 0.000000
v -6.452613 44.474577 -7.440000
v -6.452613 44.474577 7.440000
v -60.201860 4.497813 3.000000
v -57.600000 0.000000 6.000000
v 0.000000 33.320000 14.880000
v -6.452613 44.474577 7.440000
v -57.600000 0.000000 0.000000
v -57.600000 0.000000 6.000000
v -60.201860 4.497813 3.000000
v 0.000000 33.320000 0.000000
v -6.452613 44.474577 7.440000
v 0.000000 33.320000 14.880000
v -40.729351 4.643968 -44.528503
v -44.838467 4.335810 -40.167288
v -10.190609 44.072809 1.393916
v 0.000000 44.837041 -9.421898
v -40.729351 0.000000 -40.729351
v -44.838467 4.335810 -40.167288
v -40.729351 4.643968 -44.528503
v 0.000000 33.320000 0.000000
v 0.000000 44.837041 -9.421898
v -10.190609 44.072809 1.393916
v -44.838467 4.335810 -40.167288
v -44.838467 -0.308158 -36.368135
v -10.190609 32.555768 10.815814
v -10.190609 44.072809 1.393916
v -40.729351 0.000000 -40.729351
v -44.838467 -0.308158 -36.368135
v -44.838467 4.335810 -40.167288
v 0.000000 33.320000 0.000000
v -10.190609 44.072809 1.393916
v -10.190609 32.555768 10.815814
v -44.838467 -0.308158 -36.368135
v -40.729351 -4.643968 -36.930198
v -0.000000 21.802959 9.421898
v -10.190609 32.555768 10.815814
v -40.729351 0.000000 -40.729351
v -40.729351 -4.643968 -36.930198
v -44.838467 -0.308158 -36.368135
v 0.000000 33.320000 0.000000
v -10.190609 32.555768 10.815814
v -0.000000 21.802959 9.421898
v -40.729351 -4.643968 -36.930198
v -36.620234 -4.335810 -41.291414
v 10.190609 22.567191 -1.393916
v -0.000000 21.802959 9.421898
v -40.729351 0.000000 -40.729351
v -36.620234 -4.335810 -41.291414
v -40.729351 -4.643968 -36.930198
v 0.000000 33.320000 0.000000
v -0.000000 21.802959 9.421898
v 10.190609 22.567191 -1.393916
v -36.620234 -4.335810 -41.291414
v -36.620234 0.308158 -45.090566
v 10.190609 34.084232 -10.815814
v 10.190609 22.567191 -1.393916
v -40.729351 0.000000 -40.729351
v -36.620234 0.308158 -45.090566
v -36.620234 -4.335810 -41.291414
v 0.000000 33.320000 0.000000
v 10.190609 22.567191 -1.393916
v 10.190609 34.084232 -10.815814
v -36.620234 0.308158 -45.090566
v -40.729351 4.643968 -44.528503
v 0.000000 44.837041 -9.421898
v 10.190609 34.084232 -10.815814
v -40.729351 0.000000 -40.729351
v -40.729351 4.643968 -44.528503
v -36.620234 0.308158 -45.090566
v 0.000000 33.320000 0.000000
v 10.190609 34.084232 -10.815814
v 0.000000 44.837041 -9.421898
v -0.000000 5.193627 -60.604369
v -5.196152 2.596814 -59.102185
v -12.886458 39.760098 -3.725418
v 0.000000 46.200196 -7.450836
v -0.000000 0.000000 -57.600000
v -5.196152 2.596814 -59.102185
v -0.000000 5.193627 -60.604369
v 0.000000 33.320000 0.000000
v 0.000000 46.200196 -7.450836
v -12.886458 39.760098 -3.725418
v -5.196152 2.596814 -59.102185
v -5.196152 -2.596814 -56.097815
v -12.886458 26.879902 3.725418
v -12.886458 39.760098 -3.725418
v -0.000000 0.000000 -57.600000
v -5.196152 -2.596814 -56.097815
v -5.196152 2.596814 -59.102185
v 0.000000 33.320000 0.000000
v -12.886458 39.760098 -3.725418
v -12.886458 26.879902 3.725418
v -5.196152 -2.596814 -56.097815
v -0.000000 -5.193627 -54.595631
v -0.000000 20.439804 7.450836
v -12.886458 26.879902 3.725418
v -0.000000 0.000000 -57.600000
v -0.000000 -5.193627 -54.595631
v -5.196152 -2.596814 -56.097815
v 0.000000 33.320000 0.000000
v -12.886458 26.879902 3.725418
v -0.000000 20.439804 7.450836
v -0.000000 -5.193627 -54.595631
v 5.196152 -2.596814 -56.097815
v 12.886458 26.879902 3.725418
v -0.000000 20.439804 7.450836
v -0.000000 0.000000 -57.600000
v 5.196152 -2.596814 -56.097815
v -0.000000 -5.193627 -54.595631
v 0.000000 33.320000 0.000000
v -0.000000 20.439804 7.450836
v 12.886458 26.879902 3.725418
v 5.196152 -2.596814 -56.097815
v 5.196152 2.596814 -59.102185
v 12.886458 39.760098 -3.725418
v 12.886458 26.879902 3.725418
v -0.000000 0.000000 -57.600000
v 5.196152 2.596814 -59.102185
v 5.196152 -2.596814 -56.097815
v 0.000000 33.320000 0.000000
v 12.886458 26.879902 3.725418
v 12.886458 39.760098 -3.725418
v 5.196152 2.596814 -59.102185
v -0.000000 5.193627 -60.604369
v 0.000000 46.200196 -7.450836
v 12.886458 39.760098 -3.725418
v -0.000000 0.000000 -57.600000
v -0.000000 5.193627 -60.604369
v 5.196152 2.596814 -59.102185
v 0.000000 33.320000 0.000000
v 12.886458 39.760098 -3.725418
v 0.000000 46.200196 -7.450836
v 40.729351 4.643968 -44.528503
v 36.620234 0.308158 -45.090566
v -10.190609 34.084232 -10.815814
v 0.000000 44.837041 -9.421898
v 40.729351 0.000000 -40.729351
v 36.620234 0.308158 -45.090566
v 40.729351 4.643968 -44.528503
v 0.000000 33.320000 0.000000
v 0.000000 44.837041 -9.421898
v -10.190609 34.084232 -10.815814
v 36.620234 0.308158 -45.090566
v 36.620234 -4.335810 -41.291414
v -10.190609 22.567191 -1.393916
v -10.190609 34.084232 -10.815814
v 40.729351 0.000000 -40.729351
v 36.620234 -4.335810 -41.291414
v 36.620234 0.308158 -45.090566
v 0.000000 33.320000 0.000000
v -10.190609 34.084232 -10.815814
v -10.190609 22.567191 -1.393916
v 36.620234 -4.335810 -41.291414
v 40.729351 -4.643968 -36.930198
v -0.000000 21.802959 9.421898
v -10.190609 22.567191 -1.393916
v 40.729351 0.000000 -40.729351
v 40.729351 -4.643968 -36.930198
v 36.620234 -4.335810 -41.291414
v 0.000000 33.320000 0.000000
v -10.190609 22.567191 -1.393916
v -0.000000 21.802959 9.421898
v 40.729351 -4.643968 -36.930198
v 44.838467 -0.308158 -36.368135
v 10.190609 32.555768 10.815814
v -0.000000 21.802959 9.421898
v 40.729351 0.000000 -40.729351
v 44.838467 -0.308158 -36.368135
v 40.729351 -4.643968 -36.930198
v 0.000000 33.320000 0.000000
v -0.000000 21.802959 9.421898
v 10.190609 32.555768 10.815814
v 44.838467 -0.308158 -36.368135
v 44.838467 4.335810 -40.167288
v 10.190609 44.072809 1.393916
v 10.190609 32.555768 10.815814
v 40.729351 0.000000 -40.729351
v 44.838467 4.335810 -40.167288
v 44.838467 -0.308158 -36.368135
v 0.000000 33.320000 0.000000
v 10.190609 32.555768 10.815814
v 10.190609 44.072809 1.393916
v 44.838467 4.335810 -40.167288
v 40.729351 4.643968 -44.528503
v 0.000000 44.837041 -9.421898
v 10.190609 44.072809 1.393916
v 40.729351 0.000000 -40.729351
v 40.729351 4.643968 -44.528503
v 44.838467 4.335810 -40.167288
v 0.000000 33.320000 0.000000
v 10.190609 44.072809 1.393916
v 0.000000 44.837041 -9.421898
v 0.000000 94.478060 -4.700881
v -2.911029 97.001873 -1.915328
v 41.203197 136.637492 5.637543
v 42.222057 135.754158 4.662599
v 0.000000 93.767610 0.000000
v -2.911029 97.001873 -1.915328
v 0.000000 94.478060 -4.700881
v -2.911029 97.001873 -1.915328
v -2.911029 96.291422 2.785554
v 41.203197 136.388834 7.282851
v 41.203197 136.637492 5.637543
v 0.000000 93.767610 0.000000
v -2.911029 96.291422 2.785554
v -2.911029 97.001873 -1.915328
v -2.911029 96.291422 2.785554
v -0.000000 93.057159 4.700881
v 42.222057 135.256842 7.953216
v 41.203197 136.388834 7.282851
v 0.000000 93.767610 0.000000
v -0.000000 93.057159 4.700881
v -2.911029 96.291422 2.785554
v -0.000000 93.057159 4.700881
v 2.911029 90.533346 1.915328
v 43.240917 134.373508 6.978272
v 42.222057 135.256842 7.953216
v 0.000000 93.767610 0.000000
v 2.911029 90.533346 1.915328
v -0.000000 93.057159 4.700881
v 2.911029 90.533346 1.915328
v 2.911029 91.243797 -2.785554
v 43.240917 134.622166 5.332964
v 43.240917 134.373508 6.978272
v 0.000000 93.767610 0.000000
v 2.911029 91.243797 -2.785554
v 2.911029 90.533346 1.915328
v 2.911029 91.243797 -2.785554
v 0.000000 94.478060 -4.700881
v 42.222057 135.754158 4.662599
v 43.240917 134.622166 5.332964
v 0.000000 93.767610 0.000000
v 0.000000 94.478060 -4.700881
v 2.911029 91.243797 -2.785554
v 42.085817 135.912234 4.700152
v 41.175429 136.711788 5.840670
v 88.859728 176.804929 13.541964
v 88.079397 177.490261 14.519550
v 87.962619 177.838890 13.141474
v 88.079397 177.490261 14.519550
v 88.859728 176.804929 13.541964
v 41.175429 136.711788 5.840670
v 41.311670 136.305054 7.448425
v 88.742951 177.153558 12.163888
v 88.859728 176.804929 13.541964
v 87.962619 177.838890 13.141474
v 88.859728 176.804929 13.541964
v 88.742951 177.153558 12.163888
v 41.311670 136.305054 7.448425
v 42.358298 135.098766 7.915663
v 87.845841 178.187519 11.763398
v 88.742951 177.153558 12.163888
v 87.962619 177.838890 13.141474
v 88.742951 177.153558 12.163888
v 87.845841 178.187519 11.763398
v 42.358298 135.098766 7.915663
v 43.268685 134.299213 6.775145
v 87.065509 178.872850 12.740984
v 87.845841 178.187519 11.763398
v 87.962619 177.838890 13.141474
v 87.845841 178.187519 11.763398
v 87.065509 178.872850 12.740984
v 43.268685 134.299213 6.775145
v 43.132444 134.705946 5.167390
v 87.182287 178.524221 14.119060
v 87.065509 178.872850 12.740984
v 87.962619 177.838890 13.141474
v 87.065509 178.872850 12.740984
v 87.182287 178.524221 14.119060
v 43.132444 134.705946 5.167390
v 42.085817 135.912234 4.700152
v 88.079397 177.490261 14.519550
v 87.182287 178.524221 14.119060
v 87.962619 177.838890 13.141474
v 87.182287 178.524221 14.119060
v 88.079397 177.490261 14.519550
v 0.000000 127.095343 -3.736294
v -3.899200 126.861857 0.984605
v 23.230666 140.103900 21.462574
v 24.595385 140.185620 19.810260
v 0.000000 122.238876 0.000000
v -3.899200 126.861857 0.984605
v 0.000000 127.095343 -3.736294
v -3.899200 126.861857 0.984605
v -3.899200 122.005391 4.720899
v 23.230666 138.404137 22.770277
v 23.230666 140.103900 21.462574
v 0.000000 122.238876 0.000000
v -3.899200 122.005391 4.720899
v -3.899200 126.861857 0.984605
v -3.899200 122.005391 4.720899
v -0.000000 117.382410 3.736294
v 24.595385 136.786093 22.425666
v 23.230666 138.404137 22.770277
v 0.000000 122.238876 0.000000
v -0.000000 117.382410 3.736294
v -3.899200 122.005391 4.720899
v -0.000000 117.382410 3.736294
v 3.899200 117.615896 -0.984605
v 25.960105 136.867813 20.773351
v 24.595385 136.786093 22.425666
v 0.000000 122.238876 0.000000
v 3.899200 117.615896 -0.984605
v -0.000000 117.382410 3.736294
v 3.899200 117.615896 -0.984605
v 3.899200 122.472362 -4.720899
v 25.960105 138.567577 19.465648
v 25.960105 136.867813 20.773351
v 0.000000 122.238876 0.000000
v 3.899200 122.472362 -4.720899
v 3.899200 117.615896 -0.984605
v 3.899200 122.472362 -4.720899
v 0.000000 127.095343 -3.736294
v 24.595385 140.185620 19.810260
v 25.960105 138.567577 19.465648
v 0.000000 122.238876 0.000000
v 0.000000 127.095343 -3.736294
v 3.899200 122.472362 -4.720899
v 24.418035 140.480775 20.351066
v 23.232946 139.868180 22.030225
v 52.408191 148.464568 43.213817
v 51.392401 147.939487 44.653096
v 51.240386 149.649417 43.995756
v 51.392401 147.939487 44.653096
v 52.408191 148.464568 43.213817
v 23.232946 139.868180 22.030225
v 23.410296 137.873262 22.797121
v 52.256177 150.174498 42.556477
v 52.408191 148.464568 43.213817
v 51.240386 149.649417 43.995756
v 52.408191 148.464568 43.213817
v 52.256177 150.174498 42.556477
v 23.410296 137.873262 22.797121
v 24.772736 136.490938 21.884859
v 51.088372 151.359347 43.338416
v 52.256177 150.174498 42.556477
v 51.240386 149.649417 43.995756
v 52.256177 150.174498 42.556477
v 51.088372 151.359347 43.338416
v 24.772736 136.490938 21.884859
v 25.957825 137.103533 20.205701
v 50.072581 150.834266 44.777695
v 51.088372 151.359347 43.338416
v 51.240386 149.649417 43.995756
v 51.088372 151.359347 43.338416
v 50.072581 150.834266 44.777695
v 25.957825 137.103533 20.205701
v 25.780475 139.098451 19.438804
v 50.224596 149.124336 45.435034
v 50.072581 150.834266 44.777695
v 51.240386 149.649417 43.995756
v 50.072581 150.834266 44.777695
v 50.224596 149.124336 45.435034
v 25.780475 139.098451 19.438804
v 24.418035 140.480775 20.351066
v 51.392401 147.939487 44.653096
v 50.224596 149.124336 45.435034
v 51.240386 149.649417 43.995756
v 50.224596 149.124336 45.435034
v 51.392401 147.939487 44.653096
v 0.000000 114.751270 -2.837808
v -5.121175 112.835407 0.574703
v 20.628256 133.087112 46.630414
v 22.420667 133.757664 45.436035
v 0.000000 108.964298 0.000000
v -5.121175 112.835407 0.574703
v 0.000000 114.751270 -2.837808
v -5.121175 112.835407 0.574703
v -5.121175 107.048435 3.412511
v 20.628256 131.061672 47.623647
v 20.628256 133.087112 46.630414
v 0.000000 108.964298 0.000000
v -5.121175 107.048435 3.412511
v -5.121175 112.835407 0.574703
v -5.121175 107.048435 3.412511
v -0.000000 103.177326 2.837808
v 22.420667 129.706784 47.422500
v 20.628256 131.061672 47.623647
v 0.000000 108.964298 0.000000
v -0.000000 103.177326 2.837808
v -5.121175 107.048435 3.412511
v -0.000000 103.177326 2.837808
v 5.121175 105.093190 -0.574703
v 24.213078 130.377336 46.228122
v 22.420667 129.706784 47.422500
v 0.000000 108.964298 0.000000
v 5.121175 105.093190 -0.574703
v -0.000000 103.177326 2.837808
v 5.121175 105.093190 -0.574703
v 5.121175 110.880162 -3.412511
v 24.213078 132.402776 45.234889
v 24.213078 130.377336 46.228122
v 0.000000 108.964298 0.000000
v 5.121175 110.880162 -3.412511
v 5.121175 105.093190 -0.574703
v 5.121175 110.880162 -3.412511
v 0.000000 114.751270 -2.837808
v 22.420667 133.757664 45.436035
v 24.213078 132.402776 45.234889
v 0.000000 108.964298 0.000000
v 0.000000 114.751270 -2.837808
v 5.121175 110.880162 -3.412511
v 22.175967 133.926708 45.967444
v 20.540833 132.813014 47.051392
v 48.321008 144.099404 96.194392
v 46.919465 143.144810 97.123490
v 46.709722 145.025796 96.727641
v 46.919465 143.144810 97.123490
v 48.321008 144.099404 96.194392
v 20.540833 132.813014 47.051392
v 20.785533 130.618530 47.513216
v 48.111266 145.980391 95.798543
v 48.321008 144.099404 96.194392
v 46.709722 145.025796 96.727641
v 48.321008 144.099404 96.194392
v 48.111266 145.980391 95.798543
v 20.785533 130.618530 47.513216
v 22.665367 129.537740 46.891092
v 46.499980 146.906782 96.331792
v 48.111266 145.980391 95.798543
v 46.709722 145.025796 96.727641
v 48.111266 145.980391 95.798543
v 46.499980 146.906782 96.331792
v 22.665367 129.537740 46.891092
v 24.300500 130.651434 45.807144
v 45.098437 145.952188 97.260890
v 46.499980 146.906782 96.331792
v 46.709722 145.025796 96.727641
v 46.499980 146.906782 96.331792
v 45.098437 145.952188 97.260890
v 24.300500 130.651434 45.807144
v 24.055800 132.845918 45.345320
v 45.308179 144.071201 97.656739
v 45.098437 145.952188 97.260890
v 46.709722 145.025796 96.727641
v 45.098437 145.952188 97.260890
v 45.308179 144.071201 97.656739
v 24.055800 132.845918 45.345320
v 22.175967 133.926708 45.967444
v 46.919465 143.144810 97.123490
v 45.308179 144.071201 97.656739
v 46.709722 145.025796 96.727641
v 45.308179 144.071201 97.656739
v 46.919465 143.144810 97.123490
v 0.000000 107.709600 -2.854860
v -5.706956 104.936037 -0.990152
v 2.340702 124.906793 45.720944
v 4.338137 125.877540 45.068297
v 0.000000 101.743956 0.000000
v -5.706956 104.936037 -0.990152
v 0.000000 107.709600 -2.854860
v -5.706956 104.936037 -0.990152
v -5.706956 98.970393 1.864708
v 2.340702 122.818817 46.720145
v 2.340702 124.906793 45.720944
v 0.000000 101.743956 0.000000
v -5.706956 98.970393 1.864708
v -5.706956 104.936037 -0.990152
v -5.706956 98.970393 1.864708
v -0.000000 95.778312 2.854860
v 4.338137 121.701589 47.066699
v 2.340702 122.818817 46.720145
v 0.000000 101.743956 0.000000
v -0.000000 95.778312 2.854860
v -5.706956 98.970393 1.864708
v -0.000000 95.778312 2.854860
v 5.706956 98.551874 0.990152
v 6.335571 122.672336 46.414051
v 4.338137 121.701589 47.066699
v 0.000000 101.743956 0.000000
v 5.706956 98.551874 0.990152
v -0.000000 95.778312 2.854860
v 5.706956 98.551874 0.990152
v 5.706956 104.517518 -1.864708
v 6.335571 124.760311 45.414850
v 6.335571 122.672336 46.414051
v 0.000000 101.743956 0.000000
v 5.706956 104.517518 -1.864708
v 5.706956 98.551874 0.990152
v 5.706956 104.517518 -1.864708
v 0.000000 107.709600 -2.854860
v 4.338137 125.877540 45.068297
v 6.335571 124.760311 45.414850
v 0.000000 101.743956 0.000000
v 0.000000 107.709600 -2.854860
v 5.706956 104.517518 -1.864708
v 4.062162 126.005851 45.459260
v 2.218044 124.716361 46.001927
v 10.855006 137.276692 96.030157
v 9.274334 136.171415 96.495300
v 9.037784 138.071089 95.973953
v 9.274334 136.171415 96.495300
v 10.855006 137.276692 96.030157
v 2.218044 124.716361 46.001927
v 2.494019 122.500074 46.610165
v 10.618457 139.176367 95.508810
v 10.855006 137.276692 96.030157
v 9.037784 138.071089 95.973953
v 10.855006 137.276692 96.030157
v 10.618457 139.176367 95.508810
v 2.494019 122.500074 46.610165
v 4.614111 121.573277 46.675735
v 8.801235 139.970764 95.452607
v 10.618457 139.176367 95.508810
v 9.037784 138.071089 95.973953
v 10.618457 139.176367 95.508810
v 8.801235 139.970764 95.452607
v 4.614111 121.573277 46.675735
v 6.458229 122.862767 46.133068
v 7.220562 138.865487 95.917750
v 8.801235 139.970764 95.452607
v 9.037784 138.071089 95.973953
v 8.801235 139.970764 95.452607
v 7.220562 138.865487 95.917750
v 6.458229 122.862767 46.133068
v 6.182254 125.079055 45.524831
v 7.457112 136.965812 96.439097
v 7.220562 138.865487 95.917750
v 9.037784 138.071089 95.973953
v 7.220562 138.865487 95.917750
v 7.457112 136.965812 96.439097
v 6.182254 125.079055 45.524831
v 4.062162 126.005851 45.459260
v 9.274334 136.171415 96.495300
v 7.457112 136.965812 96.439097
v 9.037784 138.071089 95.973953
v 7.457112 136.965812 96.439097
v 9.274334 136.171415 96.495300
v 0.000000 122.784204 -4.236161
v -6.232138 118.813867 -3.439969
v -12.610495 140.452626 31.991601
v -10.429247 141.842244 31.712934
v 0.000000 116.677487 0.000000
v -6.232138 118.813867 -3.439969
v 0.000000 122.784204 -4.236161
v -6.232138 118.813867 -3.439969
v -6.232138 112.707150 0.796192
v -12.610495 138.315275 33.474258
v -12.610495 140.452626 31.991601
v 0.000000 116.677487 0.000000
v -6.232138 112.707150 0.796192
v -6.232138 118.813867 -3.439969
v -6.232138 112.707150 0.796192
v -0.000000 110.570770 4.236161
v -10.429247 137.567542 34.678247
v -12.610495 138.315275 33.474258
v 0.000000 116.677487 0.000000
v -0.000000 110.570770 4.236161
v -6.232138 112.707150 0.796192
v -0.000000 110.570770 4.236161
v 6.232138 114.541108 3.439969
v -8.247998 138.957160 34.399579
v -10.429247 137.567542 34.678247
v 0.000000 116.677487 0.000000
v 6.232138 114.541108 3.439969
v -0.000000 110.570770 4.236161
v 6.232138 114.541108 3.439969
v 6.232138 120.647825 -0.796192
v -8.247998 141.094511 32.916923
v -8.247998 138.957160 34.399579
v 0.000000 116.677487 0.000000
v 6.232138 120.647825 -0.796192
v 6.232138 114.541108 3.439969
v 6.232138 120.647825 -0.796192
v 0.000000 122.784204 -4.236161
v -10.429247 141.842244 31.712934
v -8.247998 141.094511 32.916923
v 0.000000 116.677487 0.000000
v 0.000000 122.784204 -4.236161
v 6.232138 120.647825 -0.796192
v -10.729496 141.926216 31.875700
v -12.735822 140.292861 32.146523
v -19.750533 159.041994 70.056680
v -21.470241 157.641975 70.288815
v -21.727597 159.545967 69.157480
v -21.470241 157.641975 70.288815
v -19.750533 159.041994 70.056680
v -12.735822 140.292861 32.146523
v -12.435573 138.071538 33.466414
v -20.007889 160.945985 68.925345
v -19.750533 159.041994 70.056680
v -21.727597 159.545967 69.157480
v -19.750533 159.041994 70.056680
v -20.007889 160.945985 68.925345
v -12.435573 138.071538 33.466414
v -10.128998 137.483569 34.515481
v -21.984954 161.449958 68.026145
v -20.007889 160.945985 68.925345
v -21.727597 159.545967 69.157480
v -20.007889 160.945985 68.925345
v -21.984954 161.449958 68.026145
v -10.128998 137.483569 34.515481
v -8.122671 139.116924 34.244657
v -23.704662 160.049940 68.258280
v -21.984954 161.449958 68.026145
v -21.727597 159.545967 69.157480
v -21.984954 161.449958 68.026145
v -23.704662 160.049940 68.258280
v -8.122671 139.116924 34.244657
v -8.422920 141.338248 32.924767
v -23.447306 158.145948 69.389615
v -23.704662 160.049940 68.258280
v -21.727597 159.545967 69.157480
v -23.704662 160.049940 68.258280
v -23.447306 158.145948 69.389615
v -8.422920 141.338248 32.924767
v -10.729496 141.926216 31.875700
v -21.470241 157.641975 70.288815
v -23.447306 158.145948 69.389615
v -21.727597 159.545967 69.157480
v -23.447306 158.145948 69.389615
v -21.470241 157.641975 70.288815
v 0.000000 108.589161 -2.281686
v -3.312860 105.315287 -3.306567
v -35.167995 126.577075 38.956745
v -34.008494 127.722931 39.315454
v 0.000000 104.401371 0.000000
v -3.312860 105.315287 -3.306567
v 0.000000 108.589161 -2.281686
v -3.312860 105.315287 -3.306567
v -3.312860 101.127497 -1.024882
v -35.167995 125.111348 39.755335
v -35.167995 126.577075 38.956745
v 0.000000 104.401371 0.000000
v -3.312860 101.127497 -1.024882
v -3.312860 105.315287 -3.306567
v -3.312860 101.127497 -1.024882
v -0.000000 100.213581 2.281686
v -34.008494 124.791478 40.912634
v -35.167995 125.111348 39.755335
v 0.000000 104.401371 0.000000
v -0.000000 100.213581 2.281686
v -3.312860 101.127497 -1.024882
v -0.000000 100.213581 2.281686
v 3.312860 103.487455 3.306567
v -32.848993 125.937333 41.271342
v -34.008494 124.791478 40.912634
v 0.000000 104.401371 0.000000
v 3.312860 103.487455 3.306567
v -0.000000 100.213581 2.281686
v 3.312860 103.487455 3.306567
v 3.312860 107.675244 1.024882
v -32.848993 127.403060 40.472752
v -32.848993 125.937333 41.271342
v 0.000000 104.401371 0.000000
v 3.312860 107.675244 1.024882
v 3.312860 103.487455 3.306567
v 3.312860 107.675244 1.024882
v 0.000000 108.589161 -2.281686
v -34.008494 127.722931 39.315454
v -32.848993 127.403060 40.472752
v 0.000000 104.401371 0.000000
v 0.000000 108.589161 -2.281686
v 3.312860 107.675244 1.024882
v -34.163055 127.826282 39.566134
v -35.195865 126.640943 39.005444
v -69.833281 137.473922 84.521153
v -70.718547 136.457917 84.040561
v -70.851029 137.802841 83.570924
v -70.718547 136.457917 84.040561
v -69.833281 137.473922 84.521153
v -35.195865 126.640943 39.005444
v -35.041304 125.071865 39.553353
v -69.965763 138.818846 84.051516
v -69.833281 137.473922 84.521153
v -70.851029 137.802841 83.570924
v -69.833281 137.473922 84.521153
v -69.965763 138.818846 84.051516
v -35.041304 125.071865 39.553353
v -33.853932 124.688126 40.661953
v -70.983510 139.147765 83.101288
v -69.965763 138.818846 84.051516
v -70.851029 137.802841 83.570924
v -69.965763 138.818846 84.051516
v -70.983510 139.147765 83.101288
v -33.853932 124.688126 40.661953
v -32.821122 125.873465 41.222643
v -71.868776 138.131760 82.620696
v -70.983510 139.147765 83.101288
v -70.851029 137.802841 83.570924
v -70.983510 139.147765 83.101288
v -71.868776 138.131760 82.620696
v -32.821122 125.873465 41.222643
v -32.975683 127.442543 40.674734
v -71.736294 136.786835 83.090333
v -71.868776 138.131760 82.620696
v -70.851029 137.802841 83.570924
v -71.868776 138.131760 82.620696
v -71.736294 136.786835 83.090333
v -32.975683 127.442543 40.674734
v -34.163055 127.826282 39.566134
v -70.718547 136.457917 84.040561
v -71.736294 136.786835 83.090333
v -70.851029 137.802841 83.570924
v -71.736294 136.786835 83.090333
v -70.718547 136.457917 84.040561
v 0.000000 123.315115 -4.956327
v -3.249701 118.515779 -4.489860
v -33.171084 142.724733 12.580022
v -32.033688 144.404500 12.416758
v 0.000000 120.274294 0.000000
v -3.249701 118.515779 -4.489860
v 0.000000 123.315115 -4.956327
v -3.249701 118.515779 -4.489860
v -3.249701 115.474958 0.466467
v -33.171084 141.660445 14.314736
v -33.171084 142.724733 12.580022
v 0.000000 120.274294 0.000000
v -3.249701 115.474958 0.466467
v -3.249701 118.515779 -4.489860
v -3.249701 115.474958 0.466467
v -0.000000 117.233473 4.956327
v -32.033688 142.275926 15.886187
v -33.171084 141.660445 14.314736
v 0.000000 120.274294 0.000000
v -0.000000 117.233473 4.956327
v -3.249701 115.474958 0.466467
v -0.000000 117.233473 4.956327
v 3.249701 122.032809 4.489860
v -30.896293 143.955693 15.722924
v -32.033688 142.275926 15.886187
v 0.000000 120.274294 0.000000
v 3.249701 122.032809 4.489860
v -0.000000 117.233473 4.956327
v 3.249701 122.032809 4.489860
v 3.249701 125.073630 -0.466467
v -30.896293 145.019981 13.988209
v -30.896293 143.955693 15.722924
v 0.000000 120.274294 0.000000
v 3.249701 125.073630 -0.466467
v 3.249701 122.032809 4.489860
v 3.249701 125.073630 -0.466467
v 0.000000 123.315115 -4.956327
v -32.033688 144.404500 12.416758
v -30.896293 145.019981 13.988209
v 0.000000 120.274294 0.000000
v 0.000000 123.315115 -4.956327
v 3.249701 125.073630 -0.466467
v -32.176304 144.420306 12.432461
v -33.129288 142.629020 12.590765
v -65.797765 163.767147 30.819984
v -66.614609 162.231760 30.955674
v -66.736851 163.157554 29.482235
v -66.614609 162.231760 30.955674
v -65.797765 163.767147 30.819984
v -33.129288 142.629020 12.590765
v -32.986673 141.548928 14.309777
v -65.920007 164.692941 29.346545
v -65.797765 163.767147 30.819984
v -66.736851 163.157554 29.482235
v -65.797765 163.767147 30.819984
v -65.920007 164.692941 29.346545
v -32.986673 141.548928 14.309777
v -31.891073 142.260120 15.870485
v -66.859093 164.083347 28.008796
v -65.920007 164.692941 29.346545
v -66.736851 163.157554 29.482235
v -65.920007 164.692941 29.346545
v -66.859093 164.083347 28.008796
v -31.891073 142.260120 15.870485
v -30.938089 144.051405 15.712180
v -67.675937 162.547960 28.144485
v -66.859093 164.083347 28.008796
v -66.736851 163.157554 29.482235
v -66.859093 164.083347 28.008796
v -67.675937 162.547960 28.144485
v -30.938089 144.051405 15.712180
v -31.080704 145.131498 13.993168
v -67.553695 161.622166 29.617924
v -67.675937 162.547960 28.144485
v -66.736851 163.157554 29.482235
v -67.675937 162.547960 28.144485
v -67.553695 161.622166 29.617924
v -31.080704 145.131498 13.993168
v -32.176304 144.420306 12.432461
v -66.614609 162.231760 30.955674
v -67.553695 161.622166 29.617924
v -66.736851 163.157554 29.482235
v -67.553695 161.622166 29.617924
v -66.614609 162.231760 30.955674
v 0.000000 127.943010 -5.944214
v -3.275167 122.509120 -4.742861
v -38.377352 149.165139 8.849130
v -37.231043 151.067000 8.428656
v 0.000000 125.420423 0.000000
v -3.275167 122.509120 -4.742861
v 0.000000 127.943010 -5.944214
v -3.275167 122.509120 -4.742861
v -3.275167 119.986533 1.201353
v -38.377352 148.282233 10.929605
v -38.377352 149.165139 8.849130
v 0.000000 125.420423 0.000000
v -3.275167 119.986533 1.201353
v -3.275167 122.509120 -4.742861
v -3.275167 119.986533 1.201353
v -0.000000 122.897836 5.944214
v -37.231043 149.301189 12.589606
v -38.377352 148.282233 10.929605
v 0.000000 125.420423 0.000000
v -0.000000 122.897836 5.944214
v -3.275167 119.986533 1.201353
v -0.000000 122.897836 5.944214
v 3.275167 128.331725 4.742861
v -36.084735 151.203050 12.169132
v -37.231043 149.301189 12.589606
v 0.000000 125.420423 0.000000
v 3.275167 128.331725 4.742861
v -0.000000 122.897836 5.944214
v 3.275167 128.331725 4.742861
v 3.275167 130.854313 -1.201353
v -36.084735 152.085956 10.088657
v -36.084735 151.203050 12.169132
v 0.000000 125.420423 0.000000
v 3.275167 130.854313 -1.201353
v 3.275167 128.331725 4.742861
v 3.275167 130.854313 -1.201353
v 0.000000 127.943010 -5.944214
v -37.231043 151.067000 8.428656
v -36.084735 152.085956 10.088657
v 0.000000 125.420423 0.000000
v 0.000000 127.943010 -5.944214
v 3.275167 130.854313 -1.201353
v -37.956795 149.941979 8.382499
v -38.364928 148.324112 9.906911
v -76.592772 172.680436 22.410211
v -76.942601 171.293693 23.716850
v -77.564673 171.086166 21.894023
v -76.942601 171.293693 23.716850
v -76.592772 172.680436 22.410211
v -38.364928 148.324112 9.906911
v -37.639176 148.566228 12.033543
v -77.214845 172.472909 20.587384
v -76.592772 172.680436 22.410211
v -77.564673 171.086166 21.894023
v -76.592772 172.680436 22.410211
v -77.214845 172.472909 20.587384
v -37.639176 148.566228 12.033543
v -36.505292 150.426210 12.635763
v -78.186746 170.878638 20.071195
v -77.214845 172.472909 20.587384
v -77.564673 171.086166 21.894023
v -77.214845 172.472909 20.587384
v -78.186746 170.878638 20.071195
v -36.505292 150.426210 12.635763
v -36.097158 152.044077 11.111350
v -78.536575 169.491895 21.377834
v -78.186746 170.878638 20.071195
v -77.564673 171.086166 21.894023
v -78.186746 170.878638 20.071195
v -78.536575 169.491895 21.377834
v -36.097158 152.044077 11.111350
v -36.822910 151.801961 8.984719
v -77.914502 169.699423 23.200662
v -78.536575 169.491895 21.377834
v -77.564673 171.086166 21.894023
v -78.536575 169.491895 21.377834
v -77.914502 169.699423 23.200662
v -36.822910 151.801961 8.984719
v -37.956795 149.941979 8.382499
v -76.942601 171.293693 23.716850
v -77.914502 169.699423 23.200662
v -77.564673 171.086166 21.894023
v -77.914502 169.699423 23.200662
v -76.942601 171.293693 23.716850
v 0.000000 80.715794 -3.854774
v -2.770538 79.692277 0.033294
v -43.447417 111.390587 -22.600375
v -42.477728 111.748818 -23.961199
v 0.000000 83.712669 0.000000
v -2.770538 79.692277 0.033294
v 0.000000 80.715794 -3.854774
v -2.770538 79.692277 0.033294
v -2.770538 82.689151 3.888068
v -43.447417 112.439493 -21.251204
v -43.447417 111.390587 -22.600375
v 0.000000 83.712669 0.000000
v -2.770538 82.689151 3.888068
v -2.770538 79.692277 0.033294
v -2.770538 82.689151 3.888068
v -0.000000 86.709543 3.854774
v -42.477728 113.846630 -21.262857
v -43.447417 112.439493 -21.251204
v 0.000000 83.712669 0.000000
v -0.000000 86.709543 3.854774
v -2.770538 82.689151 3.888068
v -0.000000 86.709543 3.854774
v 2.770538 87.733060 -0.033294
v -41.508040 114.204861 -22.623681
v -42.477728 113.846630 -21.262857
v 0.000000 83.712669 0.000000
v 2.770538 87.733060 -0.033294
v -0.000000 86.709543 3.854774
v 2.770538 87.733060 -0.033294
v 2.770538 84.736186 -3.888068
v -41.508040 113.155955 -23.972852
v -41.508040 114.204861 -22.623681
v 0.000000 83.712669 0.000000
v 2.770538 84.736186 -3.888068
v 2.770538 87.733060 -0.033294
v 2.770538 84.736186 -3.888068
v 0.000000 80.715794 -3.854774
v -42.477728 111.748818 -23.961199
v -41.508040 113.155955 -23.972852
v 0.000000 83.712669 0.000000
v 0.000000 80.715794 -3.854774
v 2.770538 84.736186 -3.888068
v -42.599352 111.461973 -23.671010
v -43.412062 111.437493 -22.167891
v -87.694410 137.574336 -47.489080
v -88.391019 137.553353 -46.200692
v -88.495268 136.408424 -47.108391
v -88.391019 137.553353 -46.200692
v -87.694410 137.574336 -47.489080
v -43.412062 111.437493 -22.167891
v -43.290439 112.773244 -21.108908
v -87.798658 136.429407 -48.396780
v -87.694410 137.574336 -47.489080
v -88.495268 136.408424 -47.108391
v -87.694410 137.574336 -47.489080
v -87.798658 136.429407 -48.396780
v -43.290439 112.773244 -21.108908
v -42.356105 114.133475 -21.553046
v -88.599516 135.263495 -48.016091
v -87.798658 136.429407 -48.396780
v -88.495268 136.408424 -47.108391
v -87.798658 136.429407 -48.396780
v -88.599516 135.263495 -48.016091
v -42.356105 114.133475 -21.553046
v -41.543394 114.157955 -23.056165
v -89.296125 135.242512 -46.727702
v -88.599516 135.263495 -48.016091
v -88.495268 136.408424 -47.108391
v -88.599516 135.263495 -48.016091
v -89.296125 135.242512 -46.727702
v -41.543394 114.157955 -23.056165
v -41.665018 112.822204 -24.115147
v -89.191877 136.387441 -45.820003
v -89.296125 135.242512 -46.727702
v -88.495268 136.408424 -47.108391
v -89.296125 135.242512 -46.727702
v -89.191877 136.387441 -45.820003
v -41.665018 112.822204 -24.115147
v -42.599352 111.461973 -23.671010
v -88.391019 137.553353 -46.200692
v -89.191877 136.387441 -45.820003
v -88.495268 136.408424 -47.108391
v -89.191877 136.387441 -45.820003
v -88.391019 137.553353 -46.200692
v 0.000000 122.357157 -1.577251
v -3.862194 124.118215 0.671952
v -21.190239 142.191937 -46.568386
v -19.838471 141.575566 -47.355607
v 0.000000 126.894674 0.000000
v -3.862194 124.118215 0.671952
v 0.000000 122.357157 -1.577251
v -3.862194 124.118215 0.671952
v -3.862194 128.655733 2.249203
v -21.190239 143.780068 -46.016348
v -21.190239 142.191937 -46.568386
v 0.000000 126.894674 0.000000
v -3.862194 128.655733 2.249203
v -3.862194 124.118215 0.671952
v -3.862194 128.655733 2.249203
v -0.000000 131.432192 1.577251
v -19.838471 144.751829 -46.251531
v -21.190239 143.780068 -46.016348
v 0.000000 126.894674 0.000000
v -0.000000 131.432192 1.577251
v -3.862194 128.655733 2.249203
v -0.000000 131.432192 1.577251
v 3.862194 129.671133 -0.671952
v -18.486703 144.135458 -47.038752
v -19.838471 144.751829 -46.251531
v 0.000000 126.894674 0.000000
v 3.862194 129.671133 -0.671952
v -0.000000 131.432192 1.577251
v 3.862194 129.671133 -0.671952
v 3.862194 125.133615 -2.249203
v -18.486703 142.547327 -47.590790
v -18.486703 144.135458 -47.038752
v 0.000000 126.894674 0.000000
v 3.862194 125.133615 -2.249203
v 3.862194 129.671133 -0.671952
v 3.862194 125.133615 -2.249203
v 0.000000 122.357157 -1.577251
v -19.838471 141.575566 -47.355607
v -18.486703 142.547327 -47.590790
v 0.000000 126.894674 0.000000
v 0.000000 122.357157 -1.577251
v 3.862194 125.133615 -2.249203
v -20.023869 141.493306 -46.851808
v -21.262735 142.459706 -46.253321
v -40.109349 147.616771 -97.979076
v -41.171235 148.445114 -97.466087
v -41.330147 147.013350 -97.507435
v -41.171235 148.445114 -97.466087
v -40.109349 147.616771 -97.979076
v -21.262735 142.459706 -46.253321
v -21.077337 144.130098 -46.205081
v -40.268262 146.185007 -98.020424
v -40.109349 147.616771 -97.979076
v -41.330147 147.013350 -97.507435
v -40.109349 147.616771 -97.979076
v -40.268262 146.185007 -98.020424
v -21.077337 144.130098 -46.205081
v -19.653073 144.834089 -46.755330
v -41.489060 145.581586 -97.548783
v -40.268262 146.185007 -98.020424
v -41.330147 147.013350 -97.507435
v -40.268262 146.185007 -98.020424
v -41.489060 145.581586 -97.548783
v -19.653073 144.834089 -46.755330
v -18.414206 143.867689 -47.353817
v -42.550946 146.409928 -97.035794
v -41.489060 145.581586 -97.548783
v -41.330147 147.013350 -97.507435
v -41.489060 145.581586 -97.548783
v -42.550946 146.409928 -97.035794
v -18.414206 143.867689 -47.353817
v -18.599604 142.197298 -47.402056
v -42.392033 147.841693 -96.994446
v -42.550946 146.409928 -97.035794
v -41.330147 147.013350 -97.507435
v -42.550946 146.409928 -97.035794
v -42.392033 147.841693 -96.994446
v -18.599604 142.197298 -47.402056
v -20.023869 141.493306 -46.851808
v -41.171235 148.445114 -97.466087
v -42.392033 147.841693 -96.994446
v -41.330147 147.013350 -97.507435
v -42.392033 147.841693 -96.994446
v -41.171235 148.445114 -97.466087
v 0.000000 118.880025 -2.623373
v -4.418556 120.790338 -0.797000
v -8.907332 150.133379 -47.065539
v -7.360838 149.464769 -47.704770
v 0.000000 123.310203 0.000000
v -4.418556 120.790338 -0.797000
v 0.000000 118.880025 -2.623373
v -4.418556 120.790338 -0.797000
v -4.418556 125.220516 1.826372
v -8.907332 151.683941 -46.147359
v -8.907332 150.133379 -47.065539
v 0.000000 123.310203 0.000000
v -4.418556 125.220516 1.826372
v -4.418556 120.790338 -0.797000
v -4.418556 125.220516 1.826372
v -0.000000 127.740382 2.623373
v -7.360838 152.565894 -45.868409
v -8.907332 151.683941 -46.147359
v 0.000000 123.310203 0.000000
v -0.000000 127.740382 2.623373
v -4.418556 125.220516 1.826372
v -0.000000 127.740382 2.623373
v 4.418556 125.830069 0.797000
v -5.814343 151.897284 -46.507639
v -7.360838 152.565894 -45.868409
v 0.000000 123.310203 0.000000
v 4.418556 125.830069 0.797000
v -0.000000 127.740382 2.623373
v 4.418556 125.830069 0.797000
v 4.418556 121.399890 -1.826372
v -5.814343 150.346722 -47.425819
v -5.814343 151.897284 -46.507639
v 0.000000 123.310203 0.000000
v 4.418556 121.399890 -1.826372
v 4.418556 125.830069 0.797000
v 4.418556 121.399890 -1.826372
v 0.000000 118.880025 -2.623373
v -7.360838 149.464769 -47.704770
v -5.814343 150.346722 -47.425819
v 0.000000 123.310203 0.000000
v 0.000000 118.880025 -2.623373
v 4.418556 121.399890 -1.826372
v -7.574349 149.361332 -47.469230
v -9.001072 150.271795 -46.850508
v -13.929164 173.600993 -97.417273
v -15.152069 174.381391 -96.886940
v -15.335078 172.963677 -97.472061
v -15.152069 174.381391 -96.886940
v -13.929164 173.600993 -97.417273
v -9.001072 150.271795 -46.850508
v -8.787561 151.925795 -46.167867
v -14.112173 172.183280 -98.002393
v -13.929164 173.600993 -97.417273
v -15.335078 172.963677 -97.472061
v -13.929164 173.600993 -97.417273
v -14.112173 172.183280 -98.002393
v -8.787561 151.925795 -46.167867
v -7.147327 152.669331 -46.103948
v -15.518088 171.545963 -98.057181
v -14.112173 172.183280 -98.002393
v -15.335078 172.963677 -97.472061
v -14.112173 172.183280 -98.002393
v -15.518088 171.545963 -98.057181
v -7.147327 152.669331 -46.103948
v -5.720604 151.758867 -46.722670
v -16.740993 172.326360 -97.526848
v -15.518088 171.545963 -98.057181
v -15.335078 172.963677 -97.472061
v -15.518088 171.545963 -98.057181
v -16.740993 172.326360 -97.526848
v -5.720604 151.758867 -46.722670
v -5.934114 150.104868 -47.405311
v -16.557984 173.744074 -96.941728
v -16.740993 172.326360 -97.526848
v -15.335078 172.963677 -97.472061
v -16.740993 172.326360 -97.526848
v -16.557984 173.744074 -96.941728
v -5.934114 150.104868 -47.405311
v -7.574349 149.361332 -47.469230
v -15.152069 174.381391 -96.886940
v -16.557984 173.744074 -96.941728
v -15.335078 172.963677 -97.472061
v -16.557984 173.744074 -96.941728
v -15.152069 174.381391 -96.886940
v 0.000000 81.661041 -3.212253
v -5.064319 84.410273 -2.046385
v 4.006474 116.244144 -47.347311
v 5.778985 115.281913 -47.755364
v 0.000000 86.585092 0.000000
v -5.064319 84.410273 -2.046385
v 0.000000 81.661041 -3.212253
v -5.064319 84.410273 -2.046385
v -5.064319 89.334324 1.165868
v 4.006474 117.967562 -46.223022
v 4.006474 116.244144 -47.347311
v 0.000000 86.585092 0.000000
v -5.064319 89.334324 1.165868
v -5.064319 84.410273 -2.046385
v -5.064319 89.334324 1.165868
v -0.000000 91.509143 3.212253
v 5.778985 118.728748 -45.506787
v 4.006474 117.967562 -46.223022
v 0.000000 86.585092 0.000000
v -0.000000 91.509143 3.212253
v -5.064319 89.334324 1.165868
v -0.000000 91.509143 3.212253
v 5.064319 88.759911 2.046385
v 7.551497 117.766517 -45.914841
v 5.778985 118.728748 -45.506787
v 0.000000 86.585092 0.000000
v 5.064319 88.759911 2.046385
v -0.000000 91.509143 3.212253
v 5.064319 88.759911 2.046385
v 5.064319 83.835859 -1.165868
v 7.551497 116.043099 -47.039130
v 7.551497 117.766517 -45.914841
v 0.000000 86.585092 0.000000
v 5.064319 83.835859 -1.165868
v 5.064319 88.759911 2.046385
v 5.064319 83.835859 -1.165868
v 0.000000 81.661041 -3.212253
v 5.778985 115.281913 -47.755364
v 7.551497 116.043099 -47.039130
v 0.000000 86.585092 0.000000
v 0.000000 81.661041 -3.212253
v 5.064319 83.835859 -1.165868
v 5.534137 115.199155 -47.586049
v 3.898010 116.380538 -47.184033
v 13.651817 143.401862 -96.674112
v 12.249423 144.414476 -96.329526
v 12.039553 142.866326 -97.148075
v 12.249423 144.414476 -96.329526
v 13.651817 143.401862 -96.674112
v 3.898010 116.380538 -47.184033
v 4.142859 118.186714 -46.229059
v 13.441947 141.853711 -97.492660
v 13.651817 143.401862 -96.674112
v 12.039553 142.866326 -97.148075
v 13.651817 143.401862 -96.674112
v 13.441947 141.853711 -97.492660
v 4.142859 118.186714 -46.229059
v 6.023834 118.811506 -45.676103
v 11.829683 141.318175 -97.966623
v 13.441947 141.853711 -97.492660
v 12.039553 142.866326 -97.148075
v 13.441947 141.853711 -97.492660
v 11.829683 141.318175 -97.966623
v 6.023834 118.811506 -45.676103
v 7.659961 117.630123 -46.078119
v 10.427288 142.330789 -97.622038
v 11.829683 141.318175 -97.966623
v 12.039553 142.866326 -97.148075
v 11.829683 141.318175 -97.966623
v 10.427288 142.330789 -97.622038
v 7.659961 117.630123 -46.078119
v 7.415112 115.823947 -47.033092
v 10.637158 143.878940 -96.803489
v 10.427288 142.330789 -97.622038
v 12.039553 142.866326 -97.148075
v 10.427288 142.330789 -97.622038
v 10.637158 143.878940 -96.803489
v 7.415112 115.823947 -47.033092
v 5.534137 115.199155 -47.586049
v 12.249423 144.414476 -96.329526
v 10.637158 143.878940 -96.803489
v 12.039553 142.866326 -97.148075
v 10.637158 143.878940 -96.803489
v 12.249423 144.414476 -96.329526
v 0.000000 115.303223 -2.008644
v -4.164058 119.105475 -3.822921
v 24.190544 132.343618 -34.872104
v 25.647965 131.012830 -34.237107
v 0.000000 120.875786 0.000000
v -4.164058 119.105475 -3.822921
v 0.000000 115.303223 -2.008644
v -4.164058 119.105475 -3.822921
v -4.164058 124.678038 -1.814277
v 24.190544 134.294015 -34.169079
v 24.190544 132.343618 -34.872104
v 0.000000 120.875786 0.000000
v -4.164058 124.678038 -1.814277
v -4.164058 119.105475 -3.822921
v -4.164058 124.678038 -1.814277
v -0.000000 126.448349 2.008644
v 25.647965 134.913624 -32.831057
v 24.190544 134.294015 -34.169079
v 0.000000 120.875786 0.000000
v -0.000000 126.448349 2.008644
v -4.164058 124.678038 -1.814277
v -0.000000 126.448349 2.008644
v 4.164058 122.646096 3.822921
v 27.105385 133.582836 -32.196060
v 25.647965 134.913624 -32.831057
v 0.000000 120.875786 0.000000
v 4.164058 122.646096 3.822921
v -0.000000 126.448349 2.008644
v 4.164058 122.646096 3.822921
v 4.164058 117.073533 1.814277
v 27.105385 131.632439 -32.899085
v 27.105385 133.582836 -32.196060
v 0.000000 120.875786 0.000000
v 4.164058 117.073533 1.814277
v 4.164058 122.646096 3.822921
v 4.164058 117.073533 1.814277
v 0.000000 115.303223 -2.008644
v 25.647965 131.012830 -34.237107
v 27.105385 131.632439 -32.899085
v 0.000000 120.875786 0.000000
v 0.000000 115.303223 -2.008644
v 4.164058 117.073533 1.814277
v 25.450797 130.909837 -33.741467
v 24.133278 132.181214 -34.714113
v 54.731562 134.634607 -68.851216
v 53.602261 135.724358 -69.684913
v 53.433260 133.964310 -69.862671
v 53.602261 135.724358 -69.684913
v 54.731562 134.634607 -68.851216
v 24.133278 132.181214 -34.714113
v 24.330447 134.234603 -34.506729
v 54.562561 132.874559 -69.028974
v 54.731562 134.634607 -68.851216
v 53.433260 133.964310 -69.862671
v 54.731562 134.634607 -68.851216
v 54.562561 132.874559 -69.028974
v 24.330447 134.234603 -34.506729
v 25.845133 135.016617 -33.326697
v 53.264258 132.204262 -70.040429
v 54.562561 132.874559 -69.028974
v 53.433260 133.964310 -69.862671
v 54.562561 132.874559 -69.028974
v 53.264258 132.204262 -70.040429
v 25.845133 135.016617 -33.326697
v 27.162651 133.745240 -32.354051
v 52.134957 133.294013 -70.874126
v 53.264258 132.204262 -70.040429
v 53.433260 133.964310 -69.862671
v 53.264258 132.204262 -70.040429
v 52.134957 133.294013 -70.874126
v 27.162651 133.745240 -32.354051
v 26.965483 131.691851 -32.561435
v 52.303959 135.054061 -70.696368
v 52.134957 133.294013 -70.874126
v 53.433260 133.964310 -69.862671
v 52.134957 133.294013 -70.874126
v 52.303959 135.054061 -70.696368
v 26.965483 131.691851 -32.561435
v 25.450797 130.909837 -33.741467
v 53.602261 135.724358 -69.684913
v 52.303959 135.054061 -70.696368
v 53.433260 133.964310 -69.862671
v 52.303959 135.054061 -70.696368
v 53.602261 135.724358 -69.684913
v 0.000000 113.188599 -6.734323
v -4.144476 118.284926 -4.454540
v 27.114052 142.344455 -8.304764
v 28.564618 140.560741 -9.102688
v 0.000000 114.919360 0.000000
v -4.144476 118.284926 -4.454540
v 0.000000 113.188599 -6.734323
v -4.144476 118.284926 -4.454540
v -4.144476 120.015688 2.279783
v 27.114052 142.950222 -5.947750
v 27.114052 142.344455 -8.304764
v 0.000000 114.919360 0.000000
v -4.144476 120.015688 2.279783
v -4.144476 118.284926 -4.454540
v -4.144476 120.015688 2.279783
v -0.000000 116.650122 6.734323
v 28.564618 141.772274 -4.388661
v 27.114052 142.950222 -5.947750
v 0.000000 114.919360 0.000000
v -0.000000 116.650122 6.734323
v -4.144476 120.015688 2.279783
v -0.000000 116.650122 6.734323
v 4.144476 111.553795 4.454540
v 30.015185 139.988559 -5.186585
v 28.564618 141.772274 -4.388661
v 0.000000 114.919360 0.000000
v 4.144476 111.553795 4.454540
v -0.000000 116.650122 6.734323
v 4.144476 111.553795 4.454540
v 4.144476 109.823033 -2.279783
v 30.015185 139.382793 -7.543599
v 30.015185 139.988559 -5.186585
v 0.000000 114.919360 0.000000
v 4.144476 109.823033 -2.279783
v 4.144476 111.553795 4.454540
v 4.144476 109.823033 -2.279783
v 0.000000 113.188599 -6.734323
v 28.564618 140.560741 -9.102688
v 30.015185 139.382793 -7.543599
v 0.000000 114.919360 0.000000
v 0.000000 113.188599 -6.734323
v 4.144476 109.823033 -2.279783
v 28.373422 140.722084 -9.130710
v 27.095808 142.532253 -8.124006
v 60.768601 165.900931 -12.872061
v 59.673504 167.452505 -12.009172
v 59.509621 167.071570 -14.053489
v 59.673504 167.452505 -12.009172
v 60.768601 165.900931 -12.872061
v 27.095808 142.532253 -8.124006
v 27.287005 142.976677 -5.738971
v 60.604719 165.519996 -14.916378
v 60.768601 165.900931 -12.872061
v 59.509621 167.071570 -14.053489
v 60.768601 165.900931 -12.872061
v 60.604719 165.519996 -14.916378
v 27.287005 142.976677 -5.738971
v 28.755815 141.610931 -4.360639
v 59.345739 166.690636 -16.097805
v 60.604719 165.519996 -14.916378
v 59.509621 167.071570 -14.053489
v 60.604719 165.519996 -14.916378
v 59.345739 166.690636 -16.097805
v 28.755815 141.610931 -4.360639
v 30.033428 139.800761 -5.367343
v 58.250641 168.242210 -15.234916
v 59.345739 166.690636 -16.097805
v 59.509621 167.071570 -14.053489
v 59.345739 166.690636 -16.097805
v 58.250641 168.242210 -15.234916
v 30.033428 139.800761 -5.367343
v 29.842232 139.356337 -7.752378
v 58.414524 168.623144 -13.190599
v 58.250641 168.242210 -15.234916
v 59.509621 167.071570 -14.053489
v 58.250641 168.242210 -15.234916
v 58.414524 168.623144 -13.190599
v 29.842232 139.356337 -7.752378
v 28.373422 140.722084 -9.130710
v 59.673504 167.452505 -12.009172
v 58.414524 168.623144 -13.190599
v 59.509621 167.071570 -14.053489
v 58.414524 168.623144 -13.190599
v 59.673504 167.452505 -12.009172
v 87.962619 165.663824 13.141474
v 109.340246 168.926411 34.948760
v 112.450883 169.932279 13.141474
v 112.450883 169.932279 13.141474
v 109.340246 168.926411 34.948760
v 114.666171 179.987431 40.381728
v 125.883970 179.987431 13.141474
v 125.883970 179.987431 13.141474
v 114.666171 179.987431 40.381728
v 107.859075 188.776836 33.437819
v 114.810292 191.690155 13.141474
v 87.962619 194.311037 13.141474
v 114.810292 191.690155 13.141474
v 107.859075 188.776836 33.437819
v 87.962619 165.663824 13.141474
v 87.962619 169.941090 37.162536
v 109.340246 168.926411 34.948760
v 109.340246 168.926411 34.948760
v 87.962619 169.941090 37.162536
v 87.962619 179.987431 52.316603
v 114.666171 179.987431 40.381728
v 114.666171 179.987431 40.381728
v 87.962619 179.987431 52.316603
v 87.962619 190.261540 39.731850
v 107.859075 188.776836 33.437819
v 87.962619 194.311037 13.141474
v 107.859075 188.776836 33.437819
v 87.962619 190.261540 39.731850
v 87.962619 165.663824 13.141474
v 70.464590 168.372810 30.991188
v 87.962619 169.941090 37.162536
v 87.962619 169.941090 37.162536
v 70.464590 168.372810 30.991188
v 64.936423 179.987431 36.630463
v 87.962619 179.987431 52.316603
v 87.962619 179.987431 52.316603
v 64.936423 179.987431 36.630463
v 70.402918 191.657424 31.054099
v 87.962619 190.261540 39.731850
v 87.962619 194.311037 13.141474
v 87.962619 190.261540 39.731850
v 70.402918 191.657424 31.054099
v 87.962619 165.663824 13.141474
v 63.334650 169.501878 13.141474
v 70.464590 168.372810 30.991188
v 70.464590 168.372810 30.991188
v 63.334650 169.501878 13.141474
v 45.058816 179.987431 13.141474
v 64.936423 179.987431 36.630463
v 64.936423 179.987431 36.630463
v 45.058816 179.987431 13.141474
v 60.991727 190.145126 13.141474
v 70.402918 191.657424 31.054099
v 87.962619 194.311037 13.141474
v 70.402918 191.657424 31.054099
v 60.991727 190.145126 13.141474
v 87.962619 165.663824 13.141474
v 71.694227 170.372463 -3.453888
v 63.334650 169.501878 13.141474
v 63.334650 169.501878 13.141474
v 71.694227 170.372463 -3.453888
v 60.377524 179.987431 -14.998040
v 45.058816 179.987431 13.141474
v 45.058816 179.987431 13.141474
v 60.377524 179.987431 -14.998040
v 67.095604 190.415839 -8.144937
v 60.991727 190.145126 13.141474
v 87.962619 194.311037 13.141474
v 60.991727 190.145126 13.141474
v 67.095604 190.415839 -8.144937
v 87.962619 165.663824 13.141474
v 87.962619 170.351188 -16.832112
v 71.694227 170.372463 -3.453888
v 71.694227 170.372463 -3.453888
v 87.962619 170.351188 -16.832112
v 87.962619 179.987431 -26.806825
v 60.377524 179.987431 -14.998040
v 60.377524 179.987431 -14.998040
v 87.962619 179.987431 -26.806825
v 87.962619 190.449973 -18.359651
v 67.095604 190.415839 -8.144937
v 87.962619 194.311037 13.141474
v 67.095604 190.415839 -8.144937
v 87.962619 190.449973 -18.359651
v 87.962619 165.663824 13.141474
v 104.521322 170.322536 -3.750035
v 87.962619 170.351188 -16.832112
v 87.962619 170.351188 -16.832112
v 104.521322 170.322536 -3.750035
v 113.153855 179.987431 -12.556069
v 87.962619 179.987431 -26.806825
v 87.962619 179.987431 -26.806825
v 113.153855 179.987431 -12.556069
v 107.069524 190.729906 -6.349451
v 87.962619 190.449973 -18.359651
v 87.962619 194.311037 13.141474
v 87.962619 190.449973 -18.359651
v 107.069524 190.729906 -6.349451
v 87.962619 165.663824 13.141474
v 112.450883 169.932279 13.141474
v 104.521322 170.322536 -3.750035
v 104.521322 170.322536 -3.750035
v 112.450883 169.932279 13.141474
v 125.883970 179.987431 13.141474
v 113.153855 179.987431 -12.556069
v 113.153855 179.987431 -12.556069
v 125.883970 179.987431 13.141474
v 114.810292 191.690155 13.141474
v 107.069524 190.729906 -6.349451
v 87.962619 194.311037 13.141474
v 107.069524 190.729906 -6.349451
v 114.810292 191.690155 13.141474
v 51.240386 135.762862 43.995756
v 72.134637 140.229309 60.683394
v 83.512691 141.435346 43.995756
v 83.512691 141.435346 43.995756
v 72.134637 140.229309 60.683394
v 77.180410 152.099986 64.713308
v 98.481694 152.099986 43.995756
v 98.481694 152.099986 43.995756
v 77.180410 152.099986 64.713308
v 70.472183 163.170476 59.355640
v 78.141958 164.853331 43.995756
v 51.240386 168.437109 43.995756
v 78.141958 164.853331 43.995756
v 70.472183 163.170476 59.355640
v 51.240386 135.762862 43.995756
v 51.240386 140.798731 70.736965
v 72.134637 140.229309 60.683394
v 72.134637 140.229309 60.683394
v 51.240386 140.798731 70.736965
v 51.240386 152.099986 80.576247
v 77.180410 152.099986 64.713308
v 77.180410 152.099986 64.713308
v 51.240386 152.099986 80.576247
v 51.240386 163.012992 68.381567
v 70.472183 163.170476 59.355640
v 51.240386 168.437109 43.995756
v 70.472183 163.170476 59.355640
v 51.240386 163.012992 68.381567
v 51.240386 135.762862 43.995756
v 26.670338 141.297571 63.619148
v 51.240386 140.798731 70.736965
v 51.240386 140.798731 70.736965
v 26.670338 141.297571 63.619148
v 23.690959 152.099986 65.998693
v 51.240386 152.099986 80.576247
v 51.240386 152.099986 80.576247
v 23.690959 152.099986 65.998693
v 31.082714 163.157945 60.095110
v 51.240386 163.012992 68.381567
v 51.240386 168.437109 43.995756
v 51.240386 163.012992 68.381567
v 31.082714 163.157945 60.095110
v 51.240386 135.762862 43.995756
v 16.250536 141.782550 43.995756
v 26.670338 141.297571 63.619148
v 26.670338 141.297571 63.619148
v 16.250536 141.782550 43.995756
v 2.720586 152.099986 43.995756
v 23.690959 152.099986 65.998693
v 23.690959 152.099986 65.998693
v 2.720586 152.099986 43.995756
v 17.859182 164.933143 43.995756
v 31.082714 163.157945 60.095110
v 51.240386 168.437109 43.995756
v 31.082714 163.157945 60.095110
v 17.859182 164.933143 43.995756
v 51.240386 135.762862 43.995756
v 27.341619 142.109701 24.908496
v 16.250536 141.782550 43.995756
v 16.250536 141.782550 43.995756
v 27.341619 142.109701 24.908496
v 22.896811 152.099986 21.358555
v 2.720586 152.099986 43.995756
v 2.720586 152.099986 43.995756
v 22.896811 152.099986 21.358555
v 26.366861 163.915182 24.129984
v 17.859182 164.933143 43.995756
v 51.240386 168.437109 43.995756
v 17.859182 164.933143 43.995756
v 26.366861 163.915182 24.129984
v 51.240386 135.762862 43.995756
v 51.240386 140.044249 20.605061
v 27.341619 142.109701 24.908496
v 27.341619 142.109701 24.908496
v 51.240386 140.044249 20.605061
v 51.240386 152.099986 12.608327
v 22.896811 152.099986 21.358555
v 22.896811 152.099986 21.358555
v 51.240386 152.099986 12.608327
v 51.240386 162.507457 23.213177
v 26.366861 163.915182 24.129984
v 51.240386 168.437109 43.995756
v 26.366861 163.915182 24.129984
v 51.240386 162.507457 23.213177
v 51.240386 135.762862 43.995756
v 76.095567 141.804022 24.144636
v 51.240386 140.044249 20.605061
v 51.240386 140.044249 20.605061
v 76.095567 141.804022 24.144636
v 81.950105 152.099986 19.468785
v 51.240386 152.099986 12.608327
v 51.240386 152.099986 12.608327
v 81.950105 152.099986 19.468785
v 70.874357 164.548486 28.314666
v 51.240386 162.507457 23.213177
v 51.240386 168.437109 43.995756
v 51.240386 162.507457 23.213177
v 70.874357 164.548486 28.314666
v 51.240386 135.762862 43.995756
v 83.512691 141.435346 43.995756
v 76.095567 141.804022 24.144636
v 76.095567 141.804022 24.144636
v 83.512691 141.435346 43.995756
v 98.481694 152.099986 43.995756
v 81.950105 152.099986 19.468785
v 81.950105 152.099986 19.468785
v 98.481694 152.099986 43.995756
v 78.141958 164.853331 43.995756
v 70.874357 164.548486 28.314666
v 51.240386 168.437109 43.995756
v 70.874357 164.548486 28.314666
v 78.141958 164.853331 43.995756
v 46.709722 129.666084 96.727641
v 71.571204 134.962086 121.429391
v 84.841526 135.245676 96.727641
v 84.841526 135.245676 96.727641
v 71.571204 134.962086 121.429391
v 80.585382 147.736333 130.385654
v 101.250631 147.736333 96.727641
v 101.250631 147.736333 96.727641
v 80.585382 147.736333 130.385654
v 66.950965 162.134789 116.838837
v 83.995385 158.855911 96.727641
v 46.709722 165.806583 96.727641
v 83.995385 158.855911 96.727641
v 66.950965 162.134789 116.838837
v 46.709722 129.666084 96.727641
v 46.709722 136.210659 131.676897
v 71.571204 134.962086 121.429391
v 71.571204 134.962086 121.429391
v 46.709722 136.210659 131.676897
v 46.709722 147.736333 145.909140
v 80.585382 147.736333 130.385654
v 80.585382 147.736333 130.385654
v 46.709722 147.736333 145.909140
v 46.709722 161.977584 132.633712
v 66.950965 162.134789 116.838837
v 46.709722 165.806583 96.727641
v 66.950965 162.134789 116.838837
v 46.709722 161.977584 132.633712
v 46.709722 129.666084 96.727641
v 25.386339 132.939744 117.914025
v 46.709722 136.210659 131.676897
v 46.709722 136.210659 131.676897
v 25.386339 132.939744 117.914025
v 18.396525 147.736333 124.858930
v 46.709722 147.736333 145.909140
v 46.709722 147.736333 145.909140
v 18.396525 147.736333 124.858930
v 21.759312 161.080718 121.517749
v 46.709722 161.977584 132.633712
v 46.709722 165.806583 96.727641
v 46.709722 161.977584 132.633712
v 21.759312 161.080718 121.517749
v 46.709722 129.666084 96.727641
v 16.595819 134.004321 96.727641
v 25.386339 132.939744 117.914025
v 25.386339 132.939744 117.914025
v 16.595819 134.004321 96.727641
v 0.764826 147.736333 96.727641
v 18.396525 147.736333 124.858930
v 18.396525 147.736333 124.858930
v 0.764826 147.736333 96.727641
v 15.714623 159.515255 96.727641
v 21.759312 161.080718 121.517749
v 46.709722 165.806583 96.727641
v 21.759312 161.080718 121.517749
v 15.714623 159.515255 96.727641
v 46.709722 129.666084 96.727641
v 26.058915 133.749197 76.209512
v 16.595819 134.004321 96.727641
v 16.595819 134.004321 96.727641
v 26.058915 133.749197 76.209512
v 15.615948 147.736333 65.833640
v 0.764826 147.736333 96.727641
v 0.764826 147.736333 96.727641
v 15.615948 147.736333 65.833640
v 25.157107 159.503866 75.313498
v 15.714623 159.515255 96.727641
v 46.709722 165.806583 96.727641
v 15.714623 159.515255 96.727641
v 25.157107 159.503866 75.313498
v 46.709722 129.666084 96.727641
v 46.709722 136.238356 58.356755
v 26.058915 133.749197 76.209512
v 26.058915 133.749197 76.209512
v 46.709722 136.238356 58.356755
v 46.709722 147.736333 48.401085
v 15.615948 147.736333 65.833640
v 15.615948 147.736333 65.833640
v 46.709722 147.736333 48.401085
v 46.709722 159.546263 63.658336
v 25.157107 159.503866 75.313498
v 46.709722 165.806583 96.727641
v 25.157107 159.503866 75.313498
v 46.709722 159.546263 63.658336
v 46.709722 129.666084 96.727641
v 73.008662 134.392134 70.597668
v 46.709722 136.238356 58.356755
v 46.709722 136.238356 58.356755
v 73.008662 134.392134 70.597668
v 79.068082 147.736333 64.577180
v 46.709722 147.736333 48.401085
v 46.709722 147.736333 48.401085
v 79.068082 147.736333 64.577180
v 70.483834 162.503292 73.106275
v 46.709722 159.546263 63.658336
v 46.709722 165.806583 96.727641
v 46.709722 159.546263 63.658336
v 70.483834 162.503292 73.106275
v 46.709722 129.666084 96.727641
v 84.841526 135.245676 96.727641
v 73.008662 134.392134 70.597668
v 73.008662 134.392134 70.597668
v 84.841526 135.245676 96.727641
v 101.250631 147.736333 96.727641
v 79.068082 147.736333 64.577180
v 79.068082 147.736333 64.577180
v 101.250631 147.736333 96.727641
v 83.995385 158.855911 96.727641
v 70.483834 162.503292 73.106275
v 46.709722 165.806583 96.727641
v 70.483834 162.503292 73.106275
v 83.995385 158.855911 96.727641
v 9.037784 125.463950 95.973953
v 25.695350 129.381752 109.849798
v 35.311441 130.655745 95.973953
v 35.311441 130.655745 95.973953
v 25.695350 129.381752 109.849798
v 37.496996 140.295879 119.680635
v 42.591168 140.295879 95.973953
v 42.591168 140.295879 95.973953
v 37.496996 140.295879 119.680635
v 30.853596 150.563397 114.146646
v 34.156006 151.747325 95.973953
v 9.037784 155.127808 95.973953
v 34.156006 151.747325 95.973953
v 30.853596 150.563397 114.146646
v 9.037784 125.463950 95.973953
v 9.037784 128.230915 115.827960
v 25.695350 129.381752 109.849798
v 25.695350 129.381752 109.849798
v 9.037784 128.230915 115.827960
v 9.037784 140.295879 123.884171
v 37.496996 140.295879 119.680635
v 37.496996 140.295879 119.680635
v 9.037784 140.295879 123.884171
v 9.037784 151.903021 115.471298
v 30.853596 150.563397 114.146646
v 9.037784 155.127808 95.973953
v 30.853596 150.563397 114.146646
v 9.037784 151.903021 115.471298
v 9.037784 125.463950 95.973953
v -13.466287 128.447597 114.719970
v 9.037784 128.230915 115.827960
v 9.037784 128.230915 115.827960
v -13.466287 128.447597 114.719970
v -14.760323 140.295879 115.797910
v 9.037784 140.295879 123.884171
v 9.037784 140.295879 123.884171
v -14.760323 140.295879 115.797910
v -12.459242 152.393469 113.881097
v 9.037784 151.903021 115.471298
v 9.037784 155.127808 95.973953
v 9.037784 151.903021 115.471298
v -12.459242 152.393469 113.881097
v 9.037784 125.463950 95.973953
v -14.675536 129.774809 95.973953
v -13.466287 128.447597 114.719970
v -13.466287 128.447597 114.719970
v -14.675536 129.774809 95.973953
v -26.341737 140.295879 95.973953
v -14.760323 140.295879 115.797910
v -14.760323 140.295879 115.797910
v -26.341737 140.295879 95.973953
v -16.258026 149.853411 95.973953
v -12.459242 152.393469 113.881097
v 9.037784 155.127808 95.973953
v -12.459242 152.393469 113.881097
v -16.258026 149.853411 95.973953
v 9.037784 125.463950 95.973953
v -10.554029 129.349073 79.653864
v -14.675536 129.774809 95.973953
v -14.675536 129.774809 95.973953
v -10.554029 129.349073 79.653864
v -20.365056 140.295879 71.481223
v -26.341737 140.295879 95.973953
v -26.341737 140.295879 95.973953
v -20.365056 140.295879 71.481223
v -13.102239 150.401719 77.531190
v -16.258026 149.853411 95.973953
v 9.037784 155.127808 95.973953
v -16.258026 149.853411 95.973953
v -13.102239 150.401719 77.531190
v 9.037784 125.463950 95.973953
v 9.037784 131.292530 73.356599
v -10.554029 129.349073 79.653864
v -10.554029 129.349073 79.653864
v 9.037784 131.292530 73.356599
v 9.037784 140.295879 68.331022
v -20.365056 140.295879 71.481223
v -20.365056 140.295879 71.481223
v 9.037784 140.295879 68.331022
v 9.037784 149.259266 73.103445
v -13.102239 150.401719 77.531190
v 9.037784 155.127808 95.973953
v -13.102239 150.401719 77.531190
v 9.037784 149.259266 73.103445
v 9.037784 125.463950 95.973953
v 28.698435 130.661278 79.596522
v 9.037784 131.292530 73.356599
v 9.037784 131.292530 73.356599
v 28.698435 130.661278 79.596522
v 38.689795 140.295879 71.273663
v 9.037784 140.295879 68.331022
v 9.037784 140.295879 68.331022
v 38.689795 140.295879 71.273663
v 26.361066 149.665127 81.543563
v 9.037784 149.259266 73.103445
v 9.037784 155.127808 95.973953
v 9.037784 149.259266 73.103445
v 26.361066 149.665127 81.543563
v 9.037784 125.463950 95.973953
v 35.311441 130.655745 95.973953
v 28.698435 130.661278 79.596522
v 28.698435 130.661278 79.596522
v 35.311441 130.655745 95.973953
v 42.591168 140.295879 95.973953
v 38.689795 140.295879 71.273663
v 38.689795 140.295879 71.273663
v 42.591168 140.295879 95.973953
v 34.156006 151.747325 95.973953
v 26.361066 149.665127 81.543563
v 9.037784 155.127808 95.973953
v 26.361066 149.665127 81.543563
v 34.156006 151.747325 95.973953
v -21.727597 142.598225 69.157480
v 2.369053 147.797142 90.946338
v 11.344771 146.667873 69.157480
v 11.344771 146.667873 69.157480
v 2.369053 147.797142 90.946338
v 19.455050 162.536745 106.395969
v 27.539183 162.536745 69.157480
v 27.539183 162.536745 69.157480
v 19.455050 162.536745 106.395969
v 2.768979 177.434747 91.307962
v 10.711848 174.631613 69.157480
v -21.727597 182.475265 69.157480
v 10.711848 174.631613 69.157480
v 2.768979 177.434747 91.307962
v -21.727597 142.598225 69.157480
v -21.727597 146.595238 105.148853
v 2.369053 147.797142 90.946338
v 2.369053 147.797142 90.946338
v -21.727597 146.595238 105.148853
v -21.727597 162.536745 112.359192
v 19.455050 162.536745 106.395969
v 19.455050 162.536745 106.395969
v -21.727597 162.536745 112.359192
v -21.727597 176.642869 106.570413
v 2.768979 177.434747 91.307962
v -21.727597 182.475265 69.157480
v 2.768979 177.434747 91.307962
v -21.727597 176.642869 106.570413
v -21.727597 142.598225 69.157480
v -52.014247 148.557676 96.543507
v -21.727597 146.595238 105.148853
v -21.727597 146.595238 105.148853
v -52.014247 148.557676 96.543507
v -62.682623 162.536745 106.190147
v -21.727597 162.536745 112.359192
v -21.727597 162.536745 112.359192
v -62.682623 162.536745 106.190147
v -50.904930 176.043986 95.540432
v -21.727597 176.642869 106.570413
v -21.727597 182.475265 69.157480
v -21.727597 176.642869 106.570413
v -50.904930 176.043986 95.540432
v -21.727597 142.598225 69.157480
v -56.109059 148.926812 69.157480
v -52.014247 148.557676 96.543507
v -52.014247 148.557676 96.543507
v -56.109059 148.926812 69.157480
v -70.652559 162.536745 69.157480
v -62.682623 162.536745 106.190147
v -62.682623 162.536745 106.190147
v -70.652559 162.536745 69.157480
v -56.579990 178.796426 69.157480
v -50.904930 176.043986 95.540432
v -21.727597 182.475265 69.157480
v -50.904930 176.043986 95.540432
v -56.579990 178.796426 69.157480
v -21.727597 142.598225 69.157480
v -47.056500 150.181010 46.254386
v -56.109059 148.926812 69.157480
v -56.109059 148.926812 69.157480
v -47.056500 150.181010 46.254386
v -58.100516 162.536745 36.268080
v -70.652559 162.536745 69.157480
v -70.652559 162.536745 69.157480
v -58.100516 162.536745 36.268080
v -48.808334 174.564693 44.670329
v -56.579990 178.796426 69.157480
v -21.727597 182.475265 69.157480
v -56.579990 178.796426 69.157480
v -48.808334 174.564693 44.670329
v -21.727597 142.598225 69.157480
v -21.727597 148.638328 37.472384
v -47.056500 150.181010 46.254386
v -47.056500 150.181010 46.254386
v -21.727597 148.638328 37.472384
v -21.727597 162.536745 14.990231
v -58.100516 162.536745 36.268080
v -58.100516 162.536745 36.268080
v -21.727597 162.536745 14.990231
v -21.727597 178.200355 37.618423
v -48.808334 174.564693 44.670329
v -21.727597 182.475265 69.157480
v -48.808334 174.564693 44.670329
v -21.727597 178.200355 37.618423
v -21.727597 142.598225 69.157480
v 8.305814 150.148517 42.000438
v -21.727597 148.638328 37.472384
v -21.727597 148.638328 37.472384
v 8.305814 150.148517 42.000438
v 11.529076 162.536745 39.085875
v -21.727597 162.536745 14.990231
v -21.727597 162.536745 14.990231
v 11.529076 162.536745 39.085875
v 8.427866 178.087863 41.890076
v -21.727597 178.200355 37.618423
v -21.727597 182.475265 69.157480
v -21.727597 178.200355 37.618423
v 8.427866 178.087863 41.890076
v -21.727597 142.598225 69.157480
v 11.344771 146.667873 69.157480
v 8.305814 150.148517 42.000438
v 8.305814 150.148517 42.000438
v 11.344771 146.667873 69.157480
v 27.539183 162.536745 69.157480
v 11.529076 162.536745 39.085875
v 11.529076 162.536745 39.085875
v 27.539183 162.536745 69.157480
v 10.711848 174.631613 69.157480
v 8.427866 178.087863 41.890076
v -21.727597 182.475265 69.157480
v 8.427866 178.087863 41.890076
v 10.711848 174.631613 69.157480
v -70.851029 123.156569 83.570924
v -46.567706 126.756677 107.942089
v -42.007098 129.994632 83.570924
v -42.007098 129.994632 83.570924
v -46.567706 126.756677 107.942089
v -43.106893 140.387477 111.415421
v -29.592894 140.387477 83.570924
v -29.592894 140.387477 83.570924
v -43.106893 140.387477 111.415421
v -45.125155 154.427782 109.389858
v -36.758274 153.336645 83.570924
v -70.851029 157.618385 83.570924
v -36.758274 153.336645 83.570924
v -45.125155 154.427782 109.389858
v -70.851029 123.156569 83.570924
v -70.851029 129.067275 111.598452
v -46.567706 126.756677 107.942089
v -46.567706 126.756677 107.942089
v -70.851029 129.067275 111.598452
v -70.851029 140.387477 126.116319
v -43.106893 140.387477 111.415421
v -43.106893 140.387477 111.415421
v -70.851029 140.387477 126.116319
v -70.851029 152.183937 113.027127
v -45.125155 154.427782 109.389858
v -70.851029 157.618385 83.570924
v -45.125155 154.427782 109.389858
v -70.851029 152.183937 113.027127
v -70.851029 123.156569 83.570924
v -94.264780 127.869906 107.069373
v -70.851029 129.067275 111.598452
v -70.851029 129.067275 111.598452
v -94.264780 127.869906 107.069373
v -106.911919 140.387477 119.762261
v -70.851029 140.387477 126.116319
v -70.851029 140.387477 126.116319
v -106.911919 140.387477 119.762261
v -96.352219 154.221362 109.164362
v -70.851029 152.183937 113.027127
v -70.851029 157.618385 83.570924
v -70.851029 152.183937 113.027127
v -96.352219 154.221362 109.164362
v -70.851029 123.156569 83.570924
v -99.623626 128.145351 83.570924
v -94.264780 127.869906 107.069373
v -94.264780 127.869906 107.069373
v -99.623626 128.145351 83.570924
v -117.238429 140.387477 83.570924
v -106.911919 140.387477 119.762261
v -106.911919 140.387477 119.762261
v -117.238429 140.387477 83.570924
v -107.065884 150.825622 83.570924
v -96.352219 154.221362 109.164362
v -70.851029 157.618385 83.570924
v -96.352219 154.221362 109.164362
v -107.065884 150.825622 83.570924
v -70.851029 123.156569 83.570924
v -90.366171 129.143917 63.985188
v -99.623626 128.145351 83.570924
v -99.623626 128.145351 83.570924
v -90.366171 129.143917 63.985188
v -107.537023 140.387477 46.752223
v -117.238429 140.387477 83.570924
v -117.238429 140.387477 83.570924
v -107.537023 140.387477 46.752223
v -94.841779 150.744614 59.493390
v -107.065884 150.825622 83.570924
v -70.851029 157.618385 83.570924
v -107.065884 150.825622 83.570924
v -94.841779 150.744614 59.493390
v -70.851029 123.156569 83.570924
v -70.851029 129.042455 56.255947
v -90.366171 129.143917 63.985188
v -90.366171 129.143917 63.985188
v -70.851029 129.042455 56.255947
v -70.851029 140.387477 40.531143
v -107.537023 140.387477 46.752223
v -107.537023 140.387477 46.752223
v -70.851029 140.387477 40.531143
v -70.851029 152.366878 52.480926
v -94.841779 150.744614 59.493390
v -70.851029 157.618385 83.570924
v -94.841779 150.744614 59.493390
v -70.851029 152.366878 52.480926
v -70.851029 123.156569 83.570924
v -47.057621 126.664708 59.691447
v -70.851029 129.042455 56.255947
v -70.851029 129.042455 56.255947
v -47.057621 126.664708 59.691447
v -37.871075 140.387477 50.471670
v -70.851029 140.387477 40.531143
v -70.851029 140.387477 40.531143
v -37.871075 140.387477 50.471670
v -46.089678 151.083490 58.720002
v -70.851029 152.366878 52.480926
v -70.851029 157.618385 83.570924
v -70.851029 152.366878 52.480926
v -46.089678 151.083490 58.720002
v -70.851029 123.156569 83.570924
v -42.007098 129.994632 83.570924
v -47.057621 126.664708 59.691447
v -47.057621 126.664708 59.691447
v -42.007098 129.994632 83.570924
v -29.592894 140.387477 83.570924
v -37.871075 140.387477 50.471670
v -37.871075 140.387477 50.471670
v -29.592894 140.387477 83.570924
v -36.758274 153.336645 83.570924
v -46.089678 151.083490 58.720002
v -70.851029 157.618385 83.570924
v -46.089678 151.083490 58.720002
v -36.758274 153.336645 83.570924
v -66.736851 146.102600 29.482235
v -42.826338 150.840802 50.540514
v -25.793267 152.437887 29.482235
v -25.793267 152.437887 29.482235
v -42.826338 150.840802 50.540514
v -23.785078 166.167251 67.310382
v -6.321895 166.167251 29.482235
v -6.321895 166.167251 29.482235
v -23.785078 166.167251 67.310382
v -42.198297 182.226245 51.093637
v -28.856763 179.989156 29.482235
v -66.736851 186.231903 29.482235
v -28.856763 179.989156 29.482235
v -42.198297 182.226245 51.093637
v -66.736851 146.102600 29.482235
v -66.736851 152.071956 63.130005
v -42.826338 150.840802 50.540514
v -42.826338 150.840802 50.540514
v -66.736851 152.071956 63.130005
v -66.736851 166.167251 82.255761
v -23.785078 166.167251 67.310382
v -23.785078 166.167251 67.310382
v -66.736851 166.167251 82.255761
v -66.736851 178.761778 67.077085
v -42.198297 182.226245 51.093637
v -66.736851 186.231903 29.482235
v -42.198297 182.226245 51.093637
v -66.736851 178.761778 67.077085
v -66.736851 146.102600 29.482235
v -94.341098 153.228313 53.793630
v -66.736851 152.071956 63.130005
v -66.736851 152.071956 63.130005
v -94.341098 153.228313 53.793630
v -107.302088 166.167251 65.208531
v -66.736851 166.167251 82.255761
v -66.736851 166.167251 82.255761
v -107.302088 166.167251 65.208531
v -95.962127 179.919455 55.221290
v -66.736851 178.761778 67.077085
v -66.736851 186.231903 29.482235
v -66.736851 178.761778 67.077085
v -95.962127 179.919455 55.221290
v -66.736851 146.102600 29.482235
v -98.974514 150.192286 29.482235
v -94.341098 153.228313 53.793630
v -94.341098 153.228313 53.793630
v -98.974514 150.192286 29.482235
v -123.141897 166.167251 29.482235
v -107.302088 166.167251 65.208531
v -107.302088 166.167251 65.208531
v -123.141897 166.167251 29.482235
v -107.384512 181.480127 29.482235
v -95.962127 179.919455 55.221290
v -66.736851 186.231903 29.482235
v -95.962127 179.919455 55.221290
v -107.384512 181.480127 29.482235
v -66.736851 146.102600 29.482235
v -95.199456 150.629567 4.414873
v -98.974514 150.192286 29.482235
v -98.974514 150.192286 29.482235
v -95.199456 150.629567 4.414873
v -98.524478 166.167251 1.486486
v -123.141897 166.167251 29.482235
v -123.141897 166.167251 29.482235
v -98.524478 166.167251 1.486486
v -96.652405 178.648384 3.135243
v -107.384512 181.480127 29.482235
v -66.736851 186.231903 29.482235
v -107.384512 181.480127 29.482235
v -96.652405 178.648384 3.135243
v -66.736851 146.102600 29.482235
v -66.736851 152.978560 -0.007135
v -95.199456 150.629567 4.414873
v -95.199456 150.629567 4.414873
v -66.736851 152.978560 -0.007135
v -66.736851 166.167251 -13.678337
v -98.524478 166.167251 1.486486
v -98.524478 166.167251 1.486486
v -66.736851 166.167251 -13.678337
v -66.736851 180.088779 -3.358809
v -96.652405 178.648384 3.135243
v -66.736851 186.231903 29.482235
v -96.652405 178.648384 3.135243
v -66.736851 180.088779 -3.358809
v -66.736851 146.102600 29.482235
v -41.679070 153.608798 7.413543
v -66.736851 152.978560 -0.007135
v -66.736851 152.978560 -0.007135
v -41.679070 153.608798 7.413543
v -24.367620 166.167251 -7.832861
v -66.736851 166.167251 -13.678337
v -66.736851 166.167251 -13.678337
v -24.367620 166.167251 -7.832861
v -43.662820 179.694828 9.160656
v -66.736851 180.088779 -3.358809
v -66.736851 186.231903 29.482235
v -66.736851 180.088779 -3.358809
v -43.662820 179.694828 9.160656
v -66.736851 146.102600 29.482235
v -25.793267 152.437887 29.482235
v -41.679070 153.608798 7.413543
v -41.679070 153.608798 7.413543
v -25.793267 152.437887 29.482235
v -6.321895 166.167251 29.482235
v -24.367620 166.167251 -7.832861
v -24.367620 166.167251 -7.832861
v -6.321895 166.167251 29.482235
v -28.856763 179.989156 29.482235
v -43.662820 179.694828 9.160656
v -66.736851 186.231903 29.482235
v -43.662820 179.694828 9.160656
v -28.856763 179.989156 29.482235
v -77.564673 158.950322 21.894023
v -57.476411 162.919755 39.092641
v -51.963613 163.198193 21.894023
v -51.963613 163.198193 21.894023
v -57.476411 162.919755 39.092641
v -47.820660 173.227785 47.359437
v -39.214694 173.227785 21.894023
v -39.214694 173.227785 21.894023
v -47.820660 173.227785 47.359437
v -60.635608 182.106787 36.387886
v -49.054799 183.005045 21.894023
v -77.564673 187.505248 21.894023
v -49.054799 183.005045 21.894023
v -60.635608 182.106787 36.387886
v -77.564673 158.950322 21.894023
v -77.564673 161.545064 44.163288
v -57.476411 162.919755 39.092641
v -57.476411 162.919755 39.092641
v -77.564673 161.545064 44.163288
v -77.564673 173.227785 51.223811
v -47.820660 173.227785 47.359437
v -47.820660 173.227785 47.359437
v -77.564673 173.227785 51.223811
v -77.564673 182.373756 43.089850
v -60.635608 182.106787 36.387886
v -77.564673 187.505248 21.894023
v -60.635608 182.106787 36.387886
v -77.564673 182.373756 43.089850
v -77.564673 158.950322 21.894023
v -97.360621 163.776277 38.842375
v -77.564673 161.545064 44.163288
v -77.564673 161.545064 44.163288
v -97.360621 163.776277 38.842375
v -105.050636 173.227785 45.426202
v -77.564673 173.227785 51.223811
v -77.564673 173.227785 51.223811
v -105.050636 173.227785 45.426202
v -93.513979 184.795783 35.549063
v -77.564673 182.373756 43.089850
v -77.564673 187.505248 21.894023
v -77.564673 182.373756 43.089850
v -93.513979 184.795783 35.549063
v -77.564673 158.950322 21.894023
v -100.498345 162.338520 21.894023
v -97.360621 163.776277 38.842375
v -97.360621 163.776277 38.842375
v -100.498345 162.338520 21.894023
v -120.561920 173.227785 21.894023
v -105.050636 173.227785 45.426202
v -105.050636 173.227785 45.426202
v -120.561920 173.227785 21.894023
v -106.603301 182.698210 21.894023
v -93.513979 184.795783 35.549063
v -77.564673 187.505248 21.894023
v -93.513979 184.795783 35.549063
v -106.603301 182.698210 21.894023
v -77.564673 158.950322 21.894023
v -98.581738 161.884274 3.900207
v -100.498345 162.338520 21.894023
v -100.498345 162.338520 21.894023
v -98.581738 161.884274 3.900207
v -103.184742 173.227785 -0.040666
v -120.561920 173.227785 21.894023
v -120.561920 173.227785 21.894023
v -103.184742 173.227785 -0.040666
v -98.504298 182.517344 3.966508
v -106.603301 182.698210 21.894023
v -77.564673 187.505248 21.894023
v -106.603301 182.698210 21.894023
v -98.504298 182.517344 3.966508
v -77.564673 158.950322 21.894023
v -77.564673 162.460728 -2.940825
v -98.581738 161.884274 3.900207
v -98.581738 161.884274 3.900207
v -77.564673 162.460728 -2.940825
v -77.564673 173.227785 -7.252294
v -103.184742 173.227785 -0.040666
v -103.184742 173.227785 -0.040666
v -77.564673 173.227785 -7.252294
v -77.564673 181.812342 0.036018
v -98.504298 182.517344 3.966508
v -77.564673 187.505248 21.894023
v -98.504298 182.517344 3.966508
v -77.564673 181.812342 0.036018
v -77.564673 158.950322 21.894023
v -60.704830 163.068485 7.459423
v -77.564673 162.460728 -2.940825
v -77.564673 162.460728 -2.940825
v -60.704830 163.068485 7.459423
v -53.766169 173.227785 1.518871
v -77.564673 173.227785 -7.252294
v -77.564673 173.227785 -7.252294
v -53.766169 173.227785 1.518871
v -56.524134 182.894332 3.880109
v -77.564673 181.812342 0.036018
v -77.564673 187.505248 21.894023
v -77.564673 181.812342 0.036018
v -56.524134 182.894332 3.880109
v -77.564673 158.950322 21.894023
v -51.963613 163.198193 21.894023
v -60.704830 163.068485 7.459423
v -60.704830 163.068485 7.459423
v -51.963613 163.198193 21.894023
v -39.214694 173.227785 21.894023
v -53.766169 173.227785 1.518871
v -53.766169 173.227785 1.518871
v -39.214694 173.227785 21.894023
v -49.054799 183.005045 21.894023
v -56.524134 182.894332 3.880109
v -77.564673 187.505248 21.894023
v -56.524134 182.894332 3.880109
v -49.054799 183.005045 21.894023
v -88.495268 119.308024 -47.108391
v -65.922859 124.832726 -24.680255
v -54.807493 123.111374 -47.108391
v -54.807493 123.111374 -47.108391
v -65.922859 124.832726 -24.680255
v -50.151940 139.426142 -9.010136
v -38.686406 139.426142 -47.108391
v -38.686406 139.426142 -47.108391
v -50.151940 139.426142 -9.010136
v -60.428175 151.887408 -19.220690
v -54.696029 154.274775 -47.108391
v -88.495268 159.544260 -47.108391
v -54.696029 154.274775 -47.108391
v -60.428175 151.887408 -19.220690
v -88.495268 119.308024 -47.108391
v -88.495268 123.124662 -5.891589
v -65.922859 124.832726 -24.680255
v -65.922859 124.832726 -24.680255
v -88.495268 123.124662 -5.891589
v -88.495268 139.426142 0.808321
v -50.151940 139.426142 -9.010136
v -50.151940 139.426142 -9.010136
v -88.495268 139.426142 0.808321
v -88.495268 155.804919 -11.412033
v -60.428175 151.887408 -19.220690
v -88.495268 159.544260 -47.108391
v -60.428175 151.887408 -19.220690
v -88.495268 155.804919 -11.412033
v -88.495268 119.308024 -47.108391
v -112.076162 124.535367 -23.678215
v -88.495268 123.124662 -5.891589
v -88.495268 123.124662 -5.891589
v -112.076162 124.535367 -23.678215
v -128.930584 139.426142 -6.931518
v -88.495268 139.426142 0.808321
v -88.495268 139.426142 0.808321
v -128.930584 139.426142 -6.931518
v -113.242722 155.805637 -22.519111
v -88.495268 155.804919 -11.412033
v -88.495268 159.544260 -47.108391
v -88.495268 155.804919 -11.412033
v -113.242722 155.805637 -22.519111
v -88.495268 119.308024 -47.108391
v -127.415800 124.519481 -47.108391
v -112.076162 124.535367 -23.678215
v -112.076162 124.535367 -23.678215
v -127.415800 124.519481 -47.108391
v -143.331416 139.426142 -47.108391
v -128.930584 139.426142 -6.931518
v -128.930584 139.426142 -6.931518
v -143.331416 139.426142 -47.108391
v -121.312801 155.370868 -47.108391
v -113.242722 155.805637 -22.519111
v -88.495268 159.544260 -47.108391
v -113.242722 155.805637 -22.519111
v -121.312801 155.370868 -47.108391
v -88.495268 119.308024 -47.108391
v -114.404931 124.856861 -72.852453
v -127.415800 124.519481 -47.108391
v -127.415800 124.519481 -47.108391
v -114.404931 124.856861 -72.852453
v -123.073911 139.426142 -81.466025
v -143.331416 139.426142 -47.108391
v -143.331416 139.426142 -47.108391
v -123.073911 139.426142 -81.466025
v -111.265264 155.614393 -69.732853
v -121.312801 155.370868 -47.108391
v -88.495268 159.544260 -47.108391
v -121.312801 155.370868 -47.108391
v -111.265264 155.614393 -69.732853
v -88.495268 119.308024 -47.108391
v -88.495268 126.741998 -86.426326
v -114.404931 124.856861 -72.852453
v -114.404931 124.856861 -72.852453
v -88.495268 126.741998 -86.426326
v -88.495268 139.426142 -94.345513
v -123.073911 139.426142 -81.466025
v -123.073911 139.426142 -81.466025
v -88.495268 139.426142 -94.345513
v -88.495268 153.385703 -81.874849
v -111.265264 155.614393 -69.732853
v -88.495268 159.544260 -47.108391
v -111.265264 155.614393 -69.732853
v -88.495268 153.385703 -81.874849
v -88.495268 119.308024 -47.108391
v -60.274145 126.326157 -75.149139
v -88.495268 126.741998 -86.426326
v -88.495268 126.741998 -86.426326
v -60.274145 126.326157 -75.149139
v -45.135230 139.426142 -90.191293
v -88.495268 139.426142 -94.345513
v -88.495268 139.426142 -94.345513
v -45.135230 139.426142 -90.191293
v -58.525372 155.401290 -76.886734
v -88.495268 153.385703 -81.874849
v -88.495268 159.544260 -47.108391
v -88.495268 153.385703 -81.874849
v -58.525372 155.401290 -76.886734
v -88.495268 119.308024 -47.108391
v -54.807493 123.111374 -47.108391
v -60.274145 126.326157 -75.149139
v -60.274145 126.326157 -75.149139
v -54.807493 123.111374 -47.108391
v -38.686406 139.426142 -47.108391
v -45.135230 139.426142 -90.191293
v -45.135230 139.426142 -90.191293
v -38.686406 139.426142 -47.108391
v -54.696029 154.274775 -47.108391
v -58.525372 155.401290 -76.886734
v -88.495268 159.544260 -47.108391
v -58.525372 155.401290 -76.886734
v -54.696029 154.274775 -47.108391
v -41.330147 128.987803 -97.507435
v -16.624272 133.611279 -76.592894
v -8.015673 137.476382 -97.507435
v -8.015673 137.476382 -97.507435
v -16.624272 133.611279 -76.592894
v 3.028840 150.194329 -59.955726
v 10.152299 150.194329 -97.507435
v 10.152299 150.194329 -97.507435
v 3.028840 150.194329 -59.955726
v -9.772060 166.215116 -70.792215
v -4.415666 167.148727 -97.507435
v -41.330147 171.400854 -97.507435
v -4.415666 167.148727 -97.507435
v -9.772060 166.215116 -70.792215
v -41.330147 128.987803 -97.507435
v -41.330147 132.944860 -68.015662
v -16.624272 133.611279 -76.592894
v -16.624272 133.611279 -76.592894
v -41.330147 132.944860 -68.015662
v -41.330147 150.194329 -55.310074
v 3.028840 150.194329 -59.955726
v 3.028840 150.194329 -59.955726
v -41.330147 150.194329 -55.310074
v -41.330147 166.715618 -61.812164
v -9.772060 166.215116 -70.792215
v -41.330147 171.400854 -97.507435
v -9.772060 166.215116 -70.792215
v -41.330147 166.715618 -61.812164
v -41.330147 128.987803 -97.507435
v -66.518768 134.652273 -76.184230
v -41.330147 132.944860 -68.015662
v -41.330147 132.944860 -68.015662
v -66.518768 134.652273 -76.184230
v -85.024037 150.194329 -60.518758
v -41.330147 150.194329 -55.310074
v -41.330147 150.194329 -55.310074
v -85.024037 150.194329 -60.518758
v -64.826550 166.507588 -77.616763
v -41.330147 166.715618 -61.812164
v -41.330147 171.400854 -97.507435
v -41.330147 166.715618 -61.812164
v -64.826550 166.507588 -77.616763
v -41.330147 128.987803 -97.507435
v -85.337113 134.813664 -97.507435
v -66.518768 134.652273 -76.184230
v -66.518768 134.652273 -76.184230
v -85.337113 134.813664 -97.507435
v -104.298749 150.194329 -97.507435
v -85.024037 150.194329 -60.518758
v -85.024037 150.194329 -60.518758
v -104.298749 150.194329 -97.507435
v -79.858782 164.087185 -97.507435
v -64.826550 166.507588 -77.616763
v -41.330147 171.400854 -97.507435
v -64.826550 166.507588 -77.616763
v -79.858782 164.087185 -97.507435
v -41.330147 128.987803 -97.507435
v -67.804855 133.531594 -119.919365
v -85.337113 134.813664 -97.507435
v -85.337113 134.813664 -97.507435
v -67.804855 133.531594 -119.919365
v -81.679404 150.194329 -131.664742
v -104.298749 150.194329 -97.507435
v -104.298749 150.194329 -97.507435
v -81.679404 150.194329 -131.664742
v -69.422043 166.082331 -121.288381
v -79.858782 164.087185 -97.507435
v -41.330147 171.400854 -97.507435
v -79.858782 164.087185 -97.507435
v -69.422043 166.082331 -121.288381
v -41.330147 128.987803 -97.507435
v -41.330147 135.499638 -132.557318
v -67.804855 133.531594 -119.919365
v -67.804855 133.531594 -119.919365
v -41.330147 135.499638 -132.557318
v -41.330147 150.194329 -138.835489
v -81.679404 150.194329 -131.664742
v -81.679404 150.194329 -131.664742
v -41.330147 150.194329 -138.835489
v -41.330147 163.077151 -127.510946
v -69.422043 166.082331 -121.288381
v -41.330147 171.400854 -97.507435
v -69.422043 166.082331 -121.288381
v -41.330147 163.077151 -127.510946
v -41.330147 128.987803 -97.507435
v -17.808330 137.302255 -117.419622
v -41.330147 135.499638 -132.557318
v -41.330147 135.499638 -132.557318
v -17.808330 137.302255 -117.419622
v -2.355770 150.194329 -130.500850
v -41.330147 150.194329 -138.835489
v -41.330147 150.194329 -138.835489
v -2.355770 150.194329 -130.500850
v -13.415326 166.006700 -121.138481
v -41.330147 163.077151 -127.510946
v -41.330147 171.400854 -97.507435
v -41.330147 163.077151 -127.510946
v -13.415326 166.006700 -121.138481
v -41.330147 128.987803 -97.507435
v -8.015673 137.476382 -97.507435
v -17.808330 137.302255 -117.419622
v -17.808330 137.302255 -117.419622
v -8.015673 137.476382 -97.507435
v 10.152299 150.194329 -97.507435
v -2.355770 150.194329 -130.500850
v -2.355770 150.194329 -130.500850
v 10.152299 150.194329 -97.507435
v -4.415666 167.148727 -97.507435
v -13.415326 166.006700 -121.138481
v -41.330147 171.400854 -97.507435
v -13.415326 166.006700 -121.138481
v -4.415666 167.148727 -97.507435
v -15.335078 155.679107 -97.472061
v 11.433934 161.037475 -77.094840
v 27.425474 159.912784 -97.472061
v 27.425474 159.912784 -97.472061
v 11.433934 161.037475 -77.094840
v 20.941859 176.013895 -69.857178
v 37.627126 176.013895 -97.472061
v 37.627126 176.013895 -97.472061
v 20.941859 176.013895 -69.857178
v 10.234764 191.106712 -78.007678
v 23.277743 190.896417 -97.472061
v -15.335078 196.348683 -97.472061
v 23.277743 190.896417 -97.472061
v 10.234764 191.106712 -78.007678
v -15.335078 155.679107 -97.472061
v -15.335078 160.118304 -65.868518
v 11.433934 161.037475 -77.094840
v 11.433934 161.037475 -77.094840
v -15.335078 160.118304 -65.868518
v -15.335078 176.013895 -59.044989
v 20.941859 176.013895 -69.857178
v 20.941859 176.013895 -69.857178
v -15.335078 176.013895 -59.044989
v -15.335078 191.623807 -65.990352
v 10.234764 191.106712 -78.007678
v -15.335078 196.348683 -97.472061
v 10.234764 191.106712 -78.007678
v -15.335078 191.623807 -65.990352
v -15.335078 155.679107 -97.472061
v -41.779562 161.216489 -77.341880
v -15.335078 160.118304 -65.868518
v -15.335078 160.118304 -65.868518
v -41.779562 161.216489 -77.341880
v -48.583617 176.013895 -72.162468
v -15.335078 176.013895 -59.044989
v -15.335078 176.013895 -59.044989
v -48.583617 176.013895 -72.162468
v -39.928617 189.659796 -78.750864
v -15.335078 191.623807 -65.990352
v -15.335078 196.348683 -97.472061
v -15.335078 191.623807 -65.990352
v -39.928617 189.659796 -78.750864
v -15.335078 155.679107 -97.472061
v -58.321673 161.019059 -97.472061
v -41.779562 161.216489 -77.341880
v -41.779562 161.216489 -77.341880
v -58.321673 161.019059 -97.472061
v -75.875917 176.013895 -97.472061
v -48.583617 176.013895 -72.162468
v -48.583617 176.013895 -72.162468
v -75.875917 176.013895 -97.472061
v -50.018373 188.694426 -97.472061
v -39.928617 189.659796 -78.750864
v -15.335078 196.348683 -97.472061
v -39.928617 189.659796 -78.750864
v -50.018373 188.694426 -97.472061
v -15.335078 155.679107 -97.472061
v -43.569213 162.986291 -118.964567
v -58.321673 161.019059 -97.472061
v -58.321673 161.019059 -97.472061
v -43.569213 162.986291 -118.964567
v -49.765856 176.013895 -123.681602
v -75.875917 176.013895 -97.472061
v -75.875917 176.013895 -97.472061
v -49.765856 176.013895 -123.681602
v -44.925492 189.773550 -119.996999
v -50.018373 188.694426 -97.472061
v -15.335078 196.348683 -97.472061
v -50.018373 188.694426 -97.472061
v -44.925492 189.773550 -119.996999
v -15.335078 155.679107 -97.472061
v -15.335078 159.966626 -126.387454
v -43.569213 162.986291 -118.964567
v -43.569213 162.986291 -118.964567
v -15.335078 159.966626 -126.387454
v -15.335078 176.013895 -144.720953
v -49.765856 176.013895 -123.681602
v -49.765856 176.013895 -123.681602
v -15.335078 176.013895 -144.720953
v -15.335078 192.302044 -127.036317
v -44.925492 189.773550 -119.996999
v -15.335078 196.348683 -97.472061
v -44.925492 189.773550 -119.996999
v -15.335078 192.302044 -127.036317
v -15.335078 155.679107 -97.472061
v 7.864381 162.864135 -115.132050
v -15.335078 159.966626 -126.387454
v -15.335078 159.966626 -126.387454
v 7.864381 162.864135 -115.132050
v 21.671576 176.013895 -125.642422
v -15.335078 176.013895 -144.720953
v -15.335078 176.013895 -144.720953
v 21.671576 176.013895 -125.642422
v 9.867235 190.848141 -116.656671
v -15.335078 192.302044 -127.036317
v -15.335078 196.348683 -97.472061
v -15.335078 192.302044 -127.036317
v 9.867235 190.848141 -116.656671
v -15.335078 155.679107 -97.472061
v 27.425474 159.912784 -97.472061
v 7.864381 162.864135 -115.132050
v 7.864381 162.864135 -115.132050
v 27.425474 159.912784 -97.472061
v 37.627126 176.013895 -97.472061
v 21.671576 176.013895 -125.642422
v 21.671576 176.013895 -125.642422
v 37.627126 176.013895 -97.472061
v 23.277743 190.896417 -97.472061
v 9.867235 190.848141 -116.656671
v -15.335078 196.348683 -97.472061
v 9.867235 190.848141 -116.656671
v 23.277743 190.896417 -97.472061
v 12.039553 129.366311 -97.148075
v 33.650910 135.039383 -75.575571
v 41.764897 135.489727 -97.148075
v 41.764897 135.489727 -97.148075
v 33.650910 135.039383 -75.575571
v 40.449982 145.248681 -68.788722
v 58.399822 145.248681 -97.148075
v 58.399822 145.248681 -97.148075
v 40.449982 145.248681 -68.788722
v 31.921924 154.866719 -77.301448
v 38.391512 157.423278 -97.148075
v 12.039553 161.131051 -97.148075
v 38.391512 157.423278 -97.148075
v 31.921924 154.866719 -77.301448
v 12.039553 129.366311 -97.148075
v 12.039553 134.213883 -68.768511
v 33.650910 135.039383 -75.575571
v 33.650910 135.039383 -75.575571
v 12.039553 134.213883 -68.768511
v 12.039553 145.248681 -55.514586
v 40.449982 145.248681 -68.788722
v 40.449982 145.248681 -68.788722
v 12.039553 145.248681 -55.514586
v 12.039553 154.778002 -67.559979
v 31.921924 154.866719 -77.301448
v 12.039553 161.131051 -97.148075
v 31.921924 154.866719 -77.301448
v 12.039553 154.778002 -67.559979
v 12.039553 129.366311 -97.148075
v -9.743014 133.998703 -75.404668
v 12.039553 134.213883 -68.768511
v 12.039553 134.213883 -68.768511
v -9.743014 133.998703 -75.404668
v -20.653255 145.248681 -64.514042
v 12.039553 145.248681 -55.514586
v 12.039553 145.248681 -55.514586
v -20.653255 145.248681 -64.514042
v -10.721417 155.759024 -74.428025
v 12.039553 154.778002 -67.559979
v 12.039553 161.131051 -97.148075
v 12.039553 154.778002 -67.559979
v -10.721417 155.759024 -74.428025
v 12.039553 129.366311 -97.148075
v -21.388510 134.406292 -97.148075
v -9.743014 133.998703 -75.404668
v -9.743014 133.998703 -75.404668
v -21.388510 134.406292 -97.148075
v -24.552679 145.248681 -97.148075
v -20.653255 145.248681 -64.514042
v -20.653255 145.248681 -64.514042
v -24.552679 145.248681 -97.148075
v -12.898908 156.378570 -97.148075
v -10.721417 155.759024 -74.428025
v 12.039553 161.131051 -97.148075
v -10.721417 155.759024 -74.428025
v -12.898908 156.378570 -97.148075
v 12.039553 129.366311 -97.148075
v -9.198703 133.169673 -118.348149
v -21.388510 134.406292 -97.148075
v -21.388510 134.406292 -97.148075
v -9.198703 133.169673 -118.348149
v -13.302154 145.248681 -122.444222
v -24.552679 145.248681 -97.148075
v -24.552679 145.248681 -97.148075
v -13.302154 145.248681 -122.444222
v -10.386189 157.077931 -119.533499
v -12.898908 156.378570 -97.148075
v 12.039553 161.131051 -97.148075
v -12.898908 156.378570 -97.148075
v -10.386189 157.077931 -119.533499
v 12.039553 129.366311 -97.148075
v 12.039553 134.733845 -129.663031
v -9.198703 133.169673 -118.348149
v -9.198703 133.169673 -118.348149
v 12.039553 134.733845 -129.663031
v 12.039553 145.248681 -143.408418
v -13.302154 145.248681 -122.444222
v -13.302154 145.248681 -122.444222
v 12.039553 145.248681 -143.408418
v 12.039553 157.464419 -123.974352
v -10.386189 157.077931 -119.533499
v 12.039553 161.131051 -97.148075
v -10.386189 157.077931 -119.533499
v 12.039553 157.464419 -123.974352
v 12.039553 129.366311 -97.148075
v 35.668576 135.044785 -120.734617
v 12.039553 134.733845 -129.663031
v 12.039553 134.733845 -129.663031
v 35.668576 135.044785 -120.734617
v 41.102180 145.248681 -126.158453
v 12.039553 145.248681 -143.408418
v 12.039553 145.248681 -143.408418
v 41.102180 145.248681 -126.158453
v 30.687877 155.129079 -115.762873
v 12.039553 157.464419 -123.974352
v 12.039553 161.131051 -97.148075
v 12.039553 157.464419 -123.974352
v 30.687877 155.129079 -115.762873
v 12.039553 129.366311 -97.148075
v 41.764897 135.489727 -97.148075
v 35.668576 135.044785 -120.734617
v 35.668576 135.044785 -120.734617
v 41.764897 135.489727 -97.148075
v 58.399822 145.248681 -97.148075
v 41.102180 145.248681 -126.158453
v 41.102180 145.248681 -126.158453
v 58.399822 145.248681 -97.148075
v 38.391512 157.423278 -97.148075
v 30.687877 155.129079 -115.762873
v 12.039553 161.131051 -97.148075
v 30.687877 155.129079 -115.762873
v 38.391512 157.423278 -97.148075
v 53.433260 116.015578 -69.862671
v 83.495348 120.193488 -43.325600
v 92.715424 124.261294 -69.862671
v 92.715424 124.261294 -69.862671
v 83.495348 120.193488 -43.325600
v 91.274430 137.131733 -36.458676
v 115.540899 137.131733 -69.862671
v 115.540899 137.131733 -69.862671
v 91.274430 137.131733 -36.458676
v 83.974507 151.121041 -42.902626
v 87.693021 150.084891 -69.862671
v 53.433260 158.247888 -69.862671
v 87.693021 150.084891 -69.862671
v 83.974507 151.121041 -42.902626
v 53.433260 116.015578 -69.862671
v 53.433260 120.913638 -37.311318
v 83.495348 120.193488 -43.325600
v 83.495348 120.193488 -43.325600
v 53.433260 120.913638 -37.311318
v 53.433260 137.131733 -21.307859
v 91.274430 137.131733 -36.458676
v 91.274430 137.131733 -36.458676
v 53.433260 137.131733 -21.307859
v 53.433260 149.780753 -40.479511
v 83.974507 151.121041 -42.902626
v 53.433260 158.247888 -69.862671
v 83.974507 151.121041 -42.902626
v 53.433260 149.780753 -40.479511
v 53.433260 116.015578 -69.862671
v 29.296570 120.858335 -48.556199
v 53.433260 120.913638 -37.311318
v 53.433260 120.913638 -37.311318
v 29.296570 120.858335 -48.556199
v 15.294690 137.131733 -36.196149
v 53.433260 137.131733 -21.307859
v 53.433260 137.131733 -21.307859
v 15.294690 137.131733 -36.196149
v 28.325309 153.977193 -47.698825
v 53.433260 149.780753 -40.479511
v 53.433260 158.247888 -69.862671
v 53.433260 149.780753 -40.479511
v 28.325309 153.977193 -47.698825
v 53.433260 116.015578 -69.862671
v 10.327476 121.241090 -69.862671
v 29.296570 120.858335 -48.556199
v 29.296570 120.858335 -48.556199
v 10.327476 121.241090 -69.862671
v -2.260939 137.131733 -69.862671
v 15.294690 137.131733 -36.196149
v 15.294690 137.131733 -36.196149
v -2.260939 137.131733 -69.862671
v 14.296945 151.812700 -69.862671
v 28.325309 153.977193 -47.698825
v 53.433260 158.247888 -69.862671
v 28.325309 153.977193 -47.698825
v 14.296945 151.812700 -69.862671
v 53.433260 116.015578 -69.862671
v 29.455302 122.057949 -91.029023
v 10.327476 121.241090 -69.862671
v 10.327476 121.241090 -69.862671
v 29.455302 122.057949 -91.029023
v 17.014533 137.131733 -102.011014
v -2.260939 137.131733 -69.862671
v -2.260939 137.131733 -69.862671
v 17.014533 137.131733 -102.011014
v 26.700042 154.314008 -93.461207
v 14.296945 151.812700 -69.862671
v 53.433260 158.247888 -69.862671
v 14.296945 151.812700 -69.862671
v 26.700042 154.314008 -93.461207
v 53.433260 116.015578 -69.862671
v 53.433260 120.224234 -107.554324
v 29.455302 122.057949 -91.029023
v 29.455302 122.057949 -91.029023
v 53.433260 120.224234 -107.554324
v 53.433260 137.131733 -119.192795
v 17.014533 137.131733 -102.011014
v 17.014533 137.131733 -102.011014
v 53.433260 137.131733 -119.192795
v 53.433260 151.082162 -107.020492
v 26.700042 154.314008 -93.461207
v 53.433260 158.247888 -69.862671
v 26.700042 154.314008 -93.461207
v 53.433260 151.082162 -107.020492
v 53.433260 116.015578 -69.862671
v 81.557619 121.828727 -94.689226
v 53.433260 120.224234 -107.554324
v 53.433260 120.224234 -107.554324
v 81.557619 121.828727 -94.689226
v 86.531412 137.131733 -99.079803
v 53.433260 137.131733 -119.192795
v 53.433260 137.131733 -119.192795
v 86.531412 137.131733 -99.079803
v 77.999240 150.740335 -91.548096
v 53.433260 151.082162 -107.020492
v 53.433260 158.247888 -69.862671
v 53.433260 151.082162 -107.020492
v 77.999240 150.740335 -91.548096
v 53.433260 116.015578 -69.862671
v 92.715424 124.261294 -69.862671
v 81.557619 121.828727 -94.689226
v 81.557619 121.828727 -94.689226
v 92.715424 124.261294 -69.862671
v 115.540899 137.131733 -69.862671
v 86.531412 137.131733 -99.079803
v 86.531412 137.131733 -99.079803
v 115.540899 137.131733 -69.862671
v 87.693021 150.084891 -69.862671
v 77.999240 150.740335 -91.548096
v 53.433260 158.247888 -69.862671
v 77.999240 150.740335 -91.548096
v 87.693021 150.084891 -69.862671
v 59.509621 154.782826 -14.053489
v 79.788283 157.672472 3.700059
v 90.489724 159.609472 -14.053489
v 90.489724 159.609472 -14.053489
v 79.788283 157.672472 3.700059
v 83.754731 169.240172 7.172602
v 92.828609 169.240172 -14.053489
v 92.828609 169.240172 -14.053489
v 83.754731 169.240172 7.172602
v 78.156669 178.659972 2.271615
v 88.201696 179.077707 -14.053489
v 59.509621 183.697518 -14.053489
v 88.201696 179.077707 -14.053489
v 78.156669 178.659972 2.271615
v 59.509621 154.782826 -14.053489
v 59.509621 160.366100 13.137766
v 79.788283 157.672472 3.700059
v 79.788283 157.672472 3.700059
v 59.509621 160.366100 13.137766
v 59.509621 169.240172 21.937367
v 83.754731 169.240172 7.172602
v 83.754731 169.240172 7.172602
v 59.509621 169.240172 21.937367
v 59.509621 178.248289 12.844361
v 78.156669 178.659972 2.271615
v 59.509621 183.697518 -14.053489
v 78.156669 178.659972 2.271615
v 59.509621 178.248289 12.844361
v 59.509621 154.782826 -14.053489
v 38.642065 159.981905 4.215624
v 59.509621 160.366100 13.137766
v 59.509621 160.366100 13.137766
v 38.642065 159.981905 4.215624
v 36.044025 169.240172 6.490154
v 59.509621 169.240172 21.937367
v 59.509621 169.240172 21.937367
v 36.044025 169.240172 6.490154
v 40.883530 180.645923 2.253268
v 59.509621 178.248289 12.844361
v 59.509621 183.697518 -14.053489
v 59.509621 178.248289 12.844361
v 40.883530 180.645923 2.253268
v 59.509621 154.782826 -14.053489
v 35.544653 157.854189 -14.053489
v 38.642065 159.981905 4.215624
v 38.642065 159.981905 4.215624
v 35.544653 157.854189 -14.053489
v 22.523446 169.240172 -14.053489
v 36.044025 169.240172 6.490154
v 36.044025 169.240172 6.490154
v 22.523446 169.240172 -14.053489
v 34.645084 179.874424 -14.053489
v 40.883530 180.645923 2.253268
v 59.509621 183.697518 -14.053489
v 40.883530 180.645923 2.253268
v 34.645084 179.874424 -14.053489
v 59.509621 154.782826 -14.053489
v 38.932145 160.351049 -32.068642
v 35.544653 157.854189 -14.053489
v 35.544653 157.854189 -14.053489
v 38.932145 160.351049 -32.068642
v 34.536765 169.240172 -35.916706
v 22.523446 169.240172 -14.053489
v 22.523446 169.240172 -14.053489
v 34.536765 169.240172 -35.916706
v 38.476447 180.986401 -32.467596
v 34.645084 179.874424 -14.053489
v 59.509621 183.697518 -14.053489
v 34.645084 179.874424 -14.053489
v 38.476447 180.986401 -32.467596
v 59.509621 154.782826 -14.053489
v 59.509621 158.974604 -36.305483
v 38.932145 160.351049 -32.068642
v 38.932145 160.351049 -32.068642
v 59.509621 158.974604 -36.305483
v 59.509621 169.240172 -52.527388
v 34.536765 169.240172 -35.916706
v 34.536765 169.240172 -35.916706
v 59.509621 169.240172 -52.527388
v 59.509621 178.397104 -36.382067
v 38.476447 180.986401 -32.467596
v 59.509621 183.697518 -14.053489
v 38.476447 180.986401 -32.467596
v 59.509621 178.397104 -36.382067
v 59.509621 154.782826 -14.053489
v 80.949948 157.705552 -32.824049
v 59.509621 158.974604 -36.305483
v 59.509621 158.974604 -36.305483
v 80.949948 157.705552 -32.824049
v 87.585548 169.240172 -38.633380
v 59.509621 169.240172 -52.527388
v 59.509621 169.240172 -52.527388
v 87.585548 169.240172 -38.633380
v 78.575881 180.775549 -30.745603
v 59.509621 178.397104 -36.382067
v 59.509621 183.697518 -14.053489
v 59.509621 178.397104 -36.382067
v 78.575881 180.775549 -30.745603
v 59.509621 154.782826 -14.053489
v 90.489724 159.609472 -14.053489
v 80.949948 157.705552 -32.824049
v 80.949948 157.705552 -32.824049
v 90.489724 159.609472 -14.053489
v 92.828609 169.240172 -14.053489
v 87.585548 169.240172 -38.633380
v 87.585548 169.240172 -38.633380
v 92.828609 169.240172 -14.053489
v 88.201696 179.077707 -14.053489
v 78.575881 180.775549 -30.745603
v 59.509621 183.697518 -14.053489
v 78.575881 180.775549 -30.745603
v 88.201696 179.077707 -14.053489
v 0.000000 154.311679 0.000000
v 19.967389 157.562374 14.840913
v 36.175259 160.398436 0.000000
v 36.175259 160.398436 0.000000
v 19.967389 157.562374 14.840913
v 33.619387 171.074410 24.987863
v 44.175901 171.074410 0.000000
v 44.175901 171.074410 0.000000
v 33.619387 171.074410 24.987863
v 22.358341 182.860896 16.618006
v 33.819616 182.230739 0.000000
v 0.000000 187.837140 0.000000
v 33.819616 182.230739 0.000000
v 22.358341 182.860896 16.618006
v 0.000000 154.311679 0.000000
v 0.000000 160.396082 24.204727
v 19.967389 157.562374 14.840913
v 19.967389 157.562374 14.840913
v 0.000000 160.396082 24.204727
v 0.000000 171.074410 28.555952
v 33.619387 171.074410 24.987863
v 33.619387 171.074410 24.987863
v 0.000000 171.074410 28.555952
v 0.000000 181.529326 21.004023
v 22.358341 182.860896 16.618006
v 0.000000 187.837140 0.000000
v 22.358341 182.860896 16.618006
v 0.000000 181.529326 21.004023
v 0.000000 154.311679 0.000000
v -22.667063 159.131574 16.847466
v 0.000000 160.396082 24.204727
v 0.000000 160.396082 24.204727
v -22.667063 159.131574 16.847466
v -31.964915 171.074410 23.758165
v 0.000000 171.074410 28.555952
v 0.000000 171.074410 28.555952
v -31.964915 171.074410 23.758165
v -19.842845 183.965112 14.748344
v 0.000000 181.529326 21.004023
v 0.000000 187.837140 0.000000
v 0.000000 181.529326 21.004023
v -19.842845 183.965112 14.748344
v 0.000000 154.311679 0.000000
v -35.970549 160.227253 0.000000
v -22.667063 159.131574 16.847466
v -22.667063 159.131574 16.847466
v -35.970549 160.227253 0.000000
v -49.243483 171.074410 0.000000
v -31.964915 171.074410 23.758165
v -31.964915 171.074410 23.758165
v -49.243483 171.074410 0.000000
v -32.411756 182.825982 0.000000
v -19.842845 183.965112 14.748344
v 0.000000 187.837140 0.000000
v -19.842845 183.965112 14.748344
v -32.411756 182.825982 0.000000
v 0.000000 154.311679 0.000000
v -21.999750 157.445353 -16.351481
v -35.970549 160.227253 0.000000
v -35.970549 160.227253 0.000000
v -21.999750 157.445353 -16.351481
v -26.330097 171.074410 -19.570043
v -49.243483 171.074410 0.000000
v -49.243483 171.074410 0.000000
v -26.330097 171.074410 -19.570043
v -21.210907 184.584648 -15.765167
v -32.411756 182.825982 0.000000
v 0.000000 187.837140 0.000000
v -32.411756 182.825982 0.000000
v -21.210907 184.584648 -15.765167
v 0.000000 154.311679 0.000000
v -0.000000 159.925563 -21.194885
v -21.999750 157.445353 -16.351481
v -21.999750 157.445353 -16.351481
v -0.000000 159.925563 -21.194885
v -0.000000 171.074410 -34.913327
v -26.330097 171.074410 -19.570043
v -26.330097 171.074410 -19.570043
v -0.000000 171.074410 -34.913327
v -0.000000 183.932488 -22.513439
v -21.210907 184.584648 -15.765167
v 0.000000 187.837140 0.000000
v -21.210907 184.584648 -15.765167
v -0.000000 183.932488 -22.513439
v 0.000000 154.311679 0.000000
v 22.989809 160.502277 -17.087350
v -0.000000 159.925563 -21.194885
v -0.000000 159.925563 -21.194885
v 22.989809 160.502277 -17.087350
v 30.790473 171.074410 -22.885252
v -0.000000 171.074410 -34.913327
v -0.000000 171.074410 -34.913327
v 30.790473 171.074410 -22.885252
v 23.316454 183.153435 -17.330131
v -0.000000 183.932488 -22.513439
v 0.000000 187.837140 0.000000
v -0.000000 183.932488 -22.513439
v 23.316454 183.153435 -17.330131
v 0.000000 154.311679 0.000000
v 36.175259 160.398436 0.000000
v 22.989809 160.502277 -17.087350
v 22.989809 160.502277 -17.087350
v 36.175259 160.398436 0.000000
v 44.175901 171.074410 0.000000
v 30.790473 171.074410 -22.885252
v 30.790473 171.074410 -22.885252
v 44.175901 171.074410 0.000000
v 33.819616 182.230739 0.000000
v 23.316454 183.153435 -17.330131
v 0.000000 187.837140 0.000000
v 23.316454 183.153435 -17.330131
v 33.819616 182.230739 0.000000
v 0.000000 135.839541 0.000000
v 27.297882 139.458092 27.215445
v 36.669878 140.215244 0.000000
v 36.669878 140.215244 0.000000
v 27.297882 139.458092 27.215445
v 38.350630 155.887140 38.234815
v 54.059465 155.887140 0.000000
v 54.059465 155.887140 0.000000
v 38.350630 155.887140 38.234815
v 26.561215 170.221706 26.481003
v 38.434788 170.607157 0.000000
v 0.000000 175.934739 0.000000
v 38.434788 170.607157 0.000000
v 26.561215 170.221706 26.481003
v 0.000000 135.839541 0.000000
v 0.000000 142.705870 41.157897
v 27.297882 139.458092 27.215445
v 27.297882 139.458092 27.215445
v 0.000000 142.705870 41.157897
v 0.000000 155.887140 46.637950
v 38.350630 155.887140 38.234815
v 38.350630 155.887140 38.234815
v 0.000000 155.887140 46.637950
v 0.000000 171.363785 35.619989
v 26.561215 170.221706 26.481003
v 0.000000 175.934739 0.000000
v 26.561215 170.221706 26.481003
v 0.000000 171.363785 35.619989
v 0.000000 135.839541 0.000000
v -23.305723 143.120762 23.235342
v 0.000000 142.705870 41.157897
v 0.000000 142.705870 41.157897
v -23.305723 143.120762 23.235342
v -43.084545 155.887140 42.954434
v 0.000000 155.887140 46.637950
v 0.000000 155.887140 46.637950
v -43.084545 155.887140 42.954434
v -27.924885 171.296657 27.840554
v 0.000000 171.363785 35.619989
v 0.000000 175.934739 0.000000
v 0.000000 171.363785 35.619989
v -27.924885 171.296657 27.840554
v 0.000000 135.839541 0.000000
v -39.976820 143.554723 0.000000
v -23.305723 143.120762 23.235342
v -23.305723 143.120762 23.235342
v -39.976820 143.554723 0.000000
v -46.502232 155.887140 0.000000
v -43.084545 155.887140 42.954434
v -43.084545 155.887140 42.954434
v -46.502232 155.887140 0.000000
v -37.412893 171.779945 0.000000
v -27.924885 171.296657 27.840554
v 0.000000 175.934739 0.000000
v -27.924885 171.296657 27.840554
v -37.412893 171.779945 0.000000
v 0.000000 135.839541 0.000000
v -22.801060 143.480804 -22.732203
v -39.976820 143.554723 0.000000
v -39.976820 143.554723 0.000000
v -22.801060 143.480804 -22.732203
v -39.760064 155.887140 -39.639993
v -46.502232 155.887140 0.000000
v -46.502232 155.887140 0.000000
v -39.760064 155.887140 -39.639993
v -24.547695 170.399148 -24.473564
v -37.412893 171.779945 0.000000
v 0.000000 175.934739 0.000000
v -37.412893 171.779945 0.000000
v -24.547695 170.399148 -24.473564
v 0.000000 135.839541 0.000000
v -0.000000 142.194577 -32.704563
v -22.801060 143.480804 -22.732203
v -22.801060 143.480804 -22.732203
v -0.000000 142.194577 -32.704563
v -0.000000 155.887140 -50.493350
v -39.760064 155.887140 -39.639993
v -39.760064 155.887140 -39.639993
v -0.000000 155.887140 -50.493350
v -0.000000 172.051988 -36.211126
v -24.547695 170.399148 -24.473564
v 0.000000 175.934739 0.000000
v -24.547695 170.399148 -24.473564
v -0.000000 172.051988 -36.211126
v 0.000000 135.839541 0.000000
v 27.103136 141.544910 -27.021287
v -0.000000 142.194577 -32.704563
v -0.000000 142.194577 -32.704563
v 27.103136 141.544910 -27.021287
v 43.078141 155.887140 -42.948050
v -0.000000 155.887140 -50.493350
v -0.000000 155.887140 -50.493350
v 43.078141 155.887140 -42.948050
v 23.645076 171.524006 -23.573670
v -0.000000 172.051988 -36.211126
v 0.000000 175.934739 0.000000
v -0.000000 172.051988 -36.211126
v 23.645076 171.524006 -23.573670
v 0.000000 135.839541 0.000000
v 36.669878 140.215244 0.000000
v 27.103136 141.544910 -27.021287
v 27.103136 141.544910 -27.021287
v 36.669878 140.215244 0.000000
v 54.059465 155.887140 0.000000
v 43.078141 155.887140 -42.948050
v 43.078141 155.887140 -42.948050
v 54.059465 155.887140 0.000000
v 38.434788 170.607157 0.000000
v 23.645076 171.524006 -23.573670
v 0.000000 175.934739 0.000000
v 23.645076 171.524006 -23.573670
v 38.434788 170.607157 0.000000
vt 0.000000 0.000000
vt 1.000000 0.000000
vt 1.000000 1.000000
vt 0.000000 1.000000
vt 0.500000 1.000000
vt 0.000000 0.000000
vt 1.000000 0.000000
vt 0.000000 0.000000
vt 1.000000 0.000000
vt 1.000000 1.000000
vt 0.000000 1.000000
vt 0.500000 1.000000
vt 0.000000 0.000000
vt 1.000000 0.000000
vt 0.000000 0.000000
vt 1.000000 0.000000
vt 1.000000 1.000000
vt 0.000000 1.000000
vt 0.500000 1.000000
vt 0.000000 0.000000
vt 1.000000 0.000000
vt 0.000000 0.000000
vt 1.000000 0.000000
vt 1.000000 1.000000
vt 0.000000 1.000000
vt 0.500000 1.000000
vt 0.000000 0.000000
vt 1.000000 0.000000
vt 0.000000 0.000000
vt 1.000000 0.000000
vt 1.000000 1.000000
vt 0.000000 1.000000
vt 0.500000 1.000000
vt 0.000000 0.000000
vt 1.000000 0.000000
vt 0.000000 0.000000
vt 1.000000 0.000000
vt 1.000000 1.000000
vt 0.000000 1.000000
vt 0.500000 1.000000
vt 0.000000 0.000000
vt 1.000000 0.000000
vt 0.000000 0.000000
vt 1.000000 0.000000
vt 1.000000 1.000000
vt 0.000000 1.000000
vt 0.500000 1.000000
vt 0.000000 0.000000
vt 1.000000 0.000000
vt 0.000000 0.000000
vt 1.000000 0.000000
vt 1.000000 1.000000
vt 0.000000 1.000000
vt 0.500000 1.000000
vt 0.000000 0.000000
vt 1.000000 0.000000
vt 0.000000 0.000000
vt 1.000000 0.000000
vt 1.000000 1.000000
vt 0.000000 1.000000
vt 0.500000 1.000000
vt 0.000000 0.000000
vt 1.000000 0.000000
vt 0.000000 0.000000
vt 1.000000 0.000000
vt 1.000000 1.000000
vt 0.000000 1.000000
vt 0.000000 0.000000
vt 1.000000 0.000000
vt 1.000000 1.000000
vt 0.000000 1.000000
vt 0.000000 0.000000
vt 1.000000 0.000000
vt 1.000000 1.000000
vt 0.000000 1.000000
vt 0.000000 0.000000
vt 1.000000 0.000000
vt 1.000000 1.000000
vt 0.000000 1.000000
vt 0.000000 0.000000
vt 1.000000 0.000000
vt 1.000000 1.000000
vt 0.000000 1.000000
vt 0.000000 0.000000
vt 1.000000 0.000000
vt 1.000000 1.000000
vt 0.000000 1.000000
vt 0.000000 0.000000
vt 1.000000 0.000000
vt 1.000000 1.000000
vt 0.000000 1.000000
vt 0.000000 0.000000
vt 1.000000 0.000000
vt 1.000000 1.000000
vt 0.000000 1.000000
vt 0.000000 0.000000
vt 1.000000 0.000000
vt 1.000000 1.000000
vt 0.000000 1.000000
vt 0.000000 0.000000
vt 1.000000 0.000000
vt 1.000000 1.000000
vt 0.000000 1.000000
vt 0.500000 1.000000
vt 0.000000 0.000000
vt 1.000000 0.000000
vt 0.000000 0.000000
vt 1.000000 0.000000
vt 1.000000 1.000000
vt 0.000000 1.000000
vt 0.500000 1.000000
vt 0.000000 0.000000
vt 1.000000 0.000000
vt 0.000000 0.000000
vt 1.000000 0.000000
vt 1.000000 1.000000
vt 0.000000 1.000000
vt 0.500000 1.000000
vt 0.000000 0.000000
vt 1.000000 0.000000
vt 0.000000 0.000000
vt 1.000000 0.000000
vt 1.000000 1.000000
vt 0.000000 1.000000
vt 0.500000 1.000000
vt 0.000000 0.000000
vt 1.000000 0.000000
vt 0.000000 0.000000
vt 1.000000 0.000000
vt 1.000000 1.000000
vt 0.000000 1.000000
vt 0.500000 1.000000
vt 0.000000 0.000000
vt 1.000000 0.000000
vt 0.000000 0.000000
vt 1.000000 0.000000
vt 1.000000 1.000000
vt 0.000000 1.000000
vt 0.500000 1.000000
vt 0.000000 0.000000
vt 1.000000 0.000000
vt 0.000000 0.000000
vt 1.000000 0.000000
vt 1.000000 1.000000
vt 0.000000 1.000000
vt 0.500000 1.000000
vt 0.000000 0.000000
vt 1.000000 0.000000
vt 0.000000 0.000000
vt 1.000000 0.000000
vt 1.000000 1.000000
vt 0.000000 1.000000
vt 0.500000 1.000000
vt 0.000000 0.000000
vt 1.000000 0.000000
vt 0.000000 0.000000
vt 1.000000 0.000000
vt 1.000000 1.000000
vt 0.000000 1.000000
vt 0.500000 1.000000
vt 0.000000 0.000000
vt 1.000000 0.000000
vt 0.000000 0.000000
vt 1.000000 0.000000
vt 1.000000 1.000000
vt 0.000000 1.000000
vt 0.500000 1.000000
vt 0.000000 0.000000
vt 1.000000 0.000000
vt 0.500000 1.000000
vt 0.000000 0.000000
vt 1.000000 0.000000
vt 0.000000 0.000000
vt 1.000000 0.000000
vt 1.000000 1.000000
vt 0.000000 1.000000
vt 0.500000 1.000000
vt 0.000000 0.000000
vt 1.000000 0.000000
vt 0.500000 1.000000
vt 0.000000 0.000000
vt 1.000000 0.000000
vt 0.000000 0.000000
vt 1.000000 0.000000
vt 1.000000 1.000000
vt 0.000000 1.000000
vt 0.500000 1.000000
vt 0.000000 0.000000
vt 1.000000 0.000000
vt 0.500000 1.000000
vt 0.000000 0.000000
vt 1.000000 0.000000
vt 0.000000 0.000000
vt 1.000000 0.000000
vt 1.000000 1.000000
vt 0.000000 1.000000
vt 0.500000 1.000000
vt 0.000000 0.000000
vt 1.000000 0.000000
vt 0.500000 1.000000
vt 0.000000 0.000000
vt 1.000000 0.000000
vt 0.000000 0.000000
vt 1.000000 0.000000
vt 1.000000 1.000000
vt 0.000000 1.000000
vt 0.500000 1.000000
vt 0.000000 0.000000
vt 1.000000 0.000000
vt 0.500000 1.000000
vt 0.000000 0.000000
vt 1.000000 0.000000
vt 0.000000 0.000000
vt 1.000000 0.000000
vt 1.000000 1.000000
vt 0.000000 1.000000
vt 0.500000 1.000000
vt 0.000000 0.000000
vt 1.000000 0.000000
vt 0.500000 1.000000
vt 0.000000 0.000000
vt 1.000000 0.000000
vt 0.000000 0.000000
vt 1.000000 0.000000
vt 1.000000 1.000000
vt 0.000000 1.000000
vt 0.500000 1.000000
vt 0.000000 0.000000
vt 1.000000 0.000000
vt 0.500000 1.000000
vt 0.000000 0.000000
vt 1.000000 0.000000
vt 0.000000 0.000000
vt 1.000000 0.000000
vt 1.000000 1.000000
vt 0.000000 1.000000
vt 0.500000 1.000000
vt 0.000000 0.000000
vt 1.000000 0.000000
vt 0.500000 1.000000
vt 0.000000 0.000000
vt 1.000000 0.000000
vt 0.000000 0.000000
vt 1.000000 0.000000
vt 1.000000 1.000000
vt 0.000000 1.000000
vt 0.500000 1.000000
vt 0.000000 0.000000
vt 1.000000 0.000000
vt 0.500000 1.000000
vt 0.000000 0.000000
vt 1.000000 0.000000
vt 0.000000 0.000000
vt 1.000000 0.000000
vt 1.000000 1.000000
vt 0.000000 1.000000
vt 0.500000 1.000000
vt 0.000000 0.000000
vt 1.000000 0.000000
vt 0.500000 1.000000
vt 0.000000 0.000000
vt 1.000000 0.000000
vt 0.000000 0.000000
vt 1.000000 0.000000
vt 1.000000 1.000000
vt 0.000000 1.000000
vt 0.500000 1.000000
vt 0.000000 0.000000
vt 1.000000 0.000000
vt 0.500000 1.000000
vt 0.000000 0.000000
vt 1.000000 0.000000
vt 0.000000 0.000000
vt 1.000000 0.000000
vt 1.000000 1.000000
vt 0.000000 1.000000
vt 0.500000 1.000000
vt 0.000000 0.000000
vt 1.000000 0.000000
vt 0.500000 1.000000
vt 0.000000 0.000000
vt 1.000000 0.000000
vt 0.000000 0.000000
vt 1.000000 0.000000
vt 1.000000 1.000000
vt 0.000000 1.000000
vt 0.500000 1.000000
vt 0.000000 0.000000
vt 1.000000 0.000000
vt 0.500000 1.000000
vt 0.000000 0.000000
vt 1.000000 0.000000
vt 0.000000 0.000000
vt 1.000000 0.000000
vt 1.000000 1.000000
vt 0.000000 1.000000
vt 0.500000 1.000000
vt 0.000000 0.000000
vt 1.000000 0.000000
vt 0.500000 1.000000
vt 0.000000 0.000000
vt 1.000000 0.000000
vt 0.000000 0.000000
vt 1.000000 0.000000
vt 1.000000 1.000000
vt 0.000000 1.000000
vt 0.500000 1.000000
vt 0.000000 0.000000
vt 1.000000 0.000000
vt 0.500000 1.000000
vt 0.000000 0.000000
vt 1.000000 0.000000
vt 0.000000 0.000000
vt 1.000000 0.000000
vt 1.000000 1.000000
vt 0.000000 1.000000
vt 0.500000 1.000000
vt 0.000000 0.000000
vt 1.000000 0.000000
vt 0.500000 1.000000
vt 0.000000 0.000000
vt 1.000000 0.000000
vt 0.000000 0.000000
vt 1.000000 0.000000
vt 1.000000 1.000000
vt 0.000000 1.000000
vt 0.500000 1.000000
vt 0.000000 0.000000
vt 1.000000 0.000000
vt 0.500000 1.000000
vt 0.000000 0.000000
vt 1.000000 0.000000
vt 0.000000 0.000000
vt 1.000000 0.000000
vt 1.000000 1.000000
vt 0.000000 1.000000
vt 0.500000 1.000000
vt 0.000000 0.000000
vt 1.000000 0.000000
vt 0.500000 1.000000
vt 0.000000 0.000000
vt 1.000000 0.000000
vt 0.000000 0.000000
vt 1.000000 0.000000
vt 1.000000 1.000000
vt 0.000000 1.000000
vt 0.500000 1.000000
vt 0.000000 0.000000
vt 1.000000 0.000000
vt 0.500000 1.000000
vt 0.000000 0.000000
vt 1.000000 0.000000
vt 0.000000 0.000000
vt 1.000000 0.000000
vt 1.000000 1.000000
vt 0.000000 1.000000
vt 0.500000 1.000000
vt 0.000000 0.000000
vt 1.000000 0.000000
vt 0.500000 1.000000
vt 0.000000 0.000000
vt 1.000000 0.000000
vt 0.000000 0.000000
vt 1.000000 0.000000
vt 1.000000 1.000000
vt 0.000000 1.000000
vt 0.500000 1.000000
vt 0.000000 0.000000
vt 1.000000 0.000000
vt 0.500000 1.000000
vt 0.000000 0.000000
vt 1.000000 0.000000
vt 0.000000 0.000000
vt 1.000000 0.000000
vt 1.000000 1.000000
vt 0.000000 1.000000
vt 0.500000 1.000000
vt 0.000000 0.000000
vt 1.000000 0.000000
vt 0.500000 1.000000
vt 0.000000 0.000000
vt 1.000000 0.000000
vt 0.000000 0.000000
vt 1.000000 0.000000
vt 1.000000 1.000000
vt 0.000000 1.000000
vt 0.500000 1.000000
vt 0.000000 0.000000
vt 1.000000 0.000000
vt 0.500000 1.000000
vt 0.000000 0.000000
vt 1.000000 0.000000
vt 0.000000 0.000000
vt 1.000000 0.000000
vt 1.000000 1.000000
vt 0.000000 1.000000
vt 0.500000 1.000000
vt 0.000000 0.000000
vt 1.000000 0.000000
vt 0.500000 1.000000
vt 0.000000 0.000000
vt 1.000000 0.000000
vt 0.000000 0.000000
vt 1.000000 0.000000
vt 1.000000 1.000000
vt 0.000000 1.000000
vt 0.500000 1.000000
vt 0.000000 0.000000
vt 1.000000 0.000000
vt 0.500000 1.000000
vt 0.000000 0.000000
vt 1.000000 0.000000
vt 0.000000 0.000000
vt 1.000000 0.000000
vt 1.000000 1.000000
vt 0.000000 1.000000
vt 0.500000 1.000000
vt 0.000000 0.000000
vt 1.000000 0.000000
vt 0.500000 1.000000
vt 0.000000 0.000000
vt 1.000000 0.000000
vt 0.000000 0.000000
vt 1.000000 0.000000
vt 1.000000 1.000000
vt 0.000000 1.000000
vt 0.500000 1.000000
vt 0.000000 0.000000
vt 1.000000 0.000000
vt 0.500000 1.000000
vt 0.000000 0.000000
vt 1.000000 0.000000
vt 0.000000 0.000000
vt 1.000000 0.000000
vt 1.000000 1.000000
vt 0.000000 1.000000
vt 0.500000 1.000000
vt 0.000000 0.000000
vt 1.000000 0.000000
vt 0.500000 1.000000
vt 0.000000 0.000000
vt 1.000000 0.000000
vt 0.000000 0.000000
vt 1.000000 0.000000
vt 1.000000 1.000000
vt 0.000000 1.000000
vt 0.500000 1.000000
vt 0.000000 0.000000
vt 1.000000 0.000000
vt 0.500000 1.000000
vt 0.000000 0.000000
vt 1.000000 0.000000
vt 0.000000 0.000000
vt 1.000000 0.000000
vt 1.000000 1.000000
vt 0.000000 1.000000
vt 0.500000 1.000000
vt 0.000000 0.000000
vt 1.000000 0.000000
vt 0.500000 1.000000
vt 0.000000 0.000000
vt 1.000000 0.000000
vt 0.000000 0.000000
vt 1.000000 0.000000
vt 1.000000 1.000000
vt 0.000000 1.000000
vt 0.500000 1.000000
vt 0.000000 0.000000
vt 1.000000 0.000000
vt 0.500000 1.000000
vt 0.000000 0.000000
vt 1.000000 0.000000
vt 0.000000 0.000000
vt 1.000000 0.000000
vt 1.000000 1.000000
vt 0.000000 1.000000
vt 0.500000 1.000000
vt 0.000000 0.000000
vt 1.000000 0.000000
vt 0.500000 1.000000
vt 0.000000 0.000000
vt 1.000000 0.000000
vt 0.000000 0.000000
vt 1.000000 0.000000
vt 1.000000 1.000000
vt 0.000000 1.000000
vt 0.500000 1.000000
vt 0.000000 0.000000
vt 1.000000 0.000000
vt 0.500000 1.000000
vt 0.000000 0.000000
vt 1.000000 0.000000
vt 0.000000 0.000000
vt 1.000000 0.000000
vt 1.000000 1.000000
vt 0.000000 1.000000
vt 0.500000 1.000000
vt 0.000000 0.000000
vt 1.000000 0.000000
vt 0.500000 1.000000
vt 0.000000 0.000000
vt 1.000000 0.000000
vt 0.000000 0.000000
vt 1.000000 0.000000
vt 1.000000 1.000000
vt 0.000000 1.000000
vt 0.500000 1.000000
vt 0.000000 0.000000
vt 1.000000 0.000000
vt 0.500000 1.000000
vt 0.000000 0.000000
vt 1.000000 0.000000
vt 0.000000 0.000000
vt 1.000000 0.000000
vt 1.000000 1.000000
vt 0.000000 1.000000
vt 0.500000 1.000000
vt 0.000000 0.000000
vt 1.000000 0.000000
vt 0.500000 1.000000
vt 0.000000 0.000000
vt 1.000000 0.000000
vt 0.000000 0.000000
vt 1.000000 0.000000
vt 1.000000 1.000000
vt 0.000000 1.000000
vt 0.500000 1.000000
vt 0.000000 0.000000
vt 1.000000 0.000000
vt 0.500000 1.000000
vt 0.000000 0.000000
vt 1.000000 0.000000
vt 0.000000 0.000000
vt 1.000000 0.000000
vt 1.000000 1.000000
vt 0.000000 1.000000
vt 0.500000 1.000000
vt 0.000000 0.000000
vt 1.000000 0.000000
vt 0.500000 1.000000
vt 0.000000 0.000000
vt 1.000000 0.000000
vt 0.000000 0.000000
vt 1.000000 0.000000
vt 1.000000 1.000000
vt 0.000000 1.000000
vt 0.500000 1.000000
vt 0.000000 0.000000
vt 1.000000 0.000000
vt 0.500000 1.000000
vt 0.000000 0.000000
vt 1.000000 0.000000
vt 0.000000 0.000000
vt 1.000000 0.000000
vt 1.000000 1.000000
vt 0.000000 1.000000
vt 0.500000 1.000000
vt 0.000000 0.000000
vt 1.000000 0.000000
vt 0.500000 1.000000
vt 0.000000 0.000000
vt 1.000000 0.000000
vt 0.000000 0.000000
vt 1.000000 0.000000
vt 1.000000 1.000000
vt 0.000000 1.000000
vt 0.500000 1.000000
vt 0.000000 0.000000
vt 1.000000 0.000000
vt 0.500000 1.000000
vt 0.000000 0.000000
vt 1.000000 0.000000
vt 0.000000 0.000000
vt 1.000000 0.000000
vt 1.000000 1.000000
vt 0.000000 1.000000
vt 0.500000 1.000000
vt 0.000000 0.000000
vt 1.000000 0.000000
vt 0.500000 1.000000
vt 0.000000 0.000000
vt 1.000000 0.000000
vt 0.000000 0.000000
vt 1.000000 0.000000
vt 1.000000 1.000000
vt 0.000000 1.000000
vt 0.500000 1.000000
vt 0.000000 0.000000
vt 1.000000 0.000000
vt 0.500000 1.000000
vt 0.000000 0.000000
vt 1.000000 0.000000
vt 0.000000 0.000000
vt 1.000000 0.000000
vt 1.000000 1.000000
vt 0.000000 1.000000
vt 0.500000 1.000000
vt 0.000000 0.000000
vt 1.000000 0.000000
vt 0.500000 1.000000
vt 0.000000 0.000000
vt 1.000000 0.000000
vt 0.000000 0.000000
vt 1.000000 0.000000
vt 1.000000 1.000000
vt 0.000000 1.000000
vt 0.500000 1.000000
vt 0.000000 0.000000
vt 1.000000 0.000000
vt 0.500000 1.000000
vt 0.000000 0.000000
vt 1.000000 0.000000
vt 0.000000 0.000000
vt 1.000000 0.000000
vt 1.000000 1.000000
vt 0.000000 1.000000
vt 0.500000 1.000000
vt 0.000000 0.000000
vt 1.000000 0.000000
vt 0.500000 1.000000
vt 0.000000 0.000000
vt 1.000000 0.000000
vt 0.000000 0.000000
vt 1.000000 0.000000
vt 1.000000 1.000000
vt 0.000000 1.000000
vt 0.500000 1.000000
vt 0.000000 0.000000
vt 1.000000 0.000000
vt 0.500000 1.000000
vt 0.000000 0.000000
vt 1.000000 0.000000
vt 0.000000 0.000000
vt 1.000000 0.000000
vt 1.000000 1.000000
vt 0.000000 1.000000
vt 0.500000 1.000000
vt 0.000000 0.000000
vt 1.000000 0.000000
vt 0.500000 1.000000
vt 0.000000 0.000000
vt 1.000000 0.000000
vt 0.000000 0.000000
vt 1.000000 0.000000
vt 1.000000 1.000000
vt 0.000000 1.000000
vt 0.500000 1.000000
vt 0.000000 0.000000
vt 1.000000 0.000000
vt 0.000000 0.000000
vt 1.000000 0.000000
vt 1.000000 1.000000
vt 0.000000 1.000000
vt 0.500000 1.000000
vt 0.000000 0.000000
vt 1.000000 0.000000
vt 0.000000 0.000000
vt 1.000000 0.000000
vt 1.000000 1.000000
vt 0.000000 1.000000
vt 0.500000 1.000000
vt 0.000000 0.000000
vt 1.000000 0.000000
vt 0.000000 0.000000
vt 1.000000 0.000000
vt 1.000000 1.000000
vt 0.000000 1.000000
vt 0.500000 1.000000
vt 0.000000 0.000000
vt 1.000000 0.000000
vt 0.000000 0.000000
vt 1.000000 0.000000
vt 1.000000 1.000000
vt 0.000000 1.000000
vt 0.500000 1.000000
vt 0.000000 0.000000
vt 1.000000 0.000000
vt 0.000000 0.000000
vt 1.000000 0.000000
vt 1.000000 1.000000
vt 0.000000 1.000000
vt 0.500000 1.000000
vt 0.000000 0.000000
vt 1.000000 0.000000
vt 0.000000 0.000000
vt 1.000000 0.000000
vt 1.000000 1.000000
vt 0.000000 1.000000
vt 0.500000 1.000000
vt 0.000000 0.000000
vt 1.000000 0.000000
vt 0.000000 0.000000
vt 1.000000 0.000000
vt 1.000000 1.000000
vt 0.000000 1.000000
vt 0.500000 1.000000
vt 0.000000 0.000000
vt 1.000000 0.000000
vt 0.000000 0.000000
vt 1.000000 0.000000
vt 1.000000 1.000000
vt 0.000000 1.000000
vt 0.500000 1.000000
vt 0.000000 0.000000
vt 1.000000 0.000000
vt 0.000000 0.000000
vt 1.000000 0.000000
vt 1.000000 1.000000
vt 0.000000 1.000000
vt 0.500000 1.000000
vt 0.000000 0.000000
vt 1.000000 0.000000
vt 0.000000 0.000000
vt 1.000000 0.000000
vt 1.000000 1.000000
vt 0.000000 1.000000
vt 0.500000 1.000000
vt 0.000000 0.000000
vt 1.000000 0.000000
vt 0.000000 0.000000
vt 1.000000 0.000000
vt 1.000000 1.000000
vt 0.000000 1.000000
vt 0.500000 1.000000
vt 0.000000 0.000000
vt 1.000000 0.000000
vt 0.000000 0.000000
vt 1.000000 0.000000
vt 1.000000 1.000000
vt 0.000000 1.000000
vt 0.500000 1.000000
vt 0.000000 0.000000
vt 1.000000 0.000000
vt 0.000000 0.000000
vt 1.000000 0.000000
vt 1.000000 1.000000
vt 0.000000 1.000000
vt 0.500000 1.000000
vt 0.000000 0.000000
vt 1.000000 0.000000
vt 0.000000 0.000000
vt 1.000000 0.000000
vt 1.000000 1.000000
vt 0.000000 1.000000
vt 0.500000 1.000000
vt 0.000000 0.000000
vt 1.000000 0.000000
vt 0.000000 0.000000
vt 1.000000 0.000000
vt 1.000000 1.000000
vt 0.000000 1.000000
vt 0.500000 1.000000
vt 0.000000 0.000000
vt 1.000000 0.000000
vt 0.000000 0.000000
vt 1.000000 0.000000
vt 1.000000 1.000000
vt 0.000000 1.000000
vt 0.500000 1.000000
vt 0.000000 0.000000
vt 1.000000 0.000000
vt 0.000000 0.000000
vt 1.000000 0.000000
vt 1.000000 1.000000
vt 0.000000 1.000000
vt 0.500000 1.000000
vt 0.000000 0.000000
vt 1.000000 0.000000
vt 0.000000 0.000000
vt 1.000000 0.000000
vt 1.000000 1.000000
vt 0.000000 1.000000
vt 0.500000 1.000000
vt 0.000000 0.000000
vt 1.000000 0.000000
vt 0.000000 0.000000
vt 1.000000 0.000000
vt 1.000000 1.000000
vt 0.000000 1.000000
vt 0.500000 1.000000
vt 0.000000 0.000000
vt 1.000000 0.000000
vt 0.000000 0.000000
vt 1.000000 0.000000
vt 1.000000 1.000000
vt 0.000000 1.000000
vt 0.500000 1.000000
vt 0.000000 0.000000
vt 1.000000 0.000000
vt 0.000000 0.000000
vt 1.000000 0.000000
vt 1.000000 1.000000
vt 0.000000 1.000000
vt 0.500000 1.000000
vt 0.000000 0.000000
vt 1.000000 0.000000
vt 0.000000 0.000000
vt 1.000000 0.000000
vt 1.000000 1.000000
vt 0.000000 1.000000
vt 0.500000 1.000000
vt 0.000000 0.000000
vt 1.000000 0.000000
vt 0.000000 0.000000
vt 1.000000 0.000000
vt 1.000000 1.000000
vt 0.000000 1.000000
vt 0.500000 1.000000
vt 0.000000 0.000000
vt 1.000000 0.000000
vt 0.000000 0.000000
vt 1.000000 0.000000
vt 1.000000 1.000000
vt 0.000000 1.000000
vt 0.500000 1.000000
vt 0.000000 0.000000
vt 1.000000 0.000000
vt 0.000000 0.000000
vt 1.000000 0.000000
vt 1.000000 1.000000
vt 0.000000 1.000000
vt 0.500000 1.000000
vt 0.000000 0.000000
vt 1.000000 0.000000
vt 0.000000 0.000000
vt 1.000000 0.000000
vt 1.000000 1.000000
vt 0.000000 1.000000
vt 0.500000 1.000000
vt 0.000000 0.000000
vt 1.000000 0.000000
vt 0.000000 0.000000
vt 1.000000 0.000000
vt 1.000000 1.000000
vt 0.000000 1.000000
vt 0.500000 1.000000
vt 0.000000 0.000000
vt 1.000000 0.000000
vt 0.000000 0.000000
vt 1.000000 0.000000
vt 1.000000 1.000000
vt 0.000000 1.000000
vt 0.500000 1.000000
vt 0.000000 0.000000
vt 1.000000 0.000000
vt 0.000000 0.000000
vt 1.000000 0.000000
vt 1.000000 1.000000
vt 0.000000 1.000000
vt 0.500000 1.000000
vt 0.000000 0.000000
vt 1.000000 0.000000
vt 0.000000 0.000000
vt 1.000000 0.000000
vt 1.000000 1.000000
vt 0.000000 1.000000
vt 0.500000 1.000000
vt 0.000000 0.000000
vt 1.000000 0.000000
vt 0.000000 0.000000
vt 1.000000 0.000000
vt 1.000000 1.000000
vt 0.000000 1.000000
vt 0.500000 1.000000
vt 0.000000 0.000000
vt 1.000000 0.000000
vt 0.000000 0.000000
vt 1.000000 0.000000
vt 1.000000 1.000000
vt 0.000000 1.000000
vt 0.500000 1.000000
vt 0.000000 0.000000
vt 1.000000 0.000000
vt 0.000000 0.000000
vt 1.000000 0.000000
vt 1.000000 1.000000
vt 0.000000 1.000000
vt 0.500000 1.000000
vt 0.000000 0.000000
vt 1.000000 0.000000
vt 0.000000 0.000000
vt 1.000000 0.000000
vt 1.000000 1.000000
vt 0.000000 1.000000
vt 0.500000 1.000000
vt 0.000000 0.000000
vt 1.000000 0.000000
vt 0.000000 0.000000
vt 1.000000 0.000000
vt 1.000000 1.000000
vt 0.000000 1.000000
vt 0.500000 1.000000
vt 0.000000 0.000000
vt 1.000000 0.000000
vt 0.000000 0.000000
vt 1.000000 0.000000
vt 1.000000 1.000000
vt 0.000000 1.000000
vt 0.500000 1.000000
vt 0.000000 0.000000
vt 1.000000 0.000000
vt 0.000000 0.000000
vt 1.000000 0.000000
vt 1.000000 1.000000
vt 0.000000 1.000000
vt 0.500000 1.000000
vt 0.000000 0.000000
vt 1.000000 0.000000
vt 0.000000 0.000000
vt 1.000000 0.000000
vt 1.000000 1.000000
vt 0.000000 1.000000
vt 0.500000 1.000000
vt 0.000000 0.000000
vt 1.000000 0.000000
vt 0.000000 0.000000
vt 1.000000 0.000000
vt 1.000000 1.000000
vt 0.000000 1.000000
vt 0.500000 1.000000
vt 0.000000 0.000000
vt 1.000000 0.000000
vt 0.000000 0.000000
vt 1.000000 0.000000
vt 1.000000 1.000000
vt 0.000000 1.000000
vt 0.500000 1.000000
vt 0.000000 0.000000
vt 1.000000 0.000000
vt 0.000000 0.000000
vt 1.000000 0.000000
vt 1.000000 1.000000
vt 0.000000 1.000000
vt 0.500000 1.000000
vt 0.000000 0.000000
vt 1.000000 0.000000
vt 0.000000 0.000000
vt 1.000000 0.000000
vt 1.000000 1.000000
vt 0.000000 1.000000
vt 0.500000 1.000000
vt 0.000000 0.000000
vt 1.000000 0.000000
vt 0.000000 0.000000
vt 1.000000 0.000000
vt 1.000000 1.000000
vt 0.000000 1.000000
vt 0.500000 1.000000
vt 0.000000 0.000000
vt 1.000000 0.000000
vt 0.000000 0.000000
vt 1.000000 0.000000
vt 1.000000 1.000000
vt 0.000000 1.000000
vt 0.500000 1.000000
vt 0.000000 0.000000
vt 1.000000 0.000000
vt 0.000000 0.000000
vt 1.000000 0.000000
vt 1.000000 1.000000
vt 0.000000 1.000000
vt 0.500000 1.000000
vt 0.000000 0.000000
vt 1.000000 0.000000
vt 0.000000 0.000000
vt 1.000000 0.000000
vt 1.000000 1.000000
vt 0.000000 1.000000
vt 0.500000 1.000000
vt 0.000000 0.000000
vt 1.000000 0.000000
vt 0.000000 0.000000
vt 1.000000 0.000000
vt 1.000000 1.000000
vt 0.000000 1.000000
vt 0.500000 1.000000
vt 0.000000 0.000000
vt 1.000000 0.000000
vt 0.000000 0.000000
vt 1.000000 0.000000
vt 1.000000 1.000000
vt 0.000000 1.000000
vt 0.500000 1.000000
vt 0.000000 0.000000
vt 1.000000 0.000000
vt 0.000000 0.000000
vt 1.000000 0.000000
vt 1.000000 1.000000
vt 0.000000 1.000000
vt 0.500000 1.000000
vt 0.000000 0.000000
vt 1.000000 0.000000
vt 0.000000 0.000000
vt 1.000000 0.000000
vt 1.000000 1.000000
vt 0.000000 1.000000
vt 0.500000 1.000000
vt 0.000000 0.000000
vt 1.000000 0.000000
vt 0.000000 0.000000
vt 1.000000 0.000000
vt 1.000000 1.000000
vt 0.000000 1.000000
vt 0.500000 1.000000
vt 0.000000 0.000000
vt 1.000000 0.000000
vt 0.000000 0.000000
vt 1.000000 0.000000
vt 1.000000 1.000000
vt 0.000000 1.000000
vt 0.500000 1.000000
vt 0.000000 0.000000
vt 1.000000 0.000000
vt 0.000000 0.000000
vt 1.000000 0.000000
vt 1.000000 1.000000
vt 0.000000 1.000000
vt 0.500000 1.000000
vt 0.000000 0.000000
vt 1.000000 0.000000
vt 0.000000 0.000000
vt 1.000000 0.000000
vt 1.000000 1.000000
vt 0.000000 1.000000
vt 0.500000 1.000000
vt 0.000000 0.000000
vt 1.000000 0.000000
vt 0.000000 0.000000
vt 1.000000 0.000000
vt 1.000000 1.000000
vt 0.000000 1.000000
vt 0.500000 1.000000
vt 0.000000 0.000000
vt 1.000000 0.000000
vt 0.000000 0.000000
vt 1.000000 0.000000
vt 1.000000 1.000000
vt 0.000000 1.000000
vt 0.500000 1.000000
vt 0.000000 0.000000
vt 1.000000 0.000000
vt 0.000000 0.000000
vt 1.000000 0.000000
vt 1.000000 1.000000
vt 0.000000 1.000000
vt 0.500000 1.000000
vt 0.000000 0.000000
vt 1.000000 0.000000
vt 0.000000 0.000000
vt 1.000000 0.000000
vt 1.000000 1.000000
vt 0.000000 1.000000
vt 0.500000 1.000000
vt 0.000000 0.000000
vt 1.000000 0.000000
vt 0.000000 0.000000
vt 1.000000 0.000000
vt 1.000000 1.000000
vt 0.000000 1.000000
vt 0.500000 1.000000
vt 0.000000 0.000000
vt 1.000000 0.000000
vt 0.000000 0.000000
vt 1.000000 0.000000
vt 1.000000 1.000000
vt 0.000000 1.000000
vt 0.500000 1.000000
vt 0.000000 0.000000
vt 1.000000 0.000000
vt 0.000000 0.000000
vt 1.000000 0.000000
vt 1.000000 1.000000
vt 0.000000 1.000000
vt 0.500000 1.000000
vt 0.000000 0.000000
vt 1.000000 0.000000
vt 0.000000 0.000000
vt 1.000000 0.000000
vt 1.000000 1.000000
vt 0.000000 1.000000
vt 0.500000 1.000000
vt 0.000000 0.000000
vt 1.000000 0.000000
vt 0.000000 0.000000
vt 1.000000 0.000000
vt 1.000000 1.000000
vt 0.000000 1.000000
vt 0.500000 1.000000
vt 0.000000 0.000000
vt 1.000000 0.000000
vt 0.000000 0.000000
vt 1.000000 0.000000
vt 1.000000 1.000000
vt 0.000000 1.000000
vt 0.500000 1.000000
vt 0.000000 0.000000
vt 1.000000 0.000000
vt 0.000000 0.000000
vt 1.000000 0.000000
vt 1.000000 1.000000
vt 0.000000 1.000000
vt 0.500000 1.000000
vt 0.000000 0.000000
vt 1.000000 0.000000
vt 0.000000 0.000000
vt 1.000000 0.000000
vt 1.000000 1.000000
vt 0.000000 1.000000
vt 0.500000 1.000000
vt 0.000000 0.000000
vt 1.000000 0.000000
vt 0.000000 0.000000
vt 1.000000 0.000000
vt 1.000000 1.000000
vt 0.000000 1.000000
vt 0.500000 1.000000
vt 0.000000 0.000000
vt 1.000000 0.000000
vt 0.000000 0.000000
vt 1.000000 0.000000
vt 1.000000 1.000000
vt 0.000000 1.000000
vt 0.500000 1.000000
vt 0.000000 0.000000
vt 1.000000 0.000000
vt 0.000000 0.000000
vt 1.000000 0.000000
vt 1.000000 1.000000
vt 0.000000 1.000000
vt 0.500000 1.000000
vt 0.000000 0.000000
vt 1.000000 0.000000
vt 0.000000 0.000000
vt 1.000000 0.000000
vt 1.000000 1.000000
vt 0.000000 1.000000
vt 0.500000 1.000000
vt 0.000000 0.000000
vt 1.000000 0.000000
vt 0.000000 0.000000
vt 1.000000 0.000000
vt 1.000000 1.000000
vt 0.000000 1.000000
vt 0.500000 1.000000
vt 0.000000 0.000000
vt 1.000000 0.000000
vt 0.000000 0.000000
vt 1.000000 0.000000
vt 1.000000 1.000000
vt 0.000000 1.000000
vt 0.500000 1.000000
vt 0.000000 0.000000
vt 1.000000 0.000000
vt 0.000000 0.000000
vt 1.000000 0.000000
vt 1.000000 1.000000
vt 0.000000 1.000000
vt 0.500000 1.000000
vt 0.000000 0.000000
vt 1.000000 0.000000
vt 0.000000 0.000000
vt 1.000000 0.000000
vt 1.000000 1.000000
vt 0.000000 1.000000
vt 0.500000 1.000000
vt 0.000000 0.000000
vt 1.000000 0.000000
vt 0.000000 0.000000
vt 1.000000 0.000000
vt 1.000000 1.000000
vt 0.000000 1.000000
vt 0.500000 1.000000
vt 0.000000 0.000000
vt 1.000000 0.000000
vt 0.000000 0.000000
vt 1.000000 0.000000
vt 1.000000 1.000000
vt 0.000000 1.000000
vt 0.500000 1.000000
vt 0.000000 0.000000
vt 1.000000 0.000000
vt 0.000000 0.000000
vt 1.000000 0.000000
vt 1.000000 1.000000
vt 0.000000 1.000000
vt 0.500000 1.000000
vt 0.000000 0.000000
vt 1.000000 0.000000
vt 0.000000 0.000000
vt 1.000000 0.000000
vt 1.000000 1.000000
vt 0.000000 1.000000
vt 0.500000 1.000000
vt 0.000000 0.000000
vt 1.000000 0.000000
vt 0.000000 0.000000
vt 1.000000 0.000000
vt 1.000000 1.000000
vt 0.000000 1.000000
vt 0.500000 1.000000
vt 0.000000 0.000000
vt 1.000000 0.000000
vt 0.000000 0.000000
vt 1.000000 0.000000
vt 1.000000 1.000000
vt 0.000000 1.000000
vt 0.500000 1.000000
vt 0.000000 0.000000
vt 1.000000 0.000000
vt 0.000000 0.000000
vt 1.000000 0.000000
vt 1.000000 1.000000
vt 0.000000 1.000000
vt 0.500000 1.000000
vt 0.000000 0.000000
vt 1.000000 0.000000
vt 0.000000 0.000000
vt 1.000000 0.000000
vt 1.000000 1.000000
vt 0.000000 1.000000
vt 0.500000 1.000000
vt 0.000000 0.000000
vt 1.000000 0.000000
vt 0.000000 0.000000
vt 1.000000 0.000000
vt 1.000000 1.000000
vt 0.000000 1.000000
vt 0.500000 1.000000
vt 0.000000 0.000000
vt 1.000000 0.000000
vt 0.000000 0.000000
vt 1.000000 0.000000
vt 1.000000 1.000000
vt 0.000000 1.000000
vt 0.500000 1.000000
vt 0.000000 0.000000
vt 1.000000 0.000000
vt 0.000000 0.000000
vt 1.000000 0.000000
vt 1.000000 1.000000
vt 0.000000 1.000000
vt 0.500000 1.000000
vt 0.000000 0.000000
vt 1.000000 0.000000
vt 0.000000 0.000000
vt 1.000000 0.000000
vt 1.000000 1.000000
vt 0.000000 1.000000
vt 0.500000 1.000000
vt 0.000000 0.000000
vt 1.000000 0.000000
vt 0.000000 0.000000
vt 1.000000 0.000000
vt 1.000000 1.000000
vt 0.000000 1.000000
vt 0.500000 1.000000
vt 0.000000 0.000000
vt 1.000000 0.000000
vt 0.000000 0.000000
vt 1.000000 0.000000
vt 1.000000 1.000000
vt 0.000000 1.000000
vt 0.500000 1.000000
vt 0.000000 0.000000
vt 1.000000 0.000000
vt 0.000000 0.000000
vt 1.000000 0.000000
vt 1.000000 1.000000
vt 0.000000 1.000000
vt 0.500000 1.000000
vt 0.000000 0.000000
vt 1.000000 0.000000
vt 0.000000 0.000000
vt 1.000000 0.000000
vt 1.000000 1.000000
vt 0.000000 1.000000
vt 0.500000 1.000000
vt 0.000000 0.000000
vt 1.000000 0.000000
vt 0.000000 0.000000
vt 1.000000 0.000000
vt 1.000000 1.000000
vt 0.000000 1.000000
vt 0.500000 1.000000
vt 0.000000 0.000000
vt 1.000000 0.000000
vt 0.000000 0.000000
vt 1.000000 0.000000
vt 1.000000 1.000000
vt 0.000000 1.000000
vt 0.500000 1.000000
vt 0.000000 0.000000
vt 1.000000 0.000000
vt 0.000000 0.000000
vt 1.000000 0.000000
vt 1.000000 1.000000
vt 0.000000 1.000000
vt 0.500000 1.000000
vt 0.000000 0.000000
vt 1.000000 0.000000
vt 0.000000 0.000000
vt 1.000000 0.000000
vt 1.000000 1.000000
vt 0.000000 1.000000
vt 0.500000 1.000000
vt 0.000000 0.000000
vt 1.000000 0.000000
vt 0.000000 0.000000
vt 1.000000 0.000000
vt 1.000000 1.000000
vt 0.000000 1.000000
vt 0.500000 1.000000
vt 0.000000 0.000000
vt 1.000000 0.000000
vt 0.000000 0.000000
vt 1.000000 0.000000
vt 1.000000 1.000000
vt 0.000000 1.000000
vt 0.500000 1.000000
vt 0.000000 0.000000
vt 1.000000 0.000000
vt 0.000000 0.000000
vt 1.000000 0.000000
vt 1.000000 1.000000
vt 0.000000 1.000000
vt 0.500000 1.000000
vt 0.000000 0.000000
vt 1.000000 0.000000
vt 0.000000 0.000000
vt 1.000000 0.000000
vt 1.000000 1.000000
vt 0.000000 1.000000
vt 0.500000 1.000000
vt 0.000000 0.000000
vt 1.000000 0.000000
vt 0.000000 0.000000
vt 1.000000 0.000000
vt 1.000000 1.000000
vt 0.000000 1.000000
vt 0.500000 1.000000
vt 0.000000 0.000000
vt 1.000000 0.000000
vt 0.000000 0.000000
vt 1.000000 0.000000
vt 1.000000 1.000000
vt 0.000000 1.000000
vt 0.500000 1.000000
vt 0.000000 0.000000
vt 1.000000 0.000000
vt 0.000000 0.000000
vt 1.000000 0.000000
vt 1.000000 1.000000
vt 0.000000 1.000000
vt 0.500000 1.000000
vt 0.000000 0.000000
vt 1.000000 0.000000
vt 0.000000 0.000000
vt 1.000000 0.000000
vt 1.000000 1.000000
vt 0.000000 1.000000
vt 0.500000 1.000000
vt 0.000000 0.000000
vt 1.000000 0.000000
vt 0.000000 0.000000
vt 1.000000 0.000000
vt 1.000000 1.000000
vt 0.000000 1.000000
vt 0.500000 1.000000
vt 0.000000 0.000000
vt 1.000000 0.000000
vt 0.000000 0.000000
vt 1.000000 0.000000
vt 1.000000 1.000000
vt 0.000000 1.000000
vt 0.500000 1.000000
vt 0.000000 0.000000
vt 1.000000 0.000000
vt 0.000000 0.000000
vt 1.000000 0.000000
vt 1.000000 1.000000
vt 0.000000 1.000000
vt 0.500000 1.000000
vt 0.000000 0.000000
vt 1.000000 0.000000
vt 0.000000 0.000000
vt 1.000000 0.000000
vt 1.000000 1.000000
vt 0.000000 1.000000
vt 0.500000 1.000000
vt 0.000000 0.000000
vt 1.000000 0.000000
vt 0.000000 0.000000
vt 1.000000 0.000000
vt 1.000000 1.000000
vt 0.000000 1.000000
vt 0.500000 1.000000
vt 0.000000 0.000000
vt 1.000000 0.000000
vt 0.000000 0.000000
vt 1.000000 0.000000
vt 1.000000 1.000000
vt 0.000000 1.000000
vt 0.500000 1.000000
vt 0.000000 0.000000
vt 1.000000 0.000000
vt 0.000000 0.000000
vt 1.000000 0.000000
vt 1.000000 1.000000
vt 0.000000 1.000000
vt 0.500000 1.000000
vt 0.000000 0.000000
vt 1.000000 0.000000
vt 0.000000 0.000000
vt 1.000000 0.000000
vt 1.000000 1.000000
vt 0.000000 1.000000
vt 0.500000 1.000000
vt 0.000000 0.000000
vt 1.000000 0.000000
vt 0.000000 0.000000
vt 1.000000 0.000000
vt 1.000000 1.000000
vt 0.000000 1.000000
vt 0.500000 1.000000
vt 0.000000 0.000000
vt 1.000000 0.000000
vt 0.000000 0.000000
vt 1.000000 0.000000
vt 1.000000 1.000000
vt 0.000000 1.000000
vt 0.500000 1.000000
vt 0.000000 0.000000
vt 1.000000 0.000000
vt 0.000000 0.000000
vt 1.000000 0.000000
vt 1.000000 1.000000
vt 0.000000 1.000000
vt 0.500000 1.000000
vt 0.000000 0.000000
vt 1.000000 0.000000
vt 0.000000 0.000000
vt 1.000000 0.000000
vt 1.000000 1.000000
vt 0.000000 1.000000
vt 0.500000 1.000000
vt 0.000000 0.000000
vt 1.000000 0.000000
vt 0.000000 0.000000
vt 1.000000 0.000000
vt 1.000000 1.000000
vt 0.000000 1.000000
vt 0.500000 1.000000
vt 0.000000 0.000000
vt 1.000000 0.000000
vt 0.000000 0.000000
vt 1.000000 0.000000
vt 1.000000 1.000000
vt 0.000000 1.000000
vt 0.500000 1.000000
vt 0.000000 0.000000
vt 1.000000 0.000000
vt 0.000000 0.000000
vt 1.000000 0.000000
vt 1.000000 1.000000
vt 0.000000 1.000000
vt 0.500000 1.000000
vt 0.000000 0.000000
vt 1.000000 0.000000
vt 0.000000 0.000000
vt 1.000000 0.000000
vt 1.000000 1.000000
vt 0.000000 1.000000
vt 0.500000 1.000000
vt 0.000000 0.000000
vt 1.000000 0.000000
vt 0.000000 0.000000
vt 1.000000 0.000000
vt 1.000000 1.000000
vt 0.000000 1.000000
vt 0.500000 1.000000
vt 0.000000 0.000000
vt 1.000000 0.000000
vt 0.000000 0.000000
vt 1.000000 0.000000
vt 1.000000 1.000000
vt 0.000000 1.000000
vt 0.500000 1.000000
vt 0.000000 0.000000
vt 1.000000 0.000000
vt 0.000000 0.000000
vt 1.000000 0.000000
vt 1.000000 1.000000
vt 0.000000 1.000000
vt 0.500000 1.000000
vt 0.000000 0.000000
vt 1.000000 0.000000
vt 0.000000 0.000000
vt 1.000000 0.000000
vt 1.000000 1.000000
vt 0.000000 1.000000
vt 0.500000 1.000000
vt 0.000000 0.000000
vt 1.000000 0.000000
vt 0.000000 0.000000
vt 1.000000 0.000000
vt 1.000000 1.000000
vt 0.000000 1.000000
vt 0.500000 1.000000
vt 0.000000 0.000000
vt 1.000000 0.000000
vt 0.000000 0.000000
vt 1.000000 0.000000
vt 1.000000 1.000000
vt 0.000000 1.000000
vt 0.500000 1.000000
vt 0.000000 0.000000
vt 1.000000 0.000000
vt 0.000000 0.000000
vt 1.000000 0.000000
vt 1.000000 1.000000
vt 0.000000 1.000000
vt 0.500000 1.000000
vt 0.000000 0.000000
vt 1.000000 0.000000
vt 0.000000 0.000000
vt 1.000000 0.000000
vt 1.000000 1.000000
vt 0.000000 1.000000
vt 0.500000 1.000000
vt 0.000000 0.000000
vt 1.000000 0.000000
vt 0.000000 0.000000
vt 1.000000 0.000000
vt 1.000000 1.000000
vt 0.000000 1.000000
vt 0.500000 1.000000
vt 0.000000 0.000000
vt 1.000000 0.000000
vt 0.000000 0.000000
vt 1.000000 0.000000
vt 1.000000 1.000000
vt 0.000000 1.000000
vt 0.500000 1.000000
vt 0.000000 0.000000
vt 1.000000 0.000000
vt 0.000000 0.000000
vt 1.000000 0.000000
vt 1.000000 1.000000
vt 0.000000 1.000000
vt 0.500000 1.000000
vt 0.000000 0.000000
vt 1.000000 0.000000
vt 0.000000 0.000000
vt 1.000000 0.000000
vt 1.000000 1.000000
vt 0.000000 1.000000
vt 0.500000 1.000000
vt 0.000000 0.000000
vt 1.000000 0.000000
vt 0.000000 0.000000
vt 1.000000 0.000000
vt 1.000000 1.000000
vt 0.000000 1.000000
vt 0.500000 1.000000
vt 0.000000 0.000000
vt 1.000000 0.000000
vt 0.000000 0.000000
vt 1.000000 0.000000
vt 1.000000 1.000000
vt 0.000000 1.000000
vt 0.500000 1.000000
vt 0.000000 0.000000
vt 1.000000 0.000000
vt 0.000000 0.000000
vt 1.000000 0.000000
vt 1.000000 1.000000
vt 0.000000 1.000000
vt 0.500000 1.000000
vt 0.000000 0.000000
vt 1.000000 0.000000
vt 0.000000 0.000000
vt 1.000000 0.000000
vt 1.000000 1.000000
vt 0.000000 1.000000
vt 0.500000 1.000000
vt 0.000000 0.000000
vt 1.000000 0.000000
vt 0.000000 0.000000
vt 1.000000 0.000000
vt 1.000000 1.000000
vt 0.000000 1.000000
vt 0.500000 1.000000
vt 0.000000 0.000000
vt 1.000000 0.000000
vt 0.000000 0.000000
vt 1.000000 0.000000
vt 1.000000 1.000000
vt 0.000000 1.000000
vt 0.500000 1.000000
vt 0.000000 0.000000
vt 1.000000 0.000000
vt 0.000000 0.000000
vt 1.000000 0.000000
vt 1.000000 1.000000
vt 0.000000 1.000000
vt 0.500000 1.000000
vt 0.000000 0.000000
vt 1.000000 0.000000
vt 0.000000 0.000000
vt 1.000000 0.000000
vt 1.000000 1.000000
vt 0.000000 1.000000
vt 0.500000 1.000000
vt 0.000000 0.000000
vt 1.000000 0.000000
vt 0.000000 0.000000
vt 1.000000 0.000000
vt 1.000000 1.000000
vt 0.000000 1.000000
vt 0.500000 1.000000
vt 0.000000 0.000000
vt 1.000000 0.000000
vt 0.000000 0.000000
vt 1.000000 0.000000
vt 1.000000 1.000000
vt 0.000000 1.000000
vt 0.500000 1.000000
vt 0.000000 0.000000
vt 1.000000 0.000000
vt 0.000000 0.000000
vt 1.000000 0.000000
vt 1.000000 1.000000
vt 0.000000 1.000000
vt 0.500000 1.000000
vt 0.000000 0.000000
vt 1.000000 0.000000
vt 0.000000 0.000000
vt 1.000000 0.000000
vt 1.000000 1.000000
vt 0.000000 1.000000
vt 0.500000 1.000000
vt 0.000000 0.000000
vt 1.000000 0.000000
vt 0.000000 0.000000
vt 1.000000 0.000000
vt 1.000000 1.000000
vt 0.000000 1.000000
vt 0.500000 1.000000
vt 0.000000 0.000000
vt 1.000000 0.000000
vt 0.000000 0.000000
vt 1.000000 0.000000
vt 1.000000 1.000000
vt 0.000000 1.000000
vt 0.500000 1.000000
vt 0.000000 0.000000
vt 1.000000 0.000000
vt 0.000000 0.000000
vt 1.000000 0.000000
vt 1.000000 1.000000
vt 0.000000 1.000000
vt 0.500000 1.000000
vt 0.000000 0.000000
vt 1.000000 0.000000
vt 0.000000 0.000000
vt 1.000000 0.000000
vt 1.000000 1.000000
vt 0.000000 1.000000
vt 0.500000 1.000000
vt 0.000000 0.000000
vt 1.000000 0.000000
vt 0.000000 0.000000
vt 1.000000 0.000000
vt 1.000000 1.000000
vt 0.000000 1.000000
vt 0.500000 1.000000
vt 0.000000 0.000000
vt 1.000000 0.000000
vt 0.000000 0.000000
vt 1.000000 0.000000
vt 1.000000 1.000000
vt 0.000000 1.000000
vt 0.500000 1.000000
vt 0.000000 0.000000
vt 1.000000 0.000000
vt 0.000000 0.000000
vt 1.000000 0.000000
vt 1.000000 1.000000
vt 0.000000 1.000000
vt 0.500000 1.000000
vt 0.000000 0.000000
vt 1.000000 0.000000
vt 0.000000 0.000000
vt 1.000000 0.000000
vt 1.000000 1.000000
vt 0.000000 1.000000
vt 0.500000 1.000000
vt 0.000000 0.000000
vt 1.000000 0.000000
vt 0.000000 0.000000
vt 1.000000 0.000000
vt 1.000000 1.000000
vt 0.000000 1.000000
vt 0.500000 1.000000
vt 0.000000 0.000000
vt 1.000000 0.000000
vt 0.000000 0.000000
vt 1.000000 0.000000
vt 1.000000 1.000000
vt 0.000000 1.000000
vt 0.500000 1.000000
vt 0.000000 0.000000
vt 1.000000 0.000000
vt 0.000000 0.000000
vt 1.000000 0.000000
vt 1.000000 1.000000
vt 0.000000 1.000000
vt 0.500000 1.000000
vt 0.000000 0.000000
vt 1.000000 0.000000
vt 0.000000 0.000000
vt 1.000000 0.000000
vt 1.000000 1.000000
vt 0.000000 1.000000
vt 0.500000 1.000000
vt 0.000000 0.000000
vt 1.000000 0.000000
vt 0.000000 0.000000
vt 1.000000 0.000000
vt 1.000000 1.000000
vt 0.000000 1.000000
vt 0.500000 1.000000
vt 0.000000 0.000000
vt 1.000000 0.000000
vt 0.000000 0.000000
vt 1.000000 0.000000
vt 1.000000 1.000000
vt 0.000000 1.000000
vt 0.500000 1.000000
vt 0.000000 0.000000
vt 1.000000 0.000000
vt 0.000000 0.000000
vt 1.000000 0.000000
vt 1.000000 1.000000
vt 0.000000 1.000000
vt 0.500000 1.000000
vt 0.000000 0.000000
vt 1.000000 0.000000
vt 0.000000 0.000000
vt 1.000000 0.000000
vt 1.000000 1.000000
vt 0.000000 1.000000
vt 0.500000 1.000000
vt 0.000000 0.000000
vt 1.000000 0.000000
vt 0.000000 0.000000
vt 1.000000 0.000000
vt 1.000000 1.000000
vt 0.000000 1.000000
vt 0.500000 1.000000
vt 0.000000 0.000000
vt 1.000000 0.000000
vt 0.000000 0.000000
vt 1.000000 0.000000
vt 1.000000 1.000000
vt 0.000000 1.000000
vt 0.500000 1.000000
vt 0.000000 0.000000
vt 1.000000 0.000000
vt 0.000000 0.000000
vt 1.000000 0.000000
vt 1.000000 1.000000
vt 0.000000 1.000000
vt 0.500000 1.000000
vt 0.000000 0.000000
vt 1.000000 0.000000
vt 0.000000 0.000000
vt 1.000000 0.000000
vt 1.000000 1.000000
vt 0.000000 1.000000
vt 0.500000 1.000000
vt 0.000000 0.000000
vt 1.000000 0.000000
vt 0.000000 0.000000
vt 1.000000 0.000000
vt 1.000000 1.000000
vt 0.000000 1.000000
vt 0.500000 1.000000
vt 0.000000 0.000000
vt 1.000000 0.000000
vt 0.000000 0.000000
vt 1.000000 0.000000
vt 1.000000 1.000000
vt 0.000000 1.000000
vt 0.500000 1.000000
vt 0.000000 0.000000
vt 1.000000 0.000000
vt 0.000000 0.000000
vt 1.000000 0.000000
vt 1.000000 1.000000
vt 0.000000 1.000000
vt 0.500000 1.000000
vt 0.000000 0.000000
vt 1.000000 0.000000
vt 0.000000 0.000000
vt 1.000000 0.000000
vt 1.000000 1.000000
vt 0.000000 1.000000
vt 0.500000 1.000000
vt 0.000000 0.000000
vt 1.000000 0.000000
vt 0.000000 0.000000
vt 1.000000 0.000000
vt 1.000000 1.000000
vt 0.000000 1.000000
vt 0.500000 1.000000
vt 0.000000 0.000000
vt 1.000000 0.000000
vt 0.500000 1.000000
vt 0.000000 0.000000
vt 1.000000 0.000000
vt 0.000000 0.000000
vt 1.000000 0.000000
vt 1.000000 1.000000
vt 0.000000 1.000000
vt 0.000000 0.000000
vt 1.000000 0.000000
vt 1.000000 1.000000
vt 0.000000 1.000000
vt 0.500000 1.000000
vt 0.000000 0.000000
vt 1.000000 0.000000
vt 0.500000 1.000000
vt 0.000000 0.000000
vt 1.000000 0.000000
vt 0.000000 0.000000
vt 1.000000 0.000000
vt 1.000000 1.000000
vt 0.000000 1.000000
vt 0.000000 0.000000
vt 1.000000 0.000000
vt 1.000000 1.000000
vt 0.000000 1.000000
vt 0.500000 1.000000
vt 0.000000 0.000000
vt 1.000000 0.000000
vt 0.500000 1.000000
vt 0.000000 0.000000
vt 1.000000 0.000000
vt 0.000000 0.000000
vt 1.000000 0.000000
vt 1.000000 1.000000
vt 0.000000 1.000000
vt 0.000000 0.000000
vt 1.000000 0.000000
vt 1.000000 1.000000
vt 0.000000 1.000000
vt 0.500000 1.000000
vt 0.000000 0.000000
vt 1.000000 0.000000
vt 0.500000 1.000000
vt 0.000000 0.000000
vt 1.000000 0.000000
vt 0.000000 0.000000
vt 1.000000 0.000000
vt 1.000000 1.000000
vt 0.000000 1.000000
vt 0.000000 0.000000
vt 1.000000 0.000000
vt 1.000000 1.000000
vt 0.000000 1.000000
vt 0.500000 1.000000
vt 0.000000 0.000000
vt 1.000000 0.000000
vt 0.500000 1.000000
vt 0.000000 0.000000
vt 1.000000 0.000000
vt 0.000000 0.000000
vt 1.000000 0.000000
vt 1.000000 1.000000
vt 0.000000 1.000000
vt 0.000000 0.000000
vt 1.000000 0.000000
vt 1.000000 1.000000
vt 0.000000 1.000000
vt 0.500000 1.000000
vt 0.000000 0.000000
vt 1.000000 0.000000
vt 0.500000 1.000000
vt 0.000000 0.000000
vt 1.000000 0.000000
vt 0.000000 0.000000
vt 1.000000 0.000000
vt 1.000000 1.000000
vt 0.000000 1.000000
vt 0.000000 0.000000
vt 1.000000 0.000000
vt 1.000000 1.000000
vt 0.000000 1.000000
vt 0.500000 1.000000
vt 0.000000 0.000000
vt 1.000000 0.000000
vt 0.500000 1.000000
vt 0.000000 0.000000
vt 1.000000 0.000000
vt 0.000000 0.000000
vt 1.000000 0.000000
vt 1.000000 1.000000
vt 0.000000 1.000000
vt 0.000000 0.000000
vt 1.000000 0.000000
vt 1.000000 1.000000
vt 0.000000 1.000000
vt 0.500000 1.000000
vt 0.000000 0.000000
vt 1.000000 0.000000
vt 0.500000 1.000000
vt 0.000000 0.000000
vt 1.000000 0.000000
vt 0.000000 0.000000
vt 1.000000 0.000000
vt 1.000000 1.000000
vt 0.000000 1.000000
vt 0.000000 0.000000
vt 1.000000 0.000000
vt 1.000000 1.000000
vt 0.000000 1.000000
vt 0.500000 1.000000
vt 0.000000 0.000000
vt 1.000000 0.000000
vt 0.500000 1.000000
vt 0.000000 0.000000
vt 1.000000 0.000000
vt 0.000000 0.000000
vt 1.000000 0.000000
vt 1.000000 1.000000
vt 0.000000 1.000000
vt 0.000000 0.000000
vt 1.000000 0.000000
vt 1.000000 1.000000
vt 0.000000 1.000000
vt 0.500000 1.000000
vt 0.000000 0.000000
vt 1.000000 0.000000
vt 0.500000 1.000000
vt 0.000000 0.000000
vt 1.000000 0.000000
vt 0.000000 0.000000
vt 1.000000 0.000000
vt 1.000000 1.000000
vt 0.000000 1.000000
vt 0.000000 0.000000
vt 1.000000 0.000000
vt 1.000000 1.000000
vt 0.000000 1.000000
vt 0.500000 1.000000
vt 0.000000 0.000000
vt 1.000000 0.000000
vt 0.500000 1.000000
vt 0.000000 0.000000
vt 1.000000 0.000000
vt 0.000000 0.000000
vt 1.000000 0.000000
vt 1.000000 1.000000
vt 0.000000 1.000000
vt 0.000000 0.000000
vt 1.000000 0.000000
vt 1.000000 1.000000
vt 0.000000 1.000000
vt 0.500000 1.000000
vt 0.000000 0.000000
vt 1.000000 0.000000
vt 0.500000 1.000000
vt 0.000000 0.000000
vt 1.000000 0.000000
vt 0.000000 0.000000
vt 1.000000 0.000000
vt 1.000000 1.000000
vt 0.000000 1.000000
vt 0.000000 0.000000
vt 1.000000 0.000000
vt 1.000000 1.000000
vt 0.000000 1.000000
vt 0.500000 1.000000
vt 0.000000 0.000000
vt 1.000000 0.000000
vt 0.500000 1.000000
vt 0.000000 0.000000
vt 1.000000 0.000000
vt 0.000000 0.000000
vt 1.000000 0.000000
vt 1.000000 1.000000
vt 0.000000 1.000000
vt 0.000000 0.000000
vt 1.000000 0.000000
vt 1.000000 1.000000
vt 0.000000 1.000000
vt 0.500000 1.000000
vt 0.000000 0.000000
vt 1.000000 0.000000
vt 0.500000 1.000000
vt 0.000000 0.000000
vt 1.000000 0.000000
vt 0.000000 0.000000
vt 1.000000 0.000000
vt 1.000000 1.000000
vt 0.000000 1.000000
vt 0.000000 0.000000
vt 1.000000 0.000000
vt 1.000000 1.000000
vt 0.000000 1.000000
vt 0.500000 1.000000
vt 0.000000 0.000000
vt 1.000000 0.000000
vt 0.500000 1.000000
vt 0.000000 0.000000
vt 1.000000 0.000000
vt 0.000000 0.000000
vt 1.000000 0.000000
vt 1.000000 1.000000
vt 0.000000 1.000000
vt 0.000000 0.000000
vt 1.000000 0.000000
vt 1.000000 1.000000
vt 0.000000 1.000000
vt 0.500000 1.000000
vt 0.000000 0.000000
vt 1.000000 0.000000
vt 0.500000 1.000000
vt 0.000000 0.000000
vt 1.000000 0.000000
vt 0.000000 0.000000
vt 1.000000 0.000000
vt 1.000000 1.000000
vt 0.000000 1.000000
vt 0.000000 0.000000
vt 1.000000 0.000000
vt 1.000000 1.000000
vt 0.000000 1.000000
vt 0.500000 1.000000
vt 0.000000 0.000000
vt 1.000000 0.000000
vt 0.500000 1.000000
vt 0.000000 0.000000
vt 1.000000 0.000000
vt 0.000000 0.000000
vt 1.000000 0.000000
vt 1.000000 1.000000
vt 0.000000 1.000000
vt 0.000000 0.000000
vt 1.000000 0.000000
vt 1.000000 1.000000
vt 0.000000 1.000000
vt 0.500000 1.000000
vt 0.000000 0.000000
vt 1.000000 0.000000
vt 0.500000 1.000000
vt 0.000000 0.000000
vt 1.000000 0.000000
vt 0.000000 0.000000
vt 1.000000 0.000000
vt 1.000000 1.000000
vt 0.000000 1.000000
vt 0.000000 0.000000
vt 1.000000 0.000000
vt 1.000000 1.000000
vt 0.000000 1.000000
vt 0.500000 1.000000
vt 0.000000 0.000000
vt 1.000000 0.000000
vt 0.500000 1.000000
vt 0.000000 0.000000
vt 1.000000 0.000000
vt 0.000000 0.000000
vt 1.000000 0.000000
vt 1.000000 1.000000
vt 0.000000 1.000000
vt 0.000000 0.000000
vt 1.000000 0.000000
vt 1.000000 1.000000
vt 0.000000 1.000000
vt 0.500000 1.000000
vt 0.000000 0.000000
vt 1.000000 0.000000
vt 0.500000 1.000000
vt 0.000000 0.000000
vt 1.000000 0.000000
vt 0.000000 0.000000
vt 1.000000 0.000000
vt 1.000000 1.000000
vt 0.000000 1.000000
vt 0.000000 0.000000
vt 1.000000 0.000000
vt 1.000000 1.000000
vt 0.000000 1.000000
vt 0.500000 1.000000
vt 0.000000 0.000000
vt 1.000000 0.000000
vt 0.500000 1.000000
vt 0.000000 0.000000
vt 1.000000 0.000000
vt 0.000000 0.000000
vt 1.000000 0.000000
vt 1.000000 1.000000
vt 0.000000 1.000000
vt 0.000000 0.000000
vt 1.000000 0.000000
vt 1.000000 1.000000
vt 0.000000 1.000000
vt 0.500000 1.000000
vt 0.000000 0.000000
vt 1.000000 0.000000
vt 0.500000 1.000000
vt 0.000000 0.000000
vt 1.000000 0.000000
vt 0.000000 0.000000
vt 1.000000 0.000000
vt 1.000000 1.000000
vt 0.000000 1.000000
vt 0.000000 0.000000
vt 1.000000 0.000000
vt 1.000000 1.000000
vt 0.000000 1.000000
vt 0.500000 1.000000
vt 0.000000 0.000000
vt 1.000000 0.000000
vt 0.500000 1.000000
vt 0.000000 0.000000
vt 1.000000 0.000000
vt 0.000000 0.000000
vt 1.000000 0.000000
vt 1.000000 1.000000
vt 0.000000 1.000000
vt 0.000000 0.000000
vt 1.000000 0.000000
vt 1.000000 1.000000
vt 0.000000 1.000000
vt 0.500000 1.000000
vt 0.000000 0.000000
vt 1.000000 0.000000
vt 0.500000 1.000000
vt 0.000000 0.000000
vt 1.000000 0.000000
vt 0.000000 0.000000
vt 1.000000 0.000000
vt 1.000000 1.000000
vt 0.000000 1.000000
vt 0.000000 0.000000
vt 1.000000 0.000000
vt 1.000000 1.000000
vt 0.000000 1.000000
vt 0.500000 1.000000
vt 0.000000 0.000000
vt 1.000000 0.000000
vt 0.500000 1.000000
vt 0.000000 0.000000
vt 1.000000 0.000000
vt 0.000000 0.000000
vt 1.000000 0.000000
vt 1.000000 1.000000
vt 0.000000 1.000000
vt 0.000000 0.000000
vt 1.000000 0.000000
vt 1.000000 1.000000
vt 0.000000 1.000000
vt 0.500000 1.000000
vt 0.000000 0.000000
vt 1.000000 0.000000
vt 0.500000 1.000000
vt 0.000000 0.000000
vt 1.000000 0.000000
vt 0.000000 0.000000
vt 1.000000 0.000000
vt 1.000000 1.000000
vt 0.000000 1.000000
vt 0.000000 0.000000
vt 1.000000 0.000000
vt 1.000000 1.000000
vt 0.000000 1.000000
vt 0.500000 1.000000
vt 0.000000 0.000000
vt 1.000000 0.000000
vt 0.500000 1.000000
vt 0.000000 0.000000
vt 1.000000 0.000000
vt 0.000000 0.000000
vt 1.000000 0.000000
vt 1.000000 1.000000
vt 0.000000 1.000000
vt 0.000000 0.000000
vt 1.000000 0.000000
vt 1.000000 1.000000
vt 0.000000 1.000000
vt 0.500000 1.000000
vt 0.000000 0.000000
vt 1.000000 0.000000
vt 0.500000 1.000000
vt 0.000000 0.000000
vt 1.000000 0.000000
vt 0.000000 0.000000
vt 1.000000 0.000000
vt 1.000000 1.000000
vt 0.000000 1.000000
vt 0.000000 0.000000
vt 1.000000 0.000000
vt 1.000000 1.000000
vt 0.000000 1.000000
vt 0.500000 1.000000
vt 0.000000 0.000000
vt 1.000000 0.000000
vt 0.500000 1.000000
vt 0.000000 0.000000
vt 1.000000 0.000000
vt 0.000000 0.000000
vt 1.000000 0.000000
vt 1.000000 1.000000
vt 0.000000 1.000000
vt 0.000000 0.000000
vt 1.000000 0.000000
vt 1.000000 1.000000
vt 0.000000 1.000000
vt 0.500000 1.000000
vt 0.000000 0.000000
vt 1.000000 0.000000
vt 0.500000 1.000000
vt 0.000000 0.000000
vt 1.000000 0.000000
vt 0.000000 0.000000
vt 1.000000 0.000000
vt 1.000000 1.000000
vt 0.000000 1.000000
vt 0.000000 0.000000
vt 1.000000 0.000000
vt 1.000000 1.000000
vt 0.000000 1.000000
vt 0.500000 1.000000
vt 0.000000 0.000000
vt 1.000000 0.000000
vt 0.500000 1.000000
vt 0.000000 0.000000
vt 1.000000 0.000000
vt 0.000000 0.000000
vt 1.000000 0.000000
vt 1.000000 1.000000
vt 0.000000 1.000000
vt 0.000000 0.000000
vt 1.000000 0.000000
vt 1.000000 1.000000
vt 0.000000 1.000000
vt 0.500000 1.000000
vt 0.000000 0.000000
vt 1.000000 0.000000
vt 0.500000 1.000000
vt 0.000000 0.000000
vt 1.000000 0.000000
vt 0.000000 0.000000
vt 1.000000 0.000000
vt 1.000000 1.000000
vt 0.000000 1.000000
vt 0.000000 0.000000
vt 1.000000 0.000000
vt 1.000000 1.000000
vt 0.000000 1.000000
vt 0.500000 1.000000
vt 0.000000 0.000000
vt 1.000000 0.000000
vt 0.500000 1.000000
vt 0.000000 0.000000
vt 1.000000 0.000000
vt 0.000000 0.000000
vt 1.000000 0.000000
vt 1.000000 1.000000
vt 0.000000 1.000000
vt 0.000000 0.000000
vt 1.000000 0.000000
vt 1.000000 1.000000
vt 0.000000 1.000000
vt 0.500000 1.000000
vt 0.000000 0.000000
vt 1.000000 0.000000
vt 0.500000 1.000000
vt 0.000000 0.000000
vt 1.000000 0.000000
vt 0.000000 0.000000
vt 1.000000 0.000000
vt 1.000000 1.000000
vt 0.000000 1.000000
vt 0.000000 0.000000
vt 1.000000 0.000000
vt 1.000000 1.000000
vt 0.000000 1.000000
vt 0.500000 1.000000
vt 0.000000 0.000000
vt 1.000000 0.000000
vt 0.500000 1.000000
vt 0.000000 0.000000
vt 1.000000 0.000000
vt 0.000000 0.000000
vt 1.000000 0.000000
vt 1.000000 1.000000
vt 0.000000 1.000000
vt 0.000000 0.000000
vt 1.000000 0.000000
vt 1.000000 1.000000
vt 0.000000 1.000000
vt 0.500000 1.000000
vt 0.000000 0.000000
vt 1.000000 0.000000
vt 0.500000 1.000000
vt 0.000000 0.000000
vt 1.000000 0.000000
vt 0.000000 0.000000
vt 1.000000 0.000000
vt 1.000000 1.000000
vt 0.000000 1.000000
vt 0.000000 0.000000
vt 1.000000 0.000000
vt 1.000000 1.000000
vt 0.000000 1.000000
vt 0.500000 1.000000
vt 0.000000 0.000000
vt 1.000000 0.000000
vt 0.500000 1.000000
vt 0.000000 0.000000
vt 1.000000 0.000000
vt 0.000000 0.000000
vt 1.000000 0.000000
vt 1.000000 1.000000
vt 0.000000 1.000000
vt 0.000000 0.000000
vt 1.000000 0.000000
vt 1.000000 1.000000
vt 0.000000 1.000000
vt 0.500000 1.000000
vt 0.000000 0.000000
vt 1.000000 0.000000
vt 0.500000 1.000000
vt 0.000000 0.000000
vt 1.000000 0.000000
vt 0.000000 0.000000
vt 1.000000 0.000000
vt 1.000000 1.000000
vt 0.000000 1.000000
vt 0.000000 0.000000
vt 1.000000 0.000000
vt 1.000000 1.000000
vt 0.000000 1.000000
vt 0.500000 1.000000
vt 0.000000 0.000000
vt 1.000000 0.000000
vt 0.500000 1.000000
vt 0.000000 0.000000
vt 1.000000 0.000000
vt 0.000000 0.000000
vt 1.000000 0.000000
vt 1.000000 1.000000
vt 0.000000 1.000000
vt 0.000000 0.000000
vt 1.000000 0.000000
vt 1.000000 1.000000
vt 0.000000 1.000000
vt 0.500000 1.000000
vt 0.000000 0.000000
vt 1.000000 0.000000
vt 0.500000 1.000000
vt 0.000000 0.000000
vt 1.000000 0.000000
vt 0.000000 0.000000
vt 1.000000 0.000000
vt 1.000000 1.000000
vt 0.000000 1.000000
vt 0.000000 0.000000
vt 1.000000 0.000000
vt 1.000000 1.000000
vt 0.000000 1.000000
vt 0.500000 1.000000
vt 0.000000 0.000000
vt 1.000000 0.000000
vt 0.500000 1.000000
vt 0.000000 0.000000
vt 1.000000 0.000000
vt 0.000000 0.000000
vt 1.000000 0.000000
vt 1.000000 1.000000
vt 0.000000 1.000000
vt 0.000000 0.000000
vt 1.000000 0.000000
vt 1.000000 1.000000
vt 0.000000 1.000000
vt 0.500000 1.000000
vt 0.000000 0.000000
vt 1.000000 0.000000
vt 0.500000 1.000000
vt 0.000000 0.000000
vt 1.000000 0.000000
vt 0.000000 0.000000
vt 1.000000 0.000000
vt 1.000000 1.000000
vt 0.000000 1.000000
vt 0.000000 0.000000
vt 1.000000 0.000000
vt 1.000000 1.000000
vt 0.000000 1.000000
vt 0.500000 1.000000
vt 0.000000 0.000000
vt 1.000000 0.000000
vt 0.500000 1.000000
vt 0.000000 0.000000
vt 1.000000 0.000000
vt 0.000000 0.000000
vt 1.000000 0.000000
vt 1.000000 1.000000
vt 0.000000 1.000000
vt 0.000000 0.000000
vt 1.000000 0.000000
vt 1.000000 1.000000
vt 0.000000 1.000000
vt 0.500000 1.000000
vt 0.000000 0.000000
vt 1.000000 0.000000
vt 0.500000 1.000000
vt 0.000000 0.000000
vt 1.000000 0.000000
vt 0.000000 0.000000
vt 1.000000 0.000000
vt 1.000000 1.000000
vt 0.000000 1.000000
vt 0.000000 0.000000
vt 1.000000 0.000000
vt 1.000000 1.000000
vt 0.000000 1.000000
vt 0.500000 1.000000
vt 0.000000 0.000000
vt 1.000000 0.000000
vt 0.500000 1.000000
vt 0.000000 0.000000
vt 1.000000 0.000000
vt 0.000000 0.000000
vt 1.000000 0.000000
vt 1.000000 1.000000
vt 0.000000 1.000000
vt 0.000000 0.000000
vt 1.000000 0.000000
vt 1.000000 1.000000
vt 0.000000 1.000000
vt 0.500000 1.000000
vt 0.000000 0.000000
vt 1.000000 0.000000
vt 0.500000 1.000000
vt 0.000000 0.000000
vt 1.000000 0.000000
vt 0.000000 0.000000
vt 1.000000 0.000000
vt 1.000000 1.000000
vt 0.000000 1.000000
vt 0.000000 0.000000
vt 1.000000 0.000000
vt 1.000000 1.000000
vt 0.000000 1.000000
vt 0.500000 1.000000
vt 0.000000 0.000000
vt 1.000000 0.000000
vt 0.500000 1.000000
vt 0.000000 0.000000
vt 1.000000 0.000000
vt 0.000000 0.000000
vt 1.000000 0.000000
vt 1.000000 1.000000
vt 0.000000 1.000000
vt 0.000000 0.000000
vt 1.000000 0.000000
vt 1.000000 1.000000
vt 0.000000 1.000000
vt 0.500000 1.000000
vt 0.000000 0.000000
vt 1.000000 0.000000
vt 0.500000 1.000000
vt 0.000000 0.000000
vt 1.000000 0.000000
vt 0.000000 0.000000
vt 1.000000 0.000000
vt 1.000000 1.000000
vt 0.000000 1.000000
vt 0.000000 0.000000
vt 1.000000 0.000000
vt 1.000000 1.000000
vt 0.000000 1.000000
vt 0.500000 1.000000
vt 0.000000 0.000000
vt 1.000000 0.000000
vt 0.500000 1.000000
vt 0.000000 0.000000
vt 1.000000 0.000000
vt 0.000000 0.000000
vt 1.000000 0.000000
vt 1.000000 1.000000
vt 0.000000 1.000000
vt 0.000000 0.000000
vt 1.000000 0.000000
vt 1.000000 1.000000
vt 0.000000 1.000000
vt 0.500000 1.000000
vt 0.000000 0.000000
vt 1.000000 0.000000
vt 0.500000 1.000000
vt 0.000000 0.000000
vt 1.000000 0.000000
vt 0.000000 0.000000
vt 1.000000 0.000000
vt 1.000000 1.000000
vt 0.000000 1.000000
vt 0.000000 0.000000
vt 1.000000 0.000000
vt 1.000000 1.000000
vt 0.000000 1.000000
vt 0.500000 1.000000
vt 0.000000 0.000000
vt 1.000000 0.000000
vt 0.500000 1.000000
vt 0.000000 0.000000
vt 1.000000 0.000000
vt 0.000000 0.000000
vt 1.000000 0.000000
vt 1.000000 1.000000
vt 0.000000 1.000000
vt 0.000000 0.000000
vt 1.000000 0.000000
vt 1.000000 1.000000
vt 0.000000 1.000000
vt 0.500000 1.000000
vt 0.000000 0.000000
vt 1.000000 0.000000
vt 0.500000 1.000000
vt 0.000000 0.000000
vt 1.000000 0.000000
vt 0.000000 0.000000
vt 1.000000 0.000000
vt 1.000000 1.000000
vt 0.000000 1.000000
vt 0.000000 0.000000
vt 1.000000 0.000000
vt 1.000000 1.000000
vt 0.000000 1.000000
vt 0.500000 1.000000
vt 0.000000 0.000000
vt 1.000000 0.000000
vt 0.500000 1.000000
vt 0.000000 0.000000
vt 1.000000 0.000000
vt 0.000000 0.000000
vt 1.000000 0.000000
vt 1.000000 1.000000
vt 0.000000 1.000000
vt 0.000000 0.000000
vt 1.000000 0.000000
vt 1.000000 1.000000
vt 0.000000 1.000000
vt 0.500000 1.000000
vt 0.000000 0.000000
vt 1.000000 0.000000
vt 0.500000 1.000000
vt 0.000000 0.000000
vt 1.000000 0.000000
vt 0.000000 0.000000
vt 1.000000 0.000000
vt 1.000000 1.000000
vt 0.000000 1.000000
vt 0.000000 0.000000
vt 1.000000 0.000000
vt 1.000000 1.000000
vt 0.000000 1.000000
vt 0.500000 1.000000
vt 0.000000 0.000000
vt 1.000000 0.000000
vt 0.500000 1.000000
vt 0.000000 0.000000
vt 1.000000 0.000000
vt 0.000000 0.000000
vt 1.000000 0.000000
vt 1.000000 1.000000
vt 0.000000 1.000000
vt 0.000000 0.000000
vt 1.000000 0.000000
vt 1.000000 1.000000
vt 0.000000 1.000000
vt 0.500000 1.000000
vt 0.000000 0.000000
vt 1.000000 0.000000
vt 0.500000 1.000000
vt 0.000000 0.000000
vt 1.000000 0.000000
vt 0.000000 0.000000
vt 1.000000 0.000000
vt 1.000000 1.000000
vt 0.000000 1.000000
vt 0.000000 0.000000
vt 1.000000 0.000000
vt 1.000000 1.000000
vt 0.000000 1.000000
vt 0.500000 1.000000
vt 0.000000 0.000000
vt 1.000000 0.000000
vt 0.500000 1.000000
vt 0.000000 0.000000
vt 1.000000 0.000000
vt 0.000000 0.000000
vt 1.000000 0.000000
vt 1.000000 1.000000
vt 0.000000 1.000000
vt 0.000000 0.000000
vt 1.000000 0.000000
vt 1.000000 1.000000
vt 0.000000 1.000000
vt 0.500000 1.000000
vt 0.000000 0.000000
vt 1.000000 0.000000
vt 0.500000 1.000000
vt 0.000000 0.000000
vt 1.000000 0.000000
vt 0.000000 0.000000
vt 1.000000 0.000000
vt 1.000000 1.000000
vt 0.000000 1.000000
vt 0.000000 0.000000
vt 1.000000 0.000000
vt 1.000000 1.000000
vt 0.000000 1.000000
vt 0.500000 1.000000
vt 0.000000 0.000000
vt 1.000000 0.000000
vt 0.500000 1.000000
vt 0.000000 0.000000
vt 1.000000 0.000000
vt 0.000000 0.000000
vt 1.000000 0.000000
vt 1.000000 1.000000
vt 0.000000 1.000000
vt 0.000000 0.000000
vt 1.000000 0.000000
vt 1.000000 1.000000
vt 0.000000 1.000000
vt 0.500000 1.000000
vt 0.000000 0.000000
vt 1.000000 0.000000
vt 0.500000 1.000000
vt 0.000000 0.000000
vt 1.000000 0.000000
vt 0.000000 0.000000
vt 1.000000 0.000000
vt 1.000000 1.000000
vt 0.000000 1.000000
vt 0.000000 0.000000
vt 1.000000 0.000000
vt 1.000000 1.000000
vt 0.000000 1.000000
vt 0.500000 1.000000
vt 0.000000 0.000000
vt 1.000000 0.000000
vt 0.500000 1.000000
vt 0.000000 0.000000
vt 1.000000 0.000000
vt 0.000000 0.000000
vt 1.000000 0.000000
vt 1.000000 1.000000
vt 0.000000 1.000000
vt 0.000000 0.000000
vt 1.000000 0.000000
vt 1.000000 1.000000
vt 0.000000 1.000000
vt 0.500000 1.000000
vt 0.000000 0.000000
vt 1.000000 0.000000
vt 0.500000 1.000000
vt 0.000000 0.000000
vt 1.000000 0.000000
vt 0.000000 0.000000
vt 1.000000 0.000000
vt 1.000000 1.000000
vt 0.000000 1.000000
vt 0.000000 0.000000
vt 1.000000 0.000000
vt 1.000000 1.000000
vt 0.000000 1.000000
vt 0.500000 1.000000
vt 0.000000 0.000000
vt 1.000000 0.000000
vt 0.500000 1.000000
vt 0.000000 0.000000
vt 1.000000 0.000000
vt 0.000000 0.000000
vt 1.000000 0.000000
vt 1.000000 1.000000
vt 0.000000 1.000000
vt 0.000000 0.000000
vt 1.000000 0.000000
vt 1.000000 1.000000
vt 0.000000 1.000000
vt 0.500000 1.000000
vt 0.000000 0.000000
vt 1.000000 0.000000
vt 0.500000 1.000000
vt 0.000000 0.000000
vt 1.000000 0.000000
vt 0.000000 0.000000
vt 1.000000 0.000000
vt 1.000000 1.000000
vt 0.000000 1.000000
vt 0.000000 0.000000
vt 1.000000 0.000000
vt 1.000000 1.000000
vt 0.000000 1.000000
vt 0.500000 1.000000
vt 0.000000 0.000000
vt 1.000000 0.000000
vt 0.500000 1.000000
vt 0.000000 0.000000
vt 1.000000 0.000000
vt 0.000000 0.000000
vt 1.000000 0.000000
vt 1.000000 1.000000
vt 0.000000 1.000000
vt 0.000000 0.000000
vt 1.000000 0.000000
vt 1.000000 1.000000
vt 0.000000 1.000000
vt 0.500000 1.000000
vt 0.000000 0.000000
vt 1.000000 0.000000
vt 0.500000 1.000000
vt 0.000000 0.000000
vt 1.000000 0.000000
vt 0.000000 0.000000
vt 1.000000 0.000000
vt 1.000000 1.000000
vt 0.000000 1.000000
vt 0.000000 0.000000
vt 1.000000 0.000000
vt 1.000000 1.000000
vt 0.000000 1.000000
vt 0.500000 1.000000
vt 0.000000 0.000000
vt 1.000000 0.000000
vt 0.500000 1.000000
vt 0.000000 0.000000
vt 1.000000 0.000000
vt 0.000000 0.000000
vt 1.000000 0.000000
vt 1.000000 1.000000
vt 0.000000 1.000000
vt 0.000000 0.000000
vt 1.000000 0.000000
vt 1.000000 1.000000
vt 0.000000 1.000000
vt 0.500000 1.000000
vt 0.000000 0.000000
vt 1.000000 0.000000
vt 0.500000 1.000000
vt 0.000000 0.000000
vt 1.000000 0.000000
vt 0.000000 0.000000
vt 1.000000 0.000000
vt 1.000000 1.000000
vt 0.000000 1.000000
vt 0.000000 0.000000
vt 1.000000 0.000000
vt 1.000000 1.000000
vt 0.000000 1.000000
vt 0.500000 1.000000
vt 0.000000 0.000000
vt 1.000000 0.000000
vt 0.500000 1.000000
vt 0.000000 0.000000
vt 1.000000 0.000000
vt 0.000000 0.000000
vt 1.000000 0.000000
vt 1.000000 1.000000
vt 0.000000 1.000000
vt 0.000000 0.000000
vt 1.000000 0.000000
vt 1.000000 1.000000
vt 0.000000 1.000000
vt 0.500000 1.000000
vt 0.000000 0.000000
vt 1.000000 0.000000
vt 0.500000 1.000000
vt 0.000000 0.000000
vt 1.000000 0.000000
vt 0.000000 0.000000
vt 1.000000 0.000000
vt 1.000000 1.000000
vt 0.000000 1.000000
vt 0.000000 0.000000
vt 1.000000 0.000000
vt 1.000000 1.000000
vt 0.000000 1.000000
vt 0.500000 1.000000
vt 0.000000 0.000000
vt 1.000000 0.000000
vt 0.500000 1.000000
vt 0.000000 0.000000
vt 1.000000 0.000000
vt 0.000000 0.000000
vt 1.000000 0.000000
vt 1.000000 1.000000
vt 0.000000 1.000000
vt 0.000000 0.000000
vt 1.000000 0.000000
vt 1.000000 1.000000
vt 0.000000 1.000000
vt 0.500000 1.000000
vt 0.000000 0.000000
vt 1.000000 0.000000
vt 0.500000 1.000000
vt 0.000000 0.000000
vt 1.000000 0.000000
vt 0.000000 0.000000
vt 1.000000 0.000000
vt 1.000000 1.000000
vt 0.000000 1.000000
vt 0.000000 0.000000
vt 1.000000 0.000000
vt 1.000000 1.000000
vt 0.000000 1.000000
vt 0.500000 1.000000
vt 0.000000 0.000000
vt 1.000000 0.000000
vt 0.500000 1.000000
vt 0.000000 0.000000
vt 1.000000 0.000000
vt 0.000000 0.000000
vt 1.000000 0.000000
vt 1.000000 1.000000
vt 0.000000 1.000000
vt 0.000000 0.000000
vt 1.000000 0.000000
vt 1.000000 1.000000
vt 0.000000 1.000000
vt 0.500000 1.000000
vt 0.000000 0.000000
vt 1.000000 0.000000
vt 0.500000 1.000000
vt 0.000000 0.000000
vt 1.000000 0.000000
vt 0.000000 0.000000
vt 1.000000 0.000000
vt 1.000000 1.000000
vt 0.000000 1.000000
vt 0.000000 0.000000
vt 1.000000 0.000000
vt 1.000000 1.000000
vt 0.000000 1.000000
vt 0.500000 1.000000
vt 0.000000 0.000000
vt 1.000000 0.000000
vt 0.500000 1.000000
vt 0.000000 0.000000
vt 1.000000 0.000000
vt 0.000000 0.000000
vt 1.000000 0.000000
vt 1.000000 1.000000
vt 0.000000 1.000000
vt 0.000000 0.000000
vt 1.000000 0.000000
vt 1.000000 1.000000
vt 0.000000 1.000000
vt 0.500000 1.000000
vt 0.000000 0.000000
vt 1.000000 0.000000
vt 0.500000 1.000000
vt 0.000000 0.000000
vt 1.000000 0.000000
vt 0.000000 0.000000
vt 1.000000 0.000000
vt 1.000000 1.000000
vt 0.000000 1.000000
vt 0.000000 0.000000
vt 1.000000 0.000000
vt 1.000000 1.000000
vt 0.000000 1.000000
vt 0.500000 1.000000
vt 0.000000 0.000000
vt 1.000000 0.000000
vt 0.500000 1.000000
vt 0.000000 0.000000
vt 1.000000 0.000000
vt 0.000000 0.000000
vt 1.000000 0.000000
vt 1.000000 1.000000
vt 0.000000 1.000000
vt 0.000000 0.000000
vt 1.000000 0.000000
vt 1.000000 1.000000
vt 0.000000 1.000000
vt 0.500000 1.000000
vt 0.000000 0.000000
vt 1.000000 0.000000
vt 0.500000 1.000000
vt 0.000000 0.000000
vt 1.000000 0.000000
vt 0.000000 0.000000
vt 1.000000 0.000000
vt 1.000000 1.000000
vt 0.000000 1.000000
vt 0.000000 0.000000
vt 1.000000 0.000000
vt 1.000000 1.000000
vt 0.000000 1.000000
vt 0.500000 1.000000
vt 0.000000 0.000000
vt 1.000000 0.000000
vt 0.500000 1.000000
vt 0.000000 0.000000
vt 1.000000 0.000000
vt 0.000000 0.000000
vt 1.000000 0.000000
vt 1.000000 1.000000
vt 0.000000 1.000000
vt 0.000000 0.000000
vt 1.000000 0.000000
vt 1.000000 1.000000
vt 0.000000 1.000000
vt 0.500000 1.000000
vt 0.000000 0.000000
vt 1.000000 0.000000
vt 0.500000 1.000000
vt 0.000000 0.000000
vt 1.000000 0.000000
vt 0.000000 0.000000
vt 1.000000 0.000000
vt 1.000000 1.000000
vt 0.000000 1.000000
vt 0.000000 0.000000
vt 1.000000 0.000000
vt 1.000000 1.000000
vt 0.000000 1.000000
vt 0.500000 1.000000
vt 0.000000 0.000000
vt 1.000000 0.000000
vt 0.500000 1.000000
vt 0.000000 0.000000
vt 1.000000 0.000000
vt 0.000000 0.000000
vt 1.000000 0.000000
vt 1.000000 1.000000
vt 0.000000 1.000000
vt 0.000000 0.000000
vt 1.000000 0.000000
vt 1.000000 1.000000
vt 0.000000 1.000000
vt 0.500000 1.000000
vt 0.000000 0.000000
vt 1.000000 0.000000
vt 0.500000 1.000000
vt 0.000000 0.000000
vt 1.000000 0.000000
vt 0.000000 0.000000
vt 1.000000 0.000000
vt 1.000000 1.000000
vt 0.000000 1.000000
vt 0.000000 0.000000
vt 1.000000 0.000000
vt 1.000000 1.000000
vt 0.000000 1.000000
vt 0.500000 1.000000
vt 0.000000 0.000000
vt 1.000000 0.000000
vt 0.500000 1.000000
vt 0.000000 0.000000
vt 1.000000 0.000000
vt 0.000000 0.000000
vt 1.000000 0.000000
vt 1.000000 1.000000
vt 0.000000 1.000000
vt 0.000000 0.000000
vt 1.000000 0.000000
vt 1.000000 1.000000
vt 0.000000 1.000000
vt 0.500000 1.000000
vt 0.000000 0.000000
vt 1.000000 0.000000
vt 0.500000 1.000000
vt 0.000000 0.000000
vt 1.000000 0.000000
vt 0.000000 0.000000
vt 1.000000 0.000000
vt 1.000000 1.000000
vt 0.000000 1.000000
vt 0.000000 0.000000
vt 1.000000 0.000000
vt 1.000000 1.000000
vt 0.000000 1.000000
vt 0.500000 1.000000
vt 0.000000 0.000000
vt 1.000000 0.000000
vt 0.500000 1.000000
vt 0.000000 0.000000
vt 1.000000 0.000000
vt 0.000000 0.000000
vt 1.000000 0.000000
vt 1.000000 1.000000
vt 0.000000 1.000000
vt 0.000000 0.000000
vt 1.000000 0.000000
vt 1.000000 1.000000
vt 0.000000 1.000000
vt 0.500000 1.000000
vt 0.000000 0.000000
vt 1.000000 0.000000
vt 0.500000 1.000000
vt 0.000000 0.000000
vt 1.000000 0.000000
vt 0.000000 0.000000
vt 1.000000 0.000000
vt 1.000000 1.000000
vt 0.000000 1.000000
vt 0.000000 0.000000
vt 1.000000 0.000000
vt 1.000000 1.000000
vt 0.000000 1.000000
vt 0.500000 1.000000
vt 0.000000 0.000000
vt 1.000000 0.000000
vt 0.500000 1.000000
vt 0.000000 0.000000
vt 1.000000 0.000000
vt 0.000000 0.000000
vt 1.000000 0.000000
vt 1.000000 1.000000
vt 0.000000 1.000000
vt 0.000000 0.000000
vt 1.000000 0.000000
vt 1.000000 1.000000
vt 0.000000 1.000000
vt 0.500000 1.000000
vt 0.000000 0.000000
vt 1.000000 0.000000
vt 0.500000 1.000000
vt 0.000000 0.000000
vt 1.000000 0.000000
vt 0.000000 0.000000
vt 1.000000 0.000000
vt 1.000000 1.000000
vt 0.000000 1.000000
vt 0.000000 0.000000
vt 1.000000 0.000000
vt 1.000000 1.000000
vt 0.000000 1.000000
vt 0.500000 1.000000
vt 0.000000 0.000000
vt 1.000000 0.000000
vt 0.500000 1.000000
vt 0.000000 0.000000
vt 1.000000 0.000000
vt 0.000000 0.000000
vt 1.000000 0.000000
vt 1.000000 1.000000
vt 0.000000 1.000000
vt 0.000000 0.000000
vt 1.000000 0.000000
vt 1.000000 1.000000
vt 0.000000 1.000000
vt 0.500000 1.000000
vt 0.000000 0.000000
vt 1.000000 0.000000
vt 0.500000 1.000000
vt 0.000000 0.000000
vt 1.000000 0.000000
vt 0.000000 0.000000
vt 1.000000 0.000000
vt 1.000000 1.000000
vt 0.000000 1.000000
vt 0.000000 0.000000
vt 1.000000 0.000000
vt 1.000000 1.000000
vt 0.000000 1.000000
vt 0.500000 1.000000
vt 0.000000 0.000000
vt 1.000000 0.000000
vt 0.500000 1.000000
vt 0.000000 0.000000
vt 1.000000 0.000000
vt 0.000000 0.000000
vt 1.000000 0.000000
vt 1.000000 1.000000
vt 0.000000 1.000000
vt 0.000000 0.000000
vt 1.000000 0.000000
vt 1.000000 1.000000
vt 0.000000 1.000000
vt 0.500000 1.000000
vt 0.000000 0.000000
vt 1.000000 0.000000
vt 0.500000 1.000000
vt 0.000000 0.000000
vt 1.000000 0.000000
vt 0.000000 0.000000
vt 1.000000 0.000000
vt 1.000000 1.000000
vt 0.000000 1.000000
vt 0.000000 0.000000
vt 1.000000 0.000000
vt 1.000000 1.000000
vt 0.000000 1.000000
vt 0.500000 1.000000
vt 0.000000 0.000000
vt 1.000000 0.000000
vt 0.500000 1.000000
vt 0.000000 0.000000
vt 1.000000 0.000000
vt 0.000000 0.000000
vt 1.000000 0.000000
vt 1.000000 1.000000
vt 0.000000 1.000000
vt 0.000000 0.000000
vt 1.000000 0.000000
vt 1.000000 1.000000
vt 0.000000 1.000000
vt 0.500000 1.000000
vt 0.000000 0.000000
vt 1.000000 0.000000
vt 0.500000 1.000000
vt 0.000000 0.000000
vt 1.000000 0.000000
vt 0.000000 0.000000
vt 1.000000 0.000000
vt 1.000000 1.000000
vt 0.000000 1.000000
vt 0.000000 0.000000
vt 1.000000 0.000000
vt 1.000000 1.000000
vt 0.000000 1.000000
vt 0.500000 1.000000
vt 0.000000 0.000000
vt 1.000000 0.000000
vt 0.500000 1.000000
vt 0.000000 0.000000
vt 1.000000 0.000000
vt 0.000000 0.000000
vt 1.000000 0.000000
vt 1.000000 1.000000
vt 0.000000 1.000000
vt 0.000000 0.000000
vt 1.000000 0.000000
vt 1.000000 1.000000
vt 0.000000 1.000000
vt 0.500000 1.000000
vt 0.000000 0.000000
vt 1.000000 0.000000
vt 0.500000 1.000000
vt 0.000000 0.000000
vt 1.000000 0.000000
vt 0.000000 0.000000
vt 1.000000 0.000000
vt 1.000000 1.000000
vt 0.000000 1.000000
vt 0.000000 0.000000
vt 1.000000 0.000000
vt 1.000000 1.000000
vt 0.000000 1.000000
vt 0.500000 1.000000
vt 0.000000 0.000000
vt 1.000000 0.000000
vt 0.500000 1.000000
vt 0.000000 0.000000
vt 1.000000 0.000000
vt 0.000000 0.000000
vt 1.000000 0.000000
vt 1.000000 1.000000
vt 0.000000 1.000000
vt 0.000000 0.000000
vt 1.000000 0.000000
vt 1.000000 1.000000
vt 0.000000 1.000000
vt 0.500000 1.000000
vt 0.000000 0.000000
vt 1.000000 0.000000
vt 0.500000 1.000000
vt 0.000000 0.000000
vt 1.000000 0.000000
vt 0.000000 0.000000
vt 1.000000 0.000000
vt 1.000000 1.000000
vt 0.000000 1.000000
vt 0.000000 0.000000
vt 1.000000 0.000000
vt 1.000000 1.000000
vt 0.000000 1.000000
vt 0.500000 1.000000
vt 0.000000 0.000000
vt 1.000000 0.000000
vt 0.500000 1.000000
vt 0.000000 0.000000
vt 1.000000 0.000000
vt 0.000000 0.000000
vt 1.000000 0.000000
vt 1.000000 1.000000
vt 0.000000 1.000000
vt 0.000000 0.000000
vt 1.000000 0.000000
vt 1.000000 1.000000
vt 0.000000 1.000000
vt 0.500000 1.000000
vt 0.000000 0.000000
vt 1.000000 0.000000
vt 0.500000 1.000000
vt 0.000000 0.000000
vt 1.000000 0.000000
vt 0.000000 0.000000
vt 1.000000 0.000000
vt 1.000000 1.000000
vt 0.000000 1.000000
vt 0.000000 0.000000
vt 1.000000 0.000000
vt 1.000000 1.000000
vt 0.000000 1.000000
vt 0.500000 1.000000
vt 0.000000 0.000000
vt 1.000000 0.000000
vt 0.500000 1.000000
vt 0.000000 0.000000
vt 1.000000 0.000000
vt 0.000000 0.000000
vt 1.000000 0.000000
vt 1.000000 1.000000
vt 0.000000 1.000000
vt 0.000000 0.000000
vt 1.000000 0.000000
vt 1.000000 1.000000
vt 0.000000 1.000000
vt 0.500000 1.000000
vt 0.000000 0.000000
vt 1.000000 0.000000
vt 0.500000 1.000000
vt 0.000000 0.000000
vt 1.000000 0.000000
vt 0.000000 0.000000
vt 1.000000 0.000000
vt 1.000000 1.000000
vt 0.000000 1.000000
vt 0.000000 0.000000
vt 1.000000 0.000000
vt 1.000000 1.000000
vt 0.000000 1.000000
vt 0.500000 1.000000
vt 0.000000 0.000000
vt 1.000000 0.000000
vt 0.500000 1.000000
vt 0.000000 0.000000
vt 1.000000 0.000000
vt 0.000000 0.000000
vt 1.000000 0.000000
vt 1.000000 1.000000
vt 0.000000 1.000000
vt 0.000000 0.000000
vt 1.000000 0.000000
vt 1.000000 1.000000
vt 0.000000 1.000000
vt 0.500000 1.000000
vt 0.000000 0.000000
vt 1.000000 0.000000
vt 0.500000 1.000000
vt 0.000000 0.000000
vt 1.000000 0.000000
vt 0.000000 0.000000
vt 1.000000 0.000000
vt 1.000000 1.000000
vt 0.000000 1.000000
vt 0.000000 0.000000
vt 1.000000 0.000000
vt 1.000000 1.000000
vt 0.000000 1.000000
vt 0.500000 1.000000
vt 0.000000 0.000000
vt 1.000000 0.000000
vt 0.500000 1.000000
vt 0.000000 0.000000
vt 1.000000 0.000000
vt 0.000000 0.000000
vt 1.000000 0.000000
vt 1.000000 1.000000
vt 0.000000 1.000000
vt 0.000000 0.000000
vt 1.000000 0.000000
vt 1.000000 1.000000
vt 0.000000 1.000000
vt 0.500000 1.000000
vt 0.000000 0.000000
vt 1.000000 0.000000
vt 0.500000 1.000000
vt 0.000000 0.000000
vt 1.000000 0.000000
vt 0.000000 0.000000
vt 1.000000 0.000000
vt 1.000000 1.000000
vt 0.000000 1.000000
vt 0.000000 0.000000
vt 1.000000 0.000000
vt 1.000000 1.000000
vt 0.000000 1.000000
vt 0.500000 1.000000
vt 0.000000 0.000000
vt 1.000000 0.000000
vt 0.500000 1.000000
vt 0.000000 0.000000
vt 1.000000 0.000000
vt 0.000000 0.000000
vt 1.000000 0.000000
vt 1.000000 1.000000
vt 0.000000 1.000000
vt 0.000000 0.000000
vt 1.000000 0.000000
vt 1.000000 1.000000
vt 0.000000 1.000000
vt 0.500000 1.000000
vt 0.000000 0.000000
vt 1.000000 0.000000
vt 0.500000 1.000000
vt 0.000000 0.000000
vt 1.000000 0.000000
vt 0.000000 0.000000
vt 1.000000 0.000000
vt 1.000000 1.000000
vt 0.000000 1.000000
vt 0.000000 0.000000
vt 1.000000 0.000000
vt 1.000000 1.000000
vt 0.000000 1.000000
vt 0.500000 1.000000
vt 0.000000 0.000000
vt 1.000000 0.000000
vt 0.500000 1.000000
vt 0.000000 0.000000
vt 1.000000 0.000000
vt 0.000000 0.000000
vt 1.000000 0.000000
vt 1.000000 1.000000
vt 0.000000 1.000000
vt 0.000000 0.000000
vt 1.000000 0.000000
vt 1.000000 1.000000
vt 0.000000 1.000000
vt 0.500000 1.000000
vt 0.000000 0.000000
vt 1.000000 0.000000
vt 0.500000 1.000000
vt 0.000000 0.000000
vt 1.000000 0.000000
vt 0.000000 0.000000
vt 1.000000 0.000000
vt 1.000000 1.000000
vt 0.000000 1.000000
vt 0.000000 0.000000
vt 1.000000 0.000000
vt 1.000000 1.000000
vt 0.000000 1.000000
vt 0.500000 1.000000
vt 0.000000 0.000000
vt 1.000000 0.000000
vt 0.500000 1.000000
vt 0.000000 0.000000
vt 1.000000 0.000000
vt 0.000000 0.000000
vt 1.000000 0.000000
vt 1.000000 1.000000
vt 0.000000 1.000000
vt 0.000000 0.000000
vt 1.000000 0.000000
vt 1.000000 1.000000
vt 0.000000 1.000000
vt 0.500000 1.000000
vt 0.000000 0.000000
vt 1.000000 0.000000
vt 0.500000 1.000000
vt 0.000000 0.000000
vt 1.000000 0.000000
vt 0.000000 0.000000
vt 1.000000 0.000000
vt 1.000000 1.000000
vt 0.000000 1.000000
vt 0.000000 0.000000
vt 1.000000 0.000000
vt 1.000000 1.000000
vt 0.000000 1.000000
vt 0.500000 1.000000
vt 0.000000 0.000000
vt 1.000000 0.000000
vt 0.500000 1.000000
vt 0.000000 0.000000
vt 1.000000 0.000000
vt 0.000000 0.000000
vt 1.000000 0.000000
vt 1.000000 1.000000
vt 0.000000 1.000000
vt 0.000000 0.000000
vt 1.000000 0.000000
vt 1.000000 1.000000
vt 0.000000 1.000000
vt 0.500000 1.000000
vt 0.000000 0.000000
vt 1.000000 0.000000
vt 0.500000 1.000000
vt 0.000000 0.000000
vt 1.000000 0.000000
vt 0.000000 0.000000
vt 1.000000 0.000000
vt 1.000000 1.000000
vt 0.000000 1.000000
vt 0.000000 0.000000
vt 1.000000 0.000000
vt 1.000000 1.000000
vt 0.000000 1.000000
vt 0.500000 1.000000
vt 0.000000 0.000000
vt 1.000000 0.000000
vt 0.500000 1.000000
vt 0.000000 0.000000
vt 1.000000 0.000000
vt 0.000000 0.000000
vt 1.000000 0.000000
vt 1.000000 1.000000
vt 0.000000 1.000000
vt 0.000000 0.000000
vt 1.000000 0.000000
vt 1.000000 1.000000
vt 0.000000 1.000000
vt 0.500000 1.000000
vt 0.000000 0.000000
vt 1.000000 0.000000
vt 0.500000 1.000000
vt 0.000000 0.000000
vt 1.000000 0.000000
vt 0.000000 0.000000
vt 1.000000 0.000000
vt 1.000000 1.000000
vt 0.000000 1.000000
vt 0.000000 0.000000
vt 1.000000 0.000000
vt 1.000000 1.000000
vt 0.000000 1.000000
vt 0.500000 1.000000
vt 0.000000 0.000000
vt 1.000000 0.000000
vt 0.500000 1.000000
vt 0.000000 0.000000
vt 1.000000 0.000000
vt 0.000000 0.000000
vt 1.000000 0.000000
vt 1.000000 1.000000
vt 0.000000 1.000000
vt 0.000000 0.000000
vt 1.000000 0.000000
vt 1.000000 1.000000
vt 0.000000 1.000000
vt 0.500000 1.000000
vt 0.000000 0.000000
vt 1.000000 0.000000
vt 0.500000 1.000000
vt 0.000000 0.000000
vt 1.000000 0.000000
vt 0.000000 0.000000
vt 1.000000 0.000000
vt 1.000000 1.000000
vt 0.000000 1.000000
vt 0.000000 0.000000
vt 1.000000 0.000000
vt 1.000000 1.000000
vt 0.000000 1.000000
vt 0.500000 1.000000
vt 0.000000 0.000000
vt 1.000000 0.000000
vt 0.500000 1.000000
vt 0.000000 0.000000
vt 1.000000 0.000000
vt 0.000000 0.000000
vt 1.000000 0.000000
vt 1.000000 1.000000
vt 0.000000 1.000000
vt 0.000000 0.000000
vt 1.000000 0.000000
vt 1.000000 1.000000
vt 0.000000 1.000000
vt 0.500000 1.000000
vt 0.000000 0.000000
vt 1.000000 0.000000
vt 0.500000 1.000000
vt 0.000000 0.000000
vt 1.000000 0.000000
vt 0.000000 0.000000
vt 1.000000 0.000000
vt 1.000000 1.000000
vt 0.000000 1.000000
vt 0.000000 0.000000
vt 1.000000 0.000000
vt 1.000000 1.000000
vt 0.000000 1.000000
vt 0.500000 1.000000
vt 0.000000 0.000000
vt 1.000000 0.000000
vt 0.500000 1.000000
vt 0.000000 0.000000
vt 1.000000 0.000000
vt 0.000000 0.000000
vt 1.000000 0.000000
vt 1.000000 1.000000
vt 0.000000 1.000000
vt 0.000000 0.000000
vt 1.000000 0.000000
vt 1.000000 1.000000
vt 0.000000 1.000000
vt 0.500000 1.000000
vt 0.000000 0.000000
vt 1.000000 0.000000
vt 0.500000 1.000000
vt 0.000000 0.000000
vt 1.000000 0.000000
vt 0.000000 0.000000
vt 1.000000 0.000000
vt 1.000000 1.000000
vt 0.000000 1.000000
vt 0.000000 0.000000
vt 1.000000 0.000000
vt 1.000000 1.000000
vt 0.000000 1.000000
vt 0.500000 1.000000
vt 0.000000 0.000000
vt 1.000000 0.000000
vt 0.500000 1.000000
vt 0.000000 0.000000
vt 1.000000 0.000000
vt 0.000000 0.000000
vt 1.000000 0.000000
vt 1.000000 1.000000
vt 0.000000 1.000000
vt 0.000000 0.000000
vt 1.000000 0.000000
vt 1.000000 1.000000
vt 0.000000 1.000000
vt 0.500000 1.000000
vt 0.000000 0.000000
vt 1.000000 0.000000
vt 0.500000 1.000000
vt 0.000000 0.000000
vt 1.000000 0.000000
vt 0.000000 0.000000
vt 1.000000 0.000000
vt 1.000000 1.000000
vt 0.000000 1.000000
vt 0.000000 0.000000
vt 1.000000 0.000000
vt 1.000000 1.000000
vt 0.000000 1.000000
vt 0.500000 1.000000
vt 0.000000 0.000000
vt 1.000000 0.000000
vt 0.500000 1.000000
vt 0.000000 0.000000
vt 1.000000 0.000000
vt 0.000000 0.000000
vt 1.000000 0.000000
vt 1.000000 1.000000
vt 0.000000 1.000000
vt 0.000000 0.000000
vt 1.000000 0.000000
vt 1.000000 1.000000
vt 0.000000 1.000000
vt 0.500000 1.000000
vt 0.000000 0.000000
vt 1.000000 0.000000
vt 0.500000 1.000000
vt 0.000000 0.000000
vt 1.000000 0.000000
vt 0.000000 0.000000
vt 1.000000 0.000000
vt 1.000000 1.000000
vt 0.000000 1.000000
vt 0.000000 0.000000
vt 1.000000 0.000000
vt 1.000000 1.000000
vt 0.000000 1.000000
vt 0.500000 1.000000
vt 0.000000 0.000000
vt 1.000000 0.000000
vt 0.500000 1.000000
vt 0.000000 0.000000
vt 1.000000 0.000000
vt 0.000000 0.000000
vt 1.000000 0.000000
vt 1.000000 1.000000
vt 0.000000 1.000000
vt 0.000000 0.000000
vt 1.000000 0.000000
vt 1.000000 1.000000
vt 0.000000 1.000000
vt 0.500000 1.000000
vt 0.000000 0.000000
vt 1.000000 0.000000
vt 0.500000 1.000000
vt 0.000000 0.000000
vt 1.000000 0.000000
vt 0.000000 0.000000
vt 1.000000 0.000000
vt 1.000000 1.000000
vt 0.000000 1.000000
vt 0.000000 0.000000
vt 1.000000 0.000000
vt 1.000000 1.000000
vt 0.000000 1.000000
vt 0.500000 1.000000
vt 0.000000 0.000000
vt 1.000000 0.000000
s 1
usemtl models/caelum/world/environment/bark_plains.png
f 1/1 2/2 3/3 4/4
f 5/5 6/6 7/7
f 8/8 9/9 10/10 11/11
f 12/12 13/13 14/14
f 15/15 16/16 17/17 18/18
f 19/19 20/20 21/21
f 22/22 23/23 24/24 25/25
f 26/26 27/27 28/28
f 29/29 30/30 31/31 32/32
f 33/33 34/34 35/35
f 36/36 37/37 38/38 39/39
f 40/40 41/41 42/42
f 43/43 44/44 45/45 46/46
f 47/47 48/48 49/49
f 50/50 51/51 52/52 53/53
f 54/54 55/55 56/56
f 57/57 58/58 59/59 60/60
f 61/61 62/62 63/63
f 64/64 65/65 66/66 67/67
f 68/68 69/69 70/70 71/71
f 72/72 73/73 74/74 75/75
f 76/76 77/77 78/78 79/79
f 80/80 81/81 82/82 83/83
f 84/84 85/85 86/86 87/87
f 88/88 89/89 90/90 91/91
f 92/92 93/93 94/94 95/95
f 96/96 97/97 98/98 99/99
f 100/100 101/101 102/102 103/103
f 104/104 105/105 106/106
f 107/107 108/108 109/109 110/110
f 111/111 112/112 113/113
f 114/114 115/115 116/116 117/117
f 118/118 119/119 120/120
f 121/121 122/122 123/123 124/124
f 125/125 126/126 127/127
f 128/128 129/129 130/130 131/131
f 132/132 133/133 134/134
f 135/135 136/136 137/137 138/138
f 139/139 140/140 141/141
f 142/142 143/143 144/144 145/145
f 146/146 147/147 148/148
f 149/149 150/150 151/151 152/152
f 153/153 154/154 155/155
f 156/156 157/157 158/158 159/159
f 160/160 161/161 162/162
f 163/163 164/164 165/165 166/166
f 167/167 168/168 169/169
f 170/170 171/171 172/172
f 173/173 174/174 175/175 176/176
f 177/177 178/178 179/179
f 180/180 181/181 182/182
f 183/183 184/184 185/185 186/186
f 187/187 188/188 189/189
f 190/190 191/191 192/192
f 193/193 194/194 195/195 196/196
f 197/197 198/198 199/199
f 200/200 201/201 202/202
f 203/203 204/204 205/205 206/206
f 207/207 208/208 209/209
f 210/210 211/211 212/212
f 213/213 214/214 215/215 216/216
f 217/217 218/218 219/219
f 220/220 221/221 222/222
f 223/223 224/224 225/225 226/226
f 227/227 228/228 229/229
f 230/230 231/231 232/232
f 233/233 234/234 235/235 236/236
f 237/237 238/238 239/239
f 240/240 241/241 242/242
f 243/243 244/244 245/245 246/246
f 247/247 248/248 249/249
f 250/250 251/251 252/252
f 253/253 254/254 255/255 256/256
f 257/257 258/258 259/259
f 260/260 261/261 262/262
f 263/263 264/264 265/265 266/266
f 267/267 268/268 269/269
f 270/270 271/271 272/272
f 273/273 274/274 275/275 276/276
f 277/277 278/278 279/279
f 280/280 281/281 282/282
f 283/283 284/284 285/285 286/286
f 287/287 288/288 289/289
f 290/290 291/291 292/292
f 293/293 294/294 295/295 296/296
f 297/297 298/298 299/299
f 300/300 301/301 302/302
f 303/303 304/304 305/305 306/306
f 307/307 308/308 309/309
f 310/310 311/311 312/312
f 313/313 314/314 315/315 316/316
f 317/317 318/318 319/319
f 320/320 321/321 322/322
f 323/323 324/324 325/325 326/326
f 327/327 328/328 329/329
f 330/330 331/331 332/332
f 333/333 334/334 335/335 336/336
f 337/337 338/338 339/339
f 340/340 341/341 342/342
f 343/343 344/344 345/345 346/346
f 347/347 348/348 349/349
f 350/350 351/351 352/352
f 353/353 354/354 355/355 356/356
f 357/357 358/358 359/359
f 360/360 361/361 362/362
f 363/363 364/364 365/365 366/366
f 367/367 368/368 369/369
f 370/370 371/371 372/372
f 373/373 374/374 375/375 376/376
f 377/377 378/378 379/379
f 380/380 381/381 382/382
f 383/383 384/384 385/385 386/386
f 387/387 388/388 389/389
f 390/390 391/391 392/392
f 393/393 394/394 395/395 396/396
f 397/397 398/398 399/399
f 400/400 401/401 402/402
f 403/403 404/404 405/405 406/406
f 407/407 408/408 409/409
f 410/410 411/411 412/412
f 413/413 414/414 415/415 416/416
f 417/417 418/418 419/419
f 420/420 421/421 422/422
f 423/423 424/424 425/425 426/426
f 427/427 428/428 429/429
f 430/430 431/431 432/432
f 433/433 434/434 435/435 436/436
f 437/437 438/438 439/439
f 440/440 441/441 442/442
f 443/443 444/444 445/445 446/446
f 447/447 448/448 449/449
f 450/450 451/451 452/452
f 453/453 454/454 455/455 456/456
f 457/457 458/458 459/459
f 460/460 461/461 462/462
f 463/463 464/464 465/465 466/466
f 467/467 468/468 469/469
f 470/470 471/471 472/472
f 473/473 474/474 475/475 476/476
f 477/477 478/478 479/479
f 480/480 481/481 482/482
f 483/483 484/484 485/485 486/486
f 487/487 488/488 489/489
f 490/490 491/491 492/492
f 493/493 494/494 495/495 496/496
f 497/497 498/498 499/499
f 500/500 501/501 502/502
f 503/503 504/504 505/505 506/506
f 507/507 508/508 509/509
f 510/510 511/511 512/512
f 513/513 514/514 515/515 516/516
f 517/517 518/518 519/519
f 520/520 521/521 522/522
f 523/523 524/524 525/525 526/526
f 527/527 528/528 529/529
f 530/530 531/531 532/532
f 533/533 534/534 535/535 536/536
f 537/537 538/538 539/539
f 540/540 541/541 542/542
f 543/543 544/544 545/545 546/546
f 547/547 548/548 549/549
f 550/550 551/551 552/552
f 553/553 554/554 555/555 556/556
f 557/557 558/558 559/559
f 560/560 561/561 562/562
f 563/563 564/564 565/565 566/566
f 567/567 568/568 569/569
f 570/570 571/571 572/572
f 573/573 574/574 575/575 576/576
f 577/577 578/578 579/579
f 580/580 581/581 582/582
f 583/583 584/584 585/585 586/586
f 587/587 588/588 589/589
f 590/590 591/591 592/592
f 593/593 594/594 595/595 596/596
f 597/597 598/598 599/599
f 600/600 601/601 602/602
f 603/603 604/604 605/605 606/606
f 607/607 608/608 609/609
f 610/610 611/611 612/612
f 613/613 614/614 615/615 616/616
f 617/617 618/618 619/619
f 620/620 621/621 622/622
f 623/623 624/624 625/625 626/626
f 627/627 628/628 629/629
f 630/630 631/631 632/632
f 633/633 634/634 635/635 636/636
f 637/637 638/638 639/639
f 640/640 641/641 642/642
f 643/643 644/644 645/645 646/646
f 647/647 648/648 649/649
f 650/650 651/651 652/652 653/653
f 654/654 655/655 656/656
f 657/657 658/658 659/659 660/660
f 661/661 662/662 663/663
f 664/664 665/665 666/666 667/667
f 668/668 669/669 670/670
f 671/671 672/672 673/673 674/674
f 675/675 676/676 677/677
f 678/678 679/679 680/680 681/681
f 682/682 683/683 684/684
f 685/685 686/686 687/687 688/688
f 689/689 690/690 691/691
f 692/692 693/693 694/694 695/695
f 696/696 697/697 698/698
f 699/699 700/700 701/701 702/702
f 703/703 704/704 705/705
f 706/706 707/707 708/708 709/709
f 710/710 711/711 712/712
f 713/713 714/714 715/715 716/716
f 717/717 718/718 719/719
f 720/720 721/721 722/722 723/723
f 724/724 725/725 726/726
f 727/727 728/728 729/729 730/730
f 731/731 732/732 733/733
f 734/734 735/735 736/736 737/737
f 738/738 739/739 740/740
f 741/741 742/742 743/743 744/744
f 745/745 746/746 747/747
f 748/748 749/749 750/750 751/751
f 752/752 753/753 754/754
f 755/755 756/756 757/757 758/758
f 759/759 760/760 761/761
f 762/762 763/763 764/764 765/765
f 766/766 767/767 768/768
f 769/769 770/770 771/771 772/772
f 773/773 774/774 775/775
f 776/776 777/777 778/778 779/779
f 780/780 781/781 782/782
f 783/783 784/784 785/785 786/786
f 787/787 788/788 789/789
f 790/790 791/791 792/792 793/793
f 794/794 795/795 796/796
f 797/797 798/798 799/799 800/800
f 801/801 802/802 803/803
f 804/804 805/805 806/806 807/807
f 808/808 809/809 810/810
f 811/811 812/812 813/813 814/814
f 815/815 816/816 817/817
f 818/818 819/819 820/820 821/821
f 822/822 823/823 824/824
f 825/825 826/826 827/827 828/828
f 829/829 830/830 831/831
f 832/832 833/833 834/834 835/835
f 836/836 837/837 838/838
f 839/839 840/840 841/841 842/842
f 843/843 844/844 845/845
f 846/846 847/847 848/848 849/849
f 850/850 851/851 852/852
f 853/853 854/854 855/855 856/856
f 857/857 858/858 859/859
f 860/860 861/861 862/862 863/863
f 864/864 865/865 866/866
f 867/867 868/868 869/869 870/870
f 871/871 872/872 873/873
f 874/874 875/875 876/876 877/877
f 878/878 879/879 880/880
f 881/881 882/882 883/883 884/884
f 885/885 886/886 887/887
f 888/888 889/889 890/890 891/891
f 892/892 893/893 894/894
f 895/895 896/896 897/897 898/898
f 899/899 900/900 901/901
f 902/902 903/903 904/904 905/905
f 906/906 907/907 908/908
f 909/909 910/910 911/911 912/912
f 913/913 914/914 915/915
f 916/916 917/917 918/918 919/919
f 920/920 921/921 922/922
f 923/923 924/924 925/925 926/926
f 927/927 928/928 929/929
f 930/930 931/931 932/932 933/933
f 934/934 935/935 936/936
f 937/937 938/938 939/939 940/940
f 941/941 942/942 943/943
f 944/944 945/945 946/946 947/947
f 948/948 949/949 950/950
f 951/951 952/952 953/953 954/954
f 955/955 956/956 957/957
f 958/958 959/959 960/960 961/961
f 962/962 963/963 964/964
f 965/965 966/966 967/967 968/968
f 969/969 970/970 971/971
f 972/972 973/973 974/974 975/975
f 976/976 977/977 978/978
f 979/979 980/980 981/981 982/982
f 983/983 984/984 985/985
f 986/986 987/987 988/988 989/989
f 990/990 991/991 992/992
f 993/993 994/994 995/995 996/996
f 997/997 998/998 999/999
f 1000/1000 1001/1001 1002/1002 1003/1003
f 1004/1004 1005/1005 1006/1006
f 1007/1007 1008/1008 1009/1009 1010/1010
f 1011/1011 1012/1012 1013/1013
f 1014/1014 1015/1015 1016/1016 1017/1017
f 1018/1018 1019/1019 1020/1020
f 1021/1021 1022/1022 1023/1023 1024/1024
f 1025/1025 1026/1026 1027/1027
f 1028/1028 1029/1029 1030/1030 1031/1031
f 1032/1032 1033/1033 1034/1034
f 1035/1035 1036/1036 1037/1037 1038/1038
f 1039/1039 1040/1040 1041/1041
f 1042/1042 1043/1043 1044/1044 1045/1045
f 1046/1046 1047/1047 1048/1048
f 1049/1049 1050/1050 1051/1051 1052/1052
f 1053/1053 1054/1054 1055/1055
f 1056/1056 1057/1057 1058/1058 1059/1059
f 1060/1060 1061/1061 1062/1062
f 1063/1063 1064/1064 1065/1065 1066/1066
f 1067/1067 1068/1068 1069/1069
f 1070/1070 1071/1071 1072/1072 1073/1073
f 1074/1074 1075/1075 1076/1076
f 1077/1077 1078/1078 1079/1079 1080/1080
f 1081/1081 1082/1082 1083/1083
f 1084/1084 1085/1085 1086/1086 1087/1087
f 1088/1088 1089/1089 1090/1090
f 1091/1091 1092/1092 1093/1093 1094/1094
f 1095/1095 1096/1096 1097/1097
f 1098/1098 1099/1099 1100/1100 1101/1101
f 1102/1102 1103/1103 1104/1104
f 1105/1105 1106/1106 1107/1107 1108/1108
f 1109/1109 1110/1110 1111/1111
f 1112/1112 1113/1113 1114/1114 1115/1115
f 1116/1116 1117/1117 1118/1118
f 1119/1119 1120/1120 1121/1121 1122/1122
f 1123/1123 1124/1124 1125/1125
f 1126/1126 1127/1127 1128/1128 1129/1129
f 1130/1130 1131/1131 1132/1132
f 1133/1133 1134/1134 1135/1135 1136/1136
f 1137/1137 1138/1138 1139/1139
f 1140/1140 1141/1141 1142/1142 1143/1143
f 1144/1144 1145/1145 1146/1146
f 1147/1147 1148/1148 1149/1149 1150/1150
f 1151/1151 1152/1152 1153/1153
f 1154/1154 1155/1155 1156/1156 1157/1157
f 1158/1158 1159/1159 1160/1160
f 1161/1161 1162/1162 1163/1163 1164/1164
f 1165/1165 1166/1166 1167/1167
f 1168/1168 1169/1169 1170/1170 1171/1171
f 1172/1172 1173/1173 1174/1174
f 1175/1175 1176/1176 1177/1177 1178/1178
f 1179/1179 1180/1180 1181/1181
f 1182/1182 1183/1183 1184/1184 1185/1185
f 1186/1186 1187/1187 1188/1188
f 1189/1189 1190/1190 1191/1191 1192/1192
f 1193/1193 1194/1194 1195/1195
f 1196/1196 1197/1197 1198/1198 1199/1199
f 1200/1200 1201/1201 1202/1202
f 1203/1203 1204/1204 1205/1205 1206/1206
f 1207/1207 1208/1208 1209/1209
f 1210/1210 1211/1211 1212/1212 1213/1213
f 1214/1214 1215/1215 1216/1216
f 1217/1217 1218/1218 1219/1219 1220/1220
f 1221/1221 1222/1222 1223/1223
f 1224/1224 1225/1225 1226/1226 1227/1227
f 1228/1228 1229/1229 1230/1230
f 1231/1231 1232/1232 1233/1233 1234/1234
f 1235/1235 1236/1236 1237/1237
f 1238/1238 1239/1239 1240/1240 1241/1241
f 1242/1242 1243/1243 1244/1244
f 1245/1245 1246/1246 1247/1247 1248/1248
f 1249/1249 1250/1250 1251/1251
f 1252/1252 1253/1253 1254/1254 1255/1255
f 1256/1256 1257/1257 1258/1258
f 1259/1259 1260/1260 1261/1261 1262/1262
f 1263/1263 1264/1264 1265/1265
f 1266/1266 1267/1267 1268/1268 1269/1269
f 1270/1270 1271/1271 1272/1272
f 1273/1273 1274/1274 1275/1275 1276/1276
f 1277/1277 1278/1278 1279/1279
f 1280/1280 1281/1281 1282/1282 1283/1283
f 1284/1284 1285/1285 1286/1286
f 1287/1287 1288/1288 1289/1289 1290/1290
f 1291/1291 1292/1292 1293/1293
f 1294/1294 1295/1295 1296/1296 1297/1297
f 1298/1298 1299/1299 1300/1300
f 1301/1301 1302/1302 1303/1303 1304/1304
f 1305/1305 1306/1306 1307/1307
f 1308/1308 1309/1309 1310/1310 1311/1311
f 1312/1312 1313/1313 1314/1314
f 1315/1315 1316/1316 1317/1317 1318/1318
f 1319/1319 1320/1320 1321/1321
f 1322/1322 1323/1323 1324/1324 1325/1325
f 1326/1326 1327/1327 1328/1328
f 1329/1329 1330/1330 1331/1331 1332/1332
f 1333/1333 1334/1334 1335/1335
f 1336/1336 1337/1337 1338/1338 1339/1339
f 1340/1340 1341/1341 1342/1342
f 1343/1343 1344/1344 1345/1345 1346/1346
f 1347/1347 1348/1348 1349/1349
f 1350/1350 1351/1351 1352/1352 1353/1353
f 1354/1354 1355/1355 1356/1356
f 1357/1357 1358/1358 1359/1359 1360/1360
f 1361/1361 1362/1362 1363/1363
f 1364/1364 1365/1365 1366/1366 1367/1367
f 1368/1368 1369/1369 1370/1370
f 1371/1371 1372/1372 1373/1373 1374/1374
f 1375/1375 1376/1376 1377/1377
f 1378/1378 1379/1379 1380/1380 1381/1381
f 1382/1382 1383/1383 1384/1384
f 1385/1385 1386/1386 1387/1387 1388/1388
f 1389/1389 1390/1390 1391/1391
f 1392/1392 1393/1393 1394/1394 1395/1395
f 1396/1396 1397/1397 1398/1398
f 1399/1399 1400/1400 1401/1401 1402/1402
f 1403/1403 1404/1404 1405/1405
f 1406/1406 1407/1407 1408/1408 1409/1409
f 1410/1410 1411/1411 1412/1412
f 1413/1413 1414/1414 1415/1415 1416/1416
f 1417/1417 1418/1418 1419/1419
f 1420/1420 1421/1421 1422/1422 1423/1423
f 1424/1424 1425/1425 1426/1426
f 1427/1427 1428/1428 1429/1429 1430/1430
f 1431/1431 1432/1432 1433/1433
f 1434/1434 1435/1435 1436/1436 1437/1437
f 1438/1438 1439/1439 1440/1440
f 1441/1441 1442/1442 1443/1443 1444/1444
f 1445/1445 1446/1446 1447/1447
f 1448/1448 1449/1449 1450/1450 1451/1451
f 1452/1452 1453/1453 1454/1454
f 1455/1455 1456/1456 1457/1457 1458/1458
f 1459/1459 1460/1460 1461/1461
f 1462/1462 1463/1463 1464/1464 1465/1465
f 1466/1466 1467/1467 1468/1468
f 1469/1469 1470/1470 1471/1471 1472/1472
f 1473/1473 1474/1474 1475/1475
f 1476/1476 1477/1477 1478/1478 1479/1479
f 1480/1480 1481/1481 1482/1482
f 1483/1483 1484/1484 1485/1485 1486/1486
f 1487/1487 1488/1488 1489/1489
f 1490/1490 1491/1491 1492/1492 1493/1493
f 1494/1494 1495/1495 1496/1496
f 1497/1497 1498/1498 1499/1499 1500/1500
f 1501/1501 1502/1502 1503/1503
f 1504/1504 1505/1505 1506/1506 1507/1507
f 1508/1508 1509/1509 1510/1510
f 1511/1511 1512/1512 1513/1513 1514/1514
f 1515/1515 1516/1516 1517/1517
f 1518/1518 1519/1519 1520/1520 1521/1521
f 1522/1522 1523/1523 1524/1524
f 1525/1525 1526/1526 1527/1527 1528/1528
f 1529/1529 1530/1530 1531/1531
f 1532/1532 1533/1533 1534/1534 1535/1535
f 1536/1536 1537/1537 1538/1538
f 1539/1539 1540/1540 1541/1541 1542/1542
f 1543/1543 1544/1544 1545/1545
f 1546/1546 1547/1547 1548/1548 1549/1549
f 1550/1550 1551/1551 1552/1552
f 1553/1553 1554/1554 1555/1555 1556/1556
f 1557/1557 1558/1558 1559/1559
f 1560/1560 1561/1561 1562/1562 1563/1563
f 1564/1564 1565/1565 1566/1566
f 1567/1567 1568/1568 1569/1569 1570/1570
f 1571/1571 1572/1572 1573/1573
f 1574/1574 1575/1575 1576/1576 1577/1577
f 1578/1578 1579/1579 1580/1580
f 1581/1581 1582/1582 1583/1583 1584/1584
f 1585/1585 1586/1586 1587/1587
f 1588/1588 1589/1589 1590/1590 1591/1591
f 1592/1592 1593/1593 1594/1594
f 1595/1595 1596/1596 1597/1597 1598/1598
f 1599/1599 1600/1600 1601/1601
f 1602/1602 1603/1603 1604/1604 1605/1605
f 1606/1606 1607/1607 1608/1608
f 1609/1609 1610/1610 1611/1611 1612/1612
f 1613/1613 1614/1614 1615/1615
f 1616/1616 1617/1617 1618/1618 1619/1619
f 1620/1620 1621/1621 1622/1622
f 1623/1623 1624/1624 1625/1625 1626/1626
f 1627/1627 1628/1628 1629/1629
f 1630/1630 1631/1631 1632/1632 1633/1633
f 1634/1634 1635/1635 1636/1636
f 1637/1637 1638/1638 1639/1639 1640/1640
f 1641/1641 1642/1642 1643/1643
f 1644/1644 1645/1645 1646/1646 1647/1647
f 1648/1648 1649/1649 1650/1650
f 1651/1651 1652/1652 1653/1653 1654/1654
f 1655/1655 1656/1656 1657/1657
f 1658/1658 1659/1659 1660/1660 1661/1661
f 1662/1662 1663/1663 1664/1664
f 1665/1665 1666/1666 1667/1667 1668/1668
f 1669/1669 1670/1670 1671/1671
f 1672/1672 1673/1673 1674/1674 1675/1675
f 1676/1676 1677/1677 1678/1678
f 1679/1679 1680/1680 1681/1681 1682/1682
f 1683/1683 1684/1684 1685/1685
f 1686/1686 1687/1687 1688/1688 1689/1689
f 1690/1690 1691/1691 1692/1692
f 1693/1693 1694/1694 1695/1695 1696/1696
f 1697/1697 1698/1698 1699/1699
f 1700/1700 1701/1701 1702/1702 1703/1703
f 1704/1704 1705/1705 1706/1706
f 1707/1707 1708/1708 1709/1709 1710/1710
f 1711/1711 1712/1712 1713/1713
f 1714/1714 1715/1715 1716/1716 1717/1717
f 1718/1718 1719/1719 1720/1720
f 1721/1721 1722/1722 1723/1723 1724/1724
f 1725/1725 1726/1726 1727/1727
f 1728/1728 1729/1729 1730/1730 1731/1731
f 1732/1732 1733/1733 1734/1734
f 1735/1735 1736/1736 1737/1737 1738/1738
f 1739/1739 1740/1740 1741/1741
f 1742/1742 1743/1743 1744/1744 1745/1745
f 1746/1746 1747/1747 1748/1748
f 1749/1749 1750/1750 1751/1751 1752/1752
f 1753/1753 1754/1754 1755/1755
f 1756/1756 1757/1757 1758/1758 1759/1759
f 1760/1760 1761/1761 1762/1762
f 1763/1763 1764/1764 1765/1765 1766/1766
f 1767/1767 1768/1768 1769/1769
f 1770/1770 1771/1771 1772/1772 1773/1773
f 1774/1774 1775/1775 1776/1776
f 1777/1777 1778/1778 1779/1779 1780/1780
f 1781/1781 1782/1782 1783/1783
f 1784/1784 1785/1785 1786/1786 1787/1787
f 1788/1788 1789/1789 1790/1790
f 1791/1791 1792/1792 1793/1793 1794/1794
f 1795/1795 1796/1796 1797/1797
f 1798/1798 1799/1799 1800/1800 1801/1801
f 1802/1802 1803/1803 1804/1804
f 1805/1805 1806/1806 1807/1807 1808/1808
f 1809/1809 1810/1810 1811/1811
f 1812/1812 1813/1813 1814/1814 1815/1815
f 1816/1816 1817/1817 1818/1818
usemtl models/caelum/world/environment/foliage_plains.png
f 1819/1819 1820/1820 1821/1821
f 1822/1822 1823/1823 1824/1824 1825/1825
f 1826/1826 1827/1827 1828/1828 1829/1829
f 1830/1830 1831/1831 1832/1832
f 1833/1833 1834/1834 1835/1835
f 1836/1836 1837/1837 1838/1838 1839/1839
f 1840/1840 1841/1841 1842/1842 1843/1843
f 1844/1844 1845/1845 1846/1846
f 1847/1847 1848/1848 1849/1849
f 1850/1850 1851/1851 1852/1852 1853/1853
f 1854/1854 1855/1855 1856/1856 1857/1857
f 1858/1858 1859/1859 1860/1860
f 1861/1861 1862/1862 1863/1863
f 1864/1864 1865/1865 1866/1866 1867/1867
f 1868/1868 1869/1869 1870/1870 1871/1871
f 1872/1872 1873/1873 1874/1874
f 1875/1875 1876/1876 1877/1877
f 1878/1878 1879/1879 1880/1880 1881/1881
f 1882/1882 1883/1883 1884/1884 1885/1885
f 1886/1886 1887/1887 1888/1888
f 1889/1889 1890/1890 1891/1891
f 1892/1892 1893/1893 1894/1894 1895/1895
f 1896/1896 1897/1897 1898/1898 1899/1899
f 1900/1900 1901/1901 1902/1902
f 1903/1903 1904/1904 1905/1905
f 1906/1906 1907/1907 1908/1908 1909/1909
f 1910/1910 1911/1911 1912/1912 1913/1913
f 1914/1914 1915/1915 1916/1916
f 1917/1917 1918/1918 1919/1919
f 1920/1920 1921/1921 1922/1922 1923/1923
f 1924/1924 1925/1925 1926/1926 1927/1927
f 1928/1928 1929/1929 1930/1930
f 1931/1931 1932/1932 1933/1933
f 1934/1934 1935/1935 1936/1936 1937/1937
f 1938/1938 1939/1939 1940/1940 1941/1941
f 1942/1942 1943/1943 1944/1944
f 1945/1945 1946/1946 1947/1947
f 1948/1948 1949/1949 1950/1950 1951/1951
f 1952/1952 1953/1953 1954/1954 1955/1955
f 1956/1956 1957/1957 1958/1958
f 1959/1959 1960/1960 1961/1961
f 1962/1962 1963/1963 1964/1964 1965/1965
f 1966/1966 1967/1967 1968/1968 1969/1969
f 1970/1970 1971/1971 1972/1972
f 1973/1973 1974/1974 1975/1975
f 1976/1976 1977/1977 1978/1978 1979/1979
f 1980/1980 1981/1981 1982/1982 1983/1983
f 1984/1984 1985/1985 1986/1986
f 1987/1987 1988/1988 1989/1989
f 1990/1990 1991/1991 1992/1992 1993/1993
f 1994/1994 1995/1995 1996/1996 1997/1997
f 1998/1998 1999/1999 2000/2000
f 2001/2001 2002/2002 2003/2003
f 2004/2004 2005/2005 2006/2006 2007/2007
f 2008/2008 2009/2009 2010/2010 2011/2011
f 2012/2012 2013/2013 2014/2014
f 2015/2015 2016/2016 2017/2017
f 2018/2018 2019/2019 2020/2020 2021/2021
f 2022/2022 2023/2023 2024/2024 2025/2025
f 2026/2026 2027/2027 2028/2028
f 2029/2029 2030/2030 2031/2031
f 2032/2032 2033/2033 2034/2034 2035/2035
f 2036/2036 2037/2037 2038/2038 2039/2039
f 2040/2040 2041/2041 2042/2042
f 2043/2043 2044/2044 2045/2045
f 2046/2046 2047/2047 2048/2048 2049/2049
f 2050/2050 2051/2051 2052/2052 2053/2053
f 2054/2054 2055/2055 2056/2056
f 2057/2057 2058/2058 2059/2059
f 2060/2060 2061/2061 2062/2062 2063/2063
f 2064/2064 2065/2065 2066/2066 2067/2067
f 2068/2068 2069/2069 2070/2070
f 2071/2071 2072/2072 2073/2073
f 2074/2074 2075/2075 2076/2076 2077/2077
f 2078/2078 2079/2079 2080/2080 2081/2081
f 2082/2082 2083/2083 2084/2084
f 2085/2085 2086/2086 2087/2087
f 2088/2088 2089/2089 2090/2090 2091/2091
f 2092/2092 2093/2093 2094/2094 2095/2095
f 2096/2096 2097/2097 2098/2098
f 2099/2099 2100/2100 2101/2101
f 2102/2102 2103/2103 2104/2104 2105/2105
f 2106/2106 2107/2107 2108/2108 2109/2109
f 2110/2110 2111/2111 2112/2112
f 2113/2113 2114/2114 2115/2115
f 2116/2116 2117/2117 2118/2118 2119/2119
f 2120/2120 2121/2121 2122/2122 2123/2123
f 2124/2124 2125/2125 2126/2126
f 2127/2127 2128/2128 2129/2129
f 2130/2130 2131/2131 2132/2132 2133/2133
f 2134/2134 2135/2135 2136/2136 2137/2137
f 2138/2138 2139/2139 2140/2140
f 2141/2141 2142/2142 2143/2143
f 2144/2144 2145/2145 2146/2146 2147/2147
f 2148/2148 2149/2149 2150/2150 2151/2151
f 2152/2152 2153/2153 2154/2154
f 2155/2155 2156/2156 2157/2157
f 2158/2158 2159/2159 2160/2160 2161/2161
f 2162/2162 2163/2163 2164/2164 2165/2165
f 2166/2166 2167/2167 2168/2168
f 2169/2169 2170/2170 2171/2171
f 2172/2172 2173/2173 2174/2174 2175/2175
f 2176/2176 2177/2177 2178/2178 2179/2179
f 2180/2180 2181/2181 2182/2182
f 2183/2183 2184/2184 2185/2185
f 2186/2186 2187/2187 2188/2188 2189/2189
f 2190/2190 2191/2191 2192/2192 2193/2193
f 2194/2194 2195/2195 2196/2196
f 2197/2197 2198/2198 2199/2199
f 2200/2200 2201/2201 2202/2202 2203/2203
f 2204/2204 2205/2205 2206/2206 2207/2207
f 2208/2208 2209/2209 2210/2210
f 2211/2211 2212/2212 2213/2213
f 2214/2214 2215/2215 2216/2216 2217/2217
f 2218/2218 2219/2219 2220/2220 2221/2221
f 2222/2222 2223/2223 2224/2224
f 2225/2225 2226/2226 2227/2227
f 2228/2228 2229/2229 2230/2230 2231/2231
f 2232/2232 2233/2233 2234/2234 2235/2235
f 2236/2236 2237/2237 2238/2238
f 2239/2239 2240/2240 2241/2241
f 2242/2242 2243/2243 2244/2244 2245/2245
f 2246/2246 2247/2247 2248/2248 2249/2249
f 2250/2250 2251/2251 2252/2252
f 2253/2253 2254/2254 2255/2255
f 2256/2256 2257/2257 2258/2258 2259/2259
f 2260/2260 2261/2261 2262/2262 2263/2263
f 2264/2264 2265/2265 2266/2266
f 2267/2267 2268/2268 2269/2269
f 2270/2270 2271/2271 2272/2272 2273/2273
f 2274/2274 2275/2275 2276/2276 2277/2277
f 2278/2278 2279/2279 2280/2280
f 2281/2281 2282/2282 2283/2283
f 2284/2284 2285/2285 2286/2286 2287/2287
f 2288/2288 2289/2289 2290/2290 2291/2291
f 2292/2292 2293/2293 2294/2294
f 2295/2295 2296/2296 2297/2297
f 2298/2298 2299/2299 2300/2300 2301/2301
f 2302/2302 2303/2303 2304/2304 2305/2305
f 2306/2306 2307/2307 2308/2308
f 2309/2309 2310/2310 2311/2311
f 2312/2312 2313/2313 2314/2314 2315/2315
f 2316/2316 2317/2317 2318/2318 2319/2319
f 2320/2320 2321/2321 2322/2322
f 2323/2323 2324/2324 2325/2325
f 2326/2326 2327/2327 2328/2328 2329/2329
f 2330/2330 2331/2331 2332/2332 2333/2333
f 2334/2334 2335/2335 2336/2336
f 2337/2337 2338/2338 2339/2339
f 2340/2340 2341/2341 2342/2342 2343/2343
f 2344/2344 2345/2345 2346/2346 2347/2347
f 2348/2348 2349/2349 2350/2350
f 2351/2351 2352/2352 2353/2353
f 2354/2354 2355/2355 2356/2356 2357/2357
f 2358/2358 2359/2359 2360/2360 2361/2361
f 2362/2362 2363/2363 2364/2364
f 2365/2365 2366/2366 2367/2367
f 2368/2368 2369/2369 2370/2370 2371/2371
f 2372/2372 2373/2373 2374/2374 2375/2375
f 2376/2376 2377/2377 2378/2378
f 2379/2379 2380/2380 2381/2381
f 2382/2382 2383/2383 2384/2384 2385/2385
f 2386/2386 2387/2387 2388/2388 2389/2389
f 2390/2390 2391/2391 2392/2392
f 2393/2393 2394/2394 2395/2395
f 2396/2396 2397/2397 2398/2398 2399/2399
f 2400/2400 2401/2401 2402/2402 2403/2403
f 2404/2404 2405/2405 2406/2406
f 2407/2407 2408/2408 2409/2409
f 2410/2410 2411/2411 2412/2412 2413/2413
f 2414/2414 2415/2415 2416/2416 2417/2417
f 2418/2418 2419/2419 2420/2420
f 2421/2421 2422/2422 2423/2423
f 2424/2424 2425/2425 2426/2426 2427/2427
f 2428/2428 2429/2429 2430/2430 2431/2431
f 2432/2432 2433/2433 2434/2434
f 2435/2435 2436/2436 2437/2437
f 2438/2438 2439/2439 2440/2440 2441/2441
f 2442/2442 2443/2443 2444/2444 2445/2445
f 2446/2446 2447/2447 2448/2448
f 2449/2449 2450/2450 2451/2451
f 2452/2452 2453/2453 2454/2454 2455/2455
f 2456/2456 2457/2457 2458/2458 2459/2459
f 2460/2460 2461/2461 2462/2462
f 2463/2463 2464/2464 2465/2465
f 2466/2466 2467/2467 2468/2468 2469/2469
f 2470/2470 2471/2471 2472/2472 2473/2473
f 2474/2474 2475/2475 2476/2476
f 2477/2477 2478/2478 2479/2479
f 2480/2480 2481/2481 2482/2482 2483/2483
f 2484/2484 2485/2485 2486/2486 2487/2487
f 2488/2488 2489/2489 2490/2490
f 2491/2491 2492/2492 2493/2493
f 2494/2494 2495/2495 2496/2496 2497/2497
f 2498/2498 2499/2499 2500/2500 2501/2501
f 2502/2502 2503/2503 2504/2504
f 2505/2505 2506/2506 2507/2507
f 2508/2508 2509/2509 2510/2510 2511/2511
f 2512/2512 2513/2513 2514/2514 2515/2515
f 2516/2516 2517/2517 2518/2518
f 2519/2519 2520/2520 2521/2521
f 2522/2522 2523/2523 2524/2524 2525/2525
f 2526/2526 2527/2527 2528/2528 2529/2529
f 2530/2530 2531/2531 2532/2532
f 2533/2533 2534/2534 2535/2535
f 2536/2536 2537/2537 2538/2538 2539/2539
f 2540/2540 2541/2541 2542/2542 2543/2543
f 2544/2544 2545/2545 2546/2546
f 2547/2547 2548/2548 2549/2549
f 2550/2550 2551/2551 2552/2552 2553/2553
f 2554/2554 2555/2555 2556/2556 2557/2557
f 2558/2558 2559/2559 2560/2560
f 2561/2561 2562/2562 2563/2563
f 2564/2564 2565/2565 2566/2566 2567/2567
f 2568/2568 2569/2569 2570/2570 2571/2571
f 2572/2572 2573/2573 2574/2574
f 2575/2575 2576/2576 2577/2577
f 2578/2578 2579/2579 2580/2580 2581/2581
f 2582/2582 2583/2583 2584/2584 2585/2585
f 2586/2586 2587/2587 2588/2588
f 2589/2589 2590/2590 2591/2591
f 2592/2592 2593/2593 2594/2594 2595/2595
f 2596/2596 2597/2597 2598/2598 2599/2599
f 2600/2600 2601/2601 2602/2602
f 2603/2603 2604/2604 2605/2605
f 2606/2606 2607/2607 2608/2608 2609/2609
f 2610/2610 2611/2611 2612/2612 2613/2613
f 2614/2614 2615/2615 2616/2616
f 2617/2617 2618/2618 2619/2619
f 2620/2620 2621/2621 2622/2622 2623/2623
f 2624/2624 2625/2625 2626/2626 2627/2627
f 2628/2628 2629/2629 2630/2630
f 2631/2631 2632/2632 2633/2633
f 2634/2634 2635/2635 2636/2636 2637/2637
f 2638/2638 2639/2639 2640/2640 2641/2641
f 2642/2642 2643/2643 2644/2644
f 2645/2645 2646/2646 2647/2647
f 2648/2648 2649/2649 2650/2650 2651/2651
f 2652/2652 2653/2653 2654/2654 2655/2655
f 2656/2656 2657/2657 2658/2658
f 2659/2659 2660/2660 2661/2661
f 2662/2662 2663/2663 2664/2664 2665/2665
f 2666/2666 2667/2667 2668/2668 2669/2669
f 2670/2670 2671/2671 2672/2672
f 2673/2673 2674/2674 2675/2675
f 2676/2676 2677/2677 2678/2678 2679/2679
f 2680/2680 2681/2681 2682/2682 2683/2683
f 2684/2684 2685/2685 2686/2686
f 2687/2687 2688/2688 2689/2689
f 2690/2690 2691/2691 2692/2692 2693/2693
f 2694/2694 2695/2695 2696/2696 2697/2697
f 2698/2698 2699/2699 2700/2700
f 2701/2701 2702/2702 2703/2703
f 2704/2704 2705/2705 2706/2706 2707/2707
f 2708/2708 2709/2709 2710/2710 2711/2711
f 2712/2712 2713/2713 2714/2714
f 2715/2715 2716/2716 2717/2717
f 2718/2718 2719/2719 2720/2720 2721/2721
f 2722/2722 2723/2723 2724/2724 2725/2725
f 2726/2726 2727/2727 2728/2728
f 2729/2729 2730/2730 2731/2731
f 2732/2732 2733/2733 2734/2734 2735/2735
f 2736/2736 2737/2737 2738/2738 2739/2739
f 2740/2740 2741/2741 2742/2742
f 2743/2743 2744/2744 2745/2745
f 2746/2746 2747/2747 2748/2748 2749/2749
f 2750/2750 2751/2751 2752/2752 2753/2753
f 2754/2754 2755/2755 2756/2756
f 2757/2757 2758/2758 2759/2759
f 2760/2760 2761/2761 2762/2762 2763/2763
f 2764/2764 2765/2765 2766/2766 2767/2767
f 2768/2768 2769/2769 2770/2770
f 2771/2771 2772/2772 2773/2773
f 2774/2774 2775/2775 2776/2776 2777/2777
f 2778/2778 2779/2779 2780/2780 2781/2781
f 2782/2782 2783/2783 2784/2784
f 2785/2785 2786/2786 2787/2787
f 2788/2788 2789/2789 2790/2790 2791/2791
f 2792/2792 2793/2793 2794/2794 2795/2795
f 2796/2796 2797/2797 2798/2798
f 2799/2799 2800/2800 2801/2801
f 2802/2802 2803/2803 2804/2804 2805/2805
f 2806/2806 2807/2807 2808/2808 2809/2809
f 2810/2810 2811/2811 2812/2812
f 2813/2813 2814/2814 2815/2815
f 2816/2816 2817/2817 2818/2818 2819/2819
f 2820/2820 2821/2821 2822/2822 2823/2823
f 2824/2824 2825/2825 2826/2826
f 2827/2827 2828/2828 2829/2829
f 2830/2830 2831/2831 2832/2832 2833/2833
f 2834/2834 2835/2835 2836/2836 2837/2837
f 2838/2838 2839/2839 2840/2840
f 2841/2841 2842/2842 2843/2843
f 2844/2844 2845/2845 2846/2846 2847/2847
f 2848/2848 2849/2849 2850/2850 2851/2851
f 2852/2852 2853/2853 2854/2854
f 2855/2855 2856/2856 2857/2857
f 2858/2858 2859/2859 2860/2860 2861/2861
f 2862/2862 2863/2863 2864/2864 2865/2865
f 2866/2866 2867/2867 2868/2868
f 2869/2869 2870/2870 2871/2871
f 2872/2872 2873/2873 2874/2874 2875/2875
f 2876/2876 2877/2877 2878/2878 2879/2879
f 2880/2880 2881/2881 2882/2882
f 2883/2883 2884/2884 2885/2885
f 2886/2886 2887/2887 2888/2888 2889/2889
f 2890/2890 2891/2891 2892/2892 2893/2893
f 2894/2894 2895/2895 2896/2896
f 2897/2897 2898/2898 2899/2899
f 2900/2900 2901/2901 2902/2902 2903/2903
f 2904/2904 2905/2905 2906/2906 2907/2907
f 2908/2908 2909/2909 2910/2910
f 2911/2911 2912/2912 2913/2913
f 2914/2914 2915/2915 2916/2916 2917/2917
f 2918/2918 2919/2919 2920/2920 2921/2921
f 2922/2922 2923/2923 2924/2924
f 2925/2925 2926/2926 2927/2927
f 2928/2928 2929/2929 2930/2930 2931/2931
f 2932/2932 2933/2933 2934/2934 2935/2935
f 2936/2936 2937/2937 2938/2938
f 2939/2939 2940/2940 2941/2941
f 2942/2942 2943/2943 2944/2944 2945/2945
f 2946/2946 2947/2947 2948/2948 2949/2949
f 2950/2950 2951/2951 2952/2952
f 2953/2953 2954/2954 2955/2955
f 2956/2956 2957/2957 2958/2958 2959/2959
f 2960/2960 2961/2961 2962/2962 2963/2963
f 2964/2964 2965/2965 2966/2966
f 2967/2967 2968/2968 2969/2969
f 2970/2970 2971/2971 2972/2972 2973/2973
f 2974/2974 2975/2975 2976/2976 2977/2977
f 2978/2978 2979/2979 2980/2980
f 2981/2981 2982/2982 2983/2983
f 2984/2984 2985/2985 2986/2986 2987/2987
f 2988/2988 2989/2989 2990/2990 2991/2991
f 2992/2992 2993/2993 2994/2994
f 2995/2995 2996/2996 2997/2997
f 2998/2998 2999/2999 3000/3000 3001/3001
f 3002/3002 3003/3003 3004/3004 3005/3005
f 3006/3006 3007/3007 3008/3008
f 3009/3009 3010/3010 3011/3011
f 3012/3012 3013/3013 3014/3014 3015/3015
f 3016/3016 3017/3017 3018/3018 3019/3019
f 3020/3020 3021/3021 3022/3022
f 3023/3023 3024/3024 3025/3025
f 3026/3026 3027/3027 3028/3028 3029/3029
f 3030/3030 3031/3031 3032/3032 3033/3033
f 3034/3034 3035/3035 3036/3036
f 3037/3037 3038/3038 3039/3039
f 3040/3040 3041/3041 3042/3042 3043/3043
f 3044/3044 3045/3045 3046/3046 3047/3047
f 3048/3048 3049/3049 3050/3050
f 3051/3051 3052/3052 3053/3053
f 3054/3054 3055/3055 3056/3056 3057/3057
f 3058/3058 3059/3059 3060/3060 3061/3061
f 3062/3062 3063/3063 3064/3064
f 3065/3065 3066/3066 3067/3067
f 3068/3068 3069/3069 3070/3070 3071/3071
f 3072/3072 3073/3073 3074/3074 3075/3075
f 3076/3076 3077/3077 3078/3078
f 3079/3079 3080/3080 3081/3081
f 3082/3082 3083/3083 3084/3084 3085/3085
f 3086/3086 3087/3087 3088/3088 3089/3089
f 3090/3090 3091/3091 3092/3092
f 3093/3093 3094/3094 3095/3095
f 3096/3096 3097/3097 3098/3098 3099/3099
f 3100/3100 3101/3101 3102/3102 3103/3103
f 3104/3104 3105/3105 3106/3106
f 3107/3107 3108/3108 3109/3109
f 3110/3110 3111/3111 3112/3112 3113/3113
f 3114/3114 3115/3115 3116/3116 3117/3117
f 3118/3118 3119/3119 3120/3120
f 3121/3121 3122/3122 3123/3123
f 3124/3124 3125/3125 3126/3126 3127/3127
f 3128/3128 3129/3129 3130/3130 3131/3131
f 3132/3132 3133/3133 3134/3134
f 3135/3135 3136/3136 3137/3137
f 3138/3138 3139/3139 3140/3140 3141/3141
f 3142/3142 3143/3143 3144/3144 3145/3145
f 3146/3146 3147/3147 3148/3148
f 3149/3149 3150/3150 3151/3151
f 3152/3152 3153/3153 3154/3154 3155/3155
f 3156/3156 3157/3157 3158/3158 3159/3159
f 3160/3160 3161/3161 3162/3162
f 3163/3163 3164/3164 3165/3165
f 3166/3166 3167/3167 3168/3168 3169/3169
f 3170/3170 3171/3171 3172/3172 3173/3173
f 3174/3174 3175/3175 3176/3176
f 3177/3177 3178/3178 3179/3179
f 3180/3180 3181/3181 3182/3182 3183/3183
f 3184/3184 3185/3185 3186/3186 3187/3187
f 3188/3188 3189/3189 3190/3190
f 3191/3191 3192/3192 3193/3193
f 3194/3194 3195/3195 3196/3196 3197/3197
f 3198/3198 3199/3199 3200/3200 3201/3201
f 3202/3202 3203/3203 3204/3204
f 3205/3205 3206/3206 3207/3207
f 3208/3208 3209/3209 3210/3210 3211/3211
f 3212/3212 3213/3213 3214/3214 3215/3215
f 3216/3216 3217/3217 3218/3218
f 3219/3219 3220/3220 3221/3221
f 3222/3222 3223/3223 3224/3224 3225/3225
f 3226/3226 3227/3227 3228/3228 3229/3229
f 3230/3230 3231/3231 3232/3232
f 3233/3233 3234/3234 3235/3235
f 3236/3236 3237/3237 3238/3238 3239/3239
f 3240/3240 3241/3241 3242/3242 3243/3243
f 3244/3244 3245/3245 3246/3246
f 3247/3247 3248/3248 3249/3249
f 3250/3250 3251/3251 3252/3252 3253/3253
f 3254/3254 3255/3255 3256/3256 3257/3257
f 3258/3258 3259/3259 3260/3260
f 3261/3261 3262/3262 3263/3263
f 3264/3264 3265/3265 3266/3266 3267/3267
f 3268/3268 3269/3269 3270/3270 3271/3271
f 3272/3272 3273/3273 3274/3274
f 3275/3275 3276/3276 3277/3277
f 3278/3278 3279/3279 3280/3280 3281/3281
f 3282/3282 3283/3283 3284/3284 3285/3285
f 3286/3286 3287/3287 3288/3288
f 3289/3289 3290/3290 3291/3291
f 3292/3292 3293/3293 3294/3294 3295/3295
f 3296/3296 3297/3297 3298/3298 3299/3299
f 3300/3300 3301/3301 3302/3302
f 3303/3303 3304/3304 3305/3305
f 3306/3306 3307/3307 3308/3308 3309/3309
f 3310/3310 3311/3311 3312/3312 3313/3313
f 3314/3314 3315/3315 3316/3316
f 3317/3317 3318/3318 3319/3319
f 3320/3320 3321/3321 3322/3322 3323/3323
f 3324/3324 3325/3325 3326/3326 3327/3327
f 3328/3328 3329/3329 3330/3330
f 3331/3331 3332/3332 3333/3333
f 3334/3334 3335/3335 3336/3336 3337/3337
f 3338/3338 3339/3339 3340/3340 3341/3341
f 3342/3342 3343/3343 3344/3344
f 3345/3345 3346/3346 3347/3347
f 3348/3348 3349/3349 3350/3350 3351/3351
f 3352/3352 3353/3353 3354/3354 3355/3355
f 3356/3356 3357/3357 3358/3358
f 3359/3359 3360/3360 3361/3361
f 3362/3362 3363/3363 3364/3364 3365/3365
f 3366/3366 3367/3367 3368/3368 3369/3369
f 3370/3370 3371/3371 3372/3372
f 3373/3373 3374/3374 3375/3375
f 3376/3376 3377/3377 3378/3378 3379/3379
f 3380/3380 3381/3381 3382/3382 3383/3383
f 3384/3384 3385/3385 3386/3386
f 3387/3387 3388/3388 3389/3389
f 3390/3390 3391/3391 3392/3392 3393/3393
f 3394/3394 3395/3395 3396/3396 3397/3397
f 3398/3398 3399/3399 3400/3400
f 3401/3401 3402/3402 3403/3403
f 3404/3404 3405/3405 3406/3406 3407/3407
f 3408/3408 3409/3409 3410/3410 3411/3411
f 3412/3412 3413/3413 3414/3414
f 3415/3415 3416/3416 3417/3417
f 3418/3418 3419/3419 3420/3420 3421/3421
f 3422/3422 3423/3423 3424/3424 3425/3425
f 3426/3426 3427/3427 3428/3428
f 3429/3429 3430/3430 3431/3431
f 3432/3432 3433/3433 3434/3434 3435/3435
f 3436/3436 3437/3437 3438/3438 3439/3439
f 3440/3440 3441/3441 3442/3442
f 3443/3443 3444/3444 3445/3445
f 3446/3446 3447/3447 3448/3448 3449/3449
f 3450/3450 3451/3451 3452/3452 3453/3453
f 3454/3454 3455/3455 3456/3456
f 3457/3457 3458/3458 3459/3459
f 3460/3460 3461/3461 3462/3462 3463/3463
f 3464/3464 3465/3465 3466/3466 3467/3467
f 3468/3468 3469/3469 3470/3470
f 3471/3471 3472/3472 3473/3473
f 3474/3474 3475/3475 3476/3476 3477/3477
f 3478/3478 3479/3479 3480/3480 3481/3481
f 3482/3482 3483/3483 3484/3484
f 3485/3485 3486/3486 3487/3487
f 3488/3488 3489/3489 3490/3490 3491/3491
f 3492/3492 3493/3493 3494/3494 3495/3495
f 3496/3496 3497/3497 3498/3498
f 3499/3499 3500/3500 3501/3501
f 3502/3502 3503/3503 3504/3504 3505/3505
f 3506/3506 3507/3507 3508/3508 3509/3509
f 3510/3510 3511/3511 3512/3512
f 3513/3513 3514/3514 3515/3515
f 3516/3516 3517/3517 3518/3518 3519/3519
f 3520/3520 3521/3521 3522/3522 3523/3523
f 3524/3524 3525/3525 3526/3526
f 3527/3527 3528/3528 3529/3529
f 3530/3530 3531/3531 3532/3532 3533/3533
f 3534/3534 3535/3535 3536/3536 3537/3537
f 3538/3538 3539/3539 3540/3540
f 3541/3541 3542/3542 3543/3543
f 3544/3544 3545/3545 3546/3546 3547/3547
f 3548/3548 3549/3549 3550/3550 3551/3551
f 3552/3552 3553/3553 3554/3554
f 3555/3555 3556/3556 3557/3557
f 3558/3558 3559/3559 3560/3560 3561/3561
f 3562/3562 3563/3563 3564/3564 3565/3565
f 3566/3566 3567/3567 3568/3568
f 3569/3569 3570/3570 3571/3571
f 3572/3572 3573/3573 3574/3574 3575/3575
f 3576/3576 3577/3577 3578/3578 3579/3579
f 3580/3580 3581/3581 3582/3582
f 3583/3583 3584/3584 3585/3585
f 3586/3586 3587/3587 3588/3588 3589/3589
f 3590/3590 3591/3591 3592/3592 3593/3593
f 3594/3594 3595/3595 3596/3596
f 3597/3597 3598/3598 3599/3599
f 3600/3600 3601/3601 3602/3602 3603/3603
f 3604/3604 3605/3605 3606/3606 3607/3607
f 3608/3608 3609/3609 3610/3610
