# Modelo original generado para Caelum Argenteum.
# Ejes OBJ: X ancho, Y altura, Z profundidad.
o ca_tree_jungle_palo_rosa
v 0.000000 0.000000 -14.000000
v -8.998935 0.040640 -10.724622
v -5.817265 86.828042 -7.399989
v 0.392000 86.800000 -9.660000
v 0.000000 0.000000 0.000000
v -8.998935 0.040640 -10.724622
v 0.000000 0.000000 -14.000000
v -8.998935 0.040640 -10.724622
v -13.787168 0.062265 -2.431074
v -9.121146 86.842963 -1.677441
v -5.817265 86.828042 -7.399989
v 0.000000 0.000000 0.000000
v -13.787168 0.062265 -2.431074
v -8.998935 0.040640 -10.724622
v -13.787168 0.062265 -2.431074
v -12.124232 0.054755 7.000000
v -7.973720 86.837781 4.830000
v -9.121146 86.842963 -1.677441
v 0.000000 0.000000 0.000000
v -12.124232 0.054755 7.000000
v -13.787168 0.062265 -2.431074
v -12.124232 0.054755 7.000000
v -4.788233 0.021624 13.155697
v -2.911881 86.814921 9.077431
v -7.973720 86.837781 4.830000
v 0.000000 0.000000 0.000000
v -4.788233 0.021624 13.155697
v -12.124232 0.054755 7.000000
v -4.788233 0.021624 13.155697
v 4.788233 -0.021624 13.155697
v 3.695881 86.785079 9.077431
v -2.911881 86.814921 9.077431
v 0.000000 0.000000 0.000000
v 4.788233 -0.021624 13.155697
v -4.788233 0.021624 13.155697
v 4.788233 -0.021624 13.155697
v 12.124232 -0.054755 7.000000
v 8.757720 86.762219 4.830000
v 3.695881 86.785079 9.077431
v 0.000000 0.000000 0.000000
v 12.124232 -0.054755 7.000000
v 4.788233 -0.021624 13.155697
v 12.124232 -0.054755 7.000000
v 13.787168 -0.062265 -2.431074
v 9.905146 86.757037 -1.677441
v 8.757720 86.762219 4.830000
v 0.000000 0.000000 0.000000
v 13.787168 -0.062265 -2.431074
v 12.124232 -0.054755 7.000000
v 13.787168 -0.062265 -2.431074
v 8.998935 -0.040640 -10.724622
v 6.601265 86.771958 -7.399989
v 9.905146 86.757037 -1.677441
v 0.000000 0.000000 0.000000
v 8.998935 -0.040640 -10.724622
v 13.787168 -0.062265 -2.431074
v 8.998935 -0.040640 -10.724622
v 0.000000 0.000000 -14.000000
v 0.392000 86.800000 -9.660000
v 6.601265 86.771958 -7.399989
v 0.000000 0.000000 0.000000
v 0.000000 0.000000 -14.000000
v 8.998935 -0.040640 -10.724622
v -0.764324 86.814920 -9.590531
v -6.657957 86.890967 -6.603441
v -2.530585 161.250098 -3.636678
v 0.715184 161.208217 -5.281742
v -6.657957 86.890967 -6.603441
v -9.252837 86.924450 -0.526527
v -3.959649 161.268537 -0.289971
v -2.530585 161.250098 -3.636678
v -9.252837 86.924450 -0.526527
v -7.334791 86.899701 5.796755
v -2.903334 161.254908 3.192416
v -3.959649 161.268537 -0.289971
v -7.334791 86.899701 5.796755
v -1.801293 86.828301 9.407671
v 0.144099 161.215586 5.181036
v -2.903334 161.254908 3.192416
v -1.801293 86.828301 9.407671
v 4.758471 86.743658 8.616633
v 3.756723 161.168971 4.745392
v 0.144099 161.215586 5.181036
v 4.758471 86.743658 8.616633
v 9.275114 86.685379 3.793777
v 6.244150 161.136875 2.089326
v 3.756723 161.168971 4.745392
v 9.275114 86.685379 3.793777
v 9.635250 86.680732 -2.804230
v 6.442486 161.134316 -1.544358
v 6.244150 161.136875 2.089326
v 9.635250 86.680732 -2.804230
v 5.670366 86.731892 -8.090106
v 4.258926 161.162491 -4.455421
v 6.442486 161.134316 -1.544358
v 5.670366 86.731892 -8.090106
v -0.764324 86.814920 -9.590531
v 0.715184 161.208217 -5.281742
v 4.258926 161.162491 -4.455421
v 0.087709 161.226917 -5.167518
v -2.937367 161.291322 -3.145693
v 2.409853 248.016822 -0.579470
v 2.967104 248.004958 -0.951911
v 3.200000 248.000000 0.000000
v 2.967104 248.004958 -0.951911
v 2.409853 248.016822 -0.579470
v -2.937367 161.291322 -3.145693
v -3.955401 161.312996 0.348036
v 2.222321 248.020815 0.064112
v 2.409853 248.016822 -0.579470
v 3.200000 248.000000 0.000000
v 2.409853 248.016822 -0.579470
v 2.222321 248.020815 0.064112
v -3.955401 161.312996 0.348036
v -2.490042 161.281798 3.678916
v 2.492255 248.015068 0.677695
v 2.222321 248.020815 0.064112
v 3.200000 248.000000 0.000000
v 2.222321 248.020815 0.064112
v 2.492255 248.015068 0.677695
v -2.490042 161.281798 3.678916
v 0.773051 161.212326 5.288390
v 3.093351 248.002271 0.974177
v 2.492255 248.015068 0.677695
v 3.200000 248.000000 0.000000
v 2.492255 248.015068 0.677695
v 3.093351 248.002271 0.974177
v 0.773051 161.212326 5.288390
v 4.307040 161.137086 4.423367
v 3.744350 247.988411 0.814831
v 3.093351 248.002271 0.974177
v 3.200000 248.000000 0.000000
v 3.093351 248.002271 0.974177
v 3.744350 247.988411 0.814831
v 4.307040 161.137086 4.423367
v 6.458334 161.091285 1.488602
v 4.140640 247.979973 0.274216
v 3.744350 247.988411 0.814831
v 3.200000 248.000000 0.000000
v 3.744350 247.988411 0.814831
v 4.140640 247.979973 0.274216
v 6.458334 161.091285 1.488602
v 6.220317 161.096352 -2.142696
v 4.096795 247.980907 -0.394707
v 4.140640 247.979973 0.274216
v 3.200000 248.000000 0.000000
v 4.140640 247.979973 0.274216
v 4.096795 247.980907 -0.394707
v 6.220317 161.096352 -2.142696
v 3.704361 161.149917 -4.771404
v 3.633330 247.990774 -0.878943
v 4.096795 247.980907 -0.394707
v 3.200000 248.000000 0.000000
v 4.096795 247.980907 -0.394707
v 3.633330 247.990774 -0.878943
v 3.704361 161.149917 -4.771404
v 0.087709 161.226917 -5.167518
v 2.967104 248.004958 -0.951911
v 3.633330 247.990774 -0.878943
v 3.200000 248.000000 0.000000
v 3.633330 247.990774 -0.878943
v 2.967104 248.004958 -0.951911
v 1.921780 191.051672 -3.192937
v 0.160723 193.832573 -2.384468
v 24.176540 208.920921 -6.589572
v 24.792910 207.947606 -6.872536
v 1.921780 192.188997 0.000000
v 0.160723 193.832573 -2.384468
v 1.921780 191.051672 -3.192937
v 0.160723 193.832573 -2.384468
v 0.160723 194.969898 0.808469
v 24.176540 209.318985 -5.472044
v 24.176540 208.920921 -6.589572
v 1.921780 192.188997 0.000000
v 0.160723 194.969898 0.808469
v 0.160723 193.832573 -2.384468
v 0.160723 194.969898 0.808469
v 1.921780 193.326321 3.192937
v 24.792910 208.743733 -4.637480
v 24.176540 209.318985 -5.472044
v 1.921780 192.188997 0.000000
v 1.921780 193.326321 3.192937
v 0.160723 194.969898 0.808469
v 1.921780 193.326321 3.192937
v 3.682837 190.545420 2.384468
v 25.409280 207.770418 -4.920445
v 24.792910 208.743733 -4.637480
v 1.921780 192.188997 0.000000
v 3.682837 190.545420 2.384468
v 1.921780 193.326321 3.192937
v 3.682837 190.545420 2.384468
v 3.682837 189.408096 -0.808469
v 25.409280 207.372354 -6.037973
v 25.409280 207.770418 -4.920445
v 1.921780 192.188997 0.000000
v 3.682837 189.408096 -0.808469
v 3.682837 190.545420 2.384468
v 3.682837 189.408096 -0.808469
v 1.921780 191.051672 -3.192937
v 24.792910 207.947606 -6.872536
v 25.409280 207.372354 -6.037973
v 1.921780 192.188997 0.000000
v 1.921780 191.051672 -3.192937
v 3.682837 189.408096 -0.808469
v 24.717986 207.981970 -6.881699
v 24.217326 209.006500 -6.554589
v 50.223474 221.955946 -11.304246
v 49.794337 222.834114 -11.023866
v 49.730116 222.522372 -11.989601
v 49.794337 222.834114 -11.023866
v 50.223474 221.955946 -11.304246
v 24.217326 209.006500 -6.554589
v 24.292250 209.370200 -5.427898
v 50.159253 221.644204 -12.269981
v 50.223474 221.955946 -11.304246
v 49.730116 222.522372 -11.989601
v 50.223474 221.955946 -11.304246
v 50.159253 221.644204 -12.269981
v 24.292250 209.370200 -5.427898
v 24.867835 208.709369 -4.628317
v 49.665895 222.210630 -12.955336
v 50.159253 221.644204 -12.269981
v 49.730116 222.522372 -11.989601
v 50.159253 221.644204 -12.269981
v 49.665895 222.210630 -12.955336
v 24.867835 208.709369 -4.628317
v 25.368494 207.684839 -4.955428
v 49.236758 223.088799 -12.674955
v 49.665895 222.210630 -12.955336
v 49.730116 222.522372 -11.989601
v 49.665895 222.210630 -12.955336
v 49.236758 223.088799 -12.674955
v 25.368494 207.684839 -4.955428
v 25.293570 207.321140 -6.082119
v 49.300979 223.400541 -11.709220
v 49.236758 223.088799 -12.674955
v 49.730116 222.522372 -11.989601
v 49.236758 223.088799 -12.674955
v 49.300979 223.400541 -11.709220
v 25.293570 207.321140 -6.082119
v 24.717986 207.981970 -6.881699
v 49.794337 222.834114 -11.023866
v 49.300979 223.400541 -11.709220
v 49.730116 222.522372 -11.989601
v 49.300979 223.400541 -11.709220
v 49.794337 222.834114 -11.023866
v 2.242851 209.774966 -3.187972
v -0.703248 209.987195 -0.724913
v 20.359356 238.547370 20.055775
v 21.390491 238.473090 19.193704
v 2.242851 207.623679 0.000000
v -0.703248 209.987195 -0.724913
v 2.242851 209.774966 -3.187972
v -0.703248 209.987195 -0.724913
v -0.703248 207.835908 2.463060
v 20.359356 237.794420 21.171565
v 20.359356 238.547370 20.055775
v 2.242851 207.623679 0.000000
v -0.703248 207.835908 2.463060
v -0.703248 209.987195 -0.724913
v -0.703248 207.835908 2.463060
v 2.242851 205.472393 3.187972
v 21.390491 236.967190 21.425285
v 20.359356 237.794420 21.171565
v 2.242851 207.623679 0.000000
v 2.242851 205.472393 3.187972
v -0.703248 207.835908 2.463060
v 2.242851 205.472393 3.187972
v 5.188950 205.260164 0.724913
v 22.421626 236.892910 20.563214
v 21.390491 236.967190 21.425285
v 2.242851 207.623679 0.000000
v 5.188950 205.260164 0.724913
v 2.242851 205.472393 3.187972
v 5.188950 205.260164 0.724913
v 5.188950 207.411450 -2.463060
v 22.421626 237.645860 19.447424
v 22.421626 236.892910 20.563214
v 2.242851 207.623679 0.000000
v 5.188950 207.411450 -2.463060
v 5.188950 205.260164 0.724913
v 5.188950 207.411450 -2.463060
v 2.242851 209.774966 -3.187972
v 21.390491 238.473090 19.193704
v 22.421626 237.645860 19.447424
v 2.242851 207.623679 0.000000
v 2.242851 209.774966 -3.187972
v 5.188950 207.411450 -2.463060
v 21.249131 238.552182 19.260855
v 20.304535 238.510342 20.218931
v 43.251492 268.328258 42.389073
v 42.441838 268.292395 43.210281
v 42.320672 269.005574 42.311447
v 42.441838 268.292395 43.210281
v 43.251492 268.328258 42.389073
v 20.304535 238.510342 20.218931
v 20.445895 237.678300 21.267571
v 43.130326 269.041437 41.490239
v 43.251492 268.328258 42.389073
v 42.320672 269.005574 42.311447
v 43.251492 268.328258 42.389073
v 43.130326 269.041437 41.490239
v 20.445895 237.678300 21.267571
v 21.531851 236.888098 21.358134
v 42.199506 269.718753 41.412613
v 43.130326 269.041437 41.490239
v 42.320672 269.005574 42.311447
v 43.130326 269.041437 41.490239
v 42.199506 269.718753 41.412613
v 21.531851 236.888098 21.358134
v 22.476447 236.929937 20.400058
v 41.389853 269.682891 42.233821
v 42.199506 269.718753 41.412613
v 42.320672 269.005574 42.311447
v 42.199506 269.718753 41.412613
v 41.389853 269.682891 42.233821
v 22.476447 236.929937 20.400058
v 22.335087 237.761980 19.351418
v 41.511018 268.969711 43.132655
v 41.389853 269.682891 42.233821
v 42.320672 269.005574 42.311447
v 41.389853 269.682891 42.233821
v 41.511018 268.969711 43.132655
v 22.335087 237.761980 19.351418
v 21.249131 238.552182 19.260855
v 42.441838 268.292395 43.210281
v 41.511018 268.969711 43.132655
v 42.320672 269.005574 42.311447
v 41.511018 268.969711 43.132655
v 42.441838 268.292395 43.210281
v 1.711550 184.524576 -2.247017
v -1.630367 182.794833 -1.339121
v -2.064518 200.965221 26.317329
v -0.894848 201.570631 25.999565
v 1.711550 181.372497 0.000000
v -1.630367 182.794833 -1.339121
v 1.711550 184.524576 -2.247017
v -1.630367 182.794833 -1.339121
v -1.630367 179.642754 0.907896
v -2.064518 199.861993 27.103785
v -2.064518 200.965221 26.317329
v 1.711550 181.372497 0.000000
v -1.630367 179.642754 0.907896
v -1.630367 182.794833 -1.339121
v -1.630367 179.642754 0.907896
v 1.711550 178.220418 2.247017
v -0.894848 199.364176 27.572477
v -2.064518 199.861993 27.103785
v 1.711550 181.372497 0.000000
v 1.711550 178.220418 2.247017
v -1.630367 179.642754 0.907896
v 1.711550 178.220418 2.247017
v 5.053466 179.950161 1.339121
v 0.274823 199.969586 27.254714
v -0.894848 199.364176 27.572477
v 1.711550 181.372497 0.000000
v 5.053466 179.950161 1.339121
v 1.711550 178.220418 2.247017
v 5.053466 179.950161 1.339121
v 5.053466 183.102240 -0.907896
v 0.274823 201.072813 26.468258
v 0.274823 199.969586 27.254714
v 1.711550 181.372497 0.000000
v 5.053466 183.102240 -0.907896
v 5.053466 179.950161 1.339121
v 5.053466 183.102240 -0.907896
v 1.711550 184.524576 -2.247017
v -0.894848 201.570631 25.999565
v 0.274823 201.072813 26.468258
v 1.711550 181.372497 0.000000
v 1.711550 184.524576 -2.247017
v 5.053466 183.102240 -0.907896
v -1.056529 201.619612 26.091832
v -2.136915 200.875571 26.430644
v -2.511186 217.224383 56.108820
v -3.437231 216.586633 56.399230
v -3.575815 217.574241 55.804211
v -3.437231 216.586633 56.399230
v -2.511186 217.224383 56.108820
v -2.136915 200.875571 26.430644
v -1.975233 199.723362 27.124833
v -2.649770 218.211990 55.513801
v -2.511186 217.224383 56.108820
v -3.575815 217.574241 55.804211
v -2.511186 217.224383 56.108820
v -2.649770 218.211990 55.513801
v -1.975233 199.723362 27.124833
v -0.733166 199.315195 27.480210
v -3.714399 218.561848 55.209192
v -2.649770 218.211990 55.513801
v -3.575815 217.574241 55.804211
v -2.649770 218.211990 55.513801
v -3.714399 218.561848 55.209192
v -0.733166 199.315195 27.480210
v 0.347219 200.059236 27.141399
v -4.640444 217.924099 55.499602
v -3.714399 218.561848 55.209192
v -3.575815 217.574241 55.804211
v -3.714399 218.561848 55.209192
v -4.640444 217.924099 55.499602
v 0.347219 200.059236 27.141399
v 0.185538 201.211444 26.447209
v -4.501860 216.936491 56.094621
v -4.640444 217.924099 55.499602
v -3.575815 217.574241 55.804211
v -4.640444 217.924099 55.499602
v -4.501860 216.936491 56.094621
v 0.185538 201.211444 26.447209
v -1.056529 201.619612 26.091832
v -3.437231 216.586633 56.399230
v -4.501860 216.936491 56.094621
v -3.575815 217.574241 55.804211
v -4.501860 216.936491 56.094621
v -3.437231 216.586633 56.399230
v 2.126241 204.997976 -1.227301
v -0.148227 203.012739 -1.919041
v -12.225781 211.047943 19.239066
v -11.429718 211.742775 19.481175
v 2.126241 202.154280 0.000000
v -0.148227 203.012739 -1.919041
v 2.126241 204.997976 -1.227301
v -0.148227 203.012739 -1.919041
v -0.148227 200.169043 -0.691740
v -12.225781 210.052649 19.668621
v -12.225781 211.047943 19.239066
v 2.126241 202.154280 0.000000
v -0.148227 200.169043 -0.691740
v -0.148227 203.012739 -1.919041
v -0.148227 200.169043 -0.691740
v 2.126241 199.310584 1.227301
v -11.429718 209.752188 20.340286
v -12.225781 210.052649 19.668621
v 2.126241 202.154280 0.000000
v 2.126241 199.310584 1.227301
v -0.148227 200.169043 -0.691740
v 2.126241 199.310584 1.227301
v 4.400709 201.295821 1.919041
v -10.633654 210.447021 20.582395
v -11.429718 209.752188 20.340286
v 2.126241 202.154280 0.000000
v 4.400709 201.295821 1.919041
v 2.126241 199.310584 1.227301
v 4.400709 201.295821 1.919041
v 4.400709 204.139517 0.691740
v -10.633654 211.442315 20.152839
v -10.633654 210.447021 20.582395
v 2.126241 202.154280 0.000000
v 4.400709 204.139517 0.691740
v 4.400709 201.295821 1.919041
v 4.400709 204.139517 0.691740
v 2.126241 204.997976 -1.227301
v -11.429718 211.742775 19.481175
v -10.633654 211.442315 20.152839
v 2.126241 202.154280 0.000000
v 2.126241 204.997976 -1.227301
v 4.400709 204.139517 0.691740
v -11.537758 211.801632 19.682212
v -12.259706 211.087866 19.302138
v -25.226734 213.644684 42.002339
v -25.845547 213.032884 41.676561
v -25.938153 213.936442 41.480688
v -25.845547 213.032884 41.676561
v -25.226734 213.644684 42.002339
v -12.259706 211.087866 19.302138
v -12.151666 210.033716 19.530657
v -25.319340 214.548241 41.806465
v -25.226734 213.644684 42.002339
v -25.938153 213.936442 41.480688
v -25.226734 213.644684 42.002339
v -25.319340 214.548241 41.806465
v -12.151666 210.033716 19.530657
v -11.321677 209.693331 20.139249
v -26.030759 214.839999 41.284815
v -25.319340 214.548241 41.806465
v -25.938153 213.936442 41.480688
v -25.319340 214.548241 41.806465
v -26.030759 214.839999 41.284815
v -11.321677 209.693331 20.139249
v -10.599729 210.407097 20.519322
v -26.649571 214.228200 40.959038
v -26.030759 214.839999 41.284815
v -25.938153 213.936442 41.480688
v -26.030759 214.839999 41.284815
v -26.649571 214.228200 40.959038
v -10.599729 210.407097 20.519322
v -10.707769 211.461248 20.290804
v -26.556965 213.324642 41.154911
v -26.649571 214.228200 40.959038
v -25.938153 213.936442 41.480688
v -26.649571 214.228200 40.959038
v -26.556965 213.324642 41.154911
v -10.707769 211.461248 20.290804
v -11.537758 211.801632 19.682212
v -25.845547 213.032884 41.676561
v -26.556965 213.324642 41.154911
v -25.938153 213.936442 41.480688
v -26.556965 213.324642 41.154911
v -25.845547 213.032884 41.676561
v 2.034766 197.731132 -2.772768
v 0.009747 196.453843 -1.373914
v -18.239884 227.996550 -0.777428
v -17.531127 228.443601 -1.267027
v 2.034766 197.757921 0.000000
v 0.009747 196.453843 -1.373914
v 2.034766 197.731132 -2.772768
v 0.009747 196.453843 -1.373914
v 0.009747 196.480632 1.398854
v -18.239884 228.005926 0.193040
v -18.239884 227.996550 -0.777428
v 2.034766 197.757921 0.000000
v 0.009747 196.480632 1.398854
v 0.009747 196.453843 -1.373914
v 0.009747 196.480632 1.398854
v 2.034766 197.784710 2.772768
v -17.531127 228.462353 0.673910
v -18.239884 228.005926 0.193040
v 2.034766 197.757921 0.000000
v 2.034766 197.784710 2.772768
v 0.009747 196.480632 1.398854
v 2.034766 197.784710 2.772768
v 4.059784 199.061999 1.373914
v -16.822371 228.909404 0.184312
v -17.531127 228.462353 0.673910
v 2.034766 197.757921 0.000000
v 4.059784 199.061999 1.373914
v 2.034766 197.784710 2.772768
v 4.059784 199.061999 1.373914
v 4.059784 199.035210 -1.398854
v -16.822371 228.900028 -0.786157
v -16.822371 228.909404 0.184312
v 2.034766 197.757921 0.000000
v 4.059784 199.035210 -1.398854
v 4.059784 199.061999 1.373914
v 4.059784 199.035210 -1.398854
v 2.034766 197.731132 -2.772768
v -17.531127 228.443601 -1.267027
v -16.822371 228.900028 -0.786157
v 2.034766 197.757921 0.000000
v 2.034766 197.731132 -2.772768
v 4.059784 199.035210 -1.398854
v -17.629942 228.382770 -1.259473
v -18.290247 227.979972 -0.673256
v -37.907273 262.859959 -0.294946
v -38.473248 262.514704 0.207525
v -38.557947 262.454527 -0.617830
v -38.473248 262.514704 0.207525
v -37.907273 262.859959 -0.294946
v -18.290247 227.979972 -0.673256
v -18.191431 228.050179 0.289658
v -37.991972 262.799782 -1.120301
v -37.907273 262.859959 -0.294946
v -38.557947 262.454527 -0.617830
v -37.907273 262.859959 -0.294946
v -37.991972 262.799782 -1.120301
v -18.191431 228.050179 0.289658
v -17.432312 228.523183 0.666356
v -38.642646 262.394350 -1.443185
v -37.991972 262.799782 -1.120301
v -38.557947 262.454527 -0.617830
v -37.991972 262.799782 -1.120301
v -38.642646 262.394350 -1.443185
v -17.432312 228.523183 0.666356
v -16.772008 228.925982 0.080140
v -39.208621 262.049094 -0.940714
v -38.642646 262.394350 -1.443185
v -38.557947 262.454527 -0.617830
v -38.642646 262.394350 -1.443185
v -39.208621 262.049094 -0.940714
v -16.772008 228.925982 0.080140
v -16.870823 228.855775 -0.882774
v -39.123922 262.109271 -0.115359
v -39.208621 262.049094 -0.940714
v -38.557947 262.454527 -0.617830
v -39.208621 262.049094 -0.940714
v -39.123922 262.109271 -0.115359
v -16.870823 228.855775 -0.882774
v -17.629942 228.382770 -1.259473
v -38.473248 262.514704 0.207525
v -39.123922 262.109271 -0.115359
v -38.557947 262.454527 -0.617830
v -39.123922 262.109271 -0.115359
v -38.473248 262.514704 0.207525
v 2.096736 198.460661 -1.433392
v 0.077879 198.978569 0.280356
v -12.680762 212.950782 -20.353079
v -11.974162 212.769514 -20.952891
v 2.096736 200.746778 0.000000
v 0.077879 198.978569 0.280356
v 2.096736 198.460661 -1.433392
v 0.077879 198.978569 0.280356
v 0.077879 201.264687 1.713748
v -12.680762 213.750923 -19.851392
v -12.680762 212.950782 -20.353079
v 2.096736 200.746778 0.000000
v 0.077879 201.264687 1.713748
v 0.077879 198.978569 0.280356
v 0.077879 201.264687 1.713748
v 2.096736 203.032896 1.433392
v -11.974162 214.369796 -19.949516
v -12.680762 213.750923 -19.851392
v 2.096736 200.746778 0.000000
v 2.096736 203.032896 1.433392
v 0.077879 201.264687 1.713748
v 2.096736 203.032896 1.433392
v 4.115593 202.514987 -0.280356
v -11.267562 214.188528 -20.549328
v -11.974162 214.369796 -19.949516
v 2.096736 200.746778 0.000000
v 4.115593 202.514987 -0.280356
v 2.096736 203.032896 1.433392
v 4.115593 202.514987 -0.280356
v 4.115593 200.228870 -1.713748
v -11.267562 213.388387 -21.051015
v -11.267562 214.188528 -20.549328
v 2.096736 200.746778 0.000000
v 4.115593 200.228870 -1.713748
v 4.115593 202.514987 -0.280356
v 4.115593 200.228870 -1.713748
v 2.096736 198.460661 -1.433392
v -11.974162 212.769514 -20.952891
v -11.267562 213.388387 -21.051015
v 2.096736 200.746778 0.000000
v 2.096736 198.460661 -1.433392
v 4.115593 200.228870 -1.713748
v -12.069862 212.679634 -20.752234
v -12.709353 213.050720 -20.164643
v -26.412743 223.128356 -42.852297
v -26.960878 223.446430 -42.348647
v -27.042907 222.683555 -42.606674
v -26.960878 223.446430 -42.348647
v -26.412743 223.128356 -42.852297
v -12.709353 213.050720 -20.164643
v -12.613652 213.940741 -19.863612
v -26.494772 222.365481 -43.110323
v -26.412743 223.128356 -42.852297
v -27.042907 222.683555 -42.606674
v -26.412743 223.128356 -42.852297
v -26.494772 222.365481 -43.110323
v -12.613652 213.940741 -19.863612
v -11.878461 214.459676 -20.150173
v -27.124936 221.920679 -42.864700
v -26.494772 222.365481 -43.110323
v -27.042907 222.683555 -42.606674
v -26.494772 222.365481 -43.110323
v -27.124936 221.920679 -42.864700
v -11.878461 214.459676 -20.150173
v -11.238971 214.088590 -20.737764
v -27.673070 222.238753 -42.361051
v -27.124936 221.920679 -42.864700
v -27.042907 222.683555 -42.606674
v -27.124936 221.920679 -42.864700
v -27.673070 222.238753 -42.361051
v -11.238971 214.088590 -20.737764
v -11.334672 213.198569 -21.038794
v -27.591041 223.001628 -42.103024
v -27.673070 222.238753 -42.361051
v -27.042907 222.683555 -42.606674
v -27.673070 222.238753 -42.361051
v -27.591041 223.001628 -42.103024
v -11.334672 213.198569 -21.038794
v -12.069862 212.679634 -20.752234
v -26.960878 223.446430 -42.348647
v -27.591041 223.001628 -42.103024
v -27.042907 222.683555 -42.606674
v -27.591041 223.001628 -42.103024
v -26.960878 223.446430 -42.348647
v 2.176641 201.812333 -1.084594
v -0.275455 202.930564 0.069675
v -5.968118 214.008759 -25.176157
v -5.109885 213.617378 -25.580152
v 2.176641 204.536155 0.000000
v -0.275455 202.930564 0.069675
v 2.176641 201.812333 -1.084594
v -0.275455 202.930564 0.069675
v -0.275455 205.654386 1.154269
v -5.968118 214.962097 -24.796549
v -5.968118 214.008759 -25.176157
v 2.176641 204.536155 0.000000
v -0.275455 205.654386 1.154269
v -0.275455 202.930564 0.069675
v -0.275455 205.654386 1.154269
v 2.176641 207.259977 1.084594
v -5.109885 215.524054 -24.820936
v -5.968118 214.962097 -24.796549
v 2.176641 204.536155 0.000000
v 2.176641 207.259977 1.084594
v -0.275455 205.654386 1.154269
v 2.176641 207.259977 1.084594
v 4.628736 206.141746 -0.069675
v -4.251651 215.132673 -25.224930
v -5.109885 215.524054 -24.820936
v 2.176641 204.536155 0.000000
v 4.628736 206.141746 -0.069675
v 2.176641 207.259977 1.084594
v 4.628736 206.141746 -0.069675
v 4.628736 203.417924 -1.154269
v -4.251651 214.179335 -25.604538
v -4.251651 215.132673 -25.224930
v 2.176641 204.536155 0.000000
v 4.628736 203.417924 -1.154269
v 4.628736 206.141746 -0.069675
v 4.628736 203.417924 -1.154269
v 2.176641 201.812333 -1.084594
v -5.109885 213.617378 -25.580152
v -4.251651 214.179335 -25.604538
v 2.176641 204.536155 0.000000
v 2.176641 201.812333 -1.084594
v 4.628736 203.417924 -1.154269
v -5.228214 213.560054 -25.332891
v -6.018913 214.132018 -25.015703
v -12.043067 219.424745 -52.659567
v -12.720809 219.914999 -52.387692
v -12.822234 219.048718 -52.501133
v -12.720809 219.914999 -52.387692
v -12.043067 219.424745 -52.659567
v -6.018913 214.132018 -25.015703
v -5.900584 215.142679 -24.883356
v -12.144492 218.558464 -52.773007
v -12.043067 219.424745 -52.659567
v -12.822234 219.048718 -52.501133
v -12.043067 219.424745 -52.659567
v -12.144492 218.558464 -52.773007
v -5.900584 215.142679 -24.883356
v -4.991555 215.581378 -25.068197
v -12.923659 218.182436 -52.614573
v -12.144492 218.558464 -52.773007
v -12.822234 219.048718 -52.501133
v -12.144492 218.558464 -52.773007
v -12.923659 218.182436 -52.614573
v -4.991555 215.581378 -25.068197
v -4.200856 215.009415 -25.385384
v -13.601401 218.672690 -52.342698
v -12.923659 218.182436 -52.614573
v -12.822234 219.048718 -52.501133
v -12.923659 218.182436 -52.614573
v -13.601401 218.672690 -52.342698
v -4.200856 215.009415 -25.385384
v -4.319185 213.998753 -25.517731
v -13.499976 219.538972 -52.229258
v -13.601401 218.672690 -52.342698
v -12.822234 219.048718 -52.501133
v -13.601401 218.672690 -52.342698
v -13.499976 219.538972 -52.229258
v -4.319185 213.998753 -25.517731
v -5.228214 213.560054 -25.332891
v -12.720809 219.914999 -52.387692
v -13.499976 219.538972 -52.229258
v -12.822234 219.048718 -52.501133
v -13.499976 219.538972 -52.229258
v -12.720809 219.914999 -52.387692
v 1.827399 185.256766 -3.521240
v -1.468155 187.514653 -2.482973
v 12.791717 212.053713 -15.918050
v 13.945161 211.263453 -16.281443
v 1.827399 187.410274 0.000000
v -1.468155 187.514653 -2.482973
v 1.827399 185.256766 -3.521240
v -1.468155 187.514653 -2.482973
v -1.468155 189.668161 1.038266
v 12.791717 212.807441 -14.685616
v 12.791717 212.053713 -15.918050
v 1.827399 187.410274 0.000000
v -1.468155 189.668161 1.038266
v -1.468155 187.514653 -2.482973
v -1.468155 189.668161 1.038266
v 1.827399 189.563782 3.521240
v 13.945161 212.770908 -13.816575
v 12.791717 212.807441 -14.685616
v 1.827399 187.410274 0.000000
v 1.827399 189.563782 3.521240
v -1.468155 189.668161 1.038266
v 1.827399 189.563782 3.521240
v 5.122953 187.305895 2.482973
v 15.098604 211.980648 -14.179969
v 13.945161 212.770908 -13.816575
v 1.827399 187.410274 0.000000
v 5.122953 187.305895 2.482973
v 1.827399 189.563782 3.521240
v 5.122953 187.305895 2.482973
v 5.122953 185.152387 -1.038266
v 15.098604 211.226920 -15.412402
v 15.098604 211.980648 -14.179969
v 1.827399 187.410274 0.000000
v 5.122953 185.152387 -1.038266
v 5.122953 187.305895 2.482973
v 5.122953 185.152387 -1.038266
v 1.827399 185.256766 -3.521240
v 13.945161 211.263453 -16.281443
v 15.098604 211.226920 -15.412402
v 1.827399 187.410274 0.000000
v 1.827399 185.256766 -3.521240
v 5.122953 185.152387 -1.038266
v 13.786136 211.322441 -16.305611
v 12.723503 212.163975 -15.805980
v 28.272153 238.339672 -30.703271
v 27.361325 239.060986 -30.275015
v 27.225019 238.465496 -31.352103
v 27.361325 239.060986 -30.275015
v 28.272153 238.339672 -30.703271
v 12.723503 212.163975 -15.805980
v 12.882528 212.858714 -14.549378
v 28.135847 237.744181 -31.780358
v 28.272153 238.339672 -30.703271
v 27.225019 238.465496 -31.352103
v 28.272153 238.339672 -30.703271
v 28.135847 237.744181 -31.780358
v 12.882528 212.858714 -14.549378
v 14.104185 212.711919 -13.792407
v 27.088712 237.870005 -32.429190
v 28.135847 237.744181 -31.780358
v 27.225019 238.465496 -31.352103
v 28.135847 237.744181 -31.780358
v 27.088712 237.870005 -32.429190
v 14.104185 212.711919 -13.792407
v 15.166818 211.870386 -14.292039
v 26.177884 238.591320 -32.000934
v 27.088712 237.870005 -32.429190
v 27.225019 238.465496 -31.352103
v 27.088712 237.870005 -32.429190
v 26.177884 238.591320 -32.000934
v 15.166818 211.870386 -14.292039
v 15.007793 211.175647 -15.548641
v 26.314191 239.186810 -30.923847
v 26.177884 238.591320 -32.000934
v 27.225019 238.465496 -31.352103
v 26.177884 238.591320 -32.000934
v 26.314191 239.186810 -30.923847
v 15.007793 211.175647 -15.548641
v 13.786136 211.322441 -16.305611
v 27.361325 239.060986 -30.275015
v 26.314191 239.186810 -30.923847
v 27.225019 238.465496 -31.352103
v 26.314191 239.186810 -30.923847
v 27.361325 239.060986 -30.275015
v 49.730116 205.914441 -11.989601
v 65.309159 211.550390 -0.590826
v 69.399527 211.570706 -11.989601
v 69.399527 211.570706 -11.989601
v 65.309159 211.550390 -0.590826
v 71.398287 225.453183 3.864428
v 79.072191 225.453183 -11.989601
v 79.072191 225.453183 -11.989601
v 71.398287 225.453183 3.864428
v 67.635736 240.730927 1.111469
v 72.790853 237.681755 -11.989601
v 49.730116 244.991925 -11.989601
v 72.790853 237.681755 -11.989601
v 67.635736 240.730927 1.111469
v 49.730116 205.914441 -11.989601
v 49.730116 211.705422 2.469022
v 65.309159 211.550390 -0.590826
v 65.309159 211.550390 -0.590826
v 49.730116 211.705422 2.469022
v 49.730116 225.453183 12.195635
v 71.398287 225.453183 3.864428
v 71.398287 225.453183 3.864428
v 49.730116 225.453183 12.195635
v 49.730116 241.353874 6.686863
v 67.635736 240.730927 1.111469
v 49.730116 244.991925 -11.989601
v 67.635736 240.730927 1.111469
v 49.730116 241.353874 6.686863
v 49.730116 205.914441 -11.989601
v 32.092106 212.799561 0.915666
v 49.730116 211.705422 2.469022
v 49.730116 211.705422 2.469022
v 32.092106 212.799561 0.915666
v 27.779745 225.453183 4.070907
v 49.730116 225.453183 12.195635
v 49.730116 225.453183 12.195635
v 27.779745 225.453183 4.070907
v 34.407496 239.424185 -0.778444
v 49.730116 241.353874 6.686863
v 49.730116 244.991925 -11.989601
v 49.730116 241.353874 6.686863
v 34.407496 239.424185 -0.778444
v 49.730116 205.914441 -11.989601
v 25.997832 210.209587 -11.989601
v 32.092106 212.799561 0.915666
v 32.092106 212.799561 0.915666
v 25.997832 210.209587 -11.989601
v 20.676652 225.453183 -11.989601
v 27.779745 225.453183 4.070907
v 27.779745 225.453183 4.070907
v 20.676652 225.453183 -11.989601
v 27.980130 237.481600 -11.989601
v 34.407496 239.424185 -0.778444
v 49.730116 244.991925 -11.989601
v 34.407496 239.424185 -0.778444
v 27.980130 237.481600 -11.989601
v 49.730116 205.914441 -11.989601
v 33.037788 213.404439 -24.202937
v 25.997832 210.209587 -11.989601
v 25.997832 210.209587 -11.989601
v 33.037788 213.404439 -24.202937
v 25.024231 225.453183 -30.066245
v 20.676652 225.453183 -11.989601
v 20.676652 225.453183 -11.989601
v 25.024231 225.453183 -30.066245
v 32.940332 240.921374 -24.274244
v 27.980130 237.481600 -11.989601
v 49.730116 244.991925 -11.989601
v 27.980130 237.481600 -11.989601
v 32.940332 240.921374 -24.274244
v 49.730116 205.914441 -11.989601
v 49.730116 209.487271 -30.032612
v 33.037788 213.404439 -24.202937
v 33.037788 213.404439 -24.202937
v 49.730116 209.487271 -30.032612
v 49.730116 225.453183 -31.409179
v 25.024231 225.453183 -30.066245
v 25.024231 225.453183 -30.066245
v 49.730116 225.453183 -31.409179
v 49.730116 237.422288 -27.868376
v 32.940332 240.921374 -24.274244
v 49.730116 244.991925 -11.989601
v 32.940332 240.921374 -24.274244
v 49.730116 237.422288 -27.868376
v 49.730116 205.914441 -11.989601
v 65.340819 209.517588 -23.411540
v 49.730116 209.487271 -30.032612
v 49.730116 209.487271 -30.032612
v 65.340819 209.517588 -23.411540
v 72.989572 225.453183 -29.007931
v 49.730116 225.453183 -31.409179
v 49.730116 225.453183 -31.409179
v 72.989572 225.453183 -29.007931
v 67.402572 239.896625 -24.920070
v 49.730116 237.422288 -27.868376
v 49.730116 244.991925 -11.989601
v 49.730116 237.422288 -27.868376
v 67.402572 239.896625 -24.920070
v 49.730116 205.914441 -11.989601
v 69.399527 211.570706 -11.989601
v 65.340819 209.517588 -23.411540
v 65.340819 209.517588 -23.411540
v 69.399527 211.570706 -11.989601
v 79.072191 225.453183 -11.989601
v 72.989572 225.453183 -29.007931
v 72.989572 225.453183 -29.007931
v 79.072191 225.453183 -11.989601
v 72.790853 237.681755 -11.989601
v 67.402572 239.896625 -24.920070
v 49.730116 244.991925 -11.989601
v 67.402572 239.896625 -24.920070
v 72.790853 237.681755 -11.989601
v 42.320672 257.964585 42.311447
v 52.046194 260.993870 49.423571
v 55.634799 262.719346 42.311447
v 55.634799 262.719346 42.311447
v 52.046194 260.993870 49.423571
v 58.338531 270.953984 54.025059
v 65.541800 270.953984 42.311447
v 65.541800 270.953984 42.311447
v 58.338531 270.953984 54.025059
v 52.738925 279.010769 49.930154
v 58.987982 279.894759 42.311447
v 42.320672 283.943383 42.311447
v 58.987982 279.894759 42.311447
v 52.738925 279.010769 49.930154
v 42.320672 257.964585 42.311447
v 42.320672 263.235434 52.814977
v 52.046194 260.993870 49.423571
v 52.046194 260.993870 49.423571
v 42.320672 263.235434 52.814977
v 42.320672 270.953984 56.484356
v 58.338531 270.953984 54.025059
v 58.338531 270.953984 54.025059
v 42.320672 270.953984 56.484356
v 42.320672 280.427374 52.004792
v 52.738925 279.010769 49.930154
v 42.320672 283.943383 42.311447
v 52.738925 279.010769 49.930154
v 42.320672 280.427374 52.004792
v 42.320672 257.964585 42.311447
v 33.397240 260.371508 48.837015
v 42.320672 263.235434 52.814977
v 42.320672 263.235434 52.814977
v 33.397240 260.371508 48.837015
v 28.876330 270.953984 52.143086
v 42.320672 270.953984 56.484356
v 42.320672 270.953984 56.484356
v 28.876330 270.953984 52.143086
v 32.269318 279.664885 49.661846
v 42.320672 280.427374 52.004792
v 42.320672 283.943383 42.311447
v 42.320672 280.427374 52.004792
v 32.269318 279.664885 49.661846
v 42.320672 257.964585 42.311447
v 26.088863 261.932225 42.311447
v 33.397240 260.371508 48.837015
v 33.397240 260.371508 48.837015
v 26.088863 261.932225 42.311447
v 21.716768 270.953984 42.311447
v 28.876330 270.953984 52.143086
v 28.876330 270.953984 52.143086
v 21.716768 270.953984 42.311447
v 28.162103 280.753452 42.311447
v 32.269318 279.664885 49.661846
v 42.320672 283.943383 42.311447
v 32.269318 279.664885 49.661846
v 28.162103 280.753452 42.311447
v 42.320672 257.964585 42.311447
v 30.566550 260.578546 33.715839
v 26.088863 261.932225 42.311447
v 26.088863 261.932225 42.311447
v 30.566550 260.578546 33.715839
v 28.840985 270.953984 32.453960
v 21.716768 270.953984 42.311447
v 21.716768 270.953984 42.311447
v 28.840985 270.953984 32.453960
v 32.894338 279.458653 35.418114
v 28.162103 280.753452 42.311447
v 42.320672 283.943383 42.311447
v 28.162103 280.753452 42.311447
v 32.894338 279.458653 35.418114
v 42.320672 257.964585 42.311447
v 42.320672 262.637496 30.854307
v 30.566550 260.578546 33.715839
v 30.566550 260.578546 33.715839
v 42.320672 262.637496 30.854307
v 42.320672 270.953984 26.008891
v 28.840985 270.953984 32.453960
v 28.840985 270.953984 32.453960
v 42.320672 270.953984 26.008891
v 42.320672 279.524711 32.182430
v 32.894338 279.458653 35.418114
v 42.320672 283.943383 42.311447
v 32.894338 279.458653 35.418114
v 42.320672 279.524711 32.182430
v 42.320672 257.964585 42.311447
v 51.447173 262.110976 35.637378
v 42.320672 262.637496 30.854307
v 42.320672 262.637496 30.854307
v 51.447173 262.110976 35.637378
v 55.242998 270.953984 32.861550
v 42.320672 270.953984 26.008891
v 42.320672 270.953984 26.008891
v 55.242998 270.953984 32.861550
v 51.409662 279.178469 35.664809
v 42.320672 279.524711 32.182430
v 42.320672 283.943383 42.311447
v 42.320672 279.524711 32.182430
v 51.409662 279.178469 35.664809
v 42.320672 257.964585 42.311447
v 55.634799 262.719346 42.311447
v 51.447173 262.110976 35.637378
v 51.447173 262.110976 35.637378
v 55.634799 262.719346 42.311447
v 65.541800 270.953984 42.311447
v 55.242998 270.953984 32.861550
v 55.242998 270.953984 32.861550
v 65.541800 270.953984 42.311447
v 58.987982 279.894759 42.311447
v 51.409662 279.178469 35.664809
v 42.320672 283.943383 42.311447
v 51.409662 279.178469 35.664809
v 58.987982 279.894759 42.311447
v -3.575815 204.394477 55.804211
v 10.471815 208.849547 68.671947
v 15.589384 208.524729 55.804211
v 15.589384 208.524729 55.804211
v 10.471815 208.849547 68.671947
v 15.201288 219.900082 73.004181
v 23.665851 219.900082 55.804211
v 23.665851 219.900082 55.804211
v 15.201288 219.900082 73.004181
v 8.614864 232.061417 66.970966
v 11.898440 230.040736 55.804211
v -3.575815 235.405687 55.804211
v 11.898440 230.040736 55.804211
v 8.614864 232.061417 66.970966
v -3.575815 204.394477 55.804211
v -3.575815 210.546298 74.368329
v 10.471815 208.849547 68.671947
v 10.471815 208.849547 68.671947
v -3.575815 210.546298 74.368329
v -3.575815 219.900082 77.797042
v 15.201288 219.900082 73.004181
v 15.201288 219.900082 73.004181
v -3.575815 219.900082 77.797042
v -3.575815 232.293000 72.043614
v 8.614864 232.061417 66.970966
v -3.575815 235.405687 55.804211
v 8.614864 232.061417 66.970966
v -3.575815 232.293000 72.043614
v -3.575815 204.394477 55.804211
v -14.470219 207.996863 65.783568
v -3.575815 210.546298 74.368329
v -3.575815 210.546298 74.368329
v -14.470219 207.996863 65.783568
v -22.183527 219.900082 72.849016
v -3.575815 219.900082 77.797042
v -3.575815 219.900082 77.797042
v -22.183527 219.900082 72.849016
v -16.404320 232.530276 67.555218
v -3.575815 232.293000 72.043614
v -3.575815 235.405687 55.804211
v -3.575815 232.293000 72.043614
v -16.404320 232.530276 67.555218
v -3.575815 204.394477 55.804211
v -23.685241 209.933640 55.804211
v -14.470219 207.996863 65.783568
v -14.470219 207.996863 65.783568
v -23.685241 209.933640 55.804211
v -32.185036 219.900082 55.804211
v -22.183527 219.900082 72.849016
v -22.183527 219.900082 72.849016
v -32.185036 219.900082 55.804211
v -19.280681 230.509812 55.804211
v -16.404320 232.530276 67.555218
v -3.575815 235.405687 55.804211
v -16.404320 232.530276 67.555218
v -19.280681 230.509812 55.804211
v -3.575815 204.394477 55.804211
v -14.144766 209.607728 46.122972
v -23.685241 209.933640 55.804211
v -23.685241 209.933640 55.804211
v -14.144766 209.607728 46.122972
v -22.155240 219.900082 38.785317
v -32.185036 219.900082 55.804211
v -32.185036 219.900082 55.804211
v -22.155240 219.900082 38.785317
v -17.611741 229.204110 42.947196
v -19.280681 230.509812 55.804211
v -3.575815 235.405687 55.804211
v -19.280681 230.509812 55.804211
v -17.611741 229.204110 42.947196
v -3.575815 204.394477 55.804211
v -3.575815 207.743125 38.501154
v -14.144766 209.607728 46.122972
v -14.144766 209.607728 46.122972
v -3.575815 207.743125 38.501154
v -3.575815 219.900082 34.125915
v -22.155240 219.900082 38.785317
v -22.155240 219.900082 38.785317
v -3.575815 219.900082 34.125915
v -3.575815 230.419576 38.079431
v -17.611741 229.204110 42.947196
v -3.575815 235.405687 55.804211
v -17.611741 229.204110 42.947196
v -3.575815 230.419576 38.079431
v -3.575815 204.394477 55.804211
v 9.717453 208.423518 43.627477
v -3.575815 207.743125 38.501154
v -3.575815 207.743125 38.501154
v 9.717453 208.423518 43.627477
v 11.703489 219.900082 41.808252
v -3.575815 219.900082 34.125915
v -3.575815 219.900082 34.125915
v 11.703489 219.900082 41.808252
v 10.548528 232.246105 42.866205
v -3.575815 230.419576 38.079431
v -3.575815 235.405687 55.804211
v -3.575815 230.419576 38.079431
v 10.548528 232.246105 42.866205
v -3.575815 204.394477 55.804211
v 15.589384 208.524729 55.804211
v 9.717453 208.423518 43.627477
v 9.717453 208.423518 43.627477
v 15.589384 208.524729 55.804211
v 23.665851 219.900082 55.804211
v 11.703489 219.900082 41.808252
v 11.703489 219.900082 41.808252
v 23.665851 219.900082 55.804211
v 11.898440 230.040736 55.804211
v 10.548528 232.246105 42.866205
v -3.575815 235.405687 55.804211
v 10.548528 232.246105 42.866205
v 11.898440 230.040736 55.804211
v -25.938153 203.175978 41.480688
v -16.249768 208.147665 48.892998
v -10.216383 205.786302 41.480688
v -10.216383 205.786302 41.480688
v -16.249768 208.147665 48.892998
v -13.731313 215.835347 50.819798
v -2.283637 215.835347 41.480688
v -2.283637 215.835347 41.480688
v -13.731313 215.835347 50.819798
v -16.556964 224.350617 48.657972
v -12.139281 223.414838 41.480688
v -25.938153 228.494716 41.480688
v -12.139281 223.414838 41.480688
v -16.556964 224.350617 48.657972
v -25.938153 203.175978 41.480688
v -25.938153 207.873562 53.802935
v -16.249768 208.147665 48.892998
v -16.249768 208.147665 48.892998
v -25.938153 207.873562 53.802935
v -25.938153 215.835347 58.320440
v -13.731313 215.835347 50.819798
v -13.731313 215.835347 50.819798
v -25.938153 215.835347 58.320440
v -25.938153 223.985843 52.128364
v -16.556964 224.350617 48.657972
v -25.938153 228.494716 41.480688
v -16.556964 224.350617 48.657972
v -25.938153 223.985843 52.128364
v -25.938153 203.175978 41.480688
v -36.118770 205.738842 49.269592
v -25.938153 207.873562 53.802935
v -25.938153 207.873562 53.802935
v -36.118770 205.738842 49.269592
v -38.923142 215.835347 51.415138
v -25.938153 215.835347 58.320440
v -25.938153 215.835347 58.320440
v -38.923142 215.835347 51.415138
v -34.547191 224.268692 48.067221
v -25.938153 223.985843 52.128364
v -25.938153 228.494716 41.480688
v -25.938153 223.985843 52.128364
v -34.547191 224.268692 48.067221
v -25.938153 203.175978 41.480688
v -42.552669 207.082053 41.480688
v -36.118770 205.738842 49.269592
v -36.118770 205.738842 49.269592
v -42.552669 207.082053 41.480688
v -46.135773 215.835347 41.480688
v -38.923142 215.835347 51.415138
v -38.923142 215.835347 51.415138
v -46.135773 215.835347 41.480688
v -42.383141 225.447347 41.480688
v -34.547191 224.268692 48.067221
v -25.938153 228.494716 41.480688
v -34.547191 224.268692 48.067221
v -42.383141 225.447347 41.480688
v -25.938153 203.175978 41.480688
v -34.638788 208.035578 34.824077
v -42.552669 207.082053 41.480688
v -42.552669 207.082053 41.480688
v -34.638788 208.035578 34.824077
v -40.253521 215.835347 30.528403
v -46.135773 215.835347 41.480688
v -46.135773 215.835347 41.480688
v -40.253521 215.835347 30.528403
v -37.653103 226.215309 32.517909
v -42.383141 225.447347 41.480688
v -25.938153 228.494716 41.480688
v -42.383141 225.447347 41.480688
v -37.653103 226.215309 32.517909
v -25.938153 203.175978 41.480688
v -25.938153 206.523027 29.644442
v -34.638788 208.035578 34.824077
v -34.638788 208.035578 34.824077
v -25.938153 206.523027 29.644442
v -25.938153 215.835347 24.658852
v -40.253521 215.835347 30.528403
v -40.253521 215.835347 30.528403
v -25.938153 215.835347 24.658852
v -25.938153 224.732640 29.726816
v -37.653103 226.215309 32.517909
v -25.938153 228.494716 41.480688
v -37.653103 226.215309 32.517909
v -25.938153 224.732640 29.726816
v -25.938153 203.175978 41.480688
v -14.531404 207.084908 32.753706
v -25.938153 206.523027 29.644442
v -25.938153 206.523027 29.644442
v -14.531404 207.084908 32.753706
v -11.442127 215.835347 30.390187
v -25.938153 215.835347 24.658852
v -25.938153 215.835347 24.658852
v -11.442127 215.835347 30.390187
v -14.431434 224.913129 32.677222
v -25.938153 224.732640 29.726816
v -25.938153 228.494716 41.480688
v -25.938153 224.732640 29.726816
v -14.431434 224.913129 32.677222
v -25.938153 203.175978 41.480688
v -10.216383 205.786302 41.480688
v -14.531404 207.084908 32.753706
v -14.531404 207.084908 32.753706
v -10.216383 205.786302 41.480688
v -2.283637 215.835347 41.480688
v -11.442127 215.835347 30.390187
v -11.442127 215.835347 30.390187
v -2.283637 215.835347 41.480688
v -12.139281 223.414838 41.480688
v -14.431434 224.913129 32.677222
v -25.938153 228.494716 41.480688
v -14.431434 224.913129 32.677222
v -12.139281 223.414838 41.480688
v -38.557947 249.058722 -0.617830
v -27.495360 252.841316 10.112231
v -20.298875 254.899277 -0.617830
v -20.298875 254.899277 -0.617830
v -27.495360 252.841316 10.112231
v -17.821326 264.818492 19.495477
v -11.976361 264.818492 -0.617830
v -11.976361 264.818492 -0.617830
v -17.821326 264.818492 19.495477
v -26.619250 275.791237 10.962006
v -21.088966 277.430658 -0.617830
v -38.557947 280.578263 -0.617830
v -21.088966 277.430658 -0.617830
v -26.619250 275.791237 10.962006
v -38.557947 249.058722 -0.617830
v -38.557947 253.492704 17.941112
v -27.495360 252.841316 10.112231
v -27.495360 252.841316 10.112231
v -38.557947 253.492704 17.941112
v -38.557947 264.818492 27.298880
v -17.821326 264.818492 19.495477
v -17.821326 264.818492 19.495477
v -38.557947 264.818492 27.298880
v -38.557947 274.986554 14.438273
v -26.619250 275.791237 10.962006
v -38.557947 280.578263 -0.617830
v -26.619250 275.791237 10.962006
v -38.557947 274.986554 14.438273
v -38.557947 249.058722 -0.617830
v -51.182594 253.164703 11.627338
v -38.557947 253.492704 17.941112
v -38.557947 253.492704 17.941112
v -51.182594 253.164703 11.627338
v -58.656257 264.818492 18.876353
v -38.557947 264.818492 27.298880
v -38.557947 264.818492 27.298880
v -58.656257 264.818492 18.876353
v -50.936316 277.438013 11.388463
v -38.557947 274.986554 14.438273
v -38.557947 280.578263 -0.617830
v -38.557947 274.986554 14.438273
v -50.936316 277.438013 11.388463
v -38.557947 249.058722 -0.617830
v -55.272422 253.010629 -0.617830
v -51.182594 253.164703 11.627338
v -51.182594 253.164703 11.627338
v -55.272422 253.010629 -0.617830
v -67.562435 264.818492 -0.617830
v -58.656257 264.818492 18.876353
v -58.656257 264.818492 18.876353
v -67.562435 264.818492 -0.617830
v -55.139491 276.941299 -0.617830
v -50.936316 277.438013 11.388463
v -38.557947 280.578263 -0.617830
v -50.936316 277.438013 11.388463
v -55.139491 276.941299 -0.617830
v -38.557947 249.058722 -0.617830
v -51.005078 255.164125 -12.690818
v -55.272422 253.010629 -0.617830
v -55.272422 253.010629 -0.617830
v -51.005078 255.164125 -12.690818
v -55.336375 264.818492 -16.891921
v -67.562435 264.818492 -0.617830
v -67.562435 264.818492 -0.617830
v -55.336375 264.818492 -16.891921
v -51.104970 275.420365 -12.787707
v -55.139491 276.941299 -0.617830
v -38.557947 280.578263 -0.617830
v -55.139491 276.941299 -0.617830
v -51.104970 275.420365 -12.787707
v -38.557947 249.058722 -0.617830
v -38.557947 252.591269 -17.664330
v -51.005078 255.164125 -12.690818
v -51.005078 255.164125 -12.690818
v -38.557947 252.591269 -17.664330
v -38.557947 264.818492 -27.468106
v -55.336375 264.818492 -16.891921
v -55.336375 264.818492 -16.891921
v -38.557947 264.818492 -27.468106
v -38.557947 274.584592 -18.701558
v -51.104970 275.420365 -12.787707
v -38.557947 280.578263 -0.617830
v -51.104970 275.420365 -12.787707
v -38.557947 274.584592 -18.701558
v -38.557947 249.058722 -0.617830
v -24.209624 253.833679 -14.534862
v -38.557947 252.591269 -17.664330
v -38.557947 252.591269 -17.664330
v -24.209624 253.833679 -14.534862
v -21.036170 264.818492 -17.612927
v -38.557947 264.818492 -27.468106
v -38.557947 264.818492 -27.468106
v -21.036170 264.818492 -17.612927
v -25.983866 276.255855 -12.813951
v -38.557947 274.584592 -18.701558
v -38.557947 280.578263 -0.617830
v -38.557947 274.584592 -18.701558
v -25.983866 276.255855 -12.813951
v -38.557947 249.058722 -0.617830
v -20.298875 254.899277 -0.617830
v -24.209624 253.833679 -14.534862
v -24.209624 253.833679 -14.534862
v -20.298875 254.899277 -0.617830
v -11.976361 264.818492 -0.617830
v -21.036170 264.818492 -17.612927
v -21.036170 264.818492 -17.612927
v -11.976361 264.818492 -0.617830
v -21.088966 277.430658 -0.617830
v -25.983866 276.255855 -12.813951
v -38.557947 280.578263 -0.617830
v -25.983866 276.255855 -12.813951
v -21.088966 277.430658 -0.617830
v -27.042907 209.461985 -42.606674
v -13.227650 214.630450 -31.852909
v -11.482740 213.104686 -42.606674
v -11.482740 213.104686 -42.606674
v -13.227650 214.630450 -31.852909
v -6.667962 225.016773 -26.746862
v 0.737398 225.016773 -42.606674
v 0.737398 225.016773 -42.606674
v -6.667962 225.016773 -26.746862
v -16.239750 236.736285 -34.197521
v -8.395711 235.533701 -42.606674
v -27.042907 240.571561 -42.606674
v -8.395711 235.533701 -42.606674
v -16.239750 236.736285 -34.197521
v -27.042907 209.461985 -42.606674
v -27.042907 214.455689 -27.956325
v -13.227650 214.630450 -31.852909
v -13.227650 214.630450 -31.852909
v -27.042907 214.455689 -27.956325
v -27.042907 225.016773 -24.036725
v -6.667962 225.016773 -26.746862
v -6.667962 225.016773 -26.746862
v -27.042907 225.016773 -24.036725
v -27.042907 235.316553 -30.454453
v -16.239750 236.736285 -34.197521
v -27.042907 240.571561 -42.606674
v -16.239750 236.736285 -34.197521
v -27.042907 235.316553 -30.454453
v -27.042907 209.461985 -42.606674
v -38.302204 213.767776 -33.842462
v -27.042907 214.455689 -27.956325
v -27.042907 214.455689 -27.956325
v -38.302204 213.767776 -33.842462
v -43.677658 225.016773 -29.658221
v -27.042907 225.016773 -24.036725
v -27.042907 225.016773 -24.036725
v -43.677658 225.016773 -29.658221
v -40.600760 236.197242 -32.053271
v -27.042907 235.316553 -30.454453
v -27.042907 240.571561 -42.606674
v -27.042907 235.316553 -30.454453
v -40.600760 236.197242 -32.053271
v -27.042907 209.461985 -42.606674
v -46.823745 214.579370 -42.606674
v -38.302204 213.767776 -33.842462
v -38.302204 213.767776 -33.842462
v -46.823745 214.579370 -42.606674
v -54.493242 225.016773 -42.606674
v -43.677658 225.016773 -29.658221
v -43.677658 225.016773 -29.658221
v -54.493242 225.016773 -42.606674
v -42.669780 234.645973 -42.606674
v -40.600760 236.197242 -32.053271
v -27.042907 240.571561 -42.606674
v -40.600760 236.197242 -32.053271
v -42.669780 234.645973 -42.606674
v -27.042907 209.461985 -42.606674
v -39.937162 215.619642 -52.643533
v -46.823745 214.579370 -42.606674
v -46.823745 214.579370 -42.606674
v -39.937162 215.619642 -52.643533
v -43.942818 225.016773 -55.761526
v -54.493242 225.016773 -42.606674
v -54.493242 225.016773 -42.606674
v -43.942818 225.016773 -55.761526
v -40.603252 234.898847 -53.162016
v -42.669780 234.645973 -42.606674
v -27.042907 240.571561 -42.606674
v -42.669780 234.645973 -42.606674
v -40.603252 234.898847 -53.162016
v -27.042907 209.461985 -42.606674
v -27.042907 215.366568 -54.500204
v -39.937162 215.619642 -52.643533
v -39.937162 215.619642 -52.643533
v -27.042907 215.366568 -54.500204
v -27.042907 225.016773 -59.760172
v -43.942818 225.016773 -55.761526
v -43.942818 225.016773 -55.761526
v -27.042907 225.016773 -59.760172
v -27.042907 236.775347 -57.941213
v -40.603252 234.898847 -53.162016
v -27.042907 240.571561 -42.606674
v -40.603252 234.898847 -53.162016
v -27.042907 236.775347 -57.941213
v -27.042907 209.461985 -42.606674
v -13.311125 213.554778 -53.295461
v -27.042907 215.366568 -54.500204
v -27.042907 215.366568 -54.500204
v -13.311125 213.554778 -53.295461
v -6.814635 225.016773 -58.352315
v -27.042907 225.016773 -59.760172
v -27.042907 225.016773 -59.760172
v -6.814635 225.016773 -58.352315
v -13.589658 235.326135 -53.078652
v -27.042907 236.775347 -57.941213
v -27.042907 240.571561 -42.606674
v -27.042907 236.775347 -57.941213
v -13.589658 235.326135 -53.078652
v -27.042907 209.461985 -42.606674
v -11.482740 213.104686 -42.606674
v -13.311125 213.554778 -53.295461
v -13.311125 213.554778 -53.295461
v -11.482740 213.104686 -42.606674
v 0.737398 225.016773 -42.606674
v -6.814635 225.016773 -58.352315
v -6.814635 225.016773 -58.352315
v 0.737398 225.016773 -42.606674
v -8.395711 235.533701 -42.606674
v -13.589658 235.326135 -53.078652
v -27.042907 240.571561 -42.606674
v -13.589658 235.326135 -53.078652
v -8.395711 235.533701 -42.606674
v -12.822234 205.416927 -52.501133
v -1.954673 210.176339 -44.143370
v 7.380252 211.527370 -52.501133
v 7.380252 211.527370 -52.501133
v -1.954673 210.176339 -44.143370
v 4.143824 221.454328 -39.453285
v 9.995627 221.454328 -52.501133
v 9.995627 221.454328 -52.501133
v 4.143824 221.454328 -39.453285
v -0.438281 231.616949 -42.977180
v 2.859510 233.668553 -52.501133
v -12.822234 237.491729 -52.501133
v 2.859510 233.668553 -52.501133
v -0.438281 231.616949 -42.977180
v -12.822234 205.416927 -52.501133
v -12.822234 211.469881 -39.257058
v -1.954673 210.176339 -44.143370
v -1.954673 210.176339 -44.143370
v -12.822234 211.469881 -39.257058
v -12.822234 221.454328 -30.426754
v 4.143824 221.454328 -39.453285
v 4.143824 221.454328 -39.453285
v -12.822234 221.454328 -30.426754
v -12.822234 233.415283 -37.379350
v -0.438281 231.616949 -42.977180
v -12.822234 237.491729 -52.501133
v -0.438281 231.616949 -42.977180
v -12.822234 233.415283 -37.379350
v -12.822234 205.416927 -52.501133
v -24.534814 211.688591 -43.493503
v -12.822234 211.469881 -39.257058
v -12.822234 211.469881 -39.257058
v -24.534814 211.688591 -43.493503
v -31.912002 221.454328 -37.820033
v -12.822234 221.454328 -30.426754
v -12.822234 221.454328 -30.426754
v -31.912002 221.454328 -37.820033
v -25.505065 231.540294 -42.747326
v -12.822234 233.415283 -37.379350
v -12.822234 237.491729 -52.501133
v -12.822234 233.415283 -37.379350
v -25.505065 231.540294 -42.747326
v -12.822234 205.416927 -52.501133
v -31.210912 210.607280 -52.501133
v -24.534814 211.688591 -43.493503
v -24.534814 211.688591 -43.493503
v -31.210912 210.607280 -52.501133
v -36.640768 221.454328 -52.501133
v -31.912002 221.454328 -37.820033
v -31.912002 221.454328 -37.820033
v -36.640768 221.454328 -52.501133
v -29.108034 231.303256 -52.501133
v -25.505065 231.540294 -42.747326
v -12.822234 237.491729 -52.501133
v -25.505065 231.540294 -42.747326
v -29.108034 231.303256 -52.501133
v -12.822234 205.416927 -52.501133
v -24.881110 210.155764 -61.775083
v -31.210912 210.607280 -52.501133
v -31.210912 210.607280 -52.501133
v -24.881110 210.155764 -61.775083
v -28.872384 221.454328 -64.844596
v -36.640768 221.454328 -52.501133
v -36.640768 221.454328 -52.501133
v -28.872384 221.454328 -64.844596
v -24.997432 233.104442 -61.864541
v -29.108034 231.303256 -52.501133
v -12.822234 237.491729 -52.501133
v -29.108034 231.303256 -52.501133
v -24.997432 233.104442 -61.864541
v -12.822234 205.416927 -52.501133
v -12.822234 211.614694 -67.718833
v -24.881110 210.155764 -61.775083
v -24.881110 210.155764 -61.775083
v -12.822234 211.614694 -67.718833
v -12.822234 221.454328 -71.651952
v -28.872384 221.454328 -64.844596
v -28.872384 221.454328 -64.844596
v -12.822234 221.454328 -71.651952
v -12.822234 233.030336 -66.478465
v -24.997432 233.104442 -61.864541
v -12.822234 237.491729 -52.501133
v -24.997432 233.104442 -61.864541
v -12.822234 233.030336 -66.478465
v -12.822234 205.416927 -52.501133
v -1.062795 211.849473 -61.544798
v -12.822234 211.614694 -67.718833
v -12.822234 211.614694 -67.718833
v -1.062795 211.849473 -61.544798
v 5.580336 221.454328 -66.653738
v -12.822234 221.454328 -71.651952
v -12.822234 221.454328 -71.651952
v 5.580336 221.454328 -66.653738
v 0.197459 233.601244 -62.514005
v -12.822234 233.030336 -66.478465
v -12.822234 237.491729 -52.501133
v -12.822234 233.030336 -66.478465
v 0.197459 233.601244 -62.514005
v -12.822234 205.416927 -52.501133
v 7.380252 211.527370 -52.501133
v -1.062795 211.849473 -61.544798
v -1.062795 211.849473 -61.544798
v 7.380252 211.527370 -52.501133
v 9.995627 221.454328 -52.501133
v 5.580336 221.454328 -66.653738
v 5.580336 221.454328 -66.653738
v 9.995627 221.454328 -52.501133
v 2.859510 233.668553 -52.501133
v 0.197459 233.601244 -62.514005
v -12.822234 237.491729 -52.501133
v 0.197459 233.601244 -62.514005
v 2.859510 233.668553 -52.501133
v 27.225019 221.728359 -31.352103
v 45.167602 225.642156 -13.465022
v 52.992870 225.281775 -31.352103
v 52.992870 225.281775 -31.352103
v 45.167602 225.642156 -13.465022
v 52.579306 241.419108 -6.076245
v 54.507916 241.419108 -31.352103
v 54.507916 241.419108 -31.352103
v 52.579306 241.419108 -6.076245
v 42.304857 256.125079 -16.318912
v 47.930464 253.736422 -31.352103
v 27.225019 261.109856 -31.352103
v 47.930464 253.736422 -31.352103
v 42.304857 256.125079 -16.318912
v 27.225019 221.728359 -31.352103
v 27.225019 226.412061 -12.516217
v 45.167602 225.642156 -13.465022
v 45.167602 225.642156 -13.465022
v 27.225019 226.412061 -12.516217
v 27.225019 241.419108 -2.783363
v 52.579306 241.419108 -6.076245
v 52.579306 241.419108 -6.076245
v 27.225019 241.419108 -2.783363
v 27.225019 255.916227 -8.628076
v 42.304857 256.125079 -16.318912
v 27.225019 261.109856 -31.352103
v 42.304857 256.125079 -16.318912
v 27.225019 255.916227 -8.628076
v 27.225019 221.728359 -31.352103
v 9.405371 225.764689 -13.587577
v 27.225019 226.412061 -12.516217
v 27.225019 226.412061 -12.516217
v 9.405371 225.764689 -13.587577
v 7.713159 241.419108 -11.900600
v 27.225019 241.419108 -2.783363
v 27.225019 241.419108 -2.783363
v 7.713159 241.419108 -11.900600
v 12.823815 257.476113 -16.995447
v 27.225019 255.916227 -8.628076
v 27.225019 261.109856 -31.352103
v 27.225019 255.916227 -8.628076
v 12.823815 257.476113 -16.995447
v 27.225019 221.728359 -31.352103
v 4.587703 227.075994 -31.352103
v 9.405371 225.764689 -13.587577
v 9.405371 225.764689 -13.587577
v 4.587703 227.075994 -31.352103
v 0.176985 241.419108 -31.352103
v 7.713159 241.419108 -11.900600
v 7.713159 241.419108 -11.900600
v 0.176985 241.419108 -31.352103
v 4.502289 257.557186 -31.352103
v 12.823815 257.476113 -16.995447
v 27.225019 261.109856 -31.352103
v 12.823815 257.476113 -16.995447
v 4.502289 257.557186 -31.352103
v 27.225019 221.728359 -31.352103
v 13.697462 228.382497 -44.837813
v 4.587703 227.075994 -31.352103
v 4.587703 227.075994 -31.352103
v 13.697462 228.382497 -44.837813
v 2.357153 241.419108 -56.143043
v 0.176985 241.419108 -31.352103
v 0.176985 241.419108 -31.352103
v 2.357153 241.419108 -56.143043
v 8.812770 257.403862 -49.707396
v 4.502289 257.557186 -31.352103
v 27.225019 261.109856 -31.352103
v 4.502289 257.557186 -31.352103
v 8.812770 257.403862 -49.707396
v 27.225019 221.728359 -31.352103
v 27.225019 227.157112 -56.154195
v 13.697462 228.382497 -44.837813
v 13.697462 228.382497 -44.837813
v 27.225019 227.157112 -56.154195
v 27.225019 241.419108 -63.966909
v 2.357153 241.419108 -56.143043
v 2.357153 241.419108 -56.143043
v 27.225019 241.419108 -63.966909
v 27.225019 255.895766 -54.116248
v 8.812770 257.403862 -49.707396
v 27.225019 261.109856 -31.352103
v 8.812770 257.403862 -49.707396
v 27.225019 255.895766 -54.116248
v 27.225019 221.728359 -31.352103
v 40.633457 227.880825 -44.719064
v 27.225019 227.157112 -56.154195
v 27.225019 227.157112 -56.154195
v 40.633457 227.880825 -44.719064
v 47.565773 241.419108 -51.629935
v 27.225019 241.419108 -63.966909
v 27.225019 241.419108 -63.966909
v 47.565773 241.419108 -51.629935
v 44.662064 253.987239 -48.735209
v 27.225019 255.895766 -54.116248
v 27.225019 261.109856 -31.352103
v 27.225019 255.895766 -54.116248
v 44.662064 253.987239 -48.735209
v 27.225019 221.728359 -31.352103
v 52.992870 225.281775 -31.352103
v 40.633457 227.880825 -44.719064
v 40.633457 227.880825 -44.719064
v 52.992870 225.281775 -31.352103
v 54.507916 241.419108 -31.352103
v 47.565773 241.419108 -51.629935
v 47.565773 241.419108 -51.629935
v 54.507916 241.419108 -31.352103
v 47.930464 253.736422 -31.352103
v 44.662064 253.987239 -48.735209
v 27.225019 261.109856 -31.352103
v 44.662064 253.987239 -48.735209
v 47.930464 253.736422 -31.352103
v 3.698000 250.124315 0.000000
v 21.693913 254.380742 16.561659
v 24.555110 255.226003 0.000000
v 24.555110 255.226003 0.000000
v 21.693913 254.380742 16.561659
v 25.965853 269.507474 20.493131
v 30.052944 269.507474 0.000000
v 30.052944 269.507474 0.000000
v 25.965853 269.507474 20.493131
v 21.477640 281.390751 16.362623
v 27.795905 283.657296 0.000000
v 3.698000 288.890632 0.000000
v 27.795905 283.657296 0.000000
v 21.477640 281.390751 16.362623
v 3.698000 250.124315 0.000000
v 3.698000 254.130040 19.877230
v 21.693913 254.380742 16.561659
v 21.693913 254.380742 16.561659
v 3.698000 254.130040 19.877230
v 3.698000 269.507474 26.178465
v 25.965853 269.507474 20.493131
v 25.965853 269.507474 20.493131
v 3.698000 269.507474 26.178465
v 3.698000 283.282241 17.833043
v 21.477640 281.390751 16.362623
v 3.698000 288.890632 0.000000
v 21.477640 281.390751 16.362623
v 3.698000 283.282241 17.833043
v 3.698000 250.124315 0.000000
v -13.175335 257.665665 15.528549
v 3.698000 254.130040 19.877230
v 3.698000 254.130040 19.877230
v -13.175335 257.665665 15.528549
v -17.524081 269.507474 19.530705
v 3.698000 269.507474 26.178465
v 3.698000 269.507474 26.178465
v -17.524081 269.507474 19.530705
v -10.919851 282.470279 13.452825
v 3.698000 283.282241 17.833043
v 3.698000 288.890632 0.000000
v 3.698000 283.282241 17.833043
v -10.919851 282.470279 13.452825
v 3.698000 250.124315 0.000000
v -21.696736 254.956179 0.000000
v -13.175335 257.665665 15.528549
v -13.175335 257.665665 15.528549
v -21.696736 254.956179 0.000000
v -27.737268 269.507474 0.000000
v -17.524081 269.507474 19.530705
v -17.524081 269.507474 19.530705
v -27.737268 269.507474 0.000000
v -15.013551 283.616860 0.000000
v -10.919851 282.470279 13.452825
v 3.698000 288.890632 0.000000
v -10.919851 282.470279 13.452825
v -15.013551 283.616860 0.000000
v 3.698000 250.124315 0.000000
v -10.447251 257.570303 -13.017891
v -21.696736 254.956179 0.000000
v -21.696736 254.956179 0.000000
v -10.447251 257.570303 -13.017891
v -21.085486 269.507474 -22.808270
v -27.737268 269.507474 0.000000
v -27.737268 269.507474 0.000000
v -21.085486 269.507474 -22.808270
v -10.853864 282.751967 -13.392097
v -15.013551 283.616860 0.000000
v 3.698000 288.890632 0.000000
v -15.013551 283.616860 0.000000
v -10.853864 282.751967 -13.392097
v 3.698000 250.124315 0.000000
v 3.698000 257.113029 -22.981044
v -10.447251 257.570303 -13.017891
v -10.447251 257.570303 -13.017891
v 3.698000 257.113029 -22.981044
v 3.698000 269.507474 -33.347895
v -21.085486 269.507474 -22.808270
v -21.085486 269.507474 -22.808270
v 3.698000 269.507474 -33.347895
v 3.698000 284.737416 -20.163362
v -10.853864 282.751967 -13.392097
v 3.698000 288.890632 0.000000
v -10.853864 282.751967 -13.392097
v 3.698000 284.737416 -20.163362
v 3.698000 250.124315 0.000000
v 18.160884 254.884117 -13.310208
v 3.698000 257.113029 -22.981044
v 3.698000 257.113029 -22.981044
v 18.160884 254.884117 -13.310208
v 24.621190 269.507474 -19.255636
v 3.698000 269.507474 -33.347895
v 3.698000 269.507474 -33.347895
v 24.621190 269.507474 -19.255636
v 18.671148 281.725278 -13.779805
v 3.698000 284.737416 -20.163362
v 3.698000 288.890632 0.000000
v 3.698000 284.737416 -20.163362
v 18.671148 281.725278 -13.779805
v 3.698000 250.124315 0.000000
v 24.555110 255.226003 0.000000
v 18.160884 254.884117 -13.310208
v 18.160884 254.884117 -13.310208
v 24.555110 255.226003 0.000000
v 30.052944 269.507474 0.000000
v 24.621190 269.507474 -19.255636
v 24.621190 269.507474 -19.255636
v 30.052944 269.507474 0.000000
v 27.795905 283.657296 0.000000
v 18.671148 281.725278 -13.779805
v 3.698000 288.890632 0.000000
v 18.671148 281.725278 -13.779805
v 27.795905 283.657296 0.000000
vt 0.000000 0.000000
vt 1.000000 0.000000
vt 1.000000 1.000000
vt 0.000000 1.000000
vt 0.500000 1.000000
vt 0.000000 0.000000
vt 1.000000 0.000000
vt 0.000000 0.000000
vt 1.000000 0.000000
vt 1.000000 1.000000
vt 0.000000 1.000000
vt 0.500000 1.000000
vt 0.000000 0.000000
vt 1.000000 0.000000
vt 0.000000 0.000000
vt 1.000000 0.000000
vt 1.000000 1.000000
vt 0.000000 1.000000
vt 0.500000 1.000000
vt 0.000000 0.000000
vt 1.000000 0.000000
vt 0.000000 0.000000
vt 1.000000 0.000000
vt 1.000000 1.000000
vt 0.000000 1.000000
vt 0.500000 1.000000
vt 0.000000 0.000000
vt 1.000000 0.000000
vt 0.000000 0.000000
vt 1.000000 0.000000
vt 1.000000 1.000000
vt 0.000000 1.000000
vt 0.500000 1.000000
vt 0.000000 0.000000
vt 1.000000 0.000000
vt 0.000000 0.000000
vt 1.000000 0.000000
vt 1.000000 1.000000
vt 0.000000 1.000000
vt 0.500000 1.000000
vt 0.000000 0.000000
vt 1.000000 0.000000
vt 0.000000 0.000000
vt 1.000000 0.000000
vt 1.000000 1.000000
vt 0.000000 1.000000
vt 0.500000 1.000000
vt 0.000000 0.000000
vt 1.000000 0.000000
vt 0.000000 0.000000
vt 1.000000 0.000000
vt 1.000000 1.000000
vt 0.000000 1.000000
vt 0.500000 1.000000
vt 0.000000 0.000000
vt 1.000000 0.000000
vt 0.000000 0.000000
vt 1.000000 0.000000
vt 1.000000 1.000000
vt 0.000000 1.000000
vt 0.500000 1.000000
vt 0.000000 0.000000
vt 1.000000 0.000000
vt 0.000000 0.000000
vt 1.000000 0.000000
vt 1.000000 1.000000
vt 0.000000 1.000000
vt 0.000000 0.000000
vt 1.000000 0.000000
vt 1.000000 1.000000
vt 0.000000 1.000000
vt 0.000000 0.000000
vt 1.000000 0.000000
vt 1.000000 1.000000
vt 0.000000 1.000000
vt 0.000000 0.000000
vt 1.000000 0.000000
vt 1.000000 1.000000
vt 0.000000 1.000000
vt 0.000000 0.000000
vt 1.000000 0.000000
vt 1.000000 1.000000
vt 0.000000 1.000000
vt 0.000000 0.000000
vt 1.000000 0.000000
vt 1.000000 1.000000
vt 0.000000 1.000000
vt 0.000000 0.000000
vt 1.000000 0.000000
vt 1.000000 1.000000
vt 0.000000 1.000000
vt 0.000000 0.000000
vt 1.000000 0.000000
vt 1.000000 1.000000
vt 0.000000 1.000000
vt 0.000000 0.000000
vt 1.000000 0.000000
vt 1.000000 1.000000
vt 0.000000 1.000000
vt 0.000000 0.000000
vt 1.000000 0.000000
vt 1.000000 1.000000
vt 0.000000 1.000000
vt 0.500000 1.000000
vt 0.000000 0.000000
vt 1.000000 0.000000
vt 0.000000 0.000000
vt 1.000000 0.000000
vt 1.000000 1.000000
vt 0.000000 1.000000
vt 0.500000 1.000000
vt 0.000000 0.000000
vt 1.000000 0.000000
vt 0.000000 0.000000
vt 1.000000 0.000000
vt 1.000000 1.000000
vt 0.000000 1.000000
vt 0.500000 1.000000
vt 0.000000 0.000000
vt 1.000000 0.000000
vt 0.000000 0.000000
vt 1.000000 0.000000
vt 1.000000 1.000000
vt 0.000000 1.000000
vt 0.500000 1.000000
vt 0.000000 0.000000
vt 1.000000 0.000000
vt 0.000000 0.000000
vt 1.000000 0.000000
vt 1.000000 1.000000
vt 0.000000 1.000000
vt 0.500000 1.000000
vt 0.000000 0.000000
vt 1.000000 0.000000
vt 0.000000 0.000000
vt 1.000000 0.000000
vt 1.000000 1.000000
vt 0.000000 1.000000
vt 0.500000 1.000000
vt 0.000000 0.000000
vt 1.000000 0.000000
vt 0.000000 0.000000
vt 1.000000 0.000000
vt 1.000000 1.000000
vt 0.000000 1.000000
vt 0.500000 1.000000
vt 0.000000 0.000000
vt 1.000000 0.000000
vt 0.000000 0.000000
vt 1.000000 0.000000
vt 1.000000 1.000000
vt 0.000000 1.000000
vt 0.500000 1.000000
vt 0.000000 0.000000
vt 1.000000 0.000000
vt 0.000000 0.000000
vt 1.000000 0.000000
vt 1.000000 1.000000
vt 0.000000 1.000000
vt 0.500000 1.000000
vt 0.000000 0.000000
vt 1.000000 0.000000
vt 0.000000 0.000000
vt 1.000000 0.000000
vt 1.000000 1.000000
vt 0.000000 1.000000
vt 0.500000 1.000000
vt 0.000000 0.000000
vt 1.000000 0.000000
vt 0.000000 0.000000
vt 1.000000 0.000000
vt 1.000000 1.000000
vt 0.000000 1.000000
vt 0.500000 1.000000
vt 0.000000 0.000000
vt 1.000000 0.000000
vt 0.000000 0.000000
vt 1.000000 0.000000
vt 1.000000 1.000000
vt 0.000000 1.000000
vt 0.500000 1.000000
vt 0.000000 0.000000
vt 1.000000 0.000000
vt 0.000000 0.000000
vt 1.000000 0.000000
vt 1.000000 1.000000
vt 0.000000 1.000000
vt 0.500000 1.000000
vt 0.000000 0.000000
vt 1.000000 0.000000
vt 0.000000 0.000000
vt 1.000000 0.000000
vt 1.000000 1.000000
vt 0.000000 1.000000
vt 0.500000 1.000000
vt 0.000000 0.000000
vt 1.000000 0.000000
vt 0.000000 0.000000
vt 1.000000 0.000000
vt 1.000000 1.000000
vt 0.000000 1.000000
vt 0.500000 1.000000
vt 0.000000 0.000000
vt 1.000000 0.000000
vt 0.000000 0.000000
vt 1.000000 0.000000
vt 1.000000 1.000000
vt 0.000000 1.000000
vt 0.500000 1.000000
vt 0.000000 0.000000
vt 1.000000 0.000000
vt 0.000000 0.000000
vt 1.000000 0.000000
vt 1.000000 1.000000
vt 0.000000 1.000000
vt 0.500000 1.000000
vt 0.000000 0.000000
vt 1.000000 0.000000
vt 0.000000 0.000000
vt 1.000000 0.000000
vt 1.000000 1.000000
vt 0.000000 1.000000
vt 0.500000 1.000000
vt 0.000000 0.000000
vt 1.000000 0.000000
vt 0.000000 0.000000
vt 1.000000 0.000000
vt 1.000000 1.000000
vt 0.000000 1.000000
vt 0.500000 1.000000
vt 0.000000 0.000000
vt 1.000000 0.000000
vt 0.000000 0.000000
vt 1.000000 0.000000
vt 1.000000 1.000000
vt 0.000000 1.000000
vt 0.500000 1.000000
vt 0.000000 0.000000
vt 1.000000 0.000000
vt 0.000000 0.000000
vt 1.000000 0.000000
vt 1.000000 1.000000
vt 0.000000 1.000000
vt 0.500000 1.000000
vt 0.000000 0.000000
vt 1.000000 0.000000
vt 0.000000 0.000000
vt 1.000000 0.000000
vt 1.000000 1.000000
vt 0.000000 1.000000
vt 0.500000 1.000000
vt 0.000000 0.000000
vt 1.000000 0.000000
vt 0.000000 0.000000
vt 1.000000 0.000000
vt 1.000000 1.000000
vt 0.000000 1.000000
vt 0.500000 1.000000
vt 0.000000 0.000000
vt 1.000000 0.000000
vt 0.000000 0.000000
vt 1.000000 0.000000
vt 1.000000 1.000000
vt 0.000000 1.000000
vt 0.500000 1.000000
vt 0.000000 0.000000
vt 1.000000 0.000000
vt 0.000000 0.000000
vt 1.000000 0.000000
vt 1.000000 1.000000
vt 0.000000 1.000000
vt 0.500000 1.000000
vt 0.000000 0.000000
vt 1.000000 0.000000
vt 0.000000 0.000000
vt 1.000000 0.000000
vt 1.000000 1.000000
vt 0.000000 1.000000
vt 0.500000 1.000000
vt 0.000000 0.000000
vt 1.000000 0.000000
vt 0.000000 0.000000
vt 1.000000 0.000000
vt 1.000000 1.000000
vt 0.000000 1.000000
vt 0.500000 1.000000
vt 0.000000 0.000000
vt 1.000000 0.000000
vt 0.000000 0.000000
vt 1.000000 0.000000
vt 1.000000 1.000000
vt 0.000000 1.000000
vt 0.500000 1.000000
vt 0.000000 0.000000
vt 1.000000 0.000000
vt 0.000000 0.000000
vt 1.000000 0.000000
vt 1.000000 1.000000
vt 0.000000 1.000000
vt 0.500000 1.000000
vt 0.000000 0.000000
vt 1.000000 0.000000
vt 0.000000 0.000000
vt 1.000000 0.000000
vt 1.000000 1.000000
vt 0.000000 1.000000
vt 0.500000 1.000000
vt 0.000000 0.000000
vt 1.000000 0.000000
vt 0.000000 0.000000
vt 1.000000 0.000000
vt 1.000000 1.000000
vt 0.000000 1.000000
vt 0.500000 1.000000
vt 0.000000 0.000000
vt 1.000000 0.000000
vt 0.000000 0.000000
vt 1.000000 0.000000
vt 1.000000 1.000000
vt 0.000000 1.000000
vt 0.500000 1.000000
vt 0.000000 0.000000
vt 1.000000 0.000000
vt 0.000000 0.000000
vt 1.000000 0.000000
vt 1.000000 1.000000
vt 0.000000 1.000000
vt 0.500000 1.000000
vt 0.000000 0.000000
vt 1.000000 0.000000
vt 0.000000 0.000000
vt 1.000000 0.000000
vt 1.000000 1.000000
vt 0.000000 1.000000
vt 0.500000 1.000000
vt 0.000000 0.000000
vt 1.000000 0.000000
vt 0.000000 0.000000
vt 1.000000 0.000000
vt 1.000000 1.000000
vt 0.000000 1.000000
vt 0.500000 1.000000
vt 0.000000 0.000000
vt 1.000000 0.000000
vt 0.000000 0.000000
vt 1.000000 0.000000
vt 1.000000 1.000000
vt 0.000000 1.000000
vt 0.500000 1.000000
vt 0.000000 0.000000
vt 1.000000 0.000000
vt 0.000000 0.000000
vt 1.000000 0.000000
vt 1.000000 1.000000
vt 0.000000 1.000000
vt 0.500000 1.000000
vt 0.000000 0.000000
vt 1.000000 0.000000
vt 0.000000 0.000000
vt 1.000000 0.000000
vt 1.000000 1.000000
vt 0.000000 1.000000
vt 0.500000 1.000000
vt 0.000000 0.000000
vt 1.000000 0.000000
vt 0.000000 0.000000
vt 1.000000 0.000000
vt 1.000000 1.000000
vt 0.000000 1.000000
vt 0.500000 1.000000
vt 0.000000 0.000000
vt 1.000000 0.000000
vt 0.000000 0.000000
vt 1.000000 0.000000
vt 1.000000 1.000000
vt 0.000000 1.000000
vt 0.500000 1.000000
vt 0.000000 0.000000
vt 1.000000 0.000000
vt 0.000000 0.000000
vt 1.000000 0.000000
vt 1.000000 1.000000
vt 0.000000 1.000000
vt 0.500000 1.000000
vt 0.000000 0.000000
vt 1.000000 0.000000
vt 0.000000 0.000000
vt 1.000000 0.000000
vt 1.000000 1.000000
vt 0.000000 1.000000
vt 0.500000 1.000000
vt 0.000000 0.000000
vt 1.000000 0.000000
vt 0.000000 0.000000
vt 1.000000 0.000000
vt 1.000000 1.000000
vt 0.000000 1.000000
vt 0.500000 1.000000
vt 0.000000 0.000000
vt 1.000000 0.000000
vt 0.000000 0.000000
vt 1.000000 0.000000
vt 1.000000 1.000000
vt 0.000000 1.000000
vt 0.500000 1.000000
vt 0.000000 0.000000
vt 1.000000 0.000000
vt 0.000000 0.000000
vt 1.000000 0.000000
vt 1.000000 1.000000
vt 0.000000 1.000000
vt 0.500000 1.000000
vt 0.000000 0.000000
vt 1.000000 0.000000
vt 0.000000 0.000000
vt 1.000000 0.000000
vt 1.000000 1.000000
vt 0.000000 1.000000
vt 0.500000 1.000000
vt 0.000000 0.000000
vt 1.000000 0.000000
vt 0.000000 0.000000
vt 1.000000 0.000000
vt 1.000000 1.000000
vt 0.000000 1.000000
vt 0.500000 1.000000
vt 0.000000 0.000000
vt 1.000000 0.000000
vt 0.000000 0.000000
vt 1.000000 0.000000
vt 1.000000 1.000000
vt 0.000000 1.000000
vt 0.500000 1.000000
vt 0.000000 0.000000
vt 1.000000 0.000000
vt 0.000000 0.000000
vt 1.000000 0.000000
vt 1.000000 1.000000
vt 0.000000 1.000000
vt 0.500000 1.000000
vt 0.000000 0.000000
vt 1.000000 0.000000
vt 0.000000 0.000000
vt 1.000000 0.000000
vt 1.000000 1.000000
vt 0.000000 1.000000
vt 0.500000 1.000000
vt 0.000000 0.000000
vt 1.000000 0.000000
vt 0.000000 0.000000
vt 1.000000 0.000000
vt 1.000000 1.000000
vt 0.000000 1.000000
vt 0.500000 1.000000
vt 0.000000 0.000000
vt 1.000000 0.000000
vt 0.000000 0.000000
vt 1.000000 0.000000
vt 1.000000 1.000000
vt 0.000000 1.000000
vt 0.500000 1.000000
vt 0.000000 0.000000
vt 1.000000 0.000000
vt 0.000000 0.000000
vt 1.000000 0.000000
vt 1.000000 1.000000
vt 0.000000 1.000000
vt 0.500000 1.000000
vt 0.000000 0.000000
vt 1.000000 0.000000
vt 0.000000 0.000000
vt 1.000000 0.000000
vt 1.000000 1.000000
vt 0.000000 1.000000
vt 0.500000 1.000000
vt 0.000000 0.000000
vt 1.000000 0.000000
vt 0.000000 0.000000
vt 1.000000 0.000000
vt 1.000000 1.000000
vt 0.000000 1.000000
vt 0.500000 1.000000
vt 0.000000 0.000000
vt 1.000000 0.000000
vt 0.000000 0.000000
vt 1.000000 0.000000
vt 1.000000 1.000000
vt 0.000000 1.000000
vt 0.500000 1.000000
vt 0.000000 0.000000
vt 1.000000 0.000000
vt 0.000000 0.000000
vt 1.000000 0.000000
vt 1.000000 1.000000
vt 0.000000 1.000000
vt 0.500000 1.000000
vt 0.000000 0.000000
vt 1.000000 0.000000
vt 0.000000 0.000000
vt 1.000000 0.000000
vt 1.000000 1.000000
vt 0.000000 1.000000
vt 0.500000 1.000000
vt 0.000000 0.000000
vt 1.000000 0.000000
vt 0.000000 0.000000
vt 1.000000 0.000000
vt 1.000000 1.000000
vt 0.000000 1.000000
vt 0.500000 1.000000
vt 0.000000 0.000000
vt 1.000000 0.000000
vt 0.000000 0.000000
vt 1.000000 0.000000
vt 1.000000 1.000000
vt 0.000000 1.000000
vt 0.500000 1.000000
vt 0.000000 0.000000
vt 1.000000 0.000000
vt 0.000000 0.000000
vt 1.000000 0.000000
vt 1.000000 1.000000
vt 0.000000 1.000000
vt 0.500000 1.000000
vt 0.000000 0.000000
vt 1.000000 0.000000
vt 0.000000 0.000000
vt 1.000000 0.000000
vt 1.000000 1.000000
vt 0.000000 1.000000
vt 0.500000 1.000000
vt 0.000000 0.000000
vt 1.000000 0.000000
vt 0.000000 0.000000
vt 1.000000 0.000000
vt 1.000000 1.000000
vt 0.000000 1.000000
vt 0.500000 1.000000
vt 0.000000 0.000000
vt 1.000000 0.000000
vt 0.000000 0.000000
vt 1.000000 0.000000
vt 1.000000 1.000000
vt 0.000000 1.000000
vt 0.500000 1.000000
vt 0.000000 0.000000
vt 1.000000 0.000000
vt 0.000000 0.000000
vt 1.000000 0.000000
vt 1.000000 1.000000
vt 0.000000 1.000000
vt 0.500000 1.000000
vt 0.000000 0.000000
vt 1.000000 0.000000
vt 0.000000 0.000000
vt 1.000000 0.000000
vt 1.000000 1.000000
vt 0.000000 1.000000
vt 0.500000 1.000000
vt 0.000000 0.000000
vt 1.000000 0.000000
vt 0.000000 0.000000
vt 1.000000 0.000000
vt 1.000000 1.000000
vt 0.000000 1.000000
vt 0.500000 1.000000
vt 0.000000 0.000000
vt 1.000000 0.000000
vt 0.000000 0.000000
vt 1.000000 0.000000
vt 1.000000 1.000000
vt 0.000000 1.000000
vt 0.500000 1.000000
vt 0.000000 0.000000
vt 1.000000 0.000000
vt 0.000000 0.000000
vt 1.000000 0.000000
vt 1.000000 1.000000
vt 0.000000 1.000000
vt 0.500000 1.000000
vt 0.000000 0.000000
vt 1.000000 0.000000
vt 0.000000 0.000000
vt 1.000000 0.000000
vt 1.000000 1.000000
vt 0.000000 1.000000
vt 0.500000 1.000000
vt 0.000000 0.000000
vt 1.000000 0.000000
vt 0.000000 0.000000
vt 1.000000 0.000000
vt 1.000000 1.000000
vt 0.000000 1.000000
vt 0.500000 1.000000
vt 0.000000 0.000000
vt 1.000000 0.000000
vt 0.000000 0.000000
vt 1.000000 0.000000
vt 1.000000 1.000000
vt 0.000000 1.000000
vt 0.500000 1.000000
vt 0.000000 0.000000
vt 1.000000 0.000000
vt 0.000000 0.000000
vt 1.000000 0.000000
vt 1.000000 1.000000
vt 0.000000 1.000000
vt 0.500000 1.000000
vt 0.000000 0.000000
vt 1.000000 0.000000
vt 0.000000 0.000000
vt 1.000000 0.000000
vt 1.000000 1.000000
vt 0.000000 1.000000
vt 0.500000 1.000000
vt 0.000000 0.000000
vt 1.000000 0.000000
vt 0.000000 0.000000
vt 1.000000 0.000000
vt 1.000000 1.000000
vt 0.000000 1.000000
vt 0.500000 1.000000
vt 0.000000 0.000000
vt 1.000000 0.000000
vt 0.000000 0.000000
vt 1.000000 0.000000
vt 1.000000 1.000000
vt 0.000000 1.000000
vt 0.500000 1.000000
vt 0.000000 0.000000
vt 1.000000 0.000000
vt 0.000000 0.000000
vt 1.000000 0.000000
vt 1.000000 1.000000
vt 0.000000 1.000000
vt 0.500000 1.000000
vt 0.000000 0.000000
vt 1.000000 0.000000
vt 0.000000 0.000000
vt 1.000000 0.000000
vt 1.000000 1.000000
vt 0.000000 1.000000
vt 0.500000 1.000000
vt 0.000000 0.000000
vt 1.000000 0.000000
vt 0.000000 0.000000
vt 1.000000 0.000000
vt 1.000000 1.000000
vt 0.000000 1.000000
vt 0.500000 1.000000
vt 0.000000 0.000000
vt 1.000000 0.000000
vt 0.000000 0.000000
vt 1.000000 0.000000
vt 1.000000 1.000000
vt 0.000000 1.000000
vt 0.500000 1.000000
vt 0.000000 0.000000
vt 1.000000 0.000000
vt 0.000000 0.000000
vt 1.000000 0.000000
vt 1.000000 1.000000
vt 0.000000 1.000000
vt 0.500000 1.000000
vt 0.000000 0.000000
vt 1.000000 0.000000
vt 0.000000 0.000000
vt 1.000000 0.000000
vt 1.000000 1.000000
vt 0.000000 1.000000
vt 0.500000 1.000000
vt 0.000000 0.000000
vt 1.000000 0.000000
vt 0.000000 0.000000
vt 1.000000 0.000000
vt 1.000000 1.000000
vt 0.000000 1.000000
vt 0.500000 1.000000
vt 0.000000 0.000000
vt 1.000000 0.000000
vt 0.000000 0.000000
vt 1.000000 0.000000
vt 1.000000 1.000000
vt 0.000000 1.000000
vt 0.500000 1.000000
vt 0.000000 0.000000
vt 1.000000 0.000000
vt 0.000000 0.000000
vt 1.000000 0.000000
vt 1.000000 1.000000
vt 0.000000 1.000000
vt 0.500000 1.000000
vt 0.000000 0.000000
vt 1.000000 0.000000
vt 0.000000 0.000000
vt 1.000000 0.000000
vt 1.000000 1.000000
vt 0.000000 1.000000
vt 0.500000 1.000000
vt 0.000000 0.000000
vt 1.000000 0.000000
vt 0.000000 0.000000
vt 1.000000 0.000000
vt 1.000000 1.000000
vt 0.000000 1.000000
vt 0.500000 1.000000
vt 0.000000 0.000000
vt 1.000000 0.000000
vt 0.000000 0.000000
vt 1.000000 0.000000
vt 1.000000 1.000000
vt 0.000000 1.000000
vt 0.500000 1.000000
vt 0.000000 0.000000
vt 1.000000 0.000000
vt 0.000000 0.000000
vt 1.000000 0.000000
vt 1.000000 1.000000
vt 0.000000 1.000000
vt 0.500000 1.000000
vt 0.000000 0.000000
vt 1.000000 0.000000
vt 0.000000 0.000000
vt 1.000000 0.000000
vt 1.000000 1.000000
vt 0.000000 1.000000
vt 0.500000 1.000000
vt 0.000000 0.000000
vt 1.000000 0.000000
vt 0.000000 0.000000
vt 1.000000 0.000000
vt 1.000000 1.000000
vt 0.000000 1.000000
vt 0.500000 1.000000
vt 0.000000 0.000000
vt 1.000000 0.000000
vt 0.000000 0.000000
vt 1.000000 0.000000
vt 1.000000 1.000000
vt 0.000000 1.000000
vt 0.500000 1.000000
vt 0.000000 0.000000
vt 1.000000 0.000000
vt 0.000000 0.000000
vt 1.000000 0.000000
vt 1.000000 1.000000
vt 0.000000 1.000000
vt 0.500000 1.000000
vt 0.000000 0.000000
vt 1.000000 0.000000
vt 0.000000 0.000000
vt 1.000000 0.000000
vt 1.000000 1.000000
vt 0.000000 1.000000
vt 0.500000 1.000000
vt 0.000000 0.000000
vt 1.000000 0.000000
vt 0.000000 0.000000
vt 1.000000 0.000000
vt 1.000000 1.000000
vt 0.000000 1.000000
vt 0.500000 1.000000
vt 0.000000 0.000000
vt 1.000000 0.000000
vt 0.000000 0.000000
vt 1.000000 0.000000
vt 1.000000 1.000000
vt 0.000000 1.000000
vt 0.500000 1.000000
vt 0.000000 0.000000
vt 1.000000 0.000000
vt 0.000000 0.000000
vt 1.000000 0.000000
vt 1.000000 1.000000
vt 0.000000 1.000000
vt 0.500000 1.000000
vt 0.000000 0.000000
vt 1.000000 0.000000
vt 0.000000 0.000000
vt 1.000000 0.000000
vt 1.000000 1.000000
vt 0.000000 1.000000
vt 0.500000 1.000000
vt 0.000000 0.000000
vt 1.000000 0.000000
vt 0.000000 0.000000
vt 1.000000 0.000000
vt 1.000000 1.000000
vt 0.000000 1.000000
vt 0.500000 1.000000
vt 0.000000 0.000000
vt 1.000000 0.000000
vt 0.000000 0.000000
vt 1.000000 0.000000
vt 1.000000 1.000000
vt 0.000000 1.000000
vt 0.500000 1.000000
vt 0.000000 0.000000
vt 1.000000 0.000000
vt 0.000000 0.000000
vt 1.000000 0.000000
vt 1.000000 1.000000
vt 0.000000 1.000000
vt 0.500000 1.000000
vt 0.000000 0.000000
vt 1.000000 0.000000
vt 0.000000 0.000000
vt 1.000000 0.000000
vt 1.000000 1.000000
vt 0.000000 1.000000
vt 0.500000 1.000000
vt 0.000000 0.000000
vt 1.000000 0.000000
vt 0.000000 0.000000
vt 1.000000 0.000000
vt 1.000000 1.000000
vt 0.000000 1.000000
vt 0.500000 1.000000
vt 0.000000 0.000000
vt 1.000000 0.000000
vt 0.000000 0.000000
vt 1.000000 0.000000
vt 1.000000 1.000000
vt 0.000000 1.000000
vt 0.500000 1.000000
vt 0.000000 0.000000
vt 1.000000 0.000000
vt 0.000000 0.000000
vt 1.000000 0.000000
vt 1.000000 1.000000
vt 0.000000 1.000000
vt 0.500000 1.000000
vt 0.000000 0.000000
vt 1.000000 0.000000
vt 0.500000 1.000000
vt 0.000000 0.000000
vt 1.000000 0.000000
vt 0.000000 0.000000
vt 1.000000 0.000000
vt 1.000000 1.000000
vt 0.000000 1.000000
vt 0.000000 0.000000
vt 1.000000 0.000000
vt 1.000000 1.000000
vt 0.000000 1.000000
vt 0.500000 1.000000
vt 0.000000 0.000000
vt 1.000000 0.000000
vt 0.500000 1.000000
vt 0.000000 0.000000
vt 1.000000 0.000000
vt 0.000000 0.000000
vt 1.000000 0.000000
vt 1.000000 1.000000
vt 0.000000 1.000000
vt 0.000000 0.000000
vt 1.000000 0.000000
vt 1.000000 1.000000
vt 0.000000 1.000000
vt 0.500000 1.000000
vt 0.000000 0.000000
vt 1.000000 0.000000
vt 0.500000 1.000000
vt 0.000000 0.000000
vt 1.000000 0.000000
vt 0.000000 0.000000
vt 1.000000 0.000000
vt 1.000000 1.000000
vt 0.000000 1.000000
vt 0.000000 0.000000
vt 1.000000 0.000000
vt 1.000000 1.000000
vt 0.000000 1.000000
vt 0.500000 1.000000
vt 0.000000 0.000000
vt 1.000000 0.000000
vt 0.500000 1.000000
vt 0.000000 0.000000
vt 1.000000 0.000000
vt 0.000000 0.000000
vt 1.000000 0.000000
vt 1.000000 1.000000
vt 0.000000 1.000000
vt 0.000000 0.000000
vt 1.000000 0.000000
vt 1.000000 1.000000
vt 0.000000 1.000000
vt 0.500000 1.000000
vt 0.000000 0.000000
vt 1.000000 0.000000
vt 0.500000 1.000000
vt 0.000000 0.000000
vt 1.000000 0.000000
vt 0.000000 0.000000
vt 1.000000 0.000000
vt 1.000000 1.000000
vt 0.000000 1.000000
vt 0.000000 0.000000
vt 1.000000 0.000000
vt 1.000000 1.000000
vt 0.000000 1.000000
vt 0.500000 1.000000
vt 0.000000 0.000000
vt 1.000000 0.000000
vt 0.500000 1.000000
vt 0.000000 0.000000
vt 1.000000 0.000000
vt 0.000000 0.000000
vt 1.000000 0.000000
vt 1.000000 1.000000
vt 0.000000 1.000000
vt 0.000000 0.000000
vt 1.000000 0.000000
vt 1.000000 1.000000
vt 0.000000 1.000000
vt 0.500000 1.000000
vt 0.000000 0.000000
vt 1.000000 0.000000
vt 0.500000 1.000000
vt 0.000000 0.000000
vt 1.000000 0.000000
vt 0.000000 0.000000
vt 1.000000 0.000000
vt 1.000000 1.000000
vt 0.000000 1.000000
vt 0.000000 0.000000
vt 1.000000 0.000000
vt 1.000000 1.000000
vt 0.000000 1.000000
vt 0.500000 1.000000
vt 0.000000 0.000000
vt 1.000000 0.000000
vt 0.500000 1.000000
vt 0.000000 0.000000
vt 1.000000 0.000000
vt 0.000000 0.000000
vt 1.000000 0.000000
vt 1.000000 1.000000
vt 0.000000 1.000000
vt 0.000000 0.000000
vt 1.000000 0.000000
vt 1.000000 1.000000
vt 0.000000 1.000000
vt 0.500000 1.000000
vt 0.000000 0.000000
vt 1.000000 0.000000
vt 0.500000 1.000000
vt 0.000000 0.000000
vt 1.000000 0.000000
vt 0.000000 0.000000
vt 1.000000 0.000000
vt 1.000000 1.000000
vt 0.000000 1.000000
vt 0.000000 0.000000
vt 1.000000 0.000000
vt 1.000000 1.000000
vt 0.000000 1.000000
vt 0.500000 1.000000
vt 0.000000 0.000000
vt 1.000000 0.000000
vt 0.500000 1.000000
vt 0.000000 0.000000
vt 1.000000 0.000000
vt 0.000000 0.000000
vt 1.000000 0.000000
vt 1.000000 1.000000
vt 0.000000 1.000000
vt 0.000000 0.000000
vt 1.000000 0.000000
vt 1.000000 1.000000
vt 0.000000 1.000000
vt 0.500000 1.000000
vt 0.000000 0.000000
vt 1.000000 0.000000
vt 0.500000 1.000000
vt 0.000000 0.000000
vt 1.000000 0.000000
vt 0.000000 0.000000
vt 1.000000 0.000000
vt 1.000000 1.000000
vt 0.000000 1.000000
vt 0.000000 0.000000
vt 1.000000 0.000000
vt 1.000000 1.000000
vt 0.000000 1.000000
vt 0.500000 1.000000
vt 0.000000 0.000000
vt 1.000000 0.000000
vt 0.500000 1.000000
vt 0.000000 0.000000
vt 1.000000 0.000000
vt 0.000000 0.000000
vt 1.000000 0.000000
vt 1.000000 1.000000
vt 0.000000 1.000000
vt 0.000000 0.000000
vt 1.000000 0.000000
vt 1.000000 1.000000
vt 0.000000 1.000000
vt 0.500000 1.000000
vt 0.000000 0.000000
vt 1.000000 0.000000
vt 0.500000 1.000000
vt 0.000000 0.000000
vt 1.000000 0.000000
vt 0.000000 0.000000
vt 1.000000 0.000000
vt 1.000000 1.000000
vt 0.000000 1.000000
vt 0.000000 0.000000
vt 1.000000 0.000000
vt 1.000000 1.000000
vt 0.000000 1.000000
vt 0.500000 1.000000
vt 0.000000 0.000000
vt 1.000000 0.000000
vt 0.500000 1.000000
vt 0.000000 0.000000
vt 1.000000 0.000000
vt 0.000000 0.000000
vt 1.000000 0.000000
vt 1.000000 1.000000
vt 0.000000 1.000000
vt 0.000000 0.000000
vt 1.000000 0.000000
vt 1.000000 1.000000
vt 0.000000 1.000000
vt 0.500000 1.000000
vt 0.000000 0.000000
vt 1.000000 0.000000
vt 0.500000 1.000000
vt 0.000000 0.000000
vt 1.000000 0.000000
vt 0.000000 0.000000
vt 1.000000 0.000000
vt 1.000000 1.000000
vt 0.000000 1.000000
vt 0.000000 0.000000
vt 1.000000 0.000000
vt 1.000000 1.000000
vt 0.000000 1.000000
vt 0.500000 1.000000
vt 0.000000 0.000000
vt 1.000000 0.000000
vt 0.500000 1.000000
vt 0.000000 0.000000
vt 1.000000 0.000000
vt 0.000000 0.000000
vt 1.000000 0.000000
vt 1.000000 1.000000
vt 0.000000 1.000000
vt 0.000000 0.000000
vt 1.000000 0.000000
vt 1.000000 1.000000
vt 0.000000 1.000000
vt 0.500000 1.000000
vt 0.000000 0.000000
vt 1.000000 0.000000
vt 0.500000 1.000000
vt 0.000000 0.000000
vt 1.000000 0.000000
vt 0.000000 0.000000
vt 1.000000 0.000000
vt 1.000000 1.000000
vt 0.000000 1.000000
vt 0.000000 0.000000
vt 1.000000 0.000000
vt 1.000000 1.000000
vt 0.000000 1.000000
vt 0.500000 1.000000
vt 0.000000 0.000000
vt 1.000000 0.000000
vt 0.500000 1.000000
vt 0.000000 0.000000
vt 1.000000 0.000000
vt 0.000000 0.000000
vt 1.000000 0.000000
vt 1.000000 1.000000
vt 0.000000 1.000000
vt 0.000000 0.000000
vt 1.000000 0.000000
vt 1.000000 1.000000
vt 0.000000 1.000000
vt 0.500000 1.000000
vt 0.000000 0.000000
vt 1.000000 0.000000
vt 0.500000 1.000000
vt 0.000000 0.000000
vt 1.000000 0.000000
vt 0.000000 0.000000
vt 1.000000 0.000000
vt 1.000000 1.000000
vt 0.000000 1.000000
vt 0.000000 0.000000
vt 1.000000 0.000000
vt 1.000000 1.000000
vt 0.000000 1.000000
vt 0.500000 1.000000
vt 0.000000 0.000000
vt 1.000000 0.000000
vt 0.500000 1.000000
vt 0.000000 0.000000
vt 1.000000 0.000000
vt 0.000000 0.000000
vt 1.000000 0.000000
vt 1.000000 1.000000
vt 0.000000 1.000000
vt 0.000000 0.000000
vt 1.000000 0.000000
vt 1.000000 1.000000
vt 0.000000 1.000000
vt 0.500000 1.000000
vt 0.000000 0.000000
vt 1.000000 0.000000
vt 0.500000 1.000000
vt 0.000000 0.000000
vt 1.000000 0.000000
vt 0.000000 0.000000
vt 1.000000 0.000000
vt 1.000000 1.000000
vt 0.000000 1.000000
vt 0.000000 0.000000
vt 1.000000 0.000000
vt 1.000000 1.000000
vt 0.000000 1.000000
vt 0.500000 1.000000
vt 0.000000 0.000000
vt 1.000000 0.000000
vt 0.500000 1.000000
vt 0.000000 0.000000
vt 1.000000 0.000000
vt 0.000000 0.000000
vt 1.000000 0.000000
vt 1.000000 1.000000
vt 0.000000 1.000000
vt 0.000000 0.000000
vt 1.000000 0.000000
vt 1.000000 1.000000
vt 0.000000 1.000000
vt 0.500000 1.000000
vt 0.000000 0.000000
vt 1.000000 0.000000
vt 0.500000 1.000000
vt 0.000000 0.000000
vt 1.000000 0.000000
vt 0.000000 0.000000
vt 1.000000 0.000000
vt 1.000000 1.000000
vt 0.000000 1.000000
vt 0.000000 0.000000
vt 1.000000 0.000000
vt 1.000000 1.000000
vt 0.000000 1.000000
vt 0.500000 1.000000
vt 0.000000 0.000000
vt 1.000000 0.000000
vt 0.500000 1.000000
vt 0.000000 0.000000
vt 1.000000 0.000000
vt 0.000000 0.000000
vt 1.000000 0.000000
vt 1.000000 1.000000
vt 0.000000 1.000000
vt 0.000000 0.000000
vt 1.000000 0.000000
vt 1.000000 1.000000
vt 0.000000 1.000000
vt 0.500000 1.000000
vt 0.000000 0.000000
vt 1.000000 0.000000
vt 0.500000 1.000000
vt 0.000000 0.000000
vt 1.000000 0.000000
vt 0.000000 0.000000
vt 1.000000 0.000000
vt 1.000000 1.000000
vt 0.000000 1.000000
vt 0.000000 0.000000
vt 1.000000 0.000000
vt 1.000000 1.000000
vt 0.000000 1.000000
vt 0.500000 1.000000
vt 0.000000 0.000000
vt 1.000000 0.000000
vt 0.500000 1.000000
vt 0.000000 0.000000
vt 1.000000 0.000000
vt 0.000000 0.000000
vt 1.000000 0.000000
vt 1.000000 1.000000
vt 0.000000 1.000000
vt 0.000000 0.000000
vt 1.000000 0.000000
vt 1.000000 1.000000
vt 0.000000 1.000000
vt 0.500000 1.000000
vt 0.000000 0.000000
vt 1.000000 0.000000
vt 0.500000 1.000000
vt 0.000000 0.000000
vt 1.000000 0.000000
vt 0.000000 0.000000
vt 1.000000 0.000000
vt 1.000000 1.000000
vt 0.000000 1.000000
vt 0.000000 0.000000
vt 1.000000 0.000000
vt 1.000000 1.000000
vt 0.000000 1.000000
vt 0.500000 1.000000
vt 0.000000 0.000000
vt 1.000000 0.000000
vt 0.500000 1.000000
vt 0.000000 0.000000
vt 1.000000 0.000000
vt 0.000000 0.000000
vt 1.000000 0.000000
vt 1.000000 1.000000
vt 0.000000 1.000000
vt 0.000000 0.000000
vt 1.000000 0.000000
vt 1.000000 1.000000
vt 0.000000 1.000000
vt 0.500000 1.000000
vt 0.000000 0.000000
vt 1.000000 0.000000
vt 0.500000 1.000000
vt 0.000000 0.000000
vt 1.000000 0.000000
vt 0.000000 0.000000
vt 1.000000 0.000000
vt 1.000000 1.000000
vt 0.000000 1.000000
vt 0.000000 0.000000
vt 1.000000 0.000000
vt 1.000000 1.000000
vt 0.000000 1.000000
vt 0.500000 1.000000
vt 0.000000 0.000000
vt 1.000000 0.000000
vt 0.500000 1.000000
vt 0.000000 0.000000
vt 1.000000 0.000000
vt 0.000000 0.000000
vt 1.000000 0.000000
vt 1.000000 1.000000
vt 0.000000 1.000000
vt 0.000000 0.000000
vt 1.000000 0.000000
vt 1.000000 1.000000
vt 0.000000 1.000000
vt 0.500000 1.000000
vt 0.000000 0.000000
vt 1.000000 0.000000
vt 0.500000 1.000000
vt 0.000000 0.000000
vt 1.000000 0.000000
vt 0.000000 0.000000
vt 1.000000 0.000000
vt 1.000000 1.000000
vt 0.000000 1.000000
vt 0.000000 0.000000
vt 1.000000 0.000000
vt 1.000000 1.000000
vt 0.000000 1.000000
vt 0.500000 1.000000
vt 0.000000 0.000000
vt 1.000000 0.000000
vt 0.500000 1.000000
vt 0.000000 0.000000
vt 1.000000 0.000000
vt 0.000000 0.000000
vt 1.000000 0.000000
vt 1.000000 1.000000
vt 0.000000 1.000000
vt 0.000000 0.000000
vt 1.000000 0.000000
vt 1.000000 1.000000
vt 0.000000 1.000000
vt 0.500000 1.000000
vt 0.000000 0.000000
vt 1.000000 0.000000
vt 0.500000 1.000000
vt 0.000000 0.000000
vt 1.000000 0.000000
vt 0.000000 0.000000
vt 1.000000 0.000000
vt 1.000000 1.000000
vt 0.000000 1.000000
vt 0.000000 0.000000
vt 1.000000 0.000000
vt 1.000000 1.000000
vt 0.000000 1.000000
vt 0.500000 1.000000
vt 0.000000 0.000000
vt 1.000000 0.000000
vt 0.500000 1.000000
vt 0.000000 0.000000
vt 1.000000 0.000000
vt 0.000000 0.000000
vt 1.000000 0.000000
vt 1.000000 1.000000
vt 0.000000 1.000000
vt 0.000000 0.000000
vt 1.000000 0.000000
vt 1.000000 1.000000
vt 0.000000 1.000000
vt 0.500000 1.000000
vt 0.000000 0.000000
vt 1.000000 0.000000
vt 0.500000 1.000000
vt 0.000000 0.000000
vt 1.000000 0.000000
vt 0.000000 0.000000
vt 1.000000 0.000000
vt 1.000000 1.000000
vt 0.000000 1.000000
vt 0.000000 0.000000
vt 1.000000 0.000000
vt 1.000000 1.000000
vt 0.000000 1.000000
vt 0.500000 1.000000
vt 0.000000 0.000000
vt 1.000000 0.000000
vt 0.500000 1.000000
vt 0.000000 0.000000
vt 1.000000 0.000000
vt 0.000000 0.000000
vt 1.000000 0.000000
vt 1.000000 1.000000
vt 0.000000 1.000000
vt 0.000000 0.000000
vt 1.000000 0.000000
vt 1.000000 1.000000
vt 0.000000 1.000000
vt 0.500000 1.000000
vt 0.000000 0.000000
vt 1.000000 0.000000
vt 0.500000 1.000000
vt 0.000000 0.000000
vt 1.000000 0.000000
vt 0.000000 0.000000
vt 1.000000 0.000000
vt 1.000000 1.000000
vt 0.000000 1.000000
vt 0.000000 0.000000
vt 1.000000 0.000000
vt 1.000000 1.000000
vt 0.000000 1.000000
vt 0.500000 1.000000
vt 0.000000 0.000000
vt 1.000000 0.000000
vt 0.500000 1.000000
vt 0.000000 0.000000
vt 1.000000 0.000000
vt 0.000000 0.000000
vt 1.000000 0.000000
vt 1.000000 1.000000
vt 0.000000 1.000000
vt 0.000000 0.000000
vt 1.000000 0.000000
vt 1.000000 1.000000
vt 0.000000 1.000000
vt 0.500000 1.000000
vt 0.000000 0.000000
vt 1.000000 0.000000
vt 0.500000 1.000000
vt 0.000000 0.000000
vt 1.000000 0.000000
vt 0.000000 0.000000
vt 1.000000 0.000000
vt 1.000000 1.000000
vt 0.000000 1.000000
vt 0.000000 0.000000
vt 1.000000 0.000000
vt 1.000000 1.000000
vt 0.000000 1.000000
vt 0.500000 1.000000
vt 0.000000 0.000000
vt 1.000000 0.000000
vt 0.500000 1.000000
vt 0.000000 0.000000
vt 1.000000 0.000000
vt 0.000000 0.000000
vt 1.000000 0.000000
vt 1.000000 1.000000
vt 0.000000 1.000000
vt 0.000000 0.000000
vt 1.000000 0.000000
vt 1.000000 1.000000
vt 0.000000 1.000000
vt 0.500000 1.000000
vt 0.000000 0.000000
vt 1.000000 0.000000
vt 0.500000 1.000000
vt 0.000000 0.000000
vt 1.000000 0.000000
vt 0.000000 0.000000
vt 1.000000 0.000000
vt 1.000000 1.000000
vt 0.000000 1.000000
vt 0.000000 0.000000
vt 1.000000 0.000000
vt 1.000000 1.000000
vt 0.000000 1.000000
vt 0.500000 1.000000
vt 0.000000 0.000000
vt 1.000000 0.000000
vt 0.500000 1.000000
vt 0.000000 0.000000
vt 1.000000 0.000000
vt 0.000000 0.000000
vt 1.000000 0.000000
vt 1.000000 1.000000
vt 0.000000 1.000000
vt 0.000000 0.000000
vt 1.000000 0.000000
vt 1.000000 1.000000
vt 0.000000 1.000000
vt 0.500000 1.000000
vt 0.000000 0.000000
vt 1.000000 0.000000
vt 0.500000 1.000000
vt 0.000000 0.000000
vt 1.000000 0.000000
vt 0.000000 0.000000
vt 1.000000 0.000000
vt 1.000000 1.000000
vt 0.000000 1.000000
vt 0.000000 0.000000
vt 1.000000 0.000000
vt 1.000000 1.000000
vt 0.000000 1.000000
vt 0.500000 1.000000
vt 0.000000 0.000000
vt 1.000000 0.000000
vt 0.500000 1.000000
vt 0.000000 0.000000
vt 1.000000 0.000000
vt 0.000000 0.000000
vt 1.000000 0.000000
vt 1.000000 1.000000
vt 0.000000 1.000000
vt 0.000000 0.000000
vt 1.000000 0.000000
vt 1.000000 1.000000
vt 0.000000 1.000000
vt 0.500000 1.000000
vt 0.000000 0.000000
vt 1.000000 0.000000
vt 0.500000 1.000000
vt 0.000000 0.000000
vt 1.000000 0.000000
vt 0.000000 0.000000
vt 1.000000 0.000000
vt 1.000000 1.000000
vt 0.000000 1.000000
vt 0.000000 0.000000
vt 1.000000 0.000000
vt 1.000000 1.000000
vt 0.000000 1.000000
vt 0.500000 1.000000
vt 0.000000 0.000000
vt 1.000000 0.000000
vt 0.500000 1.000000
vt 0.000000 0.000000
vt 1.000000 0.000000
vt 0.000000 0.000000
vt 1.000000 0.000000
vt 1.000000 1.000000
vt 0.000000 1.000000
vt 0.000000 0.000000
vt 1.000000 0.000000
vt 1.000000 1.000000
vt 0.000000 1.000000
vt 0.500000 1.000000
vt 0.000000 0.000000
vt 1.000000 0.000000
vt 0.500000 1.000000
vt 0.000000 0.000000
vt 1.000000 0.000000
vt 0.000000 0.000000
vt 1.000000 0.000000
vt 1.000000 1.000000
vt 0.000000 1.000000
vt 0.000000 0.000000
vt 1.000000 0.000000
vt 1.000000 1.000000
vt 0.000000 1.000000
vt 0.500000 1.000000
vt 0.000000 0.000000
vt 1.000000 0.000000
vt 0.500000 1.000000
vt 0.000000 0.000000
vt 1.000000 0.000000
vt 0.000000 0.000000
vt 1.000000 0.000000
vt 1.000000 1.000000
vt 0.000000 1.000000
vt 0.000000 0.000000
vt 1.000000 0.000000
vt 1.000000 1.000000
vt 0.000000 1.000000
vt 0.500000 1.000000
vt 0.000000 0.000000
vt 1.000000 0.000000
vt 0.500000 1.000000
vt 0.000000 0.000000
vt 1.000000 0.000000
vt 0.000000 0.000000
vt 1.000000 0.000000
vt 1.000000 1.000000
vt 0.000000 1.000000
vt 0.000000 0.000000
vt 1.000000 0.000000
vt 1.000000 1.000000
vt 0.000000 1.000000
vt 0.500000 1.000000
vt 0.000000 0.000000
vt 1.000000 0.000000
vt 0.500000 1.000000
vt 0.000000 0.000000
vt 1.000000 0.000000
vt 0.000000 0.000000
vt 1.000000 0.000000
vt 1.000000 1.000000
vt 0.000000 1.000000
vt 0.000000 0.000000
vt 1.000000 0.000000
vt 1.000000 1.000000
vt 0.000000 1.000000
vt 0.500000 1.000000
vt 0.000000 0.000000
vt 1.000000 0.000000
vt 0.500000 1.000000
vt 0.000000 0.000000
vt 1.000000 0.000000
vt 0.000000 0.000000
vt 1.000000 0.000000
vt 1.000000 1.000000
vt 0.000000 1.000000
vt 0.000000 0.000000
vt 1.000000 0.000000
vt 1.000000 1.000000
vt 0.000000 1.000000
vt 0.500000 1.000000
vt 0.000000 0.000000
vt 1.000000 0.000000
vt 0.500000 1.000000
vt 0.000000 0.000000
vt 1.000000 0.000000
vt 0.000000 0.000000
vt 1.000000 0.000000
vt 1.000000 1.000000
vt 0.000000 1.000000
vt 0.000000 0.000000
vt 1.000000 0.000000
vt 1.000000 1.000000
vt 0.000000 1.000000
vt 0.500000 1.000000
vt 0.000000 0.000000
vt 1.000000 0.000000
vt 0.500000 1.000000
vt 0.000000 0.000000
vt 1.000000 0.000000
vt 0.000000 0.000000
vt 1.000000 0.000000
vt 1.000000 1.000000
vt 0.000000 1.000000
vt 0.000000 0.000000
vt 1.000000 0.000000
vt 1.000000 1.000000
vt 0.000000 1.000000
vt 0.500000 1.000000
vt 0.000000 0.000000
vt 1.000000 0.000000
vt 0.500000 1.000000
vt 0.000000 0.000000
vt 1.000000 0.000000
vt 0.000000 0.000000
vt 1.000000 0.000000
vt 1.000000 1.000000
vt 0.000000 1.000000
vt 0.000000 0.000000
vt 1.000000 0.000000
vt 1.000000 1.000000
vt 0.000000 1.000000
vt 0.500000 1.000000
vt 0.000000 0.000000
vt 1.000000 0.000000
vt 0.500000 1.000000
vt 0.000000 0.000000
vt 1.000000 0.000000
vt 0.000000 0.000000
vt 1.000000 0.000000
vt 1.000000 1.000000
vt 0.000000 1.000000
vt 0.000000 0.000000
vt 1.000000 0.000000
vt 1.000000 1.000000
vt 0.000000 1.000000
vt 0.500000 1.000000
vt 0.000000 0.000000
vt 1.000000 0.000000
vt 0.500000 1.000000
vt 0.000000 0.000000
vt 1.000000 0.000000
vt 0.000000 0.000000
vt 1.000000 0.000000
vt 1.000000 1.000000
vt 0.000000 1.000000
vt 0.000000 0.000000
vt 1.000000 0.000000
vt 1.000000 1.000000
vt 0.000000 1.000000
vt 0.500000 1.000000
vt 0.000000 0.000000
vt 1.000000 0.000000
vt 0.500000 1.000000
vt 0.000000 0.000000
vt 1.000000 0.000000
vt 0.000000 0.000000
vt 1.000000 0.000000
vt 1.000000 1.000000
vt 0.000000 1.000000
vt 0.000000 0.000000
vt 1.000000 0.000000
vt 1.000000 1.000000
vt 0.000000 1.000000
vt 0.500000 1.000000
vt 0.000000 0.000000
vt 1.000000 0.000000
vt 0.500000 1.000000
vt 0.000000 0.000000
vt 1.000000 0.000000
vt 0.000000 0.000000
vt 1.000000 0.000000
vt 1.000000 1.000000
vt 0.000000 1.000000
vt 0.000000 0.000000
vt 1.000000 0.000000
vt 1.000000 1.000000
vt 0.000000 1.000000
vt 0.500000 1.000000
vt 0.000000 0.000000
vt 1.000000 0.000000
vt 0.500000 1.000000
vt 0.000000 0.000000
vt 1.000000 0.000000
vt 0.000000 0.000000
vt 1.000000 0.000000
vt 1.000000 1.000000
vt 0.000000 1.000000
vt 0.000000 0.000000
vt 1.000000 0.000000
vt 1.000000 1.000000
vt 0.000000 1.000000
vt 0.500000 1.000000
vt 0.000000 0.000000
vt 1.000000 0.000000
vt 0.500000 1.000000
vt 0.000000 0.000000
vt 1.000000 0.000000
vt 0.000000 0.000000
vt 1.000000 0.000000
vt 1.000000 1.000000
vt 0.000000 1.000000
vt 0.000000 0.000000
vt 1.000000 0.000000
vt 1.000000 1.000000
vt 0.000000 1.000000
vt 0.500000 1.000000
vt 0.000000 0.000000
vt 1.000000 0.000000
vt 0.500000 1.000000
vt 0.000000 0.000000
vt 1.000000 0.000000
vt 0.000000 0.000000
vt 1.000000 0.000000
vt 1.000000 1.000000
vt 0.000000 1.000000
vt 0.000000 0.000000
vt 1.000000 0.000000
vt 1.000000 1.000000
vt 0.000000 1.000000
vt 0.500000 1.000000
vt 0.000000 0.000000
vt 1.000000 0.000000
vt 0.500000 1.000000
vt 0.000000 0.000000
vt 1.000000 0.000000
vt 0.000000 0.000000
vt 1.000000 0.000000
vt 1.000000 1.000000
vt 0.000000 1.000000
vt 0.000000 0.000000
vt 1.000000 0.000000
vt 1.000000 1.000000
vt 0.000000 1.000000
vt 0.500000 1.000000
vt 0.000000 0.000000
vt 1.000000 0.000000
vt 0.500000 1.000000
vt 0.000000 0.000000
vt 1.000000 0.000000
vt 0.000000 0.000000
vt 1.000000 0.000000
vt 1.000000 1.000000
vt 0.000000 1.000000
vt 0.000000 0.000000
vt 1.000000 0.000000
vt 1.000000 1.000000
vt 0.000000 1.000000
vt 0.500000 1.000000
vt 0.000000 0.000000
vt 1.000000 0.000000
vt 0.500000 1.000000
vt 0.000000 0.000000
vt 1.000000 0.000000
vt 0.000000 0.000000
vt 1.000000 0.000000
vt 1.000000 1.000000
vt 0.000000 1.000000
vt 0.000000 0.000000
vt 1.000000 0.000000
vt 1.000000 1.000000
vt 0.000000 1.000000
vt 0.500000 1.000000
vt 0.000000 0.000000
vt 1.000000 0.000000
vt 0.500000 1.000000
vt 0.000000 0.000000
vt 1.000000 0.000000
vt 0.000000 0.000000
vt 1.000000 0.000000
vt 1.000000 1.000000
vt 0.000000 1.000000
vt 0.000000 0.000000
vt 1.000000 0.000000
vt 1.000000 1.000000
vt 0.000000 1.000000
vt 0.500000 1.000000
vt 0.000000 0.000000
vt 1.000000 0.000000
vt 0.500000 1.000000
vt 0.000000 0.000000
vt 1.000000 0.000000
vt 0.000000 0.000000
vt 1.000000 0.000000
vt 1.000000 1.000000
vt 0.000000 1.000000
vt 0.000000 0.000000
vt 1.000000 0.000000
vt 1.000000 1.000000
vt 0.000000 1.000000
vt 0.500000 1.000000
vt 0.000000 0.000000
vt 1.000000 0.000000
vt 0.500000 1.000000
vt 0.000000 0.000000
vt 1.000000 0.000000
vt 0.000000 0.000000
vt 1.000000 0.000000
vt 1.000000 1.000000
vt 0.000000 1.000000
vt 0.000000 0.000000
vt 1.000000 0.000000
vt 1.000000 1.000000
vt 0.000000 1.000000
vt 0.500000 1.000000
vt 0.000000 0.000000
vt 1.000000 0.000000
vt 0.500000 1.000000
vt 0.000000 0.000000
vt 1.000000 0.000000
vt 0.000000 0.000000
vt 1.000000 0.000000
vt 1.000000 1.000000
vt 0.000000 1.000000
vt 0.000000 0.000000
vt 1.000000 0.000000
vt 1.000000 1.000000
vt 0.000000 1.000000
vt 0.500000 1.000000
vt 0.000000 0.000000
vt 1.000000 0.000000
vt 0.500000 1.000000
vt 0.000000 0.000000
vt 1.000000 0.000000
vt 0.000000 0.000000
vt 1.000000 0.000000
vt 1.000000 1.000000
vt 0.000000 1.000000
vt 0.000000 0.000000
vt 1.000000 0.000000
vt 1.000000 1.000000
vt 0.000000 1.000000
vt 0.500000 1.000000
vt 0.000000 0.000000
vt 1.000000 0.000000
vt 0.500000 1.000000
vt 0.000000 0.000000
vt 1.000000 0.000000
vt 0.000000 0.000000
vt 1.000000 0.000000
vt 1.000000 1.000000
vt 0.000000 1.000000
vt 0.000000 0.000000
vt 1.000000 0.000000
vt 1.000000 1.000000
vt 0.000000 1.000000
vt 0.500000 1.000000
vt 0.000000 0.000000
vt 1.000000 0.000000
vt 0.500000 1.000000
vt 0.000000 0.000000
vt 1.000000 0.000000
vt 0.000000 0.000000
vt 1.000000 0.000000
vt 1.000000 1.000000
vt 0.000000 1.000000
vt 0.000000 0.000000
vt 1.000000 0.000000
vt 1.000000 1.000000
vt 0.000000 1.000000
vt 0.500000 1.000000
vt 0.000000 0.000000
vt 1.000000 0.000000
vt 0.500000 1.000000
vt 0.000000 0.000000
vt 1.000000 0.000000
vt 0.000000 0.000000
vt 1.000000 0.000000
vt 1.000000 1.000000
vt 0.000000 1.000000
vt 0.000000 0.000000
vt 1.000000 0.000000
vt 1.000000 1.000000
vt 0.000000 1.000000
vt 0.500000 1.000000
vt 0.000000 0.000000
vt 1.000000 0.000000
s 1
usemtl models/caelum/world/environment/bark_jungle.png
f 1/1 2/2 3/3 4/4
f 5/5 6/6 7/7
f 8/8 9/9 10/10 11/11
f 12/12 13/13 14/14
f 15/15 16/16 17/17 18/18
f 19/19 20/20 21/21
f 22/22 23/23 24/24 25/25
f 26/26 27/27 28/28
f 29/29 30/30 31/31 32/32
f 33/33 34/34 35/35
f 36/36 37/37 38/38 39/39
f 40/40 41/41 42/42
f 43/43 44/44 45/45 46/46
f 47/47 48/48 49/49
f 50/50 51/51 52/52 53/53
f 54/54 55/55 56/56
f 57/57 58/58 59/59 60/60
f 61/61 62/62 63/63
f 64/64 65/65 66/66 67/67
f 68/68 69/69 70/70 71/71
f 72/72 73/73 74/74 75/75
f 76/76 77/77 78/78 79/79
f 80/80 81/81 82/82 83/83
f 84/84 85/85 86/86 87/87
f 88/88 89/89 90/90 91/91
f 92/92 93/93 94/94 95/95
f 96/96 97/97 98/98 99/99
f 100/100 101/101 102/102 103/103
f 104/104 105/105 106/106
f 107/107 108/108 109/109 110/110
f 111/111 112/112 113/113
f 114/114 115/115 116/116 117/117
f 118/118 119/119 120/120
f 121/121 122/122 123/123 124/124
f 125/125 126/126 127/127
f 128/128 129/129 130/130 131/131
f 132/132 133/133 134/134
f 135/135 136/136 137/137 138/138
f 139/139 140/140 141/141
f 142/142 143/143 144/144 145/145
f 146/146 147/147 148/148
f 149/149 150/150 151/151 152/152
f 153/153 154/154 155/155
f 156/156 157/157 158/158 159/159
f 160/160 161/161 162/162
f 163/163 164/164 165/165 166/166
f 167/167 168/168 169/169
f 170/170 171/171 172/172 173/173
f 174/174 175/175 176/176
f 177/177 178/178 179/179 180/180
f 181/181 182/182 183/183
f 184/184 185/185 186/186 187/187
f 188/188 189/189 190/190
f 191/191 192/192 193/193 194/194
f 195/195 196/196 197/197
f 198/198 199/199 200/200 201/201
f 202/202 203/203 204/204
f 205/205 206/206 207/207 208/208
f 209/209 210/210 211/211
f 212/212 213/213 214/214 215/215
f 216/216 217/217 218/218
f 219/219 220/220 221/221 222/222
f 223/223 224/224 225/225
f 226/226 227/227 228/228 229/229
f 230/230 231/231 232/232
f 233/233 234/234 235/235 236/236
f 237/237 238/238 239/239
f 240/240 241/241 242/242 243/243
f 244/244 245/245 246/246
f 247/247 248/248 249/249 250/250
f 251/251 252/252 253/253
f 254/254 255/255 256/256 257/257
f 258/258 259/259 260/260
f 261/261 262/262 263/263 264/264
f 265/265 266/266 267/267
f 268/268 269/269 270/270 271/271
f 272/272 273/273 274/274
f 275/275 276/276 277/277 278/278
f 279/279 280/280 281/281
f 282/282 283/283 284/284 285/285
f 286/286 287/287 288/288
f 289/289 290/290 291/291 292/292
f 293/293 294/294 295/295
f 296/296 297/297 298/298 299/299
f 300/300 301/301 302/302
f 303/303 304/304 305/305 306/306
f 307/307 308/308 309/309
f 310/310 311/311 312/312 313/313
f 314/314 315/315 316/316
f 317/317 318/318 319/319 320/320
f 321/321 322/322 323/323
f 324/324 325/325 326/326 327/327
f 328/328 329/329 330/330
f 331/331 332/332 333/333 334/334
f 335/335 336/336 337/337
f 338/338 339/339 340/340 341/341
f 342/342 343/343 344/344
f 345/345 346/346 347/347 348/348
f 349/349 350/350 351/351
f 352/352 353/353 354/354 355/355
f 356/356 357/357 358/358
f 359/359 360/360 361/361 362/362
f 363/363 364/364 365/365
f 366/366 367/367 368/368 369/369
f 370/370 371/371 372/372
f 373/373 374/374 375/375 376/376
f 377/377 378/378 379/379
f 380/380 381/381 382/382 383/383
f 384/384 385/385 386/386
f 387/387 388/388 389/389 390/390
f 391/391 392/392 393/393
f 394/394 395/395 396/396 397/397
f 398/398 399/399 400/400
f 401/401 402/402 403/403 404/404
f 405/405 406/406 407/407
f 408/408 409/409 410/410 411/411
f 412/412 413/413 414/414
f 415/415 416/416 417/417 418/418
f 419/419 420/420 421/421
f 422/422 423/423 424/424 425/425
f 426/426 427/427 428/428
f 429/429 430/430 431/431 432/432
f 433/433 434/434 435/435
f 436/436 437/437 438/438 439/439
f 440/440 441/441 442/442
f 443/443 444/444 445/445 446/446
f 447/447 448/448 449/449
f 450/450 451/451 452/452 453/453
f 454/454 455/455 456/456
f 457/457 458/458 459/459 460/460
f 461/461 462/462 463/463
f 464/464 465/465 466/466 467/467
f 468/468 469/469 470/470
f 471/471 472/472 473/473 474/474
f 475/475 476/476 477/477
f 478/478 479/479 480/480 481/481
f 482/482 483/483 484/484
f 485/485 486/486 487/487 488/488
f 489/489 490/490 491/491
f 492/492 493/493 494/494 495/495
f 496/496 497/497 498/498
f 499/499 500/500 501/501 502/502
f 503/503 504/504 505/505
f 506/506 507/507 508/508 509/509
f 510/510 511/511 512/512
f 513/513 514/514 515/515 516/516
f 517/517 518/518 519/519
f 520/520 521/521 522/522 523/523
f 524/524 525/525 526/526
f 527/527 528/528 529/529 530/530
f 531/531 532/532 533/533
f 534/534 535/535 536/536 537/537
f 538/538 539/539 540/540
f 541/541 542/542 543/543 544/544
f 545/545 546/546 547/547
f 548/548 549/549 550/550 551/551
f 552/552 553/553 554/554
f 555/555 556/556 557/557 558/558
f 559/559 560/560 561/561
f 562/562 563/563 564/564 565/565
f 566/566 567/567 568/568
f 569/569 570/570 571/571 572/572
f 573/573 574/574 575/575
f 576/576 577/577 578/578 579/579
f 580/580 581/581 582/582
f 583/583 584/584 585/585 586/586
f 587/587 588/588 589/589
f 590/590 591/591 592/592 593/593
f 594/594 595/595 596/596
f 597/597 598/598 599/599 600/600
f 601/601 602/602 603/603
f 604/604 605/605 606/606 607/607
f 608/608 609/609 610/610
f 611/611 612/612 613/613 614/614
f 615/615 616/616 617/617
f 618/618 619/619 620/620 621/621
f 622/622 623/623 624/624
f 625/625 626/626 627/627 628/628
f 629/629 630/630 631/631
f 632/632 633/633 634/634 635/635
f 636/636 637/637 638/638
f 639/639 640/640 641/641 642/642
f 643/643 644/644 645/645
f 646/646 647/647 648/648 649/649
f 650/650 651/651 652/652
f 653/653 654/654 655/655 656/656
f 657/657 658/658 659/659
f 660/660 661/661 662/662 663/663
f 664/664 665/665 666/666
f 667/667 668/668 669/669 670/670
f 671/671 672/672 673/673
f 674/674 675/675 676/676 677/677
f 678/678 679/679 680/680
f 681/681 682/682 683/683 684/684
f 685/685 686/686 687/687
f 688/688 689/689 690/690 691/691
f 692/692 693/693 694/694
f 695/695 696/696 697/697 698/698
f 699/699 700/700 701/701
f 702/702 703/703 704/704 705/705
f 706/706 707/707 708/708
f 709/709 710/710 711/711 712/712
f 713/713 714/714 715/715
f 716/716 717/717 718/718 719/719
f 720/720 721/721 722/722
f 723/723 724/724 725/725 726/726
f 727/727 728/728 729/729
f 730/730 731/731 732/732 733/733
f 734/734 735/735 736/736
f 737/737 738/738 739/739 740/740
f 741/741 742/742 743/743
f 744/744 745/745 746/746 747/747
f 748/748 749/749 750/750
f 751/751 752/752 753/753 754/754
f 755/755 756/756 757/757
f 758/758 759/759 760/760 761/761
f 762/762 763/763 764/764
f 765/765 766/766 767/767 768/768
f 769/769 770/770 771/771
f 772/772 773/773 774/774 775/775
f 776/776 777/777 778/778
f 779/779 780/780 781/781 782/782
f 783/783 784/784 785/785
f 786/786 787/787 788/788 789/789
f 790/790 791/791 792/792
f 793/793 794/794 795/795 796/796
f 797/797 798/798 799/799
f 800/800 801/801 802/802 803/803
f 804/804 805/805 806/806
f 807/807 808/808 809/809 810/810
f 811/811 812/812 813/813
f 814/814 815/815 816/816 817/817
f 818/818 819/819 820/820
f 821/821 822/822 823/823 824/824
f 825/825 826/826 827/827
f 828/828 829/829 830/830 831/831
f 832/832 833/833 834/834
usemtl models/caelum/world/environment/foliage_jungle.png
f 835/835 836/836 837/837
f 838/838 839/839 840/840 841/841
f 842/842 843/843 844/844 845/845
f 846/846 847/847 848/848
f 849/849 850/850 851/851
f 852/852 853/853 854/854 855/855
f 856/856 857/857 858/858 859/859
f 860/860 861/861 862/862
f 863/863 864/864 865/865
f 866/866 867/867 868/868 869/869
f 870/870 871/871 872/872 873/873
f 874/874 875/875 876/876
f 877/877 878/878 879/879
f 880/880 881/881 882/882 883/883
f 884/884 885/885 886/886 887/887
f 888/888 889/889 890/890
f 891/891 892/892 893/893
f 894/894 895/895 896/896 897/897
f 898/898 899/899 900/900 901/901
f 902/902 903/903 904/904
f 905/905 906/906 907/907
f 908/908 909/909 910/910 911/911
f 912/912 913/913 914/914 915/915
f 916/916 917/917 918/918
f 919/919 920/920 921/921
f 922/922 923/923 924/924 925/925
f 926/926 927/927 928/928 929/929
f 930/930 931/931 932/932
f 933/933 934/934 935/935
f 936/936 937/937 938/938 939/939
f 940/940 941/941 942/942 943/943
f 944/944 945/945 946/946
f 947/947 948/948 949/949
f 950/950 951/951 952/952 953/953
f 954/954 955/955 956/956 957/957
f 958/958 959/959 960/960
f 961/961 962/962 963/963
f 964/964 965/965 966/966 967/967
f 968/968 969/969 970/970 971/971
f 972/972 973/973 974/974
f 975/975 976/976 977/977
f 978/978 979/979 980/980 981/981
f 982/982 983/983 984/984 985/985
f 986/986 987/987 988/988
f 989/989 990/990 991/991
f 992/992 993/993 994/994 995/995
f 996/996 997/997 998/998 999/999
f 1000/1000 1001/1001 1002/1002
f 1003/1003 1004/1004 1005/1005
f 1006/1006 1007/1007 1008/1008 1009/1009
f 1010/1010 1011/1011 1012/1012 1013/1013
f 1014/1014 1015/1015 1016/1016
f 1017/1017 1018/1018 1019/1019
f 1020/1020 1021/1021 1022/1022 1023/1023
f 1024/1024 1025/1025 1026/1026 1027/1027
f 1028/1028 1029/1029 1030/1030
f 1031/1031 1032/1032 1033/1033
f 1034/1034 1035/1035 1036/1036 1037/1037
f 1038/1038 1039/1039 1040/1040 1041/1041
f 1042/1042 1043/1043 1044/1044
f 1045/1045 1046/1046 1047/1047
f 1048/1048 1049/1049 1050/1050 1051/1051
f 1052/1052 1053/1053 1054/1054 1055/1055
f 1056/1056 1057/1057 1058/1058
f 1059/1059 1060/1060 1061/1061
f 1062/1062 1063/1063 1064/1064 1065/1065
f 1066/1066 1067/1067 1068/1068 1069/1069
f 1070/1070 1071/1071 1072/1072
f 1073/1073 1074/1074 1075/1075
f 1076/1076 1077/1077 1078/1078 1079/1079
f 1080/1080 1081/1081 1082/1082 1083/1083
f 1084/1084 1085/1085 1086/1086
f 1087/1087 1088/1088 1089/1089
f 1090/1090 1091/1091 1092/1092 1093/1093
f 1094/1094 1095/1095 1096/1096 1097/1097
f 1098/1098 1099/1099 1100/1100
f 1101/1101 1102/1102 1103/1103
f 1104/1104 1105/1105 1106/1106 1107/1107
f 1108/1108 1109/1109 1110/1110 1111/1111
f 1112/1112 1113/1113 1114/1114
f 1115/1115 1116/1116 1117/1117
f 1118/1118 1119/1119 1120/1120 1121/1121
f 1122/1122 1123/1123 1124/1124 1125/1125
f 1126/1126 1127/1127 1128/1128
f 1129/1129 1130/1130 1131/1131
f 1132/1132 1133/1133 1134/1134 1135/1135
f 1136/1136 1137/1137 1138/1138 1139/1139
f 1140/1140 1141/1141 1142/1142
f 1143/1143 1144/1144 1145/1145
f 1146/1146 1147/1147 1148/1148 1149/1149
f 1150/1150 1151/1151 1152/1152 1153/1153
f 1154/1154 1155/1155 1156/1156
f 1157/1157 1158/1158 1159/1159
f 1160/1160 1161/1161 1162/1162 1163/1163
f 1164/1164 1165/1165 1166/1166 1167/1167
f 1168/1168 1169/1169 1170/1170
f 1171/1171 1172/1172 1173/1173
f 1174/1174 1175/1175 1176/1176 1177/1177
f 1178/1178 1179/1179 1180/1180 1181/1181
f 1182/1182 1183/1183 1184/1184
f 1185/1185 1186/1186 1187/1187
f 1188/1188 1189/1189 1190/1190 1191/1191
f 1192/1192 1193/1193 1194/1194 1195/1195
f 1196/1196 1197/1197 1198/1198
f 1199/1199 1200/1200 1201/1201
f 1202/1202 1203/1203 1204/1204 1205/1205
f 1206/1206 1207/1207 1208/1208 1209/1209
f 1210/1210 1211/1211 1212/1212
f 1213/1213 1214/1214 1215/1215
f 1216/1216 1217/1217 1218/1218 1219/1219
f 1220/1220 1221/1221 1222/1222 1223/1223
f 1224/1224 1225/1225 1226/1226
f 1227/1227 1228/1228 1229/1229
f 1230/1230 1231/1231 1232/1232 1233/1233
f 1234/1234 1235/1235 1236/1236 1237/1237
f 1238/1238 1239/1239 1240/1240
f 1241/1241 1242/1242 1243/1243
f 1244/1244 1245/1245 1246/1246 1247/1247
f 1248/1248 1249/1249 1250/1250 1251/1251
f 1252/1252 1253/1253 1254/1254
f 1255/1255 1256/1256 1257/1257
f 1258/1258 1259/1259 1260/1260 1261/1261
f 1262/1262 1263/1263 1264/1264 1265/1265
f 1266/1266 1267/1267 1268/1268
f 1269/1269 1270/1270 1271/1271
f 1272/1272 1273/1273 1274/1274 1275/1275
f 1276/1276 1277/1277 1278/1278 1279/1279
f 1280/1280 1281/1281 1282/1282
f 1283/1283 1284/1284 1285/1285
f 1286/1286 1287/1287 1288/1288 1289/1289
f 1290/1290 1291/1291 1292/1292 1293/1293
f 1294/1294 1295/1295 1296/1296
f 1297/1297 1298/1298 1299/1299
f 1300/1300 1301/1301 1302/1302 1303/1303
f 1304/1304 1305/1305 1306/1306 1307/1307
f 1308/1308 1309/1309 1310/1310
f 1311/1311 1312/1312 1313/1313
f 1314/1314 1315/1315 1316/1316 1317/1317
f 1318/1318 1319/1319 1320/1320 1321/1321
f 1322/1322 1323/1323 1324/1324
f 1325/1325 1326/1326 1327/1327
f 1328/1328 1329/1329 1330/1330 1331/1331
f 1332/1332 1333/1333 1334/1334 1335/1335
f 1336/1336 1337/1337 1338/1338
f 1339/1339 1340/1340 1341/1341
f 1342/1342 1343/1343 1344/1344 1345/1345
f 1346/1346 1347/1347 1348/1348 1349/1349
f 1350/1350 1351/1351 1352/1352
f 1353/1353 1354/1354 1355/1355
f 1356/1356 1357/1357 1358/1358 1359/1359
f 1360/1360 1361/1361 1362/1362 1363/1363
f 1364/1364 1365/1365 1366/1366
f 1367/1367 1368/1368 1369/1369
f 1370/1370 1371/1371 1372/1372 1373/1373
f 1374/1374 1375/1375 1376/1376 1377/1377
f 1378/1378 1379/1379 1380/1380
f 1381/1381 1382/1382 1383/1383
f 1384/1384 1385/1385 1386/1386 1387/1387
f 1388/1388 1389/1389 1390/1390 1391/1391
f 1392/1392 1393/1393 1394/1394
f 1395/1395 1396/1396 1397/1397
f 1398/1398 1399/1399 1400/1400 1401/1401
f 1402/1402 1403/1403 1404/1404 1405/1405
f 1406/1406 1407/1407 1408/1408
f 1409/1409 1410/1410 1411/1411
f 1412/1412 1413/1413 1414/1414 1415/1415
f 1416/1416 1417/1417 1418/1418 1419/1419
f 1420/1420 1421/1421 1422/1422
f 1423/1423 1424/1424 1425/1425
f 1426/1426 1427/1427 1428/1428 1429/1429
f 1430/1430 1431/1431 1432/1432 1433/1433
f 1434/1434 1435/1435 1436/1436
f 1437/1437 1438/1438 1439/1439
f 1440/1440 1441/1441 1442/1442 1443/1443
f 1444/1444 1445/1445 1446/1446 1447/1447
f 1448/1448 1449/1449 1450/1450
f 1451/1451 1452/1452 1453/1453
f 1454/1454 1455/1455 1456/1456 1457/1457
f 1458/1458 1459/1459 1460/1460 1461/1461
f 1462/1462 1463/1463 1464/1464
f 1465/1465 1466/1466 1467/1467
f 1468/1468 1469/1469 1470/1470 1471/1471
f 1472/1472 1473/1473 1474/1474 1475/1475
f 1476/1476 1477/1477 1478/1478
f 1479/1479 1480/1480 1481/1481
f 1482/1482 1483/1483 1484/1484 1485/1485
f 1486/1486 1487/1487 1488/1488 1489/1489
f 1490/1490 1491/1491 1492/1492
f 1493/1493 1494/1494 1495/1495
f 1496/1496 1497/1497 1498/1498 1499/1499
f 1500/1500 1501/1501 1502/1502 1503/1503
f 1504/1504 1505/1505 1506/1506
f 1507/1507 1508/1508 1509/1509
f 1510/1510 1511/1511 1512/1512 1513/1513
f 1514/1514 1515/1515 1516/1516 1517/1517
f 1518/1518 1519/1519 1520/1520
f 1521/1521 1522/1522 1523/1523
f 1524/1524 1525/1525 1526/1526 1527/1527
f 1528/1528 1529/1529 1530/1530 1531/1531
f 1532/1532 1533/1533 1534/1534
f 1535/1535 1536/1536 1537/1537
f 1538/1538 1539/1539 1540/1540 1541/1541
f 1542/1542 1543/1543 1544/1544 1545/1545
f 1546/1546 1547/1547 1548/1548
f 1549/1549 1550/1550 1551/1551
f 1552/1552 1553/1553 1554/1554 1555/1555
f 1556/1556 1557/1557 1558/1558 1559/1559
f 1560/1560 1561/1561 1562/1562
f 1563/1563 1564/1564 1565/1565
f 1566/1566 1567/1567 1568/1568 1569/1569
f 1570/1570 1571/1571 1572/1572 1573/1573
f 1574/1574 1575/1575 1576/1576
f 1577/1577 1578/1578 1579/1579
f 1580/1580 1581/1581 1582/1582 1583/1583
f 1584/1584 1585/1585 1586/1586 1587/1587
f 1588/1588 1589/1589 1590/1590
f 1591/1591 1592/1592 1593/1593
f 1594/1594 1595/1595 1596/1596 1597/1597
f 1598/1598 1599/1599 1600/1600 1601/1601
f 1602/1602 1603/1603 1604/1604
f 1605/1605 1606/1606 1607/1607
f 1608/1608 1609/1609 1610/1610 1611/1611
f 1612/1612 1613/1613 1614/1614 1615/1615
f 1616/1616 1617/1617 1618/1618
f 1619/1619 1620/1620 1621/1621
f 1622/1622 1623/1623 1624/1624 1625/1625
f 1626/1626 1627/1627 1628/1628 1629/1629
f 1630/1630 1631/1631 1632/1632
f 1633/1633 1634/1634 1635/1635
f 1636/1636 1637/1637 1638/1638 1639/1639
f 1640/1640 1641/1641 1642/1642 1643/1643
f 1644/1644 1645/1645 1646/1646
f 1647/1647 1648/1648 1649/1649
f 1650/1650 1651/1651 1652/1652 1653/1653
f 1654/1654 1655/1655 1656/1656 1657/1657
f 1658/1658 1659/1659 1660/1660
f 1661/1661 1662/1662 1663/1663
f 1664/1664 1665/1665 1666/1666 1667/1667
f 1668/1668 1669/1669 1670/1670 1671/1671
f 1672/1672 1673/1673 1674/1674
f 1675/1675 1676/1676 1677/1677
f 1678/1678 1679/1679 1680/1680 1681/1681
f 1682/1682 1683/1683 1684/1684 1685/1685
f 1686/1686 1687/1687 1688/1688
f 1689/1689 1690/1690 1691/1691
f 1692/1692 1693/1693 1694/1694 1695/1695
f 1696/1696 1697/1697 1698/1698 1699/1699
f 1700/1700 1701/1701 1702/1702
f 1703/1703 1704/1704 1705/1705
f 1706/1706 1707/1707 1708/1708 1709/1709
f 1710/1710 1711/1711 1712/1712 1713/1713
f 1714/1714 1715/1715 1716/1716
f 1717/1717 1718/1718 1719/1719
f 1720/1720 1721/1721 1722/1722 1723/1723
f 1724/1724 1725/1725 1726/1726 1727/1727
f 1728/1728 1729/1729 1730/1730
f 1731/1731 1732/1732 1733/1733
f 1734/1734 1735/1735 1736/1736 1737/1737
f 1738/1738 1739/1739 1740/1740 1741/1741
f 1742/1742 1743/1743 1744/1744
f 1745/1745 1746/1746 1747/1747
f 1748/1748 1749/1749 1750/1750 1751/1751
f 1752/1752 1753/1753 1754/1754 1755/1755
f 1756/1756 1757/1757 1758/1758
f 1759/1759 1760/1760 1761/1761
f 1762/1762 1763/1763 1764/1764 1765/1765
f 1766/1766 1767/1767 1768/1768 1769/1769
f 1770/1770 1771/1771 1772/1772
f 1773/1773 1774/1774 1775/1775
f 1776/1776 1777/1777 1778/1778 1779/1779
f 1780/1780 1781/1781 1782/1782 1783/1783
f 1784/1784 1785/1785 1786/1786
f 1787/1787 1788/1788 1789/1789
f 1790/1790 1791/1791 1792/1792 1793/1793
f 1794/1794 1795/1795 1796/1796 1797/1797
f 1798/1798 1799/1799 1800/1800
f 1801/1801 1802/1802 1803/1803
f 1804/1804 1805/1805 1806/1806 1807/1807
f 1808/1808 1809/1809 1810/1810 1811/1811
f 1812/1812 1813/1813 1814/1814
f 1815/1815 1816/1816 1817/1817
f 1818/1818 1819/1819 1820/1820 1821/1821
f 1822/1822 1823/1823 1824/1824 1825/1825
f 1826/1826 1827/1827 1828/1828
f 1829/1829 1830/1830 1831/1831
f 1832/1832 1833/1833 1834/1834 1835/1835
f 1836/1836 1837/1837 1838/1838 1839/1839
f 1840/1840 1841/1841 1842/1842
