# Modelo original generado para Caelum Argenteum.
# Ejes OBJ: X ancho, Y altura, Z profundidad.
o ca_tree_jungle_palo_rosa2
v 0.000000 0.000000 -14.000000
v -8.998935 0.040640 -10.724622
v -5.817265 86.828042 -7.399989
v 0.392000 86.800000 -9.660000
v 0.000000 0.000000 0.000000
v -8.998935 0.040640 -10.724622
v 0.000000 0.000000 -14.000000
v -8.998935 0.040640 -10.724622
v -13.787168 0.062265 -2.431074
v -9.121146 86.842963 -1.677441
v -5.817265 86.828042 -7.399989
v 0.000000 0.000000 0.000000
v -13.787168 0.062265 -2.431074
v -8.998935 0.040640 -10.724622
v -13.787168 0.062265 -2.431074
v -12.124232 0.054755 7.000000
v -7.973720 86.837781 4.830000
v -9.121146 86.842963 -1.677441
v 0.000000 0.000000 0.000000
v -12.124232 0.054755 7.000000
v -13.787168 0.062265 -2.431074
v -12.124232 0.054755 7.000000
v -4.788233 0.021624 13.155697
v -2.911881 86.814921 9.077431
v -7.973720 86.837781 4.830000
v 0.000000 0.000000 0.000000
v -4.788233 0.021624 13.155697
v -12.124232 0.054755 7.000000
v -4.788233 0.021624 13.155697
v 4.788233 -0.021624 13.155697
v 3.695881 86.785079 9.077431
v -2.911881 86.814921 9.077431
v 0.000000 0.000000 0.000000
v 4.788233 -0.021624 13.155697
v -4.788233 0.021624 13.155697
v 4.788233 -0.021624 13.155697
v 12.124232 -0.054755 7.000000
v 8.757720 86.762219 4.830000
v 3.695881 86.785079 9.077431
v 0.000000 0.000000 0.000000
v 12.124232 -0.054755 7.000000
v 4.788233 -0.021624 13.155697
v 12.124232 -0.054755 7.000000
v 13.787168 -0.062265 -2.431074
v 9.905146 86.757037 -1.677441
v 8.757720 86.762219 4.830000
v 0.000000 0.000000 0.000000
v 13.787168 -0.062265 -2.431074
v 12.124232 -0.054755 7.000000
v 13.787168 -0.062265 -2.431074
v 8.998935 -0.040640 -10.724622
v 6.601265 86.771958 -7.399989
v 9.905146 86.757037 -1.677441
v 0.000000 0.000000 0.000000
v 8.998935 -0.040640 -10.724622
v 13.787168 -0.062265 -2.431074
v 8.998935 -0.040640 -10.724622
v 0.000000 0.000000 -14.000000
v 0.392000 86.800000 -9.660000
v 6.601265 86.771958 -7.399989
v 0.000000 0.000000 0.000000
v 0.000000 0.000000 -14.000000
v 8.998935 -0.040640 -10.724622
v -0.764324 86.814920 -9.590531
v -6.657957 86.890967 -6.603441
v -2.530585 161.250098 -3.636678
v 0.715184 161.208217 -5.281742
v -6.657957 86.890967 -6.603441
v -9.252837 86.924450 -0.526527
v -3.959649 161.268537 -0.289971
v -2.530585 161.250098 -3.636678
v -9.252837 86.924450 -0.526527
v -7.334791 86.899701 5.796755
v -2.903334 161.254908 3.192416
v -3.959649 161.268537 -0.289971
v -7.334791 86.899701 5.796755
v -1.801293 86.828301 9.407671
v 0.144099 161.215586 5.181036
v -2.903334 161.254908 3.192416
v -1.801293 86.828301 9.407671
v 4.758471 86.743658 8.616633
v 3.756723 161.168971 4.745392
v 0.144099 161.215586 5.181036
v 4.758471 86.743658 8.616633
v 9.275114 86.685379 3.793777
v 6.244150 161.136875 2.089326
v 3.756723 161.168971 4.745392
v 9.275114 86.685379 3.793777
v 9.635250 86.680732 -2.804230
v 6.442486 161.134316 -1.544358
v 6.244150 161.136875 2.089326
v 9.635250 86.680732 -2.804230
v 5.670366 86.731892 -8.090106
v 4.258926 161.162491 -4.455421
v 6.442486 161.134316 -1.544358
v 5.670366 86.731892 -8.090106
v -0.764324 86.814920 -9.590531
v 0.715184 161.208217 -5.281742
v 4.258926 161.162491 -4.455421
v 0.087709 161.226917 -5.167518
v -2.937367 161.291322 -3.145693
v 2.409853 248.016822 -0.579470
v 2.967104 248.004958 -0.951911
v 3.200000 248.000000 0.000000
v 2.967104 248.004958 -0.951911
v 2.409853 248.016822 -0.579470
v -2.937367 161.291322 -3.145693
v -3.955401 161.312996 0.348036
v 2.222321 248.020815 0.064112
v 2.409853 248.016822 -0.579470
v 3.200000 248.000000 0.000000
v 2.409853 248.016822 -0.579470
v 2.222321 248.020815 0.064112
v -3.955401 161.312996 0.348036
v -2.490042 161.281798 3.678916
v 2.492255 248.015068 0.677695
v 2.222321 248.020815 0.064112
v 3.200000 248.000000 0.000000
v 2.222321 248.020815 0.064112
v 2.492255 248.015068 0.677695
v -2.490042 161.281798 3.678916
v 0.773051 161.212326 5.288390
v 3.093351 248.002271 0.974177
v 2.492255 248.015068 0.677695
v 3.200000 248.000000 0.000000
v 2.492255 248.015068 0.677695
v 3.093351 248.002271 0.974177
v 0.773051 161.212326 5.288390
v 4.307040 161.137086 4.423367
v 3.744350 247.988411 0.814831
v 3.093351 248.002271 0.974177
v 3.200000 248.000000 0.000000
v 3.093351 248.002271 0.974177
v 3.744350 247.988411 0.814831
v 4.307040 161.137086 4.423367
v 6.458334 161.091285 1.488602
v 4.140640 247.979973 0.274216
v 3.744350 247.988411 0.814831
v 3.200000 248.000000 0.000000
v 3.744350 247.988411 0.814831
v 4.140640 247.979973 0.274216
v 6.458334 161.091285 1.488602
v 6.220317 161.096352 -2.142696
v 4.096795 247.980907 -0.394707
v 4.140640 247.979973 0.274216
v 3.200000 248.000000 0.000000
v 4.140640 247.979973 0.274216
v 4.096795 247.980907 -0.394707
v 6.220317 161.096352 -2.142696
v 3.704361 161.149917 -4.771404
v 3.633330 247.990774 -0.878943
v 4.096795 247.980907 -0.394707
v 3.200000 248.000000 0.000000
v 4.096795 247.980907 -0.394707
v 3.633330 247.990774 -0.878943
v 3.704361 161.149917 -4.771404
v 0.087709 161.226917 -5.167518
v 2.967104 248.004958 -0.951911
v 3.633330 247.990774 -0.878943
v 3.200000 248.000000 0.000000
v 3.633330 247.990774 -0.878943
v 2.967104 248.004958 -0.951911
v 1.751987 182.987398 -3.958458
v -1.202378 185.025200 -2.210919
v 25.011506 223.680586 -5.933530
v 26.045534 222.967356 -6.545169
v 1.751987 183.502582 0.000000
v -1.202378 185.025200 -2.210919
v 1.751987 182.987398 -3.958458
v -1.202378 185.025200 -2.210919
v -1.202378 185.540383 1.747539
v 25.011506 223.860900 -4.548070
v 25.011506 223.680586 -5.933530
v 1.751987 183.502582 0.000000
v -1.202378 185.540383 1.747539
v -1.202378 185.025200 -2.210919
v -1.202378 185.540383 1.747539
v 1.751987 184.017765 3.958458
v 26.045534 223.327984 -3.774248
v 25.011506 223.860900 -4.548070
v 1.751987 183.502582 0.000000
v 1.751987 184.017765 3.958458
v -1.202378 185.540383 1.747539
v 1.751987 184.017765 3.958458
v 4.706353 181.979964 2.210919
v 27.079562 222.614753 -4.385887
v 26.045534 223.327984 -3.774248
v 1.751987 183.502582 0.000000
v 4.706353 181.979964 2.210919
v 1.751987 184.017765 3.958458
v 4.706353 181.979964 2.210919
v 4.706353 181.464780 -1.747539
v 27.079562 222.434439 -5.771347
v 27.079562 222.614753 -4.385887
v 1.751987 183.502582 0.000000
v 4.706353 181.464780 -1.747539
v 4.706353 181.979964 2.210919
v 4.706353 181.464780 -1.747539
v 1.751987 182.987398 -3.958458
v 26.045534 222.967356 -6.545169
v 27.079562 222.434439 -5.771347
v 1.751987 183.502582 0.000000
v 1.751987 182.987398 -3.958458
v 4.706353 181.464780 -1.747539
v 25.901930 223.057794 -6.546545
v 24.942337 223.731917 -5.787103
v 53.455141 266.614718 -10.211627
v 52.632632 267.192538 -9.560677
v 52.509543 267.115501 -10.749393
v 52.632632 267.192538 -9.560677
v 53.455141 266.614718 -10.211627
v 24.942337 223.731917 -5.787103
v 25.085941 223.821793 -4.400267
v 53.332051 266.537682 -11.400343
v 53.455141 266.614718 -10.211627
v 52.509543 267.115501 -10.749393
v 53.455141 266.614718 -10.211627
v 53.332051 266.537682 -11.400343
v 25.085941 223.821793 -4.400267
v 26.189139 223.237545 -3.772873
v 52.386453 267.038465 -11.938110
v 53.332051 266.537682 -11.400343
v 52.509543 267.115501 -10.749393
v 53.332051 266.537682 -11.400343
v 52.386453 267.038465 -11.938110
v 26.189139 223.237545 -3.772873
v 27.148732 222.563422 -4.532315
v 51.563944 267.616285 -11.287159
v 52.386453 267.038465 -11.938110
v 52.509543 267.115501 -10.749393
v 52.386453 267.038465 -11.938110
v 51.563944 267.616285 -11.287159
v 27.148732 222.563422 -4.532315
v 27.005128 222.473547 -5.919151
v 51.687034 267.693321 -10.098443
v 51.563944 267.616285 -11.287159
v 52.509543 267.115501 -10.749393
v 51.563944 267.616285 -11.287159
v 51.687034 267.693321 -10.098443
v 27.005128 222.473547 -5.919151
v 25.901930 223.057794 -6.546545
v 52.632632 267.192538 -9.560677
v 51.687034 267.693321 -10.098443
v 52.509543 267.115501 -10.749393
v 51.687034 267.693321 -10.098443
v 52.632632 267.192538 -9.560677
v 2.358131 214.102300 -3.902171
v -0.789890 215.039872 -1.472944
v 15.489848 240.147615 7.700470
v 16.591656 239.819464 6.850240
v 2.358131 212.892637 0.000000
v -0.789890 215.039872 -1.472944
v 2.358131 214.102300 -3.902171
v -0.789890 215.039872 -1.472944
v -0.789890 213.830209 2.429227
v 15.489848 239.724233 9.066229
v 15.489848 240.147615 7.700470
v 2.358131 212.892637 0.000000
v -0.789890 213.830209 2.429227
v -0.789890 215.039872 -1.472944
v -0.789890 213.830209 2.429227
v 2.358131 211.682974 3.902171
v 16.591656 238.972700 9.581760
v 15.489848 239.724233 9.066229
v 2.358131 212.892637 0.000000
v 2.358131 211.682974 3.902171
v -0.789890 213.830209 2.429227
v 2.358131 211.682974 3.902171
v 5.506152 210.745401 1.472944
v 17.693463 238.644550 8.731531
v 16.591656 238.972700 9.581760
v 2.358131 212.892637 0.000000
v 5.506152 210.745401 1.472944
v 2.358131 211.682974 3.902171
v 5.506152 210.745401 1.472944
v 5.506152 211.955064 -2.429227
v 17.693463 239.067932 7.365771
v 17.693463 238.644550 8.731531
v 2.358131 212.892637 0.000000
v 5.506152 211.955064 -2.429227
v 5.506152 210.745401 1.472944
v 5.506152 211.955064 -2.429227
v 2.358131 214.102300 -3.902171
v 16.591656 239.819464 6.850240
v 17.693463 239.067932 7.365771
v 2.358131 212.892637 0.000000
v 2.358131 214.102300 -3.902171
v 5.506152 211.955064 -2.429227
v 16.439049 239.881386 6.879683
v 15.419300 240.128819 7.850992
v 33.212694 268.187188 17.429531
v 32.338624 268.399273 18.262082
v 32.207818 268.815248 17.116667
v 32.338624 268.399273 18.262082
v 33.212694 268.187188 17.429531
v 15.419300 240.128819 7.850992
v 15.571907 239.643515 9.187309
v 33.081889 268.603163 16.284117
v 33.212694 268.187188 17.429531
v 32.207818 268.815248 17.116667
v 33.212694 268.187188 17.429531
v 33.081889 268.603163 16.284117
v 15.571907 239.643515 9.187309
v 16.744262 238.910778 9.552317
v 32.077012 269.231223 15.971252
v 33.081889 268.603163 16.284117
v 32.207818 268.815248 17.116667
v 33.081889 268.603163 16.284117
v 32.077012 269.231223 15.971252
v 16.744262 238.910778 9.552317
v 17.764011 238.663345 8.581008
v 31.202942 269.443309 16.803803
v 32.077012 269.231223 15.971252
v 32.207818 268.815248 17.116667
v 32.077012 269.231223 15.971252
v 31.202942 269.443309 16.803803
v 17.764011 238.663345 8.581008
v 17.611404 239.148649 7.244691
v 31.333748 269.027334 17.949218
v 31.202942 269.443309 16.803803
v 32.207818 268.815248 17.116667
v 31.202942 269.443309 16.803803
v 31.333748 269.027334 17.949218
v 17.611404 239.148649 7.244691
v 16.439049 239.881386 6.879683
v 32.338624 268.399273 18.262082
v 31.333748 269.027334 17.949218
v 32.207818 268.815248 17.116667
v 31.333748 269.027334 17.949218
v 32.338624 268.399273 18.262082
v 2.377674 215.656260 -2.389982
v -0.255826 214.788128 -1.137066
v 2.610795 239.652199 19.714645
v 3.532520 239.956046 19.276124
v 2.377674 213.772976 0.000000
v -0.255826 214.788128 -1.137066
v 2.377674 215.656260 -2.389982
v -0.255826 214.788128 -1.137066
v -0.255826 212.904844 1.252916
v 2.610795 238.993050 20.551138
v 2.610795 239.652199 19.714645
v 2.377674 213.772976 0.000000
v -0.255826 212.904844 1.252916
v -0.255826 214.788128 -1.137066
v -0.255826 212.904844 1.252916
v 2.377674 211.889692 2.389982
v 3.532520 238.637747 20.949111
v 2.610795 238.993050 20.551138
v 2.377674 213.772976 0.000000
v 2.377674 211.889692 2.389982
v -0.255826 212.904844 1.252916
v 2.377674 211.889692 2.389982
v 5.011173 212.757824 1.137066
v 4.454244 238.941593 20.510591
v 3.532520 238.637747 20.949111
v 2.377674 213.772976 0.000000
v 5.011173 212.757824 1.137066
v 2.377674 211.889692 2.389982
v 5.011173 212.757824 1.137066
v 5.011173 214.641108 -1.252916
v 4.454244 239.600742 19.674097
v 4.454244 238.941593 20.510591
v 2.377674 213.772976 0.000000
v 5.011173 214.641108 -1.252916
v 5.011173 212.757824 1.137066
v 5.011173 214.641108 -1.252916
v 2.377674 215.656260 -2.389982
v 3.532520 239.956046 19.276124
v 4.454244 239.600742 19.674097
v 2.377674 213.772976 0.000000
v 2.377674 215.656260 -2.389982
v 5.011173 214.641108 -1.252916
v 3.405137 239.958825 19.288104
v 2.553937 239.588809 19.810356
v 5.820527 266.466048 42.160368
v 5.090928 266.148891 42.608013
v 4.981742 266.716259 41.901287
v 5.090928 266.148891 42.608013
v 5.820527 266.466048 42.160368
v 2.553937 239.588809 19.810356
v 2.681320 238.926880 20.634870
v 5.711342 267.033415 41.453642
v 5.820527 266.466048 42.160368
v 4.981742 266.716259 41.901287
v 5.820527 266.466048 42.160368
v 5.711342 267.033415 41.453642
v 2.681320 238.926880 20.634870
v 3.659903 238.634967 20.937131
v 4.872557 267.283626 41.194560
v 5.711342 267.033415 41.453642
v 4.981742 266.716259 41.901287
v 5.711342 267.033415 41.453642
v 4.872557 267.283626 41.194560
v 3.659903 238.634967 20.937131
v 4.511102 239.004983 20.414880
v 4.142957 266.966470 41.642205
v 4.872557 267.283626 41.194560
v 4.981742 266.716259 41.901287
v 4.872557 267.283626 41.194560
v 4.142957 266.966470 41.642205
v 4.511102 239.004983 20.414880
v 4.383719 239.666912 19.590366
v 4.252143 266.399102 42.348931
v 4.142957 266.966470 41.642205
v 4.981742 266.716259 41.901287
v 4.142957 266.966470 41.642205
v 4.252143 266.399102 42.348931
v 4.383719 239.666912 19.590366
v 3.405137 239.958825 19.288104
v 5.090928 266.148891 42.608013
v 4.252143 266.399102 42.348931
v 4.981742 266.716259 41.901287
v 4.252143 266.399102 42.348931
v 5.090928 266.148891 42.608013
v 1.811693 188.540500 -2.007555
v -0.243521 186.657697 -1.885939
v -17.218268 207.938315 19.910685
v -16.498944 208.597297 19.868120
v 1.811693 186.603140 0.000000
v -0.243521 186.657697 -1.885939
v 1.811693 188.540500 -2.007555
v -0.243521 186.657697 -1.885939
v -0.243521 184.720336 0.121616
v -17.218268 207.260239 20.613330
v -17.218268 207.938315 19.910685
v 1.811693 186.603140 0.000000
v -0.243521 184.720336 0.121616
v -0.243521 186.657697 -1.885939
v -0.243521 184.720336 0.121616
v 1.811693 184.665779 2.007555
v -16.498944 207.241144 21.273408
v -17.218268 207.260239 20.613330
v 1.811693 186.603140 0.000000
v 1.811693 184.665779 2.007555
v -0.243521 184.720336 0.121616
v 1.811693 184.665779 2.007555
v 3.866906 186.548583 1.885939
v -15.779619 207.900126 21.230842
v -16.498944 207.241144 21.273408
v 1.811693 186.603140 0.000000
v 3.866906 186.548583 1.885939
v 1.811693 184.665779 2.007555
v 3.866906 186.548583 1.885939
v 3.866906 188.485944 -0.121616
v -15.779619 208.578202 20.528198
v -15.779619 207.900126 21.230842
v 1.811693 186.603140 0.000000
v 3.866906 188.485944 -0.121616
v 3.866906 186.548583 1.885939
v 3.866906 188.485944 -0.121616
v 1.811693 188.540500 -2.007555
v -16.498944 208.597297 19.868120
v -15.779619 208.578202 20.528198
v 1.811693 186.603140 0.000000
v 1.811693 188.540500 -2.007555
v 3.866906 188.485944 -0.121616
v -16.596569 208.599138 19.876734
v -17.248925 207.875951 19.946944
v -35.541651 227.877295 43.390461
v -36.100813 227.257421 43.450641
v -36.184492 227.840207 42.855758
v -36.100813 227.257421 43.450641
v -35.541651 227.877295 43.390461
v -17.248925 207.875951 19.946944
v -17.151299 207.196034 20.640973
v -35.625330 228.460082 42.795579
v -35.541651 227.877295 43.390461
v -36.184492 227.840207 42.855758
v -35.541651 227.877295 43.390461
v -35.625330 228.460082 42.795579
v -17.151299 207.196034 20.640973
v -16.401318 207.239303 21.264794
v -36.268171 228.422994 42.260875
v -35.625330 228.460082 42.795579
v -36.184492 227.840207 42.855758
v -35.625330 228.460082 42.795579
v -36.268171 228.422994 42.260875
v -16.401318 207.239303 21.264794
v -15.748962 207.962489 21.194584
v -36.827333 227.803120 42.321055
v -36.268171 228.422994 42.260875
v -36.184492 227.840207 42.855758
v -36.268171 228.422994 42.260875
v -36.827333 227.803120 42.321055
v -15.748962 207.962489 21.194584
v -15.846588 208.642407 20.500555
v -36.743654 227.220333 42.915938
v -36.827333 227.803120 42.321055
v -36.184492 227.840207 42.855758
v -36.827333 227.803120 42.321055
v -36.743654 227.220333 42.915938
v -15.846588 208.642407 20.500555
v -16.596569 208.599138 19.876734
v -36.100813 227.257421 43.450641
v -36.743654 227.220333 42.915938
v -36.184492 227.840207 42.855758
v -36.743654 227.220333 42.915938
v -36.100813 227.257421 43.450641
v 2.377211 213.580336 -2.746934
v 1.063267 211.681431 -1.249307
v -23.516472 229.798848 -1.486389
v -23.056592 230.463465 -2.010559
v 2.377211 213.752170 0.000000
v 1.063267 211.681431 -1.249307
v 2.377211 213.580336 -2.746934
v 1.063267 211.681431 -1.249307
v 1.063267 211.853264 1.497627
v -23.516472 229.858990 -0.524962
v -23.516472 229.798848 -1.486389
v 2.377211 213.752170 0.000000
v 1.063267 211.853264 1.497627
v 1.063267 211.681431 -1.249307
v 1.063267 211.853264 1.497627
v 2.377211 213.924003 2.746934
v -23.056592 230.583748 -0.087705
v -23.516472 229.858990 -0.524962
v 2.377211 213.752170 0.000000
v 2.377211 213.924003 2.746934
v 1.063267 211.853264 1.497627
v 2.377211 213.924003 2.746934
v 3.691154 215.822908 1.249307
v -22.596712 231.248365 -0.611874
v -23.056592 230.583748 -0.087705
v 2.377211 213.752170 0.000000
v 3.691154 215.822908 1.249307
v 2.377211 213.924003 2.746934
v 3.691154 215.822908 1.249307
v 3.691154 215.651075 -1.497627
v -22.596712 231.188224 -1.573301
v -22.596712 231.248365 -0.611874
v 2.377211 213.752170 0.000000
v 3.691154 215.651075 -1.497627
v 3.691154 215.822908 1.249307
v 3.691154 215.651075 -1.497627
v 2.377211 213.580336 -2.746934
v -23.056592 230.463465 -2.010559
v -22.596712 231.188224 -1.573301
v 2.377211 213.752170 0.000000
v 2.377211 213.580336 -2.746934
v 3.691154 215.651075 -1.497627
v -23.070655 230.421612 -2.006920
v -23.453917 229.740060 -1.444286
v -50.071214 245.639798 -1.846988
v -50.399724 245.055611 -1.364730
v -50.411778 244.968187 -2.185691
v -50.399724 245.055611 -1.364730
v -50.071214 245.639798 -1.846988
v -23.453917 229.740060 -1.444286
v -23.439854 229.842055 -0.486498
v -50.083268 245.552374 -2.667949
v -50.071214 245.639798 -1.846988
v -50.411778 244.968187 -2.185691
v -50.071214 245.639798 -1.846988
v -50.083268 245.552374 -2.667949
v -23.439854 229.842055 -0.486498
v -23.042529 230.625602 -0.091344
v -50.423832 244.880762 -3.006653
v -50.083268 245.552374 -2.667949
v -50.411778 244.968187 -2.185691
v -50.083268 245.552374 -2.667949
v -50.423832 244.880762 -3.006653
v -23.042529 230.625602 -0.091344
v -22.659268 231.307153 -0.653977
v -50.752342 244.296575 -2.524395
v -50.423832 244.880762 -3.006653
v -50.411778 244.968187 -2.185691
v -50.423832 244.880762 -3.006653
v -50.752342 244.296575 -2.524395
v -22.659268 231.307153 -0.653977
v -22.673331 231.205158 -1.611766
v -50.740288 244.384000 -1.703434
v -50.752342 244.296575 -2.524395
v -50.411778 244.968187 -2.185691
v -50.752342 244.296575 -2.524395
v -50.740288 244.384000 -1.703434
v -22.673331 231.205158 -1.611766
v -23.070655 230.421612 -2.006920
v -50.399724 245.055611 -1.364730
v -50.740288 244.384000 -1.703434
v -50.411778 244.968187 -2.185691
v -50.740288 244.384000 -1.703434
v -50.399724 245.055611 -1.364730
v 1.950149 192.397564 -3.372728
v -0.808657 191.665138 -1.209558
v -12.833212 218.251410 -9.470413
v -11.867630 218.507759 -10.227523
v 1.950149 193.602333 0.000000
v -0.808657 191.665138 -1.209558
v 1.950149 192.397564 -3.372728
v -0.808657 191.665138 -1.209558
v -0.808657 192.869907 2.163171
v -12.833212 218.673079 -8.289958
v -12.833212 218.251410 -9.470413
v 1.950149 193.602333 0.000000
v -0.808657 192.869907 2.163171
v -0.808657 191.665138 -1.209558
v -0.808657 192.869907 2.163171
v 1.950149 194.807102 3.372728
v -11.867630 219.351098 -7.866613
v -12.833212 218.673079 -8.289958
v 1.950149 193.602333 0.000000
v 1.950149 194.807102 3.372728
v -0.808657 192.869907 2.163171
v 1.950149 194.807102 3.372728
v 4.708955 195.539528 1.209558
v -10.902047 219.607447 -8.623723
v -11.867630 219.351098 -7.866613
v 1.950149 193.602333 0.000000
v 4.708955 195.539528 1.209558
v 1.950149 194.807102 3.372728
v 4.708955 195.539528 1.209558
v 4.708955 194.334759 -2.163171
v -10.902047 219.185778 -9.804178
v -10.902047 219.607447 -8.623723
v 1.950149 193.602333 0.000000
v 4.708955 194.334759 -2.163171
v 4.708955 195.539528 1.209558
v 4.708955 194.334759 -2.163171
v 1.950149 192.397564 -3.372728
v -11.867630 218.507759 -10.227523
v -10.902047 219.185778 -9.804178
v 1.950149 193.602333 0.000000
v 1.950149 192.397564 -3.372728
v 4.708955 194.334759 -2.163171
v -12.001878 218.454748 -10.199428
v -12.898957 218.280581 -9.341411
v -25.790382 247.466662 -18.595764
v -26.559307 247.317375 -17.860320
v -26.674377 246.910506 -18.848058
v -26.559307 247.317375 -17.860320
v -25.790382 247.466662 -18.595764
v -12.898957 218.280581 -9.341411
v -12.764708 218.755261 -8.189050
v -25.905452 247.059793 -19.583501
v -25.790382 247.466662 -18.595764
v -26.674377 246.910506 -18.848058
v -25.790382 247.466662 -18.595764
v -25.905452 247.059793 -19.583501
v -12.764708 218.755261 -8.189050
v -11.733381 219.404109 -7.894707
v -26.789448 246.503638 -19.835796
v -25.905452 247.059793 -19.583501
v -26.674377 246.910506 -18.848058
v -25.905452 247.059793 -19.583501
v -26.789448 246.503638 -19.835796
v -11.733381 219.404109 -7.894707
v -10.836302 219.578276 -8.752725
v -27.558372 246.354351 -19.100352
v -26.789448 246.503638 -19.835796
v -26.674377 246.910506 -18.848058
v -26.789448 246.503638 -19.835796
v -27.558372 246.354351 -19.100352
v -10.836302 219.578276 -8.752725
v -10.970551 219.103596 -9.905085
v -27.443302 246.761220 -18.112615
v -27.558372 246.354351 -19.100352
v -26.674377 246.910506 -18.848058
v -27.558372 246.354351 -19.100352
v -27.443302 246.761220 -18.112615
v -10.970551 219.103596 -9.905085
v -12.001878 218.454748 -10.199428
v -26.559307 247.317375 -17.860320
v -27.443302 246.761220 -18.112615
v -26.674377 246.910506 -18.848058
v -27.443302 246.761220 -18.112615
v -26.559307 247.317375 -17.860320
v 2.305700 207.488854 -1.453144
v -0.592801 209.086999 -0.906094
v 3.179726 221.917655 -25.087342
v 4.194201 221.358304 -25.278809
v 2.305700 210.512595 0.000000
v -0.592801 209.086999 -0.906094
v 2.305700 207.488854 -1.453144
v -0.592801 209.086999 -0.906094
v -0.592801 212.110741 0.547049
v 3.179726 222.975965 -24.578741
v 3.179726 221.917655 -25.087342
v 2.305700 210.512595 0.000000
v -0.592801 212.110741 0.547049
v -0.592801 209.086999 -0.906094
v -0.592801 212.110741 0.547049
v 2.305700 213.536337 1.453144
v 4.194201 223.474923 -24.261608
v 3.179726 222.975965 -24.578741
v 2.305700 210.512595 0.000000
v 2.305700 213.536337 1.453144
v -0.592801 212.110741 0.547049
v 2.305700 213.536337 1.453144
v 5.204201 211.938192 0.906094
v 5.208676 222.915573 -24.453076
v 4.194201 223.474923 -24.261608
v 2.305700 210.512595 0.000000
v 5.204201 211.938192 0.906094
v 2.305700 213.536337 1.453144
v 5.204201 211.938192 0.906094
v 5.204201 208.914450 -0.547049
v 5.208676 221.857263 -24.961676
v 5.208676 222.915573 -24.453076
v 2.305700 210.512595 0.000000
v 5.204201 208.914450 -0.547049
v 5.204201 211.938192 0.906094
v 5.204201 208.914450 -0.547049
v 2.305700 207.488854 -1.453144
v 4.194201 221.358304 -25.278809
v 5.208676 221.857263 -24.961676
v 2.305700 210.512595 0.000000
v 2.305700 207.488854 -1.453144
v 5.204201 208.914450 -0.547049
v 4.054087 221.299923 -25.104967
v 3.117813 221.997611 -24.981204
v 7.354837 230.539289 -51.423749
v 6.552317 231.137307 -51.317666
v 6.432219 230.180144 -51.604601
v 6.552317 231.137307 -51.317666
v 7.354837 230.539289 -51.423749
v 3.117813 221.997611 -24.981204
v 3.257928 223.114301 -24.646445
v 7.234739 229.582126 -51.710685
v 7.354837 230.539289 -51.423749
v 6.432219 230.180144 -51.604601
v 7.354837 230.539289 -51.423749
v 7.234739 229.582126 -51.710685
v 3.257928 223.114301 -24.646445
v 4.334316 223.533305 -24.435450
v 6.312121 229.222980 -51.891537
v 7.234739 229.582126 -51.710685
v 6.432219 230.180144 -51.604601
v 7.234739 229.582126 -51.710685
v 6.312121 229.222980 -51.891537
v 4.334316 223.533305 -24.435450
v 5.270589 222.835617 -24.559214
v 5.509601 229.820998 -51.785454
v 6.312121 229.222980 -51.891537
v 6.432219 230.180144 -51.604601
v 6.312121 229.222980 -51.891537
v 5.509601 229.820998 -51.785454
v 5.270589 222.835617 -24.559214
v 5.130474 221.718926 -24.893972
v 5.629699 230.778161 -51.498518
v 5.509601 229.820998 -51.785454
v 6.432219 230.180144 -51.604601
v 5.509601 229.820998 -51.785454
v 5.629699 230.778161 -51.498518
v 5.130474 221.718926 -24.893972
v 4.054087 221.299923 -25.104967
v 6.552317 231.137307 -51.317666
v 5.629699 230.778161 -51.498518
v 6.432219 230.180144 -51.604601
v 5.629699 230.778161 -51.498518
v 6.552317 231.137307 -51.317666
v 2.115296 200.202264 -2.331845
v -0.161439 201.477037 -1.509131
v 11.960597 233.050610 -19.842608
v 12.757455 232.604439 -20.130557
v 2.115296 201.633322 0.000000
v -0.161439 201.477037 -1.509131
v 2.115296 200.202264 -2.331845
v -0.161439 201.477037 -1.509131
v -0.161439 202.908094 0.822714
v 11.960597 233.551480 -19.026462
v 11.960597 233.050610 -19.842608
v 2.115296 201.633322 0.000000
v -0.161439 202.908094 0.822714
v -0.161439 201.477037 -1.509131
v -0.161439 202.908094 0.822714
v 2.115296 203.064379 2.331845
v 12.757455 233.606180 -18.498266
v 11.960597 233.551480 -19.026462
v 2.115296 201.633322 0.000000
v 2.115296 203.064379 2.331845
v -0.161439 202.908094 0.822714
v 2.115296 203.064379 2.331845
v 4.392032 201.789607 1.509131
v 13.554312 233.160009 -18.786216
v 12.757455 233.606180 -18.498266
v 2.115296 201.633322 0.000000
v 4.392032 201.789607 1.509131
v 2.115296 203.064379 2.331845
v 4.392032 201.789607 1.509131
v 4.392032 200.358550 -0.822714
v 13.554312 232.659139 -19.602362
v 13.554312 233.160009 -18.786216
v 2.115296 201.633322 0.000000
v 4.392032 200.358550 -0.822714
v 4.392032 201.789607 1.509131
v 4.392032 200.358550 -0.822714
v 2.115296 200.202264 -2.331845
v 12.757455 232.604439 -20.130557
v 13.554312 232.659139 -19.602362
v 2.115296 201.633322 0.000000
v 2.115296 200.202264 -2.331845
v 4.392032 200.358550 -0.822714
v 12.647373 232.638871 -20.143436
v 11.911783 233.119957 -19.763399
v 25.187596 267.519396 -39.853512
v 24.557090 267.931756 -39.527765
v 24.462734 267.531951 -40.238358
v 24.557090 267.931756 -39.527765
v 25.187596 267.519396 -39.853512
v 11.911783 233.119957 -19.763399
v 12.021865 233.586395 -18.934374
v 25.093240 267.119592 -40.564104
v 25.187596 267.519396 -39.853512
v 24.462734 267.531951 -40.238358
v 25.187596 267.519396 -39.853512
v 25.093240 267.119592 -40.564104
v 12.021865 233.586395 -18.934374
v 12.867537 233.571748 -18.485387
v 24.368378 267.132146 -40.948950
v 25.093240 267.119592 -40.564104
v 24.462734 267.531951 -40.238358
v 25.093240 267.119592 -40.564104
v 24.368378 267.132146 -40.948950
v 12.867537 233.571748 -18.485387
v 13.603127 233.090662 -18.865425
v 23.737873 267.544506 -40.623204
v 24.368378 267.132146 -40.948950
v 24.462734 267.531951 -40.238358
v 24.368378 267.132146 -40.948950
v 23.737873 267.544506 -40.623204
v 13.603127 233.090662 -18.865425
v 13.493045 232.624224 -19.694449
v 23.832229 267.944310 -39.912611
v 23.737873 267.544506 -40.623204
v 24.462734 267.531951 -40.238358
v 23.737873 267.544506 -40.623204
v 23.832229 267.944310 -39.912611
v 13.493045 232.624224 -19.694449
v 12.647373 232.638871 -20.143436
v 24.557090 267.931756 -39.527765
v 23.832229 267.944310 -39.912611
v 24.462734 267.531951 -40.238358
v 23.832229 267.944310 -39.912611
v 24.557090 267.931756 -39.527765
v 52.509543 252.279979 -10.749393
v 68.748028 258.780436 2.343641
v 71.997087 255.870824 -10.749393
v 71.997087 255.870824 -10.749393
v 68.748028 258.780436 2.343641
v 72.637571 269.733535 5.479767
v 84.473029 269.733535 -10.749393
v 84.473029 269.733535 -10.749393
v 72.637571 269.733535 5.479767
v 67.534716 283.307048 1.365353
v 72.503413 281.219039 -10.749393
v 52.509543 287.187091 -10.749393
v 72.503413 281.219039 -10.749393
v 67.534716 283.307048 1.365353
v 52.509543 252.279979 -10.749393
v 52.509543 257.019589 5.456977
v 68.748028 258.780436 2.343641
v 68.748028 258.780436 2.343641
v 52.509543 257.019589 5.456977
v 52.509543 269.733535 14.502893
v 72.637571 269.733535 5.479767
v 72.637571 269.733535 5.479767
v 52.509543 269.733535 14.502893
v 52.509543 282.656613 7.285273
v 67.534716 283.307048 1.365353
v 52.509543 287.187091 -10.749393
v 67.534716 283.307048 1.365353
v 52.509543 282.656613 7.285273
v 52.509543 252.279979 -10.749393
v 39.938097 255.927417 -0.613080
v 52.509543 257.019589 5.456977
v 52.509543 257.019589 5.456977
v 39.938097 255.927417 -0.613080
v 33.250116 269.733535 4.779416
v 52.509543 269.733535 14.502893
v 52.509543 269.733535 14.502893
v 33.250116 269.733535 4.779416
v 39.237155 280.588278 -0.047913
v 52.509543 282.656613 7.285273
v 52.509543 287.187091 -10.749393
v 52.509543 282.656613 7.285273
v 39.237155 280.588278 -0.047913
v 52.509543 252.279979 -10.749393
v 34.510065 255.679240 -10.749393
v 39.938097 255.927417 -0.613080
v 39.938097 255.927417 -0.613080
v 34.510065 255.679240 -10.749393
v 23.055715 269.733535 -10.749393
v 33.250116 269.733535 4.779416
v 33.250116 269.733535 4.779416
v 23.055715 269.733535 -10.749393
v 34.859429 281.717348 -10.749393
v 39.237155 280.588278 -0.047913
v 52.509543 287.187091 -10.749393
v 39.237155 280.588278 -0.047913
v 34.859429 281.717348 -10.749393
v 52.509543 252.279979 -10.749393
v 37.430058 258.880073 -22.907929
v 34.510065 255.679240 -10.749393
v 34.510065 255.679240 -10.749393
v 37.430058 258.880073 -22.907929
v 34.296704 269.733535 -25.434342
v 23.055715 269.733535 -10.749393
v 23.055715 269.733535 -10.749393
v 34.296704 269.733535 -25.434342
v 39.467621 282.370249 -21.265050
v 34.859429 281.717348 -10.749393
v 52.509543 287.187091 -10.749393
v 34.859429 281.717348 -10.749393
v 39.467621 282.370249 -21.265050
v 52.509543 252.279979 -10.749393
v 52.509543 256.483911 -29.251003
v 37.430058 258.880073 -22.907929
v 37.430058 258.880073 -22.907929
v 52.509543 256.483911 -29.251003
v 52.509543 269.733535 -30.797088
v 34.296704 269.733535 -25.434342
v 34.296704 269.733535 -25.434342
v 52.509543 269.733535 -30.797088
v 52.509543 283.195784 -26.521263
v 39.467621 282.370249 -21.265050
v 52.509543 287.187091 -10.749393
v 39.467621 282.370249 -21.265050
v 52.509543 283.195784 -26.521263
v 52.509543 252.279979 -10.749393
v 64.875816 257.211218 -20.720276
v 52.509543 256.483911 -29.251003
v 52.509543 256.483911 -29.251003
v 64.875816 257.211218 -20.720276
v 74.715871 269.733535 -28.654279
v 52.509543 269.733535 -30.797088
v 52.509543 269.733535 -30.797088
v 74.715871 269.733535 -28.654279
v 66.359822 281.463726 -21.916825
v 52.509543 283.195784 -26.521263
v 52.509543 287.187091 -10.749393
v 52.509543 283.195784 -26.521263
v 66.359822 281.463726 -21.916825
v 52.509543 252.279979 -10.749393
v 71.997087 255.870824 -10.749393
v 64.875816 257.211218 -20.720276
v 64.875816 257.211218 -20.720276
v 71.997087 255.870824 -10.749393
v 84.473029 269.733535 -10.749393
v 74.715871 269.733535 -28.654279
v 74.715871 269.733535 -28.654279
v 84.473029 269.733535 -10.749393
v 72.503413 281.219039 -10.749393
v 66.359822 281.463726 -21.916825
v 52.509543 287.187091 -10.749393
v 66.359822 281.463726 -21.916825
v 72.503413 281.219039 -10.749393
v 32.207818 253.449577 17.116667
v 48.119998 260.247241 33.793639
v 55.104985 256.718309 17.116667
v 55.104985 256.718309 17.116667
v 48.119998 260.247241 33.793639
v 53.951332 271.526837 39.905246
v 61.235823 271.526837 17.116667
v 61.235823 271.526837 17.116667
v 53.951332 271.526837 39.905246
v 47.380473 283.727594 33.018570
v 54.282996 283.869186 17.116667
v 32.207818 289.604098 17.116667
v 54.282996 283.869186 17.116667
v 47.380473 283.727594 33.018570
v 32.207818 253.449577 17.116667
v 32.207818 260.400628 41.105373
v 48.119998 260.247241 33.793639
v 48.119998 260.247241 33.793639
v 32.207818 260.400628 41.105373
v 32.207818 271.526837 50.793413
v 53.951332 271.526837 39.905246
v 53.951332 271.526837 39.905246
v 32.207818 271.526837 50.793413
v 32.207818 283.513098 41.633828
v 47.380473 283.727594 33.018570
v 32.207818 289.604098 17.116667
v 47.380473 283.727594 33.018570
v 32.207818 283.513098 41.633828
v 32.207818 253.449577 17.116667
v 18.199432 258.544426 31.798342
v 32.207818 260.400628 41.105373
v 32.207818 260.400628 41.105373
v 18.199432 258.544426 31.798342
v 14.658080 271.526837 35.509903
v 32.207818 271.526837 50.793413
v 32.207818 271.526837 50.793413
v 14.658080 271.526837 35.509903
v 17.426813 283.199893 32.608096
v 32.207818 283.513098 41.633828
v 32.207818 289.604098 17.116667
v 32.207818 283.513098 41.633828
v 17.426813 283.199893 32.608096
v 32.207818 253.449577 17.116667
v 14.199268 258.232335 17.116667
v 18.199432 258.544426 31.798342
v 18.199432 258.544426 31.798342
v 14.199268 258.232335 17.116667
v 6.433015 271.526837 17.116667
v 14.658080 271.526837 35.509903
v 14.658080 271.526837 35.509903
v 6.433015 271.526837 17.116667
v 14.064957 283.537229 17.116667
v 17.426813 283.199893 32.608096
v 32.207818 289.604098 17.116667
v 17.426813 283.199893 32.608096
v 14.064957 283.537229 17.116667
v 32.207818 253.449577 17.116667
v 15.588331 259.208357 -0.301607
v 14.199268 258.232335 17.116667
v 14.199268 258.232335 17.116667
v 15.588331 259.208357 -0.301607
v 11.785855 271.526837 -4.286843
v 6.433015 271.526837 17.116667
v 6.433015 271.526837 17.116667
v 11.785855 271.526837 -4.286843
v 16.100332 283.109693 0.235002
v 14.064957 283.537229 17.116667
v 32.207818 289.604098 17.116667
v 14.064957 283.537229 17.116667
v 16.100332 283.109693 0.235002
v 32.207818 253.449577 17.116667
v 32.207818 260.727233 -4.938554
v 15.588331 259.208357 -0.301607
v 15.588331 259.208357 -0.301607
v 32.207818 260.727233 -4.938554
v 32.207818 271.526837 -9.021078
v 11.785855 271.526837 -4.286843
v 11.785855 271.526837 -4.286843
v 32.207818 271.526837 -9.021078
v 32.207818 285.474744 -3.369351
v 16.100332 283.109693 0.235002
v 32.207818 289.604098 17.116667
v 16.100332 283.109693 0.235002
v 32.207818 285.474744 -3.369351
v 32.207818 253.449577 17.116667
v 46.510051 258.171057 2.127022
v 32.207818 260.727233 -4.938554
v 32.207818 260.727233 -4.938554
v 46.510051 258.171057 2.127022
v 55.560392 271.526837 -7.358308
v 32.207818 271.526837 -9.021078
v 32.207818 271.526837 -9.021078
v 55.560392 271.526837 -7.358308
v 47.976084 283.197339 0.590526
v 32.207818 285.474744 -3.369351
v 32.207818 289.604098 17.116667
v 32.207818 285.474744 -3.369351
v 47.976084 283.197339 0.590526
v 32.207818 253.449577 17.116667
v 55.104985 256.718309 17.116667
v 46.510051 258.171057 2.127022
v 46.510051 258.171057 2.127022
v 55.104985 256.718309 17.116667
v 61.235823 271.526837 17.116667
v 55.560392 271.526837 -7.358308
v 55.560392 271.526837 -7.358308
v 61.235823 271.526837 17.116667
v 54.282996 283.869186 17.116667
v 47.976084 283.197339 0.590526
v 32.207818 289.604098 17.116667
v 47.976084 283.197339 0.590526
v 54.282996 283.869186 17.116667
v 4.981742 254.090552 41.901287
v 15.630397 256.876304 49.720180
v 20.847785 259.149626 41.901287
v 20.847785 259.149626 41.901287
v 15.630397 256.876304 49.720180
v 21.893597 268.944325 54.319005
v 32.297842 268.944325 41.901287
v 32.297842 268.944325 41.901287
v 21.893597 268.944325 54.319005
v 16.047423 278.811903 50.026386
v 20.721793 280.068368 41.901287
v 4.981742 283.798097 41.901287
v 20.721793 280.068368 41.901287
v 16.047423 278.811903 50.026386
v 4.981742 254.090552 41.901287
v 4.981742 257.502317 54.871735
v 15.630397 256.876304 49.720180
v 15.630397 256.876304 49.720180
v 4.981742 257.502317 54.871735
v 4.981742 268.944325 58.724916
v 21.893597 268.944325 54.319005
v 21.893597 268.944325 54.319005
v 4.981742 268.944325 58.724916
v 4.981742 279.289235 56.023794
v 16.047423 278.811903 50.026386
v 4.981742 283.798097 41.901287
v 16.047423 278.811903 50.026386
v 4.981742 279.289235 56.023794
v 4.981742 254.090552 41.901287
v -8.550193 259.730452 51.837261
v 4.981742 257.502317 54.871735
v 4.981742 257.502317 54.871735
v -8.550193 259.730452 51.837261
v -10.064224 268.944325 52.948955
v 4.981742 268.944325 58.724916
v 4.981742 268.944325 58.724916
v -10.064224 268.944325 52.948955
v -6.923431 281.080810 50.642793
v 4.981742 279.289235 56.023794
v 4.981742 283.798097 41.901287
v 4.981742 279.289235 56.023794
v -6.923431 281.080810 50.642793
v 4.981742 254.090552 41.901287
v -12.435928 259.108702 41.901287
v -8.550193 259.730452 51.837261
v -8.550193 259.730452 51.837261
v -12.435928 259.108702 41.901287
v -16.634536 268.944325 41.901287
v -10.064224 268.944325 52.948955
v -10.064224 268.944325 52.948955
v -16.634536 268.944325 41.901287
v -9.521760 280.538607 41.901287
v -6.923431 281.080810 50.642793
v 4.981742 283.798097 41.901287
v -6.923431 281.080810 50.642793
v -9.521760 280.538607 41.901287
v 4.981742 254.090552 41.901287
v -5.766135 258.797686 34.009538
v -12.435928 259.108702 41.901287
v -12.435928 259.108702 41.901287
v -5.766135 258.797686 34.009538
v -14.409069 268.944325 27.663368
v -16.634536 268.944325 41.901287
v -16.634536 268.944325 41.901287
v -14.409069 268.944325 27.663368
v -6.961582 279.420411 33.131768
v -9.521760 280.538607 41.901287
v 4.981742 283.798097 41.901287
v -9.521760 280.538607 41.901287
v -6.961582 279.420411 33.131768
v 4.981742 254.090552 41.901287
v 4.981742 259.652592 29.781829
v -5.766135 258.797686 34.009538
v -5.766135 258.797686 34.009538
v 4.981742 259.652592 29.781829
v 4.981742 268.944325 22.612542
v -14.409069 268.944325 27.663368
v -14.409069 268.944325 27.663368
v 4.981742 268.944325 22.612542
v 4.981742 280.133647 29.205780
v -6.961582 279.420411 33.131768
v 4.981742 283.798097 41.901287
v -6.961582 279.420411 33.131768
v 4.981742 280.133647 29.205780
v 4.981742 254.090552 41.901287
v 15.421132 259.030059 34.236048
v 4.981742 259.652592 29.781829
v 4.981742 259.652592 29.781829
v 15.421132 259.030059 34.236048
v 22.917296 268.944325 28.731907
v 4.981742 268.944325 22.612542
v 4.981742 268.944325 22.612542
v 22.917296 268.944325 28.731907
v 18.292819 279.357963 32.127480
v 4.981742 280.133647 29.205780
v 4.981742 283.798097 41.901287
v 4.981742 280.133647 29.205780
v 18.292819 279.357963 32.127480
v 4.981742 254.090552 41.901287
v 20.847785 259.149626 41.901287
v 15.421132 259.030059 34.236048
v 15.421132 259.030059 34.236048
v 20.847785 259.149626 41.901287
v 32.297842 268.944325 41.901287
v 22.917296 268.944325 28.731907
v 22.917296 268.944325 28.731907
v 32.297842 268.944325 41.901287
v 20.721793 280.068368 41.901287
v 18.292819 279.357963 32.127480
v 4.981742 283.798097 41.901287
v 18.292819 279.357963 32.127480
v 20.721793 280.068368 41.901287
v -36.184492 211.781021 42.855758
v -21.948089 218.123136 54.569131
v -11.723430 216.146589 42.855758
v -11.723430 216.146589 42.855758
v -21.948089 218.123136 54.569131
v -13.287618 230.674181 61.694759
v -3.998568 230.674181 42.855758
v -3.998568 230.674181 42.855758
v -13.287618 230.674181 61.694759
v -20.096834 243.450503 56.092299
v -13.282823 244.758789 42.855758
v -36.184492 249.567342 42.855758
v -13.282823 244.758789 42.855758
v -20.096834 243.450503 56.092299
v -36.184492 211.781021 42.855758
v -36.184492 216.333756 62.790830
v -21.948089 218.123136 54.569131
v -21.948089 218.123136 54.569131
v -36.184492 216.333756 62.790830
v -36.184492 230.674181 69.181698
v -13.287618 230.674181 61.694759
v -13.287618 230.674181 61.694759
v -36.184492 230.674181 69.181698
v -36.184492 241.995716 61.365167
v -20.096834 243.450503 56.092299
v -36.184492 249.567342 42.855758
v -20.096834 243.450503 56.092299
v -36.184492 241.995716 61.365167
v -36.184492 211.781021 42.855758
v -51.838966 217.788892 55.735886
v -36.184492 216.333756 62.790830
v -36.184492 216.333756 62.790830
v -51.838966 217.788892 55.735886
v -57.557656 230.674181 60.441087
v -36.184492 230.674181 69.181698
v -36.184492 230.674181 69.181698
v -57.557656 230.674181 60.441087
v -49.456911 244.979402 53.775988
v -36.184492 241.995716 61.365167
v -36.184492 249.567342 42.855758
v -36.184492 241.995716 61.365167
v -49.456911 244.979402 53.775988
v -36.184492 211.781021 42.855758
v -58.887653 216.756735 42.855758
v -51.838966 217.788892 55.735886
v -51.838966 217.788892 55.735886
v -58.887653 216.756735 42.855758
v -70.968310 230.674181 42.855758
v -57.557656 230.674181 60.441087
v -57.557656 230.674181 60.441087
v -70.968310 230.674181 42.855758
v -56.829271 242.770280 42.855758
v -49.456911 244.979402 53.775988
v -36.184492 249.567342 42.855758
v -49.456911 244.979402 53.775988
v -56.829271 242.770280 42.855758
v -36.184492 211.781021 42.855758
v -52.100837 216.492112 29.760170
v -58.887653 216.756735 42.855758
v -58.887653 216.756735 42.855758
v -52.100837 216.492112 29.760170
v -54.661039 230.674181 27.653696
v -70.968310 230.674181 42.855758
v -70.968310 230.674181 42.855758
v -54.661039 230.674181 27.653696
v -53.055795 245.874475 28.974453
v -56.829271 242.770280 42.855758
v -36.184492 249.567342 42.855758
v -56.829271 242.770280 42.855758
v -53.055795 245.874475 28.974453
v -36.184492 211.781021 42.855758
v -36.184492 218.079698 27.564323
v -52.100837 216.492112 29.760170
v -52.100837 216.492112 29.760170
v -36.184492 218.079698 27.564323
v -36.184492 230.674181 17.387602
v -54.661039 230.674181 27.653696
v -54.661039 230.674181 27.653696
v -36.184492 230.674181 17.387602
v -36.184492 244.235360 23.746605
v -53.055795 245.874475 28.974453
v -36.184492 249.567342 42.855758
v -53.055795 245.874475 28.974453
v -36.184492 244.235360 23.746605
v -36.184492 211.781021 42.855758
v -19.620993 216.637652 29.227707
v -36.184492 218.079698 27.564323
v -36.184492 218.079698 27.564323
v -19.620993 216.637652 29.227707
v -11.316428 230.674181 22.394909
v -36.184492 230.674181 17.387602
v -36.184492 230.674181 17.387602
v -11.316428 230.674181 22.394909
v -19.371865 245.889194 29.022730
v -36.184492 244.235360 23.746605
v -36.184492 249.567342 42.855758
v -36.184492 244.235360 23.746605
v -19.371865 245.889194 29.022730
v -36.184492 211.781021 42.855758
v -11.723430 216.146589 42.855758
v -19.620993 216.637652 29.227707
v -19.620993 216.637652 29.227707
v -11.723430 216.146589 42.855758
v -3.998568 230.674181 42.855758
v -11.316428 230.674181 22.394909
v -11.316428 230.674181 22.394909
v -3.998568 230.674181 42.855758
v -13.282823 244.758789 42.855758
v -19.371865 245.889194 29.022730
v -36.184492 249.567342 42.855758
v -19.371865 245.889194 29.022730
v -13.282823 244.758789 42.855758
v -50.411778 229.358631 -2.185691
v -35.988604 233.404270 9.416608
v -28.491839 236.255548 -2.185691
v -28.491839 236.255548 -2.185691
v -35.988604 233.404270 9.416608
v -26.641086 247.722814 16.935944
v -22.388963 247.722814 -2.185691
v -22.388963 247.722814 -2.185691
v -26.641086 247.722814 16.935944
v -34.097976 259.083450 10.937468
v -26.817931 258.950225 -2.185691
v -50.411778 266.086997 -2.185691
v -26.817931 258.950225 -2.185691
v -34.097976 259.083450 10.937468
v -50.411778 229.358631 -2.185691
v -50.411778 235.218134 16.037353
v -35.988604 233.404270 9.416608
v -35.988604 233.404270 9.416608
v -50.411778 235.218134 16.037353
v -50.411778 247.722814 23.885543
v -26.641086 247.722814 16.935944
v -26.641086 247.722814 16.935944
v -50.411778 247.722814 23.885543
v -50.411778 262.255685 13.046468
v -34.097976 259.083450 10.937468
v -50.411778 266.086997 -2.185691
v -34.097976 259.083450 10.937468
v -50.411778 262.255685 13.046468
v -50.411778 229.358631 -2.185691
v -64.163856 234.560255 8.876765
v -50.411778 235.218134 16.037353
v -50.411778 235.218134 16.037353
v -64.163856 234.560255 8.876765
v -73.808524 247.722814 16.635135
v -50.411778 247.722814 23.885543
v -50.411778 247.722814 23.885543
v -73.808524 247.722814 16.635135
v -64.872939 259.363333 9.447165
v -50.411778 262.255685 13.046468
v -50.411778 266.086997 -2.185691
v -50.411778 262.255685 13.046468
v -64.872939 259.363333 9.447165
v -50.411778 229.358631 -2.185691
v -69.339557 234.752136 -2.185691
v -64.163856 234.560255 8.876765
v -64.163856 234.560255 8.876765
v -69.339557 234.752136 -2.185691
v -79.644113 247.722814 -2.185691
v -73.808524 247.722814 16.635135
v -73.808524 247.722814 16.635135
v -79.644113 247.722814 -2.185691
v -74.490914 262.004607 -2.185691
v -64.872939 259.363333 9.447165
v -50.411778 266.086997 -2.185691
v -64.872939 259.363333 9.447165
v -74.490914 262.004607 -2.185691
v -50.411778 229.358631 -2.185691
v -65.090620 235.989900 -13.993655
v -69.339557 234.752136 -2.185691
v -69.339557 234.752136 -2.185691
v -65.090620 235.989900 -13.993655
v -74.293530 247.722814 -21.396666
v -79.644113 247.722814 -2.185691
v -79.644113 247.722814 -2.185691
v -74.293530 247.722814 -21.396666
v -67.296149 260.794715 -15.767828
v -74.490914 262.004607 -2.185691
v -50.411778 266.086997 -2.185691
v -74.490914 262.004607 -2.185691
v -67.296149 260.794715 -15.767828
v -50.411778 229.358631 -2.185691
v -50.411778 236.494317 -20.853131
v -65.090620 235.989900 -13.993655
v -65.090620 235.989900 -13.993655
v -50.411778 236.494317 -20.853131
v -50.411778 247.722814 -23.813956
v -74.293530 247.722814 -21.396666
v -74.293530 247.722814 -21.396666
v -50.411778 247.722814 -23.813956
v -50.411778 258.886486 -16.710303
v -67.296149 260.794715 -15.767828
v -50.411778 266.086997 -2.185691
v -67.296149 260.794715 -15.767828
v -50.411778 258.886486 -16.710303
v -50.411778 229.358631 -2.185691
v -35.584710 234.794715 -14.112891
v -50.411778 236.494317 -20.853131
v -50.411778 236.494317 -20.853131
v -35.584710 234.794715 -14.112891
v -27.351729 247.722814 -20.735671
v -50.411778 247.722814 -23.813956
v -50.411778 247.722814 -23.813956
v -27.351729 247.722814 -20.735671
v -36.694469 259.616411 -13.220178
v -50.411778 258.886486 -16.710303
v -50.411778 266.086997 -2.185691
v -50.411778 258.886486 -16.710303
v -36.694469 259.616411 -13.220178
v -50.411778 229.358631 -2.185691
v -28.491839 236.255548 -2.185691
v -35.584710 234.794715 -14.112891
v -35.584710 234.794715 -14.112891
v -28.491839 236.255548 -2.185691
v -22.388963 247.722814 -2.185691
v -27.351729 247.722814 -20.735671
v -27.351729 247.722814 -20.735671
v -22.388963 247.722814 -2.185691
v -26.817931 258.950225 -2.185691
v -36.694469 259.616411 -13.220178
v -50.411778 266.086997 -2.185691
v -36.694469 259.616411 -13.220178
v -26.817931 258.950225 -2.185691
v -26.674377 234.939343 -18.848058
v -13.982941 240.391957 -7.211205
v -9.923445 237.821283 -18.848058
v -9.923445 237.821283 -18.848058
v -13.982941 240.391957 -7.211205
v -10.342584 249.023065 -3.873340
v -1.521752 249.023065 -18.848058
v -1.521752 249.023065 -18.848058
v -10.342584 249.023065 -3.873340
v -16.478767 258.613314 -9.499642
v -12.354681 259.968326 -18.848058
v -26.674377 263.106787 -18.848058
v -12.354681 259.968326 -18.848058
v -16.478767 258.613314 -9.499642
v -26.674377 234.939343 -18.848058
v -26.674377 238.262872 -3.371713
v -13.982941 240.391957 -7.211205
v -13.982941 240.391957 -7.211205
v -26.674377 238.262872 -3.371713
v -26.674377 249.023065 0.641032
v -10.342584 249.023065 -3.873340
v -10.342584 249.023065 -3.873340
v -26.674377 249.023065 0.641032
v -26.674377 259.002343 -4.629713
v -16.478767 258.613314 -9.499642
v -26.674377 263.106787 -18.848058
v -16.478767 258.613314 -9.499642
v -26.674377 259.002343 -4.629713
v -26.674377 234.939343 -18.848058
v -38.126720 238.907867 -8.347337
v -26.674377 238.262872 -3.371713
v -26.674377 238.262872 -3.371713
v -38.126720 238.907867 -8.347337
v -44.302847 249.023065 -2.684409
v -26.674377 249.023065 0.641032
v -26.674377 249.023065 0.641032
v -44.302847 249.023065 -2.684409
v -36.979579 260.451111 -9.399158
v -26.674377 259.002343 -4.629713
v -26.674377 263.106787 -18.848058
v -26.674377 259.002343 -4.629713
v -36.979579 260.451111 -9.399158
v -26.674377 234.939343 -18.848058
v -44.389285 239.713338 -18.848058
v -38.126720 238.907867 -8.347337
v -38.126720 238.907867 -8.347337
v -44.389285 239.713338 -18.848058
v -50.843294 249.023065 -18.848058
v -44.302847 249.023065 -2.684409
v -44.302847 249.023065 -2.684409
v -50.843294 249.023065 -18.848058
v -41.102485 257.626992 -18.848058
v -36.979579 260.451111 -9.399158
v -26.674377 263.106787 -18.848058
v -36.979579 260.451111 -9.399158
v -41.102485 257.626992 -18.848058
v -26.674377 234.939343 -18.848058
v -37.549895 237.746776 -28.819885
v -44.389285 239.713338 -18.848058
v -44.389285 239.713338 -18.848058
v -37.549895 237.746776 -28.819885
v -43.195880 249.023065 -33.996721
v -50.843294 249.023065 -18.848058
v -50.843294 249.023065 -18.848058
v -43.195880 249.023065 -33.996721
v -36.372244 257.534814 -27.740089
v -41.102485 257.626992 -18.848058
v -26.674377 263.106787 -18.848058
v -41.102485 257.626992 -18.848058
v -36.372244 257.534814 -27.740089
v -26.674377 234.939343 -18.848058
v -26.674377 238.205844 -31.352260
v -37.549895 237.746776 -28.819885
v -37.549895 237.746776 -28.819885
v -26.674377 238.205844 -31.352260
v -26.674377 249.023065 -41.701292
v -43.195880 249.023065 -33.996721
v -43.195880 249.023065 -33.996721
v -26.674377 249.023065 -41.701292
v -26.674377 257.949073 -33.137863
v -36.372244 257.534814 -27.740089
v -26.674377 263.106787 -18.848058
v -36.372244 257.534814 -27.740089
v -26.674377 257.949073 -33.137863
v -26.674377 234.939343 -18.848058
v -16.711723 239.057784 -27.982874
v -26.674377 238.205844 -31.352260
v -26.674377 238.205844 -31.352260
v -16.711723 239.057784 -27.982874
v -12.853377 249.023065 -31.520615
v -26.674377 249.023065 -41.701292
v -26.674377 249.023065 -41.701292
v -12.853377 249.023065 -31.520615
v -16.976873 259.826343 -27.739757
v -26.674377 257.949073 -33.137863
v -26.674377 263.106787 -18.848058
v -26.674377 257.949073 -33.137863
v -16.976873 259.826343 -27.739757
v -26.674377 234.939343 -18.848058
v -9.923445 237.821283 -18.848058
v -16.711723 239.057784 -27.982874
v -16.711723 239.057784 -27.982874
v -9.923445 237.821283 -18.848058
v -1.521752 249.023065 -18.848058
v -12.853377 249.023065 -31.520615
v -12.853377 249.023065 -31.520615
v -1.521752 249.023065 -18.848058
v -12.354681 259.968326 -18.848058
v -16.976873 259.826343 -27.739757
v -26.674377 263.106787 -18.848058
v -16.976873 259.826343 -27.739757
v -12.354681 259.968326 -18.848058
v 6.432219 215.623646 -51.604601
v 19.401037 220.334638 -38.224094
v 23.921659 220.996353 -51.604601
v 23.921659 220.996353 -51.604601
v 19.401037 220.334638 -38.224094
v 27.866397 232.748937 -29.490005
v 34.887357 232.748937 -51.604601
v 34.887357 232.748937 -51.604601
v 27.866397 232.748937 -29.490005
v 19.295541 245.308473 -38.332940
v 28.265224 245.034573 -51.604601
v 6.432219 249.874228 -51.604601
v 28.265224 245.034573 -51.604601
v 19.295541 245.308473 -38.332940
v 6.432219 215.623646 -51.604601
v 6.432219 219.853588 -32.906023
v 19.401037 220.334638 -38.224094
v 19.401037 220.334638 -38.224094
v 6.432219 219.853588 -32.906023
v 6.432219 232.748937 -27.482275
v 27.866397 232.748937 -29.490005
v 27.866397 232.748937 -29.490005
v 6.432219 232.748937 -27.482275
v 6.432219 244.651670 -29.399417
v 19.295541 245.308473 -38.332940
v 6.432219 249.874228 -51.604601
v 19.295541 245.308473 -38.332940
v 6.432219 244.651670 -29.399417
v 6.432219 215.623646 -51.604601
v -5.307721 220.448365 -39.491982
v 6.432219 219.853588 -32.906023
v 6.432219 219.853588 -32.906023
v -5.307721 220.448365 -39.491982
v -11.612630 232.748937 -32.986927
v 6.432219 232.748937 -27.482275
v 6.432219 232.748937 -27.482275
v -11.612630 232.748937 -32.986927
v -8.525057 246.542320 -36.172513
v 6.432219 244.651670 -29.399417
v 6.432219 249.874228 -51.604601
v 6.432219 244.651670 -29.399417
v -8.525057 246.542320 -36.172513
v 6.432219 215.623646 -51.604601
v -10.938267 219.987537 -51.604601
v -5.307721 220.448365 -39.491982
v -5.307721 220.448365 -39.491982
v -10.938267 219.987537 -51.604601
v -19.791270 232.748937 -51.604601
v -11.612630 232.748937 -32.986927
v -11.612630 232.748937 -32.986927
v -19.791270 232.748937 -51.604601
v -14.128220 243.412875 -51.604601
v -8.525057 246.542320 -36.172513
v 6.432219 249.874228 -51.604601
v -8.525057 246.542320 -36.172513
v -14.128220 243.412875 -51.604601
v 6.432219 215.623646 -51.604601
v -9.168632 219.741828 -67.700694
v -10.938267 219.987537 -51.604601
v -10.938267 219.987537 -51.604601
v -9.168632 219.741828 -67.700694
v -15.765554 232.748937 -74.507033
v -19.791270 232.748937 -51.604601
v -19.791270 232.748937 -51.604601
v -15.765554 232.748937 -74.507033
v -5.294282 244.293838 -63.703355
v -14.128220 243.412875 -51.604601
v 6.432219 249.874228 -51.604601
v -14.128220 243.412875 -51.604601
v -5.294282 244.293838 -63.703355
v 6.432219 215.623646 -51.604601
v 6.432219 221.453674 -69.352167
v -9.168632 219.741828 -67.700694
v -9.168632 219.741828 -67.700694
v 6.432219 221.453674 -69.352167
v 6.432219 232.748937 -75.801987
v -15.765554 232.748937 -74.507033
v -15.765554 232.748937 -74.507033
v 6.432219 232.748937 -75.801987
v 6.432219 244.532369 -70.885853
v -5.294282 244.293838 -63.703355
v 6.432219 249.874228 -51.604601
v -5.294282 244.293838 -63.703355
v 6.432219 244.532369 -70.885853
v 6.432219 215.623646 -51.604601
v 18.753541 219.331642 -64.317058
v 6.432219 221.453674 -69.352167
v 6.432219 221.453674 -69.352167
v 18.753541 219.331642 -64.317058
v 23.215750 232.748937 -68.920918
v 6.432219 232.748937 -75.801987
v 6.432219 232.748937 -75.801987
v 23.215750 232.748937 -68.920918
v 20.470618 245.153688 -66.088643
v 6.432219 244.532369 -70.885853
v 6.432219 249.874228 -51.604601
v 6.432219 244.532369 -70.885853
v 20.470618 245.153688 -66.088643
v 6.432219 215.623646 -51.604601
v 23.921659 220.996353 -51.604601
v 18.753541 219.331642 -64.317058
v 18.753541 219.331642 -64.317058
v 23.921659 220.996353 -51.604601
v 34.887357 232.748937 -51.604601
v 23.215750 232.748937 -68.920918
v 23.215750 232.748937 -68.920918
v 34.887357 232.748937 -51.604601
v 28.265224 245.034573 -51.604601
v 20.470618 245.153688 -66.088643
v 6.432219 249.874228 -51.604601
v 20.470618 245.153688 -66.088643
v 28.265224 245.034573 -51.604601
v 24.462734 253.507287 -40.238358
v 38.470233 259.268036 -28.768996
v 43.674306 259.577275 -40.238358
v 43.674306 259.577275 -40.238358
v 38.470233 259.268036 -28.768996
v 46.211650 270.006892 -22.430312
v 53.232351 270.006892 -40.238358
v 53.232351 270.006892 -40.238358
v 46.211650 270.006892 -22.430312
v 36.843914 283.391001 -30.100628
v 43.394896 283.295907 -40.238358
v 24.462734 286.506497 -40.238358
v 43.394896 283.295907 -40.238358
v 36.843914 283.391001 -30.100628
v 24.462734 253.507287 -40.238358
v 24.462734 256.587851 -25.590405
v 38.470233 259.268036 -28.768996
v 38.470233 259.268036 -28.768996
v 24.462734 256.587851 -25.590405
v 24.462734 270.006892 -18.274449
v 46.211650 270.006892 -22.430312
v 46.211650 270.006892 -22.430312
v 24.462734 270.006892 -18.274449
v 24.462734 282.618211 -25.275290
v 36.843914 283.391001 -30.100628
v 24.462734 286.506497 -40.238358
v 36.843914 283.391001 -30.100628
v 24.462734 282.618211 -25.275290
v 24.462734 253.507287 -40.238358
v 9.799148 257.254829 -28.231790
v 24.462734 256.587851 -25.590405
v 24.462734 256.587851 -25.590405
v 9.799148 257.254829 -28.231790
v 5.830227 270.006892 -24.982031
v 24.462734 270.006892 -18.274449
v 24.462734 270.006892 -18.274449
v 5.830227 270.006892 -24.982031
v 11.101736 280.597003 -29.298351
v 24.462734 282.618211 -25.275290
v 24.462734 286.506497 -40.238358
v 24.462734 282.618211 -25.275290
v 11.101736 280.597003 -29.298351
v 24.462734 253.507287 -40.238358
v 3.634489 258.016056 -40.238358
v 9.799148 257.254829 -28.231790
v 9.799148 257.254829 -28.231790
v 3.634489 258.016056 -40.238358
v -2.484857 270.006892 -40.238358
v 5.830227 270.006892 -24.982031
v 5.830227 270.006892 -24.982031
v -2.484857 270.006892 -40.238358
v 6.853544 283.038076 -40.238358
v 11.101736 280.597003 -29.298351
v 24.462734 286.506497 -40.238358
v 11.101736 280.597003 -29.298351
v 6.853544 283.038076 -40.238358
v 24.462734 253.507287 -40.238358
v 10.275391 257.892985 -51.854976
v 3.634489 258.016056 -40.238358
v 3.634489 258.016056 -40.238358
v 10.275391 257.892985 -51.854976
v 4.794253 270.006892 -56.342941
v -2.484857 270.006892 -40.238358
v -2.484857 270.006892 -40.238358
v 4.794253 270.006892 -56.342941
v 9.707314 282.344870 -52.320119
v 6.853544 283.038076 -40.238358
v 24.462734 286.506497 -40.238358
v 6.853544 283.038076 -40.238358
v 9.707314 282.344870 -52.320119
v 24.462734 253.507287 -40.238358
v 24.462734 257.545469 -55.171395
v 10.275391 257.892985 -51.854976
v 10.275391 257.892985 -51.854976
v 24.462734 257.545469 -55.171395
v 24.462734 270.006892 -62.543624
v 4.794253 270.006892 -56.342941
v 4.794253 270.006892 -56.342941
v 24.462734 270.006892 -62.543624
v 24.462734 279.831422 -56.299207
v 9.707314 282.344870 -52.320119
v 24.462734 286.506497 -40.238358
v 9.707314 282.344870 -52.320119
v 24.462734 279.831422 -56.299207
v 24.462734 253.507287 -40.238358
v 37.754551 257.216523 -51.121718
v 24.462734 257.545469 -55.171395
v 24.462734 257.545469 -55.171395
v 37.754551 257.216523 -51.121718
v 45.441071 270.006892 -57.415453
v 24.462734 270.006892 -62.543624
v 24.462734 270.006892 -62.543624
v 45.441071 270.006892 -57.415453
v 37.739018 282.007792 -51.108999
v 24.462734 279.831422 -56.299207
v 24.462734 286.506497 -40.238358
v 24.462734 279.831422 -56.299207
v 37.739018 282.007792 -51.108999
v 24.462734 253.507287 -40.238358
v 43.674306 259.577275 -40.238358
v 37.754551 257.216523 -51.121718
v 37.754551 257.216523 -51.121718
v 43.674306 259.577275 -40.238358
v 53.232351 270.006892 -40.238358
v 45.441071 270.006892 -57.415453
v 45.441071 270.006892 -57.415453
v 53.232351 270.006892 -40.238358
v 43.394896 283.295907 -40.238358
v 37.739018 282.007792 -51.108999
v 24.462734 286.506497 -40.238358
v 37.739018 282.007792 -51.108999
v 43.394896 283.295907 -40.238358
v 3.698000 249.599104 0.000000
v 17.424220 254.754323 11.713587
v 25.038024 257.064702 0.000000
v 25.038024 257.064702 0.000000
v 17.424220 254.754323 11.713587
v 27.517163 269.600158 20.326633
v 39.186304 269.600158 0.000000
v 39.186304 269.600158 0.000000
v 27.517163 269.600158 20.326633
v 18.571539 283.337587 12.692678
v 28.921451 284.708154 0.000000
v 3.698000 289.601212 0.000000
v 28.921451 284.708154 0.000000
v 18.571539 283.337587 12.692678
v 3.698000 249.599104 0.000000
v 3.698000 257.239442 18.379690
v 17.424220 254.754323 11.713587
v 17.424220 254.754323 11.713587
v 3.698000 257.239442 18.379690
v 3.698000 269.600158 24.288282
v 27.517163 269.600158 20.326633
v 27.517163 269.600158 20.326633
v 3.698000 269.600158 24.288282
v 3.698000 285.885719 17.708832
v 18.571539 283.337587 12.692678
v 3.698000 289.601212 0.000000
v 18.571539 283.337587 12.692678
v 3.698000 285.885719 17.708832
v 3.698000 249.599104 0.000000
v -10.146381 255.320840 11.814423
v 3.698000 257.239442 18.379690
v 3.698000 257.239442 18.379690
v -10.146381 255.320840 11.814423
v -18.238680 269.600158 18.720172
v 3.698000 269.600158 24.288282
v 3.698000 269.600158 24.288282
v -18.238680 269.600158 18.720172
v -12.772246 284.197740 14.055265
v 3.698000 285.885719 17.708832
v 3.698000 289.601212 0.000000
v 3.698000 285.885719 17.708832
v -12.772246 284.197740 14.055265
v 3.698000 249.599104 0.000000
v -17.905915 254.540223 0.000000
v -10.146381 255.320840 11.814423
v -10.146381 255.320840 11.814423
v -17.905915 254.540223 0.000000
v -31.474187 269.600158 0.000000
v -18.238680 269.600158 18.720172
v -18.238680 269.600158 18.720172
v -31.474187 269.600158 0.000000
v -21.275148 284.296846 0.000000
v -12.772246 284.197740 14.055265
v 3.698000 289.601212 0.000000
v -12.772246 284.197740 14.055265
v -21.275148 284.296846 0.000000
v 3.698000 249.599104 0.000000
v -14.383087 255.285803 -15.429913
v -17.905915 254.540223 0.000000
v -17.905915 254.540223 0.000000
v -14.383087 255.285803 -15.429913
v -19.946394 269.600158 -20.177490
v -31.474187 269.600158 0.000000
v -31.474187 269.600158 0.000000
v -19.946394 269.600158 -20.177490
v -10.409073 285.976097 -12.038596
v -21.275148 284.296846 0.000000
v 3.698000 289.601212 0.000000
v -21.275148 284.296846 0.000000
v -10.409073 285.976097 -12.038596
v 3.698000 249.599104 0.000000
v 3.698000 255.217063 -22.377045
v -14.383087 255.285803 -15.429913
v -14.383087 255.285803 -15.429913
v 3.698000 255.217063 -22.377045
v 3.698000 269.600158 -30.066060
v -19.946394 269.600158 -20.177490
v -19.946394 269.600158 -20.177490
v 3.698000 269.600158 -30.066060
v 3.698000 281.849790 -18.083892
v -10.409073 285.976097 -12.038596
v 3.698000 289.601212 0.000000
v -10.409073 285.976097 -12.038596
v 3.698000 281.849790 -18.083892
v 3.698000 249.599104 0.000000
v 18.307394 257.599960 -12.467264
v 3.698000 255.217063 -22.377045
v 3.698000 255.217063 -22.377045
v 18.307394 257.599960 -12.467264
v 27.055388 269.600158 -19.932566
v 3.698000 269.600158 -30.066060
v 3.698000 269.600158 -30.066060
v 27.055388 269.600158 -19.932566
v 22.076610 283.106307 -15.683811
v 3.698000 281.849790 -18.083892
v 3.698000 289.601212 0.000000
v 3.698000 281.849790 -18.083892
v 22.076610 283.106307 -15.683811
v 3.698000 249.599104 0.000000
v 25.038024 257.064702 0.000000
v 18.307394 257.599960 -12.467264
v 18.307394 257.599960 -12.467264
v 25.038024 257.064702 0.000000
v 39.186304 269.600158 0.000000
v 27.055388 269.600158 -19.932566
v 27.055388 269.600158 -19.932566
v 39.186304 269.600158 0.000000
v 28.921451 284.708154 0.000000
v 22.076610 283.106307 -15.683811
v 3.698000 289.601212 0.000000
v 22.076610 283.106307 -15.683811
v 28.921451 284.708154 0.000000
vt 0.000000 0.000000
vt 1.000000 0.000000
vt 1.000000 1.000000
vt 0.000000 1.000000
vt 0.500000 1.000000
vt 0.000000 0.000000
vt 1.000000 0.000000
vt 0.000000 0.000000
vt 1.000000 0.000000
vt 1.000000 1.000000
vt 0.000000 1.000000
vt 0.500000 1.000000
vt 0.000000 0.000000
vt 1.000000 0.000000
vt 0.000000 0.000000
vt 1.000000 0.000000
vt 1.000000 1.000000
vt 0.000000 1.000000
vt 0.500000 1.000000
vt 0.000000 0.000000
vt 1.000000 0.000000
vt 0.000000 0.000000
vt 1.000000 0.000000
vt 1.000000 1.000000
vt 0.000000 1.000000
vt 0.500000 1.000000
vt 0.000000 0.000000
vt 1.000000 0.000000
vt 0.000000 0.000000
vt 1.000000 0.000000
vt 1.000000 1.000000
vt 0.000000 1.000000
vt 0.500000 1.000000
vt 0.000000 0.000000
vt 1.000000 0.000000
vt 0.000000 0.000000
vt 1.000000 0.000000
vt 1.000000 1.000000
vt 0.000000 1.000000
vt 0.500000 1.000000
vt 0.000000 0.000000
vt 1.000000 0.000000
vt 0.000000 0.000000
vt 1.000000 0.000000
vt 1.000000 1.000000
vt 0.000000 1.000000
vt 0.500000 1.000000
vt 0.000000 0.000000
vt 1.000000 0.000000
vt 0.000000 0.000000
vt 1.000000 0.000000
vt 1.000000 1.000000
vt 0.000000 1.000000
vt 0.500000 1.000000
vt 0.000000 0.000000
vt 1.000000 0.000000
vt 0.000000 0.000000
vt 1.000000 0.000000
vt 1.000000 1.000000
vt 0.000000 1.000000
vt 0.500000 1.000000
vt 0.000000 0.000000
vt 1.000000 0.000000
vt 0.000000 0.000000
vt 1.000000 0.000000
vt 1.000000 1.000000
vt 0.000000 1.000000
vt 0.000000 0.000000
vt 1.000000 0.000000
vt 1.000000 1.000000
vt 0.000000 1.000000
vt 0.000000 0.000000
vt 1.000000 0.000000
vt 1.000000 1.000000
vt 0.000000 1.000000
vt 0.000000 0.000000
vt 1.000000 0.000000
vt 1.000000 1.000000
vt 0.000000 1.000000
vt 0.000000 0.000000
vt 1.000000 0.000000
vt 1.000000 1.000000
vt 0.000000 1.000000
vt 0.000000 0.000000
vt 1.000000 0.000000
vt 1.000000 1.000000
vt 0.000000 1.000000
vt 0.000000 0.000000
vt 1.000000 0.000000
vt 1.000000 1.000000
vt 0.000000 1.000000
vt 0.000000 0.000000
vt 1.000000 0.000000
vt 1.000000 1.000000
vt 0.000000 1.000000
vt 0.000000 0.000000
vt 1.000000 0.000000
vt 1.000000 1.000000
vt 0.000000 1.000000
vt 0.000000 0.000000
vt 1.000000 0.000000
vt 1.000000 1.000000
vt 0.000000 1.000000
vt 0.500000 1.000000
vt 0.000000 0.000000
vt 1.000000 0.000000
vt 0.000000 0.000000
vt 1.000000 0.000000
vt 1.000000 1.000000
vt 0.000000 1.000000
vt 0.500000 1.000000
vt 0.000000 0.000000
vt 1.000000 0.000000
vt 0.000000 0.000000
vt 1.000000 0.000000
vt 1.000000 1.000000
vt 0.000000 1.000000
vt 0.500000 1.000000
vt 0.000000 0.000000
vt 1.000000 0.000000
vt 0.000000 0.000000
vt 1.000000 0.000000
vt 1.000000 1.000000
vt 0.000000 1.000000
vt 0.500000 1.000000
vt 0.000000 0.000000
vt 1.000000 0.000000
vt 0.000000 0.000000
vt 1.000000 0.000000
vt 1.000000 1.000000
vt 0.000000 1.000000
vt 0.500000 1.000000
vt 0.000000 0.000000
vt 1.000000 0.000000
vt 0.000000 0.000000
vt 1.000000 0.000000
vt 1.000000 1.000000
vt 0.000000 1.000000
vt 0.500000 1.000000
vt 0.000000 0.000000
vt 1.000000 0.000000
vt 0.000000 0.000000
vt 1.000000 0.000000
vt 1.000000 1.000000
vt 0.000000 1.000000
vt 0.500000 1.000000
vt 0.000000 0.000000
vt 1.000000 0.000000
vt 0.000000 0.000000
vt 1.000000 0.000000
vt 1.000000 1.000000
vt 0.000000 1.000000
vt 0.500000 1.000000
vt 0.000000 0.000000
vt 1.000000 0.000000
vt 0.000000 0.000000
vt 1.000000 0.000000
vt 1.000000 1.000000
vt 0.000000 1.000000
vt 0.500000 1.000000
vt 0.000000 0.000000
vt 1.000000 0.000000
vt 0.000000 0.000000
vt 1.000000 0.000000
vt 1.000000 1.000000
vt 0.000000 1.000000
vt 0.500000 1.000000
vt 0.000000 0.000000
vt 1.000000 0.000000
vt 0.000000 0.000000
vt 1.000000 0.000000
vt 1.000000 1.000000
vt 0.000000 1.000000
vt 0.500000 1.000000
vt 0.000000 0.000000
vt 1.000000 0.000000
vt 0.000000 0.000000
vt 1.000000 0.000000
vt 1.000000 1.000000
vt 0.000000 1.000000
vt 0.500000 1.000000
vt 0.000000 0.000000
vt 1.000000 0.000000
vt 0.000000 0.000000
vt 1.000000 0.000000
vt 1.000000 1.000000
vt 0.000000 1.000000
vt 0.500000 1.000000
vt 0.000000 0.000000
vt 1.000000 0.000000
vt 0.000000 0.000000
vt 1.000000 0.000000
vt 1.000000 1.000000
vt 0.000000 1.000000
vt 0.500000 1.000000
vt 0.000000 0.000000
vt 1.000000 0.000000
vt 0.000000 0.000000
vt 1.000000 0.000000
vt 1.000000 1.000000
vt 0.000000 1.000000
vt 0.500000 1.000000
vt 0.000000 0.000000
vt 1.000000 0.000000
vt 0.000000 0.000000
vt 1.000000 0.000000
vt 1.000000 1.000000
vt 0.000000 1.000000
vt 0.500000 1.000000
vt 0.000000 0.000000
vt 1.000000 0.000000
vt 0.000000 0.000000
vt 1.000000 0.000000
vt 1.000000 1.000000
vt 0.000000 1.000000
vt 0.500000 1.000000
vt 0.000000 0.000000
vt 1.000000 0.000000
vt 0.000000 0.000000
vt 1.000000 0.000000
vt 1.000000 1.000000
vt 0.000000 1.000000
vt 0.500000 1.000000
vt 0.000000 0.000000
vt 1.000000 0.000000
vt 0.000000 0.000000
vt 1.000000 0.000000
vt 1.000000 1.000000
vt 0.000000 1.000000
vt 0.500000 1.000000
vt 0.000000 0.000000
vt 1.000000 0.000000
vt 0.000000 0.000000
vt 1.000000 0.000000
vt 1.000000 1.000000
vt 0.000000 1.000000
vt 0.500000 1.000000
vt 0.000000 0.000000
vt 1.000000 0.000000
vt 0.000000 0.000000
vt 1.000000 0.000000
vt 1.000000 1.000000
vt 0.000000 1.000000
vt 0.500000 1.000000
vt 0.000000 0.000000
vt 1.000000 0.000000
vt 0.000000 0.000000
vt 1.000000 0.000000
vt 1.000000 1.000000
vt 0.000000 1.000000
vt 0.500000 1.000000
vt 0.000000 0.000000
vt 1.000000 0.000000
vt 0.000000 0.000000
vt 1.000000 0.000000
vt 1.000000 1.000000
vt 0.000000 1.000000
vt 0.500000 1.000000
vt 0.000000 0.000000
vt 1.000000 0.000000
vt 0.000000 0.000000
vt 1.000000 0.000000
vt 1.000000 1.000000
vt 0.000000 1.000000
vt 0.500000 1.000000
vt 0.000000 0.000000
vt 1.000000 0.000000
vt 0.000000 0.000000
vt 1.000000 0.000000
vt 1.000000 1.000000
vt 0.000000 1.000000
vt 0.500000 1.000000
vt 0.000000 0.000000
vt 1.000000 0.000000
vt 0.000000 0.000000
vt 1.000000 0.000000
vt 1.000000 1.000000
vt 0.000000 1.000000
vt 0.500000 1.000000
vt 0.000000 0.000000
vt 1.000000 0.000000
vt 0.000000 0.000000
vt 1.000000 0.000000
vt 1.000000 1.000000
vt 0.000000 1.000000
vt 0.500000 1.000000
vt 0.000000 0.000000
vt 1.000000 0.000000
vt 0.000000 0.000000
vt 1.000000 0.000000
vt 1.000000 1.000000
vt 0.000000 1.000000
vt 0.500000 1.000000
vt 0.000000 0.000000
vt 1.000000 0.000000
vt 0.000000 0.000000
vt 1.000000 0.000000
vt 1.000000 1.000000
vt 0.000000 1.000000
vt 0.500000 1.000000
vt 0.000000 0.000000
vt 1.000000 0.000000
vt 0.000000 0.000000
vt 1.000000 0.000000
vt 1.000000 1.000000
vt 0.000000 1.000000
vt 0.500000 1.000000
vt 0.000000 0.000000
vt 1.000000 0.000000
vt 0.000000 0.000000
vt 1.000000 0.000000
vt 1.000000 1.000000
vt 0.000000 1.000000
vt 0.500000 1.000000
vt 0.000000 0.000000
vt 1.000000 0.000000
vt 0.000000 0.000000
vt 1.000000 0.000000
vt 1.000000 1.000000
vt 0.000000 1.000000
vt 0.500000 1.000000
vt 0.000000 0.000000
vt 1.000000 0.000000
vt 0.000000 0.000000
vt 1.000000 0.000000
vt 1.000000 1.000000
vt 0.000000 1.000000
vt 0.500000 1.000000
vt 0.000000 0.000000
vt 1.000000 0.000000
vt 0.000000 0.000000
vt 1.000000 0.000000
vt 1.000000 1.000000
vt 0.000000 1.000000
vt 0.500000 1.000000
vt 0.000000 0.000000
vt 1.000000 0.000000
vt 0.000000 0.000000
vt 1.000000 0.000000
vt 1.000000 1.000000
vt 0.000000 1.000000
vt 0.500000 1.000000
vt 0.000000 0.000000
vt 1.000000 0.000000
vt 0.000000 0.000000
vt 1.000000 0.000000
vt 1.000000 1.000000
vt 0.000000 1.000000
vt 0.500000 1.000000
vt 0.000000 0.000000
vt 1.000000 0.000000
vt 0.000000 0.000000
vt 1.000000 0.000000
vt 1.000000 1.000000
vt 0.000000 1.000000
vt 0.500000 1.000000
vt 0.000000 0.000000
vt 1.000000 0.000000
vt 0.000000 0.000000
vt 1.000000 0.000000
vt 1.000000 1.000000
vt 0.000000 1.000000
vt 0.500000 1.000000
vt 0.000000 0.000000
vt 1.000000 0.000000
vt 0.000000 0.000000
vt 1.000000 0.000000
vt 1.000000 1.000000
vt 0.000000 1.000000
vt 0.500000 1.000000
vt 0.000000 0.000000
vt 1.000000 0.000000
vt 0.000000 0.000000
vt 1.000000 0.000000
vt 1.000000 1.000000
vt 0.000000 1.000000
vt 0.500000 1.000000
vt 0.000000 0.000000
vt 1.000000 0.000000
vt 0.000000 0.000000
vt 1.000000 0.000000
vt 1.000000 1.000000
vt 0.000000 1.000000
vt 0.500000 1.000000
vt 0.000000 0.000000
vt 1.000000 0.000000
vt 0.000000 0.000000
vt 1.000000 0.000000
vt 1.000000 1.000000
vt 0.000000 1.000000
vt 0.500000 1.000000
vt 0.000000 0.000000
vt 1.000000 0.000000
vt 0.000000 0.000000
vt 1.000000 0.000000
vt 1.000000 1.000000
vt 0.000000 1.000000
vt 0.500000 1.000000
vt 0.000000 0.000000
vt 1.000000 0.000000
vt 0.000000 0.000000
vt 1.000000 0.000000
vt 1.000000 1.000000
vt 0.000000 1.000000
vt 0.500000 1.000000
vt 0.000000 0.000000
vt 1.000000 0.000000
vt 0.000000 0.000000
vt 1.000000 0.000000
vt 1.000000 1.000000
vt 0.000000 1.000000
vt 0.500000 1.000000
vt 0.000000 0.000000
vt 1.000000 0.000000
vt 0.000000 0.000000
vt 1.000000 0.000000
vt 1.000000 1.000000
vt 0.000000 1.000000
vt 0.500000 1.000000
vt 0.000000 0.000000
vt 1.000000 0.000000
vt 0.000000 0.000000
vt 1.000000 0.000000
vt 1.000000 1.000000
vt 0.000000 1.000000
vt 0.500000 1.000000
vt 0.000000 0.000000
vt 1.000000 0.000000
vt 0.000000 0.000000
vt 1.000000 0.000000
vt 1.000000 1.000000
vt 0.000000 1.000000
vt 0.500000 1.000000
vt 0.000000 0.000000
vt 1.000000 0.000000
vt 0.000000 0.000000
vt 1.000000 0.000000
vt 1.000000 1.000000
vt 0.000000 1.000000
vt 0.500000 1.000000
vt 0.000000 0.000000
vt 1.000000 0.000000
vt 0.000000 0.000000
vt 1.000000 0.000000
vt 1.000000 1.000000
vt 0.000000 1.000000
vt 0.500000 1.000000
vt 0.000000 0.000000
vt 1.000000 0.000000
vt 0.000000 0.000000
vt 1.000000 0.000000
vt 1.000000 1.000000
vt 0.000000 1.000000
vt 0.500000 1.000000
vt 0.000000 0.000000
vt 1.000000 0.000000
vt 0.000000 0.000000
vt 1.000000 0.000000
vt 1.000000 1.000000
vt 0.000000 1.000000
vt 0.500000 1.000000
vt 0.000000 0.000000
vt 1.000000 0.000000
vt 0.000000 0.000000
vt 1.000000 0.000000
vt 1.000000 1.000000
vt 0.000000 1.000000
vt 0.500000 1.000000
vt 0.000000 0.000000
vt 1.000000 0.000000
vt 0.000000 0.000000
vt 1.000000 0.000000
vt 1.000000 1.000000
vt 0.000000 1.000000
vt 0.500000 1.000000
vt 0.000000 0.000000
vt 1.000000 0.000000
vt 0.000000 0.000000
vt 1.000000 0.000000
vt 1.000000 1.000000
vt 0.000000 1.000000
vt 0.500000 1.000000
vt 0.000000 0.000000
vt 1.000000 0.000000
vt 0.000000 0.000000
vt 1.000000 0.000000
vt 1.000000 1.000000
vt 0.000000 1.000000
vt 0.500000 1.000000
vt 0.000000 0.000000
vt 1.000000 0.000000
vt 0.000000 0.000000
vt 1.000000 0.000000
vt 1.000000 1.000000
vt 0.000000 1.000000
vt 0.500000 1.000000
vt 0.000000 0.000000
vt 1.000000 0.000000
vt 0.000000 0.000000
vt 1.000000 0.000000
vt 1.000000 1.000000
vt 0.000000 1.000000
vt 0.500000 1.000000
vt 0.000000 0.000000
vt 1.000000 0.000000
vt 0.000000 0.000000
vt 1.000000 0.000000
vt 1.000000 1.000000
vt 0.000000 1.000000
vt 0.500000 1.000000
vt 0.000000 0.000000
vt 1.000000 0.000000
vt 0.000000 0.000000
vt 1.000000 0.000000
vt 1.000000 1.000000
vt 0.000000 1.000000
vt 0.500000 1.000000
vt 0.000000 0.000000
vt 1.000000 0.000000
vt 0.000000 0.000000
vt 1.000000 0.000000
vt 1.000000 1.000000
vt 0.000000 1.000000
vt 0.500000 1.000000
vt 0.000000 0.000000
vt 1.000000 0.000000
vt 0.000000 0.000000
vt 1.000000 0.000000
vt 1.000000 1.000000
vt 0.000000 1.000000
vt 0.500000 1.000000
vt 0.000000 0.000000
vt 1.000000 0.000000
vt 0.000000 0.000000
vt 1.000000 0.000000
vt 1.000000 1.000000
vt 0.000000 1.000000
vt 0.500000 1.000000
vt 0.000000 0.000000
vt 1.000000 0.000000
vt 0.000000 0.000000
vt 1.000000 0.000000
vt 1.000000 1.000000
vt 0.000000 1.000000
vt 0.500000 1.000000
vt 0.000000 0.000000
vt 1.000000 0.000000
vt 0.000000 0.000000
vt 1.000000 0.000000
vt 1.000000 1.000000
vt 0.000000 1.000000
vt 0.500000 1.000000
vt 0.000000 0.000000
vt 1.000000 0.000000
vt 0.000000 0.000000
vt 1.000000 0.000000
vt 1.000000 1.000000
vt 0.000000 1.000000
vt 0.500000 1.000000
vt 0.000000 0.000000
vt 1.000000 0.000000
vt 0.000000 0.000000
vt 1.000000 0.000000
vt 1.000000 1.000000
vt 0.000000 1.000000
vt 0.500000 1.000000
vt 0.000000 0.000000
vt 1.000000 0.000000
vt 0.000000 0.000000
vt 1.000000 0.000000
vt 1.000000 1.000000
vt 0.000000 1.000000
vt 0.500000 1.000000
vt 0.000000 0.000000
vt 1.000000 0.000000
vt 0.000000 0.000000
vt 1.000000 0.000000
vt 1.000000 1.000000
vt 0.000000 1.000000
vt 0.500000 1.000000
vt 0.000000 0.000000
vt 1.000000 0.000000
vt 0.000000 0.000000
vt 1.000000 0.000000
vt 1.000000 1.000000
vt 0.000000 1.000000
vt 0.500000 1.000000
vt 0.000000 0.000000
vt 1.000000 0.000000
vt 0.000000 0.000000
vt 1.000000 0.000000
vt 1.000000 1.000000
vt 0.000000 1.000000
vt 0.500000 1.000000
vt 0.000000 0.000000
vt 1.000000 0.000000
vt 0.000000 0.000000
vt 1.000000 0.000000
vt 1.000000 1.000000
vt 0.000000 1.000000
vt 0.500000 1.000000
vt 0.000000 0.000000
vt 1.000000 0.000000
vt 0.000000 0.000000
vt 1.000000 0.000000
vt 1.000000 1.000000
vt 0.000000 1.000000
vt 0.500000 1.000000
vt 0.000000 0.000000
vt 1.000000 0.000000
vt 0.000000 0.000000
vt 1.000000 0.000000
vt 1.000000 1.000000
vt 0.000000 1.000000
vt 0.500000 1.000000
vt 0.000000 0.000000
vt 1.000000 0.000000
vt 0.000000 0.000000
vt 1.000000 0.000000
vt 1.000000 1.000000
vt 0.000000 1.000000
vt 0.500000 1.000000
vt 0.000000 0.000000
vt 1.000000 0.000000
vt 0.000000 0.000000
vt 1.000000 0.000000
vt 1.000000 1.000000
vt 0.000000 1.000000
vt 0.500000 1.000000
vt 0.000000 0.000000
vt 1.000000 0.000000
vt 0.000000 0.000000
vt 1.000000 0.000000
vt 1.000000 1.000000
vt 0.000000 1.000000
vt 0.500000 1.000000
vt 0.000000 0.000000
vt 1.000000 0.000000
vt 0.000000 0.000000
vt 1.000000 0.000000
vt 1.000000 1.000000
vt 0.000000 1.000000
vt 0.500000 1.000000
vt 0.000000 0.000000
vt 1.000000 0.000000
vt 0.000000 0.000000
vt 1.000000 0.000000
vt 1.000000 1.000000
vt 0.000000 1.000000
vt 0.500000 1.000000
vt 0.000000 0.000000
vt 1.000000 0.000000
vt 0.000000 0.000000
vt 1.000000 0.000000
vt 1.000000 1.000000
vt 0.000000 1.000000
vt 0.500000 1.000000
vt 0.000000 0.000000
vt 1.000000 0.000000
vt 0.000000 0.000000
vt 1.000000 0.000000
vt 1.000000 1.000000
vt 0.000000 1.000000
vt 0.500000 1.000000
vt 0.000000 0.000000
vt 1.000000 0.000000
vt 0.000000 0.000000
vt 1.000000 0.000000
vt 1.000000 1.000000
vt 0.000000 1.000000
vt 0.500000 1.000000
vt 0.000000 0.000000
vt 1.000000 0.000000
vt 0.000000 0.000000
vt 1.000000 0.000000
vt 1.000000 1.000000
vt 0.000000 1.000000
vt 0.500000 1.000000
vt 0.000000 0.000000
vt 1.000000 0.000000
vt 0.000000 0.000000
vt 1.000000 0.000000
vt 1.000000 1.000000
vt 0.000000 1.000000
vt 0.500000 1.000000
vt 0.000000 0.000000
vt 1.000000 0.000000
vt 0.000000 0.000000
vt 1.000000 0.000000
vt 1.000000 1.000000
vt 0.000000 1.000000
vt 0.500000 1.000000
vt 0.000000 0.000000
vt 1.000000 0.000000
vt 0.000000 0.000000
vt 1.000000 0.000000
vt 1.000000 1.000000
vt 0.000000 1.000000
vt 0.500000 1.000000
vt 0.000000 0.000000
vt 1.000000 0.000000
vt 0.000000 0.000000
vt 1.000000 0.000000
vt 1.000000 1.000000
vt 0.000000 1.000000
vt 0.500000 1.000000
vt 0.000000 0.000000
vt 1.000000 0.000000
vt 0.000000 0.000000
vt 1.000000 0.000000
vt 1.000000 1.000000
vt 0.000000 1.000000
vt 0.500000 1.000000
vt 0.000000 0.000000
vt 1.000000 0.000000
vt 0.000000 0.000000
vt 1.000000 0.000000
vt 1.000000 1.000000
vt 0.000000 1.000000
vt 0.500000 1.000000
vt 0.000000 0.000000
vt 1.000000 0.000000
vt 0.000000 0.000000
vt 1.000000 0.000000
vt 1.000000 1.000000
vt 0.000000 1.000000
vt 0.500000 1.000000
vt 0.000000 0.000000
vt 1.000000 0.000000
vt 0.000000 0.000000
vt 1.000000 0.000000
vt 1.000000 1.000000
vt 0.000000 1.000000
vt 0.500000 1.000000
vt 0.000000 0.000000
vt 1.000000 0.000000
vt 0.000000 0.000000
vt 1.000000 0.000000
vt 1.000000 1.000000
vt 0.000000 1.000000
vt 0.500000 1.000000
vt 0.000000 0.000000
vt 1.000000 0.000000
vt 0.000000 0.000000
vt 1.000000 0.000000
vt 1.000000 1.000000
vt 0.000000 1.000000
vt 0.500000 1.000000
vt 0.000000 0.000000
vt 1.000000 0.000000
vt 0.000000 0.000000
vt 1.000000 0.000000
vt 1.000000 1.000000
vt 0.000000 1.000000
vt 0.500000 1.000000
vt 0.000000 0.000000
vt 1.000000 0.000000
vt 0.000000 0.000000
vt 1.000000 0.000000
vt 1.000000 1.000000
vt 0.000000 1.000000
vt 0.500000 1.000000
vt 0.000000 0.000000
vt 1.000000 0.000000
vt 0.000000 0.000000
vt 1.000000 0.000000
vt 1.000000 1.000000
vt 0.000000 1.000000
vt 0.500000 1.000000
vt 0.000000 0.000000
vt 1.000000 0.000000
vt 0.000000 0.000000
vt 1.000000 0.000000
vt 1.000000 1.000000
vt 0.000000 1.000000
vt 0.500000 1.000000
vt 0.000000 0.000000
vt 1.000000 0.000000
vt 0.000000 0.000000
vt 1.000000 0.000000
vt 1.000000 1.000000
vt 0.000000 1.000000
vt 0.500000 1.000000
vt 0.000000 0.000000
vt 1.000000 0.000000
vt 0.000000 0.000000
vt 1.000000 0.000000
vt 1.000000 1.000000
vt 0.000000 1.000000
vt 0.500000 1.000000
vt 0.000000 0.000000
vt 1.000000 0.000000
vt 0.000000 0.000000
vt 1.000000 0.000000
vt 1.000000 1.000000
vt 0.000000 1.000000
vt 0.500000 1.000000
vt 0.000000 0.000000
vt 1.000000 0.000000
vt 0.000000 0.000000
vt 1.000000 0.000000
vt 1.000000 1.000000
vt 0.000000 1.000000
vt 0.500000 1.000000
vt 0.000000 0.000000
vt 1.000000 0.000000
vt 0.000000 0.000000
vt 1.000000 0.000000
vt 1.000000 1.000000
vt 0.000000 1.000000
vt 0.500000 1.000000
vt 0.000000 0.000000
vt 1.000000 0.000000
vt 0.000000 0.000000
vt 1.000000 0.000000
vt 1.000000 1.000000
vt 0.000000 1.000000
vt 0.500000 1.000000
vt 0.000000 0.000000
vt 1.000000 0.000000
vt 0.000000 0.000000
vt 1.000000 0.000000
vt 1.000000 1.000000
vt 0.000000 1.000000
vt 0.500000 1.000000
vt 0.000000 0.000000
vt 1.000000 0.000000
vt 0.000000 0.000000
vt 1.000000 0.000000
vt 1.000000 1.000000
vt 0.000000 1.000000
vt 0.500000 1.000000
vt 0.000000 0.000000
vt 1.000000 0.000000
vt 0.500000 1.000000
vt 0.000000 0.000000
vt 1.000000 0.000000
vt 0.000000 0.000000
vt 1.000000 0.000000
vt 1.000000 1.000000
vt 0.000000 1.000000
vt 0.000000 0.000000
vt 1.000000 0.000000
vt 1.000000 1.000000
vt 0.000000 1.000000
vt 0.500000 1.000000
vt 0.000000 0.000000
vt 1.000000 0.000000
vt 0.500000 1.000000
vt 0.000000 0.000000
vt 1.000000 0.000000
vt 0.000000 0.000000
vt 1.000000 0.000000
vt 1.000000 1.000000
vt 0.000000 1.000000
vt 0.000000 0.000000
vt 1.000000 0.000000
vt 1.000000 1.000000
vt 0.000000 1.000000
vt 0.500000 1.000000
vt 0.000000 0.000000
vt 1.000000 0.000000
vt 0.500000 1.000000
vt 0.000000 0.000000
vt 1.000000 0.000000
vt 0.000000 0.000000
vt 1.000000 0.000000
vt 1.000000 1.000000
vt 0.000000 1.000000
vt 0.000000 0.000000
vt 1.000000 0.000000
vt 1.000000 1.000000
vt 0.000000 1.000000
vt 0.500000 1.000000
vt 0.000000 0.000000
vt 1.000000 0.000000
vt 0.500000 1.000000
vt 0.000000 0.000000
vt 1.000000 0.000000
vt 0.000000 0.000000
vt 1.000000 0.000000
vt 1.000000 1.000000
vt 0.000000 1.000000
vt 0.000000 0.000000
vt 1.000000 0.000000
vt 1.000000 1.000000
vt 0.000000 1.000000
vt 0.500000 1.000000
vt 0.000000 0.000000
vt 1.000000 0.000000
vt 0.500000 1.000000
vt 0.000000 0.000000
vt 1.000000 0.000000
vt 0.000000 0.000000
vt 1.000000 0.000000
vt 1.000000 1.000000
vt 0.000000 1.000000
vt 0.000000 0.000000
vt 1.000000 0.000000
vt 1.000000 1.000000
vt 0.000000 1.000000
vt 0.500000 1.000000
vt 0.000000 0.000000
vt 1.000000 0.000000
vt 0.500000 1.000000
vt 0.000000 0.000000
vt 1.000000 0.000000
vt 0.000000 0.000000
vt 1.000000 0.000000
vt 1.000000 1.000000
vt 0.000000 1.000000
vt 0.000000 0.000000
vt 1.000000 0.000000
vt 1.000000 1.000000
vt 0.000000 1.000000
vt 0.500000 1.000000
vt 0.000000 0.000000
vt 1.000000 0.000000
vt 0.500000 1.000000
vt 0.000000 0.000000
vt 1.000000 0.000000
vt 0.000000 0.000000
vt 1.000000 0.000000
vt 1.000000 1.000000
vt 0.000000 1.000000
vt 0.000000 0.000000
vt 1.000000 0.000000
vt 1.000000 1.000000
vt 0.000000 1.000000
vt 0.500000 1.000000
vt 0.000000 0.000000
vt 1.000000 0.000000
vt 0.500000 1.000000
vt 0.000000 0.000000
vt 1.000000 0.000000
vt 0.000000 0.000000
vt 1.000000 0.000000
vt 1.000000 1.000000
vt 0.000000 1.000000
vt 0.000000 0.000000
vt 1.000000 0.000000
vt 1.000000 1.000000
vt 0.000000 1.000000
vt 0.500000 1.000000
vt 0.000000 0.000000
vt 1.000000 0.000000
vt 0.500000 1.000000
vt 0.000000 0.000000
vt 1.000000 0.000000
vt 0.000000 0.000000
vt 1.000000 0.000000
vt 1.000000 1.000000
vt 0.000000 1.000000
vt 0.000000 0.000000
vt 1.000000 0.000000
vt 1.000000 1.000000
vt 0.000000 1.000000
vt 0.500000 1.000000
vt 0.000000 0.000000
vt 1.000000 0.000000
vt 0.500000 1.000000
vt 0.000000 0.000000
vt 1.000000 0.000000
vt 0.000000 0.000000
vt 1.000000 0.000000
vt 1.000000 1.000000
vt 0.000000 1.000000
vt 0.000000 0.000000
vt 1.000000 0.000000
vt 1.000000 1.000000
vt 0.000000 1.000000
vt 0.500000 1.000000
vt 0.000000 0.000000
vt 1.000000 0.000000
vt 0.500000 1.000000
vt 0.000000 0.000000
vt 1.000000 0.000000
vt 0.000000 0.000000
vt 1.000000 0.000000
vt 1.000000 1.000000
vt 0.000000 1.000000
vt 0.000000 0.000000
vt 1.000000 0.000000
vt 1.000000 1.000000
vt 0.000000 1.000000
vt 0.500000 1.000000
vt 0.000000 0.000000
vt 1.000000 0.000000
vt 0.500000 1.000000
vt 0.000000 0.000000
vt 1.000000 0.000000
vt 0.000000 0.000000
vt 1.000000 0.000000
vt 1.000000 1.000000
vt 0.000000 1.000000
vt 0.000000 0.000000
vt 1.000000 0.000000
vt 1.000000 1.000000
vt 0.000000 1.000000
vt 0.500000 1.000000
vt 0.000000 0.000000
vt 1.000000 0.000000
vt 0.500000 1.000000
vt 0.000000 0.000000
vt 1.000000 0.000000
vt 0.000000 0.000000
vt 1.000000 0.000000
vt 1.000000 1.000000
vt 0.000000 1.000000
vt 0.000000 0.000000
vt 1.000000 0.000000
vt 1.000000 1.000000
vt 0.000000 1.000000
vt 0.500000 1.000000
vt 0.000000 0.000000
vt 1.000000 0.000000
vt 0.500000 1.000000
vt 0.000000 0.000000
vt 1.000000 0.000000
vt 0.000000 0.000000
vt 1.000000 0.000000
vt 1.000000 1.000000
vt 0.000000 1.000000
vt 0.000000 0.000000
vt 1.000000 0.000000
vt 1.000000 1.000000
vt 0.000000 1.000000
vt 0.500000 1.000000
vt 0.000000 0.000000
vt 1.000000 0.000000
vt 0.500000 1.000000
vt 0.000000 0.000000
vt 1.000000 0.000000
vt 0.000000 0.000000
vt 1.000000 0.000000
vt 1.000000 1.000000
vt 0.000000 1.000000
vt 0.000000 0.000000
vt 1.000000 0.000000
vt 1.000000 1.000000
vt 0.000000 1.000000
vt 0.500000 1.000000
vt 0.000000 0.000000
vt 1.000000 0.000000
vt 0.500000 1.000000
vt 0.000000 0.000000
vt 1.000000 0.000000
vt 0.000000 0.000000
vt 1.000000 0.000000
vt 1.000000 1.000000
vt 0.000000 1.000000
vt 0.000000 0.000000
vt 1.000000 0.000000
vt 1.000000 1.000000
vt 0.000000 1.000000
vt 0.500000 1.000000
vt 0.000000 0.000000
vt 1.000000 0.000000
vt 0.500000 1.000000
vt 0.000000 0.000000
vt 1.000000 0.000000
vt 0.000000 0.000000
vt 1.000000 0.000000
vt 1.000000 1.000000
vt 0.000000 1.000000
vt 0.000000 0.000000
vt 1.000000 0.000000
vt 1.000000 1.000000
vt 0.000000 1.000000
vt 0.500000 1.000000
vt 0.000000 0.000000
vt 1.000000 0.000000
vt 0.500000 1.000000
vt 0.000000 0.000000
vt 1.000000 0.000000
vt 0.000000 0.000000
vt 1.000000 0.000000
vt 1.000000 1.000000
vt 0.000000 1.000000
vt 0.000000 0.000000
vt 1.000000 0.000000
vt 1.000000 1.000000
vt 0.000000 1.000000
vt 0.500000 1.000000
vt 0.000000 0.000000
vt 1.000000 0.000000
vt 0.500000 1.000000
vt 0.000000 0.000000
vt 1.000000 0.000000
vt 0.000000 0.000000
vt 1.000000 0.000000
vt 1.000000 1.000000
vt 0.000000 1.000000
vt 0.000000 0.000000
vt 1.000000 0.000000
vt 1.000000 1.000000
vt 0.000000 1.000000
vt 0.500000 1.000000
vt 0.000000 0.000000
vt 1.000000 0.000000
vt 0.500000 1.000000
vt 0.000000 0.000000
vt 1.000000 0.000000
vt 0.000000 0.000000
vt 1.000000 0.000000
vt 1.000000 1.000000
vt 0.000000 1.000000
vt 0.000000 0.000000
vt 1.000000 0.000000
vt 1.000000 1.000000
vt 0.000000 1.000000
vt 0.500000 1.000000
vt 0.000000 0.000000
vt 1.000000 0.000000
vt 0.500000 1.000000
vt 0.000000 0.000000
vt 1.000000 0.000000
vt 0.000000 0.000000
vt 1.000000 0.000000
vt 1.000000 1.000000
vt 0.000000 1.000000
vt 0.000000 0.000000
vt 1.000000 0.000000
vt 1.000000 1.000000
vt 0.000000 1.000000
vt 0.500000 1.000000
vt 0.000000 0.000000
vt 1.000000 0.000000
vt 0.500000 1.000000
vt 0.000000 0.000000
vt 1.000000 0.000000
vt 0.000000 0.000000
vt 1.000000 0.000000
vt 1.000000 1.000000
vt 0.000000 1.000000
vt 0.000000 0.000000
vt 1.000000 0.000000
vt 1.000000 1.000000
vt 0.000000 1.000000
vt 0.500000 1.000000
vt 0.000000 0.000000
vt 1.000000 0.000000
vt 0.500000 1.000000
vt 0.000000 0.000000
vt 1.000000 0.000000
vt 0.000000 0.000000
vt 1.000000 0.000000
vt 1.000000 1.000000
vt 0.000000 1.000000
vt 0.000000 0.000000
vt 1.000000 0.000000
vt 1.000000 1.000000
vt 0.000000 1.000000
vt 0.500000 1.000000
vt 0.000000 0.000000
vt 1.000000 0.000000
vt 0.500000 1.000000
vt 0.000000 0.000000
vt 1.000000 0.000000
vt 0.000000 0.000000
vt 1.000000 0.000000
vt 1.000000 1.000000
vt 0.000000 1.000000
vt 0.000000 0.000000
vt 1.000000 0.000000
vt 1.000000 1.000000
vt 0.000000 1.000000
vt 0.500000 1.000000
vt 0.000000 0.000000
vt 1.000000 0.000000
vt 0.500000 1.000000
vt 0.000000 0.000000
vt 1.000000 0.000000
vt 0.000000 0.000000
vt 1.000000 0.000000
vt 1.000000 1.000000
vt 0.000000 1.000000
vt 0.000000 0.000000
vt 1.000000 0.000000
vt 1.000000 1.000000
vt 0.000000 1.000000
vt 0.500000 1.000000
vt 0.000000 0.000000
vt 1.000000 0.000000
vt 0.500000 1.000000
vt 0.000000 0.000000
vt 1.000000 0.000000
vt 0.000000 0.000000
vt 1.000000 0.000000
vt 1.000000 1.000000
vt 0.000000 1.000000
vt 0.000000 0.000000
vt 1.000000 0.000000
vt 1.000000 1.000000
vt 0.000000 1.000000
vt 0.500000 1.000000
vt 0.000000 0.000000
vt 1.000000 0.000000
vt 0.500000 1.000000
vt 0.000000 0.000000
vt 1.000000 0.000000
vt 0.000000 0.000000
vt 1.000000 0.000000
vt 1.000000 1.000000
vt 0.000000 1.000000
vt 0.000000 0.000000
vt 1.000000 0.000000
vt 1.000000 1.000000
vt 0.000000 1.000000
vt 0.500000 1.000000
vt 0.000000 0.000000
vt 1.000000 0.000000
vt 0.500000 1.000000
vt 0.000000 0.000000
vt 1.000000 0.000000
vt 0.000000 0.000000
vt 1.000000 0.000000
vt 1.000000 1.000000
vt 0.000000 1.000000
vt 0.000000 0.000000
vt 1.000000 0.000000
vt 1.000000 1.000000
vt 0.000000 1.000000
vt 0.500000 1.000000
vt 0.000000 0.000000
vt 1.000000 0.000000
vt 0.500000 1.000000
vt 0.000000 0.000000
vt 1.000000 0.000000
vt 0.000000 0.000000
vt 1.000000 0.000000
vt 1.000000 1.000000
vt 0.000000 1.000000
vt 0.000000 0.000000
vt 1.000000 0.000000
vt 1.000000 1.000000
vt 0.000000 1.000000
vt 0.500000 1.000000
vt 0.000000 0.000000
vt 1.000000 0.000000
vt 0.500000 1.000000
vt 0.000000 0.000000
vt 1.000000 0.000000
vt 0.000000 0.000000
vt 1.000000 0.000000
vt 1.000000 1.000000
vt 0.000000 1.000000
vt 0.000000 0.000000
vt 1.000000 0.000000
vt 1.000000 1.000000
vt 0.000000 1.000000
vt 0.500000 1.000000
vt 0.000000 0.000000
vt 1.000000 0.000000
vt 0.500000 1.000000
vt 0.000000 0.000000
vt 1.000000 0.000000
vt 0.000000 0.000000
vt 1.000000 0.000000
vt 1.000000 1.000000
vt 0.000000 1.000000
vt 0.000000 0.000000
vt 1.000000 0.000000
vt 1.000000 1.000000
vt 0.000000 1.000000
vt 0.500000 1.000000
vt 0.000000 0.000000
vt 1.000000 0.000000
vt 0.500000 1.000000
vt 0.000000 0.000000
vt 1.000000 0.000000
vt 0.000000 0.000000
vt 1.000000 0.000000
vt 1.000000 1.000000
vt 0.000000 1.000000
vt 0.000000 0.000000
vt 1.000000 0.000000
vt 1.000000 1.000000
vt 0.000000 1.000000
vt 0.500000 1.000000
vt 0.000000 0.000000
vt 1.000000 0.000000
vt 0.500000 1.000000
vt 0.000000 0.000000
vt 1.000000 0.000000
vt 0.000000 0.000000
vt 1.000000 0.000000
vt 1.000000 1.000000
vt 0.000000 1.000000
vt 0.000000 0.000000
vt 1.000000 0.000000
vt 1.000000 1.000000
vt 0.000000 1.000000
vt 0.500000 1.000000
vt 0.000000 0.000000
vt 1.000000 0.000000
vt 0.500000 1.000000
vt 0.000000 0.000000
vt 1.000000 0.000000
vt 0.000000 0.000000
vt 1.000000 0.000000
vt 1.000000 1.000000
vt 0.000000 1.000000
vt 0.000000 0.000000
vt 1.000000 0.000000
vt 1.000000 1.000000
vt 0.000000 1.000000
vt 0.500000 1.000000
vt 0.000000 0.000000
vt 1.000000 0.000000
vt 0.500000 1.000000
vt 0.000000 0.000000
vt 1.000000 0.000000
vt 0.000000 0.000000
vt 1.000000 0.000000
vt 1.000000 1.000000
vt 0.000000 1.000000
vt 0.000000 0.000000
vt 1.000000 0.000000
vt 1.000000 1.000000
vt 0.000000 1.000000
vt 0.500000 1.000000
vt 0.000000 0.000000
vt 1.000000 0.000000
vt 0.500000 1.000000
vt 0.000000 0.000000
vt 1.000000 0.000000
vt 0.000000 0.000000
vt 1.000000 0.000000
vt 1.000000 1.000000
vt 0.000000 1.000000
vt 0.000000 0.000000
vt 1.000000 0.000000
vt 1.000000 1.000000
vt 0.000000 1.000000
vt 0.500000 1.000000
vt 0.000000 0.000000
vt 1.000000 0.000000
vt 0.500000 1.000000
vt 0.000000 0.000000
vt 1.000000 0.000000
vt 0.000000 0.000000
vt 1.000000 0.000000
vt 1.000000 1.000000
vt 0.000000 1.000000
vt 0.000000 0.000000
vt 1.000000 0.000000
vt 1.000000 1.000000
vt 0.000000 1.000000
vt 0.500000 1.000000
vt 0.000000 0.000000
vt 1.000000 0.000000
vt 0.500000 1.000000
vt 0.000000 0.000000
vt 1.000000 0.000000
vt 0.000000 0.000000
vt 1.000000 0.000000
vt 1.000000 1.000000
vt 0.000000 1.000000
vt 0.000000 0.000000
vt 1.000000 0.000000
vt 1.000000 1.000000
vt 0.000000 1.000000
vt 0.500000 1.000000
vt 0.000000 0.000000
vt 1.000000 0.000000
vt 0.500000 1.000000
vt 0.000000 0.000000
vt 1.000000 0.000000
vt 0.000000 0.000000
vt 1.000000 0.000000
vt 1.000000 1.000000
vt 0.000000 1.000000
vt 0.000000 0.000000
vt 1.000000 0.000000
vt 1.000000 1.000000
vt 0.000000 1.000000
vt 0.500000 1.000000
vt 0.000000 0.000000
vt 1.000000 0.000000
vt 0.500000 1.000000
vt 0.000000 0.000000
vt 1.000000 0.000000
vt 0.000000 0.000000
vt 1.000000 0.000000
vt 1.000000 1.000000
vt 0.000000 1.000000
vt 0.000000 0.000000
vt 1.000000 0.000000
vt 1.000000 1.000000
vt 0.000000 1.000000
vt 0.500000 1.000000
vt 0.000000 0.000000
vt 1.000000 0.000000
vt 0.500000 1.000000
vt 0.000000 0.000000
vt 1.000000 0.000000
vt 0.000000 0.000000
vt 1.000000 0.000000
vt 1.000000 1.000000
vt 0.000000 1.000000
vt 0.000000 0.000000
vt 1.000000 0.000000
vt 1.000000 1.000000
vt 0.000000 1.000000
vt 0.500000 1.000000
vt 0.000000 0.000000
vt 1.000000 0.000000
vt 0.500000 1.000000
vt 0.000000 0.000000
vt 1.000000 0.000000
vt 0.000000 0.000000
vt 1.000000 0.000000
vt 1.000000 1.000000
vt 0.000000 1.000000
vt 0.000000 0.000000
vt 1.000000 0.000000
vt 1.000000 1.000000
vt 0.000000 1.000000
vt 0.500000 1.000000
vt 0.000000 0.000000
vt 1.000000 0.000000
vt 0.500000 1.000000
vt 0.000000 0.000000
vt 1.000000 0.000000
vt 0.000000 0.000000
vt 1.000000 0.000000
vt 1.000000 1.000000
vt 0.000000 1.000000
vt 0.000000 0.000000
vt 1.000000 0.000000
vt 1.000000 1.000000
vt 0.000000 1.000000
vt 0.500000 1.000000
vt 0.000000 0.000000
vt 1.000000 0.000000
vt 0.500000 1.000000
vt 0.000000 0.000000
vt 1.000000 0.000000
vt 0.000000 0.000000
vt 1.000000 0.000000
vt 1.000000 1.000000
vt 0.000000 1.000000
vt 0.000000 0.000000
vt 1.000000 0.000000
vt 1.000000 1.000000
vt 0.000000 1.000000
vt 0.500000 1.000000
vt 0.000000 0.000000
vt 1.000000 0.000000
vt 0.500000 1.000000
vt 0.000000 0.000000
vt 1.000000 0.000000
vt 0.000000 0.000000
vt 1.000000 0.000000
vt 1.000000 1.000000
vt 0.000000 1.000000
vt 0.000000 0.000000
vt 1.000000 0.000000
vt 1.000000 1.000000
vt 0.000000 1.000000
vt 0.500000 1.000000
vt 0.000000 0.000000
vt 1.000000 0.000000
vt 0.500000 1.000000
vt 0.000000 0.000000
vt 1.000000 0.000000
vt 0.000000 0.000000
vt 1.000000 0.000000
vt 1.000000 1.000000
vt 0.000000 1.000000
vt 0.000000 0.000000
vt 1.000000 0.000000
vt 1.000000 1.000000
vt 0.000000 1.000000
vt 0.500000 1.000000
vt 0.000000 0.000000
vt 1.000000 0.000000
vt 0.500000 1.000000
vt 0.000000 0.000000
vt 1.000000 0.000000
vt 0.000000 0.000000
vt 1.000000 0.000000
vt 1.000000 1.000000
vt 0.000000 1.000000
vt 0.000000 0.000000
vt 1.000000 0.000000
vt 1.000000 1.000000
vt 0.000000 1.000000
vt 0.500000 1.000000
vt 0.000000 0.000000
vt 1.000000 0.000000
vt 0.500000 1.000000
vt 0.000000 0.000000
vt 1.000000 0.000000
vt 0.000000 0.000000
vt 1.000000 0.000000
vt 1.000000 1.000000
vt 0.000000 1.000000
vt 0.000000 0.000000
vt 1.000000 0.000000
vt 1.000000 1.000000
vt 0.000000 1.000000
vt 0.500000 1.000000
vt 0.000000 0.000000
vt 1.000000 0.000000
vt 0.500000 1.000000
vt 0.000000 0.000000
vt 1.000000 0.000000
vt 0.000000 0.000000
vt 1.000000 0.000000
vt 1.000000 1.000000
vt 0.000000 1.000000
vt 0.000000 0.000000
vt 1.000000 0.000000
vt 1.000000 1.000000
vt 0.000000 1.000000
vt 0.500000 1.000000
vt 0.000000 0.000000
vt 1.000000 0.000000
vt 0.500000 1.000000
vt 0.000000 0.000000
vt 1.000000 0.000000
vt 0.000000 0.000000
vt 1.000000 0.000000
vt 1.000000 1.000000
vt 0.000000 1.000000
vt 0.000000 0.000000
vt 1.000000 0.000000
vt 1.000000 1.000000
vt 0.000000 1.000000
vt 0.500000 1.000000
vt 0.000000 0.000000
vt 1.000000 0.000000
vt 0.500000 1.000000
vt 0.000000 0.000000
vt 1.000000 0.000000
vt 0.000000 0.000000
vt 1.000000 0.000000
vt 1.000000 1.000000
vt 0.000000 1.000000
vt 0.000000 0.000000
vt 1.000000 0.000000
vt 1.000000 1.000000
vt 0.000000 1.000000
vt 0.500000 1.000000
vt 0.000000 0.000000
vt 1.000000 0.000000
vt 0.500000 1.000000
vt 0.000000 0.000000
vt 1.000000 0.000000
vt 0.000000 0.000000
vt 1.000000 0.000000
vt 1.000000 1.000000
vt 0.000000 1.000000
vt 0.000000 0.000000
vt 1.000000 0.000000
vt 1.000000 1.000000
vt 0.000000 1.000000
vt 0.500000 1.000000
vt 0.000000 0.000000
vt 1.000000 0.000000
vt 0.500000 1.000000
vt 0.000000 0.000000
vt 1.000000 0.000000
vt 0.000000 0.000000
vt 1.000000 0.000000
vt 1.000000 1.000000
vt 0.000000 1.000000
vt 0.000000 0.000000
vt 1.000000 0.000000
vt 1.000000 1.000000
vt 0.000000 1.000000
vt 0.500000 1.000000
vt 0.000000 0.000000
vt 1.000000 0.000000
vt 0.500000 1.000000
vt 0.000000 0.000000
vt 1.000000 0.000000
vt 0.000000 0.000000
vt 1.000000 0.000000
vt 1.000000 1.000000
vt 0.000000 1.000000
vt 0.000000 0.000000
vt 1.000000 0.000000
vt 1.000000 1.000000
vt 0.000000 1.000000
vt 0.500000 1.000000
vt 0.000000 0.000000
vt 1.000000 0.000000
vt 0.500000 1.000000
vt 0.000000 0.000000
vt 1.000000 0.000000
vt 0.000000 0.000000
vt 1.000000 0.000000
vt 1.000000 1.000000
vt 0.000000 1.000000
vt 0.000000 0.000000
vt 1.000000 0.000000
vt 1.000000 1.000000
vt 0.000000 1.000000
vt 0.500000 1.000000
vt 0.000000 0.000000
vt 1.000000 0.000000
vt 0.500000 1.000000
vt 0.000000 0.000000
vt 1.000000 0.000000
vt 0.000000 0.000000
vt 1.000000 0.000000
vt 1.000000 1.000000
vt 0.000000 1.000000
vt 0.000000 0.000000
vt 1.000000 0.000000
vt 1.000000 1.000000
vt 0.000000 1.000000
vt 0.500000 1.000000
vt 0.000000 0.000000
vt 1.000000 0.000000
vt 0.500000 1.000000
vt 0.000000 0.000000
vt 1.000000 0.000000
vt 0.000000 0.000000
vt 1.000000 0.000000
vt 1.000000 1.000000
vt 0.000000 1.000000
vt 0.000000 0.000000
vt 1.000000 0.000000
vt 1.000000 1.000000
vt 0.000000 1.000000
vt 0.500000 1.000000
vt 0.000000 0.000000
vt 1.000000 0.000000
vt 0.500000 1.000000
vt 0.000000 0.000000
vt 1.000000 0.000000
vt 0.000000 0.000000
vt 1.000000 0.000000
vt 1.000000 1.000000
vt 0.000000 1.000000
vt 0.000000 0.000000
vt 1.000000 0.000000
vt 1.000000 1.000000
vt 0.000000 1.000000
vt 0.500000 1.000000
vt 0.000000 0.000000
vt 1.000000 0.000000
vt 0.500000 1.000000
vt 0.000000 0.000000
vt 1.000000 0.000000
vt 0.000000 0.000000
vt 1.000000 0.000000
vt 1.000000 1.000000
vt 0.000000 1.000000
vt 0.000000 0.000000
vt 1.000000 0.000000
vt 1.000000 1.000000
vt 0.000000 1.000000
vt 0.500000 1.000000
vt 0.000000 0.000000
vt 1.000000 0.000000
vt 0.500000 1.000000
vt 0.000000 0.000000
vt 1.000000 0.000000
vt 0.000000 0.000000
vt 1.000000 0.000000
vt 1.000000 1.000000
vt 0.000000 1.000000
vt 0.000000 0.000000
vt 1.000000 0.000000
vt 1.000000 1.000000
vt 0.000000 1.000000
vt 0.500000 1.000000
vt 0.000000 0.000000
vt 1.000000 0.000000
vt 0.500000 1.000000
vt 0.000000 0.000000
vt 1.000000 0.000000
vt 0.000000 0.000000
vt 1.000000 0.000000
vt 1.000000 1.000000
vt 0.000000 1.000000
vt 0.000000 0.000000
vt 1.000000 0.000000
vt 1.000000 1.000000
vt 0.000000 1.000000
vt 0.500000 1.000000
vt 0.000000 0.000000
vt 1.000000 0.000000
vt 0.500000 1.000000
vt 0.000000 0.000000
vt 1.000000 0.000000
vt 0.000000 0.000000
vt 1.000000 0.000000
vt 1.000000 1.000000
vt 0.000000 1.000000
vt 0.000000 0.000000
vt 1.000000 0.000000
vt 1.000000 1.000000
vt 0.000000 1.000000
vt 0.500000 1.000000
vt 0.000000 0.000000
vt 1.000000 0.000000
vt 0.500000 1.000000
vt 0.000000 0.000000
vt 1.000000 0.000000
vt 0.000000 0.000000
vt 1.000000 0.000000
vt 1.000000 1.000000
vt 0.000000 1.000000
vt 0.000000 0.000000
vt 1.000000 0.000000
vt 1.000000 1.000000
vt 0.000000 1.000000
vt 0.500000 1.000000
vt 0.000000 0.000000
vt 1.000000 0.000000
vt 0.500000 1.000000
vt 0.000000 0.000000
vt 1.000000 0.000000
vt 0.000000 0.000000
vt 1.000000 0.000000
vt 1.000000 1.000000
vt 0.000000 1.000000
vt 0.000000 0.000000
vt 1.000000 0.000000
vt 1.000000 1.000000
vt 0.000000 1.000000
vt 0.500000 1.000000
vt 0.000000 0.000000
vt 1.000000 0.000000
vt 0.500000 1.000000
vt 0.000000 0.000000
vt 1.000000 0.000000
vt 0.000000 0.000000
vt 1.000000 0.000000
vt 1.000000 1.000000
vt 0.000000 1.000000
vt 0.000000 0.000000
vt 1.000000 0.000000
vt 1.000000 1.000000
vt 0.000000 1.000000
vt 0.500000 1.000000
vt 0.000000 0.000000
vt 1.000000 0.000000
vt 0.500000 1.000000
vt 0.000000 0.000000
vt 1.000000 0.000000
vt 0.000000 0.000000
vt 1.000000 0.000000
vt 1.000000 1.000000
vt 0.000000 1.000000
vt 0.000000 0.000000
vt 1.000000 0.000000
vt 1.000000 1.000000
vt 0.000000 1.000000
vt 0.500000 1.000000
vt 0.000000 0.000000
vt 1.000000 0.000000
vt 0.500000 1.000000
vt 0.000000 0.000000
vt 1.000000 0.000000
vt 0.000000 0.000000
vt 1.000000 0.000000
vt 1.000000 1.000000
vt 0.000000 1.000000
vt 0.000000 0.000000
vt 1.000000 0.000000
vt 1.000000 1.000000
vt 0.000000 1.000000
vt 0.500000 1.000000
vt 0.000000 0.000000
vt 1.000000 0.000000
vt 0.500000 1.000000
vt 0.000000 0.000000
vt 1.000000 0.000000
vt 0.000000 0.000000
vt 1.000000 0.000000
vt 1.000000 1.000000
vt 0.000000 1.000000
vt 0.000000 0.000000
vt 1.000000 0.000000
vt 1.000000 1.000000
vt 0.000000 1.000000
vt 0.500000 1.000000
vt 0.000000 0.000000
vt 1.000000 0.000000
vt 0.500000 1.000000
vt 0.000000 0.000000
vt 1.000000 0.000000
vt 0.000000 0.000000
vt 1.000000 0.000000
vt 1.000000 1.000000
vt 0.000000 1.000000
vt 0.000000 0.000000
vt 1.000000 0.000000
vt 1.000000 1.000000
vt 0.000000 1.000000
vt 0.500000 1.000000
vt 0.000000 0.000000
vt 1.000000 0.000000
vt 0.500000 1.000000
vt 0.000000 0.000000
vt 1.000000 0.000000
vt 0.000000 0.000000
vt 1.000000 0.000000
vt 1.000000 1.000000
vt 0.000000 1.000000
vt 0.000000 0.000000
vt 1.000000 0.000000
vt 1.000000 1.000000
vt 0.000000 1.000000
vt 0.500000 1.000000
vt 0.000000 0.000000
vt 1.000000 0.000000
vt 0.500000 1.000000
vt 0.000000 0.000000
vt 1.000000 0.000000
vt 0.000000 0.000000
vt 1.000000 0.000000
vt 1.000000 1.000000
vt 0.000000 1.000000
vt 0.000000 0.000000
vt 1.000000 0.000000
vt 1.000000 1.000000
vt 0.000000 1.000000
vt 0.500000 1.000000
vt 0.000000 0.000000
vt 1.000000 0.000000
vt 0.500000 1.000000
vt 0.000000 0.000000
vt 1.000000 0.000000
vt 0.000000 0.000000
vt 1.000000 0.000000
vt 1.000000 1.000000
vt 0.000000 1.000000
vt 0.000000 0.000000
vt 1.000000 0.000000
vt 1.000000 1.000000
vt 0.000000 1.000000
vt 0.500000 1.000000
vt 0.000000 0.000000
vt 1.000000 0.000000
s 1
usemtl models/caelum/world/environment/bark_jungle.png
f 1/1 2/2 3/3 4/4
f 5/5 6/6 7/7
f 8/8 9/9 10/10 11/11
f 12/12 13/13 14/14
f 15/15 16/16 17/17 18/18
f 19/19 20/20 21/21
f 22/22 23/23 24/24 25/25
f 26/26 27/27 28/28
f 29/29 30/30 31/31 32/32
f 33/33 34/34 35/35
f 36/36 37/37 38/38 39/39
f 40/40 41/41 42/42
f 43/43 44/44 45/45 46/46
f 47/47 48/48 49/49
f 50/50 51/51 52/52 53/53
f 54/54 55/55 56/56
f 57/57 58/58 59/59 60/60
f 61/61 62/62 63/63
f 64/64 65/65 66/66 67/67
f 68/68 69/69 70/70 71/71
f 72/72 73/73 74/74 75/75
f 76/76 77/77 78/78 79/79
f 80/80 81/81 82/82 83/83
f 84/84 85/85 86/86 87/87
f 88/88 89/89 90/90 91/91
f 92/92 93/93 94/94 95/95
f 96/96 97/97 98/98 99/99
f 100/100 101/101 102/102 103/103
f 104/104 105/105 106/106
f 107/107 108/108 109/109 110/110
f 111/111 112/112 113/113
f 114/114 115/115 116/116 117/117
f 118/118 119/119 120/120
f 121/121 122/122 123/123 124/124
f 125/125 126/126 127/127
f 128/128 129/129 130/130 131/131
f 132/132 133/133 134/134
f 135/135 136/136 137/137 138/138
f 139/139 140/140 141/141
f 142/142 143/143 144/144 145/145
f 146/146 147/147 148/148
f 149/149 150/150 151/151 152/152
f 153/153 154/154 155/155
f 156/156 157/157 158/158 159/159
f 160/160 161/161 162/162
f 163/163 164/164 165/165 166/166
f 167/167 168/168 169/169
f 170/170 171/171 172/172 173/173
f 174/174 175/175 176/176
f 177/177 178/178 179/179 180/180
f 181/181 182/182 183/183
f 184/184 185/185 186/186 187/187
f 188/188 189/189 190/190
f 191/191 192/192 193/193 194/194
f 195/195 196/196 197/197
f 198/198 199/199 200/200 201/201
f 202/202 203/203 204/204
f 205/205 206/206 207/207 208/208
f 209/209 210/210 211/211
f 212/212 213/213 214/214 215/215
f 216/216 217/217 218/218
f 219/219 220/220 221/221 222/222
f 223/223 224/224 225/225
f 226/226 227/227 228/228 229/229
f 230/230 231/231 232/232
f 233/233 234/234 235/235 236/236
f 237/237 238/238 239/239
f 240/240 241/241 242/242 243/243
f 244/244 245/245 246/246
f 247/247 248/248 249/249 250/250
f 251/251 252/252 253/253
f 254/254 255/255 256/256 257/257
f 258/258 259/259 260/260
f 261/261 262/262 263/263 264/264
f 265/265 266/266 267/267
f 268/268 269/269 270/270 271/271
f 272/272 273/273 274/274
f 275/275 276/276 277/277 278/278
f 279/279 280/280 281/281
f 282/282 283/283 284/284 285/285
f 286/286 287/287 288/288
f 289/289 290/290 291/291 292/292
f 293/293 294/294 295/295
f 296/296 297/297 298/298 299/299
f 300/300 301/301 302/302
f 303/303 304/304 305/305 306/306
f 307/307 308/308 309/309
f 310/310 311/311 312/312 313/313
f 314/314 315/315 316/316
f 317/317 318/318 319/319 320/320
f 321/321 322/322 323/323
f 324/324 325/325 326/326 327/327
f 328/328 329/329 330/330
f 331/331 332/332 333/333 334/334
f 335/335 336/336 337/337
f 338/338 339/339 340/340 341/341
f 342/342 343/343 344/344
f 345/345 346/346 347/347 348/348
f 349/349 350/350 351/351
f 352/352 353/353 354/354 355/355
f 356/356 357/357 358/358
f 359/359 360/360 361/361 362/362
f 363/363 364/364 365/365
f 366/366 367/367 368/368 369/369
f 370/370 371/371 372/372
f 373/373 374/374 375/375 376/376
f 377/377 378/378 379/379
f 380/380 381/381 382/382 383/383
f 384/384 385/385 386/386
f 387/387 388/388 389/389 390/390
f 391/391 392/392 393/393
f 394/394 395/395 396/396 397/397
f 398/398 399/399 400/400
f 401/401 402/402 403/403 404/404
f 405/405 406/406 407/407
f 408/408 409/409 410/410 411/411
f 412/412 413/413 414/414
f 415/415 416/416 417/417 418/418
f 419/419 420/420 421/421
f 422/422 423/423 424/424 425/425
f 426/426 427/427 428/428
f 429/429 430/430 431/431 432/432
f 433/433 434/434 435/435
f 436/436 437/437 438/438 439/439
f 440/440 441/441 442/442
f 443/443 444/444 445/445 446/446
f 447/447 448/448 449/449
f 450/450 451/451 452/452 453/453
f 454/454 455/455 456/456
f 457/457 458/458 459/459 460/460
f 461/461 462/462 463/463
f 464/464 465/465 466/466 467/467
f 468/468 469/469 470/470
f 471/471 472/472 473/473 474/474
f 475/475 476/476 477/477
f 478/478 479/479 480/480 481/481
f 482/482 483/483 484/484
f 485/485 486/486 487/487 488/488
f 489/489 490/490 491/491
f 492/492 493/493 494/494 495/495
f 496/496 497/497 498/498
f 499/499 500/500 501/501 502/502
f 503/503 504/504 505/505
f 506/506 507/507 508/508 509/509
f 510/510 511/511 512/512
f 513/513 514/514 515/515 516/516
f 517/517 518/518 519/519
f 520/520 521/521 522/522 523/523
f 524/524 525/525 526/526
f 527/527 528/528 529/529 530/530
f 531/531 532/532 533/533
f 534/534 535/535 536/536 537/537
f 538/538 539/539 540/540
f 541/541 542/542 543/543 544/544
f 545/545 546/546 547/547
f 548/548 549/549 550/550 551/551
f 552/552 553/553 554/554
f 555/555 556/556 557/557 558/558
f 559/559 560/560 561/561
f 562/562 563/563 564/564 565/565
f 566/566 567/567 568/568
f 569/569 570/570 571/571 572/572
f 573/573 574/574 575/575
f 576/576 577/577 578/578 579/579
f 580/580 581/581 582/582
f 583/583 584/584 585/585 586/586
f 587/587 588/588 589/589
f 590/590 591/591 592/592 593/593
f 594/594 595/595 596/596
f 597/597 598/598 599/599 600/600
f 601/601 602/602 603/603
f 604/604 605/605 606/606 607/607
f 608/608 609/609 610/610
f 611/611 612/612 613/613 614/614
f 615/615 616/616 617/617
f 618/618 619/619 620/620 621/621
f 622/622 623/623 624/624
f 625/625 626/626 627/627 628/628
f 629/629 630/630 631/631
f 632/632 633/633 634/634 635/635
f 636/636 637/637 638/638
f 639/639 640/640 641/641 642/642
f 643/643 644/644 645/645
f 646/646 647/647 648/648 649/649
f 650/650 651/651 652/652
f 653/653 654/654 655/655 656/656
f 657/657 658/658 659/659
f 660/660 661/661 662/662 663/663
f 664/664 665/665 666/666
f 667/667 668/668 669/669 670/670
f 671/671 672/672 673/673
f 674/674 675/675 676/676 677/677
f 678/678 679/679 680/680
f 681/681 682/682 683/683 684/684
f 685/685 686/686 687/687
f 688/688 689/689 690/690 691/691
f 692/692 693/693 694/694
f 695/695 696/696 697/697 698/698
f 699/699 700/700 701/701
f 702/702 703/703 704/704 705/705
f 706/706 707/707 708/708
f 709/709 710/710 711/711 712/712
f 713/713 714/714 715/715
f 716/716 717/717 718/718 719/719
f 720/720 721/721 722/722
f 723/723 724/724 725/725 726/726
f 727/727 728/728 729/729
f 730/730 731/731 732/732 733/733
f 734/734 735/735 736/736
f 737/737 738/738 739/739 740/740
f 741/741 742/742 743/743
f 744/744 745/745 746/746 747/747
f 748/748 749/749 750/750
f 751/751 752/752 753/753 754/754
f 755/755 756/756 757/757
f 758/758 759/759 760/760 761/761
f 762/762 763/763 764/764
f 765/765 766/766 767/767 768/768
f 769/769 770/770 771/771
f 772/772 773/773 774/774 775/775
f 776/776 777/777 778/778
f 779/779 780/780 781/781 782/782
f 783/783 784/784 785/785
f 786/786 787/787 788/788 789/789
f 790/790 791/791 792/792
f 793/793 794/794 795/795 796/796
f 797/797 798/798 799/799
f 800/800 801/801 802/802 803/803
f 804/804 805/805 806/806
f 807/807 808/808 809/809 810/810
f 811/811 812/812 813/813
f 814/814 815/815 816/816 817/817
f 818/818 819/819 820/820
f 821/821 822/822 823/823 824/824
f 825/825 826/826 827/827
f 828/828 829/829 830/830 831/831
f 832/832 833/833 834/834
usemtl models/caelum/world/environment/foliage_jungle.png
f 835/835 836/836 837/837
f 838/838 839/839 840/840 841/841
f 842/842 843/843 844/844 845/845
f 846/846 847/847 848/848
f 849/849 850/850 851/851
f 852/852 853/853 854/854 855/855
f 856/856 857/857 858/858 859/859
f 860/860 861/861 862/862
f 863/863 864/864 865/865
f 866/866 867/867 868/868 869/869
f 870/870 871/871 872/872 873/873
f 874/874 875/875 876/876
f 877/877 878/878 879/879
f 880/880 881/881 882/882 883/883
f 884/884 885/885 886/886 887/887
f 888/888 889/889 890/890
f 891/891 892/892 893/893
f 894/894 895/895 896/896 897/897
f 898/898 899/899 900/900 901/901
f 902/902 903/903 904/904
f 905/905 906/906 907/907
f 908/908 909/909 910/910 911/911
f 912/912 913/913 914/914 915/915
f 916/916 917/917 918/918
f 919/919 920/920 921/921
f 922/922 923/923 924/924 925/925
f 926/926 927/927 928/928 929/929
f 930/930 931/931 932/932
f 933/933 934/934 935/935
f 936/936 937/937 938/938 939/939
f 940/940 941/941 942/942 943/943
f 944/944 945/945 946/946
f 947/947 948/948 949/949
f 950/950 951/951 952/952 953/953
f 954/954 955/955 956/956 957/957
f 958/958 959/959 960/960
f 961/961 962/962 963/963
f 964/964 965/965 966/966 967/967
f 968/968 969/969 970/970 971/971
f 972/972 973/973 974/974
f 975/975 976/976 977/977
f 978/978 979/979 980/980 981/981
f 982/982 983/983 984/984 985/985
f 986/986 987/987 988/988
f 989/989 990/990 991/991
f 992/992 993/993 994/994 995/995
f 996/996 997/997 998/998 999/999
f 1000/1000 1001/1001 1002/1002
f 1003/1003 1004/1004 1005/1005
f 1006/1006 1007/1007 1008/1008 1009/1009
f 1010/1010 1011/1011 1012/1012 1013/1013
f 1014/1014 1015/1015 1016/1016
f 1017/1017 1018/1018 1019/1019
f 1020/1020 1021/1021 1022/1022 1023/1023
f 1024/1024 1025/1025 1026/1026 1027/1027
f 1028/1028 1029/1029 1030/1030
f 1031/1031 1032/1032 1033/1033
f 1034/1034 1035/1035 1036/1036 1037/1037
f 1038/1038 1039/1039 1040/1040 1041/1041
f 1042/1042 1043/1043 1044/1044
f 1045/1045 1046/1046 1047/1047
f 1048/1048 1049/1049 1050/1050 1051/1051
f 1052/1052 1053/1053 1054/1054 1055/1055
f 1056/1056 1057/1057 1058/1058
f 1059/1059 1060/1060 1061/1061
f 1062/1062 1063/1063 1064/1064 1065/1065
f 1066/1066 1067/1067 1068/1068 1069/1069
f 1070/1070 1071/1071 1072/1072
f 1073/1073 1074/1074 1075/1075
f 1076/1076 1077/1077 1078/1078 1079/1079
f 1080/1080 1081/1081 1082/1082 1083/1083
f 1084/1084 1085/1085 1086/1086
f 1087/1087 1088/1088 1089/1089
f 1090/1090 1091/1091 1092/1092 1093/1093
f 1094/1094 1095/1095 1096/1096 1097/1097
f 1098/1098 1099/1099 1100/1100
f 1101/1101 1102/1102 1103/1103
f 1104/1104 1105/1105 1106/1106 1107/1107
f 1108/1108 1109/1109 1110/1110 1111/1111
f 1112/1112 1113/1113 1114/1114
f 1115/1115 1116/1116 1117/1117
f 1118/1118 1119/1119 1120/1120 1121/1121
f 1122/1122 1123/1123 1124/1124 1125/1125
f 1126/1126 1127/1127 1128/1128
f 1129/1129 1130/1130 1131/1131
f 1132/1132 1133/1133 1134/1134 1135/1135
f 1136/1136 1137/1137 1138/1138 1139/1139
f 1140/1140 1141/1141 1142/1142
f 1143/1143 1144/1144 1145/1145
f 1146/1146 1147/1147 1148/1148 1149/1149
f 1150/1150 1151/1151 1152/1152 1153/1153
f 1154/1154 1155/1155 1156/1156
f 1157/1157 1158/1158 1159/1159
f 1160/1160 1161/1161 1162/1162 1163/1163
f 1164/1164 1165/1165 1166/1166 1167/1167
f 1168/1168 1169/1169 1170/1170
f 1171/1171 1172/1172 1173/1173
f 1174/1174 1175/1175 1176/1176 1177/1177
f 1178/1178 1179/1179 1180/1180 1181/1181
f 1182/1182 1183/1183 1184/1184
f 1185/1185 1186/1186 1187/1187
f 1188/1188 1189/1189 1190/1190 1191/1191
f 1192/1192 1193/1193 1194/1194 1195/1195
f 1196/1196 1197/1197 1198/1198
f 1199/1199 1200/1200 1201/1201
f 1202/1202 1203/1203 1204/1204 1205/1205
f 1206/1206 1207/1207 1208/1208 1209/1209
f 1210/1210 1211/1211 1212/1212
f 1213/1213 1214/1214 1215/1215
f 1216/1216 1217/1217 1218/1218 1219/1219
f 1220/1220 1221/1221 1222/1222 1223/1223
f 1224/1224 1225/1225 1226/1226
f 1227/1227 1228/1228 1229/1229
f 1230/1230 1231/1231 1232/1232 1233/1233
f 1234/1234 1235/1235 1236/1236 1237/1237
f 1238/1238 1239/1239 1240/1240
f 1241/1241 1242/1242 1243/1243
f 1244/1244 1245/1245 1246/1246 1247/1247
f 1248/1248 1249/1249 1250/1250 1251/1251
f 1252/1252 1253/1253 1254/1254
f 1255/1255 1256/1256 1257/1257
f 1258/1258 1259/1259 1260/1260 1261/1261
f 1262/1262 1263/1263 1264/1264 1265/1265
f 1266/1266 1267/1267 1268/1268
f 1269/1269 1270/1270 1271/1271
f 1272/1272 1273/1273 1274/1274 1275/1275
f 1276/1276 1277/1277 1278/1278 1279/1279
f 1280/1280 1281/1281 1282/1282
f 1283/1283 1284/1284 1285/1285
f 1286/1286 1287/1287 1288/1288 1289/1289
f 1290/1290 1291/1291 1292/1292 1293/1293
f 1294/1294 1295/1295 1296/1296
f 1297/1297 1298/1298 1299/1299
f 1300/1300 1301/1301 1302/1302 1303/1303
f 1304/1304 1305/1305 1306/1306 1307/1307
f 1308/1308 1309/1309 1310/1310
f 1311/1311 1312/1312 1313/1313
f 1314/1314 1315/1315 1316/1316 1317/1317
f 1318/1318 1319/1319 1320/1320 1321/1321
f 1322/1322 1323/1323 1324/1324
f 1325/1325 1326/1326 1327/1327
f 1328/1328 1329/1329 1330/1330 1331/1331
f 1332/1332 1333/1333 1334/1334 1335/1335
f 1336/1336 1337/1337 1338/1338
f 1339/1339 1340/1340 1341/1341
f 1342/1342 1343/1343 1344/1344 1345/1345
f 1346/1346 1347/1347 1348/1348 1349/1349
f 1350/1350 1351/1351 1352/1352
f 1353/1353 1354/1354 1355/1355
f 1356/1356 1357/1357 1358/1358 1359/1359
f 1360/1360 1361/1361 1362/1362 1363/1363
f 1364/1364 1365/1365 1366/1366
f 1367/1367 1368/1368 1369/1369
f 1370/1370 1371/1371 1372/1372 1373/1373
f 1374/1374 1375/1375 1376/1376 1377/1377
f 1378/1378 1379/1379 1380/1380
f 1381/1381 1382/1382 1383/1383
f 1384/1384 1385/1385 1386/1386 1387/1387
f 1388/1388 1389/1389 1390/1390 1391/1391
f 1392/1392 1393/1393 1394/1394
f 1395/1395 1396/1396 1397/1397
f 1398/1398 1399/1399 1400/1400 1401/1401
f 1402/1402 1403/1403 1404/1404 1405/1405
f 1406/1406 1407/1407 1408/1408
f 1409/1409 1410/1410 1411/1411
f 1412/1412 1413/1413 1414/1414 1415/1415
f 1416/1416 1417/1417 1418/1418 1419/1419
f 1420/1420 1421/1421 1422/1422
f 1423/1423 1424/1424 1425/1425
f 1426/1426 1427/1427 1428/1428 1429/1429
f 1430/1430 1431/1431 1432/1432 1433/1433
f 1434/1434 1435/1435 1436/1436
f 1437/1437 1438/1438 1439/1439
f 1440/1440 1441/1441 1442/1442 1443/1443
f 1444/1444 1445/1445 1446/1446 1447/1447
f 1448/1448 1449/1449 1450/1450
f 1451/1451 1452/1452 1453/1453
f 1454/1454 1455/1455 1456/1456 1457/1457
f 1458/1458 1459/1459 1460/1460 1461/1461
f 1462/1462 1463/1463 1464/1464
f 1465/1465 1466/1466 1467/1467
f 1468/1468 1469/1469 1470/1470 1471/1471
f 1472/1472 1473/1473 1474/1474 1475/1475
f 1476/1476 1477/1477 1478/1478
f 1479/1479 1480/1480 1481/1481
f 1482/1482 1483/1483 1484/1484 1485/1485
f 1486/1486 1487/1487 1488/1488 1489/1489
f 1490/1490 1491/1491 1492/1492
f 1493/1493 1494/1494 1495/1495
f 1496/1496 1497/1497 1498/1498 1499/1499
f 1500/1500 1501/1501 1502/1502 1503/1503
f 1504/1504 1505/1505 1506/1506
f 1507/1507 1508/1508 1509/1509
f 1510/1510 1511/1511 1512/1512 1513/1513
f 1514/1514 1515/1515 1516/1516 1517/1517
f 1518/1518 1519/1519 1520/1520
f 1521/1521 1522/1522 1523/1523
f 1524/1524 1525/1525 1526/1526 1527/1527
f 1528/1528 1529/1529 1530/1530 1531/1531
f 1532/1532 1533/1533 1534/1534
f 1535/1535 1536/1536 1537/1537
f 1538/1538 1539/1539 1540/1540 1541/1541
f 1542/1542 1543/1543 1544/1544 1545/1545
f 1546/1546 1547/1547 1548/1548
f 1549/1549 1550/1550 1551/1551
f 1552/1552 1553/1553 1554/1554 1555/1555
f 1556/1556 1557/1557 1558/1558 1559/1559
f 1560/1560 1561/1561 1562/1562
f 1563/1563 1564/1564 1565/1565
f 1566/1566 1567/1567 1568/1568 1569/1569
f 1570/1570 1571/1571 1572/1572 1573/1573
f 1574/1574 1575/1575 1576/1576
f 1577/1577 1578/1578 1579/1579
f 1580/1580 1581/1581 1582/1582 1583/1583
f 1584/1584 1585/1585 1586/1586 1587/1587
f 1588/1588 1589/1589 1590/1590
f 1591/1591 1592/1592 1593/1593
f 1594/1594 1595/1595 1596/1596 1597/1597
f 1598/1598 1599/1599 1600/1600 1601/1601
f 1602/1602 1603/1603 1604/1604
f 1605/1605 1606/1606 1607/1607
f 1608/1608 1609/1609 1610/1610 1611/1611
f 1612/1612 1613/1613 1614/1614 1615/1615
f 1616/1616 1617/1617 1618/1618
f 1619/1619 1620/1620 1621/1621
f 1622/1622 1623/1623 1624/1624 1625/1625
f 1626/1626 1627/1627 1628/1628 1629/1629
f 1630/1630 1631/1631 1632/1632
f 1633/1633 1634/1634 1635/1635
f 1636/1636 1637/1637 1638/1638 1639/1639
f 1640/1640 1641/1641 1642/1642 1643/1643
f 1644/1644 1645/1645 1646/1646
f 1647/1647 1648/1648 1649/1649
f 1650/1650 1651/1651 1652/1652 1653/1653
f 1654/1654 1655/1655 1656/1656 1657/1657
f 1658/1658 1659/1659 1660/1660
f 1661/1661 1662/1662 1663/1663
f 1664/1664 1665/1665 1666/1666 1667/1667
f 1668/1668 1669/1669 1670/1670 1671/1671
f 1672/1672 1673/1673 1674/1674
f 1675/1675 1676/1676 1677/1677
f 1678/1678 1679/1679 1680/1680 1681/1681
f 1682/1682 1683/1683 1684/1684 1685/1685
f 1686/1686 1687/1687 1688/1688
f 1689/1689 1690/1690 1691/1691
f 1692/1692 1693/1693 1694/1694 1695/1695
f 1696/1696 1697/1697 1698/1698 1699/1699
f 1700/1700 1701/1701 1702/1702
f 1703/1703 1704/1704 1705/1705
f 1706/1706 1707/1707 1708/1708 1709/1709
f 1710/1710 1711/1711 1712/1712 1713/1713
f 1714/1714 1715/1715 1716/1716
f 1717/1717 1718/1718 1719/1719
f 1720/1720 1721/1721 1722/1722 1723/1723
f 1724/1724 1725/1725 1726/1726 1727/1727
f 1728/1728 1729/1729 1730/1730
f 1731/1731 1732/1732 1733/1733
f 1734/1734 1735/1735 1736/1736 1737/1737
f 1738/1738 1739/1739 1740/1740 1741/1741
f 1742/1742 1743/1743 1744/1744
f 1745/1745 1746/1746 1747/1747
f 1748/1748 1749/1749 1750/1750 1751/1751
f 1752/1752 1753/1753 1754/1754 1755/1755
f 1756/1756 1757/1757 1758/1758
f 1759/1759 1760/1760 1761/1761
f 1762/1762 1763/1763 1764/1764 1765/1765
f 1766/1766 1767/1767 1768/1768 1769/1769
f 1770/1770 1771/1771 1772/1772
f 1773/1773 1774/1774 1775/1775
f 1776/1776 1777/1777 1778/1778 1779/1779
f 1780/1780 1781/1781 1782/1782 1783/1783
f 1784/1784 1785/1785 1786/1786
f 1787/1787 1788/1788 1789/1789
f 1790/1790 1791/1791 1792/1792 1793/1793
f 1794/1794 1795/1795 1796/1796 1797/1797
f 1798/1798 1799/1799 1800/1800
f 1801/1801 1802/1802 1803/1803
f 1804/1804 1805/1805 1806/1806 1807/1807
f 1808/1808 1809/1809 1810/1810 1811/1811
f 1812/1812 1813/1813 1814/1814
f 1815/1815 1816/1816 1817/1817
f 1818/1818 1819/1819 1820/1820 1821/1821
f 1822/1822 1823/1823 1824/1824 1825/1825
f 1826/1826 1827/1827 1828/1828
f 1829/1829 1830/1830 1831/1831
f 1832/1832 1833/1833 1834/1834 1835/1835
f 1836/1836 1837/1837 1838/1838 1839/1839
f 1840/1840 1841/1841 1842/1842
