# Modelo original generado para Caelum Argenteum.
# Ejes OBJ: X ancho, Y altura, Z profundidad.
o ca_tree_city_jacaranda2
v 0.000000 0.000000 -11.000000
v -7.070664 0.000000 -8.426489
v -4.878758 54.880000 -5.814277
v 0.000000 54.880000 -7.590000
v 0.000000 0.000000 0.000000
v -7.070664 0.000000 -8.426489
v 0.000000 0.000000 -11.000000
v -7.070664 0.000000 -8.426489
v -10.832885 0.000000 -1.910130
v -7.474691 54.880000 -1.317990
v -4.878758 54.880000 -5.814277
v 0.000000 0.000000 0.000000
v -10.832885 0.000000 -1.910130
v -7.070664 0.000000 -8.426489
v -10.832885 0.000000 -1.910130
v -9.526279 0.000000 5.500000
v -6.573133 54.880000 3.795000
v -7.474691 54.880000 -1.317990
v 0.000000 0.000000 0.000000
v -9.526279 0.000000 5.500000
v -10.832885 0.000000 -1.910130
v -9.526279 0.000000 5.500000
v -3.762222 0.000000 10.336619
v -2.595933 54.880000 7.132267
v -6.573133 54.880000 3.795000
v 0.000000 0.000000 0.000000
v -3.762222 0.000000 10.336619
v -9.526279 0.000000 5.500000
v -3.762222 0.000000 10.336619
v 3.762222 0.000000 10.336619
v 2.595933 54.880000 7.132267
v -2.595933 54.880000 7.132267
v 0.000000 0.000000 0.000000
v 3.762222 0.000000 10.336619
v -3.762222 0.000000 10.336619
v 3.762222 0.000000 10.336619
v 9.526279 0.000000 5.500000
v 6.573133 54.880000 3.795000
v 2.595933 54.880000 7.132267
v 0.000000 0.000000 0.000000
v 9.526279 0.000000 5.500000
v 3.762222 0.000000 10.336619
v 9.526279 0.000000 5.500000
v 10.832885 0.000000 -1.910130
v 7.474691 54.880000 -1.317990
v 6.573133 54.880000 3.795000
v 0.000000 0.000000 0.000000
v 10.832885 0.000000 -1.910130
v 9.526279 0.000000 5.500000
v 10.832885 0.000000 -1.910130
v 7.070664 0.000000 -8.426489
v 4.878758 54.880000 -5.814277
v 7.474691 54.880000 -1.317990
v 0.000000 0.000000 0.000000
v 7.070664 0.000000 -8.426489
v 10.832885 0.000000 -1.910130
v 7.070664 0.000000 -8.426489
v 0.000000 0.000000 -11.000000
v 0.000000 54.880000 -7.590000
v 4.878758 54.880000 -5.814277
v 0.000000 0.000000 0.000000
v 0.000000 0.000000 -11.000000
v 7.070664 0.000000 -8.426489
v -0.908616 54.880000 -7.535418
v -5.539713 54.880000 -5.188418
v -3.050856 101.920000 -2.857390
v -0.500397 101.920000 -4.149940
v -5.539713 54.880000 -5.188418
v -7.578717 54.880000 -0.413700
v -4.173786 101.920000 -0.227835
v -3.050856 101.920000 -2.857390
v -7.578717 54.880000 -0.413700
v -6.071555 54.880000 4.554593
v -3.343755 101.920000 2.508327
v -4.173786 101.920000 -0.227835
v -6.071555 54.880000 4.554593
v -1.723445 54.880000 7.391741
v -0.949144 101.920000 4.070814
v -3.343755 101.920000 2.508327
v -1.723445 54.880000 7.391741
v 3.431084 54.880000 6.770211
v 1.889583 101.920000 3.728522
v -0.949144 101.920000 4.070814
v 3.431084 54.880000 6.770211
v 6.980171 54.880000 2.980825
v 3.844152 101.920000 1.641614
v 1.889583 101.920000 3.728522
v 6.980171 54.880000 2.980825
v 7.263158 54.880000 -2.203323
v 4.000000 101.920000 -1.213424
v 3.844152 101.920000 1.641614
v 7.263158 54.880000 -2.203323
v 4.147633 54.880000 -6.356512
v 2.284204 101.920000 -3.500688
v 4.000000 101.920000 -1.213424
v 4.147633 54.880000 -6.356512
v -0.908616 54.880000 -7.535418
v -0.500397 101.920000 -4.149940
v 2.284204 101.920000 -3.500688
v -0.993597 101.920000 -4.060193
v -3.370981 101.920000 -2.471616
v -0.620970 137.200000 -0.455298
v -0.183031 137.200000 -0.747930
v 0.000000 137.200000 0.000000
v -0.183031 137.200000 -0.747930
v -0.620970 137.200000 -0.455298
v -3.370981 101.920000 -2.471616
v -4.171046 101.920000 0.273457
v -0.768351 137.200000 0.050374
v -0.620970 137.200000 -0.455298
v 0.000000 137.200000 0.000000
v -0.620970 137.200000 -0.455298
v -0.768351 137.200000 0.050374
v -4.171046 101.920000 0.273457
v -3.019432 101.920000 2.890577
v -0.556211 137.200000 0.532475
v -0.768351 137.200000 0.050374
v 0.000000 137.200000 0.000000
v -0.768351 137.200000 0.050374
v -0.556211 137.200000 0.532475
v -3.019432 101.920000 2.890577
v -0.454992 101.920000 4.155163
v -0.083814 137.200000 0.765425
v -0.556211 137.200000 0.532475
v 0.000000 137.200000 0.000000
v -0.556211 137.200000 0.532475
v -0.083814 137.200000 0.765425
v -0.454992 101.920000 4.155163
v 2.322343 101.920000 3.475503
v 0.427800 137.200000 0.640224
v -0.083814 137.200000 0.765425
v 0.000000 137.200000 0.000000
v -0.083814 137.200000 0.765425
v 0.427800 137.200000 0.640224
v 2.322343 101.920000 3.475503
v 4.013029 101.920000 1.169616
v 0.739242 137.200000 0.215456
v 0.427800 137.200000 0.640224
v 0.000000 137.200000 0.000000
v 0.427800 137.200000 0.640224
v 0.739242 137.200000 0.215456
v 4.013029 101.920000 1.169616
v 3.825973 101.920000 -1.683547
v 0.704784 137.200000 -0.310127
v 0.739242 137.200000 0.215456
v 0.000000 137.200000 0.000000
v 0.739242 137.200000 0.215456
v 0.704784 137.200000 -0.310127
v 3.825973 101.920000 -1.683547
v 1.848702 101.920000 -3.748960
v 0.340550 137.200000 -0.690598
v 0.704784 137.200000 -0.310127
v 0.000000 137.200000 0.000000
v 0.704784 137.200000 -0.310127
v 0.340550 137.200000 -0.690598
v 1.848702 101.920000 -3.748960
v -0.993597 101.920000 -4.060193
v -0.183031 137.200000 -0.747930
v 0.340550 137.200000 -0.690598
v 0.000000 137.200000 0.000000
v 0.340550 137.200000 -0.690598
v -0.183031 137.200000 -0.747930
v 0.000000 100.921244 -2.536011
v -1.535829 102.306616 -1.013305
v 29.843643 129.776603 4.236175
v 30.381183 129.291723 3.703228
v 0.000000 100.514661 0.000000
v -1.535829 102.306616 -1.013305
v 0.000000 100.921244 -2.536011
v -1.535829 102.306616 -1.013305
v -1.535829 101.900034 1.522706
v 29.843643 129.634299 5.123779
v 29.843643 129.776603 4.236175
v 0.000000 100.514661 0.000000
v -1.535829 101.900034 1.522706
v -1.535829 102.306616 -1.013305
v -1.535829 101.900034 1.522706
v -0.000000 100.108078 2.536011
v 30.381183 129.007115 5.478436
v 29.843643 129.634299 5.123779
v 0.000000 100.514661 0.000000
v -0.000000 100.108078 2.536011
v -1.535829 101.900034 1.522706
v -0.000000 100.108078 2.536011
v 1.535829 98.722705 1.013305
v 30.918724 128.522235 4.945489
v 30.381183 129.007115 5.478436
v 0.000000 100.514661 0.000000
v 1.535829 98.722705 1.013305
v -0.000000 100.108078 2.536011
v 1.535829 98.722705 1.013305
v 1.535829 99.129288 -1.522706
v 30.918724 128.664538 4.057885
v 30.918724 128.522235 4.945489
v 0.000000 100.514661 0.000000
v 1.535829 99.129288 -1.522706
v 1.535829 98.722705 1.013305
v 1.535829 99.129288 -1.522706
v 0.000000 100.921244 -2.536011
v 30.381183 129.291723 3.703228
v 30.918724 128.664538 4.057885
v 0.000000 100.514661 0.000000
v 0.000000 100.921244 -2.536011
v 1.535829 99.129288 -1.522706
v 30.309949 129.381602 3.725322
v 29.833950 129.820357 4.349028
v 63.763190 157.211371 9.771493
v 63.355190 157.587446 10.306099
v 63.294132 157.786461 9.564233
v 63.355190 157.587446 10.306099
v 63.763190 157.211371 9.771493
v 29.833950 129.820357 4.349028
v 29.905183 129.588173 5.214539
v 63.702132 157.410386 9.029627
v 63.763190 157.211371 9.771493
v 63.294132 157.786461 9.564233
v 63.763190 157.211371 9.771493
v 63.702132 157.410386 9.029627
v 29.905183 129.588173 5.214539
v 30.452417 128.917235 5.456342
v 63.233075 157.985475 8.822367
v 63.702132 157.410386 9.029627
v 63.294132 157.786461 9.564233
v 63.702132 157.410386 9.029627
v 63.233075 157.985475 8.822367
v 30.452417 128.917235 5.456342
v 30.928417 128.478481 4.832635
v 62.825075 158.361550 9.356973
v 63.233075 157.985475 8.822367
v 63.294132 157.786461 9.564233
v 63.233075 157.985475 8.822367
v 62.825075 158.361550 9.356973
v 30.928417 128.478481 4.832635
v 30.857183 128.710665 3.967125
v 62.886132 158.162536 10.098839
v 62.825075 158.361550 9.356973
v 63.294132 157.786461 9.564233
v 62.825075 158.361550 9.356973
v 62.886132 158.162536 10.098839
v 30.857183 128.710665 3.967125
v 30.309949 129.381602 3.725322
v 63.355190 157.587446 10.306099
v 62.886132 158.162536 10.098839
v 63.294132 157.786461 9.564233
v 62.886132 158.162536 10.098839
v 63.355190 157.587446 10.306099
v 0.000000 98.421991 -1.547213
v -1.276322 98.690652 -0.013003
v 26.054686 119.547413 18.212608
v 26.501399 119.453381 17.675634
v 0.000000 97.133151 0.000000
v -1.276322 98.690652 -0.013003
v 0.000000 98.421991 -1.547213
v -1.276322 98.690652 -0.013003
v -1.276322 97.401812 1.534210
v 26.054686 119.096318 18.754132
v 26.054686 119.547413 18.212608
v 0.000000 97.133151 0.000000
v -1.276322 97.401812 1.534210
v -1.276322 98.690652 -0.013003
v -1.276322 97.401812 1.534210
v -0.000000 95.844311 1.547213
v 26.501399 118.551193 18.758684
v 26.054686 119.096318 18.754132
v 0.000000 97.133151 0.000000
v -0.000000 95.844311 1.547213
v -1.276322 97.401812 1.534210
v -0.000000 95.844311 1.547213
v 1.276322 95.575650 0.013003
v 26.948112 118.457162 18.221710
v 26.501399 118.551193 18.758684
v 0.000000 97.133151 0.000000
v 1.276322 95.575650 0.013003
v -0.000000 95.844311 1.547213
v 1.276322 95.575650 0.013003
v 1.276322 96.864490 -1.534210
v 26.948112 118.908256 17.680185
v 26.948112 118.457162 18.221710
v 0.000000 97.133151 0.000000
v 1.276322 96.864490 -1.534210
v 1.276322 95.575650 0.013003
v 1.276322 96.864490 -1.534210
v 0.000000 98.421991 -1.547213
v 26.501399 119.453381 17.675634
v 26.948112 118.908256 17.680185
v 0.000000 97.133151 0.000000
v 0.000000 98.421991 -1.547213
v 1.276322 96.864490 -1.534210
v 26.443042 119.546967 17.773703
v 26.053090 119.526903 18.360448
v 55.595512 137.696183 37.829595
v 55.261268 137.678985 38.332519
v 55.211248 138.145854 37.952414
v 55.261268 137.678985 38.332519
v 55.595512 137.696183 37.829595
v 26.053090 119.526903 18.360448
v 26.111447 118.982223 18.803904
v 55.545492 138.163052 37.449490
v 55.595512 137.696183 37.829595
v 55.211248 138.145854 37.952414
v 55.595512 137.696183 37.829595
v 55.545492 138.163052 37.449490
v 26.111447 118.982223 18.803904
v 26.559756 118.457607 18.660614
v 55.161228 138.612723 37.572310
v 55.545492 138.163052 37.449490
v 55.211248 138.145854 37.952414
v 55.545492 138.163052 37.449490
v 55.161228 138.612723 37.572310
v 26.559756 118.457607 18.660614
v 26.949708 118.477671 18.073869
v 54.826983 138.595525 38.075234
v 55.161228 138.612723 37.572310
v 55.211248 138.145854 37.952414
v 55.161228 138.612723 37.572310
v 54.826983 138.595525 38.075234
v 26.949708 118.477671 18.073869
v 26.891351 119.022351 17.630414
v 54.877003 138.128656 38.455339
v 54.826983 138.595525 38.075234
v 55.211248 138.145854 37.952414
v 54.826983 138.595525 38.075234
v 54.877003 138.128656 38.455339
v 26.891351 119.022351 17.630414
v 26.443042 119.546967 17.773703
v 55.261268 137.678985 38.332519
v 54.877003 138.128656 38.455339
v 55.211248 138.145854 37.952414
v 54.877003 138.128656 38.455339
v 55.261268 137.678985 38.332519
v 0.000000 123.147917 -1.171669
v -1.691381 122.572307 -0.249029
v 5.902032 137.327486 21.452278
v 6.494016 137.528950 21.129354
v 0.000000 121.513734 0.000000
v -1.691381 122.572307 -0.249029
v 0.000000 123.147917 -1.171669
v -1.691381 122.572307 -0.249029
v -1.691381 120.938124 0.922640
v 5.902032 136.755522 21.862362
v 5.902032 137.327486 21.452278
v 0.000000 121.513734 0.000000
v -1.691381 120.938124 0.922640
v -1.691381 122.572307 -0.249029
v -1.691381 120.938124 0.922640
v -0.000000 119.879552 1.171669
v 6.494016 136.385022 21.949522
v 5.902032 136.755522 21.862362
v 0.000000 121.513734 0.000000
v -0.000000 119.879552 1.171669
v -1.691381 120.938124 0.922640
v -0.000000 119.879552 1.171669
v 1.691381 120.455162 0.249029
v 7.085999 136.586486 21.626598
v 6.494016 136.385022 21.949522
v 0.000000 121.513734 0.000000
v 1.691381 120.455162 0.249029
v -0.000000 119.879552 1.171669
v 1.691381 120.455162 0.249029
v 1.691381 122.089344 -0.922640
v 7.085999 137.158449 21.216514
v 7.085999 136.586486 21.626598
v 0.000000 121.513734 0.000000
v 1.691381 122.089344 -0.922640
v 1.691381 120.455162 0.249029
v 1.691381 122.089344 -0.922640
v 0.000000 123.147917 -1.171669
v 6.494016 137.528950 21.129354
v 7.085999 137.158449 21.216514
v 0.000000 121.513734 0.000000
v 0.000000 123.147917 -1.171669
v 1.691381 122.089344 -0.922640
v 6.412486 137.571463 21.206147
v 5.867686 137.277951 21.541342
v 14.066053 150.271847 44.872197
v 13.599082 150.020266 45.159507
v 13.529199 150.546960 44.873829
v 13.599082 150.020266 45.159507
v 14.066053 150.271847 44.872197
v 5.867686 137.277951 21.541342
v 5.949216 136.663475 21.874633
v 13.996170 150.798541 44.586519
v 14.066053 150.271847 44.872197
v 13.529199 150.546960 44.873829
v 14.066053 150.271847 44.872197
v 13.996170 150.798541 44.586519
v 5.949216 136.663475 21.874633
v 6.575546 136.342509 21.872729
v 13.459316 151.073655 44.588151
v 13.996170 150.798541 44.586519
v 13.529199 150.546960 44.873829
v 13.996170 150.798541 44.586519
v 13.459316 151.073655 44.588151
v 6.575546 136.342509 21.872729
v 7.120345 136.636020 21.537534
v 12.992345 150.822074 44.875461
v 13.459316 151.073655 44.588151
v 13.529199 150.546960 44.873829
v 13.459316 151.073655 44.588151
v 12.992345 150.822074 44.875461
v 7.120345 136.636020 21.537534
v 7.038815 137.250497 21.204243
v 13.062228 150.295379 45.161139
v 12.992345 150.822074 44.875461
v 13.529199 150.546960 44.873829
v 12.992345 150.822074 44.875461
v 13.062228 150.295379 45.161139
v 7.038815 137.250497 21.204243
v 6.412486 137.571463 21.206147
v 13.599082 150.020266 45.159507
v 13.062228 150.295379 45.161139
v 13.529199 150.546960 44.873829
v 13.062228 150.295379 45.161139
v 13.599082 150.020266 45.159507
v 0.000000 125.472691 -1.883385
v -2.715708 124.054236 -1.150632
v -4.268566 144.003095 27.309342
v -3.318069 144.499555 27.052878
v 0.000000 122.947444 0.000000
v -2.715708 124.054236 -1.150632
v 0.000000 125.472691 -1.883385
v -2.715708 124.054236 -1.150632
v -2.715708 121.528989 0.732753
v -4.268566 143.119259 27.968527
v -4.268566 144.003095 27.309342
v 0.000000 122.947444 0.000000
v -2.715708 121.528989 0.732753
v -2.715708 124.054236 -1.150632
v -2.715708 121.528989 0.732753
v -0.000000 120.422197 1.883385
v -3.318069 142.731882 28.371248
v -4.268566 143.119259 27.968527
v 0.000000 122.947444 0.000000
v -0.000000 120.422197 1.883385
v -2.715708 121.528989 0.732753
v -0.000000 120.422197 1.883385
v 2.715708 121.840652 1.150632
v -2.367571 143.228341 28.114784
v -3.318069 142.731882 28.371248
v 0.000000 122.947444 0.000000
v 2.715708 121.840652 1.150632
v -0.000000 120.422197 1.883385
v 2.715708 121.840652 1.150632
v 2.715708 124.365899 -0.732753
v -2.367571 144.112177 27.455599
v -2.367571 143.228341 28.114784
v 0.000000 122.947444 0.000000
v 2.715708 124.365899 -0.732753
v 2.715708 121.840652 1.150632
v 2.715708 124.365899 -0.732753
v 0.000000 125.472691 -1.883385
v -3.318069 144.499555 27.052878
v -2.367571 144.112177 27.455599
v 0.000000 122.947444 0.000000
v 0.000000 125.472691 -1.883385
v 2.715708 124.365899 -0.732753
v -3.449389 144.534804 27.117312
v -4.326901 143.927614 27.394776
v -6.047930 162.261961 58.005424
v -6.800083 161.741512 58.243250
v -6.912643 162.529300 57.733464
v -6.800083 161.741512 58.243250
v -6.047930 162.261961 58.005424
v -4.326901 143.927614 27.394776
v -4.195580 143.008529 27.989527
v -6.160491 163.049748 57.495638
v -6.047930 162.261961 58.005424
v -6.912643 162.529300 57.733464
v -6.047930 162.261961 58.005424
v -6.160491 163.049748 57.495638
v -4.195580 143.008529 27.989527
v -3.186748 142.696633 28.306813
v -7.025204 163.317088 57.223678
v -6.160491 163.049748 57.495638
v -6.912643 162.529300 57.733464
v -6.160491 163.049748 57.495638
v -7.025204 163.317088 57.223678
v -3.186748 142.696633 28.306813
v -2.309237 143.303822 28.029349
v -7.777356 162.796639 57.461504
v -7.025204 163.317088 57.223678
v -6.912643 162.529300 57.733464
v -7.025204 163.317088 57.223678
v -7.777356 162.796639 57.461504
v -2.309237 143.303822 28.029349
v -2.440558 144.222908 27.434599
v -7.664796 162.008852 57.971290
v -7.777356 162.796639 57.461504
v -6.912643 162.529300 57.733464
v -7.777356 162.796639 57.461504
v -7.664796 162.008852 57.971290
v -2.440558 144.222908 27.434599
v -3.449389 144.534804 27.117312
v -6.800083 161.741512 58.243250
v -7.664796 162.008852 57.971290
v -6.912643 162.529300 57.733464
v -7.664796 162.008852 57.971290
v -6.800083 161.741512 58.243250
v 0.000000 97.584637 -2.767628
v -2.421658 95.620793 -2.056911
v -15.916458 119.361830 12.886252
v -15.068877 120.049175 12.637501
v 0.000000 95.982618 0.000000
v -2.421658 95.620793 -2.056911
v 0.000000 97.584637 -2.767628
v -2.421658 95.620793 -2.056911
v -2.421658 94.018775 0.710717
v -15.916458 118.801123 13.854921
v -15.916458 119.361830 12.886252
v 0.000000 95.982618 0.000000
v -2.421658 94.018775 0.710717
v -2.421658 95.620793 -2.056911
v -2.421658 94.018775 0.710717
v -0.000000 94.380599 2.767628
v -15.068877 118.927762 14.574840
v -15.916458 118.801123 13.854921
v 0.000000 95.982618 0.000000
v -0.000000 94.380599 2.767628
v -2.421658 94.018775 0.710717
v -0.000000 94.380599 2.767628
v 2.421658 96.344442 2.056911
v -14.221297 119.615107 14.326089
v -15.068877 118.927762 14.574840
v 0.000000 95.982618 0.000000
v 2.421658 96.344442 2.056911
v -0.000000 94.380599 2.767628
v 2.421658 96.344442 2.056911
v 2.421658 97.946461 -0.710717
v -14.221297 120.175813 13.357420
v -14.221297 119.615107 14.326089
v 0.000000 95.982618 0.000000
v 2.421658 97.946461 -0.710717
v 2.421658 96.344442 2.056911
v 2.421658 97.946461 -0.710717
v 0.000000 97.584637 -2.767628
v -15.068877 120.049175 12.637501
v -14.221297 120.175813 13.357420
v 0.000000 95.982618 0.000000
v 0.000000 97.584637 -2.767628
v 2.421658 97.946461 -0.710717
v -15.185515 119.999000 12.616997
v -15.964914 119.277253 12.969602
v -30.625463 144.499232 28.891819
v -31.293519 143.880591 29.194052
v -31.393494 144.318190 28.346189
v -31.293519 143.880591 29.194052
v -30.625463 144.499232 28.891819
v -15.964914 119.277253 12.969602
v -15.848276 118.766720 13.958776
v -30.725438 144.936831 28.043955
v -30.625463 144.499232 28.891819
v -31.393494 144.318190 28.346189
v -30.625463 144.499232 28.891819
v -30.725438 144.936831 28.043955
v -15.848276 118.766720 13.958776
v -14.952239 118.977936 14.595345
v -31.493470 144.755789 27.498325
v -30.725438 144.936831 28.043955
v -31.393494 144.318190 28.346189
v -30.725438 144.936831 28.043955
v -31.493470 144.755789 27.498325
v -14.952239 118.977936 14.595345
v -14.172841 119.699684 14.242739
v -32.161526 144.137148 27.800559
v -31.493470 144.755789 27.498325
v -31.393494 144.318190 28.346189
v -31.493470 144.755789 27.498325
v -32.161526 144.137148 27.800559
v -14.172841 119.699684 14.242739
v -14.289479 120.210216 13.253565
v -32.061550 143.699549 28.648422
v -32.161526 144.137148 27.800559
v -31.393494 144.318190 28.346189
v -32.161526 144.137148 27.800559
v -32.061550 143.699549 28.648422
v -14.289479 120.210216 13.253565
v -15.185515 119.999000 12.616997
v -31.293519 143.880591 29.194052
v -32.061550 143.699549 28.648422
v -31.393494 144.318190 28.346189
v -32.061550 143.699549 28.648422
v -31.293519 143.880591 29.194052
v -0.470106 129.262614 -2.811958
v -1.384068 127.085702 -1.213886
v -22.698863 140.553600 3.288973
v -22.378977 141.315520 2.729647
v 0.000000 129.262614 0.000000
v -1.384068 127.085702 -1.213886
v -0.470106 129.262614 -2.811958
v -1.384068 127.085702 -1.213886
v -0.913962 127.085702 1.598072
v -22.534326 140.553600 4.273158
v -22.698863 140.553600 3.288973
v 0.000000 129.262614 0.000000
v -0.913962 127.085702 1.598072
v -1.384068 127.085702 -1.213886
v -0.913962 127.085702 1.598072
v 0.470106 129.262614 2.811958
v -22.049903 141.315520 4.698018
v -22.534326 140.553600 4.273158
v 0.000000 129.262614 0.000000
v 0.470106 129.262614 2.811958
v -0.913962 127.085702 1.598072
v 0.470106 129.262614 2.811958
v 1.384068 131.439526 1.213886
v -21.730016 142.077439 4.138693
v -22.049903 141.315520 4.698018
v 0.000000 129.262614 0.000000
v 1.384068 131.439526 1.213886
v 0.470106 129.262614 2.811958
v 1.384068 131.439526 1.213886
v 0.913962 131.439526 -1.598072
v -21.894553 142.077439 3.154507
v -21.730016 142.077439 4.138693
v 0.000000 129.262614 0.000000
v 0.913962 131.439526 -1.598072
v 1.384068 131.439526 1.213886
v 0.913962 131.439526 -1.598072
v -0.470106 129.262614 -2.811958
v -22.378977 141.315520 2.729647
v -21.894553 142.077439 3.154507
v 0.000000 129.262614 0.000000
v -0.470106 129.262614 -2.811958
v 0.913962 131.439526 -1.598072
v -22.417970 141.203225 2.743442
v -22.587706 140.452853 3.378913
v -45.960140 150.905883 8.024225
v -46.105628 150.262706 8.568915
v -46.280083 150.166454 7.737151
v -46.105628 150.262706 8.568915
v -45.960140 150.905883 8.024225
v -22.587706 140.452853 3.378913
v -22.384175 140.565147 4.349304
v -46.134595 150.809630 7.192462
v -45.960140 150.905883 8.024225
v -46.280083 150.166454 7.737151
v -45.960140 150.905883 8.024225
v -46.134595 150.809630 7.192462
v -22.384175 140.565147 4.349304
v -22.010909 141.427814 4.684223
v -46.454538 150.070202 6.905388
v -46.134595 150.809630 7.192462
v -46.280083 150.166454 7.737151
v -46.134595 150.809630 7.192462
v -46.454538 150.070202 6.905388
v -22.010909 141.427814 4.684223
v -21.841173 142.178187 4.048752
v -46.600025 149.427025 7.450077
v -46.454538 150.070202 6.905388
v -46.280083 150.166454 7.737151
v -46.454538 150.070202 6.905388
v -46.600025 149.427025 7.450077
v -21.841173 142.178187 4.048752
v -22.044704 142.065892 3.078361
v -46.425570 149.523277 8.281841
v -46.600025 149.427025 7.450077
v -46.280083 150.166454 7.737151
v -46.600025 149.427025 7.450077
v -46.425570 149.523277 8.281841
v -22.044704 142.065892 3.078361
v -22.417970 141.203225 2.743442
v -46.105628 150.262706 8.568915
v -46.425570 149.523277 8.281841
v -46.280083 150.166454 7.737151
v -46.425570 149.523277 8.281841
v -46.105628 150.262706 8.568915
v 0.000000 89.388777 -2.708205
v -2.190493 88.770360 -0.784795
v -19.315655 117.042146 -12.698466
v -18.548982 117.258592 -13.371660
v 0.000000 90.632092 0.000000
v -2.190493 88.770360 -0.784795
v 0.000000 89.388777 -2.708205
v -2.190493 88.770360 -0.784795
v -2.190493 90.013675 1.923411
v -19.315655 117.477307 -11.750594
v -19.315655 117.042146 -12.698466
v 0.000000 90.632092 0.000000
v -2.190493 90.013675 1.923411
v -2.190493 88.770360 -0.784795
v -2.190493 90.013675 1.923411
v -0.000000 91.875407 2.708205
v -18.548982 118.128913 -11.475916
v -19.315655 117.477307 -11.750594
v 0.000000 90.632092 0.000000
v -0.000000 91.875407 2.708205
v -2.190493 90.013675 1.923411
v -0.000000 91.875407 2.708205
v 2.190493 92.493823 0.784795
v -17.782310 118.345358 -12.149110
v -18.548982 118.128913 -11.475916
v 0.000000 90.632092 0.000000
v 2.190493 92.493823 0.784795
v -0.000000 91.875407 2.708205
v 2.190493 92.493823 0.784795
v 2.190493 91.250508 -1.923411
v -17.782310 117.910198 -13.096982
v -17.782310 118.345358 -12.149110
v 0.000000 90.632092 0.000000
v 2.190493 91.250508 -1.923411
v 2.190493 92.493823 0.784795
v 2.190493 91.250508 -1.923411
v 0.000000 89.388777 -2.708205
v -18.548982 117.258592 -13.371660
v -17.782310 117.910198 -13.096982
v 0.000000 90.632092 0.000000
v 0.000000 89.388777 -2.708205
v 2.190493 91.250508 -1.923411
v -18.654560 117.195484 -13.333957
v -19.360054 117.056518 -12.578449
v -37.948509 147.083119 -25.750325
v -38.553218 146.964005 -25.102747
v -38.643713 146.536918 -25.882892
v -38.553218 146.964005 -25.102747
v -37.948509 147.083119 -25.750325
v -19.360054 117.056518 -12.578449
v -19.254476 117.554785 -11.668280
v -38.039004 146.656033 -26.530470
v -37.948509 147.083119 -25.750325
v -38.643713 146.536918 -25.882892
v -37.948509 147.083119 -25.750325
v -38.039004 146.656033 -26.530470
v -19.254476 117.554785 -11.668280
v -18.443404 118.192020 -11.513619
v -38.734208 146.109831 -26.663037
v -38.039004 146.656033 -26.530470
v -38.643713 146.536918 -25.882892
v -38.039004 146.656033 -26.530470
v -38.734208 146.109831 -26.663037
v -18.443404 118.192020 -11.513619
v -17.737911 118.330987 -12.269127
v -39.338917 145.990717 -26.015458
v -38.734208 146.109831 -26.663037
v -38.643713 146.536918 -25.882892
v -38.734208 146.109831 -26.663037
v -39.338917 145.990717 -26.015458
v -17.737911 118.330987 -12.269127
v -17.843489 117.832719 -13.179296
v -39.248422 146.417804 -25.235313
v -39.338917 145.990717 -26.015458
v -38.643713 146.536918 -25.882892
v -39.338917 145.990717 -26.015458
v -39.248422 146.417804 -25.235313
v -17.843489 117.832719 -13.179296
v -18.654560 117.195484 -13.333957
v -38.553218 146.964005 -25.102747
v -39.248422 146.417804 -25.235313
v -38.643713 146.536918 -25.882892
v -39.248422 146.417804 -25.235313
v -38.553218 146.964005 -25.102747
v 0.000000 82.673247 -2.224106
v -2.492204 83.205271 -0.724862
v -10.053750 113.417168 -25.910541
v -9.181478 113.230959 -26.435276
v 0.000000 84.621378 0.000000
v -2.492204 83.205271 -0.724862
v 0.000000 82.673247 -2.224106
v -2.492204 83.205271 -0.724862
v -2.492204 85.153402 1.499244
v -10.053750 114.099014 -25.132104
v -10.053750 113.417168 -25.910541
v 0.000000 84.621378 0.000000
v -2.492204 85.153402 1.499244
v -2.492204 83.205271 -0.724862
v -2.492204 85.153402 1.499244
v -0.000000 86.569509 2.224106
v -9.181478 114.594651 -24.878402
v -10.053750 114.099014 -25.132104
v 0.000000 84.621378 0.000000
v -0.000000 86.569509 2.224106
v -2.492204 85.153402 1.499244
v -0.000000 86.569509 2.224106
v 2.492204 86.037484 0.724862
v -8.309207 114.408442 -25.403137
v -9.181478 114.594651 -24.878402
v 0.000000 84.621378 0.000000
v 2.492204 86.037484 0.724862
v -0.000000 86.569509 2.224106
v 2.492204 86.037484 0.724862
v 2.492204 84.089353 -1.499244
v -8.309207 113.726597 -26.181575
v -8.309207 114.408442 -25.403137
v 0.000000 84.621378 0.000000
v 2.492204 84.089353 -1.499244
v 2.492204 86.037484 0.724862
v 2.492204 84.089353 -1.499244
v 0.000000 82.673247 -2.224106
v -9.181478 113.230959 -26.435276
v -8.309207 113.726597 -26.181575
v 0.000000 84.621378 0.000000
v 0.000000 82.673247 -2.224106
v 2.492204 84.089353 -1.499244
v -9.301904 113.198610 -26.395962
v -10.106615 113.473925 -25.806453
v -18.335105 144.731208 -53.323508
v -19.024858 144.967192 -52.818215
v -19.128080 144.355025 -53.451748
v -19.024858 144.967192 -52.818215
v -18.335105 144.731208 -53.323508
v -10.106615 113.473925 -25.806453
v -9.986189 114.188120 -25.067331
v -18.438328 144.119041 -53.957041
v -18.335105 144.731208 -53.323508
v -19.128080 144.355025 -53.451748
v -18.335105 144.731208 -53.323508
v -18.438328 144.119041 -53.957041
v -9.986189 114.188120 -25.067331
v -9.061052 114.627000 -24.917717
v -19.231302 143.742858 -54.085282
v -18.438328 144.119041 -53.957041
v -19.128080 144.355025 -53.451748
v -18.438328 144.119041 -53.957041
v -19.231302 143.742858 -54.085282
v -9.061052 114.627000 -24.917717
v -8.256341 114.351685 -25.507225
v -19.921054 143.978842 -53.579989
v -19.231302 143.742858 -54.085282
v -19.128080 144.355025 -53.451748
v -19.231302 143.742858 -54.085282
v -19.921054 143.978842 -53.579989
v -8.256341 114.351685 -25.507225
v -8.376767 113.637490 -26.246348
v -19.817832 144.591009 -52.946455
v -19.921054 143.978842 -53.579989
v -19.128080 144.355025 -53.451748
v -19.921054 143.978842 -53.579989
v -19.817832 144.591009 -52.946455
v -8.376767 113.637490 -26.246348
v -9.301904 113.198610 -26.395962
v -19.024858 144.967192 -52.818215
v -19.817832 144.591009 -52.946455
v -19.128080 144.355025 -53.451748
v -19.817832 144.591009 -52.946455
v -19.024858 144.967192 -52.818215
v 0.000000 109.245161 -1.817048
v -2.206067 110.882201 -1.593803
v 11.555243 130.837165 -22.994244
v 12.327367 130.264201 -23.072380
v 0.000000 111.317552 0.000000
v -2.206067 110.882201 -1.593803
v 0.000000 109.245161 -1.817048
v -2.206067 110.882201 -1.593803
v -2.206067 112.954592 0.223246
v 11.555243 131.562502 -22.358277
v 11.555243 130.837165 -22.994244
v 0.000000 111.317552 0.000000
v -2.206067 112.954592 0.223246
v -2.206067 110.882201 -1.593803
v -2.206067 112.954592 0.223246
v -0.000000 113.389943 1.817048
v 12.327367 131.714875 -21.800446
v 11.555243 131.562502 -22.358277
v 0.000000 111.317552 0.000000
v -0.000000 113.389943 1.817048
v -2.206067 112.954592 0.223246
v -0.000000 113.389943 1.817048
v 2.206067 111.752903 1.593803
v 13.099490 131.141911 -21.878582
v 12.327367 131.714875 -21.800446
v 0.000000 111.317552 0.000000
v 2.206067 111.752903 1.593803
v -0.000000 113.389943 1.817048
v 2.206067 111.752903 1.593803
v 2.206067 109.680512 -0.223246
v 13.099490 130.416574 -22.514549
v 13.099490 131.141911 -21.878582
v 0.000000 111.317552 0.000000
v 2.206067 109.680512 -0.223246
v 2.206067 111.752903 1.593803
v 2.206067 109.680512 -0.223246
v 0.000000 109.245161 -1.817048
v 12.327367 130.264201 -23.072380
v 13.099490 130.416574 -22.514549
v 0.000000 111.317552 0.000000
v 0.000000 109.245161 -1.817048
v 2.206067 109.680512 -0.223246
v 12.221619 130.252528 -23.049766
v 11.514994 130.901464 -22.949113
v 26.378333 149.376858 -46.303070
v 25.772654 149.933088 -46.216796
v 25.682014 149.301366 -46.742527
v 25.772654 149.933088 -46.216796
v 26.378333 149.376858 -46.303070
v 11.514994 130.901464 -22.949113
v 11.620742 131.638474 -22.335761
v 26.287693 148.745135 -46.828801
v 26.378333 149.376858 -46.303070
v 25.682014 149.301366 -46.742527
v 26.378333 149.376858 -46.303070
v 26.287693 148.745135 -46.828801
v 11.620742 131.638474 -22.335761
v 12.433114 131.726548 -21.823060
v 25.591373 148.669643 -47.268258
v 26.287693 148.745135 -46.828801
v 25.682014 149.301366 -46.742527
v 26.287693 148.745135 -46.828801
v 25.591373 148.669643 -47.268258
v 12.433114 131.726548 -21.823060
v 13.139739 131.077613 -21.923713
v 24.985695 149.225873 -47.181984
v 25.591373 148.669643 -47.268258
v 25.682014 149.301366 -46.742527
v 25.591373 148.669643 -47.268258
v 24.985695 149.225873 -47.181984
v 13.139739 131.077613 -21.923713
v 13.033992 130.340603 -22.537065
v 25.076335 149.857596 -46.656254
v 24.985695 149.225873 -47.181984
v 25.682014 149.301366 -46.742527
v 24.985695 149.225873 -47.181984
v 25.076335 149.857596 -46.656254
v 13.033992 130.340603 -22.537065
v 12.221619 130.252528 -23.049766
v 25.772654 149.933088 -46.216796
v 25.076335 149.857596 -46.656254
v 25.682014 149.301366 -46.742527
v 25.076335 149.857596 -46.656254
v 25.772654 149.933088 -46.216796
v 0.000000 105.290139 -1.486168
v -1.326352 106.768944 -1.470144
v 16.054590 121.624182 -13.783371
v 16.518813 121.106601 -13.788979
v 0.000000 106.608333 0.000000
v -1.326352 106.768944 -1.470144
v 0.000000 105.290139 -1.486168
v -1.326352 106.768944 -1.470144
v -1.326352 108.087137 0.016024
v 16.054590 122.085550 -13.263212
v 16.054590 121.624182 -13.783371
v 0.000000 106.608333 0.000000
v -1.326352 108.087137 0.016024
v -1.326352 106.768944 -1.470144
v -1.326352 108.087137 0.016024
v -0.000000 107.926526 1.486168
v 16.518813 122.029336 -12.748662
v 16.054590 122.085550 -13.263212
v 0.000000 106.608333 0.000000
v -0.000000 107.926526 1.486168
v -1.326352 108.087137 0.016024
v -0.000000 107.926526 1.486168
v 1.326352 106.447722 1.470144
v 16.983036 121.511755 -12.754270
v 16.518813 122.029336 -12.748662
v 0.000000 106.608333 0.000000
v 1.326352 106.447722 1.470144
v -0.000000 107.926526 1.486168
v 1.326352 106.447722 1.470144
v 1.326352 105.129528 -0.016024
v 16.983036 121.050387 -13.274429
v 16.983036 121.511755 -12.754270
v 0.000000 106.608333 0.000000
v 1.326352 105.129528 -0.016024
v 1.326352 106.447722 1.470144
v 1.326352 105.129528 -0.016024
v 0.000000 105.290139 -1.486168
v 16.518813 121.106601 -13.788979
v 16.983036 121.050387 -13.274429
v 0.000000 106.608333 0.000000
v 0.000000 105.290139 -1.486168
v 1.326352 105.129528 -0.016024
v 16.457304 121.100636 -13.779939
v 16.046292 121.661350 -13.770248
v 34.819211 134.853979 -27.213582
v 34.466915 135.334591 -27.205274
v 34.414193 134.934021 -27.643376
v 34.466915 135.334591 -27.205274
v 34.819211 134.853979 -27.213582
v 16.046292 121.661350 -13.770248
v 16.107801 122.128682 -13.259129
v 34.766489 134.453409 -27.651683
v 34.819211 134.853979 -27.213582
v 34.414193 134.934021 -27.643376
v 34.819211 134.853979 -27.213582
v 34.766489 134.453409 -27.651683
v 16.107801 122.128682 -13.259129
v 16.580321 122.035301 -12.757702
v 34.361472 134.533450 -28.081478
v 34.766489 134.453409 -27.651683
v 34.414193 134.934021 -27.643376
v 34.766489 134.453409 -27.651683
v 34.361472 134.533450 -28.081478
v 16.580321 122.035301 -12.757702
v 16.991333 121.474587 -12.767393
v 34.009176 135.014062 -28.073171
v 34.361472 134.533450 -28.081478
v 34.414193 134.934021 -27.643376
v 34.361472 134.533450 -28.081478
v 34.009176 135.014062 -28.073171
v 16.991333 121.474587 -12.767393
v 16.929825 121.007254 -13.278512
v 34.061897 135.414633 -27.635069
v 34.009176 135.014062 -28.073171
v 34.414193 134.934021 -27.643376
v 34.009176 135.014062 -28.073171
v 34.061897 135.414633 -27.635069
v 16.929825 121.007254 -13.278512
v 16.457304 121.100636 -13.779939
v 34.466915 135.334591 -27.205274
v 34.061897 135.414633 -27.635069
v 34.414193 134.934021 -27.643376
v 34.061897 135.414633 -27.635069
v 34.466915 135.334591 -27.205274
v 63.294132 138.450453 9.564233
v 78.814301 144.767558 21.499290
v 92.673380 146.608602 9.564233
v 92.673380 146.608602 9.564233
v 78.814301 144.767558 21.499290
v 91.910841 161.198697 31.570569
v 105.416981 161.198697 9.564233
v 105.416981 161.198697 9.564233
v 91.910841 161.198697 31.570569
v 78.824305 178.673371 21.506983
v 86.466914 174.819707 9.564233
v 63.294132 183.946942 9.564233
v 86.466914 174.819707 9.564233
v 78.824305 178.673371 21.506983
v 63.294132 138.450453 9.564233
v 63.294132 144.514863 27.464371
v 78.814301 144.767558 21.499290
v 78.814301 144.767558 21.499290
v 63.294132 144.514863 27.464371
v 63.294132 161.198697 34.642440
v 91.910841 161.198697 31.570569
v 91.910841 161.198697 31.570569
v 63.294132 161.198697 34.642440
v 63.294132 178.180418 32.310480
v 78.824305 178.673371 21.506983
v 63.294132 183.946942 9.564233
v 78.824305 178.673371 21.506983
v 63.294132 178.180418 32.310480
v 63.294132 138.450453 9.564233
v 43.177010 142.914197 25.034361
v 63.294132 144.514863 27.464371
v 63.294132 144.514863 27.464371
v 43.177010 142.914197 25.034361
v 35.846738 161.198697 30.671363
v 63.294132 161.198697 34.642440
v 63.294132 161.198697 34.642440
v 35.846738 161.198697 30.671363
v 46.614452 174.996541 22.390958
v 63.294132 178.180418 32.310480
v 63.294132 183.946942 9.564233
v 63.294132 178.180418 32.310480
v 46.614452 174.996541 22.390958
v 63.294132 138.450453 9.564233
v 34.512711 144.628228 9.564233
v 43.177010 142.914197 25.034361
v 43.177010 142.914197 25.034361
v 34.512711 144.628228 9.564233
v 30.660969 161.198697 9.564233
v 35.846738 161.198697 30.671363
v 35.846738 161.198697 30.671363
v 30.660969 161.198697 9.564233
v 34.358470 178.316876 9.564233
v 46.614452 174.996541 22.390958
v 63.294132 183.946942 9.564233
v 46.614452 174.996541 22.390958
v 34.358470 178.316876 9.564233
v 63.294132 138.450453 9.564233
v 42.613330 145.270926 -6.339366
v 34.512711 144.628228 9.564233
v 34.512711 144.628228 9.564233
v 42.613330 145.270926 -6.339366
v 35.140499 161.198697 -12.085996
v 30.660969 161.198697 9.564233
v 30.660969 161.198697 9.564233
v 35.140499 161.198697 -12.085996
v 42.049065 178.470921 -6.773288
v 34.358470 178.316876 9.564233
v 63.294132 183.946942 9.564233
v 34.358470 178.316876 9.564233
v 42.049065 178.470921 -6.773288
v 63.294132 138.450453 9.564233
v 63.294132 144.212254 -12.476543
v 42.613330 145.270926 -6.339366
v 42.613330 145.270926 -6.339366
v 63.294132 144.212254 -12.476543
v 63.294132 161.198697 -19.630846
v 35.140499 161.198697 -12.085996
v 35.140499 161.198697 -12.085996
v 63.294132 161.198697 -19.630846
v 63.294132 177.675536 -10.516990
v 42.049065 178.470921 -6.773288
v 63.294132 183.946942 9.564233
v 42.049065 178.470921 -6.773288
v 63.294132 177.675536 -10.516990
v 63.294132 138.450453 9.564233
v 82.950760 143.455013 -5.551773
v 63.294132 144.212254 -12.476543
v 63.294132 144.212254 -12.476543
v 82.950760 143.455013 -5.551773
v 86.502433 161.198697 -8.283021
v 63.294132 161.198697 -19.630846
v 63.294132 161.198697 -19.630846
v 86.502433 161.198697 -8.283021
v 79.135013 176.511794 -2.617452
v 63.294132 177.675536 -10.516990
v 63.294132 183.946942 9.564233
v 63.294132 177.675536 -10.516990
v 79.135013 176.511794 -2.617452
v 63.294132 138.450453 9.564233
v 92.673380 146.608602 9.564233
v 82.950760 143.455013 -5.551773
v 82.950760 143.455013 -5.551773
v 92.673380 146.608602 9.564233
v 105.416981 161.198697 9.564233
v 86.502433 161.198697 -8.283021
v 86.502433 161.198697 -8.283021
v 105.416981 161.198697 9.564233
v 86.466914 174.819707 9.564233
v 79.135013 176.511794 -2.617452
v 63.294132 183.946942 9.564233
v 79.135013 176.511794 -2.617452
v 86.466914 174.819707 9.564233
v 55.211248 119.927150 37.952414
v 72.405912 124.247409 53.381416
v 82.705548 126.821628 37.952414
v 82.705548 126.821628 37.952414
v 72.405912 124.247409 53.381416
v 79.549013 141.360919 59.791015
v 90.864897 141.360919 37.952414
v 90.864897 141.360919 37.952414
v 79.549013 141.360919 59.791015
v 73.240056 155.615883 54.129904
v 82.140349 158.287180 37.952414
v 55.211248 162.794688 37.952414
v 82.140349 158.287180 37.952414
v 73.240056 155.615883 54.129904
v 55.211248 119.927150 37.952414
v 55.211248 126.147113 60.371326
v 72.405912 124.247409 53.381416
v 72.405912 124.247409 53.381416
v 55.211248 126.147113 60.371326
v 55.211248 141.360919 64.584620
v 79.549013 141.360919 59.791015
v 79.549013 141.360919 59.791015
v 55.211248 141.360919 64.584620
v 55.211248 155.495719 56.884508
v 73.240056 155.615883 54.129904
v 55.211248 162.794688 37.952414
v 73.240056 155.615883 54.129904
v 55.211248 155.495719 56.884508
v 55.211248 119.927150 37.952414
v 39.168167 127.092361 52.348084
v 55.211248 126.147113 60.371326
v 55.211248 126.147113 60.371326
v 39.168167 127.092361 52.348084
v 30.499108 141.360919 60.126946
v 55.211248 141.360919 64.584620
v 55.211248 141.360919 64.584620
v 30.499108 141.360919 60.126946
v 38.818418 155.221108 52.661918
v 55.211248 155.495719 56.884508
v 55.211248 162.794688 37.952414
v 55.211248 155.495719 56.884508
v 38.818418 155.221108 52.661918
v 55.211248 119.927150 37.952414
v 32.762574 127.950757 37.952414
v 39.168167 127.092361 52.348084
v 39.168167 127.092361 52.348084
v 32.762574 127.950757 37.952414
v 21.734208 141.360919 37.952414
v 30.499108 141.360919 60.126946
v 30.499108 141.360919 60.126946
v 21.734208 141.360919 37.952414
v 29.100026 158.707258 37.952414
v 38.818418 155.221108 52.661918
v 55.211248 162.794688 37.952414
v 38.818418 155.221108 52.661918
v 29.100026 158.707258 37.952414
v 55.211248 119.927150 37.952414
v 36.817436 126.955091 21.447402
v 32.762574 127.950757 37.952414
v 32.762574 127.950757 37.952414
v 36.817436 126.955091 21.447402
v 27.042444 141.360919 12.676172
v 21.734208 141.360919 37.952414
v 21.734208 141.360919 37.952414
v 27.042444 141.360919 12.676172
v 40.630557 156.087366 24.868966
v 29.100026 158.707258 37.952414
v 55.211248 162.794688 37.952414
v 29.100026 158.707258 37.952414
v 40.630557 156.087366 24.868966
v 55.211248 119.927150 37.952414
v 55.211248 126.105617 17.210287
v 36.817436 126.955091 21.447402
v 36.817436 126.955091 21.447402
v 55.211248 126.105617 17.210287
v 55.211248 141.360919 4.424044
v 27.042444 141.360919 12.676172
v 27.042444 141.360919 12.676172
v 55.211248 141.360919 4.424044
v 55.211248 155.690717 18.448532
v 40.630557 156.087366 24.868966
v 55.211248 162.794688 37.952414
v 40.630557 156.087366 24.868966
v 55.211248 155.690717 18.448532
v 55.211248 119.927150 37.952414
v 71.020746 126.377590 23.766341
v 55.211248 126.105617 17.210287
v 55.211248 126.105617 17.210287
v 71.020746 126.377590 23.766341
v 78.288387 141.360919 17.244990
v 55.211248 141.360919 4.424044
v 55.211248 141.360919 4.424044
v 78.288387 141.360919 17.244990
v 70.317170 158.316951 24.397669
v 55.211248 155.690717 18.448532
v 55.211248 162.794688 37.952414
v 55.211248 155.690717 18.448532
v 70.317170 158.316951 24.397669
v 55.211248 119.927150 37.952414
v 82.705548 126.821628 37.952414
v 71.020746 126.377590 23.766341
v 71.020746 126.377590 23.766341
v 82.705548 126.821628 37.952414
v 90.864897 141.360919 37.952414
v 78.288387 141.360919 17.244990
v 78.288387 141.360919 17.244990
v 90.864897 141.360919 37.952414
v 82.140349 158.287180 37.952414
v 70.317170 158.316951 24.397669
v 55.211248 162.794688 37.952414
v 70.317170 158.316951 24.397669
v 82.140349 158.287180 37.952414
v 13.529199 136.153236 44.873829
v 27.134506 140.595208 54.778955
v 35.132709 142.115851 44.873829
v 35.132709 142.115851 44.873829
v 27.134506 140.595208 54.778955
v 32.292016 153.087029 58.533798
v 42.776671 153.087029 44.873829
v 42.776671 153.087029 44.873829
v 32.292016 153.087029 58.533798
v 27.503602 165.047022 55.047670
v 33.447499 165.502910 44.873829
v 13.529199 170.020822 44.873829
v 33.447499 165.502910 44.873829
v 27.503602 165.047022 55.047670
v 13.529199 136.153236 44.873829
v 13.529199 141.678546 57.221970
v 27.134506 140.595208 54.778955
v 27.134506 140.595208 54.778955
v 13.529199 141.678546 57.221970
v 13.529199 153.087029 64.601759
v 32.292016 153.087029 58.533798
v 32.292016 153.087029 58.533798
v 13.529199 153.087029 64.601759
v 13.529199 164.850969 60.289607
v 27.503602 165.047022 55.047670
v 13.529199 170.020822 44.873829
v 27.503602 165.047022 55.047670
v 13.529199 164.850969 60.289607
v 13.529199 136.153236 44.873829
v -2.100334 140.748531 56.252660
v 13.529199 141.678546 57.221970
v 13.529199 141.678546 57.221970
v -2.100334 140.748531 56.252660
v -5.865770 153.087029 58.994026
v 13.529199 153.087029 64.601759
v 13.529199 153.087029 64.601759
v -5.865770 153.087029 58.994026
v 1.695370 164.860044 53.489259
v 13.529199 164.850969 60.289607
v 13.529199 170.020822 44.873829
v 13.529199 164.850969 60.289607
v 1.695370 164.860044 53.489259
v 13.529199 136.153236 44.873829
v -4.146956 139.891653 44.873829
v -2.100334 140.748531 56.252660
v -2.100334 140.748531 56.252660
v -4.146956 139.891653 44.873829
v -13.358217 153.087029 44.873829
v -5.865770 153.087029 58.994026
v -5.865770 153.087029 58.994026
v -13.358217 153.087029 44.873829
v -4.232544 166.407619 44.873829
v 1.695370 164.860044 53.489259
v 13.529199 170.020822 44.873829
v 1.695370 164.860044 53.489259
v -4.232544 166.407619 44.873829
v 13.529199 136.153236 44.873829
v 0.024519 139.997856 35.041963
v -4.146956 139.891653 44.873829
v -4.146956 139.891653 44.873829
v 0.024519 139.997856 35.041963
v -8.534572 153.087029 28.810654
v -13.358217 153.087029 44.873829
v -13.358217 153.087029 44.873829
v -8.534572 153.087029 28.810654
v 0.229762 163.225464 35.191387
v -4.232544 166.407619 44.873829
v 13.529199 170.020822 44.873829
v -4.232544 166.407619 44.873829
v 0.229762 163.225464 35.191387
v 13.529199 136.153236 44.873829
v 13.529199 139.504686 28.589538
v 0.024519 139.997856 35.041963
v 0.024519 139.997856 35.041963
v 13.529199 139.504686 28.589538
v 13.529199 153.087029 27.598133
v -8.534572 153.087029 28.810654
v -8.534572 153.087029 28.810654
v 13.529199 153.087029 27.598133
v 13.529199 166.247795 29.792957
v 0.229762 163.225464 35.191387
v 13.529199 170.020822 44.873829
v 0.229762 163.225464 35.191387
v 13.529199 166.247795 29.792957
v 13.529199 136.153236 44.873829
v 27.706854 141.543400 34.552014
v 13.529199 139.504686 28.589538
v 13.529199 139.504686 28.589538
v 27.706854 141.543400 34.552014
v 34.238826 153.087029 29.796516
v 13.529199 153.087029 27.598133
v 13.529199 153.087029 27.598133
v 34.238826 153.087029 29.796516
v 28.327576 166.653515 34.100107
v 13.529199 166.247795 29.792957
v 13.529199 170.020822 44.873829
v 13.529199 166.247795 29.792957
v 28.327576 166.653515 34.100107
v 13.529199 136.153236 44.873829
v 35.132709 142.115851 44.873829
v 27.706854 141.543400 34.552014
v 27.706854 141.543400 34.552014
v 35.132709 142.115851 44.873829
v 42.776671 153.087029 44.873829
v 34.238826 153.087029 29.796516
v 34.238826 153.087029 29.796516
v 42.776671 153.087029 44.873829
v 33.447499 165.502910 44.873829
v 28.327576 166.653515 34.100107
v 13.529199 170.020822 44.873829
v 28.327576 166.653515 34.100107
v 33.447499 165.502910 44.873829
v -6.912643 147.045790 57.733464
v 7.954130 152.467082 73.004755
v 16.944821 150.783112 57.733464
v 16.944821 150.783112 57.733464
v 7.954130 152.467082 73.004755
v 13.382354 165.261684 78.580678
v 23.552227 165.261684 57.733464
v 23.552227 165.261684 57.733464
v 13.382354 165.261684 78.580678
v 9.111785 179.628199 74.193909
v 15.307162 178.525865 57.733464
v -6.912643 183.477578 57.733464
v 15.307162 178.525865 57.733464
v 9.111785 179.628199 74.193909
v -6.912643 147.045790 57.733464
v -6.912643 152.709271 77.512084
v 7.954130 152.467082 73.004755
v 7.954130 152.467082 73.004755
v -6.912643 152.709271 77.512084
v -6.912643 165.261684 90.658740
v 13.382354 165.261684 78.580678
v 13.382354 165.261684 78.580678
v -6.912643 165.261684 90.658740
v -6.912643 177.640993 78.154349
v 9.111785 179.628199 74.193909
v -6.912643 183.477578 57.733464
v 9.111785 179.628199 74.193909
v -6.912643 177.640993 78.154349
v -6.912643 147.045790 57.733464
v -21.246942 151.802474 72.457792
v -6.912643 152.709271 77.512084
v -6.912643 152.709271 77.512084
v -21.246942 151.802474 72.457792
v -26.855904 165.261684 78.219370
v -6.912643 165.261684 90.658740
v -6.912643 165.261684 90.658740
v -26.855904 165.261684 78.219370
v -19.366210 179.828056 70.525886
v -6.912643 177.640993 78.154349
v -6.912643 183.477578 57.733464
v -6.912643 177.640993 78.154349
v -19.366210 179.828056 70.525886
v -6.912643 147.045790 57.733464
v -27.672778 152.568095 57.733464
v -21.246942 151.802474 72.457792
v -21.246942 151.802474 72.457792
v -27.672778 152.568095 57.733464
v -39.836451 165.261684 57.733464
v -26.855904 165.261684 78.219370
v -26.855904 165.261684 78.219370
v -39.836451 165.261684 57.733464
v -27.410695 178.273058 57.733464
v -19.366210 179.828056 70.525886
v -6.912643 183.477578 57.733464
v -19.366210 179.828056 70.525886
v -27.410695 178.273058 57.733464
v -6.912643 147.045790 57.733464
v -20.588471 152.835010 43.685524
v -27.672778 152.568095 57.733464
v -27.672778 152.568095 57.733464
v -20.588471 152.835010 43.685524
v -25.847939 165.261684 38.282949
v -39.836451 165.261684 57.733464
v -39.836451 165.261684 57.733464
v -25.847939 165.261684 38.282949
v -19.949201 178.119677 44.342189
v -27.410695 178.273058 57.733464
v -6.912643 183.477578 57.733464
v -27.410695 178.273058 57.733464
v -19.949201 178.119677 44.342189
v -6.912643 147.045790 57.733464
v -6.912643 153.194300 38.227131
v -20.588471 152.835010 43.685524
v -20.588471 152.835010 43.685524
v -6.912643 153.194300 38.227131
v -6.912643 165.261684 23.886710
v -25.847939 165.261684 38.282949
v -25.847939 165.261684 38.282949
v -6.912643 165.261684 23.886710
v -6.912643 176.624420 34.735205
v -19.949201 178.119677 44.342189
v -6.912643 183.477578 57.733464
v -19.949201 178.119677 44.342189
v -6.912643 176.624420 34.735205
v -6.912643 147.045790 57.733464
v 9.845981 151.175365 40.518847
v -6.912643 153.194300 38.227131
v -6.912643 153.194300 38.227131
v 9.845981 151.175365 40.518847
v 16.000103 165.261684 34.197275
v -6.912643 165.261684 23.886710
v -6.912643 165.261684 23.886710
v 16.000103 165.261684 34.197275
v 9.498368 177.227962 40.875919
v -6.912643 176.624420 34.735205
v -6.912643 183.477578 57.733464
v -6.912643 176.624420 34.735205
v 9.498368 177.227962 40.875919
v -6.912643 147.045790 57.733464
v 16.944821 150.783112 57.733464
v 9.845981 151.175365 40.518847
v 9.845981 151.175365 40.518847
v 16.944821 150.783112 57.733464
v 23.552227 165.261684 57.733464
v 16.000103 165.261684 34.197275
v 16.000103 165.261684 34.197275
v 23.552227 165.261684 57.733464
v 15.307162 178.525865 57.733464
v 9.498368 177.227962 40.875919
v -6.912643 183.477578 57.733464
v 9.498368 177.227962 40.875919
v 15.307162 178.525865 57.733464
v -31.393494 130.574579 28.346189
v -19.391402 134.461991 37.920777
v -15.887418 133.979146 28.346189
v -15.887418 133.979146 28.346189
v -19.391402 134.461991 37.920777
v -14.797855 146.743533 41.585248
v -8.977249 146.743533 28.346189
v -8.977249 146.743533 28.346189
v -14.797855 146.743533 41.585248
v -19.185474 157.322842 38.085054
v -15.725796 156.562568 28.346189
v -31.393494 162.912487 28.346189
v -15.725796 156.562568 28.346189
v -19.185474 157.322842 38.085054
v -31.393494 130.574579 28.346189
v -31.393494 136.818927 42.120778
v -19.391402 134.461991 37.920777
v -19.391402 134.461991 37.920777
v -31.393494 136.818927 42.120778
v -31.393494 146.743533 46.880555
v -14.797855 146.743533 41.585248
v -14.797855 146.743533 41.585248
v -31.393494 146.743533 46.880555
v -31.393494 158.374675 42.163263
v -19.185474 157.322842 38.085054
v -31.393494 162.912487 28.346189
v -19.185474 157.322842 38.085054
v -31.393494 158.374675 42.163263
v -31.393494 130.574579 28.346189
v -44.737795 134.294833 38.991514
v -31.393494 136.818927 42.120778
v -31.393494 136.818927 42.120778
v -44.737795 134.294833 38.991514
v -50.231815 146.743533 43.374332
v -31.393494 146.743533 46.880555
v -31.393494 146.743533 46.880555
v -50.231815 146.743533 43.374332
v -45.479821 159.380284 39.583461
v -31.393494 158.374675 42.163263
v -31.393494 162.912487 28.346189
v -31.393494 158.374675 42.163263
v -45.479821 159.380284 39.583461
v -31.393494 130.574579 28.346189
v -49.410717 135.737413 28.346189
v -44.737795 134.294833 38.991514
v -44.737795 134.294833 38.991514
v -49.410717 135.737413 28.346189
v -61.295738 146.743533 28.346189
v -50.231815 146.743533 43.374332
v -50.231815 146.743533 43.374332
v -61.295738 146.743533 28.346189
v -48.371704 158.856429 28.346189
v -45.479821 159.380284 39.583461
v -31.393494 162.912487 28.346189
v -45.479821 159.380284 39.583461
v -48.371704 158.856429 28.346189
v -31.393494 130.574579 28.346189
v -45.319648 134.682115 17.236694
v -49.410717 135.737413 28.346189
v -49.410717 135.737413 28.346189
v -45.319648 134.682115 17.236694
v -52.685399 146.743533 11.360715
v -61.295738 146.743533 28.346189
v -61.295738 146.743533 28.346189
v -52.685399 146.743533 11.360715
v -42.809321 156.496391 19.239290
v -48.371704 158.856429 28.346189
v -31.393494 162.912487 28.346189
v -48.371704 158.856429 28.346189
v -42.809321 156.496391 19.239290
v -31.393494 130.574579 28.346189
v -31.393494 134.204030 15.065607
v -45.319648 134.682115 17.236694
v -45.319648 134.682115 17.236694
v -31.393494 134.204030 15.065607
v -31.393494 146.743533 4.781064
v -52.685399 146.743533 11.360715
v -52.685399 146.743533 11.360715
v -31.393494 146.743533 4.781064
v -31.393494 158.224044 14.978451
v -42.809321 156.496391 19.239290
v -31.393494 162.912487 28.346189
v -42.809321 156.496391 19.239290
v -31.393494 158.224044 14.978451
v -31.393494 130.574579 28.346189
v -16.520180 133.730140 16.481102
v -31.393494 134.204030 15.065607
v -31.393494 134.204030 15.065607
v -16.520180 133.730140 16.481102
v -12.617597 146.743533 13.367842
v -31.393494 146.743533 4.781064
v -31.393494 146.743533 4.781064
v -12.617597 146.743533 13.367842
v -17.410132 156.544217 17.191055
v -31.393494 158.224044 14.978451
v -31.393494 162.912487 28.346189
v -31.393494 158.224044 14.978451
v -17.410132 156.544217 17.191055
v -31.393494 130.574579 28.346189
v -15.887418 133.979146 28.346189
v -16.520180 133.730140 16.481102
v -16.520180 133.730140 16.481102
v -15.887418 133.979146 28.346189
v -8.977249 146.743533 28.346189
v -12.617597 146.743533 13.367842
v -12.617597 146.743533 13.367842
v -8.977249 146.743533 28.346189
v -15.725796 156.562568 28.346189
v -17.410132 156.544217 17.191055
v -31.393494 162.912487 28.346189
v -17.410132 156.544217 17.191055
v -15.725796 156.562568 28.346189
v -46.280083 134.951847 7.737151
v -31.704383 141.288434 21.323995
v -26.167253 138.364777 7.737151
v -26.167253 138.364777 7.737151
v -31.704383 141.288434 21.323995
v -25.464160 152.851384 27.140863
v -16.335925 152.851384 7.737151
v -16.335925 152.851384 7.737151
v -25.464160 152.851384 27.140863
v -32.357655 164.164394 20.715042
v -25.346278 164.399438 7.737151
v -46.280083 170.750921 7.737151
v -25.346278 164.399438 7.737151
v -32.357655 164.164394 20.715042
v -46.280083 134.951847 7.737151
v -46.280083 140.337433 26.574310
v -31.704383 141.288434 21.323995
v -31.704383 141.288434 21.323995
v -46.280083 140.337433 26.574310
v -46.280083 152.851384 35.423167
v -25.464160 152.851384 27.140863
v -25.464160 152.851384 27.140863
v -46.280083 152.851384 35.423167
v -46.280083 165.688431 23.769442
v -32.357655 164.164394 20.715042
v -46.280083 170.750921 7.737151
v -32.357655 164.164394 20.715042
v -46.280083 165.688431 23.769442
v -46.280083 134.951847 7.737151
v -61.632180 138.285230 22.047720
v -46.280083 140.337433 26.574310
v -46.280083 140.337433 26.574310
v -61.632180 138.285230 22.047720
v -67.888262 152.851384 27.879371
v -46.280083 152.851384 35.423167
v -46.280083 152.851384 35.423167
v -67.888262 152.851384 27.879371
v -61.922751 164.092013 22.318577
v -46.280083 165.688431 23.769442
v -46.280083 170.750921 7.737151
v -46.280083 165.688431 23.769442
v -61.922751 164.092013 22.318577
v -46.280083 134.951847 7.737151
v -65.632824 140.703171 7.737151
v -61.632180 138.285230 22.047720
v -61.632180 138.285230 22.047720
v -65.632824 140.703171 7.737151
v -78.156506 152.851384 7.737151
v -67.888262 152.851384 27.879371
v -67.888262 152.851384 27.879371
v -78.156506 152.851384 7.737151
v -69.443326 165.820905 7.737151
v -61.922751 164.092013 22.318577
v -46.280083 170.750921 7.737151
v -61.922751 164.092013 22.318577
v -69.443326 165.820905 7.737151
v -46.280083 134.951847 7.737151
v -61.666261 140.699890 -6.605185
v -65.632824 140.703171 7.737151
v -65.632824 140.703171 7.737151
v -61.666261 140.699890 -6.605185
v -66.827876 152.851384 -11.416622
v -78.156506 152.851384 7.737151
v -78.156506 152.851384 7.737151
v -66.827876 152.851384 -11.416622
v -61.679672 167.003096 -6.617687
v -69.443326 165.820905 7.737151
v -46.280083 170.750921 7.737151
v -69.443326 165.820905 7.737151
v -61.679672 167.003096 -6.617687
v -46.280083 134.951847 7.737151
v -46.280083 139.630419 -8.713821
v -61.666261 140.699890 -6.605185
v -61.666261 140.699890 -6.605185
v -46.280083 139.630419 -8.713821
v -46.280083 152.851384 -15.891780
v -66.827876 152.851384 -11.416622
v -66.827876 152.851384 -11.416622
v -46.280083 152.851384 -15.891780
v -46.280083 166.343473 -14.050510
v -61.679672 167.003096 -6.617687
v -46.280083 170.750921 7.737151
v -61.679672 167.003096 -6.617687
v -46.280083 166.343473 -14.050510
v -46.280083 134.951847 7.737151
v -29.838898 140.319817 -7.588617
v -46.280083 139.630419 -8.713821
v -46.280083 139.630419 -8.713821
v -29.838898 140.319817 -7.588617
v -23.208374 152.851384 -13.769308
v -46.280083 152.851384 -15.891780
v -46.280083 152.851384 -15.891780
v -23.208374 152.851384 -13.769308
v -33.294792 163.512432 -4.367181
v -46.280083 166.343473 -14.050510
v -46.280083 170.750921 7.737151
v -46.280083 166.343473 -14.050510
v -33.294792 163.512432 -4.367181
v -46.280083 134.951847 7.737151
v -26.167253 138.364777 7.737151
v -29.838898 140.319817 -7.588617
v -29.838898 140.319817 -7.588617
v -26.167253 138.364777 7.737151
v -16.335925 152.851384 7.737151
v -23.208374 152.851384 -13.769308
v -23.208374 152.851384 -13.769308
v -16.335925 152.851384 7.737151
v -25.346278 164.399438 7.737151
v -33.294792 163.512432 -4.367181
v -46.280083 170.750921 7.737151
v -33.294792 163.512432 -4.367181
v -25.346278 164.399438 7.737151
v -38.643713 129.710397 -25.882892
v -20.319401 135.219338 -11.194997
v -16.015802 134.425749 -25.882892
v -16.015802 134.425749 -25.882892
v -20.319401 135.219338 -11.194997
v -13.931915 149.506304 -6.075094
v -1.826435 149.506304 -25.882892
v -1.826435 149.506304 -25.882892
v -13.931915 149.506304 -6.075094
v -25.186379 165.071544 -15.096135
v -14.478487 164.709753 -25.882892
v -38.643713 169.302211 -25.882892
v -14.478487 164.709753 -25.882892
v -25.186379 165.071544 -15.096135
v -38.643713 129.710397 -25.882892
v -38.643713 136.058775 -9.558410
v -20.319401 135.219338 -11.194997
v -20.319401 135.219338 -11.194997
v -38.643713 136.058775 -9.558410
v -38.643713 149.506304 -0.816727
v -13.931915 149.506304 -6.075094
v -13.931915 149.506304 -6.075094
v -38.643713 149.506304 -0.816727
v -38.643713 164.553019 -6.999933
v -25.186379 165.071544 -15.096135
v -38.643713 169.302211 -25.882892
v -25.186379 165.071544 -15.096135
v -38.643713 164.553019 -6.999933
v -38.643713 129.710397 -25.882892
v -55.856108 133.940322 -12.086257
v -38.643713 136.058775 -9.558410
v -38.643713 136.058775 -9.558410
v -55.856108 133.940322 -12.086257
v -59.918631 149.506304 -8.829933
v -38.643713 149.506304 -0.816727
v -38.643713 149.506304 -0.816727
v -59.918631 149.506304 -8.829933
v -56.856769 163.776871 -11.284175
v -38.643713 164.553019 -6.999933
v -38.643713 169.302211 -25.882892
v -38.643713 164.553019 -6.999933
v -56.856769 163.776871 -11.284175
v -38.643713 129.710397 -25.882892
v -60.521579 134.513922 -25.882892
v -55.856108 133.940322 -12.086257
v -55.856108 133.940322 -12.086257
v -60.521579 134.513922 -25.882892
v -70.366183 149.506304 -25.882892
v -59.918631 149.506304 -8.829933
v -59.918631 149.506304 -8.829933
v -70.366183 149.506304 -25.882892
v -62.233050 164.887551 -25.882892
v -56.856769 163.776871 -11.284175
v -38.643713 169.302211 -25.882892
v -56.856769 163.776871 -11.284175
v -62.233050 164.887551 -25.882892
v -38.643713 129.710397 -25.882892
v -52.385745 134.461603 -36.897849
v -60.521579 134.513922 -25.882892
v -60.521579 134.513922 -25.882892
v -52.385745 134.461603 -36.897849
v -58.072584 149.506304 -41.456147
v -70.366183 149.506304 -25.882892
v -70.366183 149.506304 -25.882892
v -58.072584 149.506304 -41.456147
v -56.150618 165.592256 -39.915591
v -62.233050 164.887551 -25.882892
v -38.643713 169.302211 -25.882892
v -62.233050 164.887551 -25.882892
v -56.150618 165.592256 -39.915591
v -38.643713 129.710397 -25.882892
v -38.643713 134.908285 -46.451650
v -52.385745 134.461603 -36.897849
v -52.385745 134.461603 -36.897849
v -38.643713 134.908285 -46.451650
v -38.643713 149.506304 -53.524088
v -58.072584 149.506304 -41.456147
v -58.072584 149.506304 -41.456147
v -38.643713 149.506304 -53.524088
v -38.643713 161.293168 -41.445396
v -56.150618 165.592256 -39.915591
v -38.643713 169.302211 -25.882892
v -56.150618 165.592256 -39.915591
v -38.643713 161.293168 -41.445396
v -38.643713 129.710397 -25.882892
v -23.406569 135.629427 -38.096259
v -38.643713 134.908285 -46.451650
v -38.643713 134.908285 -46.451650
v -23.406569 135.629427 -38.096259
v -19.656534 149.506304 -41.102108
v -38.643713 149.506304 -53.524088
v -38.643713 149.506304 -53.524088
v -19.656534 149.506304 -41.102108
v -24.272595 163.967947 -37.402093
v -38.643713 161.293168 -41.445396
v -38.643713 169.302211 -25.882892
v -38.643713 161.293168 -41.445396
v -24.272595 163.967947 -37.402093
v -38.643713 129.710397 -25.882892
v -16.015802 134.425749 -25.882892
v -23.406569 135.629427 -38.096259
v -23.406569 135.629427 -38.096259
v -16.015802 134.425749 -25.882892
v -1.826435 149.506304 -25.882892
v -19.656534 149.506304 -41.102108
v -19.656534 149.506304 -41.102108
v -1.826435 149.506304 -25.882892
v -14.478487 164.709753 -25.882892
v -24.272595 163.967947 -37.402093
v -38.643713 169.302211 -25.882892
v -24.272595 163.967947 -37.402093
v -14.478487 164.709753 -25.882892
v -19.128080 125.520149 -53.451748
v -3.090027 133.173504 -38.207662
v 7.739855 133.633660 -53.451748
v 7.739855 133.633660 -53.451748
v -3.090027 133.173504 -38.207662
v 3.239830 147.678827 -32.191166
v 17.821524 147.678827 -53.451748
v 17.821524 147.678827 -53.451748
v 3.239830 147.678827 -32.191166
v -1.319955 164.820117 -36.525218
v 7.112576 162.512143 -53.451748
v -19.128080 169.837505 -53.451748
v 7.112576 162.512143 -53.451748
v -1.319955 164.820117 -36.525218
v -19.128080 125.520149 -53.451748
v -19.128080 132.246878 -30.333322
v -3.090027 133.173504 -38.207662
v -3.090027 133.173504 -38.207662
v -19.128080 132.246878 -30.333322
v -19.128080 147.678827 -22.282730
v 3.239830 147.678827 -32.191166
v 3.239830 147.678827 -32.191166
v -19.128080 147.678827 -22.282730
v -19.128080 162.486768 -31.853236
v -1.319955 164.820117 -36.525218
v -19.128080 169.837505 -53.451748
v -1.319955 164.820117 -36.525218
v -19.128080 162.486768 -31.853236
v -19.128080 125.520149 -53.451748
v -39.594204 130.339590 -33.998803
v -19.128080 132.246878 -30.333322
v -19.128080 132.246878 -30.333322
v -39.594204 130.339590 -33.998803
v -44.194919 147.678827 -29.625848
v -19.128080 147.678827 -22.282730
v -19.128080 147.678827 -22.282730
v -44.194919 147.678827 -29.625848
v -38.962150 163.767727 -34.599567
v -19.128080 162.486768 -31.853236
v -19.128080 169.837505 -53.451748
v -19.128080 162.486768 -31.853236
v -38.962150 163.767727 -34.599567
v -19.128080 125.520149 -53.451748
v -43.514841 134.092903 -53.451748
v -39.594204 130.339590 -33.998803
v -39.594204 130.339590 -33.998803
v -43.514841 134.092903 -53.451748
v -56.772123 147.678827 -53.451748
v -44.194919 147.678827 -29.625848
v -44.194919 147.678827 -29.625848
v -56.772123 147.678827 -53.451748
v -48.059177 163.284280 -53.451748
v -38.962150 163.767727 -34.599567
v -19.128080 169.837505 -53.451748
v -38.962150 163.767727 -34.599567
v -48.059177 163.284280 -53.451748
v -19.128080 125.520149 -53.451748
v -39.532791 130.346439 -72.846321
v -43.514841 134.092903 -53.451748
v -43.514841 134.092903 -53.451748
v -39.532791 130.346439 -72.846321
v -44.668265 147.678827 -77.727562
v -56.772123 147.678827 -53.451748
v -56.772123 147.678827 -53.451748
v -44.668265 147.678827 -77.727562
v -39.325533 164.888423 -72.649323
v -48.059177 163.284280 -53.451748
v -19.128080 169.837505 -53.451748
v -48.059177 163.284280 -53.451748
v -39.325533 164.888423 -72.649323
v -19.128080 125.520149 -53.451748
v -19.128080 134.056614 -74.078549
v -39.532791 130.346439 -72.846321
v -39.532791 130.346439 -72.846321
v -19.128080 134.056614 -74.078549
v -19.128080 147.678827 -85.102758
v -44.668265 147.678827 -77.727562
v -44.668265 147.678827 -77.727562
v -19.128080 147.678827 -85.102758
v -19.128080 161.663425 -79.376289
v -39.325533 164.888423 -72.649323
v -19.128080 169.837505 -53.451748
v -39.325533 164.888423 -72.649323
v -19.128080 161.663425 -79.376289
v -19.128080 125.520149 -53.451748
v -0.874830 130.954466 -70.801368
v -19.128080 134.056614 -74.078549
v -19.128080 134.056614 -74.078549
v -0.874830 130.954466 -70.801368
v 3.489912 147.678827 -74.950032
v -19.128080 147.678827 -85.102758
v -19.128080 147.678827 -85.102758
v 3.489912 147.678827 -74.950032
v -0.304709 164.599571 -71.343265
v -19.128080 161.663425 -79.376289
v -19.128080 169.837505 -53.451748
v -19.128080 161.663425 -79.376289
v -0.304709 164.599571 -71.343265
v -19.128080 125.520149 -53.451748
v 7.739855 133.633660 -53.451748
v -0.874830 130.954466 -70.801368
v -0.874830 130.954466 -70.801368
v 7.739855 133.633660 -53.451748
v 17.821524 147.678827 -53.451748
v 3.489912 147.678827 -74.950032
v 3.489912 147.678827 -74.950032
v 17.821524 147.678827 -53.451748
v 7.112576 162.512143 -53.451748
v -0.304709 164.599571 -71.343265
v -19.128080 169.837505 -53.451748
v -0.304709 164.599571 -71.343265
v 7.112576 162.512143 -53.451748
v 25.682014 135.976493 -46.742527
v 38.763456 139.596103 -34.260090
v 43.823378 140.771228 -46.742527
v 43.823378 140.771228 -46.742527
v 38.763456 139.596103 -34.260090
v 45.348069 151.652814 -27.976989
v 50.644397 151.652814 -46.742527
v 50.644397 151.652814 -46.742527
v 45.348069 151.652814 -27.976989
v 39.115274 162.607185 -33.924382
v 46.293971 161.222874 -46.742527
v 25.682014 167.329134 -46.742527
v 46.293971 161.222874 -46.742527
v 39.115274 162.607185 -33.924382
v 25.682014 135.976493 -46.742527
v 25.682014 140.027516 -29.684972
v 38.763456 139.596103 -34.260090
v 38.763456 139.596103 -34.260090
v 25.682014 140.027516 -29.684972
v 25.682014 151.652814 -21.953061
v 45.348069 151.652814 -27.976989
v 45.348069 151.652814 -27.976989
v 25.682014 151.652814 -21.953061
v 25.682014 162.329833 -30.745462
v 39.115274 162.607185 -33.924382
v 25.682014 167.329134 -46.742527
v 39.115274 162.607185 -33.924382
v 25.682014 162.329833 -30.745462
v 25.682014 135.976493 -46.742527
v 14.900404 140.010795 -36.454612
v 25.682014 140.027516 -29.684972
v 25.682014 140.027516 -29.684972
v 14.900404 140.010795 -36.454612
v 5.495899 151.652814 -27.480743
v 25.682014 151.652814 -21.953061
v 25.682014 151.652814 -21.953061
v 5.495899 151.652814 -27.480743
v 12.257388 162.764440 -33.932620
v 25.682014 162.329833 -30.745462
v 25.682014 167.329134 -46.742527
v 25.682014 162.329833 -30.745462
v 12.257388 162.764440 -33.932620
v 25.682014 135.976493 -46.742527
v 6.140174 142.206847 -46.742527
v 14.900404 140.010795 -36.454612
v 14.900404 140.010795 -36.454612
v 6.140174 142.206847 -46.742527
v 2.354882 151.652814 -46.742527
v 5.495899 151.652814 -27.480743
v 5.495899 151.652814 -27.480743
v 2.354882 151.652814 -46.742527
v 5.181914 162.711231 -46.742527
v 12.257388 162.764440 -33.932620
v 25.682014 167.329134 -46.742527
v 12.257388 162.764440 -33.932620
v 5.181914 162.711231 -46.742527
v 25.682014 135.976493 -46.742527
v 14.347205 139.949080 -57.558310
v 6.140174 142.206847 -46.742527
v 6.140174 142.206847 -46.742527
v 14.347205 139.949080 -57.558310
v 6.383989 151.652814 -65.156886
v 2.354882 151.652814 -46.742527
v 2.354882 151.652814 -46.742527
v 6.383989 151.652814 -65.156886
v 12.315784 162.105436 -59.496711
v 5.181914 162.711231 -46.742527
v 25.682014 167.329134 -46.742527
v 5.181914 162.711231 -46.742527
v 12.315784 162.105436 -59.496711
v 25.682014 135.976493 -46.742527
v 25.682014 139.939424 -65.492705
v 14.347205 139.949080 -57.558310
v 14.347205 139.949080 -57.558310
v 25.682014 139.939424 -65.492705
v 25.682014 151.652814 -68.826622
v 6.383989 151.652814 -65.156886
v 6.383989 151.652814 -65.156886
v 25.682014 151.652814 -68.826622
v 25.682014 163.661329 -62.487771
v 12.315784 162.105436 -59.496711
v 25.682014 167.329134 -46.742527
v 12.315784 162.105436 -59.496711
v 25.682014 163.661329 -62.487771
v 25.682014 135.976493 -46.742527
v 39.379267 141.072204 -59.812577
v 25.682014 139.939424 -65.492705
v 25.682014 139.939424 -65.492705
v 39.379267 141.072204 -59.812577
v 41.490469 151.652814 -61.827106
v 25.682014 151.652814 -68.826622
v 25.682014 151.652814 -68.826622
v 41.490469 151.652814 -61.827106
v 38.498827 162.190573 -58.972453
v 25.682014 163.661329 -62.487771
v 25.682014 167.329134 -46.742527
v 25.682014 163.661329 -62.487771
v 38.498827 162.190573 -58.972453
v 25.682014 135.976493 -46.742527
v 43.823378 140.771228 -46.742527
v 39.379267 141.072204 -59.812577
v 39.379267 141.072204 -59.812577
v 43.823378 140.771228 -46.742527
v 50.644397 151.652814 -46.742527
v 41.490469 151.652814 -61.827106
v 41.490469 151.652814 -61.827106
v 50.644397 151.652814 -46.742527
v 46.293971 161.222874 -46.742527
v 38.498827 162.190573 -58.972453
v 25.682014 167.329134 -46.742527
v 38.498827 162.190573 -58.972453
v 46.293971 161.222874 -46.742527
v 34.414193 115.437689 -27.643376
v 55.015333 121.362191 -6.411822
v 59.952506 120.241978 -27.643376
v 59.952506 120.241978 -27.643376
v 55.015333 121.362191 -6.411822
v 60.968648 138.374550 -0.276329
v 72.947283 138.374550 -27.643376
v 72.947283 138.374550 -27.643376
v 60.968648 138.374550 -0.276329
v 52.287949 154.041511 -9.222666
v 60.225342 154.022743 -27.643376
v 34.414193 161.311411 -27.643376
v 60.225342 154.022743 -27.643376
v 52.287949 154.041511 -9.222666
v 34.414193 115.437689 -27.643376
v 34.414193 122.596725 2.877434
v 55.015333 121.362191 -6.411822
v 55.015333 121.362191 -6.411822
v 34.414193 122.596725 2.877434
v 34.414193 138.374550 6.495500
v 60.968648 138.374550 -0.276329
v 60.968648 138.374550 -0.276329
v 34.414193 138.374550 6.495500
v 34.414193 156.334400 3.295358
v 52.287949 154.041511 -9.222666
v 34.414193 161.311411 -27.643376
v 52.287949 154.041511 -9.222666
v 34.414193 156.334400 3.295358
v 34.414193 115.437689 -27.643376
v 17.208271 124.344306 -9.910936
v 34.414193 122.596725 2.877434
v 34.414193 122.596725 2.877434
v 17.208271 124.344306 -9.910936
v 9.263771 138.374550 -1.723327
v 34.414193 138.374550 6.495500
v 34.414193 138.374550 6.495500
v 9.263771 138.374550 -1.723327
v 17.396197 156.857093 -10.104613
v 34.414193 156.334400 3.295358
v 34.414193 161.311411 -27.643376
v 34.414193 156.334400 3.295358
v 17.396197 156.857093 -10.104613
v 34.414193 115.437689 -27.643376
v 11.371201 124.386008 -27.643376
v 17.208271 124.344306 -9.910936
v 17.208271 124.344306 -9.910936
v 11.371201 124.386008 -27.643376
v 3.047122 138.374550 -27.643376
v 9.263771 138.374550 -1.723327
v 9.263771 138.374550 -1.723327
v 3.047122 138.374550 -27.643376
v 11.185003 153.876038 -27.643376
v 17.396197 156.857093 -10.104613
v 34.414193 161.311411 -27.643376
v 17.396197 156.857093 -10.104613
v 11.185003 153.876038 -27.643376
v 34.414193 115.437689 -27.643376
v 16.763107 122.050043 -45.834603
v 11.371201 124.386008 -27.643376
v 11.371201 124.386008 -27.643376
v 16.763107 122.050043 -45.834603
v 11.885037 138.374550 -50.861946
v 3.047122 138.374550 -27.643376
v 3.047122 138.374550 -27.643376
v 11.885037 138.374550 -50.861946
v 13.376156 152.291667 -49.325198
v 11.185003 153.876038 -27.643376
v 34.414193 161.311411 -27.643376
v 11.185003 153.876038 -27.643376
v 13.376156 152.291667 -49.325198
v 34.414193 115.437689 -27.643376
v 34.414193 123.151063 -54.578195
v 16.763107 122.050043 -45.834603
v 16.763107 122.050043 -45.834603
v 34.414193 123.151063 -54.578195
v 34.414193 138.374550 -64.464107
v 11.885037 138.374550 -50.861946
v 11.885037 138.374550 -50.861946
v 34.414193 138.374550 -64.464107
v 34.414193 155.826597 -57.401822
v 13.376156 152.291667 -49.325198
v 34.414193 161.311411 -27.643376
v 13.376156 152.291667 -49.325198
v 34.414193 155.826597 -57.401822
v 34.414193 115.437689 -27.643376
v 53.573781 120.784472 -47.389265
v 34.414193 123.151063 -54.578195
v 34.414193 123.151063 -54.578195
v 53.573781 120.784472 -47.389265
v 59.877925 138.374550 -53.886322
v 34.414193 138.374550 -64.464107
v 34.414193 138.374550 -64.464107
v 59.877925 138.374550 -53.886322
v 51.820086 155.122492 -45.581906
v 34.414193 155.826597 -57.401822
v 34.414193 161.311411 -27.643376
v 34.414193 155.826597 -57.401822
v 51.820086 155.122492 -45.581906
v 34.414193 115.437689 -27.643376
v 59.952506 120.241978 -27.643376
v 53.573781 120.784472 -47.389265
v 53.573781 120.784472 -47.389265
v 59.952506 120.241978 -27.643376
v 72.947283 138.374550 -27.643376
v 59.877925 138.374550 -53.886322
v 59.877925 138.374550 -53.886322
v 72.947283 138.374550 -27.643376
v 60.225342 154.022743 -27.643376
v 51.820086 155.122492 -45.581906
v 34.414193 161.311411 -27.643376
v 51.820086 155.122492 -45.581906
v 60.225342 154.022743 -27.643376
v 0.000000 150.044505 0.000000
v 15.837200 157.336313 15.176829
v 22.955168 156.115703 0.000000
v 22.955168 156.115703 0.000000
v 15.837200 157.336313 15.176829
v 21.436991 171.827440 20.543123
v 33.851205 171.827440 0.000000
v 33.851205 171.827440 0.000000
v 21.436991 171.827440 20.543123
v 19.873731 185.181872 19.045046
v 24.115494 186.347167 0.000000
v 0.000000 193.610376 0.000000
v 24.115494 186.347167 0.000000
v 19.873731 185.181872 19.045046
v 0.000000 150.044505 0.000000
v 0.000000 155.574697 25.067276
v 15.837200 157.336313 15.176829
v 15.837200 157.336313 15.176829
v 0.000000 155.574697 25.067276
v 0.000000 171.827440 33.104034
v 21.436991 171.827440 20.543123
v 21.436991 171.827440 20.543123
v 0.000000 171.827440 33.104034
v 0.000000 187.126223 26.067670
v 19.873731 185.181872 19.045046
v 0.000000 193.610376 0.000000
v 19.873731 185.181872 19.045046
v 0.000000 187.126223 26.067670
v 0.000000 150.044505 0.000000
v -17.313438 158.110183 16.591511
v 0.000000 155.574697 25.067276
v 0.000000 155.574697 25.067276
v -17.313438 158.110183 16.591511
v -24.689844 171.827440 23.660340
v 0.000000 171.827440 33.104034
v 0.000000 171.827440 33.104034
v -24.689844 171.827440 23.660340
v -16.537713 186.142710 15.848132
v 0.000000 187.126223 26.067670
v 0.000000 193.610376 0.000000
v 0.000000 187.126223 26.067670
v -16.537713 186.142710 15.848132
v 0.000000 150.044505 0.000000
v -27.336715 154.754824 0.000000
v -17.313438 158.110183 16.591511
v -17.313438 158.110183 16.591511
v -27.336715 154.754824 0.000000
v -30.697350 171.827440 0.000000
v -24.689844 171.827440 23.660340
v -24.689844 171.827440 23.660340
v -30.697350 171.827440 0.000000
v -28.442141 186.031298 0.000000
v -16.537713 186.142710 15.848132
v 0.000000 193.610376 0.000000
v -16.537713 186.142710 15.848132
v -28.442141 186.031298 0.000000
v 0.000000 150.044505 0.000000
v -17.447144 155.642933 -16.719642
v -27.336715 154.754824 0.000000
v -27.336715 154.754824 0.000000
v -17.447144 155.642933 -16.719642
v -24.583113 171.827440 -23.558060
v -30.697350 171.827440 0.000000
v -30.697350 171.827440 0.000000
v -24.583113 171.827440 -23.558060
v -16.487279 186.256823 -15.799801
v -28.442141 186.031298 0.000000
v 0.000000 193.610376 0.000000
v -28.442141 186.031298 0.000000
v -16.487279 186.256823 -15.799801
v 0.000000 150.044505 0.000000
v -0.000000 156.639019 -25.709027
v -17.447144 155.642933 -16.719642
v -17.447144 155.642933 -16.719642
v -0.000000 156.639019 -25.709027
v -0.000000 171.827440 -37.955748
v -24.583113 171.827440 -23.558060
v -24.583113 171.827440 -23.558060
v -0.000000 171.827440 -37.955748
v -0.000000 185.755881 -20.911914
v -16.487279 186.256823 -15.799801
v 0.000000 193.610376 0.000000
v -16.487279 186.256823 -15.799801
v -0.000000 185.755881 -20.911914
v 0.000000 150.044505 0.000000
v 18.617296 158.107271 -17.841002
v -0.000000 156.639019 -25.709027
v -0.000000 156.639019 -25.709027
v 18.617296 158.107271 -17.841002
v 22.166294 171.827440 -21.242015
v -0.000000 171.827440 -37.955748
v -0.000000 171.827440 -37.955748
v 22.166294 171.827440 -21.242015
v 17.472782 189.578220 -16.744211
v -0.000000 185.755881 -20.911914
v 0.000000 193.610376 0.000000
v -0.000000 185.755881 -20.911914
v 17.472782 189.578220 -16.744211
v 0.000000 150.044505 0.000000
v 22.955168 156.115703 0.000000
v 18.617296 158.107271 -17.841002
v 18.617296 158.107271 -17.841002
v 22.955168 156.115703 0.000000
v 33.851205 171.827440 0.000000
v 22.166294 171.827440 -21.242015
v 22.166294 171.827440 -21.242015
v 33.851205 171.827440 0.000000
v 24.115494 186.347167 0.000000
v 17.472782 189.578220 -16.744211
v 0.000000 193.610376 0.000000
v 17.472782 189.578220 -16.744211
v 24.115494 186.347167 0.000000
v 0.000000 139.808636 0.000000
v 14.145501 145.420190 11.520977
v 17.156853 144.280958 0.000000
v 17.156853 144.280958 0.000000
v 14.145501 145.420190 11.520977
v 19.489674 155.186711 15.873606
v 24.305102 155.186711 0.000000
v 24.305102 155.186711 0.000000
v 19.489674 155.186711 15.873606
v 12.783439 165.409044 10.411629
v 20.193312 166.769224 0.000000
v 0.000000 170.564787 0.000000
v 20.193312 166.769224 0.000000
v 12.783439 165.409044 10.411629
v 0.000000 139.808636 0.000000
v 0.000000 145.744015 13.519698
v 14.145501 145.420190 11.520977
v 14.145501 145.420190 11.520977
v 0.000000 145.744015 13.519698
v 0.000000 155.186711 20.986815
v 19.489674 155.186711 15.873606
v 19.489674 155.186711 15.873606
v 0.000000 155.186711 20.986815
v 0.000000 167.161777 14.025950
v 12.783439 165.409044 10.411629
v 0.000000 170.564787 0.000000
v 12.783439 165.409044 10.411629
v 0.000000 167.161777 14.025950
v 0.000000 139.808636 0.000000
v -13.452875 143.404041 10.956860
v 0.000000 145.744015 13.519698
v 0.000000 145.744015 13.519698
v -13.452875 143.404041 10.956860
v -20.161378 155.186711 16.420683
v 0.000000 155.186711 20.986815
v 0.000000 155.186711 20.986815
v -20.161378 155.186711 16.420683
v -12.915360 166.362259 10.519074
v 0.000000 167.161777 14.025950
v 0.000000 170.564787 0.000000
v 0.000000 167.161777 14.025950
v -12.915360 166.362259 10.519074
v 0.000000 139.808636 0.000000
v -14.873883 144.560549 0.000000
v -13.452875 143.404041 10.956860
v -13.452875 143.404041 10.956860
v -14.873883 144.560549 0.000000
v -27.647238 155.186711 0.000000
v -20.161378 155.186711 16.420683
v -20.161378 155.186711 16.420683
v -27.647238 155.186711 0.000000
v -17.584501 166.523432 0.000000
v -12.915360 166.362259 10.519074
v 0.000000 170.564787 0.000000
v -12.915360 166.362259 10.519074
v -17.584501 166.523432 0.000000
v 0.000000 139.808636 0.000000
v -10.947884 144.009786 -8.916639
v -14.873883 144.560549 0.000000
v -14.873883 144.560549 0.000000
v -10.947884 144.009786 -8.916639
v -15.072847 155.186711 -12.276266
v -27.647238 155.186711 0.000000
v -27.647238 155.186711 0.000000
v -15.072847 155.186711 -12.276266
v -11.785353 164.406451 -9.598726
v -17.584501 166.523432 0.000000
v 0.000000 170.564787 0.000000
v -17.584501 166.523432 0.000000
v -11.785353 164.406451 -9.598726
v 0.000000 139.808636 0.000000
v -0.000000 142.672466 -15.875991
v -10.947884 144.009786 -8.916639
v -10.947884 144.009786 -8.916639
v -0.000000 142.672466 -15.875991
v -0.000000 155.186711 -21.625450
v -15.072847 155.186711 -12.276266
v -15.072847 155.186711 -12.276266
v -0.000000 155.186711 -21.625450
v -0.000000 165.355122 -16.274811
v -11.785353 164.406451 -9.598726
v 0.000000 170.564787 0.000000
v -11.785353 164.406451 -9.598726
v -0.000000 165.355122 -16.274811
v 0.000000 139.808636 0.000000
v 11.951335 145.321812 -9.733912
v -0.000000 142.672466 -15.875991
v -0.000000 142.672466 -15.875991
v 11.951335 145.321812 -9.733912
v 15.860985 155.186711 -12.918175
v -0.000000 155.186711 -21.625450
v -0.000000 155.186711 -21.625450
v 15.860985 155.186711 -12.918175
v 11.817806 164.499775 -9.625158
v -0.000000 165.355122 -16.274811
v 0.000000 170.564787 0.000000
v -0.000000 165.355122 -16.274811
v 11.817806 164.499775 -9.625158
v 0.000000 139.808636 0.000000
v 17.156853 144.280958 0.000000
v 11.951335 145.321812 -9.733912
v 11.951335 145.321812 -9.733912
v 17.156853 144.280958 0.000000
v 24.305102 155.186711 0.000000
v 15.860985 155.186711 -12.918175
v 15.860985 155.186711 -12.918175
v 24.305102 155.186711 0.000000
v 20.193312 166.769224 0.000000
v 11.817806 164.499775 -9.625158
v 0.000000 170.564787 0.000000
v 11.817806 164.499775 -9.625158
v 20.193312 166.769224 0.000000
vt 0.000000 0.000000
vt 1.000000 0.000000
vt 1.000000 1.000000
vt 0.000000 1.000000
vt 0.500000 1.000000
vt 0.000000 0.000000
vt 1.000000 0.000000
vt 0.000000 0.000000
vt 1.000000 0.000000
vt 1.000000 1.000000
vt 0.000000 1.000000
vt 0.500000 1.000000
vt 0.000000 0.000000
vt 1.000000 0.000000
vt 0.000000 0.000000
vt 1.000000 0.000000
vt 1.000000 1.000000
vt 0.000000 1.000000
vt 0.500000 1.000000
vt 0.000000 0.000000
vt 1.000000 0.000000
vt 0.000000 0.000000
vt 1.000000 0.000000
vt 1.000000 1.000000
vt 0.000000 1.000000
vt 0.500000 1.000000
vt 0.000000 0.000000
vt 1.000000 0.000000
vt 0.000000 0.000000
vt 1.000000 0.000000
vt 1.000000 1.000000
vt 0.000000 1.000000
vt 0.500000 1.000000
vt 0.000000 0.000000
vt 1.000000 0.000000
vt 0.000000 0.000000
vt 1.000000 0.000000
vt 1.000000 1.000000
vt 0.000000 1.000000
vt 0.500000 1.000000
vt 0.000000 0.000000
vt 1.000000 0.000000
vt 0.000000 0.000000
vt 1.000000 0.000000
vt 1.000000 1.000000
vt 0.000000 1.000000
vt 0.500000 1.000000
vt 0.000000 0.000000
vt 1.000000 0.000000
vt 0.000000 0.000000
vt 1.000000 0.000000
vt 1.000000 1.000000
vt 0.000000 1.000000
vt 0.500000 1.000000
vt 0.000000 0.000000
vt 1.000000 0.000000
vt 0.000000 0.000000
vt 1.000000 0.000000
vt 1.000000 1.000000
vt 0.000000 1.000000
vt 0.500000 1.000000
vt 0.000000 0.000000
vt 1.000000 0.000000
vt 0.000000 0.000000
vt 1.000000 0.000000
vt 1.000000 1.000000
vt 0.000000 1.000000
vt 0.000000 0.000000
vt 1.000000 0.000000
vt 1.000000 1.000000
vt 0.000000 1.000000
vt 0.000000 0.000000
vt 1.000000 0.000000
vt 1.000000 1.000000
vt 0.000000 1.000000
vt 0.000000 0.000000
vt 1.000000 0.000000
vt 1.000000 1.000000
vt 0.000000 1.000000
vt 0.000000 0.000000
vt 1.000000 0.000000
vt 1.000000 1.000000
vt 0.000000 1.000000
vt 0.000000 0.000000
vt 1.000000 0.000000
vt 1.000000 1.000000
vt 0.000000 1.000000
vt 0.000000 0.000000
vt 1.000000 0.000000
vt 1.000000 1.000000
vt 0.000000 1.000000
vt 0.000000 0.000000
vt 1.000000 0.000000
vt 1.000000 1.000000
vt 0.000000 1.000000
vt 0.000000 0.000000
vt 1.000000 0.000000
vt 1.000000 1.000000
vt 0.000000 1.000000
vt 0.000000 0.000000
vt 1.000000 0.000000
vt 1.000000 1.000000
vt 0.000000 1.000000
vt 0.500000 1.000000
vt 0.000000 0.000000
vt 1.000000 0.000000
vt 0.000000 0.000000
vt 1.000000 0.000000
vt 1.000000 1.000000
vt 0.000000 1.000000
vt 0.500000 1.000000
vt 0.000000 0.000000
vt 1.000000 0.000000
vt 0.000000 0.000000
vt 1.000000 0.000000
vt 1.000000 1.000000
vt 0.000000 1.000000
vt 0.500000 1.000000
vt 0.000000 0.000000
vt 1.000000 0.000000
vt 0.000000 0.000000
vt 1.000000 0.000000
vt 1.000000 1.000000
vt 0.000000 1.000000
vt 0.500000 1.000000
vt 0.000000 0.000000
vt 1.000000 0.000000
vt 0.000000 0.000000
vt 1.000000 0.000000
vt 1.000000 1.000000
vt 0.000000 1.000000
vt 0.500000 1.000000
vt 0.000000 0.000000
vt 1.000000 0.000000
vt 0.000000 0.000000
vt 1.000000 0.000000
vt 1.000000 1.000000
vt 0.000000 1.000000
vt 0.500000 1.000000
vt 0.000000 0.000000
vt 1.000000 0.000000
vt 0.000000 0.000000
vt 1.000000 0.000000
vt 1.000000 1.000000
vt 0.000000 1.000000
vt 0.500000 1.000000
vt 0.000000 0.000000
vt 1.000000 0.000000
vt 0.000000 0.000000
vt 1.000000 0.000000
vt 1.000000 1.000000
vt 0.000000 1.000000
vt 0.500000 1.000000
vt 0.000000 0.000000
vt 1.000000 0.000000
vt 0.000000 0.000000
vt 1.000000 0.000000
vt 1.000000 1.000000
vt 0.000000 1.000000
vt 0.500000 1.000000
vt 0.000000 0.000000
vt 1.000000 0.000000
vt 0.000000 0.000000
vt 1.000000 0.000000
vt 1.000000 1.000000
vt 0.000000 1.000000
vt 0.500000 1.000000
vt 0.000000 0.000000
vt 1.000000 0.000000
vt 0.000000 0.000000
vt 1.000000 0.000000
vt 1.000000 1.000000
vt 0.000000 1.000000
vt 0.500000 1.000000
vt 0.000000 0.000000
vt 1.000000 0.000000
vt 0.000000 0.000000
vt 1.000000 0.000000
vt 1.000000 1.000000
vt 0.000000 1.000000
vt 0.500000 1.000000
vt 0.000000 0.000000
vt 1.000000 0.000000
vt 0.000000 0.000000
vt 1.000000 0.000000
vt 1.000000 1.000000
vt 0.000000 1.000000
vt 0.500000 1.000000
vt 0.000000 0.000000
vt 1.000000 0.000000
vt 0.000000 0.000000
vt 1.000000 0.000000
vt 1.000000 1.000000
vt 0.000000 1.000000
vt 0.500000 1.000000
vt 0.000000 0.000000
vt 1.000000 0.000000
vt 0.000000 0.000000
vt 1.000000 0.000000
vt 1.000000 1.000000
vt 0.000000 1.000000
vt 0.500000 1.000000
vt 0.000000 0.000000
vt 1.000000 0.000000
vt 0.000000 0.000000
vt 1.000000 0.000000
vt 1.000000 1.000000
vt 0.000000 1.000000
vt 0.500000 1.000000
vt 0.000000 0.000000
vt 1.000000 0.000000
vt 0.000000 0.000000
vt 1.000000 0.000000
vt 1.000000 1.000000
vt 0.000000 1.000000
vt 0.500000 1.000000
vt 0.000000 0.000000
vt 1.000000 0.000000
vt 0.000000 0.000000
vt 1.000000 0.000000
vt 1.000000 1.000000
vt 0.000000 1.000000
vt 0.500000 1.000000
vt 0.000000 0.000000
vt 1.000000 0.000000
vt 0.000000 0.000000
vt 1.000000 0.000000
vt 1.000000 1.000000
vt 0.000000 1.000000
vt 0.500000 1.000000
vt 0.000000 0.000000
vt 1.000000 0.000000
vt 0.000000 0.000000
vt 1.000000 0.000000
vt 1.000000 1.000000
vt 0.000000 1.000000
vt 0.500000 1.000000
vt 0.000000 0.000000
vt 1.000000 0.000000
vt 0.000000 0.000000
vt 1.000000 0.000000
vt 1.000000 1.000000
vt 0.000000 1.000000
vt 0.500000 1.000000
vt 0.000000 0.000000
vt 1.000000 0.000000
vt 0.000000 0.000000
vt 1.000000 0.000000
vt 1.000000 1.000000
vt 0.000000 1.000000
vt 0.500000 1.000000
vt 0.000000 0.000000
vt 1.000000 0.000000
vt 0.000000 0.000000
vt 1.000000 0.000000
vt 1.000000 1.000000
vt 0.000000 1.000000
vt 0.500000 1.000000
vt 0.000000 0.000000
vt 1.000000 0.000000
vt 0.000000 0.000000
vt 1.000000 0.000000
vt 1.000000 1.000000
vt 0.000000 1.000000
vt 0.500000 1.000000
vt 0.000000 0.000000
vt 1.000000 0.000000
vt 0.000000 0.000000
vt 1.000000 0.000000
vt 1.000000 1.000000
vt 0.000000 1.000000
vt 0.500000 1.000000
vt 0.000000 0.000000
vt 1.000000 0.000000
vt 0.000000 0.000000
vt 1.000000 0.000000
vt 1.000000 1.000000
vt 0.000000 1.000000
vt 0.500000 1.000000
vt 0.000000 0.000000
vt 1.000000 0.000000
vt 0.000000 0.000000
vt 1.000000 0.000000
vt 1.000000 1.000000
vt 0.000000 1.000000
vt 0.500000 1.000000
vt 0.000000 0.000000
vt 1.000000 0.000000
vt 0.000000 0.000000
vt 1.000000 0.000000
vt 1.000000 1.000000
vt 0.000000 1.000000
vt 0.500000 1.000000
vt 0.000000 0.000000
vt 1.000000 0.000000
vt 0.000000 0.000000
vt 1.000000 0.000000
vt 1.000000 1.000000
vt 0.000000 1.000000
vt 0.500000 1.000000
vt 0.000000 0.000000
vt 1.000000 0.000000
vt 0.000000 0.000000
vt 1.000000 0.000000
vt 1.000000 1.000000
vt 0.000000 1.000000
vt 0.500000 1.000000
vt 0.000000 0.000000
vt 1.000000 0.000000
vt 0.000000 0.000000
vt 1.000000 0.000000
vt 1.000000 1.000000
vt 0.000000 1.000000
vt 0.500000 1.000000
vt 0.000000 0.000000
vt 1.000000 0.000000
vt 0.000000 0.000000
vt 1.000000 0.000000
vt 1.000000 1.000000
vt 0.000000 1.000000
vt 0.500000 1.000000
vt 0.000000 0.000000
vt 1.000000 0.000000
vt 0.000000 0.000000
vt 1.000000 0.000000
vt 1.000000 1.000000
vt 0.000000 1.000000
vt 0.500000 1.000000
vt 0.000000 0.000000
vt 1.000000 0.000000
vt 0.000000 0.000000
vt 1.000000 0.000000
vt 1.000000 1.000000
vt 0.000000 1.000000
vt 0.500000 1.000000
vt 0.000000 0.000000
vt 1.000000 0.000000
vt 0.000000 0.000000
vt 1.000000 0.000000
vt 1.000000 1.000000
vt 0.000000 1.000000
vt 0.500000 1.000000
vt 0.000000 0.000000
vt 1.000000 0.000000
vt 0.000000 0.000000
vt 1.000000 0.000000
vt 1.000000 1.000000
vt 0.000000 1.000000
vt 0.500000 1.000000
vt 0.000000 0.000000
vt 1.000000 0.000000
vt 0.000000 0.000000
vt 1.000000 0.000000
vt 1.000000 1.000000
vt 0.000000 1.000000
vt 0.500000 1.000000
vt 0.000000 0.000000
vt 1.000000 0.000000
vt 0.000000 0.000000
vt 1.000000 0.000000
vt 1.000000 1.000000
vt 0.000000 1.000000
vt 0.500000 1.000000
vt 0.000000 0.000000
vt 1.000000 0.000000
vt 0.000000 0.000000
vt 1.000000 0.000000
vt 1.000000 1.000000
vt 0.000000 1.000000
vt 0.500000 1.000000
vt 0.000000 0.000000
vt 1.000000 0.000000
vt 0.000000 0.000000
vt 1.000000 0.000000
vt 1.000000 1.000000
vt 0.000000 1.000000
vt 0.500000 1.000000
vt 0.000000 0.000000
vt 1.000000 0.000000
vt 0.000000 0.000000
vt 1.000000 0.000000
vt 1.000000 1.000000
vt 0.000000 1.000000
vt 0.500000 1.000000
vt 0.000000 0.000000
vt 1.000000 0.000000
vt 0.000000 0.000000
vt 1.000000 0.000000
vt 1.000000 1.000000
vt 0.000000 1.000000
vt 0.500000 1.000000
vt 0.000000 0.000000
vt 1.000000 0.000000
vt 0.000000 0.000000
vt 1.000000 0.000000
vt 1.000000 1.000000
vt 0.000000 1.000000
vt 0.500000 1.000000
vt 0.000000 0.000000
vt 1.000000 0.000000
vt 0.000000 0.000000
vt 1.000000 0.000000
vt 1.000000 1.000000
vt 0.000000 1.000000
vt 0.500000 1.000000
vt 0.000000 0.000000
vt 1.000000 0.000000
vt 0.000000 0.000000
vt 1.000000 0.000000
vt 1.000000 1.000000
vt 0.000000 1.000000
vt 0.500000 1.000000
vt 0.000000 0.000000
vt 1.000000 0.000000
vt 0.000000 0.000000
vt 1.000000 0.000000
vt 1.000000 1.000000
vt 0.000000 1.000000
vt 0.500000 1.000000
vt 0.000000 0.000000
vt 1.000000 0.000000
vt 0.000000 0.000000
vt 1.000000 0.000000
vt 1.000000 1.000000
vt 0.000000 1.000000
vt 0.500000 1.000000
vt 0.000000 0.000000
vt 1.000000 0.000000
vt 0.000000 0.000000
vt 1.000000 0.000000
vt 1.000000 1.000000
vt 0.000000 1.000000
vt 0.500000 1.000000
vt 0.000000 0.000000
vt 1.000000 0.000000
vt 0.000000 0.000000
vt 1.000000 0.000000
vt 1.000000 1.000000
vt 0.000000 1.000000
vt 0.500000 1.000000
vt 0.000000 0.000000
vt 1.000000 0.000000
vt 0.000000 0.000000
vt 1.000000 0.000000
vt 1.000000 1.000000
vt 0.000000 1.000000
vt 0.500000 1.000000
vt 0.000000 0.000000
vt 1.000000 0.000000
vt 0.000000 0.000000
vt 1.000000 0.000000
vt 1.000000 1.000000
vt 0.000000 1.000000
vt 0.500000 1.000000
vt 0.000000 0.000000
vt 1.000000 0.000000
vt 0.000000 0.000000
vt 1.000000 0.000000
vt 1.000000 1.000000
vt 0.000000 1.000000
vt 0.500000 1.000000
vt 0.000000 0.000000
vt 1.000000 0.000000
vt 0.000000 0.000000
vt 1.000000 0.000000
vt 1.000000 1.000000
vt 0.000000 1.000000
vt 0.500000 1.000000
vt 0.000000 0.000000
vt 1.000000 0.000000
vt 0.000000 0.000000
vt 1.000000 0.000000
vt 1.000000 1.000000
vt 0.000000 1.000000
vt 0.500000 1.000000
vt 0.000000 0.000000
vt 1.000000 0.000000
vt 0.000000 0.000000
vt 1.000000 0.000000
vt 1.000000 1.000000
vt 0.000000 1.000000
vt 0.500000 1.000000
vt 0.000000 0.000000
vt 1.000000 0.000000
vt 0.000000 0.000000
vt 1.000000 0.000000
vt 1.000000 1.000000
vt 0.000000 1.000000
vt 0.500000 1.000000
vt 0.000000 0.000000
vt 1.000000 0.000000
vt 0.000000 0.000000
vt 1.000000 0.000000
vt 1.000000 1.000000
vt 0.000000 1.000000
vt 0.500000 1.000000
vt 0.000000 0.000000
vt 1.000000 0.000000
vt 0.000000 0.000000
vt 1.000000 0.000000
vt 1.000000 1.000000
vt 0.000000 1.000000
vt 0.500000 1.000000
vt 0.000000 0.000000
vt 1.000000 0.000000
vt 0.000000 0.000000
vt 1.000000 0.000000
vt 1.000000 1.000000
vt 0.000000 1.000000
vt 0.500000 1.000000
vt 0.000000 0.000000
vt 1.000000 0.000000
vt 0.000000 0.000000
vt 1.000000 0.000000
vt 1.000000 1.000000
vt 0.000000 1.000000
vt 0.500000 1.000000
vt 0.000000 0.000000
vt 1.000000 0.000000
vt 0.000000 0.000000
vt 1.000000 0.000000
vt 1.000000 1.000000
vt 0.000000 1.000000
vt 0.500000 1.000000
vt 0.000000 0.000000
vt 1.000000 0.000000
vt 0.000000 0.000000
vt 1.000000 0.000000
vt 1.000000 1.000000
vt 0.000000 1.000000
vt 0.500000 1.000000
vt 0.000000 0.000000
vt 1.000000 0.000000
vt 0.000000 0.000000
vt 1.000000 0.000000
vt 1.000000 1.000000
vt 0.000000 1.000000
vt 0.500000 1.000000
vt 0.000000 0.000000
vt 1.000000 0.000000
vt 0.000000 0.000000
vt 1.000000 0.000000
vt 1.000000 1.000000
vt 0.000000 1.000000
vt 0.500000 1.000000
vt 0.000000 0.000000
vt 1.000000 0.000000
vt 0.000000 0.000000
vt 1.000000 0.000000
vt 1.000000 1.000000
vt 0.000000 1.000000
vt 0.500000 1.000000
vt 0.000000 0.000000
vt 1.000000 0.000000
vt 0.000000 0.000000
vt 1.000000 0.000000
vt 1.000000 1.000000
vt 0.000000 1.000000
vt 0.500000 1.000000
vt 0.000000 0.000000
vt 1.000000 0.000000
vt 0.000000 0.000000
vt 1.000000 0.000000
vt 1.000000 1.000000
vt 0.000000 1.000000
vt 0.500000 1.000000
vt 0.000000 0.000000
vt 1.000000 0.000000
vt 0.000000 0.000000
vt 1.000000 0.000000
vt 1.000000 1.000000
vt 0.000000 1.000000
vt 0.500000 1.000000
vt 0.000000 0.000000
vt 1.000000 0.000000
vt 0.000000 0.000000
vt 1.000000 0.000000
vt 1.000000 1.000000
vt 0.000000 1.000000
vt 0.500000 1.000000
vt 0.000000 0.000000
vt 1.000000 0.000000
vt 0.000000 0.000000
vt 1.000000 0.000000
vt 1.000000 1.000000
vt 0.000000 1.000000
vt 0.500000 1.000000
vt 0.000000 0.000000
vt 1.000000 0.000000
vt 0.000000 0.000000
vt 1.000000 0.000000
vt 1.000000 1.000000
vt 0.000000 1.000000
vt 0.500000 1.000000
vt 0.000000 0.000000
vt 1.000000 0.000000
vt 0.000000 0.000000
vt 1.000000 0.000000
vt 1.000000 1.000000
vt 0.000000 1.000000
vt 0.500000 1.000000
vt 0.000000 0.000000
vt 1.000000 0.000000
vt 0.000000 0.000000
vt 1.000000 0.000000
vt 1.000000 1.000000
vt 0.000000 1.000000
vt 0.500000 1.000000
vt 0.000000 0.000000
vt 1.000000 0.000000
vt 0.000000 0.000000
vt 1.000000 0.000000
vt 1.000000 1.000000
vt 0.000000 1.000000
vt 0.500000 1.000000
vt 0.000000 0.000000
vt 1.000000 0.000000
vt 0.000000 0.000000
vt 1.000000 0.000000
vt 1.000000 1.000000
vt 0.000000 1.000000
vt 0.500000 1.000000
vt 0.000000 0.000000
vt 1.000000 0.000000
vt 0.000000 0.000000
vt 1.000000 0.000000
vt 1.000000 1.000000
vt 0.000000 1.000000
vt 0.500000 1.000000
vt 0.000000 0.000000
vt 1.000000 0.000000
vt 0.000000 0.000000
vt 1.000000 0.000000
vt 1.000000 1.000000
vt 0.000000 1.000000
vt 0.500000 1.000000
vt 0.000000 0.000000
vt 1.000000 0.000000
vt 0.000000 0.000000
vt 1.000000 0.000000
vt 1.000000 1.000000
vt 0.000000 1.000000
vt 0.500000 1.000000
vt 0.000000 0.000000
vt 1.000000 0.000000
vt 0.000000 0.000000
vt 1.000000 0.000000
vt 1.000000 1.000000
vt 0.000000 1.000000
vt 0.500000 1.000000
vt 0.000000 0.000000
vt 1.000000 0.000000
vt 0.000000 0.000000
vt 1.000000 0.000000
vt 1.000000 1.000000
vt 0.000000 1.000000
vt 0.500000 1.000000
vt 0.000000 0.000000
vt 1.000000 0.000000
vt 0.000000 0.000000
vt 1.000000 0.000000
vt 1.000000 1.000000
vt 0.000000 1.000000
vt 0.500000 1.000000
vt 0.000000 0.000000
vt 1.000000 0.000000
vt 0.000000 0.000000
vt 1.000000 0.000000
vt 1.000000 1.000000
vt 0.000000 1.000000
vt 0.500000 1.000000
vt 0.000000 0.000000
vt 1.000000 0.000000
vt 0.000000 0.000000
vt 1.000000 0.000000
vt 1.000000 1.000000
vt 0.000000 1.000000
vt 0.500000 1.000000
vt 0.000000 0.000000
vt 1.000000 0.000000
vt 0.000000 0.000000
vt 1.000000 0.000000
vt 1.000000 1.000000
vt 0.000000 1.000000
vt 0.500000 1.000000
vt 0.000000 0.000000
vt 1.000000 0.000000
vt 0.000000 0.000000
vt 1.000000 0.000000
vt 1.000000 1.000000
vt 0.000000 1.000000
vt 0.500000 1.000000
vt 0.000000 0.000000
vt 1.000000 0.000000
vt 0.000000 0.000000
vt 1.000000 0.000000
vt 1.000000 1.000000
vt 0.000000 1.000000
vt 0.500000 1.000000
vt 0.000000 0.000000
vt 1.000000 0.000000
vt 0.000000 0.000000
vt 1.000000 0.000000
vt 1.000000 1.000000
vt 0.000000 1.000000
vt 0.500000 1.000000
vt 0.000000 0.000000
vt 1.000000 0.000000
vt 0.000000 0.000000
vt 1.000000 0.000000
vt 1.000000 1.000000
vt 0.000000 1.000000
vt 0.500000 1.000000
vt 0.000000 0.000000
vt 1.000000 0.000000
vt 0.000000 0.000000
vt 1.000000 0.000000
vt 1.000000 1.000000
vt 0.000000 1.000000
vt 0.500000 1.000000
vt 0.000000 0.000000
vt 1.000000 0.000000
vt 0.000000 0.000000
vt 1.000000 0.000000
vt 1.000000 1.000000
vt 0.000000 1.000000
vt 0.500000 1.000000
vt 0.000000 0.000000
vt 1.000000 0.000000
vt 0.000000 0.000000
vt 1.000000 0.000000
vt 1.000000 1.000000
vt 0.000000 1.000000
vt 0.500000 1.000000
vt 0.000000 0.000000
vt 1.000000 0.000000
vt 0.000000 0.000000
vt 1.000000 0.000000
vt 1.000000 1.000000
vt 0.000000 1.000000
vt 0.500000 1.000000
vt 0.000000 0.000000
vt 1.000000 0.000000
vt 0.000000 0.000000
vt 1.000000 0.000000
vt 1.000000 1.000000
vt 0.000000 1.000000
vt 0.500000 1.000000
vt 0.000000 0.000000
vt 1.000000 0.000000
vt 0.000000 0.000000
vt 1.000000 0.000000
vt 1.000000 1.000000
vt 0.000000 1.000000
vt 0.500000 1.000000
vt 0.000000 0.000000
vt 1.000000 0.000000
vt 0.000000 0.000000
vt 1.000000 0.000000
vt 1.000000 1.000000
vt 0.000000 1.000000
vt 0.500000 1.000000
vt 0.000000 0.000000
vt 1.000000 0.000000
vt 0.000000 0.000000
vt 1.000000 0.000000
vt 1.000000 1.000000
vt 0.000000 1.000000
vt 0.500000 1.000000
vt 0.000000 0.000000
vt 1.000000 0.000000
vt 0.000000 0.000000
vt 1.000000 0.000000
vt 1.000000 1.000000
vt 0.000000 1.000000
vt 0.500000 1.000000
vt 0.000000 0.000000
vt 1.000000 0.000000
vt 0.000000 0.000000
vt 1.000000 0.000000
vt 1.000000 1.000000
vt 0.000000 1.000000
vt 0.500000 1.000000
vt 0.000000 0.000000
vt 1.000000 0.000000
vt 0.000000 0.000000
vt 1.000000 0.000000
vt 1.000000 1.000000
vt 0.000000 1.000000
vt 0.500000 1.000000
vt 0.000000 0.000000
vt 1.000000 0.000000
vt 0.000000 0.000000
vt 1.000000 0.000000
vt 1.000000 1.000000
vt 0.000000 1.000000
vt 0.500000 1.000000
vt 0.000000 0.000000
vt 1.000000 0.000000
vt 0.000000 0.000000
vt 1.000000 0.000000
vt 1.000000 1.000000
vt 0.000000 1.000000
vt 0.500000 1.000000
vt 0.000000 0.000000
vt 1.000000 0.000000
vt 0.000000 0.000000
vt 1.000000 0.000000
vt 1.000000 1.000000
vt 0.000000 1.000000
vt 0.500000 1.000000
vt 0.000000 0.000000
vt 1.000000 0.000000
vt 0.000000 0.000000
vt 1.000000 0.000000
vt 1.000000 1.000000
vt 0.000000 1.000000
vt 0.500000 1.000000
vt 0.000000 0.000000
vt 1.000000 0.000000
vt 0.000000 0.000000
vt 1.000000 0.000000
vt 1.000000 1.000000
vt 0.000000 1.000000
vt 0.500000 1.000000
vt 0.000000 0.000000
vt 1.000000 0.000000
vt 0.000000 0.000000
vt 1.000000 0.000000
vt 1.000000 1.000000
vt 0.000000 1.000000
vt 0.500000 1.000000
vt 0.000000 0.000000
vt 1.000000 0.000000
vt 0.000000 0.000000
vt 1.000000 0.000000
vt 1.000000 1.000000
vt 0.000000 1.000000
vt 0.500000 1.000000
vt 0.000000 0.000000
vt 1.000000 0.000000
vt 0.000000 0.000000
vt 1.000000 0.000000
vt 1.000000 1.000000
vt 0.000000 1.000000
vt 0.500000 1.000000
vt 0.000000 0.000000
vt 1.000000 0.000000
vt 0.000000 0.000000
vt 1.000000 0.000000
vt 1.000000 1.000000
vt 0.000000 1.000000
vt 0.500000 1.000000
vt 0.000000 0.000000
vt 1.000000 0.000000
vt 0.000000 0.000000
vt 1.000000 0.000000
vt 1.000000 1.000000
vt 0.000000 1.000000
vt 0.500000 1.000000
vt 0.000000 0.000000
vt 1.000000 0.000000
vt 0.000000 0.000000
vt 1.000000 0.000000
vt 1.000000 1.000000
vt 0.000000 1.000000
vt 0.500000 1.000000
vt 0.000000 0.000000
vt 1.000000 0.000000
vt 0.000000 0.000000
vt 1.000000 0.000000
vt 1.000000 1.000000
vt 0.000000 1.000000
vt 0.500000 1.000000
vt 0.000000 0.000000
vt 1.000000 0.000000
vt 0.000000 0.000000
vt 1.000000 0.000000
vt 1.000000 1.000000
vt 0.000000 1.000000
vt 0.500000 1.000000
vt 0.000000 0.000000
vt 1.000000 0.000000
vt 0.000000 0.000000
vt 1.000000 0.000000
vt 1.000000 1.000000
vt 0.000000 1.000000
vt 0.500000 1.000000
vt 0.000000 0.000000
vt 1.000000 0.000000
vt 0.000000 0.000000
vt 1.000000 0.000000
vt 1.000000 1.000000
vt 0.000000 1.000000
vt 0.500000 1.000000
vt 0.000000 0.000000
vt 1.000000 0.000000
vt 0.000000 0.000000
vt 1.000000 0.000000
vt 1.000000 1.000000
vt 0.000000 1.000000
vt 0.500000 1.000000
vt 0.000000 0.000000
vt 1.000000 0.000000
vt 0.000000 0.000000
vt 1.000000 0.000000
vt 1.000000 1.000000
vt 0.000000 1.000000
vt 0.500000 1.000000
vt 0.000000 0.000000
vt 1.000000 0.000000
vt 0.000000 0.000000
vt 1.000000 0.000000
vt 1.000000 1.000000
vt 0.000000 1.000000
vt 0.500000 1.000000
vt 0.000000 0.000000
vt 1.000000 0.000000
vt 0.000000 0.000000
vt 1.000000 0.000000
vt 1.000000 1.000000
vt 0.000000 1.000000
vt 0.500000 1.000000
vt 0.000000 0.000000
vt 1.000000 0.000000
vt 0.000000 0.000000
vt 1.000000 0.000000
vt 1.000000 1.000000
vt 0.000000 1.000000
vt 0.500000 1.000000
vt 0.000000 0.000000
vt 1.000000 0.000000
vt 0.000000 0.000000
vt 1.000000 0.000000
vt 1.000000 1.000000
vt 0.000000 1.000000
vt 0.500000 1.000000
vt 0.000000 0.000000
vt 1.000000 0.000000
vt 0.000000 0.000000
vt 1.000000 0.000000
vt 1.000000 1.000000
vt 0.000000 1.000000
vt 0.500000 1.000000
vt 0.000000 0.000000
vt 1.000000 0.000000
vt 0.000000 0.000000
vt 1.000000 0.000000
vt 1.000000 1.000000
vt 0.000000 1.000000
vt 0.500000 1.000000
vt 0.000000 0.000000
vt 1.000000 0.000000
vt 0.000000 0.000000
vt 1.000000 0.000000
vt 1.000000 1.000000
vt 0.000000 1.000000
vt 0.500000 1.000000
vt 0.000000 0.000000
vt 1.000000 0.000000
vt 0.000000 0.000000
vt 1.000000 0.000000
vt 1.000000 1.000000
vt 0.000000 1.000000
vt 0.500000 1.000000
vt 0.000000 0.000000
vt 1.000000 0.000000
vt 0.000000 0.000000
vt 1.000000 0.000000
vt 1.000000 1.000000
vt 0.000000 1.000000
vt 0.500000 1.000000
vt 0.000000 0.000000
vt 1.000000 0.000000
vt 0.000000 0.000000
vt 1.000000 0.000000
vt 1.000000 1.000000
vt 0.000000 1.000000
vt 0.500000 1.000000
vt 0.000000 0.000000
vt 1.000000 0.000000
vt 0.000000 0.000000
vt 1.000000 0.000000
vt 1.000000 1.000000
vt 0.000000 1.000000
vt 0.500000 1.000000
vt 0.000000 0.000000
vt 1.000000 0.000000
vt 0.000000 0.000000
vt 1.000000 0.000000
vt 1.000000 1.000000
vt 0.000000 1.000000
vt 0.500000 1.000000
vt 0.000000 0.000000
vt 1.000000 0.000000
vt 0.000000 0.000000
vt 1.000000 0.000000
vt 1.000000 1.000000
vt 0.000000 1.000000
vt 0.500000 1.000000
vt 0.000000 0.000000
vt 1.000000 0.000000
vt 0.500000 1.000000
vt 0.000000 0.000000
vt 1.000000 0.000000
vt 0.000000 0.000000
vt 1.000000 0.000000
vt 1.000000 1.000000
vt 0.000000 1.000000
vt 0.000000 0.000000
vt 1.000000 0.000000
vt 1.000000 1.000000
vt 0.000000 1.000000
vt 0.500000 1.000000
vt 0.000000 0.000000
vt 1.000000 0.000000
vt 0.500000 1.000000
vt 0.000000 0.000000
vt 1.000000 0.000000
vt 0.000000 0.000000
vt 1.000000 0.000000
vt 1.000000 1.000000
vt 0.000000 1.000000
vt 0.000000 0.000000
vt 1.000000 0.000000
vt 1.000000 1.000000
vt 0.000000 1.000000
vt 0.500000 1.000000
vt 0.000000 0.000000
vt 1.000000 0.000000
vt 0.500000 1.000000
vt 0.000000 0.000000
vt 1.000000 0.000000
vt 0.000000 0.000000
vt 1.000000 0.000000
vt 1.000000 1.000000
vt 0.000000 1.000000
vt 0.000000 0.000000
vt 1.000000 0.000000
vt 1.000000 1.000000
vt 0.000000 1.000000
vt 0.500000 1.000000
vt 0.000000 0.000000
vt 1.000000 0.000000
vt 0.500000 1.000000
vt 0.000000 0.000000
vt 1.000000 0.000000
vt 0.000000 0.000000
vt 1.000000 0.000000
vt 1.000000 1.000000
vt 0.000000 1.000000
vt 0.000000 0.000000
vt 1.000000 0.000000
vt 1.000000 1.000000
vt 0.000000 1.000000
vt 0.500000 1.000000
vt 0.000000 0.000000
vt 1.000000 0.000000
vt 0.500000 1.000000
vt 0.000000 0.000000
vt 1.000000 0.000000
vt 0.000000 0.000000
vt 1.000000 0.000000
vt 1.000000 1.000000
vt 0.000000 1.000000
vt 0.000000 0.000000
vt 1.000000 0.000000
vt 1.000000 1.000000
vt 0.000000 1.000000
vt 0.500000 1.000000
vt 0.000000 0.000000
vt 1.000000 0.000000
vt 0.500000 1.000000
vt 0.000000 0.000000
vt 1.000000 0.000000
vt 0.000000 0.000000
vt 1.000000 0.000000
vt 1.000000 1.000000
vt 0.000000 1.000000
vt 0.000000 0.000000
vt 1.000000 0.000000
vt 1.000000 1.000000
vt 0.000000 1.000000
vt 0.500000 1.000000
vt 0.000000 0.000000
vt 1.000000 0.000000
vt 0.500000 1.000000
vt 0.000000 0.000000
vt 1.000000 0.000000
vt 0.000000 0.000000
vt 1.000000 0.000000
vt 1.000000 1.000000
vt 0.000000 1.000000
vt 0.000000 0.000000
vt 1.000000 0.000000
vt 1.000000 1.000000
vt 0.000000 1.000000
vt 0.500000 1.000000
vt 0.000000 0.000000
vt 1.000000 0.000000
vt 0.500000 1.000000
vt 0.000000 0.000000
vt 1.000000 0.000000
vt 0.000000 0.000000
vt 1.000000 0.000000
vt 1.000000 1.000000
vt 0.000000 1.000000
vt 0.000000 0.000000
vt 1.000000 0.000000
vt 1.000000 1.000000
vt 0.000000 1.000000
vt 0.500000 1.000000
vt 0.000000 0.000000
vt 1.000000 0.000000
vt 0.500000 1.000000
vt 0.000000 0.000000
vt 1.000000 0.000000
vt 0.000000 0.000000
vt 1.000000 0.000000
vt 1.000000 1.000000
vt 0.000000 1.000000
vt 0.000000 0.000000
vt 1.000000 0.000000
vt 1.000000 1.000000
vt 0.000000 1.000000
vt 0.500000 1.000000
vt 0.000000 0.000000
vt 1.000000 0.000000
vt 0.500000 1.000000
vt 0.000000 0.000000
vt 1.000000 0.000000
vt 0.000000 0.000000
vt 1.000000 0.000000
vt 1.000000 1.000000
vt 0.000000 1.000000
vt 0.000000 0.000000
vt 1.000000 0.000000
vt 1.000000 1.000000
vt 0.000000 1.000000
vt 0.500000 1.000000
vt 0.000000 0.000000
vt 1.000000 0.000000
vt 0.500000 1.000000
vt 0.000000 0.000000
vt 1.000000 0.000000
vt 0.000000 0.000000
vt 1.000000 0.000000
vt 1.000000 1.000000
vt 0.000000 1.000000
vt 0.000000 0.000000
vt 1.000000 0.000000
vt 1.000000 1.000000
vt 0.000000 1.000000
vt 0.500000 1.000000
vt 0.000000 0.000000
vt 1.000000 0.000000
vt 0.500000 1.000000
vt 0.000000 0.000000
vt 1.000000 0.000000
vt 0.000000 0.000000
vt 1.000000 0.000000
vt 1.000000 1.000000
vt 0.000000 1.000000
vt 0.000000 0.000000
vt 1.000000 0.000000
vt 1.000000 1.000000
vt 0.000000 1.000000
vt 0.500000 1.000000
vt 0.000000 0.000000
vt 1.000000 0.000000
vt 0.500000 1.000000
vt 0.000000 0.000000
vt 1.000000 0.000000
vt 0.000000 0.000000
vt 1.000000 0.000000
vt 1.000000 1.000000
vt 0.000000 1.000000
vt 0.000000 0.000000
vt 1.000000 0.000000
vt 1.000000 1.000000
vt 0.000000 1.000000
vt 0.500000 1.000000
vt 0.000000 0.000000
vt 1.000000 0.000000
vt 0.500000 1.000000
vt 0.000000 0.000000
vt 1.000000 0.000000
vt 0.000000 0.000000
vt 1.000000 0.000000
vt 1.000000 1.000000
vt 0.000000 1.000000
vt 0.000000 0.000000
vt 1.000000 0.000000
vt 1.000000 1.000000
vt 0.000000 1.000000
vt 0.500000 1.000000
vt 0.000000 0.000000
vt 1.000000 0.000000
vt 0.500000 1.000000
vt 0.000000 0.000000
vt 1.000000 0.000000
vt 0.000000 0.000000
vt 1.000000 0.000000
vt 1.000000 1.000000
vt 0.000000 1.000000
vt 0.000000 0.000000
vt 1.000000 0.000000
vt 1.000000 1.000000
vt 0.000000 1.000000
vt 0.500000 1.000000
vt 0.000000 0.000000
vt 1.000000 0.000000
vt 0.500000 1.000000
vt 0.000000 0.000000
vt 1.000000 0.000000
vt 0.000000 0.000000
vt 1.000000 0.000000
vt 1.000000 1.000000
vt 0.000000 1.000000
vt 0.000000 0.000000
vt 1.000000 0.000000
vt 1.000000 1.000000
vt 0.000000 1.000000
vt 0.500000 1.000000
vt 0.000000 0.000000
vt 1.000000 0.000000
vt 0.500000 1.000000
vt 0.000000 0.000000
vt 1.000000 0.000000
vt 0.000000 0.000000
vt 1.000000 0.000000
vt 1.000000 1.000000
vt 0.000000 1.000000
vt 0.000000 0.000000
vt 1.000000 0.000000
vt 1.000000 1.000000
vt 0.000000 1.000000
vt 0.500000 1.000000
vt 0.000000 0.000000
vt 1.000000 0.000000
vt 0.500000 1.000000
vt 0.000000 0.000000
vt 1.000000 0.000000
vt 0.000000 0.000000
vt 1.000000 0.000000
vt 1.000000 1.000000
vt 0.000000 1.000000
vt 0.000000 0.000000
vt 1.000000 0.000000
vt 1.000000 1.000000
vt 0.000000 1.000000
vt 0.500000 1.000000
vt 0.000000 0.000000
vt 1.000000 0.000000
vt 0.500000 1.000000
vt 0.000000 0.000000
vt 1.000000 0.000000
vt 0.000000 0.000000
vt 1.000000 0.000000
vt 1.000000 1.000000
vt 0.000000 1.000000
vt 0.000000 0.000000
vt 1.000000 0.000000
vt 1.000000 1.000000
vt 0.000000 1.000000
vt 0.500000 1.000000
vt 0.000000 0.000000
vt 1.000000 0.000000
vt 0.500000 1.000000
vt 0.000000 0.000000
vt 1.000000 0.000000
vt 0.000000 0.000000
vt 1.000000 0.000000
vt 1.000000 1.000000
vt 0.000000 1.000000
vt 0.000000 0.000000
vt 1.000000 0.000000
vt 1.000000 1.000000
vt 0.000000 1.000000
vt 0.500000 1.000000
vt 0.000000 0.000000
vt 1.000000 0.000000
vt 0.500000 1.000000
vt 0.000000 0.000000
vt 1.000000 0.000000
vt 0.000000 0.000000
vt 1.000000 0.000000
vt 1.000000 1.000000
vt 0.000000 1.000000
vt 0.000000 0.000000
vt 1.000000 0.000000
vt 1.000000 1.000000
vt 0.000000 1.000000
vt 0.500000 1.000000
vt 0.000000 0.000000
vt 1.000000 0.000000
vt 0.500000 1.000000
vt 0.000000 0.000000
vt 1.000000 0.000000
vt 0.000000 0.000000
vt 1.000000 0.000000
vt 1.000000 1.000000
vt 0.000000 1.000000
vt 0.000000 0.000000
vt 1.000000 0.000000
vt 1.000000 1.000000
vt 0.000000 1.000000
vt 0.500000 1.000000
vt 0.000000 0.000000
vt 1.000000 0.000000
vt 0.500000 1.000000
vt 0.000000 0.000000
vt 1.000000 0.000000
vt 0.000000 0.000000
vt 1.000000 0.000000
vt 1.000000 1.000000
vt 0.000000 1.000000
vt 0.000000 0.000000
vt 1.000000 0.000000
vt 1.000000 1.000000
vt 0.000000 1.000000
vt 0.500000 1.000000
vt 0.000000 0.000000
vt 1.000000 0.000000
vt 0.500000 1.000000
vt 0.000000 0.000000
vt 1.000000 0.000000
vt 0.000000 0.000000
vt 1.000000 0.000000
vt 1.000000 1.000000
vt 0.000000 1.000000
vt 0.000000 0.000000
vt 1.000000 0.000000
vt 1.000000 1.000000
vt 0.000000 1.000000
vt 0.500000 1.000000
vt 0.000000 0.000000
vt 1.000000 0.000000
vt 0.500000 1.000000
vt 0.000000 0.000000
vt 1.000000 0.000000
vt 0.000000 0.000000
vt 1.000000 0.000000
vt 1.000000 1.000000
vt 0.000000 1.000000
vt 0.000000 0.000000
vt 1.000000 0.000000
vt 1.000000 1.000000
vt 0.000000 1.000000
vt 0.500000 1.000000
vt 0.000000 0.000000
vt 1.000000 0.000000
vt 0.500000 1.000000
vt 0.000000 0.000000
vt 1.000000 0.000000
vt 0.000000 0.000000
vt 1.000000 0.000000
vt 1.000000 1.000000
vt 0.000000 1.000000
vt 0.000000 0.000000
vt 1.000000 0.000000
vt 1.000000 1.000000
vt 0.000000 1.000000
vt 0.500000 1.000000
vt 0.000000 0.000000
vt 1.000000 0.000000
vt 0.500000 1.000000
vt 0.000000 0.000000
vt 1.000000 0.000000
vt 0.000000 0.000000
vt 1.000000 0.000000
vt 1.000000 1.000000
vt 0.000000 1.000000
vt 0.000000 0.000000
vt 1.000000 0.000000
vt 1.000000 1.000000
vt 0.000000 1.000000
vt 0.500000 1.000000
vt 0.000000 0.000000
vt 1.000000 0.000000
vt 0.500000 1.000000
vt 0.000000 0.000000
vt 1.000000 0.000000
vt 0.000000 0.000000
vt 1.000000 0.000000
vt 1.000000 1.000000
vt 0.000000 1.000000
vt 0.000000 0.000000
vt 1.000000 0.000000
vt 1.000000 1.000000
vt 0.000000 1.000000
vt 0.500000 1.000000
vt 0.000000 0.000000
vt 1.000000 0.000000
vt 0.500000 1.000000
vt 0.000000 0.000000
vt 1.000000 0.000000
vt 0.000000 0.000000
vt 1.000000 0.000000
vt 1.000000 1.000000
vt 0.000000 1.000000
vt 0.000000 0.000000
vt 1.000000 0.000000
vt 1.000000 1.000000
vt 0.000000 1.000000
vt 0.500000 1.000000
vt 0.000000 0.000000
vt 1.000000 0.000000
vt 0.500000 1.000000
vt 0.000000 0.000000
vt 1.000000 0.000000
vt 0.000000 0.000000
vt 1.000000 0.000000
vt 1.000000 1.000000
vt 0.000000 1.000000
vt 0.000000 0.000000
vt 1.000000 0.000000
vt 1.000000 1.000000
vt 0.000000 1.000000
vt 0.500000 1.000000
vt 0.000000 0.000000
vt 1.000000 0.000000
vt 0.500000 1.000000
vt 0.000000 0.000000
vt 1.000000 0.000000
vt 0.000000 0.000000
vt 1.000000 0.000000
vt 1.000000 1.000000
vt 0.000000 1.000000
vt 0.000000 0.000000
vt 1.000000 0.000000
vt 1.000000 1.000000
vt 0.000000 1.000000
vt 0.500000 1.000000
vt 0.000000 0.000000
vt 1.000000 0.000000
vt 0.500000 1.000000
vt 0.000000 0.000000
vt 1.000000 0.000000
vt 0.000000 0.000000
vt 1.000000 0.000000
vt 1.000000 1.000000
vt 0.000000 1.000000
vt 0.000000 0.000000
vt 1.000000 0.000000
vt 1.000000 1.000000
vt 0.000000 1.000000
vt 0.500000 1.000000
vt 0.000000 0.000000
vt 1.000000 0.000000
vt 0.500000 1.000000
vt 0.000000 0.000000
vt 1.000000 0.000000
vt 0.000000 0.000000
vt 1.000000 0.000000
vt 1.000000 1.000000
vt 0.000000 1.000000
vt 0.000000 0.000000
vt 1.000000 0.000000
vt 1.000000 1.000000
vt 0.000000 1.000000
vt 0.500000 1.000000
vt 0.000000 0.000000
vt 1.000000 0.000000
vt 0.500000 1.000000
vt 0.000000 0.000000
vt 1.000000 0.000000
vt 0.000000 0.000000
vt 1.000000 0.000000
vt 1.000000 1.000000
vt 0.000000 1.000000
vt 0.000000 0.000000
vt 1.000000 0.000000
vt 1.000000 1.000000
vt 0.000000 1.000000
vt 0.500000 1.000000
vt 0.000000 0.000000
vt 1.000000 0.000000
vt 0.500000 1.000000
vt 0.000000 0.000000
vt 1.000000 0.000000
vt 0.000000 0.000000
vt 1.000000 0.000000
vt 1.000000 1.000000
vt 0.000000 1.000000
vt 0.000000 0.000000
vt 1.000000 0.000000
vt 1.000000 1.000000
vt 0.000000 1.000000
vt 0.500000 1.000000
vt 0.000000 0.000000
vt 1.000000 0.000000
vt 0.500000 1.000000
vt 0.000000 0.000000
vt 1.000000 0.000000
vt 0.000000 0.000000
vt 1.000000 0.000000
vt 1.000000 1.000000
vt 0.000000 1.000000
vt 0.000000 0.000000
vt 1.000000 0.000000
vt 1.000000 1.000000
vt 0.000000 1.000000
vt 0.500000 1.000000
vt 0.000000 0.000000
vt 1.000000 0.000000
vt 0.500000 1.000000
vt 0.000000 0.000000
vt 1.000000 0.000000
vt 0.000000 0.000000
vt 1.000000 0.000000
vt 1.000000 1.000000
vt 0.000000 1.000000
vt 0.000000 0.000000
vt 1.000000 0.000000
vt 1.000000 1.000000
vt 0.000000 1.000000
vt 0.500000 1.000000
vt 0.000000 0.000000
vt 1.000000 0.000000
vt 0.500000 1.000000
vt 0.000000 0.000000
vt 1.000000 0.000000
vt 0.000000 0.000000
vt 1.000000 0.000000
vt 1.000000 1.000000
vt 0.000000 1.000000
vt 0.000000 0.000000
vt 1.000000 0.000000
vt 1.000000 1.000000
vt 0.000000 1.000000
vt 0.500000 1.000000
vt 0.000000 0.000000
vt 1.000000 0.000000
vt 0.500000 1.000000
vt 0.000000 0.000000
vt 1.000000 0.000000
vt 0.000000 0.000000
vt 1.000000 0.000000
vt 1.000000 1.000000
vt 0.000000 1.000000
vt 0.000000 0.000000
vt 1.000000 0.000000
vt 1.000000 1.000000
vt 0.000000 1.000000
vt 0.500000 1.000000
vt 0.000000 0.000000
vt 1.000000 0.000000
vt 0.500000 1.000000
vt 0.000000 0.000000
vt 1.000000 0.000000
vt 0.000000 0.000000
vt 1.000000 0.000000
vt 1.000000 1.000000
vt 0.000000 1.000000
vt 0.000000 0.000000
vt 1.000000 0.000000
vt 1.000000 1.000000
vt 0.000000 1.000000
vt 0.500000 1.000000
vt 0.000000 0.000000
vt 1.000000 0.000000
vt 0.500000 1.000000
vt 0.000000 0.000000
vt 1.000000 0.000000
vt 0.000000 0.000000
vt 1.000000 0.000000
vt 1.000000 1.000000
vt 0.000000 1.000000
vt 0.000000 0.000000
vt 1.000000 0.000000
vt 1.000000 1.000000
vt 0.000000 1.000000
vt 0.500000 1.000000
vt 0.000000 0.000000
vt 1.000000 0.000000
vt 0.500000 1.000000
vt 0.000000 0.000000
vt 1.000000 0.000000
vt 0.000000 0.000000
vt 1.000000 0.000000
vt 1.000000 1.000000
vt 0.000000 1.000000
vt 0.000000 0.000000
vt 1.000000 0.000000
vt 1.000000 1.000000
vt 0.000000 1.000000
vt 0.500000 1.000000
vt 0.000000 0.000000
vt 1.000000 0.000000
vt 0.500000 1.000000
vt 0.000000 0.000000
vt 1.000000 0.000000
vt 0.000000 0.000000
vt 1.000000 0.000000
vt 1.000000 1.000000
vt 0.000000 1.000000
vt 0.000000 0.000000
vt 1.000000 0.000000
vt 1.000000 1.000000
vt 0.000000 1.000000
vt 0.500000 1.000000
vt 0.000000 0.000000
vt 1.000000 0.000000
vt 0.500000 1.000000
vt 0.000000 0.000000
vt 1.000000 0.000000
vt 0.000000 0.000000
vt 1.000000 0.000000
vt 1.000000 1.000000
vt 0.000000 1.000000
vt 0.000000 0.000000
vt 1.000000 0.000000
vt 1.000000 1.000000
vt 0.000000 1.000000
vt 0.500000 1.000000
vt 0.000000 0.000000
vt 1.000000 0.000000
vt 0.500000 1.000000
vt 0.000000 0.000000
vt 1.000000 0.000000
vt 0.000000 0.000000
vt 1.000000 0.000000
vt 1.000000 1.000000
vt 0.000000 1.000000
vt 0.000000 0.000000
vt 1.000000 0.000000
vt 1.000000 1.000000
vt 0.000000 1.000000
vt 0.500000 1.000000
vt 0.000000 0.000000
vt 1.000000 0.000000
vt 0.500000 1.000000
vt 0.000000 0.000000
vt 1.000000 0.000000
vt 0.000000 0.000000
vt 1.000000 0.000000
vt 1.000000 1.000000
vt 0.000000 1.000000
vt 0.000000 0.000000
vt 1.000000 0.000000
vt 1.000000 1.000000
vt 0.000000 1.000000
vt 0.500000 1.000000
vt 0.000000 0.000000
vt 1.000000 0.000000
vt 0.500000 1.000000
vt 0.000000 0.000000
vt 1.000000 0.000000
vt 0.000000 0.000000
vt 1.000000 0.000000
vt 1.000000 1.000000
vt 0.000000 1.000000
vt 0.000000 0.000000
vt 1.000000 0.000000
vt 1.000000 1.000000
vt 0.000000 1.000000
vt 0.500000 1.000000
vt 0.000000 0.000000
vt 1.000000 0.000000
vt 0.500000 1.000000
vt 0.000000 0.000000
vt 1.000000 0.000000
vt 0.000000 0.000000
vt 1.000000 0.000000
vt 1.000000 1.000000
vt 0.000000 1.000000
vt 0.000000 0.000000
vt 1.000000 0.000000
vt 1.000000 1.000000
vt 0.000000 1.000000
vt 0.500000 1.000000
vt 0.000000 0.000000
vt 1.000000 0.000000
vt 0.500000 1.000000
vt 0.000000 0.000000
vt 1.000000 0.000000
vt 0.000000 0.000000
vt 1.000000 0.000000
vt 1.000000 1.000000
vt 0.000000 1.000000
vt 0.000000 0.000000
vt 1.000000 0.000000
vt 1.000000 1.000000
vt 0.000000 1.000000
vt 0.500000 1.000000
vt 0.000000 0.000000
vt 1.000000 0.000000
vt 0.500000 1.000000
vt 0.000000 0.000000
vt 1.000000 0.000000
vt 0.000000 0.000000
vt 1.000000 0.000000
vt 1.000000 1.000000
vt 0.000000 1.000000
vt 0.000000 0.000000
vt 1.000000 0.000000
vt 1.000000 1.000000
vt 0.000000 1.000000
vt 0.500000 1.000000
vt 0.000000 0.000000
vt 1.000000 0.000000
vt 0.500000 1.000000
vt 0.000000 0.000000
vt 1.000000 0.000000
vt 0.000000 0.000000
vt 1.000000 0.000000
vt 1.000000 1.000000
vt 0.000000 1.000000
vt 0.000000 0.000000
vt 1.000000 0.000000
vt 1.000000 1.000000
vt 0.000000 1.000000
vt 0.500000 1.000000
vt 0.000000 0.000000
vt 1.000000 0.000000
vt 0.500000 1.000000
vt 0.000000 0.000000
vt 1.000000 0.000000
vt 0.000000 0.000000
vt 1.000000 0.000000
vt 1.000000 1.000000
vt 0.000000 1.000000
vt 0.000000 0.000000
vt 1.000000 0.000000
vt 1.000000 1.000000
vt 0.000000 1.000000
vt 0.500000 1.000000
vt 0.000000 0.000000
vt 1.000000 0.000000
vt 0.500000 1.000000
vt 0.000000 0.000000
vt 1.000000 0.000000
vt 0.000000 0.000000
vt 1.000000 0.000000
vt 1.000000 1.000000
vt 0.000000 1.000000
vt 0.000000 0.000000
vt 1.000000 0.000000
vt 1.000000 1.000000
vt 0.000000 1.000000
vt 0.500000 1.000000
vt 0.000000 0.000000
vt 1.000000 0.000000
vt 0.500000 1.000000
vt 0.000000 0.000000
vt 1.000000 0.000000
vt 0.000000 0.000000
vt 1.000000 0.000000
vt 1.000000 1.000000
vt 0.000000 1.000000
vt 0.000000 0.000000
vt 1.000000 0.000000
vt 1.000000 1.000000
vt 0.000000 1.000000
vt 0.500000 1.000000
vt 0.000000 0.000000
vt 1.000000 0.000000
vt 0.500000 1.000000
vt 0.000000 0.000000
vt 1.000000 0.000000
vt 0.000000 0.000000
vt 1.000000 0.000000
vt 1.000000 1.000000
vt 0.000000 1.000000
vt 0.000000 0.000000
vt 1.000000 0.000000
vt 1.000000 1.000000
vt 0.000000 1.000000
vt 0.500000 1.000000
vt 0.000000 0.000000
vt 1.000000 0.000000
vt 0.500000 1.000000
vt 0.000000 0.000000
vt 1.000000 0.000000
vt 0.000000 0.000000
vt 1.000000 0.000000
vt 1.000000 1.000000
vt 0.000000 1.000000
vt 0.000000 0.000000
vt 1.000000 0.000000
vt 1.000000 1.000000
vt 0.000000 1.000000
vt 0.500000 1.000000
vt 0.000000 0.000000
vt 1.000000 0.000000
vt 0.500000 1.000000
vt 0.000000 0.000000
vt 1.000000 0.000000
vt 0.000000 0.000000
vt 1.000000 0.000000
vt 1.000000 1.000000
vt 0.000000 1.000000
vt 0.000000 0.000000
vt 1.000000 0.000000
vt 1.000000 1.000000
vt 0.000000 1.000000
vt 0.500000 1.000000
vt 0.000000 0.000000
vt 1.000000 0.000000
vt 0.500000 1.000000
vt 0.000000 0.000000
vt 1.000000 0.000000
vt 0.000000 0.000000
vt 1.000000 0.000000
vt 1.000000 1.000000
vt 0.000000 1.000000
vt 0.000000 0.000000
vt 1.000000 0.000000
vt 1.000000 1.000000
vt 0.000000 1.000000
vt 0.500000 1.000000
vt 0.000000 0.000000
vt 1.000000 0.000000
vt 0.500000 1.000000
vt 0.000000 0.000000
vt 1.000000 0.000000
vt 0.000000 0.000000
vt 1.000000 0.000000
vt 1.000000 1.000000
vt 0.000000 1.000000
vt 0.000000 0.000000
vt 1.000000 0.000000
vt 1.000000 1.000000
vt 0.000000 1.000000
vt 0.500000 1.000000
vt 0.000000 0.000000
vt 1.000000 0.000000
vt 0.500000 1.000000
vt 0.000000 0.000000
vt 1.000000 0.000000
vt 0.000000 0.000000
vt 1.000000 0.000000
vt 1.000000 1.000000
vt 0.000000 1.000000
vt 0.000000 0.000000
vt 1.000000 0.000000
vt 1.000000 1.000000
vt 0.000000 1.000000
vt 0.500000 1.000000
vt 0.000000 0.000000
vt 1.000000 0.000000
vt 0.500000 1.000000
vt 0.000000 0.000000
vt 1.000000 0.000000
vt 0.000000 0.000000
vt 1.000000 0.000000
vt 1.000000 1.000000
vt 0.000000 1.000000
vt 0.000000 0.000000
vt 1.000000 0.000000
vt 1.000000 1.000000
vt 0.000000 1.000000
vt 0.500000 1.000000
vt 0.000000 0.000000
vt 1.000000 0.000000
vt 0.500000 1.000000
vt 0.000000 0.000000
vt 1.000000 0.000000
vt 0.000000 0.000000
vt 1.000000 0.000000
vt 1.000000 1.000000
vt 0.000000 1.000000
vt 0.000000 0.000000
vt 1.000000 0.000000
vt 1.000000 1.000000
vt 0.000000 1.000000
vt 0.500000 1.000000
vt 0.000000 0.000000
vt 1.000000 0.000000
vt 0.500000 1.000000
vt 0.000000 0.000000
vt 1.000000 0.000000
vt 0.000000 0.000000
vt 1.000000 0.000000
vt 1.000000 1.000000
vt 0.000000 1.000000
vt 0.000000 0.000000
vt 1.000000 0.000000
vt 1.000000 1.000000
vt 0.000000 1.000000
vt 0.500000 1.000000
vt 0.000000 0.000000
vt 1.000000 0.000000
vt 0.500000 1.000000
vt 0.000000 0.000000
vt 1.000000 0.000000
vt 0.000000 0.000000
vt 1.000000 0.000000
vt 1.000000 1.000000
vt 0.000000 1.000000
vt 0.000000 0.000000
vt 1.000000 0.000000
vt 1.000000 1.000000
vt 0.000000 1.000000
vt 0.500000 1.000000
vt 0.000000 0.000000
vt 1.000000 0.000000
vt 0.500000 1.000000
vt 0.000000 0.000000
vt 1.000000 0.000000
vt 0.000000 0.000000
vt 1.000000 0.000000
vt 1.000000 1.000000
vt 0.000000 1.000000
vt 0.000000 0.000000
vt 1.000000 0.000000
vt 1.000000 1.000000
vt 0.000000 1.000000
vt 0.500000 1.000000
vt 0.000000 0.000000
vt 1.000000 0.000000
vt 0.500000 1.000000
vt 0.000000 0.000000
vt 1.000000 0.000000
vt 0.000000 0.000000
vt 1.000000 0.000000
vt 1.000000 1.000000
vt 0.000000 1.000000
vt 0.000000 0.000000
vt 1.000000 0.000000
vt 1.000000 1.000000
vt 0.000000 1.000000
vt 0.500000 1.000000
vt 0.000000 0.000000
vt 1.000000 0.000000
vt 0.500000 1.000000
vt 0.000000 0.000000
vt 1.000000 0.000000
vt 0.000000 0.000000
vt 1.000000 0.000000
vt 1.000000 1.000000
vt 0.000000 1.000000
vt 0.000000 0.000000
vt 1.000000 0.000000
vt 1.000000 1.000000
vt 0.000000 1.000000
vt 0.500000 1.000000
vt 0.000000 0.000000
vt 1.000000 0.000000
vt 0.500000 1.000000
vt 0.000000 0.000000
vt 1.000000 0.000000
vt 0.000000 0.000000
vt 1.000000 0.000000
vt 1.000000 1.000000
vt 0.000000 1.000000
vt 0.000000 0.000000
vt 1.000000 0.000000
vt 1.000000 1.000000
vt 0.000000 1.000000
vt 0.500000 1.000000
vt 0.000000 0.000000
vt 1.000000 0.000000
vt 0.500000 1.000000
vt 0.000000 0.000000
vt 1.000000 0.000000
vt 0.000000 0.000000
vt 1.000000 0.000000
vt 1.000000 1.000000
vt 0.000000 1.000000
vt 0.000000 0.000000
vt 1.000000 0.000000
vt 1.000000 1.000000
vt 0.000000 1.000000
vt 0.500000 1.000000
vt 0.000000 0.000000
vt 1.000000 0.000000
vt 0.500000 1.000000
vt 0.000000 0.000000
vt 1.000000 0.000000
vt 0.000000 0.000000
vt 1.000000 0.000000
vt 1.000000 1.000000
vt 0.000000 1.000000
vt 0.000000 0.000000
vt 1.000000 0.000000
vt 1.000000 1.000000
vt 0.000000 1.000000
vt 0.500000 1.000000
vt 0.000000 0.000000
vt 1.000000 0.000000
vt 0.500000 1.000000
vt 0.000000 0.000000
vt 1.000000 0.000000
vt 0.000000 0.000000
vt 1.000000 0.000000
vt 1.000000 1.000000
vt 0.000000 1.000000
vt 0.000000 0.000000
vt 1.000000 0.000000
vt 1.000000 1.000000
vt 0.000000 1.000000
vt 0.500000 1.000000
vt 0.000000 0.000000
vt 1.000000 0.000000
vt 0.500000 1.000000
vt 0.000000 0.000000
vt 1.000000 0.000000
vt 0.000000 0.000000
vt 1.000000 0.000000
vt 1.000000 1.000000
vt 0.000000 1.000000
vt 0.000000 0.000000
vt 1.000000 0.000000
vt 1.000000 1.000000
vt 0.000000 1.000000
vt 0.500000 1.000000
vt 0.000000 0.000000
vt 1.000000 0.000000
vt 0.500000 1.000000
vt 0.000000 0.000000
vt 1.000000 0.000000
vt 0.000000 0.000000
vt 1.000000 0.000000
vt 1.000000 1.000000
vt 0.000000 1.000000
vt 0.000000 0.000000
vt 1.000000 0.000000
vt 1.000000 1.000000
vt 0.000000 1.000000
vt 0.500000 1.000000
vt 0.000000 0.000000
vt 1.000000 0.000000
vt 0.500000 1.000000
vt 0.000000 0.000000
vt 1.000000 0.000000
vt 0.000000 0.000000
vt 1.000000 0.000000
vt 1.000000 1.000000
vt 0.000000 1.000000
vt 0.000000 0.000000
vt 1.000000 0.000000
vt 1.000000 1.000000
vt 0.000000 1.000000
vt 0.500000 1.000000
vt 0.000000 0.000000
vt 1.000000 0.000000
vt 0.500000 1.000000
vt 0.000000 0.000000
vt 1.000000 0.000000
vt 0.000000 0.000000
vt 1.000000 0.000000
vt 1.000000 1.000000
vt 0.000000 1.000000
vt 0.000000 0.000000
vt 1.000000 0.000000
vt 1.000000 1.000000
vt 0.000000 1.000000
vt 0.500000 1.000000
vt 0.000000 0.000000
vt 1.000000 0.000000
vt 0.500000 1.000000
vt 0.000000 0.000000
vt 1.000000 0.000000
vt 0.000000 0.000000
vt 1.000000 0.000000
vt 1.000000 1.000000
vt 0.000000 1.000000
vt 0.000000 0.000000
vt 1.000000 0.000000
vt 1.000000 1.000000
vt 0.000000 1.000000
vt 0.500000 1.000000
vt 0.000000 0.000000
vt 1.000000 0.000000
vt 0.500000 1.000000
vt 0.000000 0.000000
vt 1.000000 0.000000
vt 0.000000 0.000000
vt 1.000000 0.000000
vt 1.000000 1.000000
vt 0.000000 1.000000
vt 0.000000 0.000000
vt 1.000000 0.000000
vt 1.000000 1.000000
vt 0.000000 1.000000
vt 0.500000 1.000000
vt 0.000000 0.000000
vt 1.000000 0.000000
vt 0.500000 1.000000
vt 0.000000 0.000000
vt 1.000000 0.000000
vt 0.000000 0.000000
vt 1.000000 0.000000
vt 1.000000 1.000000
vt 0.000000 1.000000
vt 0.000000 0.000000
vt 1.000000 0.000000
vt 1.000000 1.000000
vt 0.000000 1.000000
vt 0.500000 1.000000
vt 0.000000 0.000000
vt 1.000000 0.000000
vt 0.500000 1.000000
vt 0.000000 0.000000
vt 1.000000 0.000000
vt 0.000000 0.000000
vt 1.000000 0.000000
vt 1.000000 1.000000
vt 0.000000 1.000000
vt 0.000000 0.000000
vt 1.000000 0.000000
vt 1.000000 1.000000
vt 0.000000 1.000000
vt 0.500000 1.000000
vt 0.000000 0.000000
vt 1.000000 0.000000
vt 0.500000 1.000000
vt 0.000000 0.000000
vt 1.000000 0.000000
vt 0.000000 0.000000
vt 1.000000 0.000000
vt 1.000000 1.000000
vt 0.000000 1.000000
vt 0.000000 0.000000
vt 1.000000 0.000000
vt 1.000000 1.000000
vt 0.000000 1.000000
vt 0.500000 1.000000
vt 0.000000 0.000000
vt 1.000000 0.000000
vt 0.500000 1.000000
vt 0.000000 0.000000
vt 1.000000 0.000000
vt 0.000000 0.000000
vt 1.000000 0.000000
vt 1.000000 1.000000
vt 0.000000 1.000000
vt 0.000000 0.000000
vt 1.000000 0.000000
vt 1.000000 1.000000
vt 0.000000 1.000000
vt 0.500000 1.000000
vt 0.000000 0.000000
vt 1.000000 0.000000
vt 0.500000 1.000000
vt 0.000000 0.000000
vt 1.000000 0.000000
vt 0.000000 0.000000
vt 1.000000 0.000000
vt 1.000000 1.000000
vt 0.000000 1.000000
vt 0.000000 0.000000
vt 1.000000 0.000000
vt 1.000000 1.000000
vt 0.000000 1.000000
vt 0.500000 1.000000
vt 0.000000 0.000000
vt 1.000000 0.000000
vt 0.500000 1.000000
vt 0.000000 0.000000
vt 1.000000 0.000000
vt 0.000000 0.000000
vt 1.000000 0.000000
vt 1.000000 1.000000
vt 0.000000 1.000000
vt 0.000000 0.000000
vt 1.000000 0.000000
vt 1.000000 1.000000
vt 0.000000 1.000000
vt 0.500000 1.000000
vt 0.000000 0.000000
vt 1.000000 0.000000
vt 0.500000 1.000000
vt 0.000000 0.000000
vt 1.000000 0.000000
vt 0.000000 0.000000
vt 1.000000 0.000000
vt 1.000000 1.000000
vt 0.000000 1.000000
vt 0.000000 0.000000
vt 1.000000 0.000000
vt 1.000000 1.000000
vt 0.000000 1.000000
vt 0.500000 1.000000
vt 0.000000 0.000000
vt 1.000000 0.000000
vt 0.500000 1.000000
vt 0.000000 0.000000
vt 1.000000 0.000000
vt 0.000000 0.000000
vt 1.000000 0.000000
vt 1.000000 1.000000
vt 0.000000 1.000000
vt 0.000000 0.000000
vt 1.000000 0.000000
vt 1.000000 1.000000
vt 0.000000 1.000000
vt 0.500000 1.000000
vt 0.000000 0.000000
vt 1.000000 0.000000
vt 0.500000 1.000000
vt 0.000000 0.000000
vt 1.000000 0.000000
vt 0.000000 0.000000
vt 1.000000 0.000000
vt 1.000000 1.000000
vt 0.000000 1.000000
vt 0.000000 0.000000
vt 1.000000 0.000000
vt 1.000000 1.000000
vt 0.000000 1.000000
vt 0.500000 1.000000
vt 0.000000 0.000000
vt 1.000000 0.000000
vt 0.500000 1.000000
vt 0.000000 0.000000
vt 1.000000 0.000000
vt 0.000000 0.000000
vt 1.000000 0.000000
vt 1.000000 1.000000
vt 0.000000 1.000000
vt 0.000000 0.000000
vt 1.000000 0.000000
vt 1.000000 1.000000
vt 0.000000 1.000000
vt 0.500000 1.000000
vt 0.000000 0.000000
vt 1.000000 0.000000
vt 0.500000 1.000000
vt 0.000000 0.000000
vt 1.000000 0.000000
vt 0.000000 0.000000
vt 1.000000 0.000000
vt 1.000000 1.000000
vt 0.000000 1.000000
vt 0.000000 0.000000
vt 1.000000 0.000000
vt 1.000000 1.000000
vt 0.000000 1.000000
vt 0.500000 1.000000
vt 0.000000 0.000000
vt 1.000000 0.000000
vt 0.500000 1.000000
vt 0.000000 0.000000
vt 1.000000 0.000000
vt 0.000000 0.000000
vt 1.000000 0.000000
vt 1.000000 1.000000
vt 0.000000 1.000000
vt 0.000000 0.000000
vt 1.000000 0.000000
vt 1.000000 1.000000
vt 0.000000 1.000000
vt 0.500000 1.000000
vt 0.000000 0.000000
vt 1.000000 0.000000
vt 0.500000 1.000000
vt 0.000000 0.000000
vt 1.000000 0.000000
vt 0.000000 0.000000
vt 1.000000 0.000000
vt 1.000000 1.000000
vt 0.000000 1.000000
vt 0.000000 0.000000
vt 1.000000 0.000000
vt 1.000000 1.000000
vt 0.000000 1.000000
vt 0.500000 1.000000
vt 0.000000 0.000000
vt 1.000000 0.000000
vt 0.500000 1.000000
vt 0.000000 0.000000
vt 1.000000 0.000000
vt 0.000000 0.000000
vt 1.000000 0.000000
vt 1.000000 1.000000
vt 0.000000 1.000000
vt 0.000000 0.000000
vt 1.000000 0.000000
vt 1.000000 1.000000
vt 0.000000 1.000000
vt 0.500000 1.000000
vt 0.000000 0.000000
vt 1.000000 0.000000
vt 0.500000 1.000000
vt 0.000000 0.000000
vt 1.000000 0.000000
vt 0.000000 0.000000
vt 1.000000 0.000000
vt 1.000000 1.000000
vt 0.000000 1.000000
vt 0.000000 0.000000
vt 1.000000 0.000000
vt 1.000000 1.000000
vt 0.000000 1.000000
vt 0.500000 1.000000
vt 0.000000 0.000000
vt 1.000000 0.000000
vt 0.500000 1.000000
vt 0.000000 0.000000
vt 1.000000 0.000000
vt 0.000000 0.000000
vt 1.000000 0.000000
vt 1.000000 1.000000
vt 0.000000 1.000000
vt 0.000000 0.000000
vt 1.000000 0.000000
vt 1.000000 1.000000
vt 0.000000 1.000000
vt 0.500000 1.000000
vt 0.000000 0.000000
vt 1.000000 0.000000
vt 0.500000 1.000000
vt 0.000000 0.000000
vt 1.000000 0.000000
vt 0.000000 0.000000
vt 1.000000 0.000000
vt 1.000000 1.000000
vt 0.000000 1.000000
vt 0.000000 0.000000
vt 1.000000 0.000000
vt 1.000000 1.000000
vt 0.000000 1.000000
vt 0.500000 1.000000
vt 0.000000 0.000000
vt 1.000000 0.000000
vt 0.500000 1.000000
vt 0.000000 0.000000
vt 1.000000 0.000000
vt 0.000000 0.000000
vt 1.000000 0.000000
vt 1.000000 1.000000
vt 0.000000 1.000000
vt 0.000000 0.000000
vt 1.000000 0.000000
vt 1.000000 1.000000
vt 0.000000 1.000000
vt 0.500000 1.000000
vt 0.000000 0.000000
vt 1.000000 0.000000
vt 0.500000 1.000000
vt 0.000000 0.000000
vt 1.000000 0.000000
vt 0.000000 0.000000
vt 1.000000 0.000000
vt 1.000000 1.000000
vt 0.000000 1.000000
vt 0.000000 0.000000
vt 1.000000 0.000000
vt 1.000000 1.000000
vt 0.000000 1.000000
vt 0.500000 1.000000
vt 0.000000 0.000000
vt 1.000000 0.000000
s 1
usemtl models/caelum/world/environment/bark_city.png
f 1/1 2/2 3/3 4/4
f 5/5 6/6 7/7
f 8/8 9/9 10/10 11/11
f 12/12 13/13 14/14
f 15/15 16/16 17/17 18/18
f 19/19 20/20 21/21
f 22/22 23/23 24/24 25/25
f 26/26 27/27 28/28
f 29/29 30/30 31/31 32/32
f 33/33 34/34 35/35
f 36/36 37/37 38/38 39/39
f 40/40 41/41 42/42
f 43/43 44/44 45/45 46/46
f 47/47 48/48 49/49
f 50/50 51/51 52/52 53/53
f 54/54 55/55 56/56
f 57/57 58/58 59/59 60/60
f 61/61 62/62 63/63
f 64/64 65/65 66/66 67/67
f 68/68 69/69 70/70 71/71
f 72/72 73/73 74/74 75/75
f 76/76 77/77 78/78 79/79
f 80/80 81/81 82/82 83/83
f 84/84 85/85 86/86 87/87
f 88/88 89/89 90/90 91/91
f 92/92 93/93 94/94 95/95
f 96/96 97/97 98/98 99/99
f 100/100 101/101 102/102 103/103
f 104/104 105/105 106/106
f 107/107 108/108 109/109 110/110
f 111/111 112/112 113/113
f 114/114 115/115 116/116 117/117
f 118/118 119/119 120/120
f 121/121 122/122 123/123 124/124
f 125/125 126/126 127/127
f 128/128 129/129 130/130 131/131
f 132/132 133/133 134/134
f 135/135 136/136 137/137 138/138
f 139/139 140/140 141/141
f 142/142 143/143 144/144 145/145
f 146/146 147/147 148/148
f 149/149 150/150 151/151 152/152
f 153/153 154/154 155/155
f 156/156 157/157 158/158 159/159
f 160/160 161/161 162/162
f 163/163 164/164 165/165 166/166
f 167/167 168/168 169/169
f 170/170 171/171 172/172 173/173
f 174/174 175/175 176/176
f 177/177 178/178 179/179 180/180
f 181/181 182/182 183/183
f 184/184 185/185 186/186 187/187
f 188/188 189/189 190/190
f 191/191 192/192 193/193 194/194
f 195/195 196/196 197/197
f 198/198 199/199 200/200 201/201
f 202/202 203/203 204/204
f 205/205 206/206 207/207 208/208
f 209/209 210/210 211/211
f 212/212 213/213 214/214 215/215
f 216/216 217/217 218/218
f 219/219 220/220 221/221 222/222
f 223/223 224/224 225/225
f 226/226 227/227 228/228 229/229
f 230/230 231/231 232/232
f 233/233 234/234 235/235 236/236
f 237/237 238/238 239/239
f 240/240 241/241 242/242 243/243
f 244/244 245/245 246/246
f 247/247 248/248 249/249 250/250
f 251/251 252/252 253/253
f 254/254 255/255 256/256 257/257
f 258/258 259/259 260/260
f 261/261 262/262 263/263 264/264
f 265/265 266/266 267/267
f 268/268 269/269 270/270 271/271
f 272/272 273/273 274/274
f 275/275 276/276 277/277 278/278
f 279/279 280/280 281/281
f 282/282 283/283 284/284 285/285
f 286/286 287/287 288/288
f 289/289 290/290 291/291 292/292
f 293/293 294/294 295/295
f 296/296 297/297 298/298 299/299
f 300/300 301/301 302/302
f 303/303 304/304 305/305 306/306
f 307/307 308/308 309/309
f 310/310 311/311 312/312 313/313
f 314/314 315/315 316/316
f 317/317 318/318 319/319 320/320
f 321/321 322/322 323/323
f 324/324 325/325 326/326 327/327
f 328/328 329/329 330/330
f 331/331 332/332 333/333 334/334
f 335/335 336/336 337/337
f 338/338 339/339 340/340 341/341
f 342/342 343/343 344/344
f 345/345 346/346 347/347 348/348
f 349/349 350/350 351/351
f 352/352 353/353 354/354 355/355
f 356/356 357/357 358/358
f 359/359 360/360 361/361 362/362
f 363/363 364/364 365/365
f 366/366 367/367 368/368 369/369
f 370/370 371/371 372/372
f 373/373 374/374 375/375 376/376
f 377/377 378/378 379/379
f 380/380 381/381 382/382 383/383
f 384/384 385/385 386/386
f 387/387 388/388 389/389 390/390
f 391/391 392/392 393/393
f 394/394 395/395 396/396 397/397
f 398/398 399/399 400/400
f 401/401 402/402 403/403 404/404
f 405/405 406/406 407/407
f 408/408 409/409 410/410 411/411
f 412/412 413/413 414/414
f 415/415 416/416 417/417 418/418
f 419/419 420/420 421/421
f 422/422 423/423 424/424 425/425
f 426/426 427/427 428/428
f 429/429 430/430 431/431 432/432
f 433/433 434/434 435/435
f 436/436 437/437 438/438 439/439
f 440/440 441/441 442/442
f 443/443 444/444 445/445 446/446
f 447/447 448/448 449/449
f 450/450 451/451 452/452 453/453
f 454/454 455/455 456/456
f 457/457 458/458 459/459 460/460
f 461/461 462/462 463/463
f 464/464 465/465 466/466 467/467
f 468/468 469/469 470/470
f 471/471 472/472 473/473 474/474
f 475/475 476/476 477/477
f 478/478 479/479 480/480 481/481
f 482/482 483/483 484/484
f 485/485 486/486 487/487 488/488
f 489/489 490/490 491/491
f 492/492 493/493 494/494 495/495
f 496/496 497/497 498/498
f 499/499 500/500 501/501 502/502
f 503/503 504/504 505/505
f 506/506 507/507 508/508 509/509
f 510/510 511/511 512/512
f 513/513 514/514 515/515 516/516
f 517/517 518/518 519/519
f 520/520 521/521 522/522 523/523
f 524/524 525/525 526/526
f 527/527 528/528 529/529 530/530
f 531/531 532/532 533/533
f 534/534 535/535 536/536 537/537
f 538/538 539/539 540/540
f 541/541 542/542 543/543 544/544
f 545/545 546/546 547/547
f 548/548 549/549 550/550 551/551
f 552/552 553/553 554/554
f 555/555 556/556 557/557 558/558
f 559/559 560/560 561/561
f 562/562 563/563 564/564 565/565
f 566/566 567/567 568/568
f 569/569 570/570 571/571 572/572
f 573/573 574/574 575/575
f 576/576 577/577 578/578 579/579
f 580/580 581/581 582/582
f 583/583 584/584 585/585 586/586
f 587/587 588/588 589/589
f 590/590 591/591 592/592 593/593
f 594/594 595/595 596/596
f 597/597 598/598 599/599 600/600
f 601/601 602/602 603/603
f 604/604 605/605 606/606 607/607
f 608/608 609/609 610/610
f 611/611 612/612 613/613 614/614
f 615/615 616/616 617/617
f 618/618 619/619 620/620 621/621
f 622/622 623/623 624/624
f 625/625 626/626 627/627 628/628
f 629/629 630/630 631/631
f 632/632 633/633 634/634 635/635
f 636/636 637/637 638/638
f 639/639 640/640 641/641 642/642
f 643/643 644/644 645/645
f 646/646 647/647 648/648 649/649
f 650/650 651/651 652/652
f 653/653 654/654 655/655 656/656
f 657/657 658/658 659/659
f 660/660 661/661 662/662 663/663
f 664/664 665/665 666/666
f 667/667 668/668 669/669 670/670
f 671/671 672/672 673/673
f 674/674 675/675 676/676 677/677
f 678/678 679/679 680/680
f 681/681 682/682 683/683 684/684
f 685/685 686/686 687/687
f 688/688 689/689 690/690 691/691
f 692/692 693/693 694/694
f 695/695 696/696 697/697 698/698
f 699/699 700/700 701/701
f 702/702 703/703 704/704 705/705
f 706/706 707/707 708/708
f 709/709 710/710 711/711 712/712
f 713/713 714/714 715/715
f 716/716 717/717 718/718 719/719
f 720/720 721/721 722/722
f 723/723 724/724 725/725 726/726
f 727/727 728/728 729/729
f 730/730 731/731 732/732 733/733
f 734/734 735/735 736/736
f 737/737 738/738 739/739 740/740
f 741/741 742/742 743/743
f 744/744 745/745 746/746 747/747
f 748/748 749/749 750/750
f 751/751 752/752 753/753 754/754
f 755/755 756/756 757/757
f 758/758 759/759 760/760 761/761
f 762/762 763/763 764/764
f 765/765 766/766 767/767 768/768
f 769/769 770/770 771/771
f 772/772 773/773 774/774 775/775
f 776/776 777/777 778/778
f 779/779 780/780 781/781 782/782
f 783/783 784/784 785/785
f 786/786 787/787 788/788 789/789
f 790/790 791/791 792/792
f 793/793 794/794 795/795 796/796
f 797/797 798/798 799/799
f 800/800 801/801 802/802 803/803
f 804/804 805/805 806/806
f 807/807 808/808 809/809 810/810
f 811/811 812/812 813/813
f 814/814 815/815 816/816 817/817
f 818/818 819/819 820/820
f 821/821 822/822 823/823 824/824
f 825/825 826/826 827/827
f 828/828 829/829 830/830 831/831
f 832/832 833/833 834/834
f 835/835 836/836 837/837 838/838
f 839/839 840/840 841/841
f 842/842 843/843 844/844 845/845
f 846/846 847/847 848/848
f 849/849 850/850 851/851 852/852
f 853/853 854/854 855/855
f 856/856 857/857 858/858 859/859
f 860/860 861/861 862/862
f 863/863 864/864 865/865 866/866
f 867/867 868/868 869/869
f 870/870 871/871 872/872 873/873
f 874/874 875/875 876/876
f 877/877 878/878 879/879 880/880
f 881/881 882/882 883/883
f 884/884 885/885 886/886 887/887
f 888/888 889/889 890/890
f 891/891 892/892 893/893 894/894
f 895/895 896/896 897/897
f 898/898 899/899 900/900 901/901
f 902/902 903/903 904/904
f 905/905 906/906 907/907 908/908
f 909/909 910/910 911/911
f 912/912 913/913 914/914 915/915
f 916/916 917/917 918/918
f 919/919 920/920 921/921 922/922
f 923/923 924/924 925/925
f 926/926 927/927 928/928 929/929
f 930/930 931/931 932/932
f 933/933 934/934 935/935 936/936
f 937/937 938/938 939/939
f 940/940 941/941 942/942 943/943
f 944/944 945/945 946/946
f 947/947 948/948 949/949 950/950
f 951/951 952/952 953/953
f 954/954 955/955 956/956 957/957
f 958/958 959/959 960/960
f 961/961 962/962 963/963 964/964
f 965/965 966/966 967/967
f 968/968 969/969 970/970 971/971
f 972/972 973/973 974/974
f 975/975 976/976 977/977 978/978
f 979/979 980/980 981/981
f 982/982 983/983 984/984 985/985
f 986/986 987/987 988/988
f 989/989 990/990 991/991 992/992
f 993/993 994/994 995/995
f 996/996 997/997 998/998 999/999
f 1000/1000 1001/1001 1002/1002
usemtl models/caelum/world/environment/foliage_city_jacaranda.png
f 1003/1003 1004/1004 1005/1005
f 1006/1006 1007/1007 1008/1008 1009/1009
f 1010/1010 1011/1011 1012/1012 1013/1013
f 1014/1014 1015/1015 1016/1016
f 1017/1017 1018/1018 1019/1019
f 1020/1020 1021/1021 1022/1022 1023/1023
f 1024/1024 1025/1025 1026/1026 1027/1027
f 1028/1028 1029/1029 1030/1030
f 1031/1031 1032/1032 1033/1033
f 1034/1034 1035/1035 1036/1036 1037/1037
f 1038/1038 1039/1039 1040/1040 1041/1041
f 1042/1042 1043/1043 1044/1044
f 1045/1045 1046/1046 1047/1047
f 1048/1048 1049/1049 1050/1050 1051/1051
f 1052/1052 1053/1053 1054/1054 1055/1055
f 1056/1056 1057/1057 1058/1058
f 1059/1059 1060/1060 1061/1061
f 1062/1062 1063/1063 1064/1064 1065/1065
f 1066/1066 1067/1067 1068/1068 1069/1069
f 1070/1070 1071/1071 1072/1072
f 1073/1073 1074/1074 1075/1075
f 1076/1076 1077/1077 1078/1078 1079/1079
f 1080/1080 1081/1081 1082/1082 1083/1083
f 1084/1084 1085/1085 1086/1086
f 1087/1087 1088/1088 1089/1089
f 1090/1090 1091/1091 1092/1092 1093/1093
f 1094/1094 1095/1095 1096/1096 1097/1097
f 1098/1098 1099/1099 1100/1100
f 1101/1101 1102/1102 1103/1103
f 1104/1104 1105/1105 1106/1106 1107/1107
f 1108/1108 1109/1109 1110/1110 1111/1111
f 1112/1112 1113/1113 1114/1114
f 1115/1115 1116/1116 1117/1117
f 1118/1118 1119/1119 1120/1120 1121/1121
f 1122/1122 1123/1123 1124/1124 1125/1125
f 1126/1126 1127/1127 1128/1128
f 1129/1129 1130/1130 1131/1131
f 1132/1132 1133/1133 1134/1134 1135/1135
f 1136/1136 1137/1137 1138/1138 1139/1139
f 1140/1140 1141/1141 1142/1142
f 1143/1143 1144/1144 1145/1145
f 1146/1146 1147/1147 1148/1148 1149/1149
f 1150/1150 1151/1151 1152/1152 1153/1153
f 1154/1154 1155/1155 1156/1156
f 1157/1157 1158/1158 1159/1159
f 1160/1160 1161/1161 1162/1162 1163/1163
f 1164/1164 1165/1165 1166/1166 1167/1167
f 1168/1168 1169/1169 1170/1170
f 1171/1171 1172/1172 1173/1173
f 1174/1174 1175/1175 1176/1176 1177/1177
f 1178/1178 1179/1179 1180/1180 1181/1181
f 1182/1182 1183/1183 1184/1184
f 1185/1185 1186/1186 1187/1187
f 1188/1188 1189/1189 1190/1190 1191/1191
f 1192/1192 1193/1193 1194/1194 1195/1195
f 1196/1196 1197/1197 1198/1198
f 1199/1199 1200/1200 1201/1201
f 1202/1202 1203/1203 1204/1204 1205/1205
f 1206/1206 1207/1207 1208/1208 1209/1209
f 1210/1210 1211/1211 1212/1212
f 1213/1213 1214/1214 1215/1215
f 1216/1216 1217/1217 1218/1218 1219/1219
f 1220/1220 1221/1221 1222/1222 1223/1223
f 1224/1224 1225/1225 1226/1226
f 1227/1227 1228/1228 1229/1229
f 1230/1230 1231/1231 1232/1232 1233/1233
f 1234/1234 1235/1235 1236/1236 1237/1237
f 1238/1238 1239/1239 1240/1240
f 1241/1241 1242/1242 1243/1243
f 1244/1244 1245/1245 1246/1246 1247/1247
f 1248/1248 1249/1249 1250/1250 1251/1251
f 1252/1252 1253/1253 1254/1254
f 1255/1255 1256/1256 1257/1257
f 1258/1258 1259/1259 1260/1260 1261/1261
f 1262/1262 1263/1263 1264/1264 1265/1265
f 1266/1266 1267/1267 1268/1268
f 1269/1269 1270/1270 1271/1271
f 1272/1272 1273/1273 1274/1274 1275/1275
f 1276/1276 1277/1277 1278/1278 1279/1279
f 1280/1280 1281/1281 1282/1282
f 1283/1283 1284/1284 1285/1285
f 1286/1286 1287/1287 1288/1288 1289/1289
f 1290/1290 1291/1291 1292/1292 1293/1293
f 1294/1294 1295/1295 1296/1296
f 1297/1297 1298/1298 1299/1299
f 1300/1300 1301/1301 1302/1302 1303/1303
f 1304/1304 1305/1305 1306/1306 1307/1307
f 1308/1308 1309/1309 1310/1310
f 1311/1311 1312/1312 1313/1313
f 1314/1314 1315/1315 1316/1316 1317/1317
f 1318/1318 1319/1319 1320/1320 1321/1321
f 1322/1322 1323/1323 1324/1324
f 1325/1325 1326/1326 1327/1327
f 1328/1328 1329/1329 1330/1330 1331/1331
f 1332/1332 1333/1333 1334/1334 1335/1335
f 1336/1336 1337/1337 1338/1338
f 1339/1339 1340/1340 1341/1341
f 1342/1342 1343/1343 1344/1344 1345/1345
f 1346/1346 1347/1347 1348/1348 1349/1349
f 1350/1350 1351/1351 1352/1352
f 1353/1353 1354/1354 1355/1355
f 1356/1356 1357/1357 1358/1358 1359/1359
f 1360/1360 1361/1361 1362/1362 1363/1363
f 1364/1364 1365/1365 1366/1366
f 1367/1367 1368/1368 1369/1369
f 1370/1370 1371/1371 1372/1372 1373/1373
f 1374/1374 1375/1375 1376/1376 1377/1377
f 1378/1378 1379/1379 1380/1380
f 1381/1381 1382/1382 1383/1383
f 1384/1384 1385/1385 1386/1386 1387/1387
f 1388/1388 1389/1389 1390/1390 1391/1391
f 1392/1392 1393/1393 1394/1394
f 1395/1395 1396/1396 1397/1397
f 1398/1398 1399/1399 1400/1400 1401/1401
f 1402/1402 1403/1403 1404/1404 1405/1405
f 1406/1406 1407/1407 1408/1408
f 1409/1409 1410/1410 1411/1411
f 1412/1412 1413/1413 1414/1414 1415/1415
f 1416/1416 1417/1417 1418/1418 1419/1419
f 1420/1420 1421/1421 1422/1422
f 1423/1423 1424/1424 1425/1425
f 1426/1426 1427/1427 1428/1428 1429/1429
f 1430/1430 1431/1431 1432/1432 1433/1433
f 1434/1434 1435/1435 1436/1436
f 1437/1437 1438/1438 1439/1439
f 1440/1440 1441/1441 1442/1442 1443/1443
f 1444/1444 1445/1445 1446/1446 1447/1447
f 1448/1448 1449/1449 1450/1450
f 1451/1451 1452/1452 1453/1453
f 1454/1454 1455/1455 1456/1456 1457/1457
f 1458/1458 1459/1459 1460/1460 1461/1461
f 1462/1462 1463/1463 1464/1464
f 1465/1465 1466/1466 1467/1467
f 1468/1468 1469/1469 1470/1470 1471/1471
f 1472/1472 1473/1473 1474/1474 1475/1475
f 1476/1476 1477/1477 1478/1478
f 1479/1479 1480/1480 1481/1481
f 1482/1482 1483/1483 1484/1484 1485/1485
f 1486/1486 1487/1487 1488/1488 1489/1489
f 1490/1490 1491/1491 1492/1492
f 1493/1493 1494/1494 1495/1495
f 1496/1496 1497/1497 1498/1498 1499/1499
f 1500/1500 1501/1501 1502/1502 1503/1503
f 1504/1504 1505/1505 1506/1506
f 1507/1507 1508/1508 1509/1509
f 1510/1510 1511/1511 1512/1512 1513/1513
f 1514/1514 1515/1515 1516/1516 1517/1517
f 1518/1518 1519/1519 1520/1520
f 1521/1521 1522/1522 1523/1523
f 1524/1524 1525/1525 1526/1526 1527/1527
f 1528/1528 1529/1529 1530/1530 1531/1531
f 1532/1532 1533/1533 1534/1534
f 1535/1535 1536/1536 1537/1537
f 1538/1538 1539/1539 1540/1540 1541/1541
f 1542/1542 1543/1543 1544/1544 1545/1545
f 1546/1546 1547/1547 1548/1548
f 1549/1549 1550/1550 1551/1551
f 1552/1552 1553/1553 1554/1554 1555/1555
f 1556/1556 1557/1557 1558/1558 1559/1559
f 1560/1560 1561/1561 1562/1562
f 1563/1563 1564/1564 1565/1565
f 1566/1566 1567/1567 1568/1568 1569/1569
f 1570/1570 1571/1571 1572/1572 1573/1573
f 1574/1574 1575/1575 1576/1576
f 1577/1577 1578/1578 1579/1579
f 1580/1580 1581/1581 1582/1582 1583/1583
f 1584/1584 1585/1585 1586/1586 1587/1587
f 1588/1588 1589/1589 1590/1590
f 1591/1591 1592/1592 1593/1593
f 1594/1594 1595/1595 1596/1596 1597/1597
f 1598/1598 1599/1599 1600/1600 1601/1601
f 1602/1602 1603/1603 1604/1604
f 1605/1605 1606/1606 1607/1607
f 1608/1608 1609/1609 1610/1610 1611/1611
f 1612/1612 1613/1613 1614/1614 1615/1615
f 1616/1616 1617/1617 1618/1618
f 1619/1619 1620/1620 1621/1621
f 1622/1622 1623/1623 1624/1624 1625/1625
f 1626/1626 1627/1627 1628/1628 1629/1629
f 1630/1630 1631/1631 1632/1632
f 1633/1633 1634/1634 1635/1635
f 1636/1636 1637/1637 1638/1638 1639/1639
f 1640/1640 1641/1641 1642/1642 1643/1643
f 1644/1644 1645/1645 1646/1646
f 1647/1647 1648/1648 1649/1649
f 1650/1650 1651/1651 1652/1652 1653/1653
f 1654/1654 1655/1655 1656/1656 1657/1657
f 1658/1658 1659/1659 1660/1660
f 1661/1661 1662/1662 1663/1663
f 1664/1664 1665/1665 1666/1666 1667/1667
f 1668/1668 1669/1669 1670/1670 1671/1671
f 1672/1672 1673/1673 1674/1674
f 1675/1675 1676/1676 1677/1677
f 1678/1678 1679/1679 1680/1680 1681/1681
f 1682/1682 1683/1683 1684/1684 1685/1685
f 1686/1686 1687/1687 1688/1688
f 1689/1689 1690/1690 1691/1691
f 1692/1692 1693/1693 1694/1694 1695/1695
f 1696/1696 1697/1697 1698/1698 1699/1699
f 1700/1700 1701/1701 1702/1702
f 1703/1703 1704/1704 1705/1705
f 1706/1706 1707/1707 1708/1708 1709/1709
f 1710/1710 1711/1711 1712/1712 1713/1713
f 1714/1714 1715/1715 1716/1716
f 1717/1717 1718/1718 1719/1719
f 1720/1720 1721/1721 1722/1722 1723/1723
f 1724/1724 1725/1725 1726/1726 1727/1727
f 1728/1728 1729/1729 1730/1730
f 1731/1731 1732/1732 1733/1733
f 1734/1734 1735/1735 1736/1736 1737/1737
f 1738/1738 1739/1739 1740/1740 1741/1741
f 1742/1742 1743/1743 1744/1744
f 1745/1745 1746/1746 1747/1747
f 1748/1748 1749/1749 1750/1750 1751/1751
f 1752/1752 1753/1753 1754/1754 1755/1755
f 1756/1756 1757/1757 1758/1758
f 1759/1759 1760/1760 1761/1761
f 1762/1762 1763/1763 1764/1764 1765/1765
f 1766/1766 1767/1767 1768/1768 1769/1769
f 1770/1770 1771/1771 1772/1772
f 1773/1773 1774/1774 1775/1775
f 1776/1776 1777/1777 1778/1778 1779/1779
f 1780/1780 1781/1781 1782/1782 1783/1783
f 1784/1784 1785/1785 1786/1786
f 1787/1787 1788/1788 1789/1789
f 1790/1790 1791/1791 1792/1792 1793/1793
f 1794/1794 1795/1795 1796/1796 1797/1797
f 1798/1798 1799/1799 1800/1800
f 1801/1801 1802/1802 1803/1803
f 1804/1804 1805/1805 1806/1806 1807/1807
f 1808/1808 1809/1809 1810/1810 1811/1811
f 1812/1812 1813/1813 1814/1814
f 1815/1815 1816/1816 1817/1817
f 1818/1818 1819/1819 1820/1820 1821/1821
f 1822/1822 1823/1823 1824/1824 1825/1825
f 1826/1826 1827/1827 1828/1828
f 1829/1829 1830/1830 1831/1831
f 1832/1832 1833/1833 1834/1834 1835/1835
f 1836/1836 1837/1837 1838/1838 1839/1839
f 1840/1840 1841/1841 1842/1842
f 1843/1843 1844/1844 1845/1845
f 1846/1846 1847/1847 1848/1848 1849/1849
f 1850/1850 1851/1851 1852/1852 1853/1853
f 1854/1854 1855/1855 1856/1856
f 1857/1857 1858/1858 1859/1859
f 1860/1860 1861/1861 1862/1862 1863/1863
f 1864/1864 1865/1865 1866/1866 1867/1867
f 1868/1868 1869/1869 1870/1870
f 1871/1871 1872/1872 1873/1873
f 1874/1874 1875/1875 1876/1876 1877/1877
f 1878/1878 1879/1879 1880/1880 1881/1881
f 1882/1882 1883/1883 1884/1884
f 1885/1885 1886/1886 1887/1887
f 1888/1888 1889/1889 1890/1890 1891/1891
f 1892/1892 1893/1893 1894/1894 1895/1895
f 1896/1896 1897/1897 1898/1898
f 1899/1899 1900/1900 1901/1901
f 1902/1902 1903/1903 1904/1904 1905/1905
f 1906/1906 1907/1907 1908/1908 1909/1909
f 1910/1910 1911/1911 1912/1912
f 1913/1913 1914/1914 1915/1915
f 1916/1916 1917/1917 1918/1918 1919/1919
f 1920/1920 1921/1921 1922/1922 1923/1923
f 1924/1924 1925/1925 1926/1926
f 1927/1927 1928/1928 1929/1929
f 1930/1930 1931/1931 1932/1932 1933/1933
f 1934/1934 1935/1935 1936/1936 1937/1937
f 1938/1938 1939/1939 1940/1940
f 1941/1941 1942/1942 1943/1943
f 1944/1944 1945/1945 1946/1946 1947/1947
f 1948/1948 1949/1949 1950/1950 1951/1951
f 1952/1952 1953/1953 1954/1954
f 1955/1955 1956/1956 1957/1957
f 1958/1958 1959/1959 1960/1960 1961/1961
f 1962/1962 1963/1963 1964/1964 1965/1965
f 1966/1966 1967/1967 1968/1968
f 1969/1969 1970/1970 1971/1971
f 1972/1972 1973/1973 1974/1974 1975/1975
f 1976/1976 1977/1977 1978/1978 1979/1979
f 1980/1980 1981/1981 1982/1982
f 1983/1983 1984/1984 1985/1985
f 1986/1986 1987/1987 1988/1988 1989/1989
f 1990/1990 1991/1991 1992/1992 1993/1993
f 1994/1994 1995/1995 1996/1996
f 1997/1997 1998/1998 1999/1999
f 2000/2000 2001/2001 2002/2002 2003/2003
f 2004/2004 2005/2005 2006/2006 2007/2007
f 2008/2008 2009/2009 2010/2010
f 2011/2011 2012/2012 2013/2013
f 2014/2014 2015/2015 2016/2016 2017/2017
f 2018/2018 2019/2019 2020/2020 2021/2021
f 2022/2022 2023/2023 2024/2024
f 2025/2025 2026/2026 2027/2027
f 2028/2028 2029/2029 2030/2030 2031/2031
f 2032/2032 2033/2033 2034/2034 2035/2035
f 2036/2036 2037/2037 2038/2038
f 2039/2039 2040/2040 2041/2041
f 2042/2042 2043/2043 2044/2044 2045/2045
f 2046/2046 2047/2047 2048/2048 2049/2049
f 2050/2050 2051/2051 2052/2052
f 2053/2053 2054/2054 2055/2055
f 2056/2056 2057/2057 2058/2058 2059/2059
f 2060/2060 2061/2061 2062/2062 2063/2063
f 2064/2064 2065/2065 2066/2066
f 2067/2067 2068/2068 2069/2069
f 2070/2070 2071/2071 2072/2072 2073/2073
f 2074/2074 2075/2075 2076/2076 2077/2077
f 2078/2078 2079/2079 2080/2080
f 2081/2081 2082/2082 2083/2083
f 2084/2084 2085/2085 2086/2086 2087/2087
f 2088/2088 2089/2089 2090/2090 2091/2091
f 2092/2092 2093/2093 2094/2094
f 2095/2095 2096/2096 2097/2097
f 2098/2098 2099/2099 2100/2100 2101/2101
f 2102/2102 2103/2103 2104/2104 2105/2105
f 2106/2106 2107/2107 2108/2108
f 2109/2109 2110/2110 2111/2111
f 2112/2112 2113/2113 2114/2114 2115/2115
f 2116/2116 2117/2117 2118/2118 2119/2119
f 2120/2120 2121/2121 2122/2122
f 2123/2123 2124/2124 2125/2125
f 2126/2126 2127/2127 2128/2128 2129/2129
f 2130/2130 2131/2131 2132/2132 2133/2133
f 2134/2134 2135/2135 2136/2136
f 2137/2137 2138/2138 2139/2139
f 2140/2140 2141/2141 2142/2142 2143/2143
f 2144/2144 2145/2145 2146/2146 2147/2147
f 2148/2148 2149/2149 2150/2150
f 2151/2151 2152/2152 2153/2153
f 2154/2154 2155/2155 2156/2156 2157/2157
f 2158/2158 2159/2159 2160/2160 2161/2161
f 2162/2162 2163/2163 2164/2164
f 2165/2165 2166/2166 2167/2167
f 2168/2168 2169/2169 2170/2170 2171/2171
f 2172/2172 2173/2173 2174/2174 2175/2175
f 2176/2176 2177/2177 2178/2178
f 2179/2179 2180/2180 2181/2181
f 2182/2182 2183/2183 2184/2184 2185/2185
f 2186/2186 2187/2187 2188/2188 2189/2189
f 2190/2190 2191/2191 2192/2192
f 2193/2193 2194/2194 2195/2195
f 2196/2196 2197/2197 2198/2198 2199/2199
f 2200/2200 2201/2201 2202/2202 2203/2203
f 2204/2204 2205/2205 2206/2206
f 2207/2207 2208/2208 2209/2209
f 2210/2210 2211/2211 2212/2212 2213/2213
f 2214/2214 2215/2215 2216/2216 2217/2217
f 2218/2218 2219/2219 2220/2220
f 2221/2221 2222/2222 2223/2223
f 2224/2224 2225/2225 2226/2226 2227/2227
f 2228/2228 2229/2229 2230/2230 2231/2231
f 2232/2232 2233/2233 2234/2234
f 2235/2235 2236/2236 2237/2237
f 2238/2238 2239/2239 2240/2240 2241/2241
f 2242/2242 2243/2243 2244/2244 2245/2245
f 2246/2246 2247/2247 2248/2248
f 2249/2249 2250/2250 2251/2251
f 2252/2252 2253/2253 2254/2254 2255/2255
f 2256/2256 2257/2257 2258/2258 2259/2259
f 2260/2260 2261/2261 2262/2262
f 2263/2263 2264/2264 2265/2265
f 2266/2266 2267/2267 2268/2268 2269/2269
f 2270/2270 2271/2271 2272/2272 2273/2273
f 2274/2274 2275/2275 2276/2276
f 2277/2277 2278/2278 2279/2279
f 2280/2280 2281/2281 2282/2282 2283/2283
f 2284/2284 2285/2285 2286/2286 2287/2287
f 2288/2288 2289/2289 2290/2290
f 2291/2291 2292/2292 2293/2293
f 2294/2294 2295/2295 2296/2296 2297/2297
f 2298/2298 2299/2299 2300/2300 2301/2301
f 2302/2302 2303/2303 2304/2304
f 2305/2305 2306/2306 2307/2307
f 2308/2308 2309/2309 2310/2310 2311/2311
f 2312/2312 2313/2313 2314/2314 2315/2315
f 2316/2316 2317/2317 2318/2318
f 2319/2319 2320/2320 2321/2321
f 2322/2322 2323/2323 2324/2324 2325/2325
f 2326/2326 2327/2327 2328/2328 2329/2329
f 2330/2330 2331/2331 2332/2332
f 2333/2333 2334/2334 2335/2335
f 2336/2336 2337/2337 2338/2338 2339/2339
f 2340/2340 2341/2341 2342/2342 2343/2343
f 2344/2344 2345/2345 2346/2346
