# Modelo original generado para Caelum Argenteum.
# Ejes OBJ: X ancho, Y altura, Z profundidad.
o ca_tree_coast_ceibo
v 4.281670 -0.142975 -8.583246
v -1.337240 0.250782 -5.879659
v 6.389487 63.273435 -4.013322
v 8.106376 63.153121 -4.839418
v 4.281670 0.000000 -1.384666
v -1.337240 0.250782 -5.879659
v 4.281670 -0.142975 -8.583246
v -1.337240 0.250782 -5.879659
v -2.724996 0.455695 0.208750
v 5.965450 63.336047 -2.152975
v 6.389487 63.273435 -4.013322
v 4.281670 0.000000 -1.384666
v -2.724996 0.455695 0.208750
v -1.337240 0.250782 -5.879659
v -2.724996 0.455695 0.208750
v 1.163411 0.317460 5.097284
v 7.153574 63.293809 -0.659256
v 5.965450 63.336047 -2.152975
v 4.281670 0.000000 -1.384666
v 1.163411 0.317460 5.097284
v -2.724996 0.455695 0.208750
v 1.163411 0.317460 5.097284
v 7.399930 -0.059828 5.104777
v 9.059178 63.178526 -0.656967
v 7.153574 63.293809 -0.659256
v 4.281670 0.000000 -1.384666
v 7.399930 -0.059828 5.104777
v 1.163411 0.317460 5.097284
v 7.399930 -0.059828 5.104777
v 11.288336 -0.392065 0.225588
v 10.247302 63.077010 -2.147830
v 9.059178 63.178526 -0.656967
v 4.281670 0.000000 -1.384666
v 11.288336 -0.392065 0.225588
v 7.399930 -0.059828 5.104777
v 11.288336 -0.392065 0.225588
v 9.900580 -0.429069 -5.866156
v 9.823265 63.065703 -4.009196
v 10.247302 63.077010 -2.147830
v 4.281670 0.000000 -1.384666
v 9.900580 -0.429069 -5.866156
v 11.288336 -0.392065 0.225588
v 9.900580 -0.429069 -5.866156
v 4.281670 -0.142975 -8.583246
v 8.106376 63.153121 -4.839418
v 9.823265 63.065703 -4.009196
v 4.281670 0.000000 -1.384666
v 4.281670 -0.142975 -8.583246
v 9.900580 -0.429069 -5.866156
v 7.847084 63.116284 -4.823034
v 6.263471 63.457262 -3.812825
v 23.678084 137.052876 -5.454105
v 21.662577 137.486847 -4.168384
v 21.332569 137.384364 -6.946979
v 21.662577 137.486847 -4.168384
v 23.678084 137.052876 -5.454105
v 6.263471 63.457262 -3.812825
v 6.067603 63.602112 -1.919343
v 23.927370 136.868522 -7.863991
v 23.678084 137.052876 -5.454105
v 21.332569 137.384364 -6.946979
v 23.678084 137.052876 -5.454105
v 23.927370 136.868522 -7.863991
v 6.067603 63.602112 -1.919343
v 7.406973 63.441759 -0.568419
v 22.222718 137.072607 -9.583348
v 23.927370 136.868522 -7.863991
v 21.332569 137.384364 -6.946979
v 23.927370 136.868522 -7.863991
v 22.222718 137.072607 -9.583348
v 7.406973 63.441759 -0.568419
v 9.273007 63.096953 -0.777327
v 19.847765 137.511451 -9.317466
v 22.222718 137.072607 -9.583348
v 21.332569 137.384364 -6.946979
v 22.222718 137.072607 -9.583348
v 19.847765 137.511451 -9.317466
v 9.273007 63.096953 -0.777327
v 10.260545 62.827339 -2.388754
v 18.590899 137.854596 -7.266559
v 19.847765 137.511451 -9.317466
v 21.332569 137.384364 -6.946979
v 19.847765 137.511451 -9.317466
v 18.590899 137.854596 -7.266559
v 10.260545 62.827339 -2.388754
v 9.625949 62.835943 -4.189263
v 19.398566 137.843646 -4.975002
v 18.590899 137.854596 -7.266559
v 21.332569 137.384364 -6.946979
v 18.590899 137.854596 -7.266559
v 19.398566 137.843646 -4.975002
v 9.625949 62.835943 -4.189263
v 7.847084 63.116284 -4.823034
v 21.662577 137.486847 -4.168384
v 19.398566 137.843646 -4.975002
v 21.332569 137.384364 -6.946979
v 19.398566 137.843646 -4.975002
v 21.662577 137.486847 -4.168384
v 8.106376 62.627841 -4.347563
v 6.590129 63.255701 -3.608112
v 18.060693 104.890115 -16.863028
v 18.591379 104.670365 -17.121836
v 8.106376 63.196807 -2.639852
v 6.590129 63.255701 -3.608112
v 8.106376 62.627841 -4.347563
v 6.590129 63.255701 -3.608112
v 6.590129 63.824667 -1.900401
v 18.060693 105.089254 -16.265329
v 18.060693 104.890115 -16.863028
v 8.106376 63.196807 -2.639852
v 6.590129 63.824667 -1.900401
v 6.590129 63.255701 -3.608112
v 6.590129 63.824667 -1.900401
v 8.106376 63.765773 -0.932141
v 18.591379 105.068641 -15.926438
v 18.060693 105.089254 -16.265329
v 8.106376 63.196807 -2.639852
v 8.106376 63.765773 -0.932141
v 6.590129 63.824667 -1.900401
v 8.106376 63.765773 -0.932141
v 9.622623 63.137914 -1.671592
v 19.122065 104.848890 -16.185246
v 18.591379 105.068641 -15.926438
v 8.106376 63.196807 -2.639852
v 9.622623 63.137914 -1.671592
v 8.106376 63.765773 -0.932141
v 9.622623 63.137914 -1.671592
v 9.622623 62.568948 -3.379303
v 19.122065 104.649752 -16.782945
v 19.122065 104.848890 -16.185246
v 8.106376 63.196807 -2.639852
v 9.622623 62.568948 -3.379303
v 9.622623 63.137914 -1.671592
v 9.622623 62.568948 -3.379303
v 8.106376 62.627841 -4.347563
v 18.591379 104.670365 -17.121836
v 19.122065 104.649752 -16.782945
v 8.106376 63.196807 -2.639852
v 8.106376 62.627841 -4.347563
v 9.622623 62.568948 -3.379303
v 18.518051 104.695525 -17.125182
v 18.028061 104.923067 -16.801092
v 31.108507 152.474899 -31.548043
v 30.688516 152.669936 -31.270252
v 30.625664 152.520812 -31.785433
v 30.688516 152.669936 -31.270252
v 31.108507 152.474899 -31.548043
v 18.028061 104.923067 -16.801092
v 18.101389 105.097045 -16.200047
v 31.045655 152.325775 -32.063224
v 31.108507 152.474899 -31.548043
v 30.625664 152.520812 -31.785433
v 31.108507 152.474899 -31.548043
v 31.045655 152.325775 -32.063224
v 18.101389 105.097045 -16.200047
v 18.664707 105.043481 -15.923092
v 30.562812 152.371688 -32.300614
v 31.045655 152.325775 -32.063224
v 30.625664 152.520812 -31.785433
v 31.045655 152.325775 -32.063224
v 30.562812 152.371688 -32.300614
v 18.664707 105.043481 -15.923092
v 19.154697 104.815938 -16.247182
v 30.142820 152.566724 -32.022823
v 30.562812 152.371688 -32.300614
v 30.625664 152.520812 -31.785433
v 30.562812 152.371688 -32.300614
v 30.142820 152.566724 -32.022823
v 19.154697 104.815938 -16.247182
v 19.081369 104.641960 -16.848227
v 30.205672 152.715848 -31.507642
v 30.142820 152.566724 -32.022823
v 30.625664 152.520812 -31.785433
v 30.142820 152.566724 -32.022823
v 30.205672 152.715848 -31.507642
v 19.081369 104.641960 -16.848227
v 18.518051 104.695525 -17.125182
v 30.688516 152.669936 -31.270252
v 30.205672 152.715848 -31.507642
v 30.625664 152.520812 -31.785433
v 30.205672 152.715848 -31.507642
v 30.688516 152.669936 -31.270252
v 8.106376 63.439020 -4.423481
v 6.679189 63.939217 -3.447295
v 24.228358 100.946334 2.168551
v 24.727873 100.771265 1.826886
v 8.106376 63.196807 -2.639852
v 6.679189 63.939217 -3.447295
v 8.106376 63.439020 -4.423481
v 6.679189 63.939217 -3.447295
v 6.679189 63.697004 -1.663666
v 24.228358 100.861559 2.792822
v 24.228358 100.946334 2.168551
v 8.106376 63.196807 -2.639852
v 6.679189 63.697004 -1.663666
v 6.679189 63.939217 -3.447295
v 6.679189 63.697004 -1.663666
v 8.106376 62.954595 -0.856223
v 24.727873 100.601716 3.075427
v 24.228358 100.861559 2.792822
v 8.106376 63.196807 -2.639852
v 8.106376 62.954595 -0.856223
v 6.679189 63.697004 -1.663666
v 8.106376 62.954595 -0.856223
v 9.533563 62.454398 -1.832409
v 25.227389 100.426647 2.733762
v 24.727873 100.601716 3.075427
v 8.106376 63.196807 -2.639852
v 9.533563 62.454398 -1.832409
v 8.106376 62.954595 -0.856223
v 9.533563 62.454398 -1.832409
v 9.533563 62.696611 -3.616038
v 25.227389 100.511422 2.109491
v 25.227389 100.426647 2.733762
v 8.106376 63.196807 -2.639852
v 9.533563 62.696611 -3.616038
v 9.533563 62.454398 -1.832409
v 9.533563 62.696611 -3.616038
v 8.106376 63.439020 -4.423481
v 24.727873 100.771265 1.826886
v 25.227389 100.511422 2.109491
v 8.106376 63.196807 -2.639852
v 8.106376 63.439020 -4.423481
v 9.533563 62.696611 -3.616038
v 24.658717 100.793487 1.834172
v 24.196602 100.946395 2.234132
v 43.865403 143.073522 7.932449
v 43.469304 143.204587 8.275271
v 43.410027 143.296298 7.746428
v 43.469304 143.204587 8.275271
v 43.865403 143.073522 7.932449
v 24.196602 100.946395 2.234132
v 24.265758 100.839399 2.851116
v 43.806126 143.165233 7.403605
v 43.865403 143.073522 7.932449
v 43.410027 143.296298 7.746428
v 43.865403 143.073522 7.932449
v 43.806126 143.165233 7.403605
v 24.265758 100.839399 2.851116
v 24.797030 100.579494 3.068140
v 43.350750 143.388009 7.217585
v 43.806126 143.165233 7.403605
v 43.410027 143.296298 7.746428
v 43.806126 143.165233 7.403605
v 43.350750 143.388009 7.217585
v 24.797030 100.579494 3.068140
v 25.259145 100.426585 2.668181
v 42.954651 143.519073 7.560407
v 43.350750 143.388009 7.217585
v 43.410027 143.296298 7.746428
v 43.350750 143.388009 7.217585
v 42.954651 143.519073 7.560407
v 25.259145 100.426585 2.668181
v 25.189989 100.533581 2.051197
v 43.013928 143.427362 8.089251
v 42.954651 143.519073 7.560407
v 43.410027 143.296298 7.746428
v 42.954651 143.519073 7.560407
v 43.013928 143.427362 8.089251
v 25.189989 100.533581 2.051197
v 24.658717 100.793487 1.834172
v 43.469304 143.204587 8.275271
v 43.013928 143.427362 8.089251
v 43.410027 143.296298 7.746428
v 43.013928 143.427362 8.089251
v 43.469304 143.204587 8.275271
v -0.792362 1.148281 -2.678153
v -6.411128 0.377970 -0.056577
v -6.231749 60.428679 12.802553
v -4.514904 60.664052 12.001516
v -0.792362 0.000000 4.429691
v -6.411128 0.377970 -0.056577
v -0.792362 1.148281 -2.678153
v -6.411128 0.377970 -0.056577
v -7.798849 -0.676959 5.943251
v -6.655775 60.106340 14.635834
v -6.231749 60.428679 12.802553
v -0.792362 0.000000 4.429691
v -7.798849 -0.676959 5.943251
v -6.411128 0.377970 -0.056577
v -7.798849 -0.676959 5.943251
v -3.910542 -1.222125 10.803337
v -5.467681 59.939761 16.120860
v -6.655775 60.106340 14.635834
v -0.792362 0.000000 4.429691
v -3.910542 -1.222125 10.803337
v -7.798849 -0.676959 5.943251
v -3.910542 -1.222125 10.803337
v 2.325818 -0.847005 10.863938
v -3.562127 60.054381 16.139377
v -5.467681 59.939761 16.120860
v -0.792362 0.000000 4.429691
v 2.325818 -0.847005 10.863938
v -3.910542 -1.222125 10.803337
v 2.325818 -0.847005 10.863938
v 6.214125 0.165926 6.079420
v -2.374033 60.363888 14.677441
v -3.562127 60.054381 16.139377
v -0.792362 0.000000 4.429691
v 6.214125 0.165926 6.079420
v 2.325818 -0.847005 10.863938
v 6.214125 0.165926 6.079420
v 4.826405 1.053912 0.052622
v -2.798059 60.635217 12.835919
v -2.374033 60.363888 14.677441
v -0.792362 0.000000 4.429691
v 4.826405 1.053912 0.052622
v 6.214125 0.165926 6.079420
v 4.826405 1.053912 0.052622
v -0.792362 1.148281 -2.678153
v -4.514904 60.664052 12.001516
v -2.798059 60.635217 12.835919
v -0.792362 0.000000 4.429691
v -0.792362 1.148281 -2.678153
v 4.826405 1.053912 0.052622
v -4.776992 60.966675 12.089067
v -6.377682 60.496939 13.017376
v -9.510517 130.881762 38.769557
v -11.547759 130.283916 39.951041
v -11.881326 131.115627 37.298308
v -11.547759 130.283916 39.951041
v -9.510517 130.881762 38.769557
v -6.377682 60.496939 13.017376
v -6.575662 59.888835 14.816162
v -9.258542 131.655713 36.480193
v -9.510517 130.881762 38.769557
v -11.881326 131.115627 37.298308
v -9.510517 130.881762 38.769557
v -9.258542 131.655713 36.480193
v -6.575662 59.888835 14.816162
v -5.221849 59.600278 16.130903
v -10.981577 132.022968 34.806886
v -9.258542 131.655713 36.480193
v -11.881326 131.115627 37.298308
v -9.258542 131.655713 36.480193
v -10.981577 132.022968 34.806886
v -5.221849 59.600278 16.130903
v -3.335692 59.848557 15.971572
v -13.382141 131.706976 35.009671
v -10.981577 132.022968 34.806886
v -11.881326 131.115627 37.298308
v -10.981577 132.022968 34.806886
v -13.382141 131.706976 35.009671
v -3.335692 59.848557 15.971572
v -2.337505 60.446713 14.458148
v -14.652561 130.945687 36.935847
v -13.382141 131.706976 35.009671
v -11.881326 131.115627 37.298308
v -13.382141 131.706976 35.009671
v -14.652561 130.945687 36.935847
v -2.337505 60.446713 14.458148
v -2.978944 60.944322 12.730271
v -13.836184 130.312365 39.134963
v -14.652561 130.945687 36.935847
v -11.881326 131.115627 37.298308
v -14.652561 130.945687 36.935847
v -13.836184 130.312365 39.134963
v -2.978944 60.944322 12.730271
v -4.776992 60.966675 12.089067
v -11.547759 130.283916 39.951041
v -13.836184 130.312365 39.134963
v -11.881326 131.115627 37.298308
v -13.836184 130.312365 39.134963
v -11.547759 130.283916 39.951041
v -4.514904 61.130341 12.569530
v -6.063619 60.879861 13.451994
v 0.010105 99.918698 33.998911
v 0.552155 100.006366 33.690049
v -4.514904 60.313188 14.173357
v -6.063619 60.879861 13.451994
v -4.514904 61.130341 12.569530
v -6.063619 60.879861 13.451994
v -6.063619 60.062708 15.055821
v 0.010105 99.632694 34.560251
v 0.010105 99.918698 33.998911
v -4.514904 60.313188 14.173357
v -6.063619 60.062708 15.055821
v -6.063619 60.879861 13.451994
v -6.063619 60.062708 15.055821
v -4.514904 59.496035 15.777184
v 0.552155 99.434359 34.812728
v 0.010105 99.632694 34.560251
v -4.514904 60.313188 14.173357
v -4.514904 59.496035 15.777184
v -6.063619 60.062708 15.055821
v -4.514904 59.496035 15.777184
v -2.966189 59.746515 14.894720
v 1.094205 99.522027 34.503866
v 0.552155 99.434359 34.812728
v -4.514904 60.313188 14.173357
v -2.966189 59.746515 14.894720
v -4.514904 59.496035 15.777184
v -2.966189 59.746515 14.894720
v -2.966189 60.563668 13.290893
v 1.094205 99.808030 33.942526
v 1.094205 99.522027 34.503866
v -4.514904 60.313188 14.173357
v -2.966189 60.563668 13.290893
v -2.966189 59.746515 14.894720
v -2.966189 60.563668 13.290893
v -4.514904 61.130341 12.569530
v 0.552155 100.006366 33.690049
v 1.094205 99.808030 33.942526
v -4.514904 60.313188 14.173357
v -4.514904 61.130341 12.569530
v -2.966189 60.563668 13.290893
v 0.477129 100.014433 33.699308
v -0.024213 99.886416 34.058707
v 6.159256 143.935025 57.348858
v 5.729535 143.825296 57.656914
v 5.665227 144.077357 57.183702
v 5.729535 143.825296 57.656914
v 6.159256 143.935025 57.348858
v -0.024213 99.886416 34.058707
v 0.050813 99.592345 34.610788
v 6.094948 144.187086 56.875645
v 6.159256 143.935025 57.348858
v 5.665227 144.077357 57.183702
v 6.159256 143.935025 57.348858
v 6.094948 144.187086 56.875645
v 0.050813 99.592345 34.610788
v 0.627181 99.426291 34.803469
v 5.600918 144.329417 56.710490
v 6.094948 144.187086 56.875645
v 5.665227 144.077357 57.183702
v 6.094948 144.187086 56.875645
v 5.600918 144.329417 56.710490
v 0.627181 99.426291 34.803469
v 1.128523 99.554309 34.444070
v 5.171197 144.219688 57.018547
v 5.600918 144.329417 56.710490
v 5.665227 144.077357 57.183702
v 5.600918 144.329417 56.710490
v 5.171197 144.219688 57.018547
v 1.128523 99.554309 34.444070
v 1.053497 99.848380 33.891989
v 5.235505 143.967627 57.491759
v 5.171197 144.219688 57.018547
v 5.665227 144.077357 57.183702
v 5.171197 144.219688 57.018547
v 5.235505 143.967627 57.491759
v 1.053497 99.848380 33.891989
v 0.477129 100.014433 33.699308
v 5.729535 143.825296 57.656914
v 5.235505 143.967627 57.491759
v 5.665227 144.077357 57.183702
v 5.235505 143.967627 57.491759
v 5.729535 143.825296 57.656914
v -4.514904 61.018320 12.517220
v -5.988792 60.198726 13.146443
v -19.594991 99.182695 30.380419
v -19.079130 99.469553 30.160191
v -4.514904 60.313188 14.173357
v -5.988792 60.198726 13.146443
v -4.514904 61.018320 12.517220
v -5.988792 60.198726 13.146443
v -5.988792 59.493595 14.802580
v -19.594991 98.935899 30.960067
v -19.594991 99.182695 30.380419
v -4.514904 60.313188 14.173357
v -5.988792 59.493595 14.802580
v -5.988792 60.198726 13.146443
v -5.988792 59.493595 14.802580
v -4.514904 59.608057 15.829494
v -19.079130 98.975961 31.319487
v -19.594991 98.935899 30.960067
v -4.514904 60.313188 14.173357
v -4.514904 59.608057 15.829494
v -5.988792 59.493595 14.802580
v -4.514904 59.608057 15.829494
v -3.041016 60.427651 15.200272
v -18.563269 99.262819 31.099259
v -19.079130 98.975961 31.319487
v -4.514904 60.313188 14.173357
v -3.041016 60.427651 15.200272
v -4.514904 59.608057 15.829494
v -3.041016 60.427651 15.200272
v -3.041016 61.132782 13.544135
v -18.563269 99.509615 30.519611
v -18.563269 99.262819 31.099259
v -4.514904 60.313188 14.173357
v -3.041016 61.132782 13.544135
v -3.041016 60.427651 15.200272
v -3.041016 61.132782 13.544135
v -4.514904 61.018320 12.517220
v -19.079130 99.469553 30.160191
v -18.563269 99.509615 30.519611
v -4.514904 60.313188 14.173357
v -4.514904 61.018320 12.517220
v -3.041016 61.132782 13.544135
v -19.150536 99.452300 30.157506
v -19.627683 99.151648 30.438289
v -34.763094 142.785145 50.126445
v -35.172078 142.527444 50.367116
v -35.233283 142.724195 49.867974
v -35.172078 142.527444 50.367116
v -34.763094 142.785145 50.126445
v -19.627683 99.151648 30.438289
v -19.556278 98.922106 31.020621
v -34.824299 142.981896 49.627303
v -34.763094 142.785145 50.126445
v -35.233283 142.724195 49.867974
v -34.763094 142.785145 50.126445
v -34.824299 142.981896 49.627303
v -19.556278 98.922106 31.020621
v -19.007724 98.993214 31.322172
v -35.294488 142.920946 49.368831
v -34.824299 142.981896 49.627303
v -35.233283 142.724195 49.867974
v -34.824299 142.981896 49.627303
v -35.294488 142.920946 49.368831
v -19.007724 98.993214 31.322172
v -18.530576 99.293865 31.041389
v -35.703472 142.663245 49.609502
v -35.294488 142.920946 49.368831
v -35.233283 142.724195 49.867974
v -35.294488 142.920946 49.368831
v -35.703472 142.663245 49.609502
v -18.530576 99.293865 31.041389
v -18.601982 99.523408 30.459056
v -35.642267 142.466494 50.108644
v -35.703472 142.663245 49.609502
v -35.233283 142.724195 49.867974
v -35.703472 142.663245 49.609502
v -35.642267 142.466494 50.108644
v -18.601982 99.523408 30.459056
v -19.150536 99.452300 30.157506
v -35.172078 142.527444 50.367116
v -35.642267 142.466494 50.108644
v -35.233283 142.724195 49.867974
v -35.642267 142.466494 50.108644
v -35.172078 142.527444 50.367116
v -4.260925 0.062836 -8.646971
v -9.753328 -1.194167 -5.946965
v -17.322156 50.322694 -2.379779
v -15.643922 50.706778 -3.204780
v -4.260925 0.000000 -1.447246
v -9.753328 -1.194167 -5.946965
v -4.260925 0.062836 -8.646971
v -9.753328 -1.194167 -5.946965
v -11.109839 -1.551938 0.141421
v -17.736646 50.213375 -0.519438
v -17.322156 50.322694 -2.379779
v -4.260925 0.000000 -1.447246
v -11.109839 -1.551938 0.141421
v -9.753328 -1.194167 -5.946965
v -11.109839 -1.551938 0.141421
v -7.308978 -0.741068 5.033510
v -16.575272 50.461141 0.975367
v -17.736646 50.213375 -0.519438
v -4.260925 0.000000 -1.447246
v -7.308978 -0.741068 5.033510
v -11.109839 -1.551938 0.141421
v -7.308978 -0.741068 5.033510
v -1.212871 0.627841 5.045457
v -14.712572 50.879418 0.979017
v -16.575272 50.461141 0.975367
v -4.260925 0.000000 -1.447246
v -1.212871 0.627841 5.045457
v -7.308978 -0.741068 5.033510
v -1.212871 0.627841 5.045457
v 2.587989 1.523973 0.168267
v -13.551198 51.153236 -0.511235
v -14.712572 50.879418 0.979017
v -4.260925 0.000000 -1.447246
v 2.587989 1.523973 0.168267
v -1.212871 0.627841 5.045457
v 2.587989 1.523973 0.168267
v 1.231478 1.272522 -5.925437
v -13.965688 51.076404 -2.373200
v -13.551198 51.153236 -0.511235
v -4.260925 0.000000 -1.447246
v 1.231478 1.272522 -5.925437
v 2.587989 1.523973 0.168267
v 1.231478 1.272522 -5.925437
v -4.260925 0.062836 -8.646971
v -15.643922 50.706778 -3.204780
v -13.965688 51.076404 -2.373200
v -4.260925 0.000000 -1.447246
v -4.260925 0.062836 -8.646971
v 1.231478 1.272522 -5.925437
v -15.885975 50.523667 -3.185356
v -17.364298 49.918329 -2.140012
v -38.978646 111.169431 -1.199646
v -40.860149 110.399001 0.130792
v -41.168216 110.190387 -2.644379
v -40.860149 110.399001 0.130792
v -38.978646 111.169431 -1.199646
v -17.364298 49.918329 -2.140012
v -17.547144 49.892251 -0.239879
v -38.745934 111.202621 -3.617997
v -38.978646 111.169431 -1.199646
v -41.168216 110.190387 -2.644379
v -38.978646 111.169431 -1.199646
v -38.745934 111.202621 -3.617997
v -17.547144 49.892251 -0.239879
v -16.296824 50.465071 1.084205
v -40.337249 110.473578 -5.303194
v -38.745934 111.202621 -3.617997
v -41.168216 110.190387 -2.644379
v -38.745934 111.202621 -3.617997
v -40.337249 110.473578 -5.303194
v -16.296824 50.465071 1.084205
v -14.554856 51.205443 0.835177
v -42.554300 109.531286 -4.986250
v -40.337249 110.473578 -5.303194
v -41.168216 110.190387 -2.644379
v -40.337249 110.473578 -5.303194
v -42.554300 109.531286 -4.986250
v -14.554856 51.205443 0.835177
v -13.632977 51.555852 -0.799439
v -43.727601 109.085311 -2.905829
v -42.554300 109.531286 -4.986250
v -41.168216 110.190387 -2.644379
v -42.554300 109.531286 -4.986250
v -43.727601 109.085311 -2.905829
v -13.632977 51.555852 -0.799439
v -14.225380 51.252433 -2.588745
v -42.973633 109.471480 -0.628531
v -43.727601 109.085311 -2.905829
v -41.168216 110.190387 -2.644379
v -43.727601 109.085311 -2.905829
v -42.973633 109.471480 -0.628531
v -14.225380 51.252433 -2.588745
v -15.885975 50.523667 -3.185356
v -40.860149 110.399001 0.130792
v -42.973633 109.471480 -0.628531
v -41.168216 110.190387 -2.644379
v -42.973633 109.471480 -0.628531
v -40.860149 110.399001 0.130792
v -15.643922 50.992421 -2.778863
v -16.971883 50.035386 -2.030128
v -38.433982 86.248846 4.786347
v -37.969196 86.583809 4.524290
v -15.643922 50.687578 -1.004864
v -16.971883 50.035386 -2.030128
v -15.643922 50.992421 -2.778863
v -16.971883 50.035386 -2.030128
v -16.971883 49.730543 -0.256129
v -38.433982 86.142151 5.407246
v -38.433982 86.248846 4.786347
v -15.643922 50.687578 -1.004864
v -16.971883 49.730543 -0.256129
v -16.971883 50.035386 -2.030128
v -16.971883 49.730543 -0.256129
v -15.643922 50.382735 0.769134
v -37.969196 86.370418 5.766089
v -38.433982 86.142151 5.407246
v -15.643922 50.687578 -1.004864
v -15.643922 50.382735 0.769134
v -16.971883 49.730543 -0.256129
v -15.643922 50.382735 0.769134
v -14.315961 51.339770 0.020399
v -37.504409 86.705381 5.504031
v -37.969196 86.370418 5.766089
v -15.643922 50.687578 -1.004864
v -14.315961 51.339770 0.020399
v -15.643922 50.382735 0.769134
v -14.315961 51.339770 0.020399
v -14.315961 51.644613 -1.753599
v -37.504409 86.812076 4.883132
v -37.504409 86.705381 5.504031
v -15.643922 50.687578 -1.004864
v -14.315961 51.644613 -1.753599
v -14.315961 51.339770 0.020399
v -14.315961 51.644613 -1.753599
v -15.643922 50.992421 -2.778863
v -37.969196 86.583809 4.524290
v -37.504409 86.812076 4.883132
v -15.643922 50.687578 -1.004864
v -15.643922 50.992421 -2.778863
v -14.315961 51.644613 -1.753599
v -38.032790 86.540040 4.521574
v -38.457743 86.210614 4.849893
v -63.039814 126.143012 11.977119
v -63.404059 125.860646 12.258536
v -63.458569 125.914583 11.724008
v -63.404059 125.860646 12.258536
v -63.039814 126.143012 11.977119
v -38.457743 86.210614 4.849893
v -38.394148 86.147687 5.473509
v -63.094324 126.196949 11.442591
v -63.039814 126.143012 11.977119
v -63.458569 125.914583 11.724008
v -63.039814 126.143012 11.977119
v -63.094324 126.196949 11.442591
v -38.394148 86.147687 5.473509
v -37.905601 86.414187 5.768804
v -63.513079 125.968520 11.189481
v -63.094324 126.196949 11.442591
v -63.458569 125.914583 11.724008
v -63.094324 126.196949 11.442591
v -63.513079 125.968520 11.189481
v -37.905601 86.414187 5.768804
v -37.480648 86.743613 5.440485
v -63.877324 125.686155 11.470898
v -63.513079 125.968520 11.189481
v -63.458569 125.914583 11.724008
v -63.513079 125.968520 11.189481
v -63.877324 125.686155 11.470898
v -37.480648 86.743613 5.440485
v -37.544243 86.806540 4.816870
v -63.822814 125.632218 12.005425
v -63.877324 125.686155 11.470898
v -63.458569 125.914583 11.724008
v -63.877324 125.686155 11.470898
v -63.822814 125.632218 12.005425
v -37.544243 86.806540 4.816870
v -38.032790 86.540040 4.521574
v -63.404059 125.860646 12.258536
v -63.822814 125.632218 12.005425
v -63.458569 125.914583 11.724008
v -63.822814 125.632218 12.005425
v -63.404059 125.860646 12.258536
v -15.643922 50.064442 -2.693562
v -17.074636 49.795364 -1.634953
v -32.056115 84.882549 -13.958697
v -31.555365 84.976726 -14.329210
v -15.643922 50.687578 -1.004864
v -17.074636 49.795364 -1.634953
v -15.643922 50.064442 -2.693562
v -17.074636 49.795364 -1.634953
v -17.074636 50.418500 0.053745
v -32.056115 85.100646 -13.367652
v -32.056115 84.882549 -13.958697
v -15.643922 50.687578 -1.004864
v -17.074636 50.418500 0.053745
v -17.074636 49.795364 -1.634953
v -17.074636 50.418500 0.053745
v -15.643922 51.310714 0.683834
v -31.555365 85.412921 -13.147121
v -32.056115 85.100646 -13.367652
v -15.643922 50.687578 -1.004864
v -15.643922 51.310714 0.683834
v -17.074636 50.418500 0.053745
v -15.643922 51.310714 0.683834
v -14.213208 51.579792 -0.374775
v -31.054615 85.507098 -13.517635
v -31.555365 85.412921 -13.147121
v -15.643922 50.687578 -1.004864
v -14.213208 51.579792 -0.374775
v -15.643922 51.310714 0.683834
v -14.213208 51.579792 -0.374775
v -14.213208 50.956656 -2.063474
v -31.054615 85.289001 -14.108679
v -31.054615 85.507098 -13.517635
v -15.643922 50.687578 -1.004864
v -14.213208 50.956656 -2.063474
v -14.213208 51.579792 -0.374775
v -14.213208 50.956656 -2.063474
v -15.643922 50.064442 -2.693562
v -31.555365 84.976726 -14.329210
v -31.054615 85.289001 -14.108679
v -15.643922 50.687578 -1.004864
v -15.643922 50.064442 -2.693562
v -14.213208 50.956656 -2.063474
v -31.624041 84.953015 -14.315844
v -32.082947 84.885551 -13.889519
v -49.644208 123.880567 -27.486584
v -50.037556 123.822741 -27.121162
v -50.096421 123.615477 -27.616315
v -50.037556 123.822741 -27.121162
v -49.644208 123.880567 -27.486584
v -32.082947 84.885551 -13.889519
v -32.014271 85.127360 -13.311840
v -49.703073 123.673303 -27.981737
v -49.644208 123.880567 -27.486584
v -50.096421 123.615477 -27.616315
v -49.644208 123.880567 -27.486584
v -49.703073 123.673303 -27.981737
v -32.014271 85.127360 -13.311840
v -31.486689 85.436632 -13.160487
v -50.155286 123.408213 -28.111468
v -49.703073 123.673303 -27.981737
v -50.096421 123.615477 -27.616315
v -49.703073 123.673303 -27.981737
v -50.155286 123.408213 -28.111468
v -31.486689 85.436632 -13.160487
v -31.027782 85.504095 -13.586813
v -50.548635 123.350387 -27.746046
v -50.155286 123.408213 -28.111468
v -50.096421 123.615477 -27.616315
v -50.155286 123.408213 -28.111468
v -50.548635 123.350387 -27.746046
v -31.027782 85.504095 -13.586813
v -31.096458 85.262287 -14.164491
v -50.489770 123.557651 -27.250893
v -50.548635 123.350387 -27.746046
v -50.096421 123.615477 -27.616315
v -50.548635 123.350387 -27.746046
v -50.489770 123.557651 -27.250893
v -31.096458 85.262287 -14.164491
v -31.624041 84.953015 -14.315844
v -50.037556 123.822741 -27.121162
v -50.489770 123.557651 -27.250893
v -50.096421 123.615477 -27.616315
v -50.489770 123.557651 -27.250893
v -50.037556 123.822741 -27.121162
v -0.968957 -0.850100 -11.544081
v -6.582762 -0.942965 -8.803070
v -7.031959 57.993838 -12.671310
v -5.316629 58.022214 -13.508841
v -0.968957 0.000000 -4.394442
v -6.582762 -0.942965 -8.803070
v -0.968957 -0.850100 -11.544081
v -6.582762 -0.942965 -8.803070
v -7.969258 -0.325758 -2.742273
v -7.455610 58.182429 -10.819400
v -7.031959 57.993838 -12.671310
v -0.968957 0.000000 -4.394442
v -7.969258 -0.325758 -2.742273
v -6.582762 -0.942965 -8.803070
v -7.969258 -0.325758 -2.742273
v -4.084384 0.536751 2.074407
v -6.268565 58.445974 -9.347637
v -7.455610 58.182429 -10.819400
v -0.968957 0.000000 -4.394442
v -4.084384 0.536751 2.074407
v -7.969258 -0.325758 -2.742273
v -4.084384 0.536751 2.074407
v 2.146471 0.995076 2.019912
v -4.364693 58.586017 -9.364288
v -6.268565 58.445974 -9.347637
v -0.968957 0.000000 -4.394442
v 2.146471 0.995076 2.019912
v -4.084384 0.536751 2.074407
v 2.146471 0.995076 2.019912
v 6.031345 0.704088 -2.864723
v -3.177648 58.497104 -10.856815
v -4.364693 58.586017 -9.364288
v -0.968957 0.000000 -4.394442
v 6.031345 0.704088 -2.864723
v 2.146471 0.995076 2.019912
v 6.031345 0.704088 -2.864723
v 4.644849 -0.117092 -8.901268
v -3.601299 58.246188 -12.701315
v -3.177648 58.497104 -10.856815
v -0.968957 0.000000 -4.394442
v 4.644849 -0.117092 -8.901268
v 6.031345 0.704088 -2.864723
v 4.644849 -0.117092 -8.901268
v -0.968957 -0.850100 -11.544081
v -5.316629 58.022214 -13.508841
v -3.601299 58.246188 -12.701315
v -0.968957 0.000000 -4.394442
v -0.968957 -0.850100 -11.544081
v 4.644849 -0.117092 -8.901268
v -5.578045 57.681633 -13.424530
v -7.174629 57.761050 -12.380867
v -11.626402 127.362912 -28.455792
v -13.658418 127.463988 -27.127494
v -13.991129 126.699927 -29.800604
v -13.658418 127.463988 -27.127494
v -11.626402 127.362912 -28.455792
v -7.174629 57.761050 -12.380867
v -7.372101 58.232727 -10.541535
v -11.375074 126.762595 -30.796761
v -11.626402 127.362912 -28.455792
v -13.991129 126.699927 -29.800604
v -11.626402 127.362912 -28.455792
v -11.375074 126.762595 -30.796761
v -7.372101 58.232727 -10.541535
v -6.021761 58.741483 -9.291587
v -13.093689 126.115088 -32.387603
v -11.375074 126.762595 -30.796761
v -13.991129 126.699927 -29.800604
v -11.375074 126.762595 -30.796761
v -13.093689 126.115088 -32.387603
v -6.021761 58.741483 -9.291587
v -4.140442 58.904213 -9.572261
v -15.488094 125.907977 -32.030382
v -13.093689 126.115088 -32.387603
v -13.991129 126.699927 -29.800604
v -13.093689 126.115088 -32.387603
v -15.488094 125.907977 -32.030382
v -4.140442 58.904213 -9.572261
v -3.144816 58.598379 -11.172203
v -16.755254 126.297220 -29.994092
v -15.488094 125.907977 -32.030382
v -13.991129 126.699927 -29.800604
v -15.488094 125.907977 -32.030382
v -16.755254 126.297220 -29.994092
v -3.144816 58.598379 -11.172203
v -3.784610 58.054280 -12.886623
v -15.940972 126.989710 -27.812102
v -16.755254 126.297220 -29.994092
v -13.991129 126.699927 -29.800604
v -16.755254 126.297220 -29.994092
v -15.940972 126.989710 -27.812102
v -3.784610 58.054280 -12.886623
v -5.578045 57.681633 -13.424530
v -13.658418 127.463988 -27.127494
v -15.940972 126.989710 -27.812102
v -13.991129 126.699927 -29.800604
v -15.940972 126.989710 -27.812102
v -13.658418 127.463988 -27.127494
v -5.316629 57.647554 -13.008724
v -6.770102 57.437515 -11.967906
v -21.217798 95.148195 -25.545352
v -20.709083 95.221708 -25.909638
v -5.316629 58.281966 -11.324229
v -6.770102 57.437515 -11.967906
v -5.316629 57.647554 -13.008724
v -6.770102 57.437515 -11.967906
v -6.770102 58.071928 -10.283412
v -21.217798 95.370239 -24.955779
v -21.217798 95.148195 -25.545352
v -5.316629 58.281966 -11.324229
v -6.770102 58.071928 -10.283412
v -6.770102 57.437515 -11.967906
v -6.770102 58.071928 -10.283412
v -5.316629 58.916379 -9.639735
v -20.709083 95.665797 -24.730492
v -21.217798 95.370239 -24.955779
v -5.316629 58.281966 -11.324229
v -5.316629 58.916379 -9.639735
v -6.770102 58.071928 -10.283412
v -5.316629 58.916379 -9.639735
v -3.863156 59.126417 -10.680553
v -20.200367 95.739311 -25.094779
v -20.709083 95.665797 -24.730492
v -5.316629 58.281966 -11.324229
v -3.863156 59.126417 -10.680553
v -5.316629 58.916379 -9.639735
v -3.863156 59.126417 -10.680553
v -3.863156 58.492005 -12.365047
v -20.200367 95.517266 -25.684352
v -20.200367 95.739311 -25.094779
v -5.316629 58.281966 -11.324229
v -3.863156 58.492005 -12.365047
v -3.863156 59.126417 -10.680553
v -3.863156 58.492005 -12.365047
v -5.316629 57.647554 -13.008724
v -20.709083 95.221708 -25.909638
v -20.200367 95.517266 -25.684352
v -5.316629 58.281966 -11.324229
v -5.316629 57.647554 -13.008724
v -3.863156 58.492005 -12.365047
v -20.779496 95.192765 -25.893604
v -21.250014 95.160881 -25.475876
v -37.363638 137.292494 -41.292355
v -37.766939 137.265166 -40.934302
v -37.827293 137.050033 -41.425907
v -37.766939 137.265166 -40.934302
v -37.363638 137.292494 -41.292355
v -21.250014 95.160881 -25.475876
v -21.179600 95.411869 -24.902337
v -37.423992 137.077362 -41.783959
v -37.363638 137.292494 -41.292355
v -37.827293 137.050033 -41.425907
v -37.363638 137.292494 -41.292355
v -37.423992 137.077362 -41.783959
v -21.179600 95.411869 -24.902337
v -20.638669 95.694741 -24.746526
v -37.887648 136.834900 -41.917512
v -37.423992 137.077362 -41.783959
v -37.827293 137.050033 -41.425907
v -37.423992 137.077362 -41.783959
v -37.887648 136.834900 -41.917512
v -20.638669 95.694741 -24.746526
v -20.168152 95.726625 -25.164254
v -38.290949 136.807571 -41.559459
v -37.887648 136.834900 -41.917512
v -37.827293 137.050033 -41.425907
v -37.887648 136.834900 -41.917512
v -38.290949 136.807571 -41.559459
v -20.168152 95.726625 -25.164254
v -20.238565 95.475637 -25.737793
v -38.230594 137.022704 -41.067854
v -38.290949 136.807571 -41.559459
v -37.827293 137.050033 -41.425907
v -38.290949 136.807571 -41.559459
v -38.230594 137.022704 -41.067854
v -20.238565 95.475637 -25.737793
v -20.779496 95.192765 -25.893604
v -37.766939 137.265166 -40.934302
v -38.230594 137.022704 -41.067854
v -37.827293 137.050033 -41.425907
v -38.230594 137.022704 -41.067854
v -37.766939 137.265166 -40.934302
v -5.316629 57.464770 -12.928034
v -6.867531 58.013405 -12.197486
v -1.776827 94.083404 -29.919879
v -1.234012 93.891381 -30.175571
v -5.316629 58.281966 -11.324229
v -6.867531 58.013405 -12.197486
v -5.316629 57.464770 -12.928034
v -6.867531 58.013405 -12.197486
v -6.867531 58.830601 -10.593681
v -1.776827 94.369422 -29.358547
v -1.776827 94.083404 -29.919879
v -5.316629 58.281966 -11.324229
v -6.867531 58.830601 -10.593681
v -6.867531 58.013405 -12.197486
v -6.867531 58.830601 -10.593681
v -5.316629 59.099163 -9.720424
v -1.234012 94.463419 -29.052908
v -1.776827 94.369422 -29.358547
v -5.316629 58.281966 -11.324229
v -5.316629 59.099163 -9.720424
v -6.867531 58.830601 -10.593681
v -5.316629 59.099163 -9.720424
v -3.765727 58.550528 -10.450973
v -0.691196 94.271396 -29.308600
v -1.234012 94.463419 -29.052908
v -5.316629 58.281966 -11.324229
v -3.765727 58.550528 -10.450973
v -5.316629 59.099163 -9.720424
v -3.765727 58.550528 -10.450973
v -3.765727 57.733332 -12.054778
v -0.691196 93.985378 -29.869931
v -0.691196 94.271396 -29.308600
v -5.316629 58.281966 -11.324229
v -3.765727 57.733332 -12.054778
v -3.765727 58.550528 -10.450973
v -3.765727 57.733332 -12.054778
v -5.316629 57.464770 -12.928034
v -1.234012 93.891381 -30.175571
v -0.691196 93.985378 -29.869931
v -5.316629 58.281966 -11.324229
v -5.316629 57.464770 -12.928034
v -3.765727 57.733332 -12.054778
v -1.309143 93.897608 -30.173678
v -1.811185 94.109364 -29.857430
v 3.240492 134.671911 -50.163653
v 2.810170 134.853416 -49.892584
v 2.745771 134.613594 -50.372102
v 2.810170 134.853416 -49.892584
v 3.240492 134.671911 -50.163653
v -1.811185 94.109364 -29.857430
v -1.736054 94.389157 -29.297992
v 3.176093 134.432088 -50.643172
v 3.240492 134.671911 -50.163653
v 2.745771 134.613594 -50.372102
v 3.240492 134.671911 -50.163653
v 3.176093 134.432088 -50.643172
v -1.736054 94.389157 -29.297992
v -1.158880 94.457192 -29.054801
v 2.681373 134.373772 -50.851621
v 3.176093 134.432088 -50.643172
v 2.745771 134.613594 -50.372102
v 3.176093 134.432088 -50.643172
v 2.681373 134.373772 -50.851621
v -1.158880 94.457192 -29.054801
v -0.656838 94.245436 -29.371048
v 2.251051 134.555278 -50.580552
v 2.681373 134.373772 -50.851621
v 2.745771 134.613594 -50.372102
v 2.681373 134.373772 -50.851621
v 2.251051 134.555278 -50.580552
v -0.656838 94.245436 -29.371048
v -0.731969 93.965643 -29.930487
v 2.315449 134.795100 -50.101033
v 2.251051 134.555278 -50.580552
v 2.745771 134.613594 -50.372102
v 2.251051 134.555278 -50.580552
v 2.315449 134.795100 -50.101033
v -0.731969 93.965643 -29.930487
v -1.309143 93.897608 -30.173678
v 2.810170 134.853416 -49.892584
v 2.315449 134.795100 -50.101033
v 2.745771 134.613594 -50.372102
v 2.315449 134.795100 -50.101033
v 2.810170 134.853416 -49.892584
v 21.332569 120.133614 -6.946979
v 34.817376 123.784668 4.919651
v 43.594927 123.334269 -6.946979
v 43.594927 123.334269 -6.946979
v 34.817376 123.784668 4.919651
v 40.724447 137.384364 10.117873
v 48.603459 137.384364 -6.946979
v 48.603459 137.384364 -6.946979
v 40.724447 137.384364 10.117873
v 37.103570 151.617639 6.931502
v 40.695303 150.650916 -6.946979
v 21.332569 154.635114 -6.946979
v 40.695303 150.650916 -6.946979
v 37.103570 151.617639 6.931502
v 21.332569 120.133614 -6.946979
v 21.332569 123.668126 8.031049
v 34.817376 123.784668 4.919651
v 34.817376 123.784668 4.919651
v 21.332569 123.668126 8.031049
v 21.332569 137.384364 18.564140
v 40.724447 137.384364 10.117873
v 40.724447 137.384364 10.117873
v 21.332569 137.384364 18.564140
v 21.332569 149.000507 8.160543
v 37.103570 151.617639 6.931502
v 21.332569 154.635114 -6.946979
v 37.103570 151.617639 6.931502
v 21.332569 149.000507 8.160543
v 21.332569 120.133614 -6.946979
v 9.110505 126.314515 3.808436
v 21.332569 123.668126 8.031049
v 21.332569 123.668126 8.031049
v 9.110505 126.314515 3.808436
v -1.099158 137.384364 12.792940
v 21.332569 137.384364 18.564140
v 21.332569 137.384364 18.564140
v -1.099158 137.384364 12.792940
v 6.406315 147.565182 6.188124
v 21.332569 149.000507 8.160543
v 21.332569 154.635114 -6.946979
v 21.332569 149.000507 8.160543
v 6.406315 147.565182 6.188124
v 21.332569 120.133614 -6.946979
v 2.518520 123.920902 -6.946979
v 9.110505 126.314515 3.808436
v 9.110505 126.314515 3.808436
v 2.518520 123.920902 -6.946979
v -5.096205 137.384364 -6.946979
v -1.099158 137.384364 12.792940
v -1.099158 137.384364 12.792940
v -5.096205 137.384364 -6.946979
v -1.682493 149.616987 -6.946979
v 6.406315 147.565182 6.188124
v 21.332569 154.635114 -6.946979
v 6.406315 147.565182 6.188124
v -1.682493 149.616987 -6.946979
v 21.332569 120.133614 -6.946979
v 7.544843 124.844539 -19.080178
v 2.518520 123.920902 -6.946979
v 2.518520 123.920902 -6.946979
v 7.544843 124.844539 -19.080178
v 0.845455 137.384364 -24.975639
v -5.096205 137.384364 -6.946979
v -5.096205 137.384364 -6.946979
v 0.845455 137.384364 -24.975639
v 5.863757 151.318498 -20.559534
v -1.682493 149.616987 -6.946979
v 21.332569 154.635114 -6.946979
v -1.682493 149.616987 -6.946979
v 5.863757 151.318498 -20.559534
v 21.332569 120.133614 -6.946979
v 21.332569 125.998645 -21.624219
v 7.544843 124.844539 -19.080178
v 7.544843 124.844539 -19.080178
v 21.332569 125.998645 -21.624219
v 21.332569 137.384364 -29.846470
v 0.845455 137.384364 -24.975639
v 0.845455 137.384364 -24.975639
v 21.332569 137.384364 -29.846470
v 21.332569 150.510921 -24.442484
v 5.863757 151.318498 -20.559534
v 21.332569 154.635114 -6.946979
v 5.863757 151.318498 -20.559534
v 21.332569 150.510921 -24.442484
v 21.332569 120.133614 -6.946979
v 35.215674 125.603500 -19.164112
v 21.332569 125.998645 -21.624219
v 21.332569 125.998645 -21.624219
v 35.215674 125.603500 -19.164112
v 38.537553 137.384364 -22.087366
v 21.332569 137.384364 -29.846470
v 21.332569 137.384364 -29.846470
v 38.537553 137.384364 -22.087366
v 36.647083 148.176705 -20.423752
v 21.332569 150.510921 -24.442484
v 21.332569 154.635114 -6.946979
v 21.332569 150.510921 -24.442484
v 36.647083 148.176705 -20.423752
v 21.332569 120.133614 -6.946979
v 43.594927 123.334269 -6.946979
v 35.215674 125.603500 -19.164112
v 35.215674 125.603500 -19.164112
v 43.594927 123.334269 -6.946979
v 48.603459 137.384364 -6.946979
v 38.537553 137.384364 -22.087366
v 38.537553 137.384364 -22.087366
v 48.603459 137.384364 -6.946979
v 40.695303 150.650916 -6.946979
v 36.647083 148.176705 -20.423752
v 21.332569 154.635114 -6.946979
v 36.647083 148.176705 -20.423752
v 40.695303 150.650916 -6.946979
v 30.625664 137.625822 -31.785433
v 43.133223 141.874542 -20.778781
v 49.390246 140.556896 -31.785433
v 49.390246 140.556896 -31.785433
v 43.133223 141.874542 -20.778781
v 45.275578 152.520812 -18.893508
v 50.327717 152.520812 -31.785433
v 50.327717 152.520812 -31.785433
v 45.275578 152.520812 -18.893508
v 41.526707 161.316198 -22.192515
v 50.550718 163.841177 -31.785433
v 30.625664 167.415801 -31.785433
v 50.550718 163.841177 -31.785433
v 41.526707 161.316198 -22.192515
v 30.625664 137.625822 -31.785433
v 30.625664 143.436084 -17.109959
v 43.133223 141.874542 -20.778781
v 43.133223 141.874542 -20.778781
v 30.625664 143.436084 -17.109959
v 30.625664 152.520812 -12.496143
v 45.275578 152.520812 -18.893508
v 45.275578 152.520812 -18.893508
v 30.625664 152.520812 -12.496143
v 30.625664 163.528886 -18.611501
v 41.526707 161.316198 -22.192515
v 30.625664 167.415801 -31.785433
v 41.526707 161.316198 -22.192515
v 30.625664 163.528886 -18.611501
v 30.625664 137.625822 -31.785433
v 19.039043 142.745754 -21.589206
v 30.625664 143.436084 -17.109959
v 30.625664 143.436084 -17.109959
v 19.039043 142.745754 -21.589206
v 13.302271 152.520812 -16.540847
v 30.625664 152.520812 -12.496143
v 30.625664 152.520812 -12.496143
v 13.302271 152.520812 -16.540847
v 20.751649 163.872127 -23.096300
v 30.625664 163.528886 -18.611501
v 30.625664 167.415801 -31.785433
v 30.625664 163.528886 -18.611501
v 20.751649 163.872127 -23.096300
v 30.625664 137.625822 -31.785433
v 12.300653 142.669355 -31.785433
v 19.039043 142.745754 -21.589206
v 19.039043 142.745754 -21.589206
v 12.300653 142.669355 -31.785433
v 8.849496 152.520812 -31.785433
v 13.302271 152.520812 -16.540847
v 13.302271 152.520812 -16.540847
v 8.849496 152.520812 -31.785433
v 10.695559 162.411138 -31.785433
v 20.751649 163.872127 -23.096300
v 30.625664 167.415801 -31.785433
v 20.751649 163.872127 -23.096300
v 10.695559 162.411138 -31.785433
v 30.625664 137.625822 -31.785433
v 19.177290 140.228882 -41.860002
v 12.300653 142.669355 -31.785433
v 12.300653 142.669355 -31.785433
v 19.177290 140.228882 -41.860002
v 13.146057 152.520812 -47.167487
v 8.849496 152.520812 -31.785433
v 8.849496 152.520812 -31.785433
v 13.146057 152.520812 -47.167487
v 19.663486 162.558407 -41.432150
v 10.695559 162.411138 -31.785433
v 30.625664 167.415801 -31.785433
v 10.695559 162.411138 -31.785433
v 19.663486 162.558407 -41.432150
v 30.625664 137.625822 -31.785433
v 30.625664 142.358399 -48.111337
v 19.177290 140.228882 -41.860002
v 19.177290 140.228882 -41.860002
v 30.625664 142.358399 -48.111337
v 30.625664 152.520812 -51.900868
v 13.146057 152.520812 -47.167487
v 13.146057 152.520812 -47.167487
v 30.625664 152.520812 -51.900868
v 30.625664 164.939365 -46.325384
v 19.663486 162.558407 -41.432150
v 30.625664 167.415801 -31.785433
v 19.663486 162.558407 -41.432150
v 30.625664 164.939365 -46.325384
v 30.625664 137.625822 -31.785433
v 43.128554 141.994956 -42.787976
v 30.625664 142.358399 -48.111337
v 30.625664 142.358399 -48.111337
v 43.128554 141.994956 -42.787976
v 49.293302 152.520812 -48.212955
v 30.625664 152.520812 -51.900868
v 30.625664 152.520812 -51.900868
v 49.293302 152.520812 -48.212955
v 41.805889 162.042025 -41.624031
v 30.625664 164.939365 -46.325384
v 30.625664 167.415801 -31.785433
v 30.625664 164.939365 -46.325384
v 41.805889 162.042025 -41.624031
v 30.625664 137.625822 -31.785433
v 49.390246 140.556896 -31.785433
v 43.128554 141.994956 -42.787976
v 43.128554 141.994956 -42.787976
v 49.390246 140.556896 -31.785433
v 50.327717 152.520812 -31.785433
v 49.293302 152.520812 -48.212955
v 49.293302 152.520812 -48.212955
v 50.327717 152.520812 -31.785433
v 50.550718 163.841177 -31.785433
v 41.805889 162.042025 -41.624031
v 30.625664 167.415801 -31.785433
v 41.805889 162.042025 -41.624031
v 50.550718 163.841177 -31.785433
v 43.410027 127.230727 7.746428
v 57.757363 131.058333 20.372084
v 62.793043 133.546508 7.746428
v 62.793043 133.546508 7.746428
v 57.757363 131.058333 20.372084
v 59.733217 143.296298 22.110835
v 72.956905 143.296298 7.746428
v 72.956905 143.296298 7.746428
v 59.733217 143.296298 22.110835
v 55.315930 153.289383 18.223623
v 59.999383 155.679147 7.746428
v 43.410027 159.361868 7.746428
v 59.999383 155.679147 7.746428
v 55.315930 153.289383 18.223623
v 43.410027 127.230727 7.746428
v 43.410027 131.584467 25.837082
v 57.757363 131.058333 20.372084
v 57.757363 131.058333 20.372084
v 43.410027 131.584467 25.837082
v 43.410027 143.296298 27.402047
v 59.733217 143.296298 22.110835
v 59.733217 143.296298 22.110835
v 43.410027 143.296298 27.402047
v 43.410027 153.422917 22.118724
v 55.315930 153.289383 18.223623
v 43.410027 159.361868 7.746428
v 55.315930 153.289383 18.223623
v 43.410027 153.422917 22.118724
v 43.410027 127.230727 7.746428
v 30.001537 130.587872 19.545899
v 43.410027 131.584467 25.837082
v 43.410027 131.584467 25.837082
v 30.001537 130.587872 19.545899
v 22.796015 143.296298 25.886759
v 43.410027 143.296298 27.402047
v 43.410027 143.296298 27.402047
v 22.796015 143.296298 25.886759
v 28.509319 155.729094 20.859052
v 43.410027 153.422917 22.118724
v 43.410027 159.361868 7.746428
v 43.410027 153.422917 22.118724
v 28.509319 155.729094 20.859052
v 43.410027 127.230727 7.746428
v 23.297271 133.494841 7.746428
v 30.001537 130.587872 19.545899
v 30.001537 130.587872 19.545899
v 23.297271 133.494841 7.746428
v 16.514034 143.296298 7.746428
v 22.796015 143.296298 25.886759
v 22.796015 143.296298 25.886759
v 16.514034 143.296298 7.746428
v 24.813165 156.186216 7.746428
v 28.509319 155.729094 20.859052
v 43.410027 159.361868 7.746428
v 28.509319 155.729094 20.859052
v 24.813165 156.186216 7.746428
v 43.410027 127.230727 7.746428
v 28.263038 131.834731 -5.582922
v 23.297271 133.494841 7.746428
v 23.297271 133.494841 7.746428
v 28.263038 131.834731 -5.582922
v 27.591953 143.296298 -6.173477
v 16.514034 143.296298 7.746428
v 16.514034 143.296298 7.746428
v 27.591953 143.296298 -6.173477
v 31.730804 155.008008 -2.531288
v 24.813165 156.186216 7.746428
v 43.410027 159.361868 7.746428
v 24.813165 156.186216 7.746428
v 31.730804 155.008008 -2.531288
v 43.410027 127.230727 7.746428
v 43.410027 131.277713 -6.300009
v 28.263038 131.834731 -5.582922
v 28.263038 131.834731 -5.582922
v 43.410027 131.277713 -6.300009
v 43.410027 143.296298 -18.302740
v 27.591953 143.296298 -6.173477
v 27.591953 143.296298 -6.173477
v 43.410027 143.296298 -18.302740
v 43.410027 155.096077 -9.382654
v 31.730804 155.008008 -2.531288
v 43.410027 159.361868 7.746428
v 31.730804 155.008008 -2.531288
v 43.410027 155.096077 -9.382654
v 43.410027 127.230727 7.746428
v 55.541613 130.450931 -2.929367
v 43.410027 131.277713 -6.300009
v 43.410027 131.277713 -6.300009
v 55.541613 130.450931 -2.929367
v 60.519123 143.296298 -7.309577
v 43.410027 143.296298 -18.302740
v 43.410027 143.296298 -18.302740
v 60.519123 143.296298 -7.309577
v 54.332300 152.743181 -1.865172
v 43.410027 155.096077 -9.382654
v 43.410027 159.361868 7.746428
v 43.410027 155.096077 -9.382654
v 54.332300 152.743181 -1.865172
v 43.410027 127.230727 7.746428
v 62.793043 133.546508 7.746428
v 55.541613 130.450931 -2.929367
v 55.541613 130.450931 -2.929367
v 62.793043 133.546508 7.746428
v 72.956905 143.296298 7.746428
v 60.519123 143.296298 -7.309577
v 60.519123 143.296298 -7.309577
v 72.956905 143.296298 7.746428
v 59.999383 155.679147 7.746428
v 54.332300 152.743181 -1.865172
v 43.410027 159.361868 7.746428
v 54.332300 152.743181 -1.865172
v 59.999383 155.679147 7.746428
v -11.881326 111.238173 37.298308
v 3.541790 119.546109 50.870650
v 11.808839 116.091418 37.298308
v 11.808839 116.091418 37.298308
v 3.541790 119.546109 50.870650
v 10.826173 131.115627 57.280907
v 23.779761 131.115627 37.298308
v 23.779761 131.115627 37.298308
v 10.826173 131.115627 57.280907
v 2.447800 143.445904 49.907939
v 12.923064 142.672630 37.298308
v -11.881326 150.993080 37.298308
v 12.923064 142.672630 37.298308
v 2.447800 143.445904 49.907939
v -11.881326 111.238173 37.298308
v -11.881326 119.196589 58.624351
v 3.541790 119.546109 50.870650
v 3.541790 119.546109 50.870650
v -11.881326 119.196589 58.624351
v -11.881326 131.115627 63.950497
v 10.826173 131.115627 57.280907
v 10.826173 131.115627 57.280907
v -11.881326 131.115627 63.950497
v -11.881326 142.687229 59.293195
v 2.447800 143.445904 49.907939
v -11.881326 150.993080 37.298308
v 2.447800 143.445904 49.907939
v -11.881326 142.687229 59.293195
v -11.881326 111.238173 37.298308
v -26.424023 116.113594 50.095882
v -11.881326 119.196589 58.624351
v -11.881326 119.196589 58.624351
v -26.424023 116.113594 50.095882
v -34.926267 131.115627 57.577857
v -11.881326 131.115627 63.950497
v -11.881326 131.115627 63.950497
v -34.926267 131.115627 57.577857
v -29.360381 145.267755 52.679877
v -11.881326 142.687229 59.293195
v -11.881326 150.993080 37.298308
v -11.881326 142.687229 59.293195
v -29.360381 145.267755 52.679877
v -11.881326 111.238173 37.298308
v -36.938706 118.827774 37.298308
v -26.424023 116.113594 50.095882
v -26.424023 116.113594 50.095882
v -36.938706 118.827774 37.298308
v -45.061747 131.115627 37.298308
v -34.926267 131.115627 57.577857
v -34.926267 131.115627 57.577857
v -45.061747 131.115627 37.298308
v -36.677650 143.768650 37.298308
v -29.360381 145.267755 52.679877
v -11.881326 150.993080 37.298308
v -29.360381 145.267755 52.679877
v -36.677650 143.768650 37.298308
v -11.881326 111.238173 37.298308
v -30.556053 116.572053 20.864548
v -36.938706 118.827774 37.298308
v -36.938706 118.827774 37.298308
v -30.556053 116.572053 20.864548
v -36.506345 131.115627 15.628292
v -45.061747 131.115627 37.298308
v -45.061747 131.115627 37.298308
v -36.506345 131.115627 15.628292
v -28.421156 146.671876 22.743258
v -36.677650 143.768650 37.298308
v -11.881326 150.993080 37.298308
v -36.677650 143.768650 37.298308
v -28.421156 146.671876 22.743258
v -11.881326 111.238173 37.298308
v -11.881326 115.230458 17.540616
v -30.556053 116.572053 20.864548
v -30.556053 116.572053 20.864548
v -11.881326 115.230458 17.540616
v -11.881326 131.115627 13.727737
v -36.506345 131.115627 15.628292
v -36.506345 131.115627 15.628292
v -11.881326 131.115627 13.727737
v -11.881326 145.605607 17.614633
v -28.421156 146.671876 22.743258
v -11.881326 150.993080 37.298308
v -28.421156 146.671876 22.743258
v -11.881326 145.605607 17.614633
v -11.881326 111.238173 37.298308
v 2.158619 118.642893 24.943157
v -11.881326 115.230458 17.540616
v -11.881326 115.230458 17.540616
v 2.158619 118.642893 24.943157
v 8.333690 131.115627 19.509095
v -11.881326 131.115627 13.727737
v -11.881326 131.115627 13.727737
v 8.333690 131.115627 19.509095
v 6.864308 143.937985 20.802151
v -11.881326 145.605607 17.614633
v -11.881326 150.993080 37.298308
v -11.881326 145.605607 17.614633
v 6.864308 143.937985 20.802151
v -11.881326 111.238173 37.298308
v 11.808839 116.091418 37.298308
v 2.158619 118.642893 24.943157
v 2.158619 118.642893 24.943157
v 11.808839 116.091418 37.298308
v 23.779761 131.115627 37.298308
v 8.333690 131.115627 19.509095
v 8.333690 131.115627 19.509095
v 23.779761 131.115627 37.298308
v 12.923064 142.672630 37.298308
v 6.864308 143.937985 20.802151
v -11.881326 150.993080 37.298308
v 6.864308 143.937985 20.802151
v 12.923064 142.672630 37.298308
v 5.665227 126.290876 57.183702
v 21.478121 131.083930 71.099049
v 25.258880 132.658197 57.183702
v 25.258880 132.658197 57.183702
v 21.478121 131.083930 71.099049
v 25.998214 144.077357 75.076731
v 33.883933 144.077357 57.183702
v 33.883933 144.077357 57.183702
v 25.998214 144.077357 75.076731
v 22.341632 156.264217 71.858939
v 27.991393 157.912224 57.183702
v 5.665227 161.863837 57.183702
v 27.991393 157.912224 57.183702
v 22.341632 156.264217 71.858939
v 5.665227 126.290876 57.183702
v 5.665227 133.157750 73.035494
v 21.478121 131.083930 71.099049
v 21.478121 131.083930 71.099049
v 5.665227 133.157750 73.035494
v 5.665227 144.077357 81.393999
v 25.998214 144.077357 75.076731
v 25.998214 144.077357 75.076731
v 5.665227 144.077357 81.393999
v 5.665227 154.897216 76.331592
v 22.341632 156.264217 71.858939
v 5.665227 161.863837 57.183702
v 22.341632 156.264217 71.858939
v 5.665227 154.897216 76.331592
v 5.665227 126.290876 57.183702
v -9.759965 131.140480 70.757871
v 5.665227 133.157750 73.035494
v 5.665227 133.157750 73.035494
v -9.759965 131.140480 70.757871
v -13.610217 144.077357 74.146093
v 5.665227 144.077357 81.393999
v 5.665227 144.077357 81.393999
v -13.610217 144.077357 74.146093
v -10.792495 158.912557 71.666497
v 5.665227 154.897216 76.331592
v 5.665227 161.863837 57.183702
v 5.665227 154.897216 76.331592
v -10.792495 158.912557 71.666497
v 5.665227 126.290876 57.183702
v -14.046181 130.191280 57.183702
v -9.759965 131.140480 70.757871
v -9.759965 131.140480 70.757871
v -14.046181 130.191280 57.183702
v -22.609587 144.077357 57.183702
v -13.610217 144.077357 74.146093
v -13.610217 144.077357 74.146093
v -22.609587 144.077357 57.183702
v -17.705017 157.097116 57.183702
v -10.792495 158.912557 71.666497
v 5.665227 161.863837 57.183702
v -10.792495 158.912557 71.666497
v -17.705017 157.097116 57.183702
v 5.665227 126.290876 57.183702
v -8.257000 129.346260 44.932143
v -14.046181 130.191280 57.183702
v -14.046181 130.191280 57.183702
v -8.257000 129.346260 44.932143
v -17.712664 144.077357 36.611159
v -22.609587 144.077357 57.183702
v -22.609587 144.077357 57.183702
v -17.712664 144.077357 36.611159
v -8.990385 156.508299 44.286764
v -17.705017 157.097116 57.183702
v 5.665227 161.863837 57.183702
v -17.705017 157.097116 57.183702
v -8.990385 156.508299 44.286764
v 5.665227 126.290876 57.183702
v 5.665227 133.088377 37.515946
v -8.257000 129.346260 44.932143
v -8.257000 129.346260 44.932143
v 5.665227 133.088377 37.515946
v 5.665227 144.077357 27.692984
v -17.712664 144.077357 36.611159
v -17.712664 144.077357 36.611159
v 5.665227 144.077357 27.692984
v 5.665227 158.191264 42.464045
v -8.990385 156.508299 44.286764
v 5.665227 161.863837 57.183702
v -8.990385 156.508299 44.286764
v 5.665227 158.191264 42.464045
v 5.665227 126.290876 57.183702
v 22.536163 131.579510 42.337278
v 5.665227 133.088377 37.515946
v 5.665227 133.088377 37.515946
v 22.536163 131.579510 42.337278
v 25.775389 144.077357 39.486760
v 5.665227 144.077357 27.692984
v 5.665227 144.077357 27.692984
v 25.775389 144.077357 39.486760
v 19.335675 154.918527 45.153708
v 5.665227 158.191264 42.464045
v 5.665227 161.863837 57.183702
v 5.665227 158.191264 42.464045
v 19.335675 154.918527 45.153708
v 5.665227 126.290876 57.183702
v 25.258880 132.658197 57.183702
v 22.536163 131.579510 42.337278
v 22.536163 131.579510 42.337278
v 25.258880 132.658197 57.183702
v 33.883933 144.077357 57.183702
v 25.775389 144.077357 39.486760
v 25.775389 144.077357 39.486760
v 33.883933 144.077357 57.183702
v 27.991393 157.912224 57.183702
v 19.335675 154.918527 45.153708
v 5.665227 161.863837 57.183702
v 19.335675 154.918527 45.153708
v 27.991393 157.912224 57.183702
v -35.233283 124.045488 49.867974
v -19.991983 129.219360 63.280318
v -14.798475 127.286183 49.867974
v -14.798475 127.286183 49.867974
v -19.991983 129.219360 63.280318
v -11.292774 142.724195 70.935622
v -0.636980 142.724195 49.867974
v -0.636980 142.724195 49.867974
v -11.292774 142.724195 70.935622
v -22.080927 157.104131 61.442047
v -15.022097 156.046722 49.867974
v -35.233283 161.402902 49.867974
v -15.022097 156.046722 49.867974
v -22.080927 157.104131 61.442047
v -35.233283 124.045488 49.867974
v -35.233283 131.874414 68.630549
v -19.991983 129.219360 63.280318
v -19.991983 129.219360 63.280318
v -35.233283 131.874414 68.630549
v -35.233283 142.724195 75.308943
v -11.292774 142.724195 70.935622
v -11.292774 142.724195 70.935622
v -35.233283 142.724195 75.308943
v -35.233283 154.479092 70.408191
v -22.080927 157.104131 61.442047
v -35.233283 161.402902 49.867974
v -22.080927 157.104131 61.442047
v -35.233283 154.479092 70.408191
v -35.233283 124.045488 49.867974
v -52.115526 131.024350 64.724348
v -35.233283 131.874414 68.630549
v -35.233283 131.874414 68.630549
v -52.115526 131.024350 64.724348
v -56.309605 142.724195 68.415137
v -35.233283 142.724195 75.308943
v -35.233283 142.724195 75.308943
v -56.309605 142.724195 68.415137
v -48.456108 156.632911 61.504059
v -35.233283 154.479092 70.408191
v -35.233283 161.402902 49.867974
v -35.233283 154.479092 70.408191
v -48.456108 156.632911 61.504059
v -35.233283 124.045488 49.867974
v -54.237411 128.471932 49.867974
v -52.115526 131.024350 64.724348
v -52.115526 131.024350 64.724348
v -54.237411 128.471932 49.867974
v -64.645664 142.724195 49.867974
v -56.309605 142.724195 68.415137
v -56.309605 142.724195 68.415137
v -64.645664 142.724195 49.867974
v -53.477646 156.037246 49.867974
v -48.456108 156.632911 61.504059
v -35.233283 161.402902 49.867974
v -48.456108 156.632911 61.504059
v -53.477646 156.037246 49.867974
v -35.233283 124.045488 49.867974
v -50.834369 130.066244 36.139018
v -54.237411 128.471932 49.867974
v -54.237411 128.471932 49.867974
v -50.834369 130.066244 36.139018
v -54.167314 142.724195 33.206026
v -64.645664 142.724195 49.867974
v -64.645664 142.724195 49.867974
v -54.167314 142.724195 33.206026
v -47.927994 155.984294 38.696629
v -53.477646 156.037246 49.867974
v -35.233283 161.402902 49.867974
v -53.477646 156.037246 49.867974
v -47.927994 155.984294 38.696629
v -35.233283 124.045488 49.867974
v -35.233283 127.939660 29.904829
v -50.834369 130.066244 36.139018
v -50.834369 130.066244 36.139018
v -35.233283 127.939660 29.904829
v -35.233283 142.724195 27.118319
v -54.167314 142.724195 33.206026
v -54.167314 142.724195 33.206026
v -35.233283 142.724195 27.118319
v -35.233283 155.145464 31.798187
v -47.927994 155.984294 38.696629
v -35.233283 161.402902 49.867974
v -47.927994 155.984294 38.696629
v -35.233283 155.145464 31.798187
v -35.233283 124.045488 49.867974
v -22.272588 128.668462 38.462562
v -35.233283 127.939660 29.904829
v -35.233283 127.939660 29.904829
v -22.272588 128.668462 38.462562
v -16.535189 142.724195 33.413651
v -35.233283 142.724195 27.118319
v -35.233283 142.724195 27.118319
v -16.535189 142.724195 33.413651
v -21.480053 155.498118 37.765131
v -35.233283 155.145464 31.798187
v -35.233283 161.402902 49.867974
v -35.233283 155.145464 31.798187
v -21.480053 155.498118 37.765131
v -35.233283 124.045488 49.867974
v -14.798475 127.286183 49.867974
v -22.272588 128.668462 38.462562
v -22.272588 128.668462 38.462562
v -14.798475 127.286183 49.867974
v -0.636980 142.724195 49.867974
v -16.535189 142.724195 33.413651
v -16.535189 142.724195 33.413651
v -0.636980 142.724195 49.867974
v -15.022097 156.046722 49.867974
v -21.480053 155.498118 37.765131
v -35.233283 161.402902 49.867974
v -21.480053 155.498118 37.765131
v -15.022097 156.046722 49.867974
v -41.168216 92.154986 -2.644379
v -24.610603 95.618363 11.926320
v -22.617550 97.771602 -2.644379
v -22.617550 97.771602 -2.644379
v -24.610603 95.618363 11.926320
v -17.580620 110.190387 18.112705
v -14.142814 110.190387 -2.644379
v -14.142814 110.190387 -2.644379
v -17.580620 110.190387 18.112705
v -27.405055 124.839352 9.467202
v -17.214310 122.996443 -2.644379
v -41.168216 128.225788 -2.644379
v -17.214310 122.996443 -2.644379
v -27.405055 124.839352 9.467202
v -41.168216 92.154986 -2.644379
v -41.168216 95.902797 16.148686
v -24.610603 95.618363 11.926320
v -24.610603 95.618363 11.926320
v -41.168216 95.902797 16.148686
v -41.168216 110.190387 26.872532
v -17.580620 110.190387 18.112705
v -17.580620 110.190387 18.112705
v -41.168216 110.190387 26.872532
v -41.168216 121.507414 14.693463
v -27.405055 124.839352 9.467202
v -41.168216 128.225788 -2.644379
v -27.405055 124.839352 9.467202
v -41.168216 121.507414 14.693463
v -41.168216 92.154986 -2.644379
v -56.631490 95.329073 10.963302
v -41.168216 95.902797 16.148686
v -41.168216 95.902797 16.148686
v -56.631490 95.329073 10.963302
v -59.713408 110.190387 13.675390
v -41.168216 110.190387 26.872532
v -41.168216 110.190387 26.872532
v -59.713408 110.190387 13.675390
v -58.198422 122.979598 12.342202
v -41.168216 121.507414 14.693463
v -41.168216 128.225788 -2.644379
v -41.168216 121.507414 14.693463
v -58.198422 122.979598 12.342202
v -41.168216 92.154986 -2.644379
v -61.524127 99.675946 -2.644379
v -56.631490 95.329073 10.963302
v -56.631490 95.329073 10.963302
v -61.524127 99.675946 -2.644379
v -69.741910 110.190387 -2.644379
v -59.713408 110.190387 13.675390
v -59.713408 110.190387 13.675390
v -69.741910 110.190387 -2.644379
v -65.020717 124.976680 -2.644379
v -58.198422 122.979598 12.342202
v -41.168216 128.225788 -2.644379
v -58.198422 122.979598 12.342202
v -65.020717 124.976680 -2.644379
v -41.168216 92.154986 -2.644379
v -53.710945 96.699396 -13.681981
v -61.524127 99.675946 -2.644379
v -61.524127 99.675946 -2.644379
v -53.710945 96.699396 -13.681981
v -62.823380 110.190387 -21.700923
v -69.741910 110.190387 -2.644379
v -69.741910 110.190387 -2.644379
v -62.823380 110.190387 -21.700923
v -54.865480 122.290349 -14.697972
v -65.020717 124.976680 -2.644379
v -41.168216 128.225788 -2.644379
v -65.020717 124.976680 -2.644379
v -54.865480 122.290349 -14.697972
v -41.168216 92.154986 -2.644379
v -41.168216 99.458254 -21.847023
v -53.710945 96.699396 -13.681981
v -53.710945 96.699396 -13.681981
v -41.168216 99.458254 -21.847023
v -41.168216 110.190387 -30.674186
v -62.823380 110.190387 -21.700923
v -62.823380 110.190387 -21.700923
v -41.168216 110.190387 -30.674186
v -41.168216 122.394797 -22.209036
v -54.865480 122.290349 -14.697972
v -41.168216 128.225788 -2.644379
v -54.865480 122.290349 -14.697972
v -41.168216 122.394797 -22.209036
v -41.168216 92.154986 -2.644379
v -27.195126 95.556971 -14.940698
v -41.168216 99.458254 -21.847023
v -41.168216 99.458254 -21.847023
v -27.195126 95.556971 -14.940698
v -21.821901 110.190387 -19.669137
v -41.168216 110.190387 -30.674186
v -41.168216 110.190387 -30.674186
v -21.821901 110.190387 -19.669137
v -27.869913 121.553390 -14.346886
v -41.168216 122.394797 -22.209036
v -41.168216 128.225788 -2.644379
v -41.168216 122.394797 -22.209036
v -27.869913 121.553390 -14.346886
v -41.168216 92.154986 -2.644379
v -22.617550 97.771602 -2.644379
v -27.195126 95.556971 -14.940698
v -27.195126 95.556971 -14.940698
v -22.617550 97.771602 -2.644379
v -14.142814 110.190387 -2.644379
v -21.821901 110.190387 -19.669137
v -21.821901 110.190387 -19.669137
v -14.142814 110.190387 -2.644379
v -17.214310 122.996443 -2.644379
v -27.869913 121.553390 -14.346886
v -41.168216 128.225788 -2.644379
v -27.869913 121.553390 -14.346886
v -17.214310 122.996443 -2.644379
v -63.458569 110.051601 11.724008
v -50.432736 113.073213 23.186741
v -48.420544 114.326407 11.724008
v -48.420544 114.326407 11.724008
v -50.432736 113.073213 23.186741
v -42.920277 125.914583 29.797705
v -37.661700 125.914583 11.724008
v -37.661700 125.914583 11.724008
v -42.920277 125.914583 29.797705
v -49.640173 136.650895 23.884197
v -43.926015 135.186068 11.724008
v -63.458569 141.777566 11.724008
v -43.926015 135.186068 11.724008
v -49.640173 136.650895 23.884197
v -63.458569 110.051601 11.724008
v -63.458569 115.184798 25.799178
v -50.432736 113.073213 23.186741
v -50.432736 113.073213 23.186741
v -63.458569 115.184798 25.799178
v -63.458569 125.914583 30.656215
v -42.920277 125.914583 29.797705
v -42.920277 125.914583 29.797705
v -63.458569 125.914583 30.656215
v -63.458569 139.113922 28.685434
v -49.640173 136.650895 23.884197
v -63.458569 141.777566 11.724008
v -49.640173 136.650895 23.884197
v -63.458569 139.113922 28.685434
v -63.458569 110.051601 11.724008
v -74.252375 116.684915 21.222557
v -63.458569 115.184798 25.799178
v -63.458569 115.184798 25.799178
v -74.252375 116.684915 21.222557
v -84.511660 125.914583 30.250728
v -63.458569 125.914583 30.656215
v -63.458569 125.914583 30.656215
v -84.511660 125.914583 30.250728
v -76.618055 137.100412 23.304355
v -63.458569 139.113922 28.685434
v -63.458569 141.777566 11.724008
v -63.458569 139.113922 28.685434
v -76.618055 137.100412 23.304355
v -63.458569 110.051601 11.724008
v -79.428170 115.061008 11.724008
v -74.252375 116.684915 21.222557
v -74.252375 116.684915 21.222557
v -79.428170 115.061008 11.724008
v -85.203893 125.914583 11.724008
v -84.511660 125.914583 30.250728
v -84.511660 125.914583 30.250728
v -85.203893 125.914583 11.724008
v -81.442725 136.467225 11.724008
v -76.618055 137.100412 23.304355
v -63.458569 141.777566 11.724008
v -76.618055 137.100412 23.304355
v -81.442725 136.467225 11.724008
v -63.458569 110.051601 11.724008
v -74.311072 116.302291 2.173806
v -79.428170 115.061008 11.724008
v -79.428170 115.061008 11.724008
v -74.311072 116.302291 2.173806
v -83.013858 125.914583 -5.484646
v -85.203893 125.914583 11.724008
v -85.203893 125.914583 11.724008
v -83.013858 125.914583 -5.484646
v -74.123564 137.446461 2.338812
v -81.442725 136.467225 11.724008
v -63.458569 141.777566 11.724008
v -81.442725 136.467225 11.724008
v -74.123564 137.446461 2.338812
v -63.458569 110.051601 11.724008
v -63.458569 116.088026 -5.862377
v -74.311072 116.302291 2.173806
v -74.311072 116.302291 2.173806
v -63.458569 116.088026 -5.862377
v -63.458569 125.914583 -10.188851
v -83.013858 125.914583 -5.484646
v -83.013858 125.914583 -5.484646
v -63.458569 125.914583 -10.188851
v -63.458569 135.410741 -3.950474
v -74.123564 137.446461 2.338812
v -63.458569 141.777566 11.724008
v -74.123564 137.446461 2.338812
v -63.458569 135.410741 -3.950474
v -63.458569 110.051601 11.724008
v -50.594110 113.250990 0.403284
v -63.458569 116.088026 -5.862377
v -63.458569 116.088026 -5.862377
v -50.594110 113.250990 0.403284
v -45.553455 125.914583 -4.032492
v -63.458569 125.914583 -10.188851
v -63.458569 125.914583 -10.188851
v -45.553455 125.914583 -4.032492
v -52.737574 137.857362 2.289533
v -63.458569 135.410741 -3.950474
v -63.458569 141.777566 11.724008
v -63.458569 135.410741 -3.950474
v -52.737574 137.857362 2.289533
v -63.458569 110.051601 11.724008
v -48.420544 114.326407 11.724008
v -50.594110 113.250990 0.403284
v -50.594110 113.250990 0.403284
v -48.420544 114.326407 11.724008
v -37.661700 125.914583 11.724008
v -45.553455 125.914583 -4.032492
v -45.553455 125.914583 -4.032492
v -37.661700 125.914583 11.724008
v -43.926015 135.186068 11.724008
v -52.737574 137.857362 2.289533
v -63.458569 141.777566 11.724008
v -52.737574 137.857362 2.289533
v -43.926015 135.186068 11.724008
v -50.096421 106.475437 -27.616315
v -35.471182 113.530253 -14.746104
v -28.923894 112.116295 -27.616315
v -28.923894 112.116295 -27.616315
v -35.471182 113.530253 -14.746104
v -30.970975 123.615477 -10.785922
v -24.141801 123.615477 -27.616315
v -24.141801 123.615477 -27.616315
v -30.970975 123.615477 -10.785922
v -37.721575 136.365034 -16.726450
v -27.083299 137.770510 -27.616315
v -50.096421 140.755517 -27.616315
v -27.083299 137.770510 -27.616315
v -37.721575 136.365034 -16.726450
v -50.096421 106.475437 -27.616315
v -50.096421 113.379122 -8.040993
v -35.471182 113.530253 -14.746104
v -35.471182 113.530253 -14.746104
v -50.096421 113.379122 -8.040993
v -50.096421 123.615477 -6.553204
v -30.970975 123.615477 -10.785922
v -30.970975 123.615477 -10.785922
v -50.096421 123.615477 -6.553204
v -50.096421 135.358222 -8.012465
v -37.721575 136.365034 -16.726450
v -50.096421 140.755517 -27.616315
v -37.721575 136.365034 -16.726450
v -50.096421 135.358222 -8.012465
v -50.096421 106.475437 -27.616315
v -63.149989 110.336381 -16.129175
v -50.096421 113.379122 -8.040993
v -50.096421 113.379122 -8.040993
v -63.149989 110.336381 -16.129175
v -67.493112 123.615477 -12.307226
v -50.096421 123.615477 -6.553204
v -50.096421 123.615477 -6.553204
v -67.493112 123.615477 -12.307226
v -64.144148 134.513238 -15.254315
v -50.096421 135.358222 -8.012465
v -50.096421 140.755517 -27.616315
v -50.096421 135.358222 -8.012465
v -64.144148 134.513238 -15.254315
v -50.096421 106.475437 -27.616315
v -69.661829 112.449971 -27.616315
v -63.149989 110.336381 -16.129175
v -63.149989 110.336381 -16.129175
v -69.661829 112.449971 -27.616315
v -74.823352 123.615477 -27.616315
v -67.493112 123.615477 -12.307226
v -67.493112 123.615477 -12.307226
v -74.823352 123.615477 -27.616315
v -72.635503 134.267385 -27.616315
v -64.144148 134.513238 -15.254315
v -50.096421 140.755517 -27.616315
v -64.144148 134.513238 -15.254315
v -72.635503 134.267385 -27.616315
v -50.096421 106.475437 -27.616315
v -66.384704 110.412749 -41.950004
v -69.661829 112.449971 -27.616315
v -69.661829 112.449971 -27.616315
v -66.384704 110.412749 -41.950004
v -69.398677 123.615477 -44.602300
v -74.823352 123.615477 -27.616315
v -74.823352 123.615477 -27.616315
v -69.398677 123.615477 -44.602300
v -64.919384 133.764205 -40.660522
v -72.635503 134.267385 -27.616315
v -50.096421 140.755517 -27.616315
v -72.635503 134.267385 -27.616315
v -64.919384 133.764205 -40.660522
v -50.096421 106.475437 -27.616315
v -50.096421 112.630745 -42.188314
v -66.384704 110.412749 -41.950004
v -66.384704 110.412749 -41.950004
v -50.096421 112.630745 -42.188314
v -50.096421 123.615477 -53.843600
v -69.398677 123.615477 -44.602300
v -69.398677 123.615477 -44.602300
v -50.096421 123.615477 -53.843600
v -50.096421 133.996189 -47.802116
v -64.919384 133.764205 -40.660522
v -50.096421 140.755517 -27.616315
v -64.919384 133.764205 -40.660522
v -50.096421 133.996189 -47.802116
v -50.096421 106.475437 -27.616315
v -36.244480 112.838504 -39.806023
v -50.096421 112.630745 -42.188314
v -50.096421 112.630745 -42.188314
v -36.244480 112.838504 -39.806023
v -30.937348 123.615477 -44.476299
v -50.096421 123.615477 -53.843600
v -50.096421 123.615477 -53.843600
v -30.937348 123.615477 -44.476299
v -38.557389 134.405577 -37.770663
v -50.096421 133.996189 -47.802116
v -50.096421 140.755517 -27.616315
v -50.096421 133.996189 -47.802116
v -38.557389 134.405577 -37.770663
v -50.096421 106.475437 -27.616315
v -28.923894 112.116295 -27.616315
v -36.244480 112.838504 -39.806023
v -36.244480 112.838504 -39.806023
v -28.923894 112.116295 -27.616315
v -24.141801 123.615477 -27.616315
v -30.937348 123.615477 -44.476299
v -30.937348 123.615477 -44.476299
v -24.141801 123.615477 -27.616315
v -27.083299 137.770510 -27.616315
v -38.557389 134.405577 -37.770663
v -50.096421 140.755517 -27.616315
v -38.557389 134.405577 -37.770663
v -27.083299 137.770510 -27.616315
v -13.991129 108.899569 -29.800604
v 2.638209 115.489575 -15.166786
v 9.567985 114.962784 -29.800604
v 9.567985 114.962784 -29.800604
v 2.638209 115.489575 -15.166786
v 6.271672 126.699927 -11.969339
v 11.974848 126.699927 -29.800604
v 11.974848 126.699927 -29.800604
v 6.271672 126.699927 -11.969339
v 2.923619 141.324264 -14.915626
v 4.015511 140.879991 -29.800604
v -13.991129 144.500285 -29.800604
v 4.015511 140.879991 -29.800604
v 2.923619 141.324264 -14.915626
v -13.991129 108.899569 -29.800604
v -13.991129 115.912976 -10.786600
v 2.638209 115.489575 -15.166786
v 2.638209 115.489575 -15.166786
v -13.991129 115.912976 -10.786600
v -13.991129 126.699927 -7.284103
v 6.271672 126.699927 -11.969339
v 6.271672 126.699927 -11.969339
v -13.991129 126.699927 -7.284103
v -13.991129 139.656670 -9.959665
v 2.923619 141.324264 -14.915626
v -13.991129 144.500285 -29.800604
v 2.923619 141.324264 -14.915626
v -13.991129 139.656670 -9.959665
v -13.991129 108.899569 -29.800604
v -30.299868 115.465157 -15.448913
v -13.991129 115.912976 -10.786600
v -13.991129 115.912976 -10.786600
v -30.299868 115.465157 -15.448913
v -31.903919 126.699927 -14.037349
v -13.991129 126.699927 -7.284103
v -13.991129 126.699927 -7.284103
v -31.903919 126.699927 -14.037349
v -26.294876 140.135670 -18.973307
v -13.991129 139.656670 -9.959665
v -13.991129 144.500285 -29.800604
v -13.991129 139.656670 -9.959665
v -26.294876 140.135670 -18.973307
v -13.991129 108.899569 -29.800604
v -37.460231 116.334387 -29.800604
v -30.299868 115.465157 -15.448913
v -30.299868 115.465157 -15.448913
v -37.460231 116.334387 -29.800604
v -42.440043 126.699927 -29.800604
v -31.903919 126.699927 -14.037349
v -31.903919 126.699927 -14.037349
v -42.440043 126.699927 -29.800604
v -37.464528 139.486360 -29.800604
v -26.294876 140.135670 -18.973307
v -13.991129 144.500285 -29.800604
v -26.294876 140.135670 -18.973307
v -37.464528 139.486360 -29.800604
v -13.991129 108.899569 -29.800604
v -26.657386 115.264157 -40.946909
v -37.460231 116.334387 -29.800604
v -37.460231 116.334387 -29.800604
v -26.657386 115.264157 -40.946909
v -31.113595 126.699927 -44.868374
v -42.440043 126.699927 -29.800604
v -42.440043 126.699927 -29.800604
v -31.113595 126.699927 -44.868374
v -26.597772 140.820887 -40.894450
v -37.464528 139.486360 -29.800604
v -13.991129 144.500285 -29.800604
v -37.464528 139.486360 -29.800604
v -26.597772 140.820887 -40.894450
v -13.991129 108.899569 -29.800604
v -13.991129 116.319932 -44.515466
v -26.657386 115.264157 -40.946909
v -26.657386 115.264157 -40.946909
v -13.991129 116.319932 -44.515466
v -13.991129 126.699927 -53.905707
v -31.113595 126.699927 -44.868374
v -31.113595 126.699927 -44.868374
v -13.991129 126.699927 -53.905707
v -13.991129 137.332301 -48.934750
v -26.597772 140.820887 -40.894450
v -13.991129 144.500285 -29.800604
v -26.597772 140.820887 -40.894450
v -13.991129 137.332301 -48.934750
v -13.991129 108.899569 -29.800604
v 0.526278 114.903459 -42.575922
v -13.991129 116.319932 -44.515466
v -13.991129 116.319932 -44.515466
v 0.526278 114.903459 -42.575922
v 7.124299 126.699927 -48.382180
v -13.991129 126.699927 -53.905707
v -13.991129 126.699927 -53.905707
v 7.124299 126.699927 -48.382180
v -2.064815 138.481798 -40.295760
v -13.991129 137.332301 -48.934750
v -13.991129 144.500285 -29.800604
v -13.991129 137.332301 -48.934750
v -2.064815 138.481798 -40.295760
v -13.991129 108.899569 -29.800604
v 9.567985 114.962784 -29.800604
v 0.526278 114.903459 -42.575922
v 0.526278 114.903459 -42.575922
v 9.567985 114.962784 -29.800604
v 11.974848 126.699927 -29.800604
v 7.124299 126.699927 -48.382180
v 7.124299 126.699927 -48.382180
v 11.974848 126.699927 -29.800604
v 4.015511 140.879991 -29.800604
v -2.064815 138.481798 -40.295760
v -13.991129 144.500285 -29.800604
v -2.064815 138.481798 -40.295760
v 4.015511 140.879991 -29.800604
v -37.827293 117.216462 -41.425907
v -24.388944 125.339081 -29.600159
v -12.179937 122.793621 -41.425907
v -12.179937 122.793621 -41.425907
v -24.388944 125.339081 -29.600159
v -11.138556 137.050033 -17.939818
v -8.021509 137.050033 -41.425907
v -8.021509 137.050033 -41.425907
v -11.138556 137.050033 -17.939818
v -24.031236 151.677412 -29.285376
v -11.761955 150.337352 -41.425907
v -37.827293 156.883603 -41.425907
v -11.761955 150.337352 -41.425907
v -24.031236 151.677412 -29.285376
v -37.827293 117.216462 -41.425907
v -37.827293 124.455498 -24.394010
v -24.388944 125.339081 -29.600159
v -24.388944 125.339081 -29.600159
v -37.827293 124.455498 -24.394010
v -37.827293 137.050033 -15.468519
v -11.138556 137.050033 -17.939818
v -11.138556 137.050033 -17.939818
v -37.827293 137.050033 -15.468519
v -37.827293 150.638699 -18.439727
v -24.031236 151.677412 -29.285376
v -37.827293 156.883603 -41.425907
v -24.031236 151.677412 -29.285376
v -37.827293 150.638699 -18.439727
v -37.827293 117.216462 -41.425907
v -52.738382 122.932181 -28.304149
v -37.827293 124.455498 -24.394010
v -37.827293 124.455498 -24.394010
v -52.738382 122.932181 -28.304149
v -57.772222 137.050033 -23.874369
v -37.827293 137.050033 -15.468519
v -37.827293 137.050033 -15.468519
v -57.772222 137.050033 -23.874369
v -52.121062 150.610869 -28.847390
v -37.827293 150.638699 -18.439727
v -37.827293 156.883603 -41.425907
v -37.827293 150.638699 -18.439727
v -52.121062 150.610869 -28.847390
v -37.827293 117.216462 -41.425907
v -57.996852 124.740898 -41.425907
v -52.738382 122.932181 -28.304149
v -52.738382 122.932181 -28.304149
v -57.996852 124.740898 -41.425907
v -65.812823 137.050033 -41.425907
v -57.772222 137.050033 -23.874369
v -57.772222 137.050033 -23.874369
v -65.812823 137.050033 -41.425907
v -60.615971 152.589059 -41.425907
v -52.121062 150.610869 -28.847390
v -37.827293 156.883603 -41.425907
v -52.121062 150.610869 -28.847390
v -60.615971 152.589059 -41.425907
v -37.827293 117.216462 -41.425907
v -52.684757 124.555514 -54.500475
v -57.996852 124.740898 -41.425907
v -57.996852 124.740898 -41.425907
v -52.684757 124.555514 -54.500475
v -58.765150 137.050033 -59.851221
v -65.812823 137.050033 -41.425907
v -65.812823 137.050033 -41.425907
v -58.765150 137.050033 -59.851221
v -54.979234 151.848849 -56.519614
v -60.615971 152.589059 -41.425907
v -37.827293 156.883603 -41.425907
v -60.615971 152.589059 -41.425907
v -54.979234 151.848849 -56.519614
v -37.827293 117.216462 -41.425907
v -37.827293 121.173166 -61.458167
v -52.684757 124.555514 -54.500475
v -52.684757 124.555514 -54.500475
v -37.827293 121.173166 -61.458167
v -37.827293 137.050033 -65.717285
v -58.765150 137.050033 -59.851221
v -58.765150 137.050033 -59.851221
v -37.827293 137.050033 -65.717285
v -37.827293 148.672477 -63.204306
v -54.979234 151.848849 -56.519614
v -37.827293 156.883603 -41.425907
v -54.979234 151.848849 -56.519614
v -37.827293 148.672477 -63.204306
v -37.827293 117.216462 -41.425907
v -23.712036 122.224418 -53.847334
v -37.827293 121.173166 -61.458167
v -37.827293 121.173166 -61.458167
v -23.712036 122.224418 -53.847334
v -16.862725 137.050033 -59.874727
v -37.827293 137.050033 -65.717285
v -37.827293 137.050033 -65.717285
v -16.862725 137.050033 -59.874727
v -20.590662 153.029877 -56.594143
v -37.827293 148.672477 -63.204306
v -37.827293 156.883603 -41.425907
v -37.827293 148.672477 -63.204306
v -20.590662 153.029877 -56.594143
v -37.827293 117.216462 -41.425907
v -12.179937 122.793621 -41.425907
v -23.712036 122.224418 -53.847334
v -23.712036 122.224418 -53.847334
v -12.179937 122.793621 -41.425907
v -8.021509 137.050033 -41.425907
v -16.862725 137.050033 -59.874727
v -16.862725 137.050033 -59.874727
v -8.021509 137.050033 -41.425907
v -11.761955 150.337352 -41.425907
v -20.590662 153.029877 -56.594143
v -37.827293 156.883603 -41.425907
v -20.590662 153.029877 -56.594143
v -11.761955 150.337352 -41.425907
v 2.745771 118.290103 -50.372102
v 15.548712 123.865534 -39.105515
v 21.904885 122.355084 -50.372102
v 21.904885 122.355084 -50.372102
v 15.548712 123.865534 -39.105515
v 18.807254 134.613594 -36.237998
v 25.279633 134.613594 -50.372102
v 25.279633 134.613594 -50.372102
v 18.807254 134.613594 -36.237998
v 16.191835 145.642925 -38.539567
v 21.316314 145.887252 -50.372102
v 2.745771 150.937086 -50.372102
v 21.316314 145.887252 -50.372102
v 16.191835 145.642925 -38.539567
v 2.745771 118.290103 -50.372102
v 2.745771 124.637794 -31.331708
v 15.548712 123.865534 -39.105515
v 15.548712 123.865534 -39.105515
v 2.745771 124.637794 -31.331708
v 2.745771 134.613594 -28.901204
v 18.807254 134.613594 -36.237998
v 18.807254 134.613594 -36.237998
v 2.745771 134.613594 -28.901204
v 2.745771 145.329561 -36.257961
v 16.191835 145.642925 -38.539567
v 2.745771 150.937086 -50.372102
v 16.191835 145.642925 -38.539567
v 2.745771 145.329561 -36.257961
v 2.745771 118.290103 -50.372102
v -8.346675 121.680888 -40.610750
v 2.745771 124.637794 -31.331708
v 2.745771 124.637794 -31.331708
v -8.346675 121.680888 -40.610750
v -14.017527 134.613594 -35.620400
v 2.745771 134.613594 -28.901204
v 2.745771 134.613594 -28.901204
v -14.017527 134.613594 -35.620400
v -9.878120 145.269981 -39.263078
v 2.745771 145.329561 -36.257961
v 2.745771 150.937086 -50.372102
v 2.745771 145.329561 -36.257961
v -9.878120 145.269981 -39.263078
v 2.745771 118.290103 -50.372102
v -14.090947 123.055165 -50.372102
v -8.346675 121.680888 -40.610750
v -8.346675 121.680888 -40.610750
v -14.090947 123.055165 -50.372102
v -25.387310 134.613594 -50.372102
v -14.017527 134.613594 -35.620400
v -14.017527 134.613594 -35.620400
v -25.387310 134.613594 -50.372102
v -13.053678 147.957288 -50.372102
v -9.878120 145.269981 -39.263078
v 2.745771 150.937086 -50.372102
v -9.878120 145.269981 -39.263078
v -13.053678 147.957288 -50.372102
v 2.745771 118.290103 -50.372102
v -8.111240 122.043410 -59.926272
v -14.090947 123.055165 -50.372102
v -14.090947 123.055165 -50.372102
v -8.111240 122.043410 -59.926272
v -17.194182 134.613594 -67.919262
v -25.387310 134.613594 -50.372102
v -25.387310 134.613594 -50.372102
v -17.194182 134.613594 -67.919262
v -9.890798 148.211955 -61.492283
v -13.053678 147.957288 -50.372102
v 2.745771 150.937086 -50.372102
v -13.053678 147.957288 -50.372102
v -9.890798 148.211955 -61.492283
v 2.745771 118.290103 -50.372102
v 2.745771 123.725520 -68.297614
v -8.111240 122.043410 -59.926272
v -8.111240 122.043410 -59.926272
v 2.745771 123.725520 -68.297614
v 2.745771 134.613594 -72.730547
v -17.194182 134.613594 -67.919262
v -17.194182 134.613594 -67.919262
v 2.745771 134.613594 -72.730547
v 2.745771 148.068587 -65.524554
v -9.890798 148.211955 -61.492283
v 2.745771 150.937086 -50.372102
v -9.890798 148.211955 -61.492283
v 2.745771 148.068587 -65.524554
v 2.745771 118.290103 -50.372102
v 13.857427 124.429217 -60.150360
v 2.745771 123.725520 -68.297614
v 2.745771 123.725520 -68.297614
v 13.857427 124.429217 -60.150360
v 22.514305 134.613594 -67.768412
v 2.745771 134.613594 -72.730547
v 2.745771 134.613594 -72.730547
v 22.514305 134.613594 -67.768412
v 13.650162 144.855212 -59.967966
v 2.745771 148.068587 -65.524554
v 2.745771 150.937086 -50.372102
v 2.745771 148.068587 -65.524554
v 13.650162 144.855212 -59.967966
v 2.745771 118.290103 -50.372102
v 21.904885 122.355084 -50.372102
v 13.857427 124.429217 -60.150360
v 13.857427 124.429217 -60.150360
v 21.904885 122.355084 -50.372102
v 25.279633 134.613594 -50.372102
v 22.514305 134.613594 -67.768412
v 22.514305 134.613594 -67.768412
v 25.279633 134.613594 -50.372102
v 21.316314 145.887252 -50.372102
v 13.650162 144.855212 -59.967966
v 2.745771 150.937086 -50.372102
v 13.650162 144.855212 -59.967966
v 21.316314 145.887252 -50.372102
vt 0.000000 0.000000
vt 1.000000 0.000000
vt 1.000000 1.000000
vt 0.000000 1.000000
vt 0.500000 1.000000
vt 0.000000 0.000000
vt 1.000000 0.000000
vt 0.000000 0.000000
vt 1.000000 0.000000
vt 1.000000 1.000000
vt 0.000000 1.000000
vt 0.500000 1.000000
vt 0.000000 0.000000
vt 1.000000 0.000000
vt 0.000000 0.000000
vt 1.000000 0.000000
vt 1.000000 1.000000
vt 0.000000 1.000000
vt 0.500000 1.000000
vt 0.000000 0.000000
vt 1.000000 0.000000
vt 0.000000 0.000000
vt 1.000000 0.000000
vt 1.000000 1.000000
vt 0.000000 1.000000
vt 0.500000 1.000000
vt 0.000000 0.000000
vt 1.000000 0.000000
vt 0.000000 0.000000
vt 1.000000 0.000000
vt 1.000000 1.000000
vt 0.000000 1.000000
vt 0.500000 1.000000
vt 0.000000 0.000000
vt 1.000000 0.000000
vt 0.000000 0.000000
vt 1.000000 0.000000
vt 1.000000 1.000000
vt 0.000000 1.000000
vt 0.500000 1.000000
vt 0.000000 0.000000
vt 1.000000 0.000000
vt 0.000000 0.000000
vt 1.000000 0.000000
vt 1.000000 1.000000
vt 0.000000 1.000000
vt 0.500000 1.000000
vt 0.000000 0.000000
vt 1.000000 0.000000
vt 0.000000 0.000000
vt 1.000000 0.000000
vt 1.000000 1.000000
vt 0.000000 1.000000
vt 0.500000 1.000000
vt 0.000000 0.000000
vt 1.000000 0.000000
vt 0.000000 0.000000
vt 1.000000 0.000000
vt 1.000000 1.000000
vt 0.000000 1.000000
vt 0.500000 1.000000
vt 0.000000 0.000000
vt 1.000000 0.000000
vt 0.000000 0.000000
vt 1.000000 0.000000
vt 1.000000 1.000000
vt 0.000000 1.000000
vt 0.500000 1.000000
vt 0.000000 0.000000
vt 1.000000 0.000000
vt 0.000000 0.000000
vt 1.000000 0.000000
vt 1.000000 1.000000
vt 0.000000 1.000000
vt 0.500000 1.000000
vt 0.000000 0.000000
vt 1.000000 0.000000
vt 0.000000 0.000000
vt 1.000000 0.000000
vt 1.000000 1.000000
vt 0.000000 1.000000
vt 0.500000 1.000000
vt 0.000000 0.000000
vt 1.000000 0.000000
vt 0.000000 0.000000
vt 1.000000 0.000000
vt 1.000000 1.000000
vt 0.000000 1.000000
vt 0.500000 1.000000
vt 0.000000 0.000000
vt 1.000000 0.000000
vt 0.000000 0.000000
vt 1.000000 0.000000
vt 1.000000 1.000000
vt 0.000000 1.000000
vt 0.500000 1.000000
vt 0.000000 0.000000
vt 1.000000 0.000000
vt 0.000000 0.000000
vt 1.000000 0.000000
vt 1.000000 1.000000
vt 0.000000 1.000000
vt 0.500000 1.000000
vt 0.000000 0.000000
vt 1.000000 0.000000
vt 0.000000 0.000000
vt 1.000000 0.000000
vt 1.000000 1.000000
vt 0.000000 1.000000
vt 0.500000 1.000000
vt 0.000000 0.000000
vt 1.000000 0.000000
vt 0.000000 0.000000
vt 1.000000 0.000000
vt 1.000000 1.000000
vt 0.000000 1.000000
vt 0.500000 1.000000
vt 0.000000 0.000000
vt 1.000000 0.000000
vt 0.000000 0.000000
vt 1.000000 0.000000
vt 1.000000 1.000000
vt 0.000000 1.000000
vt 0.500000 1.000000
vt 0.000000 0.000000
vt 1.000000 0.000000
vt 0.000000 0.000000
vt 1.000000 0.000000
vt 1.000000 1.000000
vt 0.000000 1.000000
vt 0.500000 1.000000
vt 0.000000 0.000000
vt 1.000000 0.000000
vt 0.000000 0.000000
vt 1.000000 0.000000
vt 1.000000 1.000000
vt 0.000000 1.000000
vt 0.500000 1.000000
vt 0.000000 0.000000
vt 1.000000 0.000000
vt 0.000000 0.000000
vt 1.000000 0.000000
vt 1.000000 1.000000
vt 0.000000 1.000000
vt 0.500000 1.000000
vt 0.000000 0.000000
vt 1.000000 0.000000
vt 0.000000 0.000000
vt 1.000000 0.000000
vt 1.000000 1.000000
vt 0.000000 1.000000
vt 0.500000 1.000000
vt 0.000000 0.000000
vt 1.000000 0.000000
vt 0.000000 0.000000
vt 1.000000 0.000000
vt 1.000000 1.000000
vt 0.000000 1.000000
vt 0.500000 1.000000
vt 0.000000 0.000000
vt 1.000000 0.000000
vt 0.000000 0.000000
vt 1.000000 0.000000
vt 1.000000 1.000000
vt 0.000000 1.000000
vt 0.500000 1.000000
vt 0.000000 0.000000
vt 1.000000 0.000000
vt 0.000000 0.000000
vt 1.000000 0.000000
vt 1.000000 1.000000
vt 0.000000 1.000000
vt 0.500000 1.000000
vt 0.000000 0.000000
vt 1.000000 0.000000
vt 0.000000 0.000000
vt 1.000000 0.000000
vt 1.000000 1.000000
vt 0.000000 1.000000
vt 0.500000 1.000000
vt 0.000000 0.000000
vt 1.000000 0.000000
vt 0.000000 0.000000
vt 1.000000 0.000000
vt 1.000000 1.000000
vt 0.000000 1.000000
vt 0.500000 1.000000
vt 0.000000 0.000000
vt 1.000000 0.000000
vt 0.000000 0.000000
vt 1.000000 0.000000
vt 1.000000 1.000000
vt 0.000000 1.000000
vt 0.500000 1.000000
vt 0.000000 0.000000
vt 1.000000 0.000000
vt 0.000000 0.000000
vt 1.000000 0.000000
vt 1.000000 1.000000
vt 0.000000 1.000000
vt 0.500000 1.000000
vt 0.000000 0.000000
vt 1.000000 0.000000
vt 0.000000 0.000000
vt 1.000000 0.000000
vt 1.000000 1.000000
vt 0.000000 1.000000
vt 0.500000 1.000000
vt 0.000000 0.000000
vt 1.000000 0.000000
vt 0.000000 0.000000
vt 1.000000 0.000000
vt 1.000000 1.000000
vt 0.000000 1.000000
vt 0.500000 1.000000
vt 0.000000 0.000000
vt 1.000000 0.000000
vt 0.000000 0.000000
vt 1.000000 0.000000
vt 1.000000 1.000000
vt 0.000000 1.000000
vt 0.500000 1.000000
vt 0.000000 0.000000
vt 1.000000 0.000000
vt 0.000000 0.000000
vt 1.000000 0.000000
vt 1.000000 1.000000
vt 0.000000 1.000000
vt 0.500000 1.000000
vt 0.000000 0.000000
vt 1.000000 0.000000
vt 0.000000 0.000000
vt 1.000000 0.000000
vt 1.000000 1.000000
vt 0.000000 1.000000
vt 0.500000 1.000000
vt 0.000000 0.000000
vt 1.000000 0.000000
vt 0.000000 0.000000
vt 1.000000 0.000000
vt 1.000000 1.000000
vt 0.000000 1.000000
vt 0.500000 1.000000
vt 0.000000 0.000000
vt 1.000000 0.000000
vt 0.000000 0.000000
vt 1.000000 0.000000
vt 1.000000 1.000000
vt 0.000000 1.000000
vt 0.500000 1.000000
vt 0.000000 0.000000
vt 1.000000 0.000000
vt 0.000000 0.000000
vt 1.000000 0.000000
vt 1.000000 1.000000
vt 0.000000 1.000000
vt 0.500000 1.000000
vt 0.000000 0.000000
vt 1.000000 0.000000
vt 0.000000 0.000000
vt 1.000000 0.000000
vt 1.000000 1.000000
vt 0.000000 1.000000
vt 0.500000 1.000000
vt 0.000000 0.000000
vt 1.000000 0.000000
vt 0.000000 0.000000
vt 1.000000 0.000000
vt 1.000000 1.000000
vt 0.000000 1.000000
vt 0.500000 1.000000
vt 0.000000 0.000000
vt 1.000000 0.000000
vt 0.000000 0.000000
vt 1.000000 0.000000
vt 1.000000 1.000000
vt 0.000000 1.000000
vt 0.500000 1.000000
vt 0.000000 0.000000
vt 1.000000 0.000000
vt 0.000000 0.000000
vt 1.000000 0.000000
vt 1.000000 1.000000
vt 0.000000 1.000000
vt 0.500000 1.000000
vt 0.000000 0.000000
vt 1.000000 0.000000
vt 0.000000 0.000000
vt 1.000000 0.000000
vt 1.000000 1.000000
vt 0.000000 1.000000
vt 0.500000 1.000000
vt 0.000000 0.000000
vt 1.000000 0.000000
vt 0.000000 0.000000
vt 1.000000 0.000000
vt 1.000000 1.000000
vt 0.000000 1.000000
vt 0.500000 1.000000
vt 0.000000 0.000000
vt 1.000000 0.000000
vt 0.000000 0.000000
vt 1.000000 0.000000
vt 1.000000 1.000000
vt 0.000000 1.000000
vt 0.500000 1.000000
vt 0.000000 0.000000
vt 1.000000 0.000000
vt 0.000000 0.000000
vt 1.000000 0.000000
vt 1.000000 1.000000
vt 0.000000 1.000000
vt 0.500000 1.000000
vt 0.000000 0.000000
vt 1.000000 0.000000
vt 0.000000 0.000000
vt 1.000000 0.000000
vt 1.000000 1.000000
vt 0.000000 1.000000
vt 0.500000 1.000000
vt 0.000000 0.000000
vt 1.000000 0.000000
vt 0.000000 0.000000
vt 1.000000 0.000000
vt 1.000000 1.000000
vt 0.000000 1.000000
vt 0.500000 1.000000
vt 0.000000 0.000000
vt 1.000000 0.000000
vt 0.000000 0.000000
vt 1.000000 0.000000
vt 1.000000 1.000000
vt 0.000000 1.000000
vt 0.500000 1.000000
vt 0.000000 0.000000
vt 1.000000 0.000000
vt 0.000000 0.000000
vt 1.000000 0.000000
vt 1.000000 1.000000
vt 0.000000 1.000000
vt 0.500000 1.000000
vt 0.000000 0.000000
vt 1.000000 0.000000
vt 0.000000 0.000000
vt 1.000000 0.000000
vt 1.000000 1.000000
vt 0.000000 1.000000
vt 0.500000 1.000000
vt 0.000000 0.000000
vt 1.000000 0.000000
vt 0.000000 0.000000
vt 1.000000 0.000000
vt 1.000000 1.000000
vt 0.000000 1.000000
vt 0.500000 1.000000
vt 0.000000 0.000000
vt 1.000000 0.000000
vt 0.000000 0.000000
vt 1.000000 0.000000
vt 1.000000 1.000000
vt 0.000000 1.000000
vt 0.500000 1.000000
vt 0.000000 0.000000
vt 1.000000 0.000000
vt 0.000000 0.000000
vt 1.000000 0.000000
vt 1.000000 1.000000
vt 0.000000 1.000000
vt 0.500000 1.000000
vt 0.000000 0.000000
vt 1.000000 0.000000
vt 0.000000 0.000000
vt 1.000000 0.000000
vt 1.000000 1.000000
vt 0.000000 1.000000
vt 0.500000 1.000000
vt 0.000000 0.000000
vt 1.000000 0.000000
vt 0.000000 0.000000
vt 1.000000 0.000000
vt 1.000000 1.000000
vt 0.000000 1.000000
vt 0.500000 1.000000
vt 0.000000 0.000000
vt 1.000000 0.000000
vt 0.000000 0.000000
vt 1.000000 0.000000
vt 1.000000 1.000000
vt 0.000000 1.000000
vt 0.500000 1.000000
vt 0.000000 0.000000
vt 1.000000 0.000000
vt 0.000000 0.000000
vt 1.000000 0.000000
vt 1.000000 1.000000
vt 0.000000 1.000000
vt 0.500000 1.000000
vt 0.000000 0.000000
vt 1.000000 0.000000
vt 0.000000 0.000000
vt 1.000000 0.000000
vt 1.000000 1.000000
vt 0.000000 1.000000
vt 0.500000 1.000000
vt 0.000000 0.000000
vt 1.000000 0.000000
vt 0.000000 0.000000
vt 1.000000 0.000000
vt 1.000000 1.000000
vt 0.000000 1.000000
vt 0.500000 1.000000
vt 0.000000 0.000000
vt 1.000000 0.000000
vt 0.000000 0.000000
vt 1.000000 0.000000
vt 1.000000 1.000000
vt 0.000000 1.000000
vt 0.500000 1.000000
vt 0.000000 0.000000
vt 1.000000 0.000000
vt 0.000000 0.000000
vt 1.000000 0.000000
vt 1.000000 1.000000
vt 0.000000 1.000000
vt 0.500000 1.000000
vt 0.000000 0.000000
vt 1.000000 0.000000
vt 0.000000 0.000000
vt 1.000000 0.000000
vt 1.000000 1.000000
vt 0.000000 1.000000
vt 0.500000 1.000000
vt 0.000000 0.000000
vt 1.000000 0.000000
vt 0.000000 0.000000
vt 1.000000 0.000000
vt 1.000000 1.000000
vt 0.000000 1.000000
vt 0.500000 1.000000
vt 0.000000 0.000000
vt 1.000000 0.000000
vt 0.000000 0.000000
vt 1.000000 0.000000
vt 1.000000 1.000000
vt 0.000000 1.000000
vt 0.500000 1.000000
vt 0.000000 0.000000
vt 1.000000 0.000000
vt 0.000000 0.000000
vt 1.000000 0.000000
vt 1.000000 1.000000
vt 0.000000 1.000000
vt 0.500000 1.000000
vt 0.000000 0.000000
vt 1.000000 0.000000
vt 0.000000 0.000000
vt 1.000000 0.000000
vt 1.000000 1.000000
vt 0.000000 1.000000
vt 0.500000 1.000000
vt 0.000000 0.000000
vt 1.000000 0.000000
vt 0.000000 0.000000
vt 1.000000 0.000000
vt 1.000000 1.000000
vt 0.000000 1.000000
vt 0.500000 1.000000
vt 0.000000 0.000000
vt 1.000000 0.000000
vt 0.000000 0.000000
vt 1.000000 0.000000
vt 1.000000 1.000000
vt 0.000000 1.000000
vt 0.500000 1.000000
vt 0.000000 0.000000
vt 1.000000 0.000000
vt 0.000000 0.000000
vt 1.000000 0.000000
vt 1.000000 1.000000
vt 0.000000 1.000000
vt 0.500000 1.000000
vt 0.000000 0.000000
vt 1.000000 0.000000
vt 0.000000 0.000000
vt 1.000000 0.000000
vt 1.000000 1.000000
vt 0.000000 1.000000
vt 0.500000 1.000000
vt 0.000000 0.000000
vt 1.000000 0.000000
vt 0.000000 0.000000
vt 1.000000 0.000000
vt 1.000000 1.000000
vt 0.000000 1.000000
vt 0.500000 1.000000
vt 0.000000 0.000000
vt 1.000000 0.000000
vt 0.000000 0.000000
vt 1.000000 0.000000
vt 1.000000 1.000000
vt 0.000000 1.000000
vt 0.500000 1.000000
vt 0.000000 0.000000
vt 1.000000 0.000000
vt 0.000000 0.000000
vt 1.000000 0.000000
vt 1.000000 1.000000
vt 0.000000 1.000000
vt 0.500000 1.000000
vt 0.000000 0.000000
vt 1.000000 0.000000
vt 0.000000 0.000000
vt 1.000000 0.000000
vt 1.000000 1.000000
vt 0.000000 1.000000
vt 0.500000 1.000000
vt 0.000000 0.000000
vt 1.000000 0.000000
vt 0.000000 0.000000
vt 1.000000 0.000000
vt 1.000000 1.000000
vt 0.000000 1.000000
vt 0.500000 1.000000
vt 0.000000 0.000000
vt 1.000000 0.000000
vt 0.000000 0.000000
vt 1.000000 0.000000
vt 1.000000 1.000000
vt 0.000000 1.000000
vt 0.500000 1.000000
vt 0.000000 0.000000
vt 1.000000 0.000000
vt 0.000000 0.000000
vt 1.000000 0.000000
vt 1.000000 1.000000
vt 0.000000 1.000000
vt 0.500000 1.000000
vt 0.000000 0.000000
vt 1.000000 0.000000
vt 0.000000 0.000000
vt 1.000000 0.000000
vt 1.000000 1.000000
vt 0.000000 1.000000
vt 0.500000 1.000000
vt 0.000000 0.000000
vt 1.000000 0.000000
vt 0.000000 0.000000
vt 1.000000 0.000000
vt 1.000000 1.000000
vt 0.000000 1.000000
vt 0.500000 1.000000
vt 0.000000 0.000000
vt 1.000000 0.000000
vt 0.000000 0.000000
vt 1.000000 0.000000
vt 1.000000 1.000000
vt 0.000000 1.000000
vt 0.500000 1.000000
vt 0.000000 0.000000
vt 1.000000 0.000000
vt 0.000000 0.000000
vt 1.000000 0.000000
vt 1.000000 1.000000
vt 0.000000 1.000000
vt 0.500000 1.000000
vt 0.000000 0.000000
vt 1.000000 0.000000
vt 0.000000 0.000000
vt 1.000000 0.000000
vt 1.000000 1.000000
vt 0.000000 1.000000
vt 0.500000 1.000000
vt 0.000000 0.000000
vt 1.000000 0.000000
vt 0.000000 0.000000
vt 1.000000 0.000000
vt 1.000000 1.000000
vt 0.000000 1.000000
vt 0.500000 1.000000
vt 0.000000 0.000000
vt 1.000000 0.000000
vt 0.000000 0.000000
vt 1.000000 0.000000
vt 1.000000 1.000000
vt 0.000000 1.000000
vt 0.500000 1.000000
vt 0.000000 0.000000
vt 1.000000 0.000000
vt 0.000000 0.000000
vt 1.000000 0.000000
vt 1.000000 1.000000
vt 0.000000 1.000000
vt 0.500000 1.000000
vt 0.000000 0.000000
vt 1.000000 0.000000
vt 0.000000 0.000000
vt 1.000000 0.000000
vt 1.000000 1.000000
vt 0.000000 1.000000
vt 0.500000 1.000000
vt 0.000000 0.000000
vt 1.000000 0.000000
vt 0.000000 0.000000
vt 1.000000 0.000000
vt 1.000000 1.000000
vt 0.000000 1.000000
vt 0.500000 1.000000
vt 0.000000 0.000000
vt 1.000000 0.000000
vt 0.000000 0.000000
vt 1.000000 0.000000
vt 1.000000 1.000000
vt 0.000000 1.000000
vt 0.500000 1.000000
vt 0.000000 0.000000
vt 1.000000 0.000000
vt 0.000000 0.000000
vt 1.000000 0.000000
vt 1.000000 1.000000
vt 0.000000 1.000000
vt 0.500000 1.000000
vt 0.000000 0.000000
vt 1.000000 0.000000
vt 0.000000 0.000000
vt 1.000000 0.000000
vt 1.000000 1.000000
vt 0.000000 1.000000
vt 0.500000 1.000000
vt 0.000000 0.000000
vt 1.000000 0.000000
vt 0.000000 0.000000
vt 1.000000 0.000000
vt 1.000000 1.000000
vt 0.000000 1.000000
vt 0.500000 1.000000
vt 0.000000 0.000000
vt 1.000000 0.000000
vt 0.000000 0.000000
vt 1.000000 0.000000
vt 1.000000 1.000000
vt 0.000000 1.000000
vt 0.500000 1.000000
vt 0.000000 0.000000
vt 1.000000 0.000000
vt 0.000000 0.000000
vt 1.000000 0.000000
vt 1.000000 1.000000
vt 0.000000 1.000000
vt 0.500000 1.000000
vt 0.000000 0.000000
vt 1.000000 0.000000
vt 0.000000 0.000000
vt 1.000000 0.000000
vt 1.000000 1.000000
vt 0.000000 1.000000
vt 0.500000 1.000000
vt 0.000000 0.000000
vt 1.000000 0.000000
vt 0.000000 0.000000
vt 1.000000 0.000000
vt 1.000000 1.000000
vt 0.000000 1.000000
vt 0.500000 1.000000
vt 0.000000 0.000000
vt 1.000000 0.000000
vt 0.000000 0.000000
vt 1.000000 0.000000
vt 1.000000 1.000000
vt 0.000000 1.000000
vt 0.500000 1.000000
vt 0.000000 0.000000
vt 1.000000 0.000000
vt 0.000000 0.000000
vt 1.000000 0.000000
vt 1.000000 1.000000
vt 0.000000 1.000000
vt 0.500000 1.000000
vt 0.000000 0.000000
vt 1.000000 0.000000
vt 0.000000 0.000000
vt 1.000000 0.000000
vt 1.000000 1.000000
vt 0.000000 1.000000
vt 0.500000 1.000000
vt 0.000000 0.000000
vt 1.000000 0.000000
vt 0.000000 0.000000
vt 1.000000 0.000000
vt 1.000000 1.000000
vt 0.000000 1.000000
vt 0.500000 1.000000
vt 0.000000 0.000000
vt 1.000000 0.000000
vt 0.000000 0.000000
vt 1.000000 0.000000
vt 1.000000 1.000000
vt 0.000000 1.000000
vt 0.500000 1.000000
vt 0.000000 0.000000
vt 1.000000 0.000000
vt 0.000000 0.000000
vt 1.000000 0.000000
vt 1.000000 1.000000
vt 0.000000 1.000000
vt 0.500000 1.000000
vt 0.000000 0.000000
vt 1.000000 0.000000
vt 0.000000 0.000000
vt 1.000000 0.000000
vt 1.000000 1.000000
vt 0.000000 1.000000
vt 0.500000 1.000000
vt 0.000000 0.000000
vt 1.000000 0.000000
vt 0.000000 0.000000
vt 1.000000 0.000000
vt 1.000000 1.000000
vt 0.000000 1.000000
vt 0.500000 1.000000
vt 0.000000 0.000000
vt 1.000000 0.000000
vt 0.000000 0.000000
vt 1.000000 0.000000
vt 1.000000 1.000000
vt 0.000000 1.000000
vt 0.500000 1.000000
vt 0.000000 0.000000
vt 1.000000 0.000000
vt 0.000000 0.000000
vt 1.000000 0.000000
vt 1.000000 1.000000
vt 0.000000 1.000000
vt 0.500000 1.000000
vt 0.000000 0.000000
vt 1.000000 0.000000
vt 0.000000 0.000000
vt 1.000000 0.000000
vt 1.000000 1.000000
vt 0.000000 1.000000
vt 0.500000 1.000000
vt 0.000000 0.000000
vt 1.000000 0.000000
vt 0.000000 0.000000
vt 1.000000 0.000000
vt 1.000000 1.000000
vt 0.000000 1.000000
vt 0.500000 1.000000
vt 0.000000 0.000000
vt 1.000000 0.000000
vt 0.000000 0.000000
vt 1.000000 0.000000
vt 1.000000 1.000000
vt 0.000000 1.000000
vt 0.500000 1.000000
vt 0.000000 0.000000
vt 1.000000 0.000000
vt 0.000000 0.000000
vt 1.000000 0.000000
vt 1.000000 1.000000
vt 0.000000 1.000000
vt 0.500000 1.000000
vt 0.000000 0.000000
vt 1.000000 0.000000
vt 0.000000 0.000000
vt 1.000000 0.000000
vt 1.000000 1.000000
vt 0.000000 1.000000
vt 0.500000 1.000000
vt 0.000000 0.000000
vt 1.000000 0.000000
vt 0.000000 0.000000
vt 1.000000 0.000000
vt 1.000000 1.000000
vt 0.000000 1.000000
vt 0.500000 1.000000
vt 0.000000 0.000000
vt 1.000000 0.000000
vt 0.000000 0.000000
vt 1.000000 0.000000
vt 1.000000 1.000000
vt 0.000000 1.000000
vt 0.500000 1.000000
vt 0.000000 0.000000
vt 1.000000 0.000000
vt 0.000000 0.000000
vt 1.000000 0.000000
vt 1.000000 1.000000
vt 0.000000 1.000000
vt 0.500000 1.000000
vt 0.000000 0.000000
vt 1.000000 0.000000
vt 0.000000 0.000000
vt 1.000000 0.000000
vt 1.000000 1.000000
vt 0.000000 1.000000
vt 0.500000 1.000000
vt 0.000000 0.000000
vt 1.000000 0.000000
vt 0.000000 0.000000
vt 1.000000 0.000000
vt 1.000000 1.000000
vt 0.000000 1.000000
vt 0.500000 1.000000
vt 0.000000 0.000000
vt 1.000000 0.000000
vt 0.000000 0.000000
vt 1.000000 0.000000
vt 1.000000 1.000000
vt 0.000000 1.000000
vt 0.500000 1.000000
vt 0.000000 0.000000
vt 1.000000 0.000000
vt 0.000000 0.000000
vt 1.000000 0.000000
vt 1.000000 1.000000
vt 0.000000 1.000000
vt 0.500000 1.000000
vt 0.000000 0.000000
vt 1.000000 0.000000
vt 0.000000 0.000000
vt 1.000000 0.000000
vt 1.000000 1.000000
vt 0.000000 1.000000
vt 0.500000 1.000000
vt 0.000000 0.000000
vt 1.000000 0.000000
vt 0.000000 0.000000
vt 1.000000 0.000000
vt 1.000000 1.000000
vt 0.000000 1.000000
vt 0.500000 1.000000
vt 0.000000 0.000000
vt 1.000000 0.000000
vt 0.000000 0.000000
vt 1.000000 0.000000
vt 1.000000 1.000000
vt 0.000000 1.000000
vt 0.500000 1.000000
vt 0.000000 0.000000
vt 1.000000 0.000000
vt 0.000000 0.000000
vt 1.000000 0.000000
vt 1.000000 1.000000
vt 0.000000 1.000000
vt 0.500000 1.000000
vt 0.000000 0.000000
vt 1.000000 0.000000
vt 0.000000 0.000000
vt 1.000000 0.000000
vt 1.000000 1.000000
vt 0.000000 1.000000
vt 0.500000 1.000000
vt 0.000000 0.000000
vt 1.000000 0.000000
vt 0.000000 0.000000
vt 1.000000 0.000000
vt 1.000000 1.000000
vt 0.000000 1.000000
vt 0.500000 1.000000
vt 0.000000 0.000000
vt 1.000000 0.000000
vt 0.000000 0.000000
vt 1.000000 0.000000
vt 1.000000 1.000000
vt 0.000000 1.000000
vt 0.500000 1.000000
vt 0.000000 0.000000
vt 1.000000 0.000000
vt 0.000000 0.000000
vt 1.000000 0.000000
vt 1.000000 1.000000
vt 0.000000 1.000000
vt 0.500000 1.000000
vt 0.000000 0.000000
vt 1.000000 0.000000
vt 0.000000 0.000000
vt 1.000000 0.000000
vt 1.000000 1.000000
vt 0.000000 1.000000
vt 0.500000 1.000000
vt 0.000000 0.000000
vt 1.000000 0.000000
vt 0.000000 0.000000
vt 1.000000 0.000000
vt 1.000000 1.000000
vt 0.000000 1.000000
vt 0.500000 1.000000
vt 0.000000 0.000000
vt 1.000000 0.000000
vt 0.000000 0.000000
vt 1.000000 0.000000
vt 1.000000 1.000000
vt 0.000000 1.000000
vt 0.500000 1.000000
vt 0.000000 0.000000
vt 1.000000 0.000000
vt 0.000000 0.000000
vt 1.000000 0.000000
vt 1.000000 1.000000
vt 0.000000 1.000000
vt 0.500000 1.000000
vt 0.000000 0.000000
vt 1.000000 0.000000
vt 0.000000 0.000000
vt 1.000000 0.000000
vt 1.000000 1.000000
vt 0.000000 1.000000
vt 0.500000 1.000000
vt 0.000000 0.000000
vt 1.000000 0.000000
vt 0.000000 0.000000
vt 1.000000 0.000000
vt 1.000000 1.000000
vt 0.000000 1.000000
vt 0.500000 1.000000
vt 0.000000 0.000000
vt 1.000000 0.000000
vt 0.000000 0.000000
vt 1.000000 0.000000
vt 1.000000 1.000000
vt 0.000000 1.000000
vt 0.500000 1.000000
vt 0.000000 0.000000
vt 1.000000 0.000000
vt 0.000000 0.000000
vt 1.000000 0.000000
vt 1.000000 1.000000
vt 0.000000 1.000000
vt 0.500000 1.000000
vt 0.000000 0.000000
vt 1.000000 0.000000
vt 0.000000 0.000000
vt 1.000000 0.000000
vt 1.000000 1.000000
vt 0.000000 1.000000
vt 0.500000 1.000000
vt 0.000000 0.000000
vt 1.000000 0.000000
vt 0.000000 0.000000
vt 1.000000 0.000000
vt 1.000000 1.000000
vt 0.000000 1.000000
vt 0.500000 1.000000
vt 0.000000 0.000000
vt 1.000000 0.000000
vt 0.000000 0.000000
vt 1.000000 0.000000
vt 1.000000 1.000000
vt 0.000000 1.000000
vt 0.500000 1.000000
vt 0.000000 0.000000
vt 1.000000 0.000000
vt 0.000000 0.000000
vt 1.000000 0.000000
vt 1.000000 1.000000
vt 0.000000 1.000000
vt 0.500000 1.000000
vt 0.000000 0.000000
vt 1.000000 0.000000
vt 0.000000 0.000000
vt 1.000000 0.000000
vt 1.000000 1.000000
vt 0.000000 1.000000
vt 0.500000 1.000000
vt 0.000000 0.000000
vt 1.000000 0.000000
vt 0.000000 0.000000
vt 1.000000 0.000000
vt 1.000000 1.000000
vt 0.000000 1.000000
vt 0.500000 1.000000
vt 0.000000 0.000000
vt 1.000000 0.000000
vt 0.000000 0.000000
vt 1.000000 0.000000
vt 1.000000 1.000000
vt 0.000000 1.000000
vt 0.500000 1.000000
vt 0.000000 0.000000
vt 1.000000 0.000000
vt 0.000000 0.000000
vt 1.000000 0.000000
vt 1.000000 1.000000
vt 0.000000 1.000000
vt 0.500000 1.000000
vt 0.000000 0.000000
vt 1.000000 0.000000
vt 0.000000 0.000000
vt 1.000000 0.000000
vt 1.000000 1.000000
vt 0.000000 1.000000
vt 0.500000 1.000000
vt 0.000000 0.000000
vt 1.000000 0.000000
vt 0.000000 0.000000
vt 1.000000 0.000000
vt 1.000000 1.000000
vt 0.000000 1.000000
vt 0.500000 1.000000
vt 0.000000 0.000000
vt 1.000000 0.000000
vt 0.000000 0.000000
vt 1.000000 0.000000
vt 1.000000 1.000000
vt 0.000000 1.000000
vt 0.500000 1.000000
vt 0.000000 0.000000
vt 1.000000 0.000000
vt 0.000000 0.000000
vt 1.000000 0.000000
vt 1.000000 1.000000
vt 0.000000 1.000000
vt 0.500000 1.000000
vt 0.000000 0.000000
vt 1.000000 0.000000
vt 0.000000 0.000000
vt 1.000000 0.000000
vt 1.000000 1.000000
vt 0.000000 1.000000
vt 0.500000 1.000000
vt 0.000000 0.000000
vt 1.000000 0.000000
vt 0.000000 0.000000
vt 1.000000 0.000000
vt 1.000000 1.000000
vt 0.000000 1.000000
vt 0.500000 1.000000
vt 0.000000 0.000000
vt 1.000000 0.000000
vt 0.000000 0.000000
vt 1.000000 0.000000
vt 1.000000 1.000000
vt 0.000000 1.000000
vt 0.500000 1.000000
vt 0.000000 0.000000
vt 1.000000 0.000000
vt 0.000000 0.000000
vt 1.000000 0.000000
vt 1.000000 1.000000
vt 0.000000 1.000000
vt 0.500000 1.000000
vt 0.000000 0.000000
vt 1.000000 0.000000
vt 0.000000 0.000000
vt 1.000000 0.000000
vt 1.000000 1.000000
vt 0.000000 1.000000
vt 0.500000 1.000000
vt 0.000000 0.000000
vt 1.000000 0.000000
vt 0.000000 0.000000
vt 1.000000 0.000000
vt 1.000000 1.000000
vt 0.000000 1.000000
vt 0.500000 1.000000
vt 0.000000 0.000000
vt 1.000000 0.000000
vt 0.000000 0.000000
vt 1.000000 0.000000
vt 1.000000 1.000000
vt 0.000000 1.000000
vt 0.500000 1.000000
vt 0.000000 0.000000
vt 1.000000 0.000000
vt 0.500000 1.000000
vt 0.000000 0.000000
vt 1.000000 0.000000
vt 0.000000 0.000000
vt 1.000000 0.000000
vt 1.000000 1.000000
vt 0.000000 1.000000
vt 0.000000 0.000000
vt 1.000000 0.000000
vt 1.000000 1.000000
vt 0.000000 1.000000
vt 0.500000 1.000000
vt 0.000000 0.000000
vt 1.000000 0.000000
vt 0.500000 1.000000
vt 0.000000 0.000000
vt 1.000000 0.000000
vt 0.000000 0.000000
vt 1.000000 0.000000
vt 1.000000 1.000000
vt 0.000000 1.000000
vt 0.000000 0.000000
vt 1.000000 0.000000
vt 1.000000 1.000000
vt 0.000000 1.000000
vt 0.500000 1.000000
vt 0.000000 0.000000
vt 1.000000 0.000000
vt 0.500000 1.000000
vt 0.000000 0.000000
vt 1.000000 0.000000
vt 0.000000 0.000000
vt 1.000000 0.000000
vt 1.000000 1.000000
vt 0.000000 1.000000
vt 0.000000 0.000000
vt 1.000000 0.000000
vt 1.000000 1.000000
vt 0.000000 1.000000
vt 0.500000 1.000000
vt 0.000000 0.000000
vt 1.000000 0.000000
vt 0.500000 1.000000
vt 0.000000 0.000000
vt 1.000000 0.000000
vt 0.000000 0.000000
vt 1.000000 0.000000
vt 1.000000 1.000000
vt 0.000000 1.000000
vt 0.000000 0.000000
vt 1.000000 0.000000
vt 1.000000 1.000000
vt 0.000000 1.000000
vt 0.500000 1.000000
vt 0.000000 0.000000
vt 1.000000 0.000000
vt 0.500000 1.000000
vt 0.000000 0.000000
vt 1.000000 0.000000
vt 0.000000 0.000000
vt 1.000000 0.000000
vt 1.000000 1.000000
vt 0.000000 1.000000
vt 0.000000 0.000000
vt 1.000000 0.000000
vt 1.000000 1.000000
vt 0.000000 1.000000
vt 0.500000 1.000000
vt 0.000000 0.000000
vt 1.000000 0.000000
vt 0.500000 1.000000
vt 0.000000 0.000000
vt 1.000000 0.000000
vt 0.000000 0.000000
vt 1.000000 0.000000
vt 1.000000 1.000000
vt 0.000000 1.000000
vt 0.000000 0.000000
vt 1.000000 0.000000
vt 1.000000 1.000000
vt 0.000000 1.000000
vt 0.500000 1.000000
vt 0.000000 0.000000
vt 1.000000 0.000000
vt 0.500000 1.000000
vt 0.000000 0.000000
vt 1.000000 0.000000
vt 0.000000 0.000000
vt 1.000000 0.000000
vt 1.000000 1.000000
vt 0.000000 1.000000
vt 0.000000 0.000000
vt 1.000000 0.000000
vt 1.000000 1.000000
vt 0.000000 1.000000
vt 0.500000 1.000000
vt 0.000000 0.000000
vt 1.000000 0.000000
vt 0.500000 1.000000
vt 0.000000 0.000000
vt 1.000000 0.000000
vt 0.000000 0.000000
vt 1.000000 0.000000
vt 1.000000 1.000000
vt 0.000000 1.000000
vt 0.000000 0.000000
vt 1.000000 0.000000
vt 1.000000 1.000000
vt 0.000000 1.000000
vt 0.500000 1.000000
vt 0.000000 0.000000
vt 1.000000 0.000000
vt 0.500000 1.000000
vt 0.000000 0.000000
vt 1.000000 0.000000
vt 0.000000 0.000000
vt 1.000000 0.000000
vt 1.000000 1.000000
vt 0.000000 1.000000
vt 0.000000 0.000000
vt 1.000000 0.000000
vt 1.000000 1.000000
vt 0.000000 1.000000
vt 0.500000 1.000000
vt 0.000000 0.000000
vt 1.000000 0.000000
vt 0.500000 1.000000
vt 0.000000 0.000000
vt 1.000000 0.000000
vt 0.000000 0.000000
vt 1.000000 0.000000
vt 1.000000 1.000000
vt 0.000000 1.000000
vt 0.000000 0.000000
vt 1.000000 0.000000
vt 1.000000 1.000000
vt 0.000000 1.000000
vt 0.500000 1.000000
vt 0.000000 0.000000
vt 1.000000 0.000000
vt 0.500000 1.000000
vt 0.000000 0.000000
vt 1.000000 0.000000
vt 0.000000 0.000000
vt 1.000000 0.000000
vt 1.000000 1.000000
vt 0.000000 1.000000
vt 0.000000 0.000000
vt 1.000000 0.000000
vt 1.000000 1.000000
vt 0.000000 1.000000
vt 0.500000 1.000000
vt 0.000000 0.000000
vt 1.000000 0.000000
vt 0.500000 1.000000
vt 0.000000 0.000000
vt 1.000000 0.000000
vt 0.000000 0.000000
vt 1.000000 0.000000
vt 1.000000 1.000000
vt 0.000000 1.000000
vt 0.000000 0.000000
vt 1.000000 0.000000
vt 1.000000 1.000000
vt 0.000000 1.000000
vt 0.500000 1.000000
vt 0.000000 0.000000
vt 1.000000 0.000000
vt 0.500000 1.000000
vt 0.000000 0.000000
vt 1.000000 0.000000
vt 0.000000 0.000000
vt 1.000000 0.000000
vt 1.000000 1.000000
vt 0.000000 1.000000
vt 0.000000 0.000000
vt 1.000000 0.000000
vt 1.000000 1.000000
vt 0.000000 1.000000
vt 0.500000 1.000000
vt 0.000000 0.000000
vt 1.000000 0.000000
vt 0.500000 1.000000
vt 0.000000 0.000000
vt 1.000000 0.000000
vt 0.000000 0.000000
vt 1.000000 0.000000
vt 1.000000 1.000000
vt 0.000000 1.000000
vt 0.000000 0.000000
vt 1.000000 0.000000
vt 1.000000 1.000000
vt 0.000000 1.000000
vt 0.500000 1.000000
vt 0.000000 0.000000
vt 1.000000 0.000000
vt 0.500000 1.000000
vt 0.000000 0.000000
vt 1.000000 0.000000
vt 0.000000 0.000000
vt 1.000000 0.000000
vt 1.000000 1.000000
vt 0.000000 1.000000
vt 0.000000 0.000000
vt 1.000000 0.000000
vt 1.000000 1.000000
vt 0.000000 1.000000
vt 0.500000 1.000000
vt 0.000000 0.000000
vt 1.000000 0.000000
vt 0.500000 1.000000
vt 0.000000 0.000000
vt 1.000000 0.000000
vt 0.000000 0.000000
vt 1.000000 0.000000
vt 1.000000 1.000000
vt 0.000000 1.000000
vt 0.000000 0.000000
vt 1.000000 0.000000
vt 1.000000 1.000000
vt 0.000000 1.000000
vt 0.500000 1.000000
vt 0.000000 0.000000
vt 1.000000 0.000000
vt 0.500000 1.000000
vt 0.000000 0.000000
vt 1.000000 0.000000
vt 0.000000 0.000000
vt 1.000000 0.000000
vt 1.000000 1.000000
vt 0.000000 1.000000
vt 0.000000 0.000000
vt 1.000000 0.000000
vt 1.000000 1.000000
vt 0.000000 1.000000
vt 0.500000 1.000000
vt 0.000000 0.000000
vt 1.000000 0.000000
vt 0.500000 1.000000
vt 0.000000 0.000000
vt 1.000000 0.000000
vt 0.000000 0.000000
vt 1.000000 0.000000
vt 1.000000 1.000000
vt 0.000000 1.000000
vt 0.000000 0.000000
vt 1.000000 0.000000
vt 1.000000 1.000000
vt 0.000000 1.000000
vt 0.500000 1.000000
vt 0.000000 0.000000
vt 1.000000 0.000000
vt 0.500000 1.000000
vt 0.000000 0.000000
vt 1.000000 0.000000
vt 0.000000 0.000000
vt 1.000000 0.000000
vt 1.000000 1.000000
vt 0.000000 1.000000
vt 0.000000 0.000000
vt 1.000000 0.000000
vt 1.000000 1.000000
vt 0.000000 1.000000
vt 0.500000 1.000000
vt 0.000000 0.000000
vt 1.000000 0.000000
vt 0.500000 1.000000
vt 0.000000 0.000000
vt 1.000000 0.000000
vt 0.000000 0.000000
vt 1.000000 0.000000
vt 1.000000 1.000000
vt 0.000000 1.000000
vt 0.000000 0.000000
vt 1.000000 0.000000
vt 1.000000 1.000000
vt 0.000000 1.000000
vt 0.500000 1.000000
vt 0.000000 0.000000
vt 1.000000 0.000000
vt 0.500000 1.000000
vt 0.000000 0.000000
vt 1.000000 0.000000
vt 0.000000 0.000000
vt 1.000000 0.000000
vt 1.000000 1.000000
vt 0.000000 1.000000
vt 0.000000 0.000000
vt 1.000000 0.000000
vt 1.000000 1.000000
vt 0.000000 1.000000
vt 0.500000 1.000000
vt 0.000000 0.000000
vt 1.000000 0.000000
vt 0.500000 1.000000
vt 0.000000 0.000000
vt 1.000000 0.000000
vt 0.000000 0.000000
vt 1.000000 0.000000
vt 1.000000 1.000000
vt 0.000000 1.000000
vt 0.000000 0.000000
vt 1.000000 0.000000
vt 1.000000 1.000000
vt 0.000000 1.000000
vt 0.500000 1.000000
vt 0.000000 0.000000
vt 1.000000 0.000000
vt 0.500000 1.000000
vt 0.000000 0.000000
vt 1.000000 0.000000
vt 0.000000 0.000000
vt 1.000000 0.000000
vt 1.000000 1.000000
vt 0.000000 1.000000
vt 0.000000 0.000000
vt 1.000000 0.000000
vt 1.000000 1.000000
vt 0.000000 1.000000
vt 0.500000 1.000000
vt 0.000000 0.000000
vt 1.000000 0.000000
vt 0.500000 1.000000
vt 0.000000 0.000000
vt 1.000000 0.000000
vt 0.000000 0.000000
vt 1.000000 0.000000
vt 1.000000 1.000000
vt 0.000000 1.000000
vt 0.000000 0.000000
vt 1.000000 0.000000
vt 1.000000 1.000000
vt 0.000000 1.000000
vt 0.500000 1.000000
vt 0.000000 0.000000
vt 1.000000 0.000000
vt 0.500000 1.000000
vt 0.000000 0.000000
vt 1.000000 0.000000
vt 0.000000 0.000000
vt 1.000000 0.000000
vt 1.000000 1.000000
vt 0.000000 1.000000
vt 0.000000 0.000000
vt 1.000000 0.000000
vt 1.000000 1.000000
vt 0.000000 1.000000
vt 0.500000 1.000000
vt 0.000000 0.000000
vt 1.000000 0.000000
vt 0.500000 1.000000
vt 0.000000 0.000000
vt 1.000000 0.000000
vt 0.000000 0.000000
vt 1.000000 0.000000
vt 1.000000 1.000000
vt 0.000000 1.000000
vt 0.000000 0.000000
vt 1.000000 0.000000
vt 1.000000 1.000000
vt 0.000000 1.000000
vt 0.500000 1.000000
vt 0.000000 0.000000
vt 1.000000 0.000000
vt 0.500000 1.000000
vt 0.000000 0.000000
vt 1.000000 0.000000
vt 0.000000 0.000000
vt 1.000000 0.000000
vt 1.000000 1.000000
vt 0.000000 1.000000
vt 0.000000 0.000000
vt 1.000000 0.000000
vt 1.000000 1.000000
vt 0.000000 1.000000
vt 0.500000 1.000000
vt 0.000000 0.000000
vt 1.000000 0.000000
vt 0.500000 1.000000
vt 0.000000 0.000000
vt 1.000000 0.000000
vt 0.000000 0.000000
vt 1.000000 0.000000
vt 1.000000 1.000000
vt 0.000000 1.000000
vt 0.000000 0.000000
vt 1.000000 0.000000
vt 1.000000 1.000000
vt 0.000000 1.000000
vt 0.500000 1.000000
vt 0.000000 0.000000
vt 1.000000 0.000000
vt 0.500000 1.000000
vt 0.000000 0.000000
vt 1.000000 0.000000
vt 0.000000 0.000000
vt 1.000000 0.000000
vt 1.000000 1.000000
vt 0.000000 1.000000
vt 0.000000 0.000000
vt 1.000000 0.000000
vt 1.000000 1.000000
vt 0.000000 1.000000
vt 0.500000 1.000000
vt 0.000000 0.000000
vt 1.000000 0.000000
vt 0.500000 1.000000
vt 0.000000 0.000000
vt 1.000000 0.000000
vt 0.000000 0.000000
vt 1.000000 0.000000
vt 1.000000 1.000000
vt 0.000000 1.000000
vt 0.000000 0.000000
vt 1.000000 0.000000
vt 1.000000 1.000000
vt 0.000000 1.000000
vt 0.500000 1.000000
vt 0.000000 0.000000
vt 1.000000 0.000000
vt 0.500000 1.000000
vt 0.000000 0.000000
vt 1.000000 0.000000
vt 0.000000 0.000000
vt 1.000000 0.000000
vt 1.000000 1.000000
vt 0.000000 1.000000
vt 0.000000 0.000000
vt 1.000000 0.000000
vt 1.000000 1.000000
vt 0.000000 1.000000
vt 0.500000 1.000000
vt 0.000000 0.000000
vt 1.000000 0.000000
vt 0.500000 1.000000
vt 0.000000 0.000000
vt 1.000000 0.000000
vt 0.000000 0.000000
vt 1.000000 0.000000
vt 1.000000 1.000000
vt 0.000000 1.000000
vt 0.000000 0.000000
vt 1.000000 0.000000
vt 1.000000 1.000000
vt 0.000000 1.000000
vt 0.500000 1.000000
vt 0.000000 0.000000
vt 1.000000 0.000000
vt 0.500000 1.000000
vt 0.000000 0.000000
vt 1.000000 0.000000
vt 0.000000 0.000000
vt 1.000000 0.000000
vt 1.000000 1.000000
vt 0.000000 1.000000
vt 0.000000 0.000000
vt 1.000000 0.000000
vt 1.000000 1.000000
vt 0.000000 1.000000
vt 0.500000 1.000000
vt 0.000000 0.000000
vt 1.000000 0.000000
vt 0.500000 1.000000
vt 0.000000 0.000000
vt 1.000000 0.000000
vt 0.000000 0.000000
vt 1.000000 0.000000
vt 1.000000 1.000000
vt 0.000000 1.000000
vt 0.000000 0.000000
vt 1.000000 0.000000
vt 1.000000 1.000000
vt 0.000000 1.000000
vt 0.500000 1.000000
vt 0.000000 0.000000
vt 1.000000 0.000000
vt 0.500000 1.000000
vt 0.000000 0.000000
vt 1.000000 0.000000
vt 0.000000 0.000000
vt 1.000000 0.000000
vt 1.000000 1.000000
vt 0.000000 1.000000
vt 0.000000 0.000000
vt 1.000000 0.000000
vt 1.000000 1.000000
vt 0.000000 1.000000
vt 0.500000 1.000000
vt 0.000000 0.000000
vt 1.000000 0.000000
vt 0.500000 1.000000
vt 0.000000 0.000000
vt 1.000000 0.000000
vt 0.000000 0.000000
vt 1.000000 0.000000
vt 1.000000 1.000000
vt 0.000000 1.000000
vt 0.000000 0.000000
vt 1.000000 0.000000
vt 1.000000 1.000000
vt 0.000000 1.000000
vt 0.500000 1.000000
vt 0.000000 0.000000
vt 1.000000 0.000000
vt 0.500000 1.000000
vt 0.000000 0.000000
vt 1.000000 0.000000
vt 0.000000 0.000000
vt 1.000000 0.000000
vt 1.000000 1.000000
vt 0.000000 1.000000
vt 0.000000 0.000000
vt 1.000000 0.000000
vt 1.000000 1.000000
vt 0.000000 1.000000
vt 0.500000 1.000000
vt 0.000000 0.000000
vt 1.000000 0.000000
vt 0.500000 1.000000
vt 0.000000 0.000000
vt 1.000000 0.000000
vt 0.000000 0.000000
vt 1.000000 0.000000
vt 1.000000 1.000000
vt 0.000000 1.000000
vt 0.000000 0.000000
vt 1.000000 0.000000
vt 1.000000 1.000000
vt 0.000000 1.000000
vt 0.500000 1.000000
vt 0.000000 0.000000
vt 1.000000 0.000000
vt 0.500000 1.000000
vt 0.000000 0.000000
vt 1.000000 0.000000
vt 0.000000 0.000000
vt 1.000000 0.000000
vt 1.000000 1.000000
vt 0.000000 1.000000
vt 0.000000 0.000000
vt 1.000000 0.000000
vt 1.000000 1.000000
vt 0.000000 1.000000
vt 0.500000 1.000000
vt 0.000000 0.000000
vt 1.000000 0.000000
vt 0.500000 1.000000
vt 0.000000 0.000000
vt 1.000000 0.000000
vt 0.000000 0.000000
vt 1.000000 0.000000
vt 1.000000 1.000000
vt 0.000000 1.000000
vt 0.000000 0.000000
vt 1.000000 0.000000
vt 1.000000 1.000000
vt 0.000000 1.000000
vt 0.500000 1.000000
vt 0.000000 0.000000
vt 1.000000 0.000000
vt 0.500000 1.000000
vt 0.000000 0.000000
vt 1.000000 0.000000
vt 0.000000 0.000000
vt 1.000000 0.000000
vt 1.000000 1.000000
vt 0.000000 1.000000
vt 0.000000 0.000000
vt 1.000000 0.000000
vt 1.000000 1.000000
vt 0.000000 1.000000
vt 0.500000 1.000000
vt 0.000000 0.000000
vt 1.000000 0.000000
vt 0.500000 1.000000
vt 0.000000 0.000000
vt 1.000000 0.000000
vt 0.000000 0.000000
vt 1.000000 0.000000
vt 1.000000 1.000000
vt 0.000000 1.000000
vt 0.000000 0.000000
vt 1.000000 0.000000
vt 1.000000 1.000000
vt 0.000000 1.000000
vt 0.500000 1.000000
vt 0.000000 0.000000
vt 1.000000 0.000000
vt 0.500000 1.000000
vt 0.000000 0.000000
vt 1.000000 0.000000
vt 0.000000 0.000000
vt 1.000000 0.000000
vt 1.000000 1.000000
vt 0.000000 1.000000
vt 0.000000 0.000000
vt 1.000000 0.000000
vt 1.000000 1.000000
vt 0.000000 1.000000
vt 0.500000 1.000000
vt 0.000000 0.000000
vt 1.000000 0.000000
vt 0.500000 1.000000
vt 0.000000 0.000000
vt 1.000000 0.000000
vt 0.000000 0.000000
vt 1.000000 0.000000
vt 1.000000 1.000000
vt 0.000000 1.000000
vt 0.000000 0.000000
vt 1.000000 0.000000
vt 1.000000 1.000000
vt 0.000000 1.000000
vt 0.500000 1.000000
vt 0.000000 0.000000
vt 1.000000 0.000000
vt 0.500000 1.000000
vt 0.000000 0.000000
vt 1.000000 0.000000
vt 0.000000 0.000000
vt 1.000000 0.000000
vt 1.000000 1.000000
vt 0.000000 1.000000
vt 0.000000 0.000000
vt 1.000000 0.000000
vt 1.000000 1.000000
vt 0.000000 1.000000
vt 0.500000 1.000000
vt 0.000000 0.000000
vt 1.000000 0.000000
vt 0.500000 1.000000
vt 0.000000 0.000000
vt 1.000000 0.000000
vt 0.000000 0.000000
vt 1.000000 0.000000
vt 1.000000 1.000000
vt 0.000000 1.000000
vt 0.000000 0.000000
vt 1.000000 0.000000
vt 1.000000 1.000000
vt 0.000000 1.000000
vt 0.500000 1.000000
vt 0.000000 0.000000
vt 1.000000 0.000000
vt 0.500000 1.000000
vt 0.000000 0.000000
vt 1.000000 0.000000
vt 0.000000 0.000000
vt 1.000000 0.000000
vt 1.000000 1.000000
vt 0.000000 1.000000
vt 0.000000 0.000000
vt 1.000000 0.000000
vt 1.000000 1.000000
vt 0.000000 1.000000
vt 0.500000 1.000000
vt 0.000000 0.000000
vt 1.000000 0.000000
vt 0.500000 1.000000
vt 0.000000 0.000000
vt 1.000000 0.000000
vt 0.000000 0.000000
vt 1.000000 0.000000
vt 1.000000 1.000000
vt 0.000000 1.000000
vt 0.000000 0.000000
vt 1.000000 0.000000
vt 1.000000 1.000000
vt 0.000000 1.000000
vt 0.500000 1.000000
vt 0.000000 0.000000
vt 1.000000 0.000000
vt 0.500000 1.000000
vt 0.000000 0.000000
vt 1.000000 0.000000
vt 0.000000 0.000000
vt 1.000000 0.000000
vt 1.000000 1.000000
vt 0.000000 1.000000
vt 0.000000 0.000000
vt 1.000000 0.000000
vt 1.000000 1.000000
vt 0.000000 1.000000
vt 0.500000 1.000000
vt 0.000000 0.000000
vt 1.000000 0.000000
vt 0.500000 1.000000
vt 0.000000 0.000000
vt 1.000000 0.000000
vt 0.000000 0.000000
vt 1.000000 0.000000
vt 1.000000 1.000000
vt 0.000000 1.000000
vt 0.000000 0.000000
vt 1.000000 0.000000
vt 1.000000 1.000000
vt 0.000000 1.000000
vt 0.500000 1.000000
vt 0.000000 0.000000
vt 1.000000 0.000000
vt 0.500000 1.000000
vt 0.000000 0.000000
vt 1.000000 0.000000
vt 0.000000 0.000000
vt 1.000000 0.000000
vt 1.000000 1.000000
vt 0.000000 1.000000
vt 0.000000 0.000000
vt 1.000000 0.000000
vt 1.000000 1.000000
vt 0.000000 1.000000
vt 0.500000 1.000000
vt 0.000000 0.000000
vt 1.000000 0.000000
vt 0.500000 1.000000
vt 0.000000 0.000000
vt 1.000000 0.000000
vt 0.000000 0.000000
vt 1.000000 0.000000
vt 1.000000 1.000000
vt 0.000000 1.000000
vt 0.000000 0.000000
vt 1.000000 0.000000
vt 1.000000 1.000000
vt 0.000000 1.000000
vt 0.500000 1.000000
vt 0.000000 0.000000
vt 1.000000 0.000000
vt 0.500000 1.000000
vt 0.000000 0.000000
vt 1.000000 0.000000
vt 0.000000 0.000000
vt 1.000000 0.000000
vt 1.000000 1.000000
vt 0.000000 1.000000
vt 0.000000 0.000000
vt 1.000000 0.000000
vt 1.000000 1.000000
vt 0.000000 1.000000
vt 0.500000 1.000000
vt 0.000000 0.000000
vt 1.000000 0.000000
vt 0.500000 1.000000
vt 0.000000 0.000000
vt 1.000000 0.000000
vt 0.000000 0.000000
vt 1.000000 0.000000
vt 1.000000 1.000000
vt 0.000000 1.000000
vt 0.000000 0.000000
vt 1.000000 0.000000
vt 1.000000 1.000000
vt 0.000000 1.000000
vt 0.500000 1.000000
vt 0.000000 0.000000
vt 1.000000 0.000000
vt 0.500000 1.000000
vt 0.000000 0.000000
vt 1.000000 0.000000
vt 0.000000 0.000000
vt 1.000000 0.000000
vt 1.000000 1.000000
vt 0.000000 1.000000
vt 0.000000 0.000000
vt 1.000000 0.000000
vt 1.000000 1.000000
vt 0.000000 1.000000
vt 0.500000 1.000000
vt 0.000000 0.000000
vt 1.000000 0.000000
vt 0.500000 1.000000
vt 0.000000 0.000000
vt 1.000000 0.000000
vt 0.000000 0.000000
vt 1.000000 0.000000
vt 1.000000 1.000000
vt 0.000000 1.000000
vt 0.000000 0.000000
vt 1.000000 0.000000
vt 1.000000 1.000000
vt 0.000000 1.000000
vt 0.500000 1.000000
vt 0.000000 0.000000
vt 1.000000 0.000000
vt 0.500000 1.000000
vt 0.000000 0.000000
vt 1.000000 0.000000
vt 0.000000 0.000000
vt 1.000000 0.000000
vt 1.000000 1.000000
vt 0.000000 1.000000
vt 0.000000 0.000000
vt 1.000000 0.000000
vt 1.000000 1.000000
vt 0.000000 1.000000
vt 0.500000 1.000000
vt 0.000000 0.000000
vt 1.000000 0.000000
vt 0.500000 1.000000
vt 0.000000 0.000000
vt 1.000000 0.000000
vt 0.000000 0.000000
vt 1.000000 0.000000
vt 1.000000 1.000000
vt 0.000000 1.000000
vt 0.000000 0.000000
vt 1.000000 0.000000
vt 1.000000 1.000000
vt 0.000000 1.000000
vt 0.500000 1.000000
vt 0.000000 0.000000
vt 1.000000 0.000000
vt 0.500000 1.000000
vt 0.000000 0.000000
vt 1.000000 0.000000
vt 0.000000 0.000000
vt 1.000000 0.000000
vt 1.000000 1.000000
vt 0.000000 1.000000
vt 0.000000 0.000000
vt 1.000000 0.000000
vt 1.000000 1.000000
vt 0.000000 1.000000
vt 0.500000 1.000000
vt 0.000000 0.000000
vt 1.000000 0.000000
vt 0.500000 1.000000
vt 0.000000 0.000000
vt 1.000000 0.000000
vt 0.000000 0.000000
vt 1.000000 0.000000
vt 1.000000 1.000000
vt 0.000000 1.000000
vt 0.000000 0.000000
vt 1.000000 0.000000
vt 1.000000 1.000000
vt 0.000000 1.000000
vt 0.500000 1.000000
vt 0.000000 0.000000
vt 1.000000 0.000000
vt 0.500000 1.000000
vt 0.000000 0.000000
vt 1.000000 0.000000
vt 0.000000 0.000000
vt 1.000000 0.000000
vt 1.000000 1.000000
vt 0.000000 1.000000
vt 0.000000 0.000000
vt 1.000000 0.000000
vt 1.000000 1.000000
vt 0.000000 1.000000
vt 0.500000 1.000000
vt 0.000000 0.000000
vt 1.000000 0.000000
vt 0.500000 1.000000
vt 0.000000 0.000000
vt 1.000000 0.000000
vt 0.000000 0.000000
vt 1.000000 0.000000
vt 1.000000 1.000000
vt 0.000000 1.000000
vt 0.000000 0.000000
vt 1.000000 0.000000
vt 1.000000 1.000000
vt 0.000000 1.000000
vt 0.500000 1.000000
vt 0.000000 0.000000
vt 1.000000 0.000000
vt 0.500000 1.000000
vt 0.000000 0.000000
vt 1.000000 0.000000
vt 0.000000 0.000000
vt 1.000000 0.000000
vt 1.000000 1.000000
vt 0.000000 1.000000
vt 0.000000 0.000000
vt 1.000000 0.000000
vt 1.000000 1.000000
vt 0.000000 1.000000
vt 0.500000 1.000000
vt 0.000000 0.000000
vt 1.000000 0.000000
vt 0.500000 1.000000
vt 0.000000 0.000000
vt 1.000000 0.000000
vt 0.000000 0.000000
vt 1.000000 0.000000
vt 1.000000 1.000000
vt 0.000000 1.000000
vt 0.000000 0.000000
vt 1.000000 0.000000
vt 1.000000 1.000000
vt 0.000000 1.000000
vt 0.500000 1.000000
vt 0.000000 0.000000
vt 1.000000 0.000000
vt 0.500000 1.000000
vt 0.000000 0.000000
vt 1.000000 0.000000
vt 0.000000 0.000000
vt 1.000000 0.000000
vt 1.000000 1.000000
vt 0.000000 1.000000
vt 0.000000 0.000000
vt 1.000000 0.000000
vt 1.000000 1.000000
vt 0.000000 1.000000
vt 0.500000 1.000000
vt 0.000000 0.000000
vt 1.000000 0.000000
vt 0.500000 1.000000
vt 0.000000 0.000000
vt 1.000000 0.000000
vt 0.000000 0.000000
vt 1.000000 0.000000
vt 1.000000 1.000000
vt 0.000000 1.000000
vt 0.000000 0.000000
vt 1.000000 0.000000
vt 1.000000 1.000000
vt 0.000000 1.000000
vt 0.500000 1.000000
vt 0.000000 0.000000
vt 1.000000 0.000000
vt 0.500000 1.000000
vt 0.000000 0.000000
vt 1.000000 0.000000
vt 0.000000 0.000000
vt 1.000000 0.000000
vt 1.000000 1.000000
vt 0.000000 1.000000
vt 0.000000 0.000000
vt 1.000000 0.000000
vt 1.000000 1.000000
vt 0.000000 1.000000
vt 0.500000 1.000000
vt 0.000000 0.000000
vt 1.000000 0.000000
vt 0.500000 1.000000
vt 0.000000 0.000000
vt 1.000000 0.000000
vt 0.000000 0.000000
vt 1.000000 0.000000
vt 1.000000 1.000000
vt 0.000000 1.000000
vt 0.000000 0.000000
vt 1.000000 0.000000
vt 1.000000 1.000000
vt 0.000000 1.000000
vt 0.500000 1.000000
vt 0.000000 0.000000
vt 1.000000 0.000000
vt 0.500000 1.000000
vt 0.000000 0.000000
vt 1.000000 0.000000
vt 0.000000 0.000000
vt 1.000000 0.000000
vt 1.000000 1.000000
vt 0.000000 1.000000
vt 0.000000 0.000000
vt 1.000000 0.000000
vt 1.000000 1.000000
vt 0.000000 1.000000
vt 0.500000 1.000000
vt 0.000000 0.000000
vt 1.000000 0.000000
vt 0.500000 1.000000
vt 0.000000 0.000000
vt 1.000000 0.000000
vt 0.000000 0.000000
vt 1.000000 0.000000
vt 1.000000 1.000000
vt 0.000000 1.000000
vt 0.000000 0.000000
vt 1.000000 0.000000
vt 1.000000 1.000000
vt 0.000000 1.000000
vt 0.500000 1.000000
vt 0.000000 0.000000
vt 1.000000 0.000000
vt 0.500000 1.000000
vt 0.000000 0.000000
vt 1.000000 0.000000
vt 0.000000 0.000000
vt 1.000000 0.000000
vt 1.000000 1.000000
vt 0.000000 1.000000
vt 0.000000 0.000000
vt 1.000000 0.000000
vt 1.000000 1.000000
vt 0.000000 1.000000
vt 0.500000 1.000000
vt 0.000000 0.000000
vt 1.000000 0.000000
vt 0.500000 1.000000
vt 0.000000 0.000000
vt 1.000000 0.000000
vt 0.000000 0.000000
vt 1.000000 0.000000
vt 1.000000 1.000000
vt 0.000000 1.000000
vt 0.000000 0.000000
vt 1.000000 0.000000
vt 1.000000 1.000000
vt 0.000000 1.000000
vt 0.500000 1.000000
vt 0.000000 0.000000
vt 1.000000 0.000000
vt 0.500000 1.000000
vt 0.000000 0.000000
vt 1.000000 0.000000
vt 0.000000 0.000000
vt 1.000000 0.000000
vt 1.000000 1.000000
vt 0.000000 1.000000
vt 0.000000 0.000000
vt 1.000000 0.000000
vt 1.000000 1.000000
vt 0.000000 1.000000
vt 0.500000 1.000000
vt 0.000000 0.000000
vt 1.000000 0.000000
vt 0.500000 1.000000
vt 0.000000 0.000000
vt 1.000000 0.000000
vt 0.000000 0.000000
vt 1.000000 0.000000
vt 1.000000 1.000000
vt 0.000000 1.000000
vt 0.000000 0.000000
vt 1.000000 0.000000
vt 1.000000 1.000000
vt 0.000000 1.000000
vt 0.500000 1.000000
vt 0.000000 0.000000
vt 1.000000 0.000000
vt 0.500000 1.000000
vt 0.000000 0.000000
vt 1.000000 0.000000
vt 0.000000 0.000000
vt 1.000000 0.000000
vt 1.000000 1.000000
vt 0.000000 1.000000
vt 0.000000 0.000000
vt 1.000000 0.000000
vt 1.000000 1.000000
vt 0.000000 1.000000
vt 0.500000 1.000000
vt 0.000000 0.000000
vt 1.000000 0.000000
vt 0.500000 1.000000
vt 0.000000 0.000000
vt 1.000000 0.000000
vt 0.000000 0.000000
vt 1.000000 0.000000
vt 1.000000 1.000000
vt 0.000000 1.000000
vt 0.000000 0.000000
vt 1.000000 0.000000
vt 1.000000 1.000000
vt 0.000000 1.000000
vt 0.500000 1.000000
vt 0.000000 0.000000
vt 1.000000 0.000000
vt 0.500000 1.000000
vt 0.000000 0.000000
vt 1.000000 0.000000
vt 0.000000 0.000000
vt 1.000000 0.000000
vt 1.000000 1.000000
vt 0.000000 1.000000
vt 0.000000 0.000000
vt 1.000000 0.000000
vt 1.000000 1.000000
vt 0.000000 1.000000
vt 0.500000 1.000000
vt 0.000000 0.000000
vt 1.000000 0.000000
vt 0.500000 1.000000
vt 0.000000 0.000000
vt 1.000000 0.000000
vt 0.000000 0.000000
vt 1.000000 0.000000
vt 1.000000 1.000000
vt 0.000000 1.000000
vt 0.000000 0.000000
vt 1.000000 0.000000
vt 1.000000 1.000000
vt 0.000000 1.000000
vt 0.500000 1.000000
vt 0.000000 0.000000
vt 1.000000 0.000000
vt 0.500000 1.000000
vt 0.000000 0.000000
vt 1.000000 0.000000
vt 0.000000 0.000000
vt 1.000000 0.000000
vt 1.000000 1.000000
vt 0.000000 1.000000
vt 0.000000 0.000000
vt 1.000000 0.000000
vt 1.000000 1.000000
vt 0.000000 1.000000
vt 0.500000 1.000000
vt 0.000000 0.000000
vt 1.000000 0.000000
vt 0.500000 1.000000
vt 0.000000 0.000000
vt 1.000000 0.000000
vt 0.000000 0.000000
vt 1.000000 0.000000
vt 1.000000 1.000000
vt 0.000000 1.000000
vt 0.000000 0.000000
vt 1.000000 0.000000
vt 1.000000 1.000000
vt 0.000000 1.000000
vt 0.500000 1.000000
vt 0.000000 0.000000
vt 1.000000 0.000000
vt 0.500000 1.000000
vt 0.000000 0.000000
vt 1.000000 0.000000
vt 0.000000 0.000000
vt 1.000000 0.000000
vt 1.000000 1.000000
vt 0.000000 1.000000
vt 0.000000 0.000000
vt 1.000000 0.000000
vt 1.000000 1.000000
vt 0.000000 1.000000
vt 0.500000 1.000000
vt 0.000000 0.000000
vt 1.000000 0.000000
vt 0.500000 1.000000
vt 0.000000 0.000000
vt 1.000000 0.000000
vt 0.000000 0.000000
vt 1.000000 0.000000
vt 1.000000 1.000000
vt 0.000000 1.000000
vt 0.000000 0.000000
vt 1.000000 0.000000
vt 1.000000 1.000000
vt 0.000000 1.000000
vt 0.500000 1.000000
vt 0.000000 0.000000
vt 1.000000 0.000000
vt 0.500000 1.000000
vt 0.000000 0.000000
vt 1.000000 0.000000
vt 0.000000 0.000000
vt 1.000000 0.000000
vt 1.000000 1.000000
vt 0.000000 1.000000
vt 0.000000 0.000000
vt 1.000000 0.000000
vt 1.000000 1.000000
vt 0.000000 1.000000
vt 0.500000 1.000000
vt 0.000000 0.000000
vt 1.000000 0.000000
vt 0.500000 1.000000
vt 0.000000 0.000000
vt 1.000000 0.000000
vt 0.000000 0.000000
vt 1.000000 0.000000
vt 1.000000 1.000000
vt 0.000000 1.000000
vt 0.000000 0.000000
vt 1.000000 0.000000
vt 1.000000 1.000000
vt 0.000000 1.000000
vt 0.500000 1.000000
vt 0.000000 0.000000
vt 1.000000 0.000000
vt 0.500000 1.000000
vt 0.000000 0.000000
vt 1.000000 0.000000
vt 0.000000 0.000000
vt 1.000000 0.000000
vt 1.000000 1.000000
vt 0.000000 1.000000
vt 0.000000 0.000000
vt 1.000000 0.000000
vt 1.000000 1.000000
vt 0.000000 1.000000
vt 0.500000 1.000000
vt 0.000000 0.000000
vt 1.000000 0.000000
vt 0.500000 1.000000
vt 0.000000 0.000000
vt 1.000000 0.000000
vt 0.000000 0.000000
vt 1.000000 0.000000
vt 1.000000 1.000000
vt 0.000000 1.000000
vt 0.000000 0.000000
vt 1.000000 0.000000
vt 1.000000 1.000000
vt 0.000000 1.000000
vt 0.500000 1.000000
vt 0.000000 0.000000
vt 1.000000 0.000000
vt 0.500000 1.000000
vt 0.000000 0.000000
vt 1.000000 0.000000
vt 0.000000 0.000000
vt 1.000000 0.000000
vt 1.000000 1.000000
vt 0.000000 1.000000
vt 0.000000 0.000000
vt 1.000000 0.000000
vt 1.000000 1.000000
vt 0.000000 1.000000
vt 0.500000 1.000000
vt 0.000000 0.000000
vt 1.000000 0.000000
vt 0.500000 1.000000
vt 0.000000 0.000000
vt 1.000000 0.000000
vt 0.000000 0.000000
vt 1.000000 0.000000
vt 1.000000 1.000000
vt 0.000000 1.000000
vt 0.000000 0.000000
vt 1.000000 0.000000
vt 1.000000 1.000000
vt 0.000000 1.000000
vt 0.500000 1.000000
vt 0.000000 0.000000
vt 1.000000 0.000000
vt 0.500000 1.000000
vt 0.000000 0.000000
vt 1.000000 0.000000
vt 0.000000 0.000000
vt 1.000000 0.000000
vt 1.000000 1.000000
vt 0.000000 1.000000
vt 0.000000 0.000000
vt 1.000000 0.000000
vt 1.000000 1.000000
vt 0.000000 1.000000
vt 0.500000 1.000000
vt 0.000000 0.000000
vt 1.000000 0.000000
vt 0.500000 1.000000
vt 0.000000 0.000000
vt 1.000000 0.000000
vt 0.000000 0.000000
vt 1.000000 0.000000
vt 1.000000 1.000000
vt 0.000000 1.000000
vt 0.000000 0.000000
vt 1.000000 0.000000
vt 1.000000 1.000000
vt 0.000000 1.000000
vt 0.500000 1.000000
vt 0.000000 0.000000
vt 1.000000 0.000000
vt 0.500000 1.000000
vt 0.000000 0.000000
vt 1.000000 0.000000
vt 0.000000 0.000000
vt 1.000000 0.000000
vt 1.000000 1.000000
vt 0.000000 1.000000
vt 0.000000 0.000000
vt 1.000000 0.000000
vt 1.000000 1.000000
vt 0.000000 1.000000
vt 0.500000 1.000000
vt 0.000000 0.000000
vt 1.000000 0.000000
vt 0.500000 1.000000
vt 0.000000 0.000000
vt 1.000000 0.000000
vt 0.000000 0.000000
vt 1.000000 0.000000
vt 1.000000 1.000000
vt 0.000000 1.000000
vt 0.000000 0.000000
vt 1.000000 0.000000
vt 1.000000 1.000000
vt 0.000000 1.000000
vt 0.500000 1.000000
vt 0.000000 0.000000
vt 1.000000 0.000000
vt 0.500000 1.000000
vt 0.000000 0.000000
vt 1.000000 0.000000
vt 0.000000 0.000000
vt 1.000000 0.000000
vt 1.000000 1.000000
vt 0.000000 1.000000
vt 0.000000 0.000000
vt 1.000000 0.000000
vt 1.000000 1.000000
vt 0.000000 1.000000
vt 0.500000 1.000000
vt 0.000000 0.000000
vt 1.000000 0.000000
vt 0.500000 1.000000
vt 0.000000 0.000000
vt 1.000000 0.000000
vt 0.000000 0.000000
vt 1.000000 0.000000
vt 1.000000 1.000000
vt 0.000000 1.000000
vt 0.000000 0.000000
vt 1.000000 0.000000
vt 1.000000 1.000000
vt 0.000000 1.000000
vt 0.500000 1.000000
vt 0.000000 0.000000
vt 1.000000 0.000000
vt 0.500000 1.000000
vt 0.000000 0.000000
vt 1.000000 0.000000
vt 0.000000 0.000000
vt 1.000000 0.000000
vt 1.000000 1.000000
vt 0.000000 1.000000
vt 0.000000 0.000000
vt 1.000000 0.000000
vt 1.000000 1.000000
vt 0.000000 1.000000
vt 0.500000 1.000000
vt 0.000000 0.000000
vt 1.000000 0.000000
vt 0.500000 1.000000
vt 0.000000 0.000000
vt 1.000000 0.000000
vt 0.000000 0.000000
vt 1.000000 0.000000
vt 1.000000 1.000000
vt 0.000000 1.000000
vt 0.000000 0.000000
vt 1.000000 0.000000
vt 1.000000 1.000000
vt 0.000000 1.000000
vt 0.500000 1.000000
vt 0.000000 0.000000
vt 1.000000 0.000000
s 1
usemtl models/caelum/world/environment/bark_coast.png
f 1/1 2/2 3/3 4/4
f 5/5 6/6 7/7
f 8/8 9/9 10/10 11/11
f 12/12 13/13 14/14
f 15/15 16/16 17/17 18/18
f 19/19 20/20 21/21
f 22/22 23/23 24/24 25/25
f 26/26 27/27 28/28
f 29/29 30/30 31/31 32/32
f 33/33 34/34 35/35
f 36/36 37/37 38/38 39/39
f 40/40 41/41 42/42
f 43/43 44/44 45/45 46/46
f 47/47 48/48 49/49
f 50/50 51/51 52/52 53/53
f 54/54 55/55 56/56
f 57/57 58/58 59/59 60/60
f 61/61 62/62 63/63
f 64/64 65/65 66/66 67/67
f 68/68 69/69 70/70
f 71/71 72/72 73/73 74/74
f 75/75 76/76 77/77
f 78/78 79/79 80/80 81/81
f 82/82 83/83 84/84
f 85/85 86/86 87/87 88/88
f 89/89 90/90 91/91
f 92/92 93/93 94/94 95/95
f 96/96 97/97 98/98
f 99/99 100/100 101/101 102/102
f 103/103 104/104 105/105
f 106/106 107/107 108/108 109/109
f 110/110 111/111 112/112
f 113/113 114/114 115/115 116/116
f 117/117 118/118 119/119
f 120/120 121/121 122/122 123/123
f 124/124 125/125 126/126
f 127/127 128/128 129/129 130/130
f 131/131 132/132 133/133
f 134/134 135/135 136/136 137/137
f 138/138 139/139 140/140
f 141/141 142/142 143/143 144/144
f 145/145 146/146 147/147
f 148/148 149/149 150/150 151/151
f 152/152 153/153 154/154
f 155/155 156/156 157/157 158/158
f 159/159 160/160 161/161
f 162/162 163/163 164/164 165/165
f 166/166 167/167 168/168
f 169/169 170/170 171/171 172/172
f 173/173 174/174 175/175
f 176/176 177/177 178/178 179/179
f 180/180 181/181 182/182
f 183/183 184/184 185/185 186/186
f 187/187 188/188 189/189
f 190/190 191/191 192/192 193/193
f 194/194 195/195 196/196
f 197/197 198/198 199/199 200/200
f 201/201 202/202 203/203
f 204/204 205/205 206/206 207/207
f 208/208 209/209 210/210
f 211/211 212/212 213/213 214/214
f 215/215 216/216 217/217
f 218/218 219/219 220/220 221/221
f 222/222 223/223 224/224
f 225/225 226/226 227/227 228/228
f 229/229 230/230 231/231
f 232/232 233/233 234/234 235/235
f 236/236 237/237 238/238
f 239/239 240/240 241/241 242/242
f 243/243 244/244 245/245
f 246/246 247/247 248/248 249/249
f 250/250 251/251 252/252
f 253/253 254/254 255/255 256/256
f 257/257 258/258 259/259
f 260/260 261/261 262/262 263/263
f 264/264 265/265 266/266
f 267/267 268/268 269/269 270/270
f 271/271 272/272 273/273
f 274/274 275/275 276/276 277/277
f 278/278 279/279 280/280
f 281/281 282/282 283/283 284/284
f 285/285 286/286 287/287
f 288/288 289/289 290/290 291/291
f 292/292 293/293 294/294
f 295/295 296/296 297/297 298/298
f 299/299 300/300 301/301
f 302/302 303/303 304/304 305/305
f 306/306 307/307 308/308
f 309/309 310/310 311/311 312/312
f 313/313 314/314 315/315
f 316/316 317/317 318/318 319/319
f 320/320 321/321 322/322
f 323/323 324/324 325/325 326/326
f 327/327 328/328 329/329
f 330/330 331/331 332/332 333/333
f 334/334 335/335 336/336
f 337/337 338/338 339/339 340/340
f 341/341 342/342 343/343
f 344/344 345/345 346/346 347/347
f 348/348 349/349 350/350
f 351/351 352/352 353/353 354/354
f 355/355 356/356 357/357
f 358/358 359/359 360/360 361/361
f 362/362 363/363 364/364
f 365/365 366/366 367/367 368/368
f 369/369 370/370 371/371
f 372/372 373/373 374/374 375/375
f 376/376 377/377 378/378
f 379/379 380/380 381/381 382/382
f 383/383 384/384 385/385
f 386/386 387/387 388/388 389/389
f 390/390 391/391 392/392
f 393/393 394/394 395/395 396/396
f 397/397 398/398 399/399
f 400/400 401/401 402/402 403/403
f 404/404 405/405 406/406
f 407/407 408/408 409/409 410/410
f 411/411 412/412 413/413
f 414/414 415/415 416/416 417/417
f 418/418 419/419 420/420
f 421/421 422/422 423/423 424/424
f 425/425 426/426 427/427
f 428/428 429/429 430/430 431/431
f 432/432 433/433 434/434
f 435/435 436/436 437/437 438/438
f 439/439 440/440 441/441
f 442/442 443/443 444/444 445/445
f 446/446 447/447 448/448
f 449/449 450/450 451/451 452/452
f 453/453 454/454 455/455
f 456/456 457/457 458/458 459/459
f 460/460 461/461 462/462
f 463/463 464/464 465/465 466/466
f 467/467 468/468 469/469
f 470/470 471/471 472/472 473/473
f 474/474 475/475 476/476
f 477/477 478/478 479/479 480/480
f 481/481 482/482 483/483
f 484/484 485/485 486/486 487/487
f 488/488 489/489 490/490
f 491/491 492/492 493/493 494/494
f 495/495 496/496 497/497
f 498/498 499/499 500/500 501/501
f 502/502 503/503 504/504
f 505/505 506/506 507/507 508/508
f 509/509 510/510 511/511
f 512/512 513/513 514/514 515/515
f 516/516 517/517 518/518
f 519/519 520/520 521/521 522/522
f 523/523 524/524 525/525
f 526/526 527/527 528/528 529/529
f 530/530 531/531 532/532
f 533/533 534/534 535/535 536/536
f 537/537 538/538 539/539
f 540/540 541/541 542/542 543/543
f 544/544 545/545 546/546
f 547/547 548/548 549/549 550/550
f 551/551 552/552 553/553
f 554/554 555/555 556/556 557/557
f 558/558 559/559 560/560
f 561/561 562/562 563/563 564/564
f 565/565 566/566 567/567
f 568/568 569/569 570/570 571/571
f 572/572 573/573 574/574
f 575/575 576/576 577/577 578/578
f 579/579 580/580 581/581
f 582/582 583/583 584/584 585/585
f 586/586 587/587 588/588
f 589/589 590/590 591/591 592/592
f 593/593 594/594 595/595
f 596/596 597/597 598/598 599/599
f 600/600 601/601 602/602
f 603/603 604/604 605/605 606/606
f 607/607 608/608 609/609
f 610/610 611/611 612/612 613/613
f 614/614 615/615 616/616
f 617/617 618/618 619/619 620/620
f 621/621 622/622 623/623
f 624/624 625/625 626/626 627/627
f 628/628 629/629 630/630
f 631/631 632/632 633/633 634/634
f 635/635 636/636 637/637
f 638/638 639/639 640/640 641/641
f 642/642 643/643 644/644
f 645/645 646/646 647/647 648/648
f 649/649 650/650 651/651
f 652/652 653/653 654/654 655/655
f 656/656 657/657 658/658
f 659/659 660/660 661/661 662/662
f 663/663 664/664 665/665
f 666/666 667/667 668/668 669/669
f 670/670 671/671 672/672
f 673/673 674/674 675/675 676/676
f 677/677 678/678 679/679
f 680/680 681/681 682/682 683/683
f 684/684 685/685 686/686
f 687/687 688/688 689/689 690/690
f 691/691 692/692 693/693
f 694/694 695/695 696/696 697/697
f 698/698 699/699 700/700
f 701/701 702/702 703/703 704/704
f 705/705 706/706 707/707
f 708/708 709/709 710/710 711/711
f 712/712 713/713 714/714
f 715/715 716/716 717/717 718/718
f 719/719 720/720 721/721
f 722/722 723/723 724/724 725/725
f 726/726 727/727 728/728
f 729/729 730/730 731/731 732/732
f 733/733 734/734 735/735
f 736/736 737/737 738/738 739/739
f 740/740 741/741 742/742
f 743/743 744/744 745/745 746/746
f 747/747 748/748 749/749
f 750/750 751/751 752/752 753/753
f 754/754 755/755 756/756
f 757/757 758/758 759/759 760/760
f 761/761 762/762 763/763
f 764/764 765/765 766/766 767/767
f 768/768 769/769 770/770
f 771/771 772/772 773/773 774/774
f 775/775 776/776 777/777
f 778/778 779/779 780/780 781/781
f 782/782 783/783 784/784
f 785/785 786/786 787/787 788/788
f 789/789 790/790 791/791
f 792/792 793/793 794/794 795/795
f 796/796 797/797 798/798
f 799/799 800/800 801/801 802/802
f 803/803 804/804 805/805
f 806/806 807/807 808/808 809/809
f 810/810 811/811 812/812
f 813/813 814/814 815/815 816/816
f 817/817 818/818 819/819
f 820/820 821/821 822/822 823/823
f 824/824 825/825 826/826
f 827/827 828/828 829/829 830/830
f 831/831 832/832 833/833
f 834/834 835/835 836/836 837/837
f 838/838 839/839 840/840
f 841/841 842/842 843/843 844/844
f 845/845 846/846 847/847
f 848/848 849/849 850/850 851/851
f 852/852 853/853 854/854
f 855/855 856/856 857/857 858/858
f 859/859 860/860 861/861
f 862/862 863/863 864/864 865/865
f 866/866 867/867 868/868
f 869/869 870/870 871/871 872/872
f 873/873 874/874 875/875
f 876/876 877/877 878/878 879/879
f 880/880 881/881 882/882
f 883/883 884/884 885/885 886/886
f 887/887 888/888 889/889
f 890/890 891/891 892/892 893/893
f 894/894 895/895 896/896
f 897/897 898/898 899/899 900/900
f 901/901 902/902 903/903
f 904/904 905/905 906/906 907/907
f 908/908 909/909 910/910
f 911/911 912/912 913/913 914/914
f 915/915 916/916 917/917
f 918/918 919/919 920/920 921/921
f 922/922 923/923 924/924
f 925/925 926/926 927/927 928/928
f 929/929 930/930 931/931
f 932/932 933/933 934/934 935/935
f 936/936 937/937 938/938
f 939/939 940/940 941/941 942/942
f 943/943 944/944 945/945
f 946/946 947/947 948/948 949/949
f 950/950 951/951 952/952
f 953/953 954/954 955/955 956/956
f 957/957 958/958 959/959
f 960/960 961/961 962/962 963/963
f 964/964 965/965 966/966
f 967/967 968/968 969/969 970/970
f 971/971 972/972 973/973
f 974/974 975/975 976/976 977/977
f 978/978 979/979 980/980
f 981/981 982/982 983/983 984/984
f 985/985 986/986 987/987
f 988/988 989/989 990/990 991/991
f 992/992 993/993 994/994
f 995/995 996/996 997/997 998/998
f 999/999 1000/1000 1001/1001
f 1002/1002 1003/1003 1004/1004 1005/1005
f 1006/1006 1007/1007 1008/1008
f 1009/1009 1010/1010 1011/1011 1012/1012
f 1013/1013 1014/1014 1015/1015
f 1016/1016 1017/1017 1018/1018 1019/1019
f 1020/1020 1021/1021 1022/1022
f 1023/1023 1024/1024 1025/1025 1026/1026
f 1027/1027 1028/1028 1029/1029
f 1030/1030 1031/1031 1032/1032 1033/1033
f 1034/1034 1035/1035 1036/1036
f 1037/1037 1038/1038 1039/1039 1040/1040
f 1041/1041 1042/1042 1043/1043
f 1044/1044 1045/1045 1046/1046 1047/1047
f 1048/1048 1049/1049 1050/1050
f 1051/1051 1052/1052 1053/1053 1054/1054
f 1055/1055 1056/1056 1057/1057
f 1058/1058 1059/1059 1060/1060 1061/1061
f 1062/1062 1063/1063 1064/1064
usemtl models/caelum/world/environment/foliage_coast_ceibo.png
f 1065/1065 1066/1066 1067/1067
f 1068/1068 1069/1069 1070/1070 1071/1071
f 1072/1072 1073/1073 1074/1074 1075/1075
f 1076/1076 1077/1077 1078/1078
f 1079/1079 1080/1080 1081/1081
f 1082/1082 1083/1083 1084/1084 1085/1085
f 1086/1086 1087/1087 1088/1088 1089/1089
f 1090/1090 1091/1091 1092/1092
f 1093/1093 1094/1094 1095/1095
f 1096/1096 1097/1097 1098/1098 1099/1099
f 1100/1100 1101/1101 1102/1102 1103/1103
f 1104/1104 1105/1105 1106/1106
f 1107/1107 1108/1108 1109/1109
f 1110/1110 1111/1111 1112/1112 1113/1113
f 1114/1114 1115/1115 1116/1116 1117/1117
f 1118/1118 1119/1119 1120/1120
f 1121/1121 1122/1122 1123/1123
f 1124/1124 1125/1125 1126/1126 1127/1127
f 1128/1128 1129/1129 1130/1130 1131/1131
f 1132/1132 1133/1133 1134/1134
f 1135/1135 1136/1136 1137/1137
f 1138/1138 1139/1139 1140/1140 1141/1141
f 1142/1142 1143/1143 1144/1144 1145/1145
f 1146/1146 1147/1147 1148/1148
f 1149/1149 1150/1150 1151/1151
f 1152/1152 1153/1153 1154/1154 1155/1155
f 1156/1156 1157/1157 1158/1158 1159/1159
f 1160/1160 1161/1161 1162/1162
f 1163/1163 1164/1164 1165/1165
f 1166/1166 1167/1167 1168/1168 1169/1169
f 1170/1170 1171/1171 1172/1172 1173/1173
f 1174/1174 1175/1175 1176/1176
f 1177/1177 1178/1178 1179/1179
f 1180/1180 1181/1181 1182/1182 1183/1183
f 1184/1184 1185/1185 1186/1186 1187/1187
f 1188/1188 1189/1189 1190/1190
f 1191/1191 1192/1192 1193/1193
f 1194/1194 1195/1195 1196/1196 1197/1197
f 1198/1198 1199/1199 1200/1200 1201/1201
f 1202/1202 1203/1203 1204/1204
f 1205/1205 1206/1206 1207/1207
f 1208/1208 1209/1209 1210/1210 1211/1211
f 1212/1212 1213/1213 1214/1214 1215/1215
f 1216/1216 1217/1217 1218/1218
f 1219/1219 1220/1220 1221/1221
f 1222/1222 1223/1223 1224/1224 1225/1225
f 1226/1226 1227/1227 1228/1228 1229/1229
f 1230/1230 1231/1231 1232/1232
f 1233/1233 1234/1234 1235/1235
f 1236/1236 1237/1237 1238/1238 1239/1239
f 1240/1240 1241/1241 1242/1242 1243/1243
f 1244/1244 1245/1245 1246/1246
f 1247/1247 1248/1248 1249/1249
f 1250/1250 1251/1251 1252/1252 1253/1253
f 1254/1254 1255/1255 1256/1256 1257/1257
f 1258/1258 1259/1259 1260/1260
f 1261/1261 1262/1262 1263/1263
f 1264/1264 1265/1265 1266/1266 1267/1267
f 1268/1268 1269/1269 1270/1270 1271/1271
f 1272/1272 1273/1273 1274/1274
f 1275/1275 1276/1276 1277/1277
f 1278/1278 1279/1279 1280/1280 1281/1281
f 1282/1282 1283/1283 1284/1284 1285/1285
f 1286/1286 1287/1287 1288/1288
f 1289/1289 1290/1290 1291/1291
f 1292/1292 1293/1293 1294/1294 1295/1295
f 1296/1296 1297/1297 1298/1298 1299/1299
f 1300/1300 1301/1301 1302/1302
f 1303/1303 1304/1304 1305/1305
f 1306/1306 1307/1307 1308/1308 1309/1309
f 1310/1310 1311/1311 1312/1312 1313/1313
f 1314/1314 1315/1315 1316/1316
f 1317/1317 1318/1318 1319/1319
f 1320/1320 1321/1321 1322/1322 1323/1323
f 1324/1324 1325/1325 1326/1326 1327/1327
f 1328/1328 1329/1329 1330/1330
f 1331/1331 1332/1332 1333/1333
f 1334/1334 1335/1335 1336/1336 1337/1337
f 1338/1338 1339/1339 1340/1340 1341/1341
f 1342/1342 1343/1343 1344/1344
f 1345/1345 1346/1346 1347/1347
f 1348/1348 1349/1349 1350/1350 1351/1351
f 1352/1352 1353/1353 1354/1354 1355/1355
f 1356/1356 1357/1357 1358/1358
f 1359/1359 1360/1360 1361/1361
f 1362/1362 1363/1363 1364/1364 1365/1365
f 1366/1366 1367/1367 1368/1368 1369/1369
f 1370/1370 1371/1371 1372/1372
f 1373/1373 1374/1374 1375/1375
f 1376/1376 1377/1377 1378/1378 1379/1379
f 1380/1380 1381/1381 1382/1382 1383/1383
f 1384/1384 1385/1385 1386/1386
f 1387/1387 1388/1388 1389/1389
f 1390/1390 1391/1391 1392/1392 1393/1393
f 1394/1394 1395/1395 1396/1396 1397/1397
f 1398/1398 1399/1399 1400/1400
f 1401/1401 1402/1402 1403/1403
f 1404/1404 1405/1405 1406/1406 1407/1407
f 1408/1408 1409/1409 1410/1410 1411/1411
f 1412/1412 1413/1413 1414/1414
f 1415/1415 1416/1416 1417/1417
f 1418/1418 1419/1419 1420/1420 1421/1421
f 1422/1422 1423/1423 1424/1424 1425/1425
f 1426/1426 1427/1427 1428/1428
f 1429/1429 1430/1430 1431/1431
f 1432/1432 1433/1433 1434/1434 1435/1435
f 1436/1436 1437/1437 1438/1438 1439/1439
f 1440/1440 1441/1441 1442/1442
f 1443/1443 1444/1444 1445/1445
f 1446/1446 1447/1447 1448/1448 1449/1449
f 1450/1450 1451/1451 1452/1452 1453/1453
f 1454/1454 1455/1455 1456/1456
f 1457/1457 1458/1458 1459/1459
f 1460/1460 1461/1461 1462/1462 1463/1463
f 1464/1464 1465/1465 1466/1466 1467/1467
f 1468/1468 1469/1469 1470/1470
f 1471/1471 1472/1472 1473/1473
f 1474/1474 1475/1475 1476/1476 1477/1477
f 1478/1478 1479/1479 1480/1480 1481/1481
f 1482/1482 1483/1483 1484/1484
f 1485/1485 1486/1486 1487/1487
f 1488/1488 1489/1489 1490/1490 1491/1491
f 1492/1492 1493/1493 1494/1494 1495/1495
f 1496/1496 1497/1497 1498/1498
f 1499/1499 1500/1500 1501/1501
f 1502/1502 1503/1503 1504/1504 1505/1505
f 1506/1506 1507/1507 1508/1508 1509/1509
f 1510/1510 1511/1511 1512/1512
f 1513/1513 1514/1514 1515/1515
f 1516/1516 1517/1517 1518/1518 1519/1519
f 1520/1520 1521/1521 1522/1522 1523/1523
f 1524/1524 1525/1525 1526/1526
f 1527/1527 1528/1528 1529/1529
f 1530/1530 1531/1531 1532/1532 1533/1533
f 1534/1534 1535/1535 1536/1536 1537/1537
f 1538/1538 1539/1539 1540/1540
f 1541/1541 1542/1542 1543/1543
f 1544/1544 1545/1545 1546/1546 1547/1547
f 1548/1548 1549/1549 1550/1550 1551/1551
f 1552/1552 1553/1553 1554/1554
f 1555/1555 1556/1556 1557/1557
f 1558/1558 1559/1559 1560/1560 1561/1561
f 1562/1562 1563/1563 1564/1564 1565/1565
f 1566/1566 1567/1567 1568/1568
f 1569/1569 1570/1570 1571/1571
f 1572/1572 1573/1573 1574/1574 1575/1575
f 1576/1576 1577/1577 1578/1578 1579/1579
f 1580/1580 1581/1581 1582/1582
f 1583/1583 1584/1584 1585/1585
f 1586/1586 1587/1587 1588/1588 1589/1589
f 1590/1590 1591/1591 1592/1592 1593/1593
f 1594/1594 1595/1595 1596/1596
f 1597/1597 1598/1598 1599/1599
f 1600/1600 1601/1601 1602/1602 1603/1603
f 1604/1604 1605/1605 1606/1606 1607/1607
f 1608/1608 1609/1609 1610/1610
f 1611/1611 1612/1612 1613/1613
f 1614/1614 1615/1615 1616/1616 1617/1617
f 1618/1618 1619/1619 1620/1620 1621/1621
f 1622/1622 1623/1623 1624/1624
f 1625/1625 1626/1626 1627/1627
f 1628/1628 1629/1629 1630/1630 1631/1631
f 1632/1632 1633/1633 1634/1634 1635/1635
f 1636/1636 1637/1637 1638/1638
f 1639/1639 1640/1640 1641/1641
f 1642/1642 1643/1643 1644/1644 1645/1645
f 1646/1646 1647/1647 1648/1648 1649/1649
f 1650/1650 1651/1651 1652/1652
f 1653/1653 1654/1654 1655/1655
f 1656/1656 1657/1657 1658/1658 1659/1659
f 1660/1660 1661/1661 1662/1662 1663/1663
f 1664/1664 1665/1665 1666/1666
f 1667/1667 1668/1668 1669/1669
f 1670/1670 1671/1671 1672/1672 1673/1673
f 1674/1674 1675/1675 1676/1676 1677/1677
f 1678/1678 1679/1679 1680/1680
f 1681/1681 1682/1682 1683/1683
f 1684/1684 1685/1685 1686/1686 1687/1687
f 1688/1688 1689/1689 1690/1690 1691/1691
f 1692/1692 1693/1693 1694/1694
f 1695/1695 1696/1696 1697/1697
f 1698/1698 1699/1699 1700/1700 1701/1701
f 1702/1702 1703/1703 1704/1704 1705/1705
f 1706/1706 1707/1707 1708/1708
f 1709/1709 1710/1710 1711/1711
f 1712/1712 1713/1713 1714/1714 1715/1715
f 1716/1716 1717/1717 1718/1718 1719/1719
f 1720/1720 1721/1721 1722/1722
f 1723/1723 1724/1724 1725/1725
f 1726/1726 1727/1727 1728/1728 1729/1729
f 1730/1730 1731/1731 1732/1732 1733/1733
f 1734/1734 1735/1735 1736/1736
f 1737/1737 1738/1738 1739/1739
f 1740/1740 1741/1741 1742/1742 1743/1743
f 1744/1744 1745/1745 1746/1746 1747/1747
f 1748/1748 1749/1749 1750/1750
f 1751/1751 1752/1752 1753/1753
f 1754/1754 1755/1755 1756/1756 1757/1757
f 1758/1758 1759/1759 1760/1760 1761/1761
f 1762/1762 1763/1763 1764/1764
f 1765/1765 1766/1766 1767/1767
f 1768/1768 1769/1769 1770/1770 1771/1771
f 1772/1772 1773/1773 1774/1774 1775/1775
f 1776/1776 1777/1777 1778/1778
f 1779/1779 1780/1780 1781/1781
f 1782/1782 1783/1783 1784/1784 1785/1785
f 1786/1786 1787/1787 1788/1788 1789/1789
f 1790/1790 1791/1791 1792/1792
f 1793/1793 1794/1794 1795/1795
f 1796/1796 1797/1797 1798/1798 1799/1799
f 1800/1800 1801/1801 1802/1802 1803/1803
f 1804/1804 1805/1805 1806/1806
f 1807/1807 1808/1808 1809/1809
f 1810/1810 1811/1811 1812/1812 1813/1813
f 1814/1814 1815/1815 1816/1816 1817/1817
f 1818/1818 1819/1819 1820/1820
f 1821/1821 1822/1822 1823/1823
f 1824/1824 1825/1825 1826/1826 1827/1827
f 1828/1828 1829/1829 1830/1830 1831/1831
f 1832/1832 1833/1833 1834/1834
f 1835/1835 1836/1836 1837/1837
f 1838/1838 1839/1839 1840/1840 1841/1841
f 1842/1842 1843/1843 1844/1844 1845/1845
f 1846/1846 1847/1847 1848/1848
f 1849/1849 1850/1850 1851/1851
f 1852/1852 1853/1853 1854/1854 1855/1855
f 1856/1856 1857/1857 1858/1858 1859/1859
f 1860/1860 1861/1861 1862/1862
f 1863/1863 1864/1864 1865/1865
f 1866/1866 1867/1867 1868/1868 1869/1869
f 1870/1870 1871/1871 1872/1872 1873/1873
f 1874/1874 1875/1875 1876/1876
f 1877/1877 1878/1878 1879/1879
f 1880/1880 1881/1881 1882/1882 1883/1883
f 1884/1884 1885/1885 1886/1886 1887/1887
f 1888/1888 1889/1889 1890/1890
f 1891/1891 1892/1892 1893/1893
f 1894/1894 1895/1895 1896/1896 1897/1897
f 1898/1898 1899/1899 1900/1900 1901/1901
f 1902/1902 1903/1903 1904/1904
f 1905/1905 1906/1906 1907/1907
f 1908/1908 1909/1909 1910/1910 1911/1911
f 1912/1912 1913/1913 1914/1914 1915/1915
f 1916/1916 1917/1917 1918/1918
f 1919/1919 1920/1920 1921/1921
f 1922/1922 1923/1923 1924/1924 1925/1925
f 1926/1926 1927/1927 1928/1928 1929/1929
f 1930/1930 1931/1931 1932/1932
f 1933/1933 1934/1934 1935/1935
f 1936/1936 1937/1937 1938/1938 1939/1939
f 1940/1940 1941/1941 1942/1942 1943/1943
f 1944/1944 1945/1945 1946/1946
f 1947/1947 1948/1948 1949/1949
f 1950/1950 1951/1951 1952/1952 1953/1953
f 1954/1954 1955/1955 1956/1956 1957/1957
f 1958/1958 1959/1959 1960/1960
f 1961/1961 1962/1962 1963/1963
f 1964/1964 1965/1965 1966/1966 1967/1967
f 1968/1968 1969/1969 1970/1970 1971/1971
f 1972/1972 1973/1973 1974/1974
f 1975/1975 1976/1976 1977/1977
f 1978/1978 1979/1979 1980/1980 1981/1981
f 1982/1982 1983/1983 1984/1984 1985/1985
f 1986/1986 1987/1987 1988/1988
f 1989/1989 1990/1990 1991/1991
f 1992/1992 1993/1993 1994/1994 1995/1995
f 1996/1996 1997/1997 1998/1998 1999/1999
f 2000/2000 2001/2001 2002/2002
f 2003/2003 2004/2004 2005/2005
f 2006/2006 2007/2007 2008/2008 2009/2009
f 2010/2010 2011/2011 2012/2012 2013/2013
f 2014/2014 2015/2015 2016/2016
f 2017/2017 2018/2018 2019/2019
f 2020/2020 2021/2021 2022/2022 2023/2023
f 2024/2024 2025/2025 2026/2026 2027/2027
f 2028/2028 2029/2029 2030/2030
f 2031/2031 2032/2032 2033/2033
f 2034/2034 2035/2035 2036/2036 2037/2037
f 2038/2038 2039/2039 2040/2040 2041/2041
f 2042/2042 2043/2043 2044/2044
f 2045/2045 2046/2046 2047/2047
f 2048/2048 2049/2049 2050/2050 2051/2051
f 2052/2052 2053/2053 2054/2054 2055/2055
f 2056/2056 2057/2057 2058/2058
f 2059/2059 2060/2060 2061/2061
f 2062/2062 2063/2063 2064/2064 2065/2065
f 2066/2066 2067/2067 2068/2068 2069/2069
f 2070/2070 2071/2071 2072/2072
f 2073/2073 2074/2074 2075/2075
f 2076/2076 2077/2077 2078/2078 2079/2079
f 2080/2080 2081/2081 2082/2082 2083/2083
f 2084/2084 2085/2085 2086/2086
f 2087/2087 2088/2088 2089/2089
f 2090/2090 2091/2091 2092/2092 2093/2093
f 2094/2094 2095/2095 2096/2096 2097/2097
f 2098/2098 2099/2099 2100/2100
f 2101/2101 2102/2102 2103/2103
f 2104/2104 2105/2105 2106/2106 2107/2107
f 2108/2108 2109/2109 2110/2110 2111/2111
f 2112/2112 2113/2113 2114/2114
f 2115/2115 2116/2116 2117/2117
f 2118/2118 2119/2119 2120/2120 2121/2121
f 2122/2122 2123/2123 2124/2124 2125/2125
f 2126/2126 2127/2127 2128/2128
f 2129/2129 2130/2130 2131/2131
f 2132/2132 2133/2133 2134/2134 2135/2135
f 2136/2136 2137/2137 2138/2138 2139/2139
f 2140/2140 2141/2141 2142/2142
f 2143/2143 2144/2144 2145/2145
f 2146/2146 2147/2147 2148/2148 2149/2149
f 2150/2150 2151/2151 2152/2152 2153/2153
f 2154/2154 2155/2155 2156/2156
f 2157/2157 2158/2158 2159/2159
f 2160/2160 2161/2161 2162/2162 2163/2163
f 2164/2164 2165/2165 2166/2166 2167/2167
f 2168/2168 2169/2169 2170/2170
f 2171/2171 2172/2172 2173/2173
f 2174/2174 2175/2175 2176/2176 2177/2177
f 2178/2178 2179/2179 2180/2180 2181/2181
f 2182/2182 2183/2183 2184/2184
f 2185/2185 2186/2186 2187/2187
f 2188/2188 2189/2189 2190/2190 2191/2191
f 2192/2192 2193/2193 2194/2194 2195/2195
f 2196/2196 2197/2197 2198/2198
f 2199/2199 2200/2200 2201/2201
f 2202/2202 2203/2203 2204/2204 2205/2205
f 2206/2206 2207/2207 2208/2208 2209/2209
f 2210/2210 2211/2211 2212/2212
f 2213/2213 2214/2214 2215/2215
f 2216/2216 2217/2217 2218/2218 2219/2219
f 2220/2220 2221/2221 2222/2222 2223/2223
f 2224/2224 2225/2225 2226/2226
f 2227/2227 2228/2228 2229/2229
f 2230/2230 2231/2231 2232/2232 2233/2233
f 2234/2234 2235/2235 2236/2236 2237/2237
f 2238/2238 2239/2239 2240/2240
f 2241/2241 2242/2242 2243/2243
f 2244/2244 2245/2245 2246/2246 2247/2247
f 2248/2248 2249/2249 2250/2250 2251/2251
f 2252/2252 2253/2253 2254/2254
f 2255/2255 2256/2256 2257/2257
f 2258/2258 2259/2259 2260/2260 2261/2261
f 2262/2262 2263/2263 2264/2264 2265/2265
f 2266/2266 2267/2267 2268/2268
f 2269/2269 2270/2270 2271/2271
f 2272/2272 2273/2273 2274/2274 2275/2275
f 2276/2276 2277/2277 2278/2278 2279/2279
f 2280/2280 2281/2281 2282/2282
f 2283/2283 2284/2284 2285/2285
f 2286/2286 2287/2287 2288/2288 2289/2289
f 2290/2290 2291/2291 2292/2292 2293/2293
f 2294/2294 2295/2295 2296/2296
f 2297/2297 2298/2298 2299/2299
f 2300/2300 2301/2301 2302/2302 2303/2303
f 2304/2304 2305/2305 2306/2306 2307/2307
f 2308/2308 2309/2309 2310/2310
f 2311/2311 2312/2312 2313/2313
f 2314/2314 2315/2315 2316/2316 2317/2317
f 2318/2318 2319/2319 2320/2320 2321/2321
f 2322/2322 2323/2323 2324/2324
f 2325/2325 2326/2326 2327/2327
f 2328/2328 2329/2329 2330/2330 2331/2331
f 2332/2332 2333/2333 2334/2334 2335/2335
f 2336/2336 2337/2337 2338/2338
f 2339/2339 2340/2340 2341/2341
f 2342/2342 2343/2343 2344/2344 2345/2345
f 2346/2346 2347/2347 2348/2348 2349/2349
f 2350/2350 2351/2351 2352/2352
f 2353/2353 2354/2354 2355/2355
f 2356/2356 2357/2357 2358/2358 2359/2359
f 2360/2360 2361/2361 2362/2362 2363/2363
f 2364/2364 2365/2365 2366/2366
f 2367/2367 2368/2368 2369/2369
f 2370/2370 2371/2371 2372/2372 2373/2373
f 2374/2374 2375/2375 2376/2376 2377/2377
f 2378/2378 2379/2379 2380/2380
f 2381/2381 2382/2382 2383/2383
f 2384/2384 2385/2385 2386/2386 2387/2387
f 2388/2388 2389/2389 2390/2390 2391/2391
f 2392/2392 2393/2393 2394/2394
f 2395/2395 2396/2396 2397/2397
f 2398/2398 2399/2399 2400/2400 2401/2401
f 2402/2402 2403/2403 2404/2404 2405/2405
f 2406/2406 2407/2407 2408/2408
