# Modelo original generado para Caelum Argenteum.
# Ejes OBJ: X ancho, Y altura, Z profundidad.
o ca_tree_coast_willow
v 0.000000 0.051910 -10.999878
v -7.069404 0.173207 -8.425765
v -3.937089 49.959513 -5.578578
v 0.940800 49.875818 -7.354715
v 0.000000 0.000000 0.000000
v -7.069404 0.173207 -8.425765
v 0.000000 0.051910 -10.999878
v -7.069404 0.173207 -8.425765
v -10.830956 0.213459 -1.909144
v -6.532560 49.987287 -1.082109
v -3.937089 49.959513 -5.578578
v 0.000000 0.000000 0.000000
v -10.830956 0.213459 -1.909144
v -7.069404 0.173207 -8.425765
v -10.830956 0.213459 -1.909144
v -9.524583 0.153831 5.500787
v -5.631162 49.946143 4.030743
v -6.532560 49.987287 -1.082109
v 0.000000 0.000000 0.000000
v -9.524583 0.153831 5.500787
v -10.830956 0.213459 -1.909144
v -9.524583 0.153831 5.500787
v -3.761551 0.022224 10.336839
v -1.654671 49.855335 7.367619
v -5.631162 49.946143 4.030743
v 0.000000 0.000000 0.000000
v -3.761551 0.022224 10.336839
v -9.524583 0.153831 5.500787
v -3.761551 0.022224 10.336839
v 3.761551 -0.119782 10.336169
v 3.536271 49.757350 7.367156
v -1.654671 49.855335 7.367619
v 0.000000 0.000000 0.000000
v 3.761551 -0.119782 10.336169
v -3.761551 0.022224 10.336839
v 3.761551 -0.119782 10.336169
v 9.524583 -0.205741 5.499090
v 7.512762 49.698039 4.029572
v 3.536271 49.757350 7.367156
v 0.000000 0.000000 0.000000
v 9.524583 -0.205741 5.499090
v 3.761551 -0.119782 10.336169
v 9.524583 -0.205741 5.499090
v 10.830956 -0.195431 -1.911073
v 8.414160 49.705153 -1.083441
v 7.512762 49.698039 4.029572
v 0.000000 0.000000 0.000000
v 10.830956 -0.195431 -1.911073
v 9.524583 -0.205741 5.499090
v 10.830956 -0.195431 -1.911073
v 7.069404 -0.093677 -8.427025
v 5.818689 49.775363 -5.579447
v 8.414160 49.705153 -1.083441
v 0.000000 0.000000 0.000000
v 7.069404 -0.093677 -8.427025
v 10.830956 -0.195431 -1.911073
v 7.069404 -0.093677 -8.427025
v 0.000000 0.051910 -10.999878
v 0.940800 49.875818 -7.354715
v 5.818689 49.775363 -5.579447
v 0.000000 0.000000 0.000000
v 0.000000 0.051910 -10.999878
v 7.069404 -0.093677 -8.427025
v 0.033503 49.990516 -7.298873
v -4.590875 50.208233 -4.948725
v 0.198370 92.762795 -2.043715
v 2.745129 92.642893 -3.338000
v -4.590875 50.208233 -4.948725
v -6.626921 50.253650 -0.172960
v -0.922930 92.787807 0.586416
v 0.198370 92.762795 -2.043715
v -6.626921 50.253650 -0.172960
v -5.121946 50.105515 4.793787
v -0.094103 92.706226 3.321726
v -0.922930 92.787807 0.586416
v -5.121946 50.105515 4.793787
v -0.780145 49.833143 7.627521
v 2.297033 92.556224 4.882333
v -0.094103 92.706226 3.321726
v -0.780145 49.833143 7.627521
v 4.366906 49.563979 7.002305
v 5.131641 92.407989 4.538012
v 2.297033 92.556224 4.882333
v 4.366906 49.563979 7.002305
v 7.910843 49.423969 3.210686
v 7.083374 92.330881 2.449873
v 5.131641 92.407989 4.538012
v 7.910843 49.423969 3.210686
v 8.193420 49.478624 -1.973196
v 7.238996 92.360981 -0.405018
v 7.083374 92.330881 2.449873
v 8.193420 49.478624 -1.973196
v 5.082415 49.702371 -6.123745
v 5.525689 92.484204 -2.690828
v 7.238996 92.360981 -0.405018
v 5.082415 49.702371 -6.123745
v 0.033503 49.990516 -7.298873
v 2.745129 92.642893 -3.338000
v 5.525689 92.484204 -2.690828
v 2.254545 92.724878 -3.246461
v -0.114842 92.887014 -1.654215
v 5.261119 124.660240 1.015845
v 5.697585 124.630372 0.722536
v 5.880000 124.600000 1.470000
v 5.697585 124.630372 0.722536
v 5.261119 124.660240 1.015845
v -0.114842 92.887014 -1.654215
v -0.912215 92.896137 1.091626
v 5.114234 124.661920 1.521657
v 5.261119 124.660240 1.015845
v 5.880000 124.600000 1.470000
v 5.261119 124.660240 1.015845
v 5.114234 124.661920 1.521657
v -0.912215 92.896137 1.091626
v 0.235525 92.747977 3.706253
v 5.325660 124.634627 2.003299
v 5.114234 124.661920 1.521657
v 5.880000 124.600000 1.470000
v 5.114234 124.661920 1.521657
v 5.325660 124.634627 2.003299
v 0.235525 92.747977 3.706253
v 2.791339 92.511861 4.966252
v 5.796468 124.591132 2.235404
v 5.325660 124.634627 2.003299
v 5.880000 124.600000 1.470000
v 5.325660 124.634627 2.003299
v 5.796468 124.591132 2.235404
v 2.791339 92.511861 4.966252
v 5.559332 92.298269 4.282056
v 6.306361 124.551786 2.109368
v 5.796468 124.591132 2.235404
v 5.880000 124.600000 1.470000
v 5.796468 124.591132 2.235404
v 6.306361 124.551786 2.109368
v 5.559332 92.298269 4.282056
v 7.244329 92.207145 1.973808
v 6.616755 124.535000 1.684165
v 6.306361 124.551786 2.109368
v 5.880000 124.600000 1.470000
v 6.306361 124.551786 2.109368
v 6.616755 124.535000 1.684165
v 7.244329 92.207145 1.973808
v 7.057903 92.281125 -0.878437
v 6.582414 124.548628 1.158751
v 6.616755 124.535000 1.684165
v 5.880000 124.600000 1.470000
v 6.616755 124.535000 1.684165
v 6.582414 124.548628 1.158751
v 7.057903 92.281125 -0.878437
v 5.087283 92.485594 -2.940082
v 6.219405 124.586294 0.778974
v 6.582414 124.548628 1.158751
v 5.880000 124.600000 1.470000
v 6.582414 124.548628 1.158751
v 6.219405 124.586294 0.778974
v 5.087283 92.485594 -2.940082
v 2.254545 92.724878 -3.246461
v 5.697585 124.630372 0.722536
v 6.219405 124.586294 0.778974
v 5.880000 124.600000 1.470000
v 6.219405 124.586294 0.778974
v 5.697585 124.630372 0.722536
v 3.290610 93.834497 -1.368872
v 1.939946 94.906395 0.120477
v 31.538284 119.742208 7.955265
v 32.011017 119.367044 7.433993
v 3.290610 93.211086 0.822652
v 1.939946 94.906395 0.120477
v 3.290610 93.834497 -1.368872
v 1.939946 94.906395 0.120477
v 1.939946 94.282985 2.312001
v 31.538284 119.524015 8.722298
v 31.538284 119.742208 7.955265
v 3.290610 93.211086 0.822652
v 1.939946 94.282985 2.312001
v 1.939946 94.906395 0.120477
v 1.939946 94.282985 2.312001
v 3.290610 92.587675 3.014177
v 32.011017 118.930656 8.968060
v 31.538284 119.524015 8.722298
v 3.290610 93.211086 0.822652
v 3.290610 92.587675 3.014177
v 1.939946 94.282985 2.312001
v 3.290610 92.587675 3.014177
v 4.641274 91.515776 1.524828
v 32.483749 118.555492 8.446788
v 32.011017 118.930656 8.968060
v 3.290610 93.211086 0.822652
v 4.641274 91.515776 1.524828
v 3.290610 92.587675 3.014177
v 4.641274 91.515776 1.524828
v 4.641274 92.139187 -0.666696
v 32.483749 118.773685 7.679754
v 32.483749 118.555492 8.446788
v 3.290610 93.211086 0.822652
v 4.641274 92.139187 -0.666696
v 4.641274 91.515776 1.524828
v 4.641274 92.139187 -0.666696
v 3.290610 93.834497 -1.368872
v 32.011017 119.367044 7.433993
v 32.483749 118.773685 7.679754
v 3.290610 93.211086 0.822652
v 3.290610 93.834497 -1.368872
v 4.641274 92.139187 -0.666696
v 31.949271 119.458033 7.468536
v 31.536678 119.776778 8.071957
v 63.805584 143.978301 16.373450
v 63.451933 144.251511 16.890668
v 63.399008 144.516525 16.262819
v 63.451933 144.251511 16.890668
v 63.805584 143.978301 16.373450
v 31.536678 119.776778 8.071957
v 31.598423 119.467595 8.804448
v 63.752660 144.243315 15.745601
v 63.805584 143.978301 16.373450
v 63.399008 144.516525 16.262819
v 63.805584 143.978301 16.373450
v 63.752660 144.243315 15.745601
v 31.598423 119.467595 8.804448
v 32.072762 118.839667 8.933517
v 63.346084 144.781538 15.634970
v 63.752660 144.243315 15.745601
v 63.399008 144.516525 16.262819
v 63.752660 144.243315 15.745601
v 63.346084 144.781538 15.634970
v 32.072762 118.839667 8.933517
v 32.485355 118.520922 8.330096
v 62.992432 145.054748 16.152188
v 63.346084 144.781538 15.634970
v 63.399008 144.516525 16.262819
v 63.346084 144.781538 15.634970
v 62.992432 145.054748 16.152188
v 32.485355 118.520922 8.330096
v 32.423610 118.830105 7.597605
v 63.045357 144.789735 16.780037
v 62.992432 145.054748 16.152188
v 63.399008 144.516525 16.262819
v 62.992432 145.054748 16.152188
v 63.045357 144.789735 16.780037
v 32.423610 118.830105 7.597605
v 31.949271 119.458033 7.468536
v 63.451933 144.251511 16.890668
v 63.045357 144.789735 16.780037
v 63.399008 144.516525 16.262819
v 63.045357 144.789735 16.780037
v 63.451933 144.251511 16.890668
v 2.821027 87.845289 -1.780948
v 0.529853 87.993136 0.031277
v 17.151926 114.174563 17.376072
v 17.953837 114.122816 16.741794
v 2.821027 86.304419 0.705257
v 0.529853 87.993136 0.031277
v 2.821027 87.845289 -1.780948
v 0.529853 87.993136 0.031277
v 0.529853 86.452266 2.517481
v 17.151926 113.635258 18.246244
v 17.151926 114.174563 17.376072
v 2.821027 86.304419 0.705257
v 0.529853 86.452266 2.517481
v 0.529853 87.993136 0.031277
v 0.529853 86.452266 2.517481
v 2.821027 84.763548 3.191462
v 17.953837 113.044207 18.482137
v 17.151926 113.635258 18.246244
v 2.821027 86.304419 0.705257
v 2.821027 84.763548 3.191462
v 0.529853 86.452266 2.517481
v 2.821027 84.763548 3.191462
v 5.112201 84.615701 1.379237
v 18.755748 112.992460 17.847858
v 17.953837 113.044207 18.482137
v 2.821027 86.304419 0.705257
v 5.112201 84.615701 1.379237
v 2.821027 84.763548 3.191462
v 5.112201 84.615701 1.379237
v 5.112201 86.156571 -1.106968
v 18.755748 113.531765 16.977687
v 18.755748 112.992460 17.847858
v 2.821027 86.304419 0.705257
v 5.112201 86.156571 -1.106968
v 5.112201 84.615701 1.379237
v 5.112201 86.156571 -1.106968
v 2.821027 87.845289 -1.780948
v 17.953837 114.122816 16.741794
v 18.755748 113.531765 16.977687
v 2.821027 86.304419 0.705257
v 2.821027 87.845289 -1.780948
v 5.112201 86.156571 -1.106968
v 17.843537 114.172528 16.781941
v 17.106488 114.145327 17.491918
v 35.309099 142.108520 36.089236
v 34.677343 142.085204 36.697787
v 34.582800 142.590076 35.986338
v 34.677343 142.085204 36.697787
v 35.309099 142.108520 36.089236
v 17.106488 114.145327 17.491918
v 17.216789 113.556310 18.321942
v 35.214556 142.613392 35.377786
v 35.309099 142.108520 36.089236
v 34.582800 142.590076 35.986338
v 35.309099 142.108520 36.089236
v 35.214556 142.613392 35.377786
v 17.216789 113.556310 18.321942
v 18.064138 112.994494 18.441990
v 34.488257 143.094948 35.274888
v 35.214556 142.613392 35.377786
v 34.582800 142.590076 35.986338
v 35.214556 142.613392 35.377786
v 34.488257 143.094948 35.274888
v 18.064138 112.994494 18.441990
v 18.801186 113.021696 17.732013
v 33.856501 143.071632 35.883440
v 34.488257 143.094948 35.274888
v 34.582800 142.590076 35.986338
v 34.488257 143.094948 35.274888
v 33.856501 143.071632 35.883440
v 18.801186 113.021696 17.732013
v 18.690886 113.610713 16.901988
v 33.951044 142.566760 36.594889
v 33.856501 143.071632 35.883440
v 34.582800 142.590076 35.986338
v 33.856501 143.071632 35.883440
v 33.951044 142.566760 36.594889
v 18.690886 113.610713 16.901988
v 17.843537 114.172528 16.781941
v 34.677343 142.085204 36.697787
v 33.951044 142.566760 36.594889
v 34.582800 142.590076 35.986338
v 33.951044 142.566760 36.594889
v 34.677343 142.085204 36.697787
v 5.159325 118.951544 0.256475
v 3.052524 117.975145 1.080492
v 10.050047 131.844520 33.011090
v 10.787427 132.186260 32.722684
v 5.159325 116.714773 1.289831
v 3.052524 117.975145 1.080492
v 5.159325 118.951544 0.256475
v 3.052524 117.975145 1.080492
v 3.052524 115.738374 2.113849
v 10.050047 131.061650 33.372765
v 10.050047 131.844520 33.011090
v 5.159325 116.714773 1.289831
v 3.052524 115.738374 2.113849
v 3.052524 117.975145 1.080492
v 3.052524 115.738374 2.113849
v 5.159325 114.478002 2.323188
v 10.787427 130.620520 33.446034
v 10.050047 131.061650 33.372765
v 5.159325 116.714773 1.289831
v 5.159325 114.478002 2.323188
v 3.052524 115.738374 2.113849
v 5.159325 114.478002 2.323188
v 7.266126 115.454401 1.499170
v 11.524807 130.962260 33.157627
v 10.787427 130.620520 33.446034
v 5.159325 116.714773 1.289831
v 7.266126 115.454401 1.499170
v 5.159325 114.478002 2.323188
v 7.266126 115.454401 1.499170
v 7.266126 117.691172 0.465814
v 11.524807 131.745130 32.795953
v 11.524807 130.962260 33.157627
v 5.159325 116.714773 1.289831
v 7.266126 117.691172 0.465814
v 7.266126 115.454401 1.499170
v 7.266126 117.691172 0.465814
v 5.159325 118.951544 0.256475
v 10.787427 132.186260 32.722684
v 11.524807 131.745130 32.795953
v 5.159325 116.714773 1.289831
v 5.159325 118.951544 0.256475
v 7.266126 117.691172 0.465814
v 10.685875 132.237024 32.888308
v 10.007282 131.766990 33.137857
v 17.983176 140.012535 67.590061
v 17.401525 139.609649 67.803959
v 17.314481 140.324193 67.635916
v 17.401525 139.609649 67.803959
v 17.983176 140.012535 67.590061
v 10.007282 131.766990 33.137857
v 10.108834 130.933357 33.333907
v 17.896132 140.727078 67.422018
v 17.983176 140.012535 67.590061
v 17.314481 140.324193 67.635916
v 17.983176 140.012535 67.590061
v 17.896132 140.727078 67.422018
v 10.108834 130.933357 33.333907
v 10.888979 130.569756 33.280409
v 17.227436 141.038736 67.467873
v 17.896132 140.727078 67.422018
v 17.314481 140.324193 67.635916
v 17.896132 140.727078 67.422018
v 17.227436 141.038736 67.467873
v 10.888979 130.569756 33.280409
v 11.567572 131.039789 33.030861
v 16.645785 140.635850 67.681772
v 17.227436 141.038736 67.467873
v 17.314481 140.324193 67.635916
v 17.227436 141.038736 67.467873
v 16.645785 140.635850 67.681772
v 11.567572 131.039789 33.030861
v 11.466020 131.873423 32.834810
v 16.732830 139.921307 67.849815
v 16.645785 140.635850 67.681772
v 17.314481 140.324193 67.635916
v 16.645785 140.635850 67.681772
v 16.732830 139.921307 67.849815
v 11.466020 131.873423 32.834810
v 10.685875 132.237024 32.888308
v 17.401525 139.609649 67.803959
v 16.732830 139.921307 67.849815
v 17.314481 140.324193 67.635916
v 16.732830 139.921307 67.849815
v 17.401525 139.609649 67.803959
v 4.364770 110.222929 -0.163796
v 1.954632 108.288107 -0.678624
v -11.815678 119.555407 27.639152
v -10.972129 120.232595 27.819342
v 4.364770 107.351979 1.091192
v 1.954632 108.288107 -0.678624
v 4.364770 110.222929 -0.163796
v 1.954632 108.288107 -0.678624
v 1.954632 105.417157 0.576365
v -11.815678 118.550575 28.078398
v -11.815678 119.555407 27.639152
v 4.364770 107.351979 1.091192
v 1.954632 105.417157 0.576365
v 1.954632 108.288107 -0.678624
v 1.954632 105.417157 0.576365
v 4.364770 104.481029 2.346181
v -10.972129 118.222930 28.697834
v -11.815678 118.550575 28.078398
v 4.364770 107.351979 1.091192
v 4.364770 104.481029 2.346181
v 1.954632 105.417157 0.576365
v 4.364770 104.481029 2.346181
v 6.774908 106.415851 2.861009
v -10.128581 118.900118 28.878024
v -10.972129 118.222930 28.697834
v 4.364770 107.351979 1.091192
v 6.774908 106.415851 2.861009
v 4.364770 104.481029 2.346181
v 6.774908 106.415851 2.861009
v 6.774908 109.286801 1.606020
v -10.128581 119.904950 28.438777
v -10.128581 118.900118 28.878024
v 4.364770 107.351979 1.091192
v 6.774908 109.286801 1.606020
v 6.774908 106.415851 2.861009
v 6.774908 109.286801 1.606020
v 4.364770 110.222929 -0.163796
v -10.972129 120.232595 27.819342
v -10.128581 119.904950 28.438777
v 4.364770 107.351979 1.091192
v 4.364770 110.222929 -0.163796
v 6.774908 109.286801 1.606020
v -11.087549 120.288779 28.006500
v -11.858806 119.567721 27.710082
v -26.463364 124.182744 58.251013
v -27.124441 123.564694 57.996941
v -27.223372 124.474137 57.780866
v -27.124441 123.564694 57.996941
v -26.463364 124.182744 58.251013
v -11.858806 119.567721 27.710082
v -11.743386 118.506705 27.962170
v -26.562295 125.092186 58.034938
v -26.463364 124.182744 58.251013
v -27.223372 124.474137 57.780866
v -26.463364 124.182744 58.251013
v -26.562295 125.092186 58.034938
v -11.743386 118.506705 27.962170
v -10.856710 118.166746 28.510675
v -27.322304 125.383579 57.564790
v -26.562295 125.092186 58.034938
v -27.223372 124.474137 57.780866
v -26.562295 125.092186 58.034938
v -27.322304 125.383579 57.564790
v -10.856710 118.166746 28.510675
v -10.085453 118.887804 28.807094
v -27.983381 124.765530 57.310718
v -27.322304 125.383579 57.564790
v -27.223372 124.474137 57.780866
v -27.322304 125.383579 57.564790
v -27.983381 124.765530 57.310718
v -10.085453 118.887804 28.807094
v -10.200872 119.948821 28.555006
v -27.884450 123.856087 57.526793
v -27.983381 124.765530 57.310718
v -27.223372 124.474137 57.780866
v -27.983381 124.765530 57.310718
v -27.884450 123.856087 57.526793
v -10.200872 119.948821 28.555006
v -11.087549 120.288779 28.006500
v -27.124441 123.564694 57.996941
v -27.884450 123.856087 57.526793
v -27.223372 124.474137 57.780866
v -27.884450 123.856087 57.526793
v -27.124441 123.564694 57.996941
v 3.165687 90.661951 -1.893001
v 1.866062 89.083271 0.006102
v -29.214330 110.192335 -5.048611
v -28.759462 110.744873 -5.713297
v 3.165687 91.424658 0.791422
v 1.866062 89.083271 0.006102
v 3.165687 90.661951 -1.893001
v 1.866062 89.083271 0.006102
v 1.866062 89.845978 2.690525
v -29.214330 110.459283 -4.109063
v -29.214330 110.192335 -5.048611
v 3.165687 91.424658 0.791422
v 1.866062 89.845978 2.690525
v 1.866062 89.083271 0.006102
v 1.866062 89.845978 2.690525
v 3.165687 92.187366 3.475845
v -28.759462 111.278768 -3.834201
v -29.214330 110.459283 -4.109063
v 3.165687 91.424658 0.791422
v 3.165687 92.187366 3.475845
v 1.866062 89.845978 2.690525
v 3.165687 92.187366 3.475845
v 4.465311 93.766046 1.576742
v -28.304593 111.831307 -4.498887
v -28.759462 111.278768 -3.834201
v 3.165687 91.424658 0.791422
v 4.465311 93.766046 1.576742
v 3.165687 92.187366 3.475845
v 4.465311 93.766046 1.576742
v 4.465311 93.003339 -1.107681
v -28.304593 111.564359 -5.438435
v -28.304593 111.831307 -4.498887
v 3.165687 91.424658 0.791422
v 4.465311 93.003339 -1.107681
v 4.465311 93.766046 1.576742
v 4.465311 93.003339 -1.107681
v 3.165687 90.661951 -1.893001
v -28.759462 110.744873 -5.713297
v -28.304593 111.564359 -5.438435
v 3.165687 91.424658 0.791422
v 3.165687 90.661951 -1.893001
v 4.465311 93.003339 -1.107681
v -28.641423 110.905504 -5.737478
v -29.062162 110.195070 -5.215679
v -62.821775 127.658536 -10.357934
v -63.182408 127.049593 -9.910677
v -63.081232 126.958464 -10.736731
v -63.182408 127.049593 -9.910677
v -62.821775 127.658536 -10.357934
v -29.062162 110.195070 -5.215679
v -29.180201 110.301388 -4.251949
v -62.720599 127.567407 -11.183988
v -62.821775 127.658536 -10.357934
v -63.081232 126.958464 -10.736731
v -62.821775 127.658536 -10.357934
v -62.720599 127.567407 -11.183988
v -29.180201 110.301388 -4.251949
v -28.877501 111.118138 -3.810019
v -62.980056 126.867335 -11.562785
v -62.720599 127.567407 -11.183988
v -63.081232 126.958464 -10.736731
v -62.720599 127.567407 -11.183988
v -62.980056 126.867335 -11.562785
v -28.877501 111.118138 -3.810019
v -28.456762 111.828572 -4.331818
v -63.340690 126.258392 -11.115529
v -62.980056 126.867335 -11.562785
v -63.081232 126.958464 -10.736731
v -62.980056 126.867335 -11.562785
v -63.340690 126.258392 -11.115529
v -28.456762 111.828572 -4.331818
v -28.338723 111.722254 -5.295548
v -63.441866 126.349521 -10.289475
v -63.340690 126.258392 -11.115529
v -63.081232 126.958464 -10.736731
v -63.340690 126.258392 -11.115529
v -63.441866 126.349521 -10.289475
v -28.338723 111.722254 -5.295548
v -28.641423 110.905504 -5.737478
v -63.182408 127.049593 -9.910677
v -63.441866 126.349521 -10.289475
v -63.081232 126.958464 -10.736731
v -63.441866 126.349521 -10.289475
v -63.182408 127.049593 -9.910677
v 4.259027 104.586260 -0.618904
v 2.534229 104.662755 0.787460
v -8.647777 124.160884 -15.132867
v -8.044098 124.134111 -15.625094
v 4.259027 106.043630 1.064757
v 2.534229 104.662755 0.787460
v 4.259027 104.586260 -0.618904
v 2.534229 104.662755 0.787460
v 2.534229 106.120124 2.471120
v -8.647777 124.670963 -14.543586
v -8.647777 124.160884 -15.132867
v 4.259027 106.043630 1.064757
v 2.534229 106.120124 2.471120
v 2.534229 104.662755 0.787460
v 2.534229 106.120124 2.471120
v 4.259027 107.500999 2.748417
v -8.044098 125.154269 -14.446532
v -8.647777 124.670963 -14.543586
v 4.259027 106.043630 1.064757
v 4.259027 107.500999 2.748417
v 2.534229 106.120124 2.471120
v 4.259027 107.500999 2.748417
v 5.983825 107.424505 1.342054
v -7.440418 125.127496 -14.938759
v -8.044098 125.154269 -14.446532
v 4.259027 106.043630 1.064757
v 5.983825 107.424505 1.342054
v 4.259027 107.500999 2.748417
v 5.983825 107.424505 1.342054
v 5.983825 105.967135 -0.341607
v -7.440418 124.617417 -15.528040
v -7.440418 125.127496 -14.938759
v 4.259027 106.043630 1.064757
v 5.983825 105.967135 -0.341607
v 5.983825 107.424505 1.342054
v 5.983825 105.967135 -0.341607
v 4.259027 104.586260 -0.618904
v -8.044098 124.134111 -15.625094
v -7.440418 124.617417 -15.528040
v 4.259027 106.043630 1.064757
v 4.259027 104.586260 -0.618904
v 5.983825 105.967135 -0.341607
v -8.127191 124.084645 -15.571946
v -8.682439 124.197029 -15.036686
v -20.470415 143.581493 -32.388620
v -20.946341 143.677822 -31.929826
v -21.017564 143.198212 -32.389368
v -20.946341 143.677822 -31.929826
v -20.470415 143.581493 -32.388620
v -8.682439 124.197029 -15.036686
v -8.599345 124.756574 -14.500553
v -20.541638 143.101883 -32.848162
v -20.470415 143.581493 -32.388620
v -21.017564 143.198212 -32.389368
v -20.470415 143.581493 -32.388620
v -20.541638 143.101883 -32.848162
v -8.599345 124.756574 -14.500553
v -7.961004 125.203735 -14.499681
v -21.088787 142.718602 -32.848910
v -20.541638 143.101883 -32.848162
v -21.017564 143.198212 -32.389368
v -20.541638 143.101883 -32.848162
v -21.088787 142.718602 -32.848910
v -7.961004 125.203735 -14.499681
v -7.405757 125.091351 -15.034941
v -21.564714 142.814931 -32.390116
v -21.088787 142.718602 -32.848910
v -21.017564 143.198212 -32.389368
v -21.088787 142.718602 -32.848910
v -21.564714 142.814931 -32.390116
v -7.405757 125.091351 -15.034941
v -7.488850 124.531806 -15.571073
v -21.493491 143.294541 -31.930574
v -21.564714 142.814931 -32.390116
v -21.017564 143.198212 -32.389368
v -21.564714 142.814931 -32.390116
v -21.493491 143.294541 -31.930574
v -7.488850 124.531806 -15.571073
v -8.127191 124.084645 -15.571946
v -20.946341 143.677822 -31.929826
v -21.493491 143.294541 -31.930574
v -21.017564 143.198212 -32.389368
v -21.493491 143.294541 -31.930574
v -20.946341 143.677822 -31.929826
v 2.437294 78.539335 -1.869455
v -0.128297 79.694674 -0.843620
v 7.138703 111.282969 -21.086769
v 8.036660 110.878601 -21.445811
v 2.437294 80.220126 0.609323
v -0.128297 79.694674 -0.843620
v 2.437294 78.539335 -1.869455
v -0.128297 79.694674 -0.843620
v -0.128297 81.375465 1.635158
v 7.138703 111.871246 -20.219196
v 7.138703 111.282969 -21.086769
v 2.437294 80.220126 0.609323
v -0.128297 81.375465 1.635158
v -0.128297 79.694674 -0.843620
v -0.128297 81.375465 1.635158
v 2.437294 81.900917 3.088102
v 8.036660 112.055154 -19.710666
v 7.138703 111.871246 -20.219196
v 2.437294 80.220126 0.609323
v 2.437294 81.900917 3.088102
v -0.128297 81.375465 1.635158
v 2.437294 81.900917 3.088102
v 5.002885 80.745577 2.062267
v 8.934617 111.650786 -20.069708
v 8.036660 112.055154 -19.710666
v 2.437294 80.220126 0.609323
v 5.002885 80.745577 2.062267
v 2.437294 81.900917 3.088102
v 5.002885 80.745577 2.062267
v 5.002885 79.064786 -0.416511
v 8.934617 111.062509 -20.937280
v 8.934617 111.650786 -20.069708
v 2.437294 80.220126 0.609323
v 5.002885 79.064786 -0.416511
v 5.002885 80.745577 2.062267
v 5.002885 79.064786 -0.416511
v 2.437294 78.539335 -1.869455
v 8.036660 110.878601 -21.445811
v 8.934617 111.062509 -20.937280
v 2.437294 80.220126 0.609323
v 2.437294 78.539335 -1.869455
v 5.002885 79.064786 -0.416511
v 7.912608 110.903341 -21.453332
v 7.083664 111.358372 -21.001059
v 15.122602 145.744116 -43.118236
v 14.412079 146.134142 -42.730573
v 14.305748 145.651111 -43.480653
v 14.412079 146.134142 -42.730573
v 15.122602 145.744116 -43.118236
v 7.083664 111.358372 -21.001059
v 7.207717 111.921908 -20.125965
v 15.016271 145.261084 -43.868316
v 15.122602 145.744116 -43.118236
v 14.305748 145.651111 -43.480653
v 15.122602 145.744116 -43.118236
v 15.016271 145.261084 -43.868316
v 7.207717 111.921908 -20.125965
v 8.160713 112.030414 -19.703145
v 14.199417 145.168079 -44.230734
v 15.016271 145.261084 -43.868316
v 14.305748 145.651111 -43.480653
v 15.016271 145.261084 -43.868316
v 14.199417 145.168079 -44.230734
v 8.160713 112.030414 -19.703145
v 8.989656 111.575383 -20.155418
v 13.488894 145.558106 -43.843071
v 14.199417 145.168079 -44.230734
v 14.305748 145.651111 -43.480653
v 14.199417 145.168079 -44.230734
v 13.488894 145.558106 -43.843071
v 8.989656 111.575383 -20.155418
v 8.865604 111.011847 -21.030512
v 13.595225 146.041137 -43.092990
v 13.488894 145.558106 -43.843071
v 14.305748 145.651111 -43.480653
v 13.488894 145.558106 -43.843071
v 13.595225 146.041137 -43.092990
v 8.865604 111.011847 -21.030512
v 7.912608 110.903341 -21.453332
v 14.412079 146.134142 -42.730573
v 13.595225 146.041137 -43.092990
v 14.305748 145.651111 -43.480653
v 13.595225 146.041137 -43.092990
v 14.412079 146.134142 -42.730573
v 2.395101 78.322040 -1.741108
v 0.276917 79.667201 -0.953362
v 16.959732 114.029278 -17.625243
v 17.701096 113.558472 -17.900954
v 2.395101 79.522729 0.598775
v 0.276917 79.667201 -0.953362
v 2.395101 78.322040 -1.741108
v 0.276917 79.667201 -0.953362
v 0.276917 80.867890 1.386521
v 16.959732 114.449519 -16.806284
v 16.959732 114.029278 -17.625243
v 2.395101 79.522729 0.598775
v 0.276917 80.867890 1.386521
v 0.276917 79.667201 -0.953362
v 0.276917 80.867890 1.386521
v 2.395101 80.723418 2.938658
v 17.701096 114.398954 -16.263036
v 16.959732 114.449519 -16.806284
v 2.395101 79.522729 0.598775
v 2.395101 80.723418 2.938658
v 0.276917 80.867890 1.386521
v 2.395101 80.723418 2.938658
v 4.513285 79.378257 2.150912
v 18.442461 113.928148 -16.538747
v 17.701096 114.398954 -16.263036
v 2.395101 79.522729 0.598775
v 4.513285 79.378257 2.150912
v 2.395101 80.723418 2.938658
v 4.513285 79.378257 2.150912
v 4.513285 78.177567 -0.188970
v 18.442461 113.507906 -17.357706
v 18.442461 113.928148 -16.538747
v 2.395101 79.522729 0.598775
v 4.513285 78.177567 -0.188970
v 4.513285 79.378257 2.150912
v 4.513285 78.177567 -0.188970
v 2.395101 78.322040 -1.741108
v 17.701096 113.558472 -17.900954
v 18.442461 113.507906 -17.357706
v 2.395101 79.522729 0.598775
v 2.395101 78.322040 -1.741108
v 4.513285 78.177567 -0.188970
v 17.598636 113.603143 -17.916109
v 16.913976 114.093943 -17.545094
v 35.156857 151.731028 -35.789324
v 34.570006 152.151713 -35.471311
v 34.482183 151.829796 -36.186265
v 34.570006 152.151713 -35.471311
v 35.156857 151.731028 -35.789324
v 16.913976 114.093943 -17.545094
v 17.016436 114.469513 -16.710980
v 35.069034 151.409110 -36.504278
v 35.156857 151.731028 -35.789324
v 34.482183 151.829796 -36.186265
v 35.156857 151.731028 -35.789324
v 35.069034 151.409110 -36.504278
v 17.016436 114.469513 -16.710980
v 17.803556 114.354283 -16.247882
v 34.394360 151.507879 -36.901220
v 35.069034 151.409110 -36.504278
v 34.482183 151.829796 -36.186265
v 35.069034 151.409110 -36.504278
v 34.394360 151.507879 -36.901220
v 17.803556 114.354283 -16.247882
v 18.488216 113.863483 -16.618897
v 33.807508 151.928565 -36.583207
v 34.394360 151.507879 -36.901220
v 34.482183 151.829796 -36.186265
v 34.394360 151.507879 -36.901220
v 33.807508 151.928565 -36.583207
v 18.488216 113.863483 -16.618897
v 18.385756 113.487913 -17.453010
v 33.895331 152.250482 -35.868252
v 33.807508 151.928565 -36.583207
v 34.482183 151.829796 -36.186265
v 33.807508 151.928565 -36.583207
v 33.895331 152.250482 -35.868252
v 18.385756 113.487913 -17.453010
v 17.598636 113.603143 -17.916109
v 34.570006 152.151713 -35.471311
v 33.895331 152.250482 -35.868252
v 34.482183 151.829796 -36.186265
v 33.895331 152.250482 -35.868252
v 34.570006 152.151713 -35.471311
v 63.399008 130.070218 16.262819
v 76.174770 133.803688 28.295955
v 81.365982 134.291700 16.262819
v 81.365982 134.291700 16.262819
v 76.174770 133.803688 28.295955
v 81.594347 147.065873 33.400505
v 91.042851 147.065873 16.262819
v 91.042851 147.065873 16.262819
v 81.594347 147.065873 33.400505
v 78.488675 160.191277 30.475358
v 83.706771 159.715835 16.262819
v 63.399008 164.061528 16.262819
v 83.706771 159.715835 16.262819
v 78.488675 160.191277 30.475358
v 63.399008 130.070218 16.262819
v 63.399008 134.837913 34.467113
v 76.174770 133.803688 28.295955
v 76.174770 133.803688 28.295955
v 63.399008 134.837913 34.467113
v 63.399008 147.065873 45.979769
v 81.594347 147.065873 33.400505
v 81.594347 147.065873 33.400505
v 63.399008 147.065873 45.979769
v 63.399008 158.126278 35.475775
v 78.488675 160.191277 30.475358
v 63.399008 164.061528 16.262819
v 78.488675 160.191277 30.475358
v 63.399008 158.126278 35.475775
v 63.399008 130.070218 16.262819
v 50.002112 134.662093 28.880985
v 63.399008 134.837913 34.467113
v 63.399008 134.837913 34.467113
v 50.002112 134.662093 28.880985
v 45.919021 147.065873 32.726736
v 63.399008 147.065873 45.979769
v 63.399008 147.065873 45.979769
v 45.919021 147.065873 32.726736
v 50.250575 159.249447 28.646965
v 63.399008 158.126278 35.475775
v 63.399008 164.061528 16.262819
v 63.399008 158.126278 35.475775
v 50.250575 159.249447 28.646965
v 63.399008 130.070218 16.262819
v 43.908325 134.427988 16.262819
v 50.002112 134.662093 28.880985
v 50.002112 134.662093 28.880985
v 43.908325 134.427988 16.262819
v 35.523101 147.065873 16.262819
v 45.919021 147.065873 32.726736
v 45.919021 147.065873 32.726736
v 35.523101 147.065873 16.262819
v 43.355691 158.916516 16.262819
v 50.250575 159.249447 28.646965
v 63.399008 164.061528 16.262819
v 50.250575 159.249447 28.646965
v 43.355691 158.916516 16.262819
v 63.399008 130.070218 16.262819
v 49.634928 135.708360 3.298812
v 43.908325 134.427988 16.262819
v 43.908325 134.427988 16.262819
v 49.634928 135.708360 3.298812
v 47.080128 147.065873 0.892517
v 35.523101 147.065873 16.262819
v 35.523101 147.065873 16.262819
v 47.080128 147.065873 0.892517
v 48.033201 159.804140 1.790190
v 43.355691 158.916516 16.262819
v 63.399008 164.061528 16.262819
v 43.355691 158.916516 16.262819
v 48.033201 159.804140 1.790190
v 63.399008 130.070218 16.262819
v 63.399008 135.811424 -1.716564
v 49.634928 135.708360 3.298812
v 49.634928 135.708360 3.298812
v 63.399008 135.811424 -1.716564
v 63.399008 147.065873 -13.581716
v 47.080128 147.065873 0.892517
v 47.080128 147.065873 0.892517
v 63.399008 147.065873 -13.581716
v 63.399008 157.937407 0.905537
v 48.033201 159.804140 1.790190
v 63.399008 164.061528 16.262819
v 48.033201 159.804140 1.790190
v 63.399008 157.937407 0.905537
v 63.399008 130.070218 16.262819
v 77.989093 133.941573 2.520821
v 63.399008 135.811424 -1.716564
v 63.399008 135.811424 -1.716564
v 77.989093 133.941573 2.520821
v 82.077805 147.065873 -1.330223
v 63.399008 147.065873 -13.581716
v 63.399008 147.065873 -13.581716
v 82.077805 147.065873 -1.330223
v 77.653951 160.339504 2.836483
v 63.399008 157.937407 0.905537
v 63.399008 164.061528 16.262819
v 63.399008 157.937407 0.905537
v 77.653951 160.339504 2.836483
v 63.399008 130.070218 16.262819
v 81.365982 134.291700 16.262819
v 77.989093 133.941573 2.520821
v 77.989093 133.941573 2.520821
v 81.365982 134.291700 16.262819
v 91.042851 147.065873 16.262819
v 82.077805 147.065873 -1.330223
v 82.077805 147.065873 -1.330223
v 91.042851 147.065873 16.262819
v 83.706771 159.715835 16.262819
v 77.653951 160.339504 2.836483
v 63.399008 164.061528 16.262819
v 77.653951 160.339504 2.836483
v 83.706771 159.715835 16.262819
v 34.582800 129.422255 35.986338
v 48.621944 133.567333 50.171096
v 53.929519 133.063533 35.986338
v 53.929519 133.063533 35.986338
v 48.621944 133.567333 50.171096
v 51.080344 144.913809 52.654995
v 59.675745 144.913809 35.986338
v 59.675745 144.913809 35.986338
v 51.080344 144.913809 52.654995
v 49.000952 156.834023 50.554035
v 51.325696 156.300548 35.986338
v 34.582800 160.405363 35.986338
v 51.325696 156.300548 35.986338
v 49.000952 156.834023 50.554035
v 34.582800 129.422255 35.986338
v 34.582800 133.141245 52.875394
v 48.621944 133.567333 50.171096
v 48.621944 133.567333 50.171096
v 34.582800 133.141245 52.875394
v 34.582800 144.913809 63.519088
v 51.080344 144.913809 52.654995
v 51.080344 144.913809 52.654995
v 34.582800 144.913809 63.519088
v 34.582800 156.037968 52.810291
v 49.000952 156.834023 50.554035
v 34.582800 160.405363 35.986338
v 49.000952 156.834023 50.554035
v 34.582800 156.037968 52.810291
v 34.582800 129.422255 35.986338
v 22.299427 132.823595 48.397115
v 34.582800 133.141245 52.875394
v 34.582800 133.141245 52.875394
v 22.299427 132.823595 48.397115
v 16.722430 144.913809 54.031957
v 34.582800 144.913809 63.519088
v 34.582800 144.913809 63.519088
v 16.722430 144.913809 54.031957
v 23.080354 157.192547 47.608088
v 34.582800 156.037968 52.810291
v 34.582800 160.405363 35.986338
v 34.582800 156.037968 52.810291
v 23.080354 157.192547 47.608088
v 34.582800 129.422255 35.986338
v 19.206838 133.056583 35.986338
v 22.299427 132.823595 48.397115
v 22.299427 132.823595 48.397115
v 19.206838 133.056583 35.986338
v 10.828191 144.913809 35.986338
v 16.722430 144.913809 54.031957
v 16.722430 144.913809 54.031957
v 10.828191 144.913809 35.986338
v 15.864324 155.629925 35.986338
v 23.080354 157.192547 47.608088
v 34.582800 160.405363 35.986338
v 23.080354 157.192547 47.608088
v 15.864324 155.629925 35.986338
v 34.582800 129.422255 35.986338
v 20.605460 132.874975 21.864023
v 19.206838 133.056583 35.986338
v 19.206838 133.056583 35.986338
v 20.605460 132.874975 21.864023
v 18.663580 144.913809 19.902002
v 10.828191 144.913809 35.986338
v 10.828191 144.913809 35.986338
v 18.663580 144.913809 19.902002
v 20.187854 154.774043 21.442086
v 15.864324 155.629925 35.986338
v 34.582800 160.405363 35.986338
v 15.864324 155.629925 35.986338
v 20.187854 154.774043 21.442086
v 34.582800 129.422255 35.986338
v 34.582800 132.611324 15.457838
v 20.605460 132.874975 21.864023
v 20.605460 132.874975 21.864023
v 34.582800 132.611324 15.457838
v 34.582800 144.913809 7.746873
v 18.663580 144.913809 19.902002
v 18.663580 144.913809 19.902002
v 34.582800 144.913809 7.746873
v 34.582800 154.210678 16.435983
v 20.187854 154.774043 21.442086
v 34.582800 160.405363 35.986338
v 20.187854 154.774043 21.442086
v 34.582800 154.210678 16.435983
v 34.582800 129.422255 35.986338
v 48.070625 135.603282 22.358616
v 34.582800 132.611324 15.457838
v 34.582800 132.611324 15.457838
v 48.070625 135.603282 22.358616
v 53.268399 144.913809 17.106930
v 34.582800 144.913809 7.746873
v 34.582800 144.913809 7.746873
v 53.268399 144.913809 17.106930
v 46.943961 156.550070 23.496966
v 34.582800 154.210678 16.435983
v 34.582800 160.405363 35.986338
v 34.582800 154.210678 16.435983
v 46.943961 156.550070 23.496966
v 34.582800 129.422255 35.986338
v 53.929519 133.063533 35.986338
v 48.070625 135.603282 22.358616
v 48.070625 135.603282 22.358616
v 53.929519 133.063533 35.986338
v 59.675745 144.913809 35.986338
v 53.268399 144.913809 17.106930
v 53.268399 144.913809 17.106930
v 59.675745 144.913809 35.986338
v 51.325696 156.300548 35.986338
v 46.943961 156.550070 23.496966
v 34.582800 160.405363 35.986338
v 46.943961 156.550070 23.496966
v 51.325696 156.300548 35.986338
v 17.314481 124.667211 67.635916
v 30.176289 128.914741 77.720064
v 35.462666 130.125463 67.635916
v 35.462666 130.125463 67.635916
v 30.176289 128.914741 77.720064
v 41.134573 143.087189 86.311776
v 45.343408 143.087189 67.635916
v 45.343408 143.087189 67.635916
v 41.134573 143.087189 86.311776
v 32.776121 157.977164 79.758431
v 36.009479 157.794729 67.635916
v 17.314481 161.507168 67.635916
v 36.009479 157.794729 67.635916
v 32.776121 157.977164 79.758431
v 17.314481 124.667211 67.635916
v 17.314481 128.468120 86.349811
v 30.176289 128.914741 77.720064
v 30.176289 128.914741 77.720064
v 17.314481 128.468120 86.349811
v 17.314481 143.087189 91.941094
v 41.134573 143.087189 86.311776
v 41.134573 143.087189 86.311776
v 17.314481 143.087189 91.941094
v 17.314481 157.209072 85.970247
v 32.776121 157.977164 79.758431
v 17.314481 161.507168 67.635916
v 32.776121 157.977164 79.758431
v 17.314481 157.209072 85.970247
v 17.314481 124.667211 67.635916
v 3.611172 129.413544 78.379832
v 17.314481 128.468120 86.349811
v 17.314481 128.468120 86.349811
v 3.611172 129.413544 78.379832
v -5.760129 143.087189 85.727289
v 17.314481 143.087189 91.941094
v 17.314481 143.087189 91.941094
v -5.760129 143.087189 85.727289
v 0.542313 154.504607 80.785935
v 17.314481 157.209072 85.970247
v 17.314481 161.507168 67.635916
v 17.314481 157.209072 85.970247
v 0.542313 154.504607 80.785935
v 17.314481 124.667211 67.635916
v -5.641633 128.321102 67.635916
v 3.611172 129.413544 78.379832
v 3.611172 129.413544 78.379832
v -5.641633 128.321102 67.635916
v -13.533589 143.087189 67.635916
v -5.760129 143.087189 85.727289
v -5.760129 143.087189 85.727289
v -13.533589 143.087189 67.635916
v -0.687842 155.054406 67.635916
v 0.542313 154.504607 80.785935
v 17.314481 161.507168 67.635916
v 0.542313 154.504607 80.785935
v -0.687842 155.054406 67.635916
v 17.314481 124.667211 67.635916
v 4.133950 130.588705 57.301878
v -5.641633 128.321102 67.635916
v -5.641633 128.321102 67.635916
v 4.133950 130.588705 57.301878
v -2.163543 143.087189 52.364404
v -13.533589 143.087189 67.635916
v -13.533589 143.087189 67.635916
v -2.163543 143.087189 52.364404
v 2.488237 154.071022 56.011576
v -0.687842 155.054406 67.635916
v 17.314481 161.507168 67.635916
v -0.687842 155.054406 67.635916
v 2.488237 154.071022 56.011576
v 17.314481 124.667211 67.635916
v 17.314481 131.535200 50.720072
v 4.133950 130.588705 57.301878
v 4.133950 130.588705 57.301878
v 17.314481 131.535200 50.720072
v 17.314481 143.087189 42.682622
v -2.163543 143.087189 52.364404
v -2.163543 143.087189 52.364404
v 17.314481 143.087189 42.682622
v 17.314481 155.680506 53.660663
v 2.488237 154.071022 56.011576
v 17.314481 161.507168 67.635916
v 2.488237 154.071022 56.011576
v 17.314481 155.680506 53.660663
v 17.314481 124.667211 67.635916
v 33.451084 131.815093 54.984205
v 17.314481 131.535200 50.720072
v 17.314481 131.535200 50.720072
v 33.451084 131.815093 54.984205
v 39.816739 143.087189 49.993289
v 17.314481 143.087189 42.682622
v 17.314481 143.087189 42.682622
v 39.816739 143.087189 49.993289
v 30.905458 154.554010 56.980073
v 17.314481 155.680506 53.660663
v 17.314481 161.507168 67.635916
v 17.314481 155.680506 53.660663
v 30.905458 154.554010 56.980073
v 17.314481 124.667211 67.635916
v 35.462666 130.125463 67.635916
v 33.451084 131.815093 54.984205
v 33.451084 131.815093 54.984205
v 35.462666 130.125463 67.635916
v 45.343408 143.087189 67.635916
v 39.816739 143.087189 49.993289
v 39.816739 143.087189 49.993289
v 45.343408 143.087189 67.635916
v 36.009479 157.794729 67.635916
v 30.905458 154.554010 56.980073
v 17.314481 161.507168 67.635916
v 30.905458 154.554010 56.980073
v 36.009479 157.794729 67.635916
v -27.223372 105.291522 57.780866
v -9.148191 109.549314 73.082973
v 1.749771 111.579595 57.780866
v 1.749771 111.579595 57.780866
v -9.148191 109.549314 73.082973
v 1.931910 127.859304 82.463178
v 12.120138 127.859304 57.780866
v 12.120138 127.859304 57.780866
v 1.931910 127.859304 82.463178
v -10.621316 143.117433 71.835854
v 1.062148 145.218641 57.780866
v -27.223372 150.427086 57.780866
v 1.062148 145.218641 57.780866
v -10.621316 143.117433 71.835854
v -27.223372 105.291522 57.780866
v -27.223372 112.889185 78.072850
v -9.148191 109.549314 73.082973
v -9.148191 109.549314 73.082973
v -27.223372 112.889185 78.072850
v -27.223372 127.859304 85.027228
v 1.931910 127.859304 82.463178
v 1.931910 127.859304 82.463178
v -27.223372 127.859304 85.027228
v -27.223372 142.918288 78.651964
v -10.621316 143.117433 71.835854
v -27.223372 150.427086 57.780866
v -10.621316 143.117433 71.835854
v -27.223372 142.918288 78.651964
v -27.223372 105.291522 57.780866
v -45.320327 114.271911 73.101406
v -27.223372 112.889185 78.072850
v -27.223372 112.889185 78.072850
v -45.320327 114.271911 73.101406
v -55.656772 127.859304 81.852045
v -27.223372 127.859304 85.027228
v -27.223372 127.859304 85.027228
v -55.656772 127.859304 81.852045
v -43.880395 141.878273 71.882387
v -27.223372 142.918288 78.651964
v -27.223372 150.427086 57.780866
v -27.223372 142.918288 78.651964
v -43.880395 141.878273 71.882387
v -27.223372 105.291522 57.780866
v -52.358506 109.757187 57.780866
v -45.320327 114.271911 73.101406
v -45.320327 114.271911 73.101406
v -52.358506 109.757187 57.780866
v -60.718041 127.859304 57.780866
v -55.656772 127.859304 81.852045
v -55.656772 127.859304 81.852045
v -60.718041 127.859304 57.780866
v -51.579999 143.591472 57.780866
v -43.880395 141.878273 71.882387
v -27.223372 150.427086 57.780866
v -43.880395 141.878273 71.882387
v -51.579999 143.591472 57.780866
v -27.223372 105.291522 57.780866
v -45.158481 110.123076 42.597340
v -52.358506 109.757187 57.780866
v -52.358506 109.757187 57.780866
v -45.158481 110.123076 42.597340
v -55.370307 127.859304 33.952201
v -60.718041 127.859304 57.780866
v -60.718041 127.859304 57.780866
v -55.370307 127.859304 33.952201
v -45.585084 145.138059 42.236187
v -51.579999 143.591472 57.780866
v -27.223372 150.427086 57.780866
v -51.579999 143.591472 57.780866
v -45.585084 145.138059 42.236187
v -27.223372 105.291522 57.780866
v -27.223372 112.745771 37.753899
v -45.158481 110.123076 42.597340
v -45.158481 110.123076 42.597340
v -27.223372 112.745771 37.753899
v -27.223372 127.859304 22.407179
v -55.370307 127.859304 33.952201
v -55.370307 127.859304 33.952201
v -27.223372 127.859304 22.407179
v -27.223372 146.348082 34.449541
v -45.585084 145.138059 42.236187
v -27.223372 150.427086 57.780866
v -45.585084 145.138059 42.236187
v -27.223372 146.348082 34.449541
v -27.223372 105.291522 57.780866
v -9.253657 109.582078 42.568043
v -27.223372 112.745771 37.753899
v -27.223372 112.745771 37.753899
v -9.253657 109.582078 42.568043
v -0.456534 127.859304 35.120565
v -27.223372 127.859304 22.407179
v -27.223372 127.859304 22.407179
v -0.456534 127.859304 35.120565
v -7.609443 144.518058 41.176082
v -27.223372 146.348082 34.449541
v -27.223372 150.427086 57.780866
v -27.223372 146.348082 34.449541
v -7.609443 144.518058 41.176082
v -27.223372 105.291522 57.780866
v 1.749771 111.579595 57.780866
v -9.253657 109.582078 42.568043
v -9.253657 109.582078 42.568043
v 1.749771 111.579595 57.780866
v 12.120138 127.859304 57.780866
v -0.456534 127.859304 35.120565
v -0.456534 127.859304 35.120565
v 12.120138 127.859304 57.780866
v 1.062148 145.218641 57.780866
v -7.609443 144.518058 41.176082
v -27.223372 150.427086 57.780866
v -7.609443 144.518058 41.176082
v 1.062148 145.218641 57.780866
v -63.081232 108.057805 -10.736731
v -47.365023 113.029622 3.873219
v -36.436339 113.699022 -10.736731
v -36.436339 113.699022 -10.736731
v -47.365023 113.029622 3.873219
v -37.391407 130.293874 13.144794
v -27.257741 130.293874 -10.736731
v -27.257741 130.293874 -10.736731
v -37.391407 130.293874 13.144794
v -45.169803 145.047924 5.913917
v -40.284667 146.331754 -10.736731
v -63.081232 152.529944 -10.736731
v -40.284667 146.331754 -10.736731
v -45.169803 145.047924 5.913917
v -63.081232 108.057805 -10.736731
v -63.081232 115.184922 9.560557
v -47.365023 113.029622 3.873219
v -47.365023 113.029622 3.873219
v -63.081232 115.184922 9.560557
v -63.081232 130.293874 27.360948
v -37.391407 130.293874 13.144794
v -37.391407 130.293874 13.144794
v -63.081232 130.293874 27.360948
v -63.081232 143.651981 12.793755
v -45.169803 145.047924 5.913917
v -63.081232 152.529944 -10.736731
v -45.169803 145.047924 5.913917
v -63.081232 143.651981 12.793755
v -63.081232 108.057805 -10.736731
v -81.817217 112.902185 6.680433
v -63.081232 115.184922 9.560557
v -63.081232 115.184922 9.560557
v -81.817217 112.902185 6.680433
v -90.414091 130.293874 14.672175
v -63.081232 130.293874 27.360948
v -63.081232 130.293874 27.360948
v -90.414091 130.293874 14.672175
v -78.497941 143.929761 3.594800
v -63.081232 143.651981 12.793755
v -63.081232 152.529944 -10.736731
v -63.081232 143.651981 12.793755
v -78.497941 143.929761 3.594800
v -63.081232 108.057805 -10.736731
v -87.429283 112.472484 -10.736731
v -81.817217 112.902185 6.680433
v -81.817217 112.902185 6.680433
v -87.429283 112.472484 -10.736731
v -96.449528 130.293874 -10.736731
v -90.414091 130.293874 14.672175
v -90.414091 130.293874 14.672175
v -96.449528 130.293874 -10.736731
v -89.371804 143.588264 -10.736731
v -78.497941 143.929761 3.594800
v -63.081232 152.529944 -10.736731
v -78.497941 143.929761 3.594800
v -89.371804 143.588264 -10.736731
v -63.081232 108.057805 -10.736731
v -82.027233 112.983496 -28.349128
v -87.429283 112.472484 -10.736731
v -87.429283 112.472484 -10.736731
v -82.027233 112.983496 -28.349128
v -84.594018 130.293874 -30.735238
v -96.449528 130.293874 -10.736731
v -96.449528 130.293874 -10.736731
v -84.594018 130.293874 -30.735238
v -80.192935 148.473446 -26.643946
v -89.371804 143.588264 -10.736731
v -63.081232 152.529944 -10.736731
v -89.371804 143.588264 -10.736731
v -80.192935 148.473446 -26.643946
v -63.081232 108.057805 -10.736731
v -63.081232 115.546135 -37.724894
v -82.027233 112.983496 -28.349128
v -82.027233 112.983496 -28.349128
v -63.081232 115.546135 -37.724894
v -63.081232 130.293874 -43.505741
v -84.594018 130.293874 -30.735238
v -84.594018 130.293874 -30.735238
v -63.081232 130.293874 -43.505741
v -63.081232 143.941135 -35.172382
v -80.192935 148.473446 -26.643946
v -63.081232 152.529944 -10.736731
v -80.192935 148.473446 -26.643946
v -63.081232 143.941135 -35.172382
v -63.081232 108.057805 -10.736731
v -45.285326 113.511276 -27.279989
v -63.081232 115.546135 -37.724894
v -63.081232 115.546135 -37.724894
v -45.285326 113.511276 -27.279989
v -37.971324 130.293874 -34.079159
v -63.081232 130.293874 -43.505741
v -63.081232 130.293874 -43.505741
v -37.971324 130.293874 -34.079159
v -47.956638 145.919465 -24.796709
v -63.081232 143.941135 -35.172382
v -63.081232 152.529944 -10.736731
v -63.081232 143.941135 -35.172382
v -47.956638 145.919465 -24.796709
v -63.081232 108.057805 -10.736731
v -36.436339 113.699022 -10.736731
v -45.285326 113.511276 -27.279989
v -45.285326 113.511276 -27.279989
v -36.436339 113.699022 -10.736731
v -27.257741 130.293874 -10.736731
v -37.971324 130.293874 -34.079159
v -37.971324 130.293874 -34.079159
v -27.257741 130.293874 -10.736731
v -40.284667 146.331754 -10.736731
v -47.956638 145.919465 -24.796709
v -63.081232 152.529944 -10.736731
v -47.956638 145.919465 -24.796709
v -40.284667 146.331754 -10.736731
v -21.017564 130.141399 -32.389368
v -7.642738 133.540517 -19.266963
v -2.915425 135.398961 -32.389368
v -2.915425 135.398961 -32.389368
v -7.642738 133.540517 -19.266963
v -4.405140 145.502355 -16.090467
v 7.341775 145.502355 -32.389368
v 7.341775 145.502355 -32.389368
v -4.405140 145.502355 -16.090467
v -9.811429 155.192863 -21.394724
v -4.913204 156.242671 -32.389368
v -21.017564 160.863312 -32.389368
v -4.913204 156.242671 -32.389368
v -9.811429 155.192863 -21.394724
v -21.017564 130.141399 -32.389368
v -21.017564 135.647431 -17.119402
v -7.642738 133.540517 -19.266963
v -7.642738 133.540517 -19.266963
v -21.017564 135.647431 -17.119402
v -21.017564 145.502355 -8.450371
v -4.405140 145.502355 -16.090467
v -4.405140 145.502355 -16.090467
v -21.017564 145.502355 -8.450371
v -21.017564 156.167753 -15.514925
v -9.811429 155.192863 -21.394724
v -21.017564 160.863312 -32.389368
v -9.811429 155.192863 -21.394724
v -21.017564 156.167753 -15.514925
v -21.017564 130.141399 -32.389368
v -35.003053 134.759317 -18.667825
v -21.017564 135.647431 -17.119402
v -21.017564 135.647431 -17.119402
v -35.003053 134.759317 -18.667825
v -36.954906 145.502355 -16.752809
v -21.017564 145.502355 -8.450371
v -21.017564 145.502355 -8.450371
v -36.954906 145.502355 -16.752809
v -32.841804 156.933874 -20.788285
v -21.017564 156.167753 -15.514925
v -21.017564 160.863312 -32.389368
v -21.017564 156.167753 -15.514925
v -32.841804 156.933874 -20.788285
v -21.017564 130.141399 -32.389368
v -39.457112 133.994474 -32.389368
v -35.003053 134.759317 -18.667825
v -35.003053 134.759317 -18.667825
v -39.457112 133.994474 -32.389368
v -42.985299 145.502355 -32.389368
v -36.954906 145.502355 -16.752809
v -36.954906 145.502355 -16.752809
v -42.985299 145.502355 -32.389368
v -40.034988 154.681677 -32.389368
v -32.841804 156.933874 -20.788285
v -21.017564 160.863312 -32.389368
v -32.841804 156.933874 -20.788285
v -40.034988 154.681677 -32.389368
v -21.017564 130.141399 -32.389368
v -34.224162 136.302850 -45.346720
v -39.457112 133.994474 -32.389368
v -39.457112 133.994474 -32.389368
v -34.224162 136.302850 -45.346720
v -37.573873 145.502355 -48.633212
v -42.985299 145.502355 -32.389368
v -42.985299 145.502355 -32.389368
v -37.573873 145.502355 -48.633212
v -32.590038 155.800927 -43.743436
v -40.034988 154.681677 -32.389368
v -21.017564 160.863312 -32.389368
v -40.034988 154.681677 -32.389368
v -32.590038 155.800927 -43.743436
v -21.017564 130.141399 -32.389368
v -21.017564 135.403754 -50.740833
v -34.224162 136.302850 -45.346720
v -34.224162 136.302850 -45.346720
v -21.017564 135.403754 -50.740833
v -21.017564 145.502355 -54.143710
v -37.573873 145.502355 -48.633212
v -37.573873 145.502355 -48.633212
v -21.017564 145.502355 -54.143710
v -21.017564 156.067700 -48.735676
v -32.590038 155.800927 -43.743436
v -21.017564 160.863312 -32.389368
v -32.590038 155.800927 -43.743436
v -21.017564 156.067700 -48.735676
v -21.017564 130.141399 -32.389368
v -9.836645 135.642132 -43.359271
v -21.017564 135.403754 -50.740833
v -21.017564 135.403754 -50.740833
v -9.836645 135.642132 -43.359271
v -2.766833 145.502355 -50.295655
v -21.017564 145.502355 -54.143710
v -21.017564 145.502355 -54.143710
v -2.766833 145.502355 -50.295655
v -8.072345 157.351487 -45.090274
v -21.017564 156.067700 -48.735676
v -21.017564 160.863312 -32.389368
v -21.017564 156.067700 -48.735676
v -8.072345 157.351487 -45.090274
v -21.017564 130.141399 -32.389368
v -2.915425 135.398961 -32.389368
v -9.836645 135.642132 -43.359271
v -9.836645 135.642132 -43.359271
v -2.915425 135.398961 -32.389368
v 7.341775 145.502355 -32.389368
v -2.766833 145.502355 -50.295655
v -2.766833 145.502355 -50.295655
v 7.341775 145.502355 -32.389368
v -4.913204 156.242671 -32.389368
v -8.072345 157.351487 -45.090274
v -21.017564 160.863312 -32.389368
v -8.072345 157.351487 -45.090274
v -4.913204 156.242671 -32.389368
v 14.305748 129.447233 -43.480653
v 31.961361 136.565347 -28.752580
v 35.159366 135.451988 -43.480653
v 35.159366 135.451988 -43.480653
v 31.961361 136.565347 -28.752580
v 35.009262 148.510619 -26.210062
v 43.688092 148.510619 -43.480653
v 43.688092 148.510619 -43.480653
v 35.009262 148.510619 -26.210062
v 30.028636 162.765196 -30.364833
v 37.290882 163.460575 -43.480653
v 14.305748 167.574004 -43.480653
v 37.290882 163.460575 -43.480653
v 30.028636 162.765196 -30.364833
v 14.305748 129.447233 -43.480653
v 14.305748 134.714821 -25.024724
v 31.961361 136.565347 -28.752580
v 31.961361 136.565347 -28.752580
v 14.305748 134.714821 -25.024724
v 14.305748 148.510619 -16.712678
v 35.009262 148.510619 -26.210062
v 35.009262 148.510619 -26.210062
v 14.305748 148.510619 -16.712678
v 14.305748 162.312593 -23.242194
v 30.028636 162.765196 -30.364833
v 14.305748 167.574004 -43.480653
v 30.028636 162.765196 -30.364833
v 14.305748 162.312593 -23.242194
v 14.305748 129.447233 -43.480653
v -2.271272 136.375545 -29.652327
v 14.305748 134.714821 -25.024724
v 14.305748 134.714821 -25.024724
v -2.271272 136.375545 -29.652327
v -10.151403 148.510619 -23.078829
v 14.305748 148.510619 -16.712678
v 14.305748 148.510619 -16.712678
v -10.151403 148.510619 -23.078829
v -1.276185 160.731928 -30.482415
v 14.305748 162.312593 -23.242194
v 14.305748 167.574004 -43.480653
v 14.305748 162.312593 -23.242194
v -1.276185 160.731928 -30.482415
v 14.305748 129.447233 -43.480653
v -9.009166 137.046198 -43.480653
v -2.271272 136.375545 -29.652327
v -2.271272 136.375545 -29.652327
v -9.009166 137.046198 -43.480653
v -15.368454 148.510619 -43.480653
v -10.151403 148.510619 -23.078829
v -10.151403 148.510619 -23.078829
v -15.368454 148.510619 -43.480653
v -5.830334 162.262951 -43.480653
v -1.276185 160.731928 -30.482415
v 14.305748 167.574004 -43.480653
v -1.276185 160.731928 -30.482415
v -5.830334 162.262951 -43.480653
v 14.305748 129.447233 -43.480653
v -1.016261 135.613079 -56.262066
v -9.009166 137.046198 -43.480653
v -9.009166 137.046198 -43.480653
v -1.016261 135.613079 -56.262066
v -6.568094 148.510619 -60.893330
v -15.368454 148.510619 -43.480653
v -15.368454 148.510619 -43.480653
v -6.568094 148.510619 -60.893330
v -0.332619 161.471105 -55.691781
v -5.830334 162.262951 -43.480653
v 14.305748 167.574004 -43.480653
v -5.830334 162.262951 -43.480653
v -0.332619 161.471105 -55.691781
v 14.305748 129.447233 -43.480653
v 14.305748 135.089984 -64.204396
v -1.016261 135.613079 -56.262066
v -1.016261 135.613079 -56.262066
v 14.305748 135.089984 -64.204396
v 14.305748 148.510619 -65.083606
v -6.568094 148.510619 -60.893330
v -6.568094 148.510619 -60.893330
v 14.305748 148.510619 -65.083606
v 14.305748 162.887812 -60.328742
v -0.332619 161.471105 -55.691781
v 14.305748 167.574004 -43.480653
v -0.332619 161.471105 -55.691781
v 14.305748 162.887812 -60.328742
v 14.305748 129.447233 -43.480653
v 28.014092 134.033960 -54.915968
v 14.305748 135.089984 -64.204396
v 14.305748 135.089984 -64.204396
v 28.014092 134.033960 -54.915968
v 34.419184 148.510619 -60.259010
v 14.305748 148.510619 -65.083606
v 14.305748 148.510619 -65.083606
v 34.419184 148.510619 -60.259010
v 30.805356 161.354060 -57.244404
v 14.305748 162.887812 -60.328742
v 14.305748 167.574004 -43.480653
v 14.305748 162.887812 -60.328742
v 30.805356 161.354060 -57.244404
v 14.305748 129.447233 -43.480653
v 35.159366 135.451988 -43.480653
v 28.014092 134.033960 -54.915968
v 28.014092 134.033960 -54.915968
v 35.159366 135.451988 -43.480653
v 43.688092 148.510619 -43.480653
v 34.419184 148.510619 -60.259010
v 34.419184 148.510619 -60.259010
v 43.688092 148.510619 -43.480653
v 37.290882 163.460575 -43.480653
v 30.805356 161.354060 -57.244404
v 14.305748 167.574004 -43.480653
v 30.805356 161.354060 -57.244404
v 37.290882 163.460575 -43.480653
v 34.482183 136.297643 -36.186265
v 51.505571 142.514796 -23.902458
v 54.503883 142.072713 -36.186265
v 54.503883 142.072713 -36.186265
v 51.505571 142.514796 -23.902458
v 52.124997 154.570764 -23.455489
v 66.211717 154.570764 -36.186265
v 66.211717 154.570764 -36.186265
v 52.124997 154.570764 -23.455489
v 47.518378 166.272794 -26.779553
v 52.260069 166.936955 -36.186265
v 34.482183 172.843885 -36.186265
v 52.260069 166.936955 -36.186265
v 47.518378 166.272794 -26.779553
v 34.482183 136.297643 -36.186265
v 34.482183 142.942172 -23.376020
v 51.505571 142.514796 -23.902458
v 51.505571 142.514796 -23.902458
v 34.482183 142.942172 -23.376020
v 34.482183 154.570764 -14.815330
v 52.124997 154.570764 -23.455489
v 52.124997 154.570764 -23.455489
v 34.482183 154.570764 -14.815330
v 34.482183 166.238020 -18.989414
v 47.518378 166.272794 -26.779553
v 34.482183 172.843885 -36.186265
v 47.518378 166.272794 -26.779553
v 34.482183 166.238020 -18.989414
v 34.482183 136.297643 -36.186265
v 21.021786 140.130343 -26.473456
v 34.482183 142.942172 -23.376020
v 34.482183 142.942172 -23.376020
v 21.021786 140.130343 -26.473456
v 13.331149 154.570764 -20.924014
v 34.482183 154.570764 -14.815330
v 34.482183 154.570764 -14.815330
v 13.331149 154.570764 -20.924014
v 18.255060 168.095942 -24.477030
v 34.482183 166.238020 -18.989414
v 34.482183 172.843885 -36.186265
v 34.482183 166.238020 -18.989414
v 18.255060 168.095942 -24.477030
v 34.482183 136.297643 -36.186265
v 12.209159 142.224219 -36.186265
v 21.021786 140.130343 -26.473456
v 21.021786 140.130343 -26.473456
v 12.209159 142.224219 -36.186265
v 1.178405 154.570764 -36.186265
v 13.331149 154.570764 -20.924014
v 13.331149 154.570764 -20.924014
v 1.178405 154.570764 -36.186265
v 16.714338 167.641426 -36.186265
v 18.255060 168.095942 -24.477030
v 34.482183 172.843885 -36.186265
v 18.255060 168.095942 -24.477030
v 16.714338 167.641426 -36.186265
v 34.482183 136.297643 -36.186265
v 18.299856 140.937085 -47.863176
v 12.209159 142.224219 -36.186265
v 12.209159 142.224219 -36.186265
v 18.299856 140.937085 -47.863176
v 15.382642 154.570764 -49.968192
v 1.178405 154.570764 -36.186265
v 1.178405 154.570764 -36.186265
v 15.382642 154.570764 -49.968192
v 18.347718 168.313479 -47.828640
v 16.714338 167.641426 -36.186265
v 34.482183 172.843885 -36.186265
v 16.714338 167.641426 -36.186265
v 18.347718 168.313479 -47.828640
v 34.482183 136.297643 -36.186265
v 34.482183 141.638854 -50.466296
v 18.299856 140.937085 -47.863176
v 18.299856 140.937085 -47.863176
v 34.482183 141.638854 -50.466296
v 34.482183 154.570764 -57.934501
v 15.382642 154.570764 -49.968192
v 15.382642 154.570764 -49.968192
v 34.482183 154.570764 -57.934501
v 34.482183 168.400966 -50.474544
v 18.347718 168.313479 -47.828640
v 34.482183 172.843885 -36.186265
v 18.347718 168.313479 -47.828640
v 34.482183 168.400966 -50.474544
v 34.482183 136.297643 -36.186265
v 51.165820 140.733232 -48.224914
v 34.482183 141.638854 -50.466296
v 34.482183 141.638854 -50.466296
v 51.165820 140.733232 -48.224914
v 54.308332 154.570764 -50.492501
v 34.482183 154.570764 -57.934501
v 34.482183 154.570764 -57.934501
v 54.308332 154.570764 -50.492501
v 47.821809 166.834868 -45.811929
v 34.482183 168.400966 -50.474544
v 34.482183 172.843885 -36.186265
v 34.482183 168.400966 -50.474544
v 47.821809 166.834868 -45.811929
v 34.482183 136.297643 -36.186265
v 54.503883 142.072713 -36.186265
v 51.165820 140.733232 -48.224914
v 51.165820 140.733232 -48.224914
v 54.503883 142.072713 -36.186265
v 66.211717 154.570764 -36.186265
v 54.308332 154.570764 -50.492501
v 54.308332 154.570764 -50.492501
v 66.211717 154.570764 -36.186265
v 52.260069 166.936955 -36.186265
v 47.821809 166.834868 -45.811929
v 34.482183 172.843885 -36.186265
v 47.821809 166.834868 -45.811929
v 52.260069 166.936955 -36.186265
v 8.875200 137.636092 2.218800
v 24.055290 141.230516 13.275330
v 29.666430 142.315584 2.218800
v 29.666430 142.315584 2.218800
v 24.055290 141.230516 13.275330
v 27.384705 155.805396 15.700334
v 34.645255 155.805396 2.218800
v 34.645255 155.805396 2.218800
v 27.384705 155.805396 15.700334
v 24.102065 169.260994 13.309399
v 30.829991 166.730572 2.218800
v 8.875200 173.974699 2.218800
v 30.829991 166.730572 2.218800
v 24.102065 169.260994 13.309399
v 8.875200 137.636092 2.218800
v 8.875200 141.127473 15.176778
v 24.055290 141.230516 13.275330
v 24.055290 141.230516 13.275330
v 8.875200 141.127473 15.176778
v 8.875200 155.805396 22.564349
v 27.384705 155.805396 15.700334
v 27.384705 155.805396 15.700334
v 8.875200 155.805396 22.564349
v 8.875200 170.501818 16.963711
v 24.102065 169.260994 13.309399
v 8.875200 173.974699 2.218800
v 24.102065 169.260994 13.309399
v 8.875200 170.501818 16.963711
v 8.875200 137.636092 2.218800
v -4.743569 142.551063 12.138130
v 8.875200 141.127473 15.176778
v 8.875200 141.127473 15.176778
v -4.743569 142.551063 12.138130
v -9.097298 155.805396 15.309201
v 8.875200 155.805396 22.564349
v 8.875200 155.805396 22.564349
v -9.097298 155.805396 15.309201
v -4.663153 170.202951 12.079559
v 8.875200 170.501818 16.963711
v 8.875200 173.974699 2.218800
v 8.875200 170.501818 16.963711
v -4.663153 170.202951 12.079559
v 8.875200 137.636092 2.218800
v -11.051842 144.114872 2.218800
v -4.743569 142.551063 12.138130
v -4.743569 142.551063 12.138130
v -11.051842 144.114872 2.218800
v -19.503941 155.805396 2.218800
v -9.097298 155.805396 15.309201
v -9.097298 155.805396 15.309201
v -19.503941 155.805396 2.218800
v -13.850026 167.427890 2.218800
v -4.663153 170.202951 12.079559
v 8.875200 173.974699 2.218800
v -4.663153 170.202951 12.079559
v -13.850026 167.427890 2.218800
v 8.875200 137.636092 2.218800
v -7.166843 141.104654 -9.465540
v -11.051842 144.114872 2.218800
v -11.051842 144.114872 2.218800
v -7.166843 141.104654 -9.465540
v -13.235204 155.805396 -13.885475
v -19.503941 155.805396 2.218800
v -19.503941 155.805396 2.218800
v -13.235204 155.805396 -13.885475
v -7.278287 168.751840 -9.546711
v -13.850026 167.427890 2.218800
v 8.875200 173.974699 2.218800
v -13.850026 167.427890 2.218800
v -7.278287 168.751840 -9.546711
v 8.875200 137.636092 2.218800
v 8.875200 144.618798 -13.292279
v -7.166843 141.104654 -9.465540
v -7.166843 141.104654 -9.465540
v 8.875200 144.618798 -13.292279
v 8.875200 155.805396 -19.847894
v -13.235204 155.805396 -13.885475
v -13.235204 155.805396 -13.885475
v 8.875200 155.805396 -19.847894
v 8.875200 169.981905 -14.839780
v -7.278287 168.751840 -9.546711
v 8.875200 173.974699 2.218800
v -7.278287 168.751840 -9.546711
v 8.875200 169.981905 -14.839780
v 8.875200 137.636092 2.218800
v 22.527141 143.074757 -7.724692
v 8.875200 144.618798 -13.292279
v 8.875200 144.618798 -13.292279
v 22.527141 143.074757 -7.724692
v 26.387606 155.805396 -10.536489
v 8.875200 155.805396 -19.847894
v 8.875200 155.805396 -19.847894
v 26.387606 155.805396 -10.536489
v 21.231724 168.682921 -6.781165
v 8.875200 169.981905 -14.839780
v 8.875200 173.974699 2.218800
v 8.875200 169.981905 -14.839780
v 21.231724 168.682921 -6.781165
v 8.875200 137.636092 2.218800
v 29.666430 142.315584 2.218800
v 22.527141 143.074757 -7.724692
v 22.527141 143.074757 -7.724692
v 29.666430 142.315584 2.218800
v 34.645255 155.805396 2.218800
v 26.387606 155.805396 -10.536489
v 26.387606 155.805396 -10.536489
v 34.645255 155.805396 2.218800
v 30.829991 166.730572 2.218800
v 21.231724 168.682921 -6.781165
v 8.875200 173.974699 2.218800
v 21.231724 168.682921 -6.781165
v 30.829991 166.730572 2.218800
v 40.743752 128.137025 1.397819
v 39.621395 127.945059 0.565056
v 54.031859 54.249567 -1.022190
v 54.359213 54.305557 -0.779300
v 40.743752 128.158589 0.198013
v 39.621395 127.945059 0.565056
v 40.743752 128.137025 1.397819
v 54.359213 54.311847 -1.129244
v 54.359213 54.305557 -0.779300
v 54.031859 54.249567 -1.022190
v 39.621395 127.945059 0.565056
v 40.050097 128.048184 -0.774948
v 54.156897 54.279645 -1.413024
v 54.031859 54.249567 -1.022190
v 40.743752 128.158589 0.198013
v 40.050097 128.048184 -0.774948
v 39.621395 127.945059 0.565056
v 54.359213 54.311847 -1.129244
v 54.031859 54.249567 -1.022190
v 54.156897 54.279645 -1.413024
v 40.050097 128.048184 -0.774948
v 41.437406 128.303886 -0.770353
v 54.561529 54.354225 -1.411684
v 54.156897 54.279645 -1.413024
v 40.743752 128.158589 0.198013
v 41.437406 128.303886 -0.770353
v 40.050097 128.048184 -0.774948
v 54.359213 54.311847 -1.129244
v 54.156897 54.279645 -1.413024
v 54.561529 54.354225 -1.411684
v 41.437406 128.303886 -0.770353
v 41.866108 128.358793 0.572492
v 54.686567 54.370239 -1.020021
v 54.561529 54.354225 -1.411684
v 40.743752 128.158589 0.198013
v 41.866108 128.358793 0.572492
v 41.437406 128.303886 -0.770353
v 54.359213 54.311847 -1.129244
v 54.561529 54.354225 -1.411684
v 54.686567 54.370239 -1.020021
v 41.866108 128.358793 0.572492
v 40.743752 128.137025 1.397819
v 54.359213 54.305557 -0.779300
v 54.686567 54.370239 -1.020021
v 40.743752 128.158589 0.198013
v 40.743752 128.137025 1.397819
v 41.866108 128.358793 0.572492
v 54.359213 54.311847 -1.129244
v 54.686567 54.370239 -1.020021
v 54.359213 54.305557 -0.779300
v 47.551483 57.265716 -0.465615
v 51.460388 73.042586 4.800269
v 54.906881 75.014307 -0.465615
v 54.906881 75.014307 -0.465615
v 51.460388 73.042586 4.800269
v 51.412350 107.278125 4.735555
v 55.422259 107.443517 -0.465615
v 47.551483 125.204720 -0.465615
v 55.422259 107.443517 -0.465615
v 51.412350 107.278125 4.735555
v 47.551483 57.265716 -0.465615
v 43.951387 73.841433 4.384256
v 51.460388 73.042586 4.800269
v 51.460388 73.042586 4.800269
v 43.951387 73.841433 4.384256
v 43.368622 108.374232 5.169328
v 51.412350 107.278125 4.735555
v 47.551483 125.204720 -0.465615
v 51.412350 107.278125 4.735555
v 43.368622 108.374232 5.169328
v 47.551483 57.265716 -0.465615
v 39.845394 75.402922 -0.465615
v 43.951387 73.841433 4.384256
v 43.951387 73.841433 4.384256
v 39.845394 75.402922 -0.465615
v 39.738782 108.365662 -0.465615
v 43.368622 108.374232 5.169328
v 47.551483 125.204720 -0.465615
v 43.368622 108.374232 5.169328
v 39.738782 108.365662 -0.465615
v 47.551483 57.265716 -0.465615
v 43.357431 74.323401 -6.115634
v 39.845394 75.402922 -0.465615
v 39.845394 75.402922 -0.465615
v 43.357431 74.323401 -6.115634
v 43.404136 108.023116 -6.052715
v 39.738782 108.365662 -0.465615
v 47.551483 125.204720 -0.465615
v 39.738782 108.365662 -0.465615
v 43.404136 108.023116 -6.052715
v 47.551483 57.265716 -0.465615
v 51.600001 74.013930 -5.919579
v 43.357431 74.323401 -6.115634
v 43.357431 74.323401 -6.115634
v 51.600001 74.013930 -5.919579
v 51.680898 108.085112 -6.028560
v 43.404136 108.023116 -6.052715
v 47.551483 125.204720 -0.465615
v 43.404136 108.023116 -6.052715
v 51.680898 108.085112 -6.028560
v 47.551483 57.265716 -0.465615
v 54.906881 75.014307 -0.465615
v 51.600001 74.013930 -5.919579
v 51.600001 74.013930 -5.919579
v 54.906881 75.014307 -0.465615
v 55.422259 107.443517 -0.465615
v 51.680898 108.085112 -6.028560
v 47.551483 125.204720 -0.465615
v 51.680898 108.085112 -6.028560
v 55.422259 107.443517 -0.465615
v 34.320061 121.188884 22.516337
v 33.193126 120.901211 21.718031
v 44.564032 55.485285 30.121950
v 44.892721 55.569190 30.354790
v 34.320061 121.031239 21.326737
v 33.193126 120.901211 21.718031
v 34.320061 121.188884 22.516337
v 44.892721 55.523210 30.007823
v 44.892721 55.569190 30.354790
v 44.564032 55.485285 30.121950
v 33.193126 120.901211 21.718031
v 33.623577 120.793232 20.378970
v 44.689580 55.453791 29.731391
v 44.564032 55.485285 30.121950
v 34.320061 121.031239 21.326737
v 33.623577 120.793232 20.378970
v 33.193126 120.901211 21.718031
v 44.892721 55.523210 30.007823
v 44.564032 55.485285 30.121950
v 44.689580 55.453791 29.731391
v 33.623577 120.793232 20.378970
v 35.016545 121.014170 20.349691
v 45.095862 55.518231 29.722851
v 44.689580 55.453791 29.731391
v 34.320061 121.031239 21.326737
v 35.016545 121.014170 20.349691
v 33.623577 120.793232 20.378970
v 44.892721 55.523210 30.007823
v 44.689580 55.453791 29.731391
v 45.095862 55.518231 29.722851
v 35.016545 121.014170 20.349691
v 35.446996 121.258696 21.670657
v 45.221410 55.589552 30.108133
v 45.095862 55.518231 29.722851
v 34.320061 121.031239 21.326737
v 35.446996 121.258696 21.670657
v 35.016545 121.014170 20.349691
v 44.892721 55.523210 30.007823
v 45.095862 55.518231 29.722851
v 45.221410 55.589552 30.108133
v 35.446996 121.258696 21.670657
v 34.320061 121.188884 22.516337
v 44.892721 55.569190 30.354790
v 45.221410 55.589552 30.108133
v 34.320061 121.031239 21.326737
v 34.320061 121.188884 22.516337
v 35.446996 121.258696 21.670657
v 44.892721 55.523210 30.007823
v 45.221410 55.589552 30.108133
v 44.892721 55.569190 30.354790
v 39.606391 58.143531 25.667280
v 43.609078 72.472854 31.059503
v 47.268944 73.480619 25.667280
v 47.268944 73.480619 25.667280
v 43.609078 72.472854 31.059503
v 43.302984 102.276510 30.647148
v 47.606001 103.434002 25.667280
v 39.606391 118.410918 25.667280
v 47.606001 103.434002 25.667280
v 43.302984 102.276510 30.647148
v 39.606391 58.143531 25.667280
v 35.816705 74.333422 30.772558
v 43.609078 72.472854 31.059503
v 43.609078 72.472854 31.059503
v 35.816705 74.333422 30.772558
v 35.600124 102.599827 31.064326
v 43.302984 102.276510 30.647148
v 39.606391 118.410918 25.667280
v 43.302984 102.276510 30.647148
v 35.600124 102.599827 31.064326
v 39.606391 58.143531 25.667280
v 31.361410 72.886598 25.667280
v 35.816705 74.333422 30.772558
v 35.816705 74.333422 30.772558
v 31.361410 72.886598 25.667280
v 32.232166 103.430985 25.667280
v 35.600124 102.599827 31.064326
v 39.606391 118.410918 25.667280
v 35.600124 102.599827 31.064326
v 32.232166 103.430985 25.667280
v 39.606391 58.143531 25.667280
v 35.443798 73.610365 20.059641
v 31.361410 72.886598 25.667280
v 31.361410 72.886598 25.667280
v 35.443798 73.610365 20.059641
v 35.942340 102.320098 20.731252
v 32.232166 103.430985 25.667280
v 39.606391 118.410918 25.667280
v 32.232166 103.430985 25.667280
v 35.942340 102.320098 20.731252
v 39.606391 58.143531 25.667280
v 43.221370 72.478563 20.797358
v 35.443798 73.610365 20.059641
v 35.443798 73.610365 20.059641
v 43.221370 72.478563 20.797358
v 43.684497 102.933033 20.173456
v 35.942340 102.320098 20.731252
v 39.606391 118.410918 25.667280
v 35.942340 102.320098 20.731252
v 43.684497 102.933033 20.173456
v 39.606391 58.143531 25.667280
v 47.268944 73.480619 25.667280
v 43.221370 72.478563 20.797358
v 43.221370 72.478563 20.797358
v 47.268944 73.480619 25.667280
v 47.606001 103.434002 25.667280
v 43.684497 102.933033 20.173456
v 39.606391 118.410918 25.667280
v 43.684497 102.933033 20.173456
v 47.606001 103.434002 25.667280
v 30.988219 133.119693 25.952134
v 29.852658 132.911084 25.141570
v 39.651433 43.949757 35.178778
v 39.982638 44.010601 35.415192
v 30.988219 132.981657 24.760100
v 29.852658 132.911084 25.141570
v 30.988219 133.119693 25.952134
v 39.982638 43.970341 35.067515
v 39.982638 44.010601 35.415192
v 39.651433 43.949757 35.178778
v 29.852658 132.911084 25.141570
v 30.286403 132.800004 23.803827
v 39.777942 43.917359 34.788603
v 39.651433 43.949757 35.178778
v 30.988219 132.981657 24.760100
v 30.286403 132.800004 23.803827
v 29.852658 132.911084 25.141570
v 39.982638 43.970341 35.067515
v 39.651433 43.949757 35.178778
v 39.777942 43.917359 34.788603
v 30.286403 132.800004 23.803827
v 31.690035 132.939962 23.787620
v 40.187335 43.958180 34.783876
v 39.777942 43.917359 34.788603
v 30.988219 132.981657 24.760100
v 31.690035 132.939962 23.787620
v 30.286403 132.800004 23.803827
v 39.982638 43.970341 35.067515
v 39.777942 43.917359 34.788603
v 40.187335 43.958180 34.783876
v 31.690035 132.939962 23.787620
v 32.123780 133.137540 25.115347
v 40.313844 44.015807 35.171129
v 40.187335 43.958180 34.783876
v 30.988219 132.981657 24.760100
v 32.123780 133.137540 25.115347
v 31.690035 132.939962 23.787620
v 39.982638 43.970341 35.067515
v 40.187335 43.958180 34.783876
v 40.313844 44.015807 35.171129
v 32.123780 133.137540 25.115347
v 30.988219 133.119693 25.952134
v 39.982638 44.010601 35.415192
v 40.313844 44.015807 35.171129
v 30.988219 132.981657 24.760100
v 30.988219 133.119693 25.952134
v 32.123780 133.137540 25.115347
v 39.982638 43.970341 35.067515
v 40.313844 44.015807 35.171129
v 39.982638 44.010601 35.415192
v 35.485429 47.530793 29.913808
v 39.431728 68.921109 35.230067
v 42.773096 69.416425 29.913808
v 42.773096 69.416425 29.913808
v 39.431728 68.921109 35.230067
v 39.351540 107.407763 35.122042
v 43.545663 107.505164 29.913808
v 35.485429 129.421204 29.913808
v 43.545663 107.505164 29.913808
v 39.351540 107.407763 35.122042
v 35.485429 47.530793 29.913808
v 31.616396 66.930498 35.125978
v 39.431728 68.921109 35.230067
v 39.431728 68.921109 35.230067
v 31.616396 66.930498 35.125978
v 31.555052 108.564668 35.208617
v 39.351540 107.407763 35.122042
v 35.485429 129.421204 29.913808
v 39.351540 107.407763 35.122042
v 31.555052 108.564668 35.208617
v 35.485429 47.530793 29.913808
v 27.842723 68.477092 29.913808
v 31.616396 66.930498 35.125978
v 31.616396 66.930498 35.125978
v 27.842723 68.477092 29.913808
v 27.529620 107.957607 29.913808
v 31.555052 108.564668 35.208617
v 35.485429 129.421204 29.913808
v 31.555052 108.564668 35.208617
v 27.529620 107.957607 29.913808
v 35.485429 47.530793 29.913808
v 31.448179 67.002380 24.475025
v 27.842723 68.477092 29.913808
v 27.842723 68.477092 29.913808
v 31.448179 67.002380 24.475025
v 31.501123 108.335489 24.546348
v 27.529620 107.957607 29.913808
v 35.485429 129.421204 29.913808
v 27.529620 107.957607 29.913808
v 31.501123 108.335489 24.546348
v 35.485429 47.530793 29.913808
v 39.343266 66.777800 24.716719
v 31.448179 67.002380 24.475025
v 31.448179 67.002380 24.475025
v 39.343266 66.777800 24.716719
v 39.281281 107.948389 24.800222
v 31.501123 108.335489 24.546348
v 35.485429 129.421204 29.913808
v 31.501123 108.335489 24.546348
v 39.281281 107.948389 24.800222
v 35.485429 47.530793 29.913808
v 42.773096 69.416425 29.913808
v 39.343266 66.777800 24.716719
v 39.343266 66.777800 24.716719
v 42.773096 69.416425 29.913808
v 43.545663 107.505164 29.913808
v 39.281281 107.948389 24.800222
v 35.485429 129.421204 29.913808
v 39.281281 107.948389 24.800222
v 43.545663 107.505164 29.913808
v 16.669114 145.432791 32.685708
v 15.528210 145.276422 31.870896
v 18.548036 58.773169 45.108256
v 18.880800 58.818776 45.345910
v 16.669114 145.247712 31.500066
v 15.528210 145.276422 31.870896
v 16.669114 145.432791 32.685708
v 18.880800 58.764795 45.000098
v 18.880800 58.818776 45.345910
v 18.548036 58.773169 45.108256
v 15.528210 145.276422 31.870896
v 15.963997 145.080376 30.543610
v 18.675140 58.715989 44.721131
v 18.548036 58.773169 45.108256
v 16.669114 145.247712 31.500066
v 15.963997 145.080376 30.543610
v 15.528210 145.276422 31.870896
v 18.880800 58.764795 45.000098
v 18.548036 58.773169 45.108256
v 18.675140 58.715989 44.721131
v 15.963997 145.080376 30.543610
v 17.374231 145.115583 30.538114
v 19.086459 58.726257 44.719528
v 18.675140 58.715989 44.721131
v 16.669114 145.247712 31.500066
v 17.374231 145.115583 30.538114
v 15.963997 145.080376 30.543610
v 18.880800 58.764795 45.000098
v 18.675140 58.715989 44.721131
v 19.086459 58.726257 44.719528
v 17.374231 145.115583 30.538114
v 17.810018 145.333388 31.862003
v 19.213563 58.789784 45.105663
v 19.086459 58.726257 44.719528
v 16.669114 145.247712 31.500066
v 17.810018 145.333388 31.862003
v 17.374231 145.115583 30.538114
v 18.880800 58.764795 45.000098
v 19.086459 58.726257 44.719528
v 19.213563 58.789784 45.105663
v 17.810018 145.333388 31.862003
v 16.669114 145.432791 32.685708
v 18.880800 58.818776 45.345910
v 19.213563 58.789784 45.105663
v 16.669114 145.247712 31.500066
v 16.669114 145.432791 32.685708
v 17.810018 145.333388 31.862003
v 18.880800 58.764795 45.000098
v 19.213563 58.789784 45.105663
v 18.880800 58.818776 45.345910
v 17.774957 62.224112 38.250082
v 21.978581 81.812073 43.912997
v 25.241940 80.606732 38.250082
v 25.241940 80.606732 38.250082
v 21.978581 81.812073 43.912997
v 21.702382 121.803790 43.540915
v 25.122149 121.233408 38.250082
v 17.774957 141.788395 38.250082
v 25.122149 121.233408 38.250082
v 21.702382 121.803790 43.540915
v 17.774957 62.224112 38.250082
v 13.893786 80.959315 43.478603
v 21.978581 81.812073 43.912997
v 21.978581 81.812073 43.912997
v 13.893786 80.959315 43.478603
v 14.151431 122.555319 43.131518
v 21.702382 121.803790 43.540915
v 17.774957 141.788395 38.250082
v 21.702382 121.803790 43.540915
v 14.151431 122.555319 43.131518
v 17.774957 62.224112 38.250082
v 10.498007 82.198099 38.250082
v 13.893786 80.959315 43.478603
v 13.893786 80.959315 43.478603
v 10.498007 82.198099 38.250082
v 9.924736 123.109969 38.250082
v 14.151431 122.555319 43.131518
v 17.774957 141.788395 38.250082
v 14.151431 122.555319 43.131518
v 9.924736 123.109969 38.250082
v 17.774957 62.224112 38.250082
v 13.799771 83.469901 32.894908
v 10.498007 82.198099 38.250082
v 10.498007 82.198099 38.250082
v 13.799771 83.469901 32.894908
v 13.877446 121.661903 32.999548
v 9.924736 123.109969 38.250082
v 17.774957 141.788395 38.250082
v 9.924736 123.109969 38.250082
v 13.877446 121.661903 32.999548
v 17.774957 62.224112 38.250082
v 21.948923 82.121753 32.627120
v 13.799771 83.469901 32.894908
v 13.799771 83.469901 32.894908
v 21.948923 82.121753 32.627120
v 21.522337 121.741617 33.201796
v 13.877446 121.661903 32.999548
v 17.774957 141.788395 38.250082
v 13.877446 121.661903 32.999548
v 21.522337 121.741617 33.201796
v 17.774957 62.224112 38.250082
v 25.241940 80.606732 38.250082
v 21.948923 82.121753 32.627120
v 21.948923 82.121753 32.627120
v 25.241940 80.606732 38.250082
v 25.122149 121.233408 38.250082
v 21.522337 121.741617 33.201796
v 17.774957 141.788395 38.250082
v 21.522337 121.741617 33.201796
v 25.122149 121.233408 38.250082
v 0.525206 127.891289 30.688788
v -0.613635 127.839740 29.857877
v -5.242385 45.476449 42.159990
v -4.910222 45.491484 42.402339
v 0.525206 127.710277 29.502519
v -0.613635 127.839740 29.857877
v 0.525206 127.891289 30.688788
v -4.910222 45.438688 42.056344
v -4.910222 45.491484 42.402339
v -5.242385 45.476449 42.159990
v -0.613635 127.839740 29.857877
v -0.178637 127.609277 28.535873
v -5.115510 45.409230 41.774405
v -5.242385 45.476449 42.159990
v 0.525206 127.710277 29.502519
v -0.178637 127.609277 28.535873
v -0.613635 127.839740 29.857877
v -4.910222 45.438688 42.056344
v -5.242385 45.476449 42.159990
v -5.115510 45.409230 41.774405
v -0.178637 127.609277 28.535873
v 1.229049 127.518391 28.549741
v -4.704935 45.382722 41.778450
v -5.115510 45.409230 41.774405
v 0.525206 127.710277 29.502519
v 1.229049 127.518391 28.549741
v -0.178637 127.609277 28.535873
v -4.910222 45.438688 42.056344
v -5.115510 45.409230 41.774405
v -4.704935 45.382722 41.778450
v 1.229049 127.518391 28.549741
v 1.664048 127.692685 29.880316
v -4.578060 45.433557 42.166534
v -4.704935 45.382722 41.778450
v 0.525206 127.710277 29.502519
v 1.664048 127.692685 29.880316
v 1.229049 127.518391 28.549741
v -4.910222 45.438688 42.056344
v -4.704935 45.382722 41.778450
v -4.578060 45.433557 42.166534
v 1.664048 127.692685 29.880316
v 0.525206 127.891289 30.688788
v -4.910222 45.491484 42.402339
v -4.578060 45.433557 42.166534
v 0.525206 127.710277 29.502519
v 0.525206 127.891289 30.688788
v 1.664048 127.692685 29.880316
v -4.910222 45.438688 42.056344
v -4.578060 45.433557 42.166534
v -4.910222 45.491484 42.402339
v -2.192508 48.729552 35.779431
v 1.827806 67.957426 41.195400
v 6.195764 67.778158 35.779431
v 6.195764 67.778158 35.779431
v 1.827806 67.957426 41.195400
v 1.892860 106.057366 41.283038
v 5.640699 106.948890 35.779431
v -2.192508 124.419413 35.779431
v 5.640699 106.948890 35.779431
v 1.892860 106.057366 41.283038
v -2.192508 48.729552 35.779431
v -6.087805 68.896495 41.026983
v 1.827806 67.957426 41.195400
v 1.827806 67.957426 41.195400
v -6.087805 68.896495 41.026983
v -6.315409 104.946817 41.333600
v 1.892860 106.057366 41.283038
v -2.192508 124.419413 35.779431
v 1.892860 106.057366 41.283038
v -6.315409 104.946817 41.333600
v -2.192508 48.729552 35.779431
v -9.987250 67.620093 35.779431
v -6.087805 68.896495 41.026983
v -6.087805 68.896495 41.026983
v -9.987250 67.620093 35.779431
v -9.584671 105.431256 35.779431
v -6.315409 104.946817 41.333600
v -2.192508 124.419413 35.779431
v -6.315409 104.946817 41.333600
v -9.584671 105.431256 35.779431
v -2.192508 48.729552 35.779431
v -6.123883 66.931300 30.483277
v -9.987250 67.620093 35.779431
v -9.987250 67.620093 35.779431
v -6.123883 66.931300 30.483277
v -6.009902 106.866070 30.636827
v -9.584671 105.431256 35.779431
v -2.192508 124.419413 35.779431
v -9.584671 105.431256 35.779431
v -6.009902 106.866070 30.636827
v -2.192508 48.729552 35.779431
v 1.427338 66.623679 30.902953
v -6.123883 66.931300 30.483277
v -6.123883 66.931300 30.483277
v 1.427338 66.623679 30.902953
v 1.452992 106.549002 30.868394
v -6.009902 106.866070 30.636827
v -2.192508 124.419413 35.779431
v -6.009902 106.866070 30.636827
v 1.452992 106.549002 30.868394
v -2.192508 48.729552 35.779431
v 6.195764 67.778158 35.779431
v 1.427338 66.623679 30.902953
v 1.427338 66.623679 30.902953
v 6.195764 67.778158 35.779431
v 5.640699 106.948890 35.779431
v 1.452992 106.549002 30.868394
v -2.192508 124.419413 35.779431
v 1.452992 106.549002 30.868394
v 5.640699 106.948890 35.779431
v -9.784260 129.286196 23.145541
v -10.907316 129.356240 22.294735
v -20.430678 72.817449 31.039270
v -20.103120 72.797020 31.287422
v -9.784260 129.097337 21.960496
v -10.907316 129.356240 22.294735
v -9.784260 129.286196 23.145541
v -20.103120 72.741936 30.941784
v -20.103120 72.797020 31.287422
v -20.430678 72.817449 31.039270
v -10.907316 129.356240 22.294735
v -10.478346 129.068489 20.982022
v -20.305562 72.733522 30.656396
v -20.430678 72.817449 31.039270
v -9.784260 129.097337 21.960496
v -10.478346 129.068489 20.982022
v -10.907316 129.356240 22.294735
v -20.103120 72.741936 30.941784
v -20.430678 72.817449 31.039270
v -20.305562 72.733522 30.656396
v -10.478346 129.068489 20.982022
v -9.090173 128.820605 21.021527
v -19.900678 72.661223 30.667918
v -20.305562 72.733522 30.656396
v -9.784260 129.097337 21.960496
v -9.090173 128.820605 21.021527
v -10.478346 129.068489 20.982022
v -20.103120 72.741936 30.941784
v -20.305562 72.733522 30.656396
v -19.900678 72.661223 30.667918
v -9.090173 128.820605 21.021527
v -8.661204 128.955156 22.358655
v -19.775562 72.700467 31.057914
v -19.900678 72.661223 30.667918
v -9.784260 129.097337 21.960496
v -8.661204 128.955156 22.358655
v -9.090173 128.820605 21.021527
v -20.103120 72.741936 30.941784
v -19.900678 72.661223 30.667918
v -19.775562 72.700467 31.057914
v -8.661204 128.955156 22.358655
v -9.784260 129.286196 23.145541
v -20.103120 72.797020 31.287422
v -19.775562 72.700467 31.057914
v -9.784260 129.097337 21.960496
v -9.784260 129.286196 23.145541
v -8.661204 128.955156 22.358655
v -20.103120 72.741936 30.941784
v -19.775562 72.700467 31.057914
v -20.103120 72.797020 31.287422
v -14.943690 74.996152 26.451140
v -11.337483 88.500366 31.309244
v -7.374074 87.385599 26.451140
v -7.374074 87.385599 26.451140
v -11.337483 88.500366 31.309244
v -10.781401 113.666383 32.058370
v -7.756069 113.650174 26.451140
v -14.943690 126.843121 26.451140
v -7.756069 113.650174 26.451140
v -10.781401 113.666383 32.058370
v -14.943690 74.996152 26.451140
v -18.611683 88.781950 31.392480
v -11.337483 88.500366 31.309244
v -11.337483 88.500366 31.309244
v -18.611683 88.781950 31.392480
v -18.957286 113.761664 31.858059
v -10.781401 113.666383 32.058370
v -14.943690 126.843121 26.451140
v -10.781401 113.666383 32.058370
v -18.957286 113.761664 31.858059
v -14.943690 74.996152 26.451140
v -22.844791 88.372644 26.451140
v -18.611683 88.781950 31.392480
v -18.611683 88.781950 31.392480
v -22.844791 88.372644 26.451140
v -23.259134 113.469642 26.451140
v -18.957286 113.761664 31.858059
v -14.943690 126.843121 26.451140
v -18.957286 113.761664 31.858059
v -23.259134 113.469642 26.451140
v -14.943690 74.996152 26.451140
v -18.969531 88.954546 21.027726
v -22.844791 88.372644 26.451140
v -22.844791 88.372644 26.451140
v -18.969531 88.954546 21.027726
v -18.713869 113.688916 21.372140
v -23.259134 113.469642 26.451140
v -14.943690 126.843121 26.451140
v -23.259134 113.469642 26.451140
v -18.713869 113.688916 21.372140
v -14.943690 74.996152 26.451140
v -11.125941 87.528826 21.308057
v -18.969531 88.954546 21.027726
v -18.969531 88.954546 21.027726
v -11.125941 87.528826 21.308057
v -11.054831 114.616209 21.212261
v -18.713869 113.688916 21.372140
v -14.943690 126.843121 26.451140
v -18.713869 113.688916 21.372140
v -11.054831 114.616209 21.212261
v -14.943690 74.996152 26.451140
v -7.374074 87.385599 26.451140
v -11.125941 87.528826 21.308057
v -11.125941 87.528826 21.308057
v -7.374074 87.385599 26.451140
v -7.756069 113.650174 26.451140
v -11.054831 114.616209 21.212261
v -14.943690 126.843121 26.451140
v -11.054831 114.616209 21.212261
v -7.756069 113.650174 26.451140
v -16.550651 129.789256 -0.149653
v -17.670146 130.036052 -0.971757
v -30.401163 61.678268 -3.299148
v -30.074644 61.606285 -3.059368
v -16.550651 129.825483 -1.349106
v -17.670146 130.036052 -0.971757
v -16.550651 129.789256 -0.149653
v -30.074644 61.616852 -3.409209
v -30.074644 61.606285 -3.059368
v -30.401163 61.678268 -3.299148
v -17.670146 130.036052 -0.971757
v -17.242537 129.991849 -2.315344
v -30.276444 61.665375 -3.691028
v -30.401163 61.678268 -3.299148
v -16.550651 129.825483 -1.349106
v -17.242537 129.991849 -2.315344
v -17.670146 130.036052 -0.971757
v -30.074644 61.616852 -3.409209
v -30.401163 61.678268 -3.299148
v -30.276444 61.665375 -3.691028
v -17.242537 129.991849 -2.315344
v -15.858765 129.717733 -2.323623
v -29.872844 61.585425 -3.693443
v -30.276444 61.665375 -3.691028
v -16.550651 129.825483 -1.349106
v -15.858765 129.717733 -2.323623
v -17.242537 129.991849 -2.315344
v -30.074644 61.616852 -3.409209
v -30.276444 61.665375 -3.691028
v -29.872844 61.585425 -3.693443
v -15.858765 129.717733 -2.323623
v -15.431157 129.592524 -0.985152
v -29.748124 61.548905 -3.303056
v -29.872844 61.585425 -3.693443
v -16.550651 129.825483 -1.349106
v -15.431157 129.592524 -0.985152
v -15.858765 129.717733 -2.323623
v -30.074644 61.616852 -3.409209
v -29.872844 61.585425 -3.693443
v -29.748124 61.548905 -3.303056
v -15.431157 129.592524 -0.985152
v -16.550651 129.789256 -0.149653
v -30.074644 61.606285 -3.059368
v -29.748124 61.548905 -3.303056
v -16.550651 129.825483 -1.349106
v -16.550651 129.789256 -0.149653
v -15.431157 129.592524 -0.985152
v -30.074644 61.616852 -3.409209
v -29.748124 61.548905 -3.303056
v -30.074644 61.606285 -3.059368
v -23.312647 64.345197 -2.379157
v -19.215597 80.776606 3.140187
v -15.512986 79.481883 -2.379157
v -15.512986 79.481883 -2.379157
v -19.215597 80.776606 3.140187
v -19.219215 110.788124 3.135312
v -15.221770 112.190573 -2.379157
v -23.312647 127.097138 -2.379157
v -15.221770 112.190573 -2.379157
v -19.219215 110.788124 3.135312
v -23.312647 64.345197 -2.379157
v -27.279337 81.088935 2.964571
v -19.215597 80.776606 3.140187
v -19.215597 80.776606 3.140187
v -27.279337 81.088935 2.964571
v -27.507480 110.278327 3.271915
v -19.219215 110.788124 3.135312
v -23.312647 127.097138 -2.379157
v -19.219215 110.788124 3.135312
v -27.507480 110.278327 3.271915
v -23.312647 64.345197 -2.379157
v -30.761676 80.027835 -2.379157
v -27.279337 81.088935 2.964571
v -27.279337 81.088935 2.964571
v -30.761676 80.027835 -2.379157
v -30.803265 112.532046 -2.379157
v -27.507480 110.278327 3.271915
v -23.312647 127.097138 -2.379157
v -27.507480 110.278327 3.271915
v -30.803265 112.532046 -2.379157
v -23.312647 64.345197 -2.379157
v -27.310626 80.469204 -7.765036
v -30.761676 80.027835 -2.379157
v -30.761676 80.027835 -2.379157
v -27.310626 80.469204 -7.765036
v -27.507859 111.309877 -8.030740
v -30.803265 112.532046 -2.379157
v -23.312647 127.097138 -2.379157
v -30.803265 112.532046 -2.379157
v -27.507859 111.309877 -8.030740
v -23.312647 64.345197 -2.379157
v -19.527666 79.335720 -7.478097
v -27.310626 80.469204 -7.765036
v -27.310626 80.469204 -7.765036
v -19.527666 79.335720 -7.478097
v -19.116088 111.587401 -8.032555
v -27.507859 111.309877 -8.030740
v -23.312647 127.097138 -2.379157
v -27.507859 111.309877 -8.030740
v -19.116088 111.587401 -8.032555
v -23.312647 64.345197 -2.379157
v -15.512986 79.481883 -2.379157
v -19.527666 79.335720 -7.478097
v -19.527666 79.335720 -7.478097
v -15.512986 79.481883 -2.379157
v -15.221770 112.190573 -2.379157
v -19.116088 111.587401 -8.032555
v -23.312647 127.097138 -2.379157
v -19.116088 111.587401 -8.032555
v -15.221770 112.190573 -2.379157
v -11.789828 134.791827 -12.180046
v -12.918623 135.044279 -12.987586
v -23.387925 59.756278 -21.017063
v -23.058693 59.682646 -20.781530
v -11.789828 134.914945 -13.373714
v -12.918623 135.044279 -12.987586
v -11.789828 134.791827 -12.180046
v -23.058693 59.718556 -21.129683
v -23.058693 59.682646 -20.781530
v -23.387925 59.756278 -21.017063
v -12.918623 135.044279 -12.987586
v -12.487461 135.117996 -14.328741
v -23.262170 59.777779 -21.408233
v -23.387925 59.756278 -21.017063
v -11.789828 134.914945 -13.373714
v -12.487461 135.117996 -14.328741
v -12.918623 135.044279 -12.987586
v -23.058693 59.718556 -21.129683
v -23.387925 59.756278 -21.017063
v -23.262170 59.777779 -21.408233
v -12.487461 135.117996 -14.328741
v -11.092194 134.911104 -14.350081
v -22.855217 59.717435 -21.414457
v -23.262170 59.777779 -21.408233
v -11.789828 134.914945 -13.373714
v -11.092194 134.911104 -14.350081
v -12.487461 135.117996 -14.328741
v -23.058693 59.718556 -21.129683
v -23.262170 59.777779 -21.408233
v -22.855217 59.717435 -21.414457
v -11.092194 134.911104 -14.350081
v -10.661033 134.709520 -13.022114
v -22.729461 59.658640 -21.027134
v -22.855217 59.717435 -21.414457
v -11.789828 134.914945 -13.373714
v -10.661033 134.709520 -13.022114
v -11.092194 134.911104 -14.350081
v -23.058693 59.718556 -21.129683
v -22.855217 59.717435 -21.414457
v -22.729461 59.658640 -21.027134
v -10.661033 134.709520 -13.022114
v -11.789828 134.791827 -12.180046
v -23.058693 59.682646 -20.781530
v -22.729461 59.658640 -21.027134
v -11.789828 134.914945 -13.373714
v -11.789828 134.791827 -12.180046
v -10.661033 134.709520 -13.022114
v -23.058693 59.718556 -21.129683
v -22.729461 59.658640 -21.027134
v -23.058693 59.682646 -20.781530
v -17.424260 62.726411 -17.251699
v -13.426076 81.033957 -11.865542
v -9.068601 79.330482 -17.251699
v -9.068601 79.330482 -17.251699
v -13.426076 81.033957 -11.865542
v -13.323502 114.058453 -11.727359
v -9.613730 115.540462 -17.251699
v -17.424260 131.907090 -17.251699
v -9.613730 115.540462 -17.251699
v -13.323502 114.058453 -11.727359
v -17.424260 62.726411 -17.251699
v -21.168808 80.340433 -12.207228
v -13.426076 81.033957 -11.865542
v -13.426076 81.033957 -11.865542
v -21.168808 80.340433 -12.207228
v -21.525774 115.220935 -11.726342
v -13.323502 114.058453 -11.727359
v -17.424260 131.907090 -17.251699
v -13.323502 114.058453 -11.727359
v -21.525774 115.220935 -11.726342
v -17.424260 62.726411 -17.251699
v -25.377110 80.471569 -17.251699
v -21.168808 80.340433 -12.207228
v -21.168808 80.340433 -12.207228
v -25.377110 80.471569 -17.251699
v -25.187621 114.684542 -17.251699
v -21.525774 115.220935 -11.726342
v -17.424260 131.907090 -17.251699
v -21.525774 115.220935 -11.726342
v -25.187621 114.684542 -17.251699
v -17.424260 62.726411 -17.251699
v -21.376837 78.947568 -22.576414
v -25.377110 80.471569 -17.251699
v -25.377110 80.471569 -17.251699
v -21.376837 78.947568 -22.576414
v -21.500461 114.199231 -22.742954
v -25.187621 114.684542 -17.251699
v -17.424260 131.907090 -17.251699
v -25.187621 114.684542 -17.251699
v -21.500461 114.199231 -22.742954
v -17.424260 62.726411 -17.251699
v -13.442640 80.838757 -22.615541
v -21.376837 78.947568 -22.576414
v -21.376837 78.947568 -22.576414
v -13.442640 80.838757 -22.615541
v -13.746362 115.384921 -22.206382
v -21.500461 114.199231 -22.742954
v -17.424260 131.907090 -17.251699
v -21.500461 114.199231 -22.742954
v -13.746362 115.384921 -22.206382
v -17.424260 62.726411 -17.251699
v -9.068601 79.330482 -17.251699
v -13.442640 80.838757 -22.615541
v -13.442640 80.838757 -22.615541
v -9.068601 79.330482 -17.251699
v -9.613730 115.540462 -17.251699
v -13.746362 115.384921 -22.206382
v -17.424260 131.907090 -17.251699
v -13.746362 115.384921 -22.206382
v -9.613730 115.540462 -17.251699
v -5.215463 141.907874 -18.997603
v -6.351737 142.118479 -19.806650
v -13.701569 55.885054 -31.060534
v -13.370155 55.823628 -30.824562
v -5.215463 142.059569 -20.187976
v -6.351737 142.118479 -19.806650
v -5.215463 141.907874 -18.997603
v -13.370155 55.867872 -31.171755
v -13.370155 55.823628 -30.824562
v -13.701569 55.885054 -31.060534
v -6.351737 142.118479 -19.806650
v -5.917719 142.247672 -21.142677
v -13.574980 55.922736 -31.450209
v -13.701569 55.885054 -31.060534
v -5.215463 142.059569 -20.187976
v -5.917719 142.247672 -21.142677
v -6.351737 142.118479 -19.806650
v -13.370155 55.867872 -31.171755
v -13.701569 55.885054 -31.060534
v -13.574980 55.922736 -31.450209
v -5.917719 142.247672 -21.142677
v -4.513206 142.116913 -21.159340
v -13.165331 55.884598 -31.455069
v -13.574980 55.922736 -31.450209
v -5.215463 142.059569 -20.187976
v -4.513206 142.116913 -21.159340
v -5.917719 142.247672 -21.142677
v -13.370155 55.867872 -31.171755
v -13.574980 55.922736 -31.450209
v -13.165331 55.884598 -31.455069
v -4.513206 142.116913 -21.159340
v -4.079188 141.906906 -19.833612
v -13.038742 55.823346 -31.068398
v -13.165331 55.884598 -31.455069
v -5.215463 142.059569 -20.187976
v -4.079188 141.906906 -19.833612
v -4.513206 142.116913 -21.159340
v -13.370155 55.867872 -31.171755
v -13.165331 55.884598 -31.455069
v -13.038742 55.823346 -31.068398
v -4.079188 141.906906 -19.833612
v -5.215463 141.907874 -18.997603
v -13.370155 55.823628 -30.824562
v -13.038742 55.823346 -31.068398
v -5.215463 142.059569 -20.187976
v -5.215463 141.907874 -18.997603
v -4.079188 141.906906 -19.833612
v -13.370155 55.867872 -31.171755
v -13.038742 55.823346 -31.068398
v -13.370155 55.823628 -30.824562
v -9.292809 59.315540 -25.679866
v -5.361568 80.249984 -20.383892
v -1.664056 78.180827 -25.679866
v -1.664056 78.180827 -25.679866
v -5.361568 80.249984 -20.383892
v -5.690775 119.515473 -20.827383
v -0.878359 118.600701 -25.679866
v -9.292809 138.611901 -25.679866
v -0.878359 118.600701 -25.679866
v -5.690775 119.515473 -20.827383
v -9.292809 59.315540 -25.679866
v -13.411537 77.930288 -20.131319
v -5.361568 80.249984 -20.383892
v -5.361568 80.249984 -20.383892
v -13.411537 77.930288 -20.131319
v -12.948428 117.330720 -20.755197
v -5.690775 119.515473 -20.827383
v -9.292809 138.611901 -25.679866
v -5.690775 119.515473 -20.827383
v -12.948428 117.330720 -20.755197
v -9.292809 59.315540 -25.679866
v -16.522406 78.387100 -25.679866
v -13.411537 77.930288 -20.131319
v -13.411537 77.930288 -20.131319
v -16.522406 78.387100 -25.679866
v -17.278632 119.031869 -25.679866
v -12.948428 117.330720 -20.755197
v -9.292809 138.611901 -25.679866
v -12.948428 117.330720 -20.755197
v -17.278632 119.031869 -25.679866
v -9.292809 59.315540 -25.679866
v -13.271636 78.269948 -31.039944
v -16.522406 78.387100 -25.679866
v -16.522406 78.387100 -25.679866
v -13.271636 78.269948 -31.039944
v -13.435443 118.908588 -31.260617
v -17.278632 119.031869 -25.679866
v -9.292809 138.611901 -25.679866
v -17.278632 119.031869 -25.679866
v -13.435443 118.908588 -31.260617
v -9.292809 59.315540 -25.679866
v -5.492726 80.625541 -30.799149
v -13.271636 78.269948 -31.039944
v -13.271636 78.269948 -31.039944
v -5.492726 80.625541 -30.799149
v -5.184310 119.235135 -31.214633
v -13.435443 118.908588 -31.260617
v -9.292809 138.611901 -25.679866
v -13.435443 118.908588 -31.260617
v -5.184310 119.235135 -31.214633
v -9.292809 59.315540 -25.679866
v -1.664056 78.180827 -25.679866
v -5.492726 80.625541 -30.799149
v -5.492726 80.625541 -30.799149
v -1.664056 78.180827 -25.679866
v -0.878359 118.600701 -25.679866
v -5.184310 119.235135 -31.214633
v -9.292809 138.611901 -25.679866
v -5.184310 119.235135 -31.214633
v -0.878359 118.600701 -25.679866
v 14.136001 123.729000 -24.624820
v 12.994857 123.877252 -25.440812
v 14.814957 56.639311 -39.338407
v 15.147791 56.596071 -39.100410
v 14.136001 123.967400 -25.800901
v 12.994857 123.877252 -25.440812
v 14.136001 123.729000 -24.624820
v 15.147791 56.665604 -39.443433
v 15.147791 56.596071 -39.100410
v 14.814957 56.639311 -39.338407
v 12.994857 123.877252 -25.440812
v 13.430735 124.150085 -26.754435
v 14.942089 56.718888 -39.721547
v 14.814957 56.639311 -39.338407
v 14.136001 123.967400 -25.800901
v 13.430735 124.150085 -26.754435
v 12.994857 123.877252 -25.440812
v 15.147791 56.665604 -39.443433
v 14.814957 56.639311 -39.338407
v 14.942089 56.718888 -39.721547
v 13.430735 124.150085 -26.754435
v 14.841267 124.170453 -26.750306
v 15.353494 56.724828 -39.720343
v 14.942089 56.718888 -39.721547
v 14.136001 123.967400 -25.800901
v 14.841267 124.170453 -26.750306
v 13.430735 124.150085 -26.754435
v 15.147791 56.665604 -39.443433
v 14.942089 56.718888 -39.721547
v 15.353494 56.724828 -39.720343
v 14.841267 124.170453 -26.750306
v 15.277145 123.910209 -25.434132
v 15.480625 56.648924 -39.336459
v 15.353494 56.724828 -39.720343
v 14.136001 123.967400 -25.800901
v 15.277145 123.910209 -25.434132
v 14.841267 124.170453 -26.750306
v 15.147791 56.665604 -39.443433
v 15.353494 56.724828 -39.720343
v 15.480625 56.648924 -39.336459
v 15.277145 123.910209 -25.434132
v 14.136001 123.729000 -24.624820
v 15.147791 56.596071 -39.100410
v 15.480625 56.648924 -39.336459
v 14.136001 123.967400 -25.800901
v 14.136001 123.729000 -24.624820
v 15.277145 123.910209 -25.434132
v 15.147791 56.665604 -39.443433
v 15.480625 56.648924 -39.336459
v 15.147791 56.596071 -39.100410
v 14.641896 59.357676 -32.622167
v 18.500776 75.297026 -27.423675
v 22.456018 75.135876 -32.622167
v 22.456018 75.135876 -32.622167
v 18.500776 75.297026 -27.423675
v 18.407370 105.729755 -27.549507
v 22.153540 104.777253 -32.622167
v 14.641896 121.275328 -32.622167
v 22.153540 104.777253 -32.622167
v 18.407370 105.729755 -27.549507
v 14.641896 59.357676 -32.622167
v 10.898424 73.696465 -27.579147
v 18.500776 75.297026 -27.423675
v 18.500776 75.297026 -27.423675
v 10.898424 73.696465 -27.579147
v 10.479502 106.932732 -27.014795
v 18.407370 105.729755 -27.549507
v 14.641896 121.275328 -32.622167
v 18.407370 105.729755 -27.549507
v 10.479502 106.932732 -27.014795
v 14.641896 59.357676 -32.622167
v 7.278230 74.460056 -32.622167
v 10.898424 73.696465 -27.579147
v 10.898424 73.696465 -27.579147
v 7.278230 74.460056 -32.622167
v 7.207329 106.262158 -32.622167
v 10.479502 106.932732 -27.014795
v 14.641896 121.275328 -32.622167
v 10.479502 106.932732 -27.014795
v 7.207329 106.262158 -32.622167
v 14.641896 59.357676 -32.622167
v 10.463785 75.035561 -38.250712
v 7.278230 74.460056 -32.622167
v 7.278230 74.460056 -32.622167
v 10.463785 75.035561 -38.250712
v 10.831708 105.215490 -37.755064
v 7.207329 106.262158 -32.622167
v 14.641896 121.275328 -32.622167
v 7.207329 106.262158 -32.622167
v 10.831708 105.215490 -37.755064
v 14.641896 59.357676 -32.622167
v 18.331584 75.147966 -37.592732
v 10.463785 75.035561 -38.250712
v 10.463785 75.035561 -38.250712
v 18.331584 75.147966 -37.592732
v 18.811687 107.032407 -38.239503
v 10.831708 105.215490 -37.755064
v 14.641896 121.275328 -32.622167
v 10.831708 105.215490 -37.755064
v 18.811687 107.032407 -38.239503
v 14.641896 59.357676 -32.622167
v 22.456018 75.135876 -32.622167
v 18.331584 75.147966 -37.592732
v 18.331584 75.147966 -37.592732
v 22.456018 75.135876 -32.622167
v 22.153540 104.777253 -32.622167
v 18.811687 107.032407 -38.239503
v 14.641896 121.275328 -32.622167
v 18.811687 107.032407 -38.239503
v 22.153540 104.777253 -32.622167
v 29.197486 139.114177 -19.009120
v 28.060263 139.113234 -19.843839
v 37.011973 43.341984 -31.087144
v 37.343663 43.342259 -30.843685
v 29.197486 139.250846 -20.201312
v 28.060263 139.113234 -19.843839
v 29.197486 139.114177 -19.009120
v 37.343663 43.382121 -31.191407
v 37.343663 43.342259 -30.843685
v 37.011973 43.341984 -31.087144
v 28.060263 139.113234 -19.843839
v 28.494643 139.302466 -21.172573
v 37.138667 43.397177 -31.474692
v 37.011973 43.341984 -31.087144
v 29.197486 139.250846 -20.201312
v 28.494643 139.302466 -21.172573
v 28.060263 139.113234 -19.843839
v 37.343663 43.382121 -31.191407
v 37.011973 43.341984 -31.087144
v 37.138667 43.397177 -31.474692
v 28.494643 139.302466 -21.172573
v 29.900328 139.420361 -21.159058
v 37.548659 43.431563 -31.470750
v 37.138667 43.397177 -31.474692
v 29.197486 139.250846 -20.201312
v 29.900328 139.420361 -21.159058
v 28.494643 139.302466 -21.172573
v 37.343663 43.382121 -31.191407
v 37.138667 43.397177 -31.474692
v 37.548659 43.431563 -31.470750
v 29.900328 139.420361 -21.159058
v 30.334708 139.303992 -19.821971
v 37.675353 43.397622 -31.080766
v 37.548659 43.431563 -31.470750
v 29.197486 139.250846 -20.201312
v 30.334708 139.303992 -19.821971
v 29.900328 139.420361 -21.159058
v 37.343663 43.382121 -31.191407
v 37.548659 43.431563 -31.470750
v 37.675353 43.397622 -31.080766
v 30.334708 139.303992 -19.821971
v 29.197486 139.114177 -19.009120
v 37.343663 43.342259 -30.843685
v 37.675353 43.397622 -31.080766
v 29.197486 139.250846 -20.201312
v 29.197486 139.114177 -19.009120
v 30.334708 139.303992 -19.821971
v 37.343663 43.382121 -31.191407
v 37.675353 43.397622 -31.080766
v 37.343663 43.342259 -30.843685
v 33.270574 47.216870 -25.696360
v 37.301763 68.364935 -20.265742
v 41.519580 70.718788 -25.696360
v 41.519580 70.718788 -25.696360
v 37.301763 68.364935 -20.265742
v 36.948589 113.746040 -20.741520
v 41.629854 111.776629 -25.696360
v 33.270574 135.416097 -25.696360
v 41.629854 111.776629 -25.696360
v 36.948589 113.746040 -20.741520
v 33.270574 47.216870 -25.696360
v 29.077976 67.864574 -20.048298
v 37.301763 68.364935 -20.265742
v 37.301763 68.364935 -20.265742
v 29.077976 67.864574 -20.048298
v 29.628574 114.300728 -20.790036
v 36.948589 113.746040 -20.741520
v 33.270574 135.416097 -25.696360
v 36.948589 113.746040 -20.741520
v 29.628574 114.300728 -20.790036
v 33.270574 47.216870 -25.696360
v 25.076049 70.158317 -25.696360
v 29.077976 67.864574 -20.048298
v 29.077976 67.864574 -20.048298
v 25.076049 70.158317 -25.696360
v 25.401758 113.029376 -25.696360
v 29.628574 114.300728 -20.790036
v 33.270574 135.416097 -25.696360
v 29.628574 114.300728 -20.790036
v 25.401758 113.029376 -25.696360
v 33.270574 47.216870 -25.696360
v 29.592563 69.229901 -30.651195
v 25.076049 70.158317 -25.696360
v 25.076049 70.158317 -25.696360
v 29.592563 69.229901 -30.651195
v 29.343791 113.838043 -30.986328
v 25.401758 113.029376 -25.696360
v 33.270574 135.416097 -25.696360
v 25.401758 113.029376 -25.696360
v 29.343791 113.838043 -30.986328
v 33.270574 47.216870 -25.696360
v 37.417799 69.095517 -31.283296
v 29.592563 69.229901 -30.651195
v 29.592563 69.229901 -30.651195
v 37.417799 69.095517 -31.283296
v 37.107262 112.616307 -30.864955
v 29.343791 113.838043 -30.986328
v 33.270574 135.416097 -25.696360
v 29.343791 113.838043 -30.986328
v 37.107262 112.616307 -30.864955
v 33.270574 47.216870 -25.696360
v 41.519580 70.718788 -25.696360
v 37.417799 69.095517 -31.283296
v 37.417799 69.095517 -31.283296
v 41.519580 70.718788 -25.696360
v 41.629854 111.776629 -25.696360
v 37.107262 112.616307 -30.864955
v 33.270574 135.416097 -25.696360
v 37.107262 112.616307 -30.864955
v 41.629854 111.776629 -25.696360
v 36.423550 130.872719 -11.221745
v 35.303703 130.757172 -12.071817
v 47.665979 72.531044 -19.613770
v 47.992601 72.564745 -19.365833
v 36.423550 131.021541 -12.412482
v 35.303703 130.757172 -12.071817
v 36.423550 130.872719 -11.221745
v 47.992601 72.608151 -19.713131
v 47.992601 72.564745 -19.365833
v 47.665979 72.531044 -19.613770
v 35.303703 130.757172 -12.071817
v 35.731447 131.006973 -13.392676
v 47.790737 72.603902 -19.999021
v 47.665979 72.531044 -19.613770
v 36.423550 131.021541 -12.412482
v 35.731447 131.006973 -13.392676
v 35.303703 130.757172 -12.071817
v 47.992601 72.608151 -19.713131
v 47.665979 72.531044 -19.613770
v 47.790737 72.603902 -19.999021
v 35.731447 131.006973 -13.392676
v 37.115654 131.276905 -13.358939
v 48.194464 72.682632 -19.989181
v 47.790737 72.603902 -19.999021
v 36.423550 131.021541 -12.412482
v 37.115654 131.276905 -13.358939
v 35.731447 131.006973 -13.392676
v 47.992601 72.608151 -19.713131
v 47.790737 72.603902 -19.999021
v 48.194464 72.682632 -19.989181
v 37.115654 131.276905 -13.358939
v 37.543397 131.193932 -12.017230
v 48.319223 72.658432 -19.597849
v 48.194464 72.682632 -19.989181
v 36.423550 131.021541 -12.412482
v 37.543397 131.193932 -12.017230
v 37.115654 131.276905 -13.358939
v 47.992601 72.608151 -19.713131
v 48.194464 72.682632 -19.989181
v 48.319223 72.658432 -19.597849
v 37.543397 131.193932 -12.017230
v 36.423550 130.872719 -11.221745
v 47.992601 72.564745 -19.365833
v 48.319223 72.658432 -19.597849
v 36.423550 131.021541 -12.412482
v 36.423550 130.872719 -11.221745
v 37.543397 131.193932 -12.017230
v 47.992601 72.608151 -19.713131
v 48.319223 72.658432 -19.597849
v 47.992601 72.564745 -19.365833
v 42.208075 74.944686 -16.062806
v 46.110360 89.234963 -10.805842
v 50.329499 89.333223 -16.062806
v 50.329499 89.333223 -16.062806
v 46.110360 89.234963 -10.805842
v 45.955862 114.211603 -11.013973
v 49.759475 114.187229 -16.062806
v 42.208075 128.685005 -16.062806
v 49.759475 114.187229 -16.062806
v 45.955862 114.211603 -11.013973
v 42.208075 74.944686 -16.062806
v 38.376325 88.776271 -10.900862
v 46.110360 89.234963 -10.805842
v 46.110360 89.234963 -10.805842
v 38.376325 88.776271 -10.900862
v 38.085639 116.045776 -10.509264
v 45.955862 114.211603 -11.013973
v 42.208075 128.685005 -16.062806
v 45.955862 114.211603 -11.013973
v 38.085639 116.045776 -10.509264
v 42.208075 74.944686 -16.062806
v 34.918706 87.483923 -16.062806
v 38.376325 88.776271 -10.900862
v 38.376325 88.776271 -10.900862
v 34.918706 87.483923 -16.062806
v 34.503051 115.949717 -16.062806
v 38.085639 116.045776 -10.509264
v 42.208075 128.685005 -16.062806
v 38.085639 116.045776 -10.509264
v 34.503051 115.949717 -16.062806
v 42.208075 74.944686 -16.062806
v 38.618462 88.440189 -20.898556
v 34.918706 87.483923 -16.062806
v 34.918706 87.483923 -16.062806
v 38.618462 88.440189 -20.898556
v 38.518994 115.539027 -21.032555
v 34.503051 115.949717 -16.062806
v 42.208075 128.685005 -16.062806
v 34.503051 115.949717 -16.062806
v 38.518994 115.539027 -21.032555
v 42.208075 74.944686 -16.062806
v 46.117336 89.077935 -21.329168
v 38.618462 88.440189 -20.898556
v 38.618462 88.440189 -20.898556
v 46.117336 89.077935 -21.329168
v 45.811038 114.251663 -20.916540
v 38.518994 115.539027 -21.032555
v 42.208075 128.685005 -16.062806
v 38.518994 115.539027 -21.032555
v 45.811038 114.251663 -20.916540
v 42.208075 74.944686 -16.062806
v 50.329499 89.333223 -16.062806
v 46.117336 89.077935 -21.329168
v 46.117336 89.077935 -21.329168
v 50.329499 89.333223 -16.062806
v 49.759475 114.187229 -16.062806
v 45.811038 114.251663 -20.916540
v 42.208075 128.685005 -16.062806
v 45.811038 114.251663 -20.916540
v 49.759475 114.187229 -16.062806
vt 0.000000 0.000000
vt 1.000000 0.000000
vt 1.000000 1.000000
vt 0.000000 1.000000
vt 0.500000 1.000000
vt 0.000000 0.000000
vt 1.000000 0.000000
vt 0.000000 0.000000
vt 1.000000 0.000000
vt 1.000000 1.000000
vt 0.000000 1.000000
vt 0.500000 1.000000
vt 0.000000 0.000000
vt 1.000000 0.000000
vt 0.000000 0.000000
vt 1.000000 0.000000
vt 1.000000 1.000000
vt 0.000000 1.000000
vt 0.500000 1.000000
vt 0.000000 0.000000
vt 1.000000 0.000000
vt 0.000000 0.000000
vt 1.000000 0.000000
vt 1.000000 1.000000
vt 0.000000 1.000000
vt 0.500000 1.000000
vt 0.000000 0.000000
vt 1.000000 0.000000
vt 0.000000 0.000000
vt 1.000000 0.000000
vt 1.000000 1.000000
vt 0.000000 1.000000
vt 0.500000 1.000000
vt 0.000000 0.000000
vt 1.000000 0.000000
vt 0.000000 0.000000
vt 1.000000 0.000000
vt 1.000000 1.000000
vt 0.000000 1.000000
vt 0.500000 1.000000
vt 0.000000 0.000000
vt 1.000000 0.000000
vt 0.000000 0.000000
vt 1.000000 0.000000
vt 1.000000 1.000000
vt 0.000000 1.000000
vt 0.500000 1.000000
vt 0.000000 0.000000
vt 1.000000 0.000000
vt 0.000000 0.000000
vt 1.000000 0.000000
vt 1.000000 1.000000
vt 0.000000 1.000000
vt 0.500000 1.000000
vt 0.000000 0.000000
vt 1.000000 0.000000
vt 0.000000 0.000000
vt 1.000000 0.000000
vt 1.000000 1.000000
vt 0.000000 1.000000
vt 0.500000 1.000000
vt 0.000000 0.000000
vt 1.000000 0.000000
vt 0.000000 0.000000
vt 1.000000 0.000000
vt 1.000000 1.000000
vt 0.000000 1.000000
vt 0.000000 0.000000
vt 1.000000 0.000000
vt 1.000000 1.000000
vt 0.000000 1.000000
vt 0.000000 0.000000
vt 1.000000 0.000000
vt 1.000000 1.000000
vt 0.000000 1.000000
vt 0.000000 0.000000
vt 1.000000 0.000000
vt 1.000000 1.000000
vt 0.000000 1.000000
vt 0.000000 0.000000
vt 1.000000 0.000000
vt 1.000000 1.000000
vt 0.000000 1.000000
vt 0.000000 0.000000
vt 1.000000 0.000000
vt 1.000000 1.000000
vt 0.000000 1.000000
vt 0.000000 0.000000
vt 1.000000 0.000000
vt 1.000000 1.000000
vt 0.000000 1.000000
vt 0.000000 0.000000
vt 1.000000 0.000000
vt 1.000000 1.000000
vt 0.000000 1.000000
vt 0.000000 0.000000
vt 1.000000 0.000000
vt 1.000000 1.000000
vt 0.000000 1.000000
vt 0.000000 0.000000
vt 1.000000 0.000000
vt 1.000000 1.000000
vt 0.000000 1.000000
vt 0.500000 1.000000
vt 0.000000 0.000000
vt 1.000000 0.000000
vt 0.000000 0.000000
vt 1.000000 0.000000
vt 1.000000 1.000000
vt 0.000000 1.000000
vt 0.500000 1.000000
vt 0.000000 0.000000
vt 1.000000 0.000000
vt 0.000000 0.000000
vt 1.000000 0.000000
vt 1.000000 1.000000
vt 0.000000 1.000000
vt 0.500000 1.000000
vt 0.000000 0.000000
vt 1.000000 0.000000
vt 0.000000 0.000000
vt 1.000000 0.000000
vt 1.000000 1.000000
vt 0.000000 1.000000
vt 0.500000 1.000000
vt 0.000000 0.000000
vt 1.000000 0.000000
vt 0.000000 0.000000
vt 1.000000 0.000000
vt 1.000000 1.000000
vt 0.000000 1.000000
vt 0.500000 1.000000
vt 0.000000 0.000000
vt 1.000000 0.000000
vt 0.000000 0.000000
vt 1.000000 0.000000
vt 1.000000 1.000000
vt 0.000000 1.000000
vt 0.500000 1.000000
vt 0.000000 0.000000
vt 1.000000 0.000000
vt 0.000000 0.000000
vt 1.000000 0.000000
vt 1.000000 1.000000
vt 0.000000 1.000000
vt 0.500000 1.000000
vt 0.000000 0.000000
vt 1.000000 0.000000
vt 0.000000 0.000000
vt 1.000000 0.000000
vt 1.000000 1.000000
vt 0.000000 1.000000
vt 0.500000 1.000000
vt 0.000000 0.000000
vt 1.000000 0.000000
vt 0.000000 0.000000
vt 1.000000 0.000000
vt 1.000000 1.000000
vt 0.000000 1.000000
vt 0.500000 1.000000
vt 0.000000 0.000000
vt 1.000000 0.000000
vt 0.000000 0.000000
vt 1.000000 0.000000
vt 1.000000 1.000000
vt 0.000000 1.000000
vt 0.500000 1.000000
vt 0.000000 0.000000
vt 1.000000 0.000000
vt 0.000000 0.000000
vt 1.000000 0.000000
vt 1.000000 1.000000
vt 0.000000 1.000000
vt 0.500000 1.000000
vt 0.000000 0.000000
vt 1.000000 0.000000
vt 0.000000 0.000000
vt 1.000000 0.000000
vt 1.000000 1.000000
vt 0.000000 1.000000
vt 0.500000 1.000000
vt 0.000000 0.000000
vt 1.000000 0.000000
vt 0.000000 0.000000
vt 1.000000 0.000000
vt 1.000000 1.000000
vt 0.000000 1.000000
vt 0.500000 1.000000
vt 0.000000 0.000000
vt 1.000000 0.000000
vt 0.000000 0.000000
vt 1.000000 0.000000
vt 1.000000 1.000000
vt 0.000000 1.000000
vt 0.500000 1.000000
vt 0.000000 0.000000
vt 1.000000 0.000000
vt 0.000000 0.000000
vt 1.000000 0.000000
vt 1.000000 1.000000
vt 0.000000 1.000000
vt 0.500000 1.000000
vt 0.000000 0.000000
vt 1.000000 0.000000
vt 0.000000 0.000000
vt 1.000000 0.000000
vt 1.000000 1.000000
vt 0.000000 1.000000
vt 0.500000 1.000000
vt 0.000000 0.000000
vt 1.000000 0.000000
vt 0.000000 0.000000
vt 1.000000 0.000000
vt 1.000000 1.000000
vt 0.000000 1.000000
vt 0.500000 1.000000
vt 0.000000 0.000000
vt 1.000000 0.000000
vt 0.000000 0.000000
vt 1.000000 0.000000
vt 1.000000 1.000000
vt 0.000000 1.000000
vt 0.500000 1.000000
vt 0.000000 0.000000
vt 1.000000 0.000000
vt 0.000000 0.000000
vt 1.000000 0.000000
vt 1.000000 1.000000
vt 0.000000 1.000000
vt 0.500000 1.000000
vt 0.000000 0.000000
vt 1.000000 0.000000
vt 0.000000 0.000000
vt 1.000000 0.000000
vt 1.000000 1.000000
vt 0.000000 1.000000
vt 0.500000 1.000000
vt 0.000000 0.000000
vt 1.000000 0.000000
vt 0.000000 0.000000
vt 1.000000 0.000000
vt 1.000000 1.000000
vt 0.000000 1.000000
vt 0.500000 1.000000
vt 0.000000 0.000000
vt 1.000000 0.000000
vt 0.000000 0.000000
vt 1.000000 0.000000
vt 1.000000 1.000000
vt 0.000000 1.000000
vt 0.500000 1.000000
vt 0.000000 0.000000
vt 1.000000 0.000000
vt 0.000000 0.000000
vt 1.000000 0.000000
vt 1.000000 1.000000
vt 0.000000 1.000000
vt 0.500000 1.000000
vt 0.000000 0.000000
vt 1.000000 0.000000
vt 0.000000 0.000000
vt 1.000000 0.000000
vt 1.000000 1.000000
vt 0.000000 1.000000
vt 0.500000 1.000000
vt 0.000000 0.000000
vt 1.000000 0.000000
vt 0.000000 0.000000
vt 1.000000 0.000000
vt 1.000000 1.000000
vt 0.000000 1.000000
vt 0.500000 1.000000
vt 0.000000 0.000000
vt 1.000000 0.000000
vt 0.000000 0.000000
vt 1.000000 0.000000
vt 1.000000 1.000000
vt 0.000000 1.000000
vt 0.500000 1.000000
vt 0.000000 0.000000
vt 1.000000 0.000000
vt 0.000000 0.000000
vt 1.000000 0.000000
vt 1.000000 1.000000
vt 0.000000 1.000000
vt 0.500000 1.000000
vt 0.000000 0.000000
vt 1.000000 0.000000
vt 0.000000 0.000000
vt 1.000000 0.000000
vt 1.000000 1.000000
vt 0.000000 1.000000
vt 0.500000 1.000000
vt 0.000000 0.000000
vt 1.000000 0.000000
vt 0.000000 0.000000
vt 1.000000 0.000000
vt 1.000000 1.000000
vt 0.000000 1.000000
vt 0.500000 1.000000
vt 0.000000 0.000000
vt 1.000000 0.000000
vt 0.000000 0.000000
vt 1.000000 0.000000
vt 1.000000 1.000000
vt 0.000000 1.000000
vt 0.500000 1.000000
vt 0.000000 0.000000
vt 1.000000 0.000000
vt 0.000000 0.000000
vt 1.000000 0.000000
vt 1.000000 1.000000
vt 0.000000 1.000000
vt 0.500000 1.000000
vt 0.000000 0.000000
vt 1.000000 0.000000
vt 0.000000 0.000000
vt 1.000000 0.000000
vt 1.000000 1.000000
vt 0.000000 1.000000
vt 0.500000 1.000000
vt 0.000000 0.000000
vt 1.000000 0.000000
vt 0.000000 0.000000
vt 1.000000 0.000000
vt 1.000000 1.000000
vt 0.000000 1.000000
vt 0.500000 1.000000
vt 0.000000 0.000000
vt 1.000000 0.000000
vt 0.000000 0.000000
vt 1.000000 0.000000
vt 1.000000 1.000000
vt 0.000000 1.000000
vt 0.500000 1.000000
vt 0.000000 0.000000
vt 1.000000 0.000000
vt 0.000000 0.000000
vt 1.000000 0.000000
vt 1.000000 1.000000
vt 0.000000 1.000000
vt 0.500000 1.000000
vt 0.000000 0.000000
vt 1.000000 0.000000
vt 0.000000 0.000000
vt 1.000000 0.000000
vt 1.000000 1.000000
vt 0.000000 1.000000
vt 0.500000 1.000000
vt 0.000000 0.000000
vt 1.000000 0.000000
vt 0.000000 0.000000
vt 1.000000 0.000000
vt 1.000000 1.000000
vt 0.000000 1.000000
vt 0.500000 1.000000
vt 0.000000 0.000000
vt 1.000000 0.000000
vt 0.000000 0.000000
vt 1.000000 0.000000
vt 1.000000 1.000000
vt 0.000000 1.000000
vt 0.500000 1.000000
vt 0.000000 0.000000
vt 1.000000 0.000000
vt 0.000000 0.000000
vt 1.000000 0.000000
vt 1.000000 1.000000
vt 0.000000 1.000000
vt 0.500000 1.000000
vt 0.000000 0.000000
vt 1.000000 0.000000
vt 0.000000 0.000000
vt 1.000000 0.000000
vt 1.000000 1.000000
vt 0.000000 1.000000
vt 0.500000 1.000000
vt 0.000000 0.000000
vt 1.000000 0.000000
vt 0.000000 0.000000
vt 1.000000 0.000000
vt 1.000000 1.000000
vt 0.000000 1.000000
vt 0.500000 1.000000
vt 0.000000 0.000000
vt 1.000000 0.000000
vt 0.000000 0.000000
vt 1.000000 0.000000
vt 1.000000 1.000000
vt 0.000000 1.000000
vt 0.500000 1.000000
vt 0.000000 0.000000
vt 1.000000 0.000000
vt 0.000000 0.000000
vt 1.000000 0.000000
vt 1.000000 1.000000
vt 0.000000 1.000000
vt 0.500000 1.000000
vt 0.000000 0.000000
vt 1.000000 0.000000
vt 0.000000 0.000000
vt 1.000000 0.000000
vt 1.000000 1.000000
vt 0.000000 1.000000
vt 0.500000 1.000000
vt 0.000000 0.000000
vt 1.000000 0.000000
vt 0.000000 0.000000
vt 1.000000 0.000000
vt 1.000000 1.000000
vt 0.000000 1.000000
vt 0.500000 1.000000
vt 0.000000 0.000000
vt 1.000000 0.000000
vt 0.000000 0.000000
vt 1.000000 0.000000
vt 1.000000 1.000000
vt 0.000000 1.000000
vt 0.500000 1.000000
vt 0.000000 0.000000
vt 1.000000 0.000000
vt 0.000000 0.000000
vt 1.000000 0.000000
vt 1.000000 1.000000
vt 0.000000 1.000000
vt 0.500000 1.000000
vt 0.000000 0.000000
vt 1.000000 0.000000
vt 0.000000 0.000000
vt 1.000000 0.000000
vt 1.000000 1.000000
vt 0.000000 1.000000
vt 0.500000 1.000000
vt 0.000000 0.000000
vt 1.000000 0.000000
vt 0.000000 0.000000
vt 1.000000 0.000000
vt 1.000000 1.000000
vt 0.000000 1.000000
vt 0.500000 1.000000
vt 0.000000 0.000000
vt 1.000000 0.000000
vt 0.000000 0.000000
vt 1.000000 0.000000
vt 1.000000 1.000000
vt 0.000000 1.000000
vt 0.500000 1.000000
vt 0.000000 0.000000
vt 1.000000 0.000000
vt 0.000000 0.000000
vt 1.000000 0.000000
vt 1.000000 1.000000
vt 0.000000 1.000000
vt 0.500000 1.000000
vt 0.000000 0.000000
vt 1.000000 0.000000
vt 0.000000 0.000000
vt 1.000000 0.000000
vt 1.000000 1.000000
vt 0.000000 1.000000
vt 0.500000 1.000000
vt 0.000000 0.000000
vt 1.000000 0.000000
vt 0.000000 0.000000
vt 1.000000 0.000000
vt 1.000000 1.000000
vt 0.000000 1.000000
vt 0.500000 1.000000
vt 0.000000 0.000000
vt 1.000000 0.000000
vt 0.000000 0.000000
vt 1.000000 0.000000
vt 1.000000 1.000000
vt 0.000000 1.000000
vt 0.500000 1.000000
vt 0.000000 0.000000
vt 1.000000 0.000000
vt 0.000000 0.000000
vt 1.000000 0.000000
vt 1.000000 1.000000
vt 0.000000 1.000000
vt 0.500000 1.000000
vt 0.000000 0.000000
vt 1.000000 0.000000
vt 0.000000 0.000000
vt 1.000000 0.000000
vt 1.000000 1.000000
vt 0.000000 1.000000
vt 0.500000 1.000000
vt 0.000000 0.000000
vt 1.000000 0.000000
vt 0.000000 0.000000
vt 1.000000 0.000000
vt 1.000000 1.000000
vt 0.000000 1.000000
vt 0.500000 1.000000
vt 0.000000 0.000000
vt 1.000000 0.000000
vt 0.000000 0.000000
vt 1.000000 0.000000
vt 1.000000 1.000000
vt 0.000000 1.000000
vt 0.500000 1.000000
vt 0.000000 0.000000
vt 1.000000 0.000000
vt 0.000000 0.000000
vt 1.000000 0.000000
vt 1.000000 1.000000
vt 0.000000 1.000000
vt 0.500000 1.000000
vt 0.000000 0.000000
vt 1.000000 0.000000
vt 0.000000 0.000000
vt 1.000000 0.000000
vt 1.000000 1.000000
vt 0.000000 1.000000
vt 0.500000 1.000000
vt 0.000000 0.000000
vt 1.000000 0.000000
vt 0.000000 0.000000
vt 1.000000 0.000000
vt 1.000000 1.000000
vt 0.000000 1.000000
vt 0.500000 1.000000
vt 0.000000 0.000000
vt 1.000000 0.000000
vt 0.000000 0.000000
vt 1.000000 0.000000
vt 1.000000 1.000000
vt 0.000000 1.000000
vt 0.500000 1.000000
vt 0.000000 0.000000
vt 1.000000 0.000000
vt 0.000000 0.000000
vt 1.000000 0.000000
vt 1.000000 1.000000
vt 0.000000 1.000000
vt 0.500000 1.000000
vt 0.000000 0.000000
vt 1.000000 0.000000
vt 0.000000 0.000000
vt 1.000000 0.000000
vt 1.000000 1.000000
vt 0.000000 1.000000
vt 0.500000 1.000000
vt 0.000000 0.000000
vt 1.000000 0.000000
vt 0.000000 0.000000
vt 1.000000 0.000000
vt 1.000000 1.000000
vt 0.000000 1.000000
vt 0.500000 1.000000
vt 0.000000 0.000000
vt 1.000000 0.000000
vt 0.000000 0.000000
vt 1.000000 0.000000
vt 1.000000 1.000000
vt 0.000000 1.000000
vt 0.500000 1.000000
vt 0.000000 0.000000
vt 1.000000 0.000000
vt 0.000000 0.000000
vt 1.000000 0.000000
vt 1.000000 1.000000
vt 0.000000 1.000000
vt 0.500000 1.000000
vt 0.000000 0.000000
vt 1.000000 0.000000
vt 0.000000 0.000000
vt 1.000000 0.000000
vt 1.000000 1.000000
vt 0.000000 1.000000
vt 0.500000 1.000000
vt 0.000000 0.000000
vt 1.000000 0.000000
vt 0.000000 0.000000
vt 1.000000 0.000000
vt 1.000000 1.000000
vt 0.000000 1.000000
vt 0.500000 1.000000
vt 0.000000 0.000000
vt 1.000000 0.000000
vt 0.000000 0.000000
vt 1.000000 0.000000
vt 1.000000 1.000000
vt 0.000000 1.000000
vt 0.500000 1.000000
vt 0.000000 0.000000
vt 1.000000 0.000000
vt 0.000000 0.000000
vt 1.000000 0.000000
vt 1.000000 1.000000
vt 0.000000 1.000000
vt 0.500000 1.000000
vt 0.000000 0.000000
vt 1.000000 0.000000
vt 0.000000 0.000000
vt 1.000000 0.000000
vt 1.000000 1.000000
vt 0.000000 1.000000
vt 0.500000 1.000000
vt 0.000000 0.000000
vt 1.000000 0.000000
vt 0.000000 0.000000
vt 1.000000 0.000000
vt 1.000000 1.000000
vt 0.000000 1.000000
vt 0.500000 1.000000
vt 0.000000 0.000000
vt 1.000000 0.000000
vt 0.000000 0.000000
vt 1.000000 0.000000
vt 1.000000 1.000000
vt 0.000000 1.000000
vt 0.500000 1.000000
vt 0.000000 0.000000
vt 1.000000 0.000000
vt 0.000000 0.000000
vt 1.000000 0.000000
vt 1.000000 1.000000
vt 0.000000 1.000000
vt 0.500000 1.000000
vt 0.000000 0.000000
vt 1.000000 0.000000
vt 0.000000 0.000000
vt 1.000000 0.000000
vt 1.000000 1.000000
vt 0.000000 1.000000
vt 0.500000 1.000000
vt 0.000000 0.000000
vt 1.000000 0.000000
vt 0.000000 0.000000
vt 1.000000 0.000000
vt 1.000000 1.000000
vt 0.000000 1.000000
vt 0.500000 1.000000
vt 0.000000 0.000000
vt 1.000000 0.000000
vt 0.000000 0.000000
vt 1.000000 0.000000
vt 1.000000 1.000000
vt 0.000000 1.000000
vt 0.500000 1.000000
vt 0.000000 0.000000
vt 1.000000 0.000000
vt 0.000000 0.000000
vt 1.000000 0.000000
vt 1.000000 1.000000
vt 0.000000 1.000000
vt 0.500000 1.000000
vt 0.000000 0.000000
vt 1.000000 0.000000
vt 0.000000 0.000000
vt 1.000000 0.000000
vt 1.000000 1.000000
vt 0.000000 1.000000
vt 0.500000 1.000000
vt 0.000000 0.000000
vt 1.000000 0.000000
vt 0.000000 0.000000
vt 1.000000 0.000000
vt 1.000000 1.000000
vt 0.000000 1.000000
vt 0.500000 1.000000
vt 0.000000 0.000000
vt 1.000000 0.000000
vt 0.000000 0.000000
vt 1.000000 0.000000
vt 1.000000 1.000000
vt 0.000000 1.000000
vt 0.500000 1.000000
vt 0.000000 0.000000
vt 1.000000 0.000000
vt 0.000000 0.000000
vt 1.000000 0.000000
vt 1.000000 1.000000
vt 0.000000 1.000000
vt 0.500000 1.000000
vt 0.000000 0.000000
vt 1.000000 0.000000
vt 0.000000 0.000000
vt 1.000000 0.000000
vt 1.000000 1.000000
vt 0.000000 1.000000
vt 0.500000 1.000000
vt 0.000000 0.000000
vt 1.000000 0.000000
vt 0.000000 0.000000
vt 1.000000 0.000000
vt 1.000000 1.000000
vt 0.000000 1.000000
vt 0.500000 1.000000
vt 0.000000 0.000000
vt 1.000000 0.000000
vt 0.000000 0.000000
vt 1.000000 0.000000
vt 1.000000 1.000000
vt 0.000000 1.000000
vt 0.500000 1.000000
vt 0.000000 0.000000
vt 1.000000 0.000000
vt 0.000000 0.000000
vt 1.000000 0.000000
vt 1.000000 1.000000
vt 0.000000 1.000000
vt 0.500000 1.000000
vt 0.000000 0.000000
vt 1.000000 0.000000
vt 0.000000 0.000000
vt 1.000000 0.000000
vt 1.000000 1.000000
vt 0.000000 1.000000
vt 0.500000 1.000000
vt 0.000000 0.000000
vt 1.000000 0.000000
vt 0.000000 0.000000
vt 1.000000 0.000000
vt 1.000000 1.000000
vt 0.000000 1.000000
vt 0.500000 1.000000
vt 0.000000 0.000000
vt 1.000000 0.000000
vt 0.000000 0.000000
vt 1.000000 0.000000
vt 1.000000 1.000000
vt 0.000000 1.000000
vt 0.500000 1.000000
vt 0.000000 0.000000
vt 1.000000 0.000000
vt 0.000000 0.000000
vt 1.000000 0.000000
vt 1.000000 1.000000
vt 0.000000 1.000000
vt 0.500000 1.000000
vt 0.000000 0.000000
vt 1.000000 0.000000
vt 0.000000 0.000000
vt 1.000000 0.000000
vt 1.000000 1.000000
vt 0.000000 1.000000
vt 0.500000 1.000000
vt 0.000000 0.000000
vt 1.000000 0.000000
vt 0.000000 0.000000
vt 1.000000 0.000000
vt 1.000000 1.000000
vt 0.000000 1.000000
vt 0.500000 1.000000
vt 0.000000 0.000000
vt 1.000000 0.000000
vt 0.000000 0.000000
vt 1.000000 0.000000
vt 1.000000 1.000000
vt 0.000000 1.000000
vt 0.500000 1.000000
vt 0.000000 0.000000
vt 1.000000 0.000000
vt 0.000000 0.000000
vt 1.000000 0.000000
vt 1.000000 1.000000
vt 0.000000 1.000000
vt 0.500000 1.000000
vt 0.000000 0.000000
vt 1.000000 0.000000
vt 0.000000 0.000000
vt 1.000000 0.000000
vt 1.000000 1.000000
vt 0.000000 1.000000
vt 0.500000 1.000000
vt 0.000000 0.000000
vt 1.000000 0.000000
vt 0.000000 0.000000
vt 1.000000 0.000000
vt 1.000000 1.000000
vt 0.000000 1.000000
vt 0.500000 1.000000
vt 0.000000 0.000000
vt 1.000000 0.000000
vt 0.000000 0.000000
vt 1.000000 0.000000
vt 1.000000 1.000000
vt 0.000000 1.000000
vt 0.500000 1.000000
vt 0.000000 0.000000
vt 1.000000 0.000000
vt 0.000000 0.000000
vt 1.000000 0.000000
vt 1.000000 1.000000
vt 0.000000 1.000000
vt 0.500000 1.000000
vt 0.000000 0.000000
vt 1.000000 0.000000
vt 0.000000 0.000000
vt 1.000000 0.000000
vt 1.000000 1.000000
vt 0.000000 1.000000
vt 0.500000 1.000000
vt 0.000000 0.000000
vt 1.000000 0.000000
vt 0.000000 0.000000
vt 1.000000 0.000000
vt 1.000000 1.000000
vt 0.000000 1.000000
vt 0.500000 1.000000
vt 0.000000 0.000000
vt 1.000000 0.000000
vt 0.000000 0.000000
vt 1.000000 0.000000
vt 1.000000 1.000000
vt 0.000000 1.000000
vt 0.500000 1.000000
vt 0.000000 0.000000
vt 1.000000 0.000000
vt 0.000000 0.000000
vt 1.000000 0.000000
vt 1.000000 1.000000
vt 0.000000 1.000000
vt 0.500000 1.000000
vt 0.000000 0.000000
vt 1.000000 0.000000
vt 0.000000 0.000000
vt 1.000000 0.000000
vt 1.000000 1.000000
vt 0.000000 1.000000
vt 0.500000 1.000000
vt 0.000000 0.000000
vt 1.000000 0.000000
vt 0.000000 0.000000
vt 1.000000 0.000000
vt 1.000000 1.000000
vt 0.000000 1.000000
vt 0.500000 1.000000
vt 0.000000 0.000000
vt 1.000000 0.000000
vt 0.500000 1.000000
vt 0.000000 0.000000
vt 1.000000 0.000000
vt 0.000000 0.000000
vt 1.000000 0.000000
vt 1.000000 1.000000
vt 0.000000 1.000000
vt 0.000000 0.000000
vt 1.000000 0.000000
vt 1.000000 1.000000
vt 0.000000 1.000000
vt 0.500000 1.000000
vt 0.000000 0.000000
vt 1.000000 0.000000
vt 0.500000 1.000000
vt 0.000000 0.000000
vt 1.000000 0.000000
vt 0.000000 0.000000
vt 1.000000 0.000000
vt 1.000000 1.000000
vt 0.000000 1.000000
vt 0.000000 0.000000
vt 1.000000 0.000000
vt 1.000000 1.000000
vt 0.000000 1.000000
vt 0.500000 1.000000
vt 0.000000 0.000000
vt 1.000000 0.000000
vt 0.500000 1.000000
vt 0.000000 0.000000
vt 1.000000 0.000000
vt 0.000000 0.000000
vt 1.000000 0.000000
vt 1.000000 1.000000
vt 0.000000 1.000000
vt 0.000000 0.000000
vt 1.000000 0.000000
vt 1.000000 1.000000
vt 0.000000 1.000000
vt 0.500000 1.000000
vt 0.000000 0.000000
vt 1.000000 0.000000
vt 0.500000 1.000000
vt 0.000000 0.000000
vt 1.000000 0.000000
vt 0.000000 0.000000
vt 1.000000 0.000000
vt 1.000000 1.000000
vt 0.000000 1.000000
vt 0.000000 0.000000
vt 1.000000 0.000000
vt 1.000000 1.000000
vt 0.000000 1.000000
vt 0.500000 1.000000
vt 0.000000 0.000000
vt 1.000000 0.000000
vt 0.500000 1.000000
vt 0.000000 0.000000
vt 1.000000 0.000000
vt 0.000000 0.000000
vt 1.000000 0.000000
vt 1.000000 1.000000
vt 0.000000 1.000000
vt 0.000000 0.000000
vt 1.000000 0.000000
vt 1.000000 1.000000
vt 0.000000 1.000000
vt 0.500000 1.000000
vt 0.000000 0.000000
vt 1.000000 0.000000
vt 0.500000 1.000000
vt 0.000000 0.000000
vt 1.000000 0.000000
vt 0.000000 0.000000
vt 1.000000 0.000000
vt 1.000000 1.000000
vt 0.000000 1.000000
vt 0.000000 0.000000
vt 1.000000 0.000000
vt 1.000000 1.000000
vt 0.000000 1.000000
vt 0.500000 1.000000
vt 0.000000 0.000000
vt 1.000000 0.000000
vt 0.500000 1.000000
vt 0.000000 0.000000
vt 1.000000 0.000000
vt 0.000000 0.000000
vt 1.000000 0.000000
vt 1.000000 1.000000
vt 0.000000 1.000000
vt 0.000000 0.000000
vt 1.000000 0.000000
vt 1.000000 1.000000
vt 0.000000 1.000000
vt 0.500000 1.000000
vt 0.000000 0.000000
vt 1.000000 0.000000
vt 0.500000 1.000000
vt 0.000000 0.000000
vt 1.000000 0.000000
vt 0.000000 0.000000
vt 1.000000 0.000000
vt 1.000000 1.000000
vt 0.000000 1.000000
vt 0.000000 0.000000
vt 1.000000 0.000000
vt 1.000000 1.000000
vt 0.000000 1.000000
vt 0.500000 1.000000
vt 0.000000 0.000000
vt 1.000000 0.000000
vt 0.500000 1.000000
vt 0.000000 0.000000
vt 1.000000 0.000000
vt 0.000000 0.000000
vt 1.000000 0.000000
vt 1.000000 1.000000
vt 0.000000 1.000000
vt 0.000000 0.000000
vt 1.000000 0.000000
vt 1.000000 1.000000
vt 0.000000 1.000000
vt 0.500000 1.000000
vt 0.000000 0.000000
vt 1.000000 0.000000
vt 0.500000 1.000000
vt 0.000000 0.000000
vt 1.000000 0.000000
vt 0.000000 0.000000
vt 1.000000 0.000000
vt 1.000000 1.000000
vt 0.000000 1.000000
vt 0.000000 0.000000
vt 1.000000 0.000000
vt 1.000000 1.000000
vt 0.000000 1.000000
vt 0.500000 1.000000
vt 0.000000 0.000000
vt 1.000000 0.000000
vt 0.500000 1.000000
vt 0.000000 0.000000
vt 1.000000 0.000000
vt 0.000000 0.000000
vt 1.000000 0.000000
vt 1.000000 1.000000
vt 0.000000 1.000000
vt 0.000000 0.000000
vt 1.000000 0.000000
vt 1.000000 1.000000
vt 0.000000 1.000000
vt 0.500000 1.000000
vt 0.000000 0.000000
vt 1.000000 0.000000
vt 0.500000 1.000000
vt 0.000000 0.000000
vt 1.000000 0.000000
vt 0.000000 0.000000
vt 1.000000 0.000000
vt 1.000000 1.000000
vt 0.000000 1.000000
vt 0.000000 0.000000
vt 1.000000 0.000000
vt 1.000000 1.000000
vt 0.000000 1.000000
vt 0.500000 1.000000
vt 0.000000 0.000000
vt 1.000000 0.000000
vt 0.500000 1.000000
vt 0.000000 0.000000
vt 1.000000 0.000000
vt 0.000000 0.000000
vt 1.000000 0.000000
vt 1.000000 1.000000
vt 0.000000 1.000000
vt 0.000000 0.000000
vt 1.000000 0.000000
vt 1.000000 1.000000
vt 0.000000 1.000000
vt 0.500000 1.000000
vt 0.000000 0.000000
vt 1.000000 0.000000
vt 0.500000 1.000000
vt 0.000000 0.000000
vt 1.000000 0.000000
vt 0.000000 0.000000
vt 1.000000 0.000000
vt 1.000000 1.000000
vt 0.000000 1.000000
vt 0.000000 0.000000
vt 1.000000 0.000000
vt 1.000000 1.000000
vt 0.000000 1.000000
vt 0.500000 1.000000
vt 0.000000 0.000000
vt 1.000000 0.000000
vt 0.500000 1.000000
vt 0.000000 0.000000
vt 1.000000 0.000000
vt 0.000000 0.000000
vt 1.000000 0.000000
vt 1.000000 1.000000
vt 0.000000 1.000000
vt 0.000000 0.000000
vt 1.000000 0.000000
vt 1.000000 1.000000
vt 0.000000 1.000000
vt 0.500000 1.000000
vt 0.000000 0.000000
vt 1.000000 0.000000
vt 0.500000 1.000000
vt 0.000000 0.000000
vt 1.000000 0.000000
vt 0.000000 0.000000
vt 1.000000 0.000000
vt 1.000000 1.000000
vt 0.000000 1.000000
vt 0.000000 0.000000
vt 1.000000 0.000000
vt 1.000000 1.000000
vt 0.000000 1.000000
vt 0.500000 1.000000
vt 0.000000 0.000000
vt 1.000000 0.000000
vt 0.500000 1.000000
vt 0.000000 0.000000
vt 1.000000 0.000000
vt 0.000000 0.000000
vt 1.000000 0.000000
vt 1.000000 1.000000
vt 0.000000 1.000000
vt 0.000000 0.000000
vt 1.000000 0.000000
vt 1.000000 1.000000
vt 0.000000 1.000000
vt 0.500000 1.000000
vt 0.000000 0.000000
vt 1.000000 0.000000
vt 0.500000 1.000000
vt 0.000000 0.000000
vt 1.000000 0.000000
vt 0.000000 0.000000
vt 1.000000 0.000000
vt 1.000000 1.000000
vt 0.000000 1.000000
vt 0.000000 0.000000
vt 1.000000 0.000000
vt 1.000000 1.000000
vt 0.000000 1.000000
vt 0.500000 1.000000
vt 0.000000 0.000000
vt 1.000000 0.000000
vt 0.500000 1.000000
vt 0.000000 0.000000
vt 1.000000 0.000000
vt 0.000000 0.000000
vt 1.000000 0.000000
vt 1.000000 1.000000
vt 0.000000 1.000000
vt 0.000000 0.000000
vt 1.000000 0.000000
vt 1.000000 1.000000
vt 0.000000 1.000000
vt 0.500000 1.000000
vt 0.000000 0.000000
vt 1.000000 0.000000
vt 0.500000 1.000000
vt 0.000000 0.000000
vt 1.000000 0.000000
vt 0.000000 0.000000
vt 1.000000 0.000000
vt 1.000000 1.000000
vt 0.000000 1.000000
vt 0.000000 0.000000
vt 1.000000 0.000000
vt 1.000000 1.000000
vt 0.000000 1.000000
vt 0.500000 1.000000
vt 0.000000 0.000000
vt 1.000000 0.000000
vt 0.500000 1.000000
vt 0.000000 0.000000
vt 1.000000 0.000000
vt 0.000000 0.000000
vt 1.000000 0.000000
vt 1.000000 1.000000
vt 0.000000 1.000000
vt 0.000000 0.000000
vt 1.000000 0.000000
vt 1.000000 1.000000
vt 0.000000 1.000000
vt 0.500000 1.000000
vt 0.000000 0.000000
vt 1.000000 0.000000
vt 0.500000 1.000000
vt 0.000000 0.000000
vt 1.000000 0.000000
vt 0.000000 0.000000
vt 1.000000 0.000000
vt 1.000000 1.000000
vt 0.000000 1.000000
vt 0.000000 0.000000
vt 1.000000 0.000000
vt 1.000000 1.000000
vt 0.000000 1.000000
vt 0.500000 1.000000
vt 0.000000 0.000000
vt 1.000000 0.000000
vt 0.500000 1.000000
vt 0.000000 0.000000
vt 1.000000 0.000000
vt 0.000000 0.000000
vt 1.000000 0.000000
vt 1.000000 1.000000
vt 0.000000 1.000000
vt 0.000000 0.000000
vt 1.000000 0.000000
vt 1.000000 1.000000
vt 0.000000 1.000000
vt 0.500000 1.000000
vt 0.000000 0.000000
vt 1.000000 0.000000
vt 0.500000 1.000000
vt 0.000000 0.000000
vt 1.000000 0.000000
vt 0.000000 0.000000
vt 1.000000 0.000000
vt 1.000000 1.000000
vt 0.000000 1.000000
vt 0.000000 0.000000
vt 1.000000 0.000000
vt 1.000000 1.000000
vt 0.000000 1.000000
vt 0.500000 1.000000
vt 0.000000 0.000000
vt 1.000000 0.000000
vt 0.500000 1.000000
vt 0.000000 0.000000
vt 1.000000 0.000000
vt 0.000000 0.000000
vt 1.000000 0.000000
vt 1.000000 1.000000
vt 0.000000 1.000000
vt 0.000000 0.000000
vt 1.000000 0.000000
vt 1.000000 1.000000
vt 0.000000 1.000000
vt 0.500000 1.000000
vt 0.000000 0.000000
vt 1.000000 0.000000
vt 0.500000 1.000000
vt 0.000000 0.000000
vt 1.000000 0.000000
vt 0.000000 0.000000
vt 1.000000 0.000000
vt 1.000000 1.000000
vt 0.000000 1.000000
vt 0.000000 0.000000
vt 1.000000 0.000000
vt 1.000000 1.000000
vt 0.000000 1.000000
vt 0.500000 1.000000
vt 0.000000 0.000000
vt 1.000000 0.000000
vt 0.500000 1.000000
vt 0.000000 0.000000
vt 1.000000 0.000000
vt 0.000000 0.000000
vt 1.000000 0.000000
vt 1.000000 1.000000
vt 0.000000 1.000000
vt 0.000000 0.000000
vt 1.000000 0.000000
vt 1.000000 1.000000
vt 0.000000 1.000000
vt 0.500000 1.000000
vt 0.000000 0.000000
vt 1.000000 0.000000
vt 0.500000 1.000000
vt 0.000000 0.000000
vt 1.000000 0.000000
vt 0.000000 0.000000
vt 1.000000 0.000000
vt 1.000000 1.000000
vt 0.000000 1.000000
vt 0.000000 0.000000
vt 1.000000 0.000000
vt 1.000000 1.000000
vt 0.000000 1.000000
vt 0.500000 1.000000
vt 0.000000 0.000000
vt 1.000000 0.000000
vt 0.500000 1.000000
vt 0.000000 0.000000
vt 1.000000 0.000000
vt 0.000000 0.000000
vt 1.000000 0.000000
vt 1.000000 1.000000
vt 0.000000 1.000000
vt 0.000000 0.000000
vt 1.000000 0.000000
vt 1.000000 1.000000
vt 0.000000 1.000000
vt 0.500000 1.000000
vt 0.000000 0.000000
vt 1.000000 0.000000
vt 0.500000 1.000000
vt 0.000000 0.000000
vt 1.000000 0.000000
vt 0.000000 0.000000
vt 1.000000 0.000000
vt 1.000000 1.000000
vt 0.000000 1.000000
vt 0.000000 0.000000
vt 1.000000 0.000000
vt 1.000000 1.000000
vt 0.000000 1.000000
vt 0.500000 1.000000
vt 0.000000 0.000000
vt 1.000000 0.000000
vt 0.500000 1.000000
vt 0.000000 0.000000
vt 1.000000 0.000000
vt 0.000000 0.000000
vt 1.000000 0.000000
vt 1.000000 1.000000
vt 0.000000 1.000000
vt 0.000000 0.000000
vt 1.000000 0.000000
vt 1.000000 1.000000
vt 0.000000 1.000000
vt 0.500000 1.000000
vt 0.000000 0.000000
vt 1.000000 0.000000
vt 0.500000 1.000000
vt 0.000000 0.000000
vt 1.000000 0.000000
vt 0.000000 0.000000
vt 1.000000 0.000000
vt 1.000000 1.000000
vt 0.000000 1.000000
vt 0.000000 0.000000
vt 1.000000 0.000000
vt 1.000000 1.000000
vt 0.000000 1.000000
vt 0.500000 1.000000
vt 0.000000 0.000000
vt 1.000000 0.000000
vt 0.500000 1.000000
vt 0.000000 0.000000
vt 1.000000 0.000000
vt 0.000000 0.000000
vt 1.000000 0.000000
vt 1.000000 1.000000
vt 0.000000 1.000000
vt 0.000000 0.000000
vt 1.000000 0.000000
vt 1.000000 1.000000
vt 0.000000 1.000000
vt 0.500000 1.000000
vt 0.000000 0.000000
vt 1.000000 0.000000
vt 0.500000 1.000000
vt 0.000000 0.000000
vt 1.000000 0.000000
vt 0.000000 0.000000
vt 1.000000 0.000000
vt 1.000000 1.000000
vt 0.000000 1.000000
vt 0.000000 0.000000
vt 1.000000 0.000000
vt 1.000000 1.000000
vt 0.000000 1.000000
vt 0.500000 1.000000
vt 0.000000 0.000000
vt 1.000000 0.000000
vt 0.500000 1.000000
vt 0.000000 0.000000
vt 1.000000 0.000000
vt 0.000000 0.000000
vt 1.000000 0.000000
vt 1.000000 1.000000
vt 0.000000 1.000000
vt 0.000000 0.000000
vt 1.000000 0.000000
vt 1.000000 1.000000
vt 0.000000 1.000000
vt 0.500000 1.000000
vt 0.000000 0.000000
vt 1.000000 0.000000
vt 0.500000 1.000000
vt 0.000000 0.000000
vt 1.000000 0.000000
vt 0.000000 0.000000
vt 1.000000 0.000000
vt 1.000000 1.000000
vt 0.000000 1.000000
vt 0.000000 0.000000
vt 1.000000 0.000000
vt 1.000000 1.000000
vt 0.000000 1.000000
vt 0.500000 1.000000
vt 0.000000 0.000000
vt 1.000000 0.000000
vt 0.500000 1.000000
vt 0.000000 0.000000
vt 1.000000 0.000000
vt 0.000000 0.000000
vt 1.000000 0.000000
vt 1.000000 1.000000
vt 0.000000 1.000000
vt 0.000000 0.000000
vt 1.000000 0.000000
vt 1.000000 1.000000
vt 0.000000 1.000000
vt 0.500000 1.000000
vt 0.000000 0.000000
vt 1.000000 0.000000
vt 0.500000 1.000000
vt 0.000000 0.000000
vt 1.000000 0.000000
vt 0.000000 0.000000
vt 1.000000 0.000000
vt 1.000000 1.000000
vt 0.000000 1.000000
vt 0.000000 0.000000
vt 1.000000 0.000000
vt 1.000000 1.000000
vt 0.000000 1.000000
vt 0.500000 1.000000
vt 0.000000 0.000000
vt 1.000000 0.000000
vt 0.500000 1.000000
vt 0.000000 0.000000
vt 1.000000 0.000000
vt 0.000000 0.000000
vt 1.000000 0.000000
vt 1.000000 1.000000
vt 0.000000 1.000000
vt 0.000000 0.000000
vt 1.000000 0.000000
vt 1.000000 1.000000
vt 0.000000 1.000000
vt 0.500000 1.000000
vt 0.000000 0.000000
vt 1.000000 0.000000
vt 0.500000 1.000000
vt 0.000000 0.000000
vt 1.000000 0.000000
vt 0.000000 0.000000
vt 1.000000 0.000000
vt 1.000000 1.000000
vt 0.000000 1.000000
vt 0.000000 0.000000
vt 1.000000 0.000000
vt 1.000000 1.000000
vt 0.000000 1.000000
vt 0.500000 1.000000
vt 0.000000 0.000000
vt 1.000000 0.000000
vt 0.500000 1.000000
vt 0.000000 0.000000
vt 1.000000 0.000000
vt 0.000000 0.000000
vt 1.000000 0.000000
vt 1.000000 1.000000
vt 0.000000 1.000000
vt 0.000000 0.000000
vt 1.000000 0.000000
vt 1.000000 1.000000
vt 0.000000 1.000000
vt 0.500000 1.000000
vt 0.000000 0.000000
vt 1.000000 0.000000
vt 0.500000 1.000000
vt 0.000000 0.000000
vt 1.000000 0.000000
vt 0.000000 0.000000
vt 1.000000 0.000000
vt 1.000000 1.000000
vt 0.000000 1.000000
vt 0.000000 0.000000
vt 1.000000 0.000000
vt 1.000000 1.000000
vt 0.000000 1.000000
vt 0.500000 1.000000
vt 0.000000 0.000000
vt 1.000000 0.000000
vt 0.500000 1.000000
vt 0.000000 0.000000
vt 1.000000 0.000000
vt 0.000000 0.000000
vt 1.000000 0.000000
vt 1.000000 1.000000
vt 0.000000 1.000000
vt 0.000000 0.000000
vt 1.000000 0.000000
vt 1.000000 1.000000
vt 0.000000 1.000000
vt 0.500000 1.000000
vt 0.000000 0.000000
vt 1.000000 0.000000
vt 0.500000 1.000000
vt 0.000000 0.000000
vt 1.000000 0.000000
vt 0.000000 0.000000
vt 1.000000 0.000000
vt 1.000000 1.000000
vt 0.000000 1.000000
vt 0.000000 0.000000
vt 1.000000 0.000000
vt 1.000000 1.000000
vt 0.000000 1.000000
vt 0.500000 1.000000
vt 0.000000 0.000000
vt 1.000000 0.000000
vt 0.500000 1.000000
vt 0.000000 0.000000
vt 1.000000 0.000000
vt 0.000000 0.000000
vt 1.000000 0.000000
vt 1.000000 1.000000
vt 0.000000 1.000000
vt 0.000000 0.000000
vt 1.000000 0.000000
vt 1.000000 1.000000
vt 0.000000 1.000000
vt 0.500000 1.000000
vt 0.000000 0.000000
vt 1.000000 0.000000
vt 0.500000 1.000000
vt 0.000000 0.000000
vt 1.000000 0.000000
vt 0.000000 0.000000
vt 1.000000 0.000000
vt 1.000000 1.000000
vt 0.000000 1.000000
vt 0.000000 0.000000
vt 1.000000 0.000000
vt 1.000000 1.000000
vt 0.000000 1.000000
vt 0.500000 1.000000
vt 0.000000 0.000000
vt 1.000000 0.000000
vt 0.500000 1.000000
vt 0.000000 0.000000
vt 1.000000 0.000000
vt 0.000000 0.000000
vt 1.000000 0.000000
vt 1.000000 1.000000
vt 0.000000 1.000000
vt 0.000000 0.000000
vt 1.000000 0.000000
vt 1.000000 1.000000
vt 0.000000 1.000000
vt 0.500000 1.000000
vt 0.000000 0.000000
vt 1.000000 0.000000
vt 0.500000 1.000000
vt 0.000000 0.000000
vt 1.000000 0.000000
vt 0.000000 0.000000
vt 1.000000 0.000000
vt 1.000000 1.000000
vt 0.000000 1.000000
vt 0.000000 0.000000
vt 1.000000 0.000000
vt 1.000000 1.000000
vt 0.000000 1.000000
vt 0.500000 1.000000
vt 0.000000 0.000000
vt 1.000000 0.000000
vt 0.500000 1.000000
vt 0.000000 0.000000
vt 1.000000 0.000000
vt 0.000000 0.000000
vt 1.000000 0.000000
vt 1.000000 1.000000
vt 0.000000 1.000000
vt 0.000000 0.000000
vt 1.000000 0.000000
vt 1.000000 1.000000
vt 0.000000 1.000000
vt 0.500000 1.000000
vt 0.000000 0.000000
vt 1.000000 0.000000
vt 0.500000 1.000000
vt 0.000000 0.000000
vt 1.000000 0.000000
vt 0.000000 0.000000
vt 1.000000 0.000000
vt 1.000000 1.000000
vt 0.000000 1.000000
vt 0.000000 0.000000
vt 1.000000 0.000000
vt 1.000000 1.000000
vt 0.000000 1.000000
vt 0.500000 1.000000
vt 0.000000 0.000000
vt 1.000000 0.000000
vt 0.500000 1.000000
vt 0.000000 0.000000
vt 1.000000 0.000000
vt 0.000000 0.000000
vt 1.000000 0.000000
vt 1.000000 1.000000
vt 0.000000 1.000000
vt 0.000000 0.000000
vt 1.000000 0.000000
vt 1.000000 1.000000
vt 0.000000 1.000000
vt 0.500000 1.000000
vt 0.000000 0.000000
vt 1.000000 0.000000
vt 0.500000 1.000000
vt 0.000000 0.000000
vt 1.000000 0.000000
vt 0.000000 0.000000
vt 1.000000 0.000000
vt 1.000000 1.000000
vt 0.000000 1.000000
vt 0.000000 0.000000
vt 1.000000 0.000000
vt 1.000000 1.000000
vt 0.000000 1.000000
vt 0.500000 1.000000
vt 0.000000 0.000000
vt 1.000000 0.000000
vt 0.500000 1.000000
vt 0.000000 0.000000
vt 1.000000 0.000000
vt 0.000000 0.000000
vt 1.000000 0.000000
vt 1.000000 1.000000
vt 0.000000 1.000000
vt 0.000000 0.000000
vt 1.000000 0.000000
vt 1.000000 1.000000
vt 0.000000 1.000000
vt 0.500000 1.000000
vt 0.000000 0.000000
vt 1.000000 0.000000
vt 0.500000 1.000000
vt 0.000000 0.000000
vt 1.000000 0.000000
vt 0.000000 0.000000
vt 1.000000 0.000000
vt 1.000000 1.000000
vt 0.000000 1.000000
vt 0.000000 0.000000
vt 1.000000 0.000000
vt 1.000000 1.000000
vt 0.000000 1.000000
vt 0.500000 1.000000
vt 0.000000 0.000000
vt 1.000000 0.000000
vt 0.500000 1.000000
vt 0.000000 0.000000
vt 1.000000 0.000000
vt 0.000000 0.000000
vt 1.000000 0.000000
vt 1.000000 1.000000
vt 0.000000 1.000000
vt 0.000000 0.000000
vt 1.000000 0.000000
vt 1.000000 1.000000
vt 0.000000 1.000000
vt 0.500000 1.000000
vt 0.000000 0.000000
vt 1.000000 0.000000
vt 0.500000 1.000000
vt 0.000000 0.000000
vt 1.000000 0.000000
vt 0.000000 0.000000
vt 1.000000 0.000000
vt 1.000000 1.000000
vt 0.000000 1.000000
vt 0.000000 0.000000
vt 1.000000 0.000000
vt 1.000000 1.000000
vt 0.000000 1.000000
vt 0.500000 1.000000
vt 0.000000 0.000000
vt 1.000000 0.000000
vt 0.500000 1.000000
vt 0.000000 0.000000
vt 1.000000 0.000000
vt 0.000000 0.000000
vt 1.000000 0.000000
vt 1.000000 1.000000
vt 0.000000 1.000000
vt 0.000000 0.000000
vt 1.000000 0.000000
vt 1.000000 1.000000
vt 0.000000 1.000000
vt 0.500000 1.000000
vt 0.000000 0.000000
vt 1.000000 0.000000
vt 0.500000 1.000000
vt 0.000000 0.000000
vt 1.000000 0.000000
vt 0.000000 0.000000
vt 1.000000 0.000000
vt 1.000000 1.000000
vt 0.000000 1.000000
vt 0.000000 0.000000
vt 1.000000 0.000000
vt 1.000000 1.000000
vt 0.000000 1.000000
vt 0.500000 1.000000
vt 0.000000 0.000000
vt 1.000000 0.000000
vt 0.500000 1.000000
vt 0.000000 0.000000
vt 1.000000 0.000000
vt 0.000000 0.000000
vt 1.000000 0.000000
vt 1.000000 1.000000
vt 0.000000 1.000000
vt 0.000000 0.000000
vt 1.000000 0.000000
vt 1.000000 1.000000
vt 0.000000 1.000000
vt 0.500000 1.000000
vt 0.000000 0.000000
vt 1.000000 0.000000
vt 0.500000 1.000000
vt 0.000000 0.000000
vt 1.000000 0.000000
vt 0.000000 0.000000
vt 1.000000 0.000000
vt 1.000000 1.000000
vt 0.000000 1.000000
vt 0.000000 0.000000
vt 1.000000 0.000000
vt 1.000000 1.000000
vt 0.000000 1.000000
vt 0.500000 1.000000
vt 0.000000 0.000000
vt 1.000000 0.000000
vt 0.500000 1.000000
vt 0.000000 0.000000
vt 1.000000 0.000000
vt 0.000000 0.000000
vt 1.000000 0.000000
vt 1.000000 1.000000
vt 0.000000 1.000000
vt 0.000000 0.000000
vt 1.000000 0.000000
vt 1.000000 1.000000
vt 0.000000 1.000000
vt 0.500000 1.000000
vt 0.000000 0.000000
vt 1.000000 0.000000
vt 0.500000 1.000000
vt 0.000000 0.000000
vt 1.000000 0.000000
vt 0.000000 0.000000
vt 1.000000 0.000000
vt 1.000000 1.000000
vt 0.000000 1.000000
vt 0.000000 0.000000
vt 1.000000 0.000000
vt 1.000000 1.000000
vt 0.000000 1.000000
vt 0.500000 1.000000
vt 0.000000 0.000000
vt 1.000000 0.000000
vt 0.500000 1.000000
vt 0.000000 0.000000
vt 1.000000 0.000000
vt 0.000000 0.000000
vt 1.000000 0.000000
vt 1.000000 1.000000
vt 0.000000 1.000000
vt 0.000000 0.000000
vt 1.000000 0.000000
vt 1.000000 1.000000
vt 0.000000 1.000000
vt 0.500000 1.000000
vt 0.000000 0.000000
vt 1.000000 0.000000
vt 0.500000 1.000000
vt 0.000000 0.000000
vt 1.000000 0.000000
vt 0.000000 0.000000
vt 1.000000 0.000000
vt 1.000000 1.000000
vt 0.000000 1.000000
vt 0.000000 0.000000
vt 1.000000 0.000000
vt 1.000000 1.000000
vt 0.000000 1.000000
vt 0.500000 1.000000
vt 0.000000 0.000000
vt 1.000000 0.000000
vt 0.500000 1.000000
vt 0.000000 0.000000
vt 1.000000 0.000000
vt 0.000000 0.000000
vt 1.000000 0.000000
vt 1.000000 1.000000
vt 0.000000 1.000000
vt 0.000000 0.000000
vt 1.000000 0.000000
vt 1.000000 1.000000
vt 0.000000 1.000000
vt 0.500000 1.000000
vt 0.000000 0.000000
vt 1.000000 0.000000
vt 0.500000 1.000000
vt 0.000000 0.000000
vt 1.000000 0.000000
vt 0.000000 0.000000
vt 1.000000 0.000000
vt 1.000000 1.000000
vt 0.000000 1.000000
vt 0.000000 0.000000
vt 1.000000 0.000000
vt 1.000000 1.000000
vt 0.000000 1.000000
vt 0.500000 1.000000
vt 0.000000 0.000000
vt 1.000000 0.000000
vt 0.500000 1.000000
vt 0.000000 0.000000
vt 1.000000 0.000000
vt 0.000000 0.000000
vt 1.000000 0.000000
vt 1.000000 1.000000
vt 0.000000 1.000000
vt 0.000000 0.000000
vt 1.000000 0.000000
vt 1.000000 1.000000
vt 0.000000 1.000000
vt 0.500000 1.000000
vt 0.000000 0.000000
vt 1.000000 0.000000
vt 0.500000 1.000000
vt 0.000000 0.000000
vt 1.000000 0.000000
vt 0.000000 0.000000
vt 1.000000 0.000000
vt 1.000000 1.000000
vt 0.000000 1.000000
vt 0.000000 0.000000
vt 1.000000 0.000000
vt 1.000000 1.000000
vt 0.000000 1.000000
vt 0.500000 1.000000
vt 0.000000 0.000000
vt 1.000000 0.000000
vt 0.500000 1.000000
vt 0.000000 0.000000
vt 1.000000 0.000000
vt 0.000000 0.000000
vt 1.000000 0.000000
vt 1.000000 1.000000
vt 0.000000 1.000000
vt 0.000000 0.000000
vt 1.000000 0.000000
vt 1.000000 1.000000
vt 0.000000 1.000000
vt 0.500000 1.000000
vt 0.000000 0.000000
vt 1.000000 0.000000
vt 0.500000 1.000000
vt 0.000000 0.000000
vt 1.000000 0.000000
vt 0.000000 0.000000
vt 1.000000 0.000000
vt 1.000000 1.000000
vt 0.000000 1.000000
vt 0.000000 0.000000
vt 1.000000 0.000000
vt 1.000000 1.000000
vt 0.000000 1.000000
vt 0.500000 1.000000
vt 0.000000 0.000000
vt 1.000000 0.000000
vt 0.500000 1.000000
vt 0.000000 0.000000
vt 1.000000 0.000000
vt 0.000000 0.000000
vt 1.000000 0.000000
vt 1.000000 1.000000
vt 0.000000 1.000000
vt 0.000000 0.000000
vt 1.000000 0.000000
vt 1.000000 1.000000
vt 0.000000 1.000000
vt 0.500000 1.000000
vt 0.000000 0.000000
vt 1.000000 0.000000
vt 0.500000 1.000000
vt 0.000000 0.000000
vt 1.000000 0.000000
vt 0.000000 0.000000
vt 1.000000 0.000000
vt 1.000000 1.000000
vt 0.000000 1.000000
vt 0.000000 0.000000
vt 1.000000 0.000000
vt 1.000000 1.000000
vt 0.000000 1.000000
vt 0.500000 1.000000
vt 0.000000 0.000000
vt 1.000000 0.000000
vt 0.000000 0.000000
vt 1.000000 0.000000
vt 1.000000 1.000000
vt 0.000000 1.000000
vt 0.500000 1.000000
vt 0.000000 0.000000
vt 1.000000 0.000000
vt 0.500000 1.000000
vt 0.000000 0.000000
vt 1.000000 0.000000
vt 0.000000 0.000000
vt 1.000000 0.000000
vt 1.000000 1.000000
vt 0.000000 1.000000
vt 0.500000 1.000000
vt 0.000000 0.000000
vt 1.000000 0.000000
vt 0.500000 1.000000
vt 0.000000 0.000000
vt 1.000000 0.000000
vt 0.000000 0.000000
vt 1.000000 0.000000
vt 1.000000 1.000000
vt 0.000000 1.000000
vt 0.500000 1.000000
vt 0.000000 0.000000
vt 1.000000 0.000000
vt 0.500000 1.000000
vt 0.000000 0.000000
vt 1.000000 0.000000
vt 0.000000 0.000000
vt 1.000000 0.000000
vt 1.000000 1.000000
vt 0.000000 1.000000
vt 0.500000 1.000000
vt 0.000000 0.000000
vt 1.000000 0.000000
vt 0.500000 1.000000
vt 0.000000 0.000000
vt 1.000000 0.000000
vt 0.000000 0.000000
vt 1.000000 0.000000
vt 1.000000 1.000000
vt 0.000000 1.000000
vt 0.500000 1.000000
vt 0.000000 0.000000
vt 1.000000 0.000000
vt 0.500000 1.000000
vt 0.000000 0.000000
vt 1.000000 0.000000
vt 0.500000 1.000000
vt 0.000000 0.000000
vt 1.000000 0.000000
vt 0.000000 0.000000
vt 1.000000 0.000000
vt 1.000000 1.000000
vt 0.000000 1.000000
vt 0.500000 1.000000
vt 0.000000 0.000000
vt 1.000000 0.000000
vt 0.500000 1.000000
vt 0.000000 0.000000
vt 1.000000 0.000000
vt 0.000000 0.000000
vt 1.000000 0.000000
vt 1.000000 1.000000
vt 0.000000 1.000000
vt 0.500000 1.000000
vt 0.000000 0.000000
vt 1.000000 0.000000
vt 0.500000 1.000000
vt 0.000000 0.000000
vt 1.000000 0.000000
vt 0.000000 0.000000
vt 1.000000 0.000000
vt 1.000000 1.000000
vt 0.000000 1.000000
vt 0.500000 1.000000
vt 0.000000 0.000000
vt 1.000000 0.000000
vt 0.500000 1.000000
vt 0.000000 0.000000
vt 1.000000 0.000000
vt 0.000000 0.000000
vt 1.000000 0.000000
vt 1.000000 1.000000
vt 0.000000 1.000000
vt 0.500000 1.000000
vt 0.000000 0.000000
vt 1.000000 0.000000
vt 0.500000 1.000000
vt 0.000000 0.000000
vt 1.000000 0.000000
vt 0.000000 0.000000
vt 1.000000 0.000000
vt 1.000000 1.000000
vt 0.000000 1.000000
vt 0.500000 1.000000
vt 0.000000 0.000000
vt 1.000000 0.000000
vt 0.500000 1.000000
vt 0.000000 0.000000
vt 1.000000 0.000000
vt 0.000000 0.000000
vt 1.000000 0.000000
vt 1.000000 1.000000
vt 0.000000 1.000000
vt 0.500000 1.000000
vt 0.000000 0.000000
vt 1.000000 0.000000
vt 0.000000 0.000000
vt 1.000000 0.000000
vt 1.000000 1.000000
vt 0.000000 1.000000
vt 0.500000 1.000000
vt 0.000000 0.000000
vt 1.000000 0.000000
vt 0.500000 1.000000
vt 0.000000 0.000000
vt 1.000000 0.000000
vt 0.000000 0.000000
vt 1.000000 0.000000
vt 1.000000 1.000000
vt 0.000000 1.000000
vt 0.500000 1.000000
vt 0.000000 0.000000
vt 1.000000 0.000000
vt 0.500000 1.000000
vt 0.000000 0.000000
vt 1.000000 0.000000
vt 0.000000 0.000000
vt 1.000000 0.000000
vt 1.000000 1.000000
vt 0.000000 1.000000
vt 0.500000 1.000000
vt 0.000000 0.000000
vt 1.000000 0.000000
vt 0.500000 1.000000
vt 0.000000 0.000000
vt 1.000000 0.000000
vt 0.000000 0.000000
vt 1.000000 0.000000
vt 1.000000 1.000000
vt 0.000000 1.000000
vt 0.500000 1.000000
vt 0.000000 0.000000
vt 1.000000 0.000000
vt 0.500000 1.000000
vt 0.000000 0.000000
vt 1.000000 0.000000
vt 0.000000 0.000000
vt 1.000000 0.000000
vt 1.000000 1.000000
vt 0.000000 1.000000
vt 0.500000 1.000000
vt 0.000000 0.000000
vt 1.000000 0.000000
vt 0.500000 1.000000
vt 0.000000 0.000000
vt 1.000000 0.000000
vt 0.500000 1.000000
vt 0.000000 0.000000
vt 1.000000 0.000000
vt 0.000000 0.000000
vt 1.000000 0.000000
vt 1.000000 1.000000
vt 0.000000 1.000000
vt 0.500000 1.000000
vt 0.000000 0.000000
vt 1.000000 0.000000
vt 0.500000 1.000000
vt 0.000000 0.000000
vt 1.000000 0.000000
vt 0.000000 0.000000
vt 1.000000 0.000000
vt 1.000000 1.000000
vt 0.000000 1.000000
vt 0.500000 1.000000
vt 0.000000 0.000000
vt 1.000000 0.000000
vt 0.500000 1.000000
vt 0.000000 0.000000
vt 1.000000 0.000000
vt 0.000000 0.000000
vt 1.000000 0.000000
vt 1.000000 1.000000
vt 0.000000 1.000000
vt 0.500000 1.000000
vt 0.000000 0.000000
vt 1.000000 0.000000
vt 0.500000 1.000000
vt 0.000000 0.000000
vt 1.000000 0.000000
vt 0.000000 0.000000
vt 1.000000 0.000000
vt 1.000000 1.000000
vt 0.000000 1.000000
vt 0.500000 1.000000
vt 0.000000 0.000000
vt 1.000000 0.000000
vt 0.500000 1.000000
vt 0.000000 0.000000
vt 1.000000 0.000000
vt 0.000000 0.000000
vt 1.000000 0.000000
vt 1.000000 1.000000
vt 0.000000 1.000000
vt 0.500000 1.000000
vt 0.000000 0.000000
vt 1.000000 0.000000
vt 0.500000 1.000000
vt 0.000000 0.000000
vt 1.000000 0.000000
vt 0.000000 0.000000
vt 1.000000 0.000000
vt 1.000000 1.000000
vt 0.000000 1.000000
vt 0.500000 1.000000
vt 0.000000 0.000000
vt 1.000000 0.000000
vt 0.000000 0.000000
vt 1.000000 0.000000
vt 1.000000 1.000000
vt 0.000000 1.000000
vt 0.500000 1.000000
vt 0.000000 0.000000
vt 1.000000 0.000000
vt 0.500000 1.000000
vt 0.000000 0.000000
vt 1.000000 0.000000
vt 0.000000 0.000000
vt 1.000000 0.000000
vt 1.000000 1.000000
vt 0.000000 1.000000
vt 0.500000 1.000000
vt 0.000000 0.000000
vt 1.000000 0.000000
vt 0.500000 1.000000
vt 0.000000 0.000000
vt 1.000000 0.000000
vt 0.000000 0.000000
vt 1.000000 0.000000
vt 1.000000 1.000000
vt 0.000000 1.000000
vt 0.500000 1.000000
vt 0.000000 0.000000
vt 1.000000 0.000000
vt 0.500000 1.000000
vt 0.000000 0.000000
vt 1.000000 0.000000
vt 0.000000 0.000000
vt 1.000000 0.000000
vt 1.000000 1.000000
vt 0.000000 1.000000
vt 0.500000 1.000000
vt 0.000000 0.000000
vt 1.000000 0.000000
vt 0.500000 1.000000
vt 0.000000 0.000000
vt 1.000000 0.000000
vt 0.000000 0.000000
vt 1.000000 0.000000
vt 1.000000 1.000000
vt 0.000000 1.000000
vt 0.500000 1.000000
vt 0.000000 0.000000
vt 1.000000 0.000000
vt 0.500000 1.000000
vt 0.000000 0.000000
vt 1.000000 0.000000
vt 0.500000 1.000000
vt 0.000000 0.000000
vt 1.000000 0.000000
vt 0.000000 0.000000
vt 1.000000 0.000000
vt 1.000000 1.000000
vt 0.000000 1.000000
vt 0.500000 1.000000
vt 0.000000 0.000000
vt 1.000000 0.000000
vt 0.500000 1.000000
vt 0.000000 0.000000
vt 1.000000 0.000000
vt 0.000000 0.000000
vt 1.000000 0.000000
vt 1.000000 1.000000
vt 0.000000 1.000000
vt 0.500000 1.000000
vt 0.000000 0.000000
vt 1.000000 0.000000
vt 0.500000 1.000000
vt 0.000000 0.000000
vt 1.000000 0.000000
vt 0.000000 0.000000
vt 1.000000 0.000000
vt 1.000000 1.000000
vt 0.000000 1.000000
vt 0.500000 1.000000
vt 0.000000 0.000000
vt 1.000000 0.000000
vt 0.500000 1.000000
vt 0.000000 0.000000
vt 1.000000 0.000000
vt 0.000000 0.000000
vt 1.000000 0.000000
vt 1.000000 1.000000
vt 0.000000 1.000000
vt 0.500000 1.000000
vt 0.000000 0.000000
vt 1.000000 0.000000
vt 0.500000 1.000000
vt 0.000000 0.000000
vt 1.000000 0.000000
vt 0.000000 0.000000
vt 1.000000 0.000000
vt 1.000000 1.000000
vt 0.000000 1.000000
vt 0.500000 1.000000
vt 0.000000 0.000000
vt 1.000000 0.000000
vt 0.500000 1.000000
vt 0.000000 0.000000
vt 1.000000 0.000000
vt 0.000000 0.000000
vt 1.000000 0.000000
vt 1.000000 1.000000
vt 0.000000 1.000000
vt 0.500000 1.000000
vt 0.000000 0.000000
vt 1.000000 0.000000
vt 0.000000 0.000000
vt 1.000000 0.000000
vt 1.000000 1.000000
vt 0.000000 1.000000
vt 0.500000 1.000000
vt 0.000000 0.000000
vt 1.000000 0.000000
vt 0.500000 1.000000
vt 0.000000 0.000000
vt 1.000000 0.000000
vt 0.000000 0.000000
vt 1.000000 0.000000
vt 1.000000 1.000000
vt 0.000000 1.000000
vt 0.500000 1.000000
vt 0.000000 0.000000
vt 1.000000 0.000000
vt 0.500000 1.000000
vt 0.000000 0.000000
vt 1.000000 0.000000
vt 0.000000 0.000000
vt 1.000000 0.000000
vt 1.000000 1.000000
vt 0.000000 1.000000
vt 0.500000 1.000000
vt 0.000000 0.000000
vt 1.000000 0.000000
vt 0.500000 1.000000
vt 0.000000 0.000000
vt 1.000000 0.000000
vt 0.000000 0.000000
vt 1.000000 0.000000
vt 1.000000 1.000000
vt 0.000000 1.000000
vt 0.500000 1.000000
vt 0.000000 0.000000
vt 1.000000 0.000000
vt 0.500000 1.000000
vt 0.000000 0.000000
vt 1.000000 0.000000
vt 0.000000 0.000000
vt 1.000000 0.000000
vt 1.000000 1.000000
vt 0.000000 1.000000
vt 0.500000 1.000000
vt 0.000000 0.000000
vt 1.000000 0.000000
vt 0.500000 1.000000
vt 0.000000 0.000000
vt 1.000000 0.000000
vt 0.500000 1.000000
vt 0.000000 0.000000
vt 1.000000 0.000000
vt 0.000000 0.000000
vt 1.000000 0.000000
vt 1.000000 1.000000
vt 0.000000 1.000000
vt 0.500000 1.000000
vt 0.000000 0.000000
vt 1.000000 0.000000
vt 0.500000 1.000000
vt 0.000000 0.000000
vt 1.000000 0.000000
vt 0.000000 0.000000
vt 1.000000 0.000000
vt 1.000000 1.000000
vt 0.000000 1.000000
vt 0.500000 1.000000
vt 0.000000 0.000000
vt 1.000000 0.000000
vt 0.500000 1.000000
vt 0.000000 0.000000
vt 1.000000 0.000000
vt 0.000000 0.000000
vt 1.000000 0.000000
vt 1.000000 1.000000
vt 0.000000 1.000000
vt 0.500000 1.000000
vt 0.000000 0.000000
vt 1.000000 0.000000
vt 0.500000 1.000000
vt 0.000000 0.000000
vt 1.000000 0.000000
vt 0.000000 0.000000
vt 1.000000 0.000000
vt 1.000000 1.000000
vt 0.000000 1.000000
vt 0.500000 1.000000
vt 0.000000 0.000000
vt 1.000000 0.000000
vt 0.500000 1.000000
vt 0.000000 0.000000
vt 1.000000 0.000000
vt 0.000000 0.000000
vt 1.000000 0.000000
vt 1.000000 1.000000
vt 0.000000 1.000000
vt 0.500000 1.000000
vt 0.000000 0.000000
vt 1.000000 0.000000
vt 0.500000 1.000000
vt 0.000000 0.000000
vt 1.000000 0.000000
vt 0.000000 0.000000
vt 1.000000 0.000000
vt 1.000000 1.000000
vt 0.000000 1.000000
vt 0.500000 1.000000
vt 0.000000 0.000000
vt 1.000000 0.000000
vt 0.000000 0.000000
vt 1.000000 0.000000
vt 1.000000 1.000000
vt 0.000000 1.000000
vt 0.500000 1.000000
vt 0.000000 0.000000
vt 1.000000 0.000000
vt 0.500000 1.000000
vt 0.000000 0.000000
vt 1.000000 0.000000
vt 0.000000 0.000000
vt 1.000000 0.000000
vt 1.000000 1.000000
vt 0.000000 1.000000
vt 0.500000 1.000000
vt 0.000000 0.000000
vt 1.000000 0.000000
vt 0.500000 1.000000
vt 0.000000 0.000000
vt 1.000000 0.000000
vt 0.000000 0.000000
vt 1.000000 0.000000
vt 1.000000 1.000000
vt 0.000000 1.000000
vt 0.500000 1.000000
vt 0.000000 0.000000
vt 1.000000 0.000000
vt 0.500000 1.000000
vt 0.000000 0.000000
vt 1.000000 0.000000
vt 0.000000 0.000000
vt 1.000000 0.000000
vt 1.000000 1.000000
vt 0.000000 1.000000
vt 0.500000 1.000000
vt 0.000000 0.000000
vt 1.000000 0.000000
vt 0.500000 1.000000
vt 0.000000 0.000000
vt 1.000000 0.000000
vt 0.000000 0.000000
vt 1.000000 0.000000
vt 1.000000 1.000000
vt 0.000000 1.000000
vt 0.500000 1.000000
vt 0.000000 0.000000
vt 1.000000 0.000000
vt 0.500000 1.000000
vt 0.000000 0.000000
vt 1.000000 0.000000
vt 0.500000 1.000000
vt 0.000000 0.000000
vt 1.000000 0.000000
vt 0.000000 0.000000
vt 1.000000 0.000000
vt 1.000000 1.000000
vt 0.000000 1.000000
vt 0.500000 1.000000
vt 0.000000 0.000000
vt 1.000000 0.000000
vt 0.500000 1.000000
vt 0.000000 0.000000
vt 1.000000 0.000000
vt 0.000000 0.000000
vt 1.000000 0.000000
vt 1.000000 1.000000
vt 0.000000 1.000000
vt 0.500000 1.000000
vt 0.000000 0.000000
vt 1.000000 0.000000
vt 0.500000 1.000000
vt 0.000000 0.000000
vt 1.000000 0.000000
vt 0.000000 0.000000
vt 1.000000 0.000000
vt 1.000000 1.000000
vt 0.000000 1.000000
vt 0.500000 1.000000
vt 0.000000 0.000000
vt 1.000000 0.000000
vt 0.500000 1.000000
vt 0.000000 0.000000
vt 1.000000 0.000000
vt 0.000000 0.000000
vt 1.000000 0.000000
vt 1.000000 1.000000
vt 0.000000 1.000000
vt 0.500000 1.000000
vt 0.000000 0.000000
vt 1.000000 0.000000
vt 0.500000 1.000000
vt 0.000000 0.000000
vt 1.000000 0.000000
vt 0.000000 0.000000
vt 1.000000 0.000000
vt 1.000000 1.000000
vt 0.000000 1.000000
vt 0.500000 1.000000
vt 0.000000 0.000000
vt 1.000000 0.000000
vt 0.500000 1.000000
vt 0.000000 0.000000
vt 1.000000 0.000000
vt 0.000000 0.000000
vt 1.000000 0.000000
vt 1.000000 1.000000
vt 0.000000 1.000000
vt 0.500000 1.000000
vt 0.000000 0.000000
vt 1.000000 0.000000
vt 0.000000 0.000000
vt 1.000000 0.000000
vt 1.000000 1.000000
vt 0.000000 1.000000
vt 0.500000 1.000000
vt 0.000000 0.000000
vt 1.000000 0.000000
vt 0.500000 1.000000
vt 0.000000 0.000000
vt 1.000000 0.000000
vt 0.000000 0.000000
vt 1.000000 0.000000
vt 1.000000 1.000000
vt 0.000000 1.000000
vt 0.500000 1.000000
vt 0.000000 0.000000
vt 1.000000 0.000000
vt 0.500000 1.000000
vt 0.000000 0.000000
vt 1.000000 0.000000
vt 0.000000 0.000000
vt 1.000000 0.000000
vt 1.000000 1.000000
vt 0.000000 1.000000
vt 0.500000 1.000000
vt 0.000000 0.000000
vt 1.000000 0.000000
vt 0.500000 1.000000
vt 0.000000 0.000000
vt 1.000000 0.000000
vt 0.000000 0.000000
vt 1.000000 0.000000
vt 1.000000 1.000000
vt 0.000000 1.000000
vt 0.500000 1.000000
vt 0.000000 0.000000
vt 1.000000 0.000000
vt 0.500000 1.000000
vt 0.000000 0.000000
vt 1.000000 0.000000
vt 0.000000 0.000000
vt 1.000000 0.000000
vt 1.000000 1.000000
vt 0.000000 1.000000
vt 0.500000 1.000000
vt 0.000000 0.000000
vt 1.000000 0.000000
vt 0.500000 1.000000
vt 0.000000 0.000000
vt 1.000000 0.000000
vt 0.500000 1.000000
vt 0.000000 0.000000
vt 1.000000 0.000000
vt 0.000000 0.000000
vt 1.000000 0.000000
vt 1.000000 1.000000
vt 0.000000 1.000000
vt 0.500000 1.000000
vt 0.000000 0.000000
vt 1.000000 0.000000
vt 0.500000 1.000000
vt 0.000000 0.000000
vt 1.000000 0.000000
vt 0.000000 0.000000
vt 1.000000 0.000000
vt 1.000000 1.000000
vt 0.000000 1.000000
vt 0.500000 1.000000
vt 0.000000 0.000000
vt 1.000000 0.000000
vt 0.500000 1.000000
vt 0.000000 0.000000
vt 1.000000 0.000000
vt 0.000000 0.000000
vt 1.000000 0.000000
vt 1.000000 1.000000
vt 0.000000 1.000000
vt 0.500000 1.000000
vt 0.000000 0.000000
vt 1.000000 0.000000
vt 0.500000 1.000000
vt 0.000000 0.000000
vt 1.000000 0.000000
vt 0.000000 0.000000
vt 1.000000 0.000000
vt 1.000000 1.000000
vt 0.000000 1.000000
vt 0.500000 1.000000
vt 0.000000 0.000000
vt 1.000000 0.000000
vt 0.500000 1.000000
vt 0.000000 0.000000
vt 1.000000 0.000000
vt 0.000000 0.000000
vt 1.000000 0.000000
vt 1.000000 1.000000
vt 0.000000 1.000000
vt 0.500000 1.000000
vt 0.000000 0.000000
vt 1.000000 0.000000
vt 0.500000 1.000000
vt 0.000000 0.000000
vt 1.000000 0.000000
vt 0.000000 0.000000
vt 1.000000 0.000000
vt 1.000000 1.000000
vt 0.000000 1.000000
vt 0.500000 1.000000
vt 0.000000 0.000000
vt 1.000000 0.000000
vt 0.000000 0.000000
vt 1.000000 0.000000
vt 1.000000 1.000000
vt 0.000000 1.000000
vt 0.500000 1.000000
vt 0.000000 0.000000
vt 1.000000 0.000000
vt 0.500000 1.000000
vt 0.000000 0.000000
vt 1.000000 0.000000
vt 0.000000 0.000000
vt 1.000000 0.000000
vt 1.000000 1.000000
vt 0.000000 1.000000
vt 0.500000 1.000000
vt 0.000000 0.000000
vt 1.000000 0.000000
vt 0.500000 1.000000
vt 0.000000 0.000000
vt 1.000000 0.000000
vt 0.000000 0.000000
vt 1.000000 0.000000
vt 1.000000 1.000000
vt 0.000000 1.000000
vt 0.500000 1.000000
vt 0.000000 0.000000
vt 1.000000 0.000000
vt 0.500000 1.000000
vt 0.000000 0.000000
vt 1.000000 0.000000
vt 0.000000 0.000000
vt 1.000000 0.000000
vt 1.000000 1.000000
vt 0.000000 1.000000
vt 0.500000 1.000000
vt 0.000000 0.000000
vt 1.000000 0.000000
vt 0.500000 1.000000
vt 0.000000 0.000000
vt 1.000000 0.000000
vt 0.000000 0.000000
vt 1.000000 0.000000
vt 1.000000 1.000000
vt 0.000000 1.000000
vt 0.500000 1.000000
vt 0.000000 0.000000
vt 1.000000 0.000000
vt 0.500000 1.000000
vt 0.000000 0.000000
vt 1.000000 0.000000
vt 0.500000 1.000000
vt 0.000000 0.000000
vt 1.000000 0.000000
vt 0.000000 0.000000
vt 1.000000 0.000000
vt 1.000000 1.000000
vt 0.000000 1.000000
vt 0.500000 1.000000
vt 0.000000 0.000000
vt 1.000000 0.000000
vt 0.500000 1.000000
vt 0.000000 0.000000
vt 1.000000 0.000000
vt 0.000000 0.000000
vt 1.000000 0.000000
vt 1.000000 1.000000
vt 0.000000 1.000000
vt 0.500000 1.000000
vt 0.000000 0.000000
vt 1.000000 0.000000
vt 0.500000 1.000000
vt 0.000000 0.000000
vt 1.000000 0.000000
vt 0.000000 0.000000
vt 1.000000 0.000000
vt 1.000000 1.000000
vt 0.000000 1.000000
vt 0.500000 1.000000
vt 0.000000 0.000000
vt 1.000000 0.000000
vt 0.500000 1.000000
vt 0.000000 0.000000
vt 1.000000 0.000000
vt 0.000000 0.000000
vt 1.000000 0.000000
vt 1.000000 1.000000
vt 0.000000 1.000000
vt 0.500000 1.000000
vt 0.000000 0.000000
vt 1.000000 0.000000
vt 0.500000 1.000000
vt 0.000000 0.000000
vt 1.000000 0.000000
vt 0.000000 0.000000
vt 1.000000 0.000000
vt 1.000000 1.000000
vt 0.000000 1.000000
vt 0.500000 1.000000
vt 0.000000 0.000000
vt 1.000000 0.000000
vt 0.500000 1.000000
vt 0.000000 0.000000
vt 1.000000 0.000000
vt 0.000000 0.000000
vt 1.000000 0.000000
vt 1.000000 1.000000
vt 0.000000 1.000000
vt 0.500000 1.000000
vt 0.000000 0.000000
vt 1.000000 0.000000
vt 0.000000 0.000000
vt 1.000000 0.000000
vt 1.000000 1.000000
vt 0.000000 1.000000
vt 0.500000 1.000000
vt 0.000000 0.000000
vt 1.000000 0.000000
vt 0.500000 1.000000
vt 0.000000 0.000000
vt 1.000000 0.000000
vt 0.000000 0.000000
vt 1.000000 0.000000
vt 1.000000 1.000000
vt 0.000000 1.000000
vt 0.500000 1.000000
vt 0.000000 0.000000
vt 1.000000 0.000000
vt 0.500000 1.000000
vt 0.000000 0.000000
vt 1.000000 0.000000
vt 0.000000 0.000000
vt 1.000000 0.000000
vt 1.000000 1.000000
vt 0.000000 1.000000
vt 0.500000 1.000000
vt 0.000000 0.000000
vt 1.000000 0.000000
vt 0.500000 1.000000
vt 0.000000 0.000000
vt 1.000000 0.000000
vt 0.000000 0.000000
vt 1.000000 0.000000
vt 1.000000 1.000000
vt 0.000000 1.000000
vt 0.500000 1.000000
vt 0.000000 0.000000
vt 1.000000 0.000000
vt 0.500000 1.000000
vt 0.000000 0.000000
vt 1.000000 0.000000
vt 0.000000 0.000000
vt 1.000000 0.000000
vt 1.000000 1.000000
vt 0.000000 1.000000
vt 0.500000 1.000000
vt 0.000000 0.000000
vt 1.000000 0.000000
vt 0.500000 1.000000
vt 0.000000 0.000000
vt 1.000000 0.000000
vt 0.500000 1.000000
vt 0.000000 0.000000
vt 1.000000 0.000000
vt 0.000000 0.000000
vt 1.000000 0.000000
vt 1.000000 1.000000
vt 0.000000 1.000000
vt 0.500000 1.000000
vt 0.000000 0.000000
vt 1.000000 0.000000
vt 0.500000 1.000000
vt 0.000000 0.000000
vt 1.000000 0.000000
vt 0.000000 0.000000
vt 1.000000 0.000000
vt 1.000000 1.000000
vt 0.000000 1.000000
vt 0.500000 1.000000
vt 0.000000 0.000000
vt 1.000000 0.000000
vt 0.500000 1.000000
vt 0.000000 0.000000
vt 1.000000 0.000000
vt 0.000000 0.000000
vt 1.000000 0.000000
vt 1.000000 1.000000
vt 0.000000 1.000000
vt 0.500000 1.000000
vt 0.000000 0.000000
vt 1.000000 0.000000
vt 0.500000 1.000000
vt 0.000000 0.000000
vt 1.000000 0.000000
vt 0.000000 0.000000
vt 1.000000 0.000000
vt 1.000000 1.000000
vt 0.000000 1.000000
vt 0.500000 1.000000
vt 0.000000 0.000000
vt 1.000000 0.000000
vt 0.500000 1.000000
vt 0.000000 0.000000
vt 1.000000 0.000000
vt 0.000000 0.000000
vt 1.000000 0.000000
vt 1.000000 1.000000
vt 0.000000 1.000000
vt 0.500000 1.000000
vt 0.000000 0.000000
vt 1.000000 0.000000
vt 0.500000 1.000000
vt 0.000000 0.000000
vt 1.000000 0.000000
vt 0.000000 0.000000
vt 1.000000 0.000000
vt 1.000000 1.000000
vt 0.000000 1.000000
vt 0.500000 1.000000
vt 0.000000 0.000000
vt 1.000000 0.000000
vt 0.000000 0.000000
vt 1.000000 0.000000
vt 1.000000 1.000000
vt 0.000000 1.000000
vt 0.500000 1.000000
vt 0.000000 0.000000
vt 1.000000 0.000000
vt 0.500000 1.000000
vt 0.000000 0.000000
vt 1.000000 0.000000
vt 0.000000 0.000000
vt 1.000000 0.000000
vt 1.000000 1.000000
vt 0.000000 1.000000
vt 0.500000 1.000000
vt 0.000000 0.000000
vt 1.000000 0.000000
vt 0.500000 1.000000
vt 0.000000 0.000000
vt 1.000000 0.000000
vt 0.000000 0.000000
vt 1.000000 0.000000
vt 1.000000 1.000000
vt 0.000000 1.000000
vt 0.500000 1.000000
vt 0.000000 0.000000
vt 1.000000 0.000000
vt 0.500000 1.000000
vt 0.000000 0.000000
vt 1.000000 0.000000
vt 0.000000 0.000000
vt 1.000000 0.000000
vt 1.000000 1.000000
vt 0.000000 1.000000
vt 0.500000 1.000000
vt 0.000000 0.000000
vt 1.000000 0.000000
vt 0.500000 1.000000
vt 0.000000 0.000000
vt 1.000000 0.000000
vt 0.000000 0.000000
vt 1.000000 0.000000
vt 1.000000 1.000000
vt 0.000000 1.000000
vt 0.500000 1.000000
vt 0.000000 0.000000
vt 1.000000 0.000000
vt 0.500000 1.000000
vt 0.000000 0.000000
vt 1.000000 0.000000
vt 0.500000 1.000000
vt 0.000000 0.000000
vt 1.000000 0.000000
vt 0.000000 0.000000
vt 1.000000 0.000000
vt 1.000000 1.000000
vt 0.000000 1.000000
vt 0.500000 1.000000
vt 0.000000 0.000000
vt 1.000000 0.000000
vt 0.500000 1.000000
vt 0.000000 0.000000
vt 1.000000 0.000000
vt 0.000000 0.000000
vt 1.000000 0.000000
vt 1.000000 1.000000
vt 0.000000 1.000000
vt 0.500000 1.000000
vt 0.000000 0.000000
vt 1.000000 0.000000
vt 0.500000 1.000000
vt 0.000000 0.000000
vt 1.000000 0.000000
vt 0.000000 0.000000
vt 1.000000 0.000000
vt 1.000000 1.000000
vt 0.000000 1.000000
vt 0.500000 1.000000
vt 0.000000 0.000000
vt 1.000000 0.000000
vt 0.500000 1.000000
vt 0.000000 0.000000
vt 1.000000 0.000000
vt 0.000000 0.000000
vt 1.000000 0.000000
vt 1.000000 1.000000
vt 0.000000 1.000000
vt 0.500000 1.000000
vt 0.000000 0.000000
vt 1.000000 0.000000
vt 0.500000 1.000000
vt 0.000000 0.000000
vt 1.000000 0.000000
vt 0.000000 0.000000
vt 1.000000 0.000000
vt 1.000000 1.000000
vt 0.000000 1.000000
vt 0.500000 1.000000
vt 0.000000 0.000000
vt 1.000000 0.000000
vt 0.500000 1.000000
vt 0.000000 0.000000
vt 1.000000 0.000000
vt 0.000000 0.000000
vt 1.000000 0.000000
vt 1.000000 1.000000
vt 0.000000 1.000000
vt 0.500000 1.000000
vt 0.000000 0.000000
vt 1.000000 0.000000
vt 0.000000 0.000000
vt 1.000000 0.000000
vt 1.000000 1.000000
vt 0.000000 1.000000
vt 0.500000 1.000000
vt 0.000000 0.000000
vt 1.000000 0.000000
vt 0.500000 1.000000
vt 0.000000 0.000000
vt 1.000000 0.000000
vt 0.000000 0.000000
vt 1.000000 0.000000
vt 1.000000 1.000000
vt 0.000000 1.000000
vt 0.500000 1.000000
vt 0.000000 0.000000
vt 1.000000 0.000000
vt 0.500000 1.000000
vt 0.000000 0.000000
vt 1.000000 0.000000
vt 0.000000 0.000000
vt 1.000000 0.000000
vt 1.000000 1.000000
vt 0.000000 1.000000
vt 0.500000 1.000000
vt 0.000000 0.000000
vt 1.000000 0.000000
vt 0.500000 1.000000
vt 0.000000 0.000000
vt 1.000000 0.000000
vt 0.000000 0.000000
vt 1.000000 0.000000
vt 1.000000 1.000000
vt 0.000000 1.000000
vt 0.500000 1.000000
vt 0.000000 0.000000
vt 1.000000 0.000000
vt 0.500000 1.000000
vt 0.000000 0.000000
vt 1.000000 0.000000
vt 0.000000 0.000000
vt 1.000000 0.000000
vt 1.000000 1.000000
vt 0.000000 1.000000
vt 0.500000 1.000000
vt 0.000000 0.000000
vt 1.000000 0.000000
vt 0.500000 1.000000
vt 0.000000 0.000000
vt 1.000000 0.000000
vt 0.500000 1.000000
vt 0.000000 0.000000
vt 1.000000 0.000000
vt 0.000000 0.000000
vt 1.000000 0.000000
vt 1.000000 1.000000
vt 0.000000 1.000000
vt 0.500000 1.000000
vt 0.000000 0.000000
vt 1.000000 0.000000
vt 0.500000 1.000000
vt 0.000000 0.000000
vt 1.000000 0.000000
vt 0.000000 0.000000
vt 1.000000 0.000000
vt 1.000000 1.000000
vt 0.000000 1.000000
vt 0.500000 1.000000
vt 0.000000 0.000000
vt 1.000000 0.000000
vt 0.500000 1.000000
vt 0.000000 0.000000
vt 1.000000 0.000000
vt 0.000000 0.000000
vt 1.000000 0.000000
vt 1.000000 1.000000
vt 0.000000 1.000000
vt 0.500000 1.000000
vt 0.000000 0.000000
vt 1.000000 0.000000
vt 0.500000 1.000000
vt 0.000000 0.000000
vt 1.000000 0.000000
vt 0.000000 0.000000
vt 1.000000 0.000000
vt 1.000000 1.000000
vt 0.000000 1.000000
vt 0.500000 1.000000
vt 0.000000 0.000000
vt 1.000000 0.000000
vt 0.500000 1.000000
vt 0.000000 0.000000
vt 1.000000 0.000000
vt 0.000000 0.000000
vt 1.000000 0.000000
vt 1.000000 1.000000
vt 0.000000 1.000000
vt 0.500000 1.000000
vt 0.000000 0.000000
vt 1.000000 0.000000
vt 0.500000 1.000000
vt 0.000000 0.000000
vt 1.000000 0.000000
vt 0.000000 0.000000
vt 1.000000 0.000000
vt 1.000000 1.000000
vt 0.000000 1.000000
vt 0.500000 1.000000
vt 0.000000 0.000000
vt 1.000000 0.000000
vt 0.000000 0.000000
vt 1.000000 0.000000
vt 1.000000 1.000000
vt 0.000000 1.000000
vt 0.500000 1.000000
vt 0.000000 0.000000
vt 1.000000 0.000000
vt 0.500000 1.000000
vt 0.000000 0.000000
vt 1.000000 0.000000
vt 0.000000 0.000000
vt 1.000000 0.000000
vt 1.000000 1.000000
vt 0.000000 1.000000
vt 0.500000 1.000000
vt 0.000000 0.000000
vt 1.000000 0.000000
vt 0.500000 1.000000
vt 0.000000 0.000000
vt 1.000000 0.000000
vt 0.000000 0.000000
vt 1.000000 0.000000
vt 1.000000 1.000000
vt 0.000000 1.000000
vt 0.500000 1.000000
vt 0.000000 0.000000
vt 1.000000 0.000000
vt 0.500000 1.000000
vt 0.000000 0.000000
vt 1.000000 0.000000
vt 0.000000 0.000000
vt 1.000000 0.000000
vt 1.000000 1.000000
vt 0.000000 1.000000
vt 0.500000 1.000000
vt 0.000000 0.000000
vt 1.000000 0.000000
vt 0.500000 1.000000
vt 0.000000 0.000000
vt 1.000000 0.000000
vt 0.000000 0.000000
vt 1.000000 0.000000
vt 1.000000 1.000000
vt 0.000000 1.000000
vt 0.500000 1.000000
vt 0.000000 0.000000
vt 1.000000 0.000000
vt 0.500000 1.000000
vt 0.000000 0.000000
vt 1.000000 0.000000
vt 0.500000 1.000000
vt 0.000000 0.000000
vt 1.000000 0.000000
vt 0.000000 0.000000
vt 1.000000 0.000000
vt 1.000000 1.000000
vt 0.000000 1.000000
vt 0.500000 1.000000
vt 0.000000 0.000000
vt 1.000000 0.000000
vt 0.500000 1.000000
vt 0.000000 0.000000
vt 1.000000 0.000000
vt 0.000000 0.000000
vt 1.000000 0.000000
vt 1.000000 1.000000
vt 0.000000 1.000000
vt 0.500000 1.000000
vt 0.000000 0.000000
vt 1.000000 0.000000
vt 0.500000 1.000000
vt 0.000000 0.000000
vt 1.000000 0.000000
vt 0.000000 0.000000
vt 1.000000 0.000000
vt 1.000000 1.000000
vt 0.000000 1.000000
vt 0.500000 1.000000
vt 0.000000 0.000000
vt 1.000000 0.000000
vt 0.500000 1.000000
vt 0.000000 0.000000
vt 1.000000 0.000000
vt 0.000000 0.000000
vt 1.000000 0.000000
vt 1.000000 1.000000
vt 0.000000 1.000000
vt 0.500000 1.000000
vt 0.000000 0.000000
vt 1.000000 0.000000
vt 0.500000 1.000000
vt 0.000000 0.000000
vt 1.000000 0.000000
vt 0.000000 0.000000
vt 1.000000 0.000000
vt 1.000000 1.000000
vt 0.000000 1.000000
vt 0.500000 1.000000
vt 0.000000 0.000000
vt 1.000000 0.000000
vt 0.500000 1.000000
vt 0.000000 0.000000
vt 1.000000 0.000000
vt 0.000000 0.000000
vt 1.000000 0.000000
vt 1.000000 1.000000
vt 0.000000 1.000000
vt 0.500000 1.000000
vt 0.000000 0.000000
vt 1.000000 0.000000
vt 0.000000 0.000000
vt 1.000000 0.000000
vt 1.000000 1.000000
vt 0.000000 1.000000
vt 0.500000 1.000000
vt 0.000000 0.000000
vt 1.000000 0.000000
vt 0.500000 1.000000
vt 0.000000 0.000000
vt 1.000000 0.000000
vt 0.000000 0.000000
vt 1.000000 0.000000
vt 1.000000 1.000000
vt 0.000000 1.000000
vt 0.500000 1.000000
vt 0.000000 0.000000
vt 1.000000 0.000000
vt 0.500000 1.000000
vt 0.000000 0.000000
vt 1.000000 0.000000
vt 0.000000 0.000000
vt 1.000000 0.000000
vt 1.000000 1.000000
vt 0.000000 1.000000
vt 0.500000 1.000000
vt 0.000000 0.000000
vt 1.000000 0.000000
vt 0.500000 1.000000
vt 0.000000 0.000000
vt 1.000000 0.000000
vt 0.000000 0.000000
vt 1.000000 0.000000
vt 1.000000 1.000000
vt 0.000000 1.000000
vt 0.500000 1.000000
vt 0.000000 0.000000
vt 1.000000 0.000000
vt 0.500000 1.000000
vt 0.000000 0.000000
vt 1.000000 0.000000
vt 0.000000 0.000000
vt 1.000000 0.000000
vt 1.000000 1.000000
vt 0.000000 1.000000
vt 0.500000 1.000000
vt 0.000000 0.000000
vt 1.000000 0.000000
vt 0.500000 1.000000
vt 0.000000 0.000000
vt 1.000000 0.000000
vt 0.500000 1.000000
vt 0.000000 0.000000
vt 1.000000 0.000000
vt 0.000000 0.000000
vt 1.000000 0.000000
vt 1.000000 1.000000
vt 0.000000 1.000000
vt 0.500000 1.000000
vt 0.000000 0.000000
vt 1.000000 0.000000
vt 0.500000 1.000000
vt 0.000000 0.000000
vt 1.000000 0.000000
vt 0.000000 0.000000
vt 1.000000 0.000000
vt 1.000000 1.000000
vt 0.000000 1.000000
vt 0.500000 1.000000
vt 0.000000 0.000000
vt 1.000000 0.000000
vt 0.500000 1.000000
vt 0.000000 0.000000
vt 1.000000 0.000000
vt 0.000000 0.000000
vt 1.000000 0.000000
vt 1.000000 1.000000
vt 0.000000 1.000000
vt 0.500000 1.000000
vt 0.000000 0.000000
vt 1.000000 0.000000
vt 0.500000 1.000000
vt 0.000000 0.000000
vt 1.000000 0.000000
vt 0.000000 0.000000
vt 1.000000 0.000000
vt 1.000000 1.000000
vt 0.000000 1.000000
vt 0.500000 1.000000
vt 0.000000 0.000000
vt 1.000000 0.000000
vt 0.500000 1.000000
vt 0.000000 0.000000
vt 1.000000 0.000000
vt 0.000000 0.000000
vt 1.000000 0.000000
vt 1.000000 1.000000
vt 0.000000 1.000000
vt 0.500000 1.000000
vt 0.000000 0.000000
vt 1.000000 0.000000
vt 0.500000 1.000000
vt 0.000000 0.000000
vt 1.000000 0.000000
vt 0.000000 0.000000
vt 1.000000 0.000000
vt 1.000000 1.000000
vt 0.000000 1.000000
vt 0.500000 1.000000
vt 0.000000 0.000000
vt 1.000000 0.000000
s 1
usemtl models/caelum/world/environment/bark_coast.png
f 1/1 2/2 3/3 4/4
f 5/5 6/6 7/7
f 8/8 9/9 10/10 11/11
f 12/12 13/13 14/14
f 15/15 16/16 17/17 18/18
f 19/19 20/20 21/21
f 22/22 23/23 24/24 25/25
f 26/26 27/27 28/28
f 29/29 30/30 31/31 32/32
f 33/33 34/34 35/35
f 36/36 37/37 38/38 39/39
f 40/40 41/41 42/42
f 43/43 44/44 45/45 46/46
f 47/47 48/48 49/49
f 50/50 51/51 52/52 53/53
f 54/54 55/55 56/56
f 57/57 58/58 59/59 60/60
f 61/61 62/62 63/63
f 64/64 65/65 66/66 67/67
f 68/68 69/69 70/70 71/71
f 72/72 73/73 74/74 75/75
f 76/76 77/77 78/78 79/79
f 80/80 81/81 82/82 83/83
f 84/84 85/85 86/86 87/87
f 88/88 89/89 90/90 91/91
f 92/92 93/93 94/94 95/95
f 96/96 97/97 98/98 99/99
f 100/100 101/101 102/102 103/103
f 104/104 105/105 106/106
f 107/107 108/108 109/109 110/110
f 111/111 112/112 113/113
f 114/114 115/115 116/116 117/117
f 118/118 119/119 120/120
f 121/121 122/122 123/123 124/124
f 125/125 126/126 127/127
f 128/128 129/129 130/130 131/131
f 132/132 133/133 134/134
f 135/135 136/136 137/137 138/138
f 139/139 140/140 141/141
f 142/142 143/143 144/144 145/145
f 146/146 147/147 148/148
f 149/149 150/150 151/151 152/152
f 153/153 154/154 155/155
f 156/156 157/157 158/158 159/159
f 160/160 161/161 162/162
f 163/163 164/164 165/165 166/166
f 167/167 168/168 169/169
f 170/170 171/171 172/172 173/173
f 174/174 175/175 176/176
f 177/177 178/178 179/179 180/180
f 181/181 182/182 183/183
f 184/184 185/185 186/186 187/187
f 188/188 189/189 190/190
f 191/191 192/192 193/193 194/194
f 195/195 196/196 197/197
f 198/198 199/199 200/200 201/201
f 202/202 203/203 204/204
f 205/205 206/206 207/207 208/208
f 209/209 210/210 211/211
f 212/212 213/213 214/214 215/215
f 216/216 217/217 218/218
f 219/219 220/220 221/221 222/222
f 223/223 224/224 225/225
f 226/226 227/227 228/228 229/229
f 230/230 231/231 232/232
f 233/233 234/234 235/235 236/236
f 237/237 238/238 239/239
f 240/240 241/241 242/242 243/243
f 244/244 245/245 246/246
f 247/247 248/248 249/249 250/250
f 251/251 252/252 253/253
f 254/254 255/255 256/256 257/257
f 258/258 259/259 260/260
f 261/261 262/262 263/263 264/264
f 265/265 266/266 267/267
f 268/268 269/269 270/270 271/271
f 272/272 273/273 274/274
f 275/275 276/276 277/277 278/278
f 279/279 280/280 281/281
f 282/282 283/283 284/284 285/285
f 286/286 287/287 288/288
f 289/289 290/290 291/291 292/292
f 293/293 294/294 295/295
f 296/296 297/297 298/298 299/299
f 300/300 301/301 302/302
f 303/303 304/304 305/305 306/306
f 307/307 308/308 309/309
f 310/310 311/311 312/312 313/313
f 314/314 315/315 316/316
f 317/317 318/318 319/319 320/320
f 321/321 322/322 323/323
f 324/324 325/325 326/326 327/327
f 328/328 329/329 330/330
f 331/331 332/332 333/333 334/334
f 335/335 336/336 337/337
f 338/338 339/339 340/340 341/341
f 342/342 343/343 344/344
f 345/345 346/346 347/347 348/348
f 349/349 350/350 351/351
f 352/352 353/353 354/354 355/355
f 356/356 357/357 358/358
f 359/359 360/360 361/361 362/362
f 363/363 364/364 365/365
f 366/366 367/367 368/368 369/369
f 370/370 371/371 372/372
f 373/373 374/374 375/375 376/376
f 377/377 378/378 379/379
f 380/380 381/381 382/382 383/383
f 384/384 385/385 386/386
f 387/387 388/388 389/389 390/390
f 391/391 392/392 393/393
f 394/394 395/395 396/396 397/397
f 398/398 399/399 400/400
f 401/401 402/402 403/403 404/404
f 405/405 406/406 407/407
f 408/408 409/409 410/410 411/411
f 412/412 413/413 414/414
f 415/415 416/416 417/417 418/418
f 419/419 420/420 421/421
f 422/422 423/423 424/424 425/425
f 426/426 427/427 428/428
f 429/429 430/430 431/431 432/432
f 433/433 434/434 435/435
f 436/436 437/437 438/438 439/439
f 440/440 441/441 442/442
f 443/443 444/444 445/445 446/446
f 447/447 448/448 449/449
f 450/450 451/451 452/452 453/453
f 454/454 455/455 456/456
f 457/457 458/458 459/459 460/460
f 461/461 462/462 463/463
f 464/464 465/465 466/466 467/467
f 468/468 469/469 470/470
f 471/471 472/472 473/473 474/474
f 475/475 476/476 477/477
f 478/478 479/479 480/480 481/481
f 482/482 483/483 484/484
f 485/485 486/486 487/487 488/488
f 489/489 490/490 491/491
f 492/492 493/493 494/494 495/495
f 496/496 497/497 498/498
f 499/499 500/500 501/501 502/502
f 503/503 504/504 505/505
f 506/506 507/507 508/508 509/509
f 510/510 511/511 512/512
f 513/513 514/514 515/515 516/516
f 517/517 518/518 519/519
f 520/520 521/521 522/522 523/523
f 524/524 525/525 526/526
f 527/527 528/528 529/529 530/530
f 531/531 532/532 533/533
f 534/534 535/535 536/536 537/537
f 538/538 539/539 540/540
f 541/541 542/542 543/543 544/544
f 545/545 546/546 547/547
f 548/548 549/549 550/550 551/551
f 552/552 553/553 554/554
f 555/555 556/556 557/557 558/558
f 559/559 560/560 561/561
f 562/562 563/563 564/564 565/565
f 566/566 567/567 568/568
f 569/569 570/570 571/571 572/572
f 573/573 574/574 575/575
f 576/576 577/577 578/578 579/579
f 580/580 581/581 582/582
f 583/583 584/584 585/585 586/586
f 587/587 588/588 589/589
f 590/590 591/591 592/592 593/593
f 594/594 595/595 596/596
f 597/597 598/598 599/599 600/600
f 601/601 602/602 603/603
f 604/604 605/605 606/606 607/607
f 608/608 609/609 610/610
f 611/611 612/612 613/613 614/614
f 615/615 616/616 617/617
f 618/618 619/619 620/620 621/621
f 622/622 623/623 624/624
f 625/625 626/626 627/627 628/628
f 629/629 630/630 631/631
f 632/632 633/633 634/634 635/635
f 636/636 637/637 638/638
f 639/639 640/640 641/641 642/642
f 643/643 644/644 645/645
f 646/646 647/647 648/648 649/649
f 650/650 651/651 652/652
f 653/653 654/654 655/655 656/656
f 657/657 658/658 659/659
f 660/660 661/661 662/662 663/663
f 664/664 665/665 666/666
f 667/667 668/668 669/669 670/670
f 671/671 672/672 673/673
f 674/674 675/675 676/676 677/677
f 678/678 679/679 680/680
f 681/681 682/682 683/683 684/684
f 685/685 686/686 687/687
f 688/688 689/689 690/690 691/691
f 692/692 693/693 694/694
f 695/695 696/696 697/697 698/698
f 699/699 700/700 701/701
f 702/702 703/703 704/704 705/705
f 706/706 707/707 708/708
f 709/709 710/710 711/711 712/712
f 713/713 714/714 715/715
f 716/716 717/717 718/718 719/719
f 720/720 721/721 722/722
f 723/723 724/724 725/725 726/726
f 727/727 728/728 729/729
f 730/730 731/731 732/732 733/733
f 734/734 735/735 736/736
f 737/737 738/738 739/739 740/740
f 741/741 742/742 743/743
f 744/744 745/745 746/746 747/747
f 748/748 749/749 750/750
f 751/751 752/752 753/753 754/754
f 755/755 756/756 757/757
f 758/758 759/759 760/760 761/761
f 762/762 763/763 764/764
f 765/765 766/766 767/767 768/768
f 769/769 770/770 771/771
f 772/772 773/773 774/774 775/775
f 776/776 777/777 778/778
f 779/779 780/780 781/781 782/782
f 783/783 784/784 785/785
f 786/786 787/787 788/788 789/789
f 790/790 791/791 792/792
f 793/793 794/794 795/795 796/796
f 797/797 798/798 799/799
f 800/800 801/801 802/802 803/803
f 804/804 805/805 806/806
f 807/807 808/808 809/809 810/810
f 811/811 812/812 813/813
f 814/814 815/815 816/816 817/817
f 818/818 819/819 820/820
f 821/821 822/822 823/823 824/824
f 825/825 826/826 827/827
f 828/828 829/829 830/830 831/831
f 832/832 833/833 834/834
usemtl models/caelum/world/environment/foliage_coast.png
f 835/835 836/836 837/837
f 838/838 839/839 840/840 841/841
f 842/842 843/843 844/844 845/845
f 846/846 847/847 848/848
f 849/849 850/850 851/851
f 852/852 853/853 854/854 855/855
f 856/856 857/857 858/858 859/859
f 860/860 861/861 862/862
f 863/863 864/864 865/865
f 866/866 867/867 868/868 869/869
f 870/870 871/871 872/872 873/873
f 874/874 875/875 876/876
f 877/877 878/878 879/879
f 880/880 881/881 882/882 883/883
f 884/884 885/885 886/886 887/887
f 888/888 889/889 890/890
f 891/891 892/892 893/893
f 894/894 895/895 896/896 897/897
f 898/898 899/899 900/900 901/901
f 902/902 903/903 904/904
f 905/905 906/906 907/907
f 908/908 909/909 910/910 911/911
f 912/912 913/913 914/914 915/915
f 916/916 917/917 918/918
f 919/919 920/920 921/921
f 922/922 923/923 924/924 925/925
f 926/926 927/927 928/928 929/929
f 930/930 931/931 932/932
f 933/933 934/934 935/935
f 936/936 937/937 938/938 939/939
f 940/940 941/941 942/942 943/943
f 944/944 945/945 946/946
f 947/947 948/948 949/949
f 950/950 951/951 952/952 953/953
f 954/954 955/955 956/956 957/957
f 958/958 959/959 960/960
f 961/961 962/962 963/963
f 964/964 965/965 966/966 967/967
f 968/968 969/969 970/970 971/971
f 972/972 973/973 974/974
f 975/975 976/976 977/977
f 978/978 979/979 980/980 981/981
f 982/982 983/983 984/984 985/985
f 986/986 987/987 988/988
f 989/989 990/990 991/991
f 992/992 993/993 994/994 995/995
f 996/996 997/997 998/998 999/999
f 1000/1000 1001/1001 1002/1002
f 1003/1003 1004/1004 1005/1005
f 1006/1006 1007/1007 1008/1008 1009/1009
f 1010/1010 1011/1011 1012/1012 1013/1013
f 1014/1014 1015/1015 1016/1016
f 1017/1017 1018/1018 1019/1019
f 1020/1020 1021/1021 1022/1022 1023/1023
f 1024/1024 1025/1025 1026/1026 1027/1027
f 1028/1028 1029/1029 1030/1030
f 1031/1031 1032/1032 1033/1033
f 1034/1034 1035/1035 1036/1036 1037/1037
f 1038/1038 1039/1039 1040/1040 1041/1041
f 1042/1042 1043/1043 1044/1044
f 1045/1045 1046/1046 1047/1047
f 1048/1048 1049/1049 1050/1050 1051/1051
f 1052/1052 1053/1053 1054/1054 1055/1055
f 1056/1056 1057/1057 1058/1058
f 1059/1059 1060/1060 1061/1061
f 1062/1062 1063/1063 1064/1064 1065/1065
f 1066/1066 1067/1067 1068/1068 1069/1069
f 1070/1070 1071/1071 1072/1072
f 1073/1073 1074/1074 1075/1075
f 1076/1076 1077/1077 1078/1078 1079/1079
f 1080/1080 1081/1081 1082/1082 1083/1083
f 1084/1084 1085/1085 1086/1086
f 1087/1087 1088/1088 1089/1089
f 1090/1090 1091/1091 1092/1092 1093/1093
f 1094/1094 1095/1095 1096/1096 1097/1097
f 1098/1098 1099/1099 1100/1100
f 1101/1101 1102/1102 1103/1103
f 1104/1104 1105/1105 1106/1106 1107/1107
f 1108/1108 1109/1109 1110/1110 1111/1111
f 1112/1112 1113/1113 1114/1114
f 1115/1115 1116/1116 1117/1117
f 1118/1118 1119/1119 1120/1120 1121/1121
f 1122/1122 1123/1123 1124/1124 1125/1125
f 1126/1126 1127/1127 1128/1128
f 1129/1129 1130/1130 1131/1131
f 1132/1132 1133/1133 1134/1134 1135/1135
f 1136/1136 1137/1137 1138/1138 1139/1139
f 1140/1140 1141/1141 1142/1142
f 1143/1143 1144/1144 1145/1145
f 1146/1146 1147/1147 1148/1148 1149/1149
f 1150/1150 1151/1151 1152/1152 1153/1153
f 1154/1154 1155/1155 1156/1156
f 1157/1157 1158/1158 1159/1159
f 1160/1160 1161/1161 1162/1162 1163/1163
f 1164/1164 1165/1165 1166/1166 1167/1167
f 1168/1168 1169/1169 1170/1170
f 1171/1171 1172/1172 1173/1173
f 1174/1174 1175/1175 1176/1176 1177/1177
f 1178/1178 1179/1179 1180/1180 1181/1181
f 1182/1182 1183/1183 1184/1184
f 1185/1185 1186/1186 1187/1187
f 1188/1188 1189/1189 1190/1190 1191/1191
f 1192/1192 1193/1193 1194/1194 1195/1195
f 1196/1196 1197/1197 1198/1198
f 1199/1199 1200/1200 1201/1201
f 1202/1202 1203/1203 1204/1204 1205/1205
f 1206/1206 1207/1207 1208/1208 1209/1209
f 1210/1210 1211/1211 1212/1212
f 1213/1213 1214/1214 1215/1215
f 1216/1216 1217/1217 1218/1218 1219/1219
f 1220/1220 1221/1221 1222/1222 1223/1223
f 1224/1224 1225/1225 1226/1226
f 1227/1227 1228/1228 1229/1229
f 1230/1230 1231/1231 1232/1232 1233/1233
f 1234/1234 1235/1235 1236/1236 1237/1237
f 1238/1238 1239/1239 1240/1240
f 1241/1241 1242/1242 1243/1243
f 1244/1244 1245/1245 1246/1246 1247/1247
f 1248/1248 1249/1249 1250/1250 1251/1251
f 1252/1252 1253/1253 1254/1254
f 1255/1255 1256/1256 1257/1257
f 1258/1258 1259/1259 1260/1260 1261/1261
f 1262/1262 1263/1263 1264/1264 1265/1265
f 1266/1266 1267/1267 1268/1268
f 1269/1269 1270/1270 1271/1271
f 1272/1272 1273/1273 1274/1274 1275/1275
f 1276/1276 1277/1277 1278/1278 1279/1279
f 1280/1280 1281/1281 1282/1282
f 1283/1283 1284/1284 1285/1285
f 1286/1286 1287/1287 1288/1288 1289/1289
f 1290/1290 1291/1291 1292/1292 1293/1293
f 1294/1294 1295/1295 1296/1296
f 1297/1297 1298/1298 1299/1299
f 1300/1300 1301/1301 1302/1302 1303/1303
f 1304/1304 1305/1305 1306/1306 1307/1307
f 1308/1308 1309/1309 1310/1310
f 1311/1311 1312/1312 1313/1313
f 1314/1314 1315/1315 1316/1316 1317/1317
f 1318/1318 1319/1319 1320/1320 1321/1321
f 1322/1322 1323/1323 1324/1324
f 1325/1325 1326/1326 1327/1327
f 1328/1328 1329/1329 1330/1330 1331/1331
f 1332/1332 1333/1333 1334/1334 1335/1335
f 1336/1336 1337/1337 1338/1338
f 1339/1339 1340/1340 1341/1341
f 1342/1342 1343/1343 1344/1344 1345/1345
f 1346/1346 1347/1347 1348/1348 1349/1349
f 1350/1350 1351/1351 1352/1352
f 1353/1353 1354/1354 1355/1355
f 1356/1356 1357/1357 1358/1358 1359/1359
f 1360/1360 1361/1361 1362/1362 1363/1363
f 1364/1364 1365/1365 1366/1366
f 1367/1367 1368/1368 1369/1369
f 1370/1370 1371/1371 1372/1372 1373/1373
f 1374/1374 1375/1375 1376/1376 1377/1377
f 1378/1378 1379/1379 1380/1380
f 1381/1381 1382/1382 1383/1383
f 1384/1384 1385/1385 1386/1386 1387/1387
f 1388/1388 1389/1389 1390/1390 1391/1391
f 1392/1392 1393/1393 1394/1394
f 1395/1395 1396/1396 1397/1397
f 1398/1398 1399/1399 1400/1400 1401/1401
f 1402/1402 1403/1403 1404/1404 1405/1405
f 1406/1406 1407/1407 1408/1408
f 1409/1409 1410/1410 1411/1411
f 1412/1412 1413/1413 1414/1414 1415/1415
f 1416/1416 1417/1417 1418/1418 1419/1419
f 1420/1420 1421/1421 1422/1422
f 1423/1423 1424/1424 1425/1425
f 1426/1426 1427/1427 1428/1428 1429/1429
f 1430/1430 1431/1431 1432/1432 1433/1433
f 1434/1434 1435/1435 1436/1436
f 1437/1437 1438/1438 1439/1439
f 1440/1440 1441/1441 1442/1442 1443/1443
f 1444/1444 1445/1445 1446/1446 1447/1447
f 1448/1448 1449/1449 1450/1450
f 1451/1451 1452/1452 1453/1453
f 1454/1454 1455/1455 1456/1456 1457/1457
f 1458/1458 1459/1459 1460/1460 1461/1461
f 1462/1462 1463/1463 1464/1464
f 1465/1465 1466/1466 1467/1467
f 1468/1468 1469/1469 1470/1470 1471/1471
f 1472/1472 1473/1473 1474/1474 1475/1475
f 1476/1476 1477/1477 1478/1478
f 1479/1479 1480/1480 1481/1481
f 1482/1482 1483/1483 1484/1484 1485/1485
f 1486/1486 1487/1487 1488/1488 1489/1489
f 1490/1490 1491/1491 1492/1492
f 1493/1493 1494/1494 1495/1495
f 1496/1496 1497/1497 1498/1498 1499/1499
f 1500/1500 1501/1501 1502/1502 1503/1503
f 1504/1504 1505/1505 1506/1506
f 1507/1507 1508/1508 1509/1509
f 1510/1510 1511/1511 1512/1512 1513/1513
f 1514/1514 1515/1515 1516/1516 1517/1517
f 1518/1518 1519/1519 1520/1520
f 1521/1521 1522/1522 1523/1523
f 1524/1524 1525/1525 1526/1526 1527/1527
f 1528/1528 1529/1529 1530/1530 1531/1531
f 1532/1532 1533/1533 1534/1534
f 1535/1535 1536/1536 1537/1537
f 1538/1538 1539/1539 1540/1540 1541/1541
f 1542/1542 1543/1543 1544/1544 1545/1545
f 1546/1546 1547/1547 1548/1548
f 1549/1549 1550/1550 1551/1551
f 1552/1552 1553/1553 1554/1554 1555/1555
f 1556/1556 1557/1557 1558/1558 1559/1559
f 1560/1560 1561/1561 1562/1562
f 1563/1563 1564/1564 1565/1565
f 1566/1566 1567/1567 1568/1568 1569/1569
f 1570/1570 1571/1571 1572/1572 1573/1573
f 1574/1574 1575/1575 1576/1576
f 1577/1577 1578/1578 1579/1579
f 1580/1580 1581/1581 1582/1582 1583/1583
f 1584/1584 1585/1585 1586/1586 1587/1587
f 1588/1588 1589/1589 1590/1590
f 1591/1591 1592/1592 1593/1593
f 1594/1594 1595/1595 1596/1596 1597/1597
f 1598/1598 1599/1599 1600/1600 1601/1601
f 1602/1602 1603/1603 1604/1604
f 1605/1605 1606/1606 1607/1607
f 1608/1608 1609/1609 1610/1610 1611/1611
f 1612/1612 1613/1613 1614/1614 1615/1615
f 1616/1616 1617/1617 1618/1618
f 1619/1619 1620/1620 1621/1621
f 1622/1622 1623/1623 1624/1624 1625/1625
f 1626/1626 1627/1627 1628/1628 1629/1629
f 1630/1630 1631/1631 1632/1632
f 1633/1633 1634/1634 1635/1635
f 1636/1636 1637/1637 1638/1638 1639/1639
f 1640/1640 1641/1641 1642/1642 1643/1643
f 1644/1644 1645/1645 1646/1646
f 1647/1647 1648/1648 1649/1649
f 1650/1650 1651/1651 1652/1652 1653/1653
f 1654/1654 1655/1655 1656/1656 1657/1657
f 1658/1658 1659/1659 1660/1660
f 1661/1661 1662/1662 1663/1663
f 1664/1664 1665/1665 1666/1666 1667/1667
f 1668/1668 1669/1669 1670/1670 1671/1671
f 1672/1672 1673/1673 1674/1674
f 1675/1675 1676/1676 1677/1677
f 1678/1678 1679/1679 1680/1680 1681/1681
f 1682/1682 1683/1683 1684/1684 1685/1685
f 1686/1686 1687/1687 1688/1688
f 1689/1689 1690/1690 1691/1691
f 1692/1692 1693/1693 1694/1694 1695/1695
f 1696/1696 1697/1697 1698/1698 1699/1699
f 1700/1700 1701/1701 1702/1702
f 1703/1703 1704/1704 1705/1705
f 1706/1706 1707/1707 1708/1708 1709/1709
f 1710/1710 1711/1711 1712/1712 1713/1713
f 1714/1714 1715/1715 1716/1716
f 1717/1717 1718/1718 1719/1719
f 1720/1720 1721/1721 1722/1722 1723/1723
f 1724/1724 1725/1725 1726/1726 1727/1727
f 1728/1728 1729/1729 1730/1730
f 1731/1731 1732/1732 1733/1733
f 1734/1734 1735/1735 1736/1736 1737/1737
f 1738/1738 1739/1739 1740/1740 1741/1741
f 1742/1742 1743/1743 1744/1744
f 1745/1745 1746/1746 1747/1747
f 1748/1748 1749/1749 1750/1750 1751/1751
f 1752/1752 1753/1753 1754/1754 1755/1755
f 1756/1756 1757/1757 1758/1758
f 1759/1759 1760/1760 1761/1761
f 1762/1762 1763/1763 1764/1764 1765/1765
f 1766/1766 1767/1767 1768/1768 1769/1769
f 1770/1770 1771/1771 1772/1772
f 1773/1773 1774/1774 1775/1775
f 1776/1776 1777/1777 1778/1778 1779/1779
f 1780/1780 1781/1781 1782/1782 1783/1783
f 1784/1784 1785/1785 1786/1786
f 1787/1787 1788/1788 1789/1789
f 1790/1790 1791/1791 1792/1792 1793/1793
f 1794/1794 1795/1795 1796/1796 1797/1797
f 1798/1798 1799/1799 1800/1800
f 1801/1801 1802/1802 1803/1803
f 1804/1804 1805/1805 1806/1806 1807/1807
f 1808/1808 1809/1809 1810/1810 1811/1811
f 1812/1812 1813/1813 1814/1814
f 1815/1815 1816/1816 1817/1817
f 1818/1818 1819/1819 1820/1820 1821/1821
f 1822/1822 1823/1823 1824/1824 1825/1825
f 1826/1826 1827/1827 1828/1828
f 1829/1829 1830/1830 1831/1831
f 1832/1832 1833/1833 1834/1834 1835/1835
f 1836/1836 1837/1837 1838/1838 1839/1839
f 1840/1840 1841/1841 1842/1842
usemtl models/caelum/world/environment/bark_coast.png
f 1843/1843 1844/1844 1845/1845 1846/1846
f 1847/1847 1848/1848 1849/1849
f 1850/1850 1851/1851 1852/1852
f 1853/1853 1854/1854 1855/1855 1856/1856
f 1857/1857 1858/1858 1859/1859
f 1860/1860 1861/1861 1862/1862
f 1863/1863 1864/1864 1865/1865 1866/1866
f 1867/1867 1868/1868 1869/1869
f 1870/1870 1871/1871 1872/1872
f 1873/1873 1874/1874 1875/1875 1876/1876
f 1877/1877 1878/1878 1879/1879
f 1880/1880 1881/1881 1882/1882
f 1883/1883 1884/1884 1885/1885 1886/1886
f 1887/1887 1888/1888 1889/1889
f 1890/1890 1891/1891 1892/1892
usemtl models/caelum/world/environment/foliage_coast.png
f 1893/1893 1894/1894 1895/1895
f 1896/1896 1897/1897 1898/1898 1899/1899
f 1900/1900 1901/1901 1902/1902
f 1903/1903 1904/1904 1905/1905
f 1906/1906 1907/1907 1908/1908 1909/1909
f 1910/1910 1911/1911 1912/1912
f 1913/1913 1914/1914 1915/1915
f 1916/1916 1917/1917 1918/1918 1919/1919
f 1920/1920 1921/1921 1922/1922
f 1923/1923 1924/1924 1925/1925
f 1926/1926 1927/1927 1928/1928 1929/1929
f 1930/1930 1931/1931 1932/1932
f 1933/1933 1934/1934 1935/1935
f 1936/1936 1937/1937 1938/1938 1939/1939
f 1940/1940 1941/1941 1942/1942
f 1943/1943 1944/1944 1945/1945
f 1946/1946 1947/1947 1948/1948 1949/1949
f 1950/1950 1951/1951 1952/1952
usemtl models/caelum/world/environment/bark_coast.png
f 1953/1953 1954/1954 1955/1955 1956/1956
f 1957/1957 1958/1958 1959/1959
f 1960/1960 1961/1961 1962/1962
f 1963/1963 1964/1964 1965/1965 1966/1966
f 1967/1967 1968/1968 1969/1969
f 1970/1970 1971/1971 1972/1972
f 1973/1973 1974/1974 1975/1975 1976/1976
f 1977/1977 1978/1978 1979/1979
f 1980/1980 1981/1981 1982/1982
f 1983/1983 1984/1984 1985/1985 1986/1986
f 1987/1987 1988/1988 1989/1989
f 1990/1990 1991/1991 1992/1992
f 1993/1993 1994/1994 1995/1995 1996/1996
f 1997/1997 1998/1998 1999/1999
f 2000/2000 2001/2001 2002/2002
usemtl models/caelum/world/environment/foliage_coast.png
f 2003/2003 2004/2004 2005/2005
f 2006/2006 2007/2007 2008/2008 2009/2009
f 2010/2010 2011/2011 2012/2012
f 2013/2013 2014/2014 2015/2015
f 2016/2016 2017/2017 2018/2018 2019/2019
f 2020/2020 2021/2021 2022/2022
f 2023/2023 2024/2024 2025/2025
f 2026/2026 2027/2027 2028/2028 2029/2029
f 2030/2030 2031/2031 2032/2032
f 2033/2033 2034/2034 2035/2035
f 2036/2036 2037/2037 2038/2038 2039/2039
f 2040/2040 2041/2041 2042/2042
f 2043/2043 2044/2044 2045/2045
f 2046/2046 2047/2047 2048/2048 2049/2049
f 2050/2050 2051/2051 2052/2052
f 2053/2053 2054/2054 2055/2055
f 2056/2056 2057/2057 2058/2058 2059/2059
f 2060/2060 2061/2061 2062/2062
usemtl models/caelum/world/environment/bark_coast.png
f 2063/2063 2064/2064 2065/2065 2066/2066
f 2067/2067 2068/2068 2069/2069
f 2070/2070 2071/2071 2072/2072
f 2073/2073 2074/2074 2075/2075 2076/2076
f 2077/2077 2078/2078 2079/2079
f 2080/2080 2081/2081 2082/2082
f 2083/2083 2084/2084 2085/2085 2086/2086
f 2087/2087 2088/2088 2089/2089
f 2090/2090 2091/2091 2092/2092
f 2093/2093 2094/2094 2095/2095 2096/2096
f 2097/2097 2098/2098 2099/2099
f 2100/2100 2101/2101 2102/2102
f 2103/2103 2104/2104 2105/2105 2106/2106
f 2107/2107 2108/2108 2109/2109
f 2110/2110 2111/2111 2112/2112
usemtl models/caelum/world/environment/foliage_coast.png
f 2113/2113 2114/2114 2115/2115
f 2116/2116 2117/2117 2118/2118 2119/2119
f 2120/2120 2121/2121 2122/2122
f 2123/2123 2124/2124 2125/2125
f 2126/2126 2127/2127 2128/2128 2129/2129
f 2130/2130 2131/2131 2132/2132
f 2133/2133 2134/2134 2135/2135
f 2136/2136 2137/2137 2138/2138 2139/2139
f 2140/2140 2141/2141 2142/2142
f 2143/2143 2144/2144 2145/2145
f 2146/2146 2147/2147 2148/2148 2149/2149
f 2150/2150 2151/2151 2152/2152
f 2153/2153 2154/2154 2155/2155
f 2156/2156 2157/2157 2158/2158 2159/2159
f 2160/2160 2161/2161 2162/2162
f 2163/2163 2164/2164 2165/2165
f 2166/2166 2167/2167 2168/2168 2169/2169
f 2170/2170 2171/2171 2172/2172
usemtl models/caelum/world/environment/bark_coast.png
f 2173/2173 2174/2174 2175/2175 2176/2176
f 2177/2177 2178/2178 2179/2179
f 2180/2180 2181/2181 2182/2182
f 2183/2183 2184/2184 2185/2185 2186/2186
f 2187/2187 2188/2188 2189/2189
f 2190/2190 2191/2191 2192/2192
f 2193/2193 2194/2194 2195/2195 2196/2196
f 2197/2197 2198/2198 2199/2199
f 2200/2200 2201/2201 2202/2202
f 2203/2203 2204/2204 2205/2205 2206/2206
f 2207/2207 2208/2208 2209/2209
f 2210/2210 2211/2211 2212/2212
f 2213/2213 2214/2214 2215/2215 2216/2216
f 2217/2217 2218/2218 2219/2219
f 2220/2220 2221/2221 2222/2222
usemtl models/caelum/world/environment/foliage_coast.png
f 2223/2223 2224/2224 2225/2225
f 2226/2226 2227/2227 2228/2228 2229/2229
f 2230/2230 2231/2231 2232/2232
f 2233/2233 2234/2234 2235/2235
f 2236/2236 2237/2237 2238/2238 2239/2239
f 2240/2240 2241/2241 2242/2242
f 2243/2243 2244/2244 2245/2245
f 2246/2246 2247/2247 2248/2248 2249/2249
f 2250/2250 2251/2251 2252/2252
f 2253/2253 2254/2254 2255/2255
f 2256/2256 2257/2257 2258/2258 2259/2259
f 2260/2260 2261/2261 2262/2262
f 2263/2263 2264/2264 2265/2265
f 2266/2266 2267/2267 2268/2268 2269/2269
f 2270/2270 2271/2271 2272/2272
f 2273/2273 2274/2274 2275/2275
f 2276/2276 2277/2277 2278/2278 2279/2279
f 2280/2280 2281/2281 2282/2282
usemtl models/caelum/world/environment/bark_coast.png
f 2283/2283 2284/2284 2285/2285 2286/2286
f 2287/2287 2288/2288 2289/2289
f 2290/2290 2291/2291 2292/2292
f 2293/2293 2294/2294 2295/2295 2296/2296
f 2297/2297 2298/2298 2299/2299
f 2300/2300 2301/2301 2302/2302
f 2303/2303 2304/2304 2305/2305 2306/2306
f 2307/2307 2308/2308 2309/2309
f 2310/2310 2311/2311 2312/2312
f 2313/2313 2314/2314 2315/2315 2316/2316
f 2317/2317 2318/2318 2319/2319
f 2320/2320 2321/2321 2322/2322
f 2323/2323 2324/2324 2325/2325 2326/2326
f 2327/2327 2328/2328 2329/2329
f 2330/2330 2331/2331 2332/2332
usemtl models/caelum/world/environment/foliage_coast.png
f 2333/2333 2334/2334 2335/2335
f 2336/2336 2337/2337 2338/2338 2339/2339
f 2340/2340 2341/2341 2342/2342
f 2343/2343 2344/2344 2345/2345
f 2346/2346 2347/2347 2348/2348 2349/2349
f 2350/2350 2351/2351 2352/2352
f 2353/2353 2354/2354 2355/2355
f 2356/2356 2357/2357 2358/2358 2359/2359
f 2360/2360 2361/2361 2362/2362
f 2363/2363 2364/2364 2365/2365
f 2366/2366 2367/2367 2368/2368 2369/2369
f 2370/2370 2371/2371 2372/2372
f 2373/2373 2374/2374 2375/2375
f 2376/2376 2377/2377 2378/2378 2379/2379
f 2380/2380 2381/2381 2382/2382
f 2383/2383 2384/2384 2385/2385
f 2386/2386 2387/2387 2388/2388 2389/2389
f 2390/2390 2391/2391 2392/2392
usemtl models/caelum/world/environment/bark_coast.png
f 2393/2393 2394/2394 2395/2395 2396/2396
f 2397/2397 2398/2398 2399/2399
f 2400/2400 2401/2401 2402/2402
f 2403/2403 2404/2404 2405/2405 2406/2406
f 2407/2407 2408/2408 2409/2409
f 2410/2410 2411/2411 2412/2412
f 2413/2413 2414/2414 2415/2415 2416/2416
f 2417/2417 2418/2418 2419/2419
f 2420/2420 2421/2421 2422/2422
f 2423/2423 2424/2424 2425/2425 2426/2426
f 2427/2427 2428/2428 2429/2429
f 2430/2430 2431/2431 2432/2432
f 2433/2433 2434/2434 2435/2435 2436/2436
f 2437/2437 2438/2438 2439/2439
f 2440/2440 2441/2441 2442/2442
usemtl models/caelum/world/environment/foliage_coast.png
f 2443/2443 2444/2444 2445/2445
f 2446/2446 2447/2447 2448/2448 2449/2449
f 2450/2450 2451/2451 2452/2452
f 2453/2453 2454/2454 2455/2455
f 2456/2456 2457/2457 2458/2458 2459/2459
f 2460/2460 2461/2461 2462/2462
f 2463/2463 2464/2464 2465/2465
f 2466/2466 2467/2467 2468/2468 2469/2469
f 2470/2470 2471/2471 2472/2472
f 2473/2473 2474/2474 2475/2475
f 2476/2476 2477/2477 2478/2478 2479/2479
f 2480/2480 2481/2481 2482/2482
f 2483/2483 2484/2484 2485/2485
f 2486/2486 2487/2487 2488/2488 2489/2489
f 2490/2490 2491/2491 2492/2492
f 2493/2493 2494/2494 2495/2495
f 2496/2496 2497/2497 2498/2498 2499/2499
f 2500/2500 2501/2501 2502/2502
usemtl models/caelum/world/environment/bark_coast.png
f 2503/2503 2504/2504 2505/2505 2506/2506
f 2507/2507 2508/2508 2509/2509
f 2510/2510 2511/2511 2512/2512
f 2513/2513 2514/2514 2515/2515 2516/2516
f 2517/2517 2518/2518 2519/2519
f 2520/2520 2521/2521 2522/2522
f 2523/2523 2524/2524 2525/2525 2526/2526
f 2527/2527 2528/2528 2529/2529
f 2530/2530 2531/2531 2532/2532
f 2533/2533 2534/2534 2535/2535 2536/2536
f 2537/2537 2538/2538 2539/2539
f 2540/2540 2541/2541 2542/2542
f 2543/2543 2544/2544 2545/2545 2546/2546
f 2547/2547 2548/2548 2549/2549
f 2550/2550 2551/2551 2552/2552
usemtl models/caelum/world/environment/foliage_coast.png
f 2553/2553 2554/2554 2555/2555
f 2556/2556 2557/2557 2558/2558 2559/2559
f 2560/2560 2561/2561 2562/2562
f 2563/2563 2564/2564 2565/2565
f 2566/2566 2567/2567 2568/2568 2569/2569
f 2570/2570 2571/2571 2572/2572
f 2573/2573 2574/2574 2575/2575
f 2576/2576 2577/2577 2578/2578 2579/2579
f 2580/2580 2581/2581 2582/2582
f 2583/2583 2584/2584 2585/2585
f 2586/2586 2587/2587 2588/2588 2589/2589
f 2590/2590 2591/2591 2592/2592
f 2593/2593 2594/2594 2595/2595
f 2596/2596 2597/2597 2598/2598 2599/2599
f 2600/2600 2601/2601 2602/2602
f 2603/2603 2604/2604 2605/2605
f 2606/2606 2607/2607 2608/2608 2609/2609
f 2610/2610 2611/2611 2612/2612
usemtl models/caelum/world/environment/bark_coast.png
f 2613/2613 2614/2614 2615/2615 2616/2616
f 2617/2617 2618/2618 2619/2619
f 2620/2620 2621/2621 2622/2622
f 2623/2623 2624/2624 2625/2625 2626/2626
f 2627/2627 2628/2628 2629/2629
f 2630/2630 2631/2631 2632/2632
f 2633/2633 2634/2634 2635/2635 2636/2636
f 2637/2637 2638/2638 2639/2639
f 2640/2640 2641/2641 2642/2642
f 2643/2643 2644/2644 2645/2645 2646/2646
f 2647/2647 2648/2648 2649/2649
f 2650/2650 2651/2651 2652/2652
f 2653/2653 2654/2654 2655/2655 2656/2656
f 2657/2657 2658/2658 2659/2659
f 2660/2660 2661/2661 2662/2662
usemtl models/caelum/world/environment/foliage_coast.png
f 2663/2663 2664/2664 2665/2665
f 2666/2666 2667/2667 2668/2668 2669/2669
f 2670/2670 2671/2671 2672/2672
f 2673/2673 2674/2674 2675/2675
f 2676/2676 2677/2677 2678/2678 2679/2679
f 2680/2680 2681/2681 2682/2682
f 2683/2683 2684/2684 2685/2685
f 2686/2686 2687/2687 2688/2688 2689/2689
f 2690/2690 2691/2691 2692/2692
f 2693/2693 2694/2694 2695/2695
f 2696/2696 2697/2697 2698/2698 2699/2699
f 2700/2700 2701/2701 2702/2702
f 2703/2703 2704/2704 2705/2705
f 2706/2706 2707/2707 2708/2708 2709/2709
f 2710/2710 2711/2711 2712/2712
f 2713/2713 2714/2714 2715/2715
f 2716/2716 2717/2717 2718/2718 2719/2719
f 2720/2720 2721/2721 2722/2722
usemtl models/caelum/world/environment/bark_coast.png
f 2723/2723 2724/2724 2725/2725 2726/2726
f 2727/2727 2728/2728 2729/2729
f 2730/2730 2731/2731 2732/2732
f 2733/2733 2734/2734 2735/2735 2736/2736
f 2737/2737 2738/2738 2739/2739
f 2740/2740 2741/2741 2742/2742
f 2743/2743 2744/2744 2745/2745 2746/2746
f 2747/2747 2748/2748 2749/2749
f 2750/2750 2751/2751 2752/2752
f 2753/2753 2754/2754 2755/2755 2756/2756
f 2757/2757 2758/2758 2759/2759
f 2760/2760 2761/2761 2762/2762
f 2763/2763 2764/2764 2765/2765 2766/2766
f 2767/2767 2768/2768 2769/2769
f 2770/2770 2771/2771 2772/2772
usemtl models/caelum/world/environment/foliage_coast.png
f 2773/2773 2774/2774 2775/2775
f 2776/2776 2777/2777 2778/2778 2779/2779
f 2780/2780 2781/2781 2782/2782
f 2783/2783 2784/2784 2785/2785
f 2786/2786 2787/2787 2788/2788 2789/2789
f 2790/2790 2791/2791 2792/2792
f 2793/2793 2794/2794 2795/2795
f 2796/2796 2797/2797 2798/2798 2799/2799
f 2800/2800 2801/2801 2802/2802
f 2803/2803 2804/2804 2805/2805
f 2806/2806 2807/2807 2808/2808 2809/2809
f 2810/2810 2811/2811 2812/2812
f 2813/2813 2814/2814 2815/2815
f 2816/2816 2817/2817 2818/2818 2819/2819
f 2820/2820 2821/2821 2822/2822
f 2823/2823 2824/2824 2825/2825
f 2826/2826 2827/2827 2828/2828 2829/2829
f 2830/2830 2831/2831 2832/2832
usemtl models/caelum/world/environment/bark_coast.png
f 2833/2833 2834/2834 2835/2835 2836/2836
f 2837/2837 2838/2838 2839/2839
f 2840/2840 2841/2841 2842/2842
f 2843/2843 2844/2844 2845/2845 2846/2846
f 2847/2847 2848/2848 2849/2849
f 2850/2850 2851/2851 2852/2852
f 2853/2853 2854/2854 2855/2855 2856/2856
f 2857/2857 2858/2858 2859/2859
f 2860/2860 2861/2861 2862/2862
f 2863/2863 2864/2864 2865/2865 2866/2866
f 2867/2867 2868/2868 2869/2869
f 2870/2870 2871/2871 2872/2872
f 2873/2873 2874/2874 2875/2875 2876/2876
f 2877/2877 2878/2878 2879/2879
f 2880/2880 2881/2881 2882/2882
usemtl models/caelum/world/environment/foliage_coast.png
f 2883/2883 2884/2884 2885/2885
f 2886/2886 2887/2887 2888/2888 2889/2889
f 2890/2890 2891/2891 2892/2892
f 2893/2893 2894/2894 2895/2895
f 2896/2896 2897/2897 2898/2898 2899/2899
f 2900/2900 2901/2901 2902/2902
f 2903/2903 2904/2904 2905/2905
f 2906/2906 2907/2907 2908/2908 2909/2909
f 2910/2910 2911/2911 2912/2912
f 2913/2913 2914/2914 2915/2915
f 2916/2916 2917/2917 2918/2918 2919/2919
f 2920/2920 2921/2921 2922/2922
f 2923/2923 2924/2924 2925/2925
f 2926/2926 2927/2927 2928/2928 2929/2929
f 2930/2930 2931/2931 2932/2932
f 2933/2933 2934/2934 2935/2935
f 2936/2936 2937/2937 2938/2938 2939/2939
f 2940/2940 2941/2941 2942/2942
usemtl models/caelum/world/environment/bark_coast.png
f 2943/2943 2944/2944 2945/2945 2946/2946
f 2947/2947 2948/2948 2949/2949
f 2950/2950 2951/2951 2952/2952
f 2953/2953 2954/2954 2955/2955 2956/2956
f 2957/2957 2958/2958 2959/2959
f 2960/2960 2961/2961 2962/2962
f 2963/2963 2964/2964 2965/2965 2966/2966
f 2967/2967 2968/2968 2969/2969
f 2970/2970 2971/2971 2972/2972
f 2973/2973 2974/2974 2975/2975 2976/2976
f 2977/2977 2978/2978 2979/2979
f 2980/2980 2981/2981 2982/2982
f 2983/2983 2984/2984 2985/2985 2986/2986
f 2987/2987 2988/2988 2989/2989
f 2990/2990 2991/2991 2992/2992
usemtl models/caelum/world/environment/foliage_coast.png
f 2993/2993 2994/2994 2995/2995
f 2996/2996 2997/2997 2998/2998 2999/2999
f 3000/3000 3001/3001 3002/3002
f 3003/3003 3004/3004 3005/3005
f 3006/3006 3007/3007 3008/3008 3009/3009
f 3010/3010 3011/3011 3012/3012
f 3013/3013 3014/3014 3015/3015
f 3016/3016 3017/3017 3018/3018 3019/3019
f 3020/3020 3021/3021 3022/3022
f 3023/3023 3024/3024 3025/3025
f 3026/3026 3027/3027 3028/3028 3029/3029
f 3030/3030 3031/3031 3032/3032
f 3033/3033 3034/3034 3035/3035
f 3036/3036 3037/3037 3038/3038 3039/3039
f 3040/3040 3041/3041 3042/3042
f 3043/3043 3044/3044 3045/3045
f 3046/3046 3047/3047 3048/3048 3049/3049
f 3050/3050 3051/3051 3052/3052
usemtl models/caelum/world/environment/bark_coast.png
f 3053/3053 3054/3054 3055/3055 3056/3056
f 3057/3057 3058/3058 3059/3059
f 3060/3060 3061/3061 3062/3062
f 3063/3063 3064/3064 3065/3065 3066/3066
f 3067/3067 3068/3068 3069/3069
f 3070/3070 3071/3071 3072/3072
f 3073/3073 3074/3074 3075/3075 3076/3076
f 3077/3077 3078/3078 3079/3079
f 3080/3080 3081/3081 3082/3082
f 3083/3083 3084/3084 3085/3085 3086/3086
f 3087/3087 3088/3088 3089/3089
f 3090/3090 3091/3091 3092/3092
f 3093/3093 3094/3094 3095/3095 3096/3096
f 3097/3097 3098/3098 3099/3099
f 3100/3100 3101/3101 3102/3102
usemtl models/caelum/world/environment/foliage_coast.png
f 3103/3103 3104/3104 3105/3105
f 3106/3106 3107/3107 3108/3108 3109/3109
f 3110/3110 3111/3111 3112/3112
f 3113/3113 3114/3114 3115/3115
f 3116/3116 3117/3117 3118/3118 3119/3119
f 3120/3120 3121/3121 3122/3122
f 3123/3123 3124/3124 3125/3125
f 3126/3126 3127/3127 3128/3128 3129/3129
f 3130/3130 3131/3131 3132/3132
f 3133/3133 3134/3134 3135/3135
f 3136/3136 3137/3137 3138/3138 3139/3139
f 3140/3140 3141/3141 3142/3142
f 3143/3143 3144/3144 3145/3145
f 3146/3146 3147/3147 3148/3148 3149/3149
f 3150/3150 3151/3151 3152/3152
f 3153/3153 3154/3154 3155/3155
f 3156/3156 3157/3157 3158/3158 3159/3159
f 3160/3160 3161/3161 3162/3162
