# Modelo original generado para Caelum Argenteum.
# Ejes OBJ: X ancho, Y altura, Z profundidad.
o ca_tree_plains_ombu
v 0.000000 0.000000 -24.000000
v -15.426903 0.000000 -18.385067
v -10.644563 54.880000 -12.685696
v 0.000000 54.880000 -16.560000
v 0.000000 0.000000 0.000000
v -15.426903 0.000000 -18.385067
v 0.000000 0.000000 -24.000000
v -15.426903 0.000000 -18.385067
v -23.635386 0.000000 -4.167556
v -16.308416 54.880000 -2.875614
v -10.644563 54.880000 -12.685696
v 0.000000 0.000000 0.000000
v -23.635386 0.000000 -4.167556
v -15.426903 0.000000 -18.385067
v -23.635386 0.000000 -4.167556
v -20.784610 0.000000 12.000000
v -14.341381 54.880000 8.280000
v -16.308416 54.880000 -2.875614
v 0.000000 0.000000 0.000000
v -20.784610 0.000000 12.000000
v -23.635386 0.000000 -4.167556
v -20.784610 0.000000 12.000000
v -8.208483 0.000000 22.552623
v -5.663854 54.880000 15.561310
v -14.341381 54.880000 8.280000
v 0.000000 0.000000 0.000000
v -8.208483 0.000000 22.552623
v -20.784610 0.000000 12.000000
v -8.208483 0.000000 22.552623
v 8.208483 0.000000 22.552623
v 5.663854 54.880000 15.561310
v -5.663854 54.880000 15.561310
v 0.000000 0.000000 0.000000
v 8.208483 0.000000 22.552623
v -8.208483 0.000000 22.552623
v 8.208483 0.000000 22.552623
v 20.784610 0.000000 12.000000
v 14.341381 54.880000 8.280000
v 5.663854 54.880000 15.561310
v 0.000000 0.000000 0.000000
v 20.784610 0.000000 12.000000
v 8.208483 0.000000 22.552623
v 20.784610 0.000000 12.000000
v 23.635386 0.000000 -4.167556
v 16.308416 54.880000 -2.875614
v 14.341381 54.880000 8.280000
v 0.000000 0.000000 0.000000
v 23.635386 0.000000 -4.167556
v 20.784610 0.000000 12.000000
v 23.635386 0.000000 -4.167556
v 15.426903 0.000000 -18.385067
v 10.644563 54.880000 -12.685696
v 16.308416 54.880000 -2.875614
v 0.000000 0.000000 0.000000
v 15.426903 0.000000 -18.385067
v 23.635386 0.000000 -4.167556
v 15.426903 0.000000 -18.385067
v 0.000000 0.000000 -24.000000
v 0.000000 54.880000 -16.560000
v 10.644563 54.880000 -12.685696
v 0.000000 0.000000 0.000000
v 0.000000 0.000000 -24.000000
v 15.426903 0.000000 -18.385067
v -1.982434 54.880000 -16.440911
v -12.086647 54.880000 -11.320184
v -6.656414 101.920000 -6.234304
v -1.091775 101.920000 -9.054415
v -12.086647 54.880000 -11.320184
v -16.535383 54.880000 -0.902618
v -9.106443 101.920000 -0.497094
v -6.656414 101.920000 -6.234304
v -16.535383 54.880000 -0.902618
v -13.247030 54.880000 9.937294
v -7.295466 101.920000 5.472713
v -9.106443 101.920000 -0.497094
v -13.247030 54.880000 9.937294
v -3.760244 54.880000 16.127435
v -2.070859 101.920000 8.881776
v -7.295466 101.920000 5.472713
v -3.760244 54.880000 16.127435
v 7.486001 54.880000 14.771370
v 4.122725 101.920000 8.134958
v -2.070859 101.920000 8.881776
v 7.486001 54.880000 14.771370
v 15.229464 54.880000 6.503617
v 8.387241 101.920000 3.581702
v 4.122725 101.920000 8.134958
v 15.229464 54.880000 6.503617
v 15.846891 54.880000 -4.807251
v 8.727273 101.920000 -2.647471
v 8.387241 101.920000 3.581702
v 15.846891 54.880000 -4.807251
v 9.049381 54.880000 -13.868753
v 4.983717 101.920000 -7.637864
v 8.727273 101.920000 -2.647471
v 9.049381 54.880000 -13.868753
v -1.982434 54.880000 -16.440911
v -1.091775 101.920000 -9.054415
v 4.983717 101.920000 -7.637864
v -2.167848 101.920000 -8.858602
v -7.354868 101.920000 -5.392617
v -1.354844 137.200000 -0.993377
v -0.399340 137.200000 -1.631848
v 0.000000 137.200000 0.000000
v -0.399340 137.200000 -1.631848
v -1.354844 137.200000 -0.993377
v -7.354868 101.920000 -5.392617
v -9.100463 101.920000 0.596633
v -1.676401 137.200000 0.109906
v -1.354844 137.200000 -0.993377
v 0.000000 137.200000 0.000000
v -1.354844 137.200000 -0.993377
v -1.676401 137.200000 0.109906
v -9.100463 101.920000 0.596633
v -6.587851 101.920000 6.306713
v -1.213551 137.200000 1.161763
v -1.676401 137.200000 0.109906
v 0.000000 137.200000 0.000000
v -1.676401 137.200000 0.109906
v -1.213551 137.200000 1.161763
v -6.587851 101.920000 6.306713
v -0.992710 101.920000 9.065811
v -0.182868 137.200000 1.670018
v -1.213551 137.200000 1.161763
v 0.000000 137.200000 0.000000
v -1.213551 137.200000 1.161763
v -0.182868 137.200000 1.670018
v -0.992710 101.920000 9.065811
v 5.066931 101.920000 7.582916
v 0.933382 137.200000 1.396853
v -0.182868 137.200000 1.670018
v 0.000000 137.200000 0.000000
v -0.182868 137.200000 1.670018
v 0.933382 137.200000 1.396853
v 5.066931 101.920000 7.582916
v 8.755699 101.920000 2.551890
v 1.612892 137.200000 0.470085
v 0.933382 137.200000 1.396853
v 0.000000 137.200000 0.000000
v 0.933382 137.200000 1.396853
v 1.612892 137.200000 0.470085
v 8.755699 101.920000 2.551890
v 8.347577 101.920000 -3.673194
v 1.537712 137.200000 -0.676641
v 1.612892 137.200000 0.470085
v 0.000000 137.200000 0.000000
v 1.612892 137.200000 0.470085
v 1.537712 137.200000 -0.676641
v 8.347577 101.920000 -3.673194
v 4.033532 101.920000 -8.179549
v 0.743019 137.200000 -1.506759
v 1.537712 137.200000 -0.676641
v 0.000000 137.200000 0.000000
v 1.537712 137.200000 -0.676641
v 0.743019 137.200000 -1.506759
v 4.033532 101.920000 -8.179549
v -2.167848 101.920000 -8.858602
v -0.399340 137.200000 -1.631848
v 0.743019 137.200000 -1.506759
v 0.000000 137.200000 0.000000
v 0.743019 137.200000 -1.506759
v -0.399340 137.200000 -1.631848
v 57.600000 0.000000 -6.000000
v 54.998140 -4.497813 -3.000000
v -6.452613 22.165423 -7.440000
v 0.000000 33.320000 -14.880000
v 57.600000 0.000000 0.000000
v 54.998140 -4.497813 -3.000000
v 57.600000 0.000000 -6.000000
v 0.000000 33.320000 0.000000
v 0.000000 33.320000 -14.880000
v -6.452613 22.165423 -7.440000
v 54.998140 -4.497813 -3.000000
v 54.998140 -4.497813 3.000000
v -6.452613 22.165423 7.440000
v -6.452613 22.165423 -7.440000
v 57.600000 0.000000 0.000000
v 54.998140 -4.497813 3.000000
v 54.998140 -4.497813 -3.000000
v 0.000000 33.320000 0.000000
v -6.452613 22.165423 -7.440000
v -6.452613 22.165423 7.440000
v 54.998140 -4.497813 3.000000
v 57.600000 -0.000000 6.000000
v -0.000000 33.320000 14.880000
v -6.452613 22.165423 7.440000
v 57.600000 0.000000 0.000000
v 57.600000 -0.000000 6.000000
v 54.998140 -4.497813 3.000000
v 0.000000 33.320000 0.000000
v -6.452613 22.165423 7.440000
v -0.000000 33.320000 14.880000
v 57.600000 -0.000000 6.000000
v 60.201860 4.497813 3.000000
v 6.452613 44.474577 7.440000
v -0.000000 33.320000 14.880000
v 57.600000 0.000000 0.000000
v 60.201860 4.497813 3.000000
v 57.600000 -0.000000 6.000000
v 0.000000 33.320000 0.000000
v -0.000000 33.320000 14.880000
v 6.452613 44.474577 7.440000
v 60.201860 4.497813 3.000000
v 60.201860 4.497813 -3.000000
v 6.452613 44.474577 -7.440000
v 6.452613 44.474577 7.440000
v 57.600000 0.000000 0.000000
v 60.201860 4.497813 -3.000000
v 60.201860 4.497813 3.000000
v 0.000000 33.320000 0.000000
v 6.452613 44.474577 7.440000
v 6.452613 44.474577 -7.440000
v 60.201860 4.497813 -3.000000
v 57.600000 0.000000 -6.000000
v 0.000000 33.320000 -14.880000
v 6.452613 44.474577 -7.440000
v 57.600000 0.000000 0.000000
v 57.600000 0.000000 -6.000000
v 60.201860 4.497813 -3.000000
v 0.000000 33.320000 0.000000
v 6.452613 44.474577 -7.440000
v 0.000000 33.320000 -14.880000
v 40.729351 -4.643968 36.930198
v 36.620234 -4.335810 41.291414
v -10.190609 22.567191 1.393916
v 0.000000 21.802959 -9.421898
v 40.729351 0.000000 40.729351
v 36.620234 -4.335810 41.291414
v 40.729351 -4.643968 36.930198
v 0.000000 33.320000 0.000000
v 0.000000 21.802959 -9.421898
v -10.190609 22.567191 1.393916
v 36.620234 -4.335810 41.291414
v 36.620234 0.308158 45.090566
v -10.190609 34.084232 10.815814
v -10.190609 22.567191 1.393916
v 40.729351 0.000000 40.729351
v 36.620234 0.308158 45.090566
v 36.620234 -4.335810 41.291414
v 0.000000 33.320000 0.000000
v -10.190609 22.567191 1.393916
v -10.190609 34.084232 10.815814
v 36.620234 0.308158 45.090566
v 40.729351 4.643968 44.528503
v -0.000000 44.837041 9.421898
v -10.190609 34.084232 10.815814
v 40.729351 0.000000 40.729351
v 40.729351 4.643968 44.528503
v 36.620234 0.308158 45.090566
v 0.000000 33.320000 0.000000
v -10.190609 34.084232 10.815814
v -0.000000 44.837041 9.421898
v 40.729351 4.643968 44.528503
v 44.838467 4.335810 40.167288
v 10.190609 44.072809 -1.393916
v -0.000000 44.837041 9.421898
v 40.729351 0.000000 40.729351
v 44.838467 4.335810 40.167288
v 40.729351 4.643968 44.528503
v 0.000000 33.320000 0.000000
v -0.000000 44.837041 9.421898
v 10.190609 44.072809 -1.393916
v 44.838467 4.335810 40.167288
v 44.838467 -0.308158 36.368135
v 10.190609 32.555768 -10.815814
v 10.190609 44.072809 -1.393916
v 40.729351 0.000000 40.729351
v 44.838467 -0.308158 36.368135
v 44.838467 4.335810 40.167288
v 0.000000 33.320000 0.000000
v 10.190609 44.072809 -1.393916
v 10.190609 32.555768 -10.815814
v 44.838467 -0.308158 36.368135
v 40.729351 -4.643968 36.930198
v 0.000000 21.802959 -9.421898
v 10.190609 32.555768 -10.815814
v 40.729351 0.000000 40.729351
v 40.729351 -4.643968 36.930198
v 44.838467 -0.308158 36.368135
v 0.000000 33.320000 0.000000
v 10.190609 32.555768 -10.815814
v 0.000000 21.802959 -9.421898
v 0.000000 -5.193627 54.595631
v -5.196152 -2.596814 56.097815
v -12.886458 26.879902 -3.725418
v 0.000000 20.439804 -7.450836
v 0.000000 0.000000 57.600000
v -5.196152 -2.596814 56.097815
v 0.000000 -5.193627 54.595631
v 0.000000 33.320000 0.000000
v 0.000000 20.439804 -7.450836
v -12.886458 26.879902 -3.725418
v -5.196152 -2.596814 56.097815
v -5.196152 2.596814 59.102185
v -12.886458 39.760098 3.725418
v -12.886458 26.879902 -3.725418
v 0.000000 0.000000 57.600000
v -5.196152 2.596814 59.102185
v -5.196152 -2.596814 56.097815
v 0.000000 33.320000 0.000000
v -12.886458 26.879902 -3.725418
v -12.886458 39.760098 3.725418
v -5.196152 2.596814 59.102185
v 0.000000 5.193627 60.604369
v -0.000000 46.200196 7.450836
v -12.886458 39.760098 3.725418
v 0.000000 0.000000 57.600000
v 0.000000 5.193627 60.604369
v -5.196152 2.596814 59.102185
v 0.000000 33.320000 0.000000
v -12.886458 39.760098 3.725418
v -0.000000 46.200196 7.450836
v 0.000000 5.193627 60.604369
v 5.196152 2.596814 59.102185
v 12.886458 39.760098 3.725418
v -0.000000 46.200196 7.450836
v 0.000000 0.000000 57.600000
v 5.196152 2.596814 59.102185
v 0.000000 5.193627 60.604369
v 0.000000 33.320000 0.000000
v -0.000000 46.200196 7.450836
v 12.886458 39.760098 3.725418
v 5.196152 2.596814 59.102185
v 5.196152 -2.596814 56.097815
v 12.886458 26.879902 -3.725418
v 12.886458 39.760098 3.725418
v 0.000000 0.000000 57.600000
v 5.196152 -2.596814 56.097815
v 5.196152 2.596814 59.102185
v 0.000000 33.320000 0.000000
v 12.886458 39.760098 3.725418
v 12.886458 26.879902 -3.725418
v 5.196152 -2.596814 56.097815
v 0.000000 -5.193627 54.595631
v 0.000000 20.439804 -7.450836
v 12.886458 26.879902 -3.725418
v 0.000000 0.000000 57.600000
v 0.000000 -5.193627 54.595631
v 5.196152 -2.596814 56.097815
v 0.000000 33.320000 0.000000
v 12.886458 26.879902 -3.725418
v 0.000000 20.439804 -7.450836
v -40.729351 -4.643968 36.930198
v -44.838467 -0.308158 36.368135
v -10.190609 32.555768 -10.815814
v 0.000000 21.802959 -9.421898
v -40.729351 0.000000 40.729351
v -44.838467 -0.308158 36.368135
v -40.729351 -4.643968 36.930198
v 0.000000 33.320000 0.000000
v 0.000000 21.802959 -9.421898
v -10.190609 32.555768 -10.815814
v -44.838467 -0.308158 36.368135
v -44.838467 4.335810 40.167288
v -10.190609 44.072809 -1.393916
v -10.190609 32.555768 -10.815814
v -40.729351 0.000000 40.729351
v -44.838467 4.335810 40.167288
v -44.838467 -0.308158 36.368135
v 0.000000 33.320000 0.000000
v -10.190609 32.555768 -10.815814
v -10.190609 44.072809 -1.393916
v -44.838467 4.335810 40.167288
v -40.729351 4.643968 44.528503
v -0.000000 44.837041 9.421898
v -10.190609 44.072809 -1.393916
v -40.729351 0.000000 40.729351
v -40.729351 4.643968 44.528503
v -44.838467 4.335810 40.167288
v 0.000000 33.320000 0.000000
v -10.190609 44.072809 -1.393916
v -0.000000 44.837041 9.421898
v -40.729351 4.643968 44.528503
v -36.620234 0.308158 45.090566
v 10.190609 34.084232 10.815814
v -0.000000 44.837041 9.421898
v -40.729351 0.000000 40.729351
v -36.620234 0.308158 45.090566
v -40.729351 4.643968 44.528503
v 0.000000 33.320000 0.000000
v -0.000000 44.837041 9.421898
v 10.190609 34.084232 10.815814
v -36.620234 0.308158 45.090566
v -36.620234 -4.335810 41.291414
v 10.190609 22.567191 1.393916
v 10.190609 34.084232 10.815814
v -40.729351 0.000000 40.729351
v -36.620234 -4.335810 41.291414
v -36.620234 0.308158 45.090566
v 0.000000 33.320000 0.000000
v 10.190609 34.084232 10.815814
v 10.190609 22.567191 1.393916
v -36.620234 -4.335810 41.291414
v -40.729351 -4.643968 36.930198
v 0.000000 21.802959 -9.421898
v 10.190609 22.567191 1.393916
v -40.729351 0.000000 40.729351
v -40.729351 -4.643968 36.930198
v -36.620234 -4.335810 41.291414
v 0.000000 33.320000 0.000000
v 10.190609 22.567191 1.393916
v 0.000000 21.802959 -9.421898
v -57.600000 0.000000 6.000000
v -54.998140 -4.497813 3.000000
v 6.452613 22.165423 7.440000
v 0.000000 33.320000 14.880000
v -57.600000 0.000000 0.000000
v -54.998140 -4.497813 3.000000
v -57.600000 0.000000 6.000000
v 0.000000 33.320000 0.000000
v 0.000000 33.320000 14.880000
v 6.452613 22.165423 7.440000
v -54.998140 -4.497813 3.000000
v -54.998140 -4.497813 -3.000000
v 6.452613 22.165423 -7.440000
v 6.452613 22.165423 7.440000
v -57.600000 0.000000 0.000000
v -54.998140 -4.497813 -3.000000
v -54.998140 -4.497813 3.000000
v 0.000000 33.320000 0.000000
v 6.452613 22.165423 7.440000
v 6.452613 22.165423 -7.440000
v -54.998140 -4.497813 -3.000000
v -57.600000 -0.000000 -6.000000
v -0.000000 33.320000 -14.880000
v 6.452613 22.165423 -7.440000
v -57.600000 0.000000 0.000000
v -57.600000 -0.000000 -6.000000
v -54.998140 -4.497813 -3.000000
v 0.000000 33.320000 0.000000
v 6.452613 22.165423 -7.440000
v -0.000000 33.320000 -14.880000
v -57.600000 -0.000000 -6.000000
v -60.201860 4.497813 -3.000000
v -6.452613 44.474577 -7.440000
v -0.000000 33.320000 -14.880000
v -57.600000 0.000000 0.000000
v -60.201860 4.497813 -3.000000
v -57.600000 -0.000000 -6.000000
v 0.000000 33.320000 0.000000
v -0.000000 33.320000 -14.880000
v -6.452613 44.474577 -7.440000
v -60.201860 4.497813 -3.000000
v -60.201860 4.497813 3.000000
v -6.452613 44.474577 7.440000
v -6.452613 44.474577 -7.440000
v -57.600000 0.000000 0.000000
v -60.201860 4.497813 3.000000
v -60.201860 4.497813 -3.000000
v 0.000000 33.320000 0.000000
v -6.452613 44.474577 -7.440000
v -6.452613 44.474577 7.440000
v -60.201860 4.497813 3.000000
v -57.600000 0.000000 6.000000
v 0.000000 33.320000 14.880000
v -6.452613 44.474577 7.440000
v -57.600000 0.000000 0.000000
v -57.600000 0.000000 6.000000
v -60.201860 4.497813 3.000000
v 0.000000 33.320000 0.000000
v -6.452613 44.474577 7.440000
v 0.000000 33.320000 14.880000
v -40.729351 4.643968 -44.528503
v -44.838467 4.335810 -40.167288
v -10.190609 44.072809 1.393916
v 0.000000 44.837041 -9.421898
v -40.729351 0.000000 -40.729351
v -44.838467 4.335810 -40.167288
v -40.729351 4.643968 -44.528503
v 0.000000 33.320000 0.000000
v 0.000000 44.837041 -9.421898
v -10.190609 44.072809 1.393916
v -44.838467 4.335810 -40.167288
v -44.838467 -0.308158 -36.368135
v -10.190609 32.555768 10.815814
v -10.190609 44.072809 1.393916
v -40.729351 0.000000 -40.729351
v -44.838467 -0.308158 -36.368135
v -44.838467 4.335810 -40.167288
v 0.000000 33.320000 0.000000
v -10.190609 44.072809 1.393916
v -10.190609 32.555768 10.815814
v -44.838467 -0.308158 -36.368135
v -40.729351 -4.643968 -36.930198
v -0.000000 21.802959 9.421898
v -10.190609 32.555768 10.815814
v -40.729351 0.000000 -40.729351
v -40.729351 -4.643968 -36.930198
v -44.838467 -0.308158 -36.368135
v 0.000000 33.320000 0.000000
v -10.190609 32.555768 10.815814
v -0.000000 21.802959 9.421898
v -40.729351 -4.643968 -36.930198
v -36.620234 -4.335810 -41.291414
v 10.190609 22.567191 -1.393916
v -0.000000 21.802959 9.421898
v -40.729351 0.000000 -40.729351
v -36.620234 -4.335810 -41.291414
v -40.729351 -4.643968 -36.930198
v 0.000000 33.320000 0.000000
v -0.000000 21.802959 9.421898
v 10.190609 22.567191 -1.393916
v -36.620234 -4.335810 -41.291414
v -36.620234 0.308158 -45.090566
v 10.190609 34.084232 -10.815814
v 10.190609 22.567191 -1.393916
v -40.729351 0.000000 -40.729351
v -36.620234 0.308158 -45.090566
v -36.620234 -4.335810 -41.291414
v 0.000000 33.320000 0.000000
v 10.190609 22.567191 -1.393916
v 10.190609 34.084232 -10.815814
v -36.620234 0.308158 -45.090566
v -40.729351 4.643968 -44.528503
v 0.000000 44.837041 -9.421898
v 10.190609 34.084232 -10.815814
v -40.729351 0.000000 -40.729351
v -40.729351 4.643968 -44.528503
v -36.620234 0.308158 -45.090566
v 0.000000 33.320000 0.000000
v 10.190609 34.084232 -10.815814
v 0.000000 44.837041 -9.421898
v -0.000000 5.193627 -60.604369
v -5.196152 2.596814 -59.102185
v -12.886458 39.760098 -3.725418
v 0.000000 46.200196 -7.450836
v -0.000000 0.000000 -57.600000
v -5.196152 2.596814 -59.102185
v -0.000000 5.193627 -60.604369
v 0.000000 33.320000 0.000000
v 0.000000 46.200196 -7.450836
v -12.886458 39.760098 -3.725418
v -5.196152 2.596814 -59.102185
v -5.196152 -2.596814 -56.097815
v -12.886458 26.879902 3.725418
v -12.886458 39.760098 -3.725418
v -0.000000 0.000000 -57.600000
v -5.196152 -2.596814 -56.097815
v -5.196152 2.596814 -59.102185
v 0.000000 33.320000 0.000000
v -12.886458 39.760098 -3.725418
v -12.886458 26.879902 3.725418
v -5.196152 -2.596814 -56.097815
v -0.000000 -5.193627 -54.595631
v -0.000000 20.439804 7.450836
v -12.886458 26.879902 3.725418
v -0.000000 0.000000 -57.600000
v -0.000000 -5.193627 -54.595631
v -5.196152 -2.596814 -56.097815
v 0.000000 33.320000 0.000000
v -12.886458 26.879902 3.725418
v -0.000000 20.439804 7.450836
v -0.000000 -5.193627 -54.595631
v 5.196152 -2.596814 -56.097815
v 12.886458 26.879902 3.725418
v -0.000000 20.439804 7.450836
v -0.000000 0.000000 -57.600000
v 5.196152 -2.596814 -56.097815
v -0.000000 -5.193627 -54.595631
v 0.000000 33.320000 0.000000
v -0.000000 20.439804 7.450836
v 12.886458 26.879902 3.725418
v 5.196152 -2.596814 -56.097815
v 5.196152 2.596814 -59.102185
v 12.886458 39.760098 -3.725418
v 12.886458 26.879902 3.725418
v -0.000000 0.000000 -57.600000
v 5.196152 2.596814 -59.102185
v 5.196152 -2.596814 -56.097815
v 0.000000 33.320000 0.000000
v 12.886458 26.879902 3.725418
v 12.886458 39.760098 -3.725418
v 5.196152 2.596814 -59.102185
v -0.000000 5.193627 -60.604369
v 0.000000 46.200196 -7.450836
v 12.886458 39.760098 -3.725418
v -0.000000 0.000000 -57.600000
v -0.000000 5.193627 -60.604369
v 5.196152 2.596814 -59.102185
v 0.000000 33.320000 0.000000
v 12.886458 39.760098 -3.725418
v 0.000000 46.200196 -7.450836
v 40.729351 4.643968 -44.528503
v 36.620234 0.308158 -45.090566
v -10.190609 34.084232 -10.815814
v 0.000000 44.837041 -9.421898
v 40.729351 0.000000 -40.729351
v 36.620234 0.308158 -45.090566
v 40.729351 4.643968 -44.528503
v 0.000000 33.320000 0.000000
v 0.000000 44.837041 -9.421898
v -10.190609 34.084232 -10.815814
v 36.620234 0.308158 -45.090566
v 36.620234 -4.335810 -41.291414
v -10.190609 22.567191 -1.393916
v -10.190609 34.084232 -10.815814
v 40.729351 0.000000 -40.729351
v 36.620234 -4.335810 -41.291414
v 36.620234 0.308158 -45.090566
v 0.000000 33.320000 0.000000
v -10.190609 34.084232 -10.815814
v -10.190609 22.567191 -1.393916
v 36.620234 -4.335810 -41.291414
v 40.729351 -4.643968 -36.930198
v -0.000000 21.802959 9.421898
v -10.190609 22.567191 -1.393916
v 40.729351 0.000000 -40.729351
v 40.729351 -4.643968 -36.930198
v 36.620234 -4.335810 -41.291414
v 0.000000 33.320000 0.000000
v -10.190609 22.567191 -1.393916
v -0.000000 21.802959 9.421898
v 40.729351 -4.643968 -36.930198
v 44.838467 -0.308158 -36.368135
v 10.190609 32.555768 10.815814
v -0.000000 21.802959 9.421898
v 40.729351 0.000000 -40.729351
v 44.838467 -0.308158 -36.368135
v 40.729351 -4.643968 -36.930198
v 0.000000 33.320000 0.000000
v -0.000000 21.802959 9.421898
v 10.190609 32.555768 10.815814
v 44.838467 -0.308158 -36.368135
v 44.838467 4.335810 -40.167288
v 10.190609 44.072809 1.393916
v 10.190609 32.555768 10.815814
v 40.729351 0.000000 -40.729351
v 44.838467 4.335810 -40.167288
v 44.838467 -0.308158 -36.368135
v 0.000000 33.320000 0.000000
v 10.190609 32.555768 10.815814
v 10.190609 44.072809 1.393916
v 44.838467 4.335810 -40.167288
v 40.729351 4.643968 -44.528503
v 0.000000 44.837041 -9.421898
v 10.190609 44.072809 1.393916
v 40.729351 0.000000 -40.729351
v 40.729351 4.643968 -44.528503
v 44.838467 4.335810 -40.167288
v 0.000000 33.320000 0.000000
v 10.190609 44.072809 1.393916
v 0.000000 44.837041 -9.421898
v 0.000000 102.359044 -4.330619
v -2.504377 106.116571 -3.284026
v 42.972042 137.449870 -13.630607
v 43.848574 136.134736 -13.996915
v 0.000000 104.011923 0.000000
v -2.504377 106.116571 -3.284026
v 0.000000 102.359044 -4.330619
v -2.504377 106.116571 -3.284026
v -2.504377 107.769450 1.046594
v 42.972042 138.028378 -12.114890
v 42.972042 137.449870 -13.630607
v 0.000000 104.011923 0.000000
v -2.504377 107.769450 1.046594
v -2.504377 106.116571 -3.284026
v -2.504377 107.769450 1.046594
v -0.000000 105.664802 4.330619
v 43.848574 137.291751 -10.965481
v 42.972042 138.028378 -12.114890
v 0.000000 104.011923 0.000000
v -0.000000 105.664802 4.330619
v -2.504377 107.769450 1.046594
v -0.000000 105.664802 4.330619
v 2.504377 101.907274 3.284026
v 44.725106 135.976616 -11.331789
v 43.848574 137.291751 -10.965481
v 0.000000 104.011923 0.000000
v 2.504377 101.907274 3.284026
v -0.000000 105.664802 4.330619
v 2.504377 101.907274 3.284026
v 2.504377 100.254396 -1.046594
v 44.725106 135.398109 -12.847506
v 44.725106 135.976616 -11.331789
v 0.000000 104.011923 0.000000
v 2.504377 100.254396 -1.046594
v 2.504377 101.907274 3.284026
v 2.504377 100.254396 -1.046594
v 0.000000 102.359044 -4.330619
v 43.848574 136.134736 -13.996915
v 44.725106 135.398109 -12.847506
v 0.000000 104.011923 0.000000
v 0.000000 102.359044 -4.330619
v 2.504377 100.254396 -1.046594
v 43.739108 136.187124 -14.011977
v 43.007635 137.567536 -13.574393
v 92.072000 165.438584 -25.065471
v 91.445023 166.621794 -24.690399
v 91.351195 166.170834 -26.002496
v 91.445023 166.621794 -24.690399
v 92.072000 165.438584 -25.065471
v 43.007635 137.567536 -13.574393
v 43.117101 138.093655 -12.043614
v 91.978172 164.987625 -26.377568
v 92.072000 165.438584 -25.065471
v 91.351195 166.170834 -26.002496
v 92.072000 165.438584 -25.065471
v 91.978172 164.987625 -26.377568
v 43.117101 138.093655 -12.043614
v 43.958040 137.239363 -10.950419
v 91.257367 165.719875 -27.314592
v 91.978172 164.987625 -26.377568
v 91.351195 166.170834 -26.002496
v 91.978172 164.987625 -26.377568
v 91.257367 165.719875 -27.314592
v 43.958040 137.239363 -10.950419
v 44.689513 135.858951 -11.388003
v 90.630390 166.903085 -26.939520
v 91.257367 165.719875 -27.314592
v 91.351195 166.170834 -26.002496
v 91.257367 165.719875 -27.314592
v 90.630390 166.903085 -26.939520
v 44.689513 135.858951 -11.388003
v 44.580047 135.332832 -12.918782
v 90.724218 167.354044 -25.627424
v 90.630390 166.903085 -26.939520
v 91.351195 166.170834 -26.002496
v 90.630390 166.903085 -26.939520
v 90.724218 167.354044 -25.627424
v 44.580047 135.332832 -12.918782
v 43.739108 136.187124 -14.011977
v 91.445023 166.621794 -24.690399
v 90.724218 167.354044 -25.627424
v 91.351195 166.170834 -26.002496
v 90.724218 167.354044 -25.627424
v 91.445023 166.621794 -24.690399
v 0.000000 117.462194 -4.018822
v -2.988564 118.305858 0.488164
v 34.904179 136.785079 19.995411
v 35.950177 136.489797 18.417966
v 0.000000 113.746649 0.000000
v -2.988564 118.305858 0.488164
v 0.000000 117.462194 -4.018822
v -2.988564 118.305858 0.488164
v -2.988564 114.590313 4.506986
v 34.904179 135.484638 21.401999
v 34.904179 136.785079 19.995411
v 0.000000 113.746649 0.000000
v -2.988564 114.590313 4.506986
v -2.988564 118.305858 0.488164
v -2.988564 114.590313 4.506986
v -0.000000 110.031104 4.018822
v 35.950177 133.888915 21.231141
v 34.904179 135.484638 21.401999
v 0.000000 113.746649 0.000000
v -0.000000 110.031104 4.018822
v -2.988564 114.590313 4.506986
v -0.000000 110.031104 4.018822
v 2.988564 109.187440 -0.488164
v 36.996174 133.593633 19.653696
v 35.950177 133.888915 21.231141
v 0.000000 113.746649 0.000000
v 2.988564 109.187440 -0.488164
v -0.000000 110.031104 4.018822
v 2.988564 109.187440 -0.488164
v 2.988564 112.902985 -4.506986
v 36.996174 134.894074 18.247108
v 36.996174 133.593633 19.653696
v 0.000000 113.746649 0.000000
v 2.988564 112.902985 -4.506986
v 2.988564 109.187440 -0.488164
v 2.988564 112.902985 -4.506986
v 0.000000 117.462194 -4.018822
v 35.950177 136.489797 18.417966
v 36.996174 134.894074 18.247108
v 0.000000 113.746649 0.000000
v 0.000000 117.462194 -4.018822
v 2.988564 112.902985 -4.506986
v 35.821448 136.846068 18.871468
v 34.961257 136.649921 20.571831
v 75.743847 149.318810 40.660629
v 75.006540 149.150684 42.118083
v 74.896202 150.570723 41.301153
v 75.006540 149.150684 42.118083
v 75.743847 149.318810 40.660629
v 34.961257 136.649921 20.571831
v 35.089986 134.993209 21.524916
v 75.633508 150.738849 39.843699
v 75.743847 149.318810 40.660629
v 74.896202 150.570723 41.301153
v 75.743847 149.318810 40.660629
v 75.633508 150.738849 39.843699
v 35.089986 134.993209 21.524916
v 36.078905 133.532644 20.777638
v 74.785863 151.990761 40.484223
v 75.633508 150.738849 39.843699
v 74.896202 150.570723 41.301153
v 75.633508 150.738849 39.843699
v 74.785863 151.990761 40.484223
v 36.078905 133.532644 20.777638
v 36.939096 133.728791 19.077275
v 74.048556 151.822635 41.941677
v 74.785863 151.990761 40.484223
v 74.896202 150.570723 41.301153
v 74.785863 151.990761 40.484223
v 74.048556 151.822635 41.941677
v 36.939096 133.728791 19.077275
v 36.810367 135.385503 18.124191
v 74.158895 150.402597 42.758607
v 74.048556 151.822635 41.941677
v 74.896202 150.570723 41.301153
v 74.048556 151.822635 41.941677
v 74.158895 150.402597 42.758607
v 36.810367 135.385503 18.124191
v 35.821448 136.846068 18.871468
v 75.006540 149.150684 42.118083
v 74.158895 150.402597 42.758607
v 74.896202 150.570723 41.301153
v 74.158895 150.402597 42.758607
v 75.006540 149.150684 42.118083
v 0.000000 98.561534 -4.346440
v -4.219721 98.627440 -0.796044
v 23.270040 133.161802 28.450828
v 24.746943 133.138735 27.208190
v 0.000000 95.166809 0.000000
v -4.219721 98.627440 -0.796044
v 0.000000 98.561534 -4.346440
v -4.219721 98.627440 -0.796044
v -4.219721 95.232715 3.550397
v 23.270040 131.973648 29.972083
v 23.270040 133.161802 28.450828
v 0.000000 95.166809 0.000000
v -4.219721 95.232715 3.550397
v -4.219721 98.627440 -0.796044
v -4.219721 95.232715 3.550397
v -0.000000 91.772083 4.346440
v 24.746943 130.762427 30.250698
v 23.270040 131.973648 29.972083
v 0.000000 95.166809 0.000000
v -0.000000 91.772083 4.346440
v -4.219721 95.232715 3.550397
v -0.000000 91.772083 4.346440
v 4.219721 91.706177 0.796044
v 26.223845 130.739359 29.008059
v 24.746943 130.762427 30.250698
v 0.000000 95.166809 0.000000
v 4.219721 91.706177 0.796044
v -0.000000 91.772083 4.346440
v 4.219721 91.706177 0.796044
v 4.219721 95.100902 -3.550397
v 26.223845 131.927513 27.486805
v 26.223845 130.739359 29.008059
v 0.000000 95.166809 0.000000
v 4.219721 95.100902 -3.550397
v 4.219721 91.706177 0.796044
v 4.219721 95.100902 -3.550397
v 0.000000 98.561534 -4.346440
v 24.746943 133.138735 27.208190
v 26.223845 131.927513 27.486805
v 0.000000 95.166809 0.000000
v 0.000000 98.561534 -4.346440
v 4.219721 95.100902 -3.550397
v 24.544684 133.265520 27.330891
v 23.193153 133.095440 28.698502
v 52.887951 168.195577 59.879530
v 51.729495 168.049794 61.051768
v 51.556131 169.176885 59.853008
v 51.729495 168.049794 61.051768
v 52.887951 168.195577 59.879530
v 23.193153 133.095440 28.698502
v 23.395411 131.780501 30.097054
v 52.714587 169.322667 58.680770
v 52.887951 168.195577 59.879530
v 51.556131 169.176885 59.853008
v 52.887951 168.195577 59.879530
v 52.714587 169.322667 58.680770
v 23.395411 131.780501 30.097054
v 24.949201 130.635641 30.127997
v 51.382766 170.303976 58.654248
v 52.714587 169.322667 58.680770
v 51.556131 169.176885 59.853008
v 52.714587 169.322667 58.680770
v 51.382766 170.303976 58.654248
v 24.949201 130.635641 30.127997
v 26.300733 130.805721 28.760386
v 50.224311 170.158193 59.826486
v 51.382766 170.303976 58.654248
v 51.556131 169.176885 59.853008
v 51.382766 170.303976 58.654248
v 50.224311 170.158193 59.826486
v 26.300733 130.805721 28.760386
v 26.098474 132.120661 27.361833
v 50.397675 169.031102 61.025246
v 50.224311 170.158193 59.826486
v 51.556131 169.176885 59.853008
v 50.224311 170.158193 59.826486
v 50.397675 169.031102 61.025246
v 26.098474 132.120661 27.361833
v 24.544684 133.265520 27.330891
v 51.729495 168.049794 61.051768
v 50.397675 169.031102 61.025246
v 51.556131 169.176885 59.853008
v 50.397675 169.031102 61.025246
v 51.729495 168.049794 61.051768
v 0.000000 103.948604 -2.885044
v -4.811568 102.234576 0.140041
v 17.176400 124.332230 43.847756
v 18.860449 124.932140 42.788977
v 0.000000 98.760469 0.000000
v -4.811568 102.234576 0.140041
v 0.000000 103.948604 -2.885044
v -4.811568 102.234576 0.140041
v -4.811568 97.046441 3.025085
v 17.176400 122.516383 44.857522
v 17.176400 124.332230 43.847756
v 0.000000 98.760469 0.000000
v -4.811568 97.046441 3.025085
v -4.811568 102.234576 0.140041
v -4.811568 97.046441 3.025085
v -0.000000 93.572335 2.885044
v 18.860449 121.300445 44.808507
v 17.176400 122.516383 44.857522
v 0.000000 98.760469 0.000000
v -0.000000 93.572335 2.885044
v -4.811568 97.046441 3.025085
v -0.000000 93.572335 2.885044
v 4.811568 95.286363 -0.140041
v 20.544498 121.900355 43.749728
v 18.860449 121.300445 44.808507
v 0.000000 98.760469 0.000000
v 4.811568 95.286363 -0.140041
v -0.000000 93.572335 2.885044
v 4.811568 95.286363 -0.140041
v 4.811568 100.474497 -3.025085
v 20.544498 123.716202 42.739962
v 20.544498 121.900355 43.749728
v 0.000000 98.760469 0.000000
v 4.811568 100.474497 -3.025085
v 4.811568 95.286363 -0.140041
v 4.811568 100.474497 -3.025085
v 0.000000 103.948604 -2.885044
v 18.860449 124.932140 42.788977
v 20.544498 123.716202 42.739962
v 0.000000 98.760469 0.000000
v 0.000000 103.948604 -2.885044
v 4.811568 100.474497 -3.025085
v 18.629924 125.088824 43.188082
v 17.089508 124.127053 44.197558
v 40.810553 139.327019 90.905537
v 39.490196 138.502644 91.770802
v 39.292603 140.193385 91.247379
v 39.490196 138.502644 91.770802
v 40.810553 139.327019 90.905537
v 17.089508 124.127053 44.197558
v 17.320033 122.154522 44.808218
v 40.612960 141.017760 90.382114
v 40.810553 139.327019 90.905537
v 39.292603 140.193385 91.247379
v 40.810553 139.327019 90.905537
v 40.612960 141.017760 90.382114
v 17.320033 122.154522 44.808218
v 19.090974 121.143761 44.409402
v 39.095010 141.884126 90.723956
v 40.612960 141.017760 90.382114
v 39.292603 140.193385 91.247379
v 40.612960 141.017760 90.382114
v 39.095010 141.884126 90.723956
v 19.090974 121.143761 44.409402
v 20.631391 122.105531 43.399926
v 37.774653 141.059752 91.589222
v 39.095010 141.884126 90.723956
v 39.292603 140.193385 91.247379
v 39.095010 141.884126 90.723956
v 37.774653 141.059752 91.589222
v 20.631391 122.105531 43.399926
v 20.400866 124.078063 42.789266
v 37.972246 139.369011 92.112644
v 37.774653 141.059752 91.589222
v 39.292603 140.193385 91.247379
v 37.774653 141.059752 91.589222
v 37.972246 139.369011 92.112644
v 20.400866 124.078063 42.789266
v 18.629924 125.088824 43.188082
v 39.490196 138.502644 91.770802
v 37.972246 139.369011 92.112644
v 39.292603 140.193385 91.247379
v 37.972246 139.369011 92.112644
v 39.490196 138.502644 91.770802
v 0.000000 121.190274 -4.025165
v -5.297939 118.130801 -2.814568
v -9.172193 140.855396 27.219490
v -7.317914 141.926212 26.795781
v 0.000000 116.426648 0.000000
v -5.297939 118.130801 -2.814568
v 0.000000 121.190274 -4.025165
v -5.297939 118.130801 -2.814568
v -5.297939 113.367175 1.210598
v -9.172193 139.188127 28.628298
v -9.172193 140.855396 27.219490
v 0.000000 116.426648 0.000000
v -5.297939 113.367175 1.210598
v -5.297939 118.130801 -2.814568
v -5.297939 113.367175 1.210598
v -0.000000 111.663022 4.025165
v -7.317914 138.591673 29.613397
v -9.172193 139.188127 28.628298
v 0.000000 116.426648 0.000000
v -0.000000 111.663022 4.025165
v -5.297939 113.367175 1.210598
v -0.000000 111.663022 4.025165
v 5.297939 114.722496 2.814568
v -5.463635 139.662489 29.189688
v -7.317914 138.591673 29.613397
v 0.000000 116.426648 0.000000
v 5.297939 114.722496 2.814568
v -0.000000 111.663022 4.025165
v 5.297939 114.722496 2.814568
v 5.297939 119.486122 -1.210598
v -5.463635 141.329758 27.780880
v -5.463635 139.662489 29.189688
v 0.000000 116.426648 0.000000
v 5.297939 119.486122 -1.210598
v 5.297939 114.722496 2.814568
v 5.297939 119.486122 -1.210598
v 0.000000 121.190274 -4.025165
v -7.317914 141.926212 26.795781
v -5.463635 141.329758 27.780880
v 0.000000 116.426648 0.000000
v 0.000000 121.190274 -4.025165
v 5.297939 119.486122 -1.210598
v -7.573742 141.964724 26.866910
v -9.283237 140.701963 27.364491
v -13.561091 162.651536 59.479644
v -15.026373 161.569169 59.906143
v -15.245654 163.031268 58.759560
v -15.026373 161.569169 59.906143
v -13.561091 162.651536 59.479644
v -9.283237 140.701963 27.364491
v -9.027409 138.996181 28.702170
v -13.780372 164.113635 58.333062
v -13.561091 162.651536 59.479644
v -15.245654 163.031268 58.759560
v -13.561091 162.651536 59.479644
v -13.780372 164.113635 58.333062
v -9.027409 138.996181 28.702170
v -7.062086 138.553161 29.542268
v -15.464935 164.493366 57.612978
v -13.780372 164.113635 58.333062
v -15.245654 163.031268 58.759560
v -13.780372 164.113635 58.333062
v -15.464935 164.493366 57.612978
v -7.062086 138.553161 29.542268
v -5.352591 139.815922 29.044687
v -16.930216 163.411000 58.039476
v -15.464935 164.493366 57.612978
v -15.245654 163.031268 58.759560
v -15.464935 164.493366 57.612978
v -16.930216 163.411000 58.039476
v -5.352591 139.815922 29.044687
v -5.608419 141.521704 27.707008
v -16.710935 161.948901 59.186059
v -16.930216 163.411000 58.039476
v -15.245654 163.031268 58.759560
v -16.930216 163.411000 58.039476
v -16.710935 161.948901 59.186059
v -5.608419 141.521704 27.707008
v -7.573742 141.964724 26.866910
v -15.026373 161.569169 59.906143
v -16.710935 161.948901 59.186059
v -15.245654 163.031268 58.759560
v -16.710935 161.948901 59.186059
v -15.026373 161.569169 59.906143
v 0.000000 114.630593 -3.725590
v -3.887327 109.665231 -5.157879
v -33.358739 127.233331 23.414407
v -31.998175 128.971207 23.915708
v 0.000000 109.344995 0.000000
v -3.887327 109.665231 -5.157879
v 0.000000 114.630593 -3.725590
v -3.887327 109.665231 -5.157879
v -3.887327 104.379633 -1.432288
v -33.358739 125.383371 24.718363
v -33.358739 127.233331 23.414407
v 0.000000 109.344995 0.000000
v -3.887327 104.379633 -1.432288
v -3.887327 109.665231 -5.157879
v -3.887327 104.379633 -1.432288
v -0.000000 104.059396 3.725590
v -31.998175 125.271289 26.523621
v -33.358739 125.383371 24.718363
v 0.000000 109.344995 0.000000
v -0.000000 104.059396 3.725590
v -3.887327 104.379633 -1.432288
v -0.000000 104.059396 3.725590
v 3.887327 109.024758 5.157879
v -30.637611 127.009165 27.024922
v -31.998175 125.271289 26.523621
v 0.000000 109.344995 0.000000
v 3.887327 109.024758 5.157879
v -0.000000 104.059396 3.725590
v 3.887327 109.024758 5.157879
v 3.887327 114.310356 1.432288
v -30.637611 128.859125 25.720965
v -30.637611 127.009165 27.024922
v 0.000000 109.344995 0.000000
v 3.887327 114.310356 1.432288
v 3.887327 109.024758 5.157879
v 3.887327 114.310356 1.432288
v 0.000000 114.630593 -3.725590
v -31.998175 128.971207 23.915708
v -30.637611 128.859125 25.720965
v 0.000000 109.344995 0.000000
v 0.000000 114.630593 -3.725590
v 3.887327 114.310356 1.432288
v -32.172591 129.154199 24.240205
v -33.338072 127.397500 23.416607
v -65.514382 137.073606 54.086445
v -66.513365 135.567864 53.380504
v -66.662865 137.310393 52.540968
v -66.513365 135.567864 53.380504
v -65.514382 137.073606 54.086445
v -33.338072 127.397500 23.416607
v -33.163656 125.364548 24.396067
v -65.663881 138.816136 53.246909
v -65.514382 137.073606 54.086445
v -66.662865 137.310393 52.540968
v -65.514382 137.073606 54.086445
v -65.663881 138.816136 53.246909
v -33.163656 125.364548 24.396067
v -31.823759 125.088297 26.199124
v -66.812364 139.052923 51.701431
v -65.663881 138.816136 53.246909
v -66.662865 137.310393 52.540968
v -65.663881 138.816136 53.246909
v -66.812364 139.052923 51.701431
v -31.823759 125.088297 26.199124
v -30.658278 126.844996 27.022722
v -67.811347 137.547181 50.995490
v -66.812364 139.052923 51.701431
v -66.662865 137.310393 52.540968
v -66.812364 139.052923 51.701431
v -67.811347 137.547181 50.995490
v -30.658278 126.844996 27.022722
v -30.832694 128.877948 26.043262
v -67.661848 135.804651 51.835027
v -67.811347 137.547181 50.995490
v -66.662865 137.310393 52.540968
v -67.811347 137.547181 50.995490
v -67.661848 135.804651 51.835027
v -30.832694 128.877948 26.043262
v -32.172591 129.154199 24.240205
v -66.513365 135.567864 53.380504
v -67.661848 135.804651 51.835027
v -66.662865 137.310393 52.540968
v -67.661848 135.804651 51.835027
v -66.513365 135.567864 53.380504
v 0.000000 88.476498 -4.978687
v -2.746461 83.823270 -4.096912
v -47.259865 115.287690 12.251375
v -46.298604 116.916320 11.942754
v 0.000000 86.199267 0.000000
v -2.746461 83.823270 -4.096912
v 0.000000 88.476498 -4.978687
v -2.746461 83.823270 -4.096912
v -2.746461 81.546040 0.881774
v -47.259865 114.490660 13.993915
v -47.259865 115.287690 12.251375
v 0.000000 86.199267 0.000000
v -2.746461 81.546040 0.881774
v -2.746461 83.823270 -4.096912
v -2.746461 81.546040 0.881774
v -0.000000 83.922036 4.978687
v -46.298604 115.322259 15.427834
v -47.259865 114.490660 13.993915
v 0.000000 86.199267 0.000000
v -0.000000 83.922036 4.978687
v -2.746461 81.546040 0.881774
v -0.000000 83.922036 4.978687
v 2.746461 88.575264 4.096912
v -45.337342 116.950888 15.119213
v -46.298604 115.322259 15.427834
v 0.000000 86.199267 0.000000
v 2.746461 88.575264 4.096912
v -0.000000 83.922036 4.978687
v 2.746461 88.575264 4.096912
v 2.746461 90.852495 -0.881774
v -45.337342 117.747919 13.376673
v -45.337342 116.950888 15.119213
v 0.000000 86.199267 0.000000
v 2.746461 90.852495 -0.881774
v 2.746461 88.575264 4.096912
v 2.746461 90.852495 -0.881774
v 0.000000 88.476498 -4.978687
v -46.298604 116.916320 11.942754
v -45.337342 117.747919 13.376673
v 0.000000 86.199267 0.000000
v 0.000000 88.476498 -4.978687
v 2.746461 90.852495 -0.881774
v -46.931860 115.911897 11.888719
v -47.234034 114.526059 13.177070
v -95.653627 142.204140 28.946649
v -95.912634 141.016278 30.050950
v -96.455425 140.838513 28.511029
v -95.912634 141.016278 30.050950
v -95.653627 142.204140 28.946649
v -47.234034 114.526059 13.177070
v -46.600778 114.733451 14.973645
v -96.196418 142.026375 27.406728
v -95.653627 142.204140 28.946649
v -96.455425 140.838513 28.511029
v -95.653627 142.204140 28.946649
v -96.196418 142.026375 27.406728
v -46.600778 114.733451 14.973645
v -45.665348 116.326682 15.481868
v -96.998216 140.660748 26.971108
v -96.196418 142.026375 27.406728
v -96.455425 140.838513 28.511029
v -96.196418 142.026375 27.406728
v -96.998216 140.660748 26.971108
v -45.665348 116.326682 15.481868
v -45.363173 117.712520 14.193518
v -97.257222 139.472887 28.075409
v -96.998216 140.660748 26.971108
v -96.455425 140.838513 28.511029
v -96.998216 140.660748 26.971108
v -97.257222 139.472887 28.075409
v -45.363173 117.712520 14.193518
v -45.996430 117.505128 12.396943
v -96.714431 139.650652 29.615330
v -97.257222 139.472887 28.075409
v -96.455425 140.838513 28.511029
v -97.257222 139.472887 28.075409
v -96.714431 139.650652 29.615330
v -45.996430 117.505128 12.396943
v -46.931860 115.911897 11.888719
v -95.912634 141.016278 30.050950
v -96.714431 139.650652 29.615330
v -96.455425 140.838513 28.511029
v -96.714431 139.650652 29.615330
v -95.912634 141.016278 30.050950
v -0.978314 112.870918 -4.353517
v -2.094720 109.374541 -1.815960
v -52.670037 136.701372 11.035573
v -52.279295 137.925104 10.147428
v 0.000000 112.870918 0.000000
v -2.094720 109.374541 -1.815960
v -0.978314 112.870918 -4.353517
v -2.094720 109.374541 -1.815960
v -1.116406 109.374541 2.537558
v -52.327627 136.701372 12.559304
v -52.670037 136.701372 11.035573
v 0.000000 112.870918 0.000000
v -1.116406 109.374541 2.537558
v -2.094720 109.374541 -1.815960
v -1.116406 109.374541 2.537558
v 0.978314 112.870918 4.353517
v -51.594475 137.925104 13.194890
v -52.327627 136.701372 12.559304
v 0.000000 112.870918 0.000000
v 0.978314 112.870918 4.353517
v -1.116406 109.374541 2.537558
v 0.978314 112.870918 4.353517
v 2.094720 116.367295 1.815960
v -51.203733 139.148836 12.306745
v -51.594475 137.925104 13.194890
v 0.000000 112.870918 0.000000
v 2.094720 116.367295 1.815960
v 0.978314 112.870918 4.353517
v 2.094720 116.367295 1.815960
v 1.116406 116.367295 -2.537558
v -51.546143 139.148836 10.783014
v -51.203733 139.148836 12.306745
v 0.000000 112.870918 0.000000
v 1.116406 116.367295 -2.537558
v 2.094720 116.367295 1.815960
v 1.116406 116.367295 -2.537558
v -0.978314 112.870918 -4.353517
v -52.279295 137.925104 10.147428
v -51.546143 139.148836 10.783014
v 0.000000 112.870918 0.000000
v -0.978314 112.870918 -4.353517
v 1.116406 116.367295 -2.537558
v -52.325553 137.744938 10.169334
v -52.445636 136.541030 11.156850
v -107.765773 155.094720 24.755751
v -107.868701 154.062799 25.602194
v -108.201844 153.908371 24.314915
v -107.868701 154.062799 25.602194
v -107.765773 155.094720 24.755751
v -52.445636 136.541030 11.156850
v -52.056968 136.721197 12.658675
v -108.098916 154.940291 23.468473
v -107.765773 155.094720 24.755751
v -108.201844 153.908371 24.314915
v -107.765773 155.094720 24.755751
v -108.098916 154.940291 23.468473
v -52.056968 136.721197 12.658675
v -51.548218 138.105270 13.172984
v -108.534988 153.753942 23.027636
v -108.098916 154.940291 23.468473
v -108.201844 153.908371 24.314915
v -108.098916 154.940291 23.468473
v -108.534988 153.753942 23.027636
v -51.548218 138.105270 13.172984
v -51.428135 139.309178 12.185468
v -108.637916 152.722022 23.874079
v -108.534988 153.753942 23.027636
v -108.201844 153.908371 24.314915
v -108.534988 153.753942 23.027636
v -108.637916 152.722022 23.874079
v -51.428135 139.309178 12.185468
v -51.816802 139.129012 10.683643
v -108.304773 152.876450 25.161357
v -108.637916 152.722022 23.874079
v -108.201844 153.908371 24.314915
v -108.637916 152.722022 23.874079
v -108.304773 152.876450 25.161357
v -51.816802 139.129012 10.683643
v -52.325553 137.744938 10.169334
v -107.868701 154.062799 25.602194
v -108.304773 152.876450 25.161357
v -108.201844 153.908371 24.314915
v -108.304773 152.876450 25.161357
v -107.868701 154.062799 25.602194
v 0.000000 101.238109 -5.386829
v -4.355772 100.228551 -0.000808
v -26.578029 123.707277 -16.528284
v -25.053509 124.060622 -18.413391
v 0.000000 105.708372 0.000000
v -4.355772 100.228551 -0.000808
v 0.000000 101.238109 -5.386829
v -4.355772 100.228551 -0.000808
v -4.355772 104.698814 5.386021
v -26.578029 125.271869 -14.642893
v -26.578029 123.707277 -16.528284
v 0.000000 105.708372 0.000000
v -4.355772 104.698814 5.386021
v -4.355772 100.228551 -0.000808
v -4.355772 104.698814 5.386021
v -0.000000 110.178635 5.386829
v -25.053509 127.189806 -14.642611
v -26.578029 125.271869 -14.642893
v 0.000000 105.708372 0.000000
v -0.000000 110.178635 5.386829
v -4.355772 104.698814 5.386021
v -0.000000 110.178635 5.386829
v 4.355772 111.188193 0.000808
v -23.528989 127.543151 -16.527718
v -25.053509 127.189806 -14.642611
v 0.000000 105.708372 0.000000
v 4.355772 111.188193 0.000808
v -0.000000 110.178635 5.386829
v 4.355772 111.188193 0.000808
v 4.355772 106.717930 -5.386021
v -23.528989 125.978559 -18.413108
v -23.528989 127.543151 -16.527718
v 0.000000 105.708372 0.000000
v 4.355772 106.717930 -5.386021
v 4.355772 111.188193 0.000808
v 4.355772 106.717930 -5.386021
v 0.000000 101.238109 -5.386829
v -25.053509 124.060622 -18.413391
v -23.528989 125.978559 -18.413108
v 0.000000 105.708372 0.000000
v 0.000000 101.238109 -5.386829
v 4.355772 106.717930 -5.386021
v -25.251441 123.720584 -18.056351
v -26.574063 123.779599 -15.994839
v -50.891478 144.395680 -34.890332
v -52.025154 144.446263 -33.123321
v -52.194810 142.813723 -34.433335
v -52.025154 144.446263 -33.123321
v -50.891478 144.395680 -34.890332
v -26.574063 123.779599 -15.994839
v -26.376131 125.684228 -14.466489
v -51.061134 142.763140 -36.200346
v -50.891478 144.395680 -34.890332
v -52.194810 142.813723 -34.433335
v -50.891478 144.395680 -34.890332
v -51.061134 142.763140 -36.200346
v -26.376131 125.684228 -14.466489
v -24.855577 127.529844 -14.999651
v -52.364466 141.181184 -35.743349
v -51.061134 142.763140 -36.200346
v -52.194810 142.813723 -34.433335
v -51.061134 142.763140 -36.200346
v -52.364466 141.181184 -35.743349
v -24.855577 127.529844 -14.999651
v -23.532954 127.470830 -17.061163
v -53.498143 141.231767 -33.976339
v -52.364466 141.181184 -35.743349
v -52.194810 142.813723 -34.433335
v -52.364466 141.181184 -35.743349
v -53.498143 141.231767 -33.976339
v -23.532954 127.470830 -17.061163
v -23.730886 125.566200 -18.589513
v -53.328486 142.864307 -32.666325
v -53.498143 141.231767 -33.976339
v -52.194810 142.813723 -34.433335
v -53.498143 141.231767 -33.976339
v -53.328486 142.864307 -32.666325
v -23.730886 125.566200 -18.589513
v -25.251441 123.720584 -18.056351
v -52.025154 144.446263 -33.123321
v -53.328486 142.864307 -32.666325
v -52.194810 142.813723 -34.433335
v -53.328486 142.864307 -32.666325
v -52.025154 144.446263 -33.123321
v 0.000000 117.006625 -2.079566
v -4.906563 119.192599 1.250339
v -19.146643 133.254099 -32.861379
v -17.429346 132.489008 -34.026846
v 0.000000 122.974582 0.000000
v -4.906563 119.192599 1.250339
v 0.000000 117.006625 -2.079566
v -4.906563 119.192599 1.250339
v -4.906563 125.160556 3.329905
v -19.146643 135.342883 -32.133531
v -19.146643 133.254099 -32.861379
v 0.000000 122.974582 0.000000
v -4.906563 125.160556 3.329905
v -4.906563 119.192599 1.250339
v -4.906563 125.160556 3.329905
v -0.000000 128.942539 2.079566
v -17.429346 136.666578 -32.571150
v -19.146643 135.342883 -32.133531
v 0.000000 122.974582 0.000000
v -0.000000 128.942539 2.079566
v -4.906563 125.160556 3.329905
v -0.000000 128.942539 2.079566
v 4.906563 126.756566 -1.250339
v -15.712049 135.901487 -33.736616
v -17.429346 136.666578 -32.571150
v 0.000000 122.974582 0.000000
v 4.906563 126.756566 -1.250339
v -0.000000 128.942539 2.079566
v 4.906563 126.756566 -1.250339
v 4.906563 120.788609 -3.329905
v -15.712049 133.812702 -34.464464
v -15.712049 135.901487 -33.736616
v 0.000000 122.974582 0.000000
v 4.906563 120.788609 -3.329905
v 4.906563 126.756566 -1.250339
v 4.906563 120.788609 -3.329905
v 0.000000 117.006625 -2.079566
v -17.429346 132.489008 -34.026846
v -15.712049 133.812702 -34.464464
v 0.000000 122.974582 0.000000
v 0.000000 117.006625 -2.079566
v 4.906563 120.788609 -3.329905
v -17.664044 132.378342 -33.309869
v -19.232343 133.653525 -32.411465
v -34.765710 137.563160 -70.133654
v -36.109967 138.656174 -69.363593
v -36.311137 136.770930 -69.372912
v -36.109967 138.656174 -69.363593
v -34.765710 137.563160 -70.133654
v -19.232343 133.653525 -32.411465
v -18.997645 135.852976 -32.400593
v -34.966880 135.677916 -70.142973
v -34.765710 137.563160 -70.133654
v -36.311137 136.770930 -69.372912
v -34.765710 137.563160 -70.133654
v -34.966880 135.677916 -70.142973
v -18.997645 135.852976 -32.400593
v -17.194648 136.777243 -33.288126
v -36.512306 134.885687 -69.382230
v -34.966880 135.677916 -70.142973
v -36.311137 136.770930 -69.372912
v -34.966880 135.677916 -70.142973
v -36.512306 134.885687 -69.382230
v -17.194648 136.777243 -33.288126
v -15.626348 135.502061 -34.186530
v -37.856563 135.978701 -68.612170
v -36.512306 134.885687 -69.382230
v -36.311137 136.770930 -69.372912
v -36.512306 134.885687 -69.382230
v -37.856563 135.978701 -68.612170
v -15.626348 135.502061 -34.186530
v -15.861046 133.302610 -34.197402
v -37.655394 137.863944 -68.602851
v -37.856563 135.978701 -68.612170
v -36.311137 136.770930 -69.372912
v -37.856563 135.978701 -68.612170
v -37.655394 137.863944 -68.602851
v -15.861046 133.302610 -34.197402
v -17.664044 132.378342 -33.309869
v -36.109967 138.656174 -69.363593
v -37.655394 137.863944 -68.602851
v -36.311137 136.770930 -69.372912
v -37.655394 137.863944 -68.602851
v -36.109967 138.656174 -69.363593
v 0.000000 99.701420 -3.369376
v -5.626923 102.494202 -1.709386
v -1.729753 128.500912 -40.518459
v 0.239670 127.523438 -41.099455
v 0.000000 105.257026 0.000000
v -5.626923 102.494202 -1.709386
v 0.000000 99.701420 -3.369376
v -5.626923 102.494202 -1.709386
v -5.626923 108.049808 1.659990
v -1.729753 130.445374 -39.339177
v -1.729753 128.500912 -40.518459
v 0.000000 105.257026 0.000000
v -5.626923 108.049808 1.659990
v -5.626923 102.494202 -1.709386
v -5.626923 108.049808 1.659990
v -0.000000 110.812632 3.369376
v 0.239670 131.412362 -38.740892
v -1.729753 130.445374 -39.339177
v 0.000000 105.257026 0.000000
v -0.000000 110.812632 3.369376
v -5.626923 108.049808 1.659990
v -0.000000 110.812632 3.369376
v 5.626923 108.019850 1.709386
v 2.209093 130.434889 -39.321888
v 0.239670 131.412362 -38.740892
v 0.000000 105.257026 0.000000
v 5.626923 108.019850 1.709386
v -0.000000 110.812632 3.369376
v 5.626923 108.019850 1.709386
v 5.626923 102.464244 -1.659990
v 2.209093 128.490426 -40.501170
v 2.209093 130.434889 -39.321888
v 0.000000 105.257026 0.000000
v 5.626923 102.464244 -1.659990
v 5.626923 108.019850 1.709386
v 5.626923 102.464244 -1.659990
v 0.000000 99.701420 -3.369376
v 0.239670 127.523438 -41.099455
v 2.209093 128.490426 -40.501170
v 0.000000 105.257026 0.000000
v 0.000000 99.701420 -3.369376
v 5.626923 102.464244 -1.659990
v -0.032567 127.413914 -40.857545
v -1.851705 128.659887 -40.300837
v 2.291919 149.862499 -82.840745
v 0.732657 150.930476 -82.363567
v 0.499312 149.169916 -83.167028
v 0.732657 150.930476 -82.363567
v 2.291919 149.862499 -82.840745
v -1.851705 128.659887 -40.300837
v -1.579469 130.713874 -39.363466
v 2.058573 148.101939 -83.644206
v 2.291919 149.862499 -82.840745
v 0.499312 149.169916 -83.167028
v 2.291919 149.862499 -82.840745
v 2.058573 148.101939 -83.644206
v -1.579469 130.713874 -39.363466
v 0.511906 131.521887 -38.982802
v 0.265967 147.409356 -83.970489
v 2.058573 148.101939 -83.644206
v 0.499312 149.169916 -83.167028
v 2.058573 148.101939 -83.644206
v 0.265967 147.409356 -83.970489
v 0.511906 131.521887 -38.982802
v 2.331045 130.275913 -39.539510
v -1.293295 148.477334 -83.493311
v 0.265967 147.409356 -83.970489
v 0.499312 149.169916 -83.167028
v 0.265967 147.409356 -83.970489
v -1.293295 148.477334 -83.493311
v 2.331045 130.275913 -39.539510
v 2.058808 128.221927 -40.476881
v -1.059950 150.237894 -82.689850
v -1.293295 148.477334 -83.493311
v 0.499312 149.169916 -83.167028
v -1.293295 148.477334 -83.493311
v -1.059950 150.237894 -82.689850
v 2.058808 128.221927 -40.476881
v -0.032567 127.413914 -40.857545
v 0.732657 150.930476 -82.363567
v -1.059950 150.237894 -82.689850
v 0.499312 149.169916 -83.167028
v -1.059950 150.237894 -82.689850
v 0.732657 150.930476 -82.363567
v 0.000000 110.295349 -3.392430
v -5.423301 113.499028 -2.510853
v 6.650195 140.589430 -41.597594
v 8.548350 139.468143 -41.906146
v 0.000000 115.675344 0.000000
v -5.423301 113.499028 -2.510853
v 0.000000 110.295349 -3.392430
v -5.423301 113.499028 -2.510853
v -5.423301 118.879023 0.881577
v 6.650195 142.472429 -40.410243
v 6.650195 140.589430 -41.597594
v 0.000000 115.675344 0.000000
v -5.423301 118.879023 0.881577
v -5.423301 113.499028 -2.510853
v -5.423301 118.879023 0.881577
v -0.000000 121.055339 3.392430
v 8.548350 143.234139 -39.531444
v 6.650195 142.472429 -40.410243
v 0.000000 115.675344 0.000000
v -0.000000 121.055339 3.392430
v -5.423301 118.879023 0.881577
v -0.000000 121.055339 3.392430
v 5.423301 117.851660 2.510853
v 10.446506 142.112852 -39.839996
v 8.548350 143.234139 -39.531444
v 0.000000 115.675344 0.000000
v 5.423301 117.851660 2.510853
v -0.000000 121.055339 3.392430
v 5.423301 117.851660 2.510853
v 5.423301 112.471665 -0.881577
v 10.446506 140.229853 -41.027347
v 10.446506 142.112852 -39.839996
v 0.000000 115.675344 0.000000
v 5.423301 112.471665 -0.881577
v 5.423301 117.851660 2.510853
v 5.423301 112.471665 -0.881577
v 0.000000 110.295349 -3.392430
v 8.548350 139.468143 -41.906146
v 10.446506 140.229853 -41.027347
v 0.000000 115.675344 0.000000
v 0.000000 110.295349 -3.392430
v 5.423301 112.471665 -0.881577
v 8.286510 139.379730 -41.719026
v 6.536841 140.727454 -41.440132
v 19.533214 163.036774 -84.212534
v 18.033498 164.191965 -83.973482
v 17.809063 162.502185 -84.830823
v 18.033498 164.191965 -83.973482
v 19.533214 163.036774 -84.212534
v 6.536841 140.727454 -41.440132
v 6.798681 142.698865 -40.439901
v 19.308780 161.346993 -85.069875
v 19.533214 163.036774 -84.212534
v 17.809063 162.502185 -84.830823
v 19.533214 163.036774 -84.212534
v 19.308780 161.346993 -85.069875
v 6.798681 142.698865 -40.439901
v 8.810191 143.322552 -39.718564
v 17.584629 160.812404 -85.688164
v 19.308780 161.346993 -85.069875
v 17.809063 162.502185 -84.830823
v 19.308780 161.346993 -85.069875
v 17.584629 160.812404 -85.688164
v 8.810191 143.322552 -39.718564
v 10.559860 141.974828 -39.997458
v 16.084912 161.967596 -85.449112
v 17.584629 160.812404 -85.688164
v 17.809063 162.502185 -84.830823
v 17.584629 160.812404 -85.688164
v 16.084912 161.967596 -85.449112
v 10.559860 141.974828 -39.997458
v 10.298020 140.003417 -40.997689
v 16.309347 163.657376 -84.591771
v 16.084912 161.967596 -85.449112
v 17.809063 162.502185 -84.830823
v 16.084912 161.967596 -85.449112
v 16.309347 163.657376 -84.591771
v 10.298020 140.003417 -40.997689
v 8.286510 139.379730 -41.719026
v 18.033498 164.191965 -83.973482
v 16.309347 163.657376 -84.591771
v 17.809063 162.502185 -84.830823
v 16.309347 163.657376 -84.591771
v 18.033498 164.191965 -83.973482
v 0.000000 108.959454 -3.918453
v -3.740620 113.458628 -4.540671
v 31.089257 136.710273 -27.715861
v 32.398474 135.135562 -27.498085
v 0.000000 113.348951 0.000000
v -3.740620 113.458628 -4.540671
v 0.000000 108.959454 -3.918453
v -3.740620 113.458628 -4.540671
v -3.740620 117.848125 -0.622218
v 31.089257 138.246597 -26.344402
v 31.089257 136.710273 -27.715861
v 0.000000 113.348951 0.000000
v -3.740620 117.848125 -0.622218
v -3.740620 113.458628 -4.540671
v -3.740620 117.848125 -0.622218
v -0.000000 117.738449 3.918453
v 32.398474 138.208210 -24.755168
v 31.089257 138.246597 -26.344402
v 0.000000 113.348951 0.000000
v -0.000000 117.738449 3.918453
v -3.740620 117.848125 -0.622218
v -0.000000 117.738449 3.918453
v 3.740620 113.239275 4.540671
v 33.707691 136.633499 -24.537391
v 32.398474 138.208210 -24.755168
v 0.000000 113.348951 0.000000
v 3.740620 113.239275 4.540671
v -0.000000 117.738449 3.918453
v 3.740620 113.239275 4.540671
v 3.740620 108.849778 0.622218
v 33.707691 135.097175 -25.908850
v 33.707691 136.633499 -24.537391
v 0.000000 113.348951 0.000000
v 3.740620 108.849778 0.622218
v 3.740620 113.239275 4.540671
v 3.740620 108.849778 0.622218
v 0.000000 108.959454 -3.918453
v 32.398474 135.135562 -27.498085
v 33.707691 135.097175 -25.908850
v 0.000000 113.348951 0.000000
v 0.000000 108.959454 -3.918453
v 3.740620 108.849778 0.622218
v 32.228360 135.037525 -27.368042
v 31.091626 136.718848 -27.717580
v 68.616975 154.477227 -53.066796
v 67.642632 155.918362 -53.366400
v 67.496820 154.517480 -54.430471
v 67.642632 155.918362 -53.366400
v 68.616975 154.477227 -53.066796
v 31.091626 136.718848 -27.717580
v 31.261740 138.353210 -26.476164
v 68.471163 153.076346 -54.130868
v 68.616975 154.477227 -53.066796
v 67.496820 154.517480 -54.430471
v 68.616975 154.477227 -53.066796
v 68.471163 153.076346 -54.130868
v 31.261740 138.353210 -26.476164
v 32.568587 138.306247 -24.885210
v 67.351008 153.116599 -55.494542
v 68.471163 153.076346 -54.130868
v 67.496820 154.517480 -54.430471
v 68.471163 153.076346 -54.130868
v 67.351008 153.116599 -55.494542
v 32.568587 138.306247 -24.885210
v 33.705321 136.624923 -24.535672
v 66.376665 154.557734 -55.794146
v 67.351008 153.116599 -55.494542
v 67.496820 154.517480 -54.430471
v 67.351008 153.116599 -55.494542
v 66.376665 154.557734 -55.794146
v 33.705321 136.624923 -24.535672
v 33.535207 134.990562 -25.777089
v 66.522477 155.958615 -54.730075
v 66.376665 154.557734 -55.794146
v 67.496820 154.517480 -54.430471
v 66.376665 154.557734 -55.794146
v 66.522477 155.958615 -54.730075
v 33.535207 134.990562 -25.777089
v 32.228360 135.037525 -27.368042
v 67.642632 155.918362 -53.366400
v 66.522477 155.958615 -54.730075
v 67.496820 154.517480 -54.430471
v 66.522477 155.958615 -54.730075
v 67.642632 155.918362 -53.366400
v 0.000000 120.180911 -3.716100
v -2.652726 124.223840 -3.938168
v 25.823832 140.395913 -15.388310
v 26.752286 138.980887 -15.310586
v 0.000000 123.282871 0.000000
v -2.652726 124.223840 -3.938168
v 0.000000 120.180911 -3.716100
v -2.652726 124.223840 -3.938168
v -2.652726 127.325800 -0.222069
v 25.823832 141.481599 -14.087675
v 25.823832 140.395913 -15.388310
v 0.000000 123.282871 0.000000
v -2.652726 127.325800 -0.222069
v -2.652726 124.223840 -3.938168
v -2.652726 127.325800 -0.222069
v -0.000000 126.384830 3.716100
v 26.752286 141.152259 -12.709316
v 25.823832 141.481599 -14.087675
v 0.000000 123.282871 0.000000
v -0.000000 126.384830 3.716100
v -2.652726 127.325800 -0.222069
v -0.000000 126.384830 3.716100
v 2.652726 122.341901 3.938168
v 27.680740 139.737234 -12.631592
v 26.752286 141.152259 -12.709316
v 0.000000 123.282871 0.000000
v 2.652726 122.341901 3.938168
v -0.000000 126.384830 3.716100
v 2.652726 122.341901 3.938168
v 2.652726 119.239941 0.222069
v 27.680740 138.651548 -13.932227
v 27.680740 139.737234 -12.631592
v 0.000000 123.282871 0.000000
v 2.652726 119.239941 0.222069
v 2.652726 122.341901 3.938168
v 2.652726 119.239941 0.222069
v 0.000000 120.180911 -3.716100
v 26.752286 138.980887 -15.310586
v 27.680740 138.651548 -13.932227
v 0.000000 123.282871 0.000000
v 0.000000 120.180911 -3.716100
v 2.652726 119.239941 0.222069
v 26.637782 138.886441 -15.220133
v 25.872643 140.384418 -15.422596
v 56.487909 152.546069 -27.976558
v 55.832076 153.830050 -28.150098
v 55.733929 152.818508 -29.187397
v 55.832076 153.830050 -28.150098
v 56.487909 152.546069 -27.976558
v 25.872643 140.384418 -15.422596
v 25.987147 141.564551 -14.212414
v 56.389763 151.534527 -29.013857
v 56.487909 152.546069 -27.976558
v 55.733929 152.818508 -29.187397
v 56.487909 152.546069 -27.976558
v 56.389763 151.534527 -29.013857
v 25.987147 141.564551 -14.212414
v 26.866790 141.246705 -12.799768
v 55.635783 151.806966 -30.224697
v 56.389763 151.534527 -29.013857
v 55.733929 152.818508 -29.187397
v 56.389763 151.534527 -29.013857
v 55.635783 151.806966 -30.224697
v 26.866790 141.246705 -12.799768
v 27.631929 139.748728 -12.597305
v 54.979950 153.090947 -30.398236
v 55.635783 151.806966 -30.224697
v 55.733929 152.818508 -29.187397
v 55.635783 151.806966 -30.224697
v 54.979950 153.090947 -30.398236
v 27.631929 139.748728 -12.597305
v 27.517425 138.568596 -13.807488
v 55.078096 154.102488 -29.360937
v 54.979950 153.090947 -30.398236
v 55.733929 152.818508 -29.187397
v 54.979950 153.090947 -30.398236
v 55.078096 154.102488 -29.360937
v 27.517425 138.568596 -13.807488
v 26.637782 138.886441 -15.220133
v 55.832076 153.830050 -28.150098
v 55.078096 154.102488 -29.360937
v 55.733929 152.818508 -29.187397
v 55.078096 154.102488 -29.360937
v 55.832076 153.830050 -28.150098
v 91.351195 151.924324 -26.002496
v 116.740278 155.604852 -1.363102
v 120.776926 156.335748 -26.002496
v 120.776926 156.335748 -26.002496
v 116.740278 155.604852 -1.363102
v 122.767238 168.684925 4.485894
v 128.533407 168.684925 -26.002496
v 128.533407 168.684925 -26.002496
v 122.767238 168.684925 4.485894
v 116.435155 178.960384 -1.659215
v 125.349121 180.920264 -26.002496
v 91.351195 185.445525 -26.002496
v 125.349121 180.920264 -26.002496
v 116.435155 178.960384 -1.659215
v 91.351195 151.924324 -26.002496
v 91.351195 155.388070 3.569596
v 116.740278 155.604852 -1.363102
v 116.740278 155.604852 -1.363102
v 91.351195 155.388070 3.569596
v 91.351195 168.684925 12.944176
v 122.767238 168.684925 4.485894
v 122.767238 168.684925 4.485894
v 91.351195 168.684925 12.944176
v 91.351195 180.595954 0.528383
v 116.435155 178.960384 -1.659215
v 91.351195 185.445525 -26.002496
v 116.435155 178.960384 -1.659215
v 91.351195 180.595954 0.528383
v 91.351195 151.924324 -26.002496
v 67.545874 158.445322 -2.900098
v 91.351195 155.388070 3.569596
v 91.351195 155.388070 3.569596
v 67.545874 158.445322 -2.900098
v 61.410554 168.684925 3.054059
v 91.351195 168.684925 12.944176
v 91.351195 168.684925 12.944176
v 61.410554 168.684925 3.054059
v 70.727967 179.893851 -5.988230
v 91.351195 180.595954 0.528383
v 91.351195 185.445525 -26.002496
v 91.351195 180.595954 0.528383
v 70.727967 179.893851 -5.988230
v 91.351195 151.924324 -26.002496
v 55.523668 156.102432 -26.002496
v 67.545874 158.445322 -2.900098
v 67.545874 158.445322 -2.900098
v 55.523668 156.102432 -26.002496
v 47.001534 168.684925 -26.002496
v 61.410554 168.684925 3.054059
v 61.410554 168.684925 3.054059
v 47.001534 168.684925 -26.002496
v 64.952471 180.885299 -26.002496
v 70.727967 179.893851 -5.988230
v 91.351195 185.445525 -26.002496
v 70.727967 179.893851 -5.988230
v 64.952471 180.885299 -26.002496
v 91.351195 151.924324 -26.002496
v 71.394721 158.362863 -45.369695
v 55.523668 156.102432 -26.002496
v 55.523668 156.102432 -26.002496
v 71.394721 158.362863 -45.369695
v 56.386035 168.684925 -59.935205
v 47.001534 168.684925 -26.002496
v 47.001534 168.684925 -26.002496
v 56.386035 168.684925 -59.935205
v 70.821062 180.137427 -45.926415
v 64.952471 180.885299 -26.002496
v 91.351195 185.445525 -26.002496
v 64.952471 180.885299 -26.002496
v 70.821062 180.137427 -45.926415
v 91.351195 151.924324 -26.002496
v 91.351195 157.967459 -60.192247
v 71.394721 158.362863 -45.369695
v 71.394721 158.362863 -45.369695
v 91.351195 157.967459 -60.192247
v 91.351195 168.684925 -75.615395
v 56.386035 168.684925 -59.935205
v 56.386035 168.684925 -59.935205
v 91.351195 168.684925 -75.615395
v 91.351195 181.854243 -56.000276
v 70.821062 180.137427 -45.926415
v 91.351195 185.445525 -26.002496
v 70.821062 180.137427 -45.926415
v 91.351195 181.854243 -56.000276
v 91.351195 151.924324 -26.002496
v 111.755792 156.040120 -45.804586
v 91.351195 157.967459 -60.192247
v 91.351195 157.967459 -60.192247
v 111.755792 156.040120 -45.804586
v 120.870154 168.684925 -54.649819
v 91.351195 168.684925 -75.615395
v 91.351195 168.684925 -75.615395
v 120.870154 168.684925 -54.649819
v 112.475686 179.249649 -46.503222
v 91.351195 181.854243 -56.000276
v 91.351195 185.445525 -26.002496
v 91.351195 181.854243 -56.000276
v 112.475686 179.249649 -46.503222
v 91.351195 151.924324 -26.002496
v 120.776926 156.335748 -26.002496
v 111.755792 156.040120 -45.804586
v 111.755792 156.040120 -45.804586
v 120.776926 156.335748 -26.002496
v 128.533407 168.684925 -26.002496
v 120.870154 168.684925 -54.649819
v 120.870154 168.684925 -54.649819
v 128.533407 168.684925 -26.002496
v 125.349121 180.920264 -26.002496
v 112.475686 179.249649 -46.503222
v 91.351195 185.445525 -26.002496
v 112.475686 179.249649 -46.503222
v 125.349121 180.920264 -26.002496
v 74.896202 134.976948 41.301153
v 99.657943 140.522219 62.070854
v 110.056743 141.422556 41.301153
v 110.056743 141.422556 41.301153
v 99.657943 140.522219 62.070854
v 103.893983 153.322565 65.623968
v 115.781274 153.322565 41.301153
v 115.781274 153.322565 41.301153
v 103.893983 153.322565 65.623968
v 102.439941 167.669773 64.404344
v 109.882393 167.836941 41.301153
v 74.896202 171.668183 41.301153
v 109.882393 167.836941 41.301153
v 102.439941 167.669773 64.404344
v 74.896202 134.976948 41.301153
v 74.896202 140.651862 67.210541
v 99.657943 140.522219 62.070854
v 99.657943 140.522219 62.070854
v 74.896202 140.651862 67.210541
v 74.896202 153.322565 78.241949
v 103.893983 153.322565 65.623968
v 103.893983 153.322565 65.623968
v 74.896202 153.322565 78.241949
v 74.896202 165.435151 70.454602
v 102.439941 167.669773 64.404344
v 74.896202 171.668183 41.301153
v 102.439941 167.669773 64.404344
v 74.896202 165.435151 70.454602
v 74.896202 134.976948 41.301153
v 52.813221 142.309870 59.823958
v 74.896202 140.651862 67.210541
v 74.896202 140.651862 67.210541
v 52.813221 142.309870 59.823958
v 45.730845 153.322565 65.764527
v 74.896202 153.322565 78.241949
v 74.896202 153.322565 78.241949
v 45.730845 153.322565 65.764527
v 49.732647 165.024086 62.407888
v 74.896202 165.435151 70.454602
v 74.896202 171.668183 41.301153
v 74.896202 165.435151 70.454602
v 49.732647 165.024086 62.407888
v 74.896202 134.976948 41.301153
v 36.386973 140.286673 41.301153
v 52.813221 142.309870 59.823958
v 52.813221 142.309870 59.823958
v 36.386973 140.286673 41.301153
v 25.112436 153.322565 41.301153
v 45.730845 153.322565 65.764527
v 45.730845 153.322565 65.764527
v 25.112436 153.322565 41.301153
v 41.103310 165.574083 41.301153
v 49.732647 165.024086 62.407888
v 74.896202 171.668183 41.301153
v 49.732647 165.024086 62.407888
v 41.103310 165.574083 41.301153
v 74.896202 134.976948 41.301153
v 47.661576 138.584298 18.457241
v 36.386973 140.286673 41.301153
v 36.386973 140.286673 41.301153
v 47.661576 138.584298 18.457241
v 45.277636 153.322565 16.457635
v 25.112436 153.322565 41.301153
v 25.112436 153.322565 41.301153
v 45.277636 153.322565 16.457635
v 50.011938 166.628421 20.428682
v 41.103310 165.574083 41.301153
v 74.896202 171.668183 41.301153
v 41.103310 165.574083 41.301153
v 50.011938 166.628421 20.428682
v 74.896202 134.976948 41.301153
v 74.896202 141.491487 16.589702
v 47.661576 138.584298 18.457241
v 47.661576 138.584298 18.457241
v 74.896202 141.491487 16.589702
v 74.896202 153.322565 6.112120
v 45.277636 153.322565 16.457635
v 45.277636 153.322565 16.457635
v 74.896202 153.322565 6.112120
v 74.896202 165.625410 12.938115
v 50.011938 166.628421 20.428682
v 74.896202 171.668183 41.301153
v 50.011938 166.628421 20.428682
v 74.896202 165.625410 12.938115
v 74.896202 134.976948 41.301153
v 98.700839 139.259941 21.334253
v 74.896202 141.491487 16.589702
v 74.896202 141.491487 16.589702
v 98.700839 139.259941 21.334253
v 105.696203 153.322565 15.466668
v 74.896202 153.322565 6.112120
v 74.896202 153.322565 6.112120
v 105.696203 153.322565 15.466668
v 100.736428 167.301437 19.626838
v 74.896202 165.625410 12.938115
v 74.896202 171.668183 41.301153
v 74.896202 165.625410 12.938115
v 100.736428 167.301437 19.626838
v 74.896202 134.976948 41.301153
v 110.056743 141.422556 41.301153
v 98.700839 139.259941 21.334253
v 98.700839 139.259941 21.334253
v 110.056743 141.422556 41.301153
v 115.781274 153.322565 41.301153
v 105.696203 153.322565 15.466668
v 105.696203 153.322565 15.466668
v 115.781274 153.322565 41.301153
v 109.882393 167.836941 41.301153
v 100.736428 167.301437 19.626838
v 74.896202 171.668183 41.301153
v 100.736428 167.301437 19.626838
v 109.882393 167.836941 41.301153
v 51.556131 150.172670 59.853008
v 83.024130 158.768633 87.882227
v 97.794315 157.681709 59.853008
v 97.794315 157.681709 59.853008
v 83.024130 158.768633 87.882227
v 92.597688 172.530570 96.409601
v 104.077067 172.530570 59.853008
v 104.077067 172.530570 59.853008
v 92.597688 172.530570 96.409601
v 78.743280 189.566557 84.069183
v 93.604600 190.228811 59.853008
v 51.556131 194.888470 59.853008
v 93.604600 190.228811 59.853008
v 78.743280 189.566557 84.069183
v 51.556131 150.172670 59.853008
v 51.556131 155.872755 92.490484
v 83.024130 158.768633 87.882227
v 83.024130 158.768633 87.882227
v 51.556131 155.872755 92.490484
v 51.556131 172.530570 110.271036
v 92.597688 172.530570 96.409601
v 92.597688 172.530570 96.409601
v 51.556131 172.530570 110.271036
v 51.556131 189.049027 96.018776
v 78.743280 189.566557 84.069183
v 51.556131 194.888470 59.853008
v 78.743280 189.566557 84.069183
v 51.556131 189.049027 96.018776
v 51.556131 150.172670 59.853008
v 17.766990 158.463208 89.949718
v 51.556131 155.872755 92.490484
v 51.556131 155.872755 92.490484
v 17.766990 158.463208 89.949718
v 4.922211 172.530570 101.390837
v 51.556131 172.530570 110.271036
v 51.556131 172.530570 110.271036
v 4.922211 172.530570 101.390837
v 17.612071 186.535280 90.087707
v 51.556131 189.049027 96.018776
v 51.556131 194.888470 59.853008
v 51.556131 189.049027 96.018776
v 17.612071 186.535280 90.087707
v 51.556131 150.172670 59.853008
v 9.416180 157.748637 59.853008
v 17.766990 158.463208 89.949718
v 17.766990 158.463208 89.949718
v 9.416180 157.748637 59.853008
v -6.420943 172.530570 59.853008
v 4.922211 172.530570 101.390837
v 4.922211 172.530570 101.390837
v -6.420943 172.530570 59.853008
v 7.206410 187.942817 59.853008
v 17.612071 186.535280 90.087707
v 51.556131 194.888470 59.853008
v 17.612071 186.535280 90.087707
v 7.206410 187.942817 59.853008
v 51.556131 150.172670 59.853008
v 23.796177 156.906313 35.126624
v 9.416180 157.748637 59.853008
v 9.416180 157.748637 59.853008
v 23.796177 156.906313 35.126624
v 14.892123 172.530570 27.195593
v -6.420943 172.530570 59.853008
v -6.420943 172.530570 59.853008
v 14.892123 172.530570 27.195593
v 20.431011 186.999826 32.129198
v 7.206410 187.942817 59.853008
v 51.556131 194.888470 59.853008
v 7.206410 187.942817 59.853008
v 20.431011 186.999826 32.129198
v 51.556131 150.172670 59.853008
v 51.556131 156.194860 20.978962
v 23.796177 156.906313 35.126624
v 23.796177 156.906313 35.126624
v 51.556131 156.194860 20.978962
v 51.556131 172.530570 7.538547
v 14.892123 172.530570 27.195593
v 14.892123 172.530570 27.195593
v 51.556131 172.530570 7.538547
v 51.556131 188.644525 25.906556
v 20.431011 186.999826 32.129198
v 51.556131 194.888470 59.853008
v 20.431011 186.999826 32.129198
v 51.556131 188.644525 25.906556
v 51.556131 150.172670 59.853008
v 78.570955 154.371978 35.790326
v 51.556131 156.194860 20.978962
v 51.556131 156.194860 20.978962
v 78.570955 154.371978 35.790326
v 88.817044 172.530570 26.663916
v 51.556131 172.530570 7.538547
v 51.556131 172.530570 7.538547
v 88.817044 172.530570 26.663916
v 83.708061 189.906720 31.214597
v 51.556131 188.644525 25.906556
v 51.556131 194.888470 59.853008
v 51.556131 188.644525 25.906556
v 83.708061 189.906720 31.214597
v 51.556131 150.172670 59.853008
v 97.794315 157.681709 59.853008
v 78.570955 154.371978 35.790326
v 78.570955 154.371978 35.790326
v 97.794315 157.681709 59.853008
v 104.077067 172.530570 59.853008
v 88.817044 172.530570 26.663916
v 88.817044 172.530570 26.663916
v 104.077067 172.530570 59.853008
v 93.604600 190.228811 59.853008
v 83.708061 189.906720 31.214597
v 51.556131 194.888470 59.853008
v 83.708061 189.906720 31.214597
v 93.604600 190.228811 59.853008
v 39.292603 125.380881 91.247379
v 62.232661 130.782503 109.417381
v 67.551482 132.410699 91.247379
v 67.551482 132.410699 91.247379
v 62.232661 130.782503 109.417381
v 70.537822 142.807357 115.995603
v 91.347935 142.807357 91.247379
v 91.347935 142.807357 91.247379
v 70.537822 142.807357 115.995603
v 60.291061 154.214946 107.879510
v 67.826788 154.702718 91.247379
v 39.292603 160.233832 91.247379
v 67.826788 154.702718 91.247379
v 60.291061 154.214946 107.879510
v 39.292603 125.380881 91.247379
v 39.292603 129.645841 119.008502
v 62.232661 130.782503 109.417381
v 62.232661 130.782503 109.417381
v 39.292603 129.645841 119.008502
v 39.292603 142.807357 129.769500
v 70.537822 142.807357 115.995603
v 70.537822 142.807357 115.995603
v 39.292603 142.807357 129.769500
v 39.292603 153.921217 113.638904
v 60.291061 154.214946 107.879510
v 39.292603 160.233832 91.247379
v 60.291061 154.214946 107.879510
v 39.292603 153.921217 113.638904
v 39.292603 125.380881 91.247379
v 18.648850 130.492676 107.598559
v 39.292603 129.645841 119.008502
v 39.292603 129.645841 119.008502
v 18.648850 130.492676 107.598559
v 1.746972 142.807357 120.985934
v 39.292603 142.807357 129.769500
v 39.292603 142.807357 129.769500
v 1.746972 142.807357 120.985934
v 14.149066 155.668725 111.162678
v 39.292603 153.921217 113.638904
v 39.292603 160.233832 91.247379
v 39.292603 153.921217 113.638904
v 14.149066 155.668725 111.162678
v 39.292603 125.380881 91.247379
v 4.664551 131.886325 91.247379
v 18.648850 130.492676 107.598559
v 18.648850 130.492676 107.598559
v 4.664551 131.886325 91.247379
v -6.775912 142.807357 91.247379
v 1.746972 142.807357 120.985934
v 1.746972 142.807357 120.985934
v -6.775912 142.807357 91.247379
v 7.711451 156.058821 91.247379
v 14.149066 155.668725 111.162678
v 39.292603 160.233832 91.247379
v 14.149066 155.668725 111.162678
v 7.711451 156.058821 91.247379
v 39.292603 125.380881 91.247379
v 12.967094 132.010312 70.395883
v 4.664551 131.886325 91.247379
v 4.664551 131.886325 91.247379
v 12.967094 132.010312 70.395883
v 4.795048 142.807357 63.923096
v -6.775912 142.807357 91.247379
v -6.775912 142.807357 91.247379
v 4.795048 142.807357 63.923096
v 18.384362 155.625026 74.686707
v 7.711451 156.058821 91.247379
v 39.292603 160.233832 91.247379
v 7.711451 156.058821 91.247379
v 18.384362 155.625026 74.686707
v 39.292603 125.380881 91.247379
v 39.292603 130.780145 64.411552
v 12.967094 132.010312 70.395883
v 12.967094 132.010312 70.395883
v 39.292603 130.780145 64.411552
v 39.292603 142.807357 54.967517
v 4.795048 142.807357 63.923096
v 4.795048 142.807357 63.923096
v 39.292603 142.807357 54.967517
v 39.292603 154.388833 61.803886
v 18.384362 155.625026 74.686707
v 39.292603 160.233832 91.247379
v 18.384362 155.625026 74.686707
v 39.292603 154.388833 61.803886
v 39.292603 125.380881 91.247379
v 64.872390 131.128152 70.986541
v 39.292603 130.780145 64.411552
v 39.292603 130.780145 64.411552
v 64.872390 131.128152 70.986541
v 76.359659 142.807357 61.887885
v 39.292603 142.807357 54.967517
v 39.292603 142.807357 54.967517
v 76.359659 142.807357 61.887885
v 59.035254 153.602488 75.609929
v 39.292603 154.388833 61.803886
v 39.292603 160.233832 91.247379
v 39.292603 154.388833 61.803886
v 59.035254 153.602488 75.609929
v 39.292603 125.380881 91.247379
v 67.551482 132.410699 91.247379
v 64.872390 131.128152 70.986541
v 64.872390 131.128152 70.986541
v 67.551482 132.410699 91.247379
v 91.347935 142.807357 91.247379
v 76.359659 142.807357 61.887885
v 76.359659 142.807357 61.887885
v 91.347935 142.807357 91.247379
v 67.826788 154.702718 91.247379
v 59.035254 153.602488 75.609929
v 39.292603 160.233832 91.247379
v 59.035254 153.602488 75.609929
v 67.826788 154.702718 91.247379
v -15.245654 147.700073 58.759560
v 6.875820 151.662231 79.886620
v 15.864503 152.180136 58.759560
v 15.864503 152.180136 58.759560
v 6.875820 151.662231 79.886620
v 16.259922 165.736773 88.848883
v 32.620187 165.736773 58.759560
v 32.620187 165.736773 58.759560
v 16.259922 165.736773 88.848883
v 10.882391 179.666156 83.713086
v 19.917625 179.161590 58.759560
v -15.245654 183.773472 58.759560
v 19.917625 179.161590 58.759560
v 10.882391 179.666156 83.713086
v -15.245654 147.700073 58.759560
v -15.245654 152.759806 90.721570
v 6.875820 151.662231 79.886620
v 6.875820 151.662231 79.886620
v -15.245654 152.759806 90.721570
v -15.245654 165.736773 110.934802
v 16.259922 165.736773 88.848883
v 16.259922 165.736773 88.848883
v -15.245654 165.736773 110.934802
v -15.245654 177.474668 92.492519
v 10.882391 179.666156 83.713086
v -15.245654 183.773472 58.759560
v 10.882391 179.666156 83.713086
v -15.245654 177.474668 92.492519
v -15.245654 147.700073 58.759560
v -38.442635 152.573216 80.913781
v -15.245654 152.759806 90.721570
v -15.245654 152.759806 90.721570
v -38.442635 152.573216 80.913781
v -45.512585 165.736773 87.665919
v -15.245654 165.736773 110.934802
v -15.245654 165.736773 110.934802
v -45.512585 165.736773 87.665919
v -38.012416 178.666635 80.502902
v -15.245654 177.474668 92.492519
v -15.245654 183.773472 58.759560
v -15.245654 177.474668 92.492519
v -38.012416 178.666635 80.502902
v -15.245654 147.700073 58.759560
v -48.994142 152.324772 58.759560
v -38.442635 152.573216 80.913781
v -38.442635 152.573216 80.913781
v -48.994142 152.324772 58.759560
v -63.513317 165.736773 58.759560
v -45.512585 165.736773 87.665919
v -45.512585 165.736773 87.665919
v -63.513317 165.736773 58.759560
v -49.951039 178.313310 58.759560
v -38.012416 178.666635 80.502902
v -15.245654 183.773472 58.759560
v -38.012416 178.666635 80.502902
v -49.951039 178.313310 58.759560
v -15.245654 147.700073 58.759560
v -39.078421 153.683571 35.998134
v -48.994142 152.324772 58.759560
v -48.994142 152.324772 58.759560
v -39.078421 153.683571 35.998134
v -43.502105 165.736773 31.773305
v -63.513317 165.736773 58.759560
v -63.513317 165.736773 58.759560
v -43.502105 165.736773 31.773305
v -41.851842 179.255305 33.349385
v -49.951039 178.313310 58.759560
v -15.245654 183.773472 58.759560
v -49.951039 178.313310 58.759560
v -41.851842 179.255305 33.349385
v -15.245654 147.700073 58.759560
v -15.245654 153.792948 27.192437
v -39.078421 153.683571 35.998134
v -39.078421 153.683571 35.998134
v -15.245654 153.792948 27.192437
v -15.245654 165.736773 6.360314
v -43.502105 165.736773 31.773305
v -43.502105 165.736773 31.773305
v -15.245654 165.736773 6.360314
v -15.245654 177.274228 31.796164
v -41.851842 179.255305 33.349385
v -15.245654 183.773472 58.759560
v -41.851842 179.255305 33.349385
v -15.245654 177.274228 31.796164
v -15.245654 147.700073 58.759560
v 10.017356 151.808562 34.632184
v -15.245654 153.792948 27.192437
v -15.245654 153.792948 27.192437
v 10.017356 151.808562 34.632184
v 17.097039 165.736773 27.870751
v -15.245654 165.736773 6.360314
v -15.245654 165.736773 6.360314
v 17.097039 165.736773 27.870751
v 9.437051 179.823462 35.186403
v -15.245654 177.274228 31.796164
v -15.245654 183.773472 58.759560
v -15.245654 177.274228 31.796164
v 9.437051 179.823462 35.186403
v -15.245654 147.700073 58.759560
v 15.864503 152.180136 58.759560
v 10.017356 151.808562 34.632184
v 10.017356 151.808562 34.632184
v 15.864503 152.180136 58.759560
v 32.620187 165.736773 58.759560
v 17.097039 165.736773 27.870751
v 17.097039 165.736773 27.870751
v 32.620187 165.736773 58.759560
v 19.917625 179.161590 58.759560
v 9.437051 179.823462 35.186403
v -15.245654 183.773472 58.759560
v 9.437051 179.823462 35.186403
v 19.917625 179.161590 58.759560
v -66.662865 118.230298 52.540968
v -33.472247 124.236492 77.367536
v -20.924351 123.506489 52.540968
v -20.924351 123.506489 52.540968
v -33.472247 124.236492 77.367536
v -27.660224 140.677469 81.714926
v -7.339421 140.677469 52.540968
v -7.339421 140.677469 52.540968
v -27.660224 140.677469 81.714926
v -32.576215 157.949788 78.037767
v -27.080176 157.176787 52.540968
v -66.662865 163.124640 52.540968
v -27.080176 157.176787 52.540968
v -32.576215 157.949788 78.037767
v -66.662865 118.230298 52.540968
v -66.662865 123.619092 82.100675
v -33.472247 124.236492 77.367536
v -33.472247 124.236492 77.367536
v -66.662865 123.619092 82.100675
v -66.662865 140.677469 100.729573
v -27.660224 140.677469 81.714926
v -27.660224 140.677469 81.714926
v -66.662865 140.677469 100.729573
v -66.662865 156.796309 81.986730
v -32.576215 157.949788 78.037767
v -66.662865 163.124640 52.540968
v -32.576215 157.949788 78.037767
v -66.662865 156.796309 81.986730
v -66.662865 118.230298 52.540968
v -95.702581 123.158819 74.262664
v -66.662865 123.619092 82.100675
v -66.662865 123.619092 82.100675
v -95.702581 123.158819 74.262664
v -108.887430 140.677469 84.124925
v -66.662865 140.677469 100.729573
v -66.662865 140.677469 100.729573
v -108.887430 140.677469 84.124925
v -93.856353 158.469288 72.881686
v -66.662865 156.796309 81.986730
v -66.662865 163.124640 52.540968
v -66.662865 156.796309 81.986730
v -93.856353 158.469288 72.881686
v -66.662865 118.230298 52.540968
v -103.013921 123.496418 52.540968
v -95.702581 123.158819 74.262664
v -95.702581 123.158819 74.262664
v -103.013921 123.496418 52.540968
v -122.822284 140.677469 52.540968
v -108.887430 140.677469 84.124925
v -108.887430 140.677469 84.124925
v -122.822284 140.677469 52.540968
v -110.916120 156.205058 52.540968
v -93.856353 158.469288 72.881686
v -66.662865 163.124640 52.540968
v -93.856353 158.469288 72.881686
v -110.916120 156.205058 52.540968
v -66.662865 118.230298 52.540968
v -99.707371 123.233268 27.823690
v -103.013921 123.496418 52.540968
v -103.013921 123.496418 52.540968
v -99.707371 123.233268 27.823690
v -104.298264 140.677469 24.389704
v -122.822284 140.677469 52.540968
v -122.822284 140.677469 52.540968
v -104.298264 140.677469 24.389704
v -100.694654 154.964890 27.085203
v -110.916120 156.205058 52.540968
v -66.662865 163.124640 52.540968
v -110.916120 156.205058 52.540968
v -100.694654 154.964890 27.085203
v -66.662865 118.230298 52.540968
v -66.662865 122.851239 16.611403
v -99.707371 123.233268 27.823690
v -99.707371 123.233268 27.823690
v -66.662865 122.851239 16.611403
v -66.662865 140.677469 3.115451
v -104.298264 140.677469 24.389704
v -104.298264 140.677469 24.389704
v -66.662865 140.677469 3.115451
v -66.662865 154.148577 18.323379
v -100.694654 154.964890 27.085203
v -66.662865 163.124640 52.540968
v -100.694654 154.964890 27.085203
v -66.662865 154.148577 18.323379
v -66.662865 118.230298 52.540968
v -34.775645 127.186570 28.689341
v -66.662865 122.851239 16.611403
v -66.662865 122.851239 16.611403
v -34.775645 127.186570 28.689341
v -22.487336 140.677469 19.497691
v -66.662865 140.677469 3.115451
v -66.662865 140.677469 3.115451
v -22.487336 140.677469 19.497691
v -37.439246 157.538343 30.681713
v -66.662865 154.148577 18.323379
v -66.662865 163.124640 52.540968
v -66.662865 154.148577 18.323379
v -37.439246 157.538343 30.681713
v -66.662865 118.230298 52.540968
v -20.924351 123.506489 52.540968
v -34.775645 127.186570 28.689341
v -34.775645 127.186570 28.689341
v -20.924351 123.506489 52.540968
v -7.339421 140.677469 52.540968
v -22.487336 140.677469 19.497691
v -22.487336 140.677469 19.497691
v -7.339421 140.677469 52.540968
v -27.080176 157.176787 52.540968
v -37.439246 157.538343 30.681713
v -66.662865 163.124640 52.540968
v -37.439246 157.538343 30.681713
v -27.080176 157.176787 52.540968
v -96.455425 122.376271 28.511029
v -71.710477 127.384830 47.373386
v -61.539968 128.812478 28.511029
v -61.539968 128.812478 28.511029
v -71.710477 127.384830 47.373386
v -50.627737 144.096556 63.444148
v -42.530321 144.096556 28.511029
v -42.530321 144.096556 28.511029
v -50.627737 144.096556 63.444148
v -66.708636 161.654367 51.186144
v -60.487951 161.439245 28.511029
v -96.455425 165.816842 28.511029
v -60.487951 161.439245 28.511029
v -66.708636 161.654367 51.186144
v -96.455425 122.376271 28.511029
v -96.455425 126.858189 63.515293
v -71.710477 127.384830 47.373386
v -71.710477 127.384830 47.373386
v -96.455425 126.858189 63.515293
v -96.455425 144.096556 73.973766
v -50.627737 144.096556 63.444148
v -50.627737 144.096556 63.444148
v -96.455425 144.096556 73.973766
v -96.455425 160.748656 62.805320
v -66.708636 161.654367 51.186144
v -96.455425 165.816842 28.511029
v -66.708636 161.654367 51.186144
v -96.455425 160.748656 62.805320
v -96.455425 122.376271 28.511029
v -122.819343 127.973004 48.607481
v -96.455425 126.858189 63.515293
v -96.455425 126.858189 63.515293
v -122.819343 127.973004 48.607481
v -140.848873 144.096556 62.350869
v -96.455425 144.096556 73.973766
v -96.455425 144.096556 73.973766
v -140.848873 144.096556 62.350869
v -128.723549 157.559633 53.108085
v -96.455425 160.748656 62.805320
v -96.455425 165.816842 28.511029
v -96.455425 160.748656 62.805320
v -128.723549 157.559633 53.108085
v -96.455425 122.376271 28.511029
v -140.620896 126.684829 28.511029
v -122.819343 127.973004 48.607481
v -122.819343 127.973004 48.607481
v -140.620896 126.684829 28.511029
v -155.804301 144.096556 28.511029
v -140.848873 144.096556 62.350869
v -140.848873 144.096556 62.350869
v -155.804301 144.096556 28.511029
v -131.090254 158.207939 28.511029
v -128.723549 157.559633 53.108085
v -96.455425 165.816842 28.511029
v -128.723549 157.559633 53.108085
v -131.090254 158.207939 28.511029
v -96.455425 122.376271 28.511029
v -121.813566 129.358719 9.181253
v -140.620896 126.684829 28.511029
v -140.620896 126.684829 28.511029
v -121.813566 129.358719 9.181253
v -133.929368 144.096556 -0.054272
v -155.804301 144.096556 28.511029
v -155.804301 144.096556 28.511029
v -133.929368 144.096556 -0.054272
v -124.979768 157.048362 6.767748
v -131.090254 158.207939 28.511029
v -96.455425 165.816842 28.511029
v -131.090254 158.207939 28.511029
v -124.979768 157.048362 6.767748
v -96.455425 122.376271 28.511029
v -96.455425 130.474798 -3.129989
v -121.813566 129.358719 9.181253
v -121.813566 129.358719 9.181253
v -96.455425 130.474798 -3.129989
v -96.455425 144.096556 -18.164006
v -133.929368 144.096556 -0.054272
v -133.929368 144.096556 -0.054272
v -96.455425 144.096556 -18.164006
v -96.455425 158.946217 2.370375
v -124.979768 157.048362 6.767748
v -96.455425 165.816842 28.511029
v -124.979768 157.048362 6.767748
v -96.455425 158.946217 2.370375
v -96.455425 122.376271 28.511029
v -65.410070 130.804838 4.846054
v -96.455425 130.474798 -3.129989
v -96.455425 130.474798 -3.129989
v -65.410070 130.804838 4.846054
v -53.163129 144.096556 -4.489434
v -96.455425 144.096556 -18.164006
v -96.455425 144.096556 -18.164006
v -53.163129 144.096556 -4.489434
v -70.307623 157.617887 8.579317
v -96.455425 158.946217 2.370375
v -96.455425 165.816842 28.511029
v -96.455425 158.946217 2.370375
v -70.307623 157.617887 8.579317
v -96.455425 122.376271 28.511029
v -61.539968 128.812478 28.511029
v -65.410070 130.804838 4.846054
v -65.410070 130.804838 4.846054
v -61.539968 128.812478 28.511029
v -42.530321 144.096556 28.511029
v -53.163129 144.096556 -4.489434
v -53.163129 144.096556 -4.489434
v -42.530321 144.096556 28.511029
v -60.487951 161.439245 28.511029
v -70.307623 157.617887 8.579317
v -96.455425 165.816842 28.511029
v -70.307623 157.617887 8.579317
v -60.487951 161.439245 28.511029
v -108.201844 138.588424 24.314915
v -84.649171 141.988854 46.691718
v -70.448698 143.610312 24.314915
v -70.448698 143.610312 24.314915
v -84.649171 141.988854 46.691718
v -70.211363 156.611891 60.408716
v -56.935701 156.611891 24.314915
v -56.935701 156.611891 24.314915
v -70.211363 156.611891 60.408716
v -86.568710 168.797598 44.868012
v -71.344697 170.475700 24.314915
v -108.201844 174.635357 24.314915
v -71.344697 170.475700 24.314915
v -86.568710 168.797598 44.868012
v -108.201844 138.588424 24.314915
v -108.201844 144.656199 53.988588
v -84.649171 141.988854 46.691718
v -84.649171 141.988854 46.691718
v -108.201844 144.656199 53.988588
v -108.201844 156.611891 64.158216
v -70.211363 156.611891 60.408716
v -70.211363 156.611891 60.408716
v -108.201844 156.611891 64.158216
v -108.201844 168.638553 54.835446
v -86.568710 168.797598 44.868012
v -108.201844 174.635357 24.314915
v -86.568710 168.797598 44.868012
v -108.201844 168.638553 54.835446
v -108.201844 138.588424 24.314915
v -131.782889 145.760496 46.718673
v -108.201844 144.656199 53.988588
v -108.201844 144.656199 53.988588
v -131.782889 145.760496 46.718673
v -145.251683 156.611891 59.515036
v -108.201844 156.611891 64.158216
v -108.201844 156.611891 64.158216
v -145.251683 156.611891 59.515036
v -129.906600 167.807958 44.936058
v -108.201844 168.638553 54.835446
v -108.201844 174.635357 24.314915
v -108.201844 168.638553 54.835446
v -129.906600 167.807958 44.936058
v -108.201844 138.588424 24.314915
v -140.953913 142.154870 24.314915
v -131.782889 145.760496 46.718673
v -131.782889 145.760496 46.718673
v -140.953913 142.154870 24.314915
v -151.846716 156.611891 24.314915
v -145.251683 156.611891 59.515036
v -145.251683 156.611891 59.515036
v -151.846716 156.611891 24.314915
v -139.939488 169.176183 24.314915
v -129.906600 167.807958 44.936058
v -108.201844 174.635357 24.314915
v -129.906600 167.807958 44.936058
v -139.939488 169.176183 24.314915
v -108.201844 138.588424 24.314915
v -131.571997 142.447082 2.111520
v -140.953913 142.154870 24.314915
v -140.953913 142.154870 24.314915
v -131.571997 142.447082 2.111520
v -144.878409 156.611891 -10.530568
v -151.846716 156.611891 24.314915
v -151.846716 156.611891 24.314915
v -144.878409 156.611891 -10.530568
v -132.127878 170.411344 1.583392
v -139.939488 169.176183 24.314915
v -108.201844 174.635357 24.314915
v -139.939488 169.176183 24.314915
v -132.127878 170.411344 1.583392
v -108.201844 138.588424 24.314915
v -108.201844 144.541664 -4.971213
v -131.571997 142.447082 2.111520
v -131.571997 142.447082 2.111520
v -108.201844 144.541664 -4.971213
v -108.201844 156.611891 -27.413253
v -144.878409 156.611891 -10.530568
v -144.878409 156.611891 -10.530568
v -108.201844 156.611891 -27.413253
v -108.201844 171.377713 -9.803290
v -132.127878 170.411344 1.583392
v -108.201844 174.635357 24.314915
v -132.127878 170.411344 1.583392
v -108.201844 171.377713 -9.803290
v -108.201844 138.588424 24.314915
v -84.786597 142.015021 2.068677
v -108.201844 144.541664 -4.971213
v -108.201844 144.541664 -4.971213
v -84.786597 142.015021 2.068677
v -73.323600 156.611891 -8.822029
v -108.201844 156.611891 -27.413253
v -108.201844 156.611891 -27.413253
v -73.323600 156.611891 -8.822029
v -82.644121 169.916189 0.033164
v -108.201844 171.377713 -9.803290
v -108.201844 174.635357 24.314915
v -108.201844 171.377713 -9.803290
v -82.644121 169.916189 0.033164
v -108.201844 138.588424 24.314915
v -70.448698 143.610312 24.314915
v -84.786597 142.015021 2.068677
v -84.786597 142.015021 2.068677
v -70.448698 143.610312 24.314915
v -56.935701 156.611891 24.314915
v -73.323600 156.611891 -8.822029
v -73.323600 156.611891 -8.822029
v -56.935701 156.611891 24.314915
v -71.344697 170.475700 24.314915
v -82.644121 169.916189 0.033164
v -108.201844 174.635357 24.314915
v -82.644121 169.916189 0.033164
v -71.344697 170.475700 24.314915
v -52.194810 129.223074 -34.433335
v -33.756583 132.798093 -20.587270
v -20.935071 133.279430 -34.433335
v -20.935071 133.279430 -34.433335
v -33.756583 132.798093 -20.587270
v -22.055555 145.212073 -11.800460
v -10.166758 145.212073 -34.433335
v -10.166758 145.212073 -34.433335
v -22.055555 145.212073 -11.800460
v -31.181155 155.821075 -18.653269
v -25.449923 156.744221 -34.433335
v -52.194810 161.201073 -34.433335
v -25.449923 156.744221 -34.433335
v -31.181155 155.821075 -18.653269
v -52.194810 129.223074 -34.433335
v -52.194810 134.347877 -15.197294
v -33.756583 132.798093 -20.587270
v -33.756583 132.798093 -20.587270
v -52.194810 134.347877 -15.197294
v -52.194810 145.212073 1.672400
v -22.055555 145.212073 -11.800460
v -22.055555 145.212073 -11.800460
v -52.194810 145.212073 1.672400
v -52.194810 154.817312 -12.133145
v -31.181155 155.821075 -18.653269
v -52.194810 161.201073 -34.433335
v -31.181155 155.821075 -18.653269
v -52.194810 154.817312 -12.133145
v -52.194810 129.223074 -34.433335
v -74.175833 132.706459 -17.926831
v -52.194810 134.347877 -15.197294
v -52.194810 134.347877 -15.197294
v -74.175833 132.706459 -17.926831
v -84.261669 145.212073 -10.352938
v -52.194810 145.212073 1.672400
v -52.194810 145.212073 1.672400
v -84.261669 145.212073 -10.352938
v -70.281664 155.017052 -20.851131
v -52.194810 154.817312 -12.133145
v -52.194810 161.201073 -34.433335
v -52.194810 154.817312 -12.133145
v -70.281664 155.017052 -20.851131
v -52.194810 129.223074 -34.433335
v -80.759898 132.397479 -34.433335
v -74.175833 132.706459 -17.926831
v -74.175833 132.706459 -17.926831
v -80.759898 132.397479 -34.433335
v -91.342433 145.212073 -34.433335
v -84.261669 145.212073 -10.352938
v -84.261669 145.212073 -10.352938
v -91.342433 145.212073 -34.433335
v -83.038860 154.771496 -34.433335
v -70.281664 155.017052 -20.851131
v -52.194810 161.201073 -34.433335
v -70.281664 155.017052 -20.851131
v -83.038860 154.771496 -34.433335
v -52.194810 129.223074 -34.433335
v -74.422223 132.764926 -51.124865
v -80.759898 132.397479 -34.433335
v -80.759898 132.397479 -34.433335
v -74.422223 132.764926 -51.124865
v -77.433570 145.212073 -53.386216
v -91.342433 145.212073 -34.433335
v -91.342433 145.212073 -34.433335
v -77.433570 145.212073 -53.386216
v -72.270228 158.284220 -49.508838
v -83.038860 154.771496 -34.433335
v -52.194810 161.201073 -34.433335
v -83.038860 154.771496 -34.433335
v -72.270228 158.284220 -49.508838
v -52.194810 129.223074 -34.433335
v -52.194810 134.607610 -60.010417
v -74.422223 132.764926 -51.124865
v -74.422223 132.764926 -51.124865
v -52.194810 134.607610 -60.010417
v -52.194810 145.212073 -65.489012
v -77.433570 145.212073 -53.386216
v -77.433570 145.212073 -53.386216
v -52.194810 145.212073 -65.489012
v -52.194810 155.025230 -57.591363
v -72.270228 158.284220 -49.508838
v -52.194810 161.201073 -34.433335
v -72.270228 158.284220 -49.508838
v -52.194810 155.025230 -57.591363
v -52.194810 129.223074 -34.433335
v -31.316686 133.144430 -50.111625
v -52.194810 134.607610 -60.010417
v -52.194810 134.607610 -60.010417
v -31.316686 133.144430 -50.111625
v -22.735913 145.212073 -56.555300
v -52.194810 145.212073 -65.489012
v -52.194810 145.212073 -65.489012
v -22.735913 145.212073 -56.555300
v -34.450665 156.447763 -47.758185
v -52.194810 155.025230 -57.591363
v -52.194810 161.201073 -34.433335
v -52.194810 155.025230 -57.591363
v -34.450665 156.447763 -47.758185
v -52.194810 129.223074 -34.433335
v -20.935071 133.279430 -34.433335
v -31.316686 133.144430 -50.111625
v -31.316686 133.144430 -50.111625
v -20.935071 133.279430 -34.433335
v -10.166758 145.212073 -34.433335
v -22.735913 145.212073 -56.555300
v -22.735913 145.212073 -56.555300
v -10.166758 145.212073 -34.433335
v -25.449923 156.744221 -34.433335
v -34.450665 156.447763 -47.758185
v -52.194810 161.201073 -34.433335
v -34.450665 156.447763 -47.758185
v -25.449923 156.744221 -34.433335
v -36.311137 119.642209 -69.372912
v -7.683601 124.101380 -43.999111
v 2.434762 126.539399 -69.372912
v 2.434762 126.539399 -69.372912
v -7.683601 124.101380 -43.999111
v -0.753829 139.793646 -37.856961
v 24.389318 139.793646 -69.372912
v 24.389318 139.793646 -69.372912
v -0.753829 139.793646 -37.856961
v -12.325475 152.506243 -48.113401
v -1.841294 153.883446 -69.372912
v -36.311137 159.945082 -69.372912
v -1.841294 153.883446 -69.372912
v -12.325475 152.506243 -48.113401
v -36.311137 119.642209 -69.372912
v -36.311137 126.865357 -39.846534
v -7.683601 124.101380 -43.999111
v -7.683601 124.101380 -43.999111
v -36.311137 126.865357 -39.846534
v -36.311137 139.793646 -23.083885
v -0.753829 139.793646 -37.856961
v -0.753829 139.793646 -37.856961
v -36.311137 139.793646 -23.083885
v -36.311137 153.785163 -36.744079
v -12.325475 152.506243 -48.113401
v -36.311137 159.945082 -69.372912
v -12.325475 152.506243 -48.113401
v -36.311137 153.785163 -36.744079
v -36.311137 119.642209 -69.372912
v -66.245739 125.700275 -42.840603
v -36.311137 126.865357 -39.846534
v -36.311137 126.865357 -39.846534
v -66.245739 125.700275 -42.840603
v -70.423493 139.793646 -39.137682
v -36.311137 139.793646 -23.083885
v -36.311137 139.793646 -23.083885
v -70.423493 139.793646 -39.137682
v -61.619793 154.790207 -46.940776
v -36.311137 153.785163 -36.744079
v -36.311137 159.945082 -69.372912
v -36.311137 153.785163 -36.744079
v -61.619793 154.790207 -46.940776
v -36.311137 119.642209 -69.372912
v -75.779228 124.696907 -69.372912
v -66.245739 125.700275 -42.840603
v -66.245739 125.700275 -42.840603
v -75.779228 124.696907 -69.372912
v -83.330974 139.793646 -69.372912
v -70.423493 139.793646 -39.137682
v -70.423493 139.793646 -39.137682
v -83.330974 139.793646 -69.372912
v -77.016115 151.835638 -69.372912
v -61.619793 154.790207 -46.940776
v -36.311137 159.945082 -69.372912
v -61.619793 154.790207 -46.940776
v -77.016115 151.835638 -69.372912
v -36.311137 119.642209 -69.372912
v -64.578598 127.725175 -94.427563
v -75.779228 124.696907 -69.372912
v -75.779228 124.696907 -69.372912
v -64.578598 127.725175 -94.427563
v -71.748334 139.793646 -100.782404
v -83.330974 139.793646 -69.372912
v -83.330974 139.793646 -69.372912
v -71.748334 139.793646 -100.782404
v -61.080911 153.303938 -91.327414
v -77.016115 151.835638 -69.372912
v -36.311137 159.945082 -69.372912
v -77.016115 151.835638 -69.372912
v -61.080911 153.303938 -91.327414
v -36.311137 119.642209 -69.372912
v -36.311137 126.545687 -104.857752
v -64.578598 127.725175 -94.427563
v -64.578598 127.725175 -94.427563
v -36.311137 126.545687 -104.857752
v -36.311137 139.793646 -111.437637
v -71.748334 139.793646 -100.782404
v -71.748334 139.793646 -100.782404
v -36.311137 139.793646 -111.437637
v -36.311137 153.653908 -100.980531
v -61.080911 153.303938 -91.327414
v -36.311137 159.945082 -69.372912
v -61.080911 153.303938 -91.327414
v -36.311137 153.653908 -100.980531
v -36.311137 119.642209 -69.372912
v -12.379448 126.858406 -90.584583
v -36.311137 126.545687 -104.857752
v -36.311137 126.545687 -104.857752
v -12.379448 126.858406 -90.584583
v 2.752809 139.793646 -103.996945
v -36.311137 139.793646 -111.437637
v -36.311137 139.793646 -111.437637
v 2.752809 139.793646 -103.996945
v -8.603132 155.338057 -93.931693
v -36.311137 153.653908 -100.980531
v -36.311137 159.945082 -69.372912
v -36.311137 153.653908 -100.980531
v -8.603132 155.338057 -93.931693
v -36.311137 119.642209 -69.372912
v 2.434762 126.539399 -69.372912
v -12.379448 126.858406 -90.584583
v -12.379448 126.858406 -90.584583
v 2.434762 126.539399 -69.372912
v 24.389318 139.793646 -69.372912
v 2.752809 139.793646 -103.996945
v 2.752809 139.793646 -103.996945
v 24.389318 139.793646 -69.372912
v -1.841294 153.883446 -69.372912
v -8.603132 155.338057 -93.931693
v -36.311137 159.945082 -69.372912
v -8.603132 155.338057 -93.931693
v -1.841294 153.883446 -69.372912
v 0.499312 131.360071 -83.167028
v 32.160856 139.183662 -50.497999
v 37.895791 137.959957 -83.167028
v 37.895791 137.959957 -83.167028
v 32.160856 139.183662 -50.497999
v 37.626611 152.312830 -44.858321
v 53.190225 152.312830 -83.167028
v 53.190225 152.312830 -83.167028
v 37.626611 152.312830 -44.858321
v 28.694929 167.980180 -54.074213
v 41.718205 168.744479 -83.167028
v 0.499312 173.265590 -83.167028
v 41.718205 168.744479 -83.167028
v 28.694929 167.980180 -54.074213
v 0.499312 131.360071 -83.167028
v 0.499312 137.149730 -42.229068
v 32.160856 139.183662 -50.497999
v 32.160856 139.183662 -50.497999
v 0.499312 137.149730 -42.229068
v 0.499312 152.312830 -23.791730
v 37.626611 152.312830 -44.858321
v 37.626611 152.312830 -44.858321
v 0.499312 152.312830 -23.791730
v 0.499312 167.482719 -38.275155
v 28.694929 167.980180 -54.074213
v 0.499312 173.265590 -83.167028
v 28.694929 167.980180 -54.074213
v 0.499312 167.482719 -38.275155
v 0.499312 131.360071 -83.167028
v -29.228008 138.975049 -52.493771
v 0.499312 137.149730 -42.229068
v 0.499312 137.149730 -42.229068
v -29.228008 138.975049 -52.493771
v -43.359327 152.312830 -37.912786
v 0.499312 152.312830 -23.791730
v 0.499312 152.312830 -23.791730
v -43.359327 152.312830 -37.912786
v -27.443533 165.745395 -54.335028
v 0.499312 167.482719 -38.275155
v 0.499312 173.265590 -83.167028
v 0.499312 167.482719 -38.275155
v -27.443533 165.745395 -54.335028
v 0.499312 131.360071 -83.167028
v -41.310970 139.712169 -83.167028
v -29.228008 138.975049 -52.493771
v -29.228008 138.975049 -52.493771
v -41.310970 139.712169 -83.167028
v -52.714987 152.312830 -83.167028
v -43.359327 152.312830 -37.912786
v -43.359327 152.312830 -37.912786
v -52.714987 152.312830 -83.167028
v -35.610420 167.428157 -83.167028
v -27.443533 165.745395 -54.335028
v 0.499312 173.265590 -83.167028
v -27.443533 165.745395 -54.335028
v -35.610420 167.428157 -83.167028
v 0.499312 131.360071 -83.167028
v -26.977414 138.137014 -111.518077
v -41.310970 139.712169 -83.167028
v -41.310970 139.712169 -83.167028
v -26.977414 138.137014 -111.518077
v -36.933433 152.312830 -121.790901
v -52.714987 152.312830 -83.167028
v -52.714987 152.312830 -83.167028
v -36.933433 152.312830 -121.790901
v -25.751450 166.557832 -110.253102
v -35.610420 167.428157 -83.167028
v 0.499312 173.265590 -83.167028
v -35.610420 167.428157 -83.167028
v -25.751450 166.557832 -110.253102
v 0.499312 131.360071 -83.167028
v 0.499312 137.562075 -129.135331
v -26.977414 138.137014 -111.518077
v -26.977414 138.137014 -111.518077
v 0.499312 137.562075 -129.135331
v 0.499312 152.312830 -131.085549
v -36.933433 152.312830 -121.790901
v -36.933433 152.312830 -121.790901
v 0.499312 152.312830 -131.085549
v 0.499312 168.114948 -120.538561
v -25.751450 166.557832 -110.253102
v 0.499312 173.265590 -83.167028
v -25.751450 166.557832 -110.253102
v 0.499312 168.114948 -120.538561
v 0.499312 131.360071 -83.167028
v 25.082278 136.401389 -108.532235
v 0.499312 137.562075 -129.135331
v 0.499312 137.562075 -129.135331
v 25.082278 136.401389 -108.532235
v 36.568433 152.312830 -120.383886
v 0.499312 152.312830 -131.085549
v 0.499312 152.312830 -131.085549
v 36.568433 152.312830 -120.383886
v 30.087810 166.429186 -113.697046
v 0.499312 168.114948 -120.538561
v 0.499312 173.265590 -83.167028
v 0.499312 168.114948 -120.538561
v 30.087810 166.429186 -113.697046
v 0.499312 131.360071 -83.167028
v 37.895791 137.959957 -83.167028
v 25.082278 136.401389 -108.532235
v 25.082278 136.401389 -108.532235
v 37.895791 137.959957 -83.167028
v 53.190225 152.312830 -83.167028
v 36.568433 152.312830 -120.383886
v 36.568433 152.312830 -120.383886
v 53.190225 152.312830 -83.167028
v 41.718205 168.744479 -83.167028
v 30.087810 166.429186 -113.697046
v 0.499312 173.265590 -83.167028
v 30.087810 166.429186 -113.697046
v 41.718205 168.744479 -83.167028
v 17.809063 143.441119 -84.830823
v 51.894559 151.070812 -59.277012
v 57.898003 150.528287 -84.830823
v 57.898003 150.528287 -84.830823
v 51.894559 151.070812 -59.277012
v 53.134820 165.865902 -58.347191
v 81.340299 165.865902 -84.830823
v 81.340299 165.865902 -84.830823
v 53.134820 165.865902 -58.347191
v 43.911104 180.226639 -65.262188
v 53.405272 181.041697 -84.830823
v 17.809063 188.290685 -84.830823
v 53.405272 181.041697 -84.830823
v 43.911104 180.226639 -65.262188
v 17.809063 143.441119 -84.830823
v 17.809063 151.595287 -58.181872
v 51.894559 151.070812 -59.277012
v 51.894559 151.070812 -59.277012
v 17.809063 151.595287 -58.181872
v 17.809063 165.865902 -40.373202
v 53.134820 165.865902 -58.347191
v 53.134820 165.865902 -58.347191
v 17.809063 165.865902 -40.373202
v 17.809063 180.183963 -49.056484
v 43.911104 180.226639 -65.262188
v 17.809063 188.290685 -84.830823
v 43.911104 180.226639 -65.262188
v 17.809063 180.183963 -49.056484
v 17.809063 143.441119 -84.830823
v -9.142345 148.144609 -64.625419
v 17.809063 151.595287 -58.181872
v 17.809063 151.595287 -58.181872
v -9.142345 148.144609 -64.625419
v -24.541111 165.865902 -53.081002
v 17.809063 165.865902 -40.373202
v 17.809063 165.865902 -40.373202
v -24.541111 165.865902 -53.081002
v -14.682090 182.464007 -60.472286
v 17.809063 180.183963 -49.056484
v 17.809063 188.290685 -84.830823
v 17.809063 180.183963 -49.056484
v -14.682090 182.464007 -60.472286
v 17.809063 143.441119 -84.830823
v -26.787643 150.714216 -84.830823
v -9.142345 148.144609 -64.625419
v -9.142345 148.144609 -64.625419
v -26.787643 150.714216 -84.830823
v -48.874241 165.865902 -84.830823
v -24.541111 165.865902 -53.081002
v -24.541111 165.865902 -53.081002
v -48.874241 165.865902 -84.830823
v -17.767038 181.906225 -84.830823
v -14.682090 182.464007 -60.472286
v 17.809063 188.290685 -84.830823
v -14.682090 182.464007 -60.472286
v -17.767038 181.906225 -84.830823
v 17.809063 143.441119 -84.830823
v -14.592397 149.134644 -109.122117
v -26.787643 150.714216 -84.830823
v -26.787643 150.714216 -84.830823
v -14.592397 149.134644 -109.122117
v -20.433460 165.865902 -113.501148
v -48.874241 165.865902 -84.830823
v -48.874241 165.865902 -84.830823
v -20.433460 165.865902 -113.501148
v -14.496563 182.730968 -109.050271
v -17.767038 181.906225 -84.830823
v 17.809063 188.290685 -84.830823
v -17.767038 181.906225 -84.830823
v -14.496563 182.730968 -109.050271
v 17.809063 143.441119 -84.830823
v 17.809063 149.995856 -114.537346
v -14.592397 149.134644 -109.122117
v -14.592397 149.134644 -109.122117
v 17.809063 149.995856 -114.537346
v 17.809063 165.865902 -130.073335
v -20.433460 165.865902 -113.501148
v -20.433460 165.865902 -113.501148
v 17.809063 165.865902 -130.073335
v 17.809063 182.838332 -114.554504
v -14.496563 182.730968 -109.050271
v 17.809063 188.290685 -84.830823
v -14.496563 182.730968 -109.050271
v 17.809063 182.838332 -114.554504
v 17.809063 143.441119 -84.830823
v 51.214283 148.884476 -109.874634
v 17.809063 149.995856 -114.537346
v 17.809063 149.995856 -114.537346
v 51.214283 148.884476 -109.874634
v 57.506457 165.865902 -114.591860
v 17.809063 165.865902 -130.073335
v 17.809063 165.865902 -130.073335
v 57.506457 165.865902 -114.591860
v 44.518656 180.916417 -104.854939
v 17.809063 182.838332 -114.554504
v 17.809063 188.290685 -84.830823
v 17.809063 182.838332 -114.554504
v 44.518656 180.916417 -104.854939
v 17.809063 143.441119 -84.830823
v 57.898003 150.528287 -84.830823
v 51.214283 148.884476 -109.874634
v 51.214283 148.884476 -109.874634
v 57.898003 150.528287 -84.830823
v 81.340299 165.865902 -84.830823
v 57.506457 165.865902 -114.591860
v 57.506457 165.865902 -114.591860
v 81.340299 165.865902 -84.830823
v 53.405272 181.041697 -84.830823
v 44.518656 180.916417 -104.854939
v 17.809063 188.290685 -84.830823
v 44.518656 180.916417 -104.854939
v 53.405272 181.041697 -84.830823
v 67.496820 140.478778 -54.430471
v 90.010796 143.746154 -38.037325
v 98.332820 144.732493 -54.430471
v 98.332820 144.732493 -54.430471
v 90.010796 143.746154 -38.037325
v 94.948736 156.994899 -34.441853
v 105.717042 156.994899 -54.430471
v 105.717042 156.994899 -54.430471
v 94.948736 156.994899 -34.441853
v 90.080170 169.226204 -37.986812
v 100.058527 166.926019 -54.430471
v 67.496820 173.511019 -54.430471
v 100.058527 166.926019 -54.430471
v 90.080170 169.226204 -37.986812
v 67.496820 140.478778 -54.430471
v 67.496820 143.652487 -35.218112
v 90.010796 143.746154 -38.037325
v 90.010796 143.746154 -38.037325
v 67.496820 143.652487 -35.218112
v 67.496820 156.994899 -24.264809
v 94.948736 156.994899 -34.441853
v 94.948736 156.994899 -34.441853
v 67.496820 156.994899 -24.264809
v 67.496820 170.354127 -32.568686
v 90.080170 169.226204 -37.986812
v 67.496820 173.511019 -54.430471
v 90.080170 169.226204 -37.986812
v 67.496820 170.354127 -32.568686
v 67.496820 140.478778 -54.430471
v 47.298479 144.946547 -39.723413
v 67.496820 143.652487 -35.218112
v 67.496820 143.652487 -35.218112
v 47.298479 144.946547 -39.723413
v 40.841352 156.994899 -35.021773
v 67.496820 156.994899 -24.264809
v 67.496820 156.994899 -24.264809
v 40.841352 156.994899 -35.021773
v 47.417745 170.082454 -39.810255
v 67.496820 170.354127 -32.568686
v 67.496820 173.511019 -54.430471
v 67.496820 170.354127 -32.568686
v 47.417745 170.082454 -39.810255
v 67.496820 140.478778 -54.430471
v 37.942518 146.368068 -54.430471
v 47.298479 144.946547 -39.723413
v 47.298479 144.946547 -39.723413
v 37.942518 146.368068 -54.430471
v 25.406996 156.994899 -54.430471
v 40.841352 156.994899 -35.021773
v 40.841352 156.994899 -35.021773
v 25.406996 156.994899 -54.430471
v 33.792461 167.559889 -54.430471
v 47.417745 170.082454 -39.810255
v 67.496820 173.511019 -54.430471
v 47.417745 170.082454 -39.810255
v 33.792461 167.559889 -54.430471
v 67.496820 140.478778 -54.430471
v 43.704459 143.631744 -71.754449
v 37.942518 146.368068 -54.430471
v 37.942518 146.368068 -54.430471
v 43.704459 143.631744 -71.754449
v 34.704320 156.994899 -78.307739
v 25.406996 156.994899 -54.430471
v 25.406996 156.994899 -54.430471
v 34.704320 156.994899 -78.307739
v 43.539174 168.763376 -71.874799
v 33.792461 167.559889 -54.430471
v 67.496820 173.511019 -54.430471
v 33.792461 167.559889 -54.430471
v 43.539174 168.763376 -71.874799
v 67.496820 140.478778 -54.430471
v 67.496820 146.826144 -77.428227
v 43.704459 143.631744 -71.754449
v 43.704459 143.631744 -71.754449
v 67.496820 146.826144 -77.428227
v 67.496820 156.994899 -87.148018
v 34.704320 156.994899 -78.307739
v 34.704320 156.994899 -78.307739
v 67.496820 156.994899 -87.148018
v 67.496820 169.881521 -79.722654
v 43.539174 168.763376 -71.874799
v 67.496820 173.511019 -54.430471
v 43.539174 168.763376 -71.874799
v 67.496820 169.881521 -79.722654
v 67.496820 140.478778 -54.430471
v 87.744360 145.422591 -69.173352
v 67.496820 146.826144 -77.428227
v 67.496820 146.826144 -77.428227
v 87.744360 145.422591 -69.173352
v 93.469913 156.994899 -73.342311
v 67.496820 156.994899 -87.148018
v 67.496820 156.994899 -87.148018
v 93.469913 156.994899 -73.342311
v 85.823094 168.700728 -67.774417
v 67.496820 169.881521 -79.722654
v 67.496820 173.511019 -54.430471
v 67.496820 169.881521 -79.722654
v 85.823094 168.700728 -67.774417
v 67.496820 140.478778 -54.430471
v 98.332820 144.732493 -54.430471
v 87.744360 145.422591 -69.173352
v 87.744360 145.422591 -69.173352
v 98.332820 144.732493 -54.430471
v 105.717042 156.994899 -54.430471
v 93.469913 156.994899 -73.342311
v 93.469913 156.994899 -73.342311
v 105.717042 156.994899 -54.430471
v 100.058527 166.926019 -54.430471
v 85.823094 168.700728 -67.774417
v 67.496820 173.511019 -54.430471
v 85.823094 168.700728 -67.774417
v 100.058527 166.926019 -54.430471
v 55.733929 135.848142 -29.187397
v 85.651560 141.813199 -4.919862
v 94.753317 141.587357 -29.187397
v 94.753317 141.587357 -29.187397
v 85.651560 141.813199 -4.919862
v 94.243342 155.813278 2.049319
v 104.171766 155.813278 -29.187397
v 104.171766 155.813278 -29.187397
v 94.243342 155.813278 2.049319
v 83.187072 170.794594 -6.918920
v 91.735217 170.643015 -29.187397
v 55.733929 175.778414 -29.187397
v 91.735217 170.643015 -29.187397
v 83.187072 170.794594 -6.918920
v 55.733929 135.848142 -29.187397
v 55.733929 140.762913 0.959063
v 85.651560 141.813199 -4.919862
v 85.651560 141.813199 -4.919862
v 55.733929 140.762913 0.959063
v 55.733929 155.813278 12.948965
v 94.243342 155.813278 2.049319
v 94.243342 155.813278 2.049319
v 55.733929 155.813278 12.948965
v 55.733929 171.611043 5.645315
v 83.187072 170.794594 -6.918920
v 55.733929 175.778414 -29.187397
v 83.187072 170.794594 -6.918920
v 55.733929 171.611043 5.645315
v 55.733929 135.848142 -29.187397
v 30.362497 142.096023 -8.607488
v 55.733929 140.762913 0.959063
v 55.733929 140.762913 0.959063
v 30.362497 142.096023 -8.607488
v 18.988415 155.813278 0.618541
v 55.733929 155.813278 12.948965
v 55.733929 155.813278 12.948965
v 18.988415 155.813278 0.618541
v 30.753889 171.564213 -8.924964
v 55.733929 171.611043 5.645315
v 55.733929 175.778414 -29.187397
v 55.733929 171.611043 5.645315
v 30.753889 171.564213 -8.924964
v 55.733929 135.848142 -29.187397
v 24.477131 143.133947 -29.187397
v 30.362497 142.096023 -8.607488
v 30.362497 142.096023 -8.607488
v 24.477131 143.133947 -29.187397
v 1.207498 155.813278 -29.187397
v 18.988415 155.813278 0.618541
v 18.988415 155.813278 0.618541
v 1.207498 155.813278 -29.187397
v 18.113089 169.705217 -29.187397
v 30.753889 171.564213 -8.924964
v 55.733929 175.778414 -29.187397
v 30.753889 171.564213 -8.924964
v 18.113089 169.705217 -29.187397
v 55.733929 135.848142 -29.187397
v 33.121690 141.592851 -47.529201
v 24.477131 143.133947 -29.187397
v 24.477131 143.133947 -29.187397
v 33.121690 141.592851 -47.529201
v 18.184674 155.813278 -59.645286
v 1.207498 155.813278 -29.187397
v 1.207498 155.813278 -29.187397
v 18.184674 155.813278 -59.645286
v 31.586511 170.801397 -48.774454
v 18.113089 169.705217 -29.187397
v 55.733929 175.778414 -29.187397
v 18.113089 169.705217 -29.187397
v 31.586511 170.801397 -48.774454
v 55.733929 135.848142 -29.187397
v 55.733929 139.843407 -56.428757
v 33.121690 141.592851 -47.529201
v 33.121690 141.592851 -47.529201
v 55.733929 139.843407 -56.428757
v 55.733929 155.813278 -74.714752
v 18.184674 155.813278 -59.645286
v 18.184674 155.813278 -59.645286
v 55.733929 155.813278 -74.714752
v 55.733929 171.070667 -54.868037
v 31.586511 170.801397 -48.774454
v 55.733929 175.778414 -29.187397
v 31.586511 170.801397 -48.774454
v 55.733929 171.070667 -54.868037
v 55.733929 135.848142 -29.187397
v 80.810367 141.980591 -49.528023
v 55.733929 139.843407 -56.428757
v 55.733929 139.843407 -56.428757
v 80.810367 141.980591 -49.528023
v 91.085997 155.813278 -57.863048
v 55.733929 155.813278 -74.714752
v 55.733929 155.813278 -74.714752
v 91.085997 155.813278 -57.863048
v 78.700625 169.129506 -47.816716
v 55.733929 171.070667 -54.868037
v 55.733929 175.778414 -29.187397
v 55.733929 171.070667 -54.868037
v 78.700625 169.129506 -47.816716
v 55.733929 135.848142 -29.187397
v 94.753317 141.587357 -29.187397
v 80.810367 141.980591 -49.528023
v 80.810367 141.980591 -49.528023
v 94.753317 141.587357 -29.187397
v 104.171766 155.813278 -29.187397
v 91.085997 155.813278 -57.863048
v 91.085997 155.813278 -57.863048
v 104.171766 155.813278 -29.187397
v 91.735217 170.643015 -29.187397
v 78.700625 169.129506 -47.816716
v 55.733929 175.778414 -29.187397
v 78.700625 169.129506 -47.816716
v 91.735217 170.643015 -29.187397
v 0.000000 152.107289 0.000000
v 26.285880 156.588697 21.769539
v 34.593592 158.310940 0.000000
v 34.593592 158.310940 0.000000
v 26.285880 156.588697 21.769539
v 33.382770 171.463420 27.647069
v 48.480948 171.463420 0.000000
v 48.480948 171.463420 0.000000
v 33.382770 171.463420 27.647069
v 22.576974 186.143996 18.697883
v 32.703629 184.840813 0.000000
v 0.000000 190.819550 0.000000
v 32.703629 184.840813 0.000000
v 22.576974 186.143996 18.697883
v 0.000000 152.107289 0.000000
v 0.000000 156.194779 32.633838
v 26.285880 156.588697 21.769539
v 26.285880 156.588697 21.769539
v 0.000000 156.194779 32.633838
v 0.000000 171.463420 39.464246
v 33.382770 171.463420 27.647069
v 33.382770 171.463420 27.647069
v 0.000000 171.463420 39.464246
v 0.000000 183.970002 26.885280
v 22.576974 186.143996 18.697883
v 0.000000 190.819550 0.000000
v 22.576974 186.143996 18.697883
v 0.000000 183.970002 26.885280
v 0.000000 152.107289 0.000000
v -28.851089 159.577081 23.894004
v 0.000000 156.194779 32.633838
v 0.000000 156.194779 32.633838
v -28.851089 159.577081 23.894004
v -36.378604 171.463420 30.128169
v 0.000000 171.463420 39.464246
v 0.000000 171.463420 39.464246
v -36.378604 171.463420 30.128169
v -22.989007 183.508841 19.039123
v 0.000000 183.970002 26.885280
v 0.000000 190.819550 0.000000
v 0.000000 183.970002 26.885280
v -22.989007 183.508841 19.039123
v 0.000000 152.107289 0.000000
v -41.645109 159.423946 0.000000
v -28.851089 159.577081 23.894004
v -28.851089 159.577081 23.894004
v -41.645109 159.423946 0.000000
v -53.930167 171.463420 0.000000
v -36.378604 171.463420 30.128169
v -36.378604 171.463420 30.128169
v -53.930167 171.463420 0.000000
v -30.773112 186.180912 0.000000
v -22.989007 183.508841 19.039123
v 0.000000 190.819550 0.000000
v -22.989007 183.508841 19.039123
v -30.773112 186.180912 0.000000
v 0.000000 152.107289 0.000000
v -29.470998 159.118624 -24.407402
v -41.645109 159.423946 0.000000
v -41.645109 159.423946 0.000000
v -29.470998 159.118624 -24.407402
v -31.572741 171.463420 -26.148032
v -53.930167 171.463420 0.000000
v -53.930167 171.463420 0.000000
v -31.572741 171.463420 -26.148032
v -24.320975 185.580099 -20.142237
v -30.773112 186.180912 0.000000
v 0.000000 190.819550 0.000000
v -30.773112 186.180912 0.000000
v -24.320975 185.580099 -20.142237
v 0.000000 152.107289 0.000000
v -0.000000 157.488499 -29.172548
v -29.470998 159.118624 -24.407402
v -29.470998 159.118624 -24.407402
v -0.000000 157.488499 -29.172548
v -0.000000 171.463420 -45.533447
v -31.572741 171.463420 -26.148032
v -31.572741 171.463420 -26.148032
v -0.000000 171.463420 -45.533447
v -0.000000 185.605531 -34.044803
v -24.320975 185.580099 -20.142237
v 0.000000 190.819550 0.000000
v -24.320975 185.580099 -20.142237
v -0.000000 185.605531 -34.044803
v 0.000000 152.107289 0.000000
v 24.044269 159.827944 -19.913073
v -0.000000 157.488499 -29.172548
v -0.000000 157.488499 -29.172548
v 24.044269 159.827944 -19.913073
v 41.362870 171.463420 -34.256058
v -0.000000 171.463420 -45.533447
v -0.000000 171.463420 -45.533447
v 41.362870 171.463420 -34.256058
v 25.324463 184.386244 -20.973309
v -0.000000 185.605531 -34.044803
v 0.000000 190.819550 0.000000
v -0.000000 185.605531 -34.044803
v 25.324463 184.386244 -20.973309
v 0.000000 152.107289 0.000000
v 34.593592 158.310940 0.000000
v 24.044269 159.827944 -19.913073
v 24.044269 159.827944 -19.913073
v 34.593592 158.310940 0.000000
v 48.480948 171.463420 0.000000
v 41.362870 171.463420 -34.256058
v 41.362870 171.463420 -34.256058
v 48.480948 171.463420 0.000000
v 32.703629 184.840813 0.000000
v 25.324463 184.386244 -20.973309
v 0.000000 190.819550 0.000000
v 25.324463 184.386244 -20.973309
v 32.703629 184.840813 0.000000
v 0.000000 133.834426 0.000000
v 27.703415 141.868617 25.501408
v 36.761364 142.821631 0.000000
v 36.761364 142.821631 0.000000
v 27.703415 141.868617 25.501408
v 39.696817 156.240984 36.541515
v 62.804464 156.240984 0.000000
v 62.804464 156.240984 0.000000
v 39.696817 156.240984 36.541515
v 34.074236 173.977312 31.365845
v 40.101742 171.544397 0.000000
v 0.000000 178.647542 0.000000
v 40.101742 171.544397 0.000000
v 34.074236 173.977312 31.365845
v 0.000000 133.834426 0.000000
v 0.000000 141.067314 42.883932
v 27.703415 141.868617 25.501408
v 27.703415 141.868617 25.501408
v 0.000000 141.067314 42.883932
v 0.000000 156.240984 48.516455
v 39.696817 156.240984 36.541515
v 39.696817 156.240984 36.541515
v 0.000000 156.240984 48.516455
v 0.000000 170.693234 36.235989
v 34.074236 173.977312 31.365845
v 0.000000 178.647542 0.000000
v 34.074236 173.977312 31.365845
v 0.000000 170.693234 36.235989
v 0.000000 133.834426 0.000000
v -32.206846 142.683539 29.646884
v 0.000000 141.067314 42.883932
v 0.000000 141.067314 42.883932
v -32.206846 142.683539 29.646884
v -48.327581 156.240984 44.486262
v 0.000000 156.240984 48.516455
v 0.000000 156.240984 48.516455
v -48.327581 156.240984 44.486262
v -34.020274 170.549920 31.316171
v 0.000000 170.693234 36.235989
v 0.000000 178.647542 0.000000
v 0.000000 170.693234 36.235989
v -34.020274 170.549920 31.316171
v 0.000000 133.834426 0.000000
v -37.873717 140.353612 0.000000
v -32.206846 142.683539 29.646884
v -32.206846 142.683539 29.646884
v -37.873717 140.353612 0.000000
v -63.757940 156.240984 0.000000
v -48.327581 156.240984 44.486262
v -48.327581 156.240984 44.486262
v -63.757940 156.240984 0.000000
v -35.898019 172.715274 0.000000
v -34.020274 170.549920 31.316171
v 0.000000 178.647542 0.000000
v -34.020274 170.549920 31.316171
v -35.898019 172.715274 0.000000
v 0.000000 133.834426 0.000000
v -33.778668 139.121940 -31.093769
v -37.873717 140.353612 0.000000
v -37.873717 140.353612 0.000000
v -33.778668 139.121940 -31.093769
v -36.985934 156.240984 -34.046106
v -63.757940 156.240984 0.000000
v -63.757940 156.240984 0.000000
v -36.985934 156.240984 -34.046106
v -29.245324 171.955259 -26.920759
v -35.898019 172.715274 0.000000
v 0.000000 178.647542 0.000000
v -35.898019 172.715274 0.000000
v -29.245324 171.955259 -26.920759
v 0.000000 133.834426 0.000000
v -0.000000 139.070213 -39.337691
v -33.778668 139.121940 -31.093769
v -33.778668 139.121940 -31.093769
v -0.000000 139.070213 -39.337691
v -0.000000 156.240984 -58.107072
v -36.985934 156.240984 -34.046106
v -36.985934 156.240984 -34.046106
v -0.000000 156.240984 -58.107072
v -0.000000 173.767411 -43.621606
v -29.245324 171.955259 -26.920759
v 0.000000 178.647542 0.000000
v -29.245324 171.955259 -26.920759
v -0.000000 173.767411 -43.621606
v 0.000000 133.834426 0.000000
v 25.516038 142.544162 -23.487895
v -0.000000 139.070213 -39.337691
v -0.000000 139.070213 -39.337691
v 25.516038 142.544162 -23.487895
v 40.816843 156.240984 -37.572515
v -0.000000 156.240984 -58.107072
v -0.000000 156.240984 -58.107072
v 40.816843 156.240984 -37.572515
v 24.829217 173.517652 -22.855666
v -0.000000 173.767411 -43.621606
v 0.000000 178.647542 0.000000
v -0.000000 173.767411 -43.621606
v 24.829217 173.517652 -22.855666
v 0.000000 133.834426 0.000000
v 36.761364 142.821631 0.000000
v 25.516038 142.544162 -23.487895
v 25.516038 142.544162 -23.487895
v 36.761364 142.821631 0.000000
v 62.804464 156.240984 0.000000
v 40.816843 156.240984 -37.572515
v 40.816843 156.240984 -37.572515
v 62.804464 156.240984 0.000000
v 40.101742 171.544397 0.000000
v 24.829217 173.517652 -22.855666
v 0.000000 178.647542 0.000000
v 24.829217 173.517652 -22.855666
v 40.101742 171.544397 0.000000
vt 0.000000 0.000000
vt 1.000000 0.000000
vt 1.000000 1.000000
vt 0.000000 1.000000
vt 0.500000 1.000000
vt 0.000000 0.000000
vt 1.000000 0.000000
vt 0.000000 0.000000
vt 1.000000 0.000000
vt 1.000000 1.000000
vt 0.000000 1.000000
vt 0.500000 1.000000
vt 0.000000 0.000000
vt 1.000000 0.000000
vt 0.000000 0.000000
vt 1.000000 0.000000
vt 1.000000 1.000000
vt 0.000000 1.000000
vt 0.500000 1.000000
vt 0.000000 0.000000
vt 1.000000 0.000000
vt 0.000000 0.000000
vt 1.000000 0.000000
vt 1.000000 1.000000
vt 0.000000 1.000000
vt 0.500000 1.000000
vt 0.000000 0.000000
vt 1.000000 0.000000
vt 0.000000 0.000000
vt 1.000000 0.000000
vt 1.000000 1.000000
vt 0.000000 1.000000
vt 0.500000 1.000000
vt 0.000000 0.000000
vt 1.000000 0.000000
vt 0.000000 0.000000
vt 1.000000 0.000000
vt 1.000000 1.000000
vt 0.000000 1.000000
vt 0.500000 1.000000
vt 0.000000 0.000000
vt 1.000000 0.000000
vt 0.000000 0.000000
vt 1.000000 0.000000
vt 1.000000 1.000000
vt 0.000000 1.000000
vt 0.500000 1.000000
vt 0.000000 0.000000
vt 1.000000 0.000000
vt 0.000000 0.000000
vt 1.000000 0.000000
vt 1.000000 1.000000
vt 0.000000 1.000000
vt 0.500000 1.000000
vt 0.000000 0.000000
vt 1.000000 0.000000
vt 0.000000 0.000000
vt 1.000000 0.000000
vt 1.000000 1.000000
vt 0.000000 1.000000
vt 0.500000 1.000000
vt 0.000000 0.000000
vt 1.000000 0.000000
vt 0.000000 0.000000
vt 1.000000 0.000000
vt 1.000000 1.000000
vt 0.000000 1.000000
vt 0.000000 0.000000
vt 1.000000 0.000000
vt 1.000000 1.000000
vt 0.000000 1.000000
vt 0.000000 0.000000
vt 1.000000 0.000000
vt 1.000000 1.000000
vt 0.000000 1.000000
vt 0.000000 0.000000
vt 1.000000 0.000000
vt 1.000000 1.000000
vt 0.000000 1.000000
vt 0.000000 0.000000
vt 1.000000 0.000000
vt 1.000000 1.000000
vt 0.000000 1.000000
vt 0.000000 0.000000
vt 1.000000 0.000000
vt 1.000000 1.000000
vt 0.000000 1.000000
vt 0.000000 0.000000
vt 1.000000 0.000000
vt 1.000000 1.000000
vt 0.000000 1.000000
vt 0.000000 0.000000
vt 1.000000 0.000000
vt 1.000000 1.000000
vt 0.000000 1.000000
vt 0.000000 0.000000
vt 1.000000 0.000000
vt 1.000000 1.000000
vt 0.000000 1.000000
vt 0.000000 0.000000
vt 1.000000 0.000000
vt 1.000000 1.000000
vt 0.000000 1.000000
vt 0.500000 1.000000
vt 0.000000 0.000000
vt 1.000000 0.000000
vt 0.000000 0.000000
vt 1.000000 0.000000
vt 1.000000 1.000000
vt 0.000000 1.000000
vt 0.500000 1.000000
vt 0.000000 0.000000
vt 1.000000 0.000000
vt 0.000000 0.000000
vt 1.000000 0.000000
vt 1.000000 1.000000
vt 0.000000 1.000000
vt 0.500000 1.000000
vt 0.000000 0.000000
vt 1.000000 0.000000
vt 0.000000 0.000000
vt 1.000000 0.000000
vt 1.000000 1.000000
vt 0.000000 1.000000
vt 0.500000 1.000000
vt 0.000000 0.000000
vt 1.000000 0.000000
vt 0.000000 0.000000
vt 1.000000 0.000000
vt 1.000000 1.000000
vt 0.000000 1.000000
vt 0.500000 1.000000
vt 0.000000 0.000000
vt 1.000000 0.000000
vt 0.000000 0.000000
vt 1.000000 0.000000
vt 1.000000 1.000000
vt 0.000000 1.000000
vt 0.500000 1.000000
vt 0.000000 0.000000
vt 1.000000 0.000000
vt 0.000000 0.000000
vt 1.000000 0.000000
vt 1.000000 1.000000
vt 0.000000 1.000000
vt 0.500000 1.000000
vt 0.000000 0.000000
vt 1.000000 0.000000
vt 0.000000 0.000000
vt 1.000000 0.000000
vt 1.000000 1.000000
vt 0.000000 1.000000
vt 0.500000 1.000000
vt 0.000000 0.000000
vt 1.000000 0.000000
vt 0.000000 0.000000
vt 1.000000 0.000000
vt 1.000000 1.000000
vt 0.000000 1.000000
vt 0.500000 1.000000
vt 0.000000 0.000000
vt 1.000000 0.000000
vt 0.000000 0.000000
vt 1.000000 0.000000
vt 1.000000 1.000000
vt 0.000000 1.000000
vt 0.500000 1.000000
vt 0.000000 0.000000
vt 1.000000 0.000000
vt 0.500000 1.000000
vt 0.000000 0.000000
vt 1.000000 0.000000
vt 0.000000 0.000000
vt 1.000000 0.000000
vt 1.000000 1.000000
vt 0.000000 1.000000
vt 0.500000 1.000000
vt 0.000000 0.000000
vt 1.000000 0.000000
vt 0.500000 1.000000
vt 0.000000 0.000000
vt 1.000000 0.000000
vt 0.000000 0.000000
vt 1.000000 0.000000
vt 1.000000 1.000000
vt 0.000000 1.000000
vt 0.500000 1.000000
vt 0.000000 0.000000
vt 1.000000 0.000000
vt 0.500000 1.000000
vt 0.000000 0.000000
vt 1.000000 0.000000
vt 0.000000 0.000000
vt 1.000000 0.000000
vt 1.000000 1.000000
vt 0.000000 1.000000
vt 0.500000 1.000000
vt 0.000000 0.000000
vt 1.000000 0.000000
vt 0.500000 1.000000
vt 0.000000 0.000000
vt 1.000000 0.000000
vt 0.000000 0.000000
vt 1.000000 0.000000
vt 1.000000 1.000000
vt 0.000000 1.000000
vt 0.500000 1.000000
vt 0.000000 0.000000
vt 1.000000 0.000000
vt 0.500000 1.000000
vt 0.000000 0.000000
vt 1.000000 0.000000
vt 0.000000 0.000000
vt 1.000000 0.000000
vt 1.000000 1.000000
vt 0.000000 1.000000
vt 0.500000 1.000000
vt 0.000000 0.000000
vt 1.000000 0.000000
vt 0.500000 1.000000
vt 0.000000 0.000000
vt 1.000000 0.000000
vt 0.000000 0.000000
vt 1.000000 0.000000
vt 1.000000 1.000000
vt 0.000000 1.000000
vt 0.500000 1.000000
vt 0.000000 0.000000
vt 1.000000 0.000000
vt 0.500000 1.000000
vt 0.000000 0.000000
vt 1.000000 0.000000
vt 0.000000 0.000000
vt 1.000000 0.000000
vt 1.000000 1.000000
vt 0.000000 1.000000
vt 0.500000 1.000000
vt 0.000000 0.000000
vt 1.000000 0.000000
vt 0.500000 1.000000
vt 0.000000 0.000000
vt 1.000000 0.000000
vt 0.000000 0.000000
vt 1.000000 0.000000
vt 1.000000 1.000000
vt 0.000000 1.000000
vt 0.500000 1.000000
vt 0.000000 0.000000
vt 1.000000 0.000000
vt 0.500000 1.000000
vt 0.000000 0.000000
vt 1.000000 0.000000
vt 0.000000 0.000000
vt 1.000000 0.000000
vt 1.000000 1.000000
vt 0.000000 1.000000
vt 0.500000 1.000000
vt 0.000000 0.000000
vt 1.000000 0.000000
vt 0.500000 1.000000
vt 0.000000 0.000000
vt 1.000000 0.000000
vt 0.000000 0.000000
vt 1.000000 0.000000
vt 1.000000 1.000000
vt 0.000000 1.000000
vt 0.500000 1.000000
vt 0.000000 0.000000
vt 1.000000 0.000000
vt 0.500000 1.000000
vt 0.000000 0.000000
vt 1.000000 0.000000
vt 0.000000 0.000000
vt 1.000000 0.000000
vt 1.000000 1.000000
vt 0.000000 1.000000
vt 0.500000 1.000000
vt 0.000000 0.000000
vt 1.000000 0.000000
vt 0.500000 1.000000
vt 0.000000 0.000000
vt 1.000000 0.000000
vt 0.000000 0.000000
vt 1.000000 0.000000
vt 1.000000 1.000000
vt 0.000000 1.000000
vt 0.500000 1.000000
vt 0.000000 0.000000
vt 1.000000 0.000000
vt 0.500000 1.000000
vt 0.000000 0.000000
vt 1.000000 0.000000
vt 0.000000 0.000000
vt 1.000000 0.000000
vt 1.000000 1.000000
vt 0.000000 1.000000
vt 0.500000 1.000000
vt 0.000000 0.000000
vt 1.000000 0.000000
vt 0.500000 1.000000
vt 0.000000 0.000000
vt 1.000000 0.000000
vt 0.000000 0.000000
vt 1.000000 0.000000
vt 1.000000 1.000000
vt 0.000000 1.000000
vt 0.500000 1.000000
vt 0.000000 0.000000
vt 1.000000 0.000000
vt 0.500000 1.000000
vt 0.000000 0.000000
vt 1.000000 0.000000
vt 0.000000 0.000000
vt 1.000000 0.000000
vt 1.000000 1.000000
vt 0.000000 1.000000
vt 0.500000 1.000000
vt 0.000000 0.000000
vt 1.000000 0.000000
vt 0.500000 1.000000
vt 0.000000 0.000000
vt 1.000000 0.000000
vt 0.000000 0.000000
vt 1.000000 0.000000
vt 1.000000 1.000000
vt 0.000000 1.000000
vt 0.500000 1.000000
vt 0.000000 0.000000
vt 1.000000 0.000000
vt 0.500000 1.000000
vt 0.000000 0.000000
vt 1.000000 0.000000
vt 0.000000 0.000000
vt 1.000000 0.000000
vt 1.000000 1.000000
vt 0.000000 1.000000
vt 0.500000 1.000000
vt 0.000000 0.000000
vt 1.000000 0.000000
vt 0.500000 1.000000
vt 0.000000 0.000000
vt 1.000000 0.000000
vt 0.000000 0.000000
vt 1.000000 0.000000
vt 1.000000 1.000000
vt 0.000000 1.000000
vt 0.500000 1.000000
vt 0.000000 0.000000
vt 1.000000 0.000000
vt 0.500000 1.000000
vt 0.000000 0.000000
vt 1.000000 0.000000
vt 0.000000 0.000000
vt 1.000000 0.000000
vt 1.000000 1.000000
vt 0.000000 1.000000
vt 0.500000 1.000000
vt 0.000000 0.000000
vt 1.000000 0.000000
vt 0.500000 1.000000
vt 0.000000 0.000000
vt 1.000000 0.000000
vt 0.000000 0.000000
vt 1.000000 0.000000
vt 1.000000 1.000000
vt 0.000000 1.000000
vt 0.500000 1.000000
vt 0.000000 0.000000
vt 1.000000 0.000000
vt 0.500000 1.000000
vt 0.000000 0.000000
vt 1.000000 0.000000
vt 0.000000 0.000000
vt 1.000000 0.000000
vt 1.000000 1.000000
vt 0.000000 1.000000
vt 0.500000 1.000000
vt 0.000000 0.000000
vt 1.000000 0.000000
vt 0.500000 1.000000
vt 0.000000 0.000000
vt 1.000000 0.000000
vt 0.000000 0.000000
vt 1.000000 0.000000
vt 1.000000 1.000000
vt 0.000000 1.000000
vt 0.500000 1.000000
vt 0.000000 0.000000
vt 1.000000 0.000000
vt 0.500000 1.000000
vt 0.000000 0.000000
vt 1.000000 0.000000
vt 0.000000 0.000000
vt 1.000000 0.000000
vt 1.000000 1.000000
vt 0.000000 1.000000
vt 0.500000 1.000000
vt 0.000000 0.000000
vt 1.000000 0.000000
vt 0.500000 1.000000
vt 0.000000 0.000000
vt 1.000000 0.000000
vt 0.000000 0.000000
vt 1.000000 0.000000
vt 1.000000 1.000000
vt 0.000000 1.000000
vt 0.500000 1.000000
vt 0.000000 0.000000
vt 1.000000 0.000000
vt 0.500000 1.000000
vt 0.000000 0.000000
vt 1.000000 0.000000
vt 0.000000 0.000000
vt 1.000000 0.000000
vt 1.000000 1.000000
vt 0.000000 1.000000
vt 0.500000 1.000000
vt 0.000000 0.000000
vt 1.000000 0.000000
vt 0.500000 1.000000
vt 0.000000 0.000000
vt 1.000000 0.000000
vt 0.000000 0.000000
vt 1.000000 0.000000
vt 1.000000 1.000000
vt 0.000000 1.000000
vt 0.500000 1.000000
vt 0.000000 0.000000
vt 1.000000 0.000000
vt 0.500000 1.000000
vt 0.000000 0.000000
vt 1.000000 0.000000
vt 0.000000 0.000000
vt 1.000000 0.000000
vt 1.000000 1.000000
vt 0.000000 1.000000
vt 0.500000 1.000000
vt 0.000000 0.000000
vt 1.000000 0.000000
vt 0.500000 1.000000
vt 0.000000 0.000000
vt 1.000000 0.000000
vt 0.000000 0.000000
vt 1.000000 0.000000
vt 1.000000 1.000000
vt 0.000000 1.000000
vt 0.500000 1.000000
vt 0.000000 0.000000
vt 1.000000 0.000000
vt 0.500000 1.000000
vt 0.000000 0.000000
vt 1.000000 0.000000
vt 0.000000 0.000000
vt 1.000000 0.000000
vt 1.000000 1.000000
vt 0.000000 1.000000
vt 0.500000 1.000000
vt 0.000000 0.000000
vt 1.000000 0.000000
vt 0.500000 1.000000
vt 0.000000 0.000000
vt 1.000000 0.000000
vt 0.000000 0.000000
vt 1.000000 0.000000
vt 1.000000 1.000000
vt 0.000000 1.000000
vt 0.500000 1.000000
vt 0.000000 0.000000
vt 1.000000 0.000000
vt 0.500000 1.000000
vt 0.000000 0.000000
vt 1.000000 0.000000
vt 0.000000 0.000000
vt 1.000000 0.000000
vt 1.000000 1.000000
vt 0.000000 1.000000
vt 0.500000 1.000000
vt 0.000000 0.000000
vt 1.000000 0.000000
vt 0.500000 1.000000
vt 0.000000 0.000000
vt 1.000000 0.000000
vt 0.000000 0.000000
vt 1.000000 0.000000
vt 1.000000 1.000000
vt 0.000000 1.000000
vt 0.500000 1.000000
vt 0.000000 0.000000
vt 1.000000 0.000000
vt 0.500000 1.000000
vt 0.000000 0.000000
vt 1.000000 0.000000
vt 0.000000 0.000000
vt 1.000000 0.000000
vt 1.000000 1.000000
vt 0.000000 1.000000
vt 0.500000 1.000000
vt 0.000000 0.000000
vt 1.000000 0.000000
vt 0.500000 1.000000
vt 0.000000 0.000000
vt 1.000000 0.000000
vt 0.000000 0.000000
vt 1.000000 0.000000
vt 1.000000 1.000000
vt 0.000000 1.000000
vt 0.500000 1.000000
vt 0.000000 0.000000
vt 1.000000 0.000000
vt 0.500000 1.000000
vt 0.000000 0.000000
vt 1.000000 0.000000
vt 0.000000 0.000000
vt 1.000000 0.000000
vt 1.000000 1.000000
vt 0.000000 1.000000
vt 0.500000 1.000000
vt 0.000000 0.000000
vt 1.000000 0.000000
vt 0.500000 1.000000
vt 0.000000 0.000000
vt 1.000000 0.000000
vt 0.000000 0.000000
vt 1.000000 0.000000
vt 1.000000 1.000000
vt 0.000000 1.000000
vt 0.500000 1.000000
vt 0.000000 0.000000
vt 1.000000 0.000000
vt 0.500000 1.000000
vt 0.000000 0.000000
vt 1.000000 0.000000
vt 0.000000 0.000000
vt 1.000000 0.000000
vt 1.000000 1.000000
vt 0.000000 1.000000
vt 0.500000 1.000000
vt 0.000000 0.000000
vt 1.000000 0.000000
vt 0.500000 1.000000
vt 0.000000 0.000000
vt 1.000000 0.000000
vt 0.000000 0.000000
vt 1.000000 0.000000
vt 1.000000 1.000000
vt 0.000000 1.000000
vt 0.500000 1.000000
vt 0.000000 0.000000
vt 1.000000 0.000000
vt 0.500000 1.000000
vt 0.000000 0.000000
vt 1.000000 0.000000
vt 0.000000 0.000000
vt 1.000000 0.000000
vt 1.000000 1.000000
vt 0.000000 1.000000
vt 0.500000 1.000000
vt 0.000000 0.000000
vt 1.000000 0.000000
vt 0.500000 1.000000
vt 0.000000 0.000000
vt 1.000000 0.000000
vt 0.000000 0.000000
vt 1.000000 0.000000
vt 1.000000 1.000000
vt 0.000000 1.000000
vt 0.500000 1.000000
vt 0.000000 0.000000
vt 1.000000 0.000000
vt 0.500000 1.000000
vt 0.000000 0.000000
vt 1.000000 0.000000
vt 0.000000 0.000000
vt 1.000000 0.000000
vt 1.000000 1.000000
vt 0.000000 1.000000
vt 0.500000 1.000000
vt 0.000000 0.000000
vt 1.000000 0.000000
vt 0.500000 1.000000
vt 0.000000 0.000000
vt 1.000000 0.000000
vt 0.000000 0.000000
vt 1.000000 0.000000
vt 1.000000 1.000000
vt 0.000000 1.000000
vt 0.500000 1.000000
vt 0.000000 0.000000
vt 1.000000 0.000000
vt 0.500000 1.000000
vt 0.000000 0.000000
vt 1.000000 0.000000
vt 0.000000 0.000000
vt 1.000000 0.000000
vt 1.000000 1.000000
vt 0.000000 1.000000
vt 0.500000 1.000000
vt 0.000000 0.000000
vt 1.000000 0.000000
vt 0.500000 1.000000
vt 0.000000 0.000000
vt 1.000000 0.000000
vt 0.000000 0.000000
vt 1.000000 0.000000
vt 1.000000 1.000000
vt 0.000000 1.000000
vt 0.500000 1.000000
vt 0.000000 0.000000
vt 1.000000 0.000000
vt 0.500000 1.000000
vt 0.000000 0.000000
vt 1.000000 0.000000
vt 0.000000 0.000000
vt 1.000000 0.000000
vt 1.000000 1.000000
vt 0.000000 1.000000
vt 0.500000 1.000000
vt 0.000000 0.000000
vt 1.000000 0.000000
vt 0.500000 1.000000
vt 0.000000 0.000000
vt 1.000000 0.000000
vt 0.000000 0.000000
vt 1.000000 0.000000
vt 1.000000 1.000000
vt 0.000000 1.000000
vt 0.500000 1.000000
vt 0.000000 0.000000
vt 1.000000 0.000000
vt 0.500000 1.000000
vt 0.000000 0.000000
vt 1.000000 0.000000
vt 0.000000 0.000000
vt 1.000000 0.000000
vt 1.000000 1.000000
vt 0.000000 1.000000
vt 0.500000 1.000000
vt 0.000000 0.000000
vt 1.000000 0.000000
vt 0.500000 1.000000
vt 0.000000 0.000000
vt 1.000000 0.000000
vt 0.000000 0.000000
vt 1.000000 0.000000
vt 1.000000 1.000000
vt 0.000000 1.000000
vt 0.500000 1.000000
vt 0.000000 0.000000
vt 1.000000 0.000000
vt 0.000000 0.000000
vt 1.000000 0.000000
vt 1.000000 1.000000
vt 0.000000 1.000000
vt 0.500000 1.000000
vt 0.000000 0.000000
vt 1.000000 0.000000
vt 0.000000 0.000000
vt 1.000000 0.000000
vt 1.000000 1.000000
vt 0.000000 1.000000
vt 0.500000 1.000000
vt 0.000000 0.000000
vt 1.000000 0.000000
vt 0.000000 0.000000
vt 1.000000 0.000000
vt 1.000000 1.000000
vt 0.000000 1.000000
vt 0.500000 1.000000
vt 0.000000 0.000000
vt 1.000000 0.000000
vt 0.000000 0.000000
vt 1.000000 0.000000
vt 1.000000 1.000000
vt 0.000000 1.000000
vt 0.500000 1.000000
vt 0.000000 0.000000
vt 1.000000 0.000000
vt 0.000000 0.000000
vt 1.000000 0.000000
vt 1.000000 1.000000
vt 0.000000 1.000000
vt 0.500000 1.000000
vt 0.000000 0.000000
vt 1.000000 0.000000
vt 0.000000 0.000000
vt 1.000000 0.000000
vt 1.000000 1.000000
vt 0.000000 1.000000
vt 0.500000 1.000000
vt 0.000000 0.000000
vt 1.000000 0.000000
vt 0.000000 0.000000
vt 1.000000 0.000000
vt 1.000000 1.000000
vt 0.000000 1.000000
vt 0.500000 1.000000
vt 0.000000 0.000000
vt 1.000000 0.000000
vt 0.000000 0.000000
vt 1.000000 0.000000
vt 1.000000 1.000000
vt 0.000000 1.000000
vt 0.500000 1.000000
vt 0.000000 0.000000
vt 1.000000 0.000000
vt 0.000000 0.000000
vt 1.000000 0.000000
vt 1.000000 1.000000
vt 0.000000 1.000000
vt 0.500000 1.000000
vt 0.000000 0.000000
vt 1.000000 0.000000
vt 0.000000 0.000000
vt 1.000000 0.000000
vt 1.000000 1.000000
vt 0.000000 1.000000
vt 0.500000 1.000000
vt 0.000000 0.000000
vt 1.000000 0.000000
vt 0.000000 0.000000
vt 1.000000 0.000000
vt 1.000000 1.000000
vt 0.000000 1.000000
vt 0.500000 1.000000
vt 0.000000 0.000000
vt 1.000000 0.000000
vt 0.000000 0.000000
vt 1.000000 0.000000
vt 1.000000 1.000000
vt 0.000000 1.000000
vt 0.500000 1.000000
vt 0.000000 0.000000
vt 1.000000 0.000000
vt 0.000000 0.000000
vt 1.000000 0.000000
vt 1.000000 1.000000
vt 0.000000 1.000000
vt 0.500000 1.000000
vt 0.000000 0.000000
vt 1.000000 0.000000
vt 0.000000 0.000000
vt 1.000000 0.000000
vt 1.000000 1.000000
vt 0.000000 1.000000
vt 0.500000 1.000000
vt 0.000000 0.000000
vt 1.000000 0.000000
vt 0.000000 0.000000
vt 1.000000 0.000000
vt 1.000000 1.000000
vt 0.000000 1.000000
vt 0.500000 1.000000
vt 0.000000 0.000000
vt 1.000000 0.000000
vt 0.000000 0.000000
vt 1.000000 0.000000
vt 1.000000 1.000000
vt 0.000000 1.000000
vt 0.500000 1.000000
vt 0.000000 0.000000
vt 1.000000 0.000000
vt 0.000000 0.000000
vt 1.000000 0.000000
vt 1.000000 1.000000
vt 0.000000 1.000000
vt 0.500000 1.000000
vt 0.000000 0.000000
vt 1.000000 0.000000
vt 0.000000 0.000000
vt 1.000000 0.000000
vt 1.000000 1.000000
vt 0.000000 1.000000
vt 0.500000 1.000000
vt 0.000000 0.000000
vt 1.000000 0.000000
vt 0.000000 0.000000
vt 1.000000 0.000000
vt 1.000000 1.000000
vt 0.000000 1.000000
vt 0.500000 1.000000
vt 0.000000 0.000000
vt 1.000000 0.000000
vt 0.000000 0.000000
vt 1.000000 0.000000
vt 1.000000 1.000000
vt 0.000000 1.000000
vt 0.500000 1.000000
vt 0.000000 0.000000
vt 1.000000 0.000000
vt 0.000000 0.000000
vt 1.000000 0.000000
vt 1.000000 1.000000
vt 0.000000 1.000000
vt 0.500000 1.000000
vt 0.000000 0.000000
vt 1.000000 0.000000
vt 0.000000 0.000000
vt 1.000000 0.000000
vt 1.000000 1.000000
vt 0.000000 1.000000
vt 0.500000 1.000000
vt 0.000000 0.000000
vt 1.000000 0.000000
vt 0.000000 0.000000
vt 1.000000 0.000000
vt 1.000000 1.000000
vt 0.000000 1.000000
vt 0.500000 1.000000
vt 0.000000 0.000000
vt 1.000000 0.000000
vt 0.000000 0.000000
vt 1.000000 0.000000
vt 1.000000 1.000000
vt 0.000000 1.000000
vt 0.500000 1.000000
vt 0.000000 0.000000
vt 1.000000 0.000000
vt 0.000000 0.000000
vt 1.000000 0.000000
vt 1.000000 1.000000
vt 0.000000 1.000000
vt 0.500000 1.000000
vt 0.000000 0.000000
vt 1.000000 0.000000
vt 0.000000 0.000000
vt 1.000000 0.000000
vt 1.000000 1.000000
vt 0.000000 1.000000
vt 0.500000 1.000000
vt 0.000000 0.000000
vt 1.000000 0.000000
vt 0.000000 0.000000
vt 1.000000 0.000000
vt 1.000000 1.000000
vt 0.000000 1.000000
vt 0.500000 1.000000
vt 0.000000 0.000000
vt 1.000000 0.000000
vt 0.000000 0.000000
vt 1.000000 0.000000
vt 1.000000 1.000000
vt 0.000000 1.000000
vt 0.500000 1.000000
vt 0.000000 0.000000
vt 1.000000 0.000000
vt 0.000000 0.000000
vt 1.000000 0.000000
vt 1.000000 1.000000
vt 0.000000 1.000000
vt 0.500000 1.000000
vt 0.000000 0.000000
vt 1.000000 0.000000
vt 0.000000 0.000000
vt 1.000000 0.000000
vt 1.000000 1.000000
vt 0.000000 1.000000
vt 0.500000 1.000000
vt 0.000000 0.000000
vt 1.000000 0.000000
vt 0.000000 0.000000
vt 1.000000 0.000000
vt 1.000000 1.000000
vt 0.000000 1.000000
vt 0.500000 1.000000
vt 0.000000 0.000000
vt 1.000000 0.000000
vt 0.000000 0.000000
vt 1.000000 0.000000
vt 1.000000 1.000000
vt 0.000000 1.000000
vt 0.500000 1.000000
vt 0.000000 0.000000
vt 1.000000 0.000000
vt 0.000000 0.000000
vt 1.000000 0.000000
vt 1.000000 1.000000
vt 0.000000 1.000000
vt 0.500000 1.000000
vt 0.000000 0.000000
vt 1.000000 0.000000
vt 0.000000 0.000000
vt 1.000000 0.000000
vt 1.000000 1.000000
vt 0.000000 1.000000
vt 0.500000 1.000000
vt 0.000000 0.000000
vt 1.000000 0.000000
vt 0.000000 0.000000
vt 1.000000 0.000000
vt 1.000000 1.000000
vt 0.000000 1.000000
vt 0.500000 1.000000
vt 0.000000 0.000000
vt 1.000000 0.000000
vt 0.000000 0.000000
vt 1.000000 0.000000
vt 1.000000 1.000000
vt 0.000000 1.000000
vt 0.500000 1.000000
vt 0.000000 0.000000
vt 1.000000 0.000000
vt 0.000000 0.000000
vt 1.000000 0.000000
vt 1.000000 1.000000
vt 0.000000 1.000000
vt 0.500000 1.000000
vt 0.000000 0.000000
vt 1.000000 0.000000
vt 0.000000 0.000000
vt 1.000000 0.000000
vt 1.000000 1.000000
vt 0.000000 1.000000
vt 0.500000 1.000000
vt 0.000000 0.000000
vt 1.000000 0.000000
vt 0.000000 0.000000
vt 1.000000 0.000000
vt 1.000000 1.000000
vt 0.000000 1.000000
vt 0.500000 1.000000
vt 0.000000 0.000000
vt 1.000000 0.000000
vt 0.000000 0.000000
vt 1.000000 0.000000
vt 1.000000 1.000000
vt 0.000000 1.000000
vt 0.500000 1.000000
vt 0.000000 0.000000
vt 1.000000 0.000000
vt 0.000000 0.000000
vt 1.000000 0.000000
vt 1.000000 1.000000
vt 0.000000 1.000000
vt 0.500000 1.000000
vt 0.000000 0.000000
vt 1.000000 0.000000
vt 0.000000 0.000000
vt 1.000000 0.000000
vt 1.000000 1.000000
vt 0.000000 1.000000
vt 0.500000 1.000000
vt 0.000000 0.000000
vt 1.000000 0.000000
vt 0.000000 0.000000
vt 1.000000 0.000000
vt 1.000000 1.000000
vt 0.000000 1.000000
vt 0.500000 1.000000
vt 0.000000 0.000000
vt 1.000000 0.000000
vt 0.000000 0.000000
vt 1.000000 0.000000
vt 1.000000 1.000000
vt 0.000000 1.000000
vt 0.500000 1.000000
vt 0.000000 0.000000
vt 1.000000 0.000000
vt 0.000000 0.000000
vt 1.000000 0.000000
vt 1.000000 1.000000
vt 0.000000 1.000000
vt 0.500000 1.000000
vt 0.000000 0.000000
vt 1.000000 0.000000
vt 0.000000 0.000000
vt 1.000000 0.000000
vt 1.000000 1.000000
vt 0.000000 1.000000
vt 0.500000 1.000000
vt 0.000000 0.000000
vt 1.000000 0.000000
vt 0.000000 0.000000
vt 1.000000 0.000000
vt 1.000000 1.000000
vt 0.000000 1.000000
vt 0.500000 1.000000
vt 0.000000 0.000000
vt 1.000000 0.000000
vt 0.000000 0.000000
vt 1.000000 0.000000
vt 1.000000 1.000000
vt 0.000000 1.000000
vt 0.500000 1.000000
vt 0.000000 0.000000
vt 1.000000 0.000000
vt 0.000000 0.000000
vt 1.000000 0.000000
vt 1.000000 1.000000
vt 0.000000 1.000000
vt 0.500000 1.000000
vt 0.000000 0.000000
vt 1.000000 0.000000
vt 0.000000 0.000000
vt 1.000000 0.000000
vt 1.000000 1.000000
vt 0.000000 1.000000
vt 0.500000 1.000000
vt 0.000000 0.000000
vt 1.000000 0.000000
vt 0.000000 0.000000
vt 1.000000 0.000000
vt 1.000000 1.000000
vt 0.000000 1.000000
vt 0.500000 1.000000
vt 0.000000 0.000000
vt 1.000000 0.000000
vt 0.000000 0.000000
vt 1.000000 0.000000
vt 1.000000 1.000000
vt 0.000000 1.000000
vt 0.500000 1.000000
vt 0.000000 0.000000
vt 1.000000 0.000000
vt 0.000000 0.000000
vt 1.000000 0.000000
vt 1.000000 1.000000
vt 0.000000 1.000000
vt 0.500000 1.000000
vt 0.000000 0.000000
vt 1.000000 0.000000
vt 0.000000 0.000000
vt 1.000000 0.000000
vt 1.000000 1.000000
vt 0.000000 1.000000
vt 0.500000 1.000000
vt 0.000000 0.000000
vt 1.000000 0.000000
vt 0.000000 0.000000
vt 1.000000 0.000000
vt 1.000000 1.000000
vt 0.000000 1.000000
vt 0.500000 1.000000
vt 0.000000 0.000000
vt 1.000000 0.000000
vt 0.000000 0.000000
vt 1.000000 0.000000
vt 1.000000 1.000000
vt 0.000000 1.000000
vt 0.500000 1.000000
vt 0.000000 0.000000
vt 1.000000 0.000000
vt 0.000000 0.000000
vt 1.000000 0.000000
vt 1.000000 1.000000
vt 0.000000 1.000000
vt 0.500000 1.000000
vt 0.000000 0.000000
vt 1.000000 0.000000
vt 0.000000 0.000000
vt 1.000000 0.000000
vt 1.000000 1.000000
vt 0.000000 1.000000
vt 0.500000 1.000000
vt 0.000000 0.000000
vt 1.000000 0.000000
vt 0.000000 0.000000
vt 1.000000 0.000000
vt 1.000000 1.000000
vt 0.000000 1.000000
vt 0.500000 1.000000
vt 0.000000 0.000000
vt 1.000000 0.000000
vt 0.000000 0.000000
vt 1.000000 0.000000
vt 1.000000 1.000000
vt 0.000000 1.000000
vt 0.500000 1.000000
vt 0.000000 0.000000
vt 1.000000 0.000000
vt 0.000000 0.000000
vt 1.000000 0.000000
vt 1.000000 1.000000
vt 0.000000 1.000000
vt 0.500000 1.000000
vt 0.000000 0.000000
vt 1.000000 0.000000
vt 0.000000 0.000000
vt 1.000000 0.000000
vt 1.000000 1.000000
vt 0.000000 1.000000
vt 0.500000 1.000000
vt 0.000000 0.000000
vt 1.000000 0.000000
vt 0.000000 0.000000
vt 1.000000 0.000000
vt 1.000000 1.000000
vt 0.000000 1.000000
vt 0.500000 1.000000
vt 0.000000 0.000000
vt 1.000000 0.000000
vt 0.000000 0.000000
vt 1.000000 0.000000
vt 1.000000 1.000000
vt 0.000000 1.000000
vt 0.500000 1.000000
vt 0.000000 0.000000
vt 1.000000 0.000000
vt 0.000000 0.000000
vt 1.000000 0.000000
vt 1.000000 1.000000
vt 0.000000 1.000000
vt 0.500000 1.000000
vt 0.000000 0.000000
vt 1.000000 0.000000
vt 0.000000 0.000000
vt 1.000000 0.000000
vt 1.000000 1.000000
vt 0.000000 1.000000
vt 0.500000 1.000000
vt 0.000000 0.000000
vt 1.000000 0.000000
vt 0.000000 0.000000
vt 1.000000 0.000000
vt 1.000000 1.000000
vt 0.000000 1.000000
vt 0.500000 1.000000
vt 0.000000 0.000000
vt 1.000000 0.000000
vt 0.000000 0.000000
vt 1.000000 0.000000
vt 1.000000 1.000000
vt 0.000000 1.000000
vt 0.500000 1.000000
vt 0.000000 0.000000
vt 1.000000 0.000000
vt 0.000000 0.000000
vt 1.000000 0.000000
vt 1.000000 1.000000
vt 0.000000 1.000000
vt 0.500000 1.000000
vt 0.000000 0.000000
vt 1.000000 0.000000
vt 0.000000 0.000000
vt 1.000000 0.000000
vt 1.000000 1.000000
vt 0.000000 1.000000
vt 0.500000 1.000000
vt 0.000000 0.000000
vt 1.000000 0.000000
vt 0.000000 0.000000
vt 1.000000 0.000000
vt 1.000000 1.000000
vt 0.000000 1.000000
vt 0.500000 1.000000
vt 0.000000 0.000000
vt 1.000000 0.000000
vt 0.000000 0.000000
vt 1.000000 0.000000
vt 1.000000 1.000000
vt 0.000000 1.000000
vt 0.500000 1.000000
vt 0.000000 0.000000
vt 1.000000 0.000000
vt 0.000000 0.000000
vt 1.000000 0.000000
vt 1.000000 1.000000
vt 0.000000 1.000000
vt 0.500000 1.000000
vt 0.000000 0.000000
vt 1.000000 0.000000
vt 0.000000 0.000000
vt 1.000000 0.000000
vt 1.000000 1.000000
vt 0.000000 1.000000
vt 0.500000 1.000000
vt 0.000000 0.000000
vt 1.000000 0.000000
vt 0.000000 0.000000
vt 1.000000 0.000000
vt 1.000000 1.000000
vt 0.000000 1.000000
vt 0.500000 1.000000
vt 0.000000 0.000000
vt 1.000000 0.000000
vt 0.000000 0.000000
vt 1.000000 0.000000
vt 1.000000 1.000000
vt 0.000000 1.000000
vt 0.500000 1.000000
vt 0.000000 0.000000
vt 1.000000 0.000000
vt 0.000000 0.000000
vt 1.000000 0.000000
vt 1.000000 1.000000
vt 0.000000 1.000000
vt 0.500000 1.000000
vt 0.000000 0.000000
vt 1.000000 0.000000
vt 0.000000 0.000000
vt 1.000000 0.000000
vt 1.000000 1.000000
vt 0.000000 1.000000
vt 0.500000 1.000000
vt 0.000000 0.000000
vt 1.000000 0.000000
vt 0.000000 0.000000
vt 1.000000 0.000000
vt 1.000000 1.000000
vt 0.000000 1.000000
vt 0.500000 1.000000
vt 0.000000 0.000000
vt 1.000000 0.000000
vt 0.000000 0.000000
vt 1.000000 0.000000
vt 1.000000 1.000000
vt 0.000000 1.000000
vt 0.500000 1.000000
vt 0.000000 0.000000
vt 1.000000 0.000000
vt 0.000000 0.000000
vt 1.000000 0.000000
vt 1.000000 1.000000
vt 0.000000 1.000000
vt 0.500000 1.000000
vt 0.000000 0.000000
vt 1.000000 0.000000
vt 0.000000 0.000000
vt 1.000000 0.000000
vt 1.000000 1.000000
vt 0.000000 1.000000
vt 0.500000 1.000000
vt 0.000000 0.000000
vt 1.000000 0.000000
vt 0.000000 0.000000
vt 1.000000 0.000000
vt 1.000000 1.000000
vt 0.000000 1.000000
vt 0.500000 1.000000
vt 0.000000 0.000000
vt 1.000000 0.000000
vt 0.000000 0.000000
vt 1.000000 0.000000
vt 1.000000 1.000000
vt 0.000000 1.000000
vt 0.500000 1.000000
vt 0.000000 0.000000
vt 1.000000 0.000000
vt 0.000000 0.000000
vt 1.000000 0.000000
vt 1.000000 1.000000
vt 0.000000 1.000000
vt 0.500000 1.000000
vt 0.000000 0.000000
vt 1.000000 0.000000
vt 0.000000 0.000000
vt 1.000000 0.000000
vt 1.000000 1.000000
vt 0.000000 1.000000
vt 0.500000 1.000000
vt 0.000000 0.000000
vt 1.000000 0.000000
vt 0.000000 0.000000
vt 1.000000 0.000000
vt 1.000000 1.000000
vt 0.000000 1.000000
vt 0.500000 1.000000
vt 0.000000 0.000000
vt 1.000000 0.000000
vt 0.000000 0.000000
vt 1.000000 0.000000
vt 1.000000 1.000000
vt 0.000000 1.000000
vt 0.500000 1.000000
vt 0.000000 0.000000
vt 1.000000 0.000000
vt 0.000000 0.000000
vt 1.000000 0.000000
vt 1.000000 1.000000
vt 0.000000 1.000000
vt 0.500000 1.000000
vt 0.000000 0.000000
vt 1.000000 0.000000
vt 0.000000 0.000000
vt 1.000000 0.000000
vt 1.000000 1.000000
vt 0.000000 1.000000
vt 0.500000 1.000000
vt 0.000000 0.000000
vt 1.000000 0.000000
vt 0.000000 0.000000
vt 1.000000 0.000000
vt 1.000000 1.000000
vt 0.000000 1.000000
vt 0.500000 1.000000
vt 0.000000 0.000000
vt 1.000000 0.000000
vt 0.000000 0.000000
vt 1.000000 0.000000
vt 1.000000 1.000000
vt 0.000000 1.000000
vt 0.500000 1.000000
vt 0.000000 0.000000
vt 1.000000 0.000000
vt 0.000000 0.000000
vt 1.000000 0.000000
vt 1.000000 1.000000
vt 0.000000 1.000000
vt 0.500000 1.000000
vt 0.000000 0.000000
vt 1.000000 0.000000
vt 0.000000 0.000000
vt 1.000000 0.000000
vt 1.000000 1.000000
vt 0.000000 1.000000
vt 0.500000 1.000000
vt 0.000000 0.000000
vt 1.000000 0.000000
vt 0.000000 0.000000
vt 1.000000 0.000000
vt 1.000000 1.000000
vt 0.000000 1.000000
vt 0.500000 1.000000
vt 0.000000 0.000000
vt 1.000000 0.000000
vt 0.000000 0.000000
vt 1.000000 0.000000
vt 1.000000 1.000000
vt 0.000000 1.000000
vt 0.500000 1.000000
vt 0.000000 0.000000
vt 1.000000 0.000000
vt 0.000000 0.000000
vt 1.000000 0.000000
vt 1.000000 1.000000
vt 0.000000 1.000000
vt 0.500000 1.000000
vt 0.000000 0.000000
vt 1.000000 0.000000
vt 0.000000 0.000000
vt 1.000000 0.000000
vt 1.000000 1.000000
vt 0.000000 1.000000
vt 0.500000 1.000000
vt 0.000000 0.000000
vt 1.000000 0.000000
vt 0.000000 0.000000
vt 1.000000 0.000000
vt 1.000000 1.000000
vt 0.000000 1.000000
vt 0.500000 1.000000
vt 0.000000 0.000000
vt 1.000000 0.000000
vt 0.000000 0.000000
vt 1.000000 0.000000
vt 1.000000 1.000000
vt 0.000000 1.000000
vt 0.500000 1.000000
vt 0.000000 0.000000
vt 1.000000 0.000000
vt 0.000000 0.000000
vt 1.000000 0.000000
vt 1.000000 1.000000
vt 0.000000 1.000000
vt 0.500000 1.000000
vt 0.000000 0.000000
vt 1.000000 0.000000
vt 0.000000 0.000000
vt 1.000000 0.000000
vt 1.000000 1.000000
vt 0.000000 1.000000
vt 0.500000 1.000000
vt 0.000000 0.000000
vt 1.000000 0.000000
vt 0.000000 0.000000
vt 1.000000 0.000000
vt 1.000000 1.000000
vt 0.000000 1.000000
vt 0.500000 1.000000
vt 0.000000 0.000000
vt 1.000000 0.000000
vt 0.000000 0.000000
vt 1.000000 0.000000
vt 1.000000 1.000000
vt 0.000000 1.000000
vt 0.500000 1.000000
vt 0.000000 0.000000
vt 1.000000 0.000000
vt 0.000000 0.000000
vt 1.000000 0.000000
vt 1.000000 1.000000
vt 0.000000 1.000000
vt 0.500000 1.000000
vt 0.000000 0.000000
vt 1.000000 0.000000
vt 0.000000 0.000000
vt 1.000000 0.000000
vt 1.000000 1.000000
vt 0.000000 1.000000
vt 0.500000 1.000000
vt 0.000000 0.000000
vt 1.000000 0.000000
vt 0.000000 0.000000
vt 1.000000 0.000000
vt 1.000000 1.000000
vt 0.000000 1.000000
vt 0.500000 1.000000
vt 0.000000 0.000000
vt 1.000000 0.000000
vt 0.000000 0.000000
vt 1.000000 0.000000
vt 1.000000 1.000000
vt 0.000000 1.000000
vt 0.500000 1.000000
vt 0.000000 0.000000
vt 1.000000 0.000000
vt 0.000000 0.000000
vt 1.000000 0.000000
vt 1.000000 1.000000
vt 0.000000 1.000000
vt 0.500000 1.000000
vt 0.000000 0.000000
vt 1.000000 0.000000
vt 0.000000 0.000000
vt 1.000000 0.000000
vt 1.000000 1.000000
vt 0.000000 1.000000
vt 0.500000 1.000000
vt 0.000000 0.000000
vt 1.000000 0.000000
vt 0.000000 0.000000
vt 1.000000 0.000000
vt 1.000000 1.000000
vt 0.000000 1.000000
vt 0.500000 1.000000
vt 0.000000 0.000000
vt 1.000000 0.000000
vt 0.000000 0.000000
vt 1.000000 0.000000
vt 1.000000 1.000000
vt 0.000000 1.000000
vt 0.500000 1.000000
vt 0.000000 0.000000
vt 1.000000 0.000000
vt 0.000000 0.000000
vt 1.000000 0.000000
vt 1.000000 1.000000
vt 0.000000 1.000000
vt 0.500000 1.000000
vt 0.000000 0.000000
vt 1.000000 0.000000
vt 0.000000 0.000000
vt 1.000000 0.000000
vt 1.000000 1.000000
vt 0.000000 1.000000
vt 0.500000 1.000000
vt 0.000000 0.000000
vt 1.000000 0.000000
vt 0.000000 0.000000
vt 1.000000 0.000000
vt 1.000000 1.000000
vt 0.000000 1.000000
vt 0.500000 1.000000
vt 0.000000 0.000000
vt 1.000000 0.000000
vt 0.000000 0.000000
vt 1.000000 0.000000
vt 1.000000 1.000000
vt 0.000000 1.000000
vt 0.500000 1.000000
vt 0.000000 0.000000
vt 1.000000 0.000000
vt 0.000000 0.000000
vt 1.000000 0.000000
vt 1.000000 1.000000
vt 0.000000 1.000000
vt 0.500000 1.000000
vt 0.000000 0.000000
vt 1.000000 0.000000
vt 0.000000 0.000000
vt 1.000000 0.000000
vt 1.000000 1.000000
vt 0.000000 1.000000
vt 0.500000 1.000000
vt 0.000000 0.000000
vt 1.000000 0.000000
vt 0.000000 0.000000
vt 1.000000 0.000000
vt 1.000000 1.000000
vt 0.000000 1.000000
vt 0.500000 1.000000
vt 0.000000 0.000000
vt 1.000000 0.000000
vt 0.000000 0.000000
vt 1.000000 0.000000
vt 1.000000 1.000000
vt 0.000000 1.000000
vt 0.500000 1.000000
vt 0.000000 0.000000
vt 1.000000 0.000000
vt 0.000000 0.000000
vt 1.000000 0.000000
vt 1.000000 1.000000
vt 0.000000 1.000000
vt 0.500000 1.000000
vt 0.000000 0.000000
vt 1.000000 0.000000
vt 0.000000 0.000000
vt 1.000000 0.000000
vt 1.000000 1.000000
vt 0.000000 1.000000
vt 0.500000 1.000000
vt 0.000000 0.000000
vt 1.000000 0.000000
vt 0.000000 0.000000
vt 1.000000 0.000000
vt 1.000000 1.000000
vt 0.000000 1.000000
vt 0.500000 1.000000
vt 0.000000 0.000000
vt 1.000000 0.000000
vt 0.000000 0.000000
vt 1.000000 0.000000
vt 1.000000 1.000000
vt 0.000000 1.000000
vt 0.500000 1.000000
vt 0.000000 0.000000
vt 1.000000 0.000000
vt 0.000000 0.000000
vt 1.000000 0.000000
vt 1.000000 1.000000
vt 0.000000 1.000000
vt 0.500000 1.000000
vt 0.000000 0.000000
vt 1.000000 0.000000
vt 0.000000 0.000000
vt 1.000000 0.000000
vt 1.000000 1.000000
vt 0.000000 1.000000
vt 0.500000 1.000000
vt 0.000000 0.000000
vt 1.000000 0.000000
vt 0.000000 0.000000
vt 1.000000 0.000000
vt 1.000000 1.000000
vt 0.000000 1.000000
vt 0.500000 1.000000
vt 0.000000 0.000000
vt 1.000000 0.000000
vt 0.000000 0.000000
vt 1.000000 0.000000
vt 1.000000 1.000000
vt 0.000000 1.000000
vt 0.500000 1.000000
vt 0.000000 0.000000
vt 1.000000 0.000000
vt 0.000000 0.000000
vt 1.000000 0.000000
vt 1.000000 1.000000
vt 0.000000 1.000000
vt 0.500000 1.000000
vt 0.000000 0.000000
vt 1.000000 0.000000
vt 0.000000 0.000000
vt 1.000000 0.000000
vt 1.000000 1.000000
vt 0.000000 1.000000
vt 0.500000 1.000000
vt 0.000000 0.000000
vt 1.000000 0.000000
vt 0.000000 0.000000
vt 1.000000 0.000000
vt 1.000000 1.000000
vt 0.000000 1.000000
vt 0.500000 1.000000
vt 0.000000 0.000000
vt 1.000000 0.000000
vt 0.000000 0.000000
vt 1.000000 0.000000
vt 1.000000 1.000000
vt 0.000000 1.000000
vt 0.500000 1.000000
vt 0.000000 0.000000
vt 1.000000 0.000000
vt 0.000000 0.000000
vt 1.000000 0.000000
vt 1.000000 1.000000
vt 0.000000 1.000000
vt 0.500000 1.000000
vt 0.000000 0.000000
vt 1.000000 0.000000
vt 0.000000 0.000000
vt 1.000000 0.000000
vt 1.000000 1.000000
vt 0.000000 1.000000
vt 0.500000 1.000000
vt 0.000000 0.000000
vt 1.000000 0.000000
vt 0.000000 0.000000
vt 1.000000 0.000000
vt 1.000000 1.000000
vt 0.000000 1.000000
vt 0.500000 1.000000
vt 0.000000 0.000000
vt 1.000000 0.000000
vt 0.000000 0.000000
vt 1.000000 0.000000
vt 1.000000 1.000000
vt 0.000000 1.000000
vt 0.500000 1.000000
vt 0.000000 0.000000
vt 1.000000 0.000000
vt 0.000000 0.000000
vt 1.000000 0.000000
vt 1.000000 1.000000
vt 0.000000 1.000000
vt 0.500000 1.000000
vt 0.000000 0.000000
vt 1.000000 0.000000
vt 0.000000 0.000000
vt 1.000000 0.000000
vt 1.000000 1.000000
vt 0.000000 1.000000
vt 0.500000 1.000000
vt 0.000000 0.000000
vt 1.000000 0.000000
vt 0.000000 0.000000
vt 1.000000 0.000000
vt 1.000000 1.000000
vt 0.000000 1.000000
vt 0.500000 1.000000
vt 0.000000 0.000000
vt 1.000000 0.000000
vt 0.000000 0.000000
vt 1.000000 0.000000
vt 1.000000 1.000000
vt 0.000000 1.000000
vt 0.500000 1.000000
vt 0.000000 0.000000
vt 1.000000 0.000000
vt 0.000000 0.000000
vt 1.000000 0.000000
vt 1.000000 1.000000
vt 0.000000 1.000000
vt 0.500000 1.000000
vt 0.000000 0.000000
vt 1.000000 0.000000
vt 0.000000 0.000000
vt 1.000000 0.000000
vt 1.000000 1.000000
vt 0.000000 1.000000
vt 0.500000 1.000000
vt 0.000000 0.000000
vt 1.000000 0.000000
vt 0.000000 0.000000
vt 1.000000 0.000000
vt 1.000000 1.000000
vt 0.000000 1.000000
vt 0.500000 1.000000
vt 0.000000 0.000000
vt 1.000000 0.000000
vt 0.000000 0.000000
vt 1.000000 0.000000
vt 1.000000 1.000000
vt 0.000000 1.000000
vt 0.500000 1.000000
vt 0.000000 0.000000
vt 1.000000 0.000000
vt 0.000000 0.000000
vt 1.000000 0.000000
vt 1.000000 1.000000
vt 0.000000 1.000000
vt 0.500000 1.000000
vt 0.000000 0.000000
vt 1.000000 0.000000
vt 0.000000 0.000000
vt 1.000000 0.000000
vt 1.000000 1.000000
vt 0.000000 1.000000
vt 0.500000 1.000000
vt 0.000000 0.000000
vt 1.000000 0.000000
vt 0.000000 0.000000
vt 1.000000 0.000000
vt 1.000000 1.000000
vt 0.000000 1.000000
vt 0.500000 1.000000
vt 0.000000 0.000000
vt 1.000000 0.000000
vt 0.000000 0.000000
vt 1.000000 0.000000
vt 1.000000 1.000000
vt 0.000000 1.000000
vt 0.500000 1.000000
vt 0.000000 0.000000
vt 1.000000 0.000000
vt 0.000000 0.000000
vt 1.000000 0.000000
vt 1.000000 1.000000
vt 0.000000 1.000000
vt 0.500000 1.000000
vt 0.000000 0.000000
vt 1.000000 0.000000
vt 0.000000 0.000000
vt 1.000000 0.000000
vt 1.000000 1.000000
vt 0.000000 1.000000
vt 0.500000 1.000000
vt 0.000000 0.000000
vt 1.000000 0.000000
vt 0.000000 0.000000
vt 1.000000 0.000000
vt 1.000000 1.000000
vt 0.000000 1.000000
vt 0.500000 1.000000
vt 0.000000 0.000000
vt 1.000000 0.000000
vt 0.000000 0.000000
vt 1.000000 0.000000
vt 1.000000 1.000000
vt 0.000000 1.000000
vt 0.500000 1.000000
vt 0.000000 0.000000
vt 1.000000 0.000000
vt 0.000000 0.000000
vt 1.000000 0.000000
vt 1.000000 1.000000
vt 0.000000 1.000000
vt 0.500000 1.000000
vt 0.000000 0.000000
vt 1.000000 0.000000
vt 0.000000 0.000000
vt 1.000000 0.000000
vt 1.000000 1.000000
vt 0.000000 1.000000
vt 0.500000 1.000000
vt 0.000000 0.000000
vt 1.000000 0.000000
vt 0.000000 0.000000
vt 1.000000 0.000000
vt 1.000000 1.000000
vt 0.000000 1.000000
vt 0.500000 1.000000
vt 0.000000 0.000000
vt 1.000000 0.000000
vt 0.000000 0.000000
vt 1.000000 0.000000
vt 1.000000 1.000000
vt 0.000000 1.000000
vt 0.500000 1.000000
vt 0.000000 0.000000
vt 1.000000 0.000000
vt 0.000000 0.000000
vt 1.000000 0.000000
vt 1.000000 1.000000
vt 0.000000 1.000000
vt 0.500000 1.000000
vt 0.000000 0.000000
vt 1.000000 0.000000
vt 0.000000 0.000000
vt 1.000000 0.000000
vt 1.000000 1.000000
vt 0.000000 1.000000
vt 0.500000 1.000000
vt 0.000000 0.000000
vt 1.000000 0.000000
vt 0.000000 0.000000
vt 1.000000 0.000000
vt 1.000000 1.000000
vt 0.000000 1.000000
vt 0.500000 1.000000
vt 0.000000 0.000000
vt 1.000000 0.000000
vt 0.000000 0.000000
vt 1.000000 0.000000
vt 1.000000 1.000000
vt 0.000000 1.000000
vt 0.500000 1.000000
vt 0.000000 0.000000
vt 1.000000 0.000000
vt 0.000000 0.000000
vt 1.000000 0.000000
vt 1.000000 1.000000
vt 0.000000 1.000000
vt 0.500000 1.000000
vt 0.000000 0.000000
vt 1.000000 0.000000
vt 0.000000 0.000000
vt 1.000000 0.000000
vt 1.000000 1.000000
vt 0.000000 1.000000
vt 0.500000 1.000000
vt 0.000000 0.000000
vt 1.000000 0.000000
vt 0.000000 0.000000
vt 1.000000 0.000000
vt 1.000000 1.000000
vt 0.000000 1.000000
vt 0.500000 1.000000
vt 0.000000 0.000000
vt 1.000000 0.000000
vt 0.000000 0.000000
vt 1.000000 0.000000
vt 1.000000 1.000000
vt 0.000000 1.000000
vt 0.500000 1.000000
vt 0.000000 0.000000
vt 1.000000 0.000000
vt 0.000000 0.000000
vt 1.000000 0.000000
vt 1.000000 1.000000
vt 0.000000 1.000000
vt 0.500000 1.000000
vt 0.000000 0.000000
vt 1.000000 0.000000
vt 0.000000 0.000000
vt 1.000000 0.000000
vt 1.000000 1.000000
vt 0.000000 1.000000
vt 0.500000 1.000000
vt 0.000000 0.000000
vt 1.000000 0.000000
vt 0.000000 0.000000
vt 1.000000 0.000000
vt 1.000000 1.000000
vt 0.000000 1.000000
vt 0.500000 1.000000
vt 0.000000 0.000000
vt 1.000000 0.000000
vt 0.500000 1.000000
vt 0.000000 0.000000
vt 1.000000 0.000000
vt 0.000000 0.000000
vt 1.000000 0.000000
vt 1.000000 1.000000
vt 0.000000 1.000000
vt 0.000000 0.000000
vt 1.000000 0.000000
vt 1.000000 1.000000
vt 0.000000 1.000000
vt 0.500000 1.000000
vt 0.000000 0.000000
vt 1.000000 0.000000
vt 0.500000 1.000000
vt 0.000000 0.000000
vt 1.000000 0.000000
vt 0.000000 0.000000
vt 1.000000 0.000000
vt 1.000000 1.000000
vt 0.000000 1.000000
vt 0.000000 0.000000
vt 1.000000 0.000000
vt 1.000000 1.000000
vt 0.000000 1.000000
vt 0.500000 1.000000
vt 0.000000 0.000000
vt 1.000000 0.000000
vt 0.500000 1.000000
vt 0.000000 0.000000
vt 1.000000 0.000000
vt 0.000000 0.000000
vt 1.000000 0.000000
vt 1.000000 1.000000
vt 0.000000 1.000000
vt 0.000000 0.000000
vt 1.000000 0.000000
vt 1.000000 1.000000
vt 0.000000 1.000000
vt 0.500000 1.000000
vt 0.000000 0.000000
vt 1.000000 0.000000
vt 0.500000 1.000000
vt 0.000000 0.000000
vt 1.000000 0.000000
vt 0.000000 0.000000
vt 1.000000 0.000000
vt 1.000000 1.000000
vt 0.000000 1.000000
vt 0.000000 0.000000
vt 1.000000 0.000000
vt 1.000000 1.000000
vt 0.000000 1.000000
vt 0.500000 1.000000
vt 0.000000 0.000000
vt 1.000000 0.000000
vt 0.500000 1.000000
vt 0.000000 0.000000
vt 1.000000 0.000000
vt 0.000000 0.000000
vt 1.000000 0.000000
vt 1.000000 1.000000
vt 0.000000 1.000000
vt 0.000000 0.000000
vt 1.000000 0.000000
vt 1.000000 1.000000
vt 0.000000 1.000000
vt 0.500000 1.000000
vt 0.000000 0.000000
vt 1.000000 0.000000
vt 0.500000 1.000000
vt 0.000000 0.000000
vt 1.000000 0.000000
vt 0.000000 0.000000
vt 1.000000 0.000000
vt 1.000000 1.000000
vt 0.000000 1.000000
vt 0.000000 0.000000
vt 1.000000 0.000000
vt 1.000000 1.000000
vt 0.000000 1.000000
vt 0.500000 1.000000
vt 0.000000 0.000000
vt 1.000000 0.000000
vt 0.500000 1.000000
vt 0.000000 0.000000
vt 1.000000 0.000000
vt 0.000000 0.000000
vt 1.000000 0.000000
vt 1.000000 1.000000
vt 0.000000 1.000000
vt 0.000000 0.000000
vt 1.000000 0.000000
vt 1.000000 1.000000
vt 0.000000 1.000000
vt 0.500000 1.000000
vt 0.000000 0.000000
vt 1.000000 0.000000
vt 0.500000 1.000000
vt 0.000000 0.000000
vt 1.000000 0.000000
vt 0.000000 0.000000
vt 1.000000 0.000000
vt 1.000000 1.000000
vt 0.000000 1.000000
vt 0.000000 0.000000
vt 1.000000 0.000000
vt 1.000000 1.000000
vt 0.000000 1.000000
vt 0.500000 1.000000
vt 0.000000 0.000000
vt 1.000000 0.000000
vt 0.500000 1.000000
vt 0.000000 0.000000
vt 1.000000 0.000000
vt 0.000000 0.000000
vt 1.000000 0.000000
vt 1.000000 1.000000
vt 0.000000 1.000000
vt 0.000000 0.000000
vt 1.000000 0.000000
vt 1.000000 1.000000
vt 0.000000 1.000000
vt 0.500000 1.000000
vt 0.000000 0.000000
vt 1.000000 0.000000
vt 0.500000 1.000000
vt 0.000000 0.000000
vt 1.000000 0.000000
vt 0.000000 0.000000
vt 1.000000 0.000000
vt 1.000000 1.000000
vt 0.000000 1.000000
vt 0.000000 0.000000
vt 1.000000 0.000000
vt 1.000000 1.000000
vt 0.000000 1.000000
vt 0.500000 1.000000
vt 0.000000 0.000000
vt 1.000000 0.000000
vt 0.500000 1.000000
vt 0.000000 0.000000
vt 1.000000 0.000000
vt 0.000000 0.000000
vt 1.000000 0.000000
vt 1.000000 1.000000
vt 0.000000 1.000000
vt 0.000000 0.000000
vt 1.000000 0.000000
vt 1.000000 1.000000
vt 0.000000 1.000000
vt 0.500000 1.000000
vt 0.000000 0.000000
vt 1.000000 0.000000
vt 0.500000 1.000000
vt 0.000000 0.000000
vt 1.000000 0.000000
vt 0.000000 0.000000
vt 1.000000 0.000000
vt 1.000000 1.000000
vt 0.000000 1.000000
vt 0.000000 0.000000
vt 1.000000 0.000000
vt 1.000000 1.000000
vt 0.000000 1.000000
vt 0.500000 1.000000
vt 0.000000 0.000000
vt 1.000000 0.000000
vt 0.500000 1.000000
vt 0.000000 0.000000
vt 1.000000 0.000000
vt 0.000000 0.000000
vt 1.000000 0.000000
vt 1.000000 1.000000
vt 0.000000 1.000000
vt 0.000000 0.000000
vt 1.000000 0.000000
vt 1.000000 1.000000
vt 0.000000 1.000000
vt 0.500000 1.000000
vt 0.000000 0.000000
vt 1.000000 0.000000
vt 0.500000 1.000000
vt 0.000000 0.000000
vt 1.000000 0.000000
vt 0.000000 0.000000
vt 1.000000 0.000000
vt 1.000000 1.000000
vt 0.000000 1.000000
vt 0.000000 0.000000
vt 1.000000 0.000000
vt 1.000000 1.000000
vt 0.000000 1.000000
vt 0.500000 1.000000
vt 0.000000 0.000000
vt 1.000000 0.000000
vt 0.500000 1.000000
vt 0.000000 0.000000
vt 1.000000 0.000000
vt 0.000000 0.000000
vt 1.000000 0.000000
vt 1.000000 1.000000
vt 0.000000 1.000000
vt 0.000000 0.000000
vt 1.000000 0.000000
vt 1.000000 1.000000
vt 0.000000 1.000000
vt 0.500000 1.000000
vt 0.000000 0.000000
vt 1.000000 0.000000
vt 0.500000 1.000000
vt 0.000000 0.000000
vt 1.000000 0.000000
vt 0.000000 0.000000
vt 1.000000 0.000000
vt 1.000000 1.000000
vt 0.000000 1.000000
vt 0.000000 0.000000
vt 1.000000 0.000000
vt 1.000000 1.000000
vt 0.000000 1.000000
vt 0.500000 1.000000
vt 0.000000 0.000000
vt 1.000000 0.000000
vt 0.500000 1.000000
vt 0.000000 0.000000
vt 1.000000 0.000000
vt 0.000000 0.000000
vt 1.000000 0.000000
vt 1.000000 1.000000
vt 0.000000 1.000000
vt 0.000000 0.000000
vt 1.000000 0.000000
vt 1.000000 1.000000
vt 0.000000 1.000000
vt 0.500000 1.000000
vt 0.000000 0.000000
vt 1.000000 0.000000
vt 0.500000 1.000000
vt 0.000000 0.000000
vt 1.000000 0.000000
vt 0.000000 0.000000
vt 1.000000 0.000000
vt 1.000000 1.000000
vt 0.000000 1.000000
vt 0.000000 0.000000
vt 1.000000 0.000000
vt 1.000000 1.000000
vt 0.000000 1.000000
vt 0.500000 1.000000
vt 0.000000 0.000000
vt 1.000000 0.000000
vt 0.500000 1.000000
vt 0.000000 0.000000
vt 1.000000 0.000000
vt 0.000000 0.000000
vt 1.000000 0.000000
vt 1.000000 1.000000
vt 0.000000 1.000000
vt 0.000000 0.000000
vt 1.000000 0.000000
vt 1.000000 1.000000
vt 0.000000 1.000000
vt 0.500000 1.000000
vt 0.000000 0.000000
vt 1.000000 0.000000
vt 0.500000 1.000000
vt 0.000000 0.000000
vt 1.000000 0.000000
vt 0.000000 0.000000
vt 1.000000 0.000000
vt 1.000000 1.000000
vt 0.000000 1.000000
vt 0.000000 0.000000
vt 1.000000 0.000000
vt 1.000000 1.000000
vt 0.000000 1.000000
vt 0.500000 1.000000
vt 0.000000 0.000000
vt 1.000000 0.000000
vt 0.500000 1.000000
vt 0.000000 0.000000
vt 1.000000 0.000000
vt 0.000000 0.000000
vt 1.000000 0.000000
vt 1.000000 1.000000
vt 0.000000 1.000000
vt 0.000000 0.000000
vt 1.000000 0.000000
vt 1.000000 1.000000
vt 0.000000 1.000000
vt 0.500000 1.000000
vt 0.000000 0.000000
vt 1.000000 0.000000
vt 0.500000 1.000000
vt 0.000000 0.000000
vt 1.000000 0.000000
vt 0.000000 0.000000
vt 1.000000 0.000000
vt 1.000000 1.000000
vt 0.000000 1.000000
vt 0.000000 0.000000
vt 1.000000 0.000000
vt 1.000000 1.000000
vt 0.000000 1.000000
vt 0.500000 1.000000
vt 0.000000 0.000000
vt 1.000000 0.000000
vt 0.500000 1.000000
vt 0.000000 0.000000
vt 1.000000 0.000000
vt 0.000000 0.000000
vt 1.000000 0.000000
vt 1.000000 1.000000
vt 0.000000 1.000000
vt 0.000000 0.000000
vt 1.000000 0.000000
vt 1.000000 1.000000
vt 0.000000 1.000000
vt 0.500000 1.000000
vt 0.000000 0.000000
vt 1.000000 0.000000
vt 0.500000 1.000000
vt 0.000000 0.000000
vt 1.000000 0.000000
vt 0.000000 0.000000
vt 1.000000 0.000000
vt 1.000000 1.000000
vt 0.000000 1.000000
vt 0.000000 0.000000
vt 1.000000 0.000000
vt 1.000000 1.000000
vt 0.000000 1.000000
vt 0.500000 1.000000
vt 0.000000 0.000000
vt 1.000000 0.000000
vt 0.500000 1.000000
vt 0.000000 0.000000
vt 1.000000 0.000000
vt 0.000000 0.000000
vt 1.000000 0.000000
vt 1.000000 1.000000
vt 0.000000 1.000000
vt 0.000000 0.000000
vt 1.000000 0.000000
vt 1.000000 1.000000
vt 0.000000 1.000000
vt 0.500000 1.000000
vt 0.000000 0.000000
vt 1.000000 0.000000
vt 0.500000 1.000000
vt 0.000000 0.000000
vt 1.000000 0.000000
vt 0.000000 0.000000
vt 1.000000 0.000000
vt 1.000000 1.000000
vt 0.000000 1.000000
vt 0.000000 0.000000
vt 1.000000 0.000000
vt 1.000000 1.000000
vt 0.000000 1.000000
vt 0.500000 1.000000
vt 0.000000 0.000000
vt 1.000000 0.000000
vt 0.500000 1.000000
vt 0.000000 0.000000
vt 1.000000 0.000000
vt 0.000000 0.000000
vt 1.000000 0.000000
vt 1.000000 1.000000
vt 0.000000 1.000000
vt 0.000000 0.000000
vt 1.000000 0.000000
vt 1.000000 1.000000
vt 0.000000 1.000000
vt 0.500000 1.000000
vt 0.000000 0.000000
vt 1.000000 0.000000
vt 0.500000 1.000000
vt 0.000000 0.000000
vt 1.000000 0.000000
vt 0.000000 0.000000
vt 1.000000 0.000000
vt 1.000000 1.000000
vt 0.000000 1.000000
vt 0.000000 0.000000
vt 1.000000 0.000000
vt 1.000000 1.000000
vt 0.000000 1.000000
vt 0.500000 1.000000
vt 0.000000 0.000000
vt 1.000000 0.000000
vt 0.500000 1.000000
vt 0.000000 0.000000
vt 1.000000 0.000000
vt 0.000000 0.000000
vt 1.000000 0.000000
vt 1.000000 1.000000
vt 0.000000 1.000000
vt 0.000000 0.000000
vt 1.000000 0.000000
vt 1.000000 1.000000
vt 0.000000 1.000000
vt 0.500000 1.000000
vt 0.000000 0.000000
vt 1.000000 0.000000
vt 0.500000 1.000000
vt 0.000000 0.000000
vt 1.000000 0.000000
vt 0.000000 0.000000
vt 1.000000 0.000000
vt 1.000000 1.000000
vt 0.000000 1.000000
vt 0.000000 0.000000
vt 1.000000 0.000000
vt 1.000000 1.000000
vt 0.000000 1.000000
vt 0.500000 1.000000
vt 0.000000 0.000000
vt 1.000000 0.000000
vt 0.500000 1.000000
vt 0.000000 0.000000
vt 1.000000 0.000000
vt 0.000000 0.000000
vt 1.000000 0.000000
vt 1.000000 1.000000
vt 0.000000 1.000000
vt 0.000000 0.000000
vt 1.000000 0.000000
vt 1.000000 1.000000
vt 0.000000 1.000000
vt 0.500000 1.000000
vt 0.000000 0.000000
vt 1.000000 0.000000
vt 0.500000 1.000000
vt 0.000000 0.000000
vt 1.000000 0.000000
vt 0.000000 0.000000
vt 1.000000 0.000000
vt 1.000000 1.000000
vt 0.000000 1.000000
vt 0.000000 0.000000
vt 1.000000 0.000000
vt 1.000000 1.000000
vt 0.000000 1.000000
vt 0.500000 1.000000
vt 0.000000 0.000000
vt 1.000000 0.000000
vt 0.500000 1.000000
vt 0.000000 0.000000
vt 1.000000 0.000000
vt 0.000000 0.000000
vt 1.000000 0.000000
vt 1.000000 1.000000
vt 0.000000 1.000000
vt 0.000000 0.000000
vt 1.000000 0.000000
vt 1.000000 1.000000
vt 0.000000 1.000000
vt 0.500000 1.000000
vt 0.000000 0.000000
vt 1.000000 0.000000
vt 0.500000 1.000000
vt 0.000000 0.000000
vt 1.000000 0.000000
vt 0.000000 0.000000
vt 1.000000 0.000000
vt 1.000000 1.000000
vt 0.000000 1.000000
vt 0.000000 0.000000
vt 1.000000 0.000000
vt 1.000000 1.000000
vt 0.000000 1.000000
vt 0.500000 1.000000
vt 0.000000 0.000000
vt 1.000000 0.000000
vt 0.500000 1.000000
vt 0.000000 0.000000
vt 1.000000 0.000000
vt 0.000000 0.000000
vt 1.000000 0.000000
vt 1.000000 1.000000
vt 0.000000 1.000000
vt 0.000000 0.000000
vt 1.000000 0.000000
vt 1.000000 1.000000
vt 0.000000 1.000000
vt 0.500000 1.000000
vt 0.000000 0.000000
vt 1.000000 0.000000
vt 0.500000 1.000000
vt 0.000000 0.000000
vt 1.000000 0.000000
vt 0.000000 0.000000
vt 1.000000 0.000000
vt 1.000000 1.000000
vt 0.000000 1.000000
vt 0.000000 0.000000
vt 1.000000 0.000000
vt 1.000000 1.000000
vt 0.000000 1.000000
vt 0.500000 1.000000
vt 0.000000 0.000000
vt 1.000000 0.000000
vt 0.500000 1.000000
vt 0.000000 0.000000
vt 1.000000 0.000000
vt 0.000000 0.000000
vt 1.000000 0.000000
vt 1.000000 1.000000
vt 0.000000 1.000000
vt 0.000000 0.000000
vt 1.000000 0.000000
vt 1.000000 1.000000
vt 0.000000 1.000000
vt 0.500000 1.000000
vt 0.000000 0.000000
vt 1.000000 0.000000
vt 0.500000 1.000000
vt 0.000000 0.000000
vt 1.000000 0.000000
vt 0.000000 0.000000
vt 1.000000 0.000000
vt 1.000000 1.000000
vt 0.000000 1.000000
vt 0.000000 0.000000
vt 1.000000 0.000000
vt 1.000000 1.000000
vt 0.000000 1.000000
vt 0.500000 1.000000
vt 0.000000 0.000000
vt 1.000000 0.000000
vt 0.500000 1.000000
vt 0.000000 0.000000
vt 1.000000 0.000000
vt 0.000000 0.000000
vt 1.000000 0.000000
vt 1.000000 1.000000
vt 0.000000 1.000000
vt 0.000000 0.000000
vt 1.000000 0.000000
vt 1.000000 1.000000
vt 0.000000 1.000000
vt 0.500000 1.000000
vt 0.000000 0.000000
vt 1.000000 0.000000
vt 0.500000 1.000000
vt 0.000000 0.000000
vt 1.000000 0.000000
vt 0.000000 0.000000
vt 1.000000 0.000000
vt 1.000000 1.000000
vt 0.000000 1.000000
vt 0.000000 0.000000
vt 1.000000 0.000000
vt 1.000000 1.000000
vt 0.000000 1.000000
vt 0.500000 1.000000
vt 0.000000 0.000000
vt 1.000000 0.000000
vt 0.500000 1.000000
vt 0.000000 0.000000
vt 1.000000 0.000000
vt 0.000000 0.000000
vt 1.000000 0.000000
vt 1.000000 1.000000
vt 0.000000 1.000000
vt 0.000000 0.000000
vt 1.000000 0.000000
vt 1.000000 1.000000
vt 0.000000 1.000000
vt 0.500000 1.000000
vt 0.000000 0.000000
vt 1.000000 0.000000
vt 0.500000 1.000000
vt 0.000000 0.000000
vt 1.000000 0.000000
vt 0.000000 0.000000
vt 1.000000 0.000000
vt 1.000000 1.000000
vt 0.000000 1.000000
vt 0.000000 0.000000
vt 1.000000 0.000000
vt 1.000000 1.000000
vt 0.000000 1.000000
vt 0.500000 1.000000
vt 0.000000 0.000000
vt 1.000000 0.000000
vt 0.500000 1.000000
vt 0.000000 0.000000
vt 1.000000 0.000000
vt 0.000000 0.000000
vt 1.000000 0.000000
vt 1.000000 1.000000
vt 0.000000 1.000000
vt 0.000000 0.000000
vt 1.000000 0.000000
vt 1.000000 1.000000
vt 0.000000 1.000000
vt 0.500000 1.000000
vt 0.000000 0.000000
vt 1.000000 0.000000
vt 0.500000 1.000000
vt 0.000000 0.000000
vt 1.000000 0.000000
vt 0.000000 0.000000
vt 1.000000 0.000000
vt 1.000000 1.000000
vt 0.000000 1.000000
vt 0.000000 0.000000
vt 1.000000 0.000000
vt 1.000000 1.000000
vt 0.000000 1.000000
vt 0.500000 1.000000
vt 0.000000 0.000000
vt 1.000000 0.000000
vt 0.500000 1.000000
vt 0.000000 0.000000
vt 1.000000 0.000000
vt 0.000000 0.000000
vt 1.000000 0.000000
vt 1.000000 1.000000
vt 0.000000 1.000000
vt 0.000000 0.000000
vt 1.000000 0.000000
vt 1.000000 1.000000
vt 0.000000 1.000000
vt 0.500000 1.000000
vt 0.000000 0.000000
vt 1.000000 0.000000
vt 0.500000 1.000000
vt 0.000000 0.000000
vt 1.000000 0.000000
vt 0.000000 0.000000
vt 1.000000 0.000000
vt 1.000000 1.000000
vt 0.000000 1.000000
vt 0.000000 0.000000
vt 1.000000 0.000000
vt 1.000000 1.000000
vt 0.000000 1.000000
vt 0.500000 1.000000
vt 0.000000 0.000000
vt 1.000000 0.000000
vt 0.500000 1.000000
vt 0.000000 0.000000
vt 1.000000 0.000000
vt 0.000000 0.000000
vt 1.000000 0.000000
vt 1.000000 1.000000
vt 0.000000 1.000000
vt 0.000000 0.000000
vt 1.000000 0.000000
vt 1.000000 1.000000
vt 0.000000 1.000000
vt 0.500000 1.000000
vt 0.000000 0.000000
vt 1.000000 0.000000
vt 0.500000 1.000000
vt 0.000000 0.000000
vt 1.000000 0.000000
vt 0.000000 0.000000
vt 1.000000 0.000000
vt 1.000000 1.000000
vt 0.000000 1.000000
vt 0.000000 0.000000
vt 1.000000 0.000000
vt 1.000000 1.000000
vt 0.000000 1.000000
vt 0.500000 1.000000
vt 0.000000 0.000000
vt 1.000000 0.000000
vt 0.500000 1.000000
vt 0.000000 0.000000
vt 1.000000 0.000000
vt 0.000000 0.000000
vt 1.000000 0.000000
vt 1.000000 1.000000
vt 0.000000 1.000000
vt 0.000000 0.000000
vt 1.000000 0.000000
vt 1.000000 1.000000
vt 0.000000 1.000000
vt 0.500000 1.000000
vt 0.000000 0.000000
vt 1.000000 0.000000
vt 0.500000 1.000000
vt 0.000000 0.000000
vt 1.000000 0.000000
vt 0.000000 0.000000
vt 1.000000 0.000000
vt 1.000000 1.000000
vt 0.000000 1.000000
vt 0.000000 0.000000
vt 1.000000 0.000000
vt 1.000000 1.000000
vt 0.000000 1.000000
vt 0.500000 1.000000
vt 0.000000 0.000000
vt 1.000000 0.000000
vt 0.500000 1.000000
vt 0.000000 0.000000
vt 1.000000 0.000000
vt 0.000000 0.000000
vt 1.000000 0.000000
vt 1.000000 1.000000
vt 0.000000 1.000000
vt 0.000000 0.000000
vt 1.000000 0.000000
vt 1.000000 1.000000
vt 0.000000 1.000000
vt 0.500000 1.000000
vt 0.000000 0.000000
vt 1.000000 0.000000
vt 0.500000 1.000000
vt 0.000000 0.000000
vt 1.000000 0.000000
vt 0.000000 0.000000
vt 1.000000 0.000000
vt 1.000000 1.000000
vt 0.000000 1.000000
vt 0.000000 0.000000
vt 1.000000 0.000000
vt 1.000000 1.000000
vt 0.000000 1.000000
vt 0.500000 1.000000
vt 0.000000 0.000000
vt 1.000000 0.000000
vt 0.500000 1.000000
vt 0.000000 0.000000
vt 1.000000 0.000000
vt 0.000000 0.000000
vt 1.000000 0.000000
vt 1.000000 1.000000
vt 0.000000 1.000000
vt 0.000000 0.000000
vt 1.000000 0.000000
vt 1.000000 1.000000
vt 0.000000 1.000000
vt 0.500000 1.000000
vt 0.000000 0.000000
vt 1.000000 0.000000
vt 0.500000 1.000000
vt 0.000000 0.000000
vt 1.000000 0.000000
vt 0.000000 0.000000
vt 1.000000 0.000000
vt 1.000000 1.000000
vt 0.000000 1.000000
vt 0.000000 0.000000
vt 1.000000 0.000000
vt 1.000000 1.000000
vt 0.000000 1.000000
vt 0.500000 1.000000
vt 0.000000 0.000000
vt 1.000000 0.000000
vt 0.500000 1.000000
vt 0.000000 0.000000
vt 1.000000 0.000000
vt 0.000000 0.000000
vt 1.000000 0.000000
vt 1.000000 1.000000
vt 0.000000 1.000000
vt 0.000000 0.000000
vt 1.000000 0.000000
vt 1.000000 1.000000
vt 0.000000 1.000000
vt 0.500000 1.000000
vt 0.000000 0.000000
vt 1.000000 0.000000
vt 0.500000 1.000000
vt 0.000000 0.000000
vt 1.000000 0.000000
vt 0.000000 0.000000
vt 1.000000 0.000000
vt 1.000000 1.000000
vt 0.000000 1.000000
vt 0.000000 0.000000
vt 1.000000 0.000000
vt 1.000000 1.000000
vt 0.000000 1.000000
vt 0.500000 1.000000
vt 0.000000 0.000000
vt 1.000000 0.000000
vt 0.500000 1.000000
vt 0.000000 0.000000
vt 1.000000 0.000000
vt 0.000000 0.000000
vt 1.000000 0.000000
vt 1.000000 1.000000
vt 0.000000 1.000000
vt 0.000000 0.000000
vt 1.000000 0.000000
vt 1.000000 1.000000
vt 0.000000 1.000000
vt 0.500000 1.000000
vt 0.000000 0.000000
vt 1.000000 0.000000
vt 0.500000 1.000000
vt 0.000000 0.000000
vt 1.000000 0.000000
vt 0.000000 0.000000
vt 1.000000 0.000000
vt 1.000000 1.000000
vt 0.000000 1.000000
vt 0.000000 0.000000
vt 1.000000 0.000000
vt 1.000000 1.000000
vt 0.000000 1.000000
vt 0.500000 1.000000
vt 0.000000 0.000000
vt 1.000000 0.000000
vt 0.500000 1.000000
vt 0.000000 0.000000
vt 1.000000 0.000000
vt 0.000000 0.000000
vt 1.000000 0.000000
vt 1.000000 1.000000
vt 0.000000 1.000000
vt 0.000000 0.000000
vt 1.000000 0.000000
vt 1.000000 1.000000
vt 0.000000 1.000000
vt 0.500000 1.000000
vt 0.000000 0.000000
vt 1.000000 0.000000
vt 0.500000 1.000000
vt 0.000000 0.000000
vt 1.000000 0.000000
vt 0.000000 0.000000
vt 1.000000 0.000000
vt 1.000000 1.000000
vt 0.000000 1.000000
vt 0.000000 0.000000
vt 1.000000 0.000000
vt 1.000000 1.000000
vt 0.000000 1.000000
vt 0.500000 1.000000
vt 0.000000 0.000000
vt 1.000000 0.000000
vt 0.500000 1.000000
vt 0.000000 0.000000
vt 1.000000 0.000000
vt 0.000000 0.000000
vt 1.000000 0.000000
vt 1.000000 1.000000
vt 0.000000 1.000000
vt 0.000000 0.000000
vt 1.000000 0.000000
vt 1.000000 1.000000
vt 0.000000 1.000000
vt 0.500000 1.000000
vt 0.000000 0.000000
vt 1.000000 0.000000
vt 0.500000 1.000000
vt 0.000000 0.000000
vt 1.000000 0.000000
vt 0.000000 0.000000
vt 1.000000 0.000000
vt 1.000000 1.000000
vt 0.000000 1.000000
vt 0.000000 0.000000
vt 1.000000 0.000000
vt 1.000000 1.000000
vt 0.000000 1.000000
vt 0.500000 1.000000
vt 0.000000 0.000000
vt 1.000000 0.000000
vt 0.500000 1.000000
vt 0.000000 0.000000
vt 1.000000 0.000000
vt 0.000000 0.000000
vt 1.000000 0.000000
vt 1.000000 1.000000
vt 0.000000 1.000000
vt 0.000000 0.000000
vt 1.000000 0.000000
vt 1.000000 1.000000
vt 0.000000 1.000000
vt 0.500000 1.000000
vt 0.000000 0.000000
vt 1.000000 0.000000
vt 0.500000 1.000000
vt 0.000000 0.000000
vt 1.000000 0.000000
vt 0.000000 0.000000
vt 1.000000 0.000000
vt 1.000000 1.000000
vt 0.000000 1.000000
vt 0.000000 0.000000
vt 1.000000 0.000000
vt 1.000000 1.000000
vt 0.000000 1.000000
vt 0.500000 1.000000
vt 0.000000 0.000000
vt 1.000000 0.000000
vt 0.500000 1.000000
vt 0.000000 0.000000
vt 1.000000 0.000000
vt 0.000000 0.000000
vt 1.000000 0.000000
vt 1.000000 1.000000
vt 0.000000 1.000000
vt 0.000000 0.000000
vt 1.000000 0.000000
vt 1.000000 1.000000
vt 0.000000 1.000000
vt 0.500000 1.000000
vt 0.000000 0.000000
vt 1.000000 0.000000
vt 0.500000 1.000000
vt 0.000000 0.000000
vt 1.000000 0.000000
vt 0.000000 0.000000
vt 1.000000 0.000000
vt 1.000000 1.000000
vt 0.000000 1.000000
vt 0.000000 0.000000
vt 1.000000 0.000000
vt 1.000000 1.000000
vt 0.000000 1.000000
vt 0.500000 1.000000
vt 0.000000 0.000000
vt 1.000000 0.000000
vt 0.500000 1.000000
vt 0.000000 0.000000
vt 1.000000 0.000000
vt 0.000000 0.000000
vt 1.000000 0.000000
vt 1.000000 1.000000
vt 0.000000 1.000000
vt 0.000000 0.000000
vt 1.000000 0.000000
vt 1.000000 1.000000
vt 0.000000 1.000000
vt 0.500000 1.000000
vt 0.000000 0.000000
vt 1.000000 0.000000
vt 0.500000 1.000000
vt 0.000000 0.000000
vt 1.000000 0.000000
vt 0.000000 0.000000
vt 1.000000 0.000000
vt 1.000000 1.000000
vt 0.000000 1.000000
vt 0.000000 0.000000
vt 1.000000 0.000000
vt 1.000000 1.000000
vt 0.000000 1.000000
vt 0.500000 1.000000
vt 0.000000 0.000000
vt 1.000000 0.000000
vt 0.500000 1.000000
vt 0.000000 0.000000
vt 1.000000 0.000000
vt 0.000000 0.000000
vt 1.000000 0.000000
vt 1.000000 1.000000
vt 0.000000 1.000000
vt 0.000000 0.000000
vt 1.000000 0.000000
vt 1.000000 1.000000
vt 0.000000 1.000000
vt 0.500000 1.000000
vt 0.000000 0.000000
vt 1.000000 0.000000
vt 0.500000 1.000000
vt 0.000000 0.000000
vt 1.000000 0.000000
vt 0.000000 0.000000
vt 1.000000 0.000000
vt 1.000000 1.000000
vt 0.000000 1.000000
vt 0.000000 0.000000
vt 1.000000 0.000000
vt 1.000000 1.000000
vt 0.000000 1.000000
vt 0.500000 1.000000
vt 0.000000 0.000000
vt 1.000000 0.000000
vt 0.500000 1.000000
vt 0.000000 0.000000
vt 1.000000 0.000000
vt 0.000000 0.000000
vt 1.000000 0.000000
vt 1.000000 1.000000
vt 0.000000 1.000000
vt 0.000000 0.000000
vt 1.000000 0.000000
vt 1.000000 1.000000
vt 0.000000 1.000000
vt 0.500000 1.000000
vt 0.000000 0.000000
vt 1.000000 0.000000
vt 0.500000 1.000000
vt 0.000000 0.000000
vt 1.000000 0.000000
vt 0.000000 0.000000
vt 1.000000 0.000000
vt 1.000000 1.000000
vt 0.000000 1.000000
vt 0.000000 0.000000
vt 1.000000 0.000000
vt 1.000000 1.000000
vt 0.000000 1.000000
vt 0.500000 1.000000
vt 0.000000 0.000000
vt 1.000000 0.000000
vt 0.500000 1.000000
vt 0.000000 0.000000
vt 1.000000 0.000000
vt 0.000000 0.000000
vt 1.000000 0.000000
vt 1.000000 1.000000
vt 0.000000 1.000000
vt 0.000000 0.000000
vt 1.000000 0.000000
vt 1.000000 1.000000
vt 0.000000 1.000000
vt 0.500000 1.000000
vt 0.000000 0.000000
vt 1.000000 0.000000
vt 0.500000 1.000000
vt 0.000000 0.000000
vt 1.000000 0.000000
vt 0.000000 0.000000
vt 1.000000 0.000000
vt 1.000000 1.000000
vt 0.000000 1.000000
vt 0.000000 0.000000
vt 1.000000 0.000000
vt 1.000000 1.000000
vt 0.000000 1.000000
vt 0.500000 1.000000
vt 0.000000 0.000000
vt 1.000000 0.000000
vt 0.500000 1.000000
vt 0.000000 0.000000
vt 1.000000 0.000000
vt 0.000000 0.000000
vt 1.000000 0.000000
vt 1.000000 1.000000
vt 0.000000 1.000000
vt 0.000000 0.000000
vt 1.000000 0.000000
vt 1.000000 1.000000
vt 0.000000 1.000000
vt 0.500000 1.000000
vt 0.000000 0.000000
vt 1.000000 0.000000
vt 0.500000 1.000000
vt 0.000000 0.000000
vt 1.000000 0.000000
vt 0.000000 0.000000
vt 1.000000 0.000000
vt 1.000000 1.000000
vt 0.000000 1.000000
vt 0.000000 0.000000
vt 1.000000 0.000000
vt 1.000000 1.000000
vt 0.000000 1.000000
vt 0.500000 1.000000
vt 0.000000 0.000000
vt 1.000000 0.000000
vt 0.500000 1.000000
vt 0.000000 0.000000
vt 1.000000 0.000000
vt 0.000000 0.000000
vt 1.000000 0.000000
vt 1.000000 1.000000
vt 0.000000 1.000000
vt 0.000000 0.000000
vt 1.000000 0.000000
vt 1.000000 1.000000
vt 0.000000 1.000000
vt 0.500000 1.000000
vt 0.000000 0.000000
vt 1.000000 0.000000
vt 0.500000 1.000000
vt 0.000000 0.000000
vt 1.000000 0.000000
vt 0.000000 0.000000
vt 1.000000 0.000000
vt 1.000000 1.000000
vt 0.000000 1.000000
vt 0.000000 0.000000
vt 1.000000 0.000000
vt 1.000000 1.000000
vt 0.000000 1.000000
vt 0.500000 1.000000
vt 0.000000 0.000000
vt 1.000000 0.000000
vt 0.500000 1.000000
vt 0.000000 0.000000
vt 1.000000 0.000000
vt 0.000000 0.000000
vt 1.000000 0.000000
vt 1.000000 1.000000
vt 0.000000 1.000000
vt 0.000000 0.000000
vt 1.000000 0.000000
vt 1.000000 1.000000
vt 0.000000 1.000000
vt 0.500000 1.000000
vt 0.000000 0.000000
vt 1.000000 0.000000
vt 0.500000 1.000000
vt 0.000000 0.000000
vt 1.000000 0.000000
vt 0.000000 0.000000
vt 1.000000 0.000000
vt 1.000000 1.000000
vt 0.000000 1.000000
vt 0.000000 0.000000
vt 1.000000 0.000000
vt 1.000000 1.000000
vt 0.000000 1.000000
vt 0.500000 1.000000
vt 0.000000 0.000000
vt 1.000000 0.000000
vt 0.500000 1.000000
vt 0.000000 0.000000
vt 1.000000 0.000000
vt 0.000000 0.000000
vt 1.000000 0.000000
vt 1.000000 1.000000
vt 0.000000 1.000000
vt 0.000000 0.000000
vt 1.000000 0.000000
vt 1.000000 1.000000
vt 0.000000 1.000000
vt 0.500000 1.000000
vt 0.000000 0.000000
vt 1.000000 0.000000
vt 0.500000 1.000000
vt 0.000000 0.000000
vt 1.000000 0.000000
vt 0.000000 0.000000
vt 1.000000 0.000000
vt 1.000000 1.000000
vt 0.000000 1.000000
vt 0.000000 0.000000
vt 1.000000 0.000000
vt 1.000000 1.000000
vt 0.000000 1.000000
vt 0.500000 1.000000
vt 0.000000 0.000000
vt 1.000000 0.000000
vt 0.500000 1.000000
vt 0.000000 0.000000
vt 1.000000 0.000000
vt 0.000000 0.000000
vt 1.000000 0.000000
vt 1.000000 1.000000
vt 0.000000 1.000000
vt 0.000000 0.000000
vt 1.000000 0.000000
vt 1.000000 1.000000
vt 0.000000 1.000000
vt 0.500000 1.000000
vt 0.000000 0.000000
vt 1.000000 0.000000
vt 0.500000 1.000000
vt 0.000000 0.000000
vt 1.000000 0.000000
vt 0.000000 0.000000
vt 1.000000 0.000000
vt 1.000000 1.000000
vt 0.000000 1.000000
vt 0.000000 0.000000
vt 1.000000 0.000000
vt 1.000000 1.000000
vt 0.000000 1.000000
vt 0.500000 1.000000
vt 0.000000 0.000000
vt 1.000000 0.000000
vt 0.500000 1.000000
vt 0.000000 0.000000
vt 1.000000 0.000000
vt 0.000000 0.000000
vt 1.000000 0.000000
vt 1.000000 1.000000
vt 0.000000 1.000000
vt 0.000000 0.000000
vt 1.000000 0.000000
vt 1.000000 1.000000
vt 0.000000 1.000000
vt 0.500000 1.000000
vt 0.000000 0.000000
vt 1.000000 0.000000
vt 0.500000 1.000000
vt 0.000000 0.000000
vt 1.000000 0.000000
vt 0.000000 0.000000
vt 1.000000 0.000000
vt 1.000000 1.000000
vt 0.000000 1.000000
vt 0.000000 0.000000
vt 1.000000 0.000000
vt 1.000000 1.000000
vt 0.000000 1.000000
vt 0.500000 1.000000
vt 0.000000 0.000000
vt 1.000000 0.000000
vt 0.500000 1.000000
vt 0.000000 0.000000
vt 1.000000 0.000000
vt 0.000000 0.000000
vt 1.000000 0.000000
vt 1.000000 1.000000
vt 0.000000 1.000000
vt 0.000000 0.000000
vt 1.000000 0.000000
vt 1.000000 1.000000
vt 0.000000 1.000000
vt 0.500000 1.000000
vt 0.000000 0.000000
vt 1.000000 0.000000
vt 0.500000 1.000000
vt 0.000000 0.000000
vt 1.000000 0.000000
vt 0.000000 0.000000
vt 1.000000 0.000000
vt 1.000000 1.000000
vt 0.000000 1.000000
vt 0.000000 0.000000
vt 1.000000 0.000000
vt 1.000000 1.000000
vt 0.000000 1.000000
vt 0.500000 1.000000
vt 0.000000 0.000000
vt 1.000000 0.000000
vt 0.500000 1.000000
vt 0.000000 0.000000
vt 1.000000 0.000000
vt 0.000000 0.000000
vt 1.000000 0.000000
vt 1.000000 1.000000
vt 0.000000 1.000000
vt 0.000000 0.000000
vt 1.000000 0.000000
vt 1.000000 1.000000
vt 0.000000 1.000000
vt 0.500000 1.000000
vt 0.000000 0.000000
vt 1.000000 0.000000
vt 0.500000 1.000000
vt 0.000000 0.000000
vt 1.000000 0.000000
vt 0.000000 0.000000
vt 1.000000 0.000000
vt 1.000000 1.000000
vt 0.000000 1.000000
vt 0.000000 0.000000
vt 1.000000 0.000000
vt 1.000000 1.000000
vt 0.000000 1.000000
vt 0.500000 1.000000
vt 0.000000 0.000000
vt 1.000000 0.000000
vt 0.500000 1.000000
vt 0.000000 0.000000
vt 1.000000 0.000000
vt 0.000000 0.000000
vt 1.000000 0.000000
vt 1.000000 1.000000
vt 0.000000 1.000000
vt 0.000000 0.000000
vt 1.000000 0.000000
vt 1.000000 1.000000
vt 0.000000 1.000000
vt 0.500000 1.000000
vt 0.000000 0.000000
vt 1.000000 0.000000
vt 0.500000 1.000000
vt 0.000000 0.000000
vt 1.000000 0.000000
vt 0.000000 0.000000
vt 1.000000 0.000000
vt 1.000000 1.000000
vt 0.000000 1.000000
vt 0.000000 0.000000
vt 1.000000 0.000000
vt 1.000000 1.000000
vt 0.000000 1.000000
vt 0.500000 1.000000
vt 0.000000 0.000000
vt 1.000000 0.000000
vt 0.500000 1.000000
vt 0.000000 0.000000
vt 1.000000 0.000000
vt 0.000000 0.000000
vt 1.000000 0.000000
vt 1.000000 1.000000
vt 0.000000 1.000000
vt 0.000000 0.000000
vt 1.000000 0.000000
vt 1.000000 1.000000
vt 0.000000 1.000000
vt 0.500000 1.000000
vt 0.000000 0.000000
vt 1.000000 0.000000
vt 0.500000 1.000000
vt 0.000000 0.000000
vt 1.000000 0.000000
vt 0.000000 0.000000
vt 1.000000 0.000000
vt 1.000000 1.000000
vt 0.000000 1.000000
vt 0.000000 0.000000
vt 1.000000 0.000000
vt 1.000000 1.000000
vt 0.000000 1.000000
vt 0.500000 1.000000
vt 0.000000 0.000000
vt 1.000000 0.000000
vt 0.500000 1.000000
vt 0.000000 0.000000
vt 1.000000 0.000000
vt 0.000000 0.000000
vt 1.000000 0.000000
vt 1.000000 1.000000
vt 0.000000 1.000000
vt 0.000000 0.000000
vt 1.000000 0.000000
vt 1.000000 1.000000
vt 0.000000 1.000000
vt 0.500000 1.000000
vt 0.000000 0.000000
vt 1.000000 0.000000
vt 0.500000 1.000000
vt 0.000000 0.000000
vt 1.000000 0.000000
vt 0.000000 0.000000
vt 1.000000 0.000000
vt 1.000000 1.000000
vt 0.000000 1.000000
vt 0.000000 0.000000
vt 1.000000 0.000000
vt 1.000000 1.000000
vt 0.000000 1.000000
vt 0.500000 1.000000
vt 0.000000 0.000000
vt 1.000000 0.000000
vt 0.500000 1.000000
vt 0.000000 0.000000
vt 1.000000 0.000000
vt 0.000000 0.000000
vt 1.000000 0.000000
vt 1.000000 1.000000
vt 0.000000 1.000000
vt 0.000000 0.000000
vt 1.000000 0.000000
vt 1.000000 1.000000
vt 0.000000 1.000000
vt 0.500000 1.000000
vt 0.000000 0.000000
vt 1.000000 0.000000
vt 0.500000 1.000000
vt 0.000000 0.000000
vt 1.000000 0.000000
vt 0.000000 0.000000
vt 1.000000 0.000000
vt 1.000000 1.000000
vt 0.000000 1.000000
vt 0.000000 0.000000
vt 1.000000 0.000000
vt 1.000000 1.000000
vt 0.000000 1.000000
vt 0.500000 1.000000
vt 0.000000 0.000000
vt 1.000000 0.000000
vt 0.500000 1.000000
vt 0.000000 0.000000
vt 1.000000 0.000000
vt 0.000000 0.000000
vt 1.000000 0.000000
vt 1.000000 1.000000
vt 0.000000 1.000000
vt 0.000000 0.000000
vt 1.000000 0.000000
vt 1.000000 1.000000
vt 0.000000 1.000000
vt 0.500000 1.000000
vt 0.000000 0.000000
vt 1.000000 0.000000
vt 0.500000 1.000000
vt 0.000000 0.000000
vt 1.000000 0.000000
vt 0.000000 0.000000
vt 1.000000 0.000000
vt 1.000000 1.000000
vt 0.000000 1.000000
vt 0.000000 0.000000
vt 1.000000 0.000000
vt 1.000000 1.000000
vt 0.000000 1.000000
vt 0.500000 1.000000
vt 0.000000 0.000000
vt 1.000000 0.000000
vt 0.500000 1.000000
vt 0.000000 0.000000
vt 1.000000 0.000000
vt 0.000000 0.000000
vt 1.000000 0.000000
vt 1.000000 1.000000
vt 0.000000 1.000000
vt 0.000000 0.000000
vt 1.000000 0.000000
vt 1.000000 1.000000
vt 0.000000 1.000000
vt 0.500000 1.000000
vt 0.000000 0.000000
vt 1.000000 0.000000
vt 0.500000 1.000000
vt 0.000000 0.000000
vt 1.000000 0.000000
vt 0.000000 0.000000
vt 1.000000 0.000000
vt 1.000000 1.000000
vt 0.000000 1.000000
vt 0.000000 0.000000
vt 1.000000 0.000000
vt 1.000000 1.000000
vt 0.000000 1.000000
vt 0.500000 1.000000
vt 0.000000 0.000000
vt 1.000000 0.000000
vt 0.500000 1.000000
vt 0.000000 0.000000
vt 1.000000 0.000000
vt 0.000000 0.000000
vt 1.000000 0.000000
vt 1.000000 1.000000
vt 0.000000 1.000000
vt 0.000000 0.000000
vt 1.000000 0.000000
vt 1.000000 1.000000
vt 0.000000 1.000000
vt 0.500000 1.000000
vt 0.000000 0.000000
vt 1.000000 0.000000
vt 0.500000 1.000000
vt 0.000000 0.000000
vt 1.000000 0.000000
vt 0.000000 0.000000
vt 1.000000 0.000000
vt 1.000000 1.000000
vt 0.000000 1.000000
vt 0.000000 0.000000
vt 1.000000 0.000000
vt 1.000000 1.000000
vt 0.000000 1.000000
vt 0.500000 1.000000
vt 0.000000 0.000000
vt 1.000000 0.000000
vt 0.500000 1.000000
vt 0.000000 0.000000
vt 1.000000 0.000000
vt 0.000000 0.000000
vt 1.000000 0.000000
vt 1.000000 1.000000
vt 0.000000 1.000000
vt 0.000000 0.000000
vt 1.000000 0.000000
vt 1.000000 1.000000
vt 0.000000 1.000000
vt 0.500000 1.000000
vt 0.000000 0.000000
vt 1.000000 0.000000
vt 0.500000 1.000000
vt 0.000000 0.000000
vt 1.000000 0.000000
vt 0.000000 0.000000
vt 1.000000 0.000000
vt 1.000000 1.000000
vt 0.000000 1.000000
vt 0.000000 0.000000
vt 1.000000 0.000000
vt 1.000000 1.000000
vt 0.000000 1.000000
vt 0.500000 1.000000
vt 0.000000 0.000000
vt 1.000000 0.000000
vt 0.500000 1.000000
vt 0.000000 0.000000
vt 1.000000 0.000000
vt 0.000000 0.000000
vt 1.000000 0.000000
vt 1.000000 1.000000
vt 0.000000 1.000000
vt 0.000000 0.000000
vt 1.000000 0.000000
vt 1.000000 1.000000
vt 0.000000 1.000000
vt 0.500000 1.000000
vt 0.000000 0.000000
vt 1.000000 0.000000
vt 0.500000 1.000000
vt 0.000000 0.000000
vt 1.000000 0.000000
vt 0.000000 0.000000
vt 1.000000 0.000000
vt 1.000000 1.000000
vt 0.000000 1.000000
vt 0.000000 0.000000
vt 1.000000 0.000000
vt 1.000000 1.000000
vt 0.000000 1.000000
vt 0.500000 1.000000
vt 0.000000 0.000000
vt 1.000000 0.000000
vt 0.500000 1.000000
vt 0.000000 0.000000
vt 1.000000 0.000000
vt 0.000000 0.000000
vt 1.000000 0.000000
vt 1.000000 1.000000
vt 0.000000 1.000000
vt 0.000000 0.000000
vt 1.000000 0.000000
vt 1.000000 1.000000
vt 0.000000 1.000000
vt 0.500000 1.000000
vt 0.000000 0.000000
vt 1.000000 0.000000
vt 0.500000 1.000000
vt 0.000000 0.000000
vt 1.000000 0.000000
vt 0.000000 0.000000
vt 1.000000 0.000000
vt 1.000000 1.000000
vt 0.000000 1.000000
vt 0.000000 0.000000
vt 1.000000 0.000000
vt 1.000000 1.000000
vt 0.000000 1.000000
vt 0.500000 1.000000
vt 0.000000 0.000000
vt 1.000000 0.000000
vt 0.500000 1.000000
vt 0.000000 0.000000
vt 1.000000 0.000000
vt 0.000000 0.000000
vt 1.000000 0.000000
vt 1.000000 1.000000
vt 0.000000 1.000000
vt 0.000000 0.000000
vt 1.000000 0.000000
vt 1.000000 1.000000
vt 0.000000 1.000000
vt 0.500000 1.000000
vt 0.000000 0.000000
vt 1.000000 0.000000
vt 0.500000 1.000000
vt 0.000000 0.000000
vt 1.000000 0.000000
vt 0.000000 0.000000
vt 1.000000 0.000000
vt 1.000000 1.000000
vt 0.000000 1.000000
vt 0.000000 0.000000
vt 1.000000 0.000000
vt 1.000000 1.000000
vt 0.000000 1.000000
vt 0.500000 1.000000
vt 0.000000 0.000000
vt 1.000000 0.000000
vt 0.500000 1.000000
vt 0.000000 0.000000
vt 1.000000 0.000000
vt 0.000000 0.000000
vt 1.000000 0.000000
vt 1.000000 1.000000
vt 0.000000 1.000000
vt 0.000000 0.000000
vt 1.000000 0.000000
vt 1.000000 1.000000
vt 0.000000 1.000000
vt 0.500000 1.000000
vt 0.000000 0.000000
vt 1.000000 0.000000
vt 0.500000 1.000000
vt 0.000000 0.000000
vt 1.000000 0.000000
vt 0.000000 0.000000
vt 1.000000 0.000000
vt 1.000000 1.000000
vt 0.000000 1.000000
vt 0.000000 0.000000
vt 1.000000 0.000000
vt 1.000000 1.000000
vt 0.000000 1.000000
vt 0.500000 1.000000
vt 0.000000 0.000000
vt 1.000000 0.000000
vt 0.500000 1.000000
vt 0.000000 0.000000
vt 1.000000 0.000000
vt 0.000000 0.000000
vt 1.000000 0.000000
vt 1.000000 1.000000
vt 0.000000 1.000000
vt 0.000000 0.000000
vt 1.000000 0.000000
vt 1.000000 1.000000
vt 0.000000 1.000000
vt 0.500000 1.000000
vt 0.000000 0.000000
vt 1.000000 0.000000
vt 0.500000 1.000000
vt 0.000000 0.000000
vt 1.000000 0.000000
vt 0.000000 0.000000
vt 1.000000 0.000000
vt 1.000000 1.000000
vt 0.000000 1.000000
vt 0.000000 0.000000
vt 1.000000 0.000000
vt 1.000000 1.000000
vt 0.000000 1.000000
vt 0.500000 1.000000
vt 0.000000 0.000000
vt 1.000000 0.000000
vt 0.500000 1.000000
vt 0.000000 0.000000
vt 1.000000 0.000000
vt 0.000000 0.000000
vt 1.000000 0.000000
vt 1.000000 1.000000
vt 0.000000 1.000000
vt 0.000000 0.000000
vt 1.000000 0.000000
vt 1.000000 1.000000
vt 0.000000 1.000000
vt 0.500000 1.000000
vt 0.000000 0.000000
vt 1.000000 0.000000
vt 0.500000 1.000000
vt 0.000000 0.000000
vt 1.000000 0.000000
vt 0.000000 0.000000
vt 1.000000 0.000000
vt 1.000000 1.000000
vt 0.000000 1.000000
vt 0.000000 0.000000
vt 1.000000 0.000000
vt 1.000000 1.000000
vt 0.000000 1.000000
vt 0.500000 1.000000
vt 0.000000 0.000000
vt 1.000000 0.000000
vt 0.500000 1.000000
vt 0.000000 0.000000
vt 1.000000 0.000000
vt 0.000000 0.000000
vt 1.000000 0.000000
vt 1.000000 1.000000
vt 0.000000 1.000000
vt 0.000000 0.000000
vt 1.000000 0.000000
vt 1.000000 1.000000
vt 0.000000 1.000000
vt 0.500000 1.000000
vt 0.000000 0.000000
vt 1.000000 0.000000
vt 0.500000 1.000000
vt 0.000000 0.000000
vt 1.000000 0.000000
vt 0.000000 0.000000
vt 1.000000 0.000000
vt 1.000000 1.000000
vt 0.000000 1.000000
vt 0.000000 0.000000
vt 1.000000 0.000000
vt 1.000000 1.000000
vt 0.000000 1.000000
vt 0.500000 1.000000
vt 0.000000 0.000000
vt 1.000000 0.000000
vt 0.500000 1.000000
vt 0.000000 0.000000
vt 1.000000 0.000000
vt 0.000000 0.000000
vt 1.000000 0.000000
vt 1.000000 1.000000
vt 0.000000 1.000000
vt 0.000000 0.000000
vt 1.000000 0.000000
vt 1.000000 1.000000
vt 0.000000 1.000000
vt 0.500000 1.000000
vt 0.000000 0.000000
vt 1.000000 0.000000
vt 0.500000 1.000000
vt 0.000000 0.000000
vt 1.000000 0.000000
vt 0.000000 0.000000
vt 1.000000 0.000000
vt 1.000000 1.000000
vt 0.000000 1.000000
vt 0.000000 0.000000
vt 1.000000 0.000000
vt 1.000000 1.000000
vt 0.000000 1.000000
vt 0.500000 1.000000
vt 0.000000 0.000000
vt 1.000000 0.000000
vt 0.500000 1.000000
vt 0.000000 0.000000
vt 1.000000 0.000000
vt 0.000000 0.000000
vt 1.000000 0.000000
vt 1.000000 1.000000
vt 0.000000 1.000000
vt 0.000000 0.000000
vt 1.000000 0.000000
vt 1.000000 1.000000
vt 0.000000 1.000000
vt 0.500000 1.000000
vt 0.000000 0.000000
vt 1.000000 0.000000
vt 0.500000 1.000000
vt 0.000000 0.000000
vt 1.000000 0.000000
vt 0.000000 0.000000
vt 1.000000 0.000000
vt 1.000000 1.000000
vt 0.000000 1.000000
vt 0.000000 0.000000
vt 1.000000 0.000000
vt 1.000000 1.000000
vt 0.000000 1.000000
vt 0.500000 1.000000
vt 0.000000 0.000000
vt 1.000000 0.000000
vt 0.500000 1.000000
vt 0.000000 0.000000
vt 1.000000 0.000000
vt 0.000000 0.000000
vt 1.000000 0.000000
vt 1.000000 1.000000
vt 0.000000 1.000000
vt 0.000000 0.000000
vt 1.000000 0.000000
vt 1.000000 1.000000
vt 0.000000 1.000000
vt 0.500000 1.000000
vt 0.000000 0.000000
vt 1.000000 0.000000
vt 0.500000 1.000000
vt 0.000000 0.000000
vt 1.000000 0.000000
vt 0.000000 0.000000
vt 1.000000 0.000000
vt 1.000000 1.000000
vt 0.000000 1.000000
vt 0.000000 0.000000
vt 1.000000 0.000000
vt 1.000000 1.000000
vt 0.000000 1.000000
vt 0.500000 1.000000
vt 0.000000 0.000000
vt 1.000000 0.000000
vt 0.500000 1.000000
vt 0.000000 0.000000
vt 1.000000 0.000000
vt 0.000000 0.000000
vt 1.000000 0.000000
vt 1.000000 1.000000
vt 0.000000 1.000000
vt 0.000000 0.000000
vt 1.000000 0.000000
vt 1.000000 1.000000
vt 0.000000 1.000000
vt 0.500000 1.000000
vt 0.000000 0.000000
vt 1.000000 0.000000
vt 0.500000 1.000000
vt 0.000000 0.000000
vt 1.000000 0.000000
vt 0.000000 0.000000
vt 1.000000 0.000000
vt 1.000000 1.000000
vt 0.000000 1.000000
vt 0.000000 0.000000
vt 1.000000 0.000000
vt 1.000000 1.000000
vt 0.000000 1.000000
vt 0.500000 1.000000
vt 0.000000 0.000000
vt 1.000000 0.000000
s 1
usemtl models/caelum/world/environment/bark_plains.png
f 1/1 2/2 3/3 4/4
f 5/5 6/6 7/7
f 8/8 9/9 10/10 11/11
f 12/12 13/13 14/14
f 15/15 16/16 17/17 18/18
f 19/19 20/20 21/21
f 22/22 23/23 24/24 25/25
f 26/26 27/27 28/28
f 29/29 30/30 31/31 32/32
f 33/33 34/34 35/35
f 36/36 37/37 38/38 39/39
f 40/40 41/41 42/42
f 43/43 44/44 45/45 46/46
f 47/47 48/48 49/49
f 50/50 51/51 52/52 53/53
f 54/54 55/55 56/56
f 57/57 58/58 59/59 60/60
f 61/61 62/62 63/63
f 64/64 65/65 66/66 67/67
f 68/68 69/69 70/70 71/71
f 72/72 73/73 74/74 75/75
f 76/76 77/77 78/78 79/79
f 80/80 81/81 82/82 83/83
f 84/84 85/85 86/86 87/87
f 88/88 89/89 90/90 91/91
f 92/92 93/93 94/94 95/95
f 96/96 97/97 98/98 99/99
f 100/100 101/101 102/102 103/103
f 104/104 105/105 106/106
f 107/107 108/108 109/109 110/110
f 111/111 112/112 113/113
f 114/114 115/115 116/116 117/117
f 118/118 119/119 120/120
f 121/121 122/122 123/123 124/124
f 125/125 126/126 127/127
f 128/128 129/129 130/130 131/131
f 132/132 133/133 134/134
f 135/135 136/136 137/137 138/138
f 139/139 140/140 141/141
f 142/142 143/143 144/144 145/145
f 146/146 147/147 148/148
f 149/149 150/150 151/151 152/152
f 153/153 154/154 155/155
f 156/156 157/157 158/158 159/159
f 160/160 161/161 162/162
f 163/163 164/164 165/165 166/166
f 167/167 168/168 169/169
f 170/170 171/171 172/172
f 173/173 174/174 175/175 176/176
f 177/177 178/178 179/179
f 180/180 181/181 182/182
f 183/183 184/184 185/185 186/186
f 187/187 188/188 189/189
f 190/190 191/191 192/192
f 193/193 194/194 195/195 196/196
f 197/197 198/198 199/199
f 200/200 201/201 202/202
f 203/203 204/204 205/205 206/206
f 207/207 208/208 209/209
f 210/210 211/211 212/212
f 213/213 214/214 215/215 216/216
f 217/217 218/218 219/219
f 220/220 221/221 222/222
f 223/223 224/224 225/225 226/226
f 227/227 228/228 229/229
f 230/230 231/231 232/232
f 233/233 234/234 235/235 236/236
f 237/237 238/238 239/239
f 240/240 241/241 242/242
f 243/243 244/244 245/245 246/246
f 247/247 248/248 249/249
f 250/250 251/251 252/252
f 253/253 254/254 255/255 256/256
f 257/257 258/258 259/259
f 260/260 261/261 262/262
f 263/263 264/264 265/265 266/266
f 267/267 268/268 269/269
f 270/270 271/271 272/272
f 273/273 274/274 275/275 276/276
f 277/277 278/278 279/279
f 280/280 281/281 282/282
f 283/283 284/284 285/285 286/286
f 287/287 288/288 289/289
f 290/290 291/291 292/292
f 293/293 294/294 295/295 296/296
f 297/297 298/298 299/299
f 300/300 301/301 302/302
f 303/303 304/304 305/305 306/306
f 307/307 308/308 309/309
f 310/310 311/311 312/312
f 313/313 314/314 315/315 316/316
f 317/317 318/318 319/319
f 320/320 321/321 322/322
f 323/323 324/324 325/325 326/326
f 327/327 328/328 329/329
f 330/330 331/331 332/332
f 333/333 334/334 335/335 336/336
f 337/337 338/338 339/339
f 340/340 341/341 342/342
f 343/343 344/344 345/345 346/346
f 347/347 348/348 349/349
f 350/350 351/351 352/352
f 353/353 354/354 355/355 356/356
f 357/357 358/358 359/359
f 360/360 361/361 362/362
f 363/363 364/364 365/365 366/366
f 367/367 368/368 369/369
f 370/370 371/371 372/372
f 373/373 374/374 375/375 376/376
f 377/377 378/378 379/379
f 380/380 381/381 382/382
f 383/383 384/384 385/385 386/386
f 387/387 388/388 389/389
f 390/390 391/391 392/392
f 393/393 394/394 395/395 396/396
f 397/397 398/398 399/399
f 400/400 401/401 402/402
f 403/403 404/404 405/405 406/406
f 407/407 408/408 409/409
f 410/410 411/411 412/412
f 413/413 414/414 415/415 416/416
f 417/417 418/418 419/419
f 420/420 421/421 422/422
f 423/423 424/424 425/425 426/426
f 427/427 428/428 429/429
f 430/430 431/431 432/432
f 433/433 434/434 435/435 436/436
f 437/437 438/438 439/439
f 440/440 441/441 442/442
f 443/443 444/444 445/445 446/446
f 447/447 448/448 449/449
f 450/450 451/451 452/452
f 453/453 454/454 455/455 456/456
f 457/457 458/458 459/459
f 460/460 461/461 462/462
f 463/463 464/464 465/465 466/466
f 467/467 468/468 469/469
f 470/470 471/471 472/472
f 473/473 474/474 475/475 476/476
f 477/477 478/478 479/479
f 480/480 481/481 482/482
f 483/483 484/484 485/485 486/486
f 487/487 488/488 489/489
f 490/490 491/491 492/492
f 493/493 494/494 495/495 496/496
f 497/497 498/498 499/499
f 500/500 501/501 502/502
f 503/503 504/504 505/505 506/506
f 507/507 508/508 509/509
f 510/510 511/511 512/512
f 513/513 514/514 515/515 516/516
f 517/517 518/518 519/519
f 520/520 521/521 522/522
f 523/523 524/524 525/525 526/526
f 527/527 528/528 529/529
f 530/530 531/531 532/532
f 533/533 534/534 535/535 536/536
f 537/537 538/538 539/539
f 540/540 541/541 542/542
f 543/543 544/544 545/545 546/546
f 547/547 548/548 549/549
f 550/550 551/551 552/552
f 553/553 554/554 555/555 556/556
f 557/557 558/558 559/559
f 560/560 561/561 562/562
f 563/563 564/564 565/565 566/566
f 567/567 568/568 569/569
f 570/570 571/571 572/572
f 573/573 574/574 575/575 576/576
f 577/577 578/578 579/579
f 580/580 581/581 582/582
f 583/583 584/584 585/585 586/586
f 587/587 588/588 589/589
f 590/590 591/591 592/592
f 593/593 594/594 595/595 596/596
f 597/597 598/598 599/599
f 600/600 601/601 602/602
f 603/603 604/604 605/605 606/606
f 607/607 608/608 609/609
f 610/610 611/611 612/612
f 613/613 614/614 615/615 616/616
f 617/617 618/618 619/619
f 620/620 621/621 622/622
f 623/623 624/624 625/625 626/626
f 627/627 628/628 629/629
f 630/630 631/631 632/632
f 633/633 634/634 635/635 636/636
f 637/637 638/638 639/639
f 640/640 641/641 642/642
f 643/643 644/644 645/645 646/646
f 647/647 648/648 649/649
f 650/650 651/651 652/652 653/653
f 654/654 655/655 656/656
f 657/657 658/658 659/659 660/660
f 661/661 662/662 663/663
f 664/664 665/665 666/666 667/667
f 668/668 669/669 670/670
f 671/671 672/672 673/673 674/674
f 675/675 676/676 677/677
f 678/678 679/679 680/680 681/681
f 682/682 683/683 684/684
f 685/685 686/686 687/687 688/688
f 689/689 690/690 691/691
f 692/692 693/693 694/694 695/695
f 696/696 697/697 698/698
f 699/699 700/700 701/701 702/702
f 703/703 704/704 705/705
f 706/706 707/707 708/708 709/709
f 710/710 711/711 712/712
f 713/713 714/714 715/715 716/716
f 717/717 718/718 719/719
f 720/720 721/721 722/722 723/723
f 724/724 725/725 726/726
f 727/727 728/728 729/729 730/730
f 731/731 732/732 733/733
f 734/734 735/735 736/736 737/737
f 738/738 739/739 740/740
f 741/741 742/742 743/743 744/744
f 745/745 746/746 747/747
f 748/748 749/749 750/750 751/751
f 752/752 753/753 754/754
f 755/755 756/756 757/757 758/758
f 759/759 760/760 761/761
f 762/762 763/763 764/764 765/765
f 766/766 767/767 768/768
f 769/769 770/770 771/771 772/772
f 773/773 774/774 775/775
f 776/776 777/777 778/778 779/779
f 780/780 781/781 782/782
f 783/783 784/784 785/785 786/786
f 787/787 788/788 789/789
f 790/790 791/791 792/792 793/793
f 794/794 795/795 796/796
f 797/797 798/798 799/799 800/800
f 801/801 802/802 803/803
f 804/804 805/805 806/806 807/807
f 808/808 809/809 810/810
f 811/811 812/812 813/813 814/814
f 815/815 816/816 817/817
f 818/818 819/819 820/820 821/821
f 822/822 823/823 824/824
f 825/825 826/826 827/827 828/828
f 829/829 830/830 831/831
f 832/832 833/833 834/834 835/835
f 836/836 837/837 838/838
f 839/839 840/840 841/841 842/842
f 843/843 844/844 845/845
f 846/846 847/847 848/848 849/849
f 850/850 851/851 852/852
f 853/853 854/854 855/855 856/856
f 857/857 858/858 859/859
f 860/860 861/861 862/862 863/863
f 864/864 865/865 866/866
f 867/867 868/868 869/869 870/870
f 871/871 872/872 873/873
f 874/874 875/875 876/876 877/877
f 878/878 879/879 880/880
f 881/881 882/882 883/883 884/884
f 885/885 886/886 887/887
f 888/888 889/889 890/890 891/891
f 892/892 893/893 894/894
f 895/895 896/896 897/897 898/898
f 899/899 900/900 901/901
f 902/902 903/903 904/904 905/905
f 906/906 907/907 908/908
f 909/909 910/910 911/911 912/912
f 913/913 914/914 915/915
f 916/916 917/917 918/918 919/919
f 920/920 921/921 922/922
f 923/923 924/924 925/925 926/926
f 927/927 928/928 929/929
f 930/930 931/931 932/932 933/933
f 934/934 935/935 936/936
f 937/937 938/938 939/939 940/940
f 941/941 942/942 943/943
f 944/944 945/945 946/946 947/947
f 948/948 949/949 950/950
f 951/951 952/952 953/953 954/954
f 955/955 956/956 957/957
f 958/958 959/959 960/960 961/961
f 962/962 963/963 964/964
f 965/965 966/966 967/967 968/968
f 969/969 970/970 971/971
f 972/972 973/973 974/974 975/975
f 976/976 977/977 978/978
f 979/979 980/980 981/981 982/982
f 983/983 984/984 985/985
f 986/986 987/987 988/988 989/989
f 990/990 991/991 992/992
f 993/993 994/994 995/995 996/996
f 997/997 998/998 999/999
f 1000/1000 1001/1001 1002/1002 1003/1003
f 1004/1004 1005/1005 1006/1006
f 1007/1007 1008/1008 1009/1009 1010/1010
f 1011/1011 1012/1012 1013/1013
f 1014/1014 1015/1015 1016/1016 1017/1017
f 1018/1018 1019/1019 1020/1020
f 1021/1021 1022/1022 1023/1023 1024/1024
f 1025/1025 1026/1026 1027/1027
f 1028/1028 1029/1029 1030/1030 1031/1031
f 1032/1032 1033/1033 1034/1034
f 1035/1035 1036/1036 1037/1037 1038/1038
f 1039/1039 1040/1040 1041/1041
f 1042/1042 1043/1043 1044/1044 1045/1045
f 1046/1046 1047/1047 1048/1048
f 1049/1049 1050/1050 1051/1051 1052/1052
f 1053/1053 1054/1054 1055/1055
f 1056/1056 1057/1057 1058/1058 1059/1059
f 1060/1060 1061/1061 1062/1062
f 1063/1063 1064/1064 1065/1065 1066/1066
f 1067/1067 1068/1068 1069/1069
f 1070/1070 1071/1071 1072/1072 1073/1073
f 1074/1074 1075/1075 1076/1076
f 1077/1077 1078/1078 1079/1079 1080/1080
f 1081/1081 1082/1082 1083/1083
f 1084/1084 1085/1085 1086/1086 1087/1087
f 1088/1088 1089/1089 1090/1090
f 1091/1091 1092/1092 1093/1093 1094/1094
f 1095/1095 1096/1096 1097/1097
f 1098/1098 1099/1099 1100/1100 1101/1101
f 1102/1102 1103/1103 1104/1104
f 1105/1105 1106/1106 1107/1107 1108/1108
f 1109/1109 1110/1110 1111/1111
f 1112/1112 1113/1113 1114/1114 1115/1115
f 1116/1116 1117/1117 1118/1118
f 1119/1119 1120/1120 1121/1121 1122/1122
f 1123/1123 1124/1124 1125/1125
f 1126/1126 1127/1127 1128/1128 1129/1129
f 1130/1130 1131/1131 1132/1132
f 1133/1133 1134/1134 1135/1135 1136/1136
f 1137/1137 1138/1138 1139/1139
f 1140/1140 1141/1141 1142/1142 1143/1143
f 1144/1144 1145/1145 1146/1146
f 1147/1147 1148/1148 1149/1149 1150/1150
f 1151/1151 1152/1152 1153/1153
f 1154/1154 1155/1155 1156/1156 1157/1157
f 1158/1158 1159/1159 1160/1160
f 1161/1161 1162/1162 1163/1163 1164/1164
f 1165/1165 1166/1166 1167/1167
f 1168/1168 1169/1169 1170/1170 1171/1171
f 1172/1172 1173/1173 1174/1174
f 1175/1175 1176/1176 1177/1177 1178/1178
f 1179/1179 1180/1180 1181/1181
f 1182/1182 1183/1183 1184/1184 1185/1185
f 1186/1186 1187/1187 1188/1188
f 1189/1189 1190/1190 1191/1191 1192/1192
f 1193/1193 1194/1194 1195/1195
f 1196/1196 1197/1197 1198/1198 1199/1199
f 1200/1200 1201/1201 1202/1202
f 1203/1203 1204/1204 1205/1205 1206/1206
f 1207/1207 1208/1208 1209/1209
f 1210/1210 1211/1211 1212/1212 1213/1213
f 1214/1214 1215/1215 1216/1216
f 1217/1217 1218/1218 1219/1219 1220/1220
f 1221/1221 1222/1222 1223/1223
f 1224/1224 1225/1225 1226/1226 1227/1227
f 1228/1228 1229/1229 1230/1230
f 1231/1231 1232/1232 1233/1233 1234/1234
f 1235/1235 1236/1236 1237/1237
f 1238/1238 1239/1239 1240/1240 1241/1241
f 1242/1242 1243/1243 1244/1244
f 1245/1245 1246/1246 1247/1247 1248/1248
f 1249/1249 1250/1250 1251/1251
f 1252/1252 1253/1253 1254/1254 1255/1255
f 1256/1256 1257/1257 1258/1258
f 1259/1259 1260/1260 1261/1261 1262/1262
f 1263/1263 1264/1264 1265/1265
f 1266/1266 1267/1267 1268/1268 1269/1269
f 1270/1270 1271/1271 1272/1272
f 1273/1273 1274/1274 1275/1275 1276/1276
f 1277/1277 1278/1278 1279/1279
f 1280/1280 1281/1281 1282/1282 1283/1283
f 1284/1284 1285/1285 1286/1286
f 1287/1287 1288/1288 1289/1289 1290/1290
f 1291/1291 1292/1292 1293/1293
f 1294/1294 1295/1295 1296/1296 1297/1297
f 1298/1298 1299/1299 1300/1300
f 1301/1301 1302/1302 1303/1303 1304/1304
f 1305/1305 1306/1306 1307/1307
f 1308/1308 1309/1309 1310/1310 1311/1311
f 1312/1312 1313/1313 1314/1314
f 1315/1315 1316/1316 1317/1317 1318/1318
f 1319/1319 1320/1320 1321/1321
f 1322/1322 1323/1323 1324/1324 1325/1325
f 1326/1326 1327/1327 1328/1328
f 1329/1329 1330/1330 1331/1331 1332/1332
f 1333/1333 1334/1334 1335/1335
f 1336/1336 1337/1337 1338/1338 1339/1339
f 1340/1340 1341/1341 1342/1342
f 1343/1343 1344/1344 1345/1345 1346/1346
f 1347/1347 1348/1348 1349/1349
f 1350/1350 1351/1351 1352/1352 1353/1353
f 1354/1354 1355/1355 1356/1356
f 1357/1357 1358/1358 1359/1359 1360/1360
f 1361/1361 1362/1362 1363/1363
f 1364/1364 1365/1365 1366/1366 1367/1367
f 1368/1368 1369/1369 1370/1370
f 1371/1371 1372/1372 1373/1373 1374/1374
f 1375/1375 1376/1376 1377/1377
f 1378/1378 1379/1379 1380/1380 1381/1381
f 1382/1382 1383/1383 1384/1384
f 1385/1385 1386/1386 1387/1387 1388/1388
f 1389/1389 1390/1390 1391/1391
f 1392/1392 1393/1393 1394/1394 1395/1395
f 1396/1396 1397/1397 1398/1398
f 1399/1399 1400/1400 1401/1401 1402/1402
f 1403/1403 1404/1404 1405/1405
f 1406/1406 1407/1407 1408/1408 1409/1409
f 1410/1410 1411/1411 1412/1412
f 1413/1413 1414/1414 1415/1415 1416/1416
f 1417/1417 1418/1418 1419/1419
f 1420/1420 1421/1421 1422/1422 1423/1423
f 1424/1424 1425/1425 1426/1426
f 1427/1427 1428/1428 1429/1429 1430/1430
f 1431/1431 1432/1432 1433/1433
f 1434/1434 1435/1435 1436/1436 1437/1437
f 1438/1438 1439/1439 1440/1440
f 1441/1441 1442/1442 1443/1443 1444/1444
f 1445/1445 1446/1446 1447/1447
f 1448/1448 1449/1449 1450/1450 1451/1451
f 1452/1452 1453/1453 1454/1454
f 1455/1455 1456/1456 1457/1457 1458/1458
f 1459/1459 1460/1460 1461/1461
f 1462/1462 1463/1463 1464/1464 1465/1465
f 1466/1466 1467/1467 1468/1468
f 1469/1469 1470/1470 1471/1471 1472/1472
f 1473/1473 1474/1474 1475/1475
f 1476/1476 1477/1477 1478/1478 1479/1479
f 1480/1480 1481/1481 1482/1482
f 1483/1483 1484/1484 1485/1485 1486/1486
f 1487/1487 1488/1488 1489/1489
f 1490/1490 1491/1491 1492/1492 1493/1493
f 1494/1494 1495/1495 1496/1496
f 1497/1497 1498/1498 1499/1499 1500/1500
f 1501/1501 1502/1502 1503/1503
f 1504/1504 1505/1505 1506/1506 1507/1507
f 1508/1508 1509/1509 1510/1510
f 1511/1511 1512/1512 1513/1513 1514/1514
f 1515/1515 1516/1516 1517/1517
f 1518/1518 1519/1519 1520/1520 1521/1521
f 1522/1522 1523/1523 1524/1524
f 1525/1525 1526/1526 1527/1527 1528/1528
f 1529/1529 1530/1530 1531/1531
f 1532/1532 1533/1533 1534/1534 1535/1535
f 1536/1536 1537/1537 1538/1538
f 1539/1539 1540/1540 1541/1541 1542/1542
f 1543/1543 1544/1544 1545/1545
f 1546/1546 1547/1547 1548/1548 1549/1549
f 1550/1550 1551/1551 1552/1552
f 1553/1553 1554/1554 1555/1555 1556/1556
f 1557/1557 1558/1558 1559/1559
f 1560/1560 1561/1561 1562/1562 1563/1563
f 1564/1564 1565/1565 1566/1566
f 1567/1567 1568/1568 1569/1569 1570/1570
f 1571/1571 1572/1572 1573/1573
f 1574/1574 1575/1575 1576/1576 1577/1577
f 1578/1578 1579/1579 1580/1580
f 1581/1581 1582/1582 1583/1583 1584/1584
f 1585/1585 1586/1586 1587/1587
f 1588/1588 1589/1589 1590/1590 1591/1591
f 1592/1592 1593/1593 1594/1594
f 1595/1595 1596/1596 1597/1597 1598/1598
f 1599/1599 1600/1600 1601/1601
f 1602/1602 1603/1603 1604/1604 1605/1605
f 1606/1606 1607/1607 1608/1608
f 1609/1609 1610/1610 1611/1611 1612/1612
f 1613/1613 1614/1614 1615/1615
f 1616/1616 1617/1617 1618/1618 1619/1619
f 1620/1620 1621/1621 1622/1622
f 1623/1623 1624/1624 1625/1625 1626/1626
f 1627/1627 1628/1628 1629/1629
f 1630/1630 1631/1631 1632/1632 1633/1633
f 1634/1634 1635/1635 1636/1636
f 1637/1637 1638/1638 1639/1639 1640/1640
f 1641/1641 1642/1642 1643/1643
f 1644/1644 1645/1645 1646/1646 1647/1647
f 1648/1648 1649/1649 1650/1650
f 1651/1651 1652/1652 1653/1653 1654/1654
f 1655/1655 1656/1656 1657/1657
f 1658/1658 1659/1659 1660/1660 1661/1661
f 1662/1662 1663/1663 1664/1664
f 1665/1665 1666/1666 1667/1667 1668/1668
f 1669/1669 1670/1670 1671/1671
f 1672/1672 1673/1673 1674/1674 1675/1675
f 1676/1676 1677/1677 1678/1678
f 1679/1679 1680/1680 1681/1681 1682/1682
f 1683/1683 1684/1684 1685/1685
f 1686/1686 1687/1687 1688/1688 1689/1689
f 1690/1690 1691/1691 1692/1692
f 1693/1693 1694/1694 1695/1695 1696/1696
f 1697/1697 1698/1698 1699/1699
f 1700/1700 1701/1701 1702/1702 1703/1703
f 1704/1704 1705/1705 1706/1706
f 1707/1707 1708/1708 1709/1709 1710/1710
f 1711/1711 1712/1712 1713/1713
f 1714/1714 1715/1715 1716/1716 1717/1717
f 1718/1718 1719/1719 1720/1720
f 1721/1721 1722/1722 1723/1723 1724/1724
f 1725/1725 1726/1726 1727/1727
f 1728/1728 1729/1729 1730/1730 1731/1731
f 1732/1732 1733/1733 1734/1734
f 1735/1735 1736/1736 1737/1737 1738/1738
f 1739/1739 1740/1740 1741/1741
f 1742/1742 1743/1743 1744/1744 1745/1745
f 1746/1746 1747/1747 1748/1748
f 1749/1749 1750/1750 1751/1751 1752/1752
f 1753/1753 1754/1754 1755/1755
f 1756/1756 1757/1757 1758/1758 1759/1759
f 1760/1760 1761/1761 1762/1762
f 1763/1763 1764/1764 1765/1765 1766/1766
f 1767/1767 1768/1768 1769/1769
f 1770/1770 1771/1771 1772/1772 1773/1773
f 1774/1774 1775/1775 1776/1776
f 1777/1777 1778/1778 1779/1779 1780/1780
f 1781/1781 1782/1782 1783/1783
f 1784/1784 1785/1785 1786/1786 1787/1787
f 1788/1788 1789/1789 1790/1790
f 1791/1791 1792/1792 1793/1793 1794/1794
f 1795/1795 1796/1796 1797/1797
f 1798/1798 1799/1799 1800/1800 1801/1801
f 1802/1802 1803/1803 1804/1804
f 1805/1805 1806/1806 1807/1807 1808/1808
f 1809/1809 1810/1810 1811/1811
f 1812/1812 1813/1813 1814/1814 1815/1815
f 1816/1816 1817/1817 1818/1818
usemtl models/caelum/world/environment/foliage_plains.png
f 1819/1819 1820/1820 1821/1821
f 1822/1822 1823/1823 1824/1824 1825/1825
f 1826/1826 1827/1827 1828/1828 1829/1829
f 1830/1830 1831/1831 1832/1832
f 1833/1833 1834/1834 1835/1835
f 1836/1836 1837/1837 1838/1838 1839/1839
f 1840/1840 1841/1841 1842/1842 1843/1843
f 1844/1844 1845/1845 1846/1846
f 1847/1847 1848/1848 1849/1849
f 1850/1850 1851/1851 1852/1852 1853/1853
f 1854/1854 1855/1855 1856/1856 1857/1857
f 1858/1858 1859/1859 1860/1860
f 1861/1861 1862/1862 1863/1863
f 1864/1864 1865/1865 1866/1866 1867/1867
f 1868/1868 1869/1869 1870/1870 1871/1871
f 1872/1872 1873/1873 1874/1874
f 1875/1875 1876/1876 1877/1877
f 1878/1878 1879/1879 1880/1880 1881/1881
f 1882/1882 1883/1883 1884/1884 1885/1885
f 1886/1886 1887/1887 1888/1888
f 1889/1889 1890/1890 1891/1891
f 1892/1892 1893/1893 1894/1894 1895/1895
f 1896/1896 1897/1897 1898/1898 1899/1899
f 1900/1900 1901/1901 1902/1902
f 1903/1903 1904/1904 1905/1905
f 1906/1906 1907/1907 1908/1908 1909/1909
f 1910/1910 1911/1911 1912/1912 1913/1913
f 1914/1914 1915/1915 1916/1916
f 1917/1917 1918/1918 1919/1919
f 1920/1920 1921/1921 1922/1922 1923/1923
f 1924/1924 1925/1925 1926/1926 1927/1927
f 1928/1928 1929/1929 1930/1930
f 1931/1931 1932/1932 1933/1933
f 1934/1934 1935/1935 1936/1936 1937/1937
f 1938/1938 1939/1939 1940/1940 1941/1941
f 1942/1942 1943/1943 1944/1944
f 1945/1945 1946/1946 1947/1947
f 1948/1948 1949/1949 1950/1950 1951/1951
f 1952/1952 1953/1953 1954/1954 1955/1955
f 1956/1956 1957/1957 1958/1958
f 1959/1959 1960/1960 1961/1961
f 1962/1962 1963/1963 1964/1964 1965/1965
f 1966/1966 1967/1967 1968/1968 1969/1969
f 1970/1970 1971/1971 1972/1972
f 1973/1973 1974/1974 1975/1975
f 1976/1976 1977/1977 1978/1978 1979/1979
f 1980/1980 1981/1981 1982/1982 1983/1983
f 1984/1984 1985/1985 1986/1986
f 1987/1987 1988/1988 1989/1989
f 1990/1990 1991/1991 1992/1992 1993/1993
f 1994/1994 1995/1995 1996/1996 1997/1997
f 1998/1998 1999/1999 2000/2000
f 2001/2001 2002/2002 2003/2003
f 2004/2004 2005/2005 2006/2006 2007/2007
f 2008/2008 2009/2009 2010/2010 2011/2011
f 2012/2012 2013/2013 2014/2014
f 2015/2015 2016/2016 2017/2017
f 2018/2018 2019/2019 2020/2020 2021/2021
f 2022/2022 2023/2023 2024/2024 2025/2025
f 2026/2026 2027/2027 2028/2028
f 2029/2029 2030/2030 2031/2031
f 2032/2032 2033/2033 2034/2034 2035/2035
f 2036/2036 2037/2037 2038/2038 2039/2039
f 2040/2040 2041/2041 2042/2042
f 2043/2043 2044/2044 2045/2045
f 2046/2046 2047/2047 2048/2048 2049/2049
f 2050/2050 2051/2051 2052/2052 2053/2053
f 2054/2054 2055/2055 2056/2056
f 2057/2057 2058/2058 2059/2059
f 2060/2060 2061/2061 2062/2062 2063/2063
f 2064/2064 2065/2065 2066/2066 2067/2067
f 2068/2068 2069/2069 2070/2070
f 2071/2071 2072/2072 2073/2073
f 2074/2074 2075/2075 2076/2076 2077/2077
f 2078/2078 2079/2079 2080/2080 2081/2081
f 2082/2082 2083/2083 2084/2084
f 2085/2085 2086/2086 2087/2087
f 2088/2088 2089/2089 2090/2090 2091/2091
f 2092/2092 2093/2093 2094/2094 2095/2095
f 2096/2096 2097/2097 2098/2098
f 2099/2099 2100/2100 2101/2101
f 2102/2102 2103/2103 2104/2104 2105/2105
f 2106/2106 2107/2107 2108/2108 2109/2109
f 2110/2110 2111/2111 2112/2112
f 2113/2113 2114/2114 2115/2115
f 2116/2116 2117/2117 2118/2118 2119/2119
f 2120/2120 2121/2121 2122/2122 2123/2123
f 2124/2124 2125/2125 2126/2126
f 2127/2127 2128/2128 2129/2129
f 2130/2130 2131/2131 2132/2132 2133/2133
f 2134/2134 2135/2135 2136/2136 2137/2137
f 2138/2138 2139/2139 2140/2140
f 2141/2141 2142/2142 2143/2143
f 2144/2144 2145/2145 2146/2146 2147/2147
f 2148/2148 2149/2149 2150/2150 2151/2151
f 2152/2152 2153/2153 2154/2154
f 2155/2155 2156/2156 2157/2157
f 2158/2158 2159/2159 2160/2160 2161/2161
f 2162/2162 2163/2163 2164/2164 2165/2165
f 2166/2166 2167/2167 2168/2168
f 2169/2169 2170/2170 2171/2171
f 2172/2172 2173/2173 2174/2174 2175/2175
f 2176/2176 2177/2177 2178/2178 2179/2179
f 2180/2180 2181/2181 2182/2182
f 2183/2183 2184/2184 2185/2185
f 2186/2186 2187/2187 2188/2188 2189/2189
f 2190/2190 2191/2191 2192/2192 2193/2193
f 2194/2194 2195/2195 2196/2196
f 2197/2197 2198/2198 2199/2199
f 2200/2200 2201/2201 2202/2202 2203/2203
f 2204/2204 2205/2205 2206/2206 2207/2207
f 2208/2208 2209/2209 2210/2210
f 2211/2211 2212/2212 2213/2213
f 2214/2214 2215/2215 2216/2216 2217/2217
f 2218/2218 2219/2219 2220/2220 2221/2221
f 2222/2222 2223/2223 2224/2224
f 2225/2225 2226/2226 2227/2227
f 2228/2228 2229/2229 2230/2230 2231/2231
f 2232/2232 2233/2233 2234/2234 2235/2235
f 2236/2236 2237/2237 2238/2238
f 2239/2239 2240/2240 2241/2241
f 2242/2242 2243/2243 2244/2244 2245/2245
f 2246/2246 2247/2247 2248/2248 2249/2249
f 2250/2250 2251/2251 2252/2252
f 2253/2253 2254/2254 2255/2255
f 2256/2256 2257/2257 2258/2258 2259/2259
f 2260/2260 2261/2261 2262/2262 2263/2263
f 2264/2264 2265/2265 2266/2266
f 2267/2267 2268/2268 2269/2269
f 2270/2270 2271/2271 2272/2272 2273/2273
f 2274/2274 2275/2275 2276/2276 2277/2277
f 2278/2278 2279/2279 2280/2280
f 2281/2281 2282/2282 2283/2283
f 2284/2284 2285/2285 2286/2286 2287/2287
f 2288/2288 2289/2289 2290/2290 2291/2291
f 2292/2292 2293/2293 2294/2294
f 2295/2295 2296/2296 2297/2297
f 2298/2298 2299/2299 2300/2300 2301/2301
f 2302/2302 2303/2303 2304/2304 2305/2305
f 2306/2306 2307/2307 2308/2308
f 2309/2309 2310/2310 2311/2311
f 2312/2312 2313/2313 2314/2314 2315/2315
f 2316/2316 2317/2317 2318/2318 2319/2319
f 2320/2320 2321/2321 2322/2322
f 2323/2323 2324/2324 2325/2325
f 2326/2326 2327/2327 2328/2328 2329/2329
f 2330/2330 2331/2331 2332/2332 2333/2333
f 2334/2334 2335/2335 2336/2336
f 2337/2337 2338/2338 2339/2339
f 2340/2340 2341/2341 2342/2342 2343/2343
f 2344/2344 2345/2345 2346/2346 2347/2347
f 2348/2348 2349/2349 2350/2350
f 2351/2351 2352/2352 2353/2353
f 2354/2354 2355/2355 2356/2356 2357/2357
f 2358/2358 2359/2359 2360/2360 2361/2361
f 2362/2362 2363/2363 2364/2364
f 2365/2365 2366/2366 2367/2367
f 2368/2368 2369/2369 2370/2370 2371/2371
f 2372/2372 2373/2373 2374/2374 2375/2375
f 2376/2376 2377/2377 2378/2378
f 2379/2379 2380/2380 2381/2381
f 2382/2382 2383/2383 2384/2384 2385/2385
f 2386/2386 2387/2387 2388/2388 2389/2389
f 2390/2390 2391/2391 2392/2392
f 2393/2393 2394/2394 2395/2395
f 2396/2396 2397/2397 2398/2398 2399/2399
f 2400/2400 2401/2401 2402/2402 2403/2403
f 2404/2404 2405/2405 2406/2406
f 2407/2407 2408/2408 2409/2409
f 2410/2410 2411/2411 2412/2412 2413/2413
f 2414/2414 2415/2415 2416/2416 2417/2417
f 2418/2418 2419/2419 2420/2420
f 2421/2421 2422/2422 2423/2423
f 2424/2424 2425/2425 2426/2426 2427/2427
f 2428/2428 2429/2429 2430/2430 2431/2431
f 2432/2432 2433/2433 2434/2434
f 2435/2435 2436/2436 2437/2437
f 2438/2438 2439/2439 2440/2440 2441/2441
f 2442/2442 2443/2443 2444/2444 2445/2445
f 2446/2446 2447/2447 2448/2448
f 2449/2449 2450/2450 2451/2451
f 2452/2452 2453/2453 2454/2454 2455/2455
f 2456/2456 2457/2457 2458/2458 2459/2459
f 2460/2460 2461/2461 2462/2462
f 2463/2463 2464/2464 2465/2465
f 2466/2466 2467/2467 2468/2468 2469/2469
f 2470/2470 2471/2471 2472/2472 2473/2473
f 2474/2474 2475/2475 2476/2476
f 2477/2477 2478/2478 2479/2479
f 2480/2480 2481/2481 2482/2482 2483/2483
f 2484/2484 2485/2485 2486/2486 2487/2487
f 2488/2488 2489/2489 2490/2490
f 2491/2491 2492/2492 2493/2493
f 2494/2494 2495/2495 2496/2496 2497/2497
f 2498/2498 2499/2499 2500/2500 2501/2501
f 2502/2502 2503/2503 2504/2504
f 2505/2505 2506/2506 2507/2507
f 2508/2508 2509/2509 2510/2510 2511/2511
f 2512/2512 2513/2513 2514/2514 2515/2515
f 2516/2516 2517/2517 2518/2518
f 2519/2519 2520/2520 2521/2521
f 2522/2522 2523/2523 2524/2524 2525/2525
f 2526/2526 2527/2527 2528/2528 2529/2529
f 2530/2530 2531/2531 2532/2532
f 2533/2533 2534/2534 2535/2535
f 2536/2536 2537/2537 2538/2538 2539/2539
f 2540/2540 2541/2541 2542/2542 2543/2543
f 2544/2544 2545/2545 2546/2546
f 2547/2547 2548/2548 2549/2549
f 2550/2550 2551/2551 2552/2552 2553/2553
f 2554/2554 2555/2555 2556/2556 2557/2557
f 2558/2558 2559/2559 2560/2560
f 2561/2561 2562/2562 2563/2563
f 2564/2564 2565/2565 2566/2566 2567/2567
f 2568/2568 2569/2569 2570/2570 2571/2571
f 2572/2572 2573/2573 2574/2574
f 2575/2575 2576/2576 2577/2577
f 2578/2578 2579/2579 2580/2580 2581/2581
f 2582/2582 2583/2583 2584/2584 2585/2585
f 2586/2586 2587/2587 2588/2588
f 2589/2589 2590/2590 2591/2591
f 2592/2592 2593/2593 2594/2594 2595/2595
f 2596/2596 2597/2597 2598/2598 2599/2599
f 2600/2600 2601/2601 2602/2602
f 2603/2603 2604/2604 2605/2605
f 2606/2606 2607/2607 2608/2608 2609/2609
f 2610/2610 2611/2611 2612/2612 2613/2613
f 2614/2614 2615/2615 2616/2616
f 2617/2617 2618/2618 2619/2619
f 2620/2620 2621/2621 2622/2622 2623/2623
f 2624/2624 2625/2625 2626/2626 2627/2627
f 2628/2628 2629/2629 2630/2630
f 2631/2631 2632/2632 2633/2633
f 2634/2634 2635/2635 2636/2636 2637/2637
f 2638/2638 2639/2639 2640/2640 2641/2641
f 2642/2642 2643/2643 2644/2644
f 2645/2645 2646/2646 2647/2647
f 2648/2648 2649/2649 2650/2650 2651/2651
f 2652/2652 2653/2653 2654/2654 2655/2655
f 2656/2656 2657/2657 2658/2658
f 2659/2659 2660/2660 2661/2661
f 2662/2662 2663/2663 2664/2664 2665/2665
f 2666/2666 2667/2667 2668/2668 2669/2669
f 2670/2670 2671/2671 2672/2672
f 2673/2673 2674/2674 2675/2675
f 2676/2676 2677/2677 2678/2678 2679/2679
f 2680/2680 2681/2681 2682/2682 2683/2683
f 2684/2684 2685/2685 2686/2686
f 2687/2687 2688/2688 2689/2689
f 2690/2690 2691/2691 2692/2692 2693/2693
f 2694/2694 2695/2695 2696/2696 2697/2697
f 2698/2698 2699/2699 2700/2700
f 2701/2701 2702/2702 2703/2703
f 2704/2704 2705/2705 2706/2706 2707/2707
f 2708/2708 2709/2709 2710/2710 2711/2711
f 2712/2712 2713/2713 2714/2714
f 2715/2715 2716/2716 2717/2717
f 2718/2718 2719/2719 2720/2720 2721/2721
f 2722/2722 2723/2723 2724/2724 2725/2725
f 2726/2726 2727/2727 2728/2728
f 2729/2729 2730/2730 2731/2731
f 2732/2732 2733/2733 2734/2734 2735/2735
f 2736/2736 2737/2737 2738/2738 2739/2739
f 2740/2740 2741/2741 2742/2742
f 2743/2743 2744/2744 2745/2745
f 2746/2746 2747/2747 2748/2748 2749/2749
f 2750/2750 2751/2751 2752/2752 2753/2753
f 2754/2754 2755/2755 2756/2756
f 2757/2757 2758/2758 2759/2759
f 2760/2760 2761/2761 2762/2762 2763/2763
f 2764/2764 2765/2765 2766/2766 2767/2767
f 2768/2768 2769/2769 2770/2770
f 2771/2771 2772/2772 2773/2773
f 2774/2774 2775/2775 2776/2776 2777/2777
f 2778/2778 2779/2779 2780/2780 2781/2781
f 2782/2782 2783/2783 2784/2784
f 2785/2785 2786/2786 2787/2787
f 2788/2788 2789/2789 2790/2790 2791/2791
f 2792/2792 2793/2793 2794/2794 2795/2795
f 2796/2796 2797/2797 2798/2798
f 2799/2799 2800/2800 2801/2801
f 2802/2802 2803/2803 2804/2804 2805/2805
f 2806/2806 2807/2807 2808/2808 2809/2809
f 2810/2810 2811/2811 2812/2812
f 2813/2813 2814/2814 2815/2815
f 2816/2816 2817/2817 2818/2818 2819/2819
f 2820/2820 2821/2821 2822/2822 2823/2823
f 2824/2824 2825/2825 2826/2826
f 2827/2827 2828/2828 2829/2829
f 2830/2830 2831/2831 2832/2832 2833/2833
f 2834/2834 2835/2835 2836/2836 2837/2837
f 2838/2838 2839/2839 2840/2840
f 2841/2841 2842/2842 2843/2843
f 2844/2844 2845/2845 2846/2846 2847/2847
f 2848/2848 2849/2849 2850/2850 2851/2851
f 2852/2852 2853/2853 2854/2854
f 2855/2855 2856/2856 2857/2857
f 2858/2858 2859/2859 2860/2860 2861/2861
f 2862/2862 2863/2863 2864/2864 2865/2865
f 2866/2866 2867/2867 2868/2868
f 2869/2869 2870/2870 2871/2871
f 2872/2872 2873/2873 2874/2874 2875/2875
f 2876/2876 2877/2877 2878/2878 2879/2879
f 2880/2880 2881/2881 2882/2882
f 2883/2883 2884/2884 2885/2885
f 2886/2886 2887/2887 2888/2888 2889/2889
f 2890/2890 2891/2891 2892/2892 2893/2893
f 2894/2894 2895/2895 2896/2896
f 2897/2897 2898/2898 2899/2899
f 2900/2900 2901/2901 2902/2902 2903/2903
f 2904/2904 2905/2905 2906/2906 2907/2907
f 2908/2908 2909/2909 2910/2910
f 2911/2911 2912/2912 2913/2913
f 2914/2914 2915/2915 2916/2916 2917/2917
f 2918/2918 2919/2919 2920/2920 2921/2921
f 2922/2922 2923/2923 2924/2924
f 2925/2925 2926/2926 2927/2927
f 2928/2928 2929/2929 2930/2930 2931/2931
f 2932/2932 2933/2933 2934/2934 2935/2935
f 2936/2936 2937/2937 2938/2938
f 2939/2939 2940/2940 2941/2941
f 2942/2942 2943/2943 2944/2944 2945/2945
f 2946/2946 2947/2947 2948/2948 2949/2949
f 2950/2950 2951/2951 2952/2952
f 2953/2953 2954/2954 2955/2955
f 2956/2956 2957/2957 2958/2958 2959/2959
f 2960/2960 2961/2961 2962/2962 2963/2963
f 2964/2964 2965/2965 2966/2966
f 2967/2967 2968/2968 2969/2969
f 2970/2970 2971/2971 2972/2972 2973/2973
f 2974/2974 2975/2975 2976/2976 2977/2977
f 2978/2978 2979/2979 2980/2980
f 2981/2981 2982/2982 2983/2983
f 2984/2984 2985/2985 2986/2986 2987/2987
f 2988/2988 2989/2989 2990/2990 2991/2991
f 2992/2992 2993/2993 2994/2994
f 2995/2995 2996/2996 2997/2997
f 2998/2998 2999/2999 3000/3000 3001/3001
f 3002/3002 3003/3003 3004/3004 3005/3005
f 3006/3006 3007/3007 3008/3008
f 3009/3009 3010/3010 3011/3011
f 3012/3012 3013/3013 3014/3014 3015/3015
f 3016/3016 3017/3017 3018/3018 3019/3019
f 3020/3020 3021/3021 3022/3022
f 3023/3023 3024/3024 3025/3025
f 3026/3026 3027/3027 3028/3028 3029/3029
f 3030/3030 3031/3031 3032/3032 3033/3033
f 3034/3034 3035/3035 3036/3036
f 3037/3037 3038/3038 3039/3039
f 3040/3040 3041/3041 3042/3042 3043/3043
f 3044/3044 3045/3045 3046/3046 3047/3047
f 3048/3048 3049/3049 3050/3050
f 3051/3051 3052/3052 3053/3053
f 3054/3054 3055/3055 3056/3056 3057/3057
f 3058/3058 3059/3059 3060/3060 3061/3061
f 3062/3062 3063/3063 3064/3064
f 3065/3065 3066/3066 3067/3067
f 3068/3068 3069/3069 3070/3070 3071/3071
f 3072/3072 3073/3073 3074/3074 3075/3075
f 3076/3076 3077/3077 3078/3078
f 3079/3079 3080/3080 3081/3081
f 3082/3082 3083/3083 3084/3084 3085/3085
f 3086/3086 3087/3087 3088/3088 3089/3089
f 3090/3090 3091/3091 3092/3092
f 3093/3093 3094/3094 3095/3095
f 3096/3096 3097/3097 3098/3098 3099/3099
f 3100/3100 3101/3101 3102/3102 3103/3103
f 3104/3104 3105/3105 3106/3106
f 3107/3107 3108/3108 3109/3109
f 3110/3110 3111/3111 3112/3112 3113/3113
f 3114/3114 3115/3115 3116/3116 3117/3117
f 3118/3118 3119/3119 3120/3120
f 3121/3121 3122/3122 3123/3123
f 3124/3124 3125/3125 3126/3126 3127/3127
f 3128/3128 3129/3129 3130/3130 3131/3131
f 3132/3132 3133/3133 3134/3134
f 3135/3135 3136/3136 3137/3137
f 3138/3138 3139/3139 3140/3140 3141/3141
f 3142/3142 3143/3143 3144/3144 3145/3145
f 3146/3146 3147/3147 3148/3148
f 3149/3149 3150/3150 3151/3151
f 3152/3152 3153/3153 3154/3154 3155/3155
f 3156/3156 3157/3157 3158/3158 3159/3159
f 3160/3160 3161/3161 3162/3162
f 3163/3163 3164/3164 3165/3165
f 3166/3166 3167/3167 3168/3168 3169/3169
f 3170/3170 3171/3171 3172/3172 3173/3173
f 3174/3174 3175/3175 3176/3176
f 3177/3177 3178/3178 3179/3179
f 3180/3180 3181/3181 3182/3182 3183/3183
f 3184/3184 3185/3185 3186/3186 3187/3187
f 3188/3188 3189/3189 3190/3190
f 3191/3191 3192/3192 3193/3193
f 3194/3194 3195/3195 3196/3196 3197/3197
f 3198/3198 3199/3199 3200/3200 3201/3201
f 3202/3202 3203/3203 3204/3204
f 3205/3205 3206/3206 3207/3207
f 3208/3208 3209/3209 3210/3210 3211/3211
f 3212/3212 3213/3213 3214/3214 3215/3215
f 3216/3216 3217/3217 3218/3218
f 3219/3219 3220/3220 3221/3221
f 3222/3222 3223/3223 3224/3224 3225/3225
f 3226/3226 3227/3227 3228/3228 3229/3229
f 3230/3230 3231/3231 3232/3232
f 3233/3233 3234/3234 3235/3235
f 3236/3236 3237/3237 3238/3238 3239/3239
f 3240/3240 3241/3241 3242/3242 3243/3243
f 3244/3244 3245/3245 3246/3246
f 3247/3247 3248/3248 3249/3249
f 3250/3250 3251/3251 3252/3252 3253/3253
f 3254/3254 3255/3255 3256/3256 3257/3257
f 3258/3258 3259/3259 3260/3260
f 3261/3261 3262/3262 3263/3263
f 3264/3264 3265/3265 3266/3266 3267/3267
f 3268/3268 3269/3269 3270/3270 3271/3271
f 3272/3272 3273/3273 3274/3274
f 3275/3275 3276/3276 3277/3277
f 3278/3278 3279/3279 3280/3280 3281/3281
f 3282/3282 3283/3283 3284/3284 3285/3285
f 3286/3286 3287/3287 3288/3288
f 3289/3289 3290/3290 3291/3291
f 3292/3292 3293/3293 3294/3294 3295/3295
f 3296/3296 3297/3297 3298/3298 3299/3299
f 3300/3300 3301/3301 3302/3302
f 3303/3303 3304/3304 3305/3305
f 3306/3306 3307/3307 3308/3308 3309/3309
f 3310/3310 3311/3311 3312/3312 3313/3313
f 3314/3314 3315/3315 3316/3316
f 3317/3317 3318/3318 3319/3319
f 3320/3320 3321/3321 3322/3322 3323/3323
f 3324/3324 3325/3325 3326/3326 3327/3327
f 3328/3328 3329/3329 3330/3330
f 3331/3331 3332/3332 3333/3333
f 3334/3334 3335/3335 3336/3336 3337/3337
f 3338/3338 3339/3339 3340/3340 3341/3341
f 3342/3342 3343/3343 3344/3344
f 3345/3345 3346/3346 3347/3347
f 3348/3348 3349/3349 3350/3350 3351/3351
f 3352/3352 3353/3353 3354/3354 3355/3355
f 3356/3356 3357/3357 3358/3358
f 3359/3359 3360/3360 3361/3361
f 3362/3362 3363/3363 3364/3364 3365/3365
f 3366/3366 3367/3367 3368/3368 3369/3369
f 3370/3370 3371/3371 3372/3372
f 3373/3373 3374/3374 3375/3375
f 3376/3376 3377/3377 3378/3378 3379/3379
f 3380/3380 3381/3381 3382/3382 3383/3383
f 3384/3384 3385/3385 3386/3386
f 3387/3387 3388/3388 3389/3389
f 3390/3390 3391/3391 3392/3392 3393/3393
f 3394/3394 3395/3395 3396/3396 3397/3397
f 3398/3398 3399/3399 3400/3400
f 3401/3401 3402/3402 3403/3403
f 3404/3404 3405/3405 3406/3406 3407/3407
f 3408/3408 3409/3409 3410/3410 3411/3411
f 3412/3412 3413/3413 3414/3414
f 3415/3415 3416/3416 3417/3417
f 3418/3418 3419/3419 3420/3420 3421/3421
f 3422/3422 3423/3423 3424/3424 3425/3425
f 3426/3426 3427/3427 3428/3428
f 3429/3429 3430/3430 3431/3431
f 3432/3432 3433/3433 3434/3434 3435/3435
f 3436/3436 3437/3437 3438/3438 3439/3439
f 3440/3440 3441/3441 3442/3442
f 3443/3443 3444/3444 3445/3445
f 3446/3446 3447/3447 3448/3448 3449/3449
f 3450/3450 3451/3451 3452/3452 3453/3453
f 3454/3454 3455/3455 3456/3456
f 3457/3457 3458/3458 3459/3459
f 3460/3460 3461/3461 3462/3462 3463/3463
f 3464/3464 3465/3465 3466/3466 3467/3467
f 3468/3468 3469/3469 3470/3470
f 3471/3471 3472/3472 3473/3473
f 3474/3474 3475/3475 3476/3476 3477/3477
f 3478/3478 3479/3479 3480/3480 3481/3481
f 3482/3482 3483/3483 3484/3484
f 3485/3485 3486/3486 3487/3487
f 3488/3488 3489/3489 3490/3490 3491/3491
f 3492/3492 3493/3493 3494/3494 3495/3495
f 3496/3496 3497/3497 3498/3498
f 3499/3499 3500/3500 3501/3501
f 3502/3502 3503/3503 3504/3504 3505/3505
f 3506/3506 3507/3507 3508/3508 3509/3509
f 3510/3510 3511/3511 3512/3512
f 3513/3513 3514/3514 3515/3515
f 3516/3516 3517/3517 3518/3518 3519/3519
f 3520/3520 3521/3521 3522/3522 3523/3523
f 3524/3524 3525/3525 3526/3526
f 3527/3527 3528/3528 3529/3529
f 3530/3530 3531/3531 3532/3532 3533/3533
f 3534/3534 3535/3535 3536/3536 3537/3537
f 3538/3538 3539/3539 3540/3540
f 3541/3541 3542/3542 3543/3543
f 3544/3544 3545/3545 3546/3546 3547/3547
f 3548/3548 3549/3549 3550/3550 3551/3551
f 3552/3552 3553/3553 3554/3554
f 3555/3555 3556/3556 3557/3557
f 3558/3558 3559/3559 3560/3560 3561/3561
f 3562/3562 3563/3563 3564/3564 3565/3565
f 3566/3566 3567/3567 3568/3568
f 3569/3569 3570/3570 3571/3571
f 3572/3572 3573/3573 3574/3574 3575/3575
f 3576/3576 3577/3577 3578/3578 3579/3579
f 3580/3580 3581/3581 3582/3582
f 3583/3583 3584/3584 3585/3585
f 3586/3586 3587/3587 3588/3588 3589/3589
f 3590/3590 3591/3591 3592/3592 3593/3593
f 3594/3594 3595/3595 3596/3596
f 3597/3597 3598/3598 3599/3599
f 3600/3600 3601/3601 3602/3602 3603/3603
f 3604/3604 3605/3605 3606/3606 3607/3607
f 3608/3608 3609/3609 3610/3610
