# Modelo original generado para Caelum Argenteum.
# Ejes OBJ: X ancho, Y altura, Z profundidad.
o ca_tree_mountain_pehuen3
v 0.000000 0.000000 -12.000000
v -7.053423 0.000000 -9.708204
v -1.692822 171.600000 -2.329969
v 0.000000 171.600000 -2.880000
v 0.000000 0.000000 0.000000
v -7.053423 0.000000 -9.708204
v 0.000000 0.000000 -12.000000
v -7.053423 0.000000 -9.708204
v -11.412678 0.000000 -3.708204
v -2.739043 171.600000 -0.889969
v -1.692822 171.600000 -2.329969
v 0.000000 0.000000 0.000000
v -11.412678 0.000000 -3.708204
v -7.053423 0.000000 -9.708204
v -11.412678 0.000000 -3.708204
v -11.412678 0.000000 3.708204
v -2.739043 171.600000 0.889969
v -2.739043 171.600000 -0.889969
v 0.000000 0.000000 0.000000
v -11.412678 0.000000 3.708204
v -11.412678 0.000000 -3.708204
v -11.412678 0.000000 3.708204
v -7.053423 0.000000 9.708204
v -1.692822 171.600000 2.329969
v -2.739043 171.600000 0.889969
v 0.000000 0.000000 0.000000
v -7.053423 0.000000 9.708204
v -11.412678 0.000000 3.708204
v -7.053423 0.000000 9.708204
v -0.000000 0.000000 12.000000
v -0.000000 171.600000 2.880000
v -1.692822 171.600000 2.329969
v 0.000000 0.000000 0.000000
v -0.000000 0.000000 12.000000
v -7.053423 0.000000 9.708204
v -0.000000 0.000000 12.000000
v 7.053423 0.000000 9.708204
v 1.692822 171.600000 2.329969
v -0.000000 171.600000 2.880000
v 0.000000 0.000000 0.000000
v 7.053423 0.000000 9.708204
v -0.000000 0.000000 12.000000
v 7.053423 0.000000 9.708204
v 11.412678 0.000000 3.708204
v 2.739043 171.600000 0.889969
v 1.692822 171.600000 2.329969
v 0.000000 0.000000 0.000000
v 11.412678 0.000000 3.708204
v 7.053423 0.000000 9.708204
v 11.412678 0.000000 3.708204
v 11.412678 0.000000 -3.708204
v 2.739043 171.600000 -0.889969
v 2.739043 171.600000 0.889969
v 0.000000 0.000000 0.000000
v 11.412678 0.000000 -3.708204
v 11.412678 0.000000 3.708204
v 11.412678 0.000000 -3.708204
v 7.053423 0.000000 -9.708204
v 1.692822 171.600000 -2.329969
v 2.739043 171.600000 -0.889969
v 0.000000 0.000000 0.000000
v 7.053423 0.000000 -9.708204
v 11.412678 0.000000 -3.708204
v 7.053423 0.000000 -9.708204
v 0.000000 0.000000 -12.000000
v 0.000000 171.600000 -2.880000
v 1.692822 171.600000 -2.329969
v 0.000000 0.000000 0.000000
v 0.000000 0.000000 -12.000000
v 7.053423 0.000000 -9.708204
v -0.344771 171.600000 -2.859289
v -1.959574 171.600000 -2.110562
v 4.245743 250.250000 4.572884
v 0.747004 250.250000 6.195126
v 0.000000 250.250000 0.000000
v 0.747004 250.250000 6.195126
v 4.245743 250.250000 4.572884
v -1.959574 171.600000 -2.110562
v -2.825885 171.600000 -0.555672
v 6.122752 250.250000 1.203956
v 4.245743 250.250000 4.572884
v 0.000000 250.250000 0.000000
v 4.245743 250.250000 4.572884
v 6.122752 250.250000 1.203956
v -2.825885 171.600000 -0.555672
v -2.612805 171.600000 1.211466
v 5.661078 250.250000 -2.624842
v 6.122752 250.250000 1.203956
v 0.000000 250.250000 0.000000
v 6.122752 250.250000 1.203956
v 5.661078 250.250000 -2.624842
v -2.612805 171.600000 1.211466
v -1.401722 171.600000 2.515865
v 3.037065 250.250000 -5.451040
v 5.661078 250.250000 -2.624842
v 0.000000 250.250000 0.000000
v 5.661078 250.250000 -2.624842
v 3.037065 250.250000 -5.451040
v -1.401722 171.600000 2.515865
v 0.344771 171.600000 2.859289
v -0.747004 250.250000 -6.195126
v 3.037065 250.250000 -5.451040
v 0.000000 250.250000 0.000000
v 3.037065 250.250000 -5.451040
v -0.747004 250.250000 -6.195126
v 0.344771 171.600000 2.859289
v 1.959574 171.600000 2.110562
v -4.245743 250.250000 -4.572884
v -0.747004 250.250000 -6.195126
v 0.000000 250.250000 0.000000
v -0.747004 250.250000 -6.195126
v -4.245743 250.250000 -4.572884
v 1.959574 171.600000 2.110562
v 2.825885 171.600000 0.555672
v -6.122752 250.250000 -1.203956
v -4.245743 250.250000 -4.572884
v 0.000000 250.250000 0.000000
v -4.245743 250.250000 -4.572884
v -6.122752 250.250000 -1.203956
v 2.825885 171.600000 0.555672
v 2.612805 171.600000 -1.211466
v -5.661078 250.250000 2.624842
v -6.122752 250.250000 -1.203956
v 0.000000 250.250000 0.000000
v -6.122752 250.250000 -1.203956
v -5.661078 250.250000 2.624842
v 2.612805 171.600000 -1.211466
v 1.401722 171.600000 -2.515865
v -3.037065 250.250000 5.451040
v -5.661078 250.250000 2.624842
v 0.000000 250.250000 0.000000
v -5.661078 250.250000 2.624842
v -3.037065 250.250000 5.451040
v 1.401722 171.600000 -2.515865
v -0.344771 171.600000 -2.859289
v 0.747004 250.250000 6.195126
v -3.037065 250.250000 5.451040
v 0.000000 250.250000 0.000000
v -3.037065 250.250000 5.451040
v 0.747004 250.250000 6.195126
v -0.107468 120.521511 2.037167
v 0.358464 118.803716 1.040329
v 37.334261 128.873660 2.327013
v 37.171185 129.474888 2.675906
v 0.000000 120.521511 0.000000
v 0.358464 118.803716 1.040329
v -0.107468 120.521511 2.037167
v 0.358464 118.803716 1.040329
v 0.465932 118.803716 -0.996839
v 37.371875 128.873660 1.614004
v 37.334261 128.873660 2.327013
v 0.000000 120.521511 0.000000
v 0.465932 118.803716 -0.996839
v 0.358464 118.803716 1.040329
v 0.465932 118.803716 -0.996839
v 0.107468 120.521511 -2.037167
v 37.246413 129.474888 1.249889
v 37.371875 128.873660 1.614004
v 0.000000 120.521511 0.000000
v 0.107468 120.521511 -2.037167
v 0.465932 118.803716 -0.996839
v 0.107468 120.521511 -2.037167
v -0.358464 122.239306 -1.040329
v 37.083337 130.076116 1.598783
v 37.246413 129.474888 1.249889
v 0.000000 120.521511 0.000000
v -0.358464 122.239306 -1.040329
v 0.107468 120.521511 -2.037167
v -0.358464 122.239306 -1.040329
v -0.465932 122.239306 0.996839
v 37.045723 130.076116 2.311791
v 37.083337 130.076116 1.598783
v 0.000000 120.521511 0.000000
v -0.465932 122.239306 0.996839
v -0.358464 122.239306 -1.040329
v -0.465932 122.239306 0.996839
v -0.107468 120.521511 2.037167
v 37.171185 129.474888 2.675906
v 37.045723 130.076116 2.311791
v 0.000000 120.521511 0.000000
v -0.107468 120.521511 2.037167
v -0.465932 122.239306 0.996839
v 37.167646 129.389499 2.670578
v 37.164761 128.818910 2.241374
v 77.556078 128.233778 3.850677
v 77.553605 127.744702 3.482788
v 77.518331 127.671511 4.089371
v 77.553605 127.744702 3.482788
v 77.556078 128.233778 3.850677
v 37.164761 128.818910 2.241374
v 37.205914 128.904299 1.533694
v 77.520804 128.160587 4.457259
v 77.556078 128.233778 3.850677
v 77.518331 127.671511 4.089371
v 77.556078 128.233778 3.850677
v 77.520804 128.160587 4.457259
v 37.205914 128.904299 1.533694
v 37.249952 129.560277 1.255218
v 77.483057 127.598320 4.695953
v 77.520804 128.160587 4.457259
v 77.518331 127.671511 4.089371
v 77.520804 128.160587 4.457259
v 77.483057 127.598320 4.695953
v 37.249952 129.560277 1.255218
v 37.252837 130.130866 1.684422
v 77.480584 127.109244 4.328065
v 77.483057 127.598320 4.695953
v 77.518331 127.671511 4.089371
v 77.483057 127.598320 4.695953
v 77.480584 127.109244 4.328065
v 37.252837 130.130866 1.684422
v 37.211684 130.045477 2.392102
v 77.515858 127.182435 3.721482
v 77.480584 127.109244 4.328065
v 77.518331 127.671511 4.089371
v 77.480584 127.109244 4.328065
v 77.515858 127.182435 3.721482
v 37.211684 130.045477 2.392102
v 37.167646 129.389499 2.670578
v 77.553605 127.744702 3.482788
v 77.515858 127.182435 3.721482
v 77.518331 127.671511 4.089371
v 77.515858 127.182435 3.721482
v 77.553605 127.744702 3.482788
v 48.061365 117.954511 2.535410
v 55.477977 121.169804 11.835547
v 59.951763 121.641445 2.535410
v 59.951763 121.641445 2.535410
v 55.477977 121.169804 11.835547
v 54.933200 128.311777 11.152418
v 59.795229 128.426205 2.535410
v 48.061365 131.954511 2.535410
v 59.795229 128.426205 2.535410
v 54.933200 128.311777 11.152418
v 48.061365 117.954511 2.535410
v 45.426943 121.382692 14.077569
v 55.477977 121.169804 11.835547
v 55.477977 121.169804 11.835547
v 45.426943 121.382692 14.077569
v 45.537633 128.630393 13.592603
v 54.933200 128.311777 11.152418
v 48.061365 131.954511 2.535410
v 54.933200 128.311777 11.152418
v 45.537633 128.630393 13.592603
v 48.061365 117.954511 2.535410
v 38.114823 121.264679 7.325412
v 45.426943 121.382692 14.077569
v 45.426943 121.382692 14.077569
v 38.114823 121.264679 7.325412
v 37.721974 128.793870 7.514598
v 45.537633 128.630393 13.592603
v 48.061365 131.954511 2.535410
v 45.537633 128.630393 13.592603
v 37.721974 128.793870 7.514598
v 48.061365 117.954511 2.535410
v 37.802153 121.771076 -2.405166
v 38.114823 121.264679 7.325412
v 38.114823 121.264679 7.325412
v 37.802153 121.771076 -2.405166
v 37.973935 128.755176 -2.322441
v 37.721974 128.793870 7.514598
v 48.061365 131.954511 2.535410
v 37.721974 128.793870 7.514598
v 37.973935 128.755176 -2.322441
v 48.061365 117.954511 2.535410
v 45.342308 121.584279 -9.377557
v 37.802153 121.771076 -2.405166
v 37.802153 121.771076 -2.405166
v 45.342308 121.584279 -9.377557
v 45.517549 128.447554 -8.609776
v 37.973935 128.755176 -2.322441
v 48.061365 131.954511 2.535410
v 37.973935 128.755176 -2.322441
v 45.517549 128.447554 -8.609776
v 48.061365 117.954511 2.535410
v 55.033235 121.340464 -6.207038
v 45.342308 121.584279 -9.377557
v 45.342308 121.584279 -9.377557
v 55.033235 121.340464 -6.207038
v 54.565688 128.378535 -5.620753
v 45.517549 128.447554 -8.609776
v 48.061365 131.954511 2.535410
v 45.517549 128.447554 -8.609776
v 54.565688 128.378535 -5.620753
v 48.061365 117.954511 2.535410
v 59.951763 121.641445 2.535410
v 55.033235 121.340464 -6.207038
v 55.033235 121.340464 -6.207038
v 59.951763 121.641445 2.535410
v 59.795229 128.426205 2.535410
v 54.565688 128.378535 -5.620753
v 48.061365 131.954511 2.535410
v 54.565688 128.378535 -5.620753
v 59.795229 128.426205 2.535410
v 71.316864 120.099511 3.762221
v 78.322515 123.499701 12.547028
v 83.633191 123.332696 3.762221
v 83.633191 123.332696 3.762221
v 78.322515 123.499701 12.547028
v 78.154341 130.761475 12.336146
v 83.413912 130.439542 3.762221
v 71.316864 134.099511 3.762221
v 83.413912 130.439542 3.762221
v 78.154341 130.761475 12.336146
v 71.316864 120.099511 3.762221
v 68.773478 123.348990 14.905525
v 78.322515 123.499701 12.547028
v 78.322515 123.499701 12.547028
v 68.773478 123.348990 14.905525
v 68.760044 130.705257 14.964383
v 78.154341 130.761475 12.336146
v 71.316864 134.099511 3.762221
v 78.154341 130.761475 12.336146
v 68.760044 130.705257 14.964383
v 71.316864 120.099511 3.762221
v 61.055642 123.677091 8.703765
v 68.773478 123.348990 14.905525
v 68.773478 123.348990 14.905525
v 61.055642 123.677091 8.703765
v 61.677354 130.760694 8.404364
v 68.760044 130.705257 14.964383
v 71.316864 134.099511 3.762221
v 68.760044 130.705257 14.964383
v 61.677354 130.760694 8.404364
v 71.316864 120.099511 3.762221
v 61.699144 123.823729 -0.869429
v 61.055642 123.677091 8.703765
v 61.055642 123.677091 8.703765
v 61.699144 123.823729 -0.869429
v 61.223790 130.752271 -1.098348
v 61.677354 130.760694 8.404364
v 71.316864 134.099511 3.762221
v 61.677354 130.760694 8.404364
v 61.223790 130.752271 -1.098348
v 71.316864 120.099511 3.762221
v 68.902191 123.786921 -6.817155
v 61.699144 123.823729 -0.869429
v 61.699144 123.823729 -0.869429
v 68.902191 123.786921 -6.817155
v 68.577920 130.856244 -8.237879
v 61.223790 130.752271 -1.098348
v 71.316864 134.099511 3.762221
v 61.223790 130.752271 -1.098348
v 68.577920 130.856244 -8.237879
v 71.316864 120.099511 3.762221
v 78.433016 123.571218 -5.161151
v 68.902191 123.786921 -6.817155
v 68.902191 123.786921 -6.817155
v 78.433016 123.571218 -5.161151
v 78.694630 130.745363 -5.489204
v 68.577920 130.856244 -8.237879
v 71.316864 134.099511 3.762221
v 68.577920 130.856244 -8.237879
v 78.694630 130.745363 -5.489204
v 71.316864 120.099511 3.762221
v 83.633191 123.332696 3.762221
v 78.433016 123.571218 -5.161151
v 78.433016 123.571218 -5.161151
v 83.633191 123.332696 3.762221
v 83.413912 130.439542 3.762221
v 78.694630 130.745363 -5.489204
v 71.316864 134.099511 3.762221
v 78.694630 130.745363 -5.489204
v 83.413912 130.439542 3.762221
v 0.000000 122.491166 -0.531093
v -1.585509 121.709230 0.486914
v 16.349552 129.890590 33.375634
v 16.904480 130.164267 33.019331
v 0.000000 120.521511 0.000000
v -1.585509 121.709230 0.486914
v 0.000000 122.491166 -0.531093
v -1.585509 121.709230 0.486914
v -1.585509 119.739575 1.018008
v 16.349552 129.201211 33.561517
v 16.349552 129.890590 33.375634
v 0.000000 120.521511 0.000000
v -1.585509 119.739575 1.018008
v -1.585509 121.709230 0.486914
v -1.585509 119.739575 1.018008
v -0.000000 118.551856 0.531093
v 16.904480 128.785509 33.391097
v 16.349552 129.201211 33.561517
v 0.000000 120.521511 0.000000
v -0.000000 118.551856 0.531093
v -1.585509 119.739575 1.018008
v -0.000000 118.551856 0.531093
v 1.585509 119.333792 -0.486914
v 17.459408 129.059186 33.034794
v 16.904480 128.785509 33.391097
v 0.000000 120.521511 0.000000
v 1.585509 119.333792 -0.486914
v -0.000000 118.551856 0.531093
v 1.585509 119.333792 -0.486914
v 1.585509 121.303447 -1.018008
v 17.459408 129.748565 32.848911
v 17.459408 129.059186 33.034794
v 0.000000 120.521511 0.000000
v 1.585509 121.303447 -1.018008
v 1.585509 119.333792 -0.486914
v 1.585509 121.303447 -1.018008
v 0.000000 122.491166 -0.531093
v 16.904480 130.164267 33.019331
v 17.459408 129.748565 32.848911
v 0.000000 120.521511 0.000000
v 0.000000 122.491166 -0.531093
v 1.585509 121.303447 -1.018008
v 16.828289 130.180925 33.279398
v 16.319162 129.740045 33.516487
v 35.719368 127.444234 68.910724
v 35.282974 127.066337 69.113943
v 35.217667 127.671511 69.177529
v 35.282974 127.066337 69.113943
v 35.719368 127.444234 68.910724
v 16.319162 129.740045 33.516487
v 16.395354 129.034008 33.442303
v 35.654061 128.049408 68.974310
v 35.719368 127.444234 68.910724
v 35.217667 127.671511 69.177529
v 35.719368 127.444234 68.910724
v 35.654061 128.049408 68.974310
v 16.395354 129.034008 33.442303
v 16.980671 128.768851 33.131030
v 35.152360 128.276685 69.241115
v 35.654061 128.049408 68.974310
v 35.217667 127.671511 69.177529
v 35.654061 128.049408 68.974310
v 35.152360 128.276685 69.241115
v 16.980671 128.768851 33.131030
v 17.489798 129.209731 32.893941
v 34.715966 127.898788 69.444335
v 35.152360 128.276685 69.241115
v 35.217667 127.671511 69.177529
v 35.152360 128.276685 69.241115
v 34.715966 127.898788 69.444335
v 17.489798 129.209731 32.893941
v 17.413606 129.915768 32.968125
v 34.781273 127.293614 69.380749
v 34.715966 127.898788 69.444335
v 35.217667 127.671511 69.177529
v 34.715966 127.898788 69.444335
v 34.781273 127.293614 69.380749
v 17.413606 129.915768 32.968125
v 16.828289 130.180925 33.279398
v 35.282974 127.066337 69.113943
v 34.781273 127.293614 69.380749
v 35.217667 127.671511 69.177529
v 34.781273 127.293614 69.380749
v 35.282974 127.066337 69.113943
v 21.834953 117.954511 42.890068
v 28.155881 121.132116 50.816261
v 33.329451 121.290666 42.890068
v 33.329451 121.290666 42.890068
v 28.155881 121.132116 50.816261
v 29.072901 128.803919 51.966167
v 33.820328 128.717604 42.890068
v 21.834953 131.954511 42.890068
v 33.820328 128.717604 42.890068
v 29.072901 128.803919 51.966167
v 21.834953 117.954511 42.890068
v 19.241610 121.558612 54.252249
v 28.155881 121.132116 50.816261
v 28.155881 121.132116 50.816261
v 19.241610 121.558612 54.252249
v 19.539561 128.183406 52.946838
v 29.072901 128.803919 51.966167
v 21.834953 131.954511 42.890068
v 29.072901 128.803919 51.966167
v 19.539561 128.183406 52.946838
v 21.834953 117.954511 42.890068
v 11.447440 121.144861 47.892431
v 19.241610 121.558612 54.252249
v 19.241610 121.558612 54.252249
v 11.447440 121.144861 47.892431
v 10.998908 128.563242 48.108433
v 19.539561 128.183406 52.946838
v 21.834953 131.954511 42.890068
v 19.539561 128.183406 52.946838
v 10.998908 128.563242 48.108433
v 21.834953 117.954511 42.890068
v 12.338567 121.290084 38.316849
v 11.447440 121.144861 47.892431
v 11.447440 121.144861 47.892431
v 12.338567 121.290084 38.316849
v 12.065578 128.217116 38.185385
v 10.998908 128.563242 48.108433
v 21.834953 131.954511 42.890068
v 10.998908 128.563242 48.108433
v 12.065578 128.217116 38.185385
v 21.834953 117.954511 42.890068
v 19.433318 121.659233 32.367817
v 12.338567 121.290084 38.316849
v 12.338567 121.290084 38.316849
v 19.433318 121.659233 32.367817
v 19.437621 128.479720 32.386670
v 12.065578 128.217116 38.185385
v 21.834953 131.954511 42.890068
v 12.065578 128.217116 38.185385
v 19.437621 128.479720 32.386670
v 21.834953 117.954511 42.890068
v 28.189180 121.692884 34.922119
v 19.433318 121.659233 32.367817
v 19.433318 121.659233 32.367817
v 28.189180 121.692884 34.922119
v 28.338034 128.328796 34.735463
v 19.437621 128.479720 32.386670
v 21.834953 131.954511 42.890068
v 19.437621 128.479720 32.386670
v 28.338034 128.328796 34.735463
v 21.834953 117.954511 42.890068
v 33.329451 121.290666 42.890068
v 28.189180 121.692884 34.922119
v 28.189180 121.692884 34.922119
v 33.329451 121.290666 42.890068
v 33.820328 128.717604 42.890068
v 28.338034 128.328796 34.735463
v 21.834953 131.954511 42.890068
v 28.338034 128.328796 34.735463
v 33.820328 128.717604 42.890068
v 32.400253 120.099511 63.643327
v 39.510789 123.257603 72.559657
v 43.080714 123.414134 63.643327
v 43.080714 123.414134 63.643327
v 39.510789 123.257603 72.559657
v 39.746882 130.745191 72.855708
v 44.066571 130.538558 63.643327
v 32.400253 134.099511 63.643327
v 44.066571 130.538558 63.643327
v 39.746882 130.745191 72.855708
v 32.400253 120.099511 63.643327
v 30.075822 123.355480 73.827326
v 39.510789 123.257603 72.559657
v 39.510789 123.257603 72.559657
v 30.075822 123.355480 73.827326
v 30.092310 130.764091 73.755088
v 39.746882 130.745191 72.855708
v 32.400253 134.099511 63.643327
v 39.746882 130.745191 72.855708
v 30.092310 130.764091 73.755088
v 32.400253 120.099511 63.643327
v 21.312514 123.841760 68.982900
v 30.075822 123.355480 73.827326
v 30.075822 123.355480 73.827326
v 21.312514 123.841760 68.982900
v 21.789463 130.699525 68.753214
v 30.092310 130.764091 73.755088
v 32.400253 134.099511 63.643327
v 30.092310 130.764091 73.755088
v 21.789463 130.699525 68.753214
v 32.400253 120.099511 63.643327
v 22.534536 123.544002 58.892248
v 21.312514 123.841760 68.982900
v 21.312514 123.841760 68.982900
v 22.534536 123.544002 58.892248
v 22.765954 130.657368 59.003693
v 21.789463 130.699525 68.753214
v 32.400253 134.099511 63.643327
v 21.789463 130.699525 68.753214
v 22.765954 130.657368 59.003693
v 32.400253 120.099511 63.643327
v 29.861761 123.320355 52.521465
v 22.534536 123.544002 58.892248
v 22.534536 123.544002 58.892248
v 29.861761 123.320355 52.521465
v 29.645776 130.578103 51.575174
v 22.765954 130.657368 59.003693
v 32.400253 134.099511 63.643327
v 22.765954 130.657368 59.003693
v 29.645776 130.578103 51.575174
v 32.400253 120.099511 63.643327
v 40.008847 123.767123 54.102452
v 29.861761 123.320355 52.521465
v 29.861761 123.320355 52.521465
v 40.008847 123.767123 54.102452
v 39.494952 130.922127 54.746857
v 29.645776 130.578103 51.575174
v 32.400253 134.099511 63.643327
v 29.645776 130.578103 51.575174
v 39.494952 130.922127 54.746857
v 32.400253 120.099511 63.643327
v 43.080714 123.414134 63.643327
v 40.008847 123.767123 54.102452
v 40.008847 123.767123 54.102452
v 43.080714 123.414134 63.643327
v 44.066571 130.538558 63.643327
v 39.494952 130.922127 54.746857
v 32.400253 134.099511 63.643327
v 39.494952 130.922127 54.746857
v 44.066571 130.538558 63.643327
v 0.000000 122.482572 -0.561998
v -1.498320 121.244163 -1.180852
v -20.828731 129.727816 30.829018
v -20.304319 130.161259 31.045617
v 0.000000 120.521511 0.000000
v -1.498320 121.244163 -1.180852
v 0.000000 122.482572 -0.561998
v -1.498320 121.244163 -1.180852
v -1.498320 119.283102 -0.618854
v -20.828731 129.041445 31.025717
v -20.828731 129.727816 30.829018
v 0.000000 120.521511 0.000000
v -1.498320 119.283102 -0.618854
v -1.498320 121.244163 -1.180852
v -1.498320 119.283102 -0.618854
v -0.000000 118.560451 0.561998
v -20.304319 128.788517 31.439015
v -20.828731 129.041445 31.025717
v 0.000000 120.521511 0.000000
v -0.000000 118.560451 0.561998
v -1.498320 119.283102 -0.618854
v -0.000000 118.560451 0.561998
v 1.498320 119.798859 1.180852
v -19.779907 129.221960 31.655614
v -20.304319 128.788517 31.439015
v 0.000000 120.521511 0.000000
v 1.498320 119.798859 1.180852
v -0.000000 118.560451 0.561998
v 1.498320 119.798859 1.180852
v 1.498320 121.759920 0.618854
v -19.779907 129.908331 31.458915
v -19.779907 129.221960 31.655614
v 0.000000 120.521511 0.000000
v 1.498320 121.759920 0.618854
v 1.498320 119.798859 1.180852
v 1.498320 121.759920 0.618854
v 0.000000 122.482572 -0.561998
v -20.304319 130.161259 31.045617
v -19.779907 129.908331 31.458915
v 0.000000 120.521511 0.000000
v 0.000000 122.482572 -0.561998
v 1.498320 121.759920 0.618854
v -20.376018 130.185225 31.233567
v -20.855126 129.773920 30.900281
v -41.828544 127.415198 65.381332
v -42.239208 127.062651 65.095658
v -42.300664 127.671511 65.088159
v -42.239208 127.062651 65.095658
v -41.828544 127.415198 65.381332
v -20.855126 129.773920 30.900281
v -20.783426 129.063583 30.909030
v -41.890001 128.024058 65.373833
v -41.828544 127.415198 65.381332
v -42.300664 127.671511 65.088159
v -41.828544 127.415198 65.381332
v -41.890001 128.024058 65.373833
v -20.783426 129.063583 30.909030
v -20.232620 128.764551 31.251065
v -42.362121 128.280371 65.080660
v -41.890001 128.024058 65.373833
v -42.300664 127.671511 65.088159
v -41.890001 128.024058 65.373833
v -42.362121 128.280371 65.080660
v -20.232620 128.764551 31.251065
v -19.753512 129.175856 31.584351
v -42.772784 127.927824 64.794986
v -42.362121 128.280371 65.080660
v -42.300664 127.671511 65.088159
v -42.362121 128.280371 65.080660
v -42.772784 127.927824 64.794986
v -19.753512 129.175856 31.584351
v -19.825211 129.886193 31.575602
v -42.711328 127.318964 64.802485
v -42.772784 127.927824 64.794986
v -42.300664 127.671511 65.088159
v -42.772784 127.927824 64.794986
v -42.711328 127.318964 64.802485
v -19.825211 129.886193 31.575602
v -20.376018 130.185225 31.233567
v -42.239208 127.062651 65.095658
v -42.711328 127.318964 64.802485
v -42.300664 127.671511 65.088159
v -42.711328 127.318964 64.802485
v -42.239208 127.062651 65.095658
v -26.226412 117.954511 40.354658
v -19.466877 121.228371 48.830847
v -14.702301 121.273095 40.354658
v -14.702301 121.273095 40.354658
v -19.466877 121.228371 48.830847
v -18.536376 128.135851 49.997658
v -15.695558 128.436414 40.354658
v -26.226412 131.954511 40.354658
v -15.695558 128.436414 40.354658
v -18.536376 128.135851 49.997658
v -26.226412 117.954511 40.354658
v -28.804901 121.675322 51.651756
v -19.466877 121.228371 48.830847
v -19.466877 121.228371 48.830847
v -28.804901 121.675322 51.651756
v -28.864246 128.106371 51.911767
v -18.536376 128.135851 49.997658
v -26.226412 131.954511 40.354658
v -18.536376 128.135851 49.997658
v -28.864246 128.106371 51.911767
v -26.226412 117.954511 40.354658
v -37.264592 121.386994 45.670366
v -28.804901 121.675322 51.651756
v -28.804901 121.675322 51.651756
v -37.264592 121.386994 45.670366
v -35.535040 128.118123 44.837457
v -28.864246 128.106371 51.911767
v -26.226412 131.954511 40.354658
v -28.864246 128.106371 51.911767
v -35.535040 128.118123 44.837457
v -26.226412 117.954511 40.354658
v -36.520407 121.473294 35.397332
v -37.264592 121.386994 45.670366
v -37.264592 121.386994 45.670366
v -36.520407 121.473294 35.397332
v -37.097980 128.687346 35.119187
v -35.535040 128.118123 44.837457
v -26.226412 131.954511 40.354658
v -35.535040 128.118123 44.837457
v -37.097980 128.687346 35.119187
v -26.226412 117.954511 40.354658
v -28.759387 121.239007 29.256970
v -36.520407 121.473294 35.397332
v -36.520407 121.473294 35.397332
v -28.759387 121.239007 29.256970
v -28.622244 128.742908 29.857830
v -37.097980 128.687346 35.119187
v -26.226412 131.954511 40.354658
v -37.097980 128.687346 35.119187
v -28.622244 128.742908 29.857830
v -26.226412 117.954511 40.354658
v -19.067968 121.557801 31.378253
v -28.759387 121.239007 29.256970
v -28.759387 121.239007 29.256970
v -19.067968 121.557801 31.378253
v -19.726636 128.366894 32.204197
v -28.622244 128.742908 29.857830
v -26.226412 131.954511 40.354658
v -28.622244 128.742908 29.857830
v -19.726636 128.366894 32.204197
v -26.226412 117.954511 40.354658
v -14.702301 121.273095 40.354658
v -19.067968 121.557801 31.378253
v -19.067968 121.557801 31.378253
v -14.702301 121.273095 40.354658
v -15.695558 128.436414 40.354658
v -19.726636 128.366894 32.204197
v -26.226412 131.954511 40.354658
v -19.726636 128.366894 32.204197
v -15.695558 128.436414 40.354658
v -38.916611 120.099511 59.881106
v -32.117067 123.318395 68.407464
v -28.085264 123.343932 59.881106
v -28.085264 123.343932 59.881106
v -32.117067 123.318395 68.407464
v -31.582730 130.418089 69.077502
v -28.377909 130.828971 59.881106
v -38.916611 134.099511 59.881106
v -28.377909 130.828971 59.881106
v -31.582730 130.418089 69.077502
v -38.916611 120.099511 59.881106
v -41.216325 123.774881 69.956813
v -32.117067 123.318395 68.407464
v -32.117067 123.318395 68.407464
v -41.216325 123.774881 69.956813
v -41.639864 130.275586 71.812457
v -31.582730 130.418089 69.077502
v -38.916611 134.099511 59.881106
v -31.582730 130.418089 69.077502
v -41.639864 130.275586 71.812457
v -38.916611 120.099511 59.881106
v -49.636220 123.425401 65.043397
v -41.216325 123.774881 69.956813
v -41.216325 123.774881 69.956813
v -49.636220 123.425401 65.043397
v -48.298991 130.393594 64.399422
v -41.639864 130.275586 71.812457
v -38.916611 134.099511 59.881106
v -41.639864 130.275586 71.812457
v -48.298991 130.393594 64.399422
v -38.916611 120.099511 59.881106
v -49.159309 123.929139 54.948483
v -49.636220 123.425401 65.043397
v -49.636220 123.425401 65.043397
v -49.159309 123.929139 54.948483
v -49.032378 130.800815 55.009609
v -48.298991 130.393594 64.399422
v -38.916611 134.099511 59.881106
v -48.298991 130.393594 64.399422
v -49.032378 130.800815 55.009609
v -38.916611 120.099511 59.881106
v -41.403248 123.467440 48.986438
v -49.159309 123.929139 54.948483
v -49.159309 123.929139 54.948483
v -41.403248 123.467440 48.986438
v -41.434321 130.279719 48.850297
v -49.032378 130.800815 55.009609
v -38.916611 134.099511 59.881106
v -49.032378 130.800815 55.009609
v -41.434321 130.279719 48.850297
v -38.916611 120.099511 59.881106
v -32.301171 123.673794 51.585607
v -41.403248 123.467440 48.986438
v -41.403248 123.467440 48.986438
v -32.301171 123.673794 51.585607
v -32.237345 130.578059 51.505571
v -41.434321 130.279719 48.850297
v -38.916611 134.099511 59.881106
v -41.434321 130.279719 48.850297
v -32.237345 130.578059 51.505571
v -38.916611 120.099511 59.881106
v -28.085264 123.343932 59.881106
v -32.301171 123.673794 51.585607
v -32.301171 123.673794 51.585607
v -28.085264 123.343932 59.881106
v -28.377909 130.828971 59.881106
v -32.237345 130.578059 51.505571
v -38.916611 134.099511 59.881106
v -32.237345 130.578059 51.505571
v -28.377909 130.828971 59.881106
v 0.107468 120.521511 -2.037167
v -0.358464 118.803716 -1.040329
v -37.334261 128.873660 -2.327013
v -37.171185 129.474888 -2.675906
v 0.000000 120.521511 0.000000
v -0.358464 118.803716 -1.040329
v 0.107468 120.521511 -2.037167
v -0.358464 118.803716 -1.040329
v -0.465932 118.803716 0.996839
v -37.371875 128.873660 -1.614004
v -37.334261 128.873660 -2.327013
v 0.000000 120.521511 0.000000
v -0.465932 118.803716 0.996839
v -0.358464 118.803716 -1.040329
v -0.465932 118.803716 0.996839
v -0.107468 120.521511 2.037167
v -37.246413 129.474888 -1.249889
v -37.371875 128.873660 -1.614004
v 0.000000 120.521511 0.000000
v -0.107468 120.521511 2.037167
v -0.465932 118.803716 0.996839
v -0.107468 120.521511 2.037167
v 0.358464 122.239306 1.040329
v -37.083337 130.076116 -1.598783
v -37.246413 129.474888 -1.249889
v 0.000000 120.521511 0.000000
v 0.358464 122.239306 1.040329
v -0.107468 120.521511 2.037167
v 0.358464 122.239306 1.040329
v 0.465932 122.239306 -0.996839
v -37.045723 130.076116 -2.311791
v -37.083337 130.076116 -1.598783
v 0.000000 120.521511 0.000000
v 0.465932 122.239306 -0.996839
v 0.358464 122.239306 1.040329
v 0.465932 122.239306 -0.996839
v 0.107468 120.521511 -2.037167
v -37.171185 129.474888 -2.675906
v -37.045723 130.076116 -2.311791
v 0.000000 120.521511 0.000000
v 0.107468 120.521511 -2.037167
v 0.465932 122.239306 -0.996839
v -37.167646 129.389499 -2.670578
v -37.164761 128.818910 -2.241374
v -77.556078 128.233778 -3.850677
v -77.553605 127.744702 -3.482788
v -77.518331 127.671511 -4.089371
v -77.553605 127.744702 -3.482788
v -77.556078 128.233778 -3.850677
v -37.164761 128.818910 -2.241374
v -37.205914 128.904299 -1.533694
v -77.520804 128.160587 -4.457259
v -77.556078 128.233778 -3.850677
v -77.518331 127.671511 -4.089371
v -77.556078 128.233778 -3.850677
v -77.520804 128.160587 -4.457259
v -37.205914 128.904299 -1.533694
v -37.249952 129.560277 -1.255218
v -77.483057 127.598320 -4.695953
v -77.520804 128.160587 -4.457259
v -77.518331 127.671511 -4.089371
v -77.520804 128.160587 -4.457259
v -77.483057 127.598320 -4.695953
v -37.249952 129.560277 -1.255218
v -37.252837 130.130866 -1.684422
v -77.480584 127.109244 -4.328065
v -77.483057 127.598320 -4.695953
v -77.518331 127.671511 -4.089371
v -77.483057 127.598320 -4.695953
v -77.480584 127.109244 -4.328065
v -37.252837 130.130866 -1.684422
v -37.211684 130.045477 -2.392102
v -77.515858 127.182435 -3.721482
v -77.480584 127.109244 -4.328065
v -77.518331 127.671511 -4.089371
v -77.480584 127.109244 -4.328065
v -77.515858 127.182435 -3.721482
v -37.211684 130.045477 -2.392102
v -37.167646 129.389499 -2.670578
v -77.553605 127.744702 -3.482788
v -77.515858 127.182435 -3.721482
v -77.518331 127.671511 -4.089371
v -77.515858 127.182435 -3.721482
v -77.553605 127.744702 -3.482788
v -48.061365 117.954511 -2.535410
v -40.961872 121.273820 6.367073
v -35.717140 121.258644 -2.535410
v -35.717140 121.258644 -2.535410
v -40.961872 121.273820 6.367073
v -40.585535 128.589886 6.838984
v -36.264870 128.271126 -2.535410
v -48.061365 131.954511 -2.535410
v -36.264870 128.271126 -2.535410
v -40.585535 128.589886 6.838984
v -48.061365 117.954511 -2.535410
v -50.702994 121.410947 9.038324
v -40.961872 121.273820 6.367073
v -40.961872 121.273820 6.367073
v -50.702994 121.410947 9.038324
v -50.597015 128.747758 8.573998
v -40.585535 128.589886 6.838984
v -48.061365 131.954511 -2.535410
v -40.585535 128.589886 6.838984
v -50.597015 128.747758 8.573998
v -48.061365 117.954511 -2.535410
v -57.231218 121.185723 1.880559
v -50.702994 121.410947 9.038324
v -50.702994 121.410947 9.038324
v -57.231218 121.185723 1.880559
v -57.402210 128.712883 1.962904
v -50.597015 128.747758 8.573998
v -48.061365 131.954511 -2.535410
v -50.597015 128.747758 8.573998
v -57.402210 128.712883 1.962904
v -48.061365 117.954511 -2.535410
v -57.216409 121.749996 -6.944247
v -57.231218 121.185723 1.880559
v -57.231218 121.185723 1.880559
v -57.216409 121.749996 -6.944247
v -58.535284 128.706781 -7.579383
v -57.402210 128.712883 1.962904
v -48.061365 131.954511 -2.535410
v -57.402210 128.712883 1.962904
v -58.535284 128.706781 -7.579383
v -48.061365 117.954511 -2.535410
v -50.399124 121.376394 -12.777798
v -57.216409 121.749996 -6.944247
v -57.216409 121.749996 -6.944247
v -50.399124 121.376394 -12.777798
v -50.346788 128.395808 -12.548502
v -58.535284 128.706781 -7.579383
v -48.061365 131.954511 -2.535410
v -58.535284 128.706781 -7.579383
v -50.346788 128.395808 -12.548502
v -48.061365 117.954511 -2.535410
v -40.665840 121.787051 -11.809105
v -50.399124 121.376394 -12.777798
v -50.399124 121.376394 -12.777798
v -40.665840 121.787051 -11.809105
v -40.460717 128.706385 -12.066321
v -50.346788 128.395808 -12.548502
v -48.061365 131.954511 -2.535410
v -50.346788 128.395808 -12.548502
v -40.460717 128.706385 -12.066321
v -48.061365 117.954511 -2.535410
v -35.717140 121.258644 -2.535410
v -40.665840 121.787051 -11.809105
v -40.665840 121.787051 -11.809105
v -35.717140 121.258644 -2.535410
v -36.264870 128.271126 -2.535410
v -40.460717 128.706385 -12.066321
v -48.061365 131.954511 -2.535410
v -40.460717 128.706385 -12.066321
v -36.264870 128.271126 -2.535410
v -71.316864 120.099511 -3.762221
v -64.182777 123.559658 5.183641
v -59.657191 123.753649 -3.762221
v -59.657191 123.753649 -3.762221
v -64.182777 123.559658 5.183641
v -64.460153 130.699778 4.835823
v -59.640052 130.372176 -3.762221
v -71.316864 134.099511 -3.762221
v -59.640052 130.372176 -3.762221
v -64.460153 130.699778 4.835823
v -71.316864 120.099511 -3.762221
v -73.897352 123.267836 7.543633
v -64.182777 123.559658 5.183641
v -64.182777 123.559658 5.183641
v -73.897352 123.267836 7.543633
v -73.815901 130.845379 7.186774
v -64.460153 130.699778 4.835823
v -71.316864 134.099511 -3.762221
v -64.460153 130.699778 4.835823
v -73.815901 130.845379 7.186774
v -71.316864 120.099511 -3.762221
v -82.390470 123.272061 1.570546
v -73.897352 123.267836 7.543633
v -73.897352 123.267836 7.543633
v -82.390470 123.272061 1.570546
v -81.543891 130.392782 1.162856
v -73.815901 130.845379 7.186774
v -71.316864 134.099511 -3.762221
v -73.815901 130.845379 7.186774
v -81.543891 130.392782 1.162856
v -71.316864 120.099511 -3.762221
v -80.802649 123.269287 -8.330334
v -82.390470 123.272061 1.570546
v -82.390470 123.272061 1.570546
v -80.802649 123.269287 -8.330334
v -82.439186 130.528863 -9.118449
v -81.543891 130.392782 1.162856
v -71.316864 134.099511 -3.762221
v -81.543891 130.392782 1.162856
v -82.439186 130.528863 -9.118449
v -71.316864 120.099511 -3.762221
v -73.663080 123.774247 -14.041661
v -80.802649 123.269287 -8.330334
v -80.802649 123.269287 -8.330334
v -73.663080 123.774247 -14.041661
v -73.980068 130.785456 -15.430479
v -82.439186 130.528863 -9.118449
v -71.316864 134.099511 -3.762221
v -82.439186 130.528863 -9.118449
v -73.980068 130.785456 -15.430479
v -71.316864 120.099511 -3.762221
v -64.626037 123.454779 -12.152253
v -73.663080 123.774247 -14.041661
v -73.663080 123.774247 -14.041661
v -64.626037 123.454779 -12.152253
v -63.709565 130.501783 -13.301473
v -73.980068 130.785456 -15.430479
v -71.316864 134.099511 -3.762221
v -73.980068 130.785456 -15.430479
v -63.709565 130.501783 -13.301473
v -71.316864 120.099511 -3.762221
v -59.657191 123.753649 -3.762221
v -64.626037 123.454779 -12.152253
v -64.626037 123.454779 -12.152253
v -59.657191 123.753649 -3.762221
v -59.640052 130.372176 -3.762221
v -63.709565 130.501783 -13.301473
v -71.316864 134.099511 -3.762221
v -63.709565 130.501783 -13.301473
v -59.640052 130.372176 -3.762221
v 0.000000 118.551856 -0.531093
v -1.585509 119.333792 0.486914
v -17.459408 129.059186 -33.034794
v -16.904480 128.785509 -33.391097
v 0.000000 120.521511 0.000000
v -1.585509 119.333792 0.486914
v 0.000000 118.551856 -0.531093
v -1.585509 119.333792 0.486914
v -1.585509 121.303447 1.018008
v -17.459408 129.748565 -32.848911
v -17.459408 129.059186 -33.034794
v 0.000000 120.521511 0.000000
v -1.585509 121.303447 1.018008
v -1.585509 119.333792 0.486914
v -1.585509 121.303447 1.018008
v -0.000000 122.491166 0.531093
v -16.904480 130.164267 -33.019331
v -17.459408 129.748565 -32.848911
v 0.000000 120.521511 0.000000
v -0.000000 122.491166 0.531093
v -1.585509 121.303447 1.018008
v -0.000000 122.491166 0.531093
v 1.585509 121.709230 -0.486914
v -16.349552 129.890590 -33.375634
v -16.904480 130.164267 -33.019331
v 0.000000 120.521511 0.000000
v 1.585509 121.709230 -0.486914
v -0.000000 122.491166 0.531093
v 1.585509 121.709230 -0.486914
v 1.585509 119.739575 -1.018008
v -16.349552 129.201211 -33.561517
v -16.349552 129.890590 -33.375634
v 0.000000 120.521511 0.000000
v 1.585509 119.739575 -1.018008
v 1.585509 121.709230 -0.486914
v 1.585509 119.739575 -1.018008
v 0.000000 118.551856 -0.531093
v -16.904480 128.785509 -33.391097
v -16.349552 129.201211 -33.561517
v 0.000000 120.521511 0.000000
v 0.000000 118.551856 -0.531093
v 1.585509 119.739575 -1.018008
v -16.980671 128.768851 -33.131030
v -17.489798 129.209731 -32.893941
v -34.715966 127.898788 -69.444335
v -35.152360 128.276685 -69.241115
v -35.217667 127.671511 -69.177529
v -35.152360 128.276685 -69.241115
v -34.715966 127.898788 -69.444335
v -17.489798 129.209731 -32.893941
v -17.413606 129.915768 -32.968125
v -34.781273 127.293614 -69.380749
v -34.715966 127.898788 -69.444335
v -35.217667 127.671511 -69.177529
v -34.715966 127.898788 -69.444335
v -34.781273 127.293614 -69.380749
v -17.413606 129.915768 -32.968125
v -16.828289 130.180925 -33.279398
v -35.282974 127.066337 -69.113943
v -34.781273 127.293614 -69.380749
v -35.217667 127.671511 -69.177529
v -34.781273 127.293614 -69.380749
v -35.282974 127.066337 -69.113943
v -16.828289 130.180925 -33.279398
v -16.319162 129.740045 -33.516487
v -35.719368 127.444234 -68.910724
v -35.282974 127.066337 -69.113943
v -35.217667 127.671511 -69.177529
v -35.282974 127.066337 -69.113943
v -35.719368 127.444234 -68.910724
v -16.319162 129.740045 -33.516487
v -16.395354 129.034008 -33.442303
v -35.654061 128.049408 -68.974310
v -35.719368 127.444234 -68.910724
v -35.217667 127.671511 -69.177529
v -35.719368 127.444234 -68.910724
v -35.654061 128.049408 -68.974310
v -16.395354 129.034008 -33.442303
v -16.980671 128.768851 -33.131030
v -35.152360 128.276685 -69.241115
v -35.654061 128.049408 -68.974310
v -35.217667 127.671511 -69.177529
v -35.654061 128.049408 -68.974310
v -35.152360 128.276685 -69.241115
v -21.834953 117.954511 -42.890068
v -15.353512 121.158543 -34.762597
v -10.146669 121.551538 -42.890068
v -10.146669 121.551538 -42.890068
v -15.353512 121.158543 -34.762597
v -14.495126 128.156641 -33.686216
v -11.555309 128.667126 -42.890068
v -21.834953 131.954511 -42.890068
v -11.555309 128.667126 -42.890068
v -14.495126 128.156641 -33.686216
v -21.834953 117.954511 -42.890068
v -24.210713 121.559409 -32.481187
v -15.353512 121.158543 -34.762597
v -15.353512 121.158543 -34.762597
v -24.210713 121.559409 -32.481187
v -24.405145 128.156883 -31.629325
v -14.495126 128.156641 -33.686216
v -21.834953 131.954511 -42.890068
v -14.495126 128.156641 -33.686216
v -24.405145 128.156883 -31.629325
v -21.834953 117.954511 -42.890068
v -32.125836 121.188586 -37.934240
v -24.210713 121.559409 -32.481187
v -24.210713 121.559409 -32.481187
v -32.125836 121.188586 -37.934240
v -31.604869 128.586965 -38.185125
v -24.405145 128.156883 -31.629325
v -21.834953 131.954511 -42.890068
v -24.405145 128.156883 -31.629325
v -31.604869 128.586965 -38.185125
v -21.834953 117.954511 -42.890068
v -31.785648 121.386432 -47.682070
v -32.125836 121.188586 -37.934240
v -32.125836 121.188586 -37.934240
v -31.785648 121.386432 -47.682070
v -31.597735 128.605518 -47.591576
v -31.604869 128.586965 -38.185125
v -21.834953 131.954511 -42.890068
v -31.604869 128.586965 -38.185125
v -31.597735 128.605518 -47.591576
v -21.834953 117.954511 -42.890068
v -24.355468 121.134979 -53.933164
v -31.785648 121.386432 -47.682070
v -31.785648 121.386432 -47.682070
v -24.355468 121.134979 -53.933164
v -24.099302 128.462499 -52.810826
v -31.597735 128.605518 -47.591576
v -21.834953 131.954511 -42.890068
v -31.597735 128.605518 -47.591576
v -24.099302 128.462499 -52.810826
v -21.834953 117.954511 -42.890068
v -15.144145 121.493920 -51.280076
v -24.355468 121.134979 -53.933164
v -24.355468 121.134979 -53.933164
v -15.144145 121.493920 -51.280076
v -14.128465 128.628502 -52.553699
v -24.099302 128.462499 -52.810826
v -21.834953 131.954511 -42.890068
v -24.099302 128.462499 -52.810826
v -14.128465 128.628502 -52.553699
v -21.834953 117.954511 -42.890068
v -10.146669 121.551538 -42.890068
v -15.144145 121.493920 -51.280076
v -15.144145 121.493920 -51.280076
v -10.146669 121.551538 -42.890068
v -11.555309 128.667126 -42.890068
v -14.128465 128.628502 -52.553699
v -21.834953 131.954511 -42.890068
v -14.128465 128.628502 -52.553699
v -11.555309 128.667126 -42.890068
v -32.400253 120.099511 -63.643327
v -25.459134 123.497342 -54.939438
v -21.079104 123.750144 -63.643327
v -21.079104 123.750144 -63.643327
v -25.459134 123.497342 -54.939438
v -25.251856 130.510082 -54.679520
v -21.988090 130.861970 -63.643327
v -32.400253 134.099511 -63.643327
v -21.988090 130.861970 -63.643327
v -25.251856 130.510082 -54.679520
v -32.400253 120.099511 -63.643327
v -34.987807 123.498959 -52.306514
v -25.459134 123.497342 -54.939438
v -25.459134 123.497342 -54.939438
v -34.987807 123.498959 -52.306514
v -35.110725 130.650438 -51.767976
v -25.251856 130.510082 -54.679520
v -32.400253 134.099511 -63.643327
v -25.251856 130.510082 -54.679520
v -35.110725 130.650438 -51.767976
v -32.400253 120.099511 -63.643327
v -41.639975 123.303785 -59.193711
v -34.987807 123.498959 -52.306514
v -34.987807 123.498959 -52.306514
v -41.639975 123.303785 -59.193711
v -42.591207 130.337227 -58.735622
v -35.110725 130.650438 -51.767976
v -32.400253 134.099511 -63.643327
v -35.110725 130.650438 -51.767976
v -42.591207 130.337227 -58.735622
v -32.400253 120.099511 -63.643327
v -43.376650 123.883132 -68.929281
v -41.639975 123.303785 -59.193711
v -41.639975 123.303785 -59.193711
v -43.376650 123.883132 -68.929281
v -41.899812 130.751568 -68.218073
v -42.591207 130.337227 -58.735622
v -32.400253 134.099511 -63.643327
v -42.591207 130.337227 -58.735622
v -41.899812 130.751568 -68.218073
v -32.400253 120.099511 -63.643327
v -34.924730 123.636593 -74.703780
v -43.376650 123.883132 -68.929281
v -43.376650 123.883132 -68.929281
v -34.924730 123.636593 -74.703780
v -34.784098 130.491774 -74.087634
v -41.899812 130.751568 -68.218073
v -32.400253 134.099511 -63.643327
v -41.899812 130.751568 -68.218073
v -34.784098 130.491774 -74.087634
v -32.400253 120.099511 -63.643327
v -24.907957 123.784071 -73.038369
v -34.924730 123.636593 -74.703780
v -34.924730 123.636593 -74.703780
v -24.907957 123.784071 -73.038369
v -25.098140 130.726211 -72.799888
v -34.784098 130.491774 -74.087634
v -32.400253 134.099511 -63.643327
v -34.784098 130.491774 -74.087634
v -25.098140 130.726211 -72.799888
v -32.400253 120.099511 -63.643327
v -21.079104 123.750144 -63.643327
v -24.907957 123.784071 -73.038369
v -24.907957 123.784071 -73.038369
v -21.079104 123.750144 -63.643327
v -21.988090 130.861970 -63.643327
v -25.098140 130.726211 -72.799888
v -32.400253 134.099511 -63.643327
v -25.098140 130.726211 -72.799888
v -21.988090 130.861970 -63.643327
v 0.000000 118.560451 -0.561998
v -1.498320 119.798859 -1.180852
v 19.779907 129.221960 -31.655614
v 20.304319 128.788517 -31.439015
v 0.000000 120.521511 0.000000
v -1.498320 119.798859 -1.180852
v 0.000000 118.560451 -0.561998
v -1.498320 119.798859 -1.180852
v -1.498320 121.759920 -0.618854
v 19.779907 129.908331 -31.458915
v 19.779907 129.221960 -31.655614
v 0.000000 120.521511 0.000000
v -1.498320 121.759920 -0.618854
v -1.498320 119.798859 -1.180852
v -1.498320 121.759920 -0.618854
v -0.000000 122.482572 0.561998
v 20.304319 130.161259 -31.045617
v 19.779907 129.908331 -31.458915
v 0.000000 120.521511 0.000000
v -0.000000 122.482572 0.561998
v -1.498320 121.759920 -0.618854
v -0.000000 122.482572 0.561998
v 1.498320 121.244163 1.180852
v 20.828731 129.727816 -30.829018
v 20.304319 130.161259 -31.045617
v 0.000000 120.521511 0.000000
v 1.498320 121.244163 1.180852
v -0.000000 122.482572 0.561998
v 1.498320 121.244163 1.180852
v 1.498320 119.283102 0.618854
v 20.828731 129.041445 -31.025717
v 20.828731 129.727816 -30.829018
v 0.000000 120.521511 0.000000
v 1.498320 119.283102 0.618854
v 1.498320 121.244163 1.180852
v 1.498320 119.283102 0.618854
v 0.000000 118.560451 -0.561998
v 20.304319 128.788517 -31.439015
v 20.828731 129.041445 -31.025717
v 0.000000 120.521511 0.000000
v 0.000000 118.560451 -0.561998
v 1.498320 119.283102 0.618854
v 20.232620 128.764551 -31.251065
v 19.753512 129.175856 -31.584351
v 42.772784 127.927824 -64.794986
v 42.362121 128.280371 -65.080660
v 42.300664 127.671511 -65.088159
v 42.362121 128.280371 -65.080660
v 42.772784 127.927824 -64.794986
v 19.753512 129.175856 -31.584351
v 19.825211 129.886193 -31.575602
v 42.711328 127.318964 -64.802485
v 42.772784 127.927824 -64.794986
v 42.300664 127.671511 -65.088159
v 42.772784 127.927824 -64.794986
v 42.711328 127.318964 -64.802485
v 19.825211 129.886193 -31.575602
v 20.376018 130.185225 -31.233567
v 42.239208 127.062651 -65.095658
v 42.711328 127.318964 -64.802485
v 42.300664 127.671511 -65.088159
v 42.711328 127.318964 -64.802485
v 42.239208 127.062651 -65.095658
v 20.376018 130.185225 -31.233567
v 20.855126 129.773920 -30.900281
v 41.828544 127.415198 -65.381332
v 42.239208 127.062651 -65.095658
v 42.300664 127.671511 -65.088159
v 42.239208 127.062651 -65.095658
v 41.828544 127.415198 -65.381332
v 20.855126 129.773920 -30.900281
v 20.783426 129.063583 -30.909030
v 41.890001 128.024058 -65.373833
v 41.828544 127.415198 -65.381332
v 42.300664 127.671511 -65.088159
v 41.828544 127.415198 -65.381332
v 41.890001 128.024058 -65.373833
v 20.783426 129.063583 -30.909030
v 20.232620 128.764551 -31.251065
v 42.362121 128.280371 -65.080660
v 41.890001 128.024058 -65.373833
v 42.300664 127.671511 -65.088159
v 41.890001 128.024058 -65.373833
v 42.362121 128.280371 -65.080660
v 26.226412 117.954511 -40.354658
v 33.648659 121.647778 -31.047454
v 37.951159 121.129962 -40.354658
v 37.951159 121.129962 -40.354658
v 33.648659 121.647778 -31.047454
v 33.502212 128.554746 -31.231094
v 37.090248 128.333348 -40.354658
v 26.226412 131.954511 -40.354658
v 37.090248 128.333348 -40.354658
v 33.502212 128.554746 -31.231094
v 26.226412 117.954511 -40.354658
v 23.832086 121.531171 -29.864429
v 33.648659 121.647778 -31.047454
v 33.648659 121.647778 -31.047454
v 23.832086 121.531171 -29.864429
v 23.707232 128.585637 -29.317408
v 33.502212 128.554746 -31.231094
v 26.226412 131.954511 -40.354658
v 33.502212 128.554746 -31.231094
v 23.707232 128.585637 -29.317408
v 26.226412 117.954511 -40.354658
v 16.535850 121.432572 -35.687930
v 23.832086 121.531171 -29.864429
v 23.832086 121.531171 -29.864429
v 16.535850 121.432572 -35.687930
v 15.843318 128.661334 -35.354424
v 23.707232 128.585637 -29.317408
v 26.226412 131.954511 -40.354658
v 23.707232 128.585637 -29.317408
v 15.843318 128.661334 -35.354424
v 26.226412 117.954511 -40.354658
v 16.622503 121.632407 -44.979657
v 16.535850 121.432572 -35.687930
v 16.535850 121.432572 -35.687930
v 16.622503 121.632407 -44.979657
v 15.287062 128.268575 -45.622771
v 15.843318 128.661334 -35.354424
v 26.226412 131.954511 -40.354658
v 15.843318 128.661334 -35.354424
v 15.287062 128.268575 -45.622771
v 26.226412 117.954511 -40.354658
v 23.959557 121.732111 -50.286399
v 16.622503 121.632407 -44.979657
v 16.622503 121.632407 -44.979657
v 23.959557 121.732111 -50.286399
v 23.793239 128.719980 -51.015084
v 15.287062 128.268575 -45.622771
v 26.226412 131.954511 -40.354658
v 15.287062 128.268575 -45.622771
v 23.793239 128.719980 -51.015084
v 26.226412 117.954511 -40.354658
v 32.670196 121.527371 -48.434908
v 23.959557 121.732111 -50.286399
v 23.959557 121.732111 -50.286399
v 32.670196 121.527371 -48.434908
v 33.938503 128.183705 -50.025315
v 23.793239 128.719980 -51.015084
v 26.226412 131.954511 -40.354658
v 23.793239 128.719980 -51.015084
v 33.938503 128.183705 -50.025315
v 26.226412 117.954511 -40.354658
v 37.951159 121.129962 -40.354658
v 32.670196 121.527371 -48.434908
v 32.670196 121.527371 -48.434908
v 37.951159 121.129962 -40.354658
v 37.090248 128.333348 -40.354658
v 33.938503 128.183705 -50.025315
v 26.226412 131.954511 -40.354658
v 33.938503 128.183705 -50.025315
v 37.090248 128.333348 -40.354658
v 38.916611 120.099511 -59.881106
v 45.360588 123.792356 -51.800614
v 51.072106 123.266239 -59.881106
v 51.072106 123.266239 -59.881106
v 45.360588 123.792356 -51.800614
v 46.384016 130.751520 -50.517276
v 49.374772 130.923147 -59.881106
v 38.916611 134.099511 -59.881106
v 49.374772 130.923147 -59.881106
v 46.384016 130.751520 -50.517276
v 38.916611 120.099511 -59.881106
v 36.402612 123.447810 -48.866556
v 45.360588 123.792356 -51.800614
v 45.360588 123.792356 -51.800614
v 36.402612 123.447810 -48.866556
v 36.275515 130.388186 -48.309710
v 46.384016 130.751520 -50.517276
v 38.916611 134.099511 -59.881106
v 46.384016 130.751520 -50.517276
v 36.275515 130.388186 -48.309710
v 38.916611 120.099511 -59.881106
v 28.404362 123.671628 -54.818674
v 36.402612 123.447810 -48.866556
v 36.402612 123.447810 -48.866556
v 28.404362 123.671628 -54.818674
v 28.531680 130.848562 -54.879987
v 36.275515 130.388186 -48.309710
v 38.916611 134.099511 -59.881106
v 36.275515 130.388186 -48.309710
v 28.531680 130.848562 -54.879987
v 38.916611 120.099511 -59.881106
v 29.329426 123.386391 -64.498051
v 28.404362 123.671628 -54.818674
v 28.404362 123.671628 -54.818674
v 29.329426 123.386391 -64.498051
v 29.650488 130.524653 -64.343436
v 28.531680 130.848562 -54.879987
v 38.916611 134.099511 -59.881106
v 28.531680 130.848562 -54.879987
v 29.650488 130.524653 -64.343436
v 38.916611 120.099511 -59.881106
v 36.457433 123.783338 -70.655470
v 29.329426 123.386391 -64.498051
v 29.329426 123.386391 -64.498051
v 36.457433 123.783338 -70.655470
v 36.654086 130.650419 -69.793877
v 29.650488 130.524653 -64.343436
v 38.916611 134.099511 -59.881106
v 29.650488 130.524653 -64.343436
v 36.654086 130.650419 -69.793877
v 38.916611 120.099511 -59.881106
v 45.917656 123.505314 -68.660139
v 36.457433 123.783338 -70.655470
v 36.457433 123.783338 -70.655470
v 45.917656 123.505314 -68.660139
v 45.543990 130.304671 -68.191576
v 36.654086 130.650419 -69.793877
v 38.916611 134.099511 -59.881106
v 36.654086 130.650419 -69.793877
v 45.543990 130.304671 -68.191576
v 38.916611 120.099511 -59.881106
v 51.072106 123.266239 -59.881106
v 45.917656 123.505314 -68.660139
v 45.917656 123.505314 -68.660139
v 51.072106 123.266239 -59.881106
v 49.374772 130.923147 -59.881106
v 45.543990 130.304671 -68.191576
v 38.916611 134.099511 -59.881106
v 45.543990 130.304671 -68.191576
v 49.374772 130.923147 -59.881106
v -0.530955 144.263846 1.969692
v 0.135671 142.546701 1.092981
v 35.237372 152.481049 9.868422
v 35.004053 153.082050 10.175271
v 0.000000 144.263846 0.000000
v 0.135671 142.546701 1.092981
v -0.530955 144.263846 1.969692
v 0.135671 142.546701 1.092981
v 0.666626 142.546701 -0.876711
v 35.423207 152.481049 9.179030
v 35.237372 152.481049 9.868422
v 0.000000 144.263846 0.000000
v 0.666626 142.546701 -0.876711
v 0.135671 142.546701 1.092981
v 0.666626 142.546701 -0.876711
v 0.530955 144.263846 -1.969692
v 35.375722 153.082050 8.796487
v 35.423207 152.481049 9.179030
v 0.000000 144.263846 0.000000
v 0.530955 144.263846 -1.969692
v 0.666626 142.546701 -0.876711
v 0.530955 144.263846 -1.969692
v -0.135671 145.980991 -1.092981
v 35.142403 153.683050 9.103335
v 35.375722 153.082050 8.796487
v 0.000000 144.263846 0.000000
v -0.135671 145.980991 -1.092981
v 0.530955 144.263846 -1.969692
v -0.135671 145.980991 -1.092981
v -0.666626 145.980991 0.876711
v 34.956568 153.683050 9.792728
v 35.142403 153.683050 9.103335
v 0.000000 144.263846 0.000000
v -0.666626 145.980991 0.876711
v -0.135671 145.980991 -1.092981
v -0.666626 145.980991 0.876711
v -0.530955 144.263846 1.969692
v 35.004053 153.082050 10.175271
v 34.956568 153.683050 9.792728
v 0.000000 144.263846 0.000000
v -0.530955 144.263846 1.969692
v -0.666626 145.980991 0.876711
v 35.001906 152.996651 10.169374
v 35.090141 152.426002 9.749410
v 73.397762 151.976172 19.536364
v 73.473393 151.487044 19.176394
v 73.312266 151.413846 19.762247
v 73.473393 151.487044 19.176394
v 73.397762 151.976172 19.536364
v 35.090141 152.426002 9.749410
v 35.278123 152.511401 9.065914
v 73.236635 151.902974 20.122217
v 73.397762 151.976172 19.536364
v 73.312266 151.413846 19.762247
v 73.397762 151.976172 19.536364
v 73.236635 151.902974 20.122217
v 35.278123 152.511401 9.065914
v 35.377869 153.167448 8.802383
v 73.151139 151.340647 20.348100
v 73.236635 151.902974 20.122217
v 73.312266 151.413846 19.762247
v 73.236635 151.902974 20.122217
v 73.151139 151.340647 20.348100
v 35.377869 153.167448 8.802383
v 35.289634 153.738097 9.222348
v 73.226769 150.851520 19.988131
v 73.151139 151.340647 20.348100
v 73.312266 151.413846 19.762247
v 73.151139 151.340647 20.348100
v 73.226769 150.851520 19.988131
v 35.289634 153.738097 9.222348
v 35.101652 153.652699 9.905843
v 73.387896 150.924718 19.402278
v 73.226769 150.851520 19.988131
v 73.312266 151.413846 19.762247
v 73.226769 150.851520 19.988131
v 73.387896 150.924718 19.402278
v 35.101652 153.652699 9.905843
v 35.001906 152.996651 10.169374
v 73.473393 151.487044 19.176394
v 73.387896 150.924718 19.402278
v 73.312266 151.413846 19.762247
v 73.387896 150.924718 19.402278
v 73.473393 151.487044 19.176394
v 45.453605 141.696846 12.252593
v 52.118604 145.372340 20.610238
v 56.612967 145.364389 12.252593
v 56.612967 145.364389 12.252593
v 52.118604 145.372340 20.610238
v 52.841572 152.487364 21.516812
v 55.765329 152.500568 12.252593
v 45.453605 155.696846 12.252593
v 55.765329 152.500568 12.252593
v 52.841572 152.487364 21.516812
v 45.453605 141.696846 12.252593
v 42.941259 145.363389 23.259897
v 52.118604 145.372340 20.610238
v 52.118604 145.372340 20.610238
v 42.941259 145.363389 23.259897
v 43.065641 152.393270 22.714947
v 52.841572 152.487364 21.516812
v 45.453605 155.696846 12.252593
v 52.841572 152.487364 21.516812
v 43.065641 152.393270 22.714947
v 45.453605 141.696846 12.252593
v 35.810590 145.002386 16.896424
v 42.941259 145.363389 23.259897
v 42.941259 145.363389 23.259897
v 35.810590 145.002386 16.896424
v 36.140693 151.860365 16.737455
v 43.065641 152.393270 22.714947
v 45.453605 155.696846 12.252593
v 43.065641 152.393270 22.714947
v 36.140693 151.860365 16.737455
v 45.453605 141.696846 12.252593
v 36.072334 145.307911 7.734811
v 35.810590 145.002386 16.896424
v 35.810590 145.002386 16.896424
v 36.072334 145.307911 7.734811
v 34.428895 152.265974 6.943373
v 36.140693 151.860365 16.737455
v 45.453605 155.696846 12.252593
v 36.140693 151.860365 16.737455
v 34.428895 152.265974 6.943373
v 45.453605 141.696846 12.252593
v 42.751023 145.461253 0.411807
v 36.072334 145.307911 7.734811
v 36.072334 145.307911 7.734811
v 42.751023 145.461253 0.411807
v 42.971341 151.904149 1.377087
v 34.428895 152.265974 6.943373
v 45.453605 155.696846 12.252593
v 34.428895 152.265974 6.943373
v 42.971341 151.904149 1.377087
v 45.453605 141.696846 12.252593
v 51.859284 145.274406 4.220126
v 42.751023 145.461253 0.411807
v 42.751023 145.461253 0.411807
v 51.859284 145.274406 4.220126
v 52.548973 152.527004 3.355283
v 42.971341 151.904149 1.377087
v 45.453605 155.696846 12.252593
v 42.971341 151.904149 1.377087
v 52.548973 152.527004 3.355283
v 45.453605 141.696846 12.252593
v 56.612967 145.364389 12.252593
v 51.859284 145.274406 4.220126
v 51.859284 145.274406 4.220126
v 56.612967 145.364389 12.252593
v 55.765329 152.500568 12.252593
v 52.548973 152.527004 3.355283
v 45.453605 155.696846 12.252593
v 52.548973 152.527004 3.355283
v 55.765329 152.500568 12.252593
v 67.447284 143.841846 18.181268
v 73.796499 147.070649 26.142931
v 77.796464 147.300726 18.181268
v 77.796464 147.300726 18.181268
v 73.796499 147.070649 26.142931
v 74.182924 154.576816 26.627493
v 79.767231 154.532270 18.181268
v 67.447284 157.841846 18.181268
v 79.767231 154.532270 18.181268
v 74.182924 154.576816 26.627493
v 67.447284 143.841846 18.181268
v 64.733905 147.387556 30.069361
v 73.796499 147.070649 26.142931
v 73.796499 147.070649 26.142931
v 64.733905 147.387556 30.069361
v 64.867462 154.676876 29.484209
v 74.182924 154.576816 26.627493
v 67.447284 157.841846 18.181268
v 74.182924 154.576816 26.627493
v 64.867462 154.676876 29.484209
v 67.447284 143.841846 18.181268
v 57.906527 147.657911 22.775854
v 64.733905 147.387556 30.069361
v 64.733905 147.387556 30.069361
v 57.906527 147.657911 22.775854
v 58.070231 154.112449 22.697018
v 64.867462 154.676876 29.484209
v 67.447284 157.841846 18.181268
v 64.867462 154.676876 29.484209
v 58.070231 154.112449 22.697018
v 67.447284 143.841846 18.181268
v 56.431964 147.362773 12.876569
v 57.906527 147.657911 22.775854
v 57.906527 147.657911 22.775854
v 56.431964 147.362773 12.876569
v 57.590237 154.104137 13.434364
v 58.070231 154.112449 22.697018
v 67.447284 157.841846 18.181268
v 58.070231 154.112449 22.697018
v 57.590237 154.104137 13.434364
v 67.447284 143.841846 18.181268
v 64.994294 147.652976 7.434012
v 56.431964 147.362773 12.876569
v 56.431964 147.362773 12.876569
v 64.994294 147.652976 7.434012
v 64.939685 154.382080 7.194758
v 57.590237 154.104137 13.434364
v 67.447284 157.841846 18.181268
v 57.590237 154.104137 13.434364
v 64.939685 154.382080 7.194758
v 67.447284 143.841846 18.181268
v 74.695223 146.991908 9.092641
v 64.994294 147.652976 7.434012
v 64.994294 147.652976 7.434012
v 74.695223 146.991908 9.092641
v 74.193627 154.513004 9.721621
v 64.939685 154.382080 7.194758
v 67.447284 157.841846 18.181268
v 64.939685 154.382080 7.194758
v 74.193627 154.513004 9.721621
v 67.447284 143.841846 18.181268
v 77.796464 147.300726 18.181268
v 74.695223 146.991908 9.092641
v 74.695223 146.991908 9.092641
v 77.796464 147.300726 18.181268
v 79.767231 154.532270 18.181268
v 74.193627 154.513004 9.721621
v 67.447284 157.841846 18.181268
v 74.193627 154.513004 9.721621
v 79.767231 154.532270 18.181268
v 0.000000 146.242756 -0.495494
v -1.710525 145.360642 0.180953
v 8.781248 153.465928 35.281609
v 9.379932 153.774668 35.044853
v 0.000000 144.263846 0.000000
v -1.710525 145.360642 0.180953
v 0.000000 146.242756 -0.495494
v -1.710525 145.360642 0.180953
v -1.710525 143.381732 0.676446
v 8.781248 152.773310 35.455032
v 8.781248 153.465928 35.281609
v 0.000000 144.263846 0.000000
v -1.710525 143.381732 0.676446
v -1.710525 145.360642 0.180953
v -1.710525 143.381732 0.676446
v -0.000000 142.284936 0.495494
v 9.379932 152.389431 35.391699
v 8.781248 152.773310 35.455032
v 0.000000 144.263846 0.000000
v -0.000000 142.284936 0.495494
v -1.710525 143.381732 0.676446
v -0.000000 142.284936 0.495494
v 1.710525 143.167050 -0.180953
v 9.978616 152.698171 35.154943
v 9.379932 152.389431 35.391699
v 0.000000 144.263846 0.000000
v 1.710525 143.167050 -0.180953
v -0.000000 142.284936 0.495494
v 1.710525 143.167050 -0.180953
v 1.710525 145.145960 -0.676446
v 9.978616 153.390790 34.981520
v 9.978616 152.698171 35.154943
v 0.000000 144.263846 0.000000
v 1.710525 145.145960 -0.676446
v 1.710525 143.167050 -0.180953
v 1.710525 145.145960 -0.676446
v 0.000000 146.242756 -0.495494
v 9.379932 153.774668 35.044853
v 9.978616 153.390790 34.981520
v 0.000000 144.263846 0.000000
v 0.000000 146.242756 -0.495494
v 1.710525 145.145960 -0.676446
v 9.297331 153.789278 35.271198
v 8.745378 153.354816 35.399207
v 20.085428 151.180046 73.216324
v 19.612325 150.807650 73.326046
v 19.541525 151.413846 73.371408
v 19.612325 150.807650 73.326046
v 20.085428 151.180046 73.216324
v 8.745378 153.354816 35.399207
v 8.827979 152.647587 35.346285
v 20.014627 151.786242 73.261686
v 20.085428 151.180046 73.216324
v 19.541525 151.413846 73.371408
v 20.085428 151.180046 73.216324
v 20.014627 151.786242 73.261686
v 8.827979 152.647587 35.346285
v 9.462532 152.374821 35.165354
v 19.470724 152.020042 73.416770
v 20.014627 151.786242 73.261686
v 19.541525 151.413846 73.371408
v 20.014627 151.786242 73.261686
v 19.470724 152.020042 73.416770
v 9.462532 152.374821 35.165354
v 10.014485 152.809283 35.037344
v 18.997622 151.647646 73.526492
v 19.470724 152.020042 73.416770
v 19.541525 151.413846 73.371408
v 19.470724 152.020042 73.416770
v 18.997622 151.647646 73.526492
v 10.014485 152.809283 35.037344
v 9.931885 153.516512 35.090267
v 19.068422 151.041450 73.481130
v 18.997622 151.647646 73.526492
v 19.541525 151.413846 73.371408
v 18.997622 151.647646 73.526492
v 19.068422 151.041450 73.481130
v 9.931885 153.516512 35.090267
v 9.297331 153.789278 35.271198
v 19.612325 150.807650 73.326046
v 19.068422 151.041450 73.481130
v 19.541525 151.413846 73.371408
v 19.068422 151.041450 73.481130
v 19.612325 150.807650 73.326046
v 12.115745 141.696846 45.490273
v 18.966057 145.451645 54.080292
v 22.393416 145.514210 45.490273
v 22.393416 145.514210 45.490273
v 18.966057 145.451645 54.080292
v 19.454503 152.371223 54.692784
v 22.275097 152.506545 45.490273
v 12.115745 155.696846 45.490273
v 22.275097 152.506545 45.490273
v 19.454503 152.371223 54.692784
v 12.115745 141.696846 45.490273
v 9.370645 145.000172 57.517344
v 18.966057 145.451645 54.080292
v 18.966057 145.451645 54.080292
v 9.370645 145.000172 57.517344
v 9.744456 151.850520 55.879572
v 19.454503 152.371223 54.692784
v 12.115745 155.696846 45.490273
v 19.454503 152.371223 54.692784
v 9.744456 151.850520 55.879572
v 12.115745 141.696846 45.490273
v 1.245689 145.079432 50.725016
v 9.370645 145.000172 57.517344
v 9.370645 145.000172 57.517344
v 1.245689 145.079432 50.725016
v 2.079151 152.383863 50.323642
v 9.744456 151.850520 55.879572
v 12.115745 155.696846 45.490273
v 9.744456 151.850520 55.879572
v 2.079151 152.383863 50.323642
v 12.115745 141.696846 45.490273
v 1.187407 145.314047 40.227463
v 1.245689 145.079432 50.725016
v 1.245689 145.079432 50.725016
v 1.187407 145.314047 40.227463
v 2.167681 152.165677 40.699538
v 2.079151 152.383863 50.323642
v 12.115745 155.696846 45.490273
v 2.079151 152.383863 50.323642
v 2.167681 152.165677 40.699538
v 12.115745 141.696846 45.490273
v 9.835250 145.541254 35.498772
v 1.187407 145.314047 40.227463
v 1.187407 145.314047 40.227463
v 9.835250 145.541254 35.498772
v 9.559856 152.431448 34.292191
v 2.167681 152.165677 40.699538
v 12.115745 155.696846 45.490273
v 2.167681 152.165677 40.699538
v 9.559856 152.431448 34.292191
v 12.115745 141.696846 45.490273
v 19.703071 144.893349 35.976068
v 9.835250 145.541254 35.498772
v 9.835250 145.541254 35.498772
v 19.703071 144.893349 35.976068
v 18.998976 152.150842 36.858975
v 9.559856 152.431448 34.292191
v 12.115745 155.696846 45.490273
v 9.559856 152.431448 34.292191
v 18.998976 152.150842 36.858975
v 12.115745 141.696846 45.490273
v 22.393416 145.514210 45.490273
v 19.703071 144.893349 35.976068
v 19.703071 144.893349 35.976068
v 22.393416 145.514210 45.490273
v 22.275097 152.506545 45.490273
v 18.998976 152.150842 36.858975
v 12.115745 155.696846 45.490273
v 18.998976 152.150842 36.858975
v 22.275097 152.506545 45.490273
v 17.978203 143.841846 67.501696
v 25.613553 147.579091 77.076122
v 28.115678 147.275176 67.501696
v 28.115678 147.275176 67.501696
v 25.613553 147.579091 77.076122
v 24.897102 154.663666 76.177721
v 28.466755 154.270584 67.501696
v 17.978203 157.841846 67.501696
v 28.466755 154.270584 67.501696
v 24.897102 154.663666 76.177721
v 17.978203 143.841846 67.501696
v 15.701234 147.546187 77.477747
v 25.613553 147.579091 77.076122
v 25.613553 147.579091 77.076122
v 15.701234 147.546187 77.477747
v 15.640502 154.367351 77.743830
v 24.897102 154.663666 76.177721
v 17.978203 157.841846 67.501696
v 24.897102 154.663666 76.177721
v 15.640502 154.367351 77.743830
v 17.978203 143.841846 67.501696
v 7.434464 147.042836 72.579292
v 15.701234 147.546187 77.477747
v 15.701234 147.546187 77.477747
v 7.434464 147.042836 72.579292
v 7.394850 154.507416 72.598369
v 15.640502 154.367351 77.743830
v 17.978203 157.841846 67.501696
v 15.640502 154.367351 77.743830
v 7.394850 154.507416 72.598369
v 17.978203 143.841846 67.501696
v 8.307331 147.664461 62.844449
v 7.434464 147.042836 72.579292
v 7.434464 147.042836 72.579292
v 8.307331 147.664461 62.844449
v 8.248376 154.547421 62.816058
v 7.394850 154.507416 72.598369
v 17.978203 157.841846 67.501696
v 7.394850 154.507416 72.598369
v 8.248376 154.547421 62.816058
v 17.978203 143.841846 67.501696
v 15.229318 147.662724 55.458043
v 8.307331 147.664461 62.844449
v 8.307331 147.664461 62.844449
v 15.229318 147.662724 55.458043
v 15.459082 154.373589 56.464705
v 8.248376 154.547421 62.816058
v 17.978203 157.841846 67.501696
v 8.248376 154.547421 62.816058
v 15.459082 154.373589 56.464705
v 17.978203 143.841846 67.501696
v 25.615620 147.580200 57.924678
v 15.229318 147.662724 55.458043
v 15.229318 147.662724 55.458043
v 25.615620 147.580200 57.924678
v 25.643252 154.356780 57.890027
v 15.459082 154.373589 56.464705
v 17.978203 157.841846 67.501696
v 15.459082 154.373589 56.464705
v 25.643252 154.356780 57.890027
v 17.978203 143.841846 67.501696
v 28.115678 147.275176 67.501696
v 25.615620 147.580200 57.924678
v 25.615620 147.580200 57.924678
v 28.115678 147.275176 67.501696
v 28.466755 154.270584 67.501696
v 25.643252 154.356780 57.890027
v 17.978203 157.841846 67.501696
v 25.643252 154.356780 57.890027
v 28.466755 154.270584 67.501696
v 0.000000 146.193675 -0.661331
v -1.281589 144.834546 -1.481024
v -26.258512 153.281794 25.214039
v -25.809956 153.757490 25.500931
v 0.000000 144.263846 0.000000
v -1.281589 144.834546 -1.481024
v 0.000000 146.193675 -0.661331
v -1.281589 144.834546 -1.481024
v -1.281589 142.904716 -0.819693
v -26.258512 152.606354 25.445505
v -26.258512 153.281794 25.214039
v 0.000000 144.263846 0.000000
v -1.281589 142.904716 -0.819693
v -1.281589 144.834546 -1.481024
v -1.281589 142.904716 -0.819693
v -0.000000 142.334017 0.661331
v -25.809956 152.406609 25.963863
v -26.258512 152.606354 25.445505
v 0.000000 144.263846 0.000000
v -0.000000 142.334017 0.661331
v -1.281589 142.904716 -0.819693
v -0.000000 142.334017 0.661331
v 1.281589 143.693146 1.481024
v -25.361400 152.882305 26.250756
v -25.809956 152.406609 25.963863
v 0.000000 144.263846 0.000000
v 1.281589 143.693146 1.481024
v -0.000000 142.334017 0.661331
v 1.281589 143.693146 1.481024
v 1.281589 145.622976 0.819693
v -25.361400 153.557745 26.019290
v -25.361400 152.882305 26.250756
v 0.000000 144.263846 0.000000
v 1.281589 145.622976 0.819693
v 1.281589 143.693146 1.481024
v 1.281589 145.622976 0.819693
v 0.000000 146.193675 -0.661331
v -25.809956 153.757490 25.500931
v -25.361400 153.557745 26.019290
v 0.000000 144.263846 0.000000
v 0.000000 146.193675 -0.661331
v 1.281589 145.622976 0.819693
v -25.870358 153.793262 25.714373
v -26.273981 153.389711 25.285384
v -53.373005 151.150136 53.992315
v -53.718967 150.804236 53.624610
v -53.770741 151.413846 53.609161
v -53.718967 150.804236 53.624610
v -53.373005 151.150136 53.992315
v -26.273981 153.389711 25.285384
v -26.213579 152.678499 25.303408
v -53.424779 151.759746 53.976866
v -53.373005 151.150136 53.992315
v -53.770741 151.413846 53.609161
v -53.373005 151.150136 53.992315
v -53.424779 151.759746 53.976866
v -26.213579 152.678499 25.303408
v -25.749553 152.370837 25.750422
v -53.822515 152.023456 53.593711
v -53.424779 151.759746 53.976866
v -53.770741 151.413846 53.609161
v -53.424779 151.759746 53.976866
v -53.822515 152.023456 53.593711
v -25.749553 152.370837 25.750422
v -25.345930 152.774388 26.179410
v -54.168477 151.677556 53.226007
v -53.822515 152.023456 53.593711
v -53.770741 151.413846 53.609161
v -53.822515 152.023456 53.593711
v -54.168477 151.677556 53.226007
v -25.345930 152.774388 26.179410
v -25.406333 153.485600 26.161386
v -54.116704 151.067945 53.241456
v -54.168477 151.677556 53.226007
v -53.770741 151.413846 53.609161
v -54.168477 151.677556 53.226007
v -54.116704 151.067945 53.241456
v -25.406333 153.485600 26.161386
v -25.870358 153.793262 25.714373
v -53.718967 150.804236 53.624610
v -54.116704 151.067945 53.241456
v -53.770741 151.413846 53.609161
v -54.116704 151.067945 53.241456
v -53.718967 150.804236 53.624610
v -33.337859 141.696846 33.237680
v -26.605740 144.985120 41.679491
v -22.081847 145.000091 33.237680
v -22.081847 145.000091 33.237680
v -26.605740 144.985120 41.679491
v -26.618342 151.921420 41.663688
v -20.976339 152.008600 33.237680
v -33.337859 155.696846 33.237680
v -20.976339 152.008600 33.237680
v -26.618342 151.921420 41.663688
v -33.337859 141.696846 33.237680
v -36.077233 145.330603 45.239659
v -26.605740 144.985120 41.679491
v -26.605740 144.985120 41.679491
v -36.077233 145.330603 45.239659
v -35.973495 152.281643 44.785154
v -26.618342 151.921420 41.663688
v -33.337859 155.696846 33.237680
v -26.618342 151.921420 41.663688
v -35.973495 152.281643 44.785154
v -33.337859 141.696846 33.237680
v -42.551161 145.323115 37.674572
v -36.077233 145.330603 45.239659
v -36.077233 145.330603 45.239659
v -42.551161 145.323115 37.674572
v -43.915468 152.139211 38.331588
v -35.973495 152.281643 44.785154
v -33.337859 155.696846 33.237680
v -35.973495 152.281643 44.785154
v -43.915468 152.139211 38.331588
v -33.337859 141.696846 33.237680
v -43.232891 145.083975 28.472484
v -42.551161 145.323115 37.674572
v -42.551161 145.323115 37.674572
v -43.232891 145.083975 28.472484
v -42.697825 152.430690 28.730158
v -43.915468 152.139211 38.331588
v -33.337859 155.696846 33.237680
v -43.915468 152.139211 38.331588
v -42.697825 152.430690 28.730158
v -33.337859 141.696846 33.237680
v -35.741126 145.299168 22.708281
v -43.232891 145.083975 28.472484
v -43.232891 145.083975 28.472484
v -35.741126 145.299168 22.708281
v -35.731743 151.876766 22.749392
v -42.697825 152.430690 28.730158
v -33.337859 155.696846 33.237680
v -42.697825 152.430690 28.730158
v -35.731743 151.876766 22.749392
v -33.337859 141.696846 33.237680
v -25.922191 145.202283 23.938726
v -35.741126 145.299168 22.708281
v -35.741126 145.299168 22.708281
v -25.922191 145.202283 23.938726
v -26.705192 152.467780 24.920577
v -35.731743 151.876766 22.749392
v -33.337859 155.696846 33.237680
v -35.731743 151.876766 22.749392
v -26.705192 152.467780 24.920577
v -33.337859 141.696846 33.237680
v -22.081847 145.000091 33.237680
v -25.922191 145.202283 23.938726
v -25.922191 145.202283 23.938726
v -22.081847 145.000091 33.237680
v -20.976339 152.008600 33.237680
v -26.705192 152.467780 24.920577
v -33.337859 155.696846 33.237680
v -26.705192 152.467780 24.920577
v -20.976339 152.008600 33.237680
v -49.469082 143.841846 49.320428
v -41.966654 147.458013 58.728175
v -39.328208 147.017557 49.320428
v -39.328208 147.017557 49.320428
v -41.966654 147.458013 58.728175
v -42.670503 154.633846 57.845576
v -38.249906 154.503901 49.320428
v -49.469082 157.841846 49.320428
v -38.249906 154.503901 49.320428
v -42.670503 154.633846 57.845576
v -49.469082 143.841846 49.320428
v -51.755877 147.369230 59.339534
v -41.966654 147.458013 58.728175
v -41.966654 147.458013 58.728175
v -51.755877 147.369230 59.339534
v -52.118791 154.470795 60.929565
v -42.670503 154.633846 57.845576
v -49.469082 157.841846 49.320428
v -42.670503 154.633846 57.845576
v -52.118791 154.470795 60.929565
v -49.469082 143.841846 49.320428
v -60.004553 147.649025 54.394044
v -51.755877 147.369230 59.339534
v -51.755877 147.369230 59.339534
v -60.004553 147.649025 54.394044
v -58.920371 154.210378 53.871929
v -52.118791 154.470795 60.929565
v -49.469082 157.841846 49.320428
v -52.118791 154.470795 60.929565
v -58.920371 154.210378 53.871929
v -49.469082 143.841846 49.320428
v -59.380795 147.296314 44.547198
v -60.004553 147.649025 54.394044
v -60.004553 147.649025 54.394044
v -59.380795 147.296314 44.547198
v -58.995167 154.005947 44.732907
v -58.920371 154.210378 53.871929
v -49.469082 157.841846 49.320428
v -58.920371 154.210378 53.871929
v -58.995167 154.005947 44.732907
v -49.469082 143.841846 49.320428
v -52.103644 147.090431 37.777655
v -59.380795 147.296314 44.547198
v -59.380795 147.296314 44.547198
v -52.103644 147.090431 37.777655
v -52.162333 154.015341 37.520525
v -58.995167 154.005947 44.732907
v -49.469082 157.841846 49.320428
v -58.995167 154.005947 44.732907
v -52.162333 154.015341 37.520525
v -49.469082 143.841846 49.320428
v -42.462614 147.214201 40.534595
v -52.103644 147.090431 37.777655
v -52.103644 147.090431 37.777655
v -42.462614 147.214201 40.534595
v -42.669782 154.091931 40.794376
v -52.162333 154.015341 37.520525
v -49.469082 157.841846 49.320428
v -52.162333 154.015341 37.520525
v -42.669782 154.091931 40.794376
v -49.469082 143.841846 49.320428
v -39.328208 147.017557 49.320428
v -42.462614 147.214201 40.534595
v -42.462614 147.214201 40.534595
v -39.328208 147.017557 49.320428
v -38.249906 154.503901 49.320428
v -42.669782 154.091931 40.794376
v -49.469082 157.841846 49.320428
v -42.669782 154.091931 40.794376
v -38.249906 154.503901 49.320428
v 0.530955 144.263846 -1.969692
v -0.135671 142.546701 -1.092981
v -35.237372 152.481049 -9.868422
v -35.004053 153.082050 -10.175271
v 0.000000 144.263846 0.000000
v -0.135671 142.546701 -1.092981
v 0.530955 144.263846 -1.969692
v -0.135671 142.546701 -1.092981
v -0.666626 142.546701 0.876711
v -35.423207 152.481049 -9.179030
v -35.237372 152.481049 -9.868422
v 0.000000 144.263846 0.000000
v -0.666626 142.546701 0.876711
v -0.135671 142.546701 -1.092981
v -0.666626 142.546701 0.876711
v -0.530955 144.263846 1.969692
v -35.375722 153.082050 -8.796487
v -35.423207 152.481049 -9.179030
v 0.000000 144.263846 0.000000
v -0.530955 144.263846 1.969692
v -0.666626 142.546701 0.876711
v -0.530955 144.263846 1.969692
v 0.135671 145.980991 1.092981
v -35.142403 153.683050 -9.103335
v -35.375722 153.082050 -8.796487
v 0.000000 144.263846 0.000000
v 0.135671 145.980991 1.092981
v -0.530955 144.263846 1.969692
v 0.135671 145.980991 1.092981
v 0.666626 145.980991 -0.876711
v -34.956568 153.683050 -9.792728
v -35.142403 153.683050 -9.103335
v 0.000000 144.263846 0.000000
v 0.666626 145.980991 -0.876711
v 0.135671 145.980991 1.092981
v 0.666626 145.980991 -0.876711
v 0.530955 144.263846 -1.969692
v -35.004053 153.082050 -10.175271
v -34.956568 153.683050 -9.792728
v 0.000000 144.263846 0.000000
v 0.530955 144.263846 -1.969692
v 0.666626 145.980991 -0.876711
v -35.001906 152.996651 -10.169374
v -35.090141 152.426002 -9.749410
v -73.397762 151.976172 -19.536364
v -73.473393 151.487044 -19.176394
v -73.312266 151.413846 -19.762247
v -73.473393 151.487044 -19.176394
v -73.397762 151.976172 -19.536364
v -35.090141 152.426002 -9.749410
v -35.278123 152.511401 -9.065914
v -73.236635 151.902974 -20.122217
v -73.397762 151.976172 -19.536364
v -73.312266 151.413846 -19.762247
v -73.397762 151.976172 -19.536364
v -73.236635 151.902974 -20.122217
v -35.278123 152.511401 -9.065914
v -35.377869 153.167448 -8.802383
v -73.151139 151.340647 -20.348100
v -73.236635 151.902974 -20.122217
v -73.312266 151.413846 -19.762247
v -73.236635 151.902974 -20.122217
v -73.151139 151.340647 -20.348100
v -35.377869 153.167448 -8.802383
v -35.289634 153.738097 -9.222348
v -73.226769 150.851520 -19.988131
v -73.151139 151.340647 -20.348100
v -73.312266 151.413846 -19.762247
v -73.151139 151.340647 -20.348100
v -73.226769 150.851520 -19.988131
v -35.289634 153.738097 -9.222348
v -35.101652 153.652699 -9.905843
v -73.387896 150.924718 -19.402278
v -73.226769 150.851520 -19.988131
v -73.312266 151.413846 -19.762247
v -73.226769 150.851520 -19.988131
v -73.387896 150.924718 -19.402278
v -35.101652 153.652699 -9.905843
v -35.001906 152.996651 -10.169374
v -73.473393 151.487044 -19.176394
v -73.387896 150.924718 -19.402278
v -73.312266 151.413846 -19.762247
v -73.387896 150.924718 -19.402278
v -73.473393 151.487044 -19.176394
v -45.453605 141.696846 -12.252593
v -38.425258 145.454861 -3.439325
v -34.693270 145.188927 -12.252593
v -34.693270 145.188927 -12.252593
v -38.425258 145.454861 -3.439325
v -37.745046 152.530043 -2.586367
v -33.729189 152.261262 -12.252593
v -45.453605 155.696846 -12.252593
v -33.729189 152.261262 -12.252593
v -37.745046 152.530043 -2.586367
v -45.453605 141.696846 -12.252593
v -48.153514 145.307412 -0.423519
v -38.425258 145.454861 -3.439325
v -38.425258 145.454861 -3.439325
v -48.153514 145.307412 -0.423519
v -47.812900 152.084131 -1.915847
v -37.745046 152.530043 -2.586367
v -45.453605 155.696846 -12.252593
v -37.745046 152.530043 -2.586367
v -47.812900 152.084131 -1.915847
v -45.453605 141.696846 -12.252593
v -54.909770 144.924765 -7.698744
v -48.153514 145.307412 -0.423519
v -48.153514 145.307412 -0.423519
v -54.909770 144.924765 -7.698744
v -55.804718 152.181468 -7.267760
v -47.812900 152.084131 -1.915847
v -45.453605 155.696846 -12.252593
v -47.812900 152.084131 -1.915847
v -55.804718 152.181468 -7.267760
v -45.453605 141.696846 -12.252593
v -54.745976 145.040477 -16.727563
v -54.909770 144.924765 -7.698744
v -54.909770 144.924765 -7.698744
v -54.745976 145.040477 -16.727563
v -56.155897 152.517501 -17.406546
v -55.804718 152.181468 -7.267760
v -45.453605 155.696846 -12.252593
v -55.804718 152.181468 -7.267760
v -56.155897 152.517501 -17.406546
v -45.453605 141.696846 -12.252593
v -48.060006 145.083791 -23.671982
v -54.745976 145.040477 -16.727563
v -54.745976 145.040477 -16.727563
v -48.060006 145.083791 -23.671982
v -48.058512 152.065651 -23.665436
v -56.155897 152.517501 -17.406546
v -45.453605 155.696846 -12.252593
v -56.155897 152.517501 -17.406546
v -48.058512 152.065651 -23.665436
v -45.453605 141.696846 -12.252593
v -38.130893 144.852242 -21.434983
v -48.060006 145.083791 -23.671982
v -48.060006 145.083791 -23.671982
v -38.130893 144.852242 -21.434983
v -38.734112 151.934161 -20.678570
v -48.058512 152.065651 -23.665436
v -45.453605 155.696846 -12.252593
v -48.058512 152.065651 -23.665436
v -38.734112 151.934161 -20.678570
v -45.453605 141.696846 -12.252593
v -34.693270 145.188927 -12.252593
v -38.130893 144.852242 -21.434983
v -38.130893 144.852242 -21.434983
v -34.693270 145.188927 -12.252593
v -33.729189 152.261262 -12.252593
v -38.734112 151.934161 -20.678570
v -45.453605 155.696846 -12.252593
v -38.734112 151.934161 -20.678570
v -33.729189 152.261262 -12.252593
v -67.447284 143.841846 -18.181268
v -60.510547 147.377969 -9.482874
v -56.409637 147.034763 -18.181268
v -56.409637 147.034763 -18.181268
v -60.510547 147.377969 -9.482874
v -59.864858 154.413250 -8.673206
v -56.866152 154.098183 -18.181268
v -67.447284 157.841846 -18.181268
v -56.866152 154.098183 -18.181268
v -59.864858 154.413250 -8.673206
v -67.447284 143.841846 -18.181268
v -70.056529 147.132692 -6.749421
v -60.510547 147.377969 -9.482874
v -60.510547 147.377969 -9.482874
v -70.056529 147.132692 -6.749421
v -70.088494 154.548997 -6.609373
v -59.864858 154.413250 -8.673206
v -67.447284 157.841846 -18.181268
v -59.864858 154.413250 -8.673206
v -70.088494 154.548997 -6.609373
v -67.447284 143.841846 -18.181268
v -78.179783 147.145924 -13.012768
v -70.056529 147.132692 -6.749421
v -70.056529 147.132692 -6.749421
v -78.179783 147.145924 -13.012768
v -76.812950 154.070771 -13.671001
v -70.088494 154.548997 -6.609373
v -67.447284 157.841846 -18.181268
v -70.088494 154.548997 -6.609373
v -76.812950 154.070771 -13.671001
v -67.447284 143.841846 -18.181268
v -76.965391 147.462514 -22.764946
v -78.179783 147.145924 -13.012768
v -78.179783 147.145924 -13.012768
v -76.965391 147.462514 -22.764946
v -76.908842 154.032607 -22.737714
v -76.812950 154.070771 -13.671001
v -67.447284 157.841846 -18.181268
v -76.812950 154.070771 -13.671001
v -76.908842 154.032607 -22.737714
v -67.447284 143.841846 -18.181268
v -69.942429 147.533741 -29.113209
v -76.965391 147.462514 -22.764946
v -76.965391 147.462514 -22.764946
v -69.942429 147.533741 -29.113209
v -69.805438 154.141147 -28.513015
v -76.908842 154.032607 -22.737714
v -67.447284 157.841846 -18.181268
v -76.908842 154.032607 -22.737714
v -69.805438 154.141147 -28.513015
v -67.447284 143.841846 -18.181268
v -60.627534 147.032185 -26.732964
v -69.942429 147.533741 -29.113209
v -69.942429 147.533741 -29.113209
v -60.627534 147.032185 -26.732964
v -60.882089 154.309171 -26.413762
v -69.805438 154.141147 -28.513015
v -67.447284 157.841846 -18.181268
v -69.805438 154.141147 -28.513015
v -60.882089 154.309171 -26.413762
v -67.447284 143.841846 -18.181268
v -56.409637 147.034763 -18.181268
v -60.627534 147.032185 -26.732964
v -60.627534 147.032185 -26.732964
v -56.409637 147.034763 -18.181268
v -56.866152 154.098183 -18.181268
v -60.882089 154.309171 -26.413762
v -67.447284 157.841846 -18.181268
v -60.882089 154.309171 -26.413762
v -56.866152 154.098183 -18.181268
v 0.000000 142.284936 -0.495494
v -1.710525 143.167050 0.180953
v -9.978616 152.698171 -35.154943
v -9.379932 152.389431 -35.391699
v 0.000000 144.263846 0.000000
v -1.710525 143.167050 0.180953
v 0.000000 142.284936 -0.495494
v -1.710525 143.167050 0.180953
v -1.710525 145.145960 0.676446
v -9.978616 153.390790 -34.981520
v -9.978616 152.698171 -35.154943
v 0.000000 144.263846 0.000000
v -1.710525 145.145960 0.676446
v -1.710525 143.167050 0.180953
v -1.710525 145.145960 0.676446
v -0.000000 146.242756 0.495494
v -9.379932 153.774668 -35.044853
v -9.978616 153.390790 -34.981520
v 0.000000 144.263846 0.000000
v -0.000000 146.242756 0.495494
v -1.710525 145.145960 0.676446
v -0.000000 146.242756 0.495494
v 1.710525 145.360642 -0.180953
v -8.781248 153.465928 -35.281609
v -9.379932 153.774668 -35.044853
v 0.000000 144.263846 0.000000
v 1.710525 145.360642 -0.180953
v -0.000000 146.242756 0.495494
v 1.710525 145.360642 -0.180953
v 1.710525 143.381732 -0.676446
v -8.781248 152.773310 -35.455032
v -8.781248 153.465928 -35.281609
v 0.000000 144.263846 0.000000
v 1.710525 143.381732 -0.676446
v 1.710525 145.360642 -0.180953
v 1.710525 143.381732 -0.676446
v 0.000000 142.284936 -0.495494
v -9.379932 152.389431 -35.391699
v -8.781248 152.773310 -35.455032
v 0.000000 144.263846 0.000000
v 0.000000 142.284936 -0.495494
v 1.710525 143.381732 -0.676446
v -9.462532 152.374821 -35.165354
v -10.014485 152.809283 -35.037344
v -18.997622 151.647646 -73.526492
v -19.470724 152.020042 -73.416770
v -19.541525 151.413846 -73.371408
v -19.470724 152.020042 -73.416770
v -18.997622 151.647646 -73.526492
v -10.014485 152.809283 -35.037344
v -9.931885 153.516512 -35.090267
v -19.068422 151.041450 -73.481130
v -18.997622 151.647646 -73.526492
v -19.541525 151.413846 -73.371408
v -18.997622 151.647646 -73.526492
v -19.068422 151.041450 -73.481130
v -9.931885 153.516512 -35.090267
v -9.297331 153.789278 -35.271198
v -19.612325 150.807650 -73.326046
v -19.068422 151.041450 -73.481130
v -19.541525 151.413846 -73.371408
v -19.068422 151.041450 -73.481130
v -19.612325 150.807650 -73.326046
v -9.297331 153.789278 -35.271198
v -8.745378 153.354816 -35.399207
v -20.085428 151.180046 -73.216324
v -19.612325 150.807650 -73.326046
v -19.541525 151.413846 -73.371408
v -19.612325 150.807650 -73.326046
v -20.085428 151.180046 -73.216324
v -8.745378 153.354816 -35.399207
v -8.827979 152.647587 -35.346285
v -20.014627 151.786242 -73.261686
v -20.085428 151.180046 -73.216324
v -19.541525 151.413846 -73.371408
v -20.085428 151.180046 -73.216324
v -20.014627 151.786242 -73.261686
v -8.827979 152.647587 -35.346285
v -9.462532 152.374821 -35.165354
v -19.470724 152.020042 -73.416770
v -20.014627 151.786242 -73.261686
v -19.541525 151.413846 -73.371408
v -20.014627 151.786242 -73.261686
v -19.470724 152.020042 -73.416770
v -12.115745 141.696846 -45.490273
v -4.618189 145.322578 -36.088635
v -1.821420 145.252871 -45.490273
v -1.821420 145.252871 -45.490273
v -4.618189 145.322578 -36.088635
v -4.843200 152.132555 -36.370790
v -1.858043 151.939377 -45.490273
v -12.115745 155.696846 -45.490273
v -1.858043 151.939377 -45.490273
v -4.843200 152.132555 -36.370790
v -12.115745 141.696846 -45.490273
v -14.384879 145.059733 -35.548551
v -4.618189 145.322578 -36.088635
v -4.618189 145.322578 -36.088635
v -14.384879 145.059733 -35.548551
v -14.383064 152.541002 -35.556500
v -4.843200 152.132555 -36.370790
v -12.115745 155.696846 -45.490273
v -4.843200 152.132555 -36.370790
v -14.383064 152.541002 -35.556500
v -12.115745 141.696846 -45.490273
v -21.349029 145.542486 -41.043758
v -14.384879 145.059733 -35.548551
v -14.384879 145.059733 -35.548551
v -21.349029 145.542486 -41.043758
v -22.174903 152.523502 -40.646038
v -14.383064 152.541002 -35.556500
v -12.115745 155.696846 -45.490273
v -14.383064 152.541002 -35.556500
v -22.174903 152.523502 -40.646038
v -12.115745 141.696846 -45.490273
v -22.072580 145.436816 -50.285232
v -21.349029 145.542486 -41.043758
v -21.349029 145.542486 -41.043758
v -22.072580 145.436816 -50.285232
v -22.014823 152.437019 -50.257417
v -22.174903 152.523502 -40.646038
v -12.115745 155.696846 -45.490273
v -22.174903 152.523502 -40.646038
v -22.014823 152.437019 -50.257417
v -12.115745 141.696846 -45.490273
v -14.730900 145.248170 -56.948014
v -22.072580 145.436816 -50.285232
v -22.072580 145.436816 -50.285232
v -14.730900 145.248170 -56.948014
v -14.423571 152.489867 -55.601517
v -22.014823 152.437019 -50.257417
v -12.115745 155.696846 -45.490273
v -22.014823 152.437019 -50.257417
v -14.423571 152.489867 -55.601517
v -12.115745 141.696846 -45.490273
v -5.633265 145.347865 -53.619046
v -14.730900 145.248170 -56.948014
v -14.730900 145.248170 -56.948014
v -5.633265 145.347865 -53.619046
v -4.839756 152.117329 -54.614075
v -14.423571 152.489867 -55.601517
v -12.115745 155.696846 -45.490273
v -14.423571 152.489867 -55.601517
v -4.839756 152.117329 -54.614075
v -12.115745 141.696846 -45.490273
v -1.821420 145.252871 -45.490273
v -5.633265 145.347865 -53.619046
v -5.633265 145.347865 -53.619046
v -1.821420 145.252871 -45.490273
v -1.858043 151.939377 -45.490273
v -4.839756 152.117329 -54.614075
v -12.115745 155.696846 -45.490273
v -4.839756 152.117329 -54.614075
v -1.858043 151.939377 -45.490273
v -17.978203 143.841846 -67.501696
v -10.749584 147.074687 -58.437294
v -6.092125 147.573862 -67.501696
v -6.092125 147.573862 -67.501696
v -10.749584 147.074687 -58.437294
v -11.139526 154.545758 -58.926266
v -5.806625 154.487197 -67.501696
v -17.978203 157.841846 -67.501696
v -5.806625 154.487197 -67.501696
v -11.139526 154.545758 -58.926266
v -17.978203 143.841846 -67.501696
v -20.298070 147.027443 -57.337695
v -10.749584 147.074687 -58.437294
v -10.749584 147.074687 -58.437294
v -20.298070 147.027443 -57.337695
v -20.262177 154.609618 -57.494952
v -11.139526 154.545758 -58.926266
v -17.978203 157.841846 -67.501696
v -11.139526 154.545758 -58.926266
v -20.262177 154.609618 -57.494952
v -17.978203 143.841846 -67.501696
v -28.063091 147.269658 -62.645069
v -20.298070 147.027443 -57.337695
v -20.298070 147.027443 -57.337695
v -28.063091 147.269658 -62.645069
v -27.155797 154.336896 -63.081999
v -20.262177 154.609618 -57.494952
v -17.978203 157.841846 -67.501696
v -20.262177 154.609618 -57.494952
v -27.155797 154.336896 -63.081999
v -17.978203 143.841846 -67.501696
v -28.515241 147.192241 -72.576066
v -28.063091 147.269658 -62.645069
v -28.063091 147.269658 -62.645069
v -28.515241 147.192241 -72.576066
v -27.156789 154.080285 -71.921870
v -27.155797 154.336896 -63.081999
v -17.978203 157.841846 -67.501696
v -27.155797 154.336896 -63.081999
v -27.156789 154.080285 -71.921870
v -17.978203 143.841846 -67.501696
v -20.544221 147.140298 -78.744155
v -28.515241 147.192241 -72.576066
v -28.515241 147.192241 -72.576066
v -20.544221 147.140298 -78.744155
v -20.336891 154.345959 -77.835784
v -27.156789 154.080285 -71.921870
v -17.978203 157.841846 -67.501696
v -27.156789 154.080285 -71.921870
v -20.336891 154.345959 -77.835784
v -17.978203 143.841846 -67.501696
v -11.126137 147.633002 -76.093914
v -20.544221 147.140298 -78.744155
v -20.544221 147.140298 -78.744155
v -11.126137 147.633002 -76.093914
v -10.683151 154.549907 -76.649401
v -20.336891 154.345959 -77.835784
v -17.978203 157.841846 -67.501696
v -20.336891 154.345959 -77.835784
v -10.683151 154.549907 -76.649401
v -17.978203 143.841846 -67.501696
v -6.092125 147.573862 -67.501696
v -11.126137 147.633002 -76.093914
v -11.126137 147.633002 -76.093914
v -6.092125 147.573862 -67.501696
v -5.806625 154.487197 -67.501696
v -10.683151 154.549907 -76.649401
v -17.978203 157.841846 -67.501696
v -10.683151 154.549907 -76.649401
v -5.806625 154.487197 -67.501696
v 0.000000 142.334017 -0.661331
v -1.281589 143.693146 -1.481024
v 25.361400 152.882305 -26.250756
v 25.809956 152.406609 -25.963863
v 0.000000 144.263846 0.000000
v -1.281589 143.693146 -1.481024
v 0.000000 142.334017 -0.661331
v -1.281589 143.693146 -1.481024
v -1.281589 145.622976 -0.819693
v 25.361400 153.557745 -26.019290
v 25.361400 152.882305 -26.250756
v 0.000000 144.263846 0.000000
v -1.281589 145.622976 -0.819693
v -1.281589 143.693146 -1.481024
v -1.281589 145.622976 -0.819693
v -0.000000 146.193675 0.661331
v 25.809956 153.757490 -25.500931
v 25.361400 153.557745 -26.019290
v 0.000000 144.263846 0.000000
v -0.000000 146.193675 0.661331
v -1.281589 145.622976 -0.819693
v -0.000000 146.193675 0.661331
v 1.281589 144.834546 1.481024
v 26.258512 153.281794 -25.214039
v 25.809956 153.757490 -25.500931
v 0.000000 144.263846 0.000000
v 1.281589 144.834546 1.481024
v -0.000000 146.193675 0.661331
v 1.281589 144.834546 1.481024
v 1.281589 142.904716 0.819693
v 26.258512 152.606354 -25.445505
v 26.258512 153.281794 -25.214039
v 0.000000 144.263846 0.000000
v 1.281589 142.904716 0.819693
v 1.281589 144.834546 1.481024
v 1.281589 142.904716 0.819693
v 0.000000 142.334017 -0.661331
v 25.809956 152.406609 -25.963863
v 26.258512 152.606354 -25.445505
v 0.000000 144.263846 0.000000
v 0.000000 142.334017 -0.661331
v 1.281589 142.904716 0.819693
v 25.749553 152.370837 -25.750422
v 25.345930 152.774388 -26.179410
v 54.168477 151.677556 -53.226007
v 53.822515 152.023456 -53.593711
v 53.770741 151.413846 -53.609161
v 53.822515 152.023456 -53.593711
v 54.168477 151.677556 -53.226007
v 25.345930 152.774388 -26.179410
v 25.406333 153.485600 -26.161386
v 54.116704 151.067945 -53.241456
v 54.168477 151.677556 -53.226007
v 53.770741 151.413846 -53.609161
v 54.168477 151.677556 -53.226007
v 54.116704 151.067945 -53.241456
v 25.406333 153.485600 -26.161386
v 25.870358 153.793262 -25.714373
v 53.718967 150.804236 -53.624610
v 54.116704 151.067945 -53.241456
v 53.770741 151.413846 -53.609161
v 54.116704 151.067945 -53.241456
v 53.718967 150.804236 -53.624610
v 25.870358 153.793262 -25.714373
v 26.273981 153.389711 -25.285384
v 53.373005 151.150136 -53.992315
v 53.718967 150.804236 -53.624610
v 53.770741 151.413846 -53.609161
v 53.718967 150.804236 -53.624610
v 53.373005 151.150136 -53.992315
v 26.273981 153.389711 -25.285384
v 26.213579 152.678499 -25.303408
v 53.424779 151.759746 -53.976866
v 53.373005 151.150136 -53.992315
v 53.770741 151.413846 -53.609161
v 53.373005 151.150136 -53.992315
v 53.424779 151.759746 -53.976866
v 26.213579 152.678499 -25.303408
v 25.749553 152.370837 -25.750422
v 53.822515 152.023456 -53.593711
v 53.424779 151.759746 -53.976866
v 53.770741 151.413846 -53.609161
v 53.424779 151.759746 -53.976866
v 53.822515 152.023456 -53.593711
v 33.337859 141.696846 -33.237680
v 40.744432 145.543710 -23.950132
v 45.553329 145.188260 -33.237680
v 45.553329 145.188260 -33.237680
v 40.744432 145.543710 -23.950132
v 40.855569 152.472527 -23.810771
v 44.917890 152.038718 -33.237680
v 33.337859 155.696846 -33.237680
v 44.917890 152.038718 -33.237680
v 40.855569 152.472527 -23.810771
v 33.337859 141.696846 -33.237680
v 30.744434 145.007422 -21.875141
v 40.744432 145.543710 -23.950132
v 40.744432 145.543710 -23.950132
v 30.744434 145.007422 -21.875141
v 30.862108 152.363055 -22.390704
v 40.855569 152.472527 -23.810771
v 33.337859 155.696846 -33.237680
v 40.855569 152.472527 -23.810771
v 30.862108 152.363055 -22.390704
v 33.337859 141.696846 -33.237680
v 22.974884 144.969813 -28.247134
v 30.744434 145.007422 -21.875141
v 30.744434 145.007422 -21.875141
v 22.974884 144.969813 -28.247134
v 24.023461 151.926467 -28.752102
v 30.862108 152.363055 -22.390704
v 33.337859 155.696846 -33.237680
v 30.862108 152.363055 -22.390704
v 24.023461 151.926467 -28.752102
v 33.337859 141.696846 -33.237680
v 22.698475 144.914470 -38.361337
v 22.974884 144.969813 -28.247134
v 22.974884 144.969813 -28.247134
v 22.698475 144.914470 -38.361337
v 23.401466 152.382799 -38.022795
v 24.023461 151.926467 -28.752102
v 33.337859 155.696846 -33.237680
v 24.023461 151.926467 -28.752102
v 23.401466 152.382799 -38.022795
v 33.337859 141.696846 -33.237680
v 31.082311 145.435134 -43.119883
v 22.698475 144.914470 -38.361337
v 22.698475 144.914470 -38.361337
v 31.082311 145.435134 -43.119883
v 30.599475 151.896749 -45.235325
v 23.401466 152.382799 -38.022795
v 33.337859 155.696846 -33.237680
v 23.401466 152.382799 -38.022795
v 30.599475 151.896749 -45.235325
v 33.337859 141.696846 -33.237680
v 40.534255 145.088743 -42.261675
v 31.082311 145.435134 -43.119883
v 31.082311 145.435134 -43.119883
v 40.534255 145.088743 -42.261675
v 39.883568 151.915605 -41.445739
v 30.599475 151.896749 -45.235325
v 33.337859 155.696846 -33.237680
v 30.599475 151.896749 -45.235325
v 39.883568 151.915605 -41.445739
v 33.337859 141.696846 -33.237680
v 45.553329 145.188260 -33.237680
v 40.534255 145.088743 -42.261675
v 40.534255 145.088743 -42.261675
v 45.553329 145.188260 -33.237680
v 44.917890 152.038718 -33.237680
v 39.883568 151.915605 -41.445739
v 33.337859 155.696846 -33.237680
v 39.883568 151.915605 -41.445739
v 44.917890 152.038718 -33.237680
v 49.469082 143.841846 -49.320428
v 56.428405 147.234194 -40.593713
v 59.876193 147.475457 -49.320428
v 59.876193 147.475457 -49.320428
v 56.428405 147.234194 -40.593713
v 56.440740 154.350324 -40.578245
v 60.865945 154.469574 -49.320428
v 49.469082 157.841846 -49.320428
v 60.865945 154.469574 -49.320428
v 56.440740 154.350324 -40.578245
v 49.469082 143.841846 -49.320428
v 46.718366 147.567585 -37.268757
v 56.428405 147.234194 -40.593713
v 56.428405 147.234194 -40.593713
v 46.718366 147.567585 -37.268757
v 46.824889 154.027772 -37.735461
v 56.440740 154.350324 -40.578245
v 49.469082 157.841846 -49.320428
v 56.440740 154.350324 -40.578245
v 46.824889 154.027772 -37.735461
v 49.469082 143.841846 -49.320428
v 39.834847 147.057845 -44.680825
v 46.718366 147.567585 -37.268757
v 46.718366 147.567585 -37.268757
v 39.834847 147.057845 -44.680825
v 40.093464 154.547080 -44.805369
v 46.824889 154.027772 -37.735461
v 49.469082 157.841846 -49.320428
v 46.824889 154.027772 -37.735461
v 40.093464 154.547080 -44.805369
v 49.469082 143.841846 -49.320428
v 39.760681 147.305048 -53.995748
v 39.834847 147.057845 -44.680825
v 39.834847 147.057845 -44.680825
v 39.760681 147.305048 -53.995748
v 39.271859 154.285745 -54.231152
v 40.093464 154.547080 -44.805369
v 49.469082 157.841846 -49.320428
v 40.093464 154.547080 -44.805369
v 39.271859 154.285745 -54.231152
v 49.469082 143.841846 -49.320428
v 46.819952 147.542577 -60.927025
v 39.760681 147.305048 -53.995748
v 39.760681 147.305048 -53.995748
v 46.819952 147.542577 -60.927025
v 46.975330 154.372410 -60.246270
v 39.271859 154.285745 -54.231152
v 49.469082 157.841846 -49.320428
v 39.271859 154.285745 -54.231152
v 46.975330 154.372410 -60.246270
v 49.469082 143.841846 -49.320428
v 56.717896 147.546093 -58.410153
v 46.819952 147.542577 -60.927025
v 46.819952 147.542577 -60.927025
v 56.717896 147.546093 -58.410153
v 56.116573 154.527014 -57.656118
v 46.975330 154.372410 -60.246270
v 49.469082 157.841846 -49.320428
v 46.975330 154.372410 -60.246270
v 56.116573 154.527014 -57.656118
v 49.469082 143.841846 -49.320428
v 59.876193 147.475457 -49.320428
v 56.717896 147.546093 -58.410153
v 56.717896 147.546093 -58.410153
v 59.876193 147.475457 -49.320428
v 60.865945 154.469574 -49.320428
v 56.116573 154.527014 -57.656118
v 49.469082 157.841846 -49.320428
v 56.116573 154.527014 -57.656118
v 60.865945 154.469574 -49.320428
v 0.000000 171.849411 -0.779364
v -1.134001 171.424338 0.862268
v 24.792295 178.530697 19.787745
v 25.189195 178.679472 19.213174
v 0.000000 169.964154 0.000000
v -1.134001 171.424338 0.862268
v 0.000000 171.849411 -0.779364
v -1.134001 171.424338 0.862268
v -1.134001 169.539081 1.641631
v 24.792295 177.870857 20.060523
v 24.792295 178.530697 19.787745
v 0.000000 169.964154 0.000000
v -1.134001 169.539081 1.641631
v -1.134001 171.424338 0.862268
v -1.134001 169.539081 1.641631
v -0.000000 168.078898 0.779364
v 25.189195 177.359793 19.758729
v 24.792295 177.870857 20.060523
v 0.000000 169.964154 0.000000
v -0.000000 168.078898 0.779364
v -1.134001 169.539081 1.641631
v -0.000000 168.078898 0.779364
v 1.134001 168.503971 -0.862268
v 25.586096 177.508568 19.184158
v 25.189195 177.359793 19.758729
v 0.000000 169.964154 0.000000
v 1.134001 168.503971 -0.862268
v -0.000000 168.078898 0.779364
v 1.134001 168.503971 -0.862268
v 1.134001 170.389228 -1.641631
v 25.586096 178.168408 18.911381
v 25.586096 177.508568 19.184158
v 0.000000 169.964154 0.000000
v 1.134001 170.389228 -1.641631
v 1.134001 168.503971 -0.862268
v 1.134001 170.389228 -1.641631
v 0.000000 171.849411 -0.779364
v 25.189195 178.679472 19.213174
v 25.586096 178.168408 18.911381
v 0.000000 169.964154 0.000000
v 0.000000 171.849411 -0.779364
v 1.134001 170.389228 -1.641631
v 25.136866 178.724950 19.583851
v 24.787190 178.277535 20.016681
v 52.822067 176.893095 40.140822
v 52.522344 176.509596 40.511819
v 52.477491 177.114154 40.595733
v 52.522344 176.509596 40.511819
v 52.822067 176.893095 40.140822
v 24.787190 178.277535 20.016681
v 24.839519 177.572217 19.918782
v 52.777213 177.497653 40.224736
v 52.822067 176.893095 40.140822
v 52.477491 177.114154 40.595733
v 52.822067 176.893095 40.140822
v 52.777213 177.497653 40.224736
v 24.839519 177.572217 19.918782
v 25.241525 177.314314 19.388052
v 52.432637 177.718713 40.679646
v 52.777213 177.497653 40.224736
v 52.477491 177.114154 40.595733
v 52.777213 177.497653 40.224736
v 52.432637 177.718713 40.679646
v 25.241525 177.314314 19.388052
v 25.591201 177.761730 18.955222
v 52.132914 177.335214 41.050644
v 52.432637 177.718713 40.679646
v 52.477491 177.114154 40.595733
v 52.432637 177.718713 40.679646
v 52.132914 177.335214 41.050644
v 25.591201 177.761730 18.955222
v 25.538872 178.467048 19.053122
v 52.177768 176.730655 40.966730
v 52.132914 177.335214 41.050644
v 52.477491 177.114154 40.595733
v 52.132914 177.335214 41.050644
v 52.177768 176.730655 40.966730
v 25.538872 178.467048 19.053122
v 25.136866 178.724950 19.583851
v 52.522344 176.509596 40.511819
v 52.177768 176.730655 40.966730
v 52.477491 177.114154 40.595733
v 52.177768 176.730655 40.966730
v 52.522344 176.509596 40.511819
v 32.536044 167.397154 25.169354
v 39.940432 170.688349 34.454163
v 44.696624 170.560993 25.169354
v 44.696624 170.560993 25.169354
v 39.940432 170.688349 34.454163
v 39.103439 177.998145 33.404607
v 43.872156 177.568035 25.169354
v 32.536044 181.397154 25.169354
v 43.872156 177.568035 25.169354
v 39.103439 177.998145 33.404607
v 32.536044 167.397154 25.169354
v 30.138567 171.108607 35.673389
v 39.940432 170.688349 34.454163
v 39.940432 170.688349 34.454163
v 30.138567 171.108607 35.673389
v 30.010027 177.863064 36.236558
v 39.103439 177.998145 33.404607
v 32.536044 181.397154 25.169354
v 39.103439 177.998145 33.404607
v 30.010027 177.863064 36.236558
v 32.536044 167.397154 25.169354
v 22.962924 171.146246 29.779526
v 30.138567 171.108607 35.673389
v 30.138567 171.108607 35.673389
v 22.962924 171.146246 29.779526
v 22.204950 178.227795 30.144547
v 30.010027 177.863064 36.236558
v 32.536044 181.397154 25.169354
v 30.010027 177.863064 36.236558
v 22.204950 178.227795 30.144547
v 32.536044 167.397154 25.169354
v 22.846855 170.827130 20.503287
v 22.962924 171.146246 29.779526
v 22.962924 171.146246 29.779526
v 22.846855 170.827130 20.503287
v 22.466377 177.705414 20.320058
v 22.204950 178.227795 30.144547
v 32.536044 181.397154 25.169354
v 22.204950 178.227795 30.144547
v 22.466377 177.705414 20.320058
v 32.536044 167.397154 25.169354
v 29.903608 170.959636 13.635896
v 22.846855 170.827130 20.503287
v 22.846855 170.827130 20.503287
v 29.903608 170.959636 13.635896
v 29.902315 177.622722 13.630234
v 22.466377 177.705414 20.320058
v 32.536044 181.397154 25.169354
v 22.466377 177.705414 20.320058
v 29.902315 177.622722 13.630234
v 32.536044 167.397154 25.169354
v 39.354397 170.639158 16.619410
v 29.903608 170.959636 13.635896
v 29.903608 170.959636 13.635896
v 39.354397 170.639158 16.619410
v 39.537656 178.158774 16.389611
v 29.902315 177.622722 13.630234
v 32.536044 181.397154 25.169354
v 29.902315 177.622722 13.630234
v 39.537656 178.158774 16.389611
v 32.536044 167.397154 25.169354
v 44.696624 170.560993 25.169354
v 39.354397 170.639158 16.619410
v 39.354397 170.639158 16.619410
v 44.696624 170.560993 25.169354
v 43.872156 177.568035 25.169354
v 39.537656 178.158774 16.389611
v 32.536044 181.397154 25.169354
v 39.537656 178.158774 16.389611
v 43.872156 177.568035 25.169354
v 48.279291 169.542154 37.348074
v 55.859433 172.864154 46.853272
v 58.858663 173.110322 37.348074
v 58.858663 173.110322 37.348074
v 55.859433 172.864154 46.853272
v 55.904500 180.277763 46.909783
v 58.582071 179.859978 37.348074
v 48.279291 183.542154 37.348074
v 58.582071 179.859978 37.348074
v 55.904500 180.277763 46.909783
v 48.279291 169.542154 37.348074
v 45.881023 173.317172 47.855573
v 55.859433 172.864154 46.853272
v 55.859433 172.864154 46.853272
v 45.881023 173.317172 47.855573
v 45.699070 179.856308 48.652762
v 55.904500 180.277763 46.909783
v 48.279291 183.542154 37.348074
v 55.904500 180.277763 46.909783
v 45.699070 179.856308 48.652762
v 48.279291 169.542154 37.348074
v 38.467596 172.828963 42.073138
v 45.881023 173.317172 47.855573
v 45.881023 173.317172 47.855573
v 38.467596 172.828963 42.073138
v 38.535719 180.177919 42.040331
v 45.699070 179.856308 48.652762
v 48.279291 183.542154 37.348074
v 45.699070 179.856308 48.652762
v 38.535719 180.177919 42.040331
v 48.279291 169.542154 37.348074
v 38.831160 172.951113 32.798094
v 38.467596 172.828963 42.073138
v 38.467596 172.828963 42.073138
v 38.831160 172.951113 32.798094
v 38.977661 180.143029 32.868645
v 38.535719 180.177919 42.040331
v 48.279291 183.542154 37.348074
v 38.535719 180.177919 42.040331
v 38.977661 180.143029 32.868645
v 48.279291 169.542154 37.348074
v 45.618933 172.799629 25.692282
v 38.831160 172.951113 32.798094
v 38.831160 172.951113 32.798094
v 45.618933 172.799629 25.692282
v 45.557016 179.709765 25.421007
v 38.977661 180.143029 32.868645
v 48.279291 183.542154 37.348074
v 38.977661 180.143029 32.868645
v 45.557016 179.709765 25.421007
v 48.279291 169.542154 37.348074
v 55.780309 173.374097 27.942096
v 45.618933 172.799629 25.692282
v 45.618933 172.799629 25.692282
v 55.780309 173.374097 27.942096
v 55.076232 179.921553 28.824980
v 45.557016 179.709765 25.421007
v 48.279291 183.542154 37.348074
v 45.557016 179.709765 25.421007
v 55.076232 179.921553 28.824980
v 48.279291 169.542154 37.348074
v 58.858663 173.110322 37.348074
v 55.780309 173.374097 27.942096
v 55.780309 173.374097 27.942096
v 58.858663 173.110322 37.348074
v 58.582071 179.859978 37.348074
v 55.076232 179.921553 28.824980
v 48.279291 183.542154 37.348074
v 55.076232 179.921553 28.824980
v 58.582071 179.859978 37.348074
v 0.000000 171.940773 -0.504559
v -1.751627 170.895522 -0.475350
v -4.893801 178.345611 31.391086
v -4.280731 178.711449 31.380863
v 0.000000 169.964154 0.000000
v -1.751627 170.895522 -0.475350
v 0.000000 171.940773 -0.504559
v -1.751627 170.895522 -0.475350
v -1.751627 168.918903 0.029209
v -4.893801 177.653794 31.567682
v -4.893801 178.345611 31.391086
v 0.000000 169.964154 0.000000
v -1.751627 168.918903 0.029209
v -1.751627 170.895522 -0.475350
v -1.751627 168.918903 0.029209
v -0.000000 167.987536 0.504559
v -4.280731 177.327816 31.734055
v -4.893801 177.653794 31.567682
v 0.000000 169.964154 0.000000
v -0.000000 167.987536 0.504559
v -1.751627 168.918903 0.029209
v -0.000000 167.987536 0.504559
v 1.751627 169.032787 0.475350
v -3.667662 177.693654 31.723832
v -4.280731 177.327816 31.734055
v 0.000000 169.964154 0.000000
v 1.751627 169.032787 0.475350
v -0.000000 167.987536 0.504559
v 1.751627 169.032787 0.475350
v 1.751627 171.009405 -0.029209
v -3.667662 178.385470 31.547236
v -3.667662 177.693654 31.723832
v 0.000000 169.964154 0.000000
v 1.751627 171.009405 -0.029209
v 1.751627 169.032787 0.475350
v 1.751627 171.009405 -0.029209
v 0.000000 171.940773 -0.504559
v -4.280731 178.711449 31.380863
v -3.667662 178.385470 31.547236
v 0.000000 169.964154 0.000000
v 0.000000 171.940773 -0.504559
v 1.751627 171.009405 -0.029209
v -4.365431 178.728553 31.564746
v -4.931409 178.302280 31.476682
v -8.360467 176.871885 65.813944
v -8.845591 176.506508 65.738460
v -8.918191 177.114154 65.744706
v -8.845591 176.506508 65.738460
v -8.360467 176.871885 65.813944
v -4.931409 178.302280 31.476682
v -4.846710 177.593359 31.469395
v -8.433066 177.479532 65.820190
v -8.360467 176.871885 65.813944
v -8.918191 177.114154 65.744706
v -8.360467 176.871885 65.813944
v -8.433066 177.479532 65.820190
v -4.846710 177.593359 31.469395
v -4.196032 177.310711 31.550172
v -8.990790 177.721801 65.750952
v -8.433066 177.479532 65.820190
v -8.918191 177.114154 65.744706
v -8.433066 177.479532 65.820190
v -8.990790 177.721801 65.750952
v -4.196032 177.310711 31.550172
v -3.630054 177.736985 31.638237
v -9.475914 177.356424 65.675468
v -8.990790 177.721801 65.750952
v -8.918191 177.114154 65.744706
v -8.990790 177.721801 65.750952
v -9.475914 177.356424 65.675468
v -3.630054 177.736985 31.638237
v -3.714753 178.445906 31.645524
v -9.403315 176.748777 65.669222
v -9.475914 177.356424 65.675468
v -8.918191 177.114154 65.744706
v -9.475914 177.356424 65.675468
v -9.403315 176.748777 65.669222
v -3.714753 178.445906 31.645524
v -4.365431 178.728553 31.564746
v -8.845591 176.506508 65.738460
v -9.403315 176.748777 65.669222
v -8.918191 177.114154 65.744706
v -9.403315 176.748777 65.669222
v -8.845591 176.506508 65.738460
v -5.529278 167.397154 40.761718
v 1.575562 170.854497 49.670905
v 6.260083 171.069272 40.761718
v 6.260083 171.069272 40.761718
v 1.575562 170.854497 49.670905
v 1.574423 177.644275 49.669478
v 4.774772 177.797660 40.761718
v -5.529278 181.397154 40.761718
v 4.774772 177.797660 40.761718
v 1.574423 177.644275 49.669478
v -5.529278 167.397154 40.761718
v -7.953425 171.238219 51.382601
v 1.575562 170.854497 49.670905
v 1.575562 170.854497 49.670905
v -7.953425 171.238219 51.382601
v -7.787150 178.137100 50.654102
v 1.574423 177.644275 49.669478
v -5.529278 181.397154 40.761718
v 1.574423 177.644275 49.669478
v -7.787150 178.137100 50.654102
v -5.529278 167.397154 40.761718
v -15.225328 171.223990 45.431089
v -7.953425 171.238219 51.382601
v -7.953425 171.238219 51.382601
v -15.225328 171.223990 45.431089
v -14.730080 177.862878 45.192591
v -7.787150 178.137100 50.654102
v -5.529278 181.397154 40.761718
v -7.787150 178.137100 50.654102
v -14.730080 177.862878 45.192591
v -5.529278 167.397154 40.761718
v -16.100514 170.861129 35.670879
v -15.225328 171.223990 45.431089
v -15.225328 171.223990 45.431089
v -16.100514 170.861129 35.670879
v -16.643617 178.028664 35.409335
v -14.730080 177.862878 45.192591
v -5.529278 181.397154 40.761718
v -14.730080 177.862878 45.192591
v -16.643617 178.028664 35.409335
v -5.529278 167.397154 40.761718
v -7.932124 171.022332 30.234162
v -16.100514 170.861129 35.670879
v -16.100514 170.861129 35.670879
v -7.932124 171.022332 30.234162
v -8.207656 178.025787 29.026979
v -16.643617 178.028664 35.409335
v -5.529278 181.397154 40.761718
v -16.643617 178.028664 35.409335
v -8.207656 178.025787 29.026979
v -5.529278 167.397154 40.761718
v 2.061665 170.828408 31.242976
v -7.932124 171.022332 30.234162
v -7.932124 171.022332 30.234162
v 2.061665 170.828408 31.242976
v 1.032853 178.172318 32.533066
v -8.207656 178.025787 29.026979
v -5.529278 181.397154 40.761718
v -8.207656 178.025787 29.026979
v 1.032853 178.172318 32.533066
v -5.529278 167.397154 40.761718
v 6.260083 171.069272 40.761718
v 2.061665 170.828408 31.242976
v 2.061665 170.828408 31.242976
v 6.260083 171.069272 40.761718
v 4.774772 177.797660 40.761718
v 1.032853 178.172318 32.533066
v -5.529278 181.397154 40.761718
v 1.032853 178.172318 32.533066
v 4.774772 177.797660 40.761718
v -8.204735 169.542154 60.485130
v -1.509347 173.022049 68.880881
v 3.475205 173.051277 60.485130
v 3.475205 173.051277 60.485130
v -1.509347 173.022049 68.880881
v -1.252163 180.109659 69.203380
v 1.933633 179.788973 60.485130
v -8.204735 183.542154 60.485130
v 1.933633 179.788973 60.485130
v -1.252163 180.109659 69.203380
v -8.204735 169.542154 60.485130
v -10.772150 172.833807 71.733709
v -1.509347 173.022049 68.880881
v -1.509347 173.022049 68.880881
v -10.772150 172.833807 71.733709
v -10.585154 180.265694 70.914427
v -1.252163 180.109659 69.203380
v -8.204735 183.542154 60.485130
v -1.252163 180.109659 69.203380
v -10.585154 180.265694 70.914427
v -8.204735 169.542154 60.485130
v -18.009359 172.942505 65.206788
v -10.772150 172.833807 71.733709
v -10.772150 172.833807 71.733709
v -18.009359 172.942505 65.206788
v -19.189232 179.854216 65.774985
v -10.585154 180.265694 70.914427
v -8.204735 183.542154 60.485130
v -10.585154 180.265694 70.914427
v -19.189232 179.854216 65.774985
v -8.204735 169.542154 60.485130
v -18.152846 172.873886 55.694372
v -18.009359 172.942505 65.206788
v -18.009359 172.942505 65.206788
v -18.152846 172.873886 55.694372
v -17.927983 179.797106 55.802660
v -19.189232 179.854216 65.774985
v -8.204735 183.542154 60.485130
v -19.189232 179.854216 65.774985
v -17.927983 179.797106 55.802660
v -8.204735 169.542154 60.485130
v -10.656780 173.307430 49.742020
v -18.152846 172.873886 55.694372
v -18.152846 172.873886 55.694372
v -10.656780 173.307430 49.742020
v -10.637633 180.150562 49.825909
v -17.927983 179.797106 55.802660
v -8.204735 183.542154 60.485130
v -17.927983 179.797106 55.802660
v -10.637633 180.150562 49.825909
v -8.204735 169.542154 60.485130
v -1.884689 173.145528 52.560043
v -10.656780 173.307430 49.742020
v -10.656780 173.307430 49.742020
v -1.884689 173.145528 52.560043
v -0.545623 180.093777 50.880907
v -10.637633 180.150562 49.825909
v -8.204735 183.542154 60.485130
v -10.637633 180.150562 49.825909
v -0.545623 180.093777 50.880907
v -8.204735 169.542154 60.485130
v 3.475205 173.051277 60.485130
v -1.884689 173.145528 52.560043
v -1.884689 173.145528 52.560043
v 3.475205 173.051277 60.485130
v 1.933633 179.788973 60.485130
v -0.545623 180.093777 50.880907
v -8.204735 183.542154 60.485130
v -0.545623 180.093777 50.880907
v 1.933633 179.788973 60.485130
v -0.773269 169.964154 -1.887765
v -0.787539 168.251406 -0.779663
v -29.745566 177.420170 11.798625
v -29.740571 178.019632 11.410790
v 0.000000 169.964154 0.000000
v -0.787539 168.251406 -0.779663
v -0.773269 169.964154 -1.887765
v -0.787539 168.251406 -0.779663
v -0.014271 168.251406 1.108102
v -29.474922 177.420170 12.459343
v -29.745566 177.420170 11.798625
v 0.000000 169.964154 0.000000
v -0.014271 168.251406 1.108102
v -0.787539 168.251406 -0.779663
v -0.014271 168.251406 1.108102
v 0.773269 169.964154 1.887765
v -29.199283 178.019632 12.732225
v -29.474922 177.420170 12.459343
v 0.000000 169.964154 0.000000
v 0.773269 169.964154 1.887765
v -0.014271 168.251406 1.108102
v 0.773269 169.964154 1.887765
v 0.787539 171.676903 0.779663
v -29.194288 178.619094 12.344389
v -29.199283 178.019632 12.732225
v 0.000000 169.964154 0.000000
v 0.787539 171.676903 0.779663
v 0.773269 169.964154 1.887765
v 0.787539 171.676903 0.779663
v 0.014271 171.676903 -1.108102
v -29.464932 178.619094 11.683672
v -29.194288 178.619094 12.344389
v 0.000000 169.964154 0.000000
v 0.014271 171.676903 -1.108102
v 0.787539 171.676903 0.779663
v 0.014271 171.676903 -1.108102
v -0.773269 169.964154 -1.887765
v -29.740571 178.019632 11.410790
v -29.464932 178.619094 11.683672
v 0.000000 169.964154 0.000000
v -0.773269 169.964154 -1.887765
v 0.014271 171.676903 -1.108102
v -29.736549 177.934187 11.414691
v -29.560275 177.363226 11.805493
v -61.318240 177.676789 25.376986
v -61.167148 177.187393 25.711959
v -61.395681 177.114154 25.148974
v -61.167148 177.187393 25.711959
v -61.318240 177.676789 25.376986
v -29.560275 177.363226 11.805493
v -29.293653 177.448671 12.462309
v -61.546773 177.603550 24.814000
v -61.318240 177.676789 25.376986
v -61.395681 177.114154 25.148974
v -61.318240 177.676789 25.376986
v -61.546773 177.603550 24.814000
v -29.293653 177.448671 12.462309
v -29.203304 178.105077 12.728324
v -61.624215 177.040916 24.585988
v -61.546773 177.603550 24.814000
v -61.395681 177.114154 25.148974
v -61.546773 177.603550 24.814000
v -61.624215 177.040916 24.585988
v -29.203304 178.105077 12.728324
v -29.379579 178.676039 12.337522
v -61.473122 176.551520 24.920961
v -61.624215 177.040916 24.585988
v -61.395681 177.114154 25.148974
v -61.624215 177.040916 24.585988
v -61.473122 176.551520 24.920961
v -29.379579 178.676039 12.337522
v -29.646201 178.590594 11.680705
v -61.244589 176.624759 25.483947
v -61.473122 176.551520 24.920961
v -61.395681 177.114154 25.148974
v -61.473122 176.551520 24.920961
v -61.244589 176.624759 25.483947
v -29.646201 178.590594 11.680705
v -29.736549 177.934187 11.414691
v -61.167148 177.187393 25.711959
v -61.244589 176.624759 25.483947
v -61.395681 177.114154 25.148974
v -61.244589 176.624759 25.483947
v -61.167148 177.187393 25.711959
v -38.065322 167.397154 15.592364
v -31.152493 170.720650 24.260778
v -27.649382 171.030145 15.592364
v -27.649382 171.030145 15.592364
v -31.152493 170.720650 24.260778
v -30.444908 178.092716 25.148060
v -27.397193 177.811046 15.592364
v -38.065322 181.397154 15.592364
v -27.397193 177.811046 15.592364
v -30.444908 178.092716 25.148060
v -38.065322 167.397154 15.592364
v -40.398393 170.611325 25.814213
v -31.152493 170.720650 24.260778
v -31.152493 170.720650 24.260778
v -40.398393 170.611325 25.814213
v -40.365423 178.037217 25.669763
v -30.444908 178.092716 25.148060
v -38.065322 181.397154 15.592364
v -30.444908 178.092716 25.148060
v -40.365423 178.037217 25.669763
v -38.065322 167.397154 15.592364
v -48.165042 170.716158 20.456132
v -40.398393 170.611325 25.814213
v -40.398393 170.611325 25.814213
v -48.165042 170.716158 20.456132
v -47.465384 177.795220 20.119195
v -40.365423 178.037217 25.669763
v -38.065322 181.397154 15.592364
v -40.365423 178.037217 25.669763
v -47.465384 177.795220 20.119195
v -38.065322 167.397154 15.592364
v -48.684605 170.738471 10.478387
v -48.165042 170.716158 20.456132
v -48.165042 170.716158 20.456132
v -48.684605 170.738471 10.478387
v -47.324335 177.984919 11.133458
v -47.465384 177.795220 20.119195
v -38.065322 181.397154 15.592364
v -47.465384 177.795220 20.119195
v -47.324335 177.984919 11.133458
v -38.065322 167.397154 15.592364
v -40.537255 171.060648 4.762118
v -48.684605 170.738471 10.478387
v -48.684605 170.738471 10.478387
v -40.537255 171.060648 4.762118
v -40.502267 178.129172 4.915410
v -47.324335 177.984919 11.133458
v -38.065322 181.397154 15.592364
v -47.324335 177.984919 11.133458
v -40.502267 178.129172 4.915410
v -38.065322 167.397154 15.592364
v -30.360427 170.829627 5.930731
v -40.537255 171.060648 4.762118
v -40.537255 171.060648 4.762118
v -30.360427 170.829627 5.930731
v -30.897117 177.922781 6.603719
v -40.502267 178.129172 4.915410
v -38.065322 181.397154 15.592364
v -40.502267 178.129172 4.915410
v -30.897117 177.922781 6.603719
v -38.065322 167.397154 15.592364
v -27.649382 171.030145 15.592364
v -30.360427 170.829627 5.930731
v -30.360427 170.829627 5.930731
v -27.649382 171.030145 15.592364
v -27.397193 177.811046 15.592364
v -30.897117 177.922781 6.603719
v -38.065322 181.397154 15.592364
v -30.897117 177.922781 6.603719
v -27.397193 177.811046 15.592364
v -56.484027 169.542154 23.137056
v -49.626383 172.822378 31.736269
v -45.710216 173.162078 23.137056
v -45.710216 173.162078 23.137056
v -49.626383 172.822378 31.736269
v -50.011168 180.267551 31.253764
v -45.821205 179.948452 23.137056
v -56.484027 183.542154 23.137056
v -45.821205 179.948452 23.137056
v -50.011168 180.267551 31.253764
v -56.484027 169.542154 23.137056
v -58.922310 172.770224 33.819874
v -49.626383 172.822378 31.736269
v -49.626383 172.822378 31.736269
v -58.922310 172.770224 33.819874
v -58.780850 180.072882 33.200096
v -50.011168 180.267551 31.253764
v -56.484027 183.542154 23.137056
v -50.011168 180.267551 31.253764
v -58.780850 180.072882 33.200096
v -56.484027 169.542154 23.137056
v -66.943646 173.273993 28.174143
v -58.922310 172.770224 33.819874
v -58.922310 172.770224 33.819874
v -66.943646 173.273993 28.174143
v -66.058671 179.869280 27.747961
v -58.780850 180.072882 33.200096
v -56.484027 183.542154 23.137056
v -58.780850 180.072882 33.200096
v -66.058671 179.869280 27.747961
v -56.484027 169.542154 23.137056
v -67.093042 173.263137 18.028023
v -66.943646 173.273993 28.174143
v -66.943646 173.273993 28.174143
v -67.093042 173.263137 18.028023
v -67.119413 179.803812 18.015324
v -66.058671 179.869280 27.747961
v -56.484027 183.542154 23.137056
v -66.058671 179.869280 27.747961
v -67.119413 179.803812 18.015324
v -56.484027 169.542154 23.137056
v -58.930767 172.922207 12.417184
v -67.093042 173.263137 18.028023
v -67.093042 173.263137 18.028023
v -58.930767 172.922207 12.417184
v -59.120970 180.368289 11.583854
v -67.119413 179.803812 18.015324
v -56.484027 183.542154 23.137056
v -67.119413 179.803812 18.015324
v -59.120970 180.368289 11.583854
v -56.484027 169.542154 23.137056
v -48.978995 172.731063 13.726044
v -58.930767 172.922207 12.417184
v -58.930767 172.922207 12.417184
v -48.978995 172.731063 13.726044
v -50.066106 179.719241 15.089237
v -59.120970 180.368289 11.583854
v -56.484027 183.542154 23.137056
v -59.120970 180.368289 11.583854
v -50.066106 179.719241 15.089237
v -56.484027 169.542154 23.137056
v -45.710216 173.162078 23.137056
v -48.978995 172.731063 13.726044
v -48.978995 172.731063 13.726044
v -45.710216 173.162078 23.137056
v -45.821205 179.948452 23.137056
v -50.066106 179.719241 15.089237
v -56.484027 183.542154 23.137056
v -50.066106 179.719241 15.089237
v -45.821205 179.948452 23.137056
v 0.000000 168.078898 -0.779364
v -1.134001 168.503971 0.862268
v -25.586096 177.508568 -19.184158
v -25.189195 177.359793 -19.758729
v 0.000000 169.964154 0.000000
v -1.134001 168.503971 0.862268
v 0.000000 168.078898 -0.779364
v -1.134001 168.503971 0.862268
v -1.134001 170.389228 1.641631
v -25.586096 178.168408 -18.911381
v -25.586096 177.508568 -19.184158
v 0.000000 169.964154 0.000000
v -1.134001 170.389228 1.641631
v -1.134001 168.503971 0.862268
v -1.134001 170.389228 1.641631
v -0.000000 171.849411 0.779364
v -25.189195 178.679472 -19.213174
v -25.586096 178.168408 -18.911381
v 0.000000 169.964154 0.000000
v -0.000000 171.849411 0.779364
v -1.134001 170.389228 1.641631
v -0.000000 171.849411 0.779364
v 1.134001 171.424338 -0.862268
v -24.792295 178.530697 -19.787745
v -25.189195 178.679472 -19.213174
v 0.000000 169.964154 0.000000
v 1.134001 171.424338 -0.862268
v -0.000000 171.849411 0.779364
v 1.134001 171.424338 -0.862268
v 1.134001 169.539081 -1.641631
v -24.792295 177.870857 -20.060523
v -24.792295 178.530697 -19.787745
v 0.000000 169.964154 0.000000
v 1.134001 169.539081 -1.641631
v 1.134001 171.424338 -0.862268
v 1.134001 169.539081 -1.641631
v 0.000000 168.078898 -0.779364
v -25.189195 177.359793 -19.758729
v -24.792295 177.870857 -20.060523
v 0.000000 169.964154 0.000000
v 0.000000 168.078898 -0.779364
v 1.134001 169.539081 -1.641631
v -25.241525 177.314314 -19.388052
v -25.591201 177.761730 -18.955222
v -52.132914 177.335214 -41.050644
v -52.432637 177.718713 -40.679646
v -52.477491 177.114154 -40.595733
v -52.432637 177.718713 -40.679646
v -52.132914 177.335214 -41.050644
v -25.591201 177.761730 -18.955222
v -25.538872 178.467048 -19.053122
v -52.177768 176.730655 -40.966730
v -52.132914 177.335214 -41.050644
v -52.477491 177.114154 -40.595733
v -52.132914 177.335214 -41.050644
v -52.177768 176.730655 -40.966730
v -25.538872 178.467048 -19.053122
v -25.136866 178.724950 -19.583851
v -52.522344 176.509596 -40.511819
v -52.177768 176.730655 -40.966730
v -52.477491 177.114154 -40.595733
v -52.177768 176.730655 -40.966730
v -52.522344 176.509596 -40.511819
v -25.136866 178.724950 -19.583851
v -24.787190 178.277535 -20.016681
v -52.822067 176.893095 -40.140822
v -52.522344 176.509596 -40.511819
v -52.477491 177.114154 -40.595733
v -52.522344 176.509596 -40.511819
v -52.822067 176.893095 -40.140822
v -24.787190 178.277535 -20.016681
v -24.839519 177.572217 -19.918782
v -52.777213 177.497653 -40.224736
v -52.822067 176.893095 -40.140822
v -52.477491 177.114154 -40.595733
v -52.822067 176.893095 -40.140822
v -52.777213 177.497653 -40.224736
v -24.839519 177.572217 -19.918782
v -25.241525 177.314314 -19.388052
v -52.432637 177.718713 -40.679646
v -52.777213 177.497653 -40.224736
v -52.477491 177.114154 -40.595733
v -52.777213 177.497653 -40.224736
v -52.432637 177.718713 -40.679646
v -32.536044 167.397154 -25.169354
v -25.933178 171.051715 -16.889622
v -22.293514 170.843960 -25.169354
v -22.293514 170.843960 -25.169354
v -25.933178 171.051715 -16.889622
v -25.969172 177.713218 -16.934757
v -20.548540 177.643462 -25.169354
v -32.536044 181.397154 -25.169354
v -20.548540 177.643462 -25.169354
v -25.969172 177.713218 -16.934757
v -32.536044 167.397154 -25.169354
v -35.067333 171.081029 -14.079054
v -25.933178 171.051715 -16.889622
v -25.933178 171.051715 -16.889622
v -35.067333 171.081029 -14.079054
v -34.850272 178.148436 -15.030058
v -25.969172 177.713218 -16.934757
v -32.536044 181.397154 -25.169354
v -25.969172 177.713218 -16.934757
v -34.850272 178.148436 -15.030058
v -32.536044 167.397154 -25.169354
v -43.668520 170.712628 -19.808236
v -35.067333 171.081029 -14.079054
v -35.067333 171.081029 -14.079054
v -43.668520 170.712628 -19.808236
v -43.339647 177.931152 -19.966614
v -34.850272 178.148436 -15.030058
v -32.536044 181.397154 -25.169354
v -34.850272 178.148436 -15.030058
v -43.339647 177.931152 -19.966614
v -32.536044 167.397154 -25.169354
v -43.096790 171.026047 -30.255141
v -43.668520 170.712628 -19.808236
v -43.668520 170.712628 -19.808236
v -43.096790 171.026047 -30.255141
v -41.749044 177.897503 -29.606101
v -43.339647 177.931152 -19.966614
v -32.536044 181.397154 -25.169354
v -43.339647 177.931152 -19.966614
v -41.749044 177.897503 -29.606101
v -32.536044 167.397154 -25.169354
v -35.186162 170.865864 -36.780281
v -43.096790 171.026047 -30.255141
v -43.096790 171.026047 -30.255141
v -35.186162 170.865864 -36.780281
v -34.956186 178.007800 -35.772690
v -41.749044 177.897503 -29.606101
v -32.536044 181.397154 -25.169354
v -41.749044 177.897503 -29.606101
v -34.956186 178.007800 -35.772690
v -32.536044 167.397154 -25.169354
v -24.916851 170.834252 -34.723520
v -35.186162 170.865864 -36.780281
v -35.186162 170.865864 -36.780281
v -24.916851 170.834252 -34.723520
v -26.188801 178.179699 -33.128545
v -34.956186 178.007800 -35.772690
v -32.536044 181.397154 -25.169354
v -34.956186 178.007800 -35.772690
v -26.188801 178.179699 -33.128545
v -32.536044 167.397154 -25.169354
v -22.293514 170.843960 -25.169354
v -24.916851 170.834252 -34.723520
v -24.916851 170.834252 -34.723520
v -22.293514 170.843960 -25.169354
v -20.548540 177.643462 -25.169354
v -26.188801 178.179699 -33.128545
v -32.536044 181.397154 -25.169354
v -26.188801 178.179699 -33.128545
v -20.548540 177.643462 -25.169354
v -48.279291 169.542154 -37.348074
v -40.972570 173.213574 -28.185736
v -37.110941 173.305451 -37.348074
v -37.110941 173.305451 -37.348074
v -40.972570 173.213574 -28.185736
v -41.283403 179.957100 -28.575507
v -37.520009 179.820496 -37.348074
v -48.279291 183.542154 -37.348074
v -37.520009 179.820496 -37.348074
v -41.283403 179.957100 -28.575507
v -48.279291 169.542154 -37.348074
v -50.876416 173.206744 -25.969326
v -40.972570 173.213574 -28.185736
v -40.972570 173.213574 -28.185736
v -50.876416 173.206744 -25.969326
v -50.670930 180.153914 -26.869619
v -41.283403 179.957100 -28.575507
v -48.279291 183.542154 -37.348074
v -41.283403 179.957100 -28.575507
v -50.670930 180.153914 -26.869619
v -48.279291 169.542154 -37.348074
v -57.857661 173.115672 -32.735374
v -50.876416 173.206744 -25.969326
v -50.876416 173.206744 -25.969326
v -57.857661 173.115672 -32.735374
v -57.855058 179.755691 -32.736628
v -50.670930 180.153914 -26.869619
v -48.279291 183.542154 -37.348074
v -50.670930 180.153914 -26.869619
v -57.855058 179.755691 -32.736628
v -48.279291 169.542154 -37.348074
v -59.305981 172.723768 -42.658248
v -57.857661 173.115672 -32.735374
v -57.857661 173.115672 -32.735374
v -59.305981 172.723768 -42.658248
v -58.458190 180.016592 -42.249973
v -57.855058 179.755691 -32.736628
v -48.279291 183.542154 -37.348074
v -57.855058 179.755691 -32.736628
v -58.458190 180.016592 -42.249973
v -48.279291 169.542154 -37.348074
v -50.646845 172.851621 -47.721004
v -59.305981 172.723768 -42.658248
v -59.305981 172.723768 -42.658248
v -50.646845 172.851621 -47.721004
v -50.781906 179.890882 -48.312745
v -58.458190 180.016592 -42.249973
v -48.279291 183.542154 -37.348074
v -58.458190 180.016592 -42.249973
v -50.781906 179.890882 -48.312745
v -48.279291 169.542154 -37.348074
v -41.754770 173.070596 -45.529565
v -50.646845 172.851621 -47.721004
v -50.646845 172.851621 -47.721004
v -41.754770 173.070596 -45.529565
v -41.183734 180.143014 -46.245621
v -50.781906 179.890882 -48.312745
v -48.279291 183.542154 -37.348074
v -50.781906 179.890882 -48.312745
v -41.183734 180.143014 -46.245621
v -48.279291 169.542154 -37.348074
v -37.110941 173.305451 -37.348074
v -41.754770 173.070596 -45.529565
v -41.754770 173.070596 -45.529565
v -37.110941 173.305451 -37.348074
v -37.520009 179.820496 -37.348074
v -41.183734 180.143014 -46.245621
v -48.279291 183.542154 -37.348074
v -41.183734 180.143014 -46.245621
v -37.520009 179.820496 -37.348074
v 0.000000 167.987536 -0.504559
v -1.751627 169.032787 -0.475350
v 3.667662 177.693654 -31.723832
v 4.280731 177.327816 -31.734055
v 0.000000 169.964154 0.000000
v -1.751627 169.032787 -0.475350
v 0.000000 167.987536 -0.504559
v -1.751627 169.032787 -0.475350
v -1.751627 171.009405 0.029209
v 3.667662 178.385470 -31.547236
v 3.667662 177.693654 -31.723832
v 0.000000 169.964154 0.000000
v -1.751627 171.009405 0.029209
v -1.751627 169.032787 -0.475350
v -1.751627 171.009405 0.029209
v -0.000000 171.940773 0.504559
v 4.280731 178.711449 -31.380863
v 3.667662 178.385470 -31.547236
v 0.000000 169.964154 0.000000
v -0.000000 171.940773 0.504559
v -1.751627 171.009405 0.029209
v -0.000000 171.940773 0.504559
v 1.751627 170.895522 0.475350
v 4.893801 178.345611 -31.391086
v 4.280731 178.711449 -31.380863
v 0.000000 169.964154 0.000000
v 1.751627 170.895522 0.475350
v -0.000000 171.940773 0.504559
v 1.751627 170.895522 0.475350
v 1.751627 168.918903 -0.029209
v 4.893801 177.653794 -31.567682
v 4.893801 178.345611 -31.391086
v 0.000000 169.964154 0.000000
v 1.751627 168.918903 -0.029209
v 1.751627 170.895522 0.475350
v 1.751627 168.918903 -0.029209
v 0.000000 167.987536 -0.504559
v 4.280731 177.327816 -31.734055
v 4.893801 177.653794 -31.567682
v 0.000000 169.964154 0.000000
v 0.000000 167.987536 -0.504559
v 1.751627 168.918903 -0.029209
v 4.196032 177.310711 -31.550172
v 3.630054 177.736985 -31.638237
v 9.475914 177.356424 -65.675468
v 8.990790 177.721801 -65.750952
v 8.918191 177.114154 -65.744706
v 8.990790 177.721801 -65.750952
v 9.475914 177.356424 -65.675468
v 3.630054 177.736985 -31.638237
v 3.714753 178.445906 -31.645524
v 9.403315 176.748777 -65.669222
v 9.475914 177.356424 -65.675468
v 8.918191 177.114154 -65.744706
v 9.475914 177.356424 -65.675468
v 9.403315 176.748777 -65.669222
v 3.714753 178.445906 -31.645524
v 4.365431 178.728553 -31.564746
v 8.845591 176.506508 -65.738460
v 9.403315 176.748777 -65.669222
v 8.918191 177.114154 -65.744706
v 9.403315 176.748777 -65.669222
v 8.845591 176.506508 -65.738460
v 4.365431 178.728553 -31.564746
v 4.931409 178.302280 -31.476682
v 8.360467 176.871885 -65.813944
v 8.845591 176.506508 -65.738460
v 8.918191 177.114154 -65.744706
v 8.845591 176.506508 -65.738460
v 8.360467 176.871885 -65.813944
v 4.931409 178.302280 -31.476682
v 4.846710 177.593359 -31.469395
v 8.433066 177.479532 -65.820190
v 8.360467 176.871885 -65.813944
v 8.918191 177.114154 -65.744706
v 8.360467 176.871885 -65.813944
v 8.433066 177.479532 -65.820190
v 4.846710 177.593359 -31.469395
v 4.196032 177.310711 -31.550172
v 8.990790 177.721801 -65.750952
v 8.433066 177.479532 -65.820190
v 8.918191 177.114154 -65.744706
v 8.433066 177.479532 -65.820190
v 8.990790 177.721801 -65.750952
v 5.529278 167.397154 -40.761718
v 12.836865 170.606613 -31.598294
v 17.564994 170.740221 -40.761718
v 17.564994 170.740221 -40.761718
v 12.836865 170.606613 -31.598294
v 12.126808 178.145940 -32.488677
v 16.923590 178.046488 -40.761718
v 5.529278 181.397154 -40.761718
v 16.923590 178.046488 -40.761718
v 12.126808 178.145940 -32.488677
v 5.529278 167.397154 -40.761718
v 3.093366 171.178431 -30.089288
v 12.836865 170.606613 -31.598294
v 12.836865 170.606613 -31.598294
v 3.093366 171.178431 -30.089288
v 3.264116 177.700693 -30.837395
v 12.126808 178.145940 -32.488677
v 5.529278 181.397154 -40.761718
v 12.126808 178.145940 -32.488677
v 3.264116 177.700693 -30.837395
v 5.529278 167.397154 -40.761718
v -4.940798 171.155786 -35.719595
v 3.093366 171.178431 -30.089288
v 3.093366 171.178431 -30.089288
v -4.940798 171.155786 -35.719595
v -3.773645 177.628754 -36.281666
v 3.264116 177.700693 -30.837395
v 5.529278 181.397154 -40.761718
v 3.264116 177.700693 -30.837395
v -3.773645 177.628754 -36.281666
v 5.529278 167.397154 -40.761718
v -3.599820 170.753436 -45.158060
v -4.940798 171.155786 -35.719595
v -4.940798 171.155786 -35.719595
v -3.599820 170.753436 -45.158060
v -5.522691 177.624176 -46.084066
v -3.773645 177.628754 -36.281666
v 5.529278 181.397154 -40.761718
v -3.773645 177.628754 -36.281666
v -5.522691 177.624176 -46.084066
v 5.529278 167.397154 -40.761718
v 3.117035 170.932117 -51.330445
v -3.599820 170.753436 -45.158060
v -3.599820 170.753436 -45.158060
v 3.117035 170.932117 -51.330445
v 3.167653 178.190262 -51.108672
v -5.522691 177.624176 -46.084066
v 5.529278 181.397154 -40.761718
v -5.522691 177.624176 -46.084066
v 3.167653 178.190262 -51.108672
v 5.529278 167.397154 -40.761718
v 13.219081 171.046311 -50.404426
v 3.117035 170.932117 -51.330445
v 3.117035 170.932117 -51.330445
v 13.219081 171.046311 -50.404426
v 12.201281 178.022709 -49.128146
v 3.167653 178.190262 -51.108672
v 5.529278 181.397154 -40.761718
v 3.167653 178.190262 -51.108672
v 12.201281 178.022709 -49.128146
v 5.529278 167.397154 -40.761718
v 17.564994 170.740221 -40.761718
v 13.219081 171.046311 -50.404426
v 13.219081 171.046311 -50.404426
v 17.564994 170.740221 -40.761718
v 16.923590 178.046488 -40.761718
v 12.201281 178.022709 -49.128146
v 5.529278 181.397154 -40.761718
v 12.201281 178.022709 -49.128146
v 16.923590 178.046488 -40.761718
v 8.204735 169.542154 -60.485130
v 15.303550 172.940322 -51.583498
v 19.200967 173.238813 -60.485130
v 19.200967 173.238813 -60.485130
v 15.303550 172.940322 -51.583498
v 15.220512 180.228371 -51.687624
v 19.476401 180.235175 -60.485130
v 8.204735 183.542154 -60.485130
v 19.476401 180.235175 -60.485130
v 15.220512 180.228371 -51.687624
v 8.204735 169.542154 -60.485130
v 5.883701 173.156413 -50.316016
v 15.303550 172.940322 -51.583498
v 15.303550 172.940322 -51.583498
v 5.883701 173.156413 -50.316016
v 5.613973 179.889384 -49.134258
v 15.220512 180.228371 -51.687624
v 8.204735 183.542154 -60.485130
v 15.220512 180.228371 -51.687624
v 5.613973 179.889384 -49.134258
v 8.204735 169.542154 -60.485130
v -0.943394 172.967404 -56.079623
v 5.883701 173.156413 -50.316016
v 5.883701 173.156413 -50.316016
v -0.943394 172.967404 -56.079623
v -1.001734 180.016525 -56.051528
v 5.613973 179.889384 -49.134258
v 8.204735 183.542154 -60.485130
v 5.613973 179.889384 -49.134258
v -1.001734 180.016525 -56.051528
v 8.204735 169.542154 -60.485130
v -1.686868 172.722320 -65.248675
v -0.943394 172.967404 -56.079623
v -0.943394 172.967404 -56.079623
v -1.686868 172.722320 -65.248675
v -2.534344 180.037497 -65.656798
v -1.001734 180.016525 -56.051528
v 8.204735 183.542154 -60.485130
v -1.001734 180.016525 -56.051528
v -2.534344 180.037497 -65.656798
v 8.204735 169.542154 -60.485130
v 5.948946 172.942835 -70.368388
v -1.686868 172.722320 -65.248675
v -1.686868 172.722320 -65.248675
v 5.948946 172.942835 -70.368388
v 5.920846 180.099832 -70.491501
v -2.534344 180.037497 -65.656798
v 8.204735 183.542154 -60.485130
v -2.534344 180.037497 -65.656798
v 5.920846 180.099832 -70.491501
v 8.204735 169.542154 -60.485130
v 15.063386 172.769447 -69.085605
v 5.948946 172.942835 -70.368388
v 5.948946 172.942835 -70.368388
v 15.063386 172.769447 -69.085605
v 15.380382 179.835902 -69.483106
v 5.920846 180.099832 -70.491501
v 8.204735 183.542154 -60.485130
v 5.920846 180.099832 -70.491501
v 15.380382 179.835902 -69.483106
v 8.204735 169.542154 -60.485130
v 19.200967 173.238813 -60.485130
v 15.063386 172.769447 -69.085605
v 15.063386 172.769447 -69.085605
v 19.200967 173.238813 -60.485130
v 19.476401 180.235175 -60.485130
v 15.380382 179.835902 -69.483106
v 8.204735 183.542154 -60.485130
v 15.380382 179.835902 -69.483106
v 19.476401 180.235175 -60.485130
v 0.773269 169.964154 1.887765
v 0.787539 168.251406 0.779663
v 29.745566 177.420170 -11.798625
v 29.740571 178.019632 -11.410790
v 0.000000 169.964154 0.000000
v 0.787539 168.251406 0.779663
v 0.773269 169.964154 1.887765
v 0.787539 168.251406 0.779663
v 0.014271 168.251406 -1.108102
v 29.474922 177.420170 -12.459343
v 29.745566 177.420170 -11.798625
v 0.000000 169.964154 0.000000
v 0.014271 168.251406 -1.108102
v 0.787539 168.251406 0.779663
v 0.014271 168.251406 -1.108102
v -0.773269 169.964154 -1.887765
v 29.199283 178.019632 -12.732225
v 29.474922 177.420170 -12.459343
v 0.000000 169.964154 0.000000
v -0.773269 169.964154 -1.887765
v 0.014271 168.251406 -1.108102
v -0.773269 169.964154 -1.887765
v -0.787539 171.676903 -0.779663
v 29.194288 178.619094 -12.344389
v 29.199283 178.019632 -12.732225
v 0.000000 169.964154 0.000000
v -0.787539 171.676903 -0.779663
v -0.773269 169.964154 -1.887765
v -0.787539 171.676903 -0.779663
v -0.014271 171.676903 1.108102
v 29.464932 178.619094 -11.683672
v 29.194288 178.619094 -12.344389
v 0.000000 169.964154 0.000000
v -0.014271 171.676903 1.108102
v -0.787539 171.676903 -0.779663
v -0.014271 171.676903 1.108102
v 0.773269 169.964154 1.887765
v 29.740571 178.019632 -11.410790
v 29.464932 178.619094 -11.683672
v 0.000000 169.964154 0.000000
v 0.773269 169.964154 1.887765
v -0.014271 171.676903 1.108102
v 29.736549 177.934187 -11.414691
v 29.560275 177.363226 -11.805493
v 61.318240 177.676789 -25.376986
v 61.167148 177.187393 -25.711959
v 61.395681 177.114154 -25.148974
v 61.167148 177.187393 -25.711959
v 61.318240 177.676789 -25.376986
v 29.560275 177.363226 -11.805493
v 29.293653 177.448671 -12.462309
v 61.546773 177.603550 -24.814000
v 61.318240 177.676789 -25.376986
v 61.395681 177.114154 -25.148974
v 61.318240 177.676789 -25.376986
v 61.546773 177.603550 -24.814000
v 29.293653 177.448671 -12.462309
v 29.203304 178.105077 -12.728324
v 61.624215 177.040916 -24.585988
v 61.546773 177.603550 -24.814000
v 61.395681 177.114154 -25.148974
v 61.546773 177.603550 -24.814000
v 61.624215 177.040916 -24.585988
v 29.203304 178.105077 -12.728324
v 29.379579 178.676039 -12.337522
v 61.473122 176.551520 -24.920961
v 61.624215 177.040916 -24.585988
v 61.395681 177.114154 -25.148974
v 61.624215 177.040916 -24.585988
v 61.473122 176.551520 -24.920961
v 29.379579 178.676039 -12.337522
v 29.646201 178.590594 -11.680705
v 61.244589 176.624759 -25.483947
v 61.473122 176.551520 -24.920961
v 61.395681 177.114154 -25.148974
v 61.473122 176.551520 -24.920961
v 61.244589 176.624759 -25.483947
v 29.646201 178.590594 -11.680705
v 29.736549 177.934187 -11.414691
v 61.167148 177.187393 -25.711959
v 61.244589 176.624759 -25.483947
v 61.395681 177.114154 -25.148974
v 61.244589 176.624759 -25.483947
v 61.167148 177.187393 -25.711959
v 38.065322 167.397154 -15.592364
v 44.700615 170.613546 -7.271969
v 49.609075 171.017500 -15.592364
v 49.609075 171.017500 -15.592364
v 44.700615 170.613546 -7.271969
v 44.472655 177.563396 -7.557822
v 48.559307 178.048674 -15.592364
v 38.065322 181.397154 -15.592364
v 48.559307 178.048674 -15.592364
v 44.472655 177.563396 -7.557822
v 38.065322 167.397154 -15.592364
v 35.636092 170.580988 -4.949209
v 44.700615 170.613546 -7.271969
v 44.700615 170.613546 -7.271969
v 35.636092 170.580988 -4.949209
v 35.741536 177.602725 -5.411191
v 44.472655 177.563396 -7.557822
v 38.065322 181.397154 -15.592364
v 44.472655 177.563396 -7.557822
v 35.741536 177.602725 -5.411191
v 38.065322 167.397154 -15.592364
v 28.657436 170.983939 -11.061765
v 35.636092 170.580988 -4.949209
v 35.636092 170.580988 -4.949209
v 28.657436 170.983939 -11.061765
v 27.447540 177.890839 -10.479109
v 35.741536 177.602725 -5.411191
v 38.065322 181.397154 -15.592364
v 35.741536 177.602725 -5.411191
v 27.447540 177.890839 -10.479109
v 38.065322 167.397154 -15.592364
v 27.059662 170.802734 -20.892410
v 28.657436 170.983939 -11.061765
v 28.657436 170.983939 -11.061765
v 27.059662 170.802734 -20.892410
v 28.110100 177.796050 -20.386546
v 27.447540 177.890839 -10.479109
v 38.065322 181.397154 -15.592364
v 27.447540 177.890839 -10.479109
v 28.110100 177.796050 -20.386546
v 38.065322 167.397154 -15.592364
v 35.808558 170.973344 -25.479894
v 27.059662 170.802734 -20.892410
v 27.059662 170.802734 -20.892410
v 35.808558 170.973344 -25.479894
v 35.374869 177.818371 -27.380008
v 28.110100 177.796050 -20.386546
v 38.065322 181.397154 -15.592364
v 28.110100 177.796050 -20.386546
v 35.374869 177.818371 -27.380008
v 38.065322 167.397154 -15.592364
v 44.487666 170.650461 -23.645727
v 35.808558 170.973344 -25.479894
v 35.808558 170.973344 -25.479894
v 44.487666 170.650461 -23.645727
v 45.073254 178.178139 -24.380032
v 35.374869 177.818371 -27.380008
v 38.065322 181.397154 -15.592364
v 35.374869 177.818371 -27.380008
v 45.073254 178.178139 -24.380032
v 38.065322 167.397154 -15.592364
v 49.609075 171.017500 -15.592364
v 44.487666 170.650461 -23.645727
v 44.487666 170.650461 -23.645727
v 49.609075 171.017500 -15.592364
v 48.559307 178.048674 -15.592364
v 45.073254 178.178139 -24.380032
v 38.065322 181.397154 -15.592364
v 45.073254 178.178139 -24.380032
v 48.559307 178.048674 -15.592364
v 56.484027 169.542154 -23.137056
v 64.059362 173.089479 -13.637886
v 68.210360 173.011825 -23.137056
v 68.210360 173.011825 -23.137056
v 64.059362 173.089479 -13.637886
v 62.832166 180.070184 -15.176741
v 67.064782 180.327448 -23.137056
v 56.484027 183.542154 -23.137056
v 67.064782 180.327448 -23.137056
v 62.832166 180.070184 -15.176741
v 56.484027 169.542154 -23.137056
v 53.981793 173.192985 -12.174054
v 64.059362 173.089479 -13.637886
v 64.059362 173.089479 -13.637886
v 53.981793 173.192985 -12.174054
v 53.802625 179.768874 -11.389067
v 62.832166 180.070184 -15.176741
v 56.484027 183.542154 -23.137056
v 62.832166 180.070184 -15.176741
v 53.802625 179.768874 -11.389067
v 56.484027 169.542154 -23.137056
v 46.805499 173.007386 -18.476122
v 53.981793 173.192985 -12.174054
v 53.981793 173.192985 -12.174054
v 46.805499 173.007386 -18.476122
v 46.490726 180.097245 -18.324536
v 53.802625 179.768874 -11.389067
v 56.484027 183.542154 -23.137056
v 53.802625 179.768874 -11.389067
v 46.490726 180.097245 -18.324536
v 56.484027 169.542154 -23.137056
v 45.964661 172.716218 -28.202915
v 46.805499 173.007386 -18.476122
v 46.805499 173.007386 -18.476122
v 45.964661 172.716218 -28.202915
v 46.216498 179.752883 -28.081637
v 46.490726 180.097245 -18.324536
v 56.484027 183.542154 -23.137056
v 46.490726 180.097245 -18.324536
v 46.216498 179.752883 -28.081637
v 56.484027 169.542154 -23.137056
v 53.770323 172.815654 -35.026567
v 45.964661 172.716218 -28.202915
v 45.964661 172.716218 -28.202915
v 53.770323 172.815654 -35.026567
v 53.824521 179.894416 -34.789111
v 46.216498 179.752883 -28.081637
v 56.484027 183.542154 -23.137056
v 46.216498 179.752883 -28.081637
v 53.824521 179.894416 -34.789111
v 56.484027 169.542154 -23.137056
v 63.178984 173.040359 -31.532267
v 53.770323 172.815654 -35.026567
v 53.770323 172.815654 -35.026567
v 63.178984 173.040359 -31.532267
v 63.325392 179.968486 -31.715857
v 53.824521 179.894416 -34.789111
v 56.484027 183.542154 -23.137056
v 53.824521 179.894416 -34.789111
v 63.325392 179.968486 -31.715857
v 56.484027 169.542154 -23.137056
v 68.210360 173.011825 -23.137056
v 63.178984 173.040359 -31.532267
v 63.178984 173.040359 -31.532267
v 68.210360 173.011825 -23.137056
v 67.064782 180.327448 -23.137056
v 63.325392 179.968486 -31.715857
v 56.484027 183.542154 -23.137056
v 63.325392 179.968486 -31.715857
v 67.064782 180.327448 -23.137056
v 0.000000 196.373338 -0.717820
v -1.270180 195.850648 0.790503
v 20.396420 202.534818 20.455864
v 20.840983 202.717759 19.927951
v 0.000000 194.463800 0.000000
v -1.270180 195.850648 0.790503
v 0.000000 196.373338 -0.717820
v -1.270180 195.850648 0.790503
v -1.270180 193.941110 1.508323
v 20.396420 201.866479 20.707101
v 20.396420 202.534818 20.455864
v 0.000000 194.463800 0.000000
v -1.270180 193.941110 1.508323
v -1.270180 195.850648 0.790503
v -1.270180 193.941110 1.508323
v -0.000000 192.554262 0.717820
v 20.840983 201.381083 20.430425
v 20.396420 201.866479 20.707101
v 0.000000 194.463800 0.000000
v -0.000000 192.554262 0.717820
v -1.270180 193.941110 1.508323
v -0.000000 192.554262 0.717820
v 1.270180 193.076952 -0.790503
v 21.285546 201.564024 19.902512
v 20.840983 201.381083 20.430425
v 0.000000 194.463800 0.000000
v 1.270180 193.076952 -0.790503
v -0.000000 192.554262 0.717820
v 1.270180 193.076952 -0.790503
v 1.270180 194.986490 -1.508323
v 21.285546 202.232362 19.651275
v 21.285546 201.564024 19.902512
v 0.000000 194.463800 0.000000
v 1.270180 194.986490 -1.508323
v 1.270180 193.076952 -0.790503
v 1.270180 194.986490 -1.508323
v 0.000000 196.373338 -0.717820
v 20.840983 202.717759 19.927951
v 21.285546 202.232362 19.651275
v 0.000000 194.463800 0.000000
v 0.000000 196.373338 -0.717820
v 1.270180 194.986490 -1.508323
v 20.781520 202.756922 20.254700
v 20.384177 202.320377 20.656375
v 43.810263 201.381552 41.630959
v 43.469683 201.007370 41.975252
v 43.418715 201.613800 42.039976
v 43.469683 201.007370 41.975252
v 43.810263 201.381552 41.630959
v 20.384177 202.320377 20.656375
v 20.443640 201.612876 20.580864
v 43.759295 201.987981 41.695683
v 43.810263 201.381552 41.630959
v 43.418715 201.613800 42.039976
v 43.810263 201.381552 41.630959
v 43.759295 201.987981 41.695683
v 20.443640 201.612876 20.580864
v 20.900446 201.341919 20.103677
v 43.367747 202.220230 42.104700
v 43.759295 201.987981 41.695683
v 43.418715 201.613800 42.039976
v 43.759295 201.987981 41.695683
v 43.367747 202.220230 42.104700
v 20.900446 201.341919 20.103677
v 21.297789 201.778464 19.702002
v 43.027167 201.846048 42.448993
v 43.367747 202.220230 42.104700
v 43.418715 201.613800 42.039976
v 43.367747 202.220230 42.104700
v 43.027167 201.846048 42.448993
v 21.297789 201.778464 19.702002
v 21.238326 202.485966 19.777513
v 43.078136 201.239619 42.384269
v 43.027167 201.846048 42.448993
v 43.418715 201.613800 42.039976
v 43.027167 201.846048 42.448993
v 43.078136 201.239619 42.384269
v 21.238326 202.485966 19.777513
v 20.781520 202.756922 20.254700
v 43.469683 201.007370 41.975252
v 43.078136 201.239619 42.384269
v 43.418715 201.613800 42.039976
v 43.078136 201.239619 42.384269
v 43.469683 201.007370 41.975252
v 26.919603 191.896800 26.064785
v 33.717355 195.354884 34.588895
v 37.812086 195.286887 26.064785
v 37.812086 195.286887 26.064785
v 33.717355 195.354884 34.588895
v 34.638272 202.587540 35.743689
v 38.462734 202.134915 26.064785
v 26.919603 205.896800 26.064785
v 38.462734 202.134915 26.064785
v 34.638272 202.587540 35.743689
v 26.919603 191.896800 26.064785
v 24.236326 195.488710 37.820993
v 33.717355 195.354884 34.588895
v 33.717355 195.354884 34.588895
v 24.236326 195.488710 37.820993
v 24.652923 202.687465 35.995759
v 34.638272 202.587540 35.743689
v 26.919603 205.896800 26.064785
v 34.638272 202.587540 35.743689
v 24.652923 202.687465 35.995759
v 26.919603 191.896800 26.064785
v 16.930542 195.187784 30.875263
v 24.236326 195.488710 37.820993
v 24.236326 195.488710 37.820993
v 16.930542 195.187784 30.875263
v 17.279336 202.433713 30.707293
v 24.652923 202.687465 35.995759
v 26.919603 205.896800 26.064785
v 24.652923 202.687465 35.995759
v 17.279336 202.433713 30.707293
v 26.919603 191.896800 26.064785
v 17.585556 195.230535 21.569745
v 16.930542 195.187784 30.875263
v 16.930542 195.187784 30.875263
v 17.585556 195.230535 21.569745
v 15.958008 202.231827 20.785959
v 17.279336 202.433713 30.707293
v 26.919603 205.896800 26.064785
v 17.279336 202.433713 30.707293
v 15.958008 202.231827 20.785959
v 26.919603 191.896800 26.064785
v 24.400616 195.291039 15.028380
v 17.585556 195.230535 21.569745
v 17.585556 195.230535 21.569745
v 24.400616 195.291039 15.028380
v 24.281680 202.495719 14.507286
v 15.958008 202.231827 20.785959
v 26.919603 205.896800 26.064785
v 15.958008 202.231827 20.785959
v 24.281680 202.495719 14.507286
v 26.919603 191.896800 26.064785
v 34.034986 195.189787 17.142378
v 24.400616 195.291039 15.028380
v 24.400616 195.291039 15.028380
v 34.034986 195.189787 17.142378
v 33.637813 202.583681 17.640417
v 24.281680 202.495719 14.507286
v 26.919603 205.896800 26.064785
v 24.281680 202.495719 14.507286
v 33.637813 202.583681 17.640417
v 26.919603 191.896800 26.064785
v 37.812086 195.286887 26.064785
v 34.034986 195.189787 17.142378
v 34.034986 195.189787 17.142378
v 37.812086 195.286887 26.064785
v 38.462734 202.134915 26.064785
v 33.637813 202.583681 17.640417
v 26.919603 205.896800 26.064785
v 33.637813 202.583681 17.640417
v 38.462734 202.134915 26.064785
v 39.945218 194.041800 38.676778
v 46.773306 197.816437 47.238929
v 51.492246 197.352906 38.676778
v 51.492246 197.352906 38.676778
v 46.773306 197.816437 47.238929
v 46.348439 204.839690 46.706163
v 51.563294 204.871041 38.676778
v 39.945218 208.041800 38.676778
v 51.563294 204.871041 38.676778
v 46.348439 204.839690 46.706163
v 39.945218 194.041800 38.676778
v 37.200760 197.258779 50.701034
v 46.773306 197.816437 47.238929
v 46.773306 197.816437 47.238929
v 37.200760 197.258779 50.701034
v 37.663220 204.699603 48.674863
v 46.348439 204.839690 46.706163
v 39.945218 208.041800 38.676778
v 46.348439 204.839690 46.706163
v 37.663220 204.699603 48.674863
v 39.945218 194.041800 38.676778
v 29.225873 197.573349 43.838942
v 37.200760 197.258779 50.701034
v 37.200760 197.258779 50.701034
v 29.225873 197.573349 43.838942
v 28.838729 204.630432 44.025381
v 37.663220 204.699603 48.674863
v 39.945218 208.041800 38.676778
v 37.663220 204.699603 48.674863
v 28.838729 204.630432 44.025381
v 39.945218 194.041800 38.676778
v 29.671741 197.214768 33.729332
v 29.225873 197.573349 43.838942
v 29.225873 197.573349 43.838942
v 29.671741 197.214768 33.729332
v 29.107822 204.230153 33.457763
v 28.838729 204.630432 44.025381
v 39.945218 208.041800 38.676778
v 28.838729 204.630432 44.025381
v 29.107822 204.230153 33.457763
v 39.945218 194.041800 38.676778
v 37.252148 197.643932 26.877665
v 29.671741 197.214768 33.729332
v 29.671741 197.214768 33.729332
v 37.252148 197.643932 26.877665
v 37.621414 204.652450 28.495528
v 29.107822 204.230153 33.457763
v 39.945218 208.041800 38.676778
v 29.107822 204.230153 33.457763
v 37.621414 204.652450 28.495528
v 39.945218 194.041800 38.676778
v 47.644226 197.758051 29.022527
v 37.252148 197.643932 26.877665
v 37.252148 197.643932 26.877665
v 47.644226 197.758051 29.022527
v 46.896470 204.876887 29.960183
v 37.621414 204.652450 28.495528
v 39.945218 208.041800 38.676778
v 37.621414 204.652450 28.495528
v 46.896470 204.876887 29.960183
v 39.945218 194.041800 38.676778
v 51.492246 197.352906 38.676778
v 47.644226 197.758051 29.022527
v 47.644226 197.758051 29.022527
v 51.492246 197.352906 38.676778
v 51.563294 204.871041 38.676778
v 46.896470 204.876887 29.960183
v 39.945218 208.041800 38.676778
v 46.896470 204.876887 29.960183
v 51.563294 204.871041 38.676778
v 0.000000 196.433482 -0.530992
v -1.717091 195.340441 -0.666857
v -7.656180 202.356245 27.905015
v -7.055198 202.738810 27.952568
v 0.000000 194.463800 0.000000
v -1.717091 195.340441 -0.666857
v 0.000000 196.433482 -0.530992
v -1.717091 195.340441 -0.666857
v -1.717091 193.370759 -0.135865
v -7.656180 201.666856 28.090862
v -7.656180 202.356245 27.905015
v 0.000000 194.463800 0.000000
v -1.717091 193.370759 -0.135865
v -1.717091 195.340441 -0.666857
v -1.717091 193.370759 -0.135865
v -0.000000 192.494118 0.530992
v -7.055198 201.360032 28.324262
v -7.656180 201.666856 28.090862
v 0.000000 194.463800 0.000000
v -0.000000 192.494118 0.530992
v -1.717091 193.370759 -0.135865
v -0.000000 192.494118 0.530992
v 1.717091 193.587159 0.666857
v -6.454216 201.742596 28.371815
v -7.055198 201.360032 28.324262
v 0.000000 194.463800 0.000000
v 1.717091 193.587159 0.666857
v -0.000000 192.494118 0.530992
v 1.717091 193.587159 0.666857
v 1.717091 195.556841 0.135865
v -6.454216 202.431985 28.185968
v -6.454216 201.742596 28.371815
v 0.000000 194.463800 0.000000
v 1.717091 195.556841 0.135865
v 1.717091 193.587159 0.666857
v 1.717091 195.556841 0.135865
v 0.000000 196.433482 -0.530992
v -7.055198 202.738810 27.952568
v -6.454216 202.431985 28.185968
v 0.000000 194.463800 0.000000
v 0.000000 196.433482 -0.530992
v 1.717091 195.556841 0.135865
v -7.138107 202.758511 28.127761
v -7.692119 202.332083 27.982758
v -14.152397 201.371518 58.755119
v -14.627265 201.006009 58.630831
v -14.698329 201.613800 58.621698
v -14.627265 201.006009 58.630831
v -14.152397 201.371518 58.755119
v -7.692119 202.332083 27.982758
v -7.609211 201.622993 27.993413
v -14.223461 201.979309 58.745986
v -14.152397 201.371518 58.755119
v -14.698329 201.613800 58.621698
v -14.152397 201.371518 58.755119
v -14.223461 201.979309 58.745986
v -7.609211 201.622993 27.993413
v -6.972289 201.340331 28.149070
v -14.769394 202.221591 58.612566
v -14.223461 201.979309 58.745986
v -14.698329 201.613800 58.621698
v -14.223461 201.979309 58.745986
v -14.769394 202.221591 58.612566
v -6.972289 201.340331 28.149070
v -6.418277 201.766758 28.294072
v -15.244262 201.856082 58.488278
v -14.769394 202.221591 58.612566
v -14.698329 201.613800 58.621698
v -14.769394 202.221591 58.612566
v -15.244262 201.856082 58.488278
v -6.418277 201.766758 28.294072
v -6.501185 202.475848 28.283418
v -15.173197 201.248291 58.497411
v -15.244262 201.856082 58.488278
v -14.698329 201.613800 58.621698
v -15.244262 201.856082 58.488278
v -15.173197 201.248291 58.497411
v -6.501185 202.475848 28.283418
v -7.138107 202.758511 28.127761
v -14.627265 201.006009 58.630831
v -15.173197 201.248291 58.497411
v -14.698329 201.613800 58.621698
v -15.173197 201.248291 58.497411
v -14.627265 201.006009 58.630831
v -9.112964 191.896800 36.345453
v -2.204256 195.666969 45.008700
v 1.117688 195.112526 36.345453
v 1.117688 195.112526 36.345453
v -2.204256 195.666969 45.008700
v -2.181243 202.634690 45.037556
v 2.833479 202.581779 36.345453
v -9.112964 205.896800 36.345453
v 2.833479 202.581779 36.345453
v -2.181243 202.634690 45.037556
v -9.112964 191.896800 36.345453
v -11.866470 195.391657 48.409352
v -2.204256 195.666969 45.008700
v -2.204256 195.666969 45.008700
v -11.866470 195.391657 48.409352
v -11.377580 202.265287 46.267384
v -2.181243 202.634690 45.037556
v -9.112964 205.896800 36.345453
v -2.181243 202.634690 45.037556
v -11.377580 202.265287 46.267384
v -9.112964 191.896800 36.345453
v -18.570307 195.669938 40.899869
v -11.866470 195.391657 48.409352
v -11.866470 195.391657 48.409352
v -18.570307 195.669938 40.899869
v -18.378133 202.532964 40.807323
v -11.377580 202.265287 46.267384
v -9.112964 205.896800 36.345453
v -11.377580 202.265287 46.267384
v -18.378133 202.532964 40.807323
v -9.112964 191.896800 36.345453
v -18.975992 195.716959 31.595669
v -18.570307 195.669938 40.899869
v -18.570307 195.669938 40.899869
v -18.975992 195.716959 31.595669
v -18.542853 202.664441 31.804258
v -18.378133 202.532964 40.807323
v -9.112964 205.896800 36.345453
v -18.378133 202.532964 40.807323
v -18.542853 202.664441 31.804258
v -9.112964 191.896800 36.345453
v -11.631881 195.096444 25.309356
v -18.975992 195.716959 31.595669
v -18.975992 195.716959 31.595669
v -11.631881 195.096444 25.309356
v -11.378068 202.333269 26.421384
v -18.542853 202.664441 31.804258
v -9.112964 205.896800 36.345453
v -18.542853 202.664441 31.804258
v -11.378068 202.333269 26.421384
v -9.112964 191.896800 36.345453
v -1.786242 195.133124 27.158033
v -11.631881 195.096444 25.309356
v -11.631881 195.096444 25.309356
v -1.786242 195.133124 27.158033
v -2.719998 202.402937 28.328928
v -11.378068 202.333269 26.421384
v -9.112964 205.896800 36.345453
v -11.378068 202.333269 26.421384
v -2.719998 202.402937 28.328928
v -9.112964 191.896800 36.345453
v 1.117688 195.112526 36.345453
v -1.786242 195.133124 27.158033
v -1.786242 195.133124 27.158033
v 1.117688 195.112526 36.345453
v 2.833479 202.581779 36.345453
v -2.719998 202.402937 28.328928
v -9.112964 205.896800 36.345453
v -2.719998 202.402937 28.328928
v 2.833479 202.581779 36.345453
v -13.522463 194.041800 53.931963
v -6.670592 197.215308 62.523937
v -1.764175 197.404376 53.931963
v -1.764175 197.404376 53.931963
v -6.670592 197.215308 62.523937
v -6.915406 204.794084 62.216950
v -1.207106 204.611617 53.931963
v -13.522463 208.041800 53.931963
v -1.207106 204.611617 53.931963
v -6.915406 204.794084 62.216950
v -13.522463 194.041800 53.931963
v -16.037130 197.782397 64.949440
v -6.670592 197.215308 62.523937
v -6.670592 197.215308 62.523937
v -16.037130 197.782397 64.949440
v -16.088166 204.754974 65.173044
v -6.915406 204.794084 62.216950
v -13.522463 208.041800 53.931963
v -6.915406 204.794084 62.216950
v -16.088166 204.754974 65.173044
v -13.522463 194.041800 53.931963
v -23.676876 197.374800 58.822070
v -16.037130 197.782397 64.949440
v -16.037130 197.782397 64.949440
v -23.676876 197.374800 58.822070
v -24.362795 204.401714 59.152391
v -16.088166 204.754974 65.173044
v -13.522463 208.041800 53.931963
v -16.088166 204.754974 65.173044
v -24.362795 204.401714 59.152391
v -13.522463 194.041800 53.931963
v -22.767877 197.873871 49.479606
v -23.676876 197.374800 58.822070
v -23.676876 197.374800 58.822070
v -22.767877 197.873871 49.479606
v -23.034701 204.302733 49.351110
v -24.362795 204.401714 59.152391
v -13.522463 208.041800 53.931963
v -24.362795 204.401714 59.152391
v -23.034701 204.302733 49.351110
v -13.522463 194.041800 53.931963
v -15.819669 197.380528 43.867247
v -22.767877 197.873871 49.479606
v -22.767877 197.873871 49.479606
v -15.819669 197.380528 43.867247
v -15.787771 204.554033 44.006998
v -23.034701 204.302733 49.351110
v -13.522463 208.041800 53.931963
v -23.034701 204.302733 49.351110
v -15.787771 204.554033 44.006998
v -13.522463 194.041800 53.931963
v -6.518696 197.310484 45.149516
v -15.819669 197.380528 43.867247
v -15.819669 197.380528 43.867247
v -6.518696 197.310484 45.149516
v -6.121123 204.869085 44.650976
v -15.787771 204.554033 44.006998
v -13.522463 208.041800 53.931963
v -15.787771 204.554033 44.006998
v -6.121123 204.869085 44.650976
v -13.522463 194.041800 53.931963
v -1.764175 197.404376 53.931963
v -6.518696 197.310484 45.149516
v -6.518696 197.310484 45.149516
v -1.764175 197.404376 53.931963
v -1.207106 204.611617 53.931963
v -6.121123 204.869085 44.650976
v -13.522463 208.041800 53.931963
v -6.121123 204.869085 44.650976
v -1.207106 204.611617 53.931963
v -0.559709 194.463800 -1.961715
v -0.709645 192.754577 -0.858232
v -28.144557 201.451193 7.658846
v -28.092080 202.049421 7.272627
v 0.000000 194.463800 0.000000
v -0.709645 192.754577 -0.858232
v -0.559709 194.463800 -1.961715
v -0.709645 192.754577 -0.858232
v -0.149936 192.754577 1.103484
v -27.948659 201.451193 8.345446
v -28.144557 201.451193 7.658846
v 0.000000 194.463800 0.000000
v -0.149936 192.754577 1.103484
v -0.709645 192.754577 -0.858232
v -0.149936 192.754577 1.103484
v 0.559709 194.463800 1.961715
v -27.700283 202.049421 8.645827
v -27.948659 201.451193 8.345446
v 0.000000 194.463800 0.000000
v 0.559709 194.463800 1.961715
v -0.149936 192.754577 1.103484
v 0.559709 194.463800 1.961715
v 0.709645 196.173023 0.858232
v -27.647806 202.647649 8.259608
v -27.700283 202.049421 8.645827
v 0.000000 194.463800 0.000000
v 0.709645 196.173023 0.858232
v 0.559709 194.463800 1.961715
v 0.709645 196.173023 0.858232
v 0.149936 196.173023 -1.103484
v -27.843704 202.647649 7.573008
v -27.647806 202.647649 8.259608
v 0.000000 194.463800 0.000000
v 0.149936 196.173023 -1.103484
v 0.709645 196.173023 0.858232
v 0.149936 196.173023 -1.103484
v -0.559709 194.463800 -1.961715
v -28.092080 202.049421 7.272627
v -27.843704 202.647649 7.573008
v 0.000000 194.463800 0.000000
v -0.559709 194.463800 -1.961715
v 0.149936 196.173023 -1.103484
v -28.089532 201.963954 7.277239
v -27.964365 201.392851 7.687081
v -58.058602 202.176574 16.814990
v -57.951316 201.687057 17.166283
v -58.117045 201.613800 16.581723
v -57.951316 201.687057 17.166283
v -58.058602 202.176574 16.814990
v -27.964365 201.392851 7.687081
v -27.771015 201.478317 8.369069
v -58.224330 202.103317 16.230430
v -58.058602 202.176574 16.814990
v -58.117045 201.613800 16.581723
v -58.058602 202.176574 16.814990
v -58.224330 202.103317 16.230430
v -27.771015 201.478317 8.369069
v -27.702831 202.134887 8.641215
v -58.282773 201.540543 15.997162
v -58.224330 202.103317 16.230430
v -58.117045 201.613800 16.581723
v -58.224330 202.103317 16.230430
v -58.282773 201.540543 15.997162
v -27.702831 202.134887 8.641215
v -27.827998 202.705990 8.231373
v -58.175488 201.051026 16.348455
v -58.282773 201.540543 15.997162
v -58.117045 201.613800 16.581723
v -58.282773 201.540543 15.997162
v -58.175488 201.051026 16.348455
v -27.827998 202.705990 8.231373
v -28.021348 202.620524 7.549385
v -58.009759 201.124283 16.933016
v -58.175488 201.051026 16.348455
v -58.117045 201.613800 16.581723
v -58.175488 201.051026 16.348455
v -58.009759 201.124283 16.933016
v -28.021348 202.620524 7.549385
v -28.089532 201.963954 7.277239
v -57.951316 201.687057 17.166283
v -58.009759 201.124283 16.933016
v -58.117045 201.613800 16.581723
v -58.009759 201.124283 16.933016
v -57.951316 201.687057 17.166283
v -36.032568 191.896800 10.280668
v -28.718154 195.498660 19.452652
v -25.262962 195.652931 10.280668
v -25.262962 195.652931 10.280668
v -28.718154 195.498660 19.452652
v -29.509310 202.083870 18.460574
v -25.793478 202.247400 10.280668
v -36.032568 205.896800 10.280668
v -25.793478 202.247400 10.280668
v -29.509310 202.083870 18.460574
v -36.032568 191.896800 10.280668
v -38.333072 195.323463 20.359837
v -28.718154 195.498660 19.452652
v -28.718154 195.498660 19.452652
v -38.333072 195.323463 20.359837
v -38.527843 202.332471 21.213185
v -29.509310 202.083870 18.460574
v -36.032568 205.896800 10.280668
v -29.509310 202.083870 18.460574
v -38.527843 202.332471 21.213185
v -36.032568 191.896800 10.280668
v -46.444124 195.585002 15.294609
v -38.333072 195.323463 20.359837
v -38.333072 195.323463 20.359837
v -46.444124 195.585002 15.294609
v -45.620934 202.627703 14.898182
v -38.527843 202.332471 21.213185
v -36.032568 205.896800 10.280668
v -38.527843 202.332471 21.213185
v -45.620934 202.627703 14.898182
v -36.032568 191.896800 10.280668
v -46.044968 195.107323 5.458950
v -46.444124 195.585002 15.294609
v -46.444124 195.585002 15.294609
v -46.044968 195.107323 5.458950
v -47.015751 202.539304 4.991445
v -45.620934 202.627703 14.898182
v -36.032568 205.896800 10.280668
v -45.620934 202.627703 14.898182
v -47.015751 202.539304 4.991445
v -36.032568 191.896800 10.280668
v -38.698211 195.515676 -1.398279
v -46.044968 195.107323 5.458950
v -46.044968 195.107323 5.458950
v -38.698211 195.515676 -1.398279
v -38.477766 202.363316 -0.432446
v -47.015751 202.539304 4.991445
v -36.032568 205.896800 10.280668
v -47.015751 202.539304 4.991445
v -38.477766 202.363316 -0.432446
v -36.032568 191.896800 10.280668
v -28.883137 195.727111 1.315566
v -38.698211 195.515676 -1.398279
v -38.698211 195.515676 -1.398279
v -28.883137 195.727111 1.315566
v -29.130669 202.470598 1.625960
v -38.477766 202.363316 -0.432446
v -36.032568 205.896800 10.280668
v -38.477766 202.363316 -0.432446
v -29.130669 202.470598 1.625960
v -36.032568 191.896800 10.280668
v -25.262962 195.652931 10.280668
v -28.883137 195.727111 1.315566
v -28.883137 195.727111 1.315566
v -25.262962 195.652931 10.280668
v -25.793478 202.247400 10.280668
v -29.130669 202.470598 1.625960
v -36.032568 205.896800 10.280668
v -29.130669 202.470598 1.625960
v -25.793478 202.247400 10.280668
v -53.467681 194.041800 15.255185
v -46.476890 197.642586 24.021360
v -41.827921 197.701901 15.255185
v -41.827921 197.701901 15.255185
v -46.476890 197.642586 24.021360
v -46.875702 204.354340 23.521265
v -41.911549 204.245490 15.255185
v -53.467681 208.041800 15.255185
v -41.911549 204.245490 15.255185
v -46.875702 204.354340 23.521265
v -53.467681 194.041800 15.255185
v -55.948053 197.523118 26.122406
v -46.476890 197.642586 24.021360
v -46.476890 197.642586 24.021360
v -55.948053 197.523118 26.122406
v -55.853155 204.256950 25.706628
v -46.875702 204.354340 23.521265
v -53.467681 208.041800 15.255185
v -46.875702 204.354340 23.521265
v -55.853155 204.256950 25.706628
v -53.467681 194.041800 15.255185
v -63.166475 197.541579 19.925877
v -55.948053 197.523118 26.122406
v -55.948053 197.523118 26.122406
v -63.166475 197.541579 19.925877
v -63.809391 204.813266 20.235490
v -55.853155 204.256950 25.706628
v -53.467681 208.041800 15.255185
v -55.853155 204.256950 25.706628
v -63.809391 204.813266 20.235490
v -53.467681 194.041800 15.255185
v -64.086483 197.710634 10.141439
v -63.166475 197.541579 19.925877
v -63.166475 197.541579 19.925877
v -64.086483 197.710634 10.141439
v -63.324999 204.498380 10.508151
v -63.809391 204.813266 20.235490
v -53.467681 208.041800 15.255185
v -63.809391 204.813266 20.235490
v -63.324999 204.498380 10.508151
v -53.467681 194.041800 15.255185
v -55.911109 197.236616 4.549829
v -64.086483 197.710634 10.141439
v -64.086483 197.710634 10.141439
v -55.911109 197.236616 4.549829
v -56.176877 204.854390 3.385421
v -63.324999 204.498380 10.508151
v -53.467681 208.041800 15.255185
v -63.324999 204.498380 10.508151
v -56.176877 204.854390 3.385421
v -53.467681 194.041800 15.255185
v -45.976482 197.306877 5.861518
v -55.911109 197.236616 4.549829
v -55.911109 197.236616 4.549829
v -45.976482 197.306877 5.861518
v -46.024877 204.760343 5.922204
v -56.176877 204.854390 3.385421
v -53.467681 208.041800 15.255185
v -56.176877 204.854390 3.385421
v -46.024877 204.760343 5.922204
v -53.467681 194.041800 15.255185
v -41.827921 197.701901 15.255185
v -45.976482 197.306877 5.861518
v -45.976482 197.306877 5.861518
v -41.827921 197.701901 15.255185
v -41.911549 204.245490 15.255185
v -46.024877 204.760343 5.922204
v -53.467681 208.041800 15.255185
v -46.024877 204.760343 5.922204
v -41.911549 204.245490 15.255185
v 0.000000 192.554262 -0.717820
v -1.270180 193.076952 0.790503
v -21.285546 201.564024 -19.902512
v -20.840983 201.381083 -20.430425
v 0.000000 194.463800 0.000000
v -1.270180 193.076952 0.790503
v 0.000000 192.554262 -0.717820
v -1.270180 193.076952 0.790503
v -1.270180 194.986490 1.508323
v -21.285546 202.232362 -19.651275
v -21.285546 201.564024 -19.902512
v 0.000000 194.463800 0.000000
v -1.270180 194.986490 1.508323
v -1.270180 193.076952 0.790503
v -1.270180 194.986490 1.508323
v -0.000000 196.373338 0.717820
v -20.840983 202.717759 -19.927951
v -21.285546 202.232362 -19.651275
v 0.000000 194.463800 0.000000
v -0.000000 196.373338 0.717820
v -1.270180 194.986490 1.508323
v -0.000000 196.373338 0.717820
v 1.270180 195.850648 -0.790503
v -20.396420 202.534818 -20.455864
v -20.840983 202.717759 -19.927951
v 0.000000 194.463800 0.000000
v 1.270180 195.850648 -0.790503
v -0.000000 196.373338 0.717820
v 1.270180 195.850648 -0.790503
v 1.270180 193.941110 -1.508323
v -20.396420 201.866479 -20.707101
v -20.396420 202.534818 -20.455864
v 0.000000 194.463800 0.000000
v 1.270180 193.941110 -1.508323
v 1.270180 195.850648 -0.790503
v 1.270180 193.941110 -1.508323
v 0.000000 192.554262 -0.717820
v -20.840983 201.381083 -20.430425
v -20.396420 201.866479 -20.707101
v 0.000000 194.463800 0.000000
v 0.000000 192.554262 -0.717820
v 1.270180 193.941110 -1.508323
v -20.900446 201.341919 -20.103677
v -21.297789 201.778464 -19.702002
v -43.027167 201.846048 -42.448993
v -43.367747 202.220230 -42.104700
v -43.418715 201.613800 -42.039976
v -43.367747 202.220230 -42.104700
v -43.027167 201.846048 -42.448993
v -21.297789 201.778464 -19.702002
v -21.238326 202.485966 -19.777513
v -43.078136 201.239619 -42.384269
v -43.027167 201.846048 -42.448993
v -43.418715 201.613800 -42.039976
v -43.027167 201.846048 -42.448993
v -43.078136 201.239619 -42.384269
v -21.238326 202.485966 -19.777513
v -20.781520 202.756922 -20.254700
v -43.469683 201.007370 -41.975252
v -43.078136 201.239619 -42.384269
v -43.418715 201.613800 -42.039976
v -43.078136 201.239619 -42.384269
v -43.469683 201.007370 -41.975252
v -20.781520 202.756922 -20.254700
v -20.384177 202.320377 -20.656375
v -43.810263 201.381552 -41.630959
v -43.469683 201.007370 -41.975252
v -43.418715 201.613800 -42.039976
v -43.469683 201.007370 -41.975252
v -43.810263 201.381552 -41.630959
v -20.384177 202.320377 -20.656375
v -20.443640 201.612876 -20.580864
v -43.759295 201.987981 -41.695683
v -43.810263 201.381552 -41.630959
v -43.418715 201.613800 -42.039976
v -43.810263 201.381552 -41.630959
v -43.759295 201.987981 -41.695683
v -20.443640 201.612876 -20.580864
v -20.900446 201.341919 -20.103677
v -43.367747 202.220230 -42.104700
v -43.759295 201.987981 -41.695683
v -43.418715 201.613800 -42.039976
v -43.759295 201.987981 -41.695683
v -43.367747 202.220230 -42.104700
v -26.919603 191.896800 -26.064785
v -20.213236 195.591982 -17.655267
v -14.876323 195.235607 -26.064785
v -14.876323 195.235607 -26.064785
v -20.213236 195.591982 -17.655267
v -20.391102 202.510733 -17.878303
v -15.107099 202.139988 -26.064785
v -26.919603 205.896800 -26.064785
v -15.107099 202.139988 -26.064785
v -20.391102 202.510733 -17.878303
v -26.919603 191.896800 -26.064785
v -29.458382 195.276768 -14.941669
v -20.213236 195.591982 -17.655267
v -20.213236 195.591982 -17.655267
v -29.458382 195.276768 -14.941669
v -29.580909 202.584126 -14.404846
v -20.391102 202.510733 -17.878303
v -26.919603 205.896800 -26.064785
v -20.391102 202.510733 -17.878303
v -29.580909 202.584126 -14.404846
v -26.919603 191.896800 -26.064785
v -37.944021 195.084665 -20.755705
v -29.458382 195.276768 -14.941669
v -29.458382 195.276768 -14.941669
v -37.944021 195.084665 -20.755705
v -37.576934 202.671461 -20.932485
v -29.580909 202.584126 -14.404846
v -26.919603 205.896800 -26.064785
v -29.580909 202.584126 -14.404846
v -37.576934 202.671461 -20.932485
v -26.919603 191.896800 -26.064785
v -36.258974 195.707393 -30.562389
v -37.944021 195.084665 -20.755705
v -37.944021 195.084665 -20.755705
v -36.258974 195.707393 -30.562389
v -36.958387 202.288860 -30.899208
v -37.576934 202.671461 -20.932485
v -26.919603 205.896800 -26.064785
v -37.576934 202.671461 -20.932485
v -36.958387 202.288860 -30.899208
v -26.919603 191.896800 -26.064785
v -29.440888 195.712857 -37.111252
v -36.258974 195.707393 -30.562389
v -36.258974 195.707393 -30.562389
v -29.440888 195.712857 -37.111252
v -29.649944 202.415211 -38.027188
v -36.958387 202.288860 -30.899208
v -26.919603 205.896800 -26.064785
v -36.958387 202.288860 -30.899208
v -29.649944 202.415211 -38.027188
v -26.919603 191.896800 -26.064785
v -20.302720 195.134475 -34.362095
v -29.440888 195.712857 -37.111252
v -29.440888 195.712857 -37.111252
v -20.302720 195.134475 -34.362095
v -19.693357 202.468200 -35.126212
v -29.649944 202.415211 -38.027188
v -26.919603 205.896800 -26.064785
v -29.649944 202.415211 -38.027188
v -19.693357 202.468200 -35.126212
v -26.919603 191.896800 -26.064785
v -14.876323 195.235607 -26.064785
v -20.302720 195.134475 -34.362095
v -20.302720 195.134475 -34.362095
v -14.876323 195.235607 -26.064785
v -15.107099 202.139988 -26.064785
v -19.693357 202.468200 -35.126212
v -26.919603 205.896800 -26.064785
v -19.693357 202.468200 -35.126212
v -15.107099 202.139988 -26.064785
v -39.945218 194.041800 -38.676778
v -32.891435 197.314524 -29.831613
v -28.910055 197.862661 -38.676778
v -28.910055 197.862661 -38.676778
v -32.891435 197.314524 -29.831613
v -33.606190 204.623003 -30.727888
v -29.436484 204.374197 -38.676778
v -39.945218 208.041800 -38.676778
v -29.436484 204.374197 -38.676778
v -33.606190 204.623003 -30.727888
v -39.945218 194.041800 -38.676778
v -42.384638 197.649481 -27.988980
v -32.891435 197.314524 -29.831613
v -32.891435 197.314524 -29.831613
v -42.384638 197.649481 -27.988980
v -42.301298 204.711704 -28.354119
v -33.606190 204.623003 -30.727888
v -39.945218 208.041800 -38.676778
v -33.606190 204.623003 -30.727888
v -42.301298 204.711704 -28.354119
v -39.945218 194.041800 -38.676778
v -50.301559 197.710457 -33.689427
v -42.384638 197.649481 -27.988980
v -42.384638 197.649481 -27.988980
v -50.301559 197.710457 -33.689427
v -50.249463 204.220909 -33.714515
v -42.301298 204.711704 -28.354119
v -39.945218 208.041800 -38.676778
v -42.301298 204.711704 -28.354119
v -50.249463 204.220909 -33.714515
v -39.945218 194.041800 -38.676778
v -49.611193 197.282326 -43.331666
v -50.301559 197.710457 -33.689427
v -50.301559 197.710457 -33.689427
v -49.611193 197.282326 -43.331666
v -49.624216 204.489946 -43.337937
v -50.249463 204.220909 -33.714515
v -39.945218 208.041800 -38.676778
v -50.249463 204.220909 -33.714515
v -49.624216 204.489946 -43.337937
v -39.945218 194.041800 -38.676778
v -42.202764 197.471931 -48.567733
v -49.611193 197.282326 -43.331666
v -49.611193 197.282326 -43.331666
v -42.202764 197.471931 -48.567733
v -42.625101 204.219921 -50.418111
v -49.624216 204.489946 -43.337937
v -39.945218 208.041800 -38.676778
v -49.624216 204.489946 -43.337937
v -42.625101 204.219921 -50.418111
v -39.945218 194.041800 -38.676778
v -32.790495 197.211400 -47.648517
v -42.202764 197.471931 -48.567733
v -42.202764 197.471931 -48.567733
v -32.790495 197.211400 -47.648517
v -33.279868 204.665866 -47.034862
v -42.625101 204.219921 -50.418111
v -39.945218 208.041800 -38.676778
v -42.625101 204.219921 -50.418111
v -33.279868 204.665866 -47.034862
v -39.945218 194.041800 -38.676778
v -28.910055 197.862661 -38.676778
v -32.790495 197.211400 -47.648517
v -32.790495 197.211400 -47.648517
v -28.910055 197.862661 -38.676778
v -29.436484 204.374197 -38.676778
v -33.279868 204.665866 -47.034862
v -39.945218 208.041800 -38.676778
v -33.279868 204.665866 -47.034862
v -29.436484 204.374197 -38.676778
v 0.000000 192.494118 -0.530992
v -1.717091 193.587159 -0.666857
v 6.454216 201.742596 -28.371815
v 7.055198 201.360032 -28.324262
v 0.000000 194.463800 0.000000
v -1.717091 193.587159 -0.666857
v 0.000000 192.494118 -0.530992
v -1.717091 193.587159 -0.666857
v -1.717091 195.556841 -0.135865
v 6.454216 202.431985 -28.185968
v 6.454216 201.742596 -28.371815
v 0.000000 194.463800 0.000000
v -1.717091 195.556841 -0.135865
v -1.717091 193.587159 -0.666857
v -1.717091 195.556841 -0.135865
v -0.000000 196.433482 0.530992
v 7.055198 202.738810 -27.952568
v 6.454216 202.431985 -28.185968
v 0.000000 194.463800 0.000000
v -0.000000 196.433482 0.530992
v -1.717091 195.556841 -0.135865
v -0.000000 196.433482 0.530992
v 1.717091 195.340441 0.666857
v 7.656180 202.356245 -27.905015
v 7.055198 202.738810 -27.952568
v 0.000000 194.463800 0.000000
v 1.717091 195.340441 0.666857
v -0.000000 196.433482 0.530992
v 1.717091 195.340441 0.666857
v 1.717091 193.370759 0.135865
v 7.656180 201.666856 -28.090862
v 7.656180 202.356245 -27.905015
v 0.000000 194.463800 0.000000
v 1.717091 193.370759 0.135865
v 1.717091 195.340441 0.666857
v 1.717091 193.370759 0.135865
v 0.000000 192.494118 -0.530992
v 7.055198 201.360032 -28.324262
v 7.656180 201.666856 -28.090862
v 0.000000 194.463800 0.000000
v 0.000000 192.494118 -0.530992
v 1.717091 193.370759 0.135865
v 6.972289 201.340331 -28.149070
v 6.418277 201.766758 -28.294072
v 15.244262 201.856082 -58.488278
v 14.769394 202.221591 -58.612566
v 14.698329 201.613800 -58.621698
v 14.769394 202.221591 -58.612566
v 15.244262 201.856082 -58.488278
v 6.418277 201.766758 -28.294072
v 6.501185 202.475848 -28.283418
v 15.173197 201.248291 -58.497411
v 15.244262 201.856082 -58.488278
v 14.698329 201.613800 -58.621698
v 15.244262 201.856082 -58.488278
v 15.173197 201.248291 -58.497411
v 6.501185 202.475848 -28.283418
v 7.138107 202.758511 -28.127761
v 14.627265 201.006009 -58.630831
v 15.173197 201.248291 -58.497411
v 14.698329 201.613800 -58.621698
v 15.173197 201.248291 -58.497411
v 14.627265 201.006009 -58.630831
v 7.138107 202.758511 -28.127761
v 7.692119 202.332083 -27.982758
v 14.152397 201.371518 -58.755119
v 14.627265 201.006009 -58.630831
v 14.698329 201.613800 -58.621698
v 14.627265 201.006009 -58.630831
v 14.152397 201.371518 -58.755119
v 7.692119 202.332083 -27.982758
v 7.609211 201.622993 -27.993413
v 14.223461 201.979309 -58.745986
v 14.152397 201.371518 -58.755119
v 14.698329 201.613800 -58.621698
v 14.152397 201.371518 -58.755119
v 14.223461 201.979309 -58.745986
v 7.609211 201.622993 -27.993413
v 6.972289 201.340331 -28.149070
v 14.769394 202.221591 -58.612566
v 14.223461 201.979309 -58.745986
v 14.698329 201.613800 -58.621698
v 14.223461 201.979309 -58.745986
v 14.769394 202.221591 -58.612566
v 9.112964 191.896800 -36.345453
v 16.095090 195.522939 -27.590145
v 19.329299 195.499324 -36.345453
v 19.329299 195.499324 -36.345453
v 16.095090 195.522939 -27.590145
v 16.344135 202.653571 -27.277852
v 21.405209 202.172210 -36.345453
v 9.112964 205.896800 -36.345453
v 21.405209 202.172210 -36.345453
v 16.344135 202.653571 -27.277852
v 9.112964 191.896800 -36.345453
v 6.828580 195.589219 -26.336911
v 16.095090 195.522939 -27.590145
v 16.095090 195.522939 -27.590145
v 6.828580 195.589219 -26.336911
v 6.595814 202.238861 -25.317098
v 16.344135 202.653571 -27.277852
v 9.112964 205.896800 -36.345453
v 16.344135 202.653571 -27.277852
v 6.595814 202.238861 -25.317098
v 9.112964 191.896800 -36.345453
v -0.054582 195.422871 -31.930595
v 6.828580 195.589219 -26.336911
v 6.828580 195.589219 -26.336911
v -0.054582 195.422871 -31.930595
v -1.955689 202.583153 -31.015070
v 6.595814 202.238861 -25.317098
v 9.112964 205.896800 -36.345453
v 6.595814 202.238861 -25.317098
v -1.955689 202.583153 -31.015070
v 9.112964 191.896800 -36.345453
v -0.162631 195.613257 -40.812344
v -0.054582 195.422871 -31.930595
v -0.054582 195.422871 -31.930595
v -0.162631 195.613257 -40.812344
v -0.040669 202.635698 -40.753610
v -1.955689 202.583153 -31.015070
v 9.112964 205.896800 -36.345453
v -1.955689 202.583153 -31.015070
v -0.040669 202.635698 -40.753610
v 9.112964 191.896800 -36.345453
v 6.404293 195.372208 -48.212918
v -0.162631 195.613257 -40.812344
v -0.162631 195.613257 -40.812344
v 6.404293 195.372208 -48.212918
v 6.528630 202.639811 -47.668161
v -0.040669 202.635698 -40.753610
v 9.112964 205.896800 -36.345453
v -0.040669 202.635698 -40.753610
v 6.528630 202.639811 -47.668161
v 9.112964 191.896800 -36.345453
v 16.234035 195.734457 -45.274993
v 6.404293 195.372208 -48.212918
v 6.404293 195.372208 -48.212918
v 16.234035 195.734457 -45.274993
v 16.477299 202.599830 -45.580037
v 6.528630 202.639811 -47.668161
v 9.112964 205.896800 -36.345453
v 6.528630 202.639811 -47.668161
v 16.477299 202.599830 -45.580037
v 9.112964 191.896800 -36.345453
v 19.329299 195.499324 -36.345453
v 16.234035 195.734457 -45.274993
v 16.234035 195.734457 -45.274993
v 19.329299 195.499324 -36.345453
v 21.405209 202.172210 -36.345453
v 16.477299 202.599830 -45.580037
v 9.112964 205.896800 -36.345453
v 16.477299 202.599830 -45.580037
v 21.405209 202.172210 -36.345453
v 13.522463 194.041800 -53.931963
v 20.739330 197.738360 -44.882297
v 23.898951 197.614140 -53.931963
v 23.898951 197.614140 -53.931963
v 20.739330 197.738360 -44.882297
v 20.009126 204.200544 -45.797944
v 24.205787 204.498119 -53.931963
v 13.522463 208.041800 -53.931963
v 24.205787 204.498119 -53.931963
v 20.009126 204.200544 -45.797944
v 13.522463 194.041800 -53.931963
v 11.062831 197.510649 -43.155609
v 20.739330 197.738360 -44.882297
v 20.739330 197.738360 -44.882297
v 11.062831 197.510649 -43.155609
v 11.063241 204.652366 -43.157408
v 20.009126 204.200544 -45.797944
v 13.522463 208.041800 -53.931963
v 20.009126 204.200544 -45.797944
v 11.063241 204.652366 -43.157408
v 13.522463 194.041800 -53.931963
v 4.203579 197.795664 -49.444225
v 11.062831 197.510649 -43.155609
v 11.062831 197.510649 -43.155609
v 4.203579 197.795664 -49.444225
v 3.453003 204.253034 -49.082766
v 11.063241 204.652366 -43.157408
v 13.522463 208.041800 -53.931963
v 11.063241 204.652366 -43.157408
v 3.453003 204.253034 -49.082766
v 13.522463 194.041800 -53.931963
v 3.829285 197.264587 -58.599951
v 4.203579 197.795664 -49.444225
v 4.203579 197.795664 -49.444225
v 3.829285 197.264587 -58.599951
v 3.046388 204.606172 -58.976974
v 3.453003 204.253034 -49.082766
v 13.522463 208.041800 -53.931963
v 3.453003 204.253034 -49.082766
v 3.046388 204.606172 -58.976974
v 13.522463 194.041800 -53.931963
v 10.809665 197.192148 -65.817508
v 3.829285 197.264587 -58.599951
v 3.829285 197.264587 -58.599951
v 10.809665 197.192148 -65.817508
v 11.121489 204.865232 -64.451319
v 3.046388 204.606172 -58.976974
v 13.522463 208.041800 -53.931963
v 3.046388 204.606172 -58.976974
v 11.121489 204.865232 -64.451319
v 13.522463 194.041800 -53.931963
v 20.731545 197.477294 -62.971865
v 10.809665 197.192148 -65.817508
v 10.809665 197.192148 -65.817508
v 20.731545 197.477294 -62.971865
v 20.630336 204.270757 -62.844954
v 11.121489 204.865232 -64.451319
v 13.522463 208.041800 -53.931963
v 11.121489 204.865232 -64.451319
v 20.630336 204.270757 -62.844954
v 13.522463 194.041800 -53.931963
v 23.898951 197.614140 -53.931963
v 20.731545 197.477294 -62.971865
v 20.731545 197.477294 -62.971865
v 23.898951 197.614140 -53.931963
v 24.205787 204.498119 -53.931963
v 20.630336 204.270757 -62.844954
v 13.522463 208.041800 -53.931963
v 20.630336 204.270757 -62.844954
v 24.205787 204.498119 -53.931963
v 0.559709 194.463800 1.961715
v 0.709645 192.754577 0.858232
v 28.144557 201.451193 -7.658846
v 28.092080 202.049421 -7.272627
v 0.000000 194.463800 0.000000
v 0.709645 192.754577 0.858232
v 0.559709 194.463800 1.961715
v 0.709645 192.754577 0.858232
v 0.149936 192.754577 -1.103484
v 27.948659 201.451193 -8.345446
v 28.144557 201.451193 -7.658846
v 0.000000 194.463800 0.000000
v 0.149936 192.754577 -1.103484
v 0.709645 192.754577 0.858232
v 0.149936 192.754577 -1.103484
v -0.559709 194.463800 -1.961715
v 27.700283 202.049421 -8.645827
v 27.948659 201.451193 -8.345446
v 0.000000 194.463800 0.000000
v -0.559709 194.463800 -1.961715
v 0.149936 192.754577 -1.103484
v -0.559709 194.463800 -1.961715
v -0.709645 196.173023 -0.858232
v 27.647806 202.647649 -8.259608
v 27.700283 202.049421 -8.645827
v 0.000000 194.463800 0.000000
v -0.709645 196.173023 -0.858232
v -0.559709 194.463800 -1.961715
v -0.709645 196.173023 -0.858232
v -0.149936 196.173023 1.103484
v 27.843704 202.647649 -7.573008
v 27.647806 202.647649 -8.259608
v 0.000000 194.463800 0.000000
v -0.149936 196.173023 1.103484
v -0.709645 196.173023 -0.858232
v -0.149936 196.173023 1.103484
v 0.559709 194.463800 1.961715
v 28.092080 202.049421 -7.272627
v 27.843704 202.647649 -7.573008
v 0.000000 194.463800 0.000000
v 0.559709 194.463800 1.961715
v -0.149936 196.173023 1.103484
v 28.089532 201.963954 -7.277239
v 27.964365 201.392851 -7.687081
v 58.058602 202.176574 -16.814990
v 57.951316 201.687057 -17.166283
v 58.117045 201.613800 -16.581723
v 57.951316 201.687057 -17.166283
v 58.058602 202.176574 -16.814990
v 27.964365 201.392851 -7.687081
v 27.771015 201.478317 -8.369069
v 58.224330 202.103317 -16.230430
v 58.058602 202.176574 -16.814990
v 58.117045 201.613800 -16.581723
v 58.058602 202.176574 -16.814990
v 58.224330 202.103317 -16.230430
v 27.771015 201.478317 -8.369069
v 27.702831 202.134887 -8.641215
v 58.282773 201.540543 -15.997162
v 58.224330 202.103317 -16.230430
v 58.117045 201.613800 -16.581723
v 58.224330 202.103317 -16.230430
v 58.282773 201.540543 -15.997162
v 27.702831 202.134887 -8.641215
v 27.827998 202.705990 -8.231373
v 58.175488 201.051026 -16.348455
v 58.282773 201.540543 -15.997162
v 58.117045 201.613800 -16.581723
v 58.282773 201.540543 -15.997162
v 58.175488 201.051026 -16.348455
v 27.827998 202.705990 -8.231373
v 28.021348 202.620524 -7.549385
v 58.009759 201.124283 -16.933016
v 58.175488 201.051026 -16.348455
v 58.117045 201.613800 -16.581723
v 58.175488 201.051026 -16.348455
v 58.009759 201.124283 -16.933016
v 28.021348 202.620524 -7.549385
v 28.089532 201.963954 -7.277239
v 57.951316 201.687057 -17.166283
v 58.009759 201.124283 -16.933016
v 58.117045 201.613800 -16.581723
v 58.009759 201.124283 -16.933016
v 57.951316 201.687057 -17.166283
v 36.032568 191.896800 -10.280668
v 42.905501 195.135273 -1.662282
v 46.623557 195.446644 -10.280668
v 46.623557 195.446644 -10.280668
v 42.905501 195.135273 -1.662282
v 43.447339 202.305082 -0.982839
v 47.227603 202.110728 -10.280668
v 36.032568 205.896800 -10.280668
v 47.227603 202.110728 -10.280668
v 43.447339 202.305082 -0.982839
v 36.032568 191.896800 -10.280668
v 33.328260 195.351827 1.567678
v 42.905501 195.135273 -1.662282
v 42.905501 195.135273 -1.662282
v 33.328260 195.351827 1.567678
v 33.704583 202.425523 -0.081103
v 43.447339 202.305082 -0.982839
v 36.032568 205.896800 -10.280668
v 43.447339 202.305082 -0.982839
v 33.704583 202.425523 -0.081103
v 36.032568 191.896800 -10.280668
v 26.590981 195.445726 -5.733839
v 33.328260 195.351827 1.567678
v 33.328260 195.351827 1.567678
v 26.590981 195.445726 -5.733839
v 25.007979 202.411073 -4.971506
v 33.704583 202.425523 -0.081103
v 36.032568 205.896800 -10.280668
v 33.704583 202.425523 -0.081103
v 25.007979 202.411073 -4.971506
v 36.032568 191.896800 -10.280668
v 25.699387 195.611961 -15.256866
v 26.590981 195.445726 -5.733839
v 26.590981 195.445726 -5.733839
v 25.699387 195.611961 -15.256866
v 26.242692 202.637054 -14.995224
v 25.007979 202.411073 -4.971506
v 36.032568 205.896800 -10.280668
v 25.007979 202.411073 -4.971506
v 26.242692 202.637054 -14.995224
v 36.032568 191.896800 -10.280668
v 33.330219 195.267066 -22.120433
v 25.699387 195.611961 -15.256866
v 25.699387 195.611961 -15.256866
v 33.330219 195.267066 -22.120433
v 33.452088 202.539320 -21.586488
v 26.242692 202.637054 -14.995224
v 36.032568 205.896800 -10.280668
v 26.242692 202.637054 -14.995224
v 33.452088 202.539320 -21.586488
v 36.032568 191.896800 -10.280668
v 43.130429 195.704792 -19.181105
v 33.330219 195.267066 -22.120433
v 33.330219 195.267066 -22.120433
v 43.130429 195.704792 -19.181105
v 42.949881 202.498090 -18.954704
v 33.452088 202.539320 -21.586488
v 36.032568 205.896800 -10.280668
v 33.452088 202.539320 -21.586488
v 42.949881 202.498090 -18.954704
v 36.032568 191.896800 -10.280668
v 46.623557 195.446644 -10.280668
v 43.130429 195.704792 -19.181105
v 43.130429 195.704792 -19.181105
v 46.623557 195.446644 -10.280668
v 47.227603 202.110728 -10.280668
v 42.949881 202.498090 -18.954704
v 36.032568 205.896800 -10.280668
v 42.949881 202.498090 -18.954704
v 47.227603 202.110728 -10.280668
v 53.467681 194.041800 -15.255185
v 60.477843 197.807768 -6.464720
v 64.230725 197.251812 -15.255185
v 64.230725 197.251812 -15.255185
v 60.477843 197.807768 -6.464720
v 60.393364 204.452538 -6.570653
v 64.585824 204.314183 -15.255185
v 53.467681 208.041800 -15.255185
v 64.585824 204.314183 -15.255185
v 60.393364 204.452538 -6.570653
v 53.467681 194.041800 -15.255185
v 50.865354 197.636071 -3.853645
v 60.477843 197.807768 -6.464720
v 60.477843 197.807768 -6.464720
v 50.865354 197.636071 -3.853645
v 51.170265 204.200257 -5.189545
v 60.393364 204.452538 -6.570653
v 53.467681 208.041800 -15.255185
v 60.393364 204.452538 -6.570653
v 51.170265 204.200257 -5.189545
v 53.467681 194.041800 -15.255185
v 42.851595 197.525958 -10.142747
v 50.865354 197.636071 -3.853645
v 50.865354 197.636071 -3.853645
v 42.851595 197.525958 -10.142747
v 44.323763 204.286789 -10.851706
v 51.170265 204.200257 -5.189545
v 53.467681 208.041800 -15.255185
v 51.170265 204.200257 -5.189545
v 44.323763 204.286789 -10.851706
v 53.467681 194.041800 -15.255185
v 44.073536 197.417860 -19.779167
v 42.851595 197.525958 -10.142747
v 42.851595 197.525958 -10.142747
v 44.073536 197.417860 -19.779167
v 43.997034 204.825081 -19.816008
v 44.323763 204.286789 -10.851706
v 53.467681 208.041800 -15.255185
v 44.323763 204.286789 -10.851706
v 43.997034 204.825081 -19.816008
v 53.467681 194.041800 -15.255185
v 51.172903 197.476999 -25.309267
v 44.073536 197.417860 -19.779167
v 44.073536 197.417860 -19.779167
v 51.172903 197.476999 -25.309267
v 50.728383 204.565626 -27.256832
v 43.997034 204.825081 -19.816008
v 53.467681 208.041800 -15.255185
v 43.997034 204.825081 -19.816008
v 50.728383 204.565626 -27.256832
v 53.467681 194.041800 -15.255185
v 59.927833 197.292656 -23.355959
v 51.172903 197.476999 -25.309267
v 51.172903 197.476999 -25.309267
v 59.927833 197.292656 -23.355959
v 60.139101 204.342267 -23.620880
v 50.728383 204.565626 -27.256832
v 53.467681 208.041800 -15.255185
v 50.728383 204.565626 -27.256832
v 60.139101 204.342267 -23.620880
v 53.467681 194.041800 -15.255185
v 64.230725 197.251812 -15.255185
v 59.927833 197.292656 -23.355959
v 59.927833 197.292656 -23.355959
v 64.230725 197.251812 -15.255185
v 64.585824 204.314183 -15.255185
v 60.139101 204.342267 -23.620880
v 53.467681 208.041800 -15.255185
v 60.139101 204.342267 -23.620880
v 64.585824 204.314183 -15.255185
v 0.000000 217.902735 -0.584072
v -1.653551 217.103540 0.303991
v 8.458147 223.230089 23.122171
v 9.036889 223.509807 22.811349
v 0.000000 215.948136 0.000000
v -1.653551 217.103540 0.303991
v 0.000000 217.902735 -0.584072
v -1.653551 217.103540 0.303991
v -1.653551 215.148940 0.888064
v 8.458147 222.545979 23.326597
v 8.458147 223.230089 23.122171
v 0.000000 215.948136 0.000000
v -1.653551 215.148940 0.888064
v -1.653551 217.103540 0.303991
v -1.653551 215.148940 0.888064
v -0.000000 213.993536 0.584072
v 9.036889 222.141587 23.220200
v 8.458147 222.545979 23.326597
v 0.000000 215.948136 0.000000
v -0.000000 213.993536 0.584072
v -1.653551 215.148940 0.888064
v -0.000000 213.993536 0.584072
v 1.653551 214.792731 -0.303991
v 9.615632 222.421306 22.909378
v 9.036889 222.141587 23.220200
v 0.000000 215.948136 0.000000
v 1.653551 214.792731 -0.303991
v -0.000000 213.993536 0.584072
v 1.653551 214.792731 -0.303991
v 1.653551 216.747331 -0.888064
v 9.615632 223.105416 22.704952
v 9.615632 222.421306 22.909378
v 0.000000 215.948136 0.000000
v 1.653551 216.747331 -0.888064
v 1.653551 214.792731 -0.303991
v 1.653551 216.747331 -0.888064
v 0.000000 217.902735 -0.584072
v 9.036889 223.509807 22.811349
v 9.615632 223.105416 22.704952
v 0.000000 215.948136 0.000000
v 0.000000 217.902735 -0.584072
v 1.653551 216.747331 -0.888064
v 8.957327 223.534862 23.039265
v 8.425677 223.108712 23.252668
v 19.350749 222.855551 47.746479
v 18.895049 222.490280 47.929396
v 18.826853 223.098136 47.949530
v 18.895049 222.490280 47.929396
v 19.350749 222.855551 47.746479
v 8.425677 223.108712 23.252668
v 8.505239 222.399548 23.229177
v 19.282553 223.463407 47.766614
v 19.350749 222.855551 47.746479
v 18.826853 223.098136 47.949530
v 19.350749 222.855551 47.746479
v 19.282553 223.463407 47.766614
v 8.505239 222.399548 23.229177
v 9.116452 222.116533 22.992284
v 18.758657 223.705991 47.969665
v 19.282553 223.463407 47.766614
v 18.826853 223.098136 47.949530
v 19.282553 223.463407 47.766614
v 18.758657 223.705991 47.969665
v 9.116452 222.116533 22.992284
v 9.648102 222.542683 22.778881
v 18.302957 223.340720 48.152582
v 18.758657 223.705991 47.969665
v 18.826853 223.098136 47.949530
v 18.758657 223.705991 47.969665
v 18.302957 223.340720 48.152582
v 9.648102 222.542683 22.778881
v 9.568539 223.251847 22.802372
v 18.371153 222.732864 48.132447
v 18.302957 223.340720 48.152582
v 18.826853 223.098136 47.949530
v 18.302957 223.340720 48.152582
v 18.371153 222.732864 48.132447
v 9.568539 223.251847 22.802372
v 8.957327 223.534862 23.039265
v 18.895049 222.490280 47.929396
v 18.371153 222.732864 48.132447
v 18.826853 223.098136 47.949530
v 18.371153 222.732864 48.132447
v 18.895049 222.490280 47.929396
v 11.672649 213.381136 29.728709
v 18.475152 216.671348 38.258778
v 22.710545 217.041226 29.728709
v 22.710545 217.041226 29.728709
v 18.475152 216.671348 38.258778
v 18.476705 223.771450 38.260725
v 23.180270 223.921364 29.728709
v 11.672649 227.381136 29.728709
v 23.180270 223.921364 29.728709
v 18.476705 223.771450 38.260725
v 11.672649 213.381136 29.728709
v 9.033639 216.787907 41.290965
v 18.475152 216.671348 38.258778
v 18.475152 216.671348 38.258778
v 9.033639 216.787907 41.290965
v 9.273265 224.134602 40.241095
v 18.476705 223.771450 38.260725
v 11.672649 227.381136 29.728709
v 18.476705 223.771450 38.260725
v 9.273265 224.134602 40.241095
v 11.672649 213.381136 29.728709
v 0.532524 217.140014 35.093510
v 9.033639 216.787907 41.290965
v 9.033639 216.787907 41.290965
v 0.532524 217.140014 35.093510
v 0.892505 223.890766 34.920153
v 9.273265 224.134602 40.241095
v 11.672649 227.381136 29.728709
v 9.273265 224.134602 40.241095
v 0.892505 223.890766 34.920153
v 11.672649 213.381136 29.728709
v 2.460523 217.191038 25.292383
v 0.532524 217.140014 35.093510
v 0.532524 217.140014 35.093510
v 2.460523 217.191038 25.292383
v 1.742089 223.625006 24.946403
v 0.892505 223.890766 34.920153
v 11.672649 227.381136 29.728709
v 0.892505 223.890766 34.920153
v 1.742089 223.625006 24.946403
v 11.672649 213.381136 29.728709
v 9.147693 216.825153 18.666154
v 2.460523 217.191038 25.292383
v 2.460523 217.191038 25.292383
v 9.147693 216.825153 18.666154
v 9.185889 223.912700 18.833501
v 1.742089 223.625006 24.946403
v 11.672649 227.381136 29.728709
v 1.742089 223.625006 24.946403
v 9.185889 223.912700 18.833501
v 11.672649 213.381136 29.728709
v 18.689335 216.923146 20.930062
v 9.147693 216.825153 18.666154
v 9.147693 216.825153 18.666154
v 18.689335 216.923146 20.930062
v 18.761152 223.794411 20.840007
v 9.185889 223.912700 18.833501
v 11.672649 227.381136 29.728709
v 9.185889 223.912700 18.833501
v 18.761152 223.794411 20.840007
v 11.672649 213.381136 29.728709
v 22.710545 217.041226 29.728709
v 18.689335 216.923146 20.930062
v 18.689335 216.923146 20.930062
v 22.710545 217.041226 29.728709
v 23.180270 223.921364 29.728709
v 18.761152 223.794411 20.840007
v 11.672649 227.381136 29.728709
v 18.761152 223.794411 20.840007
v 23.180270 223.921364 29.728709
v 17.320705 215.526136 44.113568
v 24.607278 219.283126 53.250642
v 27.879957 219.170460 44.113568
v 27.879957 219.170460 44.113568
v 24.607278 219.283126 53.250642
v 24.187179 225.935050 52.723854
v 28.661801 225.715707 44.113568
v 17.320705 229.526136 44.113568
v 28.661801 225.715707 44.113568
v 24.187179 225.935050 52.723854
v 17.320705 215.526136 44.113568
v 14.706757 219.012515 55.566022
v 24.607278 219.283126 53.250642
v 24.607278 219.283126 53.250642
v 14.706757 219.012515 55.566022
v 14.780405 226.178453 55.243350
v 24.187179 225.935050 52.723854
v 17.320705 229.526136 44.113568
v 24.187179 225.935050 52.723854
v 14.780405 226.178453 55.243350
v 17.320705 215.526136 44.113568
v 6.636272 218.771323 49.258919
v 14.706757 219.012515 55.566022
v 14.706757 219.012515 55.566022
v 6.636272 218.771323 49.258919
v 7.199403 225.742233 48.987730
v 14.780405 226.178453 55.243350
v 17.320705 229.526136 44.113568
v 14.780405 226.178453 55.243350
v 7.199403 225.742233 48.987730
v 17.320705 215.526136 44.113568
v 7.471668 219.106661 39.370522
v 6.636272 218.771323 49.258919
v 6.636272 218.771323 49.258919
v 7.471668 219.106661 39.370522
v 7.190130 226.298893 39.234940
v 7.199403 225.742233 48.987730
v 17.320705 229.526136 44.113568
v 7.199403 225.742233 48.987730
v 7.190130 226.298893 39.234940
v 17.320705 215.526136 44.113568
v 14.898593 219.131591 33.501605
v 7.471668 219.106661 39.370522
v 7.471668 219.106661 39.370522
v 14.898593 219.131591 33.501605
v 14.928104 226.161723 33.630897
v 7.190130 226.298893 39.234940
v 17.320705 229.526136 44.113568
v 7.190130 226.298893 39.234940
v 14.928104 226.161723 33.630897
v 17.320705 215.526136 44.113568
v 23.803103 219.357044 35.984898
v 14.898593 219.131591 33.501605
v 14.898593 219.131591 33.501605
v 23.803103 219.357044 35.984898
v 23.888701 226.347797 35.877561
v 14.928104 226.161723 33.630897
v 17.320705 229.526136 44.113568
v 14.928104 226.161723 33.630897
v 23.888701 226.347797 35.877561
v 17.320705 215.526136 44.113568
v 27.879957 219.170460 44.113568
v 23.803103 219.357044 35.984898
v 23.803103 219.357044 35.984898
v 27.879957 219.170460 44.113568
v 28.661801 225.715707 44.113568
v 23.888701 226.347797 35.877561
v 17.320705 229.526136 44.113568
v 23.888701 226.347797 35.877561
v 28.661801 225.715707 44.113568
v 0.000000 217.870152 -0.683705
v -1.412589 216.553539 -1.341521
v -15.908207 223.037589 18.864531
v -15.413801 223.498403 19.094767
v 0.000000 215.948136 0.000000
v -1.412589 216.553539 -1.341521
v 0.000000 217.870152 -0.683705
v -1.412589 216.553539 -1.341521
v -1.412589 214.631522 -0.657817
v -15.908207 222.364883 19.103827
v -15.908207 223.037589 18.864531
v 0.000000 215.948136 0.000000
v -1.412589 214.631522 -0.657817
v -1.412589 216.553539 -1.341521
v -1.412589 214.631522 -0.657817
v -0.000000 214.026119 0.683705
v -15.413801 222.152991 19.573360
v -15.908207 222.364883 19.103827
v 0.000000 215.948136 0.000000
v -0.000000 214.026119 0.683705
v -1.412589 214.631522 -0.657817
v -0.000000 214.026119 0.683705
v 1.412589 215.342732 1.341521
v -14.919395 222.613806 19.803596
v -15.413801 222.152991 19.573360
v 0.000000 215.948136 0.000000
v 1.412589 215.342732 1.341521
v -0.000000 214.026119 0.683705
v 1.412589 215.342732 1.341521
v 1.412589 217.264749 0.657817
v -14.919395 223.286512 19.564299
v -14.919395 222.613806 19.803596
v 0.000000 215.948136 0.000000
v 1.412589 217.264749 0.657817
v 1.412589 215.342732 1.341521
v 1.412589 217.264749 0.657817
v 0.000000 217.870152 -0.683705
v -15.413801 223.498403 19.094767
v -14.919395 223.286512 19.564299
v 0.000000 215.948136 0.000000
v 0.000000 217.870152 -0.683705
v 1.412589 217.264749 0.657817
v -15.480637 223.533810 19.271568
v -15.927253 223.100760 18.921143
v -31.671983 222.862368 40.633230
v -32.054796 222.491182 40.332865
v -32.112085 223.098136 40.279298
v -32.054796 222.491182 40.332865
v -31.671983 222.862368 40.633230
v -15.927253 223.100760 18.921143
v -15.860417 222.392647 18.983638
v -31.729271 223.469321 40.579663
v -31.671983 222.862368 40.633230
v -32.112085 223.098136 40.279298
v -31.671983 222.862368 40.633230
v -31.729271 223.469321 40.579663
v -15.860417 222.392647 18.983638
v -15.346964 222.117585 19.396558
v -32.169373 223.705089 40.225731
v -31.729271 223.469321 40.579663
v -32.112085 223.098136 40.279298
v -31.729271 223.469321 40.579663
v -32.169373 223.705089 40.225731
v -15.346964 222.117585 19.396558
v -14.900348 222.550635 19.746983
v -32.552187 223.333903 39.925366
v -32.169373 223.705089 40.225731
v -32.112085 223.098136 40.279298
v -32.169373 223.705089 40.225731
v -32.552187 223.333903 39.925366
v -14.900348 222.550635 19.746983
v -14.967185 223.258747 19.684488
v -32.494899 222.726950 39.978934
v -32.552187 223.333903 39.925366
v -32.112085 223.098136 40.279298
v -32.552187 223.333903 39.925366
v -32.494899 222.726950 39.978934
v -14.967185 223.258747 19.684488
v -15.480637 223.533810 19.271568
v -32.054796 222.491182 40.332865
v -32.494899 222.726950 39.978934
v -32.112085 223.098136 40.279298
v -32.494899 222.726950 39.978934
v -32.054796 222.491182 40.332865
v -19.909493 213.381136 24.973165
v -13.544552 217.004574 32.954548
v -8.090066 216.984093 24.973165
v -8.090066 216.984093 24.973165
v -13.544552 217.004574 32.954548
v -13.054496 223.730591 33.569059
v -9.545239 224.185336 24.973165
v -19.909493 227.381136 24.973165
v -9.545239 224.185336 24.973165
v -13.054496 223.730591 33.569059
v -19.909493 213.381136 24.973165
v -22.219545 216.536122 35.094166
v -13.544552 217.004574 32.954548
v -13.544552 217.004574 32.954548
v -22.219545 216.536122 35.094166
v -22.189279 223.860187 34.961562
v -13.054496 223.730591 33.569059
v -19.909493 227.381136 24.973165
v -13.054496 223.730591 33.569059
v -22.189279 223.860187 34.961562
v -19.909493 213.381136 24.973165
v -30.370248 216.934691 30.010799
v -22.219545 216.536122 35.094166
v -22.219545 216.536122 35.094166
v -30.370248 216.934691 30.010799
v -29.505652 223.577065 29.594432
v -22.189279 223.860187 34.961562
v -19.909493 227.381136 24.973165
v -22.189279 223.860187 34.961562
v -29.505652 223.577065 29.594432
v -19.909493 213.381136 24.973165
v -29.308284 217.006881 20.446945
v -30.370248 216.934691 30.010799
v -30.370248 216.934691 30.010799
v -29.308284 217.006881 20.446945
v -30.016100 223.978709 20.106079
v -29.505652 223.577065 29.594432
v -19.909493 227.381136 24.973165
v -29.505652 223.577065 29.594432
v -30.016100 223.978709 20.106079
v -19.909493 213.381136 24.973165
v -22.629605 217.095659 13.055574
v -29.308284 217.006881 20.446945
v -29.308284 217.006881 20.446945
v -22.629605 217.095659 13.055574
v -22.559733 223.679438 13.361702
v -30.016100 223.978709 20.106079
v -19.909493 227.381136 24.973165
v -30.016100 223.978709 20.106079
v -22.559733 223.679438 13.361702
v -19.909493 213.381136 24.973165
v -12.571793 217.074925 15.771981
v -22.629605 217.095659 13.055574
v -22.629605 217.095659 13.055574
v -12.571793 217.074925 15.771981
v -12.374132 224.217823 15.524121
v -22.559733 223.679438 13.361702
v -19.909493 227.381136 24.973165
v -22.559733 223.679438 13.361702
v -12.374132 224.217823 15.524121
v -19.909493 213.381136 24.973165
v -8.090066 216.984093 24.973165
v -12.571793 217.074925 15.771981
v -12.571793 217.074925 15.771981
v -8.090066 216.984093 24.973165
v -9.545239 224.185336 24.973165
v -12.374132 224.217823 15.524121
v -19.909493 227.381136 24.973165
v -12.374132 224.217823 15.524121
v -9.545239 224.185336 24.973165
v -29.543118 215.526136 37.056954
v -22.815415 219.018026 45.493227
v -17.861363 218.851177 37.056954
v -17.861363 218.851177 37.056954
v -22.815415 219.018026 45.493227
v -22.040997 225.735336 46.464317
v -17.676275 225.913271 37.056954
v -29.543118 229.526136 37.056954
v -17.676275 225.913271 37.056954
v -22.040997 225.735336 46.464317
v -29.543118 215.526136 37.056954
v -32.140016 219.126379 48.434709
v -22.815415 219.018026 45.493227
v -22.815415 219.018026 45.493227
v -32.140016 219.126379 48.434709
v -32.035717 226.356112 47.977743
v -22.040997 225.735336 46.464317
v -29.543118 229.526136 37.056954
v -22.040997 225.735336 46.464317
v -32.035717 226.356112 47.977743
v -29.543118 215.526136 37.056954
v -39.372099 218.721677 41.790342
v -32.140016 219.126379 48.434709
v -32.140016 219.126379 48.434709
v -39.372099 218.721677 41.790342
v -39.856548 226.184781 42.023640
v -32.035717 226.356112 47.977743
v -29.543118 229.526136 37.056954
v -32.035717 226.356112 47.977743
v -39.856548 226.184781 42.023640
v -29.543118 215.526136 37.056954
v -40.252012 218.756190 31.899823
v -39.372099 218.721677 41.790342
v -39.372099 218.721677 41.790342
v -40.252012 218.756190 31.899823
v -38.985005 226.185983 32.509981
v -39.856548 226.184781 42.023640
v -29.543118 229.526136 37.056954
v -39.856548 226.184781 42.023640
v -38.985005 226.185983 32.509981
v -29.543118 215.526136 37.056954
v -31.901110 219.087719 26.725917
v -40.252012 218.756190 31.899823
v -40.252012 218.756190 31.899823
v -31.901110 219.087719 26.725917
v -32.089388 225.853923 25.901019
v -38.985005 226.185983 32.509981
v -29.543118 229.526136 37.056954
v -38.985005 226.185983 32.509981
v -32.089388 225.853923 25.901019
v -29.543118 215.526136 37.056954
v -23.153217 219.241052 29.044272
v -31.901110 219.087719 26.725917
v -31.901110 219.087719 26.725917
v -23.153217 219.241052 29.044272
v -22.474836 226.258919 28.193609
v -32.089388 225.853923 25.901019
v -29.543118 229.526136 37.056954
v -32.089388 225.853923 25.901019
v -22.474836 226.258919 28.193609
v -29.543118 215.526136 37.056954
v -17.861363 218.851177 37.056954
v -23.153217 219.241052 29.044272
v -23.153217 219.241052 29.044272
v -17.861363 218.851177 37.056954
v -17.676275 225.913271 37.056954
v -22.474836 226.258919 28.193609
v -29.543118 229.526136 37.056954
v -22.474836 226.258919 28.193609
v -17.676275 225.913271 37.056954
v 0.303753 215.948136 -2.017259
v -0.316274 214.246059 -1.079122
v -24.561386 222.229970 -4.059404
v -24.344377 222.825697 -4.387752
v 0.000000 215.948136 0.000000
v -0.316274 214.246059 -1.079122
v 0.303753 215.948136 -2.017259
v -0.316274 214.246059 -1.079122
v -0.620027 214.246059 0.938137
v -24.667700 222.229970 -3.353364
v -24.561386 222.229970 -4.059404
v 0.000000 215.948136 0.000000
v -0.620027 214.246059 0.938137
v -0.316274 214.246059 -1.079122
v -0.620027 214.246059 0.938137
v -0.303753 215.948136 2.017259
v -24.557004 222.825697 -2.975671
v -24.667700 222.229970 -3.353364
v 0.000000 215.948136 0.000000
v -0.303753 215.948136 2.017259
v -0.620027 214.246059 0.938137
v -0.303753 215.948136 2.017259
v 0.316274 217.650212 1.079122
v -24.339994 223.421424 -3.304019
v -24.557004 222.825697 -2.975671
v 0.000000 215.948136 0.000000
v 0.316274 217.650212 1.079122
v -0.303753 215.948136 2.017259
v 0.316274 217.650212 1.079122
v 0.620027 217.650212 -0.938137
v -24.233681 223.421424 -4.010059
v -24.339994 223.421424 -3.304019
v 0.000000 215.948136 0.000000
v 0.620027 217.650212 -0.938137
v 0.316274 217.650212 1.079122
v 0.620027 217.650212 -0.938137
v 0.303753 215.948136 -2.017259
v -24.344377 222.825697 -4.387752
v -24.233681 223.421424 -4.010059
v 0.000000 215.948136 0.000000
v 0.303753 215.948136 -2.017259
v 0.620027 217.650212 -0.938137
v -24.346001 222.740227 -4.382804
v -24.415541 222.169099 -3.959990
v -50.969066 223.660934 -7.431708
v -51.028672 223.171396 -7.069296
v -50.938938 223.098136 -7.670232
v -51.028672 223.171396 -7.069296
v -50.969066 223.660934 -7.431708
v -24.415541 222.169099 -3.959990
v -24.520231 222.254569 -3.258897
v -50.879332 223.587674 -8.032645
v -50.969066 223.660934 -7.431708
v -50.938938 223.098136 -7.670232
v -50.969066 223.660934 -7.431708
v -50.879332 223.587674 -8.032645
v -24.520231 222.254569 -3.258897
v -24.555380 222.911167 -2.980619
v -50.849204 223.024875 -8.271169
v -50.879332 223.587674 -8.032645
v -50.938938 223.098136 -7.670232
v -50.879332 223.587674 -8.032645
v -50.849204 223.024875 -8.271169
v -24.555380 222.911167 -2.980619
v -24.485839 223.482296 -3.403433
v -50.908810 222.535337 -7.908756
v -50.849204 223.024875 -8.271169
v -50.938938 223.098136 -7.670232
v -50.849204 223.024875 -8.271169
v -50.908810 222.535337 -7.908756
v -24.485839 223.482296 -3.403433
v -24.381150 223.396826 -4.104526
v -50.998544 222.608597 -7.307820
v -50.908810 222.535337 -7.908756
v -50.938938 223.098136 -7.670232
v -50.908810 222.535337 -7.908756
v -50.998544 222.608597 -7.307820
v -24.381150 223.396826 -4.104526
v -24.346001 222.740227 -4.382804
v -51.028672 223.171396 -7.069296
v -50.998544 222.608597 -7.307820
v -50.938938 223.098136 -7.670232
v -50.998544 222.608597 -7.307820
v -51.028672 223.171396 -7.069296
v -31.582142 213.381136 -4.755544
v -24.314174 216.892109 4.358199
v -21.257190 216.679170 -4.755544
v -21.257190 216.679170 -4.755544
v -24.314174 216.892109 4.358199
v -24.374352 223.926539 4.282738
v -21.442695 224.108598 -4.755544
v -31.582142 227.381136 -4.755544
v -21.442695 224.108598 -4.755544
v -24.374352 223.926539 4.282738
v -31.582142 213.381136 -4.755544
v -34.220366 216.757510 6.803274
v -24.314174 216.892109 4.358199
v -24.314174 216.892109 4.358199
v -34.220366 216.757510 6.803274
v -33.965085 224.024925 5.684814
v -24.374352 223.926539 4.282738
v -31.582142 227.381136 -4.755544
v -24.374352 223.926539 4.282738
v -33.965085 224.024925 5.684814
v -31.582142 213.381136 -4.755544
v -42.111875 216.887615 0.315308
v -34.220366 216.757510 6.803274
v -34.220366 216.757510 6.803274
v -42.111875 216.887615 0.315308
v -42.243106 223.828095 0.378506
v -33.965085 224.024925 5.684814
v -31.582142 227.381136 -4.755544
v -33.965085 224.024925 5.684814
v -42.243106 223.828095 0.378506
v -31.582142 213.381136 -4.755544
v -40.754678 217.072187 -9.172805
v -42.111875 216.887615 0.315308
v -42.111875 216.887615 0.315308
v -40.754678 217.072187 -9.172805
v -41.238577 223.914674 -9.405838
v -42.243106 223.828095 0.378506
v -31.582142 227.381136 -4.755544
v -42.243106 223.828095 0.378506
v -41.238577 223.914674 -9.405838
v -31.582142 213.381136 -4.755544
v -34.215186 217.150117 -16.291667
v -40.754678 217.072187 -9.172805
v -40.754678 217.072187 -9.172805
v -34.215186 217.150117 -16.291667
v -34.288935 223.794131 -16.614780
v -41.238577 223.914674 -9.405838
v -31.582142 227.381136 -4.755544
v -41.238577 223.914674 -9.405838
v -34.288935 223.794131 -16.614780
v -31.582142 213.381136 -4.755544
v -25.172115 216.600674 -12.793462
v -34.215186 217.150117 -16.291667
v -34.215186 217.150117 -16.291667
v -25.172115 216.600674 -12.793462
v -24.664156 223.803275 -13.430423
v -34.288935 223.794131 -16.614780
v -31.582142 227.381136 -4.755544
v -34.288935 223.794131 -16.614780
v -24.664156 223.803275 -13.430423
v -31.582142 213.381136 -4.755544
v -21.257190 216.679170 -4.755544
v -25.172115 216.600674 -12.793462
v -25.172115 216.600674 -12.793462
v -21.257190 216.679170 -4.755544
v -21.442695 224.108598 -4.755544
v -24.664156 223.803275 -13.430423
v -31.582142 227.381136 -4.755544
v -24.664156 223.803275 -13.430423
v -21.442695 224.108598 -4.755544
v -46.863823 215.526136 -7.056614
v -39.680718 218.886023 1.950715
v -36.652962 219.094792 -7.056614
v -36.652962 219.094792 -7.056614
v -39.680718 218.886023 1.950715
v -40.018239 225.882915 1.527478
v -35.934086 225.859261 -7.056614
v -46.863823 229.526136 -7.056614
v -35.934086 225.859261 -7.056614
v -40.018239 225.882915 1.527478
v -46.863823 215.526136 -7.056614
v -49.357031 219.147707 3.866846
v -39.680718 218.886023 1.950715
v -39.680718 218.886023 1.950715
v -49.357031 219.147707 3.866846
v -49.594179 226.027064 4.905857
v -40.018239 225.882915 1.527478
v -46.863823 229.526136 -7.056614
v -40.018239 225.882915 1.527478
v -49.594179 226.027064 4.905857
v -46.863823 215.526136 -7.056614
v -56.597370 219.070805 -2.369184
v -49.357031 219.147707 3.866846
v -49.357031 219.147707 3.866846
v -56.597370 219.070805 -2.369184
v -57.895438 225.698172 -1.744068
v -49.594179 226.027064 4.905857
v -46.863823 229.526136 -7.056614
v -49.594179 226.027064 4.905857
v -57.895438 225.698172 -1.744068
v -46.863823 215.526136 -7.056614
v -57.793095 218.796266 -12.319874
v -56.597370 219.070805 -2.369184
v -56.597370 219.070805 -2.369184
v -57.793095 218.796266 -12.319874
v -56.418421 226.253647 -11.657865
v -57.895438 225.698172 -1.744068
v -46.863823 229.526136 -7.056614
v -57.895438 225.698172 -1.744068
v -56.418421 226.253647 -11.657865
v -46.863823 215.526136 -7.056614
v -49.146609 218.849319 -17.058153
v -57.793095 218.796266 -12.319874
v -57.793095 218.796266 -12.319874
v -49.146609 218.849319 -17.058153
v -49.379702 226.317536 -18.079402
v -56.418421 226.253647 -11.657865
v -46.863823 229.526136 -7.056614
v -56.418421 226.253647 -11.657865
v -49.379702 226.317536 -18.079402
v -46.863823 215.526136 -7.056614
v -39.731763 218.818541 -15.999933
v -49.146609 218.849319 -17.058153
v -49.146609 218.849319 -17.058153
v -39.731763 218.818541 -15.999933
v -39.191108 226.210832 -16.677894
v -49.379702 226.317536 -18.079402
v -46.863823 229.526136 -7.056614
v -49.379702 226.317536 -18.079402
v -39.191108 226.210832 -16.677894
v -46.863823 215.526136 -7.056614
v -36.652962 219.094792 -7.056614
v -39.731763 218.818541 -15.999933
v -39.731763 218.818541 -15.999933
v -36.652962 219.094792 -7.056614
v -35.934086 225.859261 -7.056614
v -39.191108 226.210832 -16.677894
v -46.863823 229.526136 -7.056614
v -39.191108 226.210832 -16.677894
v -35.934086 225.859261 -7.056614
v 0.000000 213.993536 -0.584072
v -1.653551 214.792731 0.303991
v -9.615632 222.421306 -22.909378
v -9.036889 222.141587 -23.220200
v 0.000000 215.948136 0.000000
v -1.653551 214.792731 0.303991
v 0.000000 213.993536 -0.584072
v -1.653551 214.792731 0.303991
v -1.653551 216.747331 0.888064
v -9.615632 223.105416 -22.704952
v -9.615632 222.421306 -22.909378
v 0.000000 215.948136 0.000000
v -1.653551 216.747331 0.888064
v -1.653551 214.792731 0.303991
v -1.653551 216.747331 0.888064
v -0.000000 217.902735 0.584072
v -9.036889 223.509807 -22.811349
v -9.615632 223.105416 -22.704952
v 0.000000 215.948136 0.000000
v -0.000000 217.902735 0.584072
v -1.653551 216.747331 0.888064
v -0.000000 217.902735 0.584072
v 1.653551 217.103540 -0.303991
v -8.458147 223.230089 -23.122171
v -9.036889 223.509807 -22.811349
v 0.000000 215.948136 0.000000
v 1.653551 217.103540 -0.303991
v -0.000000 217.902735 0.584072
v 1.653551 217.103540 -0.303991
v 1.653551 215.148940 -0.888064
v -8.458147 222.545979 -23.326597
v -8.458147 223.230089 -23.122171
v 0.000000 215.948136 0.000000
v 1.653551 215.148940 -0.888064
v 1.653551 217.103540 -0.303991
v 1.653551 215.148940 -0.888064
v 0.000000 213.993536 -0.584072
v -9.036889 222.141587 -23.220200
v -8.458147 222.545979 -23.326597
v 0.000000 215.948136 0.000000
v 0.000000 213.993536 -0.584072
v 1.653551 215.148940 -0.888064
v -9.116452 222.116533 -22.992284
v -9.648102 222.542683 -22.778881
v -18.302957 223.340720 -48.152582
v -18.758657 223.705991 -47.969665
v -18.826853 223.098136 -47.949530
v -18.758657 223.705991 -47.969665
v -18.302957 223.340720 -48.152582
v -9.648102 222.542683 -22.778881
v -9.568539 223.251847 -22.802372
v -18.371153 222.732864 -48.132447
v -18.302957 223.340720 -48.152582
v -18.826853 223.098136 -47.949530
v -18.302957 223.340720 -48.152582
v -18.371153 222.732864 -48.132447
v -9.568539 223.251847 -22.802372
v -8.957327 223.534862 -23.039265
v -18.895049 222.490280 -47.929396
v -18.371153 222.732864 -48.132447
v -18.826853 223.098136 -47.949530
v -18.371153 222.732864 -48.132447
v -18.895049 222.490280 -47.929396
v -8.957327 223.534862 -23.039265
v -8.425677 223.108712 -23.252668
v -19.350749 222.855551 -47.746479
v -18.895049 222.490280 -47.929396
v -18.826853 223.098136 -47.949530
v -18.895049 222.490280 -47.929396
v -19.350749 222.855551 -47.746479
v -8.425677 223.108712 -23.252668
v -8.505239 222.399548 -23.229177
v -19.282553 223.463407 -47.766614
v -19.350749 222.855551 -47.746479
v -18.826853 223.098136 -47.949530
v -19.350749 222.855551 -47.746479
v -19.282553 223.463407 -47.766614
v -8.505239 222.399548 -23.229177
v -9.116452 222.116533 -22.992284
v -18.758657 223.705991 -47.969665
v -19.282553 223.463407 -47.766614
v -18.826853 223.098136 -47.949530
v -19.282553 223.463407 -47.766614
v -18.758657 223.705991 -47.969665
v -11.672649 213.381136 -29.728709
v -4.755028 217.185129 -21.054286
v -0.633396 216.754598 -29.728709
v -0.633396 216.754598 -29.728709
v -4.755028 217.185129 -21.054286
v -4.776460 224.203031 -21.081162
v -0.653679 223.772741 -29.728709
v -11.672649 227.381136 -29.728709
v -0.653679 223.772741 -29.728709
v -4.776460 224.203031 -21.081162
v -11.672649 213.381136 -29.728709
v -14.239610 217.016586 -18.482117
v -4.755028 217.185129 -21.054286
v -4.755028 217.185129 -21.054286
v -14.239610 217.016586 -18.482117
v -14.170786 223.645675 -18.783655
v -4.776460 224.203031 -21.081162
v -11.672649 227.381136 -29.728709
v -4.776460 224.203031 -21.081162
v -14.170786 223.645675 -18.783655
v -11.672649 213.381136 -29.728709
v -21.798374 217.160413 -24.852417
v -14.239610 217.016586 -18.482117
v -14.239610 217.016586 -18.482117
v -21.798374 217.160413 -24.852417
v -21.643779 223.953699 -24.926866
v -14.170786 223.645675 -18.783655
v -11.672649 227.381136 -29.728709
v -14.170786 223.645675 -18.783655
v -21.643779 223.953699 -24.926866
v -11.672649 213.381136 -29.728709
v -21.838321 216.678366 -34.624239
v -21.798374 217.160413 -24.852417
v -21.798374 217.160413 -24.852417
v -21.838321 216.678366 -34.624239
v -21.959970 223.955420 -34.682822
v -21.643779 223.953699 -24.926866
v -11.672649 227.381136 -29.728709
v -21.643779 223.953699 -24.926866
v -21.959970 223.955420 -34.682822
v -11.672649 213.381136 -29.728709
v -14.045762 217.139946 -40.125996
v -21.838321 216.678366 -34.624239
v -21.838321 216.678366 -34.624239
v -14.045762 217.139946 -40.125996
v -13.992798 223.532749 -39.893945
v -21.959970 223.955420 -34.682822
v -11.672649 227.381136 -29.728709
v -21.959970 223.955420 -34.682822
v -13.992798 223.532749 -39.893945
v -11.672649 213.381136 -29.728709
v -4.182004 217.080544 -39.121681
v -14.045762 217.139946 -40.125996
v -14.045762 217.139946 -40.125996
v -4.182004 217.080544 -39.121681
v -5.084603 223.708327 -37.989857
v -13.992798 223.532749 -39.893945
v -11.672649 227.381136 -29.728709
v -13.992798 223.532749 -39.893945
v -5.084603 223.708327 -37.989857
v -11.672649 213.381136 -29.728709
v -0.633396 216.754598 -29.728709
v -4.182004 217.080544 -39.121681
v -4.182004 217.080544 -39.121681
v -0.633396 216.754598 -29.728709
v -0.653679 223.772741 -29.728709
v -5.084603 223.708327 -37.989857
v -11.672649 227.381136 -29.728709
v -5.084603 223.708327 -37.989857
v -0.653679 223.772741 -29.728709
v -17.320705 215.526136 -44.113568
v -10.149574 219.296505 -35.121254
v -5.091909 218.939928 -44.113568
v -5.091909 218.939928 -44.113568
v -10.149574 219.296505 -35.121254
v -10.913132 225.925003 -36.078726
v -5.869133 226.027495 -44.113568
v -17.320705 229.526136 -44.113568
v -5.869133 226.027495 -44.113568
v -10.913132 225.925003 -36.078726
v -17.320705 215.526136 -44.113568
v -19.746868 218.821994 -33.483853
v -10.149574 219.296505 -35.121254
v -10.149574 219.296505 -35.121254
v -19.746868 218.821994 -33.483853
v -19.762641 226.077923 -33.414746
v -10.913132 225.925003 -36.078726
v -17.320705 229.526136 -44.113568
v -10.913132 225.925003 -36.078726
v -19.762641 226.077923 -33.414746
v -17.320705 215.526136 -44.113568
v -28.197608 219.011040 -38.875527
v -19.746868 218.821994 -33.483853
v -19.746868 218.821994 -33.483853
v -28.197608 219.011040 -38.875527
v -26.738132 226.312109 -39.578374
v -19.762641 226.077923 -33.414746
v -17.320705 229.526136 -44.113568
v -19.762641 226.077923 -33.414746
v -26.738132 226.312109 -39.578374
v -17.320705 215.526136 -44.113568
v -27.148719 218.860912 -48.846490
v -28.197608 219.011040 -38.875527
v -28.197608 219.011040 -38.875527
v -27.148719 218.860912 -48.846490
v -28.300837 226.061526 -49.401321
v -26.738132 226.312109 -39.578374
v -17.320705 229.526136 -44.113568
v -26.738132 226.312109 -39.578374
v -28.300837 226.061526 -49.401321
v -17.320705 215.526136 -44.113568
v -19.576371 219.227568 -53.996286
v -27.148719 218.860912 -48.846490
v -27.148719 218.860912 -48.846490
v -19.576371 219.227568 -53.996286
v -19.605145 226.268652 -54.122354
v -28.300837 226.061526 -49.401321
v -17.320705 229.526136 -44.113568
v -28.300837 226.061526 -49.401321
v -19.605145 226.268652 -54.122354
v -17.320705 215.526136 -44.113568
v -10.753475 218.982032 -52.348614
v -19.576371 219.227568 -53.996286
v -19.576371 219.227568 -53.996286
v -10.753475 218.982032 -52.348614
v -10.733369 226.278742 -52.373826
v -19.605145 226.268652 -54.122354
v -17.320705 229.526136 -44.113568
v -19.605145 226.268652 -54.122354
v -10.733369 226.278742 -52.373826
v -17.320705 215.526136 -44.113568
v -5.091909 218.939928 -44.113568
v -10.753475 218.982032 -52.348614
v -10.753475 218.982032 -52.348614
v -5.091909 218.939928 -44.113568
v -5.869133 226.027495 -44.113568
v -10.733369 226.278742 -52.373826
v -17.320705 229.526136 -44.113568
v -10.733369 226.278742 -52.373826
v -5.869133 226.027495 -44.113568
v 0.000000 214.026119 -0.683705
v -1.412589 215.342732 -1.341521
v 14.919395 222.613806 -19.803596
v 15.413801 222.152991 -19.573360
v 0.000000 215.948136 0.000000
v -1.412589 215.342732 -1.341521
v 0.000000 214.026119 -0.683705
v -1.412589 215.342732 -1.341521
v -1.412589 217.264749 -0.657817
v 14.919395 223.286512 -19.564299
v 14.919395 222.613806 -19.803596
v 0.000000 215.948136 0.000000
v -1.412589 217.264749 -0.657817
v -1.412589 215.342732 -1.341521
v -1.412589 217.264749 -0.657817
v -0.000000 217.870152 0.683705
v 15.413801 223.498403 -19.094767
v 14.919395 223.286512 -19.564299
v 0.000000 215.948136 0.000000
v -0.000000 217.870152 0.683705
v -1.412589 217.264749 -0.657817
v -0.000000 217.870152 0.683705
v 1.412589 216.553539 1.341521
v 15.908207 223.037589 -18.864531
v 15.413801 223.498403 -19.094767
v 0.000000 215.948136 0.000000
v 1.412589 216.553539 1.341521
v -0.000000 217.870152 0.683705
v 1.412589 216.553539 1.341521
v 1.412589 214.631522 0.657817
v 15.908207 222.364883 -19.103827
v 15.908207 223.037589 -18.864531
v 0.000000 215.948136 0.000000
v 1.412589 214.631522 0.657817
v 1.412589 216.553539 1.341521
v 1.412589 214.631522 0.657817
v 0.000000 214.026119 -0.683705
v 15.413801 222.152991 -19.573360
v 15.908207 222.364883 -19.103827
v 0.000000 215.948136 0.000000
v 0.000000 214.026119 -0.683705
v 1.412589 214.631522 0.657817
v 15.346964 222.117585 -19.396558
v 14.900348 222.550635 -19.746983
v 32.552187 223.333903 -39.925366
v 32.169373 223.705089 -40.225731
v 32.112085 223.098136 -40.279298
v 32.169373 223.705089 -40.225731
v 32.552187 223.333903 -39.925366
v 14.900348 222.550635 -19.746983
v 14.967185 223.258747 -19.684488
v 32.494899 222.726950 -39.978934
v 32.552187 223.333903 -39.925366
v 32.112085 223.098136 -40.279298
v 32.552187 223.333903 -39.925366
v 32.494899 222.726950 -39.978934
v 14.967185 223.258747 -19.684488
v 15.480637 223.533810 -19.271568
v 32.054796 222.491182 -40.332865
v 32.494899 222.726950 -39.978934
v 32.112085 223.098136 -40.279298
v 32.494899 222.726950 -39.978934
v 32.054796 222.491182 -40.332865
v 15.480637 223.533810 -19.271568
v 15.927253 223.100760 -18.921143
v 31.671983 222.862368 -40.633230
v 32.054796 222.491182 -40.332865
v 32.112085 223.098136 -40.279298
v 32.054796 222.491182 -40.332865
v 31.671983 222.862368 -40.633230
v 15.927253 223.100760 -18.921143
v 15.860417 222.392647 -18.983638
v 31.729271 223.469321 -40.579663
v 31.671983 222.862368 -40.633230
v 32.112085 223.098136 -40.279298
v 31.671983 222.862368 -40.633230
v 31.729271 223.469321 -40.579663
v 15.860417 222.392647 -18.983638
v 15.346964 222.117585 -19.396558
v 32.169373 223.705089 -40.225731
v 31.729271 223.469321 -40.579663
v 32.112085 223.098136 -40.279298
v 31.729271 223.469321 -40.579663
v 32.169373 223.705089 -40.225731
v 19.909493 213.381136 -24.973165
v 26.278799 217.198187 -16.986307
v 31.601951 217.116938 -24.973165
v 31.601951 217.116938 -24.973165
v 26.278799 217.198187 -16.986307
v 27.406602 223.831009 -15.572087
v 31.490894 224.167518 -24.973165
v 19.909493 227.381136 -24.973165
v 31.490894 224.167518 -24.973165
v 27.406602 223.831009 -15.572087
v 19.909493 213.381136 -24.973165
v 17.423266 217.155950 -14.080296
v 26.278799 217.198187 -16.986307
v 26.278799 217.198187 -16.986307
v 17.423266 217.155950 -14.080296
v 17.450761 223.762240 -14.200759
v 27.406602 223.831009 -15.572087
v 19.909493 227.381136 -24.973165
v 27.406602 223.831009 -15.572087
v 17.450761 223.762240 -14.200759
v 19.909493 213.381136 -24.973165
v 9.272814 217.032749 -19.850810
v 17.423266 217.155950 -14.080296
v 17.423266 217.155950 -14.080296
v 9.272814 217.032749 -19.850810
v 9.156639 224.044839 -19.794863
v 17.450761 223.762240 -14.200759
v 19.909493 227.381136 -24.973165
v 17.450761 223.762240 -14.200759
v 9.156639 224.044839 -19.794863
v 19.909493 213.381136 -24.973165
v 9.620915 216.974503 -29.927883
v 9.272814 217.032749 -19.850810
v 9.272814 217.032749 -19.850810
v 9.620915 216.974503 -29.927883
v 10.200150 224.171890 -29.648938
v 9.156639 224.044839 -19.794863
v 19.909493 227.381136 -24.973165
v 9.156639 224.044839 -19.794863
v 10.200150 224.171890 -29.648938
v 19.909493 213.381136 -24.973165
v 17.463541 216.680856 -35.689578
v 9.620915 216.974503 -29.927883
v 9.620915 216.974503 -29.927883
v 17.463541 216.680856 -35.689578
v 17.225423 223.651023 -36.732844
v 10.200150 224.171890 -29.648938
v 19.909493 227.381136 -24.973165
v 10.200150 224.171890 -29.648938
v 17.225423 223.651023 -36.732844
v 19.909493 213.381136 -24.973165
v 26.374564 217.144502 -33.080107
v 17.463541 216.680856 -35.689578
v 17.463541 216.680856 -35.689578
v 26.374564 217.144502 -33.080107
v 26.710407 223.958557 -33.501242
v 17.225423 223.651023 -36.732844
v 19.909493 227.381136 -24.973165
v 17.225423 223.651023 -36.732844
v 26.710407 223.958557 -33.501242
v 19.909493 213.381136 -24.973165
v 31.601951 217.116938 -24.973165
v 26.374564 217.144502 -33.080107
v 26.374564 217.144502 -33.080107
v 31.601951 217.116938 -24.973165
v 31.490894 224.167518 -24.973165
v 26.710407 223.958557 -33.501242
v 19.909493 227.381136 -24.973165
v 26.710407 223.958557 -33.501242
v 31.490894 224.167518 -24.973165
v 29.543118 215.526136 -37.056954
v 36.912996 219.202662 -27.815420
v 40.755584 218.980220 -37.056954
v 40.755584 218.980220 -37.056954
v 36.912996 219.202662 -27.815420
v 37.057831 225.805920 -27.633803
v 40.356385 226.053192 -37.056954
v 29.543118 229.526136 -37.056954
v 40.356385 226.053192 -37.056954
v 37.057831 225.805920 -27.633803
v 29.543118 215.526136 -37.056954
v 27.253070 219.273957 -27.023598
v 36.912996 219.202662 -27.815420
v 36.912996 219.202662 -27.815420
v 27.253070 219.273957 -27.023598
v 27.283592 225.739208 -27.157322
v 37.057831 225.805920 -27.633803
v 29.543118 229.526136 -37.056954
v 37.057831 225.805920 -27.633803
v 27.283592 225.739208 -27.157322
v 29.543118 215.526136 -37.056954
v 19.684293 218.891186 -32.309194
v 27.253070 219.273957 -27.023598
v 27.253070 219.273957 -27.023598
v 19.684293 218.891186 -32.309194
v 19.303981 225.853297 -32.126046
v 27.283592 225.739208 -27.157322
v 29.543118 229.526136 -37.056954
v 27.283592 225.739208 -27.157322
v 19.303981 225.853297 -32.126046
v 29.543118 215.526136 -37.056954
v 20.323760 218.702527 -41.496763
v 19.684293 218.891186 -32.309194
v 19.684293 218.891186 -32.309194
v 20.323760 218.702527 -41.496763
v 19.244764 225.773415 -42.016380
v 19.303981 225.853297 -32.126046
v 29.543118 229.526136 -37.056954
v 19.303981 225.853297 -32.126046
v 19.244764 225.773415 -42.016380
v 29.543118 215.526136 -37.056954
v 27.123202 219.102236 -47.659298
v 20.323760 218.702527 -41.496763
v 20.323760 218.702527 -41.496763
v 27.123202 219.102236 -47.659298
v 26.870476 225.927036 -48.766566
v 19.244764 225.773415 -42.016380
v 29.543118 229.526136 -37.056954
v 19.244764 225.773415 -42.016380
v 26.870476 225.927036 -48.766566
v 29.543118 215.526136 -37.056954
v 36.559463 218.855314 -45.855173
v 27.123202 219.102236 -47.659298
v 27.123202 219.102236 -47.659298
v 36.559463 218.855314 -45.855173
v 36.854378 225.843171 -46.224984
v 26.870476 225.927036 -48.766566
v 29.543118 229.526136 -37.056954
v 26.870476 225.927036 -48.766566
v 36.854378 225.843171 -46.224984
v 29.543118 215.526136 -37.056954
v 40.755584 218.980220 -37.056954
v 36.559463 218.855314 -45.855173
v 36.559463 218.855314 -45.855173
v 40.755584 218.980220 -37.056954
v 40.356385 226.053192 -37.056954
v 36.854378 225.843171 -46.224984
v 29.543118 229.526136 -37.056954
v 36.854378 225.843171 -46.224984
v 40.356385 226.053192 -37.056954
v -0.303753 215.948136 2.017259
v 0.316274 214.246059 1.079122
v 24.561386 222.229970 4.059404
v 24.344377 222.825697 4.387752
v 0.000000 215.948136 0.000000
v 0.316274 214.246059 1.079122
v -0.303753 215.948136 2.017259
v 0.316274 214.246059 1.079122
v 0.620027 214.246059 -0.938137
v 24.667700 222.229970 3.353364
v 24.561386 222.229970 4.059404
v 0.000000 215.948136 0.000000
v 0.620027 214.246059 -0.938137
v 0.316274 214.246059 1.079122
v 0.620027 214.246059 -0.938137
v 0.303753 215.948136 -2.017259
v 24.557004 222.825697 2.975671
v 24.667700 222.229970 3.353364
v 0.000000 215.948136 0.000000
v 0.303753 215.948136 -2.017259
v 0.620027 214.246059 -0.938137
v 0.303753 215.948136 -2.017259
v -0.316274 217.650212 -1.079122
v 24.339994 223.421424 3.304019
v 24.557004 222.825697 2.975671
v 0.000000 215.948136 0.000000
v -0.316274 217.650212 -1.079122
v 0.303753 215.948136 -2.017259
v -0.316274 217.650212 -1.079122
v -0.620027 217.650212 0.938137
v 24.233681 223.421424 4.010059
v 24.339994 223.421424 3.304019
v 0.000000 215.948136 0.000000
v -0.620027 217.650212 0.938137
v -0.316274 217.650212 -1.079122
v -0.620027 217.650212 0.938137
v -0.303753 215.948136 2.017259
v 24.344377 222.825697 4.387752
v 24.233681 223.421424 4.010059
v 0.000000 215.948136 0.000000
v -0.303753 215.948136 2.017259
v -0.620027 217.650212 0.938137
v 24.346001 222.740227 4.382804
v 24.415541 222.169099 3.959990
v 50.969066 223.660934 7.431708
v 51.028672 223.171396 7.069296
v 50.938938 223.098136 7.670232
v 51.028672 223.171396 7.069296
v 50.969066 223.660934 7.431708
v 24.415541 222.169099 3.959990
v 24.520231 222.254569 3.258897
v 50.879332 223.587674 8.032645
v 50.969066 223.660934 7.431708
v 50.938938 223.098136 7.670232
v 50.969066 223.660934 7.431708
v 50.879332 223.587674 8.032645
v 24.520231 222.254569 3.258897
v 24.555380 222.911167 2.980619
v 50.849204 223.024875 8.271169
v 50.879332 223.587674 8.032645
v 50.938938 223.098136 7.670232
v 50.879332 223.587674 8.032645
v 50.849204 223.024875 8.271169
v 24.555380 222.911167 2.980619
v 24.485839 223.482296 3.403433
v 50.908810 222.535337 7.908756
v 50.849204 223.024875 8.271169
v 50.938938 223.098136 7.670232
v 50.849204 223.024875 8.271169
v 50.908810 222.535337 7.908756
v 24.485839 223.482296 3.403433
v 24.381150 223.396826 4.104526
v 50.998544 222.608597 7.307820
v 50.908810 222.535337 7.908756
v 50.938938 223.098136 7.670232
v 50.908810 222.535337 7.908756
v 50.998544 222.608597 7.307820
v 24.381150 223.396826 4.104526
v 24.346001 222.740227 4.382804
v 51.028672 223.171396 7.069296
v 50.998544 222.608597 7.307820
v 50.938938 223.098136 7.670232
v 50.998544 222.608597 7.307820
v 51.028672 223.171396 7.069296
v 31.582142 213.381136 4.755544
v 38.094909 216.911297 12.922296
v 42.995546 216.932048 4.755544
v 42.995546 216.932048 4.755544
v 38.094909 216.911297 12.922296
v 38.878553 223.615167 13.904954
v 42.891643 223.940031 4.755544
v 31.582142 227.381136 4.755544
v 42.891643 223.940031 4.755544
v 38.878553 223.615167 13.904954
v 31.582142 213.381136 4.755544
v 29.145849 216.750759 15.429639
v 38.094909 216.911297 12.922296
v 38.094909 216.911297 12.922296
v 29.145849 216.750759 15.429639
v 28.942121 223.612386 16.322228
v 38.878553 223.615167 13.904954
v 31.582142 227.381136 4.755544
v 38.878553 223.615167 13.904954
v 28.942121 223.612386 16.322228
v 31.582142 213.381136 4.755544
v 22.320003 216.967599 9.215955
v 29.145849 216.750759 15.429639
v 29.145849 216.750759 15.429639
v 22.320003 216.967599 9.215955
v 22.443637 223.890371 9.156416
v 28.942121 223.612386 16.322228
v 31.582142 227.381136 4.755544
v 28.942121 223.612386 16.322228
v 22.443637 223.890371 9.156416
v 31.582142 213.381136 4.755544
v 20.722567 217.171152 -0.474152
v 22.320003 216.967599 9.215955
v 22.320003 216.967599 9.215955
v 20.722567 217.171152 -0.474152
v 20.909071 224.181352 -0.384336
v 22.443637 223.890371 9.156416
v 31.582142 227.381136 4.755544
v 22.443637 223.890371 9.156416
v 20.909071 224.181352 -0.384336
v 31.582142 213.381136 4.755544
v 28.969739 216.747137 -6.690139
v 20.722567 217.171152 -0.474152
v 20.722567 217.171152 -0.474152
v 28.969739 216.747137 -6.690139
v 29.230853 224.223505 -5.546124
v 20.909071 224.181352 -0.384336
v 31.582142 227.381136 4.755544
v 20.909071 224.181352 -0.384336
v 29.230853 224.223505 -5.546124
v 31.582142 213.381136 4.755544
v 38.790393 217.156209 -4.283318
v 28.969739 216.747137 -6.690139
v 28.969739 216.747137 -6.690139
v 38.790393 217.156209 -4.283318
v 38.886820 224.201968 -4.404233
v 29.230853 224.223505 -5.546124
v 31.582142 227.381136 4.755544
v 29.230853 224.223505 -5.546124
v 38.886820 224.201968 -4.404233
v 31.582142 213.381136 4.755544
v 42.995546 216.932048 4.755544
v 38.790393 217.156209 -4.283318
v 38.790393 217.156209 -4.283318
v 42.995546 216.932048 4.755544
v 42.891643 223.940031 4.755544
v 38.886820 224.201968 -4.404233
v 31.582142 227.381136 4.755544
v 38.886820 224.201968 -4.404233
v 42.891643 223.940031 4.755544
v 46.863823 215.526136 7.056614
v 53.465728 219.200517 15.335141
v 58.289535 219.340961 7.056614
v 58.289535 219.340961 7.056614
v 53.465728 219.200517 15.335141
v 53.341264 226.341586 15.179068
v 58.915475 226.079004 7.056614
v 46.863823 229.526136 7.056614
v 58.915475 226.079004 7.056614
v 53.341264 226.341586 15.179068
v 46.863823 215.526136 7.056614
v 44.592979 219.214310 17.005829
v 53.465728 219.200517 15.335141
v 53.465728 219.200517 15.335141
v 44.592979 219.214310 17.005829
v 44.180408 226.280942 18.813421
v 53.341264 226.341586 15.179068
v 46.863823 229.526136 7.056614
v 53.341264 226.341586 15.179068
v 44.180408 226.280942 18.813421
v 46.863823 215.526136 7.056614
v 37.213437 219.011597 11.703995
v 44.592979 219.214310 17.005829
v 44.592979 219.214310 17.005829
v 37.213437 219.011597 11.703995
v 37.009490 226.361395 11.802210
v 44.180408 226.280942 18.813421
v 46.863823 229.526136 7.056614
v 44.180408 226.280942 18.813421
v 37.009490 226.361395 11.802210
v 46.863823 215.526136 7.056614
v 36.865503 219.195172 2.241677
v 37.213437 219.011597 11.703995
v 37.213437 219.011597 11.703995
v 36.865503 219.195172 2.241677
v 37.130473 226.342081 2.369279
v 37.009490 226.361395 11.802210
v 46.863823 229.526136 7.056614
v 37.009490 226.361395 11.802210
v 37.130473 226.342081 2.369279
v 46.863823 215.526136 7.056614
v 44.232605 219.066273 -4.471507
v 36.865503 219.195172 2.241677
v 36.865503 219.195172 2.241677
v 44.232605 219.066273 -4.471507
v 44.421784 225.716398 -3.642656
v 37.130473 226.342081 2.369279
v 46.863823 229.526136 7.056614
v 37.130473 226.342081 2.369279
v 44.421784 225.716398 -3.642656
v 46.863823 215.526136 7.056614
v 54.582179 219.060151 -2.621899
v 44.232605 219.066273 -4.471507
v 44.232605 219.066273 -4.471507
v 54.582179 219.060151 -2.621899
v 54.098980 225.683473 -2.015987
v 44.421784 225.716398 -3.642656
v 46.863823 229.526136 7.056614
v 44.421784 225.716398 -3.642656
v 54.098980 225.683473 -2.015987
v 46.863823 215.526136 7.056614
v 58.289535 219.340961 7.056614
v 54.582179 219.060151 -2.621899
v 54.582179 219.060151 -2.621899
v 58.289535 219.340961 7.056614
v 58.915475 226.079004 7.056614
v 54.098980 225.683473 -2.015987
v 46.863823 229.526136 7.056614
v 54.098980 225.683473 -2.015987
v 58.915475 226.079004 7.056614
v 0.000000 243.469971 -0.619350
v -1.740232 242.590600 -0.019434
v 2.800317 247.812121 18.551075
v 3.409398 248.119901 18.341104
v 0.000000 241.526262 0.000000
v -1.740232 242.590600 -0.019434
v 0.000000 243.469971 -0.619350
v -1.740232 242.590600 -0.019434
v -1.740232 240.646891 0.599916
v 2.800317 247.131823 18.767847
v 2.800317 247.812121 18.551075
v 0.000000 241.526262 0.000000
v -1.740232 240.646891 0.599916
v -1.740232 242.590600 -0.019434
v -1.740232 240.646891 0.599916
v -0.000000 239.582553 0.619350
v 3.409398 246.759305 18.774649
v 2.800317 247.131823 18.767847
v 0.000000 241.526262 0.000000
v -0.000000 239.582553 0.619350
v -1.740232 240.646891 0.599916
v -0.000000 239.582553 0.619350
v 1.740232 240.461924 0.019434
v 4.018480 247.067085 18.564678
v 3.409398 246.759305 18.774649
v 0.000000 241.526262 0.000000
v 1.740232 240.461924 0.019434
v -0.000000 239.582553 0.619350
v 1.740232 240.461924 0.019434
v 1.740232 242.405633 -0.599916
v 4.018480 247.747383 18.347906
v 4.018480 247.067085 18.564678
v 0.000000 241.526262 0.000000
v 1.740232 242.405633 -0.599916
v 1.740232 240.461924 0.019434
v 1.740232 242.405633 -0.599916
v 0.000000 243.469971 -0.619350
v 3.409398 248.119901 18.341104
v 4.018480 247.747383 18.347906
v 0.000000 241.526262 0.000000
v 0.000000 243.469971 -0.619350
v 1.740232 242.405633 -0.599916
v 3.325326 248.148077 18.529742
v 2.763534 247.726755 18.658869
v 7.656511 248.430132 38.575677
v 7.174976 248.068998 38.686358
v 7.102913 248.676262 38.662243
v 7.174976 248.068998 38.686358
v 7.656511 248.430132 38.575677
v 2.763534 247.726755 18.658869
v 2.847607 247.018280 18.687004
v 7.584449 249.037396 38.551562
v 7.656511 248.430132 38.575677
v 7.102913 248.676262 38.662243
v 7.656511 248.430132 38.575677
v 7.584449 249.037396 38.551562
v 2.847607 247.018280 18.687004
v 3.493471 246.731128 18.586011
v 7.030851 249.283526 38.638128
v 7.584449 249.037396 38.551562
v 7.102913 248.676262 38.662243
v 7.584449 249.037396 38.551562
v 7.030851 249.283526 38.638128
v 3.493471 246.731128 18.586011
v 4.055262 247.152451 18.456884
v 6.549316 248.922392 38.748808
v 7.030851 249.283526 38.638128
v 7.102913 248.676262 38.662243
v 7.030851 249.283526 38.638128
v 6.549316 248.922392 38.748808
v 4.055262 247.152451 18.456884
v 3.971190 247.860926 18.428749
v 6.621378 248.315128 38.772923
v 6.549316 248.922392 38.748808
v 7.102913 248.676262 38.662243
v 6.549316 248.922392 38.748808
v 6.621378 248.315128 38.772923
v 3.971190 247.860926 18.428749
v 3.325326 248.148077 18.529742
v 7.174976 248.068998 38.686358
v 6.621378 248.315128 38.772923
v 7.102913 248.676262 38.662243
v 6.621378 248.315128 38.772923
v 7.174976 248.068998 38.686358
v 4.403806 238.959262 23.970590
v 11.036559 242.683805 32.287800
v 15.784543 242.647697 23.970590
v 15.784543 242.647697 23.970590
v 11.036559 242.683805 32.287800
v 10.945819 249.793612 32.174016
v 16.638708 249.325842 23.970590
v 4.403806 252.959262 23.970590
v 16.638708 249.325842 23.970590
v 10.945819 249.793612 32.174016
v 4.403806 238.959262 23.970590
v 1.702500 242.582681 35.805785
v 11.036559 242.683805 32.287800
v 11.036559 242.683805 32.287800
v 1.702500 242.582681 35.805785
v 2.039024 249.370734 34.331376
v 10.945819 249.793612 32.174016
v 4.403806 252.959262 23.970590
v 10.945819 249.793612 32.174016
v 2.039024 249.370734 34.331376
v 4.403806 238.959262 23.970590
v -6.739400 242.278362 29.336876
v 1.702500 242.582681 35.805785
v 1.702500 242.582681 35.805785
v -6.739400 242.278362 29.336876
v -6.526192 249.515885 29.234200
v 2.039024 249.370734 34.331376
v 4.403806 252.959262 23.970590
v 2.039024 249.370734 34.331376
v -6.526192 249.515885 29.234200
v 4.403806 238.959262 23.970590
v -4.919197 242.690965 19.480869
v -6.739400 242.278362 29.336876
v -6.739400 242.278362 29.336876
v -4.919197 242.690965 19.480869
v -5.113621 249.658494 19.387239
v -6.526192 249.515885 29.234200
v 4.403806 252.959262 23.970590
v -6.526192 249.515885 29.234200
v -5.113621 249.658494 19.387239
v 4.403806 238.959262 23.970590
v 1.962199 242.432111 13.273208
v -4.919197 242.690965 19.480869
v -4.919197 242.690965 19.480869
v 1.962199 242.432111 13.273208
v 1.679021 249.437557 12.032527
v -5.113621 249.658494 19.387239
v 4.403806 252.959262 23.970590
v -5.113621 249.658494 19.387239
v 1.679021 249.437557 12.032527
v 4.403806 238.959262 23.970590
v 11.930165 242.381967 14.532835
v 1.962199 242.432111 13.273208
v 1.962199 242.432111 13.273208
v 11.930165 242.381967 14.532835
v 12.105095 249.396156 14.313479
v 1.679021 249.437557 12.032527
v 4.403806 252.959262 23.970590
v 1.679021 249.437557 12.032527
v 12.105095 249.396156 14.313479
v 4.403806 238.959262 23.970590
v 15.784543 242.647697 23.970590
v 11.930165 242.381967 14.532835
v 11.930165 242.381967 14.532835
v 15.784543 242.647697 23.970590
v 16.638708 249.325842 23.970590
v 12.105095 249.396156 14.313479
v 4.403806 252.959262 23.970590
v 12.105095 249.396156 14.313479
v 16.638708 249.325842 23.970590
v 6.534680 241.104262 35.569263
v 13.259575 244.860065 44.002014
v 17.388021 244.591217 35.569263
v 17.388021 244.591217 35.569263
v 13.259575 244.860065 44.002014
v 13.392232 251.898532 44.168362
v 18.576448 251.568242 35.569263
v 6.534680 255.104262 35.569263
v 18.576448 251.568242 35.569263
v 13.392232 251.898532 44.168362
v 6.534680 241.104262 35.569263
v 4.210348 244.463986 45.752828
v 13.259575 244.860065 44.002014
v 13.259575 244.860065 44.002014
v 4.210348 244.463986 45.752828
v 3.986133 251.437175 46.735179
v 13.392232 251.898532 44.168362
v 6.534680 255.104262 35.569263
v 13.392232 251.898532 44.168362
v 3.986133 251.437175 46.735179
v 6.534680 241.104262 35.569263
v -4.174224 244.546387 40.726400
v 4.210348 244.463986 45.752828
v 4.210348 244.463986 45.752828
v -4.174224 244.546387 40.726400
v -3.897210 251.381110 40.592997
v 3.986133 251.437175 46.735179
v 6.534680 255.104262 35.569263
v 3.986133 251.437175 46.735179
v -3.897210 251.381110 40.592997
v 6.534680 241.104262 35.569263
v -4.172964 244.822423 30.412734
v -4.174224 244.546387 40.726400
v -4.174224 244.546387 40.726400
v -4.172964 244.822423 30.412734
v -3.414320 251.663950 30.778077
v -3.897210 251.381110 40.592997
v 6.534680 255.104262 35.569263
v -3.897210 251.381110 40.592997
v -3.414320 251.663950 30.778077
v 6.534680 241.104262 35.569263
v 4.041892 244.340112 24.647642
v -4.172964 244.822423 30.412734
v -4.172964 244.822423 30.412734
v 4.041892 244.340112 24.647642
v 3.980223 251.476513 24.377454
v -3.414320 251.663950 30.778077
v 6.534680 255.104262 35.569263
v -3.414320 251.663950 30.778077
v 3.980223 251.476513 24.377454
v 6.534680 241.104262 35.569263
v 14.152752 244.393890 26.016503
v 4.041892 244.340112 24.647642
v 4.041892 244.340112 24.647642
v 14.152752 244.393890 26.016503
v 14.082292 251.821653 26.104857
v 3.980223 251.476513 24.377454
v 6.534680 255.104262 35.569263
v 3.980223 251.476513 24.377454
v 14.082292 251.821653 26.104857
v 6.534680 241.104262 35.569263
v 17.388021 244.591217 35.569263
v 14.152752 244.393890 26.016503
v 14.152752 244.393890 26.016503
v 17.388021 244.591217 35.569263
v 18.576448 251.568242 35.569263
v 14.082292 251.821653 26.104857
v 6.534680 255.104262 35.569263
v 14.082292 251.821653 26.104857
v 18.576448 251.568242 35.569263
v 0.000000 243.362890 -0.887917
v -1.213866 241.885868 -1.599629
v -14.791747 247.565465 11.671694
v -14.366893 248.082423 11.920793
v 0.000000 241.526262 0.000000
v -1.213866 241.885868 -1.599629
v 0.000000 243.362890 -0.887917
v -1.213866 241.885868 -1.599629
v -1.213866 240.049240 -0.711712
v -14.791747 246.922645 11.982465
v -14.791747 247.565465 11.671694
v 0.000000 241.526262 0.000000
v -1.213866 240.049240 -0.711712
v -1.213866 241.885868 -1.599629
v -1.213866 240.049240 -0.711712
v -0.000000 239.689634 0.887917
v -14.366893 246.796783 12.542335
v -14.791747 246.922645 11.982465
v 0.000000 241.526262 0.000000
v -0.000000 239.689634 0.887917
v -1.213866 240.049240 -0.711712
v -0.000000 239.689634 0.887917
v 1.213866 241.166656 1.599629
v -13.942040 247.313741 12.791434
v -14.366893 246.796783 12.542335
v 0.000000 241.526262 0.000000
v 1.213866 241.166656 1.599629
v -0.000000 239.689634 0.887917
v 1.213866 241.166656 1.599629
v 1.213866 243.003284 0.711712
v -13.942040 247.956561 12.480663
v -13.942040 247.313741 12.791434
v 0.000000 241.526262 0.000000
v 1.213866 243.003284 0.711712
v 1.213866 241.166656 1.599629
v 1.213866 243.003284 0.711712
v 0.000000 243.362890 -0.887917
v -14.366893 248.082423 11.920793
v -13.942040 247.956561 12.480663
v 0.000000 241.526262 0.000000
v 0.000000 243.362890 -0.887917
v 1.213866 243.003284 0.711712
v -14.422442 248.139365 12.101012
v -14.793628 247.672425 11.708603
v -29.565255 248.476700 25.930676
v -29.883415 248.076466 25.594327
v -29.931028 248.676262 25.482425
v -29.883415 248.076466 25.594327
v -29.565255 248.476700 25.930676
v -14.793628 247.672425 11.708603
v -14.738079 246.972663 11.839156
v -29.612868 249.076496 25.818774
v -29.565255 248.476700 25.930676
v -29.931028 248.676262 25.482425
v -29.565255 248.476700 25.930676
v -29.612868 249.076496 25.818774
v -14.738079 246.972663 11.839156
v -14.311345 246.739841 12.362116
v -29.978641 249.276058 25.370523
v -29.612868 249.076496 25.818774
v -29.931028 248.676262 25.482425
v -29.612868 249.076496 25.818774
v -29.978641 249.276058 25.370523
v -14.311345 246.739841 12.362116
v -13.940159 247.206781 12.754524
v -30.296800 248.875824 25.034173
v -29.978641 249.276058 25.370523
v -29.931028 248.676262 25.482425
v -29.978641 249.276058 25.370523
v -30.296800 248.875824 25.034173
v -13.940159 247.206781 12.754524
v -13.995707 247.906543 12.623972
v -30.249187 248.276028 25.146075
v -30.296800 248.875824 25.034173
v -29.931028 248.676262 25.482425
v -30.296800 248.875824 25.034173
v -30.249187 248.276028 25.146075
v -13.995707 247.906543 12.623972
v -14.422442 248.139365 12.101012
v -29.883415 248.076466 25.594327
v -30.249187 248.276028 25.146075
v -29.931028 248.676262 25.482425
v -30.249187 248.276028 25.146075
v -29.883415 248.076466 25.594327
v -18.557237 238.959262 15.799103
v -10.861540 242.692781 25.449202
v -6.670657 242.516041 15.799103
v -6.670657 242.516041 15.799103
v -10.861540 242.692781 25.449202
v -11.181165 249.250004 25.048405
v -6.359552 249.136767 15.799103
v -18.557237 252.959262 15.799103
v -6.359552 249.136767 15.799103
v -11.181165 249.250004 25.048405
v -18.557237 238.959262 15.799103
v -21.221616 242.760928 27.472509
v -10.861540 242.692781 25.449202
v -10.861540 242.692781 25.449202
v -21.221616 242.760928 27.472509
v -20.982582 249.464196 26.425232
v -11.181165 249.250004 25.048405
v -18.557237 252.959262 15.799103
v -11.181165 249.250004 25.048405
v -20.982582 249.464196 26.425232
v -18.557237 238.959262 15.799103
v -28.168272 242.776127 20.427534
v -21.221616 242.760928 27.472509
v -21.221616 242.760928 27.472509
v -28.168272 242.776127 20.427534
v -29.674240 249.279850 21.152770
v -20.982582 249.464196 26.425232
v -18.557237 252.959262 15.799103
v -20.982582 249.464196 26.425232
v -29.674240 249.279850 21.152770
v -18.557237 238.959262 15.799103
v -27.839072 242.359944 11.329207
v -28.168272 242.776127 20.427534
v -28.168272 242.776127 20.427534
v -27.839072 242.359944 11.329207
v -27.827076 249.129732 11.334984
v -29.674240 249.279850 21.152770
v -18.557237 252.959262 15.799103
v -29.674240 249.279850 21.152770
v -27.827076 249.129732 11.334984
v -18.557237 238.959262 15.799103
v -20.942936 242.458714 5.346672
v -27.839072 242.359944 11.329207
v -27.839072 242.359944 11.329207
v -20.942936 242.458714 5.346672
v -21.202556 249.386426 4.209204
v -27.827076 249.129732 11.334984
v -18.557237 252.959262 15.799103
v -27.827076 249.129732 11.334984
v -21.202556 249.386426 4.209204
v -18.557237 238.959262 15.799103
v -10.947645 242.448700 6.256976
v -20.942936 242.458714 5.346672
v -20.942936 242.458714 5.346672
v -10.947645 242.448700 6.256976
v -11.379458 249.789224 6.798452
v -21.202556 249.386426 4.209204
v -18.557237 252.959262 15.799103
v -21.202556 249.386426 4.209204
v -11.379458 249.789224 6.798452
v -18.557237 238.959262 15.799103
v -6.670657 242.516041 15.799103
v -10.947645 242.448700 6.256976
v -10.947645 242.448700 6.256976
v -6.670657 242.516041 15.799103
v -6.359552 249.136767 15.799103
v -11.379458 249.789224 6.798452
v -18.557237 252.959262 15.799103
v -11.379458 249.789224 6.798452
v -6.359552 249.136767 15.799103
v -27.536546 241.104262 23.443831
v -19.927979 244.402819 32.984672
v -16.849825 244.620065 23.443831
v -16.849825 244.620065 23.443831
v -19.927979 244.402819 32.984672
v -20.490595 251.617176 32.279173
v -17.132493 251.504172 23.443831
v -27.536546 255.104262 23.443831
v -17.132493 251.504172 23.443831
v -20.490595 251.617176 32.279173
v -27.536546 241.104262 23.443831
v -29.859316 244.621968 33.620554
v -19.927979 244.402819 32.984672
v -19.927979 244.402819 32.984672
v -29.859316 244.621968 33.620554
v -30.044702 251.862381 34.432781
v -20.490595 251.617176 32.279173
v -27.536546 255.104262 23.443831
v -20.490595 251.617176 32.279173
v -30.044702 251.862381 34.432781
v -27.536546 241.104262 23.443831
v -37.226239 244.283253 28.110141
v -29.859316 244.621968 33.620554
v -29.859316 244.621968 33.620554
v -37.226239 244.283253 28.110141
v -37.799293 251.597450 28.386110
v -30.044702 251.862381 34.432781
v -27.536546 255.104262 23.443831
v -30.044702 251.862381 34.432781
v -37.799293 251.597450 28.386110
v -27.536546 241.104262 23.443831
v -37.198177 244.527107 18.791034
v -37.226239 244.283253 28.110141
v -37.226239 244.283253 28.110141
v -37.198177 244.527107 18.791034
v -36.817190 251.426325 18.974508
v -37.799293 251.597450 28.386110
v -27.536546 255.104262 23.443831
v -37.799293 251.597450 28.386110
v -36.817190 251.426325 18.974508
v -27.536546 241.104262 23.443831
v -29.827546 244.715135 13.406300
v -37.198177 244.527107 18.791034
v -37.198177 244.527107 18.791034
v -29.827546 244.715135 13.406300
v -30.258182 251.497857 11.519561
v -36.817190 251.426325 18.974508
v -27.536546 255.104262 23.443831
v -36.817190 251.426325 18.974508
v -30.258182 251.497857 11.519561
v -27.536546 241.104262 23.443831
v -20.067806 244.710540 14.078328
v -29.827546 244.715135 13.406300
v -29.827546 244.715135 13.406300
v -20.067806 244.710540 14.078328
v -20.363746 251.416534 14.449425
v -30.258182 251.497857 11.519561
v -27.536546 255.104262 23.443831
v -30.258182 251.497857 11.519561
v -20.363746 251.416534 14.449425
v -27.536546 241.104262 23.443831
v -16.849825 244.620065 23.443831
v -20.067806 244.710540 14.078328
v -20.067806 244.710540 14.078328
v -16.849825 244.620065 23.443831
v -17.132493 251.504172 23.443831
v -20.363746 251.416534 14.449425
v -27.536546 255.104262 23.443831
v -20.363746 251.416534 14.449425
v -17.132493 251.504172 23.443831
v 0.683982 241.526262 -1.921918
v -0.155767 239.840422 -1.138103
v -17.830810 246.849559 -6.724649
v -17.536898 247.439603 -6.998984
v 0.000000 241.526262 0.000000
v -0.155767 239.840422 -1.138103
v 0.683982 241.526262 -1.921918
v -0.155767 239.840422 -1.138103
v -0.839748 239.840422 0.783815
v -18.070203 246.849559 -6.051977
v -17.830810 246.849559 -6.724649
v 0.000000 241.526262 0.000000
v -0.839748 239.840422 0.783815
v -0.155767 239.840422 -1.138103
v -0.839748 239.840422 0.783815
v -0.683982 241.526262 1.921918
v -18.015685 247.439603 -5.653641
v -18.070203 246.849559 -6.051977
v 0.000000 241.526262 0.000000
v -0.683982 241.526262 1.921918
v -0.839748 239.840422 0.783815
v -0.683982 241.526262 1.921918
v 0.155767 243.212102 1.138103
v -17.721773 248.029647 -5.927976
v -18.015685 247.439603 -5.653641
v 0.000000 241.526262 0.000000
v 0.155767 243.212102 1.138103
v -0.683982 241.526262 1.921918
v 0.155767 243.212102 1.138103
v 0.839748 243.212102 -0.783815
v -17.482380 248.029647 -6.600648
v -17.721773 248.029647 -5.927976
v 0.000000 241.526262 0.000000
v 0.839748 243.212102 -0.783815
v 0.155767 243.212102 1.138103
v 0.839748 243.212102 -0.783815
v 0.683982 241.526262 -1.921918
v -17.536898 247.439603 -6.998984
v -17.482380 248.029647 -6.600648
v 0.000000 241.526262 0.000000
v 0.683982 241.526262 -1.921918
v 0.839748 243.212102 -0.783815
v -17.543483 247.354284 -6.995877
v -17.719633 246.784169 -6.603786
v -37.082506 249.238063 -12.941983
v -37.233492 248.749392 -12.605906
v -37.033941 248.676262 -13.179818
v -37.233492 248.749392 -12.605906
v -37.082506 249.238063 -12.941983
v -17.719633 246.784169 -6.603786
v -17.952442 246.869487 -5.934222
v -36.882955 249.164933 -13.515896
v -37.082506 249.238063 -12.941983
v -37.033941 248.676262 -13.179818
v -37.082506 249.238063 -12.941983
v -36.882955 249.164933 -13.515896
v -17.952442 246.869487 -5.934222
v -18.009101 247.524921 -5.656748
v -36.834390 248.603132 -13.753731
v -36.882955 249.164933 -13.515896
v -37.033941 248.676262 -13.179818
v -36.882955 249.164933 -13.515896
v -36.834390 248.603132 -13.753731
v -18.009101 247.524921 -5.656748
v -17.832951 248.095037 -6.048839
v -36.985376 248.114461 -13.417653
v -36.834390 248.603132 -13.753731
v -37.033941 248.676262 -13.179818
v -36.834390 248.603132 -13.753731
v -36.985376 248.114461 -13.417653
v -17.832951 248.095037 -6.048839
v -17.600142 248.009719 -6.718403
v -37.184927 248.187591 -12.843740
v -36.985376 248.114461 -13.417653
v -37.033941 248.676262 -13.179818
v -36.985376 248.114461 -13.417653
v -37.184927 248.187591 -12.843740
v -17.600142 248.009719 -6.718403
v -17.543483 247.354284 -6.995877
v -37.233492 248.749392 -12.605906
v -37.184927 248.187591 -12.843740
v -37.033941 248.676262 -13.179818
v -37.184927 248.187591 -12.843740
v -37.233492 248.749392 -12.605906
v -22.961043 238.959262 -8.171487
v -16.064444 242.398935 0.476575
v -11.269404 242.627309 -8.171487
v -11.269404 242.627309 -8.171487
v -16.064444 242.398935 0.476575
v -15.508013 249.341964 1.174318
v -10.603207 249.221402 -8.171487
v -22.961043 252.959262 -8.171487
v -10.603207 249.221402 -8.171487
v -15.508013 249.341964 1.174318
v -22.961043 238.959262 -8.171487
v -25.624989 242.506760 3.500023
v -16.064444 242.398935 0.476575
v -16.064444 242.398935 0.476575
v -25.624989 242.506760 3.500023
v -25.236535 249.402026 1.798093
v -15.508013 249.341964 1.174318
v -22.961043 252.959262 -8.171487
v -15.508013 249.341964 1.174318
v -25.236535 249.402026 1.798093
v -22.961043 238.959262 -8.171487
v -34.010978 242.601220 -2.850119
v -25.624989 242.506760 3.500023
v -25.624989 242.506760 3.500023
v -34.010978 242.601220 -2.850119
v -33.518699 249.390749 -3.087188
v -25.236535 249.402026 1.798093
v -22.961043 252.959262 -8.171487
v -25.236535 249.402026 1.798093
v -33.518699 249.390749 -3.087188
v -22.961043 238.959262 -8.171487
v -34.061561 242.693056 -13.517214
v -34.010978 242.601220 -2.850119
v -34.010978 242.601220 -2.850119
v -34.061561 242.693056 -13.517214
v -32.509944 249.783829 -12.769995
v -33.518699 249.390749 -3.087188
v -22.961043 252.959262 -8.171487
v -33.518699 249.390749 -3.087188
v -32.509944 249.783829 -12.769995
v -22.961043 238.959262 -8.171487
v -25.641257 242.755005 -19.914269
v -34.061561 242.693056 -13.517214
v -34.061561 242.693056 -13.517214
v -25.641257 242.755005 -19.914269
v -25.667561 249.250255 -20.029516
v -32.509944 249.783829 -12.769995
v -22.961043 252.959262 -8.171487
v -32.509944 249.783829 -12.769995
v -25.667561 249.250255 -20.029516
v -22.961043 238.959262 -8.171487
v -16.102243 242.363892 -16.772151
v -25.641257 242.755005 -19.914269
v -25.641257 242.755005 -19.914269
v -16.102243 242.363892 -16.772151
v -16.238393 249.143995 -16.601424
v -25.667561 249.250255 -20.029516
v -22.961043 252.959262 -8.171487
v -25.667561 249.250255 -20.029516
v -16.238393 249.143995 -16.601424
v -22.961043 238.959262 -8.171487
v -11.269404 242.627309 -8.171487
v -16.102243 242.363892 -16.772151
v -16.102243 242.363892 -16.772151
v -11.269404 242.627309 -8.171487
v -10.603207 249.221402 -8.171487
v -16.238393 249.143995 -16.601424
v -22.961043 252.959262 -8.171487
v -16.238393 249.143995 -16.601424
v -10.603207 249.221402 -8.171487
v -34.071226 241.104262 -12.125433
v -26.851602 244.604835 -3.072311
v -21.869850 244.653385 -12.125433
v -21.869850 244.653385 -12.125433
v -26.851602 244.604835 -3.072311
v -26.407110 251.740316 -2.514935
v -22.066448 251.701264 -12.125433
v -34.071226 255.104262 -12.125433
v -22.066448 251.701264 -12.125433
v -26.407110 251.740316 -2.514935
v -34.071226 241.104262 -12.125433
v -36.648616 244.818589 -0.833150
v -26.851602 244.604835 -3.072311
v -26.851602 244.604835 -3.072311
v -36.648616 244.818589 -0.833150
v -36.588100 251.599311 -1.098286
v -26.407110 251.740316 -2.514935
v -34.071226 255.104262 -12.125433
v -26.407110 251.740316 -2.514935
v -36.588100 251.599311 -1.098286
v -34.071226 241.104262 -12.125433
v -43.560511 244.258614 -7.555633
v -36.648616 244.818589 -0.833150
v -36.648616 244.818589 -0.833150
v -43.560511 244.258614 -7.555633
v -44.474096 251.610247 -7.115674
v -36.588100 251.599311 -1.098286
v -34.071226 255.104262 -12.125433
v -36.588100 251.599311 -1.098286
v -44.474096 251.610247 -7.115674
v -34.071226 241.104262 -12.125433
v -43.552609 244.440868 -16.691426
v -43.560511 244.258614 -7.555633
v -43.560511 244.258614 -7.555633
v -43.552609 244.440868 -16.691426
v -43.213108 251.496308 -16.527931
v -44.474096 251.610247 -7.115674
v -34.071226 255.104262 -12.125433
v -44.474096 251.610247 -7.115674
v -43.213108 251.496308 -16.527931
v -34.071226 241.104262 -12.125433
v -36.370595 244.397191 -22.199627
v -43.552609 244.440868 -16.691426
v -43.552609 244.440868 -16.691426
v -36.370595 244.397191 -22.199627
v -36.523481 251.345714 -22.869466
v -43.213108 251.496308 -16.527931
v -34.071226 255.104262 -12.125433
v -43.213108 251.496308 -16.527931
v -36.523481 251.345714 -22.869466
v -34.071226 241.104262 -12.125433
v -26.400226 244.823330 -21.744562
v -36.370595 244.397191 -22.199627
v -36.370595 244.397191 -22.199627
v -26.400226 244.823330 -21.744562
v -27.382059 251.747852 -20.513382
v -36.523481 251.345714 -22.869466
v -34.071226 255.104262 -12.125433
v -36.523481 251.345714 -22.869466
v -27.382059 251.747852 -20.513382
v -34.071226 241.104262 -12.125433
v -21.869850 244.653385 -12.125433
v -26.400226 244.823330 -21.744562
v -26.400226 244.823330 -21.744562
v -21.869850 244.653385 -12.125433
v -22.066448 251.701264 -12.125433
v -27.382059 251.747852 -20.513382
v -34.071226 255.104262 -12.125433
v -27.382059 251.747852 -20.513382
v -22.066448 251.701264 -12.125433
v 0.000000 239.582553 -0.619350
v -1.740232 240.461924 -0.019434
v -4.018480 247.067085 -18.564678
v -3.409398 246.759305 -18.774649
v 0.000000 241.526262 0.000000
v -1.740232 240.461924 -0.019434
v 0.000000 239.582553 -0.619350
v -1.740232 240.461924 -0.019434
v -1.740232 242.405633 0.599916
v -4.018480 247.747383 -18.347906
v -4.018480 247.067085 -18.564678
v 0.000000 241.526262 0.000000
v -1.740232 242.405633 0.599916
v -1.740232 240.461924 -0.019434
v -1.740232 242.405633 0.599916
v -0.000000 243.469971 0.619350
v -3.409398 248.119901 -18.341104
v -4.018480 247.747383 -18.347906
v 0.000000 241.526262 0.000000
v -0.000000 243.469971 0.619350
v -1.740232 242.405633 0.599916
v -0.000000 243.469971 0.619350
v 1.740232 242.590600 0.019434
v -2.800317 247.812121 -18.551075
v -3.409398 248.119901 -18.341104
v 0.000000 241.526262 0.000000
v 1.740232 242.590600 0.019434
v -0.000000 243.469971 0.619350
v 1.740232 242.590600 0.019434
v 1.740232 240.646891 -0.599916
v -2.800317 247.131823 -18.767847
v -2.800317 247.812121 -18.551075
v 0.000000 241.526262 0.000000
v 1.740232 240.646891 -0.599916
v 1.740232 242.590600 0.019434
v 1.740232 240.646891 -0.599916
v 0.000000 239.582553 -0.619350
v -3.409398 246.759305 -18.774649
v -2.800317 247.131823 -18.767847
v 0.000000 241.526262 0.000000
v 0.000000 239.582553 -0.619350
v 1.740232 240.646891 -0.599916
v -3.493471 246.731128 -18.586011
v -4.055262 247.152451 -18.456884
v -6.549316 248.922392 -38.748808
v -7.030851 249.283526 -38.638128
v -7.102913 248.676262 -38.662243
v -7.030851 249.283526 -38.638128
v -6.549316 248.922392 -38.748808
v -4.055262 247.152451 -18.456884
v -3.971190 247.860926 -18.428749
v -6.621378 248.315128 -38.772923
v -6.549316 248.922392 -38.748808
v -7.102913 248.676262 -38.662243
v -6.549316 248.922392 -38.748808
v -6.621378 248.315128 -38.772923
v -3.971190 247.860926 -18.428749
v -3.325326 248.148077 -18.529742
v -7.174976 248.068998 -38.686358
v -6.621378 248.315128 -38.772923
v -7.102913 248.676262 -38.662243
v -6.621378 248.315128 -38.772923
v -7.174976 248.068998 -38.686358
v -3.325326 248.148077 -18.529742
v -2.763534 247.726755 -18.658869
v -7.656511 248.430132 -38.575677
v -7.174976 248.068998 -38.686358
v -7.102913 248.676262 -38.662243
v -7.174976 248.068998 -38.686358
v -7.656511 248.430132 -38.575677
v -2.763534 247.726755 -18.658869
v -2.847607 247.018280 -18.687004
v -7.584449 249.037396 -38.551562
v -7.656511 248.430132 -38.575677
v -7.102913 248.676262 -38.662243
v -7.656511 248.430132 -38.575677
v -7.584449 249.037396 -38.551562
v -2.847607 247.018280 -18.687004
v -3.493471 246.731128 -18.586011
v -7.030851 249.283526 -38.638128
v -7.584449 249.037396 -38.551562
v -7.102913 248.676262 -38.662243
v -7.584449 249.037396 -38.551562
v -7.030851 249.283526 -38.638128
v -4.403806 238.959262 -23.970590
v 1.973136 242.370331 -15.974158
v 6.516535 242.636056 -23.970590
v 6.516535 242.636056 -23.970590
v 1.973136 242.370331 -15.974158
v 1.999915 249.552585 -15.940578
v 6.906788 249.281313 -23.970590
v -4.403806 252.959262 -23.970590
v 6.906788 249.281313 -23.970590
v 1.999915 249.552585 -15.940578
v -4.403806 238.959262 -23.970590
v -6.695415 242.130294 -13.930395
v 1.973136 242.370331 -15.974158
v 1.973136 242.370331 -15.974158
v -6.695415 242.130294 -13.930395
v -6.957801 249.200097 -12.780808
v 1.999915 249.552585 -15.940578
v -4.403806 252.959262 -23.970590
v 1.999915 249.552585 -15.940578
v -6.957801 249.200097 -12.780808
v -4.403806 238.959262 -23.970590
v -15.517978 242.175489 -18.618288
v -6.695415 242.130294 -13.930395
v -6.695415 242.130294 -13.930395
v -15.517978 242.175489 -18.618288
v -13.649665 249.468873 -19.518020
v -6.957801 249.200097 -12.780808
v -4.403806 252.959262 -23.970590
v -6.957801 249.200097 -12.780808
v -13.649665 249.468873 -19.518020
v -4.403806 238.959262 -23.970590
v -13.654580 242.452314 -28.425528
v -15.517978 242.175489 -18.618288
v -15.517978 242.175489 -18.618288
v -13.654580 242.452314 -28.425528
v -13.674055 249.372233 -28.434907
v -13.649665 249.468873 -19.518020
v -4.403806 252.959262 -23.970590
v -13.649665 249.468873 -19.518020
v -13.674055 249.372233 -28.434907
v -4.403806 238.959262 -23.970590
v -6.915127 242.363515 -34.973407
v -13.654580 242.452314 -28.425528
v -13.654580 242.452314 -28.425528
v -6.915127 242.363515 -34.973407
v -6.762524 249.539144 -34.304809
v -13.674055 249.372233 -28.434907
v -4.403806 252.959262 -23.970590
v -13.674055 249.372233 -28.434907
v -6.762524 249.539144 -34.304809
v -4.403806 238.959262 -23.970590
v 2.544457 242.768875 -32.683437
v -6.915127 242.363515 -34.973407
v -6.915127 242.363515 -34.973407
v 2.544457 242.768875 -32.683437
v 2.902326 249.753156 -33.132191
v -6.762524 249.539144 -34.304809
v -4.403806 252.959262 -23.970590
v -6.762524 249.539144 -34.304809
v 2.902326 249.753156 -33.132191
v -4.403806 238.959262 -23.970590
v 6.516535 242.636056 -23.970590
v 2.544457 242.768875 -32.683437
v 2.544457 242.768875 -32.683437
v 6.516535 242.636056 -23.970590
v 6.906788 249.281313 -23.970590
v 2.902326 249.753156 -33.132191
v -4.403806 252.959262 -23.970590
v 2.902326 249.753156 -33.132191
v 6.906788 249.281313 -23.970590
v -6.534680 241.104262 -35.569263
v 0.127204 244.504816 -27.215525
v 3.959467 244.329602 -35.569263
v 3.959467 244.329602 -35.569263
v 0.127204 244.504816 -27.215525
v 0.216961 251.368636 -27.102974
v 5.742449 251.338877 -35.569263
v -6.534680 255.104262 -35.569263
v 5.742449 251.338877 -35.569263
v 0.216961 251.368636 -27.102974
v -6.534680 241.104262 -35.569263
v -9.153911 244.318333 -24.093665
v 0.127204 244.504816 -27.215525
v 0.127204 244.504816 -27.215525
v -9.153911 244.318333 -24.093665
v -9.212116 251.650788 -23.838652
v 0.216961 251.368636 -27.102974
v -6.534680 255.104262 -35.569263
v 0.216961 251.368636 -27.102974
v -9.212116 251.650788 -23.838652
v -6.534680 241.104262 -35.569263
v -17.657186 244.622818 -30.212947
v -9.153911 244.318333 -24.093665
v -9.153911 244.318333 -24.093665
v -17.657186 244.622818 -30.212947
v -16.111139 251.380985 -30.957484
v -9.212116 251.650788 -23.838652
v -6.534680 255.104262 -35.569263
v -9.212116 251.650788 -23.838652
v -16.111139 251.380985 -30.957484
v -6.534680 241.104262 -35.569263
v -16.213267 244.680092 -40.230225
v -17.657186 244.622818 -30.212947
v -17.657186 244.622818 -30.212947
v -16.213267 244.680092 -40.230225
v -17.336501 251.322430 -40.771146
v -16.111139 251.380985 -30.957484
v -6.534680 255.104262 -35.569263
v -16.111139 251.380985 -30.957484
v -17.336501 251.322430 -40.771146
v -6.534680 241.104262 -35.569263
v -8.985823 244.874689 -46.308420
v -16.213267 244.680092 -40.230225
v -16.213267 244.680092 -40.230225
v -8.985823 244.874689 -46.308420
v -8.934113 251.722831 -46.081863
v -17.336501 251.322430 -40.771146
v -6.534680 255.104262 -35.569263
v -17.336501 251.322430 -40.771146
v -8.934113 251.722831 -46.081863
v -6.534680 241.104262 -35.569263
v 0.241105 244.635332 -44.065829
v -8.985823 244.874689 -46.308420
v -8.985823 244.874689 -46.308420
v 0.241105 244.635332 -44.065829
v 0.398593 251.721027 -44.263313
v -8.934113 251.722831 -46.081863
v -6.534680 255.104262 -35.569263
v -8.934113 251.722831 -46.081863
v 0.398593 251.721027 -44.263313
v -6.534680 241.104262 -35.569263
v 3.959467 244.329602 -35.569263
v 0.241105 244.635332 -44.065829
v 0.241105 244.635332 -44.065829
v 3.959467 244.329602 -35.569263
v 5.742449 251.338877 -35.569263
v 0.398593 251.721027 -44.263313
v -6.534680 255.104262 -35.569263
v 0.398593 251.721027 -44.263313
v 5.742449 251.338877 -35.569263
v 0.000000 239.689634 -0.887917
v -1.213866 241.166656 -1.599629
v 13.942040 247.313741 -12.791434
v 14.366893 246.796783 -12.542335
v 0.000000 241.526262 0.000000
v -1.213866 241.166656 -1.599629
v 0.000000 239.689634 -0.887917
v -1.213866 241.166656 -1.599629
v -1.213866 243.003284 -0.711712
v 13.942040 247.956561 -12.480663
v 13.942040 247.313741 -12.791434
v 0.000000 241.526262 0.000000
v -1.213866 243.003284 -0.711712
v -1.213866 241.166656 -1.599629
v -1.213866 243.003284 -0.711712
v -0.000000 243.362890 0.887917
v 14.366893 248.082423 -11.920793
v 13.942040 247.956561 -12.480663
v 0.000000 241.526262 0.000000
v -0.000000 243.362890 0.887917
v -1.213866 243.003284 -0.711712
v -0.000000 243.362890 0.887917
v 1.213866 241.885868 1.599629
v 14.791747 247.565465 -11.671694
v 14.366893 248.082423 -11.920793
v 0.000000 241.526262 0.000000
v 1.213866 241.885868 1.599629
v -0.000000 243.362890 0.887917
v 1.213866 241.885868 1.599629
v 1.213866 240.049240 0.711712
v 14.791747 246.922645 -11.982465
v 14.791747 247.565465 -11.671694
v 0.000000 241.526262 0.000000
v 1.213866 240.049240 0.711712
v 1.213866 241.885868 1.599629
v 1.213866 240.049240 0.711712
v 0.000000 239.689634 -0.887917
v 14.366893 246.796783 -12.542335
v 14.791747 246.922645 -11.982465
v 0.000000 241.526262 0.000000
v 0.000000 239.689634 -0.887917
v 1.213866 240.049240 0.711712
v 14.311345 246.739841 -12.362116
v 13.940159 247.206781 -12.754524
v 30.296800 248.875824 -25.034173
v 29.978641 249.276058 -25.370523
v 29.931028 248.676262 -25.482425
v 29.978641 249.276058 -25.370523
v 30.296800 248.875824 -25.034173
v 13.940159 247.206781 -12.754524
v 13.995707 247.906543 -12.623972
v 30.249187 248.276028 -25.146075
v 30.296800 248.875824 -25.034173
v 29.931028 248.676262 -25.482425
v 30.296800 248.875824 -25.034173
v 30.249187 248.276028 -25.146075
v 13.995707 247.906543 -12.623972
v 14.422442 248.139365 -12.101012
v 29.883415 248.076466 -25.594327
v 30.249187 248.276028 -25.146075
v 29.931028 248.676262 -25.482425
v 30.249187 248.276028 -25.146075
v 29.883415 248.076466 -25.594327
v 14.422442 248.139365 -12.101012
v 14.793628 247.672425 -11.708603
v 29.565255 248.476700 -25.930676
v 29.883415 248.076466 -25.594327
v 29.931028 248.676262 -25.482425
v 29.883415 248.076466 -25.594327
v 29.565255 248.476700 -25.930676
v 14.793628 247.672425 -11.708603
v 14.738079 246.972663 -11.839156
v 29.612868 249.076496 -25.818774
v 29.565255 248.476700 -25.930676
v 29.931028 248.676262 -25.482425
v 29.565255 248.476700 -25.930676
v 29.612868 249.076496 -25.818774
v 14.738079 246.972663 -11.839156
v 14.311345 246.739841 -12.362116
v 29.978641 249.276058 -25.370523
v 29.612868 249.076496 -25.818774
v 29.931028 248.676262 -25.482425
v 29.612868 249.076496 -25.818774
v 29.978641 249.276058 -25.370523
v 18.557237 238.959262 -15.799103
v 25.888440 242.199524 -6.606066
v 29.109041 242.780858 -15.799103
v 29.109041 242.780858 -15.799103
v 25.888440 242.199524 -6.606066
v 25.181329 249.111339 -7.492755
v 30.163526 249.735512 -15.799103
v 18.557237 252.959262 -15.799103
v 30.163526 249.735512 -15.799103
v 25.181329 249.111339 -7.492755
v 18.557237 238.959262 -15.799103
v 16.254041 242.614363 -5.708141
v 25.888440 242.199524 -6.606066
v 25.888440 242.199524 -6.606066
v 16.254041 242.614363 -5.708141
v 16.262947 249.545115 -5.747159
v 25.181329 249.111339 -7.492755
v 18.557237 252.959262 -15.799103
v 25.181329 249.111339 -7.492755
v 16.262947 249.545115 -5.747159
v 18.557237 238.959262 -15.799103
v 8.206492 242.399390 -10.814447
v 16.254041 242.614363 -5.708141
v 16.254041 242.614363 -5.708141
v 8.206492 242.399390 -10.814447
v 8.826615 249.786283 -11.113083
v 16.262947 249.545115 -5.747159
v 18.557237 252.959262 -15.799103
v 16.262947 249.545115 -5.747159
v 8.826615 249.786283 -11.113083
v 18.557237 238.959262 -15.799103
v 9.064495 242.448843 -20.370567
v 8.206492 242.399390 -10.814447
v 8.206492 242.399390 -10.814447
v 9.064495 242.448843 -20.370567
v 7.623442 249.635431 -21.064542
v 8.826615 249.786283 -11.113083
v 18.557237 252.959262 -15.799103
v 8.826615 249.786283 -11.113083
v 7.623442 249.635431 -21.064542
v 18.557237 238.959262 -15.799103
v 16.270055 242.628123 -25.819905
v 9.064495 242.448843 -20.370567
v 9.064495 242.448843 -20.370567
v 16.270055 242.628123 -25.819905
v 16.016011 249.551086 -26.932942
v 7.623442 249.635431 -21.064542
v 18.557237 252.959262 -15.799103
v 7.623442 249.635431 -21.064542
v 16.016011 249.551086 -26.932942
v 18.557237 238.959262 -15.799103
v 24.913505 242.609906 -23.769611
v 16.270055 242.628123 -25.819905
v 16.270055 242.628123 -25.819905
v 24.913505 242.609906 -23.769611
v 26.209190 249.536702 -25.394349
v 16.016011 249.551086 -26.932942
v 18.557237 252.959262 -15.799103
v 16.016011 249.551086 -26.932942
v 26.209190 249.536702 -25.394349
v 18.557237 238.959262 -15.799103
v 29.109041 242.780858 -15.799103
v 24.913505 242.609906 -23.769611
v 24.913505 242.609906 -23.769611
v 29.109041 242.780858 -15.799103
v 30.163526 249.735512 -15.799103
v 26.209190 249.536702 -25.394349
v 18.557237 252.959262 -15.799103
v 26.209190 249.536702 -25.394349
v 30.163526 249.735512 -15.799103
v 27.536546 241.104262 -23.443831
v 34.142167 244.428712 -15.160643
v 39.474679 244.674952 -23.443831
v 39.474679 244.674952 -23.443831
v 34.142167 244.428712 -15.160643
v 35.188564 251.452403 -13.848503
v 38.436914 251.353040 -23.443831
v 27.536546 255.104262 -23.443831
v 38.436914 251.353040 -23.443831
v 35.188564 251.452403 -13.848503
v 27.536546 241.104262 -23.443831
v 24.994900 244.618532 -12.308153
v 34.142167 244.428712 -15.160643
v 34.142167 244.428712 -15.160643
v 24.994900 244.618532 -12.308153
v 24.795845 251.399606 -11.436035
v 35.188564 251.452403 -13.848503
v 27.536546 255.104262 -23.443831
v 35.188564 251.452403 -13.848503
v 24.795845 251.399606 -11.436035
v 27.536546 241.104262 -23.443831
v 17.104171 244.796821 -18.419864
v 24.994900 244.618532 -12.308153
v 24.994900 244.618532 -12.308153
v 17.104171 244.796821 -18.419864
v 16.538314 251.510064 -18.147361
v 24.795845 251.399606 -11.436035
v 27.536546 255.104262 -23.443831
v 24.795845 251.399606 -11.436035
v 16.538314 251.510064 -18.147361
v 27.536546 241.104262 -23.443831
v 18.258901 244.328723 -27.911709
v 17.104171 244.796821 -18.419864
v 17.104171 244.796821 -18.419864
v 18.258901 244.328723 -27.911709
v 16.844901 251.456961 -28.592655
v 16.538314 251.510064 -18.147361
v 27.536546 255.104262 -23.443831
v 16.538314 251.510064 -18.147361
v 16.844901 251.456961 -28.592655
v 27.536546 241.104262 -23.443831
v 24.909055 244.396143 -34.955619
v 18.258901 244.328723 -27.911709
v 18.258901 244.328723 -27.911709
v 24.909055 244.396143 -34.955619
v 24.924480 251.393927 -34.888039
v 16.844901 251.456961 -28.592655
v 27.536546 255.104262 -23.443831
v 16.844901 251.456961 -28.592655
v 24.924480 251.393927 -34.888039
v 27.536546 241.104262 -23.443831
v 34.103271 244.758314 -31.678244
v 24.909055 244.396143 -34.955619
v 24.909055 244.396143 -34.955619
v 34.103271 244.758314 -31.678244
v 33.903994 251.897365 -31.428359
v 24.924480 251.393927 -34.888039
v 27.536546 255.104262 -23.443831
v 24.924480 251.393927 -34.888039
v 33.903994 251.897365 -31.428359
v 27.536546 241.104262 -23.443831
v 39.474679 244.674952 -23.443831
v 34.103271 244.758314 -31.678244
v 34.103271 244.758314 -31.678244
v 39.474679 244.674952 -23.443831
v 38.436914 251.353040 -23.443831
v 33.903994 251.897365 -31.428359
v 27.536546 255.104262 -23.443831
v 33.903994 251.897365 -31.428359
v 38.436914 251.353040 -23.443831
v -0.683982 241.526262 1.921918
v 0.155767 239.840422 1.138103
v 17.830810 246.849559 6.724649
v 17.536898 247.439603 6.998984
v 0.000000 241.526262 0.000000
v 0.155767 239.840422 1.138103
v -0.683982 241.526262 1.921918
v 0.155767 239.840422 1.138103
v 0.839748 239.840422 -0.783815
v 18.070203 246.849559 6.051977
v 17.830810 246.849559 6.724649
v 0.000000 241.526262 0.000000
v 0.839748 239.840422 -0.783815
v 0.155767 239.840422 1.138103
v 0.839748 239.840422 -0.783815
v 0.683982 241.526262 -1.921918
v 18.015685 247.439603 5.653641
v 18.070203 246.849559 6.051977
v 0.000000 241.526262 0.000000
v 0.683982 241.526262 -1.921918
v 0.839748 239.840422 -0.783815
v 0.683982 241.526262 -1.921918
v -0.155767 243.212102 -1.138103
v 17.721773 248.029647 5.927976
v 18.015685 247.439603 5.653641
v 0.000000 241.526262 0.000000
v -0.155767 243.212102 -1.138103
v 0.683982 241.526262 -1.921918
v -0.155767 243.212102 -1.138103
v -0.839748 243.212102 0.783815
v 17.482380 248.029647 6.600648
v 17.721773 248.029647 5.927976
v 0.000000 241.526262 0.000000
v -0.839748 243.212102 0.783815
v -0.155767 243.212102 -1.138103
v -0.839748 243.212102 0.783815
v -0.683982 241.526262 1.921918
v 17.536898 247.439603 6.998984
v 17.482380 248.029647 6.600648
v 0.000000 241.526262 0.000000
v -0.683982 241.526262 1.921918
v -0.839748 243.212102 0.783815
v 17.543483 247.354284 6.995877
v 17.719633 246.784169 6.603786
v 37.082506 249.238063 12.941983
v 37.233492 248.749392 12.605906
v 37.033941 248.676262 13.179818
v 37.233492 248.749392 12.605906
v 37.082506 249.238063 12.941983
v 17.719633 246.784169 6.603786
v 17.952442 246.869487 5.934222
v 36.882955 249.164933 13.515896
v 37.082506 249.238063 12.941983
v 37.033941 248.676262 13.179818
v 37.082506 249.238063 12.941983
v 36.882955 249.164933 13.515896
v 17.952442 246.869487 5.934222
v 18.009101 247.524921 5.656748
v 36.834390 248.603132 13.753731
v 36.882955 249.164933 13.515896
v 37.033941 248.676262 13.179818
v 36.882955 249.164933 13.515896
v 36.834390 248.603132 13.753731
v 18.009101 247.524921 5.656748
v 17.832951 248.095037 6.048839
v 36.985376 248.114461 13.417653
v 36.834390 248.603132 13.753731
v 37.033941 248.676262 13.179818
v 36.834390 248.603132 13.753731
v 36.985376 248.114461 13.417653
v 17.832951 248.095037 6.048839
v 17.600142 248.009719 6.718403
v 37.184927 248.187591 12.843740
v 36.985376 248.114461 13.417653
v 37.033941 248.676262 13.179818
v 36.985376 248.114461 13.417653
v 37.184927 248.187591 12.843740
v 17.600142 248.009719 6.718403
v 17.543483 247.354284 6.995877
v 37.233492 248.749392 12.605906
v 37.184927 248.187591 12.843740
v 37.033941 248.676262 13.179818
v 37.184927 248.187591 12.843740
v 37.233492 248.749392 12.605906
v 22.961043 238.959262 8.171487
v 30.284585 242.413253 17.354918
v 33.963383 242.473584 8.171487
v 33.963383 242.473584 8.171487
v 30.284585 242.413253 17.354918
v 30.071307 249.790292 17.087476
v 33.497870 249.473045 8.171487
v 22.961043 252.959262 8.171487
v 33.497870 249.473045 8.171487
v 30.071307 249.790292 17.087476
v 22.961043 238.959262 8.171487
v 20.488641 242.115390 19.003789
v 30.284585 242.413253 17.354918
v 30.284585 242.413253 17.354918
v 20.488641 242.115390 19.003789
v 20.268628 249.414873 19.967729
v 30.071307 249.790292 17.087476
v 22.961043 252.959262 8.171487
v 30.071307 249.790292 17.087476
v 20.268628 249.414873 19.967729
v 22.961043 238.959262 8.171487
v 12.476864 242.598841 13.220402
v 20.488641 242.115390 19.003789
v 20.488641 242.115390 19.003789
v 12.476864 242.598841 13.220402
v 13.376917 249.476536 12.786959
v 20.268628 249.414873 19.967729
v 22.961043 252.959262 8.171487
v 20.268628 249.414873 19.967729
v 13.376917 249.476536 12.786959
v 22.961043 238.959262 8.171487
v 13.684777 242.287313 3.704273
v 12.476864 242.598841 13.220402
v 12.476864 242.598841 13.220402
v 13.684777 242.287313 3.704273
v 12.598498 249.655352 3.181148
v 13.376917 249.476536 12.786959
v 22.961043 252.959262 8.171487
v 13.376917 249.476536 12.786959
v 12.598498 249.655352 3.181148
v 22.961043 238.959262 8.171487
v 20.269889 242.188889 -3.619231
v 13.684777 242.287313 3.704273
v 13.684777 242.287313 3.704273
v 20.269889 242.188889 -3.619231
v 20.229753 249.727979 -3.795079
v 12.598498 249.655352 3.181148
v 22.961043 252.959262 8.171487
v 12.598498 249.655352 3.181148
v 20.229753 249.727979 -3.795079
v 22.961043 238.959262 8.171487
v 30.383402 242.313793 -1.135856
v 20.269889 242.188889 -3.619231
v 20.269889 242.188889 -3.619231
v 30.383402 242.313793 -1.135856
v 29.824029 249.275845 -0.434424
v 20.229753 249.727979 -3.795079
v 22.961043 252.959262 8.171487
v 20.229753 249.727979 -3.795079
v 29.824029 249.275845 -0.434424
v 22.961043 238.959262 8.171487
v 33.963383 242.473584 8.171487
v 30.383402 242.313793 -1.135856
v 30.383402 242.313793 -1.135856
v 33.963383 242.473584 8.171487
v 33.497870 249.473045 8.171487
v 29.824029 249.275845 -0.434424
v 22.961043 252.959262 8.171487
v 29.824029 249.275845 -0.434424
v 33.497870 249.473045 8.171487
v 34.071226 241.104262 12.125433
v 40.444519 244.547711 20.117290
v 44.625051 244.283017 12.125433
v 44.625051 244.283017 12.125433
v 40.444519 244.547711 20.117290
v 40.831013 251.928740 20.601937
v 45.794710 251.431166 12.125433
v 34.071226 255.104262 12.125433
v 45.794710 251.431166 12.125433
v 40.831013 251.928740 20.601937
v 34.071226 241.104262 12.125433
v 31.396788 244.285060 23.842911
v 40.444519 244.547711 20.117290
v 40.444519 244.547711 20.117290
v 31.396788 244.285060 23.842911
v 31.528060 251.787161 23.267769
v 40.831013 251.928740 20.601937
v 34.071226 255.104262 12.125433
v 40.831013 251.928740 20.601937
v 31.528060 251.787161 23.267769
v 34.071226 241.104262 12.125433
v 24.620026 244.501986 16.676890
v 31.396788 244.285060 23.842911
v 31.396788 244.285060 23.842911
v 24.620026 244.501986 16.676890
v 24.492718 251.383262 16.738199
v 31.528060 251.787161 23.267769
v 34.071226 255.104262 12.125433
v 31.528060 251.787161 23.267769
v 24.492718 251.383262 16.738199
v 34.071226 241.104262 12.125433
v 23.676411 244.499543 7.119554
v 24.620026 244.501986 16.676890
v 24.620026 244.501986 16.676890
v 23.676411 244.499543 7.119554
v 23.419888 251.906395 6.996019
v 24.492718 251.383262 16.738199
v 34.071226 255.104262 12.125433
v 24.492718 251.383262 16.738199
v 23.419888 251.906395 6.996019
v 34.071226 241.104262 12.125433
v 31.599227 244.551423 1.294897
v 23.676411 244.499543 7.119554
v 23.676411 244.499543 7.119554
v 31.599227 244.551423 1.294897
v 31.510005 251.714196 0.903991
v 23.419888 251.906395 6.996019
v 34.071226 255.104262 12.125433
v 23.419888 251.906395 6.996019
v 31.510005 251.714196 0.903991
v 34.071226 241.104262 12.125433
v 41.340872 244.841303 3.009584
v 31.599227 244.551423 1.294897
v 31.599227 244.551423 1.294897
v 41.340872 244.841303 3.009584
v 40.755830 251.265016 3.743204
v 31.510005 251.714196 0.903991
v 34.071226 255.104262 12.125433
v 31.510005 251.714196 0.903991
v 40.755830 251.265016 3.743204
v 34.071226 241.104262 12.125433
v 44.625051 244.283017 12.125433
v 41.340872 244.841303 3.009584
v 41.340872 244.841303 3.009584
v 44.625051 244.283017 12.125433
v 45.794710 251.431166 12.125433
v 40.755830 251.265016 3.743204
v 34.071226 255.104262 12.125433
v 40.755830 251.265016 3.743204
v 45.794710 251.431166 12.125433
vt 0.000000 0.000000
vt 1.000000 0.000000
vt 1.000000 1.000000
vt 0.000000 1.000000
vt 0.500000 1.000000
vt 0.000000 0.000000
vt 1.000000 0.000000
vt 0.000000 0.000000
vt 1.000000 0.000000
vt 1.000000 1.000000
vt 0.000000 1.000000
vt 0.500000 1.000000
vt 0.000000 0.000000
vt 1.000000 0.000000
vt 0.000000 0.000000
vt 1.000000 0.000000
vt 1.000000 1.000000
vt 0.000000 1.000000
vt 0.500000 1.000000
vt 0.000000 0.000000
vt 1.000000 0.000000
vt 0.000000 0.000000
vt 1.000000 0.000000
vt 1.000000 1.000000
vt 0.000000 1.000000
vt 0.500000 1.000000
vt 0.000000 0.000000
vt 1.000000 0.000000
vt 0.000000 0.000000
vt 1.000000 0.000000
vt 1.000000 1.000000
vt 0.000000 1.000000
vt 0.500000 1.000000
vt 0.000000 0.000000
vt 1.000000 0.000000
vt 0.000000 0.000000
vt 1.000000 0.000000
vt 1.000000 1.000000
vt 0.000000 1.000000
vt 0.500000 1.000000
vt 0.000000 0.000000
vt 1.000000 0.000000
vt 0.000000 0.000000
vt 1.000000 0.000000
vt 1.000000 1.000000
vt 0.000000 1.000000
vt 0.500000 1.000000
vt 0.000000 0.000000
vt 1.000000 0.000000
vt 0.000000 0.000000
vt 1.000000 0.000000
vt 1.000000 1.000000
vt 0.000000 1.000000
vt 0.500000 1.000000
vt 0.000000 0.000000
vt 1.000000 0.000000
vt 0.000000 0.000000
vt 1.000000 0.000000
vt 1.000000 1.000000
vt 0.000000 1.000000
vt 0.500000 1.000000
vt 0.000000 0.000000
vt 1.000000 0.000000
vt 0.000000 0.000000
vt 1.000000 0.000000
vt 1.000000 1.000000
vt 0.000000 1.000000
vt 0.500000 1.000000
vt 0.000000 0.000000
vt 1.000000 0.000000
vt 0.000000 0.000000
vt 1.000000 0.000000
vt 1.000000 1.000000
vt 0.000000 1.000000
vt 0.500000 1.000000
vt 0.000000 0.000000
vt 1.000000 0.000000
vt 0.000000 0.000000
vt 1.000000 0.000000
vt 1.000000 1.000000
vt 0.000000 1.000000
vt 0.500000 1.000000
vt 0.000000 0.000000
vt 1.000000 0.000000
vt 0.000000 0.000000
vt 1.000000 0.000000
vt 1.000000 1.000000
vt 0.000000 1.000000
vt 0.500000 1.000000
vt 0.000000 0.000000
vt 1.000000 0.000000
vt 0.000000 0.000000
vt 1.000000 0.000000
vt 1.000000 1.000000
vt 0.000000 1.000000
vt 0.500000 1.000000
vt 0.000000 0.000000
vt 1.000000 0.000000
vt 0.000000 0.000000
vt 1.000000 0.000000
vt 1.000000 1.000000
vt 0.000000 1.000000
vt 0.500000 1.000000
vt 0.000000 0.000000
vt 1.000000 0.000000
vt 0.000000 0.000000
vt 1.000000 0.000000
vt 1.000000 1.000000
vt 0.000000 1.000000
vt 0.500000 1.000000
vt 0.000000 0.000000
vt 1.000000 0.000000
vt 0.000000 0.000000
vt 1.000000 0.000000
vt 1.000000 1.000000
vt 0.000000 1.000000
vt 0.500000 1.000000
vt 0.000000 0.000000
vt 1.000000 0.000000
vt 0.000000 0.000000
vt 1.000000 0.000000
vt 1.000000 1.000000
vt 0.000000 1.000000
vt 0.500000 1.000000
vt 0.000000 0.000000
vt 1.000000 0.000000
vt 0.000000 0.000000
vt 1.000000 0.000000
vt 1.000000 1.000000
vt 0.000000 1.000000
vt 0.500000 1.000000
vt 0.000000 0.000000
vt 1.000000 0.000000
vt 0.000000 0.000000
vt 1.000000 0.000000
vt 1.000000 1.000000
vt 0.000000 1.000000
vt 0.500000 1.000000
vt 0.000000 0.000000
vt 1.000000 0.000000
vt 0.000000 0.000000
vt 1.000000 0.000000
vt 1.000000 1.000000
vt 0.000000 1.000000
vt 0.500000 1.000000
vt 0.000000 0.000000
vt 1.000000 0.000000
vt 0.000000 0.000000
vt 1.000000 0.000000
vt 1.000000 1.000000
vt 0.000000 1.000000
vt 0.500000 1.000000
vt 0.000000 0.000000
vt 1.000000 0.000000
vt 0.000000 0.000000
vt 1.000000 0.000000
vt 1.000000 1.000000
vt 0.000000 1.000000
vt 0.500000 1.000000
vt 0.000000 0.000000
vt 1.000000 0.000000
vt 0.000000 0.000000
vt 1.000000 0.000000
vt 1.000000 1.000000
vt 0.000000 1.000000
vt 0.500000 1.000000
vt 0.000000 0.000000
vt 1.000000 0.000000
vt 0.000000 0.000000
vt 1.000000 0.000000
vt 1.000000 1.000000
vt 0.000000 1.000000
vt 0.500000 1.000000
vt 0.000000 0.000000
vt 1.000000 0.000000
vt 0.000000 0.000000
vt 1.000000 0.000000
vt 1.000000 1.000000
vt 0.000000 1.000000
vt 0.500000 1.000000
vt 0.000000 0.000000
vt 1.000000 0.000000
vt 0.000000 0.000000
vt 1.000000 0.000000
vt 1.000000 1.000000
vt 0.000000 1.000000
vt 0.500000 1.000000
vt 0.000000 0.000000
vt 1.000000 0.000000
vt 0.000000 0.000000
vt 1.000000 0.000000
vt 1.000000 1.000000
vt 0.000000 1.000000
vt 0.500000 1.000000
vt 0.000000 0.000000
vt 1.000000 0.000000
vt 0.000000 0.000000
vt 1.000000 0.000000
vt 1.000000 1.000000
vt 0.000000 1.000000
vt 0.500000 1.000000
vt 0.000000 0.000000
vt 1.000000 0.000000
vt 0.000000 0.000000
vt 1.000000 0.000000
vt 1.000000 1.000000
vt 0.000000 1.000000
vt 0.500000 1.000000
vt 0.000000 0.000000
vt 1.000000 0.000000
vt 0.000000 0.000000
vt 1.000000 0.000000
vt 1.000000 1.000000
vt 0.000000 1.000000
vt 0.500000 1.000000
vt 0.000000 0.000000
vt 1.000000 0.000000
vt 0.000000 0.000000
vt 1.000000 0.000000
vt 1.000000 1.000000
vt 0.000000 1.000000
vt 0.500000 1.000000
vt 0.000000 0.000000
vt 1.000000 0.000000
vt 0.500000 1.000000
vt 0.000000 0.000000
vt 1.000000 0.000000
vt 0.000000 0.000000
vt 1.000000 0.000000
vt 1.000000 1.000000
vt 0.000000 1.000000
vt 0.500000 1.000000
vt 0.000000 0.000000
vt 1.000000 0.000000
vt 0.500000 1.000000
vt 0.000000 0.000000
vt 1.000000 0.000000
vt 0.000000 0.000000
vt 1.000000 0.000000
vt 1.000000 1.000000
vt 0.000000 1.000000
vt 0.500000 1.000000
vt 0.000000 0.000000
vt 1.000000 0.000000
vt 0.500000 1.000000
vt 0.000000 0.000000
vt 1.000000 0.000000
vt 0.000000 0.000000
vt 1.000000 0.000000
vt 1.000000 1.000000
vt 0.000000 1.000000
vt 0.500000 1.000000
vt 0.000000 0.000000
vt 1.000000 0.000000
vt 0.500000 1.000000
vt 0.000000 0.000000
vt 1.000000 0.000000
vt 0.000000 0.000000
vt 1.000000 0.000000
vt 1.000000 1.000000
vt 0.000000 1.000000
vt 0.500000 1.000000
vt 0.000000 0.000000
vt 1.000000 0.000000
vt 0.500000 1.000000
vt 0.000000 0.000000
vt 1.000000 0.000000
vt 0.000000 0.000000
vt 1.000000 0.000000
vt 1.000000 1.000000
vt 0.000000 1.000000
vt 0.500000 1.000000
vt 0.000000 0.000000
vt 1.000000 0.000000
vt 0.500000 1.000000
vt 0.000000 0.000000
vt 1.000000 0.000000
vt 0.000000 0.000000
vt 1.000000 0.000000
vt 1.000000 1.000000
vt 0.000000 1.000000
vt 0.500000 1.000000
vt 0.000000 0.000000
vt 1.000000 0.000000
vt 0.500000 1.000000
vt 0.000000 0.000000
vt 1.000000 0.000000
vt 0.000000 0.000000
vt 1.000000 0.000000
vt 1.000000 1.000000
vt 0.000000 1.000000
vt 0.500000 1.000000
vt 0.000000 0.000000
vt 1.000000 0.000000
vt 0.500000 1.000000
vt 0.000000 0.000000
vt 1.000000 0.000000
vt 0.000000 0.000000
vt 1.000000 0.000000
vt 1.000000 1.000000
vt 0.000000 1.000000
vt 0.500000 1.000000
vt 0.000000 0.000000
vt 1.000000 0.000000
vt 0.500000 1.000000
vt 0.000000 0.000000
vt 1.000000 0.000000
vt 0.000000 0.000000
vt 1.000000 0.000000
vt 1.000000 1.000000
vt 0.000000 1.000000
vt 0.500000 1.000000
vt 0.000000 0.000000
vt 1.000000 0.000000
vt 0.500000 1.000000
vt 0.000000 0.000000
vt 1.000000 0.000000
vt 0.000000 0.000000
vt 1.000000 0.000000
vt 1.000000 1.000000
vt 0.000000 1.000000
vt 0.500000 1.000000
vt 0.000000 0.000000
vt 1.000000 0.000000
vt 0.500000 1.000000
vt 0.000000 0.000000
vt 1.000000 0.000000
vt 0.000000 0.000000
vt 1.000000 0.000000
vt 1.000000 1.000000
vt 0.000000 1.000000
vt 0.500000 1.000000
vt 0.000000 0.000000
vt 1.000000 0.000000
vt 0.500000 1.000000
vt 0.000000 0.000000
vt 1.000000 0.000000
vt 0.000000 0.000000
vt 1.000000 0.000000
vt 1.000000 1.000000
vt 0.000000 1.000000
vt 0.500000 1.000000
vt 0.000000 0.000000
vt 1.000000 0.000000
vt 0.500000 1.000000
vt 0.000000 0.000000
vt 1.000000 0.000000
vt 0.000000 0.000000
vt 1.000000 0.000000
vt 1.000000 1.000000
vt 0.000000 1.000000
vt 0.500000 1.000000
vt 0.000000 0.000000
vt 1.000000 0.000000
vt 0.500000 1.000000
vt 0.000000 0.000000
vt 1.000000 0.000000
vt 0.000000 0.000000
vt 1.000000 0.000000
vt 1.000000 1.000000
vt 0.000000 1.000000
vt 0.500000 1.000000
vt 0.000000 0.000000
vt 1.000000 0.000000
vt 0.000000 0.000000
vt 1.000000 0.000000
vt 1.000000 1.000000
vt 0.000000 1.000000
vt 0.500000 1.000000
vt 0.000000 0.000000
vt 1.000000 0.000000
vt 0.000000 0.000000
vt 1.000000 0.000000
vt 1.000000 1.000000
vt 0.000000 1.000000
vt 0.500000 1.000000
vt 0.000000 0.000000
vt 1.000000 0.000000
vt 0.000000 0.000000
vt 1.000000 0.000000
vt 1.000000 1.000000
vt 0.000000 1.000000
vt 0.500000 1.000000
vt 0.000000 0.000000
vt 1.000000 0.000000
vt 0.000000 0.000000
vt 1.000000 0.000000
vt 1.000000 1.000000
vt 0.000000 1.000000
vt 0.500000 1.000000
vt 0.000000 0.000000
vt 1.000000 0.000000
vt 0.000000 0.000000
vt 1.000000 0.000000
vt 1.000000 1.000000
vt 0.000000 1.000000
vt 0.500000 1.000000
vt 0.000000 0.000000
vt 1.000000 0.000000
vt 0.000000 0.000000
vt 1.000000 0.000000
vt 1.000000 1.000000
vt 0.000000 1.000000
vt 0.500000 1.000000
vt 0.000000 0.000000
vt 1.000000 0.000000
vt 0.000000 0.000000
vt 1.000000 0.000000
vt 1.000000 1.000000
vt 0.000000 1.000000
vt 0.500000 1.000000
vt 0.000000 0.000000
vt 1.000000 0.000000
vt 0.000000 0.000000
vt 1.000000 0.000000
vt 1.000000 1.000000
vt 0.000000 1.000000
vt 0.500000 1.000000
vt 0.000000 0.000000
vt 1.000000 0.000000
vt 0.000000 0.000000
vt 1.000000 0.000000
vt 1.000000 1.000000
vt 0.000000 1.000000
vt 0.500000 1.000000
vt 0.000000 0.000000
vt 1.000000 0.000000
vt 0.000000 0.000000
vt 1.000000 0.000000
vt 1.000000 1.000000
vt 0.000000 1.000000
vt 0.500000 1.000000
vt 0.000000 0.000000
vt 1.000000 0.000000
vt 0.000000 0.000000
vt 1.000000 0.000000
vt 1.000000 1.000000
vt 0.000000 1.000000
vt 0.500000 1.000000
vt 0.000000 0.000000
vt 1.000000 0.000000
vt 0.000000 0.000000
vt 1.000000 0.000000
vt 1.000000 1.000000
vt 0.000000 1.000000
vt 0.500000 1.000000
vt 0.000000 0.000000
vt 1.000000 0.000000
vt 0.500000 1.000000
vt 0.000000 0.000000
vt 1.000000 0.000000
vt 0.000000 0.000000
vt 1.000000 0.000000
vt 1.000000 1.000000
vt 0.000000 1.000000
vt 0.500000 1.000000
vt 0.000000 0.000000
vt 1.000000 0.000000
vt 0.500000 1.000000
vt 0.000000 0.000000
vt 1.000000 0.000000
vt 0.000000 0.000000
vt 1.000000 0.000000
vt 1.000000 1.000000
vt 0.000000 1.000000
vt 0.500000 1.000000
vt 0.000000 0.000000
vt 1.000000 0.000000
vt 0.500000 1.000000
vt 0.000000 0.000000
vt 1.000000 0.000000
vt 0.000000 0.000000
vt 1.000000 0.000000
vt 1.000000 1.000000
vt 0.000000 1.000000
vt 0.500000 1.000000
vt 0.000000 0.000000
vt 1.000000 0.000000
vt 0.500000 1.000000
vt 0.000000 0.000000
vt 1.000000 0.000000
vt 0.000000 0.000000
vt 1.000000 0.000000
vt 1.000000 1.000000
vt 0.000000 1.000000
vt 0.500000 1.000000
vt 0.000000 0.000000
vt 1.000000 0.000000
vt 0.500000 1.000000
vt 0.000000 0.000000
vt 1.000000 0.000000
vt 0.000000 0.000000
vt 1.000000 0.000000
vt 1.000000 1.000000
vt 0.000000 1.000000
vt 0.500000 1.000000
vt 0.000000 0.000000
vt 1.000000 0.000000
vt 0.500000 1.000000
vt 0.000000 0.000000
vt 1.000000 0.000000
vt 0.000000 0.000000
vt 1.000000 0.000000
vt 1.000000 1.000000
vt 0.000000 1.000000
vt 0.500000 1.000000
vt 0.000000 0.000000
vt 1.000000 0.000000
vt 0.500000 1.000000
vt 0.000000 0.000000
vt 1.000000 0.000000
vt 0.000000 0.000000
vt 1.000000 0.000000
vt 1.000000 1.000000
vt 0.000000 1.000000
vt 0.500000 1.000000
vt 0.000000 0.000000
vt 1.000000 0.000000
vt 0.500000 1.000000
vt 0.000000 0.000000
vt 1.000000 0.000000
vt 0.000000 0.000000
vt 1.000000 0.000000
vt 1.000000 1.000000
vt 0.000000 1.000000
vt 0.500000 1.000000
vt 0.000000 0.000000
vt 1.000000 0.000000
vt 0.500000 1.000000
vt 0.000000 0.000000
vt 1.000000 0.000000
vt 0.000000 0.000000
vt 1.000000 0.000000
vt 1.000000 1.000000
vt 0.000000 1.000000
vt 0.500000 1.000000
vt 0.000000 0.000000
vt 1.000000 0.000000
vt 0.500000 1.000000
vt 0.000000 0.000000
vt 1.000000 0.000000
vt 0.000000 0.000000
vt 1.000000 0.000000
vt 1.000000 1.000000
vt 0.000000 1.000000
vt 0.500000 1.000000
vt 0.000000 0.000000
vt 1.000000 0.000000
vt 0.500000 1.000000
vt 0.000000 0.000000
vt 1.000000 0.000000
vt 0.000000 0.000000
vt 1.000000 0.000000
vt 1.000000 1.000000
vt 0.000000 1.000000
vt 0.500000 1.000000
vt 0.000000 0.000000
vt 1.000000 0.000000
vt 0.500000 1.000000
vt 0.000000 0.000000
vt 1.000000 0.000000
vt 0.000000 0.000000
vt 1.000000 0.000000
vt 1.000000 1.000000
vt 0.000000 1.000000
vt 0.500000 1.000000
vt 0.000000 0.000000
vt 1.000000 0.000000
vt 0.500000 1.000000
vt 0.000000 0.000000
vt 1.000000 0.000000
vt 0.000000 0.000000
vt 1.000000 0.000000
vt 1.000000 1.000000
vt 0.000000 1.000000
vt 0.500000 1.000000
vt 0.000000 0.000000
vt 1.000000 0.000000
vt 0.500000 1.000000
vt 0.000000 0.000000
vt 1.000000 0.000000
vt 0.000000 0.000000
vt 1.000000 0.000000
vt 1.000000 1.000000
vt 0.000000 1.000000
vt 0.500000 1.000000
vt 0.000000 0.000000
vt 1.000000 0.000000
vt 0.000000 0.000000
vt 1.000000 0.000000
vt 1.000000 1.000000
vt 0.000000 1.000000
vt 0.500000 1.000000
vt 0.000000 0.000000
vt 1.000000 0.000000
vt 0.000000 0.000000
vt 1.000000 0.000000
vt 1.000000 1.000000
vt 0.000000 1.000000
vt 0.500000 1.000000
vt 0.000000 0.000000
vt 1.000000 0.000000
vt 0.000000 0.000000
vt 1.000000 0.000000
vt 1.000000 1.000000
vt 0.000000 1.000000
vt 0.500000 1.000000
vt 0.000000 0.000000
vt 1.000000 0.000000
vt 0.000000 0.000000
vt 1.000000 0.000000
vt 1.000000 1.000000
vt 0.000000 1.000000
vt 0.500000 1.000000
vt 0.000000 0.000000
vt 1.000000 0.000000
vt 0.000000 0.000000
vt 1.000000 0.000000
vt 1.000000 1.000000
vt 0.000000 1.000000
vt 0.500000 1.000000
vt 0.000000 0.000000
vt 1.000000 0.000000
vt 0.000000 0.000000
vt 1.000000 0.000000
vt 1.000000 1.000000
vt 0.000000 1.000000
vt 0.500000 1.000000
vt 0.000000 0.000000
vt 1.000000 0.000000
vt 0.000000 0.000000
vt 1.000000 0.000000
vt 1.000000 1.000000
vt 0.000000 1.000000
vt 0.500000 1.000000
vt 0.000000 0.000000
vt 1.000000 0.000000
vt 0.000000 0.000000
vt 1.000000 0.000000
vt 1.000000 1.000000
vt 0.000000 1.000000
vt 0.500000 1.000000
vt 0.000000 0.000000
vt 1.000000 0.000000
vt 0.000000 0.000000
vt 1.000000 0.000000
vt 1.000000 1.000000
vt 0.000000 1.000000
vt 0.500000 1.000000
vt 0.000000 0.000000
vt 1.000000 0.000000
vt 0.000000 0.000000
vt 1.000000 0.000000
vt 1.000000 1.000000
vt 0.000000 1.000000
vt 0.500000 1.000000
vt 0.000000 0.000000
vt 1.000000 0.000000
vt 0.000000 0.000000
vt 1.000000 0.000000
vt 1.000000 1.000000
vt 0.000000 1.000000
vt 0.500000 1.000000
vt 0.000000 0.000000
vt 1.000000 0.000000
vt 0.000000 0.000000
vt 1.000000 0.000000
vt 1.000000 1.000000
vt 0.000000 1.000000
vt 0.500000 1.000000
vt 0.000000 0.000000
vt 1.000000 0.000000
vt 0.500000 1.000000
vt 0.000000 0.000000
vt 1.000000 0.000000
vt 0.000000 0.000000
vt 1.000000 0.000000
vt 1.000000 1.000000
vt 0.000000 1.000000
vt 0.500000 1.000000
vt 0.000000 0.000000
vt 1.000000 0.000000
vt 0.500000 1.000000
vt 0.000000 0.000000
vt 1.000000 0.000000
vt 0.000000 0.000000
vt 1.000000 0.000000
vt 1.000000 1.000000
vt 0.000000 1.000000
vt 0.500000 1.000000
vt 0.000000 0.000000
vt 1.000000 0.000000
vt 0.500000 1.000000
vt 0.000000 0.000000
vt 1.000000 0.000000
vt 0.000000 0.000000
vt 1.000000 0.000000
vt 1.000000 1.000000
vt 0.000000 1.000000
vt 0.500000 1.000000
vt 0.000000 0.000000
vt 1.000000 0.000000
vt 0.500000 1.000000
vt 0.000000 0.000000
vt 1.000000 0.000000
vt 0.000000 0.000000
vt 1.000000 0.000000
vt 1.000000 1.000000
vt 0.000000 1.000000
vt 0.500000 1.000000
vt 0.000000 0.000000
vt 1.000000 0.000000
vt 0.500000 1.000000
vt 0.000000 0.000000
vt 1.000000 0.000000
vt 0.000000 0.000000
vt 1.000000 0.000000
vt 1.000000 1.000000
vt 0.000000 1.000000
vt 0.500000 1.000000
vt 0.000000 0.000000
vt 1.000000 0.000000
vt 0.500000 1.000000
vt 0.000000 0.000000
vt 1.000000 0.000000
vt 0.000000 0.000000
vt 1.000000 0.000000
vt 1.000000 1.000000
vt 0.000000 1.000000
vt 0.500000 1.000000
vt 0.000000 0.000000
vt 1.000000 0.000000
vt 0.500000 1.000000
vt 0.000000 0.000000
vt 1.000000 0.000000
vt 0.000000 0.000000
vt 1.000000 0.000000
vt 1.000000 1.000000
vt 0.000000 1.000000
vt 0.500000 1.000000
vt 0.000000 0.000000
vt 1.000000 0.000000
vt 0.500000 1.000000
vt 0.000000 0.000000
vt 1.000000 0.000000
vt 0.000000 0.000000
vt 1.000000 0.000000
vt 1.000000 1.000000
vt 0.000000 1.000000
vt 0.500000 1.000000
vt 0.000000 0.000000
vt 1.000000 0.000000
vt 0.500000 1.000000
vt 0.000000 0.000000
vt 1.000000 0.000000
vt 0.000000 0.000000
vt 1.000000 0.000000
vt 1.000000 1.000000
vt 0.000000 1.000000
vt 0.500000 1.000000
vt 0.000000 0.000000
vt 1.000000 0.000000
vt 0.500000 1.000000
vt 0.000000 0.000000
vt 1.000000 0.000000
vt 0.000000 0.000000
vt 1.000000 0.000000
vt 1.000000 1.000000
vt 0.000000 1.000000
vt 0.500000 1.000000
vt 0.000000 0.000000
vt 1.000000 0.000000
vt 0.500000 1.000000
vt 0.000000 0.000000
vt 1.000000 0.000000
vt 0.000000 0.000000
vt 1.000000 0.000000
vt 1.000000 1.000000
vt 0.000000 1.000000
vt 0.500000 1.000000
vt 0.000000 0.000000
vt 1.000000 0.000000
vt 0.500000 1.000000
vt 0.000000 0.000000
vt 1.000000 0.000000
vt 0.000000 0.000000
vt 1.000000 0.000000
vt 1.000000 1.000000
vt 0.000000 1.000000
vt 0.500000 1.000000
vt 0.000000 0.000000
vt 1.000000 0.000000
vt 0.500000 1.000000
vt 0.000000 0.000000
vt 1.000000 0.000000
vt 0.000000 0.000000
vt 1.000000 0.000000
vt 1.000000 1.000000
vt 0.000000 1.000000
vt 0.500000 1.000000
vt 0.000000 0.000000
vt 1.000000 0.000000
vt 0.500000 1.000000
vt 0.000000 0.000000
vt 1.000000 0.000000
vt 0.000000 0.000000
vt 1.000000 0.000000
vt 1.000000 1.000000
vt 0.000000 1.000000
vt 0.500000 1.000000
vt 0.000000 0.000000
vt 1.000000 0.000000
vt 0.000000 0.000000
vt 1.000000 0.000000
vt 1.000000 1.000000
vt 0.000000 1.000000
vt 0.500000 1.000000
vt 0.000000 0.000000
vt 1.000000 0.000000
vt 0.000000 0.000000
vt 1.000000 0.000000
vt 1.000000 1.000000
vt 0.000000 1.000000
vt 0.500000 1.000000
vt 0.000000 0.000000
vt 1.000000 0.000000
vt 0.000000 0.000000
vt 1.000000 0.000000
vt 1.000000 1.000000
vt 0.000000 1.000000
vt 0.500000 1.000000
vt 0.000000 0.000000
vt 1.000000 0.000000
vt 0.000000 0.000000
vt 1.000000 0.000000
vt 1.000000 1.000000
vt 0.000000 1.000000
vt 0.500000 1.000000
vt 0.000000 0.000000
vt 1.000000 0.000000
vt 0.000000 0.000000
vt 1.000000 0.000000
vt 1.000000 1.000000
vt 0.000000 1.000000
vt 0.500000 1.000000
vt 0.000000 0.000000
vt 1.000000 0.000000
vt 0.000000 0.000000
vt 1.000000 0.000000
vt 1.000000 1.000000
vt 0.000000 1.000000
vt 0.500000 1.000000
vt 0.000000 0.000000
vt 1.000000 0.000000
vt 0.000000 0.000000
vt 1.000000 0.000000
vt 1.000000 1.000000
vt 0.000000 1.000000
vt 0.500000 1.000000
vt 0.000000 0.000000
vt 1.000000 0.000000
vt 0.000000 0.000000
vt 1.000000 0.000000
vt 1.000000 1.000000
vt 0.000000 1.000000
vt 0.500000 1.000000
vt 0.000000 0.000000
vt 1.000000 0.000000
vt 0.000000 0.000000
vt 1.000000 0.000000
vt 1.000000 1.000000
vt 0.000000 1.000000
vt 0.500000 1.000000
vt 0.000000 0.000000
vt 1.000000 0.000000
vt 0.000000 0.000000
vt 1.000000 0.000000
vt 1.000000 1.000000
vt 0.000000 1.000000
vt 0.500000 1.000000
vt 0.000000 0.000000
vt 1.000000 0.000000
vt 0.000000 0.000000
vt 1.000000 0.000000
vt 1.000000 1.000000
vt 0.000000 1.000000
vt 0.500000 1.000000
vt 0.000000 0.000000
vt 1.000000 0.000000
vt 0.000000 0.000000
vt 1.000000 0.000000
vt 1.000000 1.000000
vt 0.000000 1.000000
vt 0.500000 1.000000
vt 0.000000 0.000000
vt 1.000000 0.000000
vt 0.500000 1.000000
vt 0.000000 0.000000
vt 1.000000 0.000000
vt 0.000000 0.000000
vt 1.000000 0.000000
vt 1.000000 1.000000
vt 0.000000 1.000000
vt 0.500000 1.000000
vt 0.000000 0.000000
vt 1.000000 0.000000
vt 0.500000 1.000000
vt 0.000000 0.000000
vt 1.000000 0.000000
vt 0.000000 0.000000
vt 1.000000 0.000000
vt 1.000000 1.000000
vt 0.000000 1.000000
vt 0.500000 1.000000
vt 0.000000 0.000000
vt 1.000000 0.000000
vt 0.500000 1.000000
vt 0.000000 0.000000
vt 1.000000 0.000000
vt 0.000000 0.000000
vt 1.000000 0.000000
vt 1.000000 1.000000
vt 0.000000 1.000000
vt 0.500000 1.000000
vt 0.000000 0.000000
vt 1.000000 0.000000
vt 0.500000 1.000000
vt 0.000000 0.000000
vt 1.000000 0.000000
vt 0.000000 0.000000
vt 1.000000 0.000000
vt 1.000000 1.000000
vt 0.000000 1.000000
vt 0.500000 1.000000
vt 0.000000 0.000000
vt 1.000000 0.000000
vt 0.500000 1.000000
vt 0.000000 0.000000
vt 1.000000 0.000000
vt 0.000000 0.000000
vt 1.000000 0.000000
vt 1.000000 1.000000
vt 0.000000 1.000000
vt 0.500000 1.000000
vt 0.000000 0.000000
vt 1.000000 0.000000
vt 0.500000 1.000000
vt 0.000000 0.000000
vt 1.000000 0.000000
vt 0.000000 0.000000
vt 1.000000 0.000000
vt 1.000000 1.000000
vt 0.000000 1.000000
vt 0.500000 1.000000
vt 0.000000 0.000000
vt 1.000000 0.000000
vt 0.500000 1.000000
vt 0.000000 0.000000
vt 1.000000 0.000000
vt 0.000000 0.000000
vt 1.000000 0.000000
vt 1.000000 1.000000
vt 0.000000 1.000000
vt 0.500000 1.000000
vt 0.000000 0.000000
vt 1.000000 0.000000
vt 0.500000 1.000000
vt 0.000000 0.000000
vt 1.000000 0.000000
vt 0.000000 0.000000
vt 1.000000 0.000000
vt 1.000000 1.000000
vt 0.000000 1.000000
vt 0.500000 1.000000
vt 0.000000 0.000000
vt 1.000000 0.000000
vt 0.500000 1.000000
vt 0.000000 0.000000
vt 1.000000 0.000000
vt 0.000000 0.000000
vt 1.000000 0.000000
vt 1.000000 1.000000
vt 0.000000 1.000000
vt 0.500000 1.000000
vt 0.000000 0.000000
vt 1.000000 0.000000
vt 0.500000 1.000000
vt 0.000000 0.000000
vt 1.000000 0.000000
vt 0.000000 0.000000
vt 1.000000 0.000000
vt 1.000000 1.000000
vt 0.000000 1.000000
vt 0.500000 1.000000
vt 0.000000 0.000000
vt 1.000000 0.000000
vt 0.500000 1.000000
vt 0.000000 0.000000
vt 1.000000 0.000000
vt 0.000000 0.000000
vt 1.000000 0.000000
vt 1.000000 1.000000
vt 0.000000 1.000000
vt 0.500000 1.000000
vt 0.000000 0.000000
vt 1.000000 0.000000
vt 0.500000 1.000000
vt 0.000000 0.000000
vt 1.000000 0.000000
vt 0.000000 0.000000
vt 1.000000 0.000000
vt 1.000000 1.000000
vt 0.000000 1.000000
vt 0.500000 1.000000
vt 0.000000 0.000000
vt 1.000000 0.000000
vt 0.500000 1.000000
vt 0.000000 0.000000
vt 1.000000 0.000000
vt 0.000000 0.000000
vt 1.000000 0.000000
vt 1.000000 1.000000
vt 0.000000 1.000000
vt 0.500000 1.000000
vt 0.000000 0.000000
vt 1.000000 0.000000
vt 0.500000 1.000000
vt 0.000000 0.000000
vt 1.000000 0.000000
vt 0.000000 0.000000
vt 1.000000 0.000000
vt 1.000000 1.000000
vt 0.000000 1.000000
vt 0.500000 1.000000
vt 0.000000 0.000000
vt 1.000000 0.000000
vt 0.000000 0.000000
vt 1.000000 0.000000
vt 1.000000 1.000000
vt 0.000000 1.000000
vt 0.500000 1.000000
vt 0.000000 0.000000
vt 1.000000 0.000000
vt 0.000000 0.000000
vt 1.000000 0.000000
vt 1.000000 1.000000
vt 0.000000 1.000000
vt 0.500000 1.000000
vt 0.000000 0.000000
vt 1.000000 0.000000
vt 0.000000 0.000000
vt 1.000000 0.000000
vt 1.000000 1.000000
vt 0.000000 1.000000
vt 0.500000 1.000000
vt 0.000000 0.000000
vt 1.000000 0.000000
vt 0.000000 0.000000
vt 1.000000 0.000000
vt 1.000000 1.000000
vt 0.000000 1.000000
vt 0.500000 1.000000
vt 0.000000 0.000000
vt 1.000000 0.000000
vt 0.000000 0.000000
vt 1.000000 0.000000
vt 1.000000 1.000000
vt 0.000000 1.000000
vt 0.500000 1.000000
vt 0.000000 0.000000
vt 1.000000 0.000000
vt 0.000000 0.000000
vt 1.000000 0.000000
vt 1.000000 1.000000
vt 0.000000 1.000000
vt 0.500000 1.000000
vt 0.000000 0.000000
vt 1.000000 0.000000
vt 0.000000 0.000000
vt 1.000000 0.000000
vt 1.000000 1.000000
vt 0.000000 1.000000
vt 0.500000 1.000000
vt 0.000000 0.000000
vt 1.000000 0.000000
vt 0.000000 0.000000
vt 1.000000 0.000000
vt 1.000000 1.000000
vt 0.000000 1.000000
vt 0.500000 1.000000
vt 0.000000 0.000000
vt 1.000000 0.000000
vt 0.000000 0.000000
vt 1.000000 0.000000
vt 1.000000 1.000000
vt 0.000000 1.000000
vt 0.500000 1.000000
vt 0.000000 0.000000
vt 1.000000 0.000000
vt 0.000000 0.000000
vt 1.000000 0.000000
vt 1.000000 1.000000
vt 0.000000 1.000000
vt 0.500000 1.000000
vt 0.000000 0.000000
vt 1.000000 0.000000
vt 0.000000 0.000000
vt 1.000000 0.000000
vt 1.000000 1.000000
vt 0.000000 1.000000
vt 0.500000 1.000000
vt 0.000000 0.000000
vt 1.000000 0.000000
vt 0.000000 0.000000
vt 1.000000 0.000000
vt 1.000000 1.000000
vt 0.000000 1.000000
vt 0.500000 1.000000
vt 0.000000 0.000000
vt 1.000000 0.000000
vt 0.500000 1.000000
vt 0.000000 0.000000
vt 1.000000 0.000000
vt 0.000000 0.000000
vt 1.000000 0.000000
vt 1.000000 1.000000
vt 0.000000 1.000000
vt 0.500000 1.000000
vt 0.000000 0.000000
vt 1.000000 0.000000
vt 0.500000 1.000000
vt 0.000000 0.000000
vt 1.000000 0.000000
vt 0.000000 0.000000
vt 1.000000 0.000000
vt 1.000000 1.000000
vt 0.000000 1.000000
vt 0.500000 1.000000
vt 0.000000 0.000000
vt 1.000000 0.000000
vt 0.500000 1.000000
vt 0.000000 0.000000
vt 1.000000 0.000000
vt 0.000000 0.000000
vt 1.000000 0.000000
vt 1.000000 1.000000
vt 0.000000 1.000000
vt 0.500000 1.000000
vt 0.000000 0.000000
vt 1.000000 0.000000
vt 0.500000 1.000000
vt 0.000000 0.000000
vt 1.000000 0.000000
vt 0.000000 0.000000
vt 1.000000 0.000000
vt 1.000000 1.000000
vt 0.000000 1.000000
vt 0.500000 1.000000
vt 0.000000 0.000000
vt 1.000000 0.000000
vt 0.500000 1.000000
vt 0.000000 0.000000
vt 1.000000 0.000000
vt 0.000000 0.000000
vt 1.000000 0.000000
vt 1.000000 1.000000
vt 0.000000 1.000000
vt 0.500000 1.000000
vt 0.000000 0.000000
vt 1.000000 0.000000
vt 0.500000 1.000000
vt 0.000000 0.000000
vt 1.000000 0.000000
vt 0.000000 0.000000
vt 1.000000 0.000000
vt 1.000000 1.000000
vt 0.000000 1.000000
vt 0.500000 1.000000
vt 0.000000 0.000000
vt 1.000000 0.000000
vt 0.500000 1.000000
vt 0.000000 0.000000
vt 1.000000 0.000000
vt 0.000000 0.000000
vt 1.000000 0.000000
vt 1.000000 1.000000
vt 0.000000 1.000000
vt 0.500000 1.000000
vt 0.000000 0.000000
vt 1.000000 0.000000
vt 0.500000 1.000000
vt 0.000000 0.000000
vt 1.000000 0.000000
vt 0.000000 0.000000
vt 1.000000 0.000000
vt 1.000000 1.000000
vt 0.000000 1.000000
vt 0.500000 1.000000
vt 0.000000 0.000000
vt 1.000000 0.000000
vt 0.500000 1.000000
vt 0.000000 0.000000
vt 1.000000 0.000000
vt 0.000000 0.000000
vt 1.000000 0.000000
vt 1.000000 1.000000
vt 0.000000 1.000000
vt 0.500000 1.000000
vt 0.000000 0.000000
vt 1.000000 0.000000
vt 0.500000 1.000000
vt 0.000000 0.000000
vt 1.000000 0.000000
vt 0.000000 0.000000
vt 1.000000 0.000000
vt 1.000000 1.000000
vt 0.000000 1.000000
vt 0.500000 1.000000
vt 0.000000 0.000000
vt 1.000000 0.000000
vt 0.500000 1.000000
vt 0.000000 0.000000
vt 1.000000 0.000000
vt 0.000000 0.000000
vt 1.000000 0.000000
vt 1.000000 1.000000
vt 0.000000 1.000000
vt 0.500000 1.000000
vt 0.000000 0.000000
vt 1.000000 0.000000
vt 0.500000 1.000000
vt 0.000000 0.000000
vt 1.000000 0.000000
vt 0.000000 0.000000
vt 1.000000 0.000000
vt 1.000000 1.000000
vt 0.000000 1.000000
vt 0.500000 1.000000
vt 0.000000 0.000000
vt 1.000000 0.000000
vt 0.500000 1.000000
vt 0.000000 0.000000
vt 1.000000 0.000000
vt 0.000000 0.000000
vt 1.000000 0.000000
vt 1.000000 1.000000
vt 0.000000 1.000000
vt 0.500000 1.000000
vt 0.000000 0.000000
vt 1.000000 0.000000
vt 0.500000 1.000000
vt 0.000000 0.000000
vt 1.000000 0.000000
vt 0.000000 0.000000
vt 1.000000 0.000000
vt 1.000000 1.000000
vt 0.000000 1.000000
vt 0.500000 1.000000
vt 0.000000 0.000000
vt 1.000000 0.000000
vt 0.000000 0.000000
vt 1.000000 0.000000
vt 1.000000 1.000000
vt 0.000000 1.000000
vt 0.500000 1.000000
vt 0.000000 0.000000
vt 1.000000 0.000000
vt 0.000000 0.000000
vt 1.000000 0.000000
vt 1.000000 1.000000
vt 0.000000 1.000000
vt 0.500000 1.000000
vt 0.000000 0.000000
vt 1.000000 0.000000
vt 0.000000 0.000000
vt 1.000000 0.000000
vt 1.000000 1.000000
vt 0.000000 1.000000
vt 0.500000 1.000000
vt 0.000000 0.000000
vt 1.000000 0.000000
vt 0.000000 0.000000
vt 1.000000 0.000000
vt 1.000000 1.000000
vt 0.000000 1.000000
vt 0.500000 1.000000
vt 0.000000 0.000000
vt 1.000000 0.000000
vt 0.000000 0.000000
vt 1.000000 0.000000
vt 1.000000 1.000000
vt 0.000000 1.000000
vt 0.500000 1.000000
vt 0.000000 0.000000
vt 1.000000 0.000000
vt 0.000000 0.000000
vt 1.000000 0.000000
vt 1.000000 1.000000
vt 0.000000 1.000000
vt 0.500000 1.000000
vt 0.000000 0.000000
vt 1.000000 0.000000
vt 0.000000 0.000000
vt 1.000000 0.000000
vt 1.000000 1.000000
vt 0.000000 1.000000
vt 0.500000 1.000000
vt 0.000000 0.000000
vt 1.000000 0.000000
vt 0.000000 0.000000
vt 1.000000 0.000000
vt 1.000000 1.000000
vt 0.000000 1.000000
vt 0.500000 1.000000
vt 0.000000 0.000000
vt 1.000000 0.000000
vt 0.000000 0.000000
vt 1.000000 0.000000
vt 1.000000 1.000000
vt 0.000000 1.000000
vt 0.500000 1.000000
vt 0.000000 0.000000
vt 1.000000 0.000000
vt 0.000000 0.000000
vt 1.000000 0.000000
vt 1.000000 1.000000
vt 0.000000 1.000000
vt 0.500000 1.000000
vt 0.000000 0.000000
vt 1.000000 0.000000
vt 0.000000 0.000000
vt 1.000000 0.000000
vt 1.000000 1.000000
vt 0.000000 1.000000
vt 0.500000 1.000000
vt 0.000000 0.000000
vt 1.000000 0.000000
vt 0.000000 0.000000
vt 1.000000 0.000000
vt 1.000000 1.000000
vt 0.000000 1.000000
vt 0.500000 1.000000
vt 0.000000 0.000000
vt 1.000000 0.000000
vt 0.500000 1.000000
vt 0.000000 0.000000
vt 1.000000 0.000000
vt 0.000000 0.000000
vt 1.000000 0.000000
vt 1.000000 1.000000
vt 0.000000 1.000000
vt 0.500000 1.000000
vt 0.000000 0.000000
vt 1.000000 0.000000
vt 0.500000 1.000000
vt 0.000000 0.000000
vt 1.000000 0.000000
vt 0.000000 0.000000
vt 1.000000 0.000000
vt 1.000000 1.000000
vt 0.000000 1.000000
vt 0.500000 1.000000
vt 0.000000 0.000000
vt 1.000000 0.000000
vt 0.500000 1.000000
vt 0.000000 0.000000
vt 1.000000 0.000000
vt 0.000000 0.000000
vt 1.000000 0.000000
vt 1.000000 1.000000
vt 0.000000 1.000000
vt 0.500000 1.000000
vt 0.000000 0.000000
vt 1.000000 0.000000
vt 0.500000 1.000000
vt 0.000000 0.000000
vt 1.000000 0.000000
vt 0.000000 0.000000
vt 1.000000 0.000000
vt 1.000000 1.000000
vt 0.000000 1.000000
vt 0.500000 1.000000
vt 0.000000 0.000000
vt 1.000000 0.000000
vt 0.500000 1.000000
vt 0.000000 0.000000
vt 1.000000 0.000000
vt 0.000000 0.000000
vt 1.000000 0.000000
vt 1.000000 1.000000
vt 0.000000 1.000000
vt 0.500000 1.000000
vt 0.000000 0.000000
vt 1.000000 0.000000
vt 0.500000 1.000000
vt 0.000000 0.000000
vt 1.000000 0.000000
vt 0.000000 0.000000
vt 1.000000 0.000000
vt 1.000000 1.000000
vt 0.000000 1.000000
vt 0.500000 1.000000
vt 0.000000 0.000000
vt 1.000000 0.000000
vt 0.500000 1.000000
vt 0.000000 0.000000
vt 1.000000 0.000000
vt 0.000000 0.000000
vt 1.000000 0.000000
vt 1.000000 1.000000
vt 0.000000 1.000000
vt 0.500000 1.000000
vt 0.000000 0.000000
vt 1.000000 0.000000
vt 0.500000 1.000000
vt 0.000000 0.000000
vt 1.000000 0.000000
vt 0.000000 0.000000
vt 1.000000 0.000000
vt 1.000000 1.000000
vt 0.000000 1.000000
vt 0.500000 1.000000
vt 0.000000 0.000000
vt 1.000000 0.000000
vt 0.500000 1.000000
vt 0.000000 0.000000
vt 1.000000 0.000000
vt 0.000000 0.000000
vt 1.000000 0.000000
vt 1.000000 1.000000
vt 0.000000 1.000000
vt 0.500000 1.000000
vt 0.000000 0.000000
vt 1.000000 0.000000
vt 0.500000 1.000000
vt 0.000000 0.000000
vt 1.000000 0.000000
vt 0.000000 0.000000
vt 1.000000 0.000000
vt 1.000000 1.000000
vt 0.000000 1.000000
vt 0.500000 1.000000
vt 0.000000 0.000000
vt 1.000000 0.000000
vt 0.500000 1.000000
vt 0.000000 0.000000
vt 1.000000 0.000000
vt 0.000000 0.000000
vt 1.000000 0.000000
vt 1.000000 1.000000
vt 0.000000 1.000000
vt 0.500000 1.000000
vt 0.000000 0.000000
vt 1.000000 0.000000
vt 0.500000 1.000000
vt 0.000000 0.000000
vt 1.000000 0.000000
vt 0.000000 0.000000
vt 1.000000 0.000000
vt 1.000000 1.000000
vt 0.000000 1.000000
vt 0.500000 1.000000
vt 0.000000 0.000000
vt 1.000000 0.000000
vt 0.500000 1.000000
vt 0.000000 0.000000
vt 1.000000 0.000000
vt 0.000000 0.000000
vt 1.000000 0.000000
vt 1.000000 1.000000
vt 0.000000 1.000000
vt 0.500000 1.000000
vt 0.000000 0.000000
vt 1.000000 0.000000
vt 0.500000 1.000000
vt 0.000000 0.000000
vt 1.000000 0.000000
vt 0.000000 0.000000
vt 1.000000 0.000000
vt 1.000000 1.000000
vt 0.000000 1.000000
vt 0.500000 1.000000
vt 0.000000 0.000000
vt 1.000000 0.000000
vt 0.000000 0.000000
vt 1.000000 0.000000
vt 1.000000 1.000000
vt 0.000000 1.000000
vt 0.500000 1.000000
vt 0.000000 0.000000
vt 1.000000 0.000000
vt 0.000000 0.000000
vt 1.000000 0.000000
vt 1.000000 1.000000
vt 0.000000 1.000000
vt 0.500000 1.000000
vt 0.000000 0.000000
vt 1.000000 0.000000
vt 0.000000 0.000000
vt 1.000000 0.000000
vt 1.000000 1.000000
vt 0.000000 1.000000
vt 0.500000 1.000000
vt 0.000000 0.000000
vt 1.000000 0.000000
vt 0.000000 0.000000
vt 1.000000 0.000000
vt 1.000000 1.000000
vt 0.000000 1.000000
vt 0.500000 1.000000
vt 0.000000 0.000000
vt 1.000000 0.000000
vt 0.000000 0.000000
vt 1.000000 0.000000
vt 1.000000 1.000000
vt 0.000000 1.000000
vt 0.500000 1.000000
vt 0.000000 0.000000
vt 1.000000 0.000000
vt 0.000000 0.000000
vt 1.000000 0.000000
vt 1.000000 1.000000
vt 0.000000 1.000000
vt 0.500000 1.000000
vt 0.000000 0.000000
vt 1.000000 0.000000
vt 0.000000 0.000000
vt 1.000000 0.000000
vt 1.000000 1.000000
vt 0.000000 1.000000
vt 0.500000 1.000000
vt 0.000000 0.000000
vt 1.000000 0.000000
vt 0.000000 0.000000
vt 1.000000 0.000000
vt 1.000000 1.000000
vt 0.000000 1.000000
vt 0.500000 1.000000
vt 0.000000 0.000000
vt 1.000000 0.000000
vt 0.000000 0.000000
vt 1.000000 0.000000
vt 1.000000 1.000000
vt 0.000000 1.000000
vt 0.500000 1.000000
vt 0.000000 0.000000
vt 1.000000 0.000000
vt 0.000000 0.000000
vt 1.000000 0.000000
vt 1.000000 1.000000
vt 0.000000 1.000000
vt 0.500000 1.000000
vt 0.000000 0.000000
vt 1.000000 0.000000
vt 0.000000 0.000000
vt 1.000000 0.000000
vt 1.000000 1.000000
vt 0.000000 1.000000
vt 0.500000 1.000000
vt 0.000000 0.000000
vt 1.000000 0.000000
vt 0.000000 0.000000
vt 1.000000 0.000000
vt 1.000000 1.000000
vt 0.000000 1.000000
vt 0.500000 1.000000
vt 0.000000 0.000000
vt 1.000000 0.000000
vt 0.500000 1.000000
vt 0.000000 0.000000
vt 1.000000 0.000000
vt 0.000000 0.000000
vt 1.000000 0.000000
vt 1.000000 1.000000
vt 0.000000 1.000000
vt 0.500000 1.000000
vt 0.000000 0.000000
vt 1.000000 0.000000
vt 0.500000 1.000000
vt 0.000000 0.000000
vt 1.000000 0.000000
vt 0.000000 0.000000
vt 1.000000 0.000000
vt 1.000000 1.000000
vt 0.000000 1.000000
vt 0.500000 1.000000
vt 0.000000 0.000000
vt 1.000000 0.000000
vt 0.500000 1.000000
vt 0.000000 0.000000
vt 1.000000 0.000000
vt 0.000000 0.000000
vt 1.000000 0.000000
vt 1.000000 1.000000
vt 0.000000 1.000000
vt 0.500000 1.000000
vt 0.000000 0.000000
vt 1.000000 0.000000
vt 0.500000 1.000000
vt 0.000000 0.000000
vt 1.000000 0.000000
vt 0.000000 0.000000
vt 1.000000 0.000000
vt 1.000000 1.000000
vt 0.000000 1.000000
vt 0.500000 1.000000
vt 0.000000 0.000000
vt 1.000000 0.000000
vt 0.500000 1.000000
vt 0.000000 0.000000
vt 1.000000 0.000000
vt 0.000000 0.000000
vt 1.000000 0.000000
vt 1.000000 1.000000
vt 0.000000 1.000000
vt 0.500000 1.000000
vt 0.000000 0.000000
vt 1.000000 0.000000
vt 0.500000 1.000000
vt 0.000000 0.000000
vt 1.000000 0.000000
vt 0.000000 0.000000
vt 1.000000 0.000000
vt 1.000000 1.000000
vt 0.000000 1.000000
vt 0.500000 1.000000
vt 0.000000 0.000000
vt 1.000000 0.000000
vt 0.500000 1.000000
vt 0.000000 0.000000
vt 1.000000 0.000000
vt 0.000000 0.000000
vt 1.000000 0.000000
vt 1.000000 1.000000
vt 0.000000 1.000000
vt 0.500000 1.000000
vt 0.000000 0.000000
vt 1.000000 0.000000
vt 0.500000 1.000000
vt 0.000000 0.000000
vt 1.000000 0.000000
vt 0.000000 0.000000
vt 1.000000 0.000000
vt 1.000000 1.000000
vt 0.000000 1.000000
vt 0.500000 1.000000
vt 0.000000 0.000000
vt 1.000000 0.000000
vt 0.500000 1.000000
vt 0.000000 0.000000
vt 1.000000 0.000000
vt 0.000000 0.000000
vt 1.000000 0.000000
vt 1.000000 1.000000
vt 0.000000 1.000000
vt 0.500000 1.000000
vt 0.000000 0.000000
vt 1.000000 0.000000
vt 0.500000 1.000000
vt 0.000000 0.000000
vt 1.000000 0.000000
vt 0.000000 0.000000
vt 1.000000 0.000000
vt 1.000000 1.000000
vt 0.000000 1.000000
vt 0.500000 1.000000
vt 0.000000 0.000000
vt 1.000000 0.000000
vt 0.500000 1.000000
vt 0.000000 0.000000
vt 1.000000 0.000000
vt 0.000000 0.000000
vt 1.000000 0.000000
vt 1.000000 1.000000
vt 0.000000 1.000000
vt 0.500000 1.000000
vt 0.000000 0.000000
vt 1.000000 0.000000
vt 0.500000 1.000000
vt 0.000000 0.000000
vt 1.000000 0.000000
vt 0.000000 0.000000
vt 1.000000 0.000000
vt 1.000000 1.000000
vt 0.000000 1.000000
vt 0.500000 1.000000
vt 0.000000 0.000000
vt 1.000000 0.000000
vt 0.500000 1.000000
vt 0.000000 0.000000
vt 1.000000 0.000000
vt 0.000000 0.000000
vt 1.000000 0.000000
vt 1.000000 1.000000
vt 0.000000 1.000000
vt 0.500000 1.000000
vt 0.000000 0.000000
vt 1.000000 0.000000
vt 0.500000 1.000000
vt 0.000000 0.000000
vt 1.000000 0.000000
vt 0.000000 0.000000
vt 1.000000 0.000000
vt 1.000000 1.000000
vt 0.000000 1.000000
vt 0.500000 1.000000
vt 0.000000 0.000000
vt 1.000000 0.000000
vt 0.000000 0.000000
vt 1.000000 0.000000
vt 1.000000 1.000000
vt 0.000000 1.000000
vt 0.500000 1.000000
vt 0.000000 0.000000
vt 1.000000 0.000000
vt 0.000000 0.000000
vt 1.000000 0.000000
vt 1.000000 1.000000
vt 0.000000 1.000000
vt 0.500000 1.000000
vt 0.000000 0.000000
vt 1.000000 0.000000
vt 0.000000 0.000000
vt 1.000000 0.000000
vt 1.000000 1.000000
vt 0.000000 1.000000
vt 0.500000 1.000000
vt 0.000000 0.000000
vt 1.000000 0.000000
vt 0.000000 0.000000
vt 1.000000 0.000000
vt 1.000000 1.000000
vt 0.000000 1.000000
vt 0.500000 1.000000
vt 0.000000 0.000000
vt 1.000000 0.000000
vt 0.000000 0.000000
vt 1.000000 0.000000
vt 1.000000 1.000000
vt 0.000000 1.000000
vt 0.500000 1.000000
vt 0.000000 0.000000
vt 1.000000 0.000000
vt 0.000000 0.000000
vt 1.000000 0.000000
vt 1.000000 1.000000
vt 0.000000 1.000000
vt 0.500000 1.000000
vt 0.000000 0.000000
vt 1.000000 0.000000
vt 0.000000 0.000000
vt 1.000000 0.000000
vt 1.000000 1.000000
vt 0.000000 1.000000
vt 0.500000 1.000000
vt 0.000000 0.000000
vt 1.000000 0.000000
vt 0.000000 0.000000
vt 1.000000 0.000000
vt 1.000000 1.000000
vt 0.000000 1.000000
vt 0.500000 1.000000
vt 0.000000 0.000000
vt 1.000000 0.000000
vt 0.000000 0.000000
vt 1.000000 0.000000
vt 1.000000 1.000000
vt 0.000000 1.000000
vt 0.500000 1.000000
vt 0.000000 0.000000
vt 1.000000 0.000000
vt 0.000000 0.000000
vt 1.000000 0.000000
vt 1.000000 1.000000
vt 0.000000 1.000000
vt 0.500000 1.000000
vt 0.000000 0.000000
vt 1.000000 0.000000
vt 0.000000 0.000000
vt 1.000000 0.000000
vt 1.000000 1.000000
vt 0.000000 1.000000
vt 0.500000 1.000000
vt 0.000000 0.000000
vt 1.000000 0.000000
vt 0.000000 0.000000
vt 1.000000 0.000000
vt 1.000000 1.000000
vt 0.000000 1.000000
vt 0.500000 1.000000
vt 0.000000 0.000000
vt 1.000000 0.000000
vt 0.500000 1.000000
vt 0.000000 0.000000
vt 1.000000 0.000000
vt 0.000000 0.000000
vt 1.000000 0.000000
vt 1.000000 1.000000
vt 0.000000 1.000000
vt 0.500000 1.000000
vt 0.000000 0.000000
vt 1.000000 0.000000
vt 0.500000 1.000000
vt 0.000000 0.000000
vt 1.000000 0.000000
vt 0.000000 0.000000
vt 1.000000 0.000000
vt 1.000000 1.000000
vt 0.000000 1.000000
vt 0.500000 1.000000
vt 0.000000 0.000000
vt 1.000000 0.000000
vt 0.500000 1.000000
vt 0.000000 0.000000
vt 1.000000 0.000000
vt 0.000000 0.000000
vt 1.000000 0.000000
vt 1.000000 1.000000
vt 0.000000 1.000000
vt 0.500000 1.000000
vt 0.000000 0.000000
vt 1.000000 0.000000
vt 0.500000 1.000000
vt 0.000000 0.000000
vt 1.000000 0.000000
vt 0.000000 0.000000
vt 1.000000 0.000000
vt 1.000000 1.000000
vt 0.000000 1.000000
vt 0.500000 1.000000
vt 0.000000 0.000000
vt 1.000000 0.000000
vt 0.500000 1.000000
vt 0.000000 0.000000
vt 1.000000 0.000000
vt 0.000000 0.000000
vt 1.000000 0.000000
vt 1.000000 1.000000
vt 0.000000 1.000000
vt 0.500000 1.000000
vt 0.000000 0.000000
vt 1.000000 0.000000
vt 0.500000 1.000000
vt 0.000000 0.000000
vt 1.000000 0.000000
vt 0.000000 0.000000
vt 1.000000 0.000000
vt 1.000000 1.000000
vt 0.000000 1.000000
vt 0.500000 1.000000
vt 0.000000 0.000000
vt 1.000000 0.000000
vt 0.500000 1.000000
vt 0.000000 0.000000
vt 1.000000 0.000000
vt 0.000000 0.000000
vt 1.000000 0.000000
vt 1.000000 1.000000
vt 0.000000 1.000000
vt 0.500000 1.000000
vt 0.000000 0.000000
vt 1.000000 0.000000
vt 0.500000 1.000000
vt 0.000000 0.000000
vt 1.000000 0.000000
vt 0.000000 0.000000
vt 1.000000 0.000000
vt 1.000000 1.000000
vt 0.000000 1.000000
vt 0.500000 1.000000
vt 0.000000 0.000000
vt 1.000000 0.000000
vt 0.500000 1.000000
vt 0.000000 0.000000
vt 1.000000 0.000000
vt 0.000000 0.000000
vt 1.000000 0.000000
vt 1.000000 1.000000
vt 0.000000 1.000000
vt 0.500000 1.000000
vt 0.000000 0.000000
vt 1.000000 0.000000
vt 0.500000 1.000000
vt 0.000000 0.000000
vt 1.000000 0.000000
vt 0.000000 0.000000
vt 1.000000 0.000000
vt 1.000000 1.000000
vt 0.000000 1.000000
vt 0.500000 1.000000
vt 0.000000 0.000000
vt 1.000000 0.000000
vt 0.500000 1.000000
vt 0.000000 0.000000
vt 1.000000 0.000000
vt 0.000000 0.000000
vt 1.000000 0.000000
vt 1.000000 1.000000
vt 0.000000 1.000000
vt 0.500000 1.000000
vt 0.000000 0.000000
vt 1.000000 0.000000
vt 0.500000 1.000000
vt 0.000000 0.000000
vt 1.000000 0.000000
vt 0.000000 0.000000
vt 1.000000 0.000000
vt 1.000000 1.000000
vt 0.000000 1.000000
vt 0.500000 1.000000
vt 0.000000 0.000000
vt 1.000000 0.000000
vt 0.500000 1.000000
vt 0.000000 0.000000
vt 1.000000 0.000000
vt 0.000000 0.000000
vt 1.000000 0.000000
vt 1.000000 1.000000
vt 0.000000 1.000000
vt 0.500000 1.000000
vt 0.000000 0.000000
vt 1.000000 0.000000
vt 0.500000 1.000000
vt 0.000000 0.000000
vt 1.000000 0.000000
vt 0.000000 0.000000
vt 1.000000 0.000000
vt 1.000000 1.000000
vt 0.000000 1.000000
vt 0.500000 1.000000
vt 0.000000 0.000000
vt 1.000000 0.000000
vt 0.000000 0.000000
vt 1.000000 0.000000
vt 1.000000 1.000000
vt 0.000000 1.000000
vt 0.500000 1.000000
vt 0.000000 0.000000
vt 1.000000 0.000000
vt 0.000000 0.000000
vt 1.000000 0.000000
vt 1.000000 1.000000
vt 0.000000 1.000000
vt 0.500000 1.000000
vt 0.000000 0.000000
vt 1.000000 0.000000
vt 0.000000 0.000000
vt 1.000000 0.000000
vt 1.000000 1.000000
vt 0.000000 1.000000
vt 0.500000 1.000000
vt 0.000000 0.000000
vt 1.000000 0.000000
vt 0.000000 0.000000
vt 1.000000 0.000000
vt 1.000000 1.000000
vt 0.000000 1.000000
vt 0.500000 1.000000
vt 0.000000 0.000000
vt 1.000000 0.000000
vt 0.000000 0.000000
vt 1.000000 0.000000
vt 1.000000 1.000000
vt 0.000000 1.000000
vt 0.500000 1.000000
vt 0.000000 0.000000
vt 1.000000 0.000000
vt 0.000000 0.000000
vt 1.000000 0.000000
vt 1.000000 1.000000
vt 0.000000 1.000000
vt 0.500000 1.000000
vt 0.000000 0.000000
vt 1.000000 0.000000
vt 0.000000 0.000000
vt 1.000000 0.000000
vt 1.000000 1.000000
vt 0.000000 1.000000
vt 0.500000 1.000000
vt 0.000000 0.000000
vt 1.000000 0.000000
vt 0.000000 0.000000
vt 1.000000 0.000000
vt 1.000000 1.000000
vt 0.000000 1.000000
vt 0.500000 1.000000
vt 0.000000 0.000000
vt 1.000000 0.000000
vt 0.000000 0.000000
vt 1.000000 0.000000
vt 1.000000 1.000000
vt 0.000000 1.000000
vt 0.500000 1.000000
vt 0.000000 0.000000
vt 1.000000 0.000000
vt 0.000000 0.000000
vt 1.000000 0.000000
vt 1.000000 1.000000
vt 0.000000 1.000000
vt 0.500000 1.000000
vt 0.000000 0.000000
vt 1.000000 0.000000
vt 0.000000 0.000000
vt 1.000000 0.000000
vt 1.000000 1.000000
vt 0.000000 1.000000
vt 0.500000 1.000000
vt 0.000000 0.000000
vt 1.000000 0.000000
vt 0.000000 0.000000
vt 1.000000 0.000000
vt 1.000000 1.000000
vt 0.000000 1.000000
vt 0.500000 1.000000
vt 0.000000 0.000000
vt 1.000000 0.000000
vt 0.500000 1.000000
vt 0.000000 0.000000
vt 1.000000 0.000000
vt 0.000000 0.000000
vt 1.000000 0.000000
vt 1.000000 1.000000
vt 0.000000 1.000000
vt 0.500000 1.000000
vt 0.000000 0.000000
vt 1.000000 0.000000
vt 0.500000 1.000000
vt 0.000000 0.000000
vt 1.000000 0.000000
vt 0.000000 0.000000
vt 1.000000 0.000000
vt 1.000000 1.000000
vt 0.000000 1.000000
vt 0.500000 1.000000
vt 0.000000 0.000000
vt 1.000000 0.000000
vt 0.500000 1.000000
vt 0.000000 0.000000
vt 1.000000 0.000000
vt 0.000000 0.000000
vt 1.000000 0.000000
vt 1.000000 1.000000
vt 0.000000 1.000000
vt 0.500000 1.000000
vt 0.000000 0.000000
vt 1.000000 0.000000
vt 0.500000 1.000000
vt 0.000000 0.000000
vt 1.000000 0.000000
vt 0.000000 0.000000
vt 1.000000 0.000000
vt 1.000000 1.000000
vt 0.000000 1.000000
vt 0.500000 1.000000
vt 0.000000 0.000000
vt 1.000000 0.000000
vt 0.500000 1.000000
vt 0.000000 0.000000
vt 1.000000 0.000000
vt 0.000000 0.000000
vt 1.000000 0.000000
vt 1.000000 1.000000
vt 0.000000 1.000000
vt 0.500000 1.000000
vt 0.000000 0.000000
vt 1.000000 0.000000
vt 0.500000 1.000000
vt 0.000000 0.000000
vt 1.000000 0.000000
vt 0.000000 0.000000
vt 1.000000 0.000000
vt 1.000000 1.000000
vt 0.000000 1.000000
vt 0.500000 1.000000
vt 0.000000 0.000000
vt 1.000000 0.000000
vt 0.500000 1.000000
vt 0.000000 0.000000
vt 1.000000 0.000000
vt 0.000000 0.000000
vt 1.000000 0.000000
vt 1.000000 1.000000
vt 0.000000 1.000000
vt 0.500000 1.000000
vt 0.000000 0.000000
vt 1.000000 0.000000
vt 0.500000 1.000000
vt 0.000000 0.000000
vt 1.000000 0.000000
vt 0.000000 0.000000
vt 1.000000 0.000000
vt 1.000000 1.000000
vt 0.000000 1.000000
vt 0.500000 1.000000
vt 0.000000 0.000000
vt 1.000000 0.000000
vt 0.500000 1.000000
vt 0.000000 0.000000
vt 1.000000 0.000000
vt 0.000000 0.000000
vt 1.000000 0.000000
vt 1.000000 1.000000
vt 0.000000 1.000000
vt 0.500000 1.000000
vt 0.000000 0.000000
vt 1.000000 0.000000
vt 0.500000 1.000000
vt 0.000000 0.000000
vt 1.000000 0.000000
vt 0.000000 0.000000
vt 1.000000 0.000000
vt 1.000000 1.000000
vt 0.000000 1.000000
vt 0.500000 1.000000
vt 0.000000 0.000000
vt 1.000000 0.000000
vt 0.500000 1.000000
vt 0.000000 0.000000
vt 1.000000 0.000000
vt 0.000000 0.000000
vt 1.000000 0.000000
vt 1.000000 1.000000
vt 0.000000 1.000000
vt 0.500000 1.000000
vt 0.000000 0.000000
vt 1.000000 0.000000
vt 0.500000 1.000000
vt 0.000000 0.000000
vt 1.000000 0.000000
vt 0.000000 0.000000
vt 1.000000 0.000000
vt 1.000000 1.000000
vt 0.000000 1.000000
vt 0.500000 1.000000
vt 0.000000 0.000000
vt 1.000000 0.000000
vt 0.500000 1.000000
vt 0.000000 0.000000
vt 1.000000 0.000000
vt 0.000000 0.000000
vt 1.000000 0.000000
vt 1.000000 1.000000
vt 0.000000 1.000000
vt 0.500000 1.000000
vt 0.000000 0.000000
vt 1.000000 0.000000
vt 0.500000 1.000000
vt 0.000000 0.000000
vt 1.000000 0.000000
vt 0.000000 0.000000
vt 1.000000 0.000000
vt 1.000000 1.000000
vt 0.000000 1.000000
vt 0.500000 1.000000
vt 0.000000 0.000000
vt 1.000000 0.000000
vt 0.000000 0.000000
vt 1.000000 0.000000
vt 1.000000 1.000000
vt 0.000000 1.000000
vt 0.500000 1.000000
vt 0.000000 0.000000
vt 1.000000 0.000000
vt 0.000000 0.000000
vt 1.000000 0.000000
vt 1.000000 1.000000
vt 0.000000 1.000000
vt 0.500000 1.000000
vt 0.000000 0.000000
vt 1.000000 0.000000
vt 0.000000 0.000000
vt 1.000000 0.000000
vt 1.000000 1.000000
vt 0.000000 1.000000
vt 0.500000 1.000000
vt 0.000000 0.000000
vt 1.000000 0.000000
vt 0.000000 0.000000
vt 1.000000 0.000000
vt 1.000000 1.000000
vt 0.000000 1.000000
vt 0.500000 1.000000
vt 0.000000 0.000000
vt 1.000000 0.000000
vt 0.000000 0.000000
vt 1.000000 0.000000
vt 1.000000 1.000000
vt 0.000000 1.000000
vt 0.500000 1.000000
vt 0.000000 0.000000
vt 1.000000 0.000000
vt 0.000000 0.000000
vt 1.000000 0.000000
vt 1.000000 1.000000
vt 0.000000 1.000000
vt 0.500000 1.000000
vt 0.000000 0.000000
vt 1.000000 0.000000
vt 0.000000 0.000000
vt 1.000000 0.000000
vt 1.000000 1.000000
vt 0.000000 1.000000
vt 0.500000 1.000000
vt 0.000000 0.000000
vt 1.000000 0.000000
vt 0.000000 0.000000
vt 1.000000 0.000000
vt 1.000000 1.000000
vt 0.000000 1.000000
vt 0.500000 1.000000
vt 0.000000 0.000000
vt 1.000000 0.000000
vt 0.000000 0.000000
vt 1.000000 0.000000
vt 1.000000 1.000000
vt 0.000000 1.000000
vt 0.500000 1.000000
vt 0.000000 0.000000
vt 1.000000 0.000000
vt 0.000000 0.000000
vt 1.000000 0.000000
vt 1.000000 1.000000
vt 0.000000 1.000000
vt 0.500000 1.000000
vt 0.000000 0.000000
vt 1.000000 0.000000
vt 0.000000 0.000000
vt 1.000000 0.000000
vt 1.000000 1.000000
vt 0.000000 1.000000
vt 0.500000 1.000000
vt 0.000000 0.000000
vt 1.000000 0.000000
vt 0.000000 0.000000
vt 1.000000 0.000000
vt 1.000000 1.000000
vt 0.000000 1.000000
vt 0.500000 1.000000
vt 0.000000 0.000000
vt 1.000000 0.000000
vt 0.500000 1.000000
vt 0.000000 0.000000
vt 1.000000 0.000000
vt 0.000000 0.000000
vt 1.000000 0.000000
vt 1.000000 1.000000
vt 0.000000 1.000000
vt 0.500000 1.000000
vt 0.000000 0.000000
vt 1.000000 0.000000
vt 0.500000 1.000000
vt 0.000000 0.000000
vt 1.000000 0.000000
vt 0.000000 0.000000
vt 1.000000 0.000000
vt 1.000000 1.000000
vt 0.000000 1.000000
vt 0.500000 1.000000
vt 0.000000 0.000000
vt 1.000000 0.000000
vt 0.500000 1.000000
vt 0.000000 0.000000
vt 1.000000 0.000000
vt 0.000000 0.000000
vt 1.000000 0.000000
vt 1.000000 1.000000
vt 0.000000 1.000000
vt 0.500000 1.000000
vt 0.000000 0.000000
vt 1.000000 0.000000
vt 0.500000 1.000000
vt 0.000000 0.000000
vt 1.000000 0.000000
vt 0.000000 0.000000
vt 1.000000 0.000000
vt 1.000000 1.000000
vt 0.000000 1.000000
vt 0.500000 1.000000
vt 0.000000 0.000000
vt 1.000000 0.000000
vt 0.500000 1.000000
vt 0.000000 0.000000
vt 1.000000 0.000000
vt 0.000000 0.000000
vt 1.000000 0.000000
vt 1.000000 1.000000
vt 0.000000 1.000000
vt 0.500000 1.000000
vt 0.000000 0.000000
vt 1.000000 0.000000
vt 0.500000 1.000000
vt 0.000000 0.000000
vt 1.000000 0.000000
vt 0.000000 0.000000
vt 1.000000 0.000000
vt 1.000000 1.000000
vt 0.000000 1.000000
vt 0.500000 1.000000
vt 0.000000 0.000000
vt 1.000000 0.000000
vt 0.500000 1.000000
vt 0.000000 0.000000
vt 1.000000 0.000000
vt 0.000000 0.000000
vt 1.000000 0.000000
vt 1.000000 1.000000
vt 0.000000 1.000000
vt 0.500000 1.000000
vt 0.000000 0.000000
vt 1.000000 0.000000
vt 0.500000 1.000000
vt 0.000000 0.000000
vt 1.000000 0.000000
vt 0.000000 0.000000
vt 1.000000 0.000000
vt 1.000000 1.000000
vt 0.000000 1.000000
vt 0.500000 1.000000
vt 0.000000 0.000000
vt 1.000000 0.000000
vt 0.500000 1.000000
vt 0.000000 0.000000
vt 1.000000 0.000000
vt 0.000000 0.000000
vt 1.000000 0.000000
vt 1.000000 1.000000
vt 0.000000 1.000000
vt 0.500000 1.000000
vt 0.000000 0.000000
vt 1.000000 0.000000
vt 0.500000 1.000000
vt 0.000000 0.000000
vt 1.000000 0.000000
vt 0.000000 0.000000
vt 1.000000 0.000000
vt 1.000000 1.000000
vt 0.000000 1.000000
vt 0.500000 1.000000
vt 0.000000 0.000000
vt 1.000000 0.000000
vt 0.500000 1.000000
vt 0.000000 0.000000
vt 1.000000 0.000000
vt 0.000000 0.000000
vt 1.000000 0.000000
vt 1.000000 1.000000
vt 0.000000 1.000000
vt 0.500000 1.000000
vt 0.000000 0.000000
vt 1.000000 0.000000
vt 0.500000 1.000000
vt 0.000000 0.000000
vt 1.000000 0.000000
vt 0.000000 0.000000
vt 1.000000 0.000000
vt 1.000000 1.000000
vt 0.000000 1.000000
vt 0.500000 1.000000
vt 0.000000 0.000000
vt 1.000000 0.000000
vt 0.500000 1.000000
vt 0.000000 0.000000
vt 1.000000 0.000000
vt 0.000000 0.000000
vt 1.000000 0.000000
vt 1.000000 1.000000
vt 0.000000 1.000000
vt 0.500000 1.000000
vt 0.000000 0.000000
vt 1.000000 0.000000
vt 0.500000 1.000000
vt 0.000000 0.000000
vt 1.000000 0.000000
vt 0.000000 0.000000
vt 1.000000 0.000000
vt 1.000000 1.000000
vt 0.000000 1.000000
vt 0.500000 1.000000
vt 0.000000 0.000000
vt 1.000000 0.000000
vt 0.000000 0.000000
vt 1.000000 0.000000
vt 1.000000 1.000000
vt 0.000000 1.000000
vt 0.500000 1.000000
vt 0.000000 0.000000
vt 1.000000 0.000000
vt 0.000000 0.000000
vt 1.000000 0.000000
vt 1.000000 1.000000
vt 0.000000 1.000000
vt 0.500000 1.000000
vt 0.000000 0.000000
vt 1.000000 0.000000
vt 0.000000 0.000000
vt 1.000000 0.000000
vt 1.000000 1.000000
vt 0.000000 1.000000
vt 0.500000 1.000000
vt 0.000000 0.000000
vt 1.000000 0.000000
vt 0.000000 0.000000
vt 1.000000 0.000000
vt 1.000000 1.000000
vt 0.000000 1.000000
vt 0.500000 1.000000
vt 0.000000 0.000000
vt 1.000000 0.000000
vt 0.000000 0.000000
vt 1.000000 0.000000
vt 1.000000 1.000000
vt 0.000000 1.000000
vt 0.500000 1.000000
vt 0.000000 0.000000
vt 1.000000 0.000000
vt 0.000000 0.000000
vt 1.000000 0.000000
vt 1.000000 1.000000
vt 0.000000 1.000000
vt 0.500000 1.000000
vt 0.000000 0.000000
vt 1.000000 0.000000
vt 0.000000 0.000000
vt 1.000000 0.000000
vt 1.000000 1.000000
vt 0.000000 1.000000
vt 0.500000 1.000000
vt 0.000000 0.000000
vt 1.000000 0.000000
vt 0.000000 0.000000
vt 1.000000 0.000000
vt 1.000000 1.000000
vt 0.000000 1.000000
vt 0.500000 1.000000
vt 0.000000 0.000000
vt 1.000000 0.000000
vt 0.000000 0.000000
vt 1.000000 0.000000
vt 1.000000 1.000000
vt 0.000000 1.000000
vt 0.500000 1.000000
vt 0.000000 0.000000
vt 1.000000 0.000000
vt 0.000000 0.000000
vt 1.000000 0.000000
vt 1.000000 1.000000
vt 0.000000 1.000000
vt 0.500000 1.000000
vt 0.000000 0.000000
vt 1.000000 0.000000
vt 0.000000 0.000000
vt 1.000000 0.000000
vt 1.000000 1.000000
vt 0.000000 1.000000
vt 0.500000 1.000000
vt 0.000000 0.000000
vt 1.000000 0.000000
vt 0.000000 0.000000
vt 1.000000 0.000000
vt 1.000000 1.000000
vt 0.000000 1.000000
vt 0.500000 1.000000
vt 0.000000 0.000000
vt 1.000000 0.000000
vt 0.500000 1.000000
vt 0.000000 0.000000
vt 1.000000 0.000000
vt 0.000000 0.000000
vt 1.000000 0.000000
vt 1.000000 1.000000
vt 0.000000 1.000000
vt 0.500000 1.000000
vt 0.000000 0.000000
vt 1.000000 0.000000
vt 0.500000 1.000000
vt 0.000000 0.000000
vt 1.000000 0.000000
vt 0.000000 0.000000
vt 1.000000 0.000000
vt 1.000000 1.000000
vt 0.000000 1.000000
vt 0.500000 1.000000
vt 0.000000 0.000000
vt 1.000000 0.000000
vt 0.500000 1.000000
vt 0.000000 0.000000
vt 1.000000 0.000000
vt 0.000000 0.000000
vt 1.000000 0.000000
vt 1.000000 1.000000
vt 0.000000 1.000000
vt 0.500000 1.000000
vt 0.000000 0.000000
vt 1.000000 0.000000
vt 0.500000 1.000000
vt 0.000000 0.000000
vt 1.000000 0.000000
vt 0.000000 0.000000
vt 1.000000 0.000000
vt 1.000000 1.000000
vt 0.000000 1.000000
vt 0.500000 1.000000
vt 0.000000 0.000000
vt 1.000000 0.000000
vt 0.500000 1.000000
vt 0.000000 0.000000
vt 1.000000 0.000000
vt 0.000000 0.000000
vt 1.000000 0.000000
vt 1.000000 1.000000
vt 0.000000 1.000000
vt 0.500000 1.000000
vt 0.000000 0.000000
vt 1.000000 0.000000
vt 0.500000 1.000000
vt 0.000000 0.000000
vt 1.000000 0.000000
vt 0.000000 0.000000
vt 1.000000 0.000000
vt 1.000000 1.000000
vt 0.000000 1.000000
vt 0.500000 1.000000
vt 0.000000 0.000000
vt 1.000000 0.000000
vt 0.500000 1.000000
vt 0.000000 0.000000
vt 1.000000 0.000000
vt 0.000000 0.000000
vt 1.000000 0.000000
vt 1.000000 1.000000
vt 0.000000 1.000000
vt 0.500000 1.000000
vt 0.000000 0.000000
vt 1.000000 0.000000
vt 0.500000 1.000000
vt 0.000000 0.000000
vt 1.000000 0.000000
vt 0.000000 0.000000
vt 1.000000 0.000000
vt 1.000000 1.000000
vt 0.000000 1.000000
vt 0.500000 1.000000
vt 0.000000 0.000000
vt 1.000000 0.000000
vt 0.500000 1.000000
vt 0.000000 0.000000
vt 1.000000 0.000000
vt 0.000000 0.000000
vt 1.000000 0.000000
vt 1.000000 1.000000
vt 0.000000 1.000000
vt 0.500000 1.000000
vt 0.000000 0.000000
vt 1.000000 0.000000
vt 0.500000 1.000000
vt 0.000000 0.000000
vt 1.000000 0.000000
vt 0.000000 0.000000
vt 1.000000 0.000000
vt 1.000000 1.000000
vt 0.000000 1.000000
vt 0.500000 1.000000
vt 0.000000 0.000000
vt 1.000000 0.000000
vt 0.500000 1.000000
vt 0.000000 0.000000
vt 1.000000 0.000000
vt 0.000000 0.000000
vt 1.000000 0.000000
vt 1.000000 1.000000
vt 0.000000 1.000000
vt 0.500000 1.000000
vt 0.000000 0.000000
vt 1.000000 0.000000
vt 0.500000 1.000000
vt 0.000000 0.000000
vt 1.000000 0.000000
vt 0.000000 0.000000
vt 1.000000 0.000000
vt 1.000000 1.000000
vt 0.000000 1.000000
vt 0.500000 1.000000
vt 0.000000 0.000000
vt 1.000000 0.000000
vt 0.500000 1.000000
vt 0.000000 0.000000
vt 1.000000 0.000000
vt 0.000000 0.000000
vt 1.000000 0.000000
vt 1.000000 1.000000
vt 0.000000 1.000000
vt 0.500000 1.000000
vt 0.000000 0.000000
vt 1.000000 0.000000
vt 0.500000 1.000000
vt 0.000000 0.000000
vt 1.000000 0.000000
vt 0.000000 0.000000
vt 1.000000 0.000000
vt 1.000000 1.000000
vt 0.000000 1.000000
vt 0.500000 1.000000
vt 0.000000 0.000000
vt 1.000000 0.000000
vt 0.000000 0.000000
vt 1.000000 0.000000
vt 1.000000 1.000000
vt 0.000000 1.000000
vt 0.500000 1.000000
vt 0.000000 0.000000
vt 1.000000 0.000000
vt 0.000000 0.000000
vt 1.000000 0.000000
vt 1.000000 1.000000
vt 0.000000 1.000000
vt 0.500000 1.000000
vt 0.000000 0.000000
vt 1.000000 0.000000
vt 0.000000 0.000000
vt 1.000000 0.000000
vt 1.000000 1.000000
vt 0.000000 1.000000
vt 0.500000 1.000000
vt 0.000000 0.000000
vt 1.000000 0.000000
vt 0.000000 0.000000
vt 1.000000 0.000000
vt 1.000000 1.000000
vt 0.000000 1.000000
vt 0.500000 1.000000
vt 0.000000 0.000000
vt 1.000000 0.000000
vt 0.000000 0.000000
vt 1.000000 0.000000
vt 1.000000 1.000000
vt 0.000000 1.000000
vt 0.500000 1.000000
vt 0.000000 0.000000
vt 1.000000 0.000000
vt 0.000000 0.000000
vt 1.000000 0.000000
vt 1.000000 1.000000
vt 0.000000 1.000000
vt 0.500000 1.000000
vt 0.000000 0.000000
vt 1.000000 0.000000
vt 0.000000 0.000000
vt 1.000000 0.000000
vt 1.000000 1.000000
vt 0.000000 1.000000
vt 0.500000 1.000000
vt 0.000000 0.000000
vt 1.000000 0.000000
vt 0.000000 0.000000
vt 1.000000 0.000000
vt 1.000000 1.000000
vt 0.000000 1.000000
vt 0.500000 1.000000
vt 0.000000 0.000000
vt 1.000000 0.000000
vt 0.000000 0.000000
vt 1.000000 0.000000
vt 1.000000 1.000000
vt 0.000000 1.000000
vt 0.500000 1.000000
vt 0.000000 0.000000
vt 1.000000 0.000000
vt 0.000000 0.000000
vt 1.000000 0.000000
vt 1.000000 1.000000
vt 0.000000 1.000000
vt 0.500000 1.000000
vt 0.000000 0.000000
vt 1.000000 0.000000
vt 0.000000 0.000000
vt 1.000000 0.000000
vt 1.000000 1.000000
vt 0.000000 1.000000
vt 0.500000 1.000000
vt 0.000000 0.000000
vt 1.000000 0.000000
vt 0.000000 0.000000
vt 1.000000 0.000000
vt 1.000000 1.000000
vt 0.000000 1.000000
vt 0.500000 1.000000
vt 0.000000 0.000000
vt 1.000000 0.000000
vt 0.500000 1.000000
vt 0.000000 0.000000
vt 1.000000 0.000000
vt 0.000000 0.000000
vt 1.000000 0.000000
vt 1.000000 1.000000
vt 0.000000 1.000000
vt 0.500000 1.000000
vt 0.000000 0.000000
vt 1.000000 0.000000
vt 0.500000 1.000000
vt 0.000000 0.000000
vt 1.000000 0.000000
vt 0.000000 0.000000
vt 1.000000 0.000000
vt 1.000000 1.000000
vt 0.000000 1.000000
vt 0.500000 1.000000
vt 0.000000 0.000000
vt 1.000000 0.000000
vt 0.500000 1.000000
vt 0.000000 0.000000
vt 1.000000 0.000000
vt 0.000000 0.000000
vt 1.000000 0.000000
vt 1.000000 1.000000
vt 0.000000 1.000000
vt 0.500000 1.000000
vt 0.000000 0.000000
vt 1.000000 0.000000
vt 0.500000 1.000000
vt 0.000000 0.000000
vt 1.000000 0.000000
vt 0.000000 0.000000
vt 1.000000 0.000000
vt 1.000000 1.000000
vt 0.000000 1.000000
vt 0.500000 1.000000
vt 0.000000 0.000000
vt 1.000000 0.000000
vt 0.500000 1.000000
vt 0.000000 0.000000
vt 1.000000 0.000000
vt 0.000000 0.000000
vt 1.000000 0.000000
vt 1.000000 1.000000
vt 0.000000 1.000000
vt 0.500000 1.000000
vt 0.000000 0.000000
vt 1.000000 0.000000
vt 0.500000 1.000000
vt 0.000000 0.000000
vt 1.000000 0.000000
vt 0.000000 0.000000
vt 1.000000 0.000000
vt 1.000000 1.000000
vt 0.000000 1.000000
vt 0.500000 1.000000
vt 0.000000 0.000000
vt 1.000000 0.000000
vt 0.500000 1.000000
vt 0.000000 0.000000
vt 1.000000 0.000000
vt 0.000000 0.000000
vt 1.000000 0.000000
vt 1.000000 1.000000
vt 0.000000 1.000000
vt 0.500000 1.000000
vt 0.000000 0.000000
vt 1.000000 0.000000
vt 0.500000 1.000000
vt 0.000000 0.000000
vt 1.000000 0.000000
vt 0.000000 0.000000
vt 1.000000 0.000000
vt 1.000000 1.000000
vt 0.000000 1.000000
vt 0.500000 1.000000
vt 0.000000 0.000000
vt 1.000000 0.000000
vt 0.500000 1.000000
vt 0.000000 0.000000
vt 1.000000 0.000000
vt 0.000000 0.000000
vt 1.000000 0.000000
vt 1.000000 1.000000
vt 0.000000 1.000000
vt 0.500000 1.000000
vt 0.000000 0.000000
vt 1.000000 0.000000
vt 0.500000 1.000000
vt 0.000000 0.000000
vt 1.000000 0.000000
vt 0.000000 0.000000
vt 1.000000 0.000000
vt 1.000000 1.000000
vt 0.000000 1.000000
vt 0.500000 1.000000
vt 0.000000 0.000000
vt 1.000000 0.000000
vt 0.500000 1.000000
vt 0.000000 0.000000
vt 1.000000 0.000000
vt 0.000000 0.000000
vt 1.000000 0.000000
vt 1.000000 1.000000
vt 0.000000 1.000000
vt 0.500000 1.000000
vt 0.000000 0.000000
vt 1.000000 0.000000
vt 0.500000 1.000000
vt 0.000000 0.000000
vt 1.000000 0.000000
vt 0.000000 0.000000
vt 1.000000 0.000000
vt 1.000000 1.000000
vt 0.000000 1.000000
vt 0.500000 1.000000
vt 0.000000 0.000000
vt 1.000000 0.000000
vt 0.500000 1.000000
vt 0.000000 0.000000
vt 1.000000 0.000000
vt 0.000000 0.000000
vt 1.000000 0.000000
vt 1.000000 1.000000
vt 0.000000 1.000000
vt 0.500000 1.000000
vt 0.000000 0.000000
vt 1.000000 0.000000
vt 0.500000 1.000000
vt 0.000000 0.000000
vt 1.000000 0.000000
vt 0.000000 0.000000
vt 1.000000 0.000000
vt 1.000000 1.000000
vt 0.000000 1.000000
vt 0.500000 1.000000
vt 0.000000 0.000000
vt 1.000000 0.000000
vt 0.000000 0.000000
vt 1.000000 0.000000
vt 1.000000 1.000000
vt 0.000000 1.000000
vt 0.500000 1.000000
vt 0.000000 0.000000
vt 1.000000 0.000000
vt 0.000000 0.000000
vt 1.000000 0.000000
vt 1.000000 1.000000
vt 0.000000 1.000000
vt 0.500000 1.000000
vt 0.000000 0.000000
vt 1.000000 0.000000
vt 0.000000 0.000000
vt 1.000000 0.000000
vt 1.000000 1.000000
vt 0.000000 1.000000
vt 0.500000 1.000000
vt 0.000000 0.000000
vt 1.000000 0.000000
vt 0.000000 0.000000
vt 1.000000 0.000000
vt 1.000000 1.000000
vt 0.000000 1.000000
vt 0.500000 1.000000
vt 0.000000 0.000000
vt 1.000000 0.000000
vt 0.000000 0.000000
vt 1.000000 0.000000
vt 1.000000 1.000000
vt 0.000000 1.000000
vt 0.500000 1.000000
vt 0.000000 0.000000
vt 1.000000 0.000000
vt 0.000000 0.000000
vt 1.000000 0.000000
vt 1.000000 1.000000
vt 0.000000 1.000000
vt 0.500000 1.000000
vt 0.000000 0.000000
vt 1.000000 0.000000
vt 0.000000 0.000000
vt 1.000000 0.000000
vt 1.000000 1.000000
vt 0.000000 1.000000
vt 0.500000 1.000000
vt 0.000000 0.000000
vt 1.000000 0.000000
vt 0.000000 0.000000
vt 1.000000 0.000000
vt 1.000000 1.000000
vt 0.000000 1.000000
vt 0.500000 1.000000
vt 0.000000 0.000000
vt 1.000000 0.000000
vt 0.000000 0.000000
vt 1.000000 0.000000
vt 1.000000 1.000000
vt 0.000000 1.000000
vt 0.500000 1.000000
vt 0.000000 0.000000
vt 1.000000 0.000000
vt 0.000000 0.000000
vt 1.000000 0.000000
vt 1.000000 1.000000
vt 0.000000 1.000000
vt 0.500000 1.000000
vt 0.000000 0.000000
vt 1.000000 0.000000
vt 0.000000 0.000000
vt 1.000000 0.000000
vt 1.000000 1.000000
vt 0.000000 1.000000
vt 0.500000 1.000000
vt 0.000000 0.000000
vt 1.000000 0.000000
vt 0.000000 0.000000
vt 1.000000 0.000000
vt 1.000000 1.000000
vt 0.000000 1.000000
vt 0.500000 1.000000
vt 0.000000 0.000000
vt 1.000000 0.000000
vt 0.500000 1.000000
vt 0.000000 0.000000
vt 1.000000 0.000000
vt 0.000000 0.000000
vt 1.000000 0.000000
vt 1.000000 1.000000
vt 0.000000 1.000000
vt 0.500000 1.000000
vt 0.000000 0.000000
vt 1.000000 0.000000
vt 0.500000 1.000000
vt 0.000000 0.000000
vt 1.000000 0.000000
vt 0.000000 0.000000
vt 1.000000 0.000000
vt 1.000000 1.000000
vt 0.000000 1.000000
vt 0.500000 1.000000
vt 0.000000 0.000000
vt 1.000000 0.000000
vt 0.500000 1.000000
vt 0.000000 0.000000
vt 1.000000 0.000000
vt 0.000000 0.000000
vt 1.000000 0.000000
vt 1.000000 1.000000
vt 0.000000 1.000000
vt 0.500000 1.000000
vt 0.000000 0.000000
vt 1.000000 0.000000
vt 0.500000 1.000000
vt 0.000000 0.000000
vt 1.000000 0.000000
vt 0.000000 0.000000
vt 1.000000 0.000000
vt 1.000000 1.000000
vt 0.000000 1.000000
vt 0.500000 1.000000
vt 0.000000 0.000000
vt 1.000000 0.000000
vt 0.500000 1.000000
vt 0.000000 0.000000
vt 1.000000 0.000000
vt 0.000000 0.000000
vt 1.000000 0.000000
vt 1.000000 1.000000
vt 0.000000 1.000000
vt 0.500000 1.000000
vt 0.000000 0.000000
vt 1.000000 0.000000
vt 0.500000 1.000000
vt 0.000000 0.000000
vt 1.000000 0.000000
vt 0.000000 0.000000
vt 1.000000 0.000000
vt 1.000000 1.000000
vt 0.000000 1.000000
vt 0.500000 1.000000
vt 0.000000 0.000000
vt 1.000000 0.000000
vt 0.500000 1.000000
vt 0.000000 0.000000
vt 1.000000 0.000000
vt 0.000000 0.000000
vt 1.000000 0.000000
vt 1.000000 1.000000
vt 0.000000 1.000000
vt 0.500000 1.000000
vt 0.000000 0.000000
vt 1.000000 0.000000
vt 0.500000 1.000000
vt 0.000000 0.000000
vt 1.000000 0.000000
vt 0.000000 0.000000
vt 1.000000 0.000000
vt 1.000000 1.000000
vt 0.000000 1.000000
vt 0.500000 1.000000
vt 0.000000 0.000000
vt 1.000000 0.000000
vt 0.500000 1.000000
vt 0.000000 0.000000
vt 1.000000 0.000000
vt 0.000000 0.000000
vt 1.000000 0.000000
vt 1.000000 1.000000
vt 0.000000 1.000000
vt 0.500000 1.000000
vt 0.000000 0.000000
vt 1.000000 0.000000
vt 0.500000 1.000000
vt 0.000000 0.000000
vt 1.000000 0.000000
vt 0.000000 0.000000
vt 1.000000 0.000000
vt 1.000000 1.000000
vt 0.000000 1.000000
vt 0.500000 1.000000
vt 0.000000 0.000000
vt 1.000000 0.000000
vt 0.500000 1.000000
vt 0.000000 0.000000
vt 1.000000 0.000000
vt 0.000000 0.000000
vt 1.000000 0.000000
vt 1.000000 1.000000
vt 0.000000 1.000000
vt 0.500000 1.000000
vt 0.000000 0.000000
vt 1.000000 0.000000
vt 0.500000 1.000000
vt 0.000000 0.000000
vt 1.000000 0.000000
vt 0.000000 0.000000
vt 1.000000 0.000000
vt 1.000000 1.000000
vt 0.000000 1.000000
vt 0.500000 1.000000
vt 0.000000 0.000000
vt 1.000000 0.000000
vt 0.500000 1.000000
vt 0.000000 0.000000
vt 1.000000 0.000000
vt 0.000000 0.000000
vt 1.000000 0.000000
vt 1.000000 1.000000
vt 0.000000 1.000000
vt 0.500000 1.000000
vt 0.000000 0.000000
vt 1.000000 0.000000
vt 0.500000 1.000000
vt 0.000000 0.000000
vt 1.000000 0.000000
vt 0.000000 0.000000
vt 1.000000 0.000000
vt 1.000000 1.000000
vt 0.000000 1.000000
vt 0.500000 1.000000
vt 0.000000 0.000000
vt 1.000000 0.000000
vt 0.000000 0.000000
vt 1.000000 0.000000
vt 1.000000 1.000000
vt 0.000000 1.000000
vt 0.500000 1.000000
vt 0.000000 0.000000
vt 1.000000 0.000000
vt 0.000000 0.000000
vt 1.000000 0.000000
vt 1.000000 1.000000
vt 0.000000 1.000000
vt 0.500000 1.000000
vt 0.000000 0.000000
vt 1.000000 0.000000
vt 0.000000 0.000000
vt 1.000000 0.000000
vt 1.000000 1.000000
vt 0.000000 1.000000
vt 0.500000 1.000000
vt 0.000000 0.000000
vt 1.000000 0.000000
vt 0.000000 0.000000
vt 1.000000 0.000000
vt 1.000000 1.000000
vt 0.000000 1.000000
vt 0.500000 1.000000
vt 0.000000 0.000000
vt 1.000000 0.000000
vt 0.000000 0.000000
vt 1.000000 0.000000
vt 1.000000 1.000000
vt 0.000000 1.000000
vt 0.500000 1.000000
vt 0.000000 0.000000
vt 1.000000 0.000000
vt 0.000000 0.000000
vt 1.000000 0.000000
vt 1.000000 1.000000
vt 0.000000 1.000000
vt 0.500000 1.000000
vt 0.000000 0.000000
vt 1.000000 0.000000
vt 0.000000 0.000000
vt 1.000000 0.000000
vt 1.000000 1.000000
vt 0.000000 1.000000
vt 0.500000 1.000000
vt 0.000000 0.000000
vt 1.000000 0.000000
vt 0.000000 0.000000
vt 1.000000 0.000000
vt 1.000000 1.000000
vt 0.000000 1.000000
vt 0.500000 1.000000
vt 0.000000 0.000000
vt 1.000000 0.000000
vt 0.000000 0.000000
vt 1.000000 0.000000
vt 1.000000 1.000000
vt 0.000000 1.000000
vt 0.500000 1.000000
vt 0.000000 0.000000
vt 1.000000 0.000000
vt 0.000000 0.000000
vt 1.000000 0.000000
vt 1.000000 1.000000
vt 0.000000 1.000000
vt 0.500000 1.000000
vt 0.000000 0.000000
vt 1.000000 0.000000
vt 0.000000 0.000000
vt 1.000000 0.000000
vt 1.000000 1.000000
vt 0.000000 1.000000
vt 0.500000 1.000000
vt 0.000000 0.000000
vt 1.000000 0.000000
vt 0.000000 0.000000
vt 1.000000 0.000000
vt 1.000000 1.000000
vt 0.000000 1.000000
vt 0.500000 1.000000
vt 0.000000 0.000000
vt 1.000000 0.000000
vt 0.500000 1.000000
vt 0.000000 0.000000
vt 1.000000 0.000000
vt 0.000000 0.000000
vt 1.000000 0.000000
vt 1.000000 1.000000
vt 0.000000 1.000000
vt 0.500000 1.000000
vt 0.000000 0.000000
vt 1.000000 0.000000
vt 0.500000 1.000000
vt 0.000000 0.000000
vt 1.000000 0.000000
vt 0.000000 0.000000
vt 1.000000 0.000000
vt 1.000000 1.000000
vt 0.000000 1.000000
vt 0.500000 1.000000
vt 0.000000 0.000000
vt 1.000000 0.000000
vt 0.500000 1.000000
vt 0.000000 0.000000
vt 1.000000 0.000000
vt 0.000000 0.000000
vt 1.000000 0.000000
vt 1.000000 1.000000
vt 0.000000 1.000000
vt 0.500000 1.000000
vt 0.000000 0.000000
vt 1.000000 0.000000
vt 0.500000 1.000000
vt 0.000000 0.000000
vt 1.000000 0.000000
vt 0.000000 0.000000
vt 1.000000 0.000000
vt 1.000000 1.000000
vt 0.000000 1.000000
vt 0.500000 1.000000
vt 0.000000 0.000000
vt 1.000000 0.000000
vt 0.500000 1.000000
vt 0.000000 0.000000
vt 1.000000 0.000000
vt 0.000000 0.000000
vt 1.000000 0.000000
vt 1.000000 1.000000
vt 0.000000 1.000000
vt 0.500000 1.000000
vt 0.000000 0.000000
vt 1.000000 0.000000
vt 0.500000 1.000000
vt 0.000000 0.000000
vt 1.000000 0.000000
vt 0.000000 0.000000
vt 1.000000 0.000000
vt 1.000000 1.000000
vt 0.000000 1.000000
vt 0.500000 1.000000
vt 0.000000 0.000000
vt 1.000000 0.000000
vt 0.500000 1.000000
vt 0.000000 0.000000
vt 1.000000 0.000000
vt 0.000000 0.000000
vt 1.000000 0.000000
vt 1.000000 1.000000
vt 0.000000 1.000000
vt 0.500000 1.000000
vt 0.000000 0.000000
vt 1.000000 0.000000
vt 0.500000 1.000000
vt 0.000000 0.000000
vt 1.000000 0.000000
vt 0.000000 0.000000
vt 1.000000 0.000000
vt 1.000000 1.000000
vt 0.000000 1.000000
vt 0.500000 1.000000
vt 0.000000 0.000000
vt 1.000000 0.000000
vt 0.500000 1.000000
vt 0.000000 0.000000
vt 1.000000 0.000000
vt 0.000000 0.000000
vt 1.000000 0.000000
vt 1.000000 1.000000
vt 0.000000 1.000000
vt 0.500000 1.000000
vt 0.000000 0.000000
vt 1.000000 0.000000
vt 0.500000 1.000000
vt 0.000000 0.000000
vt 1.000000 0.000000
vt 0.000000 0.000000
vt 1.000000 0.000000
vt 1.000000 1.000000
vt 0.000000 1.000000
vt 0.500000 1.000000
vt 0.000000 0.000000
vt 1.000000 0.000000
vt 0.500000 1.000000
vt 0.000000 0.000000
vt 1.000000 0.000000
vt 0.000000 0.000000
vt 1.000000 0.000000
vt 1.000000 1.000000
vt 0.000000 1.000000
vt 0.500000 1.000000
vt 0.000000 0.000000
vt 1.000000 0.000000
vt 0.500000 1.000000
vt 0.000000 0.000000
vt 1.000000 0.000000
vt 0.000000 0.000000
vt 1.000000 0.000000
vt 1.000000 1.000000
vt 0.000000 1.000000
vt 0.500000 1.000000
vt 0.000000 0.000000
vt 1.000000 0.000000
vt 0.500000 1.000000
vt 0.000000 0.000000
vt 1.000000 0.000000
vt 0.000000 0.000000
vt 1.000000 0.000000
vt 1.000000 1.000000
vt 0.000000 1.000000
vt 0.500000 1.000000
vt 0.000000 0.000000
vt 1.000000 0.000000
vt 0.500000 1.000000
vt 0.000000 0.000000
vt 1.000000 0.000000
vt 0.000000 0.000000
vt 1.000000 0.000000
vt 1.000000 1.000000
vt 0.000000 1.000000
vt 0.500000 1.000000
vt 0.000000 0.000000
vt 1.000000 0.000000
vt 0.000000 0.000000
vt 1.000000 0.000000
vt 1.000000 1.000000
vt 0.000000 1.000000
vt 0.500000 1.000000
vt 0.000000 0.000000
vt 1.000000 0.000000
vt 0.000000 0.000000
vt 1.000000 0.000000
vt 1.000000 1.000000
vt 0.000000 1.000000
vt 0.500000 1.000000
vt 0.000000 0.000000
vt 1.000000 0.000000
vt 0.000000 0.000000
vt 1.000000 0.000000
vt 1.000000 1.000000
vt 0.000000 1.000000
vt 0.500000 1.000000
vt 0.000000 0.000000
vt 1.000000 0.000000
vt 0.000000 0.000000
vt 1.000000 0.000000
vt 1.000000 1.000000
vt 0.000000 1.000000
vt 0.500000 1.000000
vt 0.000000 0.000000
vt 1.000000 0.000000
vt 0.000000 0.000000
vt 1.000000 0.000000
vt 1.000000 1.000000
vt 0.000000 1.000000
vt 0.500000 1.000000
vt 0.000000 0.000000
vt 1.000000 0.000000
vt 0.000000 0.000000
vt 1.000000 0.000000
vt 1.000000 1.000000
vt 0.000000 1.000000
vt 0.500000 1.000000
vt 0.000000 0.000000
vt 1.000000 0.000000
vt 0.000000 0.000000
vt 1.000000 0.000000
vt 1.000000 1.000000
vt 0.000000 1.000000
vt 0.500000 1.000000
vt 0.000000 0.000000
vt 1.000000 0.000000
vt 0.000000 0.000000
vt 1.000000 0.000000
vt 1.000000 1.000000
vt 0.000000 1.000000
vt 0.500000 1.000000
vt 0.000000 0.000000
vt 1.000000 0.000000
vt 0.000000 0.000000
vt 1.000000 0.000000
vt 1.000000 1.000000
vt 0.000000 1.000000
vt 0.500000 1.000000
vt 0.000000 0.000000
vt 1.000000 0.000000
vt 0.000000 0.000000
vt 1.000000 0.000000
vt 1.000000 1.000000
vt 0.000000 1.000000
vt 0.500000 1.000000
vt 0.000000 0.000000
vt 1.000000 0.000000
vt 0.000000 0.000000
vt 1.000000 0.000000
vt 1.000000 1.000000
vt 0.000000 1.000000
vt 0.500000 1.000000
vt 0.000000 0.000000
vt 1.000000 0.000000
vt 0.000000 0.000000
vt 1.000000 0.000000
vt 1.000000 1.000000
vt 0.000000 1.000000
vt 0.500000 1.000000
vt 0.000000 0.000000
vt 1.000000 0.000000
vt 0.500000 1.000000
vt 0.000000 0.000000
vt 1.000000 0.000000
vt 0.000000 0.000000
vt 1.000000 0.000000
vt 1.000000 1.000000
vt 0.000000 1.000000
vt 0.500000 1.000000
vt 0.000000 0.000000
vt 1.000000 0.000000
vt 0.500000 1.000000
vt 0.000000 0.000000
vt 1.000000 0.000000
vt 0.000000 0.000000
vt 1.000000 0.000000
vt 1.000000 1.000000
vt 0.000000 1.000000
vt 0.500000 1.000000
vt 0.000000 0.000000
vt 1.000000 0.000000
vt 0.500000 1.000000
vt 0.000000 0.000000
vt 1.000000 0.000000
vt 0.000000 0.000000
vt 1.000000 0.000000
vt 1.000000 1.000000
vt 0.000000 1.000000
vt 0.500000 1.000000
vt 0.000000 0.000000
vt 1.000000 0.000000
vt 0.500000 1.000000
vt 0.000000 0.000000
vt 1.000000 0.000000
vt 0.000000 0.000000
vt 1.000000 0.000000
vt 1.000000 1.000000
vt 0.000000 1.000000
vt 0.500000 1.000000
vt 0.000000 0.000000
vt 1.000000 0.000000
vt 0.500000 1.000000
vt 0.000000 0.000000
vt 1.000000 0.000000
vt 0.000000 0.000000
vt 1.000000 0.000000
vt 1.000000 1.000000
vt 0.000000 1.000000
vt 0.500000 1.000000
vt 0.000000 0.000000
vt 1.000000 0.000000
vt 0.500000 1.000000
vt 0.000000 0.000000
vt 1.000000 0.000000
vt 0.000000 0.000000
vt 1.000000 0.000000
vt 1.000000 1.000000
vt 0.000000 1.000000
vt 0.500000 1.000000
vt 0.000000 0.000000
vt 1.000000 0.000000
vt 0.500000 1.000000
vt 0.000000 0.000000
vt 1.000000 0.000000
vt 0.000000 0.000000
vt 1.000000 0.000000
vt 1.000000 1.000000
vt 0.000000 1.000000
vt 0.500000 1.000000
vt 0.000000 0.000000
vt 1.000000 0.000000
vt 0.500000 1.000000
vt 0.000000 0.000000
vt 1.000000 0.000000
vt 0.000000 0.000000
vt 1.000000 0.000000
vt 1.000000 1.000000
vt 0.000000 1.000000
vt 0.500000 1.000000
vt 0.000000 0.000000
vt 1.000000 0.000000
vt 0.500000 1.000000
vt 0.000000 0.000000
vt 1.000000 0.000000
vt 0.000000 0.000000
vt 1.000000 0.000000
vt 1.000000 1.000000
vt 0.000000 1.000000
vt 0.500000 1.000000
vt 0.000000 0.000000
vt 1.000000 0.000000
vt 0.500000 1.000000
vt 0.000000 0.000000
vt 1.000000 0.000000
vt 0.000000 0.000000
vt 1.000000 0.000000
vt 1.000000 1.000000
vt 0.000000 1.000000
vt 0.500000 1.000000
vt 0.000000 0.000000
vt 1.000000 0.000000
vt 0.500000 1.000000
vt 0.000000 0.000000
vt 1.000000 0.000000
vt 0.000000 0.000000
vt 1.000000 0.000000
vt 1.000000 1.000000
vt 0.000000 1.000000
vt 0.500000 1.000000
vt 0.000000 0.000000
vt 1.000000 0.000000
vt 0.500000 1.000000
vt 0.000000 0.000000
vt 1.000000 0.000000
vt 0.000000 0.000000
vt 1.000000 0.000000
vt 1.000000 1.000000
vt 0.000000 1.000000
vt 0.500000 1.000000
vt 0.000000 0.000000
vt 1.000000 0.000000
vt 0.500000 1.000000
vt 0.000000 0.000000
vt 1.000000 0.000000
vt 0.000000 0.000000
vt 1.000000 0.000000
vt 1.000000 1.000000
vt 0.000000 1.000000
vt 0.500000 1.000000
vt 0.000000 0.000000
vt 1.000000 0.000000
vt 0.500000 1.000000
vt 0.000000 0.000000
vt 1.000000 0.000000
vt 0.000000 0.000000
vt 1.000000 0.000000
vt 1.000000 1.000000
vt 0.000000 1.000000
vt 0.500000 1.000000
vt 0.000000 0.000000
vt 1.000000 0.000000
vt 0.000000 0.000000
vt 1.000000 0.000000
vt 1.000000 1.000000
vt 0.000000 1.000000
vt 0.500000 1.000000
vt 0.000000 0.000000
vt 1.000000 0.000000
vt 0.000000 0.000000
vt 1.000000 0.000000
vt 1.000000 1.000000
vt 0.000000 1.000000
vt 0.500000 1.000000
vt 0.000000 0.000000
vt 1.000000 0.000000
vt 0.000000 0.000000
vt 1.000000 0.000000
vt 1.000000 1.000000
vt 0.000000 1.000000
vt 0.500000 1.000000
vt 0.000000 0.000000
vt 1.000000 0.000000
vt 0.000000 0.000000
vt 1.000000 0.000000
vt 1.000000 1.000000
vt 0.000000 1.000000
vt 0.500000 1.000000
vt 0.000000 0.000000
vt 1.000000 0.000000
vt 0.000000 0.000000
vt 1.000000 0.000000
vt 1.000000 1.000000
vt 0.000000 1.000000
vt 0.500000 1.000000
vt 0.000000 0.000000
vt 1.000000 0.000000
vt 0.000000 0.000000
vt 1.000000 0.000000
vt 1.000000 1.000000
vt 0.000000 1.000000
vt 0.500000 1.000000
vt 0.000000 0.000000
vt 1.000000 0.000000
vt 0.000000 0.000000
vt 1.000000 0.000000
vt 1.000000 1.000000
vt 0.000000 1.000000
vt 0.500000 1.000000
vt 0.000000 0.000000
vt 1.000000 0.000000
vt 0.000000 0.000000
vt 1.000000 0.000000
vt 1.000000 1.000000
vt 0.000000 1.000000
vt 0.500000 1.000000
vt 0.000000 0.000000
vt 1.000000 0.000000
vt 0.000000 0.000000
vt 1.000000 0.000000
vt 1.000000 1.000000
vt 0.000000 1.000000
vt 0.500000 1.000000
vt 0.000000 0.000000
vt 1.000000 0.000000
vt 0.000000 0.000000
vt 1.000000 0.000000
vt 1.000000 1.000000
vt 0.000000 1.000000
vt 0.500000 1.000000
vt 0.000000 0.000000
vt 1.000000 0.000000
vt 0.000000 0.000000
vt 1.000000 0.000000
vt 1.000000 1.000000
vt 0.000000 1.000000
vt 0.500000 1.000000
vt 0.000000 0.000000
vt 1.000000 0.000000
vt 0.000000 0.000000
vt 1.000000 0.000000
vt 1.000000 1.000000
vt 0.000000 1.000000
vt 0.500000 1.000000
vt 0.000000 0.000000
vt 1.000000 0.000000
vt 0.500000 1.000000
vt 0.000000 0.000000
vt 1.000000 0.000000
vt 0.000000 0.000000
vt 1.000000 0.000000
vt 1.000000 1.000000
vt 0.000000 1.000000
vt 0.500000 1.000000
vt 0.000000 0.000000
vt 1.000000 0.000000
vt 0.500000 1.000000
vt 0.000000 0.000000
vt 1.000000 0.000000
vt 0.000000 0.000000
vt 1.000000 0.000000
vt 1.000000 1.000000
vt 0.000000 1.000000
vt 0.500000 1.000000
vt 0.000000 0.000000
vt 1.000000 0.000000
vt 0.500000 1.000000
vt 0.000000 0.000000
vt 1.000000 0.000000
vt 0.000000 0.000000
vt 1.000000 0.000000
vt 1.000000 1.000000
vt 0.000000 1.000000
vt 0.500000 1.000000
vt 0.000000 0.000000
vt 1.000000 0.000000
vt 0.500000 1.000000
vt 0.000000 0.000000
vt 1.000000 0.000000
vt 0.000000 0.000000
vt 1.000000 0.000000
vt 1.000000 1.000000
vt 0.000000 1.000000
vt 0.500000 1.000000
vt 0.000000 0.000000
vt 1.000000 0.000000
vt 0.500000 1.000000
vt 0.000000 0.000000
vt 1.000000 0.000000
vt 0.000000 0.000000
vt 1.000000 0.000000
vt 1.000000 1.000000
vt 0.000000 1.000000
vt 0.500000 1.000000
vt 0.000000 0.000000
vt 1.000000 0.000000
vt 0.500000 1.000000
vt 0.000000 0.000000
vt 1.000000 0.000000
vt 0.000000 0.000000
vt 1.000000 0.000000
vt 1.000000 1.000000
vt 0.000000 1.000000
vt 0.500000 1.000000
vt 0.000000 0.000000
vt 1.000000 0.000000
vt 0.500000 1.000000
vt 0.000000 0.000000
vt 1.000000 0.000000
vt 0.000000 0.000000
vt 1.000000 0.000000
vt 1.000000 1.000000
vt 0.000000 1.000000
vt 0.500000 1.000000
vt 0.000000 0.000000
vt 1.000000 0.000000
vt 0.500000 1.000000
vt 0.000000 0.000000
vt 1.000000 0.000000
vt 0.000000 0.000000
vt 1.000000 0.000000
vt 1.000000 1.000000
vt 0.000000 1.000000
vt 0.500000 1.000000
vt 0.000000 0.000000
vt 1.000000 0.000000
vt 0.500000 1.000000
vt 0.000000 0.000000
vt 1.000000 0.000000
vt 0.000000 0.000000
vt 1.000000 0.000000
vt 1.000000 1.000000
vt 0.000000 1.000000
vt 0.500000 1.000000
vt 0.000000 0.000000
vt 1.000000 0.000000
vt 0.500000 1.000000
vt 0.000000 0.000000
vt 1.000000 0.000000
vt 0.000000 0.000000
vt 1.000000 0.000000
vt 1.000000 1.000000
vt 0.000000 1.000000
vt 0.500000 1.000000
vt 0.000000 0.000000
vt 1.000000 0.000000
vt 0.500000 1.000000
vt 0.000000 0.000000
vt 1.000000 0.000000
vt 0.000000 0.000000
vt 1.000000 0.000000
vt 1.000000 1.000000
vt 0.000000 1.000000
vt 0.500000 1.000000
vt 0.000000 0.000000
vt 1.000000 0.000000
vt 0.500000 1.000000
vt 0.000000 0.000000
vt 1.000000 0.000000
vt 0.000000 0.000000
vt 1.000000 0.000000
vt 1.000000 1.000000
vt 0.000000 1.000000
vt 0.500000 1.000000
vt 0.000000 0.000000
vt 1.000000 0.000000
vt 0.500000 1.000000
vt 0.000000 0.000000
vt 1.000000 0.000000
vt 0.000000 0.000000
vt 1.000000 0.000000
vt 1.000000 1.000000
vt 0.000000 1.000000
vt 0.500000 1.000000
vt 0.000000 0.000000
vt 1.000000 0.000000
vt 0.500000 1.000000
vt 0.000000 0.000000
vt 1.000000 0.000000
vt 0.000000 0.000000
vt 1.000000 0.000000
vt 1.000000 1.000000
vt 0.000000 1.000000
vt 0.500000 1.000000
vt 0.000000 0.000000
vt 1.000000 0.000000
vt 0.000000 0.000000
vt 1.000000 0.000000
vt 1.000000 1.000000
vt 0.000000 1.000000
vt 0.500000 1.000000
vt 0.000000 0.000000
vt 1.000000 0.000000
vt 0.000000 0.000000
vt 1.000000 0.000000
vt 1.000000 1.000000
vt 0.000000 1.000000
vt 0.500000 1.000000
vt 0.000000 0.000000
vt 1.000000 0.000000
vt 0.000000 0.000000
vt 1.000000 0.000000
vt 1.000000 1.000000
vt 0.000000 1.000000
vt 0.500000 1.000000
vt 0.000000 0.000000
vt 1.000000 0.000000
vt 0.000000 0.000000
vt 1.000000 0.000000
vt 1.000000 1.000000
vt 0.000000 1.000000
vt 0.500000 1.000000
vt 0.000000 0.000000
vt 1.000000 0.000000
vt 0.000000 0.000000
vt 1.000000 0.000000
vt 1.000000 1.000000
vt 0.000000 1.000000
vt 0.500000 1.000000
vt 0.000000 0.000000
vt 1.000000 0.000000
vt 0.000000 0.000000
vt 1.000000 0.000000
vt 1.000000 1.000000
vt 0.000000 1.000000
vt 0.500000 1.000000
vt 0.000000 0.000000
vt 1.000000 0.000000
vt 0.000000 0.000000
vt 1.000000 0.000000
vt 1.000000 1.000000
vt 0.000000 1.000000
vt 0.500000 1.000000
vt 0.000000 0.000000
vt 1.000000 0.000000
vt 0.000000 0.000000
vt 1.000000 0.000000
vt 1.000000 1.000000
vt 0.000000 1.000000
vt 0.500000 1.000000
vt 0.000000 0.000000
vt 1.000000 0.000000
vt 0.000000 0.000000
vt 1.000000 0.000000
vt 1.000000 1.000000
vt 0.000000 1.000000
vt 0.500000 1.000000
vt 0.000000 0.000000
vt 1.000000 0.000000
vt 0.000000 0.000000
vt 1.000000 0.000000
vt 1.000000 1.000000
vt 0.000000 1.000000
vt 0.500000 1.000000
vt 0.000000 0.000000
vt 1.000000 0.000000
vt 0.000000 0.000000
vt 1.000000 0.000000
vt 1.000000 1.000000
vt 0.000000 1.000000
vt 0.500000 1.000000
vt 0.000000 0.000000
vt 1.000000 0.000000
vt 0.000000 0.000000
vt 1.000000 0.000000
vt 1.000000 1.000000
vt 0.000000 1.000000
vt 0.500000 1.000000
vt 0.000000 0.000000
vt 1.000000 0.000000
vt 0.500000 1.000000
vt 0.000000 0.000000
vt 1.000000 0.000000
vt 0.000000 0.000000
vt 1.000000 0.000000
vt 1.000000 1.000000
vt 0.000000 1.000000
vt 0.500000 1.000000
vt 0.000000 0.000000
vt 1.000000 0.000000
vt 0.500000 1.000000
vt 0.000000 0.000000
vt 1.000000 0.000000
vt 0.000000 0.000000
vt 1.000000 0.000000
vt 1.000000 1.000000
vt 0.000000 1.000000
vt 0.500000 1.000000
vt 0.000000 0.000000
vt 1.000000 0.000000
vt 0.500000 1.000000
vt 0.000000 0.000000
vt 1.000000 0.000000
vt 0.000000 0.000000
vt 1.000000 0.000000
vt 1.000000 1.000000
vt 0.000000 1.000000
vt 0.500000 1.000000
vt 0.000000 0.000000
vt 1.000000 0.000000
vt 0.500000 1.000000
vt 0.000000 0.000000
vt 1.000000 0.000000
vt 0.000000 0.000000
vt 1.000000 0.000000
vt 1.000000 1.000000
vt 0.000000 1.000000
vt 0.500000 1.000000
vt 0.000000 0.000000
vt 1.000000 0.000000
vt 0.500000 1.000000
vt 0.000000 0.000000
vt 1.000000 0.000000
vt 0.000000 0.000000
vt 1.000000 0.000000
vt 1.000000 1.000000
vt 0.000000 1.000000
vt 0.500000 1.000000
vt 0.000000 0.000000
vt 1.000000 0.000000
vt 0.500000 1.000000
vt 0.000000 0.000000
vt 1.000000 0.000000
vt 0.000000 0.000000
vt 1.000000 0.000000
vt 1.000000 1.000000
vt 0.000000 1.000000
vt 0.500000 1.000000
vt 0.000000 0.000000
vt 1.000000 0.000000
vt 0.500000 1.000000
vt 0.000000 0.000000
vt 1.000000 0.000000
vt 0.000000 0.000000
vt 1.000000 0.000000
vt 1.000000 1.000000
vt 0.000000 1.000000
vt 0.500000 1.000000
vt 0.000000 0.000000
vt 1.000000 0.000000
vt 0.500000 1.000000
vt 0.000000 0.000000
vt 1.000000 0.000000
vt 0.000000 0.000000
vt 1.000000 0.000000
vt 1.000000 1.000000
vt 0.000000 1.000000
vt 0.500000 1.000000
vt 0.000000 0.000000
vt 1.000000 0.000000
vt 0.500000 1.000000
vt 0.000000 0.000000
vt 1.000000 0.000000
vt 0.000000 0.000000
vt 1.000000 0.000000
vt 1.000000 1.000000
vt 0.000000 1.000000
vt 0.500000 1.000000
vt 0.000000 0.000000
vt 1.000000 0.000000
vt 0.500000 1.000000
vt 0.000000 0.000000
vt 1.000000 0.000000
vt 0.000000 0.000000
vt 1.000000 0.000000
vt 1.000000 1.000000
vt 0.000000 1.000000
vt 0.500000 1.000000
vt 0.000000 0.000000
vt 1.000000 0.000000
vt 0.500000 1.000000
vt 0.000000 0.000000
vt 1.000000 0.000000
vt 0.000000 0.000000
vt 1.000000 0.000000
vt 1.000000 1.000000
vt 0.000000 1.000000
vt 0.500000 1.000000
vt 0.000000 0.000000
vt 1.000000 0.000000
vt 0.500000 1.000000
vt 0.000000 0.000000
vt 1.000000 0.000000
vt 0.000000 0.000000
vt 1.000000 0.000000
vt 1.000000 1.000000
vt 0.000000 1.000000
vt 0.500000 1.000000
vt 0.000000 0.000000
vt 1.000000 0.000000
vt 0.500000 1.000000
vt 0.000000 0.000000
vt 1.000000 0.000000
vt 0.000000 0.000000
vt 1.000000 0.000000
vt 1.000000 1.000000
vt 0.000000 1.000000
vt 0.500000 1.000000
vt 0.000000 0.000000
vt 1.000000 0.000000
vt 0.500000 1.000000
vt 0.000000 0.000000
vt 1.000000 0.000000
vt 0.000000 0.000000
vt 1.000000 0.000000
vt 1.000000 1.000000
vt 0.000000 1.000000
vt 0.500000 1.000000
vt 0.000000 0.000000
vt 1.000000 0.000000
vt 0.000000 0.000000
vt 1.000000 0.000000
vt 1.000000 1.000000
vt 0.000000 1.000000
vt 0.500000 1.000000
vt 0.000000 0.000000
vt 1.000000 0.000000
vt 0.000000 0.000000
vt 1.000000 0.000000
vt 1.000000 1.000000
vt 0.000000 1.000000
vt 0.500000 1.000000
vt 0.000000 0.000000
vt 1.000000 0.000000
vt 0.000000 0.000000
vt 1.000000 0.000000
vt 1.000000 1.000000
vt 0.000000 1.000000
vt 0.500000 1.000000
vt 0.000000 0.000000
vt 1.000000 0.000000
vt 0.000000 0.000000
vt 1.000000 0.000000
vt 1.000000 1.000000
vt 0.000000 1.000000
vt 0.500000 1.000000
vt 0.000000 0.000000
vt 1.000000 0.000000
vt 0.000000 0.000000
vt 1.000000 0.000000
vt 1.000000 1.000000
vt 0.000000 1.000000
vt 0.500000 1.000000
vt 0.000000 0.000000
vt 1.000000 0.000000
vt 0.000000 0.000000
vt 1.000000 0.000000
vt 1.000000 1.000000
vt 0.000000 1.000000
vt 0.500000 1.000000
vt 0.000000 0.000000
vt 1.000000 0.000000
vt 0.000000 0.000000
vt 1.000000 0.000000
vt 1.000000 1.000000
vt 0.000000 1.000000
vt 0.500000 1.000000
vt 0.000000 0.000000
vt 1.000000 0.000000
vt 0.000000 0.000000
vt 1.000000 0.000000
vt 1.000000 1.000000
vt 0.000000 1.000000
vt 0.500000 1.000000
vt 0.000000 0.000000
vt 1.000000 0.000000
vt 0.000000 0.000000
vt 1.000000 0.000000
vt 1.000000 1.000000
vt 0.000000 1.000000
vt 0.500000 1.000000
vt 0.000000 0.000000
vt 1.000000 0.000000
vt 0.000000 0.000000
vt 1.000000 0.000000
vt 1.000000 1.000000
vt 0.000000 1.000000
vt 0.500000 1.000000
vt 0.000000 0.000000
vt 1.000000 0.000000
vt 0.000000 0.000000
vt 1.000000 0.000000
vt 1.000000 1.000000
vt 0.000000 1.000000
vt 0.500000 1.000000
vt 0.000000 0.000000
vt 1.000000 0.000000
vt 0.000000 0.000000
vt 1.000000 0.000000
vt 1.000000 1.000000
vt 0.000000 1.000000
vt 0.500000 1.000000
vt 0.000000 0.000000
vt 1.000000 0.000000
vt 0.500000 1.000000
vt 0.000000 0.000000
vt 1.000000 0.000000
vt 0.000000 0.000000
vt 1.000000 0.000000
vt 1.000000 1.000000
vt 0.000000 1.000000
vt 0.500000 1.000000
vt 0.000000 0.000000
vt 1.000000 0.000000
vt 0.500000 1.000000
vt 0.000000 0.000000
vt 1.000000 0.000000
vt 0.000000 0.000000
vt 1.000000 0.000000
vt 1.000000 1.000000
vt 0.000000 1.000000
vt 0.500000 1.000000
vt 0.000000 0.000000
vt 1.000000 0.000000
vt 0.500000 1.000000
vt 0.000000 0.000000
vt 1.000000 0.000000
vt 0.000000 0.000000
vt 1.000000 0.000000
vt 1.000000 1.000000
vt 0.000000 1.000000
vt 0.500000 1.000000
vt 0.000000 0.000000
vt 1.000000 0.000000
vt 0.500000 1.000000
vt 0.000000 0.000000
vt 1.000000 0.000000
vt 0.000000 0.000000
vt 1.000000 0.000000
vt 1.000000 1.000000
vt 0.000000 1.000000
vt 0.500000 1.000000
vt 0.000000 0.000000
vt 1.000000 0.000000
vt 0.500000 1.000000
vt 0.000000 0.000000
vt 1.000000 0.000000
vt 0.000000 0.000000
vt 1.000000 0.000000
vt 1.000000 1.000000
vt 0.000000 1.000000
vt 0.500000 1.000000
vt 0.000000 0.000000
vt 1.000000 0.000000
vt 0.500000 1.000000
vt 0.000000 0.000000
vt 1.000000 0.000000
vt 0.000000 0.000000
vt 1.000000 0.000000
vt 1.000000 1.000000
vt 0.000000 1.000000
vt 0.500000 1.000000
vt 0.000000 0.000000
vt 1.000000 0.000000
vt 0.500000 1.000000
vt 0.000000 0.000000
vt 1.000000 0.000000
vt 0.000000 0.000000
vt 1.000000 0.000000
vt 1.000000 1.000000
vt 0.000000 1.000000
vt 0.500000 1.000000
vt 0.000000 0.000000
vt 1.000000 0.000000
vt 0.500000 1.000000
vt 0.000000 0.000000
vt 1.000000 0.000000
vt 0.000000 0.000000
vt 1.000000 0.000000
vt 1.000000 1.000000
vt 0.000000 1.000000
vt 0.500000 1.000000
vt 0.000000 0.000000
vt 1.000000 0.000000
vt 0.500000 1.000000
vt 0.000000 0.000000
vt 1.000000 0.000000
vt 0.000000 0.000000
vt 1.000000 0.000000
vt 1.000000 1.000000
vt 0.000000 1.000000
vt 0.500000 1.000000
vt 0.000000 0.000000
vt 1.000000 0.000000
vt 0.500000 1.000000
vt 0.000000 0.000000
vt 1.000000 0.000000
vt 0.000000 0.000000
vt 1.000000 0.000000
vt 1.000000 1.000000
vt 0.000000 1.000000
vt 0.500000 1.000000
vt 0.000000 0.000000
vt 1.000000 0.000000
vt 0.500000 1.000000
vt 0.000000 0.000000
vt 1.000000 0.000000
vt 0.000000 0.000000
vt 1.000000 0.000000
vt 1.000000 1.000000
vt 0.000000 1.000000
vt 0.500000 1.000000
vt 0.000000 0.000000
vt 1.000000 0.000000
vt 0.500000 1.000000
vt 0.000000 0.000000
vt 1.000000 0.000000
vt 0.000000 0.000000
vt 1.000000 0.000000
vt 1.000000 1.000000
vt 0.000000 1.000000
vt 0.500000 1.000000
vt 0.000000 0.000000
vt 1.000000 0.000000
vt 0.500000 1.000000
vt 0.000000 0.000000
vt 1.000000 0.000000
vt 0.000000 0.000000
vt 1.000000 0.000000
vt 1.000000 1.000000
vt 0.000000 1.000000
vt 0.500000 1.000000
vt 0.000000 0.000000
vt 1.000000 0.000000
vt 0.500000 1.000000
vt 0.000000 0.000000
vt 1.000000 0.000000
vt 0.000000 0.000000
vt 1.000000 0.000000
vt 1.000000 1.000000
vt 0.000000 1.000000
vt 0.500000 1.000000
vt 0.000000 0.000000
vt 1.000000 0.000000
vt 0.000000 0.000000
vt 1.000000 0.000000
vt 1.000000 1.000000
vt 0.000000 1.000000
vt 0.500000 1.000000
vt 0.000000 0.000000
vt 1.000000 0.000000
vt 0.000000 0.000000
vt 1.000000 0.000000
vt 1.000000 1.000000
vt 0.000000 1.000000
vt 0.500000 1.000000
vt 0.000000 0.000000
vt 1.000000 0.000000
vt 0.000000 0.000000
vt 1.000000 0.000000
vt 1.000000 1.000000
vt 0.000000 1.000000
vt 0.500000 1.000000
vt 0.000000 0.000000
vt 1.000000 0.000000
vt 0.000000 0.000000
vt 1.000000 0.000000
vt 1.000000 1.000000
vt 0.000000 1.000000
vt 0.500000 1.000000
vt 0.000000 0.000000
vt 1.000000 0.000000
vt 0.000000 0.000000
vt 1.000000 0.000000
vt 1.000000 1.000000
vt 0.000000 1.000000
vt 0.500000 1.000000
vt 0.000000 0.000000
vt 1.000000 0.000000
vt 0.000000 0.000000
vt 1.000000 0.000000
vt 1.000000 1.000000
vt 0.000000 1.000000
vt 0.500000 1.000000
vt 0.000000 0.000000
vt 1.000000 0.000000
vt 0.000000 0.000000
vt 1.000000 0.000000
vt 1.000000 1.000000
vt 0.000000 1.000000
vt 0.500000 1.000000
vt 0.000000 0.000000
vt 1.000000 0.000000
vt 0.000000 0.000000
vt 1.000000 0.000000
vt 1.000000 1.000000
vt 0.000000 1.000000
vt 0.500000 1.000000
vt 0.000000 0.000000
vt 1.000000 0.000000
vt 0.000000 0.000000
vt 1.000000 0.000000
vt 1.000000 1.000000
vt 0.000000 1.000000
vt 0.500000 1.000000
vt 0.000000 0.000000
vt 1.000000 0.000000
vt 0.000000 0.000000
vt 1.000000 0.000000
vt 1.000000 1.000000
vt 0.000000 1.000000
vt 0.500000 1.000000
vt 0.000000 0.000000
vt 1.000000 0.000000
vt 0.000000 0.000000
vt 1.000000 0.000000
vt 1.000000 1.000000
vt 0.000000 1.000000
vt 0.500000 1.000000
vt 0.000000 0.000000
vt 1.000000 0.000000
vt 0.000000 0.000000
vt 1.000000 0.000000
vt 1.000000 1.000000
vt 0.000000 1.000000
vt 0.500000 1.000000
vt 0.000000 0.000000
vt 1.000000 0.000000
vt 0.500000 1.000000
vt 0.000000 0.000000
vt 1.000000 0.000000
vt 0.000000 0.000000
vt 1.000000 0.000000
vt 1.000000 1.000000
vt 0.000000 1.000000
vt 0.500000 1.000000
vt 0.000000 0.000000
vt 1.000000 0.000000
vt 0.500000 1.000000
vt 0.000000 0.000000
vt 1.000000 0.000000
vt 0.000000 0.000000
vt 1.000000 0.000000
vt 1.000000 1.000000
vt 0.000000 1.000000
vt 0.500000 1.000000
vt 0.000000 0.000000
vt 1.000000 0.000000
vt 0.500000 1.000000
vt 0.000000 0.000000
vt 1.000000 0.000000
vt 0.000000 0.000000
vt 1.000000 0.000000
vt 1.000000 1.000000
vt 0.000000 1.000000
vt 0.500000 1.000000
vt 0.000000 0.000000
vt 1.000000 0.000000
vt 0.500000 1.000000
vt 0.000000 0.000000
vt 1.000000 0.000000
vt 0.000000 0.000000
vt 1.000000 0.000000
vt 1.000000 1.000000
vt 0.000000 1.000000
vt 0.500000 1.000000
vt 0.000000 0.000000
vt 1.000000 0.000000
vt 0.500000 1.000000
vt 0.000000 0.000000
vt 1.000000 0.000000
vt 0.000000 0.000000
vt 1.000000 0.000000
vt 1.000000 1.000000
vt 0.000000 1.000000
vt 0.500000 1.000000
vt 0.000000 0.000000
vt 1.000000 0.000000
vt 0.500000 1.000000
vt 0.000000 0.000000
vt 1.000000 0.000000
vt 0.000000 0.000000
vt 1.000000 0.000000
vt 1.000000 1.000000
vt 0.000000 1.000000
vt 0.500000 1.000000
vt 0.000000 0.000000
vt 1.000000 0.000000
vt 0.500000 1.000000
vt 0.000000 0.000000
vt 1.000000 0.000000
vt 0.000000 0.000000
vt 1.000000 0.000000
vt 1.000000 1.000000
vt 0.000000 1.000000
vt 0.500000 1.000000
vt 0.000000 0.000000
vt 1.000000 0.000000
vt 0.500000 1.000000
vt 0.000000 0.000000
vt 1.000000 0.000000
vt 0.000000 0.000000
vt 1.000000 0.000000
vt 1.000000 1.000000
vt 0.000000 1.000000
vt 0.500000 1.000000
vt 0.000000 0.000000
vt 1.000000 0.000000
vt 0.500000 1.000000
vt 0.000000 0.000000
vt 1.000000 0.000000
vt 0.000000 0.000000
vt 1.000000 0.000000
vt 1.000000 1.000000
vt 0.000000 1.000000
vt 0.500000 1.000000
vt 0.000000 0.000000
vt 1.000000 0.000000
vt 0.500000 1.000000
vt 0.000000 0.000000
vt 1.000000 0.000000
vt 0.000000 0.000000
vt 1.000000 0.000000
vt 1.000000 1.000000
vt 0.000000 1.000000
vt 0.500000 1.000000
vt 0.000000 0.000000
vt 1.000000 0.000000
vt 0.500000 1.000000
vt 0.000000 0.000000
vt 1.000000 0.000000
vt 0.000000 0.000000
vt 1.000000 0.000000
vt 1.000000 1.000000
vt 0.000000 1.000000
vt 0.500000 1.000000
vt 0.000000 0.000000
vt 1.000000 0.000000
vt 0.500000 1.000000
vt 0.000000 0.000000
vt 1.000000 0.000000
vt 0.000000 0.000000
vt 1.000000 0.000000
vt 1.000000 1.000000
vt 0.000000 1.000000
vt 0.500000 1.000000
vt 0.000000 0.000000
vt 1.000000 0.000000
vt 0.500000 1.000000
vt 0.000000 0.000000
vt 1.000000 0.000000
vt 0.000000 0.000000
vt 1.000000 0.000000
vt 1.000000 1.000000
vt 0.000000 1.000000
vt 0.500000 1.000000
vt 0.000000 0.000000
vt 1.000000 0.000000
vt 0.500000 1.000000
vt 0.000000 0.000000
vt 1.000000 0.000000
vt 0.000000 0.000000
vt 1.000000 0.000000
vt 1.000000 1.000000
vt 0.000000 1.000000
vt 0.500000 1.000000
vt 0.000000 0.000000
vt 1.000000 0.000000
vt 0.000000 0.000000
vt 1.000000 0.000000
vt 1.000000 1.000000
vt 0.000000 1.000000
vt 0.500000 1.000000
vt 0.000000 0.000000
vt 1.000000 0.000000
vt 0.000000 0.000000
vt 1.000000 0.000000
vt 1.000000 1.000000
vt 0.000000 1.000000
vt 0.500000 1.000000
vt 0.000000 0.000000
vt 1.000000 0.000000
vt 0.000000 0.000000
vt 1.000000 0.000000
vt 1.000000 1.000000
vt 0.000000 1.000000
vt 0.500000 1.000000
vt 0.000000 0.000000
vt 1.000000 0.000000
vt 0.000000 0.000000
vt 1.000000 0.000000
vt 1.000000 1.000000
vt 0.000000 1.000000
vt 0.500000 1.000000
vt 0.000000 0.000000
vt 1.000000 0.000000
vt 0.000000 0.000000
vt 1.000000 0.000000
vt 1.000000 1.000000
vt 0.000000 1.000000
vt 0.500000 1.000000
vt 0.000000 0.000000
vt 1.000000 0.000000
vt 0.000000 0.000000
vt 1.000000 0.000000
vt 1.000000 1.000000
vt 0.000000 1.000000
vt 0.500000 1.000000
vt 0.000000 0.000000
vt 1.000000 0.000000
vt 0.000000 0.000000
vt 1.000000 0.000000
vt 1.000000 1.000000
vt 0.000000 1.000000
vt 0.500000 1.000000
vt 0.000000 0.000000
vt 1.000000 0.000000
vt 0.000000 0.000000
vt 1.000000 0.000000
vt 1.000000 1.000000
vt 0.000000 1.000000
vt 0.500000 1.000000
vt 0.000000 0.000000
vt 1.000000 0.000000
vt 0.000000 0.000000
vt 1.000000 0.000000
vt 1.000000 1.000000
vt 0.000000 1.000000
vt 0.500000 1.000000
vt 0.000000 0.000000
vt 1.000000 0.000000
vt 0.000000 0.000000
vt 1.000000 0.000000
vt 1.000000 1.000000
vt 0.000000 1.000000
vt 0.500000 1.000000
vt 0.000000 0.000000
vt 1.000000 0.000000
vt 0.000000 0.000000
vt 1.000000 0.000000
vt 1.000000 1.000000
vt 0.000000 1.000000
vt 0.500000 1.000000
vt 0.000000 0.000000
vt 1.000000 0.000000
vt 0.000000 0.000000
vt 1.000000 0.000000
vt 1.000000 1.000000
vt 0.000000 1.000000
vt 0.500000 1.000000
vt 0.000000 0.000000
vt 1.000000 0.000000
vt 0.500000 1.000000
vt 0.000000 0.000000
vt 1.000000 0.000000
vt 0.000000 0.000000
vt 1.000000 0.000000
vt 1.000000 1.000000
vt 0.000000 1.000000
vt 0.500000 1.000000
vt 0.000000 0.000000
vt 1.000000 0.000000
vt 0.500000 1.000000
vt 0.000000 0.000000
vt 1.000000 0.000000
vt 0.000000 0.000000
vt 1.000000 0.000000
vt 1.000000 1.000000
vt 0.000000 1.000000
vt 0.500000 1.000000
vt 0.000000 0.000000
vt 1.000000 0.000000
vt 0.500000 1.000000
vt 0.000000 0.000000
vt 1.000000 0.000000
vt 0.000000 0.000000
vt 1.000000 0.000000
vt 1.000000 1.000000
vt 0.000000 1.000000
vt 0.500000 1.000000
vt 0.000000 0.000000
vt 1.000000 0.000000
vt 0.500000 1.000000
vt 0.000000 0.000000
vt 1.000000 0.000000
vt 0.000000 0.000000
vt 1.000000 0.000000
vt 1.000000 1.000000
vt 0.000000 1.000000
vt 0.500000 1.000000
vt 0.000000 0.000000
vt 1.000000 0.000000
vt 0.500000 1.000000
vt 0.000000 0.000000
vt 1.000000 0.000000
vt 0.000000 0.000000
vt 1.000000 0.000000
vt 1.000000 1.000000
vt 0.000000 1.000000
vt 0.500000 1.000000
vt 0.000000 0.000000
vt 1.000000 0.000000
vt 0.500000 1.000000
vt 0.000000 0.000000
vt 1.000000 0.000000
vt 0.000000 0.000000
vt 1.000000 0.000000
vt 1.000000 1.000000
vt 0.000000 1.000000
vt 0.500000 1.000000
vt 0.000000 0.000000
vt 1.000000 0.000000
vt 0.500000 1.000000
vt 0.000000 0.000000
vt 1.000000 0.000000
vt 0.000000 0.000000
vt 1.000000 0.000000
vt 1.000000 1.000000
vt 0.000000 1.000000
vt 0.500000 1.000000
vt 0.000000 0.000000
vt 1.000000 0.000000
vt 0.500000 1.000000
vt 0.000000 0.000000
vt 1.000000 0.000000
vt 0.000000 0.000000
vt 1.000000 0.000000
vt 1.000000 1.000000
vt 0.000000 1.000000
vt 0.500000 1.000000
vt 0.000000 0.000000
vt 1.000000 0.000000
vt 0.500000 1.000000
vt 0.000000 0.000000
vt 1.000000 0.000000
vt 0.000000 0.000000
vt 1.000000 0.000000
vt 1.000000 1.000000
vt 0.000000 1.000000
vt 0.500000 1.000000
vt 0.000000 0.000000
vt 1.000000 0.000000
vt 0.500000 1.000000
vt 0.000000 0.000000
vt 1.000000 0.000000
vt 0.000000 0.000000
vt 1.000000 0.000000
vt 1.000000 1.000000
vt 0.000000 1.000000
vt 0.500000 1.000000
vt 0.000000 0.000000
vt 1.000000 0.000000
vt 0.500000 1.000000
vt 0.000000 0.000000
vt 1.000000 0.000000
vt 0.000000 0.000000
vt 1.000000 0.000000
vt 1.000000 1.000000
vt 0.000000 1.000000
vt 0.500000 1.000000
vt 0.000000 0.000000
vt 1.000000 0.000000
vt 0.500000 1.000000
vt 0.000000 0.000000
vt 1.000000 0.000000
vt 0.000000 0.000000
vt 1.000000 0.000000
vt 1.000000 1.000000
vt 0.000000 1.000000
vt 0.500000 1.000000
vt 0.000000 0.000000
vt 1.000000 0.000000
vt 0.500000 1.000000
vt 0.000000 0.000000
vt 1.000000 0.000000
vt 0.000000 0.000000
vt 1.000000 0.000000
vt 1.000000 1.000000
vt 0.000000 1.000000
vt 0.500000 1.000000
vt 0.000000 0.000000
vt 1.000000 0.000000
vt 0.500000 1.000000
vt 0.000000 0.000000
vt 1.000000 0.000000
vt 0.000000 0.000000
vt 1.000000 0.000000
vt 1.000000 1.000000
vt 0.000000 1.000000
vt 0.500000 1.000000
vt 0.000000 0.000000
vt 1.000000 0.000000
vt 0.000000 0.000000
vt 1.000000 0.000000
vt 1.000000 1.000000
vt 0.000000 1.000000
vt 0.500000 1.000000
vt 0.000000 0.000000
vt 1.000000 0.000000
vt 0.000000 0.000000
vt 1.000000 0.000000
vt 1.000000 1.000000
vt 0.000000 1.000000
vt 0.500000 1.000000
vt 0.000000 0.000000
vt 1.000000 0.000000
vt 0.000000 0.000000
vt 1.000000 0.000000
vt 1.000000 1.000000
vt 0.000000 1.000000
vt 0.500000 1.000000
vt 0.000000 0.000000
vt 1.000000 0.000000
vt 0.000000 0.000000
vt 1.000000 0.000000
vt 1.000000 1.000000
vt 0.000000 1.000000
vt 0.500000 1.000000
vt 0.000000 0.000000
vt 1.000000 0.000000
vt 0.000000 0.000000
vt 1.000000 0.000000
vt 1.000000 1.000000
vt 0.000000 1.000000
vt 0.500000 1.000000
vt 0.000000 0.000000
vt 1.000000 0.000000
vt 0.000000 0.000000
vt 1.000000 0.000000
vt 1.000000 1.000000
vt 0.000000 1.000000
vt 0.500000 1.000000
vt 0.000000 0.000000
vt 1.000000 0.000000
vt 0.000000 0.000000
vt 1.000000 0.000000
vt 1.000000 1.000000
vt 0.000000 1.000000
vt 0.500000 1.000000
vt 0.000000 0.000000
vt 1.000000 0.000000
vt 0.000000 0.000000
vt 1.000000 0.000000
vt 1.000000 1.000000
vt 0.000000 1.000000
vt 0.500000 1.000000
vt 0.000000 0.000000
vt 1.000000 0.000000
vt 0.000000 0.000000
vt 1.000000 0.000000
vt 1.000000 1.000000
vt 0.000000 1.000000
vt 0.500000 1.000000
vt 0.000000 0.000000
vt 1.000000 0.000000
vt 0.000000 0.000000
vt 1.000000 0.000000
vt 1.000000 1.000000
vt 0.000000 1.000000
vt 0.500000 1.000000
vt 0.000000 0.000000
vt 1.000000 0.000000
vt 0.000000 0.000000
vt 1.000000 0.000000
vt 1.000000 1.000000
vt 0.000000 1.000000
vt 0.500000 1.000000
vt 0.000000 0.000000
vt 1.000000 0.000000
vt 0.000000 0.000000
vt 1.000000 0.000000
vt 1.000000 1.000000
vt 0.000000 1.000000
vt 0.500000 1.000000
vt 0.000000 0.000000
vt 1.000000 0.000000
vt 0.500000 1.000000
vt 0.000000 0.000000
vt 1.000000 0.000000
vt 0.000000 0.000000
vt 1.000000 0.000000
vt 1.000000 1.000000
vt 0.000000 1.000000
vt 0.500000 1.000000
vt 0.000000 0.000000
vt 1.000000 0.000000
vt 0.500000 1.000000
vt 0.000000 0.000000
vt 1.000000 0.000000
vt 0.000000 0.000000
vt 1.000000 0.000000
vt 1.000000 1.000000
vt 0.000000 1.000000
vt 0.500000 1.000000
vt 0.000000 0.000000
vt 1.000000 0.000000
vt 0.500000 1.000000
vt 0.000000 0.000000
vt 1.000000 0.000000
vt 0.000000 0.000000
vt 1.000000 0.000000
vt 1.000000 1.000000
vt 0.000000 1.000000
vt 0.500000 1.000000
vt 0.000000 0.000000
vt 1.000000 0.000000
vt 0.500000 1.000000
vt 0.000000 0.000000
vt 1.000000 0.000000
vt 0.000000 0.000000
vt 1.000000 0.000000
vt 1.000000 1.000000
vt 0.000000 1.000000
vt 0.500000 1.000000
vt 0.000000 0.000000
vt 1.000000 0.000000
vt 0.500000 1.000000
vt 0.000000 0.000000
vt 1.000000 0.000000
vt 0.000000 0.000000
vt 1.000000 0.000000
vt 1.000000 1.000000
vt 0.000000 1.000000
vt 0.500000 1.000000
vt 0.000000 0.000000
vt 1.000000 0.000000
vt 0.500000 1.000000
vt 0.000000 0.000000
vt 1.000000 0.000000
vt 0.000000 0.000000
vt 1.000000 0.000000
vt 1.000000 1.000000
vt 0.000000 1.000000
vt 0.500000 1.000000
vt 0.000000 0.000000
vt 1.000000 0.000000
vt 0.500000 1.000000
vt 0.000000 0.000000
vt 1.000000 0.000000
vt 0.000000 0.000000
vt 1.000000 0.000000
vt 1.000000 1.000000
vt 0.000000 1.000000
vt 0.500000 1.000000
vt 0.000000 0.000000
vt 1.000000 0.000000
vt 0.500000 1.000000
vt 0.000000 0.000000
vt 1.000000 0.000000
vt 0.000000 0.000000
vt 1.000000 0.000000
vt 1.000000 1.000000
vt 0.000000 1.000000
vt 0.500000 1.000000
vt 0.000000 0.000000
vt 1.000000 0.000000
vt 0.500000 1.000000
vt 0.000000 0.000000
vt 1.000000 0.000000
vt 0.000000 0.000000
vt 1.000000 0.000000
vt 1.000000 1.000000
vt 0.000000 1.000000
vt 0.500000 1.000000
vt 0.000000 0.000000
vt 1.000000 0.000000
vt 0.500000 1.000000
vt 0.000000 0.000000
vt 1.000000 0.000000
vt 0.000000 0.000000
vt 1.000000 0.000000
vt 1.000000 1.000000
vt 0.000000 1.000000
vt 0.500000 1.000000
vt 0.000000 0.000000
vt 1.000000 0.000000
vt 0.500000 1.000000
vt 0.000000 0.000000
vt 1.000000 0.000000
vt 0.000000 0.000000
vt 1.000000 0.000000
vt 1.000000 1.000000
vt 0.000000 1.000000
vt 0.500000 1.000000
vt 0.000000 0.000000
vt 1.000000 0.000000
vt 0.500000 1.000000
vt 0.000000 0.000000
vt 1.000000 0.000000
vt 0.000000 0.000000
vt 1.000000 0.000000
vt 1.000000 1.000000
vt 0.000000 1.000000
vt 0.500000 1.000000
vt 0.000000 0.000000
vt 1.000000 0.000000
vt 0.500000 1.000000
vt 0.000000 0.000000
vt 1.000000 0.000000
vt 0.000000 0.000000
vt 1.000000 0.000000
vt 1.000000 1.000000
vt 0.000000 1.000000
vt 0.500000 1.000000
vt 0.000000 0.000000
vt 1.000000 0.000000
vt 0.500000 1.000000
vt 0.000000 0.000000
vt 1.000000 0.000000
vt 0.000000 0.000000
vt 1.000000 0.000000
vt 1.000000 1.000000
vt 0.000000 1.000000
vt 0.500000 1.000000
vt 0.000000 0.000000
vt 1.000000 0.000000
vt 0.000000 0.000000
vt 1.000000 0.000000
vt 1.000000 1.000000
vt 0.000000 1.000000
vt 0.500000 1.000000
vt 0.000000 0.000000
vt 1.000000 0.000000
vt 0.000000 0.000000
vt 1.000000 0.000000
vt 1.000000 1.000000
vt 0.000000 1.000000
vt 0.500000 1.000000
vt 0.000000 0.000000
vt 1.000000 0.000000
vt 0.000000 0.000000
vt 1.000000 0.000000
vt 1.000000 1.000000
vt 0.000000 1.000000
vt 0.500000 1.000000
vt 0.000000 0.000000
vt 1.000000 0.000000
vt 0.000000 0.000000
vt 1.000000 0.000000
vt 1.000000 1.000000
vt 0.000000 1.000000
vt 0.500000 1.000000
vt 0.000000 0.000000
vt 1.000000 0.000000
vt 0.000000 0.000000
vt 1.000000 0.000000
vt 1.000000 1.000000
vt 0.000000 1.000000
vt 0.500000 1.000000
vt 0.000000 0.000000
vt 1.000000 0.000000
vt 0.000000 0.000000
vt 1.000000 0.000000
vt 1.000000 1.000000
vt 0.000000 1.000000
vt 0.500000 1.000000
vt 0.000000 0.000000
vt 1.000000 0.000000
vt 0.000000 0.000000
vt 1.000000 0.000000
vt 1.000000 1.000000
vt 0.000000 1.000000
vt 0.500000 1.000000
vt 0.000000 0.000000
vt 1.000000 0.000000
vt 0.000000 0.000000
vt 1.000000 0.000000
vt 1.000000 1.000000
vt 0.000000 1.000000
vt 0.500000 1.000000
vt 0.000000 0.000000
vt 1.000000 0.000000
vt 0.000000 0.000000
vt 1.000000 0.000000
vt 1.000000 1.000000
vt 0.000000 1.000000
vt 0.500000 1.000000
vt 0.000000 0.000000
vt 1.000000 0.000000
vt 0.000000 0.000000
vt 1.000000 0.000000
vt 1.000000 1.000000
vt 0.000000 1.000000
vt 0.500000 1.000000
vt 0.000000 0.000000
vt 1.000000 0.000000
vt 0.000000 0.000000
vt 1.000000 0.000000
vt 1.000000 1.000000
vt 0.000000 1.000000
vt 0.500000 1.000000
vt 0.000000 0.000000
vt 1.000000 0.000000
vt 0.000000 0.000000
vt 1.000000 0.000000
vt 1.000000 1.000000
vt 0.000000 1.000000
vt 0.500000 1.000000
vt 0.000000 0.000000
vt 1.000000 0.000000
vt 0.500000 1.000000
vt 0.000000 0.000000
vt 1.000000 0.000000
vt 0.000000 0.000000
vt 1.000000 0.000000
vt 1.000000 1.000000
vt 0.000000 1.000000
vt 0.500000 1.000000
vt 0.000000 0.000000
vt 1.000000 0.000000
vt 0.500000 1.000000
vt 0.000000 0.000000
vt 1.000000 0.000000
vt 0.000000 0.000000
vt 1.000000 0.000000
vt 1.000000 1.000000
vt 0.000000 1.000000
vt 0.500000 1.000000
vt 0.000000 0.000000
vt 1.000000 0.000000
vt 0.500000 1.000000
vt 0.000000 0.000000
vt 1.000000 0.000000
vt 0.000000 0.000000
vt 1.000000 0.000000
vt 1.000000 1.000000
vt 0.000000 1.000000
vt 0.500000 1.000000
vt 0.000000 0.000000
vt 1.000000 0.000000
vt 0.500000 1.000000
vt 0.000000 0.000000
vt 1.000000 0.000000
vt 0.000000 0.000000
vt 1.000000 0.000000
vt 1.000000 1.000000
vt 0.000000 1.000000
vt 0.500000 1.000000
vt 0.000000 0.000000
vt 1.000000 0.000000
vt 0.500000 1.000000
vt 0.000000 0.000000
vt 1.000000 0.000000
vt 0.000000 0.000000
vt 1.000000 0.000000
vt 1.000000 1.000000
vt 0.000000 1.000000
vt 0.500000 1.000000
vt 0.000000 0.000000
vt 1.000000 0.000000
vt 0.500000 1.000000
vt 0.000000 0.000000
vt 1.000000 0.000000
vt 0.000000 0.000000
vt 1.000000 0.000000
vt 1.000000 1.000000
vt 0.000000 1.000000
vt 0.500000 1.000000
vt 0.000000 0.000000
vt 1.000000 0.000000
vt 0.500000 1.000000
vt 0.000000 0.000000
vt 1.000000 0.000000
vt 0.000000 0.000000
vt 1.000000 0.000000
vt 1.000000 1.000000
vt 0.000000 1.000000
vt 0.500000 1.000000
vt 0.000000 0.000000
vt 1.000000 0.000000
vt 0.500000 1.000000
vt 0.000000 0.000000
vt 1.000000 0.000000
vt 0.000000 0.000000
vt 1.000000 0.000000
vt 1.000000 1.000000
vt 0.000000 1.000000
vt 0.500000 1.000000
vt 0.000000 0.000000
vt 1.000000 0.000000
vt 0.500000 1.000000
vt 0.000000 0.000000
vt 1.000000 0.000000
vt 0.000000 0.000000
vt 1.000000 0.000000
vt 1.000000 1.000000
vt 0.000000 1.000000
vt 0.500000 1.000000
vt 0.000000 0.000000
vt 1.000000 0.000000
vt 0.500000 1.000000
vt 0.000000 0.000000
vt 1.000000 0.000000
vt 0.000000 0.000000
vt 1.000000 0.000000
vt 1.000000 1.000000
vt 0.000000 1.000000
vt 0.500000 1.000000
vt 0.000000 0.000000
vt 1.000000 0.000000
vt 0.500000 1.000000
vt 0.000000 0.000000
vt 1.000000 0.000000
vt 0.000000 0.000000
vt 1.000000 0.000000
vt 1.000000 1.000000
vt 0.000000 1.000000
vt 0.500000 1.000000
vt 0.000000 0.000000
vt 1.000000 0.000000
vt 0.500000 1.000000
vt 0.000000 0.000000
vt 1.000000 0.000000
vt 0.000000 0.000000
vt 1.000000 0.000000
vt 1.000000 1.000000
vt 0.000000 1.000000
vt 0.500000 1.000000
vt 0.000000 0.000000
vt 1.000000 0.000000
vt 0.500000 1.000000
vt 0.000000 0.000000
vt 1.000000 0.000000
vt 0.000000 0.000000
vt 1.000000 0.000000
vt 1.000000 1.000000
vt 0.000000 1.000000
vt 0.500000 1.000000
vt 0.000000 0.000000
vt 1.000000 0.000000
vt 0.500000 1.000000
vt 0.000000 0.000000
vt 1.000000 0.000000
vt 0.000000 0.000000
vt 1.000000 0.000000
vt 1.000000 1.000000
vt 0.000000 1.000000
vt 0.500000 1.000000
vt 0.000000 0.000000
vt 1.000000 0.000000
vt 0.000000 0.000000
vt 1.000000 0.000000
vt 1.000000 1.000000
vt 0.000000 1.000000
vt 0.500000 1.000000
vt 0.000000 0.000000
vt 1.000000 0.000000
vt 0.000000 0.000000
vt 1.000000 0.000000
vt 1.000000 1.000000
vt 0.000000 1.000000
vt 0.500000 1.000000
vt 0.000000 0.000000
vt 1.000000 0.000000
vt 0.000000 0.000000
vt 1.000000 0.000000
vt 1.000000 1.000000
vt 0.000000 1.000000
vt 0.500000 1.000000
vt 0.000000 0.000000
vt 1.000000 0.000000
vt 0.000000 0.000000
vt 1.000000 0.000000
vt 1.000000 1.000000
vt 0.000000 1.000000
vt 0.500000 1.000000
vt 0.000000 0.000000
vt 1.000000 0.000000
vt 0.000000 0.000000
vt 1.000000 0.000000
vt 1.000000 1.000000
vt 0.000000 1.000000
vt 0.500000 1.000000
vt 0.000000 0.000000
vt 1.000000 0.000000
vt 0.000000 0.000000
vt 1.000000 0.000000
vt 1.000000 1.000000
vt 0.000000 1.000000
vt 0.500000 1.000000
vt 0.000000 0.000000
vt 1.000000 0.000000
vt 0.000000 0.000000
vt 1.000000 0.000000
vt 1.000000 1.000000
vt 0.000000 1.000000
vt 0.500000 1.000000
vt 0.000000 0.000000
vt 1.000000 0.000000
vt 0.000000 0.000000
vt 1.000000 0.000000
vt 1.000000 1.000000
vt 0.000000 1.000000
vt 0.500000 1.000000
vt 0.000000 0.000000
vt 1.000000 0.000000
vt 0.000000 0.000000
vt 1.000000 0.000000
vt 1.000000 1.000000
vt 0.000000 1.000000
vt 0.500000 1.000000
vt 0.000000 0.000000
vt 1.000000 0.000000
vt 0.000000 0.000000
vt 1.000000 0.000000
vt 1.000000 1.000000
vt 0.000000 1.000000
vt 0.500000 1.000000
vt 0.000000 0.000000
vt 1.000000 0.000000
vt 0.000000 0.000000
vt 1.000000 0.000000
vt 1.000000 1.000000
vt 0.000000 1.000000
vt 0.500000 1.000000
vt 0.000000 0.000000
vt 1.000000 0.000000
vt 0.000000 0.000000
vt 1.000000 0.000000
vt 1.000000 1.000000
vt 0.000000 1.000000
vt 0.500000 1.000000
vt 0.000000 0.000000
vt 1.000000 0.000000
vt 0.500000 1.000000
vt 0.000000 0.000000
vt 1.000000 0.000000
vt 0.000000 0.000000
vt 1.000000 0.000000
vt 1.000000 1.000000
vt 0.000000 1.000000
vt 0.500000 1.000000
vt 0.000000 0.000000
vt 1.000000 0.000000
vt 0.500000 1.000000
vt 0.000000 0.000000
vt 1.000000 0.000000
vt 0.000000 0.000000
vt 1.000000 0.000000
vt 1.000000 1.000000
vt 0.000000 1.000000
vt 0.500000 1.000000
vt 0.000000 0.000000
vt 1.000000 0.000000
vt 0.500000 1.000000
vt 0.000000 0.000000
vt 1.000000 0.000000
vt 0.000000 0.000000
vt 1.000000 0.000000
vt 1.000000 1.000000
vt 0.000000 1.000000
vt 0.500000 1.000000
vt 0.000000 0.000000
vt 1.000000 0.000000
vt 0.500000 1.000000
vt 0.000000 0.000000
vt 1.000000 0.000000
vt 0.000000 0.000000
vt 1.000000 0.000000
vt 1.000000 1.000000
vt 0.000000 1.000000
vt 0.500000 1.000000
vt 0.000000 0.000000
vt 1.000000 0.000000
vt 0.500000 1.000000
vt 0.000000 0.000000
vt 1.000000 0.000000
vt 0.000000 0.000000
vt 1.000000 0.000000
vt 1.000000 1.000000
vt 0.000000 1.000000
vt 0.500000 1.000000
vt 0.000000 0.000000
vt 1.000000 0.000000
vt 0.500000 1.000000
vt 0.000000 0.000000
vt 1.000000 0.000000
vt 0.000000 0.000000
vt 1.000000 0.000000
vt 1.000000 1.000000
vt 0.000000 1.000000
vt 0.500000 1.000000
vt 0.000000 0.000000
vt 1.000000 0.000000
vt 0.500000 1.000000
vt 0.000000 0.000000
vt 1.000000 0.000000
vt 0.000000 0.000000
vt 1.000000 0.000000
vt 1.000000 1.000000
vt 0.000000 1.000000
vt 0.500000 1.000000
vt 0.000000 0.000000
vt 1.000000 0.000000
vt 0.500000 1.000000
vt 0.000000 0.000000
vt 1.000000 0.000000
vt 0.000000 0.000000
vt 1.000000 0.000000
vt 1.000000 1.000000
vt 0.000000 1.000000
vt 0.500000 1.000000
vt 0.000000 0.000000
vt 1.000000 0.000000
vt 0.500000 1.000000
vt 0.000000 0.000000
vt 1.000000 0.000000
vt 0.000000 0.000000
vt 1.000000 0.000000
vt 1.000000 1.000000
vt 0.000000 1.000000
vt 0.500000 1.000000
vt 0.000000 0.000000
vt 1.000000 0.000000
vt 0.500000 1.000000
vt 0.000000 0.000000
vt 1.000000 0.000000
vt 0.000000 0.000000
vt 1.000000 0.000000
vt 1.000000 1.000000
vt 0.000000 1.000000
vt 0.500000 1.000000
vt 0.000000 0.000000
vt 1.000000 0.000000
vt 0.500000 1.000000
vt 0.000000 0.000000
vt 1.000000 0.000000
vt 0.000000 0.000000
vt 1.000000 0.000000
vt 1.000000 1.000000
vt 0.000000 1.000000
vt 0.500000 1.000000
vt 0.000000 0.000000
vt 1.000000 0.000000
vt 0.500000 1.000000
vt 0.000000 0.000000
vt 1.000000 0.000000
vt 0.000000 0.000000
vt 1.000000 0.000000
vt 1.000000 1.000000
vt 0.000000 1.000000
vt 0.500000 1.000000
vt 0.000000 0.000000
vt 1.000000 0.000000
vt 0.500000 1.000000
vt 0.000000 0.000000
vt 1.000000 0.000000
vt 0.000000 0.000000
vt 1.000000 0.000000
vt 1.000000 1.000000
vt 0.000000 1.000000
vt 0.500000 1.000000
vt 0.000000 0.000000
vt 1.000000 0.000000
vt 0.500000 1.000000
vt 0.000000 0.000000
vt 1.000000 0.000000
vt 0.000000 0.000000
vt 1.000000 0.000000
vt 1.000000 1.000000
vt 0.000000 1.000000
vt 0.500000 1.000000
vt 0.000000 0.000000
vt 1.000000 0.000000
vt 0.000000 0.000000
vt 1.000000 0.000000
vt 1.000000 1.000000
vt 0.000000 1.000000
vt 0.500000 1.000000
vt 0.000000 0.000000
vt 1.000000 0.000000
vt 0.000000 0.000000
vt 1.000000 0.000000
vt 1.000000 1.000000
vt 0.000000 1.000000
vt 0.500000 1.000000
vt 0.000000 0.000000
vt 1.000000 0.000000
vt 0.000000 0.000000
vt 1.000000 0.000000
vt 1.000000 1.000000
vt 0.000000 1.000000
vt 0.500000 1.000000
vt 0.000000 0.000000
vt 1.000000 0.000000
vt 0.000000 0.000000
vt 1.000000 0.000000
vt 1.000000 1.000000
vt 0.000000 1.000000
vt 0.500000 1.000000
vt 0.000000 0.000000
vt 1.000000 0.000000
vt 0.000000 0.000000
vt 1.000000 0.000000
vt 1.000000 1.000000
vt 0.000000 1.000000
vt 0.500000 1.000000
vt 0.000000 0.000000
vt 1.000000 0.000000
vt 0.000000 0.000000
vt 1.000000 0.000000
vt 1.000000 1.000000
vt 0.000000 1.000000
vt 0.500000 1.000000
vt 0.000000 0.000000
vt 1.000000 0.000000
vt 0.000000 0.000000
vt 1.000000 0.000000
vt 1.000000 1.000000
vt 0.000000 1.000000
vt 0.500000 1.000000
vt 0.000000 0.000000
vt 1.000000 0.000000
vt 0.000000 0.000000
vt 1.000000 0.000000
vt 1.000000 1.000000
vt 0.000000 1.000000
vt 0.500000 1.000000
vt 0.000000 0.000000
vt 1.000000 0.000000
vt 0.000000 0.000000
vt 1.000000 0.000000
vt 1.000000 1.000000
vt 0.000000 1.000000
vt 0.500000 1.000000
vt 0.000000 0.000000
vt 1.000000 0.000000
vt 0.000000 0.000000
vt 1.000000 0.000000
vt 1.000000 1.000000
vt 0.000000 1.000000
vt 0.500000 1.000000
vt 0.000000 0.000000
vt 1.000000 0.000000
vt 0.000000 0.000000
vt 1.000000 0.000000
vt 1.000000 1.000000
vt 0.000000 1.000000
vt 0.500000 1.000000
vt 0.000000 0.000000
vt 1.000000 0.000000
vt 0.000000 0.000000
vt 1.000000 0.000000
vt 1.000000 1.000000
vt 0.000000 1.000000
vt 0.500000 1.000000
vt 0.000000 0.000000
vt 1.000000 0.000000
vt 0.500000 1.000000
vt 0.000000 0.000000
vt 1.000000 0.000000
vt 0.000000 0.000000
vt 1.000000 0.000000
vt 1.000000 1.000000
vt 0.000000 1.000000
vt 0.500000 1.000000
vt 0.000000 0.000000
vt 1.000000 0.000000
vt 0.500000 1.000000
vt 0.000000 0.000000
vt 1.000000 0.000000
vt 0.000000 0.000000
vt 1.000000 0.000000
vt 1.000000 1.000000
vt 0.000000 1.000000
vt 0.500000 1.000000
vt 0.000000 0.000000
vt 1.000000 0.000000
vt 0.500000 1.000000
vt 0.000000 0.000000
vt 1.000000 0.000000
vt 0.000000 0.000000
vt 1.000000 0.000000
vt 1.000000 1.000000
vt 0.000000 1.000000
vt 0.500000 1.000000
vt 0.000000 0.000000
vt 1.000000 0.000000
vt 0.500000 1.000000
vt 0.000000 0.000000
vt 1.000000 0.000000
vt 0.000000 0.000000
vt 1.000000 0.000000
vt 1.000000 1.000000
vt 0.000000 1.000000
vt 0.500000 1.000000
vt 0.000000 0.000000
vt 1.000000 0.000000
vt 0.500000 1.000000
vt 0.000000 0.000000
vt 1.000000 0.000000
vt 0.000000 0.000000
vt 1.000000 0.000000
vt 1.000000 1.000000
vt 0.000000 1.000000
vt 0.500000 1.000000
vt 0.000000 0.000000
vt 1.000000 0.000000
vt 0.500000 1.000000
vt 0.000000 0.000000
vt 1.000000 0.000000
vt 0.000000 0.000000
vt 1.000000 0.000000
vt 1.000000 1.000000
vt 0.000000 1.000000
vt 0.500000 1.000000
vt 0.000000 0.000000
vt 1.000000 0.000000
vt 0.500000 1.000000
vt 0.000000 0.000000
vt 1.000000 0.000000
vt 0.000000 0.000000
vt 1.000000 0.000000
vt 1.000000 1.000000
vt 0.000000 1.000000
vt 0.500000 1.000000
vt 0.000000 0.000000
vt 1.000000 0.000000
vt 0.500000 1.000000
vt 0.000000 0.000000
vt 1.000000 0.000000
vt 0.000000 0.000000
vt 1.000000 0.000000
vt 1.000000 1.000000
vt 0.000000 1.000000
vt 0.500000 1.000000
vt 0.000000 0.000000
vt 1.000000 0.000000
vt 0.500000 1.000000
vt 0.000000 0.000000
vt 1.000000 0.000000
vt 0.000000 0.000000
vt 1.000000 0.000000
vt 1.000000 1.000000
vt 0.000000 1.000000
vt 0.500000 1.000000
vt 0.000000 0.000000
vt 1.000000 0.000000
vt 0.500000 1.000000
vt 0.000000 0.000000
vt 1.000000 0.000000
vt 0.000000 0.000000
vt 1.000000 0.000000
vt 1.000000 1.000000
vt 0.000000 1.000000
vt 0.500000 1.000000
vt 0.000000 0.000000
vt 1.000000 0.000000
vt 0.500000 1.000000
vt 0.000000 0.000000
vt 1.000000 0.000000
vt 0.000000 0.000000
vt 1.000000 0.000000
vt 1.000000 1.000000
vt 0.000000 1.000000
vt 0.500000 1.000000
vt 0.000000 0.000000
vt 1.000000 0.000000
vt 0.500000 1.000000
vt 0.000000 0.000000
vt 1.000000 0.000000
vt 0.000000 0.000000
vt 1.000000 0.000000
vt 1.000000 1.000000
vt 0.000000 1.000000
vt 0.500000 1.000000
vt 0.000000 0.000000
vt 1.000000 0.000000
vt 0.500000 1.000000
vt 0.000000 0.000000
vt 1.000000 0.000000
vt 0.000000 0.000000
vt 1.000000 0.000000
vt 1.000000 1.000000
vt 0.000000 1.000000
vt 0.500000 1.000000
vt 0.000000 0.000000
vt 1.000000 0.000000
vt 0.500000 1.000000
vt 0.000000 0.000000
vt 1.000000 0.000000
vt 0.000000 0.000000
vt 1.000000 0.000000
vt 1.000000 1.000000
vt 0.000000 1.000000
vt 0.500000 1.000000
vt 0.000000 0.000000
vt 1.000000 0.000000
vt 0.000000 0.000000
vt 1.000000 0.000000
vt 1.000000 1.000000
vt 0.000000 1.000000
vt 0.500000 1.000000
vt 0.000000 0.000000
vt 1.000000 0.000000
vt 0.000000 0.000000
vt 1.000000 0.000000
vt 1.000000 1.000000
vt 0.000000 1.000000
vt 0.500000 1.000000
vt 0.000000 0.000000
vt 1.000000 0.000000
vt 0.000000 0.000000
vt 1.000000 0.000000
vt 1.000000 1.000000
vt 0.000000 1.000000
vt 0.500000 1.000000
vt 0.000000 0.000000
vt 1.000000 0.000000
vt 0.000000 0.000000
vt 1.000000 0.000000
vt 1.000000 1.000000
vt 0.000000 1.000000
vt 0.500000 1.000000
vt 0.000000 0.000000
vt 1.000000 0.000000
vt 0.000000 0.000000
vt 1.000000 0.000000
vt 1.000000 1.000000
vt 0.000000 1.000000
vt 0.500000 1.000000
vt 0.000000 0.000000
vt 1.000000 0.000000
vt 0.000000 0.000000
vt 1.000000 0.000000
vt 1.000000 1.000000
vt 0.000000 1.000000
vt 0.500000 1.000000
vt 0.000000 0.000000
vt 1.000000 0.000000
vt 0.000000 0.000000
vt 1.000000 0.000000
vt 1.000000 1.000000
vt 0.000000 1.000000
vt 0.500000 1.000000
vt 0.000000 0.000000
vt 1.000000 0.000000
vt 0.000000 0.000000
vt 1.000000 0.000000
vt 1.000000 1.000000
vt 0.000000 1.000000
vt 0.500000 1.000000
vt 0.000000 0.000000
vt 1.000000 0.000000
vt 0.000000 0.000000
vt 1.000000 0.000000
vt 1.000000 1.000000
vt 0.000000 1.000000
vt 0.500000 1.000000
vt 0.000000 0.000000
vt 1.000000 0.000000
vt 0.000000 0.000000
vt 1.000000 0.000000
vt 1.000000 1.000000
vt 0.000000 1.000000
vt 0.500000 1.000000
vt 0.000000 0.000000
vt 1.000000 0.000000
vt 0.000000 0.000000
vt 1.000000 0.000000
vt 1.000000 1.000000
vt 0.000000 1.000000
vt 0.500000 1.000000
vt 0.000000 0.000000
vt 1.000000 0.000000
vt 0.000000 0.000000
vt 1.000000 0.000000
vt 1.000000 1.000000
vt 0.000000 1.000000
vt 0.500000 1.000000
vt 0.000000 0.000000
vt 1.000000 0.000000
vt 0.500000 1.000000
vt 0.000000 0.000000
vt 1.000000 0.000000
vt 0.000000 0.000000
vt 1.000000 0.000000
vt 1.000000 1.000000
vt 0.000000 1.000000
vt 0.500000 1.000000
vt 0.000000 0.000000
vt 1.000000 0.000000
vt 0.500000 1.000000
vt 0.000000 0.000000
vt 1.000000 0.000000
vt 0.000000 0.000000
vt 1.000000 0.000000
vt 1.000000 1.000000
vt 0.000000 1.000000
vt 0.500000 1.000000
vt 0.000000 0.000000
vt 1.000000 0.000000
vt 0.500000 1.000000
vt 0.000000 0.000000
vt 1.000000 0.000000
vt 0.000000 0.000000
vt 1.000000 0.000000
vt 1.000000 1.000000
vt 0.000000 1.000000
vt 0.500000 1.000000
vt 0.000000 0.000000
vt 1.000000 0.000000
vt 0.500000 1.000000
vt 0.000000 0.000000
vt 1.000000 0.000000
vt 0.000000 0.000000
vt 1.000000 0.000000
vt 1.000000 1.000000
vt 0.000000 1.000000
vt 0.500000 1.000000
vt 0.000000 0.000000
vt 1.000000 0.000000
vt 0.500000 1.000000
vt 0.000000 0.000000
vt 1.000000 0.000000
vt 0.000000 0.000000
vt 1.000000 0.000000
vt 1.000000 1.000000
vt 0.000000 1.000000
vt 0.500000 1.000000
vt 0.000000 0.000000
vt 1.000000 0.000000
vt 0.500000 1.000000
vt 0.000000 0.000000
vt 1.000000 0.000000
vt 0.000000 0.000000
vt 1.000000 0.000000
vt 1.000000 1.000000
vt 0.000000 1.000000
vt 0.500000 1.000000
vt 0.000000 0.000000
vt 1.000000 0.000000
vt 0.500000 1.000000
vt 0.000000 0.000000
vt 1.000000 0.000000
vt 0.000000 0.000000
vt 1.000000 0.000000
vt 1.000000 1.000000
vt 0.000000 1.000000
vt 0.500000 1.000000
vt 0.000000 0.000000
vt 1.000000 0.000000
vt 0.500000 1.000000
vt 0.000000 0.000000
vt 1.000000 0.000000
vt 0.000000 0.000000
vt 1.000000 0.000000
vt 1.000000 1.000000
vt 0.000000 1.000000
vt 0.500000 1.000000
vt 0.000000 0.000000
vt 1.000000 0.000000
vt 0.500000 1.000000
vt 0.000000 0.000000
vt 1.000000 0.000000
vt 0.000000 0.000000
vt 1.000000 0.000000
vt 1.000000 1.000000
vt 0.000000 1.000000
vt 0.500000 1.000000
vt 0.000000 0.000000
vt 1.000000 0.000000
vt 0.500000 1.000000
vt 0.000000 0.000000
vt 1.000000 0.000000
vt 0.000000 0.000000
vt 1.000000 0.000000
vt 1.000000 1.000000
vt 0.000000 1.000000
vt 0.500000 1.000000
vt 0.000000 0.000000
vt 1.000000 0.000000
vt 0.500000 1.000000
vt 0.000000 0.000000
vt 1.000000 0.000000
vt 0.000000 0.000000
vt 1.000000 0.000000
vt 1.000000 1.000000
vt 0.000000 1.000000
vt 0.500000 1.000000
vt 0.000000 0.000000
vt 1.000000 0.000000
vt 0.500000 1.000000
vt 0.000000 0.000000
vt 1.000000 0.000000
vt 0.000000 0.000000
vt 1.000000 0.000000
vt 1.000000 1.000000
vt 0.000000 1.000000
vt 0.500000 1.000000
vt 0.000000 0.000000
vt 1.000000 0.000000
vt 0.500000 1.000000
vt 0.000000 0.000000
vt 1.000000 0.000000
vt 0.000000 0.000000
vt 1.000000 0.000000
vt 1.000000 1.000000
vt 0.000000 1.000000
vt 0.500000 1.000000
vt 0.000000 0.000000
vt 1.000000 0.000000
vt 0.500000 1.000000
vt 0.000000 0.000000
vt 1.000000 0.000000
vt 0.000000 0.000000
vt 1.000000 0.000000
vt 1.000000 1.000000
vt 0.000000 1.000000
vt 0.500000 1.000000
vt 0.000000 0.000000
vt 1.000000 0.000000
vt 0.000000 0.000000
vt 1.000000 0.000000
vt 1.000000 1.000000
vt 0.000000 1.000000
vt 0.500000 1.000000
vt 0.000000 0.000000
vt 1.000000 0.000000
vt 0.000000 0.000000
vt 1.000000 0.000000
vt 1.000000 1.000000
vt 0.000000 1.000000
vt 0.500000 1.000000
vt 0.000000 0.000000
vt 1.000000 0.000000
vt 0.000000 0.000000
vt 1.000000 0.000000
vt 1.000000 1.000000
vt 0.000000 1.000000
vt 0.500000 1.000000
vt 0.000000 0.000000
vt 1.000000 0.000000
vt 0.000000 0.000000
vt 1.000000 0.000000
vt 1.000000 1.000000
vt 0.000000 1.000000
vt 0.500000 1.000000
vt 0.000000 0.000000
vt 1.000000 0.000000
vt 0.000000 0.000000
vt 1.000000 0.000000
vt 1.000000 1.000000
vt 0.000000 1.000000
vt 0.500000 1.000000
vt 0.000000 0.000000
vt 1.000000 0.000000
vt 0.000000 0.000000
vt 1.000000 0.000000
vt 1.000000 1.000000
vt 0.000000 1.000000
vt 0.500000 1.000000
vt 0.000000 0.000000
vt 1.000000 0.000000
vt 0.000000 0.000000
vt 1.000000 0.000000
vt 1.000000 1.000000
vt 0.000000 1.000000
vt 0.500000 1.000000
vt 0.000000 0.000000
vt 1.000000 0.000000
vt 0.000000 0.000000
vt 1.000000 0.000000
vt 1.000000 1.000000
vt 0.000000 1.000000
vt 0.500000 1.000000
vt 0.000000 0.000000
vt 1.000000 0.000000
vt 0.000000 0.000000
vt 1.000000 0.000000
vt 1.000000 1.000000
vt 0.000000 1.000000
vt 0.500000 1.000000
vt 0.000000 0.000000
vt 1.000000 0.000000
vt 0.000000 0.000000
vt 1.000000 0.000000
vt 1.000000 1.000000
vt 0.000000 1.000000
vt 0.500000 1.000000
vt 0.000000 0.000000
vt 1.000000 0.000000
vt 0.000000 0.000000
vt 1.000000 0.000000
vt 1.000000 1.000000
vt 0.000000 1.000000
vt 0.500000 1.000000
vt 0.000000 0.000000
vt 1.000000 0.000000
vt 0.000000 0.000000
vt 1.000000 0.000000
vt 1.000000 1.000000
vt 0.000000 1.000000
vt 0.500000 1.000000
vt 0.000000 0.000000
vt 1.000000 0.000000
vt 0.500000 1.000000
vt 0.000000 0.000000
vt 1.000000 0.000000
vt 0.000000 0.000000
vt 1.000000 0.000000
vt 1.000000 1.000000
vt 0.000000 1.000000
vt 0.500000 1.000000
vt 0.000000 0.000000
vt 1.000000 0.000000
vt 0.500000 1.000000
vt 0.000000 0.000000
vt 1.000000 0.000000
vt 0.000000 0.000000
vt 1.000000 0.000000
vt 1.000000 1.000000
vt 0.000000 1.000000
vt 0.500000 1.000000
vt 0.000000 0.000000
vt 1.000000 0.000000
vt 0.500000 1.000000
vt 0.000000 0.000000
vt 1.000000 0.000000
vt 0.000000 0.000000
vt 1.000000 0.000000
vt 1.000000 1.000000
vt 0.000000 1.000000
vt 0.500000 1.000000
vt 0.000000 0.000000
vt 1.000000 0.000000
vt 0.500000 1.000000
vt 0.000000 0.000000
vt 1.000000 0.000000
vt 0.000000 0.000000
vt 1.000000 0.000000
vt 1.000000 1.000000
vt 0.000000 1.000000
vt 0.500000 1.000000
vt 0.000000 0.000000
vt 1.000000 0.000000
vt 0.500000 1.000000
vt 0.000000 0.000000
vt 1.000000 0.000000
vt 0.000000 0.000000
vt 1.000000 0.000000
vt 1.000000 1.000000
vt 0.000000 1.000000
vt 0.500000 1.000000
vt 0.000000 0.000000
vt 1.000000 0.000000
vt 0.500000 1.000000
vt 0.000000 0.000000
vt 1.000000 0.000000
vt 0.000000 0.000000
vt 1.000000 0.000000
vt 1.000000 1.000000
vt 0.000000 1.000000
vt 0.500000 1.000000
vt 0.000000 0.000000
vt 1.000000 0.000000
vt 0.500000 1.000000
vt 0.000000 0.000000
vt 1.000000 0.000000
vt 0.000000 0.000000
vt 1.000000 0.000000
vt 1.000000 1.000000
vt 0.000000 1.000000
vt 0.500000 1.000000
vt 0.000000 0.000000
vt 1.000000 0.000000
vt 0.500000 1.000000
vt 0.000000 0.000000
vt 1.000000 0.000000
vt 0.000000 0.000000
vt 1.000000 0.000000
vt 1.000000 1.000000
vt 0.000000 1.000000
vt 0.500000 1.000000
vt 0.000000 0.000000
vt 1.000000 0.000000
vt 0.500000 1.000000
vt 0.000000 0.000000
vt 1.000000 0.000000
vt 0.000000 0.000000
vt 1.000000 0.000000
vt 1.000000 1.000000
vt 0.000000 1.000000
vt 0.500000 1.000000
vt 0.000000 0.000000
vt 1.000000 0.000000
vt 0.500000 1.000000
vt 0.000000 0.000000
vt 1.000000 0.000000
vt 0.000000 0.000000
vt 1.000000 0.000000
vt 1.000000 1.000000
vt 0.000000 1.000000
vt 0.500000 1.000000
vt 0.000000 0.000000
vt 1.000000 0.000000
vt 0.500000 1.000000
vt 0.000000 0.000000
vt 1.000000 0.000000
vt 0.000000 0.000000
vt 1.000000 0.000000
vt 1.000000 1.000000
vt 0.000000 1.000000
vt 0.500000 1.000000
vt 0.000000 0.000000
vt 1.000000 0.000000
vt 0.500000 1.000000
vt 0.000000 0.000000
vt 1.000000 0.000000
vt 0.000000 0.000000
vt 1.000000 0.000000
vt 1.000000 1.000000
vt 0.000000 1.000000
vt 0.500000 1.000000
vt 0.000000 0.000000
vt 1.000000 0.000000
vt 0.500000 1.000000
vt 0.000000 0.000000
vt 1.000000 0.000000
vt 0.000000 0.000000
vt 1.000000 0.000000
vt 1.000000 1.000000
vt 0.000000 1.000000
vt 0.500000 1.000000
vt 0.000000 0.000000
vt 1.000000 0.000000
vt 0.500000 1.000000
vt 0.000000 0.000000
vt 1.000000 0.000000
vt 0.000000 0.000000
vt 1.000000 0.000000
vt 1.000000 1.000000
vt 0.000000 1.000000
vt 0.500000 1.000000
vt 0.000000 0.000000
vt 1.000000 0.000000
vt 0.000000 0.000000
vt 1.000000 0.000000
vt 1.000000 1.000000
vt 0.000000 1.000000
vt 0.500000 1.000000
vt 0.000000 0.000000
vt 1.000000 0.000000
vt 0.000000 0.000000
vt 1.000000 0.000000
vt 1.000000 1.000000
vt 0.000000 1.000000
vt 0.500000 1.000000
vt 0.000000 0.000000
vt 1.000000 0.000000
vt 0.000000 0.000000
vt 1.000000 0.000000
vt 1.000000 1.000000
vt 0.000000 1.000000
vt 0.500000 1.000000
vt 0.000000 0.000000
vt 1.000000 0.000000
vt 0.000000 0.000000
vt 1.000000 0.000000
vt 1.000000 1.000000
vt 0.000000 1.000000
vt 0.500000 1.000000
vt 0.000000 0.000000
vt 1.000000 0.000000
vt 0.000000 0.000000
vt 1.000000 0.000000
vt 1.000000 1.000000
vt 0.000000 1.000000
vt 0.500000 1.000000
vt 0.000000 0.000000
vt 1.000000 0.000000
vt 0.000000 0.000000
vt 1.000000 0.000000
vt 1.000000 1.000000
vt 0.000000 1.000000
vt 0.500000 1.000000
vt 0.000000 0.000000
vt 1.000000 0.000000
vt 0.000000 0.000000
vt 1.000000 0.000000
vt 1.000000 1.000000
vt 0.000000 1.000000
vt 0.500000 1.000000
vt 0.000000 0.000000
vt 1.000000 0.000000
vt 0.000000 0.000000
vt 1.000000 0.000000
vt 1.000000 1.000000
vt 0.000000 1.000000
vt 0.500000 1.000000
vt 0.000000 0.000000
vt 1.000000 0.000000
vt 0.000000 0.000000
vt 1.000000 0.000000
vt 1.000000 1.000000
vt 0.000000 1.000000
vt 0.500000 1.000000
vt 0.000000 0.000000
vt 1.000000 0.000000
vt 0.000000 0.000000
vt 1.000000 0.000000
vt 1.000000 1.000000
vt 0.000000 1.000000
vt 0.500000 1.000000
vt 0.000000 0.000000
vt 1.000000 0.000000
vt 0.000000 0.000000
vt 1.000000 0.000000
vt 1.000000 1.000000
vt 0.000000 1.000000
vt 0.500000 1.000000
vt 0.000000 0.000000
vt 1.000000 0.000000
vt 0.000000 0.000000
vt 1.000000 0.000000
vt 1.000000 1.000000
vt 0.000000 1.000000
vt 0.500000 1.000000
vt 0.000000 0.000000
vt 1.000000 0.000000
vt 0.500000 1.000000
vt 0.000000 0.000000
vt 1.000000 0.000000
vt 0.000000 0.000000
vt 1.000000 0.000000
vt 1.000000 1.000000
vt 0.000000 1.000000
vt 0.500000 1.000000
vt 0.000000 0.000000
vt 1.000000 0.000000
vt 0.500000 1.000000
vt 0.000000 0.000000
vt 1.000000 0.000000
vt 0.000000 0.000000
vt 1.000000 0.000000
vt 1.000000 1.000000
vt 0.000000 1.000000
vt 0.500000 1.000000
vt 0.000000 0.000000
vt 1.000000 0.000000
vt 0.500000 1.000000
vt 0.000000 0.000000
vt 1.000000 0.000000
vt 0.000000 0.000000
vt 1.000000 0.000000
vt 1.000000 1.000000
vt 0.000000 1.000000
vt 0.500000 1.000000
vt 0.000000 0.000000
vt 1.000000 0.000000
vt 0.500000 1.000000
vt 0.000000 0.000000
vt 1.000000 0.000000
vt 0.000000 0.000000
vt 1.000000 0.000000
vt 1.000000 1.000000
vt 0.000000 1.000000
vt 0.500000 1.000000
vt 0.000000 0.000000
vt 1.000000 0.000000
vt 0.500000 1.000000
vt 0.000000 0.000000
vt 1.000000 0.000000
vt 0.000000 0.000000
vt 1.000000 0.000000
vt 1.000000 1.000000
vt 0.000000 1.000000
vt 0.500000 1.000000
vt 0.000000 0.000000
vt 1.000000 0.000000
vt 0.500000 1.000000
vt 0.000000 0.000000
vt 1.000000 0.000000
vt 0.000000 0.000000
vt 1.000000 0.000000
vt 1.000000 1.000000
vt 0.000000 1.000000
vt 0.500000 1.000000
vt 0.000000 0.000000
vt 1.000000 0.000000
vt 0.500000 1.000000
vt 0.000000 0.000000
vt 1.000000 0.000000
vt 0.000000 0.000000
vt 1.000000 0.000000
vt 1.000000 1.000000
vt 0.000000 1.000000
vt 0.500000 1.000000
vt 0.000000 0.000000
vt 1.000000 0.000000
vt 0.500000 1.000000
vt 0.000000 0.000000
vt 1.000000 0.000000
vt 0.000000 0.000000
vt 1.000000 0.000000
vt 1.000000 1.000000
vt 0.000000 1.000000
vt 0.500000 1.000000
vt 0.000000 0.000000
vt 1.000000 0.000000
vt 0.500000 1.000000
vt 0.000000 0.000000
vt 1.000000 0.000000
vt 0.000000 0.000000
vt 1.000000 0.000000
vt 1.000000 1.000000
vt 0.000000 1.000000
vt 0.500000 1.000000
vt 0.000000 0.000000
vt 1.000000 0.000000
vt 0.500000 1.000000
vt 0.000000 0.000000
vt 1.000000 0.000000
vt 0.000000 0.000000
vt 1.000000 0.000000
vt 1.000000 1.000000
vt 0.000000 1.000000
vt 0.500000 1.000000
vt 0.000000 0.000000
vt 1.000000 0.000000
vt 0.500000 1.000000
vt 0.000000 0.000000
vt 1.000000 0.000000
vt 0.000000 0.000000
vt 1.000000 0.000000
vt 1.000000 1.000000
vt 0.000000 1.000000
vt 0.500000 1.000000
vt 0.000000 0.000000
vt 1.000000 0.000000
vt 0.500000 1.000000
vt 0.000000 0.000000
vt 1.000000 0.000000
vt 0.000000 0.000000
vt 1.000000 0.000000
vt 1.000000 1.000000
vt 0.000000 1.000000
vt 0.500000 1.000000
vt 0.000000 0.000000
vt 1.000000 0.000000
vt 0.500000 1.000000
vt 0.000000 0.000000
vt 1.000000 0.000000
vt 0.000000 0.000000
vt 1.000000 0.000000
vt 1.000000 1.000000
vt 0.000000 1.000000
vt 0.500000 1.000000
vt 0.000000 0.000000
vt 1.000000 0.000000
vt 0.500000 1.000000
vt 0.000000 0.000000
vt 1.000000 0.000000
vt 0.000000 0.000000
vt 1.000000 0.000000
vt 1.000000 1.000000
vt 0.000000 1.000000
vt 0.500000 1.000000
vt 0.000000 0.000000
vt 1.000000 0.000000
vt 0.000000 0.000000
vt 1.000000 0.000000
vt 1.000000 1.000000
vt 0.000000 1.000000
vt 0.500000 1.000000
vt 0.000000 0.000000
vt 1.000000 0.000000
vt 0.000000 0.000000
vt 1.000000 0.000000
vt 1.000000 1.000000
vt 0.000000 1.000000
vt 0.500000 1.000000
vt 0.000000 0.000000
vt 1.000000 0.000000
vt 0.000000 0.000000
vt 1.000000 0.000000
vt 1.000000 1.000000
vt 0.000000 1.000000
vt 0.500000 1.000000
vt 0.000000 0.000000
vt 1.000000 0.000000
vt 0.000000 0.000000
vt 1.000000 0.000000
vt 1.000000 1.000000
vt 0.000000 1.000000
vt 0.500000 1.000000
vt 0.000000 0.000000
vt 1.000000 0.000000
vt 0.000000 0.000000
vt 1.000000 0.000000
vt 1.000000 1.000000
vt 0.000000 1.000000
vt 0.500000 1.000000
vt 0.000000 0.000000
vt 1.000000 0.000000
vt 0.000000 0.000000
vt 1.000000 0.000000
vt 1.000000 1.000000
vt 0.000000 1.000000
vt 0.500000 1.000000
vt 0.000000 0.000000
vt 1.000000 0.000000
vt 0.000000 0.000000
vt 1.000000 0.000000
vt 1.000000 1.000000
vt 0.000000 1.000000
vt 0.500000 1.000000
vt 0.000000 0.000000
vt 1.000000 0.000000
vt 0.000000 0.000000
vt 1.000000 0.000000
vt 1.000000 1.000000
vt 0.000000 1.000000
vt 0.500000 1.000000
vt 0.000000 0.000000
vt 1.000000 0.000000
vt 0.000000 0.000000
vt 1.000000 0.000000
vt 1.000000 1.000000
vt 0.000000 1.000000
vt 0.500000 1.000000
vt 0.000000 0.000000
vt 1.000000 0.000000
vt 0.000000 0.000000
vt 1.000000 0.000000
vt 1.000000 1.000000
vt 0.000000 1.000000
vt 0.500000 1.000000
vt 0.000000 0.000000
vt 1.000000 0.000000
vt 0.000000 0.000000
vt 1.000000 0.000000
vt 1.000000 1.000000
vt 0.000000 1.000000
vt 0.500000 1.000000
vt 0.000000 0.000000
vt 1.000000 0.000000
vt 0.000000 0.000000
vt 1.000000 0.000000
vt 1.000000 1.000000
vt 0.000000 1.000000
vt 0.500000 1.000000
vt 0.000000 0.000000
vt 1.000000 0.000000
vt 0.500000 1.000000
vt 0.000000 0.000000
vt 1.000000 0.000000
vt 0.000000 0.000000
vt 1.000000 0.000000
vt 1.000000 1.000000
vt 0.000000 1.000000
vt 0.500000 1.000000
vt 0.000000 0.000000
vt 1.000000 0.000000
vt 0.500000 1.000000
vt 0.000000 0.000000
vt 1.000000 0.000000
vt 0.000000 0.000000
vt 1.000000 0.000000
vt 1.000000 1.000000
vt 0.000000 1.000000
vt 0.500000 1.000000
vt 0.000000 0.000000
vt 1.000000 0.000000
vt 0.500000 1.000000
vt 0.000000 0.000000
vt 1.000000 0.000000
vt 0.000000 0.000000
vt 1.000000 0.000000
vt 1.000000 1.000000
vt 0.000000 1.000000
vt 0.500000 1.000000
vt 0.000000 0.000000
vt 1.000000 0.000000
vt 0.500000 1.000000
vt 0.000000 0.000000
vt 1.000000 0.000000
vt 0.000000 0.000000
vt 1.000000 0.000000
vt 1.000000 1.000000
vt 0.000000 1.000000
vt 0.500000 1.000000
vt 0.000000 0.000000
vt 1.000000 0.000000
vt 0.500000 1.000000
vt 0.000000 0.000000
vt 1.000000 0.000000
vt 0.000000 0.000000
vt 1.000000 0.000000
vt 1.000000 1.000000
vt 0.000000 1.000000
vt 0.500000 1.000000
vt 0.000000 0.000000
vt 1.000000 0.000000
vt 0.500000 1.000000
vt 0.000000 0.000000
vt 1.000000 0.000000
vt 0.000000 0.000000
vt 1.000000 0.000000
vt 1.000000 1.000000
vt 0.000000 1.000000
vt 0.500000 1.000000
vt 0.000000 0.000000
vt 1.000000 0.000000
vt 0.500000 1.000000
vt 0.000000 0.000000
vt 1.000000 0.000000
vt 0.000000 0.000000
vt 1.000000 0.000000
vt 1.000000 1.000000
vt 0.000000 1.000000
vt 0.500000 1.000000
vt 0.000000 0.000000
vt 1.000000 0.000000
vt 0.500000 1.000000
vt 0.000000 0.000000
vt 1.000000 0.000000
vt 0.000000 0.000000
vt 1.000000 0.000000
vt 1.000000 1.000000
vt 0.000000 1.000000
vt 0.500000 1.000000
vt 0.000000 0.000000
vt 1.000000 0.000000
vt 0.500000 1.000000
vt 0.000000 0.000000
vt 1.000000 0.000000
vt 0.000000 0.000000
vt 1.000000 0.000000
vt 1.000000 1.000000
vt 0.000000 1.000000
vt 0.500000 1.000000
vt 0.000000 0.000000
vt 1.000000 0.000000
vt 0.500000 1.000000
vt 0.000000 0.000000
vt 1.000000 0.000000
vt 0.000000 0.000000
vt 1.000000 0.000000
vt 1.000000 1.000000
vt 0.000000 1.000000
vt 0.500000 1.000000
vt 0.000000 0.000000
vt 1.000000 0.000000
vt 0.500000 1.000000
vt 0.000000 0.000000
vt 1.000000 0.000000
vt 0.000000 0.000000
vt 1.000000 0.000000
vt 1.000000 1.000000
vt 0.000000 1.000000
vt 0.500000 1.000000
vt 0.000000 0.000000
vt 1.000000 0.000000
vt 0.500000 1.000000
vt 0.000000 0.000000
vt 1.000000 0.000000
vt 0.000000 0.000000
vt 1.000000 0.000000
vt 1.000000 1.000000
vt 0.000000 1.000000
vt 0.500000 1.000000
vt 0.000000 0.000000
vt 1.000000 0.000000
vt 0.500000 1.000000
vt 0.000000 0.000000
vt 1.000000 0.000000
vt 0.000000 0.000000
vt 1.000000 0.000000
vt 1.000000 1.000000
vt 0.000000 1.000000
vt 0.500000 1.000000
vt 0.000000 0.000000
vt 1.000000 0.000000
vt 0.500000 1.000000
vt 0.000000 0.000000
vt 1.000000 0.000000
vt 0.000000 0.000000
vt 1.000000 0.000000
vt 1.000000 1.000000
vt 0.000000 1.000000
vt 0.500000 1.000000
vt 0.000000 0.000000
vt 1.000000 0.000000
vt 0.000000 0.000000
vt 1.000000 0.000000
vt 1.000000 1.000000
vt 0.000000 1.000000
vt 0.500000 1.000000
vt 0.000000 0.000000
vt 1.000000 0.000000
vt 0.000000 0.000000
vt 1.000000 0.000000
vt 1.000000 1.000000
vt 0.000000 1.000000
vt 0.500000 1.000000
vt 0.000000 0.000000
vt 1.000000 0.000000
vt 0.000000 0.000000
vt 1.000000 0.000000
vt 1.000000 1.000000
vt 0.000000 1.000000
vt 0.500000 1.000000
vt 0.000000 0.000000
vt 1.000000 0.000000
vt 0.000000 0.000000
vt 1.000000 0.000000
vt 1.000000 1.000000
vt 0.000000 1.000000
vt 0.500000 1.000000
vt 0.000000 0.000000
vt 1.000000 0.000000
vt 0.000000 0.000000
vt 1.000000 0.000000
vt 1.000000 1.000000
vt 0.000000 1.000000
vt 0.500000 1.000000
vt 0.000000 0.000000
vt 1.000000 0.000000
vt 0.000000 0.000000
vt 1.000000 0.000000
vt 1.000000 1.000000
vt 0.000000 1.000000
vt 0.500000 1.000000
vt 0.000000 0.000000
vt 1.000000 0.000000
vt 0.000000 0.000000
vt 1.000000 0.000000
vt 1.000000 1.000000
vt 0.000000 1.000000
vt 0.500000 1.000000
vt 0.000000 0.000000
vt 1.000000 0.000000
vt 0.000000 0.000000
vt 1.000000 0.000000
vt 1.000000 1.000000
vt 0.000000 1.000000
vt 0.500000 1.000000
vt 0.000000 0.000000
vt 1.000000 0.000000
vt 0.000000 0.000000
vt 1.000000 0.000000
vt 1.000000 1.000000
vt 0.000000 1.000000
vt 0.500000 1.000000
vt 0.000000 0.000000
vt 1.000000 0.000000
vt 0.000000 0.000000
vt 1.000000 0.000000
vt 1.000000 1.000000
vt 0.000000 1.000000
vt 0.500000 1.000000
vt 0.000000 0.000000
vt 1.000000 0.000000
vt 0.000000 0.000000
vt 1.000000 0.000000
vt 1.000000 1.000000
vt 0.000000 1.000000
vt 0.500000 1.000000
vt 0.000000 0.000000
vt 1.000000 0.000000
vt 0.000000 0.000000
vt 1.000000 0.000000
vt 1.000000 1.000000
vt 0.000000 1.000000
vt 0.500000 1.000000
vt 0.000000 0.000000
vt 1.000000 0.000000
vt 0.500000 1.000000
vt 0.000000 0.000000
vt 1.000000 0.000000
vt 0.000000 0.000000
vt 1.000000 0.000000
vt 1.000000 1.000000
vt 0.000000 1.000000
vt 0.500000 1.000000
vt 0.000000 0.000000
vt 1.000000 0.000000
vt 0.500000 1.000000
vt 0.000000 0.000000
vt 1.000000 0.000000
vt 0.000000 0.000000
vt 1.000000 0.000000
vt 1.000000 1.000000
vt 0.000000 1.000000
vt 0.500000 1.000000
vt 0.000000 0.000000
vt 1.000000 0.000000
vt 0.500000 1.000000
vt 0.000000 0.000000
vt 1.000000 0.000000
vt 0.000000 0.000000
vt 1.000000 0.000000
vt 1.000000 1.000000
vt 0.000000 1.000000
vt 0.500000 1.000000
vt 0.000000 0.000000
vt 1.000000 0.000000
vt 0.500000 1.000000
vt 0.000000 0.000000
vt 1.000000 0.000000
vt 0.000000 0.000000
vt 1.000000 0.000000
vt 1.000000 1.000000
vt 0.000000 1.000000
vt 0.500000 1.000000
vt 0.000000 0.000000
vt 1.000000 0.000000
vt 0.500000 1.000000
vt 0.000000 0.000000
vt 1.000000 0.000000
vt 0.000000 0.000000
vt 1.000000 0.000000
vt 1.000000 1.000000
vt 0.000000 1.000000
vt 0.500000 1.000000
vt 0.000000 0.000000
vt 1.000000 0.000000
vt 0.500000 1.000000
vt 0.000000 0.000000
vt 1.000000 0.000000
vt 0.000000 0.000000
vt 1.000000 0.000000
vt 1.000000 1.000000
vt 0.000000 1.000000
vt 0.500000 1.000000
vt 0.000000 0.000000
vt 1.000000 0.000000
vt 0.500000 1.000000
vt 0.000000 0.000000
vt 1.000000 0.000000
vt 0.000000 0.000000
vt 1.000000 0.000000
vt 1.000000 1.000000
vt 0.000000 1.000000
vt 0.500000 1.000000
vt 0.000000 0.000000
vt 1.000000 0.000000
vt 0.500000 1.000000
vt 0.000000 0.000000
vt 1.000000 0.000000
vt 0.000000 0.000000
vt 1.000000 0.000000
vt 1.000000 1.000000
vt 0.000000 1.000000
vt 0.500000 1.000000
vt 0.000000 0.000000
vt 1.000000 0.000000
vt 0.500000 1.000000
vt 0.000000 0.000000
vt 1.000000 0.000000
vt 0.000000 0.000000
vt 1.000000 0.000000
vt 1.000000 1.000000
vt 0.000000 1.000000
vt 0.500000 1.000000
vt 0.000000 0.000000
vt 1.000000 0.000000
vt 0.500000 1.000000
vt 0.000000 0.000000
vt 1.000000 0.000000
vt 0.000000 0.000000
vt 1.000000 0.000000
vt 1.000000 1.000000
vt 0.000000 1.000000
vt 0.500000 1.000000
vt 0.000000 0.000000
vt 1.000000 0.000000
vt 0.500000 1.000000
vt 0.000000 0.000000
vt 1.000000 0.000000
vt 0.000000 0.000000
vt 1.000000 0.000000
vt 1.000000 1.000000
vt 0.000000 1.000000
vt 0.500000 1.000000
vt 0.000000 0.000000
vt 1.000000 0.000000
vt 0.500000 1.000000
vt 0.000000 0.000000
vt 1.000000 0.000000
vt 0.000000 0.000000
vt 1.000000 0.000000
vt 1.000000 1.000000
vt 0.000000 1.000000
vt 0.500000 1.000000
vt 0.000000 0.000000
vt 1.000000 0.000000
vt 0.500000 1.000000
vt 0.000000 0.000000
vt 1.000000 0.000000
vt 0.000000 0.000000
vt 1.000000 0.000000
vt 1.000000 1.000000
vt 0.000000 1.000000
vt 0.500000 1.000000
vt 0.000000 0.000000
vt 1.000000 0.000000
vt 0.500000 1.000000
vt 0.000000 0.000000
vt 1.000000 0.000000
vt 0.000000 0.000000
vt 1.000000 0.000000
vt 1.000000 1.000000
vt 0.000000 1.000000
vt 0.500000 1.000000
vt 0.000000 0.000000
vt 1.000000 0.000000
vt 0.000000 0.000000
vt 1.000000 0.000000
vt 1.000000 1.000000
vt 0.000000 1.000000
vt 0.500000 1.000000
vt 0.000000 0.000000
vt 1.000000 0.000000
vt 0.000000 0.000000
vt 1.000000 0.000000
vt 1.000000 1.000000
vt 0.000000 1.000000
vt 0.500000 1.000000
vt 0.000000 0.000000
vt 1.000000 0.000000
vt 0.000000 0.000000
vt 1.000000 0.000000
vt 1.000000 1.000000
vt 0.000000 1.000000
vt 0.500000 1.000000
vt 0.000000 0.000000
vt 1.000000 0.000000
vt 0.000000 0.000000
vt 1.000000 0.000000
vt 1.000000 1.000000
vt 0.000000 1.000000
vt 0.500000 1.000000
vt 0.000000 0.000000
vt 1.000000 0.000000
vt 0.000000 0.000000
vt 1.000000 0.000000
vt 1.000000 1.000000
vt 0.000000 1.000000
vt 0.500000 1.000000
vt 0.000000 0.000000
vt 1.000000 0.000000
vt 0.000000 0.000000
vt 1.000000 0.000000
vt 1.000000 1.000000
vt 0.000000 1.000000
vt 0.500000 1.000000
vt 0.000000 0.000000
vt 1.000000 0.000000
vt 0.000000 0.000000
vt 1.000000 0.000000
vt 1.000000 1.000000
vt 0.000000 1.000000
vt 0.500000 1.000000
vt 0.000000 0.000000
vt 1.000000 0.000000
vt 0.000000 0.000000
vt 1.000000 0.000000
vt 1.000000 1.000000
vt 0.000000 1.000000
vt 0.500000 1.000000
vt 0.000000 0.000000
vt 1.000000 0.000000
vt 0.000000 0.000000
vt 1.000000 0.000000
vt 1.000000 1.000000
vt 0.000000 1.000000
vt 0.500000 1.000000
vt 0.000000 0.000000
vt 1.000000 0.000000
vt 0.000000 0.000000
vt 1.000000 0.000000
vt 1.000000 1.000000
vt 0.000000 1.000000
vt 0.500000 1.000000
vt 0.000000 0.000000
vt 1.000000 0.000000
vt 0.000000 0.000000
vt 1.000000 0.000000
vt 1.000000 1.000000
vt 0.000000 1.000000
vt 0.500000 1.000000
vt 0.000000 0.000000
vt 1.000000 0.000000
vt 0.000000 0.000000
vt 1.000000 0.000000
vt 1.000000 1.000000
vt 0.000000 1.000000
vt 0.500000 1.000000
vt 0.000000 0.000000
vt 1.000000 0.000000
vt 0.500000 1.000000
vt 0.000000 0.000000
vt 1.000000 0.000000
vt 0.000000 0.000000
vt 1.000000 0.000000
vt 1.000000 1.000000
vt 0.000000 1.000000
vt 0.500000 1.000000
vt 0.000000 0.000000
vt 1.000000 0.000000
vt 0.500000 1.000000
vt 0.000000 0.000000
vt 1.000000 0.000000
vt 0.000000 0.000000
vt 1.000000 0.000000
vt 1.000000 1.000000
vt 0.000000 1.000000
vt 0.500000 1.000000
vt 0.000000 0.000000
vt 1.000000 0.000000
vt 0.500000 1.000000
vt 0.000000 0.000000
vt 1.000000 0.000000
vt 0.000000 0.000000
vt 1.000000 0.000000
vt 1.000000 1.000000
vt 0.000000 1.000000
vt 0.500000 1.000000
vt 0.000000 0.000000
vt 1.000000 0.000000
vt 0.500000 1.000000
vt 0.000000 0.000000
vt 1.000000 0.000000
vt 0.000000 0.000000
vt 1.000000 0.000000
vt 1.000000 1.000000
vt 0.000000 1.000000
vt 0.500000 1.000000
vt 0.000000 0.000000
vt 1.000000 0.000000
vt 0.500000 1.000000
vt 0.000000 0.000000
vt 1.000000 0.000000
vt 0.000000 0.000000
vt 1.000000 0.000000
vt 1.000000 1.000000
vt 0.000000 1.000000
vt 0.500000 1.000000
vt 0.000000 0.000000
vt 1.000000 0.000000
vt 0.500000 1.000000
vt 0.000000 0.000000
vt 1.000000 0.000000
vt 0.000000 0.000000
vt 1.000000 0.000000
vt 1.000000 1.000000
vt 0.000000 1.000000
vt 0.500000 1.000000
vt 0.000000 0.000000
vt 1.000000 0.000000
vt 0.500000 1.000000
vt 0.000000 0.000000
vt 1.000000 0.000000
vt 0.000000 0.000000
vt 1.000000 0.000000
vt 1.000000 1.000000
vt 0.000000 1.000000
vt 0.500000 1.000000
vt 0.000000 0.000000
vt 1.000000 0.000000
vt 0.500000 1.000000
vt 0.000000 0.000000
vt 1.000000 0.000000
vt 0.000000 0.000000
vt 1.000000 0.000000
vt 1.000000 1.000000
vt 0.000000 1.000000
vt 0.500000 1.000000
vt 0.000000 0.000000
vt 1.000000 0.000000
vt 0.500000 1.000000
vt 0.000000 0.000000
vt 1.000000 0.000000
vt 0.000000 0.000000
vt 1.000000 0.000000
vt 1.000000 1.000000
vt 0.000000 1.000000
vt 0.500000 1.000000
vt 0.000000 0.000000
vt 1.000000 0.000000
vt 0.500000 1.000000
vt 0.000000 0.000000
vt 1.000000 0.000000
vt 0.000000 0.000000
vt 1.000000 0.000000
vt 1.000000 1.000000
vt 0.000000 1.000000
vt 0.500000 1.000000
vt 0.000000 0.000000
vt 1.000000 0.000000
vt 0.500000 1.000000
vt 0.000000 0.000000
vt 1.000000 0.000000
vt 0.000000 0.000000
vt 1.000000 0.000000
vt 1.000000 1.000000
vt 0.000000 1.000000
vt 0.500000 1.000000
vt 0.000000 0.000000
vt 1.000000 0.000000
vt 0.500000 1.000000
vt 0.000000 0.000000
vt 1.000000 0.000000
vt 0.000000 0.000000
vt 1.000000 0.000000
vt 1.000000 1.000000
vt 0.000000 1.000000
vt 0.500000 1.000000
vt 0.000000 0.000000
vt 1.000000 0.000000
vt 0.500000 1.000000
vt 0.000000 0.000000
vt 1.000000 0.000000
vt 0.000000 0.000000
vt 1.000000 0.000000
vt 1.000000 1.000000
vt 0.000000 1.000000
vt 0.500000 1.000000
vt 0.000000 0.000000
vt 1.000000 0.000000
vt 0.500000 1.000000
vt 0.000000 0.000000
vt 1.000000 0.000000
vt 0.000000 0.000000
vt 1.000000 0.000000
vt 1.000000 1.000000
vt 0.000000 1.000000
vt 0.500000 1.000000
vt 0.000000 0.000000
vt 1.000000 0.000000
vt 0.000000 0.000000
vt 1.000000 0.000000
vt 1.000000 1.000000
vt 0.000000 1.000000
vt 0.500000 1.000000
vt 0.000000 0.000000
vt 1.000000 0.000000
vt 0.000000 0.000000
vt 1.000000 0.000000
vt 1.000000 1.000000
vt 0.000000 1.000000
vt 0.500000 1.000000
vt 0.000000 0.000000
vt 1.000000 0.000000
vt 0.000000 0.000000
vt 1.000000 0.000000
vt 1.000000 1.000000
vt 0.000000 1.000000
vt 0.500000 1.000000
vt 0.000000 0.000000
vt 1.000000 0.000000
vt 0.000000 0.000000
vt 1.000000 0.000000
vt 1.000000 1.000000
vt 0.000000 1.000000
vt 0.500000 1.000000
vt 0.000000 0.000000
vt 1.000000 0.000000
vt 0.000000 0.000000
vt 1.000000 0.000000
vt 1.000000 1.000000
vt 0.000000 1.000000
vt 0.500000 1.000000
vt 0.000000 0.000000
vt 1.000000 0.000000
vt 0.000000 0.000000
vt 1.000000 0.000000
vt 1.000000 1.000000
vt 0.000000 1.000000
vt 0.500000 1.000000
vt 0.000000 0.000000
vt 1.000000 0.000000
vt 0.000000 0.000000
vt 1.000000 0.000000
vt 1.000000 1.000000
vt 0.000000 1.000000
vt 0.500000 1.000000
vt 0.000000 0.000000
vt 1.000000 0.000000
vt 0.000000 0.000000
vt 1.000000 0.000000
vt 1.000000 1.000000
vt 0.000000 1.000000
vt 0.500000 1.000000
vt 0.000000 0.000000
vt 1.000000 0.000000
vt 0.000000 0.000000
vt 1.000000 0.000000
vt 1.000000 1.000000
vt 0.000000 1.000000
vt 0.500000 1.000000
vt 0.000000 0.000000
vt 1.000000 0.000000
vt 0.000000 0.000000
vt 1.000000 0.000000
vt 1.000000 1.000000
vt 0.000000 1.000000
vt 0.500000 1.000000
vt 0.000000 0.000000
vt 1.000000 0.000000
vt 0.000000 0.000000
vt 1.000000 0.000000
vt 1.000000 1.000000
vt 0.000000 1.000000
vt 0.500000 1.000000
vt 0.000000 0.000000
vt 1.000000 0.000000
vt 0.000000 0.000000
vt 1.000000 0.000000
vt 1.000000 1.000000
vt 0.000000 1.000000
vt 0.500000 1.000000
vt 0.000000 0.000000
vt 1.000000 0.000000
vt 0.500000 1.000000
vt 0.000000 0.000000
vt 1.000000 0.000000
vt 0.000000 0.000000
vt 1.000000 0.000000
vt 1.000000 1.000000
vt 0.000000 1.000000
vt 0.500000 1.000000
vt 0.000000 0.000000
vt 1.000000 0.000000
vt 0.500000 1.000000
vt 0.000000 0.000000
vt 1.000000 0.000000
vt 0.000000 0.000000
vt 1.000000 0.000000
vt 1.000000 1.000000
vt 0.000000 1.000000
vt 0.500000 1.000000
vt 0.000000 0.000000
vt 1.000000 0.000000
vt 0.500000 1.000000
vt 0.000000 0.000000
vt 1.000000 0.000000
vt 0.000000 0.000000
vt 1.000000 0.000000
vt 1.000000 1.000000
vt 0.000000 1.000000
vt 0.500000 1.000000
vt 0.000000 0.000000
vt 1.000000 0.000000
vt 0.500000 1.000000
vt 0.000000 0.000000
vt 1.000000 0.000000
vt 0.000000 0.000000
vt 1.000000 0.000000
vt 1.000000 1.000000
vt 0.000000 1.000000
vt 0.500000 1.000000
vt 0.000000 0.000000
vt 1.000000 0.000000
vt 0.500000 1.000000
vt 0.000000 0.000000
vt 1.000000 0.000000
vt 0.000000 0.000000
vt 1.000000 0.000000
vt 1.000000 1.000000
vt 0.000000 1.000000
vt 0.500000 1.000000
vt 0.000000 0.000000
vt 1.000000 0.000000
vt 0.500000 1.000000
vt 0.000000 0.000000
vt 1.000000 0.000000
vt 0.000000 0.000000
vt 1.000000 0.000000
vt 1.000000 1.000000
vt 0.000000 1.000000
vt 0.500000 1.000000
vt 0.000000 0.000000
vt 1.000000 0.000000
vt 0.500000 1.000000
vt 0.000000 0.000000
vt 1.000000 0.000000
vt 0.000000 0.000000
vt 1.000000 0.000000
vt 1.000000 1.000000
vt 0.000000 1.000000
vt 0.500000 1.000000
vt 0.000000 0.000000
vt 1.000000 0.000000
vt 0.500000 1.000000
vt 0.000000 0.000000
vt 1.000000 0.000000
vt 0.000000 0.000000
vt 1.000000 0.000000
vt 1.000000 1.000000
vt 0.000000 1.000000
vt 0.500000 1.000000
vt 0.000000 0.000000
vt 1.000000 0.000000
vt 0.500000 1.000000
vt 0.000000 0.000000
vt 1.000000 0.000000
vt 0.000000 0.000000
vt 1.000000 0.000000
vt 1.000000 1.000000
vt 0.000000 1.000000
vt 0.500000 1.000000
vt 0.000000 0.000000
vt 1.000000 0.000000
vt 0.500000 1.000000
vt 0.000000 0.000000
vt 1.000000 0.000000
vt 0.000000 0.000000
vt 1.000000 0.000000
vt 1.000000 1.000000
vt 0.000000 1.000000
vt 0.500000 1.000000
vt 0.000000 0.000000
vt 1.000000 0.000000
vt 0.500000 1.000000
vt 0.000000 0.000000
vt 1.000000 0.000000
vt 0.000000 0.000000
vt 1.000000 0.000000
vt 1.000000 1.000000
vt 0.000000 1.000000
vt 0.500000 1.000000
vt 0.000000 0.000000
vt 1.000000 0.000000
vt 0.500000 1.000000
vt 0.000000 0.000000
vt 1.000000 0.000000
vt 0.000000 0.000000
vt 1.000000 0.000000
vt 1.000000 1.000000
vt 0.000000 1.000000
vt 0.500000 1.000000
vt 0.000000 0.000000
vt 1.000000 0.000000
vt 0.500000 1.000000
vt 0.000000 0.000000
vt 1.000000 0.000000
vt 0.000000 0.000000
vt 1.000000 0.000000
vt 1.000000 1.000000
vt 0.000000 1.000000
vt 0.500000 1.000000
vt 0.000000 0.000000
vt 1.000000 0.000000
vt 0.500000 1.000000
vt 0.000000 0.000000
vt 1.000000 0.000000
vt 0.000000 0.000000
vt 1.000000 0.000000
vt 1.000000 1.000000
vt 0.000000 1.000000
vt 0.500000 1.000000
vt 0.000000 0.000000
vt 1.000000 0.000000
vt 0.000000 0.000000
vt 1.000000 0.000000
vt 1.000000 1.000000
vt 0.000000 1.000000
vt 0.500000 1.000000
vt 0.000000 0.000000
vt 1.000000 0.000000
vt 0.000000 0.000000
vt 1.000000 0.000000
vt 1.000000 1.000000
vt 0.000000 1.000000
vt 0.500000 1.000000
vt 0.000000 0.000000
vt 1.000000 0.000000
vt 0.000000 0.000000
vt 1.000000 0.000000
vt 1.000000 1.000000
vt 0.000000 1.000000
vt 0.500000 1.000000
vt 0.000000 0.000000
vt 1.000000 0.000000
vt 0.000000 0.000000
vt 1.000000 0.000000
vt 1.000000 1.000000
vt 0.000000 1.000000
vt 0.500000 1.000000
vt 0.000000 0.000000
vt 1.000000 0.000000
vt 0.000000 0.000000
vt 1.000000 0.000000
vt 1.000000 1.000000
vt 0.000000 1.000000
vt 0.500000 1.000000
vt 0.000000 0.000000
vt 1.000000 0.000000
vt 0.000000 0.000000
vt 1.000000 0.000000
vt 1.000000 1.000000
vt 0.000000 1.000000
vt 0.500000 1.000000
vt 0.000000 0.000000
vt 1.000000 0.000000
vt 0.000000 0.000000
vt 1.000000 0.000000
vt 1.000000 1.000000
vt 0.000000 1.000000
vt 0.500000 1.000000
vt 0.000000 0.000000
vt 1.000000 0.000000
vt 0.000000 0.000000
vt 1.000000 0.000000
vt 1.000000 1.000000
vt 0.000000 1.000000
vt 0.500000 1.000000
vt 0.000000 0.000000
vt 1.000000 0.000000
vt 0.000000 0.000000
vt 1.000000 0.000000
vt 1.000000 1.000000
vt 0.000000 1.000000
vt 0.500000 1.000000
vt 0.000000 0.000000
vt 1.000000 0.000000
vt 0.000000 0.000000
vt 1.000000 0.000000
vt 1.000000 1.000000
vt 0.000000 1.000000
vt 0.500000 1.000000
vt 0.000000 0.000000
vt 1.000000 0.000000
vt 0.000000 0.000000
vt 1.000000 0.000000
vt 1.000000 1.000000
vt 0.000000 1.000000
vt 0.500000 1.000000
vt 0.000000 0.000000
vt 1.000000 0.000000
vt 0.000000 0.000000
vt 1.000000 0.000000
vt 1.000000 1.000000
vt 0.000000 1.000000
vt 0.500000 1.000000
vt 0.000000 0.000000
vt 1.000000 0.000000
vt 0.500000 1.000000
vt 0.000000 0.000000
vt 1.000000 0.000000
vt 0.000000 0.000000
vt 1.000000 0.000000
vt 1.000000 1.000000
vt 0.000000 1.000000
vt 0.500000 1.000000
vt 0.000000 0.000000
vt 1.000000 0.000000
vt 0.500000 1.000000
vt 0.000000 0.000000
vt 1.000000 0.000000
vt 0.000000 0.000000
vt 1.000000 0.000000
vt 1.000000 1.000000
vt 0.000000 1.000000
vt 0.500000 1.000000
vt 0.000000 0.000000
vt 1.000000 0.000000
vt 0.500000 1.000000
vt 0.000000 0.000000
vt 1.000000 0.000000
vt 0.000000 0.000000
vt 1.000000 0.000000
vt 1.000000 1.000000
vt 0.000000 1.000000
vt 0.500000 1.000000
vt 0.000000 0.000000
vt 1.000000 0.000000
vt 0.500000 1.000000
vt 0.000000 0.000000
vt 1.000000 0.000000
vt 0.000000 0.000000
vt 1.000000 0.000000
vt 1.000000 1.000000
vt 0.000000 1.000000
vt 0.500000 1.000000
vt 0.000000 0.000000
vt 1.000000 0.000000
vt 0.500000 1.000000
vt 0.000000 0.000000
vt 1.000000 0.000000
vt 0.000000 0.000000
vt 1.000000 0.000000
vt 1.000000 1.000000
vt 0.000000 1.000000
vt 0.500000 1.000000
vt 0.000000 0.000000
vt 1.000000 0.000000
vt 0.500000 1.000000
vt 0.000000 0.000000
vt 1.000000 0.000000
vt 0.000000 0.000000
vt 1.000000 0.000000
vt 1.000000 1.000000
vt 0.000000 1.000000
vt 0.500000 1.000000
vt 0.000000 0.000000
vt 1.000000 0.000000
vt 0.500000 1.000000
vt 0.000000 0.000000
vt 1.000000 0.000000
vt 0.000000 0.000000
vt 1.000000 0.000000
vt 1.000000 1.000000
vt 0.000000 1.000000
vt 0.500000 1.000000
vt 0.000000 0.000000
vt 1.000000 0.000000
vt 0.500000 1.000000
vt 0.000000 0.000000
vt 1.000000 0.000000
vt 0.000000 0.000000
vt 1.000000 0.000000
vt 1.000000 1.000000
vt 0.000000 1.000000
vt 0.500000 1.000000
vt 0.000000 0.000000
vt 1.000000 0.000000
vt 0.500000 1.000000
vt 0.000000 0.000000
vt 1.000000 0.000000
vt 0.000000 0.000000
vt 1.000000 0.000000
vt 1.000000 1.000000
vt 0.000000 1.000000
vt 0.500000 1.000000
vt 0.000000 0.000000
vt 1.000000 0.000000
vt 0.500000 1.000000
vt 0.000000 0.000000
vt 1.000000 0.000000
vt 0.000000 0.000000
vt 1.000000 0.000000
vt 1.000000 1.000000
vt 0.000000 1.000000
vt 0.500000 1.000000
vt 0.000000 0.000000
vt 1.000000 0.000000
vt 0.500000 1.000000
vt 0.000000 0.000000
vt 1.000000 0.000000
vt 0.000000 0.000000
vt 1.000000 0.000000
vt 1.000000 1.000000
vt 0.000000 1.000000
vt 0.500000 1.000000
vt 0.000000 0.000000
vt 1.000000 0.000000
vt 0.500000 1.000000
vt 0.000000 0.000000
vt 1.000000 0.000000
vt 0.000000 0.000000
vt 1.000000 0.000000
vt 1.000000 1.000000
vt 0.000000 1.000000
vt 0.500000 1.000000
vt 0.000000 0.000000
vt 1.000000 0.000000
vt 0.500000 1.000000
vt 0.000000 0.000000
vt 1.000000 0.000000
vt 0.000000 0.000000
vt 1.000000 0.000000
vt 1.000000 1.000000
vt 0.000000 1.000000
vt 0.500000 1.000000
vt 0.000000 0.000000
vt 1.000000 0.000000
vt 0.500000 1.000000
vt 0.000000 0.000000
vt 1.000000 0.000000
vt 0.000000 0.000000
vt 1.000000 0.000000
vt 1.000000 1.000000
vt 0.000000 1.000000
vt 0.500000 1.000000
vt 0.000000 0.000000
vt 1.000000 0.000000
vt 0.000000 0.000000
vt 1.000000 0.000000
vt 1.000000 1.000000
vt 0.000000 1.000000
vt 0.500000 1.000000
vt 0.000000 0.000000
vt 1.000000 0.000000
vt 0.000000 0.000000
vt 1.000000 0.000000
vt 1.000000 1.000000
vt 0.000000 1.000000
vt 0.500000 1.000000
vt 0.000000 0.000000
vt 1.000000 0.000000
vt 0.000000 0.000000
vt 1.000000 0.000000
vt 1.000000 1.000000
vt 0.000000 1.000000
vt 0.500000 1.000000
vt 0.000000 0.000000
vt 1.000000 0.000000
vt 0.000000 0.000000
vt 1.000000 0.000000
vt 1.000000 1.000000
vt 0.000000 1.000000
vt 0.500000 1.000000
vt 0.000000 0.000000
vt 1.000000 0.000000
vt 0.000000 0.000000
vt 1.000000 0.000000
vt 1.000000 1.000000
vt 0.000000 1.000000
vt 0.500000 1.000000
vt 0.000000 0.000000
vt 1.000000 0.000000
vt 0.000000 0.000000
vt 1.000000 0.000000
vt 1.000000 1.000000
vt 0.000000 1.000000
vt 0.500000 1.000000
vt 0.000000 0.000000
vt 1.000000 0.000000
vt 0.000000 0.000000
vt 1.000000 0.000000
vt 1.000000 1.000000
vt 0.000000 1.000000
vt 0.500000 1.000000
vt 0.000000 0.000000
vt 1.000000 0.000000
vt 0.000000 0.000000
vt 1.000000 0.000000
vt 1.000000 1.000000
vt 0.000000 1.000000
vt 0.500000 1.000000
vt 0.000000 0.000000
vt 1.000000 0.000000
vt 0.000000 0.000000
vt 1.000000 0.000000
vt 1.000000 1.000000
vt 0.000000 1.000000
vt 0.500000 1.000000
vt 0.000000 0.000000
vt 1.000000 0.000000
vt 0.000000 0.000000
vt 1.000000 0.000000
vt 1.000000 1.000000
vt 0.000000 1.000000
vt 0.500000 1.000000
vt 0.000000 0.000000
vt 1.000000 0.000000
vt 0.000000 0.000000
vt 1.000000 0.000000
vt 1.000000 1.000000
vt 0.000000 1.000000
vt 0.500000 1.000000
vt 0.000000 0.000000
vt 1.000000 0.000000
vt 0.000000 0.000000
vt 1.000000 0.000000
vt 1.000000 1.000000
vt 0.000000 1.000000
vt 0.500000 1.000000
vt 0.000000 0.000000
vt 1.000000 0.000000
vt 0.500000 1.000000
vt 0.000000 0.000000
vt 1.000000 0.000000
vt 0.000000 0.000000
vt 1.000000 0.000000
vt 1.000000 1.000000
vt 0.000000 1.000000
vt 0.500000 1.000000
vt 0.000000 0.000000
vt 1.000000 0.000000
vt 0.500000 1.000000
vt 0.000000 0.000000
vt 1.000000 0.000000
vt 0.000000 0.000000
vt 1.000000 0.000000
vt 1.000000 1.000000
vt 0.000000 1.000000
vt 0.500000 1.000000
vt 0.000000 0.000000
vt 1.000000 0.000000
vt 0.500000 1.000000
vt 0.000000 0.000000
vt 1.000000 0.000000
vt 0.000000 0.000000
vt 1.000000 0.000000
vt 1.000000 1.000000
vt 0.000000 1.000000
vt 0.500000 1.000000
vt 0.000000 0.000000
vt 1.000000 0.000000
vt 0.500000 1.000000
vt 0.000000 0.000000
vt 1.000000 0.000000
vt 0.000000 0.000000
vt 1.000000 0.000000
vt 1.000000 1.000000
vt 0.000000 1.000000
vt 0.500000 1.000000
vt 0.000000 0.000000
vt 1.000000 0.000000
vt 0.500000 1.000000
vt 0.000000 0.000000
vt 1.000000 0.000000
vt 0.000000 0.000000
vt 1.000000 0.000000
vt 1.000000 1.000000
vt 0.000000 1.000000
vt 0.500000 1.000000
vt 0.000000 0.000000
vt 1.000000 0.000000
vt 0.500000 1.000000
vt 0.000000 0.000000
vt 1.000000 0.000000
vt 0.000000 0.000000
vt 1.000000 0.000000
vt 1.000000 1.000000
vt 0.000000 1.000000
vt 0.500000 1.000000
vt 0.000000 0.000000
vt 1.000000 0.000000
vt 0.500000 1.000000
vt 0.000000 0.000000
vt 1.000000 0.000000
vt 0.000000 0.000000
vt 1.000000 0.000000
vt 1.000000 1.000000
vt 0.000000 1.000000
vt 0.500000 1.000000
vt 0.000000 0.000000
vt 1.000000 0.000000
vt 0.500000 1.000000
vt 0.000000 0.000000
vt 1.000000 0.000000
vt 0.000000 0.000000
vt 1.000000 0.000000
vt 1.000000 1.000000
vt 0.000000 1.000000
vt 0.500000 1.000000
vt 0.000000 0.000000
vt 1.000000 0.000000
vt 0.500000 1.000000
vt 0.000000 0.000000
vt 1.000000 0.000000
vt 0.000000 0.000000
vt 1.000000 0.000000
vt 1.000000 1.000000
vt 0.000000 1.000000
vt 0.500000 1.000000
vt 0.000000 0.000000
vt 1.000000 0.000000
vt 0.500000 1.000000
vt 0.000000 0.000000
vt 1.000000 0.000000
vt 0.000000 0.000000
vt 1.000000 0.000000
vt 1.000000 1.000000
vt 0.000000 1.000000
vt 0.500000 1.000000
vt 0.000000 0.000000
vt 1.000000 0.000000
vt 0.500000 1.000000
vt 0.000000 0.000000
vt 1.000000 0.000000
vt 0.000000 0.000000
vt 1.000000 0.000000
vt 1.000000 1.000000
vt 0.000000 1.000000
vt 0.500000 1.000000
vt 0.000000 0.000000
vt 1.000000 0.000000
vt 0.500000 1.000000
vt 0.000000 0.000000
vt 1.000000 0.000000
vt 0.000000 0.000000
vt 1.000000 0.000000
vt 1.000000 1.000000
vt 0.000000 1.000000
vt 0.500000 1.000000
vt 0.000000 0.000000
vt 1.000000 0.000000
vt 0.500000 1.000000
vt 0.000000 0.000000
vt 1.000000 0.000000
vt 0.000000 0.000000
vt 1.000000 0.000000
vt 1.000000 1.000000
vt 0.000000 1.000000
vt 0.500000 1.000000
vt 0.000000 0.000000
vt 1.000000 0.000000
vt 0.500000 1.000000
vt 0.000000 0.000000
vt 1.000000 0.000000
vt 0.000000 0.000000
vt 1.000000 0.000000
vt 1.000000 1.000000
vt 0.000000 1.000000
vt 0.500000 1.000000
vt 0.000000 0.000000
vt 1.000000 0.000000
vt 0.000000 0.000000
vt 1.000000 0.000000
vt 1.000000 1.000000
vt 0.000000 1.000000
vt 0.500000 1.000000
vt 0.000000 0.000000
vt 1.000000 0.000000
vt 0.000000 0.000000
vt 1.000000 0.000000
vt 1.000000 1.000000
vt 0.000000 1.000000
vt 0.500000 1.000000
vt 0.000000 0.000000
vt 1.000000 0.000000
vt 0.000000 0.000000
vt 1.000000 0.000000
vt 1.000000 1.000000
vt 0.000000 1.000000
vt 0.500000 1.000000
vt 0.000000 0.000000
vt 1.000000 0.000000
vt 0.000000 0.000000
vt 1.000000 0.000000
vt 1.000000 1.000000
vt 0.000000 1.000000
vt 0.500000 1.000000
vt 0.000000 0.000000
vt 1.000000 0.000000
vt 0.000000 0.000000
vt 1.000000 0.000000
vt 1.000000 1.000000
vt 0.000000 1.000000
vt 0.500000 1.000000
vt 0.000000 0.000000
vt 1.000000 0.000000
vt 0.000000 0.000000
vt 1.000000 0.000000
vt 1.000000 1.000000
vt 0.000000 1.000000
vt 0.500000 1.000000
vt 0.000000 0.000000
vt 1.000000 0.000000
vt 0.000000 0.000000
vt 1.000000 0.000000
vt 1.000000 1.000000
vt 0.000000 1.000000
vt 0.500000 1.000000
vt 0.000000 0.000000
vt 1.000000 0.000000
vt 0.000000 0.000000
vt 1.000000 0.000000
vt 1.000000 1.000000
vt 0.000000 1.000000
vt 0.500000 1.000000
vt 0.000000 0.000000
vt 1.000000 0.000000
vt 0.000000 0.000000
vt 1.000000 0.000000
vt 1.000000 1.000000
vt 0.000000 1.000000
vt 0.500000 1.000000
vt 0.000000 0.000000
vt 1.000000 0.000000
vt 0.000000 0.000000
vt 1.000000 0.000000
vt 1.000000 1.000000
vt 0.000000 1.000000
vt 0.500000 1.000000
vt 0.000000 0.000000
vt 1.000000 0.000000
vt 0.000000 0.000000
vt 1.000000 0.000000
vt 1.000000 1.000000
vt 0.000000 1.000000
vt 0.500000 1.000000
vt 0.000000 0.000000
vt 1.000000 0.000000
vt 0.000000 0.000000
vt 1.000000 0.000000
vt 1.000000 1.000000
vt 0.000000 1.000000
vt 0.500000 1.000000
vt 0.000000 0.000000
vt 1.000000 0.000000
vt 0.500000 1.000000
vt 0.000000 0.000000
vt 1.000000 0.000000
vt 0.000000 0.000000
vt 1.000000 0.000000
vt 1.000000 1.000000
vt 0.000000 1.000000
vt 0.500000 1.000000
vt 0.000000 0.000000
vt 1.000000 0.000000
vt 0.500000 1.000000
vt 0.000000 0.000000
vt 1.000000 0.000000
vt 0.000000 0.000000
vt 1.000000 0.000000
vt 1.000000 1.000000
vt 0.000000 1.000000
vt 0.500000 1.000000
vt 0.000000 0.000000
vt 1.000000 0.000000
vt 0.500000 1.000000
vt 0.000000 0.000000
vt 1.000000 0.000000
vt 0.000000 0.000000
vt 1.000000 0.000000
vt 1.000000 1.000000
vt 0.000000 1.000000
vt 0.500000 1.000000
vt 0.000000 0.000000
vt 1.000000 0.000000
vt 0.500000 1.000000
vt 0.000000 0.000000
vt 1.000000 0.000000
vt 0.000000 0.000000
vt 1.000000 0.000000
vt 1.000000 1.000000
vt 0.000000 1.000000
vt 0.500000 1.000000
vt 0.000000 0.000000
vt 1.000000 0.000000
vt 0.500000 1.000000
vt 0.000000 0.000000
vt 1.000000 0.000000
vt 0.000000 0.000000
vt 1.000000 0.000000
vt 1.000000 1.000000
vt 0.000000 1.000000
vt 0.500000 1.000000
vt 0.000000 0.000000
vt 1.000000 0.000000
vt 0.500000 1.000000
vt 0.000000 0.000000
vt 1.000000 0.000000
vt 0.000000 0.000000
vt 1.000000 0.000000
vt 1.000000 1.000000
vt 0.000000 1.000000
vt 0.500000 1.000000
vt 0.000000 0.000000
vt 1.000000 0.000000
vt 0.500000 1.000000
vt 0.000000 0.000000
vt 1.000000 0.000000
vt 0.000000 0.000000
vt 1.000000 0.000000
vt 1.000000 1.000000
vt 0.000000 1.000000
vt 0.500000 1.000000
vt 0.000000 0.000000
vt 1.000000 0.000000
vt 0.500000 1.000000
vt 0.000000 0.000000
vt 1.000000 0.000000
vt 0.000000 0.000000
vt 1.000000 0.000000
vt 1.000000 1.000000
vt 0.000000 1.000000
vt 0.500000 1.000000
vt 0.000000 0.000000
vt 1.000000 0.000000
vt 0.500000 1.000000
vt 0.000000 0.000000
vt 1.000000 0.000000
vt 0.000000 0.000000
vt 1.000000 0.000000
vt 1.000000 1.000000
vt 0.000000 1.000000
vt 0.500000 1.000000
vt 0.000000 0.000000
vt 1.000000 0.000000
vt 0.500000 1.000000
vt 0.000000 0.000000
vt 1.000000 0.000000
vt 0.000000 0.000000
vt 1.000000 0.000000
vt 1.000000 1.000000
vt 0.000000 1.000000
vt 0.500000 1.000000
vt 0.000000 0.000000
vt 1.000000 0.000000
vt 0.500000 1.000000
vt 0.000000 0.000000
vt 1.000000 0.000000
vt 0.000000 0.000000
vt 1.000000 0.000000
vt 1.000000 1.000000
vt 0.000000 1.000000
vt 0.500000 1.000000
vt 0.000000 0.000000
vt 1.000000 0.000000
vt 0.500000 1.000000
vt 0.000000 0.000000
vt 1.000000 0.000000
vt 0.000000 0.000000
vt 1.000000 0.000000
vt 1.000000 1.000000
vt 0.000000 1.000000
vt 0.500000 1.000000
vt 0.000000 0.000000
vt 1.000000 0.000000
vt 0.500000 1.000000
vt 0.000000 0.000000
vt 1.000000 0.000000
vt 0.000000 0.000000
vt 1.000000 0.000000
vt 1.000000 1.000000
vt 0.000000 1.000000
vt 0.500000 1.000000
vt 0.000000 0.000000
vt 1.000000 0.000000
vt 0.500000 1.000000
vt 0.000000 0.000000
vt 1.000000 0.000000
vt 0.000000 0.000000
vt 1.000000 0.000000
vt 1.000000 1.000000
vt 0.000000 1.000000
vt 0.500000 1.000000
vt 0.000000 0.000000
vt 1.000000 0.000000
vt 0.000000 0.000000
vt 1.000000 0.000000
vt 1.000000 1.000000
vt 0.000000 1.000000
vt 0.500000 1.000000
vt 0.000000 0.000000
vt 1.000000 0.000000
vt 0.000000 0.000000
vt 1.000000 0.000000
vt 1.000000 1.000000
vt 0.000000 1.000000
vt 0.500000 1.000000
vt 0.000000 0.000000
vt 1.000000 0.000000
vt 0.000000 0.000000
vt 1.000000 0.000000
vt 1.000000 1.000000
vt 0.000000 1.000000
vt 0.500000 1.000000
vt 0.000000 0.000000
vt 1.000000 0.000000
vt 0.000000 0.000000
vt 1.000000 0.000000
vt 1.000000 1.000000
vt 0.000000 1.000000
vt 0.500000 1.000000
vt 0.000000 0.000000
vt 1.000000 0.000000
vt 0.000000 0.000000
vt 1.000000 0.000000
vt 1.000000 1.000000
vt 0.000000 1.000000
vt 0.500000 1.000000
vt 0.000000 0.000000
vt 1.000000 0.000000
vt 0.000000 0.000000
vt 1.000000 0.000000
vt 1.000000 1.000000
vt 0.000000 1.000000
vt 0.500000 1.000000
vt 0.000000 0.000000
vt 1.000000 0.000000
vt 0.000000 0.000000
vt 1.000000 0.000000
vt 1.000000 1.000000
vt 0.000000 1.000000
vt 0.500000 1.000000
vt 0.000000 0.000000
vt 1.000000 0.000000
vt 0.000000 0.000000
vt 1.000000 0.000000
vt 1.000000 1.000000
vt 0.000000 1.000000
vt 0.500000 1.000000
vt 0.000000 0.000000
vt 1.000000 0.000000
vt 0.000000 0.000000
vt 1.000000 0.000000
vt 1.000000 1.000000
vt 0.000000 1.000000
vt 0.500000 1.000000
vt 0.000000 0.000000
vt 1.000000 0.000000
vt 0.000000 0.000000
vt 1.000000 0.000000
vt 1.000000 1.000000
vt 0.000000 1.000000
vt 0.500000 1.000000
vt 0.000000 0.000000
vt 1.000000 0.000000
vt 0.000000 0.000000
vt 1.000000 0.000000
vt 1.000000 1.000000
vt 0.000000 1.000000
vt 0.500000 1.000000
vt 0.000000 0.000000
vt 1.000000 0.000000
vt 0.000000 0.000000
vt 1.000000 0.000000
vt 1.000000 1.000000
vt 0.000000 1.000000
vt 0.500000 1.000000
vt 0.000000 0.000000
vt 1.000000 0.000000
vt 0.500000 1.000000
vt 0.000000 0.000000
vt 1.000000 0.000000
vt 0.000000 0.000000
vt 1.000000 0.000000
vt 1.000000 1.000000
vt 0.000000 1.000000
vt 0.500000 1.000000
vt 0.000000 0.000000
vt 1.000000 0.000000
vt 0.500000 1.000000
vt 0.000000 0.000000
vt 1.000000 0.000000
vt 0.000000 0.000000
vt 1.000000 0.000000
vt 1.000000 1.000000
vt 0.000000 1.000000
vt 0.500000 1.000000
vt 0.000000 0.000000
vt 1.000000 0.000000
vt 0.500000 1.000000
vt 0.000000 0.000000
vt 1.000000 0.000000
vt 0.000000 0.000000
vt 1.000000 0.000000
vt 1.000000 1.000000
vt 0.000000 1.000000
vt 0.500000 1.000000
vt 0.000000 0.000000
vt 1.000000 0.000000
vt 0.500000 1.000000
vt 0.000000 0.000000
vt 1.000000 0.000000
vt 0.000000 0.000000
vt 1.000000 0.000000
vt 1.000000 1.000000
vt 0.000000 1.000000
vt 0.500000 1.000000
vt 0.000000 0.000000
vt 1.000000 0.000000
vt 0.500000 1.000000
vt 0.000000 0.000000
vt 1.000000 0.000000
vt 0.000000 0.000000
vt 1.000000 0.000000
vt 1.000000 1.000000
vt 0.000000 1.000000
vt 0.500000 1.000000
vt 0.000000 0.000000
vt 1.000000 0.000000
vt 0.500000 1.000000
vt 0.000000 0.000000
vt 1.000000 0.000000
vt 0.000000 0.000000
vt 1.000000 0.000000
vt 1.000000 1.000000
vt 0.000000 1.000000
vt 0.500000 1.000000
vt 0.000000 0.000000
vt 1.000000 0.000000
vt 0.500000 1.000000
vt 0.000000 0.000000
vt 1.000000 0.000000
vt 0.000000 0.000000
vt 1.000000 0.000000
vt 1.000000 1.000000
vt 0.000000 1.000000
vt 0.500000 1.000000
vt 0.000000 0.000000
vt 1.000000 0.000000
vt 0.500000 1.000000
vt 0.000000 0.000000
vt 1.000000 0.000000
vt 0.000000 0.000000
vt 1.000000 0.000000
vt 1.000000 1.000000
vt 0.000000 1.000000
vt 0.500000 1.000000
vt 0.000000 0.000000
vt 1.000000 0.000000
vt 0.500000 1.000000
vt 0.000000 0.000000
vt 1.000000 0.000000
vt 0.000000 0.000000
vt 1.000000 0.000000
vt 1.000000 1.000000
vt 0.000000 1.000000
vt 0.500000 1.000000
vt 0.000000 0.000000
vt 1.000000 0.000000
vt 0.500000 1.000000
vt 0.000000 0.000000
vt 1.000000 0.000000
vt 0.000000 0.000000
vt 1.000000 0.000000
vt 1.000000 1.000000
vt 0.000000 1.000000
vt 0.500000 1.000000
vt 0.000000 0.000000
vt 1.000000 0.000000
vt 0.500000 1.000000
vt 0.000000 0.000000
vt 1.000000 0.000000
vt 0.000000 0.000000
vt 1.000000 0.000000
vt 1.000000 1.000000
vt 0.000000 1.000000
vt 0.500000 1.000000
vt 0.000000 0.000000
vt 1.000000 0.000000
vt 0.500000 1.000000
vt 0.000000 0.000000
vt 1.000000 0.000000
vt 0.000000 0.000000
vt 1.000000 0.000000
vt 1.000000 1.000000
vt 0.000000 1.000000
vt 0.500000 1.000000
vt 0.000000 0.000000
vt 1.000000 0.000000
vt 0.500000 1.000000
vt 0.000000 0.000000
vt 1.000000 0.000000
vt 0.000000 0.000000
vt 1.000000 0.000000
vt 1.000000 1.000000
vt 0.000000 1.000000
vt 0.500000 1.000000
vt 0.000000 0.000000
vt 1.000000 0.000000
vt 0.500000 1.000000
vt 0.000000 0.000000
vt 1.000000 0.000000
vt 0.000000 0.000000
vt 1.000000 0.000000
vt 1.000000 1.000000
vt 0.000000 1.000000
vt 0.500000 1.000000
vt 0.000000 0.000000
vt 1.000000 0.000000
vt 0.000000 0.000000
vt 1.000000 0.000000
vt 1.000000 1.000000
vt 0.000000 1.000000
vt 0.500000 1.000000
vt 0.000000 0.000000
vt 1.000000 0.000000
vt 0.000000 0.000000
vt 1.000000 0.000000
vt 1.000000 1.000000
vt 0.000000 1.000000
vt 0.500000 1.000000
vt 0.000000 0.000000
vt 1.000000 0.000000
vt 0.000000 0.000000
vt 1.000000 0.000000
vt 1.000000 1.000000
vt 0.000000 1.000000
vt 0.500000 1.000000
vt 0.000000 0.000000
vt 1.000000 0.000000
vt 0.000000 0.000000
vt 1.000000 0.000000
vt 1.000000 1.000000
vt 0.000000 1.000000
vt 0.500000 1.000000
vt 0.000000 0.000000
vt 1.000000 0.000000
vt 0.000000 0.000000
vt 1.000000 0.000000
vt 1.000000 1.000000
vt 0.000000 1.000000
vt 0.500000 1.000000
vt 0.000000 0.000000
vt 1.000000 0.000000
vt 0.000000 0.000000
vt 1.000000 0.000000
vt 1.000000 1.000000
vt 0.000000 1.000000
vt 0.500000 1.000000
vt 0.000000 0.000000
vt 1.000000 0.000000
vt 0.000000 0.000000
vt 1.000000 0.000000
vt 1.000000 1.000000
vt 0.000000 1.000000
vt 0.500000 1.000000
vt 0.000000 0.000000
vt 1.000000 0.000000
vt 0.000000 0.000000
vt 1.000000 0.000000
vt 1.000000 1.000000
vt 0.000000 1.000000
vt 0.500000 1.000000
vt 0.000000 0.000000
vt 1.000000 0.000000
vt 0.000000 0.000000
vt 1.000000 0.000000
vt 1.000000 1.000000
vt 0.000000 1.000000
vt 0.500000 1.000000
vt 0.000000 0.000000
vt 1.000000 0.000000
vt 0.000000 0.000000
vt 1.000000 0.000000
vt 1.000000 1.000000
vt 0.000000 1.000000
vt 0.500000 1.000000
vt 0.000000 0.000000
vt 1.000000 0.000000
vt 0.000000 0.000000
vt 1.000000 0.000000
vt 1.000000 1.000000
vt 0.000000 1.000000
vt 0.500000 1.000000
vt 0.000000 0.000000
vt 1.000000 0.000000
vt 0.000000 0.000000
vt 1.000000 0.000000
vt 1.000000 1.000000
vt 0.000000 1.000000
vt 0.500000 1.000000
vt 0.000000 0.000000
vt 1.000000 0.000000
vt 0.500000 1.000000
vt 0.000000 0.000000
vt 1.000000 0.000000
vt 0.000000 0.000000
vt 1.000000 0.000000
vt 1.000000 1.000000
vt 0.000000 1.000000
vt 0.500000 1.000000
vt 0.000000 0.000000
vt 1.000000 0.000000
vt 0.500000 1.000000
vt 0.000000 0.000000
vt 1.000000 0.000000
vt 0.000000 0.000000
vt 1.000000 0.000000
vt 1.000000 1.000000
vt 0.000000 1.000000
vt 0.500000 1.000000
vt 0.000000 0.000000
vt 1.000000 0.000000
vt 0.500000 1.000000
vt 0.000000 0.000000
vt 1.000000 0.000000
vt 0.000000 0.000000
vt 1.000000 0.000000
vt 1.000000 1.000000
vt 0.000000 1.000000
vt 0.500000 1.000000
vt 0.000000 0.000000
vt 1.000000 0.000000
vt 0.500000 1.000000
vt 0.000000 0.000000
vt 1.000000 0.000000
vt 0.000000 0.000000
vt 1.000000 0.000000
vt 1.000000 1.000000
vt 0.000000 1.000000
vt 0.500000 1.000000
vt 0.000000 0.000000
vt 1.000000 0.000000
vt 0.500000 1.000000
vt 0.000000 0.000000
vt 1.000000 0.000000
vt 0.000000 0.000000
vt 1.000000 0.000000
vt 1.000000 1.000000
vt 0.000000 1.000000
vt 0.500000 1.000000
vt 0.000000 0.000000
vt 1.000000 0.000000
vt 0.500000 1.000000
vt 0.000000 0.000000
vt 1.000000 0.000000
vt 0.000000 0.000000
vt 1.000000 0.000000
vt 1.000000 1.000000
vt 0.000000 1.000000
vt 0.500000 1.000000
vt 0.000000 0.000000
vt 1.000000 0.000000
vt 0.500000 1.000000
vt 0.000000 0.000000
vt 1.000000 0.000000
vt 0.000000 0.000000
vt 1.000000 0.000000
vt 1.000000 1.000000
vt 0.000000 1.000000
vt 0.500000 1.000000
vt 0.000000 0.000000
vt 1.000000 0.000000
vt 0.500000 1.000000
vt 0.000000 0.000000
vt 1.000000 0.000000
vt 0.000000 0.000000
vt 1.000000 0.000000
vt 1.000000 1.000000
vt 0.000000 1.000000
vt 0.500000 1.000000
vt 0.000000 0.000000
vt 1.000000 0.000000
vt 0.500000 1.000000
vt 0.000000 0.000000
vt 1.000000 0.000000
vt 0.000000 0.000000
vt 1.000000 0.000000
vt 1.000000 1.000000
vt 0.000000 1.000000
vt 0.500000 1.000000
vt 0.000000 0.000000
vt 1.000000 0.000000
vt 0.500000 1.000000
vt 0.000000 0.000000
vt 1.000000 0.000000
vt 0.000000 0.000000
vt 1.000000 0.000000
vt 1.000000 1.000000
vt 0.000000 1.000000
vt 0.500000 1.000000
vt 0.000000 0.000000
vt 1.000000 0.000000
vt 0.500000 1.000000
vt 0.000000 0.000000
vt 1.000000 0.000000
vt 0.000000 0.000000
vt 1.000000 0.000000
vt 1.000000 1.000000
vt 0.000000 1.000000
vt 0.500000 1.000000
vt 0.000000 0.000000
vt 1.000000 0.000000
vt 0.500000 1.000000
vt 0.000000 0.000000
vt 1.000000 0.000000
vt 0.000000 0.000000
vt 1.000000 0.000000
vt 1.000000 1.000000
vt 0.000000 1.000000
vt 0.500000 1.000000
vt 0.000000 0.000000
vt 1.000000 0.000000
vt 0.500000 1.000000
vt 0.000000 0.000000
vt 1.000000 0.000000
vt 0.000000 0.000000
vt 1.000000 0.000000
vt 1.000000 1.000000
vt 0.000000 1.000000
vt 0.500000 1.000000
vt 0.000000 0.000000
vt 1.000000 0.000000
vt 0.500000 1.000000
vt 0.000000 0.000000
vt 1.000000 0.000000
vt 0.000000 0.000000
vt 1.000000 0.000000
vt 1.000000 1.000000
vt 0.000000 1.000000
vt 0.500000 1.000000
vt 0.000000 0.000000
vt 1.000000 0.000000
s 1
usemtl models/caelum/world/environment/bark_mountain.png
f 1/1 2/2 3/3 4/4
f 5/5 6/6 7/7
f 8/8 9/9 10/10 11/11
f 12/12 13/13 14/14
f 15/15 16/16 17/17 18/18
f 19/19 20/20 21/21
f 22/22 23/23 24/24 25/25
f 26/26 27/27 28/28
f 29/29 30/30 31/31 32/32
f 33/33 34/34 35/35
f 36/36 37/37 38/38 39/39
f 40/40 41/41 42/42
f 43/43 44/44 45/45 46/46
f 47/47 48/48 49/49
f 50/50 51/51 52/52 53/53
f 54/54 55/55 56/56
f 57/57 58/58 59/59 60/60
f 61/61 62/62 63/63
f 64/64 65/65 66/66 67/67
f 68/68 69/69 70/70
f 71/71 72/72 73/73 74/74
f 75/75 76/76 77/77
f 78/78 79/79 80/80 81/81
f 82/82 83/83 84/84
f 85/85 86/86 87/87 88/88
f 89/89 90/90 91/91
f 92/92 93/93 94/94 95/95
f 96/96 97/97 98/98
f 99/99 100/100 101/101 102/102
f 103/103 104/104 105/105
f 106/106 107/107 108/108 109/109
f 110/110 111/111 112/112
f 113/113 114/114 115/115 116/116
f 117/117 118/118 119/119
f 120/120 121/121 122/122 123/123
f 124/124 125/125 126/126
f 127/127 128/128 129/129 130/130
f 131/131 132/132 133/133
f 134/134 135/135 136/136 137/137
f 138/138 139/139 140/140
f 141/141 142/142 143/143 144/144
f 145/145 146/146 147/147
f 148/148 149/149 150/150 151/151
f 152/152 153/153 154/154
f 155/155 156/156 157/157 158/158
f 159/159 160/160 161/161
f 162/162 163/163 164/164 165/165
f 166/166 167/167 168/168
f 169/169 170/170 171/171 172/172
f 173/173 174/174 175/175
f 176/176 177/177 178/178 179/179
f 180/180 181/181 182/182
f 183/183 184/184 185/185 186/186
f 187/187 188/188 189/189
f 190/190 191/191 192/192 193/193
f 194/194 195/195 196/196
f 197/197 198/198 199/199 200/200
f 201/201 202/202 203/203
f 204/204 205/205 206/206 207/207
f 208/208 209/209 210/210
f 211/211 212/212 213/213 214/214
f 215/215 216/216 217/217
f 218/218 219/219 220/220 221/221
f 222/222 223/223 224/224
usemtl models/caelum/world/environment/foliage_mountain.png
f 225/225 226/226 227/227
f 228/228 229/229 230/230 231/231
f 232/232 233/233 234/234
f 235/235 236/236 237/237
f 238/238 239/239 240/240 241/241
f 242/242 243/243 244/244
f 245/245 246/246 247/247
f 248/248 249/249 250/250 251/251
f 252/252 253/253 254/254
f 255/255 256/256 257/257
f 258/258 259/259 260/260 261/261
f 262/262 263/263 264/264
f 265/265 266/266 267/267
f 268/268 269/269 270/270 271/271
f 272/272 273/273 274/274
f 275/275 276/276 277/277
f 278/278 279/279 280/280 281/281
f 282/282 283/283 284/284
f 285/285 286/286 287/287
f 288/288 289/289 290/290 291/291
f 292/292 293/293 294/294
f 295/295 296/296 297/297
f 298/298 299/299 300/300 301/301
f 302/302 303/303 304/304
f 305/305 306/306 307/307
f 308/308 309/309 310/310 311/311
f 312/312 313/313 314/314
f 315/315 316/316 317/317
f 318/318 319/319 320/320 321/321
f 322/322 323/323 324/324
f 325/325 326/326 327/327
f 328/328 329/329 330/330 331/331
f 332/332 333/333 334/334
f 335/335 336/336 337/337
f 338/338 339/339 340/340 341/341
f 342/342 343/343 344/344
f 345/345 346/346 347/347
f 348/348 349/349 350/350 351/351
f 352/352 353/353 354/354
f 355/355 356/356 357/357
f 358/358 359/359 360/360 361/361
f 362/362 363/363 364/364
usemtl models/caelum/world/environment/bark_mountain.png
f 365/365 366/366 367/367 368/368
f 369/369 370/370 371/371
f 372/372 373/373 374/374 375/375
f 376/376 377/377 378/378
f 379/379 380/380 381/381 382/382
f 383/383 384/384 385/385
f 386/386 387/387 388/388 389/389
f 390/390 391/391 392/392
f 393/393 394/394 395/395 396/396
f 397/397 398/398 399/399
f 400/400 401/401 402/402 403/403
f 404/404 405/405 406/406
f 407/407 408/408 409/409 410/410
f 411/411 412/412 413/413
f 414/414 415/415 416/416 417/417
f 418/418 419/419 420/420
f 421/421 422/422 423/423 424/424
f 425/425 426/426 427/427
f 428/428 429/429 430/430 431/431
f 432/432 433/433 434/434
f 435/435 436/436 437/437 438/438
f 439/439 440/440 441/441
f 442/442 443/443 444/444 445/445
f 446/446 447/447 448/448
usemtl models/caelum/world/environment/foliage_mountain.png
f 449/449 450/450 451/451
f 452/452 453/453 454/454 455/455
f 456/456 457/457 458/458
f 459/459 460/460 461/461
f 462/462 463/463 464/464 465/465
f 466/466 467/467 468/468
f 469/469 470/470 471/471
f 472/472 473/473 474/474 475/475
f 476/476 477/477 478/478
f 479/479 480/480 481/481
f 482/482 483/483 484/484 485/485
f 486/486 487/487 488/488
f 489/489 490/490 491/491
f 492/492 493/493 494/494 495/495
f 496/496 497/497 498/498
f 499/499 500/500 501/501
f 502/502 503/503 504/504 505/505
f 506/506 507/507 508/508
f 509/509 510/510 511/511
f 512/512 513/513 514/514 515/515
f 516/516 517/517 518/518
f 519/519 520/520 521/521
f 522/522 523/523 524/524 525/525
f 526/526 527/527 528/528
f 529/529 530/530 531/531
f 532/532 533/533 534/534 535/535
f 536/536 537/537 538/538
f 539/539 540/540 541/541
f 542/542 543/543 544/544 545/545
f 546/546 547/547 548/548
f 549/549 550/550 551/551
f 552/552 553/553 554/554 555/555
f 556/556 557/557 558/558
f 559/559 560/560 561/561
f 562/562 563/563 564/564 565/565
f 566/566 567/567 568/568
f 569/569 570/570 571/571
f 572/572 573/573 574/574 575/575
f 576/576 577/577 578/578
f 579/579 580/580 581/581
f 582/582 583/583 584/584 585/585
f 586/586 587/587 588/588
usemtl models/caelum/world/environment/bark_mountain.png
f 589/589 590/590 591/591 592/592
f 593/593 594/594 595/595
f 596/596 597/597 598/598 599/599
f 600/600 601/601 602/602
f 603/603 604/604 605/605 606/606
f 607/607 608/608 609/609
f 610/610 611/611 612/612 613/613
f 614/614 615/615 616/616
f 617/617 618/618 619/619 620/620
f 621/621 622/622 623/623
f 624/624 625/625 626/626 627/627
f 628/628 629/629 630/630
f 631/631 632/632 633/633 634/634
f 635/635 636/636 637/637
f 638/638 639/639 640/640 641/641
f 642/642 643/643 644/644
f 645/645 646/646 647/647 648/648
f 649/649 650/650 651/651
f 652/652 653/653 654/654 655/655
f 656/656 657/657 658/658
f 659/659 660/660 661/661 662/662
f 663/663 664/664 665/665
f 666/666 667/667 668/668 669/669
f 670/670 671/671 672/672
usemtl models/caelum/world/environment/foliage_mountain.png
f 673/673 674/674 675/675
f 676/676 677/677 678/678 679/679
f 680/680 681/681 682/682
f 683/683 684/684 685/685
f 686/686 687/687 688/688 689/689
f 690/690 691/691 692/692
f 693/693 694/694 695/695
f 696/696 697/697 698/698 699/699
f 700/700 701/701 702/702
f 703/703 704/704 705/705
f 706/706 707/707 708/708 709/709
f 710/710 711/711 712/712
f 713/713 714/714 715/715
f 716/716 717/717 718/718 719/719
f 720/720 721/721 722/722
f 723/723 724/724 725/725
f 726/726 727/727 728/728 729/729
f 730/730 731/731 732/732
f 733/733 734/734 735/735
f 736/736 737/737 738/738 739/739
f 740/740 741/741 742/742
f 743/743 744/744 745/745
f 746/746 747/747 748/748 749/749
f 750/750 751/751 752/752
f 753/753 754/754 755/755
f 756/756 757/757 758/758 759/759
f 760/760 761/761 762/762
f 763/763 764/764 765/765
f 766/766 767/767 768/768 769/769
f 770/770 771/771 772/772
f 773/773 774/774 775/775
f 776/776 777/777 778/778 779/779
f 780/780 781/781 782/782
f 783/783 784/784 785/785
f 786/786 787/787 788/788 789/789
f 790/790 791/791 792/792
f 793/793 794/794 795/795
f 796/796 797/797 798/798 799/799
f 800/800 801/801 802/802
f 803/803 804/804 805/805
f 806/806 807/807 808/808 809/809
f 810/810 811/811 812/812
usemtl models/caelum/world/environment/bark_mountain.png
f 813/813 814/814 815/815 816/816
f 817/817 818/818 819/819
f 820/820 821/821 822/822 823/823
f 824/824 825/825 826/826
f 827/827 828/828 829/829 830/830
f 831/831 832/832 833/833
f 834/834 835/835 836/836 837/837
f 838/838 839/839 840/840
f 841/841 842/842 843/843 844/844
f 845/845 846/846 847/847
f 848/848 849/849 850/850 851/851
f 852/852 853/853 854/854
f 855/855 856/856 857/857 858/858
f 859/859 860/860 861/861
f 862/862 863/863 864/864 865/865
f 866/866 867/867 868/868
f 869/869 870/870 871/871 872/872
f 873/873 874/874 875/875
f 876/876 877/877 878/878 879/879
f 880/880 881/881 882/882
f 883/883 884/884 885/885 886/886
f 887/887 888/888 889/889
f 890/890 891/891 892/892 893/893
f 894/894 895/895 896/896
usemtl models/caelum/world/environment/foliage_mountain.png
f 897/897 898/898 899/899
f 900/900 901/901 902/902 903/903
f 904/904 905/905 906/906
f 907/907 908/908 909/909
f 910/910 911/911 912/912 913/913
f 914/914 915/915 916/916
f 917/917 918/918 919/919
f 920/920 921/921 922/922 923/923
f 924/924 925/925 926/926
f 927/927 928/928 929/929
f 930/930 931/931 932/932 933/933
f 934/934 935/935 936/936
f 937/937 938/938 939/939
f 940/940 941/941 942/942 943/943
f 944/944 945/945 946/946
f 947/947 948/948 949/949
f 950/950 951/951 952/952 953/953
f 954/954 955/955 956/956
f 957/957 958/958 959/959
f 960/960 961/961 962/962 963/963
f 964/964 965/965 966/966
f 967/967 968/968 969/969
f 970/970 971/971 972/972 973/973
f 974/974 975/975 976/976
f 977/977 978/978 979/979
f 980/980 981/981 982/982 983/983
f 984/984 985/985 986/986
f 987/987 988/988 989/989
f 990/990 991/991 992/992 993/993
f 994/994 995/995 996/996
f 997/997 998/998 999/999
f 1000/1000 1001/1001 1002/1002 1003/1003
f 1004/1004 1005/1005 1006/1006
f 1007/1007 1008/1008 1009/1009
f 1010/1010 1011/1011 1012/1012 1013/1013
f 1014/1014 1015/1015 1016/1016
f 1017/1017 1018/1018 1019/1019
f 1020/1020 1021/1021 1022/1022 1023/1023
f 1024/1024 1025/1025 1026/1026
f 1027/1027 1028/1028 1029/1029
f 1030/1030 1031/1031 1032/1032 1033/1033
f 1034/1034 1035/1035 1036/1036
usemtl models/caelum/world/environment/bark_mountain.png
f 1037/1037 1038/1038 1039/1039 1040/1040
f 1041/1041 1042/1042 1043/1043
f 1044/1044 1045/1045 1046/1046 1047/1047
f 1048/1048 1049/1049 1050/1050
f 1051/1051 1052/1052 1053/1053 1054/1054
f 1055/1055 1056/1056 1057/1057
f 1058/1058 1059/1059 1060/1060 1061/1061
f 1062/1062 1063/1063 1064/1064
f 1065/1065 1066/1066 1067/1067 1068/1068
f 1069/1069 1070/1070 1071/1071
f 1072/1072 1073/1073 1074/1074 1075/1075
f 1076/1076 1077/1077 1078/1078
f 1079/1079 1080/1080 1081/1081 1082/1082
f 1083/1083 1084/1084 1085/1085
f 1086/1086 1087/1087 1088/1088 1089/1089
f 1090/1090 1091/1091 1092/1092
f 1093/1093 1094/1094 1095/1095 1096/1096
f 1097/1097 1098/1098 1099/1099
f 1100/1100 1101/1101 1102/1102 1103/1103
f 1104/1104 1105/1105 1106/1106
f 1107/1107 1108/1108 1109/1109 1110/1110
f 1111/1111 1112/1112 1113/1113
f 1114/1114 1115/1115 1116/1116 1117/1117
f 1118/1118 1119/1119 1120/1120
usemtl models/caelum/world/environment/foliage_mountain.png
f 1121/1121 1122/1122 1123/1123
f 1124/1124 1125/1125 1126/1126 1127/1127
f 1128/1128 1129/1129 1130/1130
f 1131/1131 1132/1132 1133/1133
f 1134/1134 1135/1135 1136/1136 1137/1137
f 1138/1138 1139/1139 1140/1140
f 1141/1141 1142/1142 1143/1143
f 1144/1144 1145/1145 1146/1146 1147/1147
f 1148/1148 1149/1149 1150/1150
f 1151/1151 1152/1152 1153/1153
f 1154/1154 1155/1155 1156/1156 1157/1157
f 1158/1158 1159/1159 1160/1160
f 1161/1161 1162/1162 1163/1163
f 1164/1164 1165/1165 1166/1166 1167/1167
f 1168/1168 1169/1169 1170/1170
f 1171/1171 1172/1172 1173/1173
f 1174/1174 1175/1175 1176/1176 1177/1177
f 1178/1178 1179/1179 1180/1180
f 1181/1181 1182/1182 1183/1183
f 1184/1184 1185/1185 1186/1186 1187/1187
f 1188/1188 1189/1189 1190/1190
f 1191/1191 1192/1192 1193/1193
f 1194/1194 1195/1195 1196/1196 1197/1197
f 1198/1198 1199/1199 1200/1200
f 1201/1201 1202/1202 1203/1203
f 1204/1204 1205/1205 1206/1206 1207/1207
f 1208/1208 1209/1209 1210/1210
f 1211/1211 1212/1212 1213/1213
f 1214/1214 1215/1215 1216/1216 1217/1217
f 1218/1218 1219/1219 1220/1220
f 1221/1221 1222/1222 1223/1223
f 1224/1224 1225/1225 1226/1226 1227/1227
f 1228/1228 1229/1229 1230/1230
f 1231/1231 1232/1232 1233/1233
f 1234/1234 1235/1235 1236/1236 1237/1237
f 1238/1238 1239/1239 1240/1240
f 1241/1241 1242/1242 1243/1243
f 1244/1244 1245/1245 1246/1246 1247/1247
f 1248/1248 1249/1249 1250/1250
f 1251/1251 1252/1252 1253/1253
f 1254/1254 1255/1255 1256/1256 1257/1257
f 1258/1258 1259/1259 1260/1260
usemtl models/caelum/world/environment/bark_mountain.png
f 1261/1261 1262/1262 1263/1263 1264/1264
f 1265/1265 1266/1266 1267/1267
f 1268/1268 1269/1269 1270/1270 1271/1271
f 1272/1272 1273/1273 1274/1274
f 1275/1275 1276/1276 1277/1277 1278/1278
f 1279/1279 1280/1280 1281/1281
f 1282/1282 1283/1283 1284/1284 1285/1285
f 1286/1286 1287/1287 1288/1288
f 1289/1289 1290/1290 1291/1291 1292/1292
f 1293/1293 1294/1294 1295/1295
f 1296/1296 1297/1297 1298/1298 1299/1299
f 1300/1300 1301/1301 1302/1302
f 1303/1303 1304/1304 1305/1305 1306/1306
f 1307/1307 1308/1308 1309/1309
f 1310/1310 1311/1311 1312/1312 1313/1313
f 1314/1314 1315/1315 1316/1316
f 1317/1317 1318/1318 1319/1319 1320/1320
f 1321/1321 1322/1322 1323/1323
f 1324/1324 1325/1325 1326/1326 1327/1327
f 1328/1328 1329/1329 1330/1330
f 1331/1331 1332/1332 1333/1333 1334/1334
f 1335/1335 1336/1336 1337/1337
f 1338/1338 1339/1339 1340/1340 1341/1341
f 1342/1342 1343/1343 1344/1344
usemtl models/caelum/world/environment/foliage_mountain.png
f 1345/1345 1346/1346 1347/1347
f 1348/1348 1349/1349 1350/1350 1351/1351
f 1352/1352 1353/1353 1354/1354
f 1355/1355 1356/1356 1357/1357
f 1358/1358 1359/1359 1360/1360 1361/1361
f 1362/1362 1363/1363 1364/1364
f 1365/1365 1366/1366 1367/1367
f 1368/1368 1369/1369 1370/1370 1371/1371
f 1372/1372 1373/1373 1374/1374
f 1375/1375 1376/1376 1377/1377
f 1378/1378 1379/1379 1380/1380 1381/1381
f 1382/1382 1383/1383 1384/1384
f 1385/1385 1386/1386 1387/1387
f 1388/1388 1389/1389 1390/1390 1391/1391
f 1392/1392 1393/1393 1394/1394
f 1395/1395 1396/1396 1397/1397
f 1398/1398 1399/1399 1400/1400 1401/1401
f 1402/1402 1403/1403 1404/1404
f 1405/1405 1406/1406 1407/1407
f 1408/1408 1409/1409 1410/1410 1411/1411
f 1412/1412 1413/1413 1414/1414
f 1415/1415 1416/1416 1417/1417
f 1418/1418 1419/1419 1420/1420 1421/1421
f 1422/1422 1423/1423 1424/1424
f 1425/1425 1426/1426 1427/1427
f 1428/1428 1429/1429 1430/1430 1431/1431
f 1432/1432 1433/1433 1434/1434
f 1435/1435 1436/1436 1437/1437
f 1438/1438 1439/1439 1440/1440 1441/1441
f 1442/1442 1443/1443 1444/1444
f 1445/1445 1446/1446 1447/1447
f 1448/1448 1449/1449 1450/1450 1451/1451
f 1452/1452 1453/1453 1454/1454
f 1455/1455 1456/1456 1457/1457
f 1458/1458 1459/1459 1460/1460 1461/1461
f 1462/1462 1463/1463 1464/1464
f 1465/1465 1466/1466 1467/1467
f 1468/1468 1469/1469 1470/1470 1471/1471
f 1472/1472 1473/1473 1474/1474
f 1475/1475 1476/1476 1477/1477
f 1478/1478 1479/1479 1480/1480 1481/1481
f 1482/1482 1483/1483 1484/1484
usemtl models/caelum/world/environment/bark_mountain.png
f 1485/1485 1486/1486 1487/1487 1488/1488
f 1489/1489 1490/1490 1491/1491
f 1492/1492 1493/1493 1494/1494 1495/1495
f 1496/1496 1497/1497 1498/1498
f 1499/1499 1500/1500 1501/1501 1502/1502
f 1503/1503 1504/1504 1505/1505
f 1506/1506 1507/1507 1508/1508 1509/1509
f 1510/1510 1511/1511 1512/1512
f 1513/1513 1514/1514 1515/1515 1516/1516
f 1517/1517 1518/1518 1519/1519
f 1520/1520 1521/1521 1522/1522 1523/1523
f 1524/1524 1525/1525 1526/1526
f 1527/1527 1528/1528 1529/1529 1530/1530
f 1531/1531 1532/1532 1533/1533
f 1534/1534 1535/1535 1536/1536 1537/1537
f 1538/1538 1539/1539 1540/1540
f 1541/1541 1542/1542 1543/1543 1544/1544
f 1545/1545 1546/1546 1547/1547
f 1548/1548 1549/1549 1550/1550 1551/1551
f 1552/1552 1553/1553 1554/1554
f 1555/1555 1556/1556 1557/1557 1558/1558
f 1559/1559 1560/1560 1561/1561
f 1562/1562 1563/1563 1564/1564 1565/1565
f 1566/1566 1567/1567 1568/1568
usemtl models/caelum/world/environment/foliage_mountain.png
f 1569/1569 1570/1570 1571/1571
f 1572/1572 1573/1573 1574/1574 1575/1575
f 1576/1576 1577/1577 1578/1578
f 1579/1579 1580/1580 1581/1581
f 1582/1582 1583/1583 1584/1584 1585/1585
f 1586/1586 1587/1587 1588/1588
f 1589/1589 1590/1590 1591/1591
f 1592/1592 1593/1593 1594/1594 1595/1595
f 1596/1596 1597/1597 1598/1598
f 1599/1599 1600/1600 1601/1601
f 1602/1602 1603/1603 1604/1604 1605/1605
f 1606/1606 1607/1607 1608/1608
f 1609/1609 1610/1610 1611/1611
f 1612/1612 1613/1613 1614/1614 1615/1615
f 1616/1616 1617/1617 1618/1618
f 1619/1619 1620/1620 1621/1621
f 1622/1622 1623/1623 1624/1624 1625/1625
f 1626/1626 1627/1627 1628/1628
f 1629/1629 1630/1630 1631/1631
f 1632/1632 1633/1633 1634/1634 1635/1635
f 1636/1636 1637/1637 1638/1638
f 1639/1639 1640/1640 1641/1641
f 1642/1642 1643/1643 1644/1644 1645/1645
f 1646/1646 1647/1647 1648/1648
f 1649/1649 1650/1650 1651/1651
f 1652/1652 1653/1653 1654/1654 1655/1655
f 1656/1656 1657/1657 1658/1658
f 1659/1659 1660/1660 1661/1661
f 1662/1662 1663/1663 1664/1664 1665/1665
f 1666/1666 1667/1667 1668/1668
f 1669/1669 1670/1670 1671/1671
f 1672/1672 1673/1673 1674/1674 1675/1675
f 1676/1676 1677/1677 1678/1678
f 1679/1679 1680/1680 1681/1681
f 1682/1682 1683/1683 1684/1684 1685/1685
f 1686/1686 1687/1687 1688/1688
f 1689/1689 1690/1690 1691/1691
f 1692/1692 1693/1693 1694/1694 1695/1695
f 1696/1696 1697/1697 1698/1698
f 1699/1699 1700/1700 1701/1701
f 1702/1702 1703/1703 1704/1704 1705/1705
f 1706/1706 1707/1707 1708/1708
usemtl models/caelum/world/environment/bark_mountain.png
f 1709/1709 1710/1710 1711/1711 1712/1712
f 1713/1713 1714/1714 1715/1715
f 1716/1716 1717/1717 1718/1718 1719/1719
f 1720/1720 1721/1721 1722/1722
f 1723/1723 1724/1724 1725/1725 1726/1726
f 1727/1727 1728/1728 1729/1729
f 1730/1730 1731/1731 1732/1732 1733/1733
f 1734/1734 1735/1735 1736/1736
f 1737/1737 1738/1738 1739/1739 1740/1740
f 1741/1741 1742/1742 1743/1743
f 1744/1744 1745/1745 1746/1746 1747/1747
f 1748/1748 1749/1749 1750/1750
f 1751/1751 1752/1752 1753/1753 1754/1754
f 1755/1755 1756/1756 1757/1757
f 1758/1758 1759/1759 1760/1760 1761/1761
f 1762/1762 1763/1763 1764/1764
f 1765/1765 1766/1766 1767/1767 1768/1768
f 1769/1769 1770/1770 1771/1771
f 1772/1772 1773/1773 1774/1774 1775/1775
f 1776/1776 1777/1777 1778/1778
f 1779/1779 1780/1780 1781/1781 1782/1782
f 1783/1783 1784/1784 1785/1785
f 1786/1786 1787/1787 1788/1788 1789/1789
f 1790/1790 1791/1791 1792/1792
usemtl models/caelum/world/environment/foliage_mountain.png
f 1793/1793 1794/1794 1795/1795
f 1796/1796 1797/1797 1798/1798 1799/1799
f 1800/1800 1801/1801 1802/1802
f 1803/1803 1804/1804 1805/1805
f 1806/1806 1807/1807 1808/1808 1809/1809
f 1810/1810 1811/1811 1812/1812
f 1813/1813 1814/1814 1815/1815
f 1816/1816 1817/1817 1818/1818 1819/1819
f 1820/1820 1821/1821 1822/1822
f 1823/1823 1824/1824 1825/1825
f 1826/1826 1827/1827 1828/1828 1829/1829
f 1830/1830 1831/1831 1832/1832
f 1833/1833 1834/1834 1835/1835
f 1836/1836 1837/1837 1838/1838 1839/1839
f 1840/1840 1841/1841 1842/1842
f 1843/1843 1844/1844 1845/1845
f 1846/1846 1847/1847 1848/1848 1849/1849
f 1850/1850 1851/1851 1852/1852
f 1853/1853 1854/1854 1855/1855
f 1856/1856 1857/1857 1858/1858 1859/1859
f 1860/1860 1861/1861 1862/1862
f 1863/1863 1864/1864 1865/1865
f 1866/1866 1867/1867 1868/1868 1869/1869
f 1870/1870 1871/1871 1872/1872
f 1873/1873 1874/1874 1875/1875
f 1876/1876 1877/1877 1878/1878 1879/1879
f 1880/1880 1881/1881 1882/1882
f 1883/1883 1884/1884 1885/1885
f 1886/1886 1887/1887 1888/1888 1889/1889
f 1890/1890 1891/1891 1892/1892
f 1893/1893 1894/1894 1895/1895
f 1896/1896 1897/1897 1898/1898 1899/1899
f 1900/1900 1901/1901 1902/1902
f 1903/1903 1904/1904 1905/1905
f 1906/1906 1907/1907 1908/1908 1909/1909
f 1910/1910 1911/1911 1912/1912
f 1913/1913 1914/1914 1915/1915
f 1916/1916 1917/1917 1918/1918 1919/1919
f 1920/1920 1921/1921 1922/1922
f 1923/1923 1924/1924 1925/1925
f 1926/1926 1927/1927 1928/1928 1929/1929
f 1930/1930 1931/1931 1932/1932
usemtl models/caelum/world/environment/bark_mountain.png
f 1933/1933 1934/1934 1935/1935 1936/1936
f 1937/1937 1938/1938 1939/1939
f 1940/1940 1941/1941 1942/1942 1943/1943
f 1944/1944 1945/1945 1946/1946
f 1947/1947 1948/1948 1949/1949 1950/1950
f 1951/1951 1952/1952 1953/1953
f 1954/1954 1955/1955 1956/1956 1957/1957
f 1958/1958 1959/1959 1960/1960
f 1961/1961 1962/1962 1963/1963 1964/1964
f 1965/1965 1966/1966 1967/1967
f 1968/1968 1969/1969 1970/1970 1971/1971
f 1972/1972 1973/1973 1974/1974
f 1975/1975 1976/1976 1977/1977 1978/1978
f 1979/1979 1980/1980 1981/1981
f 1982/1982 1983/1983 1984/1984 1985/1985
f 1986/1986 1987/1987 1988/1988
f 1989/1989 1990/1990 1991/1991 1992/1992
f 1993/1993 1994/1994 1995/1995
f 1996/1996 1997/1997 1998/1998 1999/1999
f 2000/2000 2001/2001 2002/2002
f 2003/2003 2004/2004 2005/2005 2006/2006
f 2007/2007 2008/2008 2009/2009
f 2010/2010 2011/2011 2012/2012 2013/2013
f 2014/2014 2015/2015 2016/2016
usemtl models/caelum/world/environment/foliage_mountain.png
f 2017/2017 2018/2018 2019/2019
f 2020/2020 2021/2021 2022/2022 2023/2023
f 2024/2024 2025/2025 2026/2026
f 2027/2027 2028/2028 2029/2029
f 2030/2030 2031/2031 2032/2032 2033/2033
f 2034/2034 2035/2035 2036/2036
f 2037/2037 2038/2038 2039/2039
f 2040/2040 2041/2041 2042/2042 2043/2043
f 2044/2044 2045/2045 2046/2046
f 2047/2047 2048/2048 2049/2049
f 2050/2050 2051/2051 2052/2052 2053/2053
f 2054/2054 2055/2055 2056/2056
f 2057/2057 2058/2058 2059/2059
f 2060/2060 2061/2061 2062/2062 2063/2063
f 2064/2064 2065/2065 2066/2066
f 2067/2067 2068/2068 2069/2069
f 2070/2070 2071/2071 2072/2072 2073/2073
f 2074/2074 2075/2075 2076/2076
f 2077/2077 2078/2078 2079/2079
f 2080/2080 2081/2081 2082/2082 2083/2083
f 2084/2084 2085/2085 2086/2086
f 2087/2087 2088/2088 2089/2089
f 2090/2090 2091/2091 2092/2092 2093/2093
f 2094/2094 2095/2095 2096/2096
f 2097/2097 2098/2098 2099/2099
f 2100/2100 2101/2101 2102/2102 2103/2103
f 2104/2104 2105/2105 2106/2106
f 2107/2107 2108/2108 2109/2109
f 2110/2110 2111/2111 2112/2112 2113/2113
f 2114/2114 2115/2115 2116/2116
f 2117/2117 2118/2118 2119/2119
f 2120/2120 2121/2121 2122/2122 2123/2123
f 2124/2124 2125/2125 2126/2126
f 2127/2127 2128/2128 2129/2129
f 2130/2130 2131/2131 2132/2132 2133/2133
f 2134/2134 2135/2135 2136/2136
f 2137/2137 2138/2138 2139/2139
f 2140/2140 2141/2141 2142/2142 2143/2143
f 2144/2144 2145/2145 2146/2146
f 2147/2147 2148/2148 2149/2149
f 2150/2150 2151/2151 2152/2152 2153/2153
f 2154/2154 2155/2155 2156/2156
usemtl models/caelum/world/environment/bark_mountain.png
f 2157/2157 2158/2158 2159/2159 2160/2160
f 2161/2161 2162/2162 2163/2163
f 2164/2164 2165/2165 2166/2166 2167/2167
f 2168/2168 2169/2169 2170/2170
f 2171/2171 2172/2172 2173/2173 2174/2174
f 2175/2175 2176/2176 2177/2177
f 2178/2178 2179/2179 2180/2180 2181/2181
f 2182/2182 2183/2183 2184/2184
f 2185/2185 2186/2186 2187/2187 2188/2188
f 2189/2189 2190/2190 2191/2191
f 2192/2192 2193/2193 2194/2194 2195/2195
f 2196/2196 2197/2197 2198/2198
f 2199/2199 2200/2200 2201/2201 2202/2202
f 2203/2203 2204/2204 2205/2205
f 2206/2206 2207/2207 2208/2208 2209/2209
f 2210/2210 2211/2211 2212/2212
f 2213/2213 2214/2214 2215/2215 2216/2216
f 2217/2217 2218/2218 2219/2219
f 2220/2220 2221/2221 2222/2222 2223/2223
f 2224/2224 2225/2225 2226/2226
f 2227/2227 2228/2228 2229/2229 2230/2230
f 2231/2231 2232/2232 2233/2233
f 2234/2234 2235/2235 2236/2236 2237/2237
f 2238/2238 2239/2239 2240/2240
usemtl models/caelum/world/environment/foliage_mountain.png
f 2241/2241 2242/2242 2243/2243
f 2244/2244 2245/2245 2246/2246 2247/2247
f 2248/2248 2249/2249 2250/2250
f 2251/2251 2252/2252 2253/2253
f 2254/2254 2255/2255 2256/2256 2257/2257
f 2258/2258 2259/2259 2260/2260
f 2261/2261 2262/2262 2263/2263
f 2264/2264 2265/2265 2266/2266 2267/2267
f 2268/2268 2269/2269 2270/2270
f 2271/2271 2272/2272 2273/2273
f 2274/2274 2275/2275 2276/2276 2277/2277
f 2278/2278 2279/2279 2280/2280
f 2281/2281 2282/2282 2283/2283
f 2284/2284 2285/2285 2286/2286 2287/2287
f 2288/2288 2289/2289 2290/2290
f 2291/2291 2292/2292 2293/2293
f 2294/2294 2295/2295 2296/2296 2297/2297
f 2298/2298 2299/2299 2300/2300
f 2301/2301 2302/2302 2303/2303
f 2304/2304 2305/2305 2306/2306 2307/2307
f 2308/2308 2309/2309 2310/2310
f 2311/2311 2312/2312 2313/2313
f 2314/2314 2315/2315 2316/2316 2317/2317
f 2318/2318 2319/2319 2320/2320
f 2321/2321 2322/2322 2323/2323
f 2324/2324 2325/2325 2326/2326 2327/2327
f 2328/2328 2329/2329 2330/2330
f 2331/2331 2332/2332 2333/2333
f 2334/2334 2335/2335 2336/2336 2337/2337
f 2338/2338 2339/2339 2340/2340
f 2341/2341 2342/2342 2343/2343
f 2344/2344 2345/2345 2346/2346 2347/2347
f 2348/2348 2349/2349 2350/2350
f 2351/2351 2352/2352 2353/2353
f 2354/2354 2355/2355 2356/2356 2357/2357
f 2358/2358 2359/2359 2360/2360
f 2361/2361 2362/2362 2363/2363
f 2364/2364 2365/2365 2366/2366 2367/2367
f 2368/2368 2369/2369 2370/2370
f 2371/2371 2372/2372 2373/2373
f 2374/2374 2375/2375 2376/2376 2377/2377
f 2378/2378 2379/2379 2380/2380
usemtl models/caelum/world/environment/bark_mountain.png
f 2381/2381 2382/2382 2383/2383 2384/2384
f 2385/2385 2386/2386 2387/2387
f 2388/2388 2389/2389 2390/2390 2391/2391
f 2392/2392 2393/2393 2394/2394
f 2395/2395 2396/2396 2397/2397 2398/2398
f 2399/2399 2400/2400 2401/2401
f 2402/2402 2403/2403 2404/2404 2405/2405
f 2406/2406 2407/2407 2408/2408
f 2409/2409 2410/2410 2411/2411 2412/2412
f 2413/2413 2414/2414 2415/2415
f 2416/2416 2417/2417 2418/2418 2419/2419
f 2420/2420 2421/2421 2422/2422
f 2423/2423 2424/2424 2425/2425 2426/2426
f 2427/2427 2428/2428 2429/2429
f 2430/2430 2431/2431 2432/2432 2433/2433
f 2434/2434 2435/2435 2436/2436
f 2437/2437 2438/2438 2439/2439 2440/2440
f 2441/2441 2442/2442 2443/2443
f 2444/2444 2445/2445 2446/2446 2447/2447
f 2448/2448 2449/2449 2450/2450
f 2451/2451 2452/2452 2453/2453 2454/2454
f 2455/2455 2456/2456 2457/2457
f 2458/2458 2459/2459 2460/2460 2461/2461
f 2462/2462 2463/2463 2464/2464
usemtl models/caelum/world/environment/foliage_mountain.png
f 2465/2465 2466/2466 2467/2467
f 2468/2468 2469/2469 2470/2470 2471/2471
f 2472/2472 2473/2473 2474/2474
f 2475/2475 2476/2476 2477/2477
f 2478/2478 2479/2479 2480/2480 2481/2481
f 2482/2482 2483/2483 2484/2484
f 2485/2485 2486/2486 2487/2487
f 2488/2488 2489/2489 2490/2490 2491/2491
f 2492/2492 2493/2493 2494/2494
f 2495/2495 2496/2496 2497/2497
f 2498/2498 2499/2499 2500/2500 2501/2501
f 2502/2502 2503/2503 2504/2504
f 2505/2505 2506/2506 2507/2507
f 2508/2508 2509/2509 2510/2510 2511/2511
f 2512/2512 2513/2513 2514/2514
f 2515/2515 2516/2516 2517/2517
f 2518/2518 2519/2519 2520/2520 2521/2521
f 2522/2522 2523/2523 2524/2524
f 2525/2525 2526/2526 2527/2527
f 2528/2528 2529/2529 2530/2530 2531/2531
f 2532/2532 2533/2533 2534/2534
f 2535/2535 2536/2536 2537/2537
f 2538/2538 2539/2539 2540/2540 2541/2541
f 2542/2542 2543/2543 2544/2544
f 2545/2545 2546/2546 2547/2547
f 2548/2548 2549/2549 2550/2550 2551/2551
f 2552/2552 2553/2553 2554/2554
f 2555/2555 2556/2556 2557/2557
f 2558/2558 2559/2559 2560/2560 2561/2561
f 2562/2562 2563/2563 2564/2564
f 2565/2565 2566/2566 2567/2567
f 2568/2568 2569/2569 2570/2570 2571/2571
f 2572/2572 2573/2573 2574/2574
f 2575/2575 2576/2576 2577/2577
f 2578/2578 2579/2579 2580/2580 2581/2581
f 2582/2582 2583/2583 2584/2584
f 2585/2585 2586/2586 2587/2587
f 2588/2588 2589/2589 2590/2590 2591/2591
f 2592/2592 2593/2593 2594/2594
f 2595/2595 2596/2596 2597/2597
f 2598/2598 2599/2599 2600/2600 2601/2601
f 2602/2602 2603/2603 2604/2604
usemtl models/caelum/world/environment/bark_mountain.png
f 2605/2605 2606/2606 2607/2607 2608/2608
f 2609/2609 2610/2610 2611/2611
f 2612/2612 2613/2613 2614/2614 2615/2615
f 2616/2616 2617/2617 2618/2618
f 2619/2619 2620/2620 2621/2621 2622/2622
f 2623/2623 2624/2624 2625/2625
f 2626/2626 2627/2627 2628/2628 2629/2629
f 2630/2630 2631/2631 2632/2632
f 2633/2633 2634/2634 2635/2635 2636/2636
f 2637/2637 2638/2638 2639/2639
f 2640/2640 2641/2641 2642/2642 2643/2643
f 2644/2644 2645/2645 2646/2646
f 2647/2647 2648/2648 2649/2649 2650/2650
f 2651/2651 2652/2652 2653/2653
f 2654/2654 2655/2655 2656/2656 2657/2657
f 2658/2658 2659/2659 2660/2660
f 2661/2661 2662/2662 2663/2663 2664/2664
f 2665/2665 2666/2666 2667/2667
f 2668/2668 2669/2669 2670/2670 2671/2671
f 2672/2672 2673/2673 2674/2674
f 2675/2675 2676/2676 2677/2677 2678/2678
f 2679/2679 2680/2680 2681/2681
f 2682/2682 2683/2683 2684/2684 2685/2685
f 2686/2686 2687/2687 2688/2688
usemtl models/caelum/world/environment/foliage_mountain.png
f 2689/2689 2690/2690 2691/2691
f 2692/2692 2693/2693 2694/2694 2695/2695
f 2696/2696 2697/2697 2698/2698
f 2699/2699 2700/2700 2701/2701
f 2702/2702 2703/2703 2704/2704 2705/2705
f 2706/2706 2707/2707 2708/2708
f 2709/2709 2710/2710 2711/2711
f 2712/2712 2713/2713 2714/2714 2715/2715
f 2716/2716 2717/2717 2718/2718
f 2719/2719 2720/2720 2721/2721
f 2722/2722 2723/2723 2724/2724 2725/2725
f 2726/2726 2727/2727 2728/2728
f 2729/2729 2730/2730 2731/2731
f 2732/2732 2733/2733 2734/2734 2735/2735
f 2736/2736 2737/2737 2738/2738
f 2739/2739 2740/2740 2741/2741
f 2742/2742 2743/2743 2744/2744 2745/2745
f 2746/2746 2747/2747 2748/2748
f 2749/2749 2750/2750 2751/2751
f 2752/2752 2753/2753 2754/2754 2755/2755
f 2756/2756 2757/2757 2758/2758
f 2759/2759 2760/2760 2761/2761
f 2762/2762 2763/2763 2764/2764 2765/2765
f 2766/2766 2767/2767 2768/2768
f 2769/2769 2770/2770 2771/2771
f 2772/2772 2773/2773 2774/2774 2775/2775
f 2776/2776 2777/2777 2778/2778
f 2779/2779 2780/2780 2781/2781
f 2782/2782 2783/2783 2784/2784 2785/2785
f 2786/2786 2787/2787 2788/2788
f 2789/2789 2790/2790 2791/2791
f 2792/2792 2793/2793 2794/2794 2795/2795
f 2796/2796 2797/2797 2798/2798
f 2799/2799 2800/2800 2801/2801
f 2802/2802 2803/2803 2804/2804 2805/2805
f 2806/2806 2807/2807 2808/2808
f 2809/2809 2810/2810 2811/2811
f 2812/2812 2813/2813 2814/2814 2815/2815
f 2816/2816 2817/2817 2818/2818
f 2819/2819 2820/2820 2821/2821
f 2822/2822 2823/2823 2824/2824 2825/2825
f 2826/2826 2827/2827 2828/2828
usemtl models/caelum/world/environment/bark_mountain.png
f 2829/2829 2830/2830 2831/2831 2832/2832
f 2833/2833 2834/2834 2835/2835
f 2836/2836 2837/2837 2838/2838 2839/2839
f 2840/2840 2841/2841 2842/2842
f 2843/2843 2844/2844 2845/2845 2846/2846
f 2847/2847 2848/2848 2849/2849
f 2850/2850 2851/2851 2852/2852 2853/2853
f 2854/2854 2855/2855 2856/2856
f 2857/2857 2858/2858 2859/2859 2860/2860
f 2861/2861 2862/2862 2863/2863
f 2864/2864 2865/2865 2866/2866 2867/2867
f 2868/2868 2869/2869 2870/2870
f 2871/2871 2872/2872 2873/2873 2874/2874
f 2875/2875 2876/2876 2877/2877
f 2878/2878 2879/2879 2880/2880 2881/2881
f 2882/2882 2883/2883 2884/2884
f 2885/2885 2886/2886 2887/2887 2888/2888
f 2889/2889 2890/2890 2891/2891
f 2892/2892 2893/2893 2894/2894 2895/2895
f 2896/2896 2897/2897 2898/2898
f 2899/2899 2900/2900 2901/2901 2902/2902
f 2903/2903 2904/2904 2905/2905
f 2906/2906 2907/2907 2908/2908 2909/2909
f 2910/2910 2911/2911 2912/2912
usemtl models/caelum/world/environment/foliage_mountain.png
f 2913/2913 2914/2914 2915/2915
f 2916/2916 2917/2917 2918/2918 2919/2919
f 2920/2920 2921/2921 2922/2922
f 2923/2923 2924/2924 2925/2925
f 2926/2926 2927/2927 2928/2928 2929/2929
f 2930/2930 2931/2931 2932/2932
f 2933/2933 2934/2934 2935/2935
f 2936/2936 2937/2937 2938/2938 2939/2939
f 2940/2940 2941/2941 2942/2942
f 2943/2943 2944/2944 2945/2945
f 2946/2946 2947/2947 2948/2948 2949/2949
f 2950/2950 2951/2951 2952/2952
f 2953/2953 2954/2954 2955/2955
f 2956/2956 2957/2957 2958/2958 2959/2959
f 2960/2960 2961/2961 2962/2962
f 2963/2963 2964/2964 2965/2965
f 2966/2966 2967/2967 2968/2968 2969/2969
f 2970/2970 2971/2971 2972/2972
f 2973/2973 2974/2974 2975/2975
f 2976/2976 2977/2977 2978/2978 2979/2979
f 2980/2980 2981/2981 2982/2982
f 2983/2983 2984/2984 2985/2985
f 2986/2986 2987/2987 2988/2988 2989/2989
f 2990/2990 2991/2991 2992/2992
f 2993/2993 2994/2994 2995/2995
f 2996/2996 2997/2997 2998/2998 2999/2999
f 3000/3000 3001/3001 3002/3002
f 3003/3003 3004/3004 3005/3005
f 3006/3006 3007/3007 3008/3008 3009/3009
f 3010/3010 3011/3011 3012/3012
f 3013/3013 3014/3014 3015/3015
f 3016/3016 3017/3017 3018/3018 3019/3019
f 3020/3020 3021/3021 3022/3022
f 3023/3023 3024/3024 3025/3025
f 3026/3026 3027/3027 3028/3028 3029/3029
f 3030/3030 3031/3031 3032/3032
f 3033/3033 3034/3034 3035/3035
f 3036/3036 3037/3037 3038/3038 3039/3039
f 3040/3040 3041/3041 3042/3042
f 3043/3043 3044/3044 3045/3045
f 3046/3046 3047/3047 3048/3048 3049/3049
f 3050/3050 3051/3051 3052/3052
usemtl models/caelum/world/environment/bark_mountain.png
f 3053/3053 3054/3054 3055/3055 3056/3056
f 3057/3057 3058/3058 3059/3059
f 3060/3060 3061/3061 3062/3062 3063/3063
f 3064/3064 3065/3065 3066/3066
f 3067/3067 3068/3068 3069/3069 3070/3070
f 3071/3071 3072/3072 3073/3073
f 3074/3074 3075/3075 3076/3076 3077/3077
f 3078/3078 3079/3079 3080/3080
f 3081/3081 3082/3082 3083/3083 3084/3084
f 3085/3085 3086/3086 3087/3087
f 3088/3088 3089/3089 3090/3090 3091/3091
f 3092/3092 3093/3093 3094/3094
f 3095/3095 3096/3096 3097/3097 3098/3098
f 3099/3099 3100/3100 3101/3101
f 3102/3102 3103/3103 3104/3104 3105/3105
f 3106/3106 3107/3107 3108/3108
f 3109/3109 3110/3110 3111/3111 3112/3112
f 3113/3113 3114/3114 3115/3115
f 3116/3116 3117/3117 3118/3118 3119/3119
f 3120/3120 3121/3121 3122/3122
f 3123/3123 3124/3124 3125/3125 3126/3126
f 3127/3127 3128/3128 3129/3129
f 3130/3130 3131/3131 3132/3132 3133/3133
f 3134/3134 3135/3135 3136/3136
usemtl models/caelum/world/environment/foliage_mountain.png
f 3137/3137 3138/3138 3139/3139
f 3140/3140 3141/3141 3142/3142 3143/3143
f 3144/3144 3145/3145 3146/3146
f 3147/3147 3148/3148 3149/3149
f 3150/3150 3151/3151 3152/3152 3153/3153
f 3154/3154 3155/3155 3156/3156
f 3157/3157 3158/3158 3159/3159
f 3160/3160 3161/3161 3162/3162 3163/3163
f 3164/3164 3165/3165 3166/3166
f 3167/3167 3168/3168 3169/3169
f 3170/3170 3171/3171 3172/3172 3173/3173
f 3174/3174 3175/3175 3176/3176
f 3177/3177 3178/3178 3179/3179
f 3180/3180 3181/3181 3182/3182 3183/3183
f 3184/3184 3185/3185 3186/3186
f 3187/3187 3188/3188 3189/3189
f 3190/3190 3191/3191 3192/3192 3193/3193
f 3194/3194 3195/3195 3196/3196
f 3197/3197 3198/3198 3199/3199
f 3200/3200 3201/3201 3202/3202 3203/3203
f 3204/3204 3205/3205 3206/3206
f 3207/3207 3208/3208 3209/3209
f 3210/3210 3211/3211 3212/3212 3213/3213
f 3214/3214 3215/3215 3216/3216
f 3217/3217 3218/3218 3219/3219
f 3220/3220 3221/3221 3222/3222 3223/3223
f 3224/3224 3225/3225 3226/3226
f 3227/3227 3228/3228 3229/3229
f 3230/3230 3231/3231 3232/3232 3233/3233
f 3234/3234 3235/3235 3236/3236
f 3237/3237 3238/3238 3239/3239
f 3240/3240 3241/3241 3242/3242 3243/3243
f 3244/3244 3245/3245 3246/3246
f 3247/3247 3248/3248 3249/3249
f 3250/3250 3251/3251 3252/3252 3253/3253
f 3254/3254 3255/3255 3256/3256
f 3257/3257 3258/3258 3259/3259
f 3260/3260 3261/3261 3262/3262 3263/3263
f 3264/3264 3265/3265 3266/3266
f 3267/3267 3268/3268 3269/3269
f 3270/3270 3271/3271 3272/3272 3273/3273
f 3274/3274 3275/3275 3276/3276
usemtl models/caelum/world/environment/bark_mountain.png
f 3277/3277 3278/3278 3279/3279 3280/3280
f 3281/3281 3282/3282 3283/3283
f 3284/3284 3285/3285 3286/3286 3287/3287
f 3288/3288 3289/3289 3290/3290
f 3291/3291 3292/3292 3293/3293 3294/3294
f 3295/3295 3296/3296 3297/3297
f 3298/3298 3299/3299 3300/3300 3301/3301
f 3302/3302 3303/3303 3304/3304
f 3305/3305 3306/3306 3307/3307 3308/3308
f 3309/3309 3310/3310 3311/3311
f 3312/3312 3313/3313 3314/3314 3315/3315
f 3316/3316 3317/3317 3318/3318
f 3319/3319 3320/3320 3321/3321 3322/3322
f 3323/3323 3324/3324 3325/3325
f 3326/3326 3327/3327 3328/3328 3329/3329
f 3330/3330 3331/3331 3332/3332
f 3333/3333 3334/3334 3335/3335 3336/3336
f 3337/3337 3338/3338 3339/3339
f 3340/3340 3341/3341 3342/3342 3343/3343
f 3344/3344 3345/3345 3346/3346
f 3347/3347 3348/3348 3349/3349 3350/3350
f 3351/3351 3352/3352 3353/3353
f 3354/3354 3355/3355 3356/3356 3357/3357
f 3358/3358 3359/3359 3360/3360
usemtl models/caelum/world/environment/foliage_mountain.png
f 3361/3361 3362/3362 3363/3363
f 3364/3364 3365/3365 3366/3366 3367/3367
f 3368/3368 3369/3369 3370/3370
f 3371/3371 3372/3372 3373/3373
f 3374/3374 3375/3375 3376/3376 3377/3377
f 3378/3378 3379/3379 3380/3380
f 3381/3381 3382/3382 3383/3383
f 3384/3384 3385/3385 3386/3386 3387/3387
f 3388/3388 3389/3389 3390/3390
f 3391/3391 3392/3392 3393/3393
f 3394/3394 3395/3395 3396/3396 3397/3397
f 3398/3398 3399/3399 3400/3400
f 3401/3401 3402/3402 3403/3403
f 3404/3404 3405/3405 3406/3406 3407/3407
f 3408/3408 3409/3409 3410/3410
f 3411/3411 3412/3412 3413/3413
f 3414/3414 3415/3415 3416/3416 3417/3417
f 3418/3418 3419/3419 3420/3420
f 3421/3421 3422/3422 3423/3423
f 3424/3424 3425/3425 3426/3426 3427/3427
f 3428/3428 3429/3429 3430/3430
f 3431/3431 3432/3432 3433/3433
f 3434/3434 3435/3435 3436/3436 3437/3437
f 3438/3438 3439/3439 3440/3440
f 3441/3441 3442/3442 3443/3443
f 3444/3444 3445/3445 3446/3446 3447/3447
f 3448/3448 3449/3449 3450/3450
f 3451/3451 3452/3452 3453/3453
f 3454/3454 3455/3455 3456/3456 3457/3457
f 3458/3458 3459/3459 3460/3460
f 3461/3461 3462/3462 3463/3463
f 3464/3464 3465/3465 3466/3466 3467/3467
f 3468/3468 3469/3469 3470/3470
f 3471/3471 3472/3472 3473/3473
f 3474/3474 3475/3475 3476/3476 3477/3477
f 3478/3478 3479/3479 3480/3480
f 3481/3481 3482/3482 3483/3483
f 3484/3484 3485/3485 3486/3486 3487/3487
f 3488/3488 3489/3489 3490/3490
f 3491/3491 3492/3492 3493/3493
f 3494/3494 3495/3495 3496/3496 3497/3497
f 3498/3498 3499/3499 3500/3500
usemtl models/caelum/world/environment/bark_mountain.png
f 3501/3501 3502/3502 3503/3503 3504/3504
f 3505/3505 3506/3506 3507/3507
f 3508/3508 3509/3509 3510/3510 3511/3511
f 3512/3512 3513/3513 3514/3514
f 3515/3515 3516/3516 3517/3517 3518/3518
f 3519/3519 3520/3520 3521/3521
f 3522/3522 3523/3523 3524/3524 3525/3525
f 3526/3526 3527/3527 3528/3528
f 3529/3529 3530/3530 3531/3531 3532/3532
f 3533/3533 3534/3534 3535/3535
f 3536/3536 3537/3537 3538/3538 3539/3539
f 3540/3540 3541/3541 3542/3542
f 3543/3543 3544/3544 3545/3545 3546/3546
f 3547/3547 3548/3548 3549/3549
f 3550/3550 3551/3551 3552/3552 3553/3553
f 3554/3554 3555/3555 3556/3556
f 3557/3557 3558/3558 3559/3559 3560/3560
f 3561/3561 3562/3562 3563/3563
f 3564/3564 3565/3565 3566/3566 3567/3567
f 3568/3568 3569/3569 3570/3570
f 3571/3571 3572/3572 3573/3573 3574/3574
f 3575/3575 3576/3576 3577/3577
f 3578/3578 3579/3579 3580/3580 3581/3581
f 3582/3582 3583/3583 3584/3584
usemtl models/caelum/world/environment/foliage_mountain.png
f 3585/3585 3586/3586 3587/3587
f 3588/3588 3589/3589 3590/3590 3591/3591
f 3592/3592 3593/3593 3594/3594
f 3595/3595 3596/3596 3597/3597
f 3598/3598 3599/3599 3600/3600 3601/3601
f 3602/3602 3603/3603 3604/3604
f 3605/3605 3606/3606 3607/3607
f 3608/3608 3609/3609 3610/3610 3611/3611
f 3612/3612 3613/3613 3614/3614
f 3615/3615 3616/3616 3617/3617
f 3618/3618 3619/3619 3620/3620 3621/3621
f 3622/3622 3623/3623 3624/3624
f 3625/3625 3626/3626 3627/3627
f 3628/3628 3629/3629 3630/3630 3631/3631
f 3632/3632 3633/3633 3634/3634
f 3635/3635 3636/3636 3637/3637
f 3638/3638 3639/3639 3640/3640 3641/3641
f 3642/3642 3643/3643 3644/3644
f 3645/3645 3646/3646 3647/3647
f 3648/3648 3649/3649 3650/3650 3651/3651
f 3652/3652 3653/3653 3654/3654
f 3655/3655 3656/3656 3657/3657
f 3658/3658 3659/3659 3660/3660 3661/3661
f 3662/3662 3663/3663 3664/3664
f 3665/3665 3666/3666 3667/3667
f 3668/3668 3669/3669 3670/3670 3671/3671
f 3672/3672 3673/3673 3674/3674
f 3675/3675 3676/3676 3677/3677
f 3678/3678 3679/3679 3680/3680 3681/3681
f 3682/3682 3683/3683 3684/3684
f 3685/3685 3686/3686 3687/3687
f 3688/3688 3689/3689 3690/3690 3691/3691
f 3692/3692 3693/3693 3694/3694
f 3695/3695 3696/3696 3697/3697
f 3698/3698 3699/3699 3700/3700 3701/3701
f 3702/3702 3703/3703 3704/3704
f 3705/3705 3706/3706 3707/3707
f 3708/3708 3709/3709 3710/3710 3711/3711
f 3712/3712 3713/3713 3714/3714
f 3715/3715 3716/3716 3717/3717
f 3718/3718 3719/3719 3720/3720 3721/3721
f 3722/3722 3723/3723 3724/3724
usemtl models/caelum/world/environment/bark_mountain.png
f 3725/3725 3726/3726 3727/3727 3728/3728
f 3729/3729 3730/3730 3731/3731
f 3732/3732 3733/3733 3734/3734 3735/3735
f 3736/3736 3737/3737 3738/3738
f 3739/3739 3740/3740 3741/3741 3742/3742
f 3743/3743 3744/3744 3745/3745
f 3746/3746 3747/3747 3748/3748 3749/3749
f 3750/3750 3751/3751 3752/3752
f 3753/3753 3754/3754 3755/3755 3756/3756
f 3757/3757 3758/3758 3759/3759
f 3760/3760 3761/3761 3762/3762 3763/3763
f 3764/3764 3765/3765 3766/3766
f 3767/3767 3768/3768 3769/3769 3770/3770
f 3771/3771 3772/3772 3773/3773
f 3774/3774 3775/3775 3776/3776 3777/3777
f 3778/3778 3779/3779 3780/3780
f 3781/3781 3782/3782 3783/3783 3784/3784
f 3785/3785 3786/3786 3787/3787
f 3788/3788 3789/3789 3790/3790 3791/3791
f 3792/3792 3793/3793 3794/3794
f 3795/3795 3796/3796 3797/3797 3798/3798
f 3799/3799 3800/3800 3801/3801
f 3802/3802 3803/3803 3804/3804 3805/3805
f 3806/3806 3807/3807 3808/3808
usemtl models/caelum/world/environment/foliage_mountain.png
f 3809/3809 3810/3810 3811/3811
f 3812/3812 3813/3813 3814/3814 3815/3815
f 3816/3816 3817/3817 3818/3818
f 3819/3819 3820/3820 3821/3821
f 3822/3822 3823/3823 3824/3824 3825/3825
f 3826/3826 3827/3827 3828/3828
f 3829/3829 3830/3830 3831/3831
f 3832/3832 3833/3833 3834/3834 3835/3835
f 3836/3836 3837/3837 3838/3838
f 3839/3839 3840/3840 3841/3841
f 3842/3842 3843/3843 3844/3844 3845/3845
f 3846/3846 3847/3847 3848/3848
f 3849/3849 3850/3850 3851/3851
f 3852/3852 3853/3853 3854/3854 3855/3855
f 3856/3856 3857/3857 3858/3858
f 3859/3859 3860/3860 3861/3861
f 3862/3862 3863/3863 3864/3864 3865/3865
f 3866/3866 3867/3867 3868/3868
f 3869/3869 3870/3870 3871/3871
f 3872/3872 3873/3873 3874/3874 3875/3875
f 3876/3876 3877/3877 3878/3878
f 3879/3879 3880/3880 3881/3881
f 3882/3882 3883/3883 3884/3884 3885/3885
f 3886/3886 3887/3887 3888/3888
f 3889/3889 3890/3890 3891/3891
f 3892/3892 3893/3893 3894/3894 3895/3895
f 3896/3896 3897/3897 3898/3898
f 3899/3899 3900/3900 3901/3901
f 3902/3902 3903/3903 3904/3904 3905/3905
f 3906/3906 3907/3907 3908/3908
f 3909/3909 3910/3910 3911/3911
f 3912/3912 3913/3913 3914/3914 3915/3915
f 3916/3916 3917/3917 3918/3918
f 3919/3919 3920/3920 3921/3921
f 3922/3922 3923/3923 3924/3924 3925/3925
f 3926/3926 3927/3927 3928/3928
f 3929/3929 3930/3930 3931/3931
f 3932/3932 3933/3933 3934/3934 3935/3935
f 3936/3936 3937/3937 3938/3938
f 3939/3939 3940/3940 3941/3941
f 3942/3942 3943/3943 3944/3944 3945/3945
f 3946/3946 3947/3947 3948/3948
usemtl models/caelum/world/environment/bark_mountain.png
f 3949/3949 3950/3950 3951/3951 3952/3952
f 3953/3953 3954/3954 3955/3955
f 3956/3956 3957/3957 3958/3958 3959/3959
f 3960/3960 3961/3961 3962/3962
f 3963/3963 3964/3964 3965/3965 3966/3966
f 3967/3967 3968/3968 3969/3969
f 3970/3970 3971/3971 3972/3972 3973/3973
f 3974/3974 3975/3975 3976/3976
f 3977/3977 3978/3978 3979/3979 3980/3980
f 3981/3981 3982/3982 3983/3983
f 3984/3984 3985/3985 3986/3986 3987/3987
f 3988/3988 3989/3989 3990/3990
f 3991/3991 3992/3992 3993/3993 3994/3994
f 3995/3995 3996/3996 3997/3997
f 3998/3998 3999/3999 4000/4000 4001/4001
f 4002/4002 4003/4003 4004/4004
f 4005/4005 4006/4006 4007/4007 4008/4008
f 4009/4009 4010/4010 4011/4011
f 4012/4012 4013/4013 4014/4014 4015/4015
f 4016/4016 4017/4017 4018/4018
f 4019/4019 4020/4020 4021/4021 4022/4022
f 4023/4023 4024/4024 4025/4025
f 4026/4026 4027/4027 4028/4028 4029/4029
f 4030/4030 4031/4031 4032/4032
usemtl models/caelum/world/environment/foliage_mountain.png
f 4033/4033 4034/4034 4035/4035
f 4036/4036 4037/4037 4038/4038 4039/4039
f 4040/4040 4041/4041 4042/4042
f 4043/4043 4044/4044 4045/4045
f 4046/4046 4047/4047 4048/4048 4049/4049
f 4050/4050 4051/4051 4052/4052
f 4053/4053 4054/4054 4055/4055
f 4056/4056 4057/4057 4058/4058 4059/4059
f 4060/4060 4061/4061 4062/4062
f 4063/4063 4064/4064 4065/4065
f 4066/4066 4067/4067 4068/4068 4069/4069
f 4070/4070 4071/4071 4072/4072
f 4073/4073 4074/4074 4075/4075
f 4076/4076 4077/4077 4078/4078 4079/4079
f 4080/4080 4081/4081 4082/4082
f 4083/4083 4084/4084 4085/4085
f 4086/4086 4087/4087 4088/4088 4089/4089
f 4090/4090 4091/4091 4092/4092
f 4093/4093 4094/4094 4095/4095
f 4096/4096 4097/4097 4098/4098 4099/4099
f 4100/4100 4101/4101 4102/4102
f 4103/4103 4104/4104 4105/4105
f 4106/4106 4107/4107 4108/4108 4109/4109
f 4110/4110 4111/4111 4112/4112
f 4113/4113 4114/4114 4115/4115
f 4116/4116 4117/4117 4118/4118 4119/4119
f 4120/4120 4121/4121 4122/4122
f 4123/4123 4124/4124 4125/4125
f 4126/4126 4127/4127 4128/4128 4129/4129
f 4130/4130 4131/4131 4132/4132
f 4133/4133 4134/4134 4135/4135
f 4136/4136 4137/4137 4138/4138 4139/4139
f 4140/4140 4141/4141 4142/4142
f 4143/4143 4144/4144 4145/4145
f 4146/4146 4147/4147 4148/4148 4149/4149
f 4150/4150 4151/4151 4152/4152
f 4153/4153 4154/4154 4155/4155
f 4156/4156 4157/4157 4158/4158 4159/4159
f 4160/4160 4161/4161 4162/4162
f 4163/4163 4164/4164 4165/4165
f 4166/4166 4167/4167 4168/4168 4169/4169
f 4170/4170 4171/4171 4172/4172
usemtl models/caelum/world/environment/bark_mountain.png
f 4173/4173 4174/4174 4175/4175 4176/4176
f 4177/4177 4178/4178 4179/4179
f 4180/4180 4181/4181 4182/4182 4183/4183
f 4184/4184 4185/4185 4186/4186
f 4187/4187 4188/4188 4189/4189 4190/4190
f 4191/4191 4192/4192 4193/4193
f 4194/4194 4195/4195 4196/4196 4197/4197
f 4198/4198 4199/4199 4200/4200
f 4201/4201 4202/4202 4203/4203 4204/4204
f 4205/4205 4206/4206 4207/4207
f 4208/4208 4209/4209 4210/4210 4211/4211
f 4212/4212 4213/4213 4214/4214
f 4215/4215 4216/4216 4217/4217 4218/4218
f 4219/4219 4220/4220 4221/4221
f 4222/4222 4223/4223 4224/4224 4225/4225
f 4226/4226 4227/4227 4228/4228
f 4229/4229 4230/4230 4231/4231 4232/4232
f 4233/4233 4234/4234 4235/4235
f 4236/4236 4237/4237 4238/4238 4239/4239
f 4240/4240 4241/4241 4242/4242
f 4243/4243 4244/4244 4245/4245 4246/4246
f 4247/4247 4248/4248 4249/4249
f 4250/4250 4251/4251 4252/4252 4253/4253
f 4254/4254 4255/4255 4256/4256
usemtl models/caelum/world/environment/foliage_mountain.png
f 4257/4257 4258/4258 4259/4259
f 4260/4260 4261/4261 4262/4262 4263/4263
f 4264/4264 4265/4265 4266/4266
f 4267/4267 4268/4268 4269/4269
f 4270/4270 4271/4271 4272/4272 4273/4273
f 4274/4274 4275/4275 4276/4276
f 4277/4277 4278/4278 4279/4279
f 4280/4280 4281/4281 4282/4282 4283/4283
f 4284/4284 4285/4285 4286/4286
f 4287/4287 4288/4288 4289/4289
f 4290/4290 4291/4291 4292/4292 4293/4293
f 4294/4294 4295/4295 4296/4296
f 4297/4297 4298/4298 4299/4299
f 4300/4300 4301/4301 4302/4302 4303/4303
f 4304/4304 4305/4305 4306/4306
f 4307/4307 4308/4308 4309/4309
f 4310/4310 4311/4311 4312/4312 4313/4313
f 4314/4314 4315/4315 4316/4316
f 4317/4317 4318/4318 4319/4319
f 4320/4320 4321/4321 4322/4322 4323/4323
f 4324/4324 4325/4325 4326/4326
f 4327/4327 4328/4328 4329/4329
f 4330/4330 4331/4331 4332/4332 4333/4333
f 4334/4334 4335/4335 4336/4336
f 4337/4337 4338/4338 4339/4339
f 4340/4340 4341/4341 4342/4342 4343/4343
f 4344/4344 4345/4345 4346/4346
f 4347/4347 4348/4348 4349/4349
f 4350/4350 4351/4351 4352/4352 4353/4353
f 4354/4354 4355/4355 4356/4356
f 4357/4357 4358/4358 4359/4359
f 4360/4360 4361/4361 4362/4362 4363/4363
f 4364/4364 4365/4365 4366/4366
f 4367/4367 4368/4368 4369/4369
f 4370/4370 4371/4371 4372/4372 4373/4373
f 4374/4374 4375/4375 4376/4376
f 4377/4377 4378/4378 4379/4379
f 4380/4380 4381/4381 4382/4382 4383/4383
f 4384/4384 4385/4385 4386/4386
f 4387/4387 4388/4388 4389/4389
f 4390/4390 4391/4391 4392/4392 4393/4393
f 4394/4394 4395/4395 4396/4396
usemtl models/caelum/world/environment/bark_mountain.png
f 4397/4397 4398/4398 4399/4399 4400/4400
f 4401/4401 4402/4402 4403/4403
f 4404/4404 4405/4405 4406/4406 4407/4407
f 4408/4408 4409/4409 4410/4410
f 4411/4411 4412/4412 4413/4413 4414/4414
f 4415/4415 4416/4416 4417/4417
f 4418/4418 4419/4419 4420/4420 4421/4421
f 4422/4422 4423/4423 4424/4424
f 4425/4425 4426/4426 4427/4427 4428/4428
f 4429/4429 4430/4430 4431/4431
f 4432/4432 4433/4433 4434/4434 4435/4435
f 4436/4436 4437/4437 4438/4438
f 4439/4439 4440/4440 4441/4441 4442/4442
f 4443/4443 4444/4444 4445/4445
f 4446/4446 4447/4447 4448/4448 4449/4449
f 4450/4450 4451/4451 4452/4452
f 4453/4453 4454/4454 4455/4455 4456/4456
f 4457/4457 4458/4458 4459/4459
f 4460/4460 4461/4461 4462/4462 4463/4463
f 4464/4464 4465/4465 4466/4466
f 4467/4467 4468/4468 4469/4469 4470/4470
f 4471/4471 4472/4472 4473/4473
f 4474/4474 4475/4475 4476/4476 4477/4477
f 4478/4478 4479/4479 4480/4480
usemtl models/caelum/world/environment/foliage_mountain.png
f 4481/4481 4482/4482 4483/4483
f 4484/4484 4485/4485 4486/4486 4487/4487
f 4488/4488 4489/4489 4490/4490
f 4491/4491 4492/4492 4493/4493
f 4494/4494 4495/4495 4496/4496 4497/4497
f 4498/4498 4499/4499 4500/4500
f 4501/4501 4502/4502 4503/4503
f 4504/4504 4505/4505 4506/4506 4507/4507
f 4508/4508 4509/4509 4510/4510
f 4511/4511 4512/4512 4513/4513
f 4514/4514 4515/4515 4516/4516 4517/4517
f 4518/4518 4519/4519 4520/4520
f 4521/4521 4522/4522 4523/4523
f 4524/4524 4525/4525 4526/4526 4527/4527
f 4528/4528 4529/4529 4530/4530
f 4531/4531 4532/4532 4533/4533
f 4534/4534 4535/4535 4536/4536 4537/4537
f 4538/4538 4539/4539 4540/4540
f 4541/4541 4542/4542 4543/4543
f 4544/4544 4545/4545 4546/4546 4547/4547
f 4548/4548 4549/4549 4550/4550
f 4551/4551 4552/4552 4553/4553
f 4554/4554 4555/4555 4556/4556 4557/4557
f 4558/4558 4559/4559 4560/4560
f 4561/4561 4562/4562 4563/4563
f 4564/4564 4565/4565 4566/4566 4567/4567
f 4568/4568 4569/4569 4570/4570
f 4571/4571 4572/4572 4573/4573
f 4574/4574 4575/4575 4576/4576 4577/4577
f 4578/4578 4579/4579 4580/4580
f 4581/4581 4582/4582 4583/4583
f 4584/4584 4585/4585 4586/4586 4587/4587
f 4588/4588 4589/4589 4590/4590
f 4591/4591 4592/4592 4593/4593
f 4594/4594 4595/4595 4596/4596 4597/4597
f 4598/4598 4599/4599 4600/4600
f 4601/4601 4602/4602 4603/4603
f 4604/4604 4605/4605 4606/4606 4607/4607
f 4608/4608 4609/4609 4610/4610
f 4611/4611 4612/4612 4613/4613
f 4614/4614 4615/4615 4616/4616 4617/4617
f 4618/4618 4619/4619 4620/4620
usemtl models/caelum/world/environment/bark_mountain.png
f 4621/4621 4622/4622 4623/4623 4624/4624
f 4625/4625 4626/4626 4627/4627
f 4628/4628 4629/4629 4630/4630 4631/4631
f 4632/4632 4633/4633 4634/4634
f 4635/4635 4636/4636 4637/4637 4638/4638
f 4639/4639 4640/4640 4641/4641
f 4642/4642 4643/4643 4644/4644 4645/4645
f 4646/4646 4647/4647 4648/4648
f 4649/4649 4650/4650 4651/4651 4652/4652
f 4653/4653 4654/4654 4655/4655
f 4656/4656 4657/4657 4658/4658 4659/4659
f 4660/4660 4661/4661 4662/4662
f 4663/4663 4664/4664 4665/4665 4666/4666
f 4667/4667 4668/4668 4669/4669
f 4670/4670 4671/4671 4672/4672 4673/4673
f 4674/4674 4675/4675 4676/4676
f 4677/4677 4678/4678 4679/4679 4680/4680
f 4681/4681 4682/4682 4683/4683
f 4684/4684 4685/4685 4686/4686 4687/4687
f 4688/4688 4689/4689 4690/4690
f 4691/4691 4692/4692 4693/4693 4694/4694
f 4695/4695 4696/4696 4697/4697
f 4698/4698 4699/4699 4700/4700 4701/4701
f 4702/4702 4703/4703 4704/4704
usemtl models/caelum/world/environment/foliage_mountain.png
f 4705/4705 4706/4706 4707/4707
f 4708/4708 4709/4709 4710/4710 4711/4711
f 4712/4712 4713/4713 4714/4714
f 4715/4715 4716/4716 4717/4717
f 4718/4718 4719/4719 4720/4720 4721/4721
f 4722/4722 4723/4723 4724/4724
f 4725/4725 4726/4726 4727/4727
f 4728/4728 4729/4729 4730/4730 4731/4731
f 4732/4732 4733/4733 4734/4734
f 4735/4735 4736/4736 4737/4737
f 4738/4738 4739/4739 4740/4740 4741/4741
f 4742/4742 4743/4743 4744/4744
f 4745/4745 4746/4746 4747/4747
f 4748/4748 4749/4749 4750/4750 4751/4751
f 4752/4752 4753/4753 4754/4754
f 4755/4755 4756/4756 4757/4757
f 4758/4758 4759/4759 4760/4760 4761/4761
f 4762/4762 4763/4763 4764/4764
f 4765/4765 4766/4766 4767/4767
f 4768/4768 4769/4769 4770/4770 4771/4771
f 4772/4772 4773/4773 4774/4774
f 4775/4775 4776/4776 4777/4777
f 4778/4778 4779/4779 4780/4780 4781/4781
f 4782/4782 4783/4783 4784/4784
f 4785/4785 4786/4786 4787/4787
f 4788/4788 4789/4789 4790/4790 4791/4791
f 4792/4792 4793/4793 4794/4794
f 4795/4795 4796/4796 4797/4797
f 4798/4798 4799/4799 4800/4800 4801/4801
f 4802/4802 4803/4803 4804/4804
f 4805/4805 4806/4806 4807/4807
f 4808/4808 4809/4809 4810/4810 4811/4811
f 4812/4812 4813/4813 4814/4814
f 4815/4815 4816/4816 4817/4817
f 4818/4818 4819/4819 4820/4820 4821/4821
f 4822/4822 4823/4823 4824/4824
f 4825/4825 4826/4826 4827/4827
f 4828/4828 4829/4829 4830/4830 4831/4831
f 4832/4832 4833/4833 4834/4834
f 4835/4835 4836/4836 4837/4837
f 4838/4838 4839/4839 4840/4840 4841/4841
f 4842/4842 4843/4843 4844/4844
usemtl models/caelum/world/environment/bark_mountain.png
f 4845/4845 4846/4846 4847/4847 4848/4848
f 4849/4849 4850/4850 4851/4851
f 4852/4852 4853/4853 4854/4854 4855/4855
f 4856/4856 4857/4857 4858/4858
f 4859/4859 4860/4860 4861/4861 4862/4862
f 4863/4863 4864/4864 4865/4865
f 4866/4866 4867/4867 4868/4868 4869/4869
f 4870/4870 4871/4871 4872/4872
f 4873/4873 4874/4874 4875/4875 4876/4876
f 4877/4877 4878/4878 4879/4879
f 4880/4880 4881/4881 4882/4882 4883/4883
f 4884/4884 4885/4885 4886/4886
f 4887/4887 4888/4888 4889/4889 4890/4890
f 4891/4891 4892/4892 4893/4893
f 4894/4894 4895/4895 4896/4896 4897/4897
f 4898/4898 4899/4899 4900/4900
f 4901/4901 4902/4902 4903/4903 4904/4904
f 4905/4905 4906/4906 4907/4907
f 4908/4908 4909/4909 4910/4910 4911/4911
f 4912/4912 4913/4913 4914/4914
f 4915/4915 4916/4916 4917/4917 4918/4918
f 4919/4919 4920/4920 4921/4921
f 4922/4922 4923/4923 4924/4924 4925/4925
f 4926/4926 4927/4927 4928/4928
usemtl models/caelum/world/environment/foliage_mountain.png
f 4929/4929 4930/4930 4931/4931
f 4932/4932 4933/4933 4934/4934 4935/4935
f 4936/4936 4937/4937 4938/4938
f 4939/4939 4940/4940 4941/4941
f 4942/4942 4943/4943 4944/4944 4945/4945
f 4946/4946 4947/4947 4948/4948
f 4949/4949 4950/4950 4951/4951
f 4952/4952 4953/4953 4954/4954 4955/4955
f 4956/4956 4957/4957 4958/4958
f 4959/4959 4960/4960 4961/4961
f 4962/4962 4963/4963 4964/4964 4965/4965
f 4966/4966 4967/4967 4968/4968
f 4969/4969 4970/4970 4971/4971
f 4972/4972 4973/4973 4974/4974 4975/4975
f 4976/4976 4977/4977 4978/4978
f 4979/4979 4980/4980 4981/4981
f 4982/4982 4983/4983 4984/4984 4985/4985
f 4986/4986 4987/4987 4988/4988
f 4989/4989 4990/4990 4991/4991
f 4992/4992 4993/4993 4994/4994 4995/4995
f 4996/4996 4997/4997 4998/4998
f 4999/4999 5000/5000 5001/5001
f 5002/5002 5003/5003 5004/5004 5005/5005
f 5006/5006 5007/5007 5008/5008
f 5009/5009 5010/5010 5011/5011
f 5012/5012 5013/5013 5014/5014 5015/5015
f 5016/5016 5017/5017 5018/5018
f 5019/5019 5020/5020 5021/5021
f 5022/5022 5023/5023 5024/5024 5025/5025
f 5026/5026 5027/5027 5028/5028
f 5029/5029 5030/5030 5031/5031
f 5032/5032 5033/5033 5034/5034 5035/5035
f 5036/5036 5037/5037 5038/5038
f 5039/5039 5040/5040 5041/5041
f 5042/5042 5043/5043 5044/5044 5045/5045
f 5046/5046 5047/5047 5048/5048
f 5049/5049 5050/5050 5051/5051
f 5052/5052 5053/5053 5054/5054 5055/5055
f 5056/5056 5057/5057 5058/5058
f 5059/5059 5060/5060 5061/5061
f 5062/5062 5063/5063 5064/5064 5065/5065
f 5066/5066 5067/5067 5068/5068
usemtl models/caelum/world/environment/bark_mountain.png
f 5069/5069 5070/5070 5071/5071 5072/5072
f 5073/5073 5074/5074 5075/5075
f 5076/5076 5077/5077 5078/5078 5079/5079
f 5080/5080 5081/5081 5082/5082
f 5083/5083 5084/5084 5085/5085 5086/5086
f 5087/5087 5088/5088 5089/5089
f 5090/5090 5091/5091 5092/5092 5093/5093
f 5094/5094 5095/5095 5096/5096
f 5097/5097 5098/5098 5099/5099 5100/5100
f 5101/5101 5102/5102 5103/5103
f 5104/5104 5105/5105 5106/5106 5107/5107
f 5108/5108 5109/5109 5110/5110
f 5111/5111 5112/5112 5113/5113 5114/5114
f 5115/5115 5116/5116 5117/5117
f 5118/5118 5119/5119 5120/5120 5121/5121
f 5122/5122 5123/5123 5124/5124
f 5125/5125 5126/5126 5127/5127 5128/5128
f 5129/5129 5130/5130 5131/5131
f 5132/5132 5133/5133 5134/5134 5135/5135
f 5136/5136 5137/5137 5138/5138
f 5139/5139 5140/5140 5141/5141 5142/5142
f 5143/5143 5144/5144 5145/5145
f 5146/5146 5147/5147 5148/5148 5149/5149
f 5150/5150 5151/5151 5152/5152
usemtl models/caelum/world/environment/foliage_mountain.png
f 5153/5153 5154/5154 5155/5155
f 5156/5156 5157/5157 5158/5158 5159/5159
f 5160/5160 5161/5161 5162/5162
f 5163/5163 5164/5164 5165/5165
f 5166/5166 5167/5167 5168/5168 5169/5169
f 5170/5170 5171/5171 5172/5172
f 5173/5173 5174/5174 5175/5175
f 5176/5176 5177/5177 5178/5178 5179/5179
f 5180/5180 5181/5181 5182/5182
f 5183/5183 5184/5184 5185/5185
f 5186/5186 5187/5187 5188/5188 5189/5189
f 5190/5190 5191/5191 5192/5192
f 5193/5193 5194/5194 5195/5195
f 5196/5196 5197/5197 5198/5198 5199/5199
f 5200/5200 5201/5201 5202/5202
f 5203/5203 5204/5204 5205/5205
f 5206/5206 5207/5207 5208/5208 5209/5209
f 5210/5210 5211/5211 5212/5212
f 5213/5213 5214/5214 5215/5215
f 5216/5216 5217/5217 5218/5218 5219/5219
f 5220/5220 5221/5221 5222/5222
f 5223/5223 5224/5224 5225/5225
f 5226/5226 5227/5227 5228/5228 5229/5229
f 5230/5230 5231/5231 5232/5232
f 5233/5233 5234/5234 5235/5235
f 5236/5236 5237/5237 5238/5238 5239/5239
f 5240/5240 5241/5241 5242/5242
f 5243/5243 5244/5244 5245/5245
f 5246/5246 5247/5247 5248/5248 5249/5249
f 5250/5250 5251/5251 5252/5252
f 5253/5253 5254/5254 5255/5255
f 5256/5256 5257/5257 5258/5258 5259/5259
f 5260/5260 5261/5261 5262/5262
f 5263/5263 5264/5264 5265/5265
f 5266/5266 5267/5267 5268/5268 5269/5269
f 5270/5270 5271/5271 5272/5272
f 5273/5273 5274/5274 5275/5275
f 5276/5276 5277/5277 5278/5278 5279/5279
f 5280/5280 5281/5281 5282/5282
f 5283/5283 5284/5284 5285/5285
f 5286/5286 5287/5287 5288/5288 5289/5289
f 5290/5290 5291/5291 5292/5292
usemtl models/caelum/world/environment/bark_mountain.png
f 5293/5293 5294/5294 5295/5295 5296/5296
f 5297/5297 5298/5298 5299/5299
f 5300/5300 5301/5301 5302/5302 5303/5303
f 5304/5304 5305/5305 5306/5306
f 5307/5307 5308/5308 5309/5309 5310/5310
f 5311/5311 5312/5312 5313/5313
f 5314/5314 5315/5315 5316/5316 5317/5317
f 5318/5318 5319/5319 5320/5320
f 5321/5321 5322/5322 5323/5323 5324/5324
f 5325/5325 5326/5326 5327/5327
f 5328/5328 5329/5329 5330/5330 5331/5331
f 5332/5332 5333/5333 5334/5334
f 5335/5335 5336/5336 5337/5337 5338/5338
f 5339/5339 5340/5340 5341/5341
f 5342/5342 5343/5343 5344/5344 5345/5345
f 5346/5346 5347/5347 5348/5348
f 5349/5349 5350/5350 5351/5351 5352/5352
f 5353/5353 5354/5354 5355/5355
f 5356/5356 5357/5357 5358/5358 5359/5359
f 5360/5360 5361/5361 5362/5362
f 5363/5363 5364/5364 5365/5365 5366/5366
f 5367/5367 5368/5368 5369/5369
f 5370/5370 5371/5371 5372/5372 5373/5373
f 5374/5374 5375/5375 5376/5376
usemtl models/caelum/world/environment/foliage_mountain.png
f 5377/5377 5378/5378 5379/5379
f 5380/5380 5381/5381 5382/5382 5383/5383
f 5384/5384 5385/5385 5386/5386
f 5387/5387 5388/5388 5389/5389
f 5390/5390 5391/5391 5392/5392 5393/5393
f 5394/5394 5395/5395 5396/5396
f 5397/5397 5398/5398 5399/5399
f 5400/5400 5401/5401 5402/5402 5403/5403
f 5404/5404 5405/5405 5406/5406
f 5407/5407 5408/5408 5409/5409
f 5410/5410 5411/5411 5412/5412 5413/5413
f 5414/5414 5415/5415 5416/5416
f 5417/5417 5418/5418 5419/5419
f 5420/5420 5421/5421 5422/5422 5423/5423
f 5424/5424 5425/5425 5426/5426
f 5427/5427 5428/5428 5429/5429
f 5430/5430 5431/5431 5432/5432 5433/5433
f 5434/5434 5435/5435 5436/5436
f 5437/5437 5438/5438 5439/5439
f 5440/5440 5441/5441 5442/5442 5443/5443
f 5444/5444 5445/5445 5446/5446
f 5447/5447 5448/5448 5449/5449
f 5450/5450 5451/5451 5452/5452 5453/5453
f 5454/5454 5455/5455 5456/5456
f 5457/5457 5458/5458 5459/5459
f 5460/5460 5461/5461 5462/5462 5463/5463
f 5464/5464 5465/5465 5466/5466
f 5467/5467 5468/5468 5469/5469
f 5470/5470 5471/5471 5472/5472 5473/5473
f 5474/5474 5475/5475 5476/5476
f 5477/5477 5478/5478 5479/5479
f 5480/5480 5481/5481 5482/5482 5483/5483
f 5484/5484 5485/5485 5486/5486
f 5487/5487 5488/5488 5489/5489
f 5490/5490 5491/5491 5492/5492 5493/5493
f 5494/5494 5495/5495 5496/5496
f 5497/5497 5498/5498 5499/5499
f 5500/5500 5501/5501 5502/5502 5503/5503
f 5504/5504 5505/5505 5506/5506
f 5507/5507 5508/5508 5509/5509
f 5510/5510 5511/5511 5512/5512 5513/5513
f 5514/5514 5515/5515 5516/5516
usemtl models/caelum/world/environment/bark_mountain.png
f 5517/5517 5518/5518 5519/5519 5520/5520
f 5521/5521 5522/5522 5523/5523
f 5524/5524 5525/5525 5526/5526 5527/5527
f 5528/5528 5529/5529 5530/5530
f 5531/5531 5532/5532 5533/5533 5534/5534
f 5535/5535 5536/5536 5537/5537
f 5538/5538 5539/5539 5540/5540 5541/5541
f 5542/5542 5543/5543 5544/5544
f 5545/5545 5546/5546 5547/5547 5548/5548
f 5549/5549 5550/5550 5551/5551
f 5552/5552 5553/5553 5554/5554 5555/5555
f 5556/5556 5557/5557 5558/5558
f 5559/5559 5560/5560 5561/5561 5562/5562
f 5563/5563 5564/5564 5565/5565
f 5566/5566 5567/5567 5568/5568 5569/5569
f 5570/5570 5571/5571 5572/5572
f 5573/5573 5574/5574 5575/5575 5576/5576
f 5577/5577 5578/5578 5579/5579
f 5580/5580 5581/5581 5582/5582 5583/5583
f 5584/5584 5585/5585 5586/5586
f 5587/5587 5588/5588 5589/5589 5590/5590
f 5591/5591 5592/5592 5593/5593
f 5594/5594 5595/5595 5596/5596 5597/5597
f 5598/5598 5599/5599 5600/5600
usemtl models/caelum/world/environment/foliage_mountain.png
f 5601/5601 5602/5602 5603/5603
f 5604/5604 5605/5605 5606/5606 5607/5607
f 5608/5608 5609/5609 5610/5610
f 5611/5611 5612/5612 5613/5613
f 5614/5614 5615/5615 5616/5616 5617/5617
f 5618/5618 5619/5619 5620/5620
f 5621/5621 5622/5622 5623/5623
f 5624/5624 5625/5625 5626/5626 5627/5627
f 5628/5628 5629/5629 5630/5630
f 5631/5631 5632/5632 5633/5633
f 5634/5634 5635/5635 5636/5636 5637/5637
f 5638/5638 5639/5639 5640/5640
f 5641/5641 5642/5642 5643/5643
f 5644/5644 5645/5645 5646/5646 5647/5647
f 5648/5648 5649/5649 5650/5650
f 5651/5651 5652/5652 5653/5653
f 5654/5654 5655/5655 5656/5656 5657/5657
f 5658/5658 5659/5659 5660/5660
f 5661/5661 5662/5662 5663/5663
f 5664/5664 5665/5665 5666/5666 5667/5667
f 5668/5668 5669/5669 5670/5670
f 5671/5671 5672/5672 5673/5673
f 5674/5674 5675/5675 5676/5676 5677/5677
f 5678/5678 5679/5679 5680/5680
f 5681/5681 5682/5682 5683/5683
f 5684/5684 5685/5685 5686/5686 5687/5687
f 5688/5688 5689/5689 5690/5690
f 5691/5691 5692/5692 5693/5693
f 5694/5694 5695/5695 5696/5696 5697/5697
f 5698/5698 5699/5699 5700/5700
f 5701/5701 5702/5702 5703/5703
f 5704/5704 5705/5705 5706/5706 5707/5707
f 5708/5708 5709/5709 5710/5710
f 5711/5711 5712/5712 5713/5713
f 5714/5714 5715/5715 5716/5716 5717/5717
f 5718/5718 5719/5719 5720/5720
f 5721/5721 5722/5722 5723/5723
f 5724/5724 5725/5725 5726/5726 5727/5727
f 5728/5728 5729/5729 5730/5730
f 5731/5731 5732/5732 5733/5733
f 5734/5734 5735/5735 5736/5736 5737/5737
f 5738/5738 5739/5739 5740/5740
usemtl models/caelum/world/environment/bark_mountain.png
f 5741/5741 5742/5742 5743/5743 5744/5744
f 5745/5745 5746/5746 5747/5747
f 5748/5748 5749/5749 5750/5750 5751/5751
f 5752/5752 5753/5753 5754/5754
f 5755/5755 5756/5756 5757/5757 5758/5758
f 5759/5759 5760/5760 5761/5761
f 5762/5762 5763/5763 5764/5764 5765/5765
f 5766/5766 5767/5767 5768/5768
f 5769/5769 5770/5770 5771/5771 5772/5772
f 5773/5773 5774/5774 5775/5775
f 5776/5776 5777/5777 5778/5778 5779/5779
f 5780/5780 5781/5781 5782/5782
f 5783/5783 5784/5784 5785/5785 5786/5786
f 5787/5787 5788/5788 5789/5789
f 5790/5790 5791/5791 5792/5792 5793/5793
f 5794/5794 5795/5795 5796/5796
f 5797/5797 5798/5798 5799/5799 5800/5800
f 5801/5801 5802/5802 5803/5803
f 5804/5804 5805/5805 5806/5806 5807/5807
f 5808/5808 5809/5809 5810/5810
f 5811/5811 5812/5812 5813/5813 5814/5814
f 5815/5815 5816/5816 5817/5817
f 5818/5818 5819/5819 5820/5820 5821/5821
f 5822/5822 5823/5823 5824/5824
usemtl models/caelum/world/environment/foliage_mountain.png
f 5825/5825 5826/5826 5827/5827
f 5828/5828 5829/5829 5830/5830 5831/5831
f 5832/5832 5833/5833 5834/5834
f 5835/5835 5836/5836 5837/5837
f 5838/5838 5839/5839 5840/5840 5841/5841
f 5842/5842 5843/5843 5844/5844
f 5845/5845 5846/5846 5847/5847
f 5848/5848 5849/5849 5850/5850 5851/5851
f 5852/5852 5853/5853 5854/5854
f 5855/5855 5856/5856 5857/5857
f 5858/5858 5859/5859 5860/5860 5861/5861
f 5862/5862 5863/5863 5864/5864
f 5865/5865 5866/5866 5867/5867
f 5868/5868 5869/5869 5870/5870 5871/5871
f 5872/5872 5873/5873 5874/5874
f 5875/5875 5876/5876 5877/5877
f 5878/5878 5879/5879 5880/5880 5881/5881
f 5882/5882 5883/5883 5884/5884
f 5885/5885 5886/5886 5887/5887
f 5888/5888 5889/5889 5890/5890 5891/5891
f 5892/5892 5893/5893 5894/5894
f 5895/5895 5896/5896 5897/5897
f 5898/5898 5899/5899 5900/5900 5901/5901
f 5902/5902 5903/5903 5904/5904
f 5905/5905 5906/5906 5907/5907
f 5908/5908 5909/5909 5910/5910 5911/5911
f 5912/5912 5913/5913 5914/5914
f 5915/5915 5916/5916 5917/5917
f 5918/5918 5919/5919 5920/5920 5921/5921
f 5922/5922 5923/5923 5924/5924
f 5925/5925 5926/5926 5927/5927
f 5928/5928 5929/5929 5930/5930 5931/5931
f 5932/5932 5933/5933 5934/5934
f 5935/5935 5936/5936 5937/5937
f 5938/5938 5939/5939 5940/5940 5941/5941
f 5942/5942 5943/5943 5944/5944
f 5945/5945 5946/5946 5947/5947
f 5948/5948 5949/5949 5950/5950 5951/5951
f 5952/5952 5953/5953 5954/5954
f 5955/5955 5956/5956 5957/5957
f 5958/5958 5959/5959 5960/5960 5961/5961
f 5962/5962 5963/5963 5964/5964
usemtl models/caelum/world/environment/bark_mountain.png
f 5965/5965 5966/5966 5967/5967 5968/5968
f 5969/5969 5970/5970 5971/5971
f 5972/5972 5973/5973 5974/5974 5975/5975
f 5976/5976 5977/5977 5978/5978
f 5979/5979 5980/5980 5981/5981 5982/5982
f 5983/5983 5984/5984 5985/5985
f 5986/5986 5987/5987 5988/5988 5989/5989
f 5990/5990 5991/5991 5992/5992
f 5993/5993 5994/5994 5995/5995 5996/5996
f 5997/5997 5998/5998 5999/5999
f 6000/6000 6001/6001 6002/6002 6003/6003
f 6004/6004 6005/6005 6006/6006
f 6007/6007 6008/6008 6009/6009 6010/6010
f 6011/6011 6012/6012 6013/6013
f 6014/6014 6015/6015 6016/6016 6017/6017
f 6018/6018 6019/6019 6020/6020
f 6021/6021 6022/6022 6023/6023 6024/6024
f 6025/6025 6026/6026 6027/6027
f 6028/6028 6029/6029 6030/6030 6031/6031
f 6032/6032 6033/6033 6034/6034
f 6035/6035 6036/6036 6037/6037 6038/6038
f 6039/6039 6040/6040 6041/6041
f 6042/6042 6043/6043 6044/6044 6045/6045
f 6046/6046 6047/6047 6048/6048
usemtl models/caelum/world/environment/foliage_mountain.png
f 6049/6049 6050/6050 6051/6051
f 6052/6052 6053/6053 6054/6054 6055/6055
f 6056/6056 6057/6057 6058/6058
f 6059/6059 6060/6060 6061/6061
f 6062/6062 6063/6063 6064/6064 6065/6065
f 6066/6066 6067/6067 6068/6068
f 6069/6069 6070/6070 6071/6071
f 6072/6072 6073/6073 6074/6074 6075/6075
f 6076/6076 6077/6077 6078/6078
f 6079/6079 6080/6080 6081/6081
f 6082/6082 6083/6083 6084/6084 6085/6085
f 6086/6086 6087/6087 6088/6088
f 6089/6089 6090/6090 6091/6091
f 6092/6092 6093/6093 6094/6094 6095/6095
f 6096/6096 6097/6097 6098/6098
f 6099/6099 6100/6100 6101/6101
f 6102/6102 6103/6103 6104/6104 6105/6105
f 6106/6106 6107/6107 6108/6108
f 6109/6109 6110/6110 6111/6111
f 6112/6112 6113/6113 6114/6114 6115/6115
f 6116/6116 6117/6117 6118/6118
f 6119/6119 6120/6120 6121/6121
f 6122/6122 6123/6123 6124/6124 6125/6125
f 6126/6126 6127/6127 6128/6128
f 6129/6129 6130/6130 6131/6131
f 6132/6132 6133/6133 6134/6134 6135/6135
f 6136/6136 6137/6137 6138/6138
f 6139/6139 6140/6140 6141/6141
f 6142/6142 6143/6143 6144/6144 6145/6145
f 6146/6146 6147/6147 6148/6148
f 6149/6149 6150/6150 6151/6151
f 6152/6152 6153/6153 6154/6154 6155/6155
f 6156/6156 6157/6157 6158/6158
f 6159/6159 6160/6160 6161/6161
f 6162/6162 6163/6163 6164/6164 6165/6165
f 6166/6166 6167/6167 6168/6168
f 6169/6169 6170/6170 6171/6171
f 6172/6172 6173/6173 6174/6174 6175/6175
f 6176/6176 6177/6177 6178/6178
f 6179/6179 6180/6180 6181/6181
f 6182/6182 6183/6183 6184/6184 6185/6185
f 6186/6186 6187/6187 6188/6188
usemtl models/caelum/world/environment/bark_mountain.png
f 6189/6189 6190/6190 6191/6191 6192/6192
f 6193/6193 6194/6194 6195/6195
f 6196/6196 6197/6197 6198/6198 6199/6199
f 6200/6200 6201/6201 6202/6202
f 6203/6203 6204/6204 6205/6205 6206/6206
f 6207/6207 6208/6208 6209/6209
f 6210/6210 6211/6211 6212/6212 6213/6213
f 6214/6214 6215/6215 6216/6216
f 6217/6217 6218/6218 6219/6219 6220/6220
f 6221/6221 6222/6222 6223/6223
f 6224/6224 6225/6225 6226/6226 6227/6227
f 6228/6228 6229/6229 6230/6230
f 6231/6231 6232/6232 6233/6233 6234/6234
f 6235/6235 6236/6236 6237/6237
f 6238/6238 6239/6239 6240/6240 6241/6241
f 6242/6242 6243/6243 6244/6244
f 6245/6245 6246/6246 6247/6247 6248/6248
f 6249/6249 6250/6250 6251/6251
f 6252/6252 6253/6253 6254/6254 6255/6255
f 6256/6256 6257/6257 6258/6258
f 6259/6259 6260/6260 6261/6261 6262/6262
f 6263/6263 6264/6264 6265/6265
f 6266/6266 6267/6267 6268/6268 6269/6269
f 6270/6270 6271/6271 6272/6272
usemtl models/caelum/world/environment/foliage_mountain.png
f 6273/6273 6274/6274 6275/6275
f 6276/6276 6277/6277 6278/6278 6279/6279
f 6280/6280 6281/6281 6282/6282
f 6283/6283 6284/6284 6285/6285
f 6286/6286 6287/6287 6288/6288 6289/6289
f 6290/6290 6291/6291 6292/6292
f 6293/6293 6294/6294 6295/6295
f 6296/6296 6297/6297 6298/6298 6299/6299
f 6300/6300 6301/6301 6302/6302
f 6303/6303 6304/6304 6305/6305
f 6306/6306 6307/6307 6308/6308 6309/6309
f 6310/6310 6311/6311 6312/6312
f 6313/6313 6314/6314 6315/6315
f 6316/6316 6317/6317 6318/6318 6319/6319
f 6320/6320 6321/6321 6322/6322
f 6323/6323 6324/6324 6325/6325
f 6326/6326 6327/6327 6328/6328 6329/6329
f 6330/6330 6331/6331 6332/6332
f 6333/6333 6334/6334 6335/6335
f 6336/6336 6337/6337 6338/6338 6339/6339
f 6340/6340 6341/6341 6342/6342
f 6343/6343 6344/6344 6345/6345
f 6346/6346 6347/6347 6348/6348 6349/6349
f 6350/6350 6351/6351 6352/6352
f 6353/6353 6354/6354 6355/6355
f 6356/6356 6357/6357 6358/6358 6359/6359
f 6360/6360 6361/6361 6362/6362
f 6363/6363 6364/6364 6365/6365
f 6366/6366 6367/6367 6368/6368 6369/6369
f 6370/6370 6371/6371 6372/6372
f 6373/6373 6374/6374 6375/6375
f 6376/6376 6377/6377 6378/6378 6379/6379
f 6380/6380 6381/6381 6382/6382
f 6383/6383 6384/6384 6385/6385
f 6386/6386 6387/6387 6388/6388 6389/6389
f 6390/6390 6391/6391 6392/6392
f 6393/6393 6394/6394 6395/6395
f 6396/6396 6397/6397 6398/6398 6399/6399
f 6400/6400 6401/6401 6402/6402
f 6403/6403 6404/6404 6405/6405
f 6406/6406 6407/6407 6408/6408 6409/6409
f 6410/6410 6411/6411 6412/6412
usemtl models/caelum/world/environment/bark_mountain.png
f 6413/6413 6414/6414 6415/6415 6416/6416
f 6417/6417 6418/6418 6419/6419
f 6420/6420 6421/6421 6422/6422 6423/6423
f 6424/6424 6425/6425 6426/6426
f 6427/6427 6428/6428 6429/6429 6430/6430
f 6431/6431 6432/6432 6433/6433
f 6434/6434 6435/6435 6436/6436 6437/6437
f 6438/6438 6439/6439 6440/6440
f 6441/6441 6442/6442 6443/6443 6444/6444
f 6445/6445 6446/6446 6447/6447
f 6448/6448 6449/6449 6450/6450 6451/6451
f 6452/6452 6453/6453 6454/6454
f 6455/6455 6456/6456 6457/6457 6458/6458
f 6459/6459 6460/6460 6461/6461
f 6462/6462 6463/6463 6464/6464 6465/6465
f 6466/6466 6467/6467 6468/6468
f 6469/6469 6470/6470 6471/6471 6472/6472
f 6473/6473 6474/6474 6475/6475
f 6476/6476 6477/6477 6478/6478 6479/6479
f 6480/6480 6481/6481 6482/6482
f 6483/6483 6484/6484 6485/6485 6486/6486
f 6487/6487 6488/6488 6489/6489
f 6490/6490 6491/6491 6492/6492 6493/6493
f 6494/6494 6495/6495 6496/6496
usemtl models/caelum/world/environment/foliage_mountain.png
f 6497/6497 6498/6498 6499/6499
f 6500/6500 6501/6501 6502/6502 6503/6503
f 6504/6504 6505/6505 6506/6506
f 6507/6507 6508/6508 6509/6509
f 6510/6510 6511/6511 6512/6512 6513/6513
f 6514/6514 6515/6515 6516/6516
f 6517/6517 6518/6518 6519/6519
f 6520/6520 6521/6521 6522/6522 6523/6523
f 6524/6524 6525/6525 6526/6526
f 6527/6527 6528/6528 6529/6529
f 6530/6530 6531/6531 6532/6532 6533/6533
f 6534/6534 6535/6535 6536/6536
f 6537/6537 6538/6538 6539/6539
f 6540/6540 6541/6541 6542/6542 6543/6543
f 6544/6544 6545/6545 6546/6546
f 6547/6547 6548/6548 6549/6549
f 6550/6550 6551/6551 6552/6552 6553/6553
f 6554/6554 6555/6555 6556/6556
f 6557/6557 6558/6558 6559/6559
f 6560/6560 6561/6561 6562/6562 6563/6563
f 6564/6564 6565/6565 6566/6566
f 6567/6567 6568/6568 6569/6569
f 6570/6570 6571/6571 6572/6572 6573/6573
f 6574/6574 6575/6575 6576/6576
f 6577/6577 6578/6578 6579/6579
f 6580/6580 6581/6581 6582/6582 6583/6583
f 6584/6584 6585/6585 6586/6586
f 6587/6587 6588/6588 6589/6589
f 6590/6590 6591/6591 6592/6592 6593/6593
f 6594/6594 6595/6595 6596/6596
f 6597/6597 6598/6598 6599/6599
f 6600/6600 6601/6601 6602/6602 6603/6603
f 6604/6604 6605/6605 6606/6606
f 6607/6607 6608/6608 6609/6609
f 6610/6610 6611/6611 6612/6612 6613/6613
f 6614/6614 6615/6615 6616/6616
f 6617/6617 6618/6618 6619/6619
f 6620/6620 6621/6621 6622/6622 6623/6623
f 6624/6624 6625/6625 6626/6626
f 6627/6627 6628/6628 6629/6629
f 6630/6630 6631/6631 6632/6632 6633/6633
f 6634/6634 6635/6635 6636/6636
usemtl models/caelum/world/environment/bark_mountain.png
f 6637/6637 6638/6638 6639/6639 6640/6640
f 6641/6641 6642/6642 6643/6643
f 6644/6644 6645/6645 6646/6646 6647/6647
f 6648/6648 6649/6649 6650/6650
f 6651/6651 6652/6652 6653/6653 6654/6654
f 6655/6655 6656/6656 6657/6657
f 6658/6658 6659/6659 6660/6660 6661/6661
f 6662/6662 6663/6663 6664/6664
f 6665/6665 6666/6666 6667/6667 6668/6668
f 6669/6669 6670/6670 6671/6671
f 6672/6672 6673/6673 6674/6674 6675/6675
f 6676/6676 6677/6677 6678/6678
f 6679/6679 6680/6680 6681/6681 6682/6682
f 6683/6683 6684/6684 6685/6685
f 6686/6686 6687/6687 6688/6688 6689/6689
f 6690/6690 6691/6691 6692/6692
f 6693/6693 6694/6694 6695/6695 6696/6696
f 6697/6697 6698/6698 6699/6699
f 6700/6700 6701/6701 6702/6702 6703/6703
f 6704/6704 6705/6705 6706/6706
f 6707/6707 6708/6708 6709/6709 6710/6710
f 6711/6711 6712/6712 6713/6713
f 6714/6714 6715/6715 6716/6716 6717/6717
f 6718/6718 6719/6719 6720/6720
usemtl models/caelum/world/environment/foliage_mountain.png
f 6721/6721 6722/6722 6723/6723
f 6724/6724 6725/6725 6726/6726 6727/6727
f 6728/6728 6729/6729 6730/6730
f 6731/6731 6732/6732 6733/6733
f 6734/6734 6735/6735 6736/6736 6737/6737
f 6738/6738 6739/6739 6740/6740
f 6741/6741 6742/6742 6743/6743
f 6744/6744 6745/6745 6746/6746 6747/6747
f 6748/6748 6749/6749 6750/6750
f 6751/6751 6752/6752 6753/6753
f 6754/6754 6755/6755 6756/6756 6757/6757
f 6758/6758 6759/6759 6760/6760
f 6761/6761 6762/6762 6763/6763
f 6764/6764 6765/6765 6766/6766 6767/6767
f 6768/6768 6769/6769 6770/6770
f 6771/6771 6772/6772 6773/6773
f 6774/6774 6775/6775 6776/6776 6777/6777
f 6778/6778 6779/6779 6780/6780
f 6781/6781 6782/6782 6783/6783
f 6784/6784 6785/6785 6786/6786 6787/6787
f 6788/6788 6789/6789 6790/6790
f 6791/6791 6792/6792 6793/6793
f 6794/6794 6795/6795 6796/6796 6797/6797
f 6798/6798 6799/6799 6800/6800
f 6801/6801 6802/6802 6803/6803
f 6804/6804 6805/6805 6806/6806 6807/6807
f 6808/6808 6809/6809 6810/6810
f 6811/6811 6812/6812 6813/6813
f 6814/6814 6815/6815 6816/6816 6817/6817
f 6818/6818 6819/6819 6820/6820
f 6821/6821 6822/6822 6823/6823
f 6824/6824 6825/6825 6826/6826 6827/6827
f 6828/6828 6829/6829 6830/6830
f 6831/6831 6832/6832 6833/6833
f 6834/6834 6835/6835 6836/6836 6837/6837
f 6838/6838 6839/6839 6840/6840
f 6841/6841 6842/6842 6843/6843
f 6844/6844 6845/6845 6846/6846 6847/6847
f 6848/6848 6849/6849 6850/6850
f 6851/6851 6852/6852 6853/6853
f 6854/6854 6855/6855 6856/6856 6857/6857
f 6858/6858 6859/6859 6860/6860
usemtl models/caelum/world/environment/bark_mountain.png
f 6861/6861 6862/6862 6863/6863 6864/6864
f 6865/6865 6866/6866 6867/6867
f 6868/6868 6869/6869 6870/6870 6871/6871
f 6872/6872 6873/6873 6874/6874
f 6875/6875 6876/6876 6877/6877 6878/6878
f 6879/6879 6880/6880 6881/6881
f 6882/6882 6883/6883 6884/6884 6885/6885
f 6886/6886 6887/6887 6888/6888
f 6889/6889 6890/6890 6891/6891 6892/6892
f 6893/6893 6894/6894 6895/6895
f 6896/6896 6897/6897 6898/6898 6899/6899
f 6900/6900 6901/6901 6902/6902
f 6903/6903 6904/6904 6905/6905 6906/6906
f 6907/6907 6908/6908 6909/6909
f 6910/6910 6911/6911 6912/6912 6913/6913
f 6914/6914 6915/6915 6916/6916
f 6917/6917 6918/6918 6919/6919 6920/6920
f 6921/6921 6922/6922 6923/6923
f 6924/6924 6925/6925 6926/6926 6927/6927
f 6928/6928 6929/6929 6930/6930
f 6931/6931 6932/6932 6933/6933 6934/6934
f 6935/6935 6936/6936 6937/6937
f 6938/6938 6939/6939 6940/6940 6941/6941
f 6942/6942 6943/6943 6944/6944
usemtl models/caelum/world/environment/foliage_mountain.png
f 6945/6945 6946/6946 6947/6947
f 6948/6948 6949/6949 6950/6950 6951/6951
f 6952/6952 6953/6953 6954/6954
f 6955/6955 6956/6956 6957/6957
f 6958/6958 6959/6959 6960/6960 6961/6961
f 6962/6962 6963/6963 6964/6964
f 6965/6965 6966/6966 6967/6967
f 6968/6968 6969/6969 6970/6970 6971/6971
f 6972/6972 6973/6973 6974/6974
f 6975/6975 6976/6976 6977/6977
f 6978/6978 6979/6979 6980/6980 6981/6981
f 6982/6982 6983/6983 6984/6984
f 6985/6985 6986/6986 6987/6987
f 6988/6988 6989/6989 6990/6990 6991/6991
f 6992/6992 6993/6993 6994/6994
f 6995/6995 6996/6996 6997/6997
f 6998/6998 6999/6999 7000/7000 7001/7001
f 7002/7002 7003/7003 7004/7004
f 7005/7005 7006/7006 7007/7007
f 7008/7008 7009/7009 7010/7010 7011/7011
f 7012/7012 7013/7013 7014/7014
f 7015/7015 7016/7016 7017/7017
f 7018/7018 7019/7019 7020/7020 7021/7021
f 7022/7022 7023/7023 7024/7024
f 7025/7025 7026/7026 7027/7027
f 7028/7028 7029/7029 7030/7030 7031/7031
f 7032/7032 7033/7033 7034/7034
f 7035/7035 7036/7036 7037/7037
f 7038/7038 7039/7039 7040/7040 7041/7041
f 7042/7042 7043/7043 7044/7044
f 7045/7045 7046/7046 7047/7047
f 7048/7048 7049/7049 7050/7050 7051/7051
f 7052/7052 7053/7053 7054/7054
f 7055/7055 7056/7056 7057/7057
f 7058/7058 7059/7059 7060/7060 7061/7061
f 7062/7062 7063/7063 7064/7064
f 7065/7065 7066/7066 7067/7067
f 7068/7068 7069/7069 7070/7070 7071/7071
f 7072/7072 7073/7073 7074/7074
f 7075/7075 7076/7076 7077/7077
f 7078/7078 7079/7079 7080/7080 7081/7081
f 7082/7082 7083/7083 7084/7084
usemtl models/caelum/world/environment/bark_mountain.png
f 7085/7085 7086/7086 7087/7087 7088/7088
f 7089/7089 7090/7090 7091/7091
f 7092/7092 7093/7093 7094/7094 7095/7095
f 7096/7096 7097/7097 7098/7098
f 7099/7099 7100/7100 7101/7101 7102/7102
f 7103/7103 7104/7104 7105/7105
f 7106/7106 7107/7107 7108/7108 7109/7109
f 7110/7110 7111/7111 7112/7112
f 7113/7113 7114/7114 7115/7115 7116/7116
f 7117/7117 7118/7118 7119/7119
f 7120/7120 7121/7121 7122/7122 7123/7123
f 7124/7124 7125/7125 7126/7126
f 7127/7127 7128/7128 7129/7129 7130/7130
f 7131/7131 7132/7132 7133/7133
f 7134/7134 7135/7135 7136/7136 7137/7137
f 7138/7138 7139/7139 7140/7140
f 7141/7141 7142/7142 7143/7143 7144/7144
f 7145/7145 7146/7146 7147/7147
f 7148/7148 7149/7149 7150/7150 7151/7151
f 7152/7152 7153/7153 7154/7154
f 7155/7155 7156/7156 7157/7157 7158/7158
f 7159/7159 7160/7160 7161/7161
f 7162/7162 7163/7163 7164/7164 7165/7165
f 7166/7166 7167/7167 7168/7168
usemtl models/caelum/world/environment/foliage_mountain.png
f 7169/7169 7170/7170 7171/7171
f 7172/7172 7173/7173 7174/7174 7175/7175
f 7176/7176 7177/7177 7178/7178
f 7179/7179 7180/7180 7181/7181
f 7182/7182 7183/7183 7184/7184 7185/7185
f 7186/7186 7187/7187 7188/7188
f 7189/7189 7190/7190 7191/7191
f 7192/7192 7193/7193 7194/7194 7195/7195
f 7196/7196 7197/7197 7198/7198
f 7199/7199 7200/7200 7201/7201
f 7202/7202 7203/7203 7204/7204 7205/7205
f 7206/7206 7207/7207 7208/7208
f 7209/7209 7210/7210 7211/7211
f 7212/7212 7213/7213 7214/7214 7215/7215
f 7216/7216 7217/7217 7218/7218
f 7219/7219 7220/7220 7221/7221
f 7222/7222 7223/7223 7224/7224 7225/7225
f 7226/7226 7227/7227 7228/7228
f 7229/7229 7230/7230 7231/7231
f 7232/7232 7233/7233 7234/7234 7235/7235
f 7236/7236 7237/7237 7238/7238
f 7239/7239 7240/7240 7241/7241
f 7242/7242 7243/7243 7244/7244 7245/7245
f 7246/7246 7247/7247 7248/7248
f 7249/7249 7250/7250 7251/7251
f 7252/7252 7253/7253 7254/7254 7255/7255
f 7256/7256 7257/7257 7258/7258
f 7259/7259 7260/7260 7261/7261
f 7262/7262 7263/7263 7264/7264 7265/7265
f 7266/7266 7267/7267 7268/7268
f 7269/7269 7270/7270 7271/7271
f 7272/7272 7273/7273 7274/7274 7275/7275
f 7276/7276 7277/7277 7278/7278
f 7279/7279 7280/7280 7281/7281
f 7282/7282 7283/7283 7284/7284 7285/7285
f 7286/7286 7287/7287 7288/7288
f 7289/7289 7290/7290 7291/7291
f 7292/7292 7293/7293 7294/7294 7295/7295
f 7296/7296 7297/7297 7298/7298
f 7299/7299 7300/7300 7301/7301
f 7302/7302 7303/7303 7304/7304 7305/7305
f 7306/7306 7307/7307 7308/7308
usemtl models/caelum/world/environment/bark_mountain.png
f 7309/7309 7310/7310 7311/7311 7312/7312
f 7313/7313 7314/7314 7315/7315
f 7316/7316 7317/7317 7318/7318 7319/7319
f 7320/7320 7321/7321 7322/7322
f 7323/7323 7324/7324 7325/7325 7326/7326
f 7327/7327 7328/7328 7329/7329
f 7330/7330 7331/7331 7332/7332 7333/7333
f 7334/7334 7335/7335 7336/7336
f 7337/7337 7338/7338 7339/7339 7340/7340
f 7341/7341 7342/7342 7343/7343
f 7344/7344 7345/7345 7346/7346 7347/7347
f 7348/7348 7349/7349 7350/7350
f 7351/7351 7352/7352 7353/7353 7354/7354
f 7355/7355 7356/7356 7357/7357
f 7358/7358 7359/7359 7360/7360 7361/7361
f 7362/7362 7363/7363 7364/7364
f 7365/7365 7366/7366 7367/7367 7368/7368
f 7369/7369 7370/7370 7371/7371
f 7372/7372 7373/7373 7374/7374 7375/7375
f 7376/7376 7377/7377 7378/7378
f 7379/7379 7380/7380 7381/7381 7382/7382
f 7383/7383 7384/7384 7385/7385
f 7386/7386 7387/7387 7388/7388 7389/7389
f 7390/7390 7391/7391 7392/7392
usemtl models/caelum/world/environment/foliage_mountain.png
f 7393/7393 7394/7394 7395/7395
f 7396/7396 7397/7397 7398/7398 7399/7399
f 7400/7400 7401/7401 7402/7402
f 7403/7403 7404/7404 7405/7405
f 7406/7406 7407/7407 7408/7408 7409/7409
f 7410/7410 7411/7411 7412/7412
f 7413/7413 7414/7414 7415/7415
f 7416/7416 7417/7417 7418/7418 7419/7419
f 7420/7420 7421/7421 7422/7422
f 7423/7423 7424/7424 7425/7425
f 7426/7426 7427/7427 7428/7428 7429/7429
f 7430/7430 7431/7431 7432/7432
f 7433/7433 7434/7434 7435/7435
f 7436/7436 7437/7437 7438/7438 7439/7439
f 7440/7440 7441/7441 7442/7442
f 7443/7443 7444/7444 7445/7445
f 7446/7446 7447/7447 7448/7448 7449/7449
f 7450/7450 7451/7451 7452/7452
f 7453/7453 7454/7454 7455/7455
f 7456/7456 7457/7457 7458/7458 7459/7459
f 7460/7460 7461/7461 7462/7462
f 7463/7463 7464/7464 7465/7465
f 7466/7466 7467/7467 7468/7468 7469/7469
f 7470/7470 7471/7471 7472/7472
f 7473/7473 7474/7474 7475/7475
f 7476/7476 7477/7477 7478/7478 7479/7479
f 7480/7480 7481/7481 7482/7482
f 7483/7483 7484/7484 7485/7485
f 7486/7486 7487/7487 7488/7488 7489/7489
f 7490/7490 7491/7491 7492/7492
f 7493/7493 7494/7494 7495/7495
f 7496/7496 7497/7497 7498/7498 7499/7499
f 7500/7500 7501/7501 7502/7502
f 7503/7503 7504/7504 7505/7505
f 7506/7506 7507/7507 7508/7508 7509/7509
f 7510/7510 7511/7511 7512/7512
f 7513/7513 7514/7514 7515/7515
f 7516/7516 7517/7517 7518/7518 7519/7519
f 7520/7520 7521/7521 7522/7522
f 7523/7523 7524/7524 7525/7525
f 7526/7526 7527/7527 7528/7528 7529/7529
f 7530/7530 7531/7531 7532/7532
usemtl models/caelum/world/environment/bark_mountain.png
f 7533/7533 7534/7534 7535/7535 7536/7536
f 7537/7537 7538/7538 7539/7539
f 7540/7540 7541/7541 7542/7542 7543/7543
f 7544/7544 7545/7545 7546/7546
f 7547/7547 7548/7548 7549/7549 7550/7550
f 7551/7551 7552/7552 7553/7553
f 7554/7554 7555/7555 7556/7556 7557/7557
f 7558/7558 7559/7559 7560/7560
f 7561/7561 7562/7562 7563/7563 7564/7564
f 7565/7565 7566/7566 7567/7567
f 7568/7568 7569/7569 7570/7570 7571/7571
f 7572/7572 7573/7573 7574/7574
f 7575/7575 7576/7576 7577/7577 7578/7578
f 7579/7579 7580/7580 7581/7581
f 7582/7582 7583/7583 7584/7584 7585/7585
f 7586/7586 7587/7587 7588/7588
f 7589/7589 7590/7590 7591/7591 7592/7592
f 7593/7593 7594/7594 7595/7595
f 7596/7596 7597/7597 7598/7598 7599/7599
f 7600/7600 7601/7601 7602/7602
f 7603/7603 7604/7604 7605/7605 7606/7606
f 7607/7607 7608/7608 7609/7609
f 7610/7610 7611/7611 7612/7612 7613/7613
f 7614/7614 7615/7615 7616/7616
usemtl models/caelum/world/environment/foliage_mountain.png
f 7617/7617 7618/7618 7619/7619
f 7620/7620 7621/7621 7622/7622 7623/7623
f 7624/7624 7625/7625 7626/7626
f 7627/7627 7628/7628 7629/7629
f 7630/7630 7631/7631 7632/7632 7633/7633
f 7634/7634 7635/7635 7636/7636
f 7637/7637 7638/7638 7639/7639
f 7640/7640 7641/7641 7642/7642 7643/7643
f 7644/7644 7645/7645 7646/7646
f 7647/7647 7648/7648 7649/7649
f 7650/7650 7651/7651 7652/7652 7653/7653
f 7654/7654 7655/7655 7656/7656
f 7657/7657 7658/7658 7659/7659
f 7660/7660 7661/7661 7662/7662 7663/7663
f 7664/7664 7665/7665 7666/7666
f 7667/7667 7668/7668 7669/7669
f 7670/7670 7671/7671 7672/7672 7673/7673
f 7674/7674 7675/7675 7676/7676
f 7677/7677 7678/7678 7679/7679
f 7680/7680 7681/7681 7682/7682 7683/7683
f 7684/7684 7685/7685 7686/7686
f 7687/7687 7688/7688 7689/7689
f 7690/7690 7691/7691 7692/7692 7693/7693
f 7694/7694 7695/7695 7696/7696
f 7697/7697 7698/7698 7699/7699
f 7700/7700 7701/7701 7702/7702 7703/7703
f 7704/7704 7705/7705 7706/7706
f 7707/7707 7708/7708 7709/7709
f 7710/7710 7711/7711 7712/7712 7713/7713
f 7714/7714 7715/7715 7716/7716
f 7717/7717 7718/7718 7719/7719
f 7720/7720 7721/7721 7722/7722 7723/7723
f 7724/7724 7725/7725 7726/7726
f 7727/7727 7728/7728 7729/7729
f 7730/7730 7731/7731 7732/7732 7733/7733
f 7734/7734 7735/7735 7736/7736
f 7737/7737 7738/7738 7739/7739
f 7740/7740 7741/7741 7742/7742 7743/7743
f 7744/7744 7745/7745 7746/7746
f 7747/7747 7748/7748 7749/7749
f 7750/7750 7751/7751 7752/7752 7753/7753
f 7754/7754 7755/7755 7756/7756
usemtl models/caelum/world/environment/bark_mountain.png
f 7757/7757 7758/7758 7759/7759 7760/7760
f 7761/7761 7762/7762 7763/7763
f 7764/7764 7765/7765 7766/7766 7767/7767
f 7768/7768 7769/7769 7770/7770
f 7771/7771 7772/7772 7773/7773 7774/7774
f 7775/7775 7776/7776 7777/7777
f 7778/7778 7779/7779 7780/7780 7781/7781
f 7782/7782 7783/7783 7784/7784
f 7785/7785 7786/7786 7787/7787 7788/7788
f 7789/7789 7790/7790 7791/7791
f 7792/7792 7793/7793 7794/7794 7795/7795
f 7796/7796 7797/7797 7798/7798
f 7799/7799 7800/7800 7801/7801 7802/7802
f 7803/7803 7804/7804 7805/7805
f 7806/7806 7807/7807 7808/7808 7809/7809
f 7810/7810 7811/7811 7812/7812
f 7813/7813 7814/7814 7815/7815 7816/7816
f 7817/7817 7818/7818 7819/7819
f 7820/7820 7821/7821 7822/7822 7823/7823
f 7824/7824 7825/7825 7826/7826
f 7827/7827 7828/7828 7829/7829 7830/7830
f 7831/7831 7832/7832 7833/7833
f 7834/7834 7835/7835 7836/7836 7837/7837
f 7838/7838 7839/7839 7840/7840
usemtl models/caelum/world/environment/foliage_mountain.png
f 7841/7841 7842/7842 7843/7843
f 7844/7844 7845/7845 7846/7846 7847/7847
f 7848/7848 7849/7849 7850/7850
f 7851/7851 7852/7852 7853/7853
f 7854/7854 7855/7855 7856/7856 7857/7857
f 7858/7858 7859/7859 7860/7860
f 7861/7861 7862/7862 7863/7863
f 7864/7864 7865/7865 7866/7866 7867/7867
f 7868/7868 7869/7869 7870/7870
f 7871/7871 7872/7872 7873/7873
f 7874/7874 7875/7875 7876/7876 7877/7877
f 7878/7878 7879/7879 7880/7880
f 7881/7881 7882/7882 7883/7883
f 7884/7884 7885/7885 7886/7886 7887/7887
f 7888/7888 7889/7889 7890/7890
f 7891/7891 7892/7892 7893/7893
f 7894/7894 7895/7895 7896/7896 7897/7897
f 7898/7898 7899/7899 7900/7900
f 7901/7901 7902/7902 7903/7903
f 7904/7904 7905/7905 7906/7906 7907/7907
f 7908/7908 7909/7909 7910/7910
f 7911/7911 7912/7912 7913/7913
f 7914/7914 7915/7915 7916/7916 7917/7917
f 7918/7918 7919/7919 7920/7920
f 7921/7921 7922/7922 7923/7923
f 7924/7924 7925/7925 7926/7926 7927/7927
f 7928/7928 7929/7929 7930/7930
f 7931/7931 7932/7932 7933/7933
f 7934/7934 7935/7935 7936/7936 7937/7937
f 7938/7938 7939/7939 7940/7940
f 7941/7941 7942/7942 7943/7943
f 7944/7944 7945/7945 7946/7946 7947/7947
f 7948/7948 7949/7949 7950/7950
f 7951/7951 7952/7952 7953/7953
f 7954/7954 7955/7955 7956/7956 7957/7957
f 7958/7958 7959/7959 7960/7960
f 7961/7961 7962/7962 7963/7963
f 7964/7964 7965/7965 7966/7966 7967/7967
f 7968/7968 7969/7969 7970/7970
f 7971/7971 7972/7972 7973/7973
f 7974/7974 7975/7975 7976/7976 7977/7977
f 7978/7978 7979/7979 7980/7980
usemtl models/caelum/world/environment/bark_mountain.png
f 7981/7981 7982/7982 7983/7983 7984/7984
f 7985/7985 7986/7986 7987/7987
f 7988/7988 7989/7989 7990/7990 7991/7991
f 7992/7992 7993/7993 7994/7994
f 7995/7995 7996/7996 7997/7997 7998/7998
f 7999/7999 8000/8000 8001/8001
f 8002/8002 8003/8003 8004/8004 8005/8005
f 8006/8006 8007/8007 8008/8008
f 8009/8009 8010/8010 8011/8011 8012/8012
f 8013/8013 8014/8014 8015/8015
f 8016/8016 8017/8017 8018/8018 8019/8019
f 8020/8020 8021/8021 8022/8022
f 8023/8023 8024/8024 8025/8025 8026/8026
f 8027/8027 8028/8028 8029/8029
f 8030/8030 8031/8031 8032/8032 8033/8033
f 8034/8034 8035/8035 8036/8036
f 8037/8037 8038/8038 8039/8039 8040/8040
f 8041/8041 8042/8042 8043/8043
f 8044/8044 8045/8045 8046/8046 8047/8047
f 8048/8048 8049/8049 8050/8050
f 8051/8051 8052/8052 8053/8053 8054/8054
f 8055/8055 8056/8056 8057/8057
f 8058/8058 8059/8059 8060/8060 8061/8061
f 8062/8062 8063/8063 8064/8064
usemtl models/caelum/world/environment/foliage_mountain.png
f 8065/8065 8066/8066 8067/8067
f 8068/8068 8069/8069 8070/8070 8071/8071
f 8072/8072 8073/8073 8074/8074
f 8075/8075 8076/8076 8077/8077
f 8078/8078 8079/8079 8080/8080 8081/8081
f 8082/8082 8083/8083 8084/8084
f 8085/8085 8086/8086 8087/8087
f 8088/8088 8089/8089 8090/8090 8091/8091
f 8092/8092 8093/8093 8094/8094
f 8095/8095 8096/8096 8097/8097
f 8098/8098 8099/8099 8100/8100 8101/8101
f 8102/8102 8103/8103 8104/8104
f 8105/8105 8106/8106 8107/8107
f 8108/8108 8109/8109 8110/8110 8111/8111
f 8112/8112 8113/8113 8114/8114
f 8115/8115 8116/8116 8117/8117
f 8118/8118 8119/8119 8120/8120 8121/8121
f 8122/8122 8123/8123 8124/8124
f 8125/8125 8126/8126 8127/8127
f 8128/8128 8129/8129 8130/8130 8131/8131
f 8132/8132 8133/8133 8134/8134
f 8135/8135 8136/8136 8137/8137
f 8138/8138 8139/8139 8140/8140 8141/8141
f 8142/8142 8143/8143 8144/8144
f 8145/8145 8146/8146 8147/8147
f 8148/8148 8149/8149 8150/8150 8151/8151
f 8152/8152 8153/8153 8154/8154
f 8155/8155 8156/8156 8157/8157
f 8158/8158 8159/8159 8160/8160 8161/8161
f 8162/8162 8163/8163 8164/8164
f 8165/8165 8166/8166 8167/8167
f 8168/8168 8169/8169 8170/8170 8171/8171
f 8172/8172 8173/8173 8174/8174
f 8175/8175 8176/8176 8177/8177
f 8178/8178 8179/8179 8180/8180 8181/8181
f 8182/8182 8183/8183 8184/8184
f 8185/8185 8186/8186 8187/8187
f 8188/8188 8189/8189 8190/8190 8191/8191
f 8192/8192 8193/8193 8194/8194
f 8195/8195 8196/8196 8197/8197
f 8198/8198 8199/8199 8200/8200 8201/8201
f 8202/8202 8203/8203 8204/8204
