# Modelo original generado para Caelum Argenteum.
# Ejes OBJ: X ancho, Y altura, Z profundidad.
o ca_tree_coast_willow3
v 0.000000 0.051910 -10.999878
v -7.069404 0.173207 -8.425765
v -3.937089 49.959513 -5.578578
v 0.940800 49.875818 -7.354715
v 0.000000 0.000000 0.000000
v -7.069404 0.173207 -8.425765
v 0.000000 0.051910 -10.999878
v -7.069404 0.173207 -8.425765
v -10.830956 0.213459 -1.909144
v -6.532560 49.987287 -1.082109
v -3.937089 49.959513 -5.578578
v 0.000000 0.000000 0.000000
v -10.830956 0.213459 -1.909144
v -7.069404 0.173207 -8.425765
v -10.830956 0.213459 -1.909144
v -9.524583 0.153831 5.500787
v -5.631162 49.946143 4.030743
v -6.532560 49.987287 -1.082109
v 0.000000 0.000000 0.000000
v -9.524583 0.153831 5.500787
v -10.830956 0.213459 -1.909144
v -9.524583 0.153831 5.500787
v -3.761551 0.022224 10.336839
v -1.654671 49.855335 7.367619
v -5.631162 49.946143 4.030743
v 0.000000 0.000000 0.000000
v -3.761551 0.022224 10.336839
v -9.524583 0.153831 5.500787
v -3.761551 0.022224 10.336839
v 3.761551 -0.119782 10.336169
v 3.536271 49.757350 7.367156
v -1.654671 49.855335 7.367619
v 0.000000 0.000000 0.000000
v 3.761551 -0.119782 10.336169
v -3.761551 0.022224 10.336839
v 3.761551 -0.119782 10.336169
v 9.524583 -0.205741 5.499090
v 7.512762 49.698039 4.029572
v 3.536271 49.757350 7.367156
v 0.000000 0.000000 0.000000
v 9.524583 -0.205741 5.499090
v 3.761551 -0.119782 10.336169
v 9.524583 -0.205741 5.499090
v 10.830956 -0.195431 -1.911073
v 8.414160 49.705153 -1.083441
v 7.512762 49.698039 4.029572
v 0.000000 0.000000 0.000000
v 10.830956 -0.195431 -1.911073
v 9.524583 -0.205741 5.499090
v 10.830956 -0.195431 -1.911073
v 7.069404 -0.093677 -8.427025
v 5.818689 49.775363 -5.579447
v 8.414160 49.705153 -1.083441
v 0.000000 0.000000 0.000000
v 7.069404 -0.093677 -8.427025
v 10.830956 -0.195431 -1.911073
v 7.069404 -0.093677 -8.427025
v 0.000000 0.051910 -10.999878
v 0.940800 49.875818 -7.354715
v 5.818689 49.775363 -5.579447
v 0.000000 0.000000 0.000000
v 0.000000 0.051910 -10.999878
v 7.069404 -0.093677 -8.427025
v 0.033503 49.990516 -7.298873
v -4.590875 50.208233 -4.948725
v 0.198370 92.762795 -2.043715
v 2.745129 92.642893 -3.338000
v -4.590875 50.208233 -4.948725
v -6.626921 50.253650 -0.172960
v -0.922930 92.787807 0.586416
v 0.198370 92.762795 -2.043715
v -6.626921 50.253650 -0.172960
v -5.121946 50.105515 4.793787
v -0.094103 92.706226 3.321726
v -0.922930 92.787807 0.586416
v -5.121946 50.105515 4.793787
v -0.780145 49.833143 7.627521
v 2.297033 92.556224 4.882333
v -0.094103 92.706226 3.321726
v -0.780145 49.833143 7.627521
v 4.366906 49.563979 7.002305
v 5.131641 92.407989 4.538012
v 2.297033 92.556224 4.882333
v 4.366906 49.563979 7.002305
v 7.910843 49.423969 3.210686
v 7.083374 92.330881 2.449873
v 5.131641 92.407989 4.538012
v 7.910843 49.423969 3.210686
v 8.193420 49.478624 -1.973196
v 7.238996 92.360981 -0.405018
v 7.083374 92.330881 2.449873
v 8.193420 49.478624 -1.973196
v 5.082415 49.702371 -6.123745
v 5.525689 92.484204 -2.690828
v 7.238996 92.360981 -0.405018
v 5.082415 49.702371 -6.123745
v 0.033503 49.990516 -7.298873
v 2.745129 92.642893 -3.338000
v 5.525689 92.484204 -2.690828
v 2.254545 92.724878 -3.246461
v -0.114842 92.887014 -1.654215
v 5.261119 124.660240 1.015845
v 5.697585 124.630372 0.722536
v 5.880000 124.600000 1.470000
v 5.697585 124.630372 0.722536
v 5.261119 124.660240 1.015845
v -0.114842 92.887014 -1.654215
v -0.912215 92.896137 1.091626
v 5.114234 124.661920 1.521657
v 5.261119 124.660240 1.015845
v 5.880000 124.600000 1.470000
v 5.261119 124.660240 1.015845
v 5.114234 124.661920 1.521657
v -0.912215 92.896137 1.091626
v 0.235525 92.747977 3.706253
v 5.325660 124.634627 2.003299
v 5.114234 124.661920 1.521657
v 5.880000 124.600000 1.470000
v 5.114234 124.661920 1.521657
v 5.325660 124.634627 2.003299
v 0.235525 92.747977 3.706253
v 2.791339 92.511861 4.966252
v 5.796468 124.591132 2.235404
v 5.325660 124.634627 2.003299
v 5.880000 124.600000 1.470000
v 5.325660 124.634627 2.003299
v 5.796468 124.591132 2.235404
v 2.791339 92.511861 4.966252
v 5.559332 92.298269 4.282056
v 6.306361 124.551786 2.109368
v 5.796468 124.591132 2.235404
v 5.880000 124.600000 1.470000
v 5.796468 124.591132 2.235404
v 6.306361 124.551786 2.109368
v 5.559332 92.298269 4.282056
v 7.244329 92.207145 1.973808
v 6.616755 124.535000 1.684165
v 6.306361 124.551786 2.109368
v 5.880000 124.600000 1.470000
v 6.306361 124.551786 2.109368
v 6.616755 124.535000 1.684165
v 7.244329 92.207145 1.973808
v 7.057903 92.281125 -0.878437
v 6.582414 124.548628 1.158751
v 6.616755 124.535000 1.684165
v 5.880000 124.600000 1.470000
v 6.616755 124.535000 1.684165
v 6.582414 124.548628 1.158751
v 7.057903 92.281125 -0.878437
v 5.087283 92.485594 -2.940082
v 6.219405 124.586294 0.778974
v 6.582414 124.548628 1.158751
v 5.880000 124.600000 1.470000
v 6.582414 124.548628 1.158751
v 6.219405 124.586294 0.778974
v 5.087283 92.485594 -2.940082
v 2.254545 92.724878 -3.246461
v 5.697585 124.630372 0.722536
v 6.219405 124.586294 0.778974
v 5.880000 124.600000 1.470000
v 6.219405 124.586294 0.778974
v 5.697585 124.630372 0.722536
v 4.075566 103.277459 -1.854819
v 2.496651 105.445634 -0.726469
v 29.581562 125.022397 -2.882625
v 30.134182 124.263536 -3.277548
v 4.075566 103.734531 1.018892
v 2.496651 105.445634 -0.726469
v 4.075566 103.277459 -1.854819
v 2.496651 105.445634 -0.726469
v 2.496651 105.902706 2.147242
v 29.581562 125.182372 -1.876826
v 29.581562 125.022397 -2.882625
v 4.075566 103.734531 1.018892
v 2.496651 105.902706 2.147242
v 2.496651 105.445634 -0.726469
v 2.496651 105.902706 2.147242
v 4.075566 104.191603 3.892602
v 30.134182 124.583486 -1.265950
v 29.581562 125.182372 -1.876826
v 4.075566 103.734531 1.018892
v 4.075566 104.191603 3.892602
v 2.496651 105.902706 2.147242
v 4.075566 104.191603 3.892602
v 5.654481 102.023428 2.764252
v 30.686803 123.824625 -1.660873
v 30.134182 124.583486 -1.265950
v 4.075566 103.734531 1.018892
v 5.654481 102.023428 2.764252
v 4.075566 104.191603 3.892602
v 5.654481 102.023428 2.764252
v 5.654481 101.566356 -0.109459
v 30.686803 123.664650 -2.666672
v 30.686803 123.824625 -1.660873
v 4.075566 103.734531 1.018892
v 5.654481 101.566356 -0.109459
v 5.654481 102.023428 2.764252
v 5.654481 101.566356 -0.109459
v 4.075566 103.277459 -1.854819
v 30.134182 124.263536 -3.277548
v 30.686803 123.664650 -2.666672
v 4.075566 103.734531 1.018892
v 4.075566 103.277459 -1.854819
v 5.654481 101.566356 -0.109459
v 30.064909 124.343895 -3.284708
v 29.602009 125.111602 -2.801414
v 59.160129 143.251021 -5.297703
v 58.763358 143.909055 -4.883451
v 58.703981 143.840813 -5.751702
v 58.763358 143.909055 -4.883451
v 59.160129 143.251021 -5.297703
v 29.602009 125.111602 -2.801414
v 29.671282 125.191218 -1.788455
v 59.100752 143.182779 -6.165954
v 59.160129 143.251021 -5.297703
v 58.703981 143.840813 -5.751702
v 59.160129 143.251021 -5.297703
v 59.100752 143.182779 -6.165954
v 29.671282 125.191218 -1.788455
v 30.203456 124.503126 -1.258790
v 58.644603 143.772572 -6.619952
v 59.100752 143.182779 -6.165954
v 58.703981 143.840813 -5.751702
v 59.100752 143.182779 -6.165954
v 58.644603 143.772572 -6.619952
v 30.203456 124.503126 -1.258790
v 30.666356 123.735419 -1.742084
v 58.247832 144.430606 -6.205700
v 58.644603 143.772572 -6.619952
v 58.703981 143.840813 -5.751702
v 58.644603 143.772572 -6.619952
v 58.247832 144.430606 -6.205700
v 30.666356 123.735419 -1.742084
v 30.597082 123.655804 -2.755043
v 58.307209 144.498848 -5.337450
v 58.247832 144.430606 -6.205700
v 58.703981 143.840813 -5.751702
v 58.247832 144.430606 -6.205700
v 58.307209 144.498848 -5.337450
v 30.597082 123.655804 -2.755043
v 30.064909 124.343895 -3.284708
v 58.763358 143.909055 -4.883451
v 58.307209 144.498848 -5.337450
v 58.703981 143.840813 -5.751702
v 58.307209 144.498848 -5.337450
v 58.763358 143.909055 -4.883451
v 5.128154 119.533813 0.145537
v 2.564674 118.418024 2.026438
v 20.335562 127.067562 29.415575
v 21.232780 127.458088 28.757260
v 5.128154 116.361658 1.282038
v 2.564674 118.418024 2.026438
v 5.128154 119.533813 0.145537
v 2.564674 118.418024 2.026438
v 2.564674 115.245869 3.162940
v 20.335562 125.957308 29.813351
v 20.335562 127.067562 29.415575
v 5.128154 116.361658 1.282038
v 2.564674 115.245869 3.162940
v 2.564674 118.418024 2.026438
v 2.564674 115.245869 3.162940
v 5.128154 113.189503 2.418540
v 21.232780 125.237580 29.552811
v 20.335562 125.957308 29.813351
v 5.128154 116.361658 1.282038
v 5.128154 113.189503 2.418540
v 2.564674 115.245869 3.162940
v 5.128154 113.189503 2.418540
v 7.691634 114.305292 0.537639
v 22.129998 125.628106 28.894496
v 21.232780 125.237580 29.552811
v 5.128154 116.361658 1.282038
v 7.691634 114.305292 0.537639
v 5.128154 113.189503 2.418540
v 7.691634 114.305292 0.537639
v 7.691634 117.477447 -0.598863
v 22.129998 126.738360 28.496720
v 22.129998 125.628106 28.894496
v 5.128154 116.361658 1.282038
v 7.691634 117.477447 -0.598863
v 7.691634 114.305292 0.537639
v 7.691634 117.477447 -0.598863
v 5.128154 119.533813 0.145537
v 21.232780 127.458088 28.757260
v 22.129998 126.738360 28.496720
v 5.128154 116.361658 1.282038
v 5.128154 119.533813 0.145537
v 7.691634 117.477447 -0.598863
v 21.111114 127.520901 29.153597
v 20.298117 126.844376 29.675362
v 39.907945 127.813224 59.011625
v 39.211090 127.233346 59.458852
v 39.106805 128.238831 59.457619
v 39.211090 127.233346 59.458852
v 39.907945 127.813224 59.011625
v 20.298117 126.844376 29.675362
v 20.419783 125.671310 29.676801
v 39.803660 128.818709 59.010391
v 39.907945 127.813224 59.011625
v 39.106805 128.238831 59.457619
v 39.907945 127.813224 59.011625
v 39.803660 128.818709 59.010391
v 20.419783 125.671310 29.676801
v 21.354446 125.174768 29.156474
v 39.002520 129.244317 59.456386
v 39.803660 128.818709 59.010391
v 39.106805 128.238831 59.457619
v 39.803660 128.818709 59.010391
v 39.002520 129.244317 59.456386
v 21.354446 125.174768 29.156474
v 22.167444 125.851292 28.634709
v 38.305665 128.664439 59.903613
v 39.002520 129.244317 59.456386
v 39.106805 128.238831 59.457619
v 39.002520 129.244317 59.456386
v 38.305665 128.664439 59.903613
v 22.167444 125.851292 28.634709
v 22.045778 127.024359 28.633270
v 38.409950 127.658953 59.904847
v 38.305665 128.664439 59.903613
v 39.106805 128.238831 59.457619
v 38.305665 128.664439 59.903613
v 38.409950 127.658953 59.904847
v 22.045778 127.024359 28.633270
v 21.111114 127.520901 29.153597
v 39.211090 127.233346 59.458852
v 38.409950 127.658953 59.904847
v 39.106805 128.238831 59.457619
v 38.409950 127.658953 59.904847
v 39.211090 127.233346 59.458852
v 2.581763 84.203032 -1.819877
v 0.024905 83.543609 -0.480546
v 4.591080 115.005464 21.599658
v 5.485980 115.236262 21.130892
v 2.581763 82.563404 0.645441
v 0.024905 83.543609 -0.480546
v 2.581763 84.203032 -1.819877
v 0.024905 83.543609 -0.480546
v 0.024905 81.903982 1.984772
v 4.591080 114.431594 22.462520
v 4.591080 115.005464 21.599658
v 2.581763 82.563404 0.645441
v 0.024905 81.903982 1.984772
v 0.024905 83.543609 -0.480546
v 0.024905 81.903982 1.984772
v 2.581763 80.923777 3.110759
v 5.485980 114.088523 22.856615
v 4.591080 114.431594 22.462520
v 2.581763 82.563404 0.645441
v 2.581763 80.923777 3.110759
v 0.024905 81.903982 1.984772
v 2.581763 80.923777 3.110759
v 5.138621 81.583199 1.771427
v 6.380880 114.319320 22.387849
v 5.485980 114.088523 22.856615
v 2.581763 82.563404 0.645441
v 5.138621 81.583199 1.771427
v 2.581763 80.923777 3.110759
v 5.138621 81.583199 1.771427
v 5.138621 83.222827 -0.693891
v 6.380880 114.893190 21.524988
v 6.380880 114.319320 22.387849
v 2.581763 82.563404 0.645441
v 5.138621 83.222827 -0.693891
v 5.138621 81.583199 1.771427
v 5.138621 83.222827 -0.693891
v 2.581763 84.203032 -1.819877
v 5.485980 115.236262 21.130892
v 6.380880 114.893190 21.524988
v 2.581763 82.563404 0.645441
v 2.581763 84.203032 -1.819877
v 5.138621 83.222827 -0.693891
v 5.362317 115.235212 21.139095
v 4.535973 114.948928 21.695022
v 9.661653 149.729151 45.430935
v 8.953359 149.483765 45.907443
v 8.847362 149.974753 45.174879
v 8.953359 149.483765 45.907443
v 9.661653 149.729151 45.430935
v 4.535973 114.948928 21.695022
v 4.659637 114.376108 22.549680
v 9.555656 150.220139 44.698371
v 9.661653 149.729151 45.430935
v 8.847362 149.974753 45.174879
v 9.661653 149.729151 45.430935
v 9.555656 150.220139 44.698371
v 4.659637 114.376108 22.549680
v 5.609643 114.089572 22.848412
v 8.741364 150.465742 44.442315
v 9.555656 150.220139 44.698371
v 8.847362 149.974753 45.174879
v 9.555656 150.220139 44.698371
v 8.741364 150.465742 44.442315
v 5.609643 114.089572 22.848412
v 6.435986 114.375856 22.292485
v 8.033070 150.220356 44.918823
v 8.741364 150.465742 44.442315
v 8.847362 149.974753 45.174879
v 8.741364 150.465742 44.442315
v 8.033070 150.220356 44.918823
v 6.435986 114.375856 22.292485
v 6.312323 114.948676 21.437827
v 8.139067 149.729367 45.651388
v 8.033070 150.220356 44.918823
v 8.847362 149.974753 45.174879
v 8.033070 150.220356 44.918823
v 8.139067 149.729367 45.651388
v 6.312323 114.948676 21.437827
v 5.362317 115.235212 21.139095
v 8.953359 149.483765 45.907443
v 8.139067 149.729367 45.651388
v 8.847362 149.974753 45.174879
v 8.139067 149.729367 45.651388
v 8.953359 149.483765 45.907443
v 2.561957 84.099220 -1.964982
v 0.097668 82.143746 -1.394054
v -16.457539 111.088510 20.467887
v -15.595038 111.772926 20.268062
v 2.561957 82.246094 0.640489
v 0.097668 82.143746 -1.394054
v 2.561957 84.099220 -1.964982
v 0.097668 82.143746 -1.394054
v 0.097668 80.290619 1.211417
v -16.457539 110.439915 21.379801
v -16.457539 111.088510 20.467887
v 2.561957 82.246094 0.640489
v 0.097668 80.290619 1.211417
v 0.097668 82.143746 -1.394054
v 0.097668 80.290619 1.211417
v 2.561957 80.392967 3.245960
v -15.595038 110.475737 22.091891
v -16.457539 110.439915 21.379801
v 2.561957 82.246094 0.640489
v 2.561957 80.392967 3.245960
v 0.097668 80.290619 1.211417
v 2.561957 80.392967 3.245960
v 5.026246 82.348441 2.675032
v -14.732537 111.160153 21.892067
v -15.595038 110.475737 22.091891
v 2.561957 82.246094 0.640489
v 5.026246 82.348441 2.675032
v 2.561957 80.392967 3.245960
v 5.026246 82.348441 2.675032
v 5.026246 84.201568 0.069561
v -14.732537 111.808747 20.980152
v -14.732537 111.160153 21.892067
v 2.561957 82.246094 0.640489
v 5.026246 84.201568 0.069561
v 5.026246 82.348441 2.675032
v 5.026246 84.201568 0.069561
v 2.561957 84.099220 -1.964982
v -15.595038 111.772926 20.268062
v -14.732537 111.808747 20.980152
v 2.561957 82.246094 0.640489
v 2.561957 84.099220 -1.964982
v 5.026246 84.201568 0.069561
v -15.713805 111.739241 20.252591
v -16.507431 111.005701 20.543007
v -34.269569 141.106928 44.030436
v -34.949820 140.478180 44.279364
v -35.051620 141.005245 43.484462
v -34.949820 140.478180 44.279364
v -34.269569 141.106928 44.030436
v -16.507431 111.005701 20.543007
v -16.388664 110.390792 21.470393
v -34.371370 141.633993 43.235534
v -34.269569 141.106928 44.030436
v -35.051620 141.005245 43.484462
v -34.269569 141.106928 44.030436
v -34.371370 141.633993 43.235534
v -16.388664 110.390792 21.470393
v -15.476271 110.509422 22.107362
v -35.153420 141.532310 42.689560
v -34.371370 141.633993 43.235534
v -35.051620 141.005245 43.484462
v -34.371370 141.633993 43.235534
v -35.153420 141.532310 42.689560
v -15.476271 110.509422 22.107362
v -14.682646 111.242961 21.816946
v -35.833671 140.903562 42.938488
v -35.153420 141.532310 42.689560
v -35.051620 141.005245 43.484462
v -35.153420 141.532310 42.689560
v -35.833671 140.903562 42.938488
v -14.682646 111.242961 21.816946
v -14.801413 111.857871 20.889560
v -35.731871 140.376497 43.733390
v -35.833671 140.903562 42.938488
v -35.051620 141.005245 43.484462
v -35.833671 140.903562 42.938488
v -35.731871 140.376497 43.733390
v -14.801413 111.857871 20.889560
v -15.713805 111.739241 20.252591
v -34.949820 140.478180 44.279364
v -35.731871 140.376497 43.733390
v -35.051620 141.005245 43.484462
v -35.731871 140.376497 43.733390
v -34.949820 140.478180 44.279364
v 3.628584 98.644248 -2.144749
v 2.096388 96.077140 -1.165422
v -29.172959 118.538717 5.506570
v -28.636690 119.437205 5.163806
v 3.628584 97.880910 0.907146
v 2.096388 96.077140 -1.165422
v 3.628584 98.644248 -2.144749
v 2.096388 96.077140 -1.165422
v 2.096388 95.313802 1.886473
v -29.172959 118.271549 6.574734
v -29.172959 118.538717 5.506570
v 3.628584 97.880910 0.907146
v 2.096388 95.313802 1.886473
v 2.096388 96.077140 -1.165422
v 2.096388 95.313802 1.886473
v 3.628584 97.117572 3.959041
v -28.636690 118.902868 7.300132
v -29.172959 118.271549 6.574734
v 3.628584 97.880910 0.907146
v 3.628584 97.117572 3.959041
v 2.096388 95.313802 1.886473
v 3.628584 97.117572 3.959041
v 5.160781 99.684679 2.979714
v -28.100421 119.801356 6.957368
v -28.636690 118.902868 7.300132
v 3.628584 97.880910 0.907146
v 5.160781 99.684679 2.979714
v 3.628584 97.117572 3.959041
v 5.160781 99.684679 2.979714
v 5.160781 100.448017 -0.072181
v -28.100421 120.068524 5.889205
v -28.100421 119.801356 6.957368
v 3.628584 97.880910 0.907146
v 5.160781 100.448017 -0.072181
v 5.160781 99.684679 2.979714
v 5.160781 100.448017 -0.072181
v 3.628584 98.644248 -2.144749
v -28.636690 119.437205 5.163806
v -28.100421 120.068524 5.889205
v 3.628584 97.880910 0.907146
v 3.628584 98.644248 -2.144749
v 5.160781 100.448017 -0.072181
v -28.878283 119.053002 5.164127
v -29.167968 118.270957 5.883041
v -62.832974 138.148716 12.375204
v -63.081276 137.478391 12.991416
v -63.288355 137.378077 12.076123
v -63.081276 137.478391 12.991416
v -62.832974 138.148716 12.375204
v -29.167968 118.270957 5.883041
v -28.926375 118.387991 6.950884
v -63.040054 138.048402 11.459910
v -62.832974 138.148716 12.375204
v -63.288355 137.378077 12.076123
v -62.832974 138.148716 12.375204
v -63.040054 138.048402 11.459910
v -28.926375 118.387991 6.950884
v -28.395097 119.287071 7.299812
v -63.495435 137.277762 11.160829
v -63.040054 138.048402 11.459910
v -63.288355 137.378077 12.076123
v -63.040054 138.048402 11.459910
v -63.495435 137.277762 11.160829
v -28.395097 119.287071 7.299812
v -28.105412 120.069116 6.580897
v -63.743737 136.607437 11.777042
v -63.495435 137.277762 11.160829
v -63.288355 137.378077 12.076123
v -63.495435 137.277762 11.160829
v -63.743737 136.607437 11.777042
v -28.105412 120.069116 6.580897
v -28.347005 119.952082 5.513054
v -63.536657 136.707752 12.692335
v -63.743737 136.607437 11.777042
v -63.288355 137.378077 12.076123
v -63.743737 136.607437 11.777042
v -63.536657 136.707752 12.692335
v -28.347005 119.952082 5.513054
v -28.878283 119.053002 5.164127
v -63.081276 137.478391 12.991416
v -63.536657 136.707752 12.692335
v -63.288355 137.378077 12.076123
v -63.536657 136.707752 12.692335
v -63.081276 137.478391 12.991416
v 4.374206 104.923046 -0.825016
v 1.902139 105.456512 1.114509
v -8.722485 121.591524 -18.567335
v -7.857262 121.404811 -19.246169
v 4.374206 107.467954 1.093551
v 1.902139 105.456512 1.114509
v 4.374206 104.923046 -0.825016
v 1.902139 105.456512 1.114509
v 1.902139 108.001419 3.033076
v -8.722485 122.482241 -17.895837
v -8.722485 121.591524 -18.567335
v 4.374206 107.467954 1.093551
v 1.902139 108.001419 3.033076
v 1.902139 105.456512 1.114509
v 1.902139 108.001419 3.033076
v 4.374206 110.012861 3.012119
v -7.857262 123.186246 -17.903172
v -8.722485 122.482241 -17.895837
v 4.374206 107.467954 1.093551
v 4.374206 110.012861 3.012119
v 1.902139 108.001419 3.033076
v 4.374206 110.012861 3.012119
v 6.846273 109.479396 1.072594
v -6.992038 122.999533 -18.582006
v -7.857262 123.186246 -17.903172
v 4.374206 107.467954 1.093551
v 6.846273 109.479396 1.072594
v 4.374206 110.012861 3.012119
v 6.846273 109.479396 1.072594
v 6.846273 106.934489 -0.845973
v -6.992038 122.108816 -19.253504
v -6.992038 122.999533 -18.582006
v 4.374206 107.467954 1.093551
v 6.846273 106.934489 -0.845973
v 6.846273 109.479396 1.072594
v 6.846273 106.934489 -0.845973
v 4.374206 104.923046 -0.825016
v -7.857262 121.404811 -19.246169
v -6.992038 122.108816 -19.253504
v 4.374206 107.467954 1.093551
v 4.374206 104.923046 -0.825016
v 6.846273 106.934489 -0.845973
v -7.975609 121.311052 -19.085639
v -8.766427 121.676481 -18.388963
v -19.964217 135.386942 -39.949959
v -20.642061 135.700166 -39.352809
v -20.743501 134.856330 -39.790782
v -20.642061 135.700166 -39.352809
v -19.964217 135.386942 -39.949959
v -8.766427 121.676481 -18.388963
v -8.648080 122.660957 -17.877995
v -20.065657 134.543105 -40.387932
v -19.964217 135.386942 -39.949959
v -20.743501 134.856330 -39.790782
v -19.964217 135.386942 -39.949959
v -20.065657 134.543105 -40.387932
v -8.648080 122.660957 -17.877995
v -7.738915 123.280005 -18.063702
v -20.844941 134.012493 -40.228755
v -20.065657 134.543105 -40.387932
v -20.743501 134.856330 -39.790782
v -20.065657 134.543105 -40.387932
v -20.844941 134.012493 -40.228755
v -7.738915 123.280005 -18.063702
v -6.948097 122.914576 -18.760378
v -21.522785 134.325717 -39.631604
v -20.844941 134.012493 -40.228755
v -20.743501 134.856330 -39.790782
v -20.844941 134.012493 -40.228755
v -21.522785 134.325717 -39.631604
v -6.948097 122.914576 -18.760378
v -7.066444 121.930100 -19.271346
v -21.421345 135.169554 -39.193631
v -21.522785 134.325717 -39.631604
v -20.743501 134.856330 -39.790782
v -21.522785 134.325717 -39.631604
v -21.421345 135.169554 -39.193631
v -7.066444 121.930100 -19.271346
v -7.975609 121.311052 -19.085639
v -20.642061 135.700166 -39.352809
v -21.421345 135.169554 -39.193631
v -20.743501 134.856330 -39.790782
v -21.421345 135.169554 -39.193631
v -20.642061 135.700166 -39.352809
v 2.242905 75.476120 -1.316281
v 0.203148 75.941810 -0.162286
v -3.290519 98.775505 -17.159873
v -2.576604 98.612514 -17.563772
v 2.242905 76.954640 0.560726
v 0.203148 75.941810 -0.162286
v 2.242905 75.476120 -1.316281
v 0.203148 75.941810 -0.162286
v 0.203148 77.420330 1.714721
v -3.290519 99.292987 -16.502921
v -3.290519 98.775505 -17.159873
v 2.242905 76.954640 0.560726
v 0.203148 77.420330 1.714721
v 0.203148 75.941810 -0.162286
v 0.203148 77.420330 1.714721
v 2.242905 78.433160 2.437734
v -2.576604 99.647478 -16.249867
v -3.290519 99.292987 -16.502921
v 2.242905 76.954640 0.560726
v 2.242905 78.433160 2.437734
v 0.203148 77.420330 1.714721
v 2.242905 78.433160 2.437734
v 4.282661 77.967470 1.283738
v -1.862689 99.484487 -16.653765
v -2.576604 99.647478 -16.249867
v 2.242905 76.954640 0.560726
v 4.282661 77.967470 1.283738
v 2.242905 78.433160 2.437734
v 4.282661 77.967470 1.283738
v 4.282661 76.488950 -0.593269
v -1.862689 98.967005 -17.310717
v -1.862689 99.484487 -16.653765
v 2.242905 76.954640 0.560726
v 4.282661 76.488950 -0.593269
v 4.282661 77.967470 1.283738
v 4.282661 76.488950 -0.593269
v 2.242905 75.476120 -1.316281
v -2.576604 98.612514 -17.563772
v -1.862689 98.967005 -17.310717
v 2.242905 76.954640 0.560726
v 2.242905 75.476120 -1.316281
v 4.282661 76.488950 -0.593269
v -2.675363 98.599728 -17.545910
v -3.335290 98.826697 -17.085089
v -6.960527 123.077853 -35.630463
v -7.526179 123.272399 -35.235474
v -7.610830 122.817883 -35.783266
v -7.526179 123.272399 -35.235474
v -6.960527 123.077853 -35.630463
v -3.335290 98.826697 -17.085089
v -3.236531 99.356966 -16.445999
v -7.045178 122.623338 -36.178255
v -6.960527 123.077853 -35.630463
v -7.610830 122.817883 -35.783266
v -6.960527 123.077853 -35.630463
v -7.045178 122.623338 -36.178255
v -3.236531 99.356966 -16.445999
v -2.477845 99.660264 -16.267729
v -7.695480 122.363367 -36.331058
v -7.045178 122.623338 -36.178255
v -7.610830 122.817883 -35.783266
v -7.045178 122.623338 -36.178255
v -7.695480 122.363367 -36.331058
v -2.477845 99.660264 -16.267729
v -1.817918 99.433294 -16.728549
v -8.261132 122.557913 -35.936069
v -7.695480 122.363367 -36.331058
v -7.610830 122.817883 -35.783266
v -7.695480 122.363367 -36.331058
v -8.261132 122.557913 -35.936069
v -1.817918 99.433294 -16.728549
v -1.916677 98.903026 -17.367640
v -8.176481 123.012428 -35.388277
v -8.261132 122.557913 -35.936069
v -7.610830 122.817883 -35.783266
v -8.261132 122.557913 -35.936069
v -8.176481 123.012428 -35.388277
v -1.916677 98.903026 -17.367640
v -2.675363 98.599728 -17.545910
v -7.526179 123.272399 -35.235474
v -8.176481 123.012428 -35.388277
v -7.610830 122.817883 -35.783266
v -8.176481 123.012428 -35.388277
v -7.526179 123.272399 -35.235474
v 3.176597 89.762973 -1.706346
v 0.701454 91.499106 -1.057434
v 18.240200 122.745387 -22.546137
v 19.106500 122.137741 -22.773257
v 3.176597 91.582067 0.794149
v 0.701454 91.499106 -1.057434
v 3.176597 89.762973 -1.706346
v 0.701454 91.499106 -1.057434
v 0.701454 93.318199 1.443061
v 18.240200 123.382069 -21.670964
v 18.240200 122.745387 -22.546137
v 3.176597 91.582067 0.794149
v 0.701454 93.318199 1.443061
v 0.701454 91.499106 -1.057434
v 0.701454 93.318199 1.443061
v 3.176597 93.401160 3.294644
v 19.106500 123.411106 -21.022910
v 18.240200 123.382069 -21.670964
v 3.176597 91.582067 0.794149
v 3.176597 93.401160 3.294644
v 0.701454 93.318199 1.443061
v 3.176597 93.401160 3.294644
v 5.651740 91.665028 2.645732
v 19.972800 122.803460 -21.250029
v 19.106500 123.411106 -21.022910
v 3.176597 91.582067 0.794149
v 5.651740 91.665028 2.645732
v 3.176597 93.401160 3.294644
v 5.651740 91.665028 2.645732
v 5.651740 89.845935 0.145237
v 19.972800 122.166777 -22.125203
v 19.972800 122.803460 -21.250029
v 3.176597 91.582067 0.794149
v 5.651740 89.845935 0.145237
v 5.651740 91.665028 2.645732
v 5.651740 89.845935 0.145237
v 3.176597 89.762973 -1.706346
v 19.106500 122.137741 -22.773257
v 19.972800 122.166777 -22.125203
v 3.176597 91.582067 0.794149
v 3.176597 89.762973 -1.706346
v 5.651740 89.845935 0.145237
v 18.987408 122.171207 -22.788724
v 18.191609 122.833371 -22.473229
v 37.412804 155.463664 -45.922174
v 36.730691 156.031233 -45.651750
v 36.628612 155.514191 -46.415156
v 36.730691 156.031233 -45.651750
v 37.412804 155.463664 -45.922174
v 18.191609 122.833371 -22.473229
v 18.310701 123.436587 -21.582589
v 37.310725 154.946622 -46.685580
v 37.412804 155.463664 -45.922174
v 36.628612 155.514191 -46.415156
v 37.412804 155.463664 -45.922174
v 37.310725 154.946622 -46.685580
v 18.310701 123.436587 -21.582589
v 19.225592 123.377639 -21.007443
v 36.526532 154.997149 -47.178563
v 37.310725 154.946622 -46.685580
v 36.628612 155.514191 -46.415156
v 37.310725 154.946622 -46.685580
v 36.526532 154.997149 -47.178563
v 19.225592 123.377639 -21.007443
v 20.021391 122.715476 -21.322938
v 35.844419 155.564717 -46.908139
v 36.526532 154.997149 -47.178563
v 36.628612 155.514191 -46.415156
v 36.526532 154.997149 -47.178563
v 35.844419 155.564717 -46.908139
v 20.021391 122.715476 -21.322938
v 19.902299 122.112260 -22.213578
v 35.946498 156.081760 -46.144732
v 35.844419 155.564717 -46.908139
v 36.628612 155.514191 -46.415156
v 35.844419 155.564717 -46.908139
v 35.946498 156.081760 -46.144732
v 19.902299 122.112260 -22.213578
v 18.987408 122.171207 -22.788724
v 36.730691 156.031233 -45.651750
v 35.946498 156.081760 -46.144732
v 36.628612 155.514191 -46.415156
v 35.946498 156.081760 -46.144732
v 36.730691 156.031233 -45.651750
v 58.703981 126.659364 -5.751702
v 73.676557 131.929974 5.719622
v 79.253664 130.785132 -5.751702
v 79.253664 130.785132 -5.751702
v 73.676557 131.929974 5.719622
v 84.293027 146.872834 13.853490
v 89.316144 146.872834 -5.751702
v 89.316144 146.872834 -5.751702
v 84.293027 146.872834 13.853490
v 73.925052 161.976277 5.910008
v 78.860395 159.134489 -5.751702
v 58.703981 167.086303 -5.751702
v 78.860395 159.134489 -5.751702
v 73.925052 161.976277 5.910008
v 58.703981 126.659364 -5.751702
v 58.703981 130.711496 13.196913
v 73.676557 131.929974 5.719622
v 73.676557 131.929974 5.719622
v 58.703981 130.711496 13.196913
v 58.703981 146.872834 16.992987
v 84.293027 146.872834 13.853490
v 84.293027 146.872834 13.853490
v 58.703981 146.872834 16.992987
v 58.703981 161.173479 13.945331
v 73.925052 161.976277 5.910008
v 58.703981 167.086303 -5.751702
v 73.925052 161.976277 5.910008
v 58.703981 161.173479 13.945331
v 58.703981 126.659364 -5.751702
v 39.885217 132.700996 8.666399
v 58.703981 130.711496 13.196913
v 58.703981 130.711496 13.196913
v 39.885217 132.700996 8.666399
v 33.256368 146.872834 13.745130
v 58.703981 146.872834 16.992987
v 58.703981 146.872834 16.992987
v 33.256368 146.872834 13.745130
v 40.574497 160.566338 8.138304
v 58.703981 161.173479 13.945331
v 58.703981 167.086303 -5.751702
v 58.703981 161.173479 13.945331
v 40.574497 160.566338 8.138304
v 58.703981 126.659364 -5.751702
v 37.340885 133.075222 -5.751702
v 39.885217 132.700996 8.666399
v 39.885217 132.700996 8.666399
v 37.340885 133.075222 -5.751702
v 28.304208 146.872834 -5.751702
v 33.256368 146.872834 13.745130
v 33.256368 146.872834 13.745130
v 28.304208 146.872834 -5.751702
v 37.048270 163.356733 -5.751702
v 40.574497 160.566338 8.138304
v 58.703981 167.086303 -5.751702
v 40.574497 160.566338 8.138304
v 37.048270 163.356733 -5.751702
v 58.703981 126.659364 -5.751702
v 42.965739 134.346715 -17.809644
v 37.340885 133.075222 -5.751702
v 37.340885 133.075222 -5.751702
v 42.965739 134.346715 -17.809644
v 36.103483 146.872834 -23.067200
v 28.304208 146.872834 -5.751702
v 28.304208 146.872834 -5.751702
v 36.103483 146.872834 -23.067200
v 41.877228 159.066645 -18.643613
v 37.048270 163.356733 -5.751702
v 58.703981 167.086303 -5.751702
v 37.048270 163.356733 -5.751702
v 41.877228 159.066645 -18.643613
v 58.703981 126.659364 -5.751702
v 58.703981 132.782760 -22.433162
v 42.965739 134.346715 -17.809644
v 42.965739 134.346715 -17.809644
v 58.703981 132.782760 -22.433162
v 58.703981 146.872834 -34.269489
v 36.103483 146.872834 -23.067200
v 36.103483 146.872834 -23.067200
v 58.703981 146.872834 -34.269489
v 58.703981 162.752443 -22.356276
v 41.877228 159.066645 -18.643613
v 58.703981 167.086303 -5.751702
v 41.877228 159.066645 -18.643613
v 58.703981 162.752443 -22.356276
v 58.703981 126.659364 -5.751702
v 77.365393 134.313775 -20.049248
v 58.703981 132.782760 -22.433162
v 58.703981 132.782760 -22.433162
v 77.365393 134.313775 -20.049248
v 79.368183 146.872834 -21.583697
v 58.703981 146.872834 -34.269489
v 58.703981 146.872834 -34.269489
v 79.368183 146.872834 -21.583697
v 77.441230 162.638400 -20.107351
v 58.703981 162.752443 -22.356276
v 58.703981 167.086303 -5.751702
v 58.703981 162.752443 -22.356276
v 77.441230 162.638400 -20.107351
v 58.703981 126.659364 -5.751702
v 79.253664 130.785132 -5.751702
v 77.365393 134.313775 -20.049248
v 77.365393 134.313775 -20.049248
v 79.253664 130.785132 -5.751702
v 89.316144 146.872834 -5.751702
v 79.368183 146.872834 -21.583697
v 79.368183 146.872834 -21.583697
v 89.316144 146.872834 -5.751702
v 78.860395 159.134489 -5.751702
v 77.441230 162.638400 -20.107351
v 58.703981 167.086303 -5.751702
v 77.441230 162.638400 -20.107351
v 78.860395 159.134489 -5.751702
v 39.106805 109.721913 59.457619
v 57.923426 114.273441 78.640313
v 61.457342 118.367107 59.457619
v 61.457342 118.367107 59.457619
v 57.923426 114.273441 78.640313
v 60.605135 131.506523 81.374194
v 71.076840 131.506523 59.457619
v 71.076840 131.506523 59.457619
v 60.605135 131.506523 81.374194
v 59.041227 149.257332 79.779861
v 65.524542 147.877834 59.457619
v 39.106805 153.291132 59.457619
v 65.524542 147.877834 59.457619
v 59.041227 149.257332 79.779861
v 39.106805 109.721913 59.457619
v 39.106805 117.194673 81.518259
v 57.923426 114.273441 78.640313
v 57.923426 114.273441 78.640313
v 39.106805 117.194673 81.518259
v 39.106805 131.506523 92.945362
v 60.605135 131.506523 81.374194
v 60.605135 131.506523 81.374194
v 39.106805 131.506523 92.945362
v 39.106805 146.420494 82.642778
v 59.041227 149.257332 79.779861
v 39.106805 153.291132 59.457619
v 59.041227 149.257332 79.779861
v 39.106805 146.420494 82.642778
v 39.106805 109.721913 59.457619
v 20.963996 115.680869 77.953393
v 39.106805 117.194673 81.518259
v 39.106805 117.194673 81.518259
v 20.963996 115.680869 77.953393
v 11.164002 131.506523 87.944043
v 39.106805 131.506523 92.945362
v 39.106805 131.506523 92.945362
v 11.164002 131.506523 87.944043
v 19.346485 148.996361 79.602372
v 39.106805 146.420494 82.642778
v 39.106805 153.291132 59.457619
v 39.106805 146.420494 82.642778
v 19.346485 148.996361 79.602372
v 39.106805 109.721913 59.457619
v 16.811542 116.029107 59.457619
v 20.963996 115.680869 77.953393
v 20.963996 115.680869 77.953393
v 16.811542 116.029107 59.457619
v 3.162213 131.506523 59.457619
v 11.164002 131.506523 87.944043
v 11.164002 131.506523 87.944043
v 3.162213 131.506523 59.457619
v 11.044698 144.703210 59.457619
v 19.346485 148.996361 79.602372
v 39.106805 153.291132 59.457619
v 19.346485 148.996361 79.602372
v 11.044698 144.703210 59.457619
v 39.106805 109.721913 59.457619
v 23.984944 117.291569 44.041565
v 16.811542 116.029107 59.457619
v 16.811542 116.029107 59.457619
v 23.984944 117.291569 44.041565
v 10.679622 131.506523 30.477392
v 3.162213 131.506523 59.457619
v 3.162213 131.506523 59.457619
v 10.679622 131.506523 30.477392
v 20.516892 144.600794 40.506043
v 11.044698 144.703210 59.457619
v 39.106805 153.291132 59.457619
v 11.044698 144.703210 59.457619
v 20.516892 144.600794 40.506043
v 39.106805 109.721913 59.457619
v 39.106805 117.163293 37.957832
v 23.984944 117.291569 44.041565
v 23.984944 117.291569 44.041565
v 39.106805 117.163293 37.957832
v 39.106805 131.506523 25.580741
v 10.679622 131.506523 30.477392
v 10.679622 131.506523 30.477392
v 39.106805 131.506523 25.580741
v 39.106805 146.651783 34.986490
v 20.516892 144.600794 40.506043
v 39.106805 153.291132 59.457619
v 20.516892 144.600794 40.506043
v 39.106805 146.651783 34.986490
v 39.106805 109.721913 59.457619
v 57.543801 114.157166 40.661935
v 39.106805 117.163293 37.957832
v 39.106805 117.163293 37.957832
v 57.543801 114.157166 40.661935
v 64.662257 131.506523 33.404991
v 39.106805 131.506523 25.580741
v 39.106805 131.506523 25.580741
v 64.662257 131.506523 33.404991
v 58.293839 145.029227 39.897305
v 39.106805 146.651783 34.986490
v 39.106805 153.291132 59.457619
v 39.106805 146.651783 34.986490
v 58.293839 145.029227 39.897305
v 39.106805 109.721913 59.457619
v 61.457342 118.367107 59.457619
v 57.543801 114.157166 40.661935
v 57.543801 114.157166 40.661935
v 61.457342 118.367107 59.457619
v 71.076840 131.506523 59.457619
v 64.662257 131.506523 33.404991
v 64.662257 131.506523 33.404991
v 71.076840 131.506523 59.457619
v 65.524542 147.877834 59.457619
v 58.293839 145.029227 39.897305
v 39.106805 153.291132 59.457619
v 58.293839 145.029227 39.897305
v 65.524542 147.877834 59.457619
v 8.847362 132.488081 45.174879
v 23.873155 137.346223 56.614430
v 34.577041 138.983736 45.174879
v 34.577041 138.983736 45.174879
v 23.873155 137.346223 56.614430
v 35.839023 153.060636 65.724374
v 46.813199 153.060636 45.174879
v 46.813199 153.060636 45.174879
v 35.839023 153.060636 65.724374
v 24.267827 169.526137 56.914904
v 32.651886 167.232419 45.174879
v 8.847362 173.633191 45.174879
v 32.651886 167.232419 45.174879
v 24.267827 169.526137 56.914904
v 8.847362 132.488081 45.174879
v 8.847362 138.608542 63.453455
v 23.873155 137.346223 56.614430
v 23.873155 137.346223 56.614430
v 8.847362 138.608542 63.453455
v 8.847362 153.060636 73.843196
v 35.839023 153.060636 65.724374
v 35.839023 153.060636 65.724374
v 8.847362 153.060636 73.843196
v 8.847362 165.973973 65.597639
v 24.267827 169.526137 56.914904
v 8.847362 173.633191 45.174879
v 24.267827 169.526137 56.914904
v 8.847362 165.973973 65.597639
v 8.847362 132.488081 45.174879
v -8.499640 139.794170 58.381629
v 8.847362 138.608542 63.453455
v 8.847362 138.608542 63.453455
v -8.499640 139.794170 58.381629
v -16.644558 153.060636 64.582579
v 8.847362 153.060636 73.843196
v 8.847362 153.060636 73.843196
v -16.644558 153.060636 64.582579
v -9.518324 167.160954 59.157181
v 8.847362 165.973973 65.597639
v 8.847362 173.633191 45.174879
v 8.847362 165.973973 65.597639
v -9.518324 167.160954 59.157181
v 8.847362 132.488081 45.174879
v -11.411362 136.681291 45.174879
v -8.499640 139.794170 58.381629
v -8.499640 139.794170 58.381629
v -11.411362 136.681291 45.174879
v -26.598577 153.060636 45.174879
v -16.644558 153.060636 64.582579
v -16.644558 153.060636 64.582579
v -26.598577 153.060636 45.174879
v -16.696354 168.761132 45.174879
v -9.518324 167.160954 59.157181
v 8.847362 173.633191 45.174879
v -9.518324 167.160954 59.157181
v -16.696354 168.761132 45.174879
v 8.847362 132.488081 45.174879
v -9.039048 137.129641 31.557463
v -11.411362 136.681291 45.174879
v -11.411362 136.681291 45.174879
v -9.039048 137.129641 31.557463
v -11.128551 153.060636 29.966667
v -26.598577 153.060636 45.174879
v -26.598577 153.060636 45.174879
v -11.128551 153.060636 29.966667
v -9.952107 165.857708 30.862326
v -16.696354 168.761132 45.174879
v 8.847362 173.633191 45.174879
v -16.696354 168.761132 45.174879
v -9.952107 165.857708 30.862326
v 8.847362 132.488081 45.174879
v 8.847362 139.538096 29.155283
v -9.039048 137.129641 31.557463
v -9.039048 137.129641 31.557463
v 8.847362 139.538096 29.155283
v 8.847362 153.060636 21.728636
v -11.128551 153.060636 29.966667
v -11.128551 153.060636 29.966667
v 8.847362 153.060636 21.728636
v 8.847362 167.334564 27.334543
v -9.952107 165.857708 30.862326
v 8.847362 173.633191 45.174879
v -9.952107 165.857708 30.862326
v 8.847362 167.334564 27.334543
v 8.847362 132.488081 45.174879
v 24.594119 140.184286 33.186439
v 8.847362 139.538096 29.155283
v 8.847362 139.538096 29.155283
v 24.594119 140.184286 33.186439
v 35.472943 153.060636 24.904091
v 8.847362 153.060636 21.728636
v 8.847362 153.060636 21.728636
v 35.472943 153.060636 24.904091
v 23.347495 166.930642 34.135528
v 8.847362 167.334564 27.334543
v 8.847362 173.633191 45.174879
v 8.847362 167.334564 27.334543
v 23.347495 166.930642 34.135528
v 8.847362 132.488081 45.174879
v 34.577041 138.983736 45.174879
v 24.594119 140.184286 33.186439
v 24.594119 140.184286 33.186439
v 34.577041 138.983736 45.174879
v 46.813199 153.060636 45.174879
v 35.472943 153.060636 24.904091
v 35.472943 153.060636 24.904091
v 46.813199 153.060636 45.174879
v 32.651886 167.232419 45.174879
v 23.347495 166.930642 34.135528
v 8.847362 173.633191 45.174879
v 23.347495 166.930642 34.135528
v 32.651886 167.232419 45.174879
v -35.051620 128.470174 43.484462
v -22.334432 132.570187 55.162264
v -18.844469 132.857784 43.484462
v -18.844469 132.857784 43.484462
v -22.334432 132.570187 55.162264
v -16.221707 143.217316 60.775390
v -10.773566 143.217316 43.484462
v -10.773566 143.217316 43.484462
v -16.221707 143.217316 60.775390
v -24.334410 152.388407 53.325745
v -17.002998 153.316214 43.484462
v -35.051620 157.964459 43.484462
v -17.002998 153.316214 43.484462
v -24.334410 152.388407 53.325745
v -35.051620 128.470174 43.484462
v -35.051620 131.150273 58.605215
v -22.334432 132.570187 55.162264
v -22.334432 132.570187 55.162264
v -35.051620 131.150273 58.605215
v -35.051620 143.217316 63.399286
v -16.221707 143.217316 60.775390
v -16.221707 143.217316 60.775390
v -35.051620 143.217316 63.399286
v -35.051620 152.664159 57.876355
v -24.334410 152.388407 53.325745
v -35.051620 157.964459 43.484462
v -24.334410 152.388407 53.325745
v -35.051620 152.664159 57.876355
v -35.051620 128.470174 43.484462
v -47.583755 133.454886 54.992334
v -35.051620 131.150273 58.605215
v -35.051620 131.150273 58.605215
v -47.583755 133.454886 54.992334
v -52.452039 143.217316 59.462729
v -35.051620 143.217316 63.399286
v -35.051620 143.217316 63.399286
v -52.452039 143.217316 59.462729
v -45.148578 155.165862 52.756187
v -35.051620 152.664159 57.876355
v -35.051620 157.964459 43.484462
v -35.051620 152.664159 57.876355
v -45.148578 155.165862 52.756187
v -35.051620 128.470174 43.484462
v -49.570140 131.969831 43.484462
v -47.583755 133.454886 54.992334
v -47.583755 133.454886 54.992334
v -49.570140 131.969831 43.484462
v -62.271700 143.217316 43.484462
v -52.452039 143.217316 59.462729
v -52.452039 143.217316 59.462729
v -62.271700 143.217316 43.484462
v -53.434978 152.999286 43.484462
v -45.148578 155.165862 52.756187
v -35.051620 157.964459 43.484462
v -45.148578 155.165862 52.756187
v -53.434978 152.999286 43.484462
v -35.051620 128.470174 43.484462
v -48.356802 131.500643 31.266724
v -49.570140 131.969831 43.484462
v -49.570140 131.969831 43.484462
v -48.356802 131.500643 31.266724
v -51.270805 143.217316 28.590885
v -62.271700 143.217316 43.484462
v -62.271700 143.217316 43.484462
v -51.270805 143.217316 28.590885
v -48.307777 152.812470 31.311742
v -53.434978 152.999286 43.484462
v -35.051620 157.964459 43.484462
v -53.434978 152.999286 43.484462
v -48.307777 152.812470 31.311742
v -35.051620 128.470174 43.484462
v -35.051620 132.096060 26.621687
v -48.356802 131.500643 31.266724
v -48.356802 131.500643 31.266724
v -35.051620 132.096060 26.621687
v -35.051620 143.217316 23.694215
v -51.270805 143.217316 28.590885
v -51.270805 143.217316 28.590885
v -35.051620 143.217316 23.694215
v -35.051620 152.084276 28.642953
v -48.307777 152.812470 31.311742
v -35.051620 157.964459 43.484462
v -48.307777 152.812470 31.311742
v -35.051620 152.084276 28.642953
v -35.051620 128.470174 43.484462
v -24.378232 132.723810 33.683420
v -35.051620 132.096060 26.621687
v -35.051620 132.096060 26.621687
v -24.378232 132.723810 33.683420
v -19.985605 143.217316 29.649805
v -35.051620 143.217316 23.694215
v -35.051620 143.217316 23.694215
v -19.985605 143.217316 29.649805
v -21.731577 153.201860 31.253078
v -35.051620 152.084276 28.642953
v -35.051620 157.964459 43.484462
v -35.051620 152.084276 28.642953
v -21.731577 153.201860 31.253078
v -35.051620 128.470174 43.484462
v -18.844469 132.857784 43.484462
v -24.378232 132.723810 33.683420
v -24.378232 132.723810 33.683420
v -18.844469 132.857784 43.484462
v -10.773566 143.217316 43.484462
v -19.985605 143.217316 29.649805
v -19.985605 143.217316 29.649805
v -10.773566 143.217316 43.484462
v -17.002998 153.316214 43.484462
v -21.731577 153.201860 31.253078
v -35.051620 157.964459 43.484462
v -21.731577 153.201860 31.253078
v -17.002998 153.316214 43.484462
v -63.288355 123.905330 12.076123
v -52.388526 128.258030 23.428432
v -47.021107 126.901843 12.076123
v -47.021107 126.901843 12.076123
v -52.388526 128.258030 23.428432
v -44.773020 139.755620 31.360078
v -39.236511 139.755620 12.076123
v -39.236511 139.755620 12.076123
v -44.773020 139.755620 31.360078
v -49.735238 149.573372 26.191866
v -46.967283 151.454286 12.076123
v -63.288355 155.605910 12.076123
v -46.967283 151.454286 12.076123
v -49.735238 149.573372 26.191866
v -63.288355 123.905330 12.076123
v -63.288355 126.912312 32.938574
v -52.388526 128.258030 23.428432
v -52.388526 128.258030 23.428432
v -63.288355 126.912312 32.938574
v -63.288355 139.755620 36.329825
v -44.773020 139.755620 31.360078
v -44.773020 139.755620 31.360078
v -63.288355 139.755620 36.329825
v -63.288355 152.659828 30.144325
v -49.735238 149.573372 26.191866
v -63.288355 155.605910 12.076123
v -49.735238 149.573372 26.191866
v -63.288355 152.659828 30.144325
v -63.288355 123.905330 12.076123
v -74.675165 128.023752 23.935629
v -63.288355 126.912312 32.938574
v -63.288355 126.912312 32.938574
v -74.675165 128.023752 23.935629
v -82.813876 139.755620 32.412199
v -63.288355 139.755620 36.329825
v -63.288355 139.755620 36.329825
v -82.813876 139.755620 32.412199
v -75.238476 152.660393 24.522325
v -63.288355 152.659828 30.144325
v -63.288355 155.605910 12.076123
v -63.288355 152.659828 30.144325
v -75.238476 152.660393 24.522325
v -63.288355 123.905330 12.076123
v -82.082413 128.011236 12.076123
v -74.675165 128.023752 23.935629
v -74.675165 128.023752 23.935629
v -82.082413 128.011236 12.076123
v -89.767790 139.755620 12.076123
v -82.813876 139.755620 32.412199
v -82.813876 139.755620 32.412199
v -89.767790 139.755620 12.076123
v -79.135379 152.317856 12.076123
v -75.238476 152.660393 24.522325
v -63.288355 155.605910 12.076123
v -75.238476 152.660393 24.522325
v -79.135379 152.317856 12.076123
v -63.288355 123.905330 12.076123
v -75.799687 128.277045 -0.954588
v -82.082413 128.011236 12.076123
v -82.082413 128.011236 12.076123
v -75.799687 128.277045 -0.954588
v -79.985789 139.755620 -5.314465
v -89.767790 139.755620 12.076123
v -89.767790 139.755620 12.076123
v -79.985789 139.755620 -5.314465
v -74.283596 152.509720 0.624441
v -79.135379 152.317856 12.076123
v -63.288355 155.605910 12.076123
v -79.135379 152.317856 12.076123
v -74.283596 152.509720 0.624441
v -63.288355 123.905330 12.076123
v -63.288355 129.762272 -7.825190
v -75.799687 128.277045 -0.954588
v -75.799687 128.277045 -0.954588
v -63.288355 129.762272 -7.825190
v -63.288355 139.755620 -11.833595
v -79.985789 139.755620 -5.314465
v -79.985789 139.755620 -5.314465
v -63.288355 139.755620 -11.833595
v -63.288355 150.753821 -5.521398
v -74.283596 152.509720 0.624441
v -63.288355 155.605910 12.076123
v -74.283596 152.509720 0.624441
v -63.288355 150.753821 -5.521398
v -63.288355 123.905330 12.076123
v -49.660859 129.434647 -2.117087
v -63.288355 129.762272 -7.825190
v -63.288355 129.762272 -7.825190
v -49.660859 129.434647 -2.117087
v -42.350537 139.755620 -9.730880
v -63.288355 139.755620 -11.833595
v -63.288355 139.755620 -11.833595
v -42.350537 139.755620 -9.730880
v -48.816407 152.341824 -2.996594
v -63.288355 150.753821 -5.521398
v -63.288355 155.605910 12.076123
v -63.288355 150.753821 -5.521398
v -48.816407 152.341824 -2.996594
v -63.288355 123.905330 12.076123
v -47.021107 126.901843 12.076123
v -49.660859 129.434647 -2.117087
v -49.660859 129.434647 -2.117087
v -47.021107 126.901843 12.076123
v -39.236511 139.755620 12.076123
v -42.350537 139.755620 -9.730880
v -42.350537 139.755620 -9.730880
v -39.236511 139.755620 12.076123
v -46.967283 151.454286 12.076123
v -48.816407 152.341824 -2.996594
v -63.288355 155.605910 12.076123
v -48.816407 152.341824 -2.996594
v -46.967283 151.454286 12.076123
v -20.743501 118.707421 -39.790782
v -7.177655 122.849547 -28.406258
v -2.450725 126.312254 -39.790782
v -2.450725 126.312254 -39.790782
v -7.177655 122.849547 -28.406258
v 3.613750 137.706137 -19.350058
v 7.525199 137.706137 -39.790782
v 7.525199 137.706137 -39.790782
v 3.613750 137.706137 -19.350058
v -3.415146 152.059003 -25.248742
v -0.473983 152.895415 -39.790782
v -20.743501 156.704854 -39.790782
v -0.473983 152.895415 -39.790782
v -3.415146 152.059003 -25.248742
v -20.743501 118.707421 -39.790782
v -20.743501 122.252509 -23.737367
v -7.177655 122.849547 -28.406258
v -7.177655 122.849547 -28.406258
v -20.743501 122.252509 -23.737367
v -20.743501 137.706137 -16.821266
v 3.613750 137.706137 -19.350058
v 3.613750 137.706137 -19.350058
v -20.743501 137.706137 -16.821266
v -20.743501 152.507397 -20.360584
v -3.415146 152.059003 -25.248742
v -20.743501 156.704854 -39.790782
v -3.415146 152.059003 -25.248742
v -20.743501 152.507397 -20.360584
v -20.743501 118.707421 -39.790782
v -34.574420 123.782163 -28.183807
v -20.743501 122.252509 -23.737367
v -20.743501 122.252509 -23.737367
v -34.574420 123.782163 -28.183807
v -44.735551 137.706137 -19.656537
v -20.743501 137.706137 -16.821266
v -20.743501 137.706137 -16.821266
v -44.735551 137.706137 -19.656537
v -33.645233 152.321025 -28.963585
v -20.743501 152.507397 -20.360584
v -20.743501 156.704854 -39.790782
v -20.743501 152.507397 -20.360584
v -33.645233 152.321025 -28.963585
v -20.743501 118.707421 -39.790782
v -44.907459 123.926752 -39.790782
v -34.574420 123.782163 -28.183807
v -34.574420 123.782163 -28.183807
v -44.907459 123.926752 -39.790782
v -55.319178 137.706137 -39.790782
v -44.735551 137.706137 -19.656537
v -44.735551 137.706137 -19.656537
v -55.319178 137.706137 -39.790782
v -41.899341 150.152610 -39.790782
v -33.645233 152.321025 -28.963585
v -20.743501 156.704854 -39.790782
v -33.645233 152.321025 -28.963585
v -41.899341 150.152610 -39.790782
v -20.743501 118.707421 -39.790782
v -35.280602 122.778158 -51.990388
v -44.907459 123.926752 -39.790782
v -44.907459 123.926752 -39.790782
v -35.280602 122.778158 -51.990388
v -42.899033 137.706137 -58.383812
v -55.319178 137.706137 -39.790782
v -55.319178 137.706137 -39.790782
v -42.899033 137.706137 -58.383812
v -36.168590 151.940042 -52.735592
v -41.899341 150.152610 -39.790782
v -20.743501 156.704854 -39.790782
v -41.899341 150.152610 -39.790782
v -36.168590 151.940042 -52.735592
v -20.743501 118.707421 -39.790782
v -20.743501 124.541309 -58.869672
v -35.280602 122.778158 -51.990388
v -35.280602 122.778158 -51.990388
v -20.743501 124.541309 -58.869672
v -20.743501 137.706137 -62.287103
v -42.899033 137.706137 -58.383812
v -42.899033 137.706137 -58.383812
v -20.743501 137.706137 -62.287103
v -20.743501 149.247731 -56.122754
v -36.168590 151.940042 -52.735592
v -20.743501 156.704854 -39.790782
v -36.168590 151.940042 -52.735592
v -20.743501 149.247731 -56.122754
v -20.743501 118.707421 -39.790782
v -7.827813 126.156256 -50.629689
v -20.743501 124.541309 -58.869672
v -20.743501 124.541309 -58.869672
v -7.827813 126.156256 -50.629689
v 0.657094 137.706137 -57.750264
v -20.743501 137.706137 -62.287103
v -20.743501 137.706137 -62.287103
v 0.657094 137.706137 -57.750264
v -5.415642 151.872284 -52.653995
v -20.743501 149.247731 -56.122754
v -20.743501 156.704854 -39.790782
v -20.743501 149.247731 -56.122754
v -5.415642 151.872284 -52.653995
v -20.743501 118.707421 -39.790782
v -2.450725 126.312254 -39.790782
v -7.827813 126.156256 -50.629689
v -7.827813 126.156256 -50.629689
v -2.450725 126.312254 -39.790782
v 7.525199 137.706137 -39.790782
v 0.657094 137.706137 -57.750264
v 0.657094 137.706137 -57.750264
v 7.525199 137.706137 -39.790782
v -0.473983 152.895415 -39.790782
v -5.415642 151.872284 -52.653995
v -20.743501 156.704854 -39.790782
v -5.415642 151.872284 -52.653995
v -0.473983 152.895415 -39.790782
v -7.610830 110.158169 -35.783266
v 4.405991 114.082791 -24.451114
v 11.584718 113.259036 -35.783266
v 11.584718 113.259036 -35.783266
v 4.405991 114.082791 -24.451114
v 8.674173 125.051950 -20.426115
v 16.164320 125.051950 -35.783266
v 16.164320 125.051950 -35.783266
v 8.674173 125.051950 -20.426115
v 3.867674 136.106361 -24.958760
v 9.722769 135.952335 -35.783266
v -7.610830 139.945731 -35.783266
v 9.722769 135.952335 -35.783266
v 3.867674 136.106361 -24.958760
v -7.610830 110.158169 -35.783266
v -7.610830 113.409565 -18.207947
v 4.405991 114.082791 -24.451114
v 4.405991 114.082791 -24.451114
v -7.610830 113.409565 -18.207947
v -7.610830 125.051950 -14.413255
v 8.674173 125.051950 -20.426115
v 8.674173 125.051950 -20.426115
v -7.610830 125.051950 -14.413255
v -7.610830 136.485097 -18.275701
v 3.867674 136.106361 -24.958760
v -7.610830 139.945731 -35.783266
v 3.867674 136.106361 -24.958760
v -7.610830 136.485097 -18.275701
v -7.610830 110.158169 -35.783266
v -19.481966 114.213907 -24.588497
v -7.610830 113.409565 -18.207947
v -7.610830 113.409565 -18.207947
v -19.481966 114.213907 -24.588497
v -22.536360 125.051950 -21.708130
v -7.610830 125.051950 -14.413255
v -7.610830 125.051950 -14.413255
v -22.536360 125.051950 -21.708130
v -18.651062 135.046598 -25.372060
v -7.610830 136.485097 -18.275701
v -7.610830 139.945731 -35.783266
v -7.610830 136.485097 -18.275701
v -18.651062 135.046598 -25.372060
v -7.610830 110.158169 -35.783266
v -26.907850 114.069303 -35.783266
v -19.481966 114.213907 -24.588497
v -19.481966 114.213907 -24.588497
v -26.907850 114.069303 -35.783266
v -34.788088 125.051950 -35.783266
v -22.536360 125.051950 -21.708130
v -22.536360 125.051950 -21.708130
v -34.788088 125.051950 -35.783266
v -23.180433 134.339534 -35.783266
v -18.651062 135.046598 -25.372060
v -7.610830 139.945731 -35.783266
v -18.651062 135.046598 -25.372060
v -23.180433 134.339534 -35.783266
v -7.610830 110.158169 -35.783266
v -20.285354 115.510161 -47.735650
v -26.907850 114.069303 -35.783266
v -26.907850 114.069303 -35.783266
v -20.285354 115.510161 -47.735650
v -23.067076 125.051950 -50.358881
v -34.788088 125.051950 -35.783266
v -34.788088 125.051950 -35.783266
v -23.067076 125.051950 -50.358881
v -20.894199 135.129915 -48.309805
v -23.180433 134.339534 -35.783266
v -7.610830 139.945731 -35.783266
v -23.180433 134.339534 -35.783266
v -20.894199 135.129915 -48.309805
v -7.610830 110.158169 -35.783266
v -7.610830 113.298471 -51.863656
v -20.285354 115.510161 -47.735650
v -20.285354 115.510161 -47.735650
v -7.610830 113.298471 -51.863656
v -7.610830 125.051950 -62.059256
v -23.067076 125.051950 -50.358881
v -23.067076 125.051950 -50.358881
v -7.610830 125.051950 -62.059256
v -7.610830 136.981857 -52.224500
v -20.894199 135.129915 -48.309805
v -7.610830 139.945731 -35.783266
v -20.894199 135.129915 -48.309805
v -7.610830 136.981857 -52.224500
v -7.610830 110.158169 -35.783266
v 2.803590 115.420690 -45.604316
v -7.610830 113.298471 -51.863656
v -7.610830 113.298471 -51.863656
v 2.803590 115.420690 -45.604316
v 9.001748 125.051950 -51.449329
v -7.610830 125.051950 -62.059256
v -7.610830 125.051950 -62.059256
v 9.001748 125.051950 -51.449329
v 3.702687 135.916976 -46.452186
v -7.610830 136.981857 -52.224500
v -7.610830 139.945731 -35.783266
v -7.610830 136.981857 -52.224500
v 3.702687 135.916976 -46.452186
v -7.610830 110.158169 -35.783266
v 11.584718 113.259036 -35.783266
v 2.803590 115.420690 -45.604316
v 2.803590 115.420690 -45.604316
v 11.584718 113.259036 -35.783266
v 16.164320 125.051950 -35.783266
v 9.001748 125.051950 -51.449329
v 9.001748 125.051950 -51.449329
v 16.164320 125.051950 -35.783266
v 9.722769 135.952335 -35.783266
v 3.702687 135.916976 -46.452186
v -7.610830 139.945731 -35.783266
v 3.702687 135.916976 -46.452186
v 9.722769 135.952335 -35.783266
v 36.628612 142.648134 -46.415156
v 49.252269 148.054800 -35.208746
v 53.991823 148.483996 -46.415156
v 53.991823 148.483996 -46.415156
v 49.252269 148.054800 -35.208746
v 53.223753 157.784672 -31.683137
v 63.708640 157.784672 -46.415156
v 63.708640 157.784672 -46.415156
v 53.223753 157.784672 -31.683137
v 48.242331 166.951049 -36.105299
v 52.021356 169.387552 -46.415156
v 36.628612 172.921210 -46.415156
v 52.021356 169.387552 -46.415156
v 48.242331 166.951049 -36.105299
v 36.628612 142.648134 -46.415156
v 36.628612 147.268065 -31.672638
v 49.252269 148.054800 -35.208746
v 49.252269 148.054800 -35.208746
v 36.628612 147.268065 -31.672638
v 36.628612 157.784672 -24.787534
v 53.223753 157.784672 -31.683137
v 53.223753 157.784672 -31.683137
v 36.628612 157.784672 -24.787534
v 36.628612 166.866498 -31.044834
v 48.242331 166.951049 -36.105299
v 36.628612 172.921210 -46.415156
v 48.242331 166.951049 -36.105299
v 36.628612 166.866498 -31.044834
v 36.628612 142.648134 -46.415156
v 23.904947 147.062990 -35.119966
v 36.628612 147.268065 -31.672638
v 36.628612 147.268065 -31.672638
v 23.904947 147.062990 -35.119966
v 17.532041 157.784672 -29.462541
v 36.628612 157.784672 -24.787534
v 36.628612 157.784672 -24.787534
v 17.532041 157.784672 -29.462541
v 23.333441 167.801452 -34.612623
v 36.628612 166.866498 -31.044834
v 36.628612 172.921210 -46.415156
v 36.628612 166.866498 -31.044834
v 23.333441 167.801452 -34.612623
v 36.628612 142.648134 -46.415156
v 17.102563 147.451438 -46.415156
v 23.904947 147.062990 -35.119966
v 23.904947 147.062990 -35.119966
v 17.102563 147.451438 -46.415156
v 15.254304 157.784672 -46.415156
v 17.532041 157.784672 -29.462541
v 17.532041 157.784672 -29.462541
v 15.254304 157.784672 -46.415156
v 22.061521 168.391904 -46.415156
v 23.333441 167.801452 -34.612623
v 36.628612 172.921210 -46.415156
v 23.333441 167.801452 -34.612623
v 22.061521 168.391904 -46.415156
v 36.628612 142.648134 -46.415156
v 24.222890 146.272891 -57.428098
v 17.102563 147.451438 -46.415156
v 17.102563 147.451438 -46.415156
v 24.222890 146.272891 -57.428098
v 21.825977 157.784672 -59.555913
v 15.254304 157.784672 -46.415156
v 15.254304 157.784672 -46.415156
v 21.825977 157.784672 -59.555913
v 23.529255 169.058424 -58.043860
v 22.061521 168.391904 -46.415156
v 36.628612 172.921210 -46.415156
v 22.061521 168.391904 -46.415156
v 23.529255 169.058424 -58.043860
v 36.628612 142.648134 -46.415156
v 36.628612 147.763610 -63.305915
v 24.222890 146.272891 -57.428098
v 24.222890 146.272891 -57.428098
v 36.628612 147.763610 -63.305915
v 36.628612 157.784672 -70.446321
v 21.825977 157.784672 -59.555913
v 21.825977 157.784672 -59.555913
v 36.628612 157.784672 -70.446321
v 36.628612 169.426762 -60.350779
v 23.529255 169.058424 -58.043860
v 36.628612 172.921210 -46.415156
v 23.529255 169.058424 -58.043860
v 36.628612 169.426762 -60.350779
v 36.628612 142.648134 -46.415156
v 50.430831 148.059948 -58.667813
v 36.628612 147.763610 -63.305915
v 36.628612 147.763610 -63.305915
v 50.430831 148.059948 -58.667813
v 53.604716 157.784672 -61.485368
v 36.628612 157.784672 -70.446321
v 36.628612 157.784672 -70.446321
v 53.604716 157.784672 -61.485368
v 47.521498 167.201088 -56.085108
v 36.628612 169.426762 -60.350779
v 36.628612 172.921210 -46.415156
v 36.628612 169.426762 -60.350779
v 47.521498 167.201088 -56.085108
v 36.628612 142.648134 -46.415156
v 53.991823 148.483996 -46.415156
v 50.430831 148.059948 -58.667813
v 50.430831 148.059948 -58.667813
v 53.991823 148.483996 -46.415156
v 63.708640 157.784672 -46.415156
v 53.604716 157.784672 -61.485368
v 53.604716 157.784672 -61.485368
v 63.708640 157.784672 -46.415156
v 52.021356 169.387552 -46.415156
v 47.521498 167.201088 -56.085108
v 36.628612 172.921210 -46.415156
v 47.521498 167.201088 -56.085108
v 52.021356 169.387552 -46.415156
v 8.875200 136.349161 2.218800
v 26.050131 140.243584 19.785419
v 31.317702 144.035372 2.218800
v 31.317702 144.035372 2.218800
v 26.050131 140.243584 19.785419
v 30.494440 156.032501 24.331084
v 44.358245 156.032501 2.218800
v 44.358245 156.032501 2.218800
v 30.494440 156.032501 24.331084
v 26.323882 169.072578 20.065414
v 28.448326 168.106736 2.218800
v 8.875200 175.715841 2.218800
v 28.448326 168.106736 2.218800
v 26.323882 169.072578 20.065414
v 8.875200 136.349161 2.218800
v 8.875200 140.914868 23.766665
v 26.050131 140.243584 19.785419
v 26.050131 140.243584 19.785419
v 8.875200 140.914868 23.766665
v 8.875200 156.032501 34.360400
v 30.494440 156.032501 24.331084
v 30.494440 156.032501 24.331084
v 8.875200 156.032501 34.360400
v 8.875200 167.823234 21.669432
v 26.323882 169.072578 20.065414
v 8.875200 175.715841 2.218800
v 26.323882 169.072578 20.065414
v 8.875200 167.823234 21.669432
v 8.875200 136.349161 2.218800
v -4.914460 140.863318 16.322945
v 8.875200 140.914868 23.766665
v 8.875200 140.914868 23.766665
v -4.914460 140.863318 16.322945
v -12.913949 156.032501 24.504868
v 8.875200 156.032501 34.360400
v 8.875200 156.032501 34.360400
v -12.913949 156.032501 24.504868
v -5.469357 171.734930 16.890496
v 8.875200 167.823234 21.669432
v 8.875200 175.715841 2.218800
v 8.875200 167.823234 21.669432
v -5.469357 171.734930 16.890496
v 8.875200 136.349161 2.218800
v -15.751794 141.220101 2.218800
v -4.914460 140.863318 16.322945
v -4.914460 140.863318 16.322945
v -15.751794 141.220101 2.218800
v -22.943748 156.032501 2.218800
v -12.913949 156.032501 24.504868
v -12.913949 156.032501 24.504868
v -22.943748 156.032501 2.218800
v -13.483976 169.717306 2.218800
v -5.469357 171.734930 16.890496
v 8.875200 175.715841 2.218800
v -5.469357 171.734930 16.890496
v -13.483976 169.717306 2.218800
v 8.875200 136.349161 2.218800
v -4.823774 141.981533 -11.792590
v -15.751794 141.220101 2.218800
v -15.751794 141.220101 2.218800
v -4.823774 141.981533 -11.792590
v -11.931376 156.032501 -19.062287
v -22.943748 156.032501 2.218800
v -22.943748 156.032501 2.218800
v -11.931376 156.032501 -19.062287
v -6.397896 172.048890 -13.402612
v -13.483976 169.717306 2.218800
v 8.875200 175.715841 2.218800
v -13.483976 169.717306 2.218800
v -6.397896 172.048890 -13.402612
v 8.875200 136.349161 2.218800
v 8.875200 140.272243 -22.731766
v -4.823774 141.981533 -11.792590
v -4.823774 141.981533 -11.792590
v 8.875200 140.272243 -22.731766
v 8.875200 156.032501 -30.436029
v -11.931376 156.032501 -19.062287
v -11.931376 156.032501 -19.062287
v 8.875200 156.032501 -30.436029
v 8.875200 169.036338 -22.378387
v -6.397896 172.048890 -13.402612
v 8.875200 175.715841 2.218800
v -6.397896 172.048890 -13.402612
v 8.875200 169.036338 -22.378387
v 8.875200 136.349161 2.218800
v 24.943077 141.767865 -14.215518
v 8.875200 140.272243 -22.731766
v 8.875200 140.272243 -22.731766
v 24.943077 141.767865 -14.215518
v 27.784681 156.032501 -17.121927
v 8.875200 156.032501 -30.436029
v 8.875200 156.032501 -30.436029
v 27.784681 156.032501 -17.121927
v 22.910120 168.717705 -12.136198
v 8.875200 169.036338 -22.378387
v 8.875200 175.715841 2.218800
v 8.875200 169.036338 -22.378387
v 22.910120 168.717705 -12.136198
v 8.875200 136.349161 2.218800
v 31.317702 144.035372 2.218800
v 24.943077 141.767865 -14.215518
v 24.943077 141.767865 -14.215518
v 31.317702 144.035372 2.218800
v 44.358245 156.032501 2.218800
v 27.784681 156.032501 -17.121927
v 27.784681 156.032501 -17.121927
v 44.358245 156.032501 2.218800
v 28.448326 168.106736 2.218800
v 22.910120 168.717705 -12.136198
v 8.875200 175.715841 2.218800
v 22.910120 168.717705 -12.136198
v 28.448326 168.106736 2.218800
v 4.655074 113.183073 2.851182
v 5.542530 111.808443 1.809446
v 48.763857 137.163197 6.595435
v 48.575609 137.454785 6.816409
v 4.851815 113.183073 1.212954
v 5.542530 111.808443 1.809446
v 4.655074 113.183073 2.851182
v 5.542530 111.808443 1.809446
v 5.475441 112.333505 -0.056623
v 48.749626 137.274574 6.199602
v 48.763857 137.163197 6.595435
v 4.851815 113.183073 1.212954
v 5.475441 112.333505 -0.056623
v 5.542530 111.808443 1.809446
v 5.475441 112.333505 -0.056623
v 4.546522 114.032642 -0.168180
v 48.552583 137.634997 6.175939
v 48.749626 137.274574 6.199602
v 4.851815 113.183073 1.212954
v 4.546522 114.032642 -0.168180
v 5.475441 112.333505 -0.056623
v 4.546522 114.032642 -0.168180
v 4.039507 114.557704 1.628943
v 48.445034 137.746374 6.557146
v 48.552583 137.634997 6.175939
v 4.851815 113.183073 1.212954
v 4.039507 114.557704 1.628943
v 4.546522 114.032642 -0.168180
v 4.039507 114.557704 1.628943
v 4.655074 113.183073 2.851182
v 48.575609 137.454785 6.816409
v 48.445034 137.746374 6.557146
v 4.851815 113.183073 1.212954
v 4.655074 113.183073 2.851182
v 4.039507 114.557704 1.628943
v 48.575897 137.454829 6.816444
v 48.277640 137.405573 6.537324
v 61.612638 56.264801 7.733119
v 60.803085 56.131108 6.975508
v 60.690591 56.131226 7.918824
v 60.803085 56.131108 6.975508
v 61.612638 56.264801 7.733119
v 48.277640 137.405573 6.537324
v 48.448840 137.424327 6.163653
v 61.147953 56.213898 8.747368
v 61.612638 56.264801 7.733119
v 60.690591 56.131226 7.918824
v 61.612638 56.264801 7.733119
v 61.147953 56.213898 8.747368
v 48.448840 137.424327 6.163653
v 48.852903 137.485173 6.211832
v 60.051209 56.048744 8.616598
v 61.147953 56.213898 8.747368
v 60.690591 56.131226 7.918824
v 61.147953 56.213898 8.747368
v 60.051209 56.048744 8.616598
v 48.852903 137.485173 6.211832
v 48.931429 137.504024 6.615279
v 59.838069 55.997577 7.521528
v 60.051209 56.048744 8.616598
v 60.690591 56.131226 7.918824
v 60.051209 56.048744 8.616598
v 59.838069 55.997577 7.521528
v 48.931429 137.504024 6.615279
v 48.575897 137.454829 6.816444
v 60.803085 56.131108 6.975508
v 59.838069 55.997577 7.521528
v 60.690591 56.131226 7.918824
v 59.838069 55.997577 7.521528
v 60.803085 56.131108 6.975508
v 54.653966 59.384168 7.193865
v 58.610985 76.783806 12.524566
v 62.434208 76.776984 7.193865
v 62.434208 76.776984 7.193865
v 58.610985 76.783806 12.524566
v 58.410617 115.120231 12.254640
v 62.510255 115.769816 7.193865
v 54.653966 134.201843 7.193865
v 62.510255 115.769816 7.193865
v 58.410617 115.120231 12.254640
v 54.653966 59.384168 7.193865
v 50.851027 79.522102 12.316997
v 58.610985 76.783806 12.524566
v 58.610985 76.783806 12.524566
v 50.851027 79.522102 12.316997
v 50.675590 114.614867 12.553337
v 58.410617 115.120231 12.254640
v 54.653966 134.201843 7.193865
v 58.410617 115.120231 12.254640
v 50.675590 114.614867 12.553337
v 54.653966 59.384168 7.193865
v 47.350740 78.696541 7.193865
v 50.851027 79.522102 12.316997
v 50.851027 79.522102 12.316997
v 47.350740 78.696541 7.193865
v 46.495508 114.571141 7.193865
v 50.675590 114.614867 12.553337
v 54.653966 134.201843 7.193865
v 50.675590 114.614867 12.553337
v 46.495508 114.571141 7.193865
v 54.653966 59.384168 7.193865
v 50.491537 76.947472 1.586447
v 47.350740 78.696541 7.193865
v 47.350740 78.696541 7.193865
v 50.491537 76.947472 1.586447
v 50.878169 114.013571 2.107298
v 46.495508 114.571141 7.193865
v 54.653966 134.201843 7.193865
v 46.495508 114.571141 7.193865
v 50.878169 114.013571 2.107298
v 54.653966 59.384168 7.193865
v 58.502332 78.330633 2.009537
v 50.491537 76.947472 1.586447
v 50.491537 76.947472 1.586447
v 58.502332 78.330633 2.009537
v 58.815398 115.429158 1.587790
v 50.878169 114.013571 2.107298
v 54.653966 134.201843 7.193865
v 50.878169 114.013571 2.107298
v 58.815398 115.429158 1.587790
v 54.653966 59.384168 7.193865
v 62.434208 76.776984 7.193865
v 58.502332 78.330633 2.009537
v 58.502332 78.330633 2.009537
v 62.434208 76.776984 7.193865
v 62.510255 115.769816 7.193865
v 58.815398 115.429158 1.587790
v 54.653966 134.201843 7.193865
v 58.815398 115.429158 1.587790
v 62.510255 115.769816 7.193865
v 5.342960 120.231325 0.562519
v 4.302550 119.774657 2.134589
v 39.839548 133.394538 28.666872
v 40.060240 133.491406 28.333403
v 5.342960 118.773714 1.335740
v 4.302550 119.774657 2.134589
v 5.342960 120.231325 0.562519
v 4.302550 119.774657 2.134589
v 4.699951 117.934720 2.602677
v 39.923845 133.004248 28.766164
v 39.839548 133.394538 28.666872
v 5.342960 118.773714 1.335740
v 4.699951 117.934720 2.602677
v 4.302550 119.774657 2.134589
v 4.699951 117.934720 2.602677
v 5.985968 117.254244 1.319901
v 40.196636 132.859904 28.494060
v 39.923845 133.004248 28.766164
v 5.342960 118.773714 1.335740
v 5.985968 117.254244 1.319901
v 4.699951 117.934720 2.602677
v 5.985968 117.254244 1.319901
v 6.383369 118.673623 0.059014
v 40.280933 133.160985 28.226599
v 40.196636 132.859904 28.494060
v 5.342960 118.773714 1.335740
v 6.383369 118.673623 0.059014
v 5.985968 117.254244 1.319901
v 6.383369 118.673623 0.059014
v 5.342960 120.231325 0.562519
v 40.060240 133.491406 28.333403
v 40.280933 133.160985 28.226599
v 5.342960 118.773714 1.335740
v 5.342960 120.231325 0.562519
v 6.383369 118.673623 0.059014
v 40.018956 133.222232 28.842665
v 39.721858 133.133282 28.572273
v 50.555887 78.549633 35.787122
v 49.749478 78.308198 35.053202
v 49.637421 78.416813 35.990296
v 49.749478 78.308198 35.053202
v 50.555887 78.549633 35.787122
v 39.721858 133.133282 28.572273
v 39.892393 133.111957 28.198436
v 50.093007 78.607515 36.801822
v 50.555887 78.549633 35.787122
v 49.637421 78.416813 35.990296
v 50.555887 78.549633 35.787122
v 50.093007 78.607515 36.801822
v 39.892393 133.111957 28.198436
v 40.294887 133.187728 28.237784
v 49.000523 78.401853 36.695021
v 50.093007 78.607515 36.801822
v 49.637421 78.416813 35.990296
v 50.093007 78.607515 36.801822
v 49.000523 78.401853 36.695021
v 40.294887 133.187728 28.237784
v 40.373107 133.255881 28.635939
v 48.788211 78.216865 35.614315
v 49.000523 78.401853 36.695021
v 49.637421 78.416813 35.990296
v 49.000523 78.401853 36.695021
v 48.788211 78.216865 35.614315
v 40.373107 133.255881 28.635939
v 40.018956 133.222232 28.842665
v 49.749478 78.308198 35.053202
v 48.788211 78.216865 35.614315
v 49.637421 78.416813 35.990296
v 48.788211 78.216865 35.614315
v 49.749478 78.308198 35.053202
v 44.848831 80.607429 32.243858
v 48.434964 92.405377 37.074919
v 52.192926 93.124906 32.243858
v 52.192926 93.124906 32.243858
v 48.434964 92.405377 37.074919
v 48.454423 118.782748 37.101133
v 53.156562 118.843345 32.243858
v 44.848831 130.991600 32.243858
v 53.156562 118.843345 32.243858
v 48.454423 118.782748 37.101133
v 44.848831 80.607429 32.243858
v 41.004783 93.235450 37.422369
v 48.434964 92.405377 37.074919
v 48.434964 92.405377 37.074919
v 41.004783 93.235450 37.422369
v 40.945042 119.236846 37.502850
v 48.454423 118.782748 37.101133
v 44.848831 130.991600 32.243858
v 48.454423 118.782748 37.101133
v 40.945042 119.236846 37.502850
v 44.848831 80.607429 32.243858
v 36.461817 92.518089 32.243858
v 41.004783 93.235450 37.422369
v 41.004783 93.235450 37.422369
v 36.461817 92.518089 32.243858
v 37.647039 119.321890 32.243858
v 40.945042 119.236846 37.502850
v 44.848831 130.991600 32.243858
v 40.945042 119.236846 37.502850
v 37.647039 119.321890 32.243858
v 44.848831 80.607429 32.243858
v 40.872363 92.765224 26.886957
v 36.461817 92.518089 32.243858
v 36.461817 92.518089 32.243858
v 40.872363 92.765224 26.886957
v 40.925254 118.480365 26.958209
v 37.647039 119.321890 32.243858
v 44.848831 130.991600 32.243858
v 37.647039 119.321890 32.243858
v 40.925254 118.480365 26.958209
v 44.848831 80.607429 32.243858
v 48.440805 93.680348 27.404927
v 40.872363 92.765224 26.886957
v 40.872363 92.765224 26.886957
v 48.440805 93.680348 27.404927
v 48.807662 118.826680 26.910716
v 40.925254 118.480365 26.958209
v 44.848831 130.991600 32.243858
v 40.925254 118.480365 26.958209
v 48.807662 118.826680 26.910716
v 44.848831 80.607429 32.243858
v 52.192926 93.124906 32.243858
v 48.440805 93.680348 27.404927
v 48.440805 93.680348 27.404927
v 52.192926 93.124906 32.243858
v 53.156562 118.843345 32.243858
v 48.807662 118.826680 26.910716
v 44.848831 130.991600 32.243858
v 48.807662 118.826680 26.910716
v 53.156562 118.843345 32.243858
v 3.411579 96.167163 -0.214521
v 2.041633 95.792876 1.106676
v 29.172135 125.262283 36.464904
v 29.462730 125.341677 36.184651
v 3.411579 94.908940 0.852895
v 2.041633 95.792876 1.106676
v 3.411579 96.167163 -0.214521
v 2.041633 95.792876 1.106676
v 2.564906 94.197020 2.077156
v 29.283133 124.923768 36.670764
v 29.172135 125.262283 36.464904
v 3.411579 94.908940 0.852895
v 2.564906 94.197020 2.077156
v 2.041633 95.792876 1.106676
v 2.564906 94.197020 2.077156
v 4.258253 93.585013 1.355749
v 29.642327 124.793948 36.517738
v 29.283133 124.923768 36.670764
v 3.411579 94.908940 0.852895
v 4.258253 93.585013 1.355749
v 2.564906 94.197020 2.077156
v 4.258253 93.585013 1.355749
v 4.781525 94.802628 -0.060585
v 29.753324 125.052230 36.217304
v 29.642327 124.793948 36.517738
v 3.411579 94.908940 0.852895
v 4.781525 94.802628 -0.060585
v 4.258253 93.585013 1.355749
v 4.781525 94.802628 -0.060585
v 3.411579 96.167163 -0.214521
v 29.462730 125.341677 36.184651
v 29.753324 125.052230 36.217304
v 3.411579 94.908940 0.852895
v 3.411579 96.167163 -0.214521
v 4.781525 94.802628 -0.060585
v 29.421222 125.134481 36.753436
v 29.122517 125.041459 36.486204
v 37.572689 73.909041 46.016294
v 36.761917 73.656552 45.290951
v 36.649254 73.818595 46.220224
v 36.761917 73.656552 45.290951
v 37.572689 73.909041 46.016294
v 29.122517 125.041459 36.486204
v 29.293974 124.994487 36.115142
v 37.107305 74.036537 47.023462
v 37.572689 73.909041 46.016294
v 36.649254 73.818595 46.220224
v 37.572689 73.909041 46.016294
v 37.107305 74.036537 47.023462
v 29.293974 124.994487 36.115142
v 29.698646 125.058479 36.153045
v 36.008910 73.862845 46.920582
v 37.107305 74.036537 47.023462
v 36.649254 73.818595 46.220224
v 37.107305 74.036537 47.023462
v 36.008910 73.862845 46.920582
v 29.698646 125.058479 36.153045
v 29.777290 125.145000 36.547532
v 35.795449 73.628001 45.849832
v 36.008910 73.862845 46.920582
v 36.649254 73.818595 46.220224
v 36.008910 73.862845 46.920582
v 35.795449 73.628001 45.849832
v 29.777290 125.145000 36.547532
v 29.421222 125.134481 36.753436
v 36.761917 73.656552 45.290951
v 35.795449 73.628001 45.849832
v 36.649254 73.818595 46.220224
v 35.795449 73.628001 45.849832
v 36.761917 73.656552 45.290951
v 33.055992 75.868842 41.315648
v 36.646076 87.509434 46.152032
v 41.318520 87.407010 41.315648
v 41.318520 87.407010 41.315648
v 36.646076 87.509434 46.152032
v 36.650874 111.368760 46.158495
v 40.235790 111.878997 41.315648
v 33.055992 123.024534 41.315648
v 40.235790 111.878997 41.315648
v 36.650874 111.368760 46.158495
v 33.055992 75.868842 41.315648
v 29.066844 86.980961 46.689632
v 36.646076 87.509434 46.152032
v 36.646076 87.509434 46.152032
v 29.066844 86.980961 46.689632
v 28.989794 111.696922 46.793429
v 36.650874 111.368760 46.158495
v 33.055992 123.024534 41.315648
v 36.650874 111.368760 46.158495
v 28.989794 111.696922 46.793429
v 33.055992 75.868842 41.315648
v 24.983191 88.078326 41.315648
v 29.066844 86.980961 46.689632
v 29.066844 86.980961 46.689632
v 24.983191 88.078326 41.315648
v 24.926159 110.846873 41.315648
v 28.989794 111.696922 46.793429
v 33.055992 123.024534 41.315648
v 28.989794 111.696922 46.793429
v 24.926159 110.846873 41.315648
v 33.055992 75.868842 41.315648
v 28.964775 87.874874 35.804163
v 24.983191 88.078326 41.315648
v 24.983191 88.078326 41.315648
v 28.964775 87.874874 35.804163
v 29.234364 111.193113 36.167340
v 24.926159 110.846873 41.315648
v 33.055992 123.024534 41.315648
v 24.926159 110.846873 41.315648
v 29.234364 111.193113 36.167340
v 33.055992 75.868842 41.315648
v 36.999717 87.934852 36.002856
v 28.964775 87.874874 35.804163
v 28.964775 87.874874 35.804163
v 36.999717 87.934852 36.002856
v 37.261285 110.463976 35.650485
v 29.234364 111.193113 36.167340
v 33.055992 123.024534 41.315648
v 29.234364 111.193113 36.167340
v 37.261285 110.463976 35.650485
v 33.055992 75.868842 41.315648
v 41.318520 87.407010 41.315648
v 36.999717 87.934852 36.002856
v 36.999717 87.934852 36.002856
v 41.318520 87.407010 41.315648
v 40.235790 111.878997 41.315648
v 37.261285 110.463976 35.650485
v 33.055992 123.024534 41.315648
v 37.261285 110.463976 35.650485
v 40.235790 111.878997 41.315648
v 3.675916 99.663089 -0.268248
v 2.107673 98.911611 0.590993
v 5.606703 144.212041 44.871256
v 5.939361 144.371446 44.688992
v 3.675916 98.517230 0.918979
v 2.107673 98.911611 0.590993
v 3.675916 99.663089 -0.268248
v 2.107673 98.911611 0.590993
v 2.706688 97.615113 1.903500
v 5.733767 143.937026 45.149666
v 5.606703 144.212041 44.871256
v 3.675916 98.517230 0.918979
v 2.706688 97.615113 1.903500
v 2.107673 98.911611 0.590993
v 2.706688 97.615113 1.903500
v 4.645144 97.565310 1.855432
v 6.144955 143.926462 45.139470
v 5.733767 143.937026 45.149666
v 3.675916 98.517230 0.918979
v 4.645144 97.565310 1.855432
v 2.706688 97.615113 1.903500
v 4.645144 97.565310 1.855432
v 5.244160 98.831029 0.513218
v 6.272019 144.194948 44.854758
v 6.144955 143.926462 45.139470
v 3.675916 98.517230 0.918979
v 5.244160 98.831029 0.513218
v 4.645144 97.565310 1.855432
v 5.244160 98.831029 0.513218
v 3.675916 99.663089 -0.268248
v 5.939361 144.371446 44.688992
v 6.272019 144.194948 44.854758
v 3.675916 98.517230 0.918979
v 3.675916 99.663089 -0.268248
v 5.244160 98.831029 0.513218
v 5.897464 144.200283 45.280792
v 5.595957 144.138847 45.007644
v 7.495856 87.042044 56.903431
v 6.677480 86.875291 56.162028
v 6.563760 87.070442 57.084787
v 6.677480 86.875291 56.162028
v 7.495856 87.042044 56.903431
v 5.595957 144.138847 45.007644
v 5.769023 144.062953 44.642159
v 7.026107 87.248042 57.895462
v 7.495856 87.042044 56.903431
v 6.563760 87.070442 57.084787
v 7.495856 87.042044 56.903431
v 7.026107 87.248042 57.895462
v 5.769023 144.062953 44.642159
v 6.177490 144.077483 44.689425
v 5.917410 87.208604 57.767167
v 7.026107 87.248042 57.895462
v 6.563760 87.070442 57.084787
v 7.026107 87.248042 57.895462
v 5.917410 87.208604 57.767167
v 6.177490 144.077483 44.689425
v 6.256871 144.162357 45.084122
v 5.701946 86.978231 56.695846
v 5.917410 87.208604 57.767167
v 6.563760 87.070442 57.084787
v 5.917410 87.208604 57.767167
v 5.701946 86.978231 56.695846
v 6.256871 144.162357 45.084122
v 5.897464 144.200283 45.280792
v 6.677480 86.875291 56.162028
v 5.701946 86.978231 56.695846
v 6.563760 87.070442 57.084787
v 5.701946 86.978231 56.695846
v 6.677480 86.875291 56.162028
v 6.251560 89.352760 51.012808
v 9.961913 103.458471 56.011212
v 14.540553 102.534474 51.012808
v 14.540553 102.534474 51.012808
v 9.961913 103.458471 56.011212
v 10.048371 129.204462 56.127684
v 13.619829 128.598029 51.012808
v 6.251560 141.846067 51.012808
v 13.619829 128.598029 51.012808
v 10.048371 129.204462 56.127684
v 6.251560 89.352760 51.012808
v 2.597619 101.888716 55.935217
v 9.961913 103.458471 56.011212
v 9.961913 103.458471 56.011212
v 2.597619 101.888716 55.935217
v 2.423715 128.011659 56.169492
v 10.048371 129.204462 56.127684
v 6.251560 141.846067 51.012808
v 10.048371 129.204462 56.127684
v 2.423715 128.011659 56.169492
v 6.251560 89.352760 51.012808
v -1.704652 102.473892 51.012808
v 2.597619 101.888716 55.935217
v 2.597619 101.888716 55.935217
v -1.704652 102.473892 51.012808
v -1.219261 129.030823 51.012808
v 2.423715 128.011659 56.169492
v 6.251560 141.846067 51.012808
v 2.423715 128.011659 56.169492
v -1.219261 129.030823 51.012808
v 6.251560 89.352760 51.012808
v 2.508646 102.220778 45.970539
v -1.704652 102.473892 51.012808
v -1.704652 102.473892 51.012808
v 2.508646 102.220778 45.970539
v 2.439136 128.579608 45.876897
v -1.219261 129.030823 51.012808
v 6.251560 141.846067 51.012808
v -1.219261 129.030823 51.012808
v 2.439136 128.579608 45.876897
v 6.251560 89.352760 51.012808
v 9.911221 103.405766 46.082694
v 2.508646 102.220778 45.970539
v 2.508646 102.220778 45.970539
v 9.911221 103.405766 46.082694
v 10.135666 128.171401 45.780332
v 2.439136 128.579608 45.876897
v 6.251560 141.846067 51.012808
v 2.439136 128.579608 45.876897
v 10.135666 128.171401 45.780332
v 6.251560 89.352760 51.012808
v 14.540553 102.534474 51.012808
v 9.911221 103.405766 46.082694
v 9.911221 103.405766 46.082694
v 14.540553 102.534474 51.012808
v 13.619829 128.598029 51.012808
v 10.135666 128.171401 45.780332
v 6.251560 141.846067 51.012808
v 10.135666 128.171401 45.780332
v 13.619829 128.598029 51.012808
v 5.064840 117.057415 0.419710
v 3.718934 115.664813 0.312022
v -20.460726 137.245302 37.202224
v -20.175231 137.540703 37.225067
v 5.064840 115.641104 1.266210
v 3.718934 115.664813 0.312022
v 5.064840 117.057415 0.419710
v 3.718934 115.664813 0.312022
v 4.233024 114.239445 1.522989
v -20.351677 136.942951 37.459096
v -20.460726 137.245302 37.202224
v 5.064840 115.641104 1.266210
v 4.233024 114.239445 1.522989
v 3.718934 115.664813 0.312022
v 4.233024 114.239445 1.522989
v 5.896655 114.751122 2.379096
v -19.998785 137.051489 37.640694
v -20.351677 136.942951 37.459096
v 5.064840 115.641104 1.266210
v 5.896655 114.751122 2.379096
v 4.233024 114.239445 1.522989
v 5.896655 114.751122 2.379096
v 6.410746 116.492724 1.697233
v -19.889736 137.420920 37.496057
v -19.998785 137.051489 37.640694
v 5.064840 115.641104 1.266210
v 6.410746 116.492724 1.697233
v 5.896655 114.751122 2.379096
v 6.410746 116.492724 1.697233
v 5.064840 117.057415 0.419710
v -20.175231 137.540703 37.225067
v -19.889736 137.420920 37.496057
v 5.064840 115.641104 1.266210
v 5.064840 117.057415 0.419710
v 6.410746 116.492724 1.697233
v -20.216764 137.311897 37.744694
v -20.515654 137.297605 37.462291
v -26.214003 85.714200 47.217331
v -27.025276 85.675405 46.450810
v -27.138009 85.869814 47.373846
v -27.025276 85.675405 46.450810
v -26.214003 85.714200 47.217331
v -20.515654 137.297605 37.462291
v -20.344091 137.204081 37.100199
v -26.679675 85.968048 48.200151
v -26.214003 85.714200 47.217331
v -27.138009 85.869814 47.373846
v -26.214003 85.714200 47.217331
v -26.679675 85.968048 48.200151
v -20.344091 137.204081 37.100199
v -19.939169 137.160574 37.158817
v -27.778749 86.086141 48.041046
v -26.679675 85.968048 48.200151
v -27.138009 85.869814 47.373846
v -26.679675 85.968048 48.200151
v -27.778749 86.086141 48.041046
v -19.939169 137.160574 37.158817
v -19.860477 137.227208 37.557137
v -27.992343 85.905277 46.959893
v -27.778749 86.086141 48.041046
v -27.138009 85.869814 47.373846
v -27.778749 86.086141 48.041046
v -27.992343 85.905277 46.959893
v -19.860477 137.227208 37.557137
v -20.216764 137.311897 37.744694
v -27.025276 85.675405 46.450810
v -27.992343 85.905277 46.959893
v -27.138009 85.869814 47.373846
v -27.992343 85.905277 46.959893
v -27.025276 85.675405 46.450810
v -23.656620 87.924632 42.389237
v -19.521937 99.051181 47.959278
v -15.942517 99.819325 42.389237
v -15.942517 99.819325 42.389237
v -19.521937 99.051181 47.959278
v -19.666333 122.900897 47.764755
v -16.073147 122.555813 42.389237
v -23.656620 135.185455 42.389237
v -16.073147 122.555813 42.389237
v -19.666333 122.900897 47.764755
v -23.656620 87.924632 42.389237
v -27.510252 99.998980 47.580659
v -19.521937 99.051181 47.959278
v -19.521937 99.051181 47.959278
v -27.510252 99.998980 47.580659
v -27.331726 123.515542 47.340158
v -19.666333 122.900897 47.764755
v -23.656620 135.185455 42.389237
v -19.666333 122.900897 47.764755
v -27.331726 123.515542 47.340158
v -23.656620 87.924632 42.389237
v -31.144853 99.843092 42.389237
v -27.510252 99.998980 47.580659
v -27.510252 99.998980 47.580659
v -31.144853 99.843092 42.389237
v -31.222764 122.632918 42.389237
v -27.331726 123.515542 47.340158
v -23.656620 135.185455 42.389237
v -27.331726 123.515542 47.340158
v -31.222764 122.632918 42.389237
v -23.656620 87.924632 42.389237
v -27.263387 99.014981 37.530379
v -31.144853 99.843092 42.389237
v -31.144853 99.843092 42.389237
v -27.263387 99.014981 37.530379
v -27.779690 122.591054 36.834841
v -31.222764 122.632918 42.389237
v -23.656620 135.185455 42.389237
v -31.222764 122.632918 42.389237
v -27.779690 122.591054 36.834841
v -23.656620 87.924632 42.389237
v -19.618751 99.808219 36.949619
v -27.263387 99.014981 37.530379
v -27.263387 99.014981 37.530379
v -19.618751 99.808219 36.949619
v -19.522784 123.625711 36.820337
v -27.779690 122.591054 36.834841
v -23.656620 135.185455 42.389237
v -27.779690 122.591054 36.834841
v -19.522784 123.625711 36.820337
v -23.656620 87.924632 42.389237
v -15.942517 99.819325 42.389237
v -19.618751 99.808219 36.949619
v -19.618751 99.808219 36.949619
v -15.942517 99.819325 42.389237
v -16.073147 122.555813 42.389237
v -19.522784 123.625711 36.820337
v -23.656620 135.185455 42.389237
v -19.522784 123.625711 36.820337
v -16.073147 122.555813 42.389237
v 3.996949 103.564343 -0.423766
v 2.696401 102.229917 0.115014
v -31.548267 147.672751 27.252551
v -31.272393 147.955811 27.138264
v 3.996949 102.729141 0.999237
v 2.696401 102.229917 0.115014
v 3.996949 103.564343 -0.423766
v 2.696401 102.229917 0.115014
v 3.193166 101.585401 1.875760
v -31.442893 147.536036 27.626042
v -31.548267 147.672751 27.252551
v 3.996949 102.729141 0.999237
v 3.193166 101.585401 1.875760
v 2.696401 102.229917 0.115014
v 3.193166 101.585401 1.875760
v 4.800731 102.521496 2.425181
v -31.101894 147.734601 27.742586
v -31.442893 147.536036 27.626042
v 3.996949 102.729141 0.999237
v 4.800731 102.521496 2.425181
v 3.193166 101.585401 1.875760
v 4.800731 102.521496 2.425181
v 5.297496 103.744549 1.003996
v -30.996519 147.994037 27.441123
v -31.101894 147.734601 27.742586
v 3.996949 102.729141 0.999237
v 5.297496 103.744549 1.003996
v 4.800731 102.521496 2.425181
v 5.297496 103.744549 1.003996
v 3.996949 103.564343 -0.423766
v -31.272393 147.955811 27.138264
v -30.996519 147.994037 27.441123
v 3.996949 102.729141 0.999237
v 3.996949 103.564343 -0.423766
v 5.297496 103.744549 1.003996
v -31.313973 147.816157 27.785605
v -31.613196 147.827097 27.503405
v -40.076830 69.679606 34.562356
v -40.889008 69.709298 33.796387
v -41.001867 69.811111 34.734148
v -40.889008 69.709298 33.796387
v -40.076830 69.679606 34.562356
v -31.613196 147.827097 27.503405
v -31.441442 147.771080 27.133739
v -40.543021 69.831650 35.565736
v -40.076830 69.679606 34.562356
v -41.001867 69.811111 34.734148
v -40.076830 69.679606 34.562356
v -40.543021 69.831650 35.565736
v -31.441442 147.771080 27.133739
v -31.036068 147.725521 27.187472
v -41.643322 69.955310 35.419890
v -40.543021 69.831650 35.565736
v -41.001867 69.811111 34.734148
v -40.543021 69.831650 35.565736
v -41.643322 69.955310 35.419890
v -31.036068 147.725521 27.187472
v -30.957288 147.753380 27.590347
v -41.857153 69.879693 34.326372
v -41.643322 69.955310 35.419890
v -41.001867 69.811111 34.734148
v -41.643322 69.955310 35.419890
v -41.857153 69.879693 34.326372
v -30.957288 147.753380 27.590347
v -31.313973 147.816157 27.785605
v -40.889008 69.709298 33.796387
v -41.857153 69.879693 34.326372
v -41.001867 69.811111 34.734148
v -41.857153 69.879693 34.326372
v -40.889008 69.709298 33.796387
v -36.137130 72.929813 31.087131
v -32.298526 91.818309 36.258308
v -28.936175 90.204375 31.087131
v -28.936175 90.204375 31.087131
v -32.298526 91.818309 36.258308
v -32.463382 127.765603 36.036222
v -27.939285 126.016194 31.087131
v -36.137130 144.659946 31.087131
v -27.939285 126.016194 31.087131
v -32.463382 127.765603 36.036222
v -36.137130 72.929813 31.087131
v -39.791405 90.738127 36.009989
v -32.298526 91.818309 36.258308
v -32.298526 91.818309 36.258308
v -39.791405 90.738127 36.009989
v -39.933808 126.929264 36.201828
v -32.463382 127.765603 36.036222
v -36.137130 144.659946 31.087131
v -32.463382 127.765603 36.036222
v -39.933808 126.929264 36.201828
v -36.137130 72.929813 31.087131
v -44.420280 90.546559 31.087131
v -39.791405 90.738127 36.009989
v -39.791405 90.738127 36.009989
v -44.420280 90.546559 31.087131
v -43.308579 125.929951 31.087131
v -39.933808 126.929264 36.201828
v -36.137130 144.659946 31.087131
v -39.933808 126.929264 36.201828
v -43.308579 125.929951 31.087131
v -36.137130 72.929813 31.087131
v -40.160730 91.273957 25.666736
v -44.420280 90.546559 31.087131
v -44.420280 90.546559 31.087131
v -40.160730 91.273957 25.666736
v -39.820921 125.625962 26.124509
v -43.308579 125.929951 31.087131
v -36.137130 144.659946 31.087131
v -43.308579 125.929951 31.087131
v -39.820921 125.625962 26.124509
v -36.137130 72.929813 31.087131
v -32.162713 90.803023 25.732993
v -40.160730 91.273957 25.666736
v -40.160730 91.273957 25.666736
v -32.162713 90.803023 25.732993
v -32.351595 127.386624 25.987445
v -39.820921 125.625962 26.124509
v -36.137130 144.659946 31.087131
v -39.820921 125.625962 26.124509
v -32.351595 127.386624 25.987445
v -36.137130 72.929813 31.087131
v -28.936175 90.204375 31.087131
v -32.162713 90.803023 25.732993
v -32.162713 90.803023 25.732993
v -28.936175 90.204375 31.087131
v -27.939285 126.016194 31.087131
v -32.351595 127.386624 25.987445
v -36.137130 144.659946 31.087131
v -32.351595 127.386624 25.987445
v -27.939285 126.016194 31.087131
v 4.132596 104.575811 -0.612625
v 3.175340 103.253992 0.435640
v -40.083789 137.998659 3.329861
v -39.880734 138.279044 3.107502
v 4.132596 104.457796 1.033149
v 3.175340 103.253992 0.435640
v 4.132596 104.575811 -0.612625
v 3.175340 103.253992 0.435640
v 3.540979 103.595789 2.309642
v -40.006229 138.071161 3.727377
v -40.083789 137.998659 3.329861
v 4.132596 104.457796 1.033149
v 3.540979 103.595789 2.309642
v 3.175340 103.253992 0.435640
v 3.540979 103.595789 2.309642
v 4.724213 105.128850 2.419575
v -39.755240 138.396356 3.750696
v -40.006229 138.071161 3.727377
v 4.132596 104.457796 1.033149
v 4.724213 105.128850 2.419575
v 3.540979 103.595789 2.309642
v 4.724213 105.128850 2.419575
v 5.089852 105.734537 0.613514
v -39.677680 138.524835 3.367592
v -39.755240 138.396356 3.750696
v 4.132596 104.457796 1.033149
v 5.089852 105.734537 0.613514
v 4.724213 105.128850 2.419575
v 5.089852 105.734537 0.613514
v 4.132596 104.575811 -0.612625
v -39.880734 138.279044 3.107502
v -39.677680 138.524835 3.367592
v 4.132596 104.457796 1.033149
v 4.132596 104.575811 -0.612625
v 5.089852 105.734537 0.613514
v -39.921583 138.267702 3.803944
v -40.215546 138.331280 3.523169
v -51.113569 84.857953 3.944472
v -51.911468 85.030522 3.182370
v -52.022343 85.067683 4.125145
v -51.911468 85.030522 3.182370
v -51.113569 84.857953 3.944472
v -40.215546 138.331280 3.523169
v -40.046811 138.288075 3.150406
v -51.571564 84.975224 4.956259
v -51.113569 84.857953 3.944472
v -52.022343 85.067683 4.125145
v -51.113569 84.857953 3.944472
v -51.571564 84.975224 4.956259
v -40.046811 138.288075 3.150406
v -39.648564 138.197795 3.200800
v -52.652521 85.220270 4.819474
v -51.571564 84.975224 4.956259
v -52.022343 85.067683 4.125145
v -51.571564 84.975224 4.956259
v -52.652521 85.220270 4.819474
v -39.648564 138.197795 3.200800
v -39.571169 138.185204 3.604709
v -52.862593 85.254446 3.723151
v -52.652521 85.220270 4.819474
v -52.022343 85.067683 4.125145
v -52.652521 85.220270 4.819474
v -52.862593 85.254446 3.723151
v -39.571169 138.185204 3.604709
v -39.921583 138.267702 3.803944
v -51.911468 85.030522 3.182370
v -52.862593 85.254446 3.723151
v -52.022343 85.067683 4.125145
v -52.862593 85.254446 3.723151
v -51.911468 85.030522 3.182370
v -45.951539 87.195136 3.790875
v -41.972949 99.213387 9.150635
v -37.569408 98.868020 3.790875
v -37.569408 98.868020 3.790875
v -41.972949 99.213387 9.150635
v -41.974827 122.934951 9.148105
v -38.639160 124.819506 3.790875
v -45.951539 136.126558 3.790875
v -38.639160 124.819506 3.790875
v -41.974827 122.934951 9.148105
v -45.951539 87.195136 3.790875
v -50.148336 99.449087 9.444593
v -41.972949 99.213387 9.150635
v -41.972949 99.213387 9.150635
v -50.148336 99.449087 9.444593
v -49.898628 123.252777 9.108199
v -41.974827 122.934951 9.148105
v -45.951539 136.126558 3.790875
v -41.974827 122.934951 9.148105
v -49.898628 123.252777 9.108199
v -45.951539 87.195136 3.790875
v -53.759363 99.919716 3.790875
v -50.148336 99.449087 9.444593
v -50.148336 99.449087 9.444593
v -53.759363 99.919716 3.790875
v -53.307976 123.400945 3.790875
v -49.898628 123.252777 9.108199
v -45.951539 136.126558 3.790875
v -49.898628 123.252777 9.108199
v -53.307976 123.400945 3.790875
v -45.951539 87.195136 3.790875
v -49.629832 100.321859 -1.164340
v -53.759363 99.919716 3.790875
v -53.759363 99.919716 3.790875
v -49.629832 100.321859 -1.164340
v -50.018249 123.918962 -1.687596
v -53.307976 123.400945 3.790875
v -45.951539 136.126558 3.790875
v -53.307976 123.400945 3.790875
v -50.018249 123.918962 -1.687596
v -45.951539 87.195136 3.790875
v -41.850922 98.667864 -1.733273
v -49.629832 100.321859 -1.164340
v -49.629832 100.321859 -1.164340
v -41.850922 98.667864 -1.733273
v -42.230682 123.869581 -1.221679
v -50.018249 123.918962 -1.687596
v -45.951539 136.126558 3.790875
v -50.018249 123.918962 -1.687596
v -42.230682 123.869581 -1.221679
v -45.951539 87.195136 3.790875
v -37.569408 98.868020 3.790875
v -41.850922 98.667864 -1.733273
v -41.850922 98.667864 -1.733273
v -37.569408 98.868020 3.790875
v -38.639160 124.819506 3.790875
v -42.230682 123.869581 -1.221679
v -45.951539 136.126558 3.790875
v -42.230682 123.869581 -1.221679
v -38.639160 124.819506 3.790875
v 4.793751 111.381310 -0.010931
v 3.640491 111.376910 1.548676
v -30.931437 140.446636 -24.884037
v -30.686806 140.447569 -25.214863
v 4.793751 112.503775 1.198438
v 3.640491 111.376910 1.548676
v 4.793751 111.381310 -0.010931
v 3.640491 111.376910 1.548676
v 4.080997 112.929798 2.624266
v -30.837996 140.776036 -24.655882
v -30.931437 140.446636 -24.884037
v 4.793751 112.503775 1.198438
v 4.080997 112.929798 2.624266
v 3.640491 111.376910 1.548676
v 4.080997 112.929798 2.624266
v 5.506504 113.893937 1.729409
v -30.535616 140.980551 -24.845700
v -30.837996 140.776036 -24.655882
v 4.793751 112.503775 1.198438
v 5.506504 113.893937 1.729409
v 4.080997 112.929798 2.624266
v 5.506504 113.893937 1.729409
v 5.947010 112.936918 0.100768
v -30.442175 140.777547 -25.191169
v -30.535616 140.980551 -24.845700
v 4.793751 112.503775 1.198438
v 5.947010 112.936918 0.100768
v 5.506504 113.893937 1.729409
v 5.947010 112.936918 0.100768
v 4.793751 111.381310 -0.010931
v -30.686806 140.447569 -25.214863
v -30.442175 140.777547 -25.191169
v 4.793751 112.503775 1.198438
v 4.793751 111.381310 -0.010931
v 5.947010 112.936918 0.100768
v -30.728285 140.654988 -24.612153
v -31.026784 140.726822 -24.886068
v -39.551751 72.387484 -32.370129
v -40.361961 72.582462 -33.113612
v -40.474546 72.499189 -32.173990
v -40.361961 72.582462 -33.113612
v -39.551751 72.387484 -32.370129
v -31.026784 140.726822 -24.886068
v -30.855445 140.741782 -25.259846
v -40.016812 72.346879 -31.355588
v -39.551751 72.387484 -32.370129
v -40.474546 72.499189 -32.173990
v -39.551751 72.387484 -32.370129
v -40.016812 72.346879 -31.355588
v -30.855445 140.741782 -25.259846
v -30.451053 140.679193 -25.216939
v -41.114447 72.516762 -31.472051
v -40.016812 72.346879 -31.355588
v -40.474546 72.499189 -32.173990
v -40.016812 72.346879 -31.355588
v -41.114447 72.516762 -31.472051
v -30.451053 140.679193 -25.216939
v -30.372464 140.625552 -24.816643
v -41.327760 72.662360 -32.558570
v -41.114447 72.516762 -31.472051
v -40.474546 72.499189 -32.173990
v -41.114447 72.516762 -31.472051
v -41.327760 72.662360 -32.558570
v -30.372464 140.625552 -24.816643
v -30.728285 140.654988 -24.612153
v -40.361961 72.582462 -33.113612
v -41.327760 72.662360 -32.558570
v -40.474546 72.499189 -32.173990
v -41.327760 72.662360 -32.558570
v -40.361961 72.582462 -33.113612
v -35.580676 75.226648 -28.566160
v -31.478920 90.230859 -23.040477
v -27.362117 90.263660 -28.566160
v -27.362117 90.263660 -28.566160
v -31.478920 90.230859 -23.040477
v -31.734096 123.043086 -23.384237
v -27.887303 122.150235 -28.566160
v -35.580676 137.958209 -28.566160
v -27.887303 122.150235 -28.566160
v -31.734096 123.043086 -23.384237
v -35.580676 75.226648 -28.566160
v -39.228095 90.131609 -23.652538
v -31.478920 90.230859 -23.040477
v -31.478920 90.230859 -23.040477
v -39.228095 90.131609 -23.652538
v -39.776730 122.048705 -22.913444
v -31.734096 123.043086 -23.384237
v -35.580676 137.958209 -28.566160
v -31.734096 123.043086 -23.384237
v -39.776730 122.048705 -22.913444
v -35.580676 75.226648 -28.566160
v -43.479647 90.965081 -28.566160
v -39.228095 90.131609 -23.652538
v -39.228095 90.131609 -23.652538
v -43.479647 90.965081 -28.566160
v -43.626545 122.454782 -28.566160
v -39.776730 122.048705 -22.913444
v -35.580676 137.958209 -28.566160
v -39.776730 122.048705 -22.913444
v -43.626545 122.454782 -28.566160
v -35.580676 75.226648 -28.566160
v -39.583999 92.113635 -33.959239
v -43.479647 90.965081 -28.566160
v -43.479647 90.965081 -28.566160
v -39.583999 92.113635 -33.959239
v -39.174063 122.905914 -33.406993
v -43.626545 122.454782 -28.566160
v -35.580676 137.958209 -28.566160
v -43.626545 122.454782 -28.566160
v -39.174063 122.905914 -33.406993
v -35.580676 75.226648 -28.566160
v -31.906130 91.417146 -33.516327
v -39.583999 92.113635 -33.959239
v -39.583999 92.113635 -33.959239
v -31.906130 91.417146 -33.516327
v -31.895293 121.255801 -33.530926
v -39.174063 122.905914 -33.406993
v -35.580676 137.958209 -28.566160
v -39.174063 122.905914 -33.406993
v -31.895293 121.255801 -33.530926
v -35.580676 75.226648 -28.566160
v -27.362117 90.263660 -28.566160
v -31.906130 91.417146 -33.516327
v -31.906130 91.417146 -33.516327
v -27.362117 90.263660 -28.566160
v -27.887303 122.150235 -28.566160
v -31.895293 121.255801 -33.530926
v -35.580676 137.958209 -28.566160
v -31.895293 121.255801 -33.530926
v -27.887303 122.150235 -28.566160
v 4.395475 106.478613 0.022189
v 2.925795 106.983620 1.182970
v -15.436926 141.604595 -38.405318
v -15.125176 141.497472 -38.651545
v 4.395475 107.728917 1.098869
v 2.925795 106.983620 1.182970
v 4.395475 106.478613 0.022189
v 2.925795 106.983620 1.182970
v 3.487163 108.518602 2.227526
v -15.317848 141.930197 -38.183746
v -15.436926 141.604595 -38.405318
v 4.395475 107.728917 1.098869
v 3.487163 108.518602 2.227526
v 2.925795 106.983620 1.182970
v 3.487163 108.518602 2.227526
v 5.303787 108.962267 1.712316
v -14.932503 142.024308 -38.293033
v -15.317848 141.930197 -38.183746
v 4.395475 107.728917 1.098869
v 5.303787 108.962267 1.712316
v 3.487163 108.518602 2.227526
v 5.303787 108.962267 1.712316
v 5.865155 107.701484 0.349343
v -14.813425 141.756869 -38.582148
v -14.932503 142.024308 -38.293033
v 4.395475 107.728917 1.098869
v 5.865155 107.701484 0.349343
v 5.303787 108.962267 1.712316
v 5.865155 107.701484 0.349343
v 4.395475 106.478613 0.022189
v -15.125176 141.497472 -38.651545
v -14.813425 141.756869 -38.582148
v 4.395475 107.728917 1.098869
v 4.395475 106.478613 0.022189
v 5.865155 107.701484 0.349343
v -15.166973 141.716391 -38.078761
v -15.467763 141.776841 -38.352917
v -19.580303 65.483295 -49.516439
v -20.396733 65.647374 -50.260579
v -20.510183 65.521710 -49.325786
v -20.396733 65.647374 -50.260579
v -19.580303 65.483295 -49.516439
v -15.467763 141.776841 -38.352917
v -15.295109 141.817732 -38.724144
v -20.048935 65.372304 -48.508823
v -19.580303 65.483295 -49.516439
v -20.510183 65.521710 -49.325786
v -19.580303 65.483295 -49.516439
v -20.048935 65.372304 -48.508823
v -15.295109 141.817732 -38.724144
v -14.887613 141.782554 -38.679418
v -21.154995 65.467787 -48.630222
v -20.048935 65.372304 -48.508823
v -20.510183 65.521710 -49.325786
v -20.048935 65.372304 -48.508823
v -21.154995 65.467787 -48.630222
v -14.887613 141.782554 -38.679418
v -14.808420 141.719922 -38.280549
v -21.369946 65.637790 -49.712867
v -21.154995 65.467787 -48.630222
v -20.510183 65.521710 -49.325786
v -21.154995 65.467787 -48.630222
v -21.369946 65.637790 -49.712867
v -14.808420 141.719922 -38.280549
v -15.166973 141.716391 -38.078761
v -20.396733 65.647374 -50.260579
v -21.369946 65.637790 -49.712867
v -20.510183 65.521710 -49.325786
v -21.369946 65.637790 -49.712867
v -20.396733 65.647374 -50.260579
v -17.817679 68.571349 -43.874472
v -14.218664 87.165772 -39.026057
v -9.803698 85.853117 -43.874472
v -9.803698 85.853117 -43.874472
v -14.218664 87.165772 -39.026057
v -14.164461 119.875029 -38.953037
v -9.413401 121.397048 -43.874472
v -17.817679 138.713049 -43.874472
v -9.413401 121.397048 -43.874472
v -14.164461 119.875029 -38.953037
v -17.817679 68.571349 -43.874472
v -21.574181 85.269804 -38.813899
v -14.218664 87.165772 -39.026057
v -14.218664 87.165772 -39.026057
v -21.574181 85.269804 -38.813899
v -21.706797 121.175366 -38.635244
v -14.164461 119.875029 -38.953037
v -17.817679 138.713049 -43.874472
v -14.164461 119.875029 -38.953037
v -21.706797 121.175366 -38.635244
v -17.817679 68.571349 -43.874472
v -25.935590 86.294691 -43.874472
v -21.574181 85.269804 -38.813899
v -21.574181 85.269804 -38.813899
v -25.935590 86.294691 -43.874472
v -25.899498 119.846575 -43.874472
v -21.706797 121.175366 -38.635244
v -17.817679 138.713049 -43.874472
v -21.706797 121.175366 -38.635244
v -25.899498 119.846575 -43.874472
v -17.817679 68.571349 -43.874472
v -21.873199 87.247177 -49.337868
v -25.935590 86.294691 -43.874472
v -25.935590 86.294691 -43.874472
v -21.873199 87.247177 -49.337868
v -21.626538 122.266618 -49.005579
v -25.899498 119.846575 -43.874472
v -17.817679 138.713049 -43.874472
v -25.899498 119.846575 -43.874472
v -21.626538 122.266618 -49.005579
v -17.817679 68.571349 -43.874472
v -13.823993 86.376737 -49.254569
v -21.873199 87.247177 -49.337868
v -21.873199 87.247177 -49.337868
v -13.823993 86.376737 -49.254569
v -13.787436 120.375949 -49.303817
v -21.626538 122.266618 -49.005579
v -17.817679 138.713049 -43.874472
v -21.626538 122.266618 -49.005579
v -13.787436 120.375949 -49.303817
v -17.817679 68.571349 -43.874472
v -9.803698 85.853117 -43.874472
v -13.823993 86.376737 -49.254569
v -13.823993 86.376737 -49.254569
v -9.803698 85.853117 -43.874472
v -9.413401 121.397048 -43.874472
v -13.787436 120.375949 -49.303817
v -17.817679 138.713049 -43.874472
v -13.787436 120.375949 -49.303817
v -9.413401 121.397048 -43.874472
v 3.406775 93.685366 -0.324947
v 1.839192 94.433183 0.538682
v 0.185905 139.497910 -43.199971
v 0.518422 139.339282 -43.383165
v 3.406775 94.842092 0.851694
v 1.839192 94.433183 0.538682
v 3.406775 93.685366 -0.324947
v 1.839192 94.433183 0.538682
v 2.437956 95.746098 1.834883
v 0.312915 139.776408 -42.925019
v 0.185905 139.497910 -43.199971
v 3.406775 94.842092 0.851694
v 2.437956 95.746098 1.834883
v 1.839192 94.433183 0.538682
v 2.437956 95.746098 1.834883
v 4.375595 95.809708 1.772350
v 0.723930 139.789900 -42.938284
v 0.312915 139.776408 -42.925019
v 3.406775 94.842092 0.851694
v 4.375595 95.809708 1.772350
v 2.437956 95.746098 1.834883
v 4.375595 95.809708 1.772350
v 4.974358 94.536105 0.437501
v 0.850940 139.519742 -43.221433
v 0.723930 139.789900 -42.938284
v 3.406775 94.842092 0.851694
v 4.974358 94.536105 0.437501
v 4.375595 95.809708 1.772350
v 4.974358 94.536105 0.437501
v 3.406775 93.685366 -0.324947
v 0.518422 139.339282 -43.383165
v 0.850940 139.519742 -43.221433
v 3.406775 94.842092 0.851694
v 3.406775 93.685366 -0.324947
v 4.974358 94.536105 0.437501
v 0.476525 139.529930 -42.790426
v 0.175018 139.577464 -43.066333
v 0.653735 64.121757 -55.449955
v -0.164644 64.250781 -56.198843
v -0.278365 64.102257 -55.267441
v -0.164644 64.250781 -56.198843
v 0.653735 64.121757 -55.449955
v 0.175018 139.577464 -43.066333
v 0.348084 139.634928 -43.435165
v 0.183984 63.965786 -54.448839
v 0.653735 64.121757 -55.449955
v -0.278365 64.102257 -55.267441
v 0.653735 64.121757 -55.449955
v 0.183984 63.965786 -54.448839
v 0.348084 139.634928 -43.435165
v 0.756552 139.622907 -43.387209
v -0.924717 63.998413 -54.579004
v 0.183984 63.965786 -54.448839
v -0.278365 64.102257 -55.267441
v 0.183984 63.965786 -54.448839
v -0.924717 63.998413 -54.579004
v 0.756552 139.622907 -43.387209
v 0.835934 139.558015 -42.988739
v -1.140181 64.174550 -55.660566
v -0.924717 63.998413 -54.579004
v -0.278365 64.102257 -55.267441
v -0.924717 63.998413 -54.579004
v -1.140181 64.174550 -55.660566
v 0.835934 139.558015 -42.988739
v 0.476525 139.529930 -42.790426
v -0.164644 64.250781 -56.198843
v -1.140181 64.174550 -55.660566
v -0.278365 64.102257 -55.267441
v -1.140181 64.174550 -55.660566
v -0.164644 64.250781 -56.198843
v 0.120029 67.121553 -49.200508
v 3.886490 85.695959 -44.126518
v 7.449649 83.288183 -49.200508
v 7.449649 83.288183 -49.200508
v 3.886490 85.695959 -44.126518
v 3.926350 118.536391 -44.072820
v 7.947945 120.143089 -49.200508
v 0.120029 136.565353 -49.200508
v 7.947945 120.143089 -49.200508
v 3.926350 118.536391 -44.072820
v 0.120029 67.121553 -49.200508
v -3.703167 85.265924 -44.050087
v 3.886490 85.695959 -44.126518
v 3.886490 85.695959 -44.126518
v -3.703167 85.265924 -44.050087
v -3.638376 119.890725 -44.137370
v 3.926350 118.536391 -44.072820
v 0.120029 136.565353 -49.200508
v 3.926350 118.536391 -44.072820
v -3.638376 119.890725 -44.137370
v 0.120029 67.121553 -49.200508
v -7.173982 83.227065 -49.200508
v -3.703167 85.265924 -44.050087
v -3.703167 85.265924 -44.050087
v -7.173982 83.227065 -49.200508
v -8.235467 119.068160 -49.200508
v -3.638376 119.890725 -44.137370
v 0.120029 136.565353 -49.200508
v -3.638376 119.890725 -44.137370
v -8.235467 119.068160 -49.200508
v 0.120029 67.121553 -49.200508
v -4.055711 85.451077 -54.825859
v -7.173982 83.227065 -49.200508
v -7.173982 83.227065 -49.200508
v -4.055711 85.451077 -54.825859
v -3.627605 118.751436 -54.249136
v -8.235467 119.068160 -49.200508
v 0.120029 136.565353 -49.200508
v -8.235467 119.068160 -49.200508
v -3.627605 118.751436 -54.249136
v 0.120029 67.121553 -49.200508
v 3.712582 84.048072 -54.040218
v -4.055711 85.451077 -54.825859
v -4.055711 85.451077 -54.825859
v 3.712582 84.048072 -54.040218
v 4.041861 120.424816 -54.483807
v -3.627605 118.751436 -54.249136
v 0.120029 136.565353 -49.200508
v -3.627605 118.751436 -54.249136
v 4.041861 120.424816 -54.483807
v 0.120029 67.121553 -49.200508
v 7.449649 83.288183 -49.200508
v 3.712582 84.048072 -54.040218
v 3.712582 84.048072 -54.040218
v 7.449649 83.288183 -49.200508
v 7.947945 120.143089 -49.200508
v 4.041861 120.424816 -54.483807
v 0.120029 136.565353 -49.200508
v 4.041861 120.424816 -54.483807
v 7.947945 120.143089 -49.200508
v 4.234531 104.332735 0.194288
v 2.822433 105.662464 0.208492
v 25.735939 129.282785 -37.433125
v 26.035475 129.000721 -37.436138
v 4.234531 105.738227 1.058633
v 2.822433 105.662464 0.208492
v 4.234531 104.332735 0.194288
v 2.822433 105.662464 0.208492
v 3.361806 107.096895 1.397562
v 25.850351 129.587058 -37.180898
v 25.735939 129.282785 -37.433125
v 4.234531 105.738227 1.058633
v 3.361806 107.096895 1.397562
v 2.822433 105.662464 0.208492
v 3.361806 107.096895 1.397562
v 5.107255 106.653693 2.118243
v 26.220598 129.493045 -37.028026
v 25.850351 129.587058 -37.180898
v 4.234531 105.738227 1.058633
v 5.107255 106.653693 2.118243
v 3.361806 107.096895 1.397562
v 5.107255 106.653693 2.118243
v 5.646629 104.945348 1.374579
v 26.335011 129.130669 -37.185773
v 26.220598 129.493045 -37.028026
v 4.234531 105.738227 1.058633
v 5.646629 104.945348 1.374579
v 5.107255 106.653693 2.118243
v 5.646629 104.945348 1.374579
v 4.234531 104.332735 0.194288
v 26.035475 129.000721 -37.436138
v 26.335011 129.130669 -37.185773
v 4.234531 105.738227 1.058633
v 4.234531 104.332735 0.194288
v 5.646629 104.945348 1.374579
v 25.993729 129.242841 -36.909834
v 25.693312 129.259596 -37.190476
v 32.978256 60.215011 -47.990604
v 32.162837 60.260488 -48.752345
v 32.049528 60.108449 -47.821461
v 32.162837 60.260488 -48.752345
v 32.978256 60.215011 -47.990604
v 25.693312 129.259596 -37.190476
v 25.865752 129.330606 -37.557236
v 32.510204 60.022268 -46.995113
v 32.978256 60.215011 -47.990604
v 32.049528 60.108449 -47.821461
v 32.978256 60.215011 -47.990604
v 32.510204 60.022268 -46.995113
v 25.865752 129.330606 -37.557236
v 26.272743 129.357738 -37.503264
v 31.405514 59.948625 -47.141606
v 32.510204 60.022268 -46.995113
v 32.049528 60.108449 -47.821461
v 32.510204 60.022268 -46.995113
v 31.405514 59.948625 -47.141606
v 26.272743 129.357738 -37.503264
v 26.351837 129.303496 -37.103148
v 31.190829 60.095853 -48.227635
v 31.405514 59.948625 -47.141606
v 32.049528 60.108449 -47.821461
v 31.405514 59.948625 -47.141606
v 31.190829 60.095853 -48.227635
v 26.351837 129.303496 -37.103148
v 25.993729 129.242841 -36.909834
v 32.162837 60.260488 -48.752345
v 31.190829 60.095853 -48.227635
v 32.049528 60.108449 -47.821461
v 31.190829 60.095853 -48.227635
v 32.162837 60.260488 -48.752345
v 29.042502 62.876065 -42.537126
v 32.662692 79.686829 -37.660184
v 36.377090 79.041925 -42.537126
v 36.377090 79.041925 -42.537126
v 32.662692 79.686829 -37.660184
v 32.967127 109.455887 -37.250064
v 36.635818 111.385874 -42.537126
v 29.042502 126.531239 -42.537126
v 36.635818 111.385874 -42.537126
v 32.967127 109.455887 -37.250064
v 29.042502 62.876065 -42.537126
v 25.437202 78.697702 -37.680244
v 32.662692 79.686829 -37.660184
v 32.662692 79.686829 -37.660184
v 25.437202 78.697702 -37.680244
v 25.263296 109.744603 -37.445968
v 32.967127 109.455887 -37.250064
v 29.042502 126.531239 -42.537126
v 32.967127 109.455887 -37.250064
v 25.263296 109.744603 -37.445968
v 29.042502 62.876065 -42.537126
v 20.666317 79.026298 -42.537126
v 25.437202 78.697702 -37.680244
v 25.437202 78.697702 -37.680244
v 20.666317 79.026298 -42.537126
v 21.760363 109.440290 -42.537126
v 25.263296 109.744603 -37.445968
v 29.042502 126.531239 -42.537126
v 25.263296 109.744603 -37.445968
v 21.760363 109.440290 -42.537126
v 29.042502 62.876065 -42.537126
v 24.994938 79.248932 -47.989804
v 20.666317 79.026298 -42.537126
v 20.666317 79.026298 -42.537126
v 24.994938 79.248932 -47.989804
v 25.068447 109.533208 -47.890776
v 21.760363 109.440290 -42.537126
v 29.042502 126.531239 -42.537126
v 21.760363 109.440290 -42.537126
v 25.068447 109.533208 -47.890776
v 29.042502 62.876065 -42.537126
v 33.227680 80.016787 -48.175192
v 24.994938 79.248932 -47.989804
v 24.994938 79.248932 -47.989804
v 33.227680 80.016787 -48.175192
v 32.792855 111.861429 -47.589417
v 25.068447 109.533208 -47.890776
v 29.042502 126.531239 -42.537126
v 25.068447 109.533208 -47.890776
v 32.792855 111.861429 -47.589417
v 29.042502 62.876065 -42.537126
v 36.377090 79.041925 -42.537126
v 33.227680 80.016787 -48.175192
v 33.227680 80.016787 -48.175192
v 36.377090 79.041925 -42.537126
v 36.635818 111.385874 -42.537126
v 32.792855 111.861429 -47.589417
v 29.042502 126.531239 -42.537126
v 32.792855 111.861429 -47.589417
v 36.635818 111.385874 -42.537126
v 5.217070 116.275515 0.066079
v 4.349502 118.010350 0.057361
v 45.401929 137.601734 -16.663314
v 45.585958 137.233738 -16.661464
v 5.217070 117.366106 1.304267
v 4.349502 118.010350 0.057361
v 5.217070 116.275515 0.066079
v 4.349502 118.010350 0.057361
v 4.680883 118.854862 1.771825
v 45.472222 137.780872 -16.299639
v 45.401929 137.601734 -16.663314
v 5.217070 117.366106 1.304267
v 4.680883 118.854862 1.771825
v 4.349502 118.010350 0.057361
v 4.680883 118.854862 1.771825
v 5.753256 117.641964 2.840141
v 45.699695 137.523591 -16.073027
v 45.472222 137.780872 -16.299639
v 5.217070 117.366106 1.304267
v 5.753256 117.641964 2.840141
v 4.680883 118.854862 1.771825
v 5.753256 117.641964 2.840141
v 6.084637 116.047839 1.785931
v 45.769988 137.185443 -16.296647
v 45.699695 137.523591 -16.073027
v 5.217070 117.366106 1.304267
v 6.084637 116.047839 1.785931
v 5.753256 117.641964 2.840141
v 6.084637 116.047839 1.785931
v 5.217070 116.275515 0.066079
v 45.585958 137.233738 -16.661464
v 45.769988 137.185443 -16.296647
v 5.217070 117.366106 1.304267
v 5.217070 116.275515 0.066079
v 6.084637 116.047839 1.785931
v 45.544878 137.426289 -16.053409
v 45.249246 137.391833 -16.337496
v 57.636136 82.379475 -21.448875
v 56.833707 82.285953 -22.219969
v 56.722203 82.180673 -21.282428
v 56.833707 82.285953 -22.219969
v 57.636136 82.379475 -21.448875
v 45.249246 137.391833 -16.337496
v 45.418939 137.458596 -16.706329
v 57.175541 82.198260 -20.447757
v 57.636136 82.379475 -21.448875
v 56.722203 82.180673 -21.282428
v 57.636136 82.379475 -21.448875
v 57.175541 82.198260 -20.447757
v 45.418939 137.458596 -16.706329
v 45.819447 137.534314 -16.650193
v 56.088448 81.992741 -20.600126
v 57.175541 82.198260 -20.447757
v 56.722203 82.180673 -21.282428
v 57.175541 82.198260 -20.447757
v 56.088448 81.992741 -20.600126
v 45.819447 137.534314 -16.650193
v 45.897281 137.514347 -16.246666
v 55.877184 82.046938 -21.695413
v 56.088448 81.992741 -20.600126
v 56.722203 82.180673 -21.282428
v 56.088448 81.992741 -20.600126
v 55.877184 82.046938 -21.695413
v 45.897281 137.514347 -16.246666
v 45.544878 137.426289 -16.053409
v 56.833707 82.285953 -22.219969
v 55.877184 82.046938 -21.695413
v 56.722203 82.180673 -21.282428
v 55.877184 82.046938 -21.695413
v 56.833707 82.285953 -22.219969
v 51.154081 84.392049 -18.840623
v 54.764096 97.164583 -13.977389
v 58.494411 97.824379 -18.840623
v 58.494411 97.824379 -18.840623
v 54.764096 97.164583 -13.977389
v 55.196030 122.451097 -13.395508
v 59.461352 123.516349 -18.840623
v 51.154081 135.253700 -18.840623
v 59.461352 123.516349 -18.840623
v 55.196030 122.451097 -13.395508
v 51.154081 84.392049 -18.840623
v 47.536526 96.314378 -13.967233
v 54.764096 97.164583 -13.977389
v 54.764096 97.164583 -13.977389
v 47.536526 96.314378 -13.967233
v 47.312933 122.246372 -13.666019
v 55.196030 122.451097 -13.395508
v 51.154081 135.253700 -18.840623
v 55.196030 122.451097 -13.395508
v 47.312933 122.246372 -13.666019
v 51.154081 84.392049 -18.840623
v 43.745545 96.107015 -18.840623
v 47.536526 96.314378 -13.967233
v 47.536526 96.314378 -13.967233
v 43.745545 96.107015 -18.840623
v 43.169938 123.316830 -18.840623
v 47.312933 122.246372 -13.666019
v 51.154081 135.253700 -18.840623
v 47.312933 122.246372 -13.666019
v 43.169938 123.316830 -18.840623
v 51.154081 84.392049 -18.840623
v 47.265204 96.457683 -24.079526
v 43.745545 96.107015 -18.840623
v 43.745545 96.107015 -18.840623
v 47.265204 96.457683 -24.079526
v 47.429798 122.851493 -23.857793
v 43.169938 123.316830 -18.840623
v 51.154081 135.253700 -18.840623
v 43.169938 123.316830 -18.840623
v 47.429798 122.851493 -23.857793
v 51.154081 84.392049 -18.840623
v 55.270663 97.469216 -24.386279
v 47.265204 96.457683 -24.079526
v 47.265204 96.457683 -24.079526
v 55.270663 97.469216 -24.386279
v 55.273083 122.323811 -24.389540
v 47.429798 122.851493 -23.857793
v 51.154081 135.253700 -18.840623
v 47.429798 122.851493 -23.857793
v 55.273083 122.323811 -24.389540
v 51.154081 84.392049 -18.840623
v 58.494411 97.824379 -18.840623
v 55.270663 97.469216 -24.386279
v 55.270663 97.469216 -24.386279
v 58.494411 97.824379 -18.840623
v 59.461352 123.516349 -18.840623
v 55.273083 122.323811 -24.389540
v 51.154081 135.253700 -18.840623
v 55.273083 122.323811 -24.389540
v 59.461352 123.516349 -18.840623
vt 0.000000 0.000000
vt 1.000000 0.000000
vt 1.000000 1.000000
vt 0.000000 1.000000
vt 0.500000 1.000000
vt 0.000000 0.000000
vt 1.000000 0.000000
vt 0.000000 0.000000
vt 1.000000 0.000000
vt 1.000000 1.000000
vt 0.000000 1.000000
vt 0.500000 1.000000
vt 0.000000 0.000000
vt 1.000000 0.000000
vt 0.000000 0.000000
vt 1.000000 0.000000
vt 1.000000 1.000000
vt 0.000000 1.000000
vt 0.500000 1.000000
vt 0.000000 0.000000
vt 1.000000 0.000000
vt 0.000000 0.000000
vt 1.000000 0.000000
vt 1.000000 1.000000
vt 0.000000 1.000000
vt 0.500000 1.000000
vt 0.000000 0.000000
vt 1.000000 0.000000
vt 0.000000 0.000000
vt 1.000000 0.000000
vt 1.000000 1.000000
vt 0.000000 1.000000
vt 0.500000 1.000000
vt 0.000000 0.000000
vt 1.000000 0.000000
vt 0.000000 0.000000
vt 1.000000 0.000000
vt 1.000000 1.000000
vt 0.000000 1.000000
vt 0.500000 1.000000
vt 0.000000 0.000000
vt 1.000000 0.000000
vt 0.000000 0.000000
vt 1.000000 0.000000
vt 1.000000 1.000000
vt 0.000000 1.000000
vt 0.500000 1.000000
vt 0.000000 0.000000
vt 1.000000 0.000000
vt 0.000000 0.000000
vt 1.000000 0.000000
vt 1.000000 1.000000
vt 0.000000 1.000000
vt 0.500000 1.000000
vt 0.000000 0.000000
vt 1.000000 0.000000
vt 0.000000 0.000000
vt 1.000000 0.000000
vt 1.000000 1.000000
vt 0.000000 1.000000
vt 0.500000 1.000000
vt 0.000000 0.000000
vt 1.000000 0.000000
vt 0.000000 0.000000
vt 1.000000 0.000000
vt 1.000000 1.000000
vt 0.000000 1.000000
vt 0.000000 0.000000
vt 1.000000 0.000000
vt 1.000000 1.000000
vt 0.000000 1.000000
vt 0.000000 0.000000
vt 1.000000 0.000000
vt 1.000000 1.000000
vt 0.000000 1.000000
vt 0.000000 0.000000
vt 1.000000 0.000000
vt 1.000000 1.000000
vt 0.000000 1.000000
vt 0.000000 0.000000
vt 1.000000 0.000000
vt 1.000000 1.000000
vt 0.000000 1.000000
vt 0.000000 0.000000
vt 1.000000 0.000000
vt 1.000000 1.000000
vt 0.000000 1.000000
vt 0.000000 0.000000
vt 1.000000 0.000000
vt 1.000000 1.000000
vt 0.000000 1.000000
vt 0.000000 0.000000
vt 1.000000 0.000000
vt 1.000000 1.000000
vt 0.000000 1.000000
vt 0.000000 0.000000
vt 1.000000 0.000000
vt 1.000000 1.000000
vt 0.000000 1.000000
vt 0.000000 0.000000
vt 1.000000 0.000000
vt 1.000000 1.000000
vt 0.000000 1.000000
vt 0.500000 1.000000
vt 0.000000 0.000000
vt 1.000000 0.000000
vt 0.000000 0.000000
vt 1.000000 0.000000
vt 1.000000 1.000000
vt 0.000000 1.000000
vt 0.500000 1.000000
vt 0.000000 0.000000
vt 1.000000 0.000000
vt 0.000000 0.000000
vt 1.000000 0.000000
vt 1.000000 1.000000
vt 0.000000 1.000000
vt 0.500000 1.000000
vt 0.000000 0.000000
vt 1.000000 0.000000
vt 0.000000 0.000000
vt 1.000000 0.000000
vt 1.000000 1.000000
vt 0.000000 1.000000
vt 0.500000 1.000000
vt 0.000000 0.000000
vt 1.000000 0.000000
vt 0.000000 0.000000
vt 1.000000 0.000000
vt 1.000000 1.000000
vt 0.000000 1.000000
vt 0.500000 1.000000
vt 0.000000 0.000000
vt 1.000000 0.000000
vt 0.000000 0.000000
vt 1.000000 0.000000
vt 1.000000 1.000000
vt 0.000000 1.000000
vt 0.500000 1.000000
vt 0.000000 0.000000
vt 1.000000 0.000000
vt 0.000000 0.000000
vt 1.000000 0.000000
vt 1.000000 1.000000
vt 0.000000 1.000000
vt 0.500000 1.000000
vt 0.000000 0.000000
vt 1.000000 0.000000
vt 0.000000 0.000000
vt 1.000000 0.000000
vt 1.000000 1.000000
vt 0.000000 1.000000
vt 0.500000 1.000000
vt 0.000000 0.000000
vt 1.000000 0.000000
vt 0.000000 0.000000
vt 1.000000 0.000000
vt 1.000000 1.000000
vt 0.000000 1.000000
vt 0.500000 1.000000
vt 0.000000 0.000000
vt 1.000000 0.000000
vt 0.000000 0.000000
vt 1.000000 0.000000
vt 1.000000 1.000000
vt 0.000000 1.000000
vt 0.500000 1.000000
vt 0.000000 0.000000
vt 1.000000 0.000000
vt 0.000000 0.000000
vt 1.000000 0.000000
vt 1.000000 1.000000
vt 0.000000 1.000000
vt 0.500000 1.000000
vt 0.000000 0.000000
vt 1.000000 0.000000
vt 0.000000 0.000000
vt 1.000000 0.000000
vt 1.000000 1.000000
vt 0.000000 1.000000
vt 0.500000 1.000000
vt 0.000000 0.000000
vt 1.000000 0.000000
vt 0.000000 0.000000
vt 1.000000 0.000000
vt 1.000000 1.000000
vt 0.000000 1.000000
vt 0.500000 1.000000
vt 0.000000 0.000000
vt 1.000000 0.000000
vt 0.000000 0.000000
vt 1.000000 0.000000
vt 1.000000 1.000000
vt 0.000000 1.000000
vt 0.500000 1.000000
vt 0.000000 0.000000
vt 1.000000 0.000000
vt 0.000000 0.000000
vt 1.000000 0.000000
vt 1.000000 1.000000
vt 0.000000 1.000000
vt 0.500000 1.000000
vt 0.000000 0.000000
vt 1.000000 0.000000
vt 0.000000 0.000000
vt 1.000000 0.000000
vt 1.000000 1.000000
vt 0.000000 1.000000
vt 0.500000 1.000000
vt 0.000000 0.000000
vt 1.000000 0.000000
vt 0.000000 0.000000
vt 1.000000 0.000000
vt 1.000000 1.000000
vt 0.000000 1.000000
vt 0.500000 1.000000
vt 0.000000 0.000000
vt 1.000000 0.000000
vt 0.000000 0.000000
vt 1.000000 0.000000
vt 1.000000 1.000000
vt 0.000000 1.000000
vt 0.500000 1.000000
vt 0.000000 0.000000
vt 1.000000 0.000000
vt 0.000000 0.000000
vt 1.000000 0.000000
vt 1.000000 1.000000
vt 0.000000 1.000000
vt 0.500000 1.000000
vt 0.000000 0.000000
vt 1.000000 0.000000
vt 0.000000 0.000000
vt 1.000000 0.000000
vt 1.000000 1.000000
vt 0.000000 1.000000
vt 0.500000 1.000000
vt 0.000000 0.000000
vt 1.000000 0.000000
vt 0.000000 0.000000
vt 1.000000 0.000000
vt 1.000000 1.000000
vt 0.000000 1.000000
vt 0.500000 1.000000
vt 0.000000 0.000000
vt 1.000000 0.000000
vt 0.000000 0.000000
vt 1.000000 0.000000
vt 1.000000 1.000000
vt 0.000000 1.000000
vt 0.500000 1.000000
vt 0.000000 0.000000
vt 1.000000 0.000000
vt 0.000000 0.000000
vt 1.000000 0.000000
vt 1.000000 1.000000
vt 0.000000 1.000000
vt 0.500000 1.000000
vt 0.000000 0.000000
vt 1.000000 0.000000
vt 0.000000 0.000000
vt 1.000000 0.000000
vt 1.000000 1.000000
vt 0.000000 1.000000
vt 0.500000 1.000000
vt 0.000000 0.000000
vt 1.000000 0.000000
vt 0.000000 0.000000
vt 1.000000 0.000000
vt 1.000000 1.000000
vt 0.000000 1.000000
vt 0.500000 1.000000
vt 0.000000 0.000000
vt 1.000000 0.000000
vt 0.000000 0.000000
vt 1.000000 0.000000
vt 1.000000 1.000000
vt 0.000000 1.000000
vt 0.500000 1.000000
vt 0.000000 0.000000
vt 1.000000 0.000000
vt 0.000000 0.000000
vt 1.000000 0.000000
vt 1.000000 1.000000
vt 0.000000 1.000000
vt 0.500000 1.000000
vt 0.000000 0.000000
vt 1.000000 0.000000
vt 0.000000 0.000000
vt 1.000000 0.000000
vt 1.000000 1.000000
vt 0.000000 1.000000
vt 0.500000 1.000000
vt 0.000000 0.000000
vt 1.000000 0.000000
vt 0.000000 0.000000
vt 1.000000 0.000000
vt 1.000000 1.000000
vt 0.000000 1.000000
vt 0.500000 1.000000
vt 0.000000 0.000000
vt 1.000000 0.000000
vt 0.000000 0.000000
vt 1.000000 0.000000
vt 1.000000 1.000000
vt 0.000000 1.000000
vt 0.500000 1.000000
vt 0.000000 0.000000
vt 1.000000 0.000000
vt 0.000000 0.000000
vt 1.000000 0.000000
vt 1.000000 1.000000
vt 0.000000 1.000000
vt 0.500000 1.000000
vt 0.000000 0.000000
vt 1.000000 0.000000
vt 0.000000 0.000000
vt 1.000000 0.000000
vt 1.000000 1.000000
vt 0.000000 1.000000
vt 0.500000 1.000000
vt 0.000000 0.000000
vt 1.000000 0.000000
vt 0.000000 0.000000
vt 1.000000 0.000000
vt 1.000000 1.000000
vt 0.000000 1.000000
vt 0.500000 1.000000
vt 0.000000 0.000000
vt 1.000000 0.000000
vt 0.000000 0.000000
vt 1.000000 0.000000
vt 1.000000 1.000000
vt 0.000000 1.000000
vt 0.500000 1.000000
vt 0.000000 0.000000
vt 1.000000 0.000000
vt 0.000000 0.000000
vt 1.000000 0.000000
vt 1.000000 1.000000
vt 0.000000 1.000000
vt 0.500000 1.000000
vt 0.000000 0.000000
vt 1.000000 0.000000
vt 0.000000 0.000000
vt 1.000000 0.000000
vt 1.000000 1.000000
vt 0.000000 1.000000
vt 0.500000 1.000000
vt 0.000000 0.000000
vt 1.000000 0.000000
vt 0.000000 0.000000
vt 1.000000 0.000000
vt 1.000000 1.000000
vt 0.000000 1.000000
vt 0.500000 1.000000
vt 0.000000 0.000000
vt 1.000000 0.000000
vt 0.000000 0.000000
vt 1.000000 0.000000
vt 1.000000 1.000000
vt 0.000000 1.000000
vt 0.500000 1.000000
vt 0.000000 0.000000
vt 1.000000 0.000000
vt 0.000000 0.000000
vt 1.000000 0.000000
vt 1.000000 1.000000
vt 0.000000 1.000000
vt 0.500000 1.000000
vt 0.000000 0.000000
vt 1.000000 0.000000
vt 0.000000 0.000000
vt 1.000000 0.000000
vt 1.000000 1.000000
vt 0.000000 1.000000
vt 0.500000 1.000000
vt 0.000000 0.000000
vt 1.000000 0.000000
vt 0.000000 0.000000
vt 1.000000 0.000000
vt 1.000000 1.000000
vt 0.000000 1.000000
vt 0.500000 1.000000
vt 0.000000 0.000000
vt 1.000000 0.000000
vt 0.000000 0.000000
vt 1.000000 0.000000
vt 1.000000 1.000000
vt 0.000000 1.000000
vt 0.500000 1.000000
vt 0.000000 0.000000
vt 1.000000 0.000000
vt 0.000000 0.000000
vt 1.000000 0.000000
vt 1.000000 1.000000
vt 0.000000 1.000000
vt 0.500000 1.000000
vt 0.000000 0.000000
vt 1.000000 0.000000
vt 0.000000 0.000000
vt 1.000000 0.000000
vt 1.000000 1.000000
vt 0.000000 1.000000
vt 0.500000 1.000000
vt 0.000000 0.000000
vt 1.000000 0.000000
vt 0.000000 0.000000
vt 1.000000 0.000000
vt 1.000000 1.000000
vt 0.000000 1.000000
vt 0.500000 1.000000
vt 0.000000 0.000000
vt 1.000000 0.000000
vt 0.000000 0.000000
vt 1.000000 0.000000
vt 1.000000 1.000000
vt 0.000000 1.000000
vt 0.500000 1.000000
vt 0.000000 0.000000
vt 1.000000 0.000000
vt 0.000000 0.000000
vt 1.000000 0.000000
vt 1.000000 1.000000
vt 0.000000 1.000000
vt 0.500000 1.000000
vt 0.000000 0.000000
vt 1.000000 0.000000
vt 0.000000 0.000000
vt 1.000000 0.000000
vt 1.000000 1.000000
vt 0.000000 1.000000
vt 0.500000 1.000000
vt 0.000000 0.000000
vt 1.000000 0.000000
vt 0.000000 0.000000
vt 1.000000 0.000000
vt 1.000000 1.000000
vt 0.000000 1.000000
vt 0.500000 1.000000
vt 0.000000 0.000000
vt 1.000000 0.000000
vt 0.000000 0.000000
vt 1.000000 0.000000
vt 1.000000 1.000000
vt 0.000000 1.000000
vt 0.500000 1.000000
vt 0.000000 0.000000
vt 1.000000 0.000000
vt 0.000000 0.000000
vt 1.000000 0.000000
vt 1.000000 1.000000
vt 0.000000 1.000000
vt 0.500000 1.000000
vt 0.000000 0.000000
vt 1.000000 0.000000
vt 0.000000 0.000000
vt 1.000000 0.000000
vt 1.000000 1.000000
vt 0.000000 1.000000
vt 0.500000 1.000000
vt 0.000000 0.000000
vt 1.000000 0.000000
vt 0.000000 0.000000
vt 1.000000 0.000000
vt 1.000000 1.000000
vt 0.000000 1.000000
vt 0.500000 1.000000
vt 0.000000 0.000000
vt 1.000000 0.000000
vt 0.000000 0.000000
vt 1.000000 0.000000
vt 1.000000 1.000000
vt 0.000000 1.000000
vt 0.500000 1.000000
vt 0.000000 0.000000
vt 1.000000 0.000000
vt 0.000000 0.000000
vt 1.000000 0.000000
vt 1.000000 1.000000
vt 0.000000 1.000000
vt 0.500000 1.000000
vt 0.000000 0.000000
vt 1.000000 0.000000
vt 0.000000 0.000000
vt 1.000000 0.000000
vt 1.000000 1.000000
vt 0.000000 1.000000
vt 0.500000 1.000000
vt 0.000000 0.000000
vt 1.000000 0.000000
vt 0.000000 0.000000
vt 1.000000 0.000000
vt 1.000000 1.000000
vt 0.000000 1.000000
vt 0.500000 1.000000
vt 0.000000 0.000000
vt 1.000000 0.000000
vt 0.000000 0.000000
vt 1.000000 0.000000
vt 1.000000 1.000000
vt 0.000000 1.000000
vt 0.500000 1.000000
vt 0.000000 0.000000
vt 1.000000 0.000000
vt 0.000000 0.000000
vt 1.000000 0.000000
vt 1.000000 1.000000
vt 0.000000 1.000000
vt 0.500000 1.000000
vt 0.000000 0.000000
vt 1.000000 0.000000
vt 0.000000 0.000000
vt 1.000000 0.000000
vt 1.000000 1.000000
vt 0.000000 1.000000
vt 0.500000 1.000000
vt 0.000000 0.000000
vt 1.000000 0.000000
vt 0.000000 0.000000
vt 1.000000 0.000000
vt 1.000000 1.000000
vt 0.000000 1.000000
vt 0.500000 1.000000
vt 0.000000 0.000000
vt 1.000000 0.000000
vt 0.000000 0.000000
vt 1.000000 0.000000
vt 1.000000 1.000000
vt 0.000000 1.000000
vt 0.500000 1.000000
vt 0.000000 0.000000
vt 1.000000 0.000000
vt 0.000000 0.000000
vt 1.000000 0.000000
vt 1.000000 1.000000
vt 0.000000 1.000000
vt 0.500000 1.000000
vt 0.000000 0.000000
vt 1.000000 0.000000
vt 0.000000 0.000000
vt 1.000000 0.000000
vt 1.000000 1.000000
vt 0.000000 1.000000
vt 0.500000 1.000000
vt 0.000000 0.000000
vt 1.000000 0.000000
vt 0.000000 0.000000
vt 1.000000 0.000000
vt 1.000000 1.000000
vt 0.000000 1.000000
vt 0.500000 1.000000
vt 0.000000 0.000000
vt 1.000000 0.000000
vt 0.000000 0.000000
vt 1.000000 0.000000
vt 1.000000 1.000000
vt 0.000000 1.000000
vt 0.500000 1.000000
vt 0.000000 0.000000
vt 1.000000 0.000000
vt 0.000000 0.000000
vt 1.000000 0.000000
vt 1.000000 1.000000
vt 0.000000 1.000000
vt 0.500000 1.000000
vt 0.000000 0.000000
vt 1.000000 0.000000
vt 0.000000 0.000000
vt 1.000000 0.000000
vt 1.000000 1.000000
vt 0.000000 1.000000
vt 0.500000 1.000000
vt 0.000000 0.000000
vt 1.000000 0.000000
vt 0.000000 0.000000
vt 1.000000 0.000000
vt 1.000000 1.000000
vt 0.000000 1.000000
vt 0.500000 1.000000
vt 0.000000 0.000000
vt 1.000000 0.000000
vt 0.000000 0.000000
vt 1.000000 0.000000
vt 1.000000 1.000000
vt 0.000000 1.000000
vt 0.500000 1.000000
vt 0.000000 0.000000
vt 1.000000 0.000000
vt 0.000000 0.000000
vt 1.000000 0.000000
vt 1.000000 1.000000
vt 0.000000 1.000000
vt 0.500000 1.000000
vt 0.000000 0.000000
vt 1.000000 0.000000
vt 0.000000 0.000000
vt 1.000000 0.000000
vt 1.000000 1.000000
vt 0.000000 1.000000
vt 0.500000 1.000000
vt 0.000000 0.000000
vt 1.000000 0.000000
vt 0.000000 0.000000
vt 1.000000 0.000000
vt 1.000000 1.000000
vt 0.000000 1.000000
vt 0.500000 1.000000
vt 0.000000 0.000000
vt 1.000000 0.000000
vt 0.000000 0.000000
vt 1.000000 0.000000
vt 1.000000 1.000000
vt 0.000000 1.000000
vt 0.500000 1.000000
vt 0.000000 0.000000
vt 1.000000 0.000000
vt 0.000000 0.000000
vt 1.000000 0.000000
vt 1.000000 1.000000
vt 0.000000 1.000000
vt 0.500000 1.000000
vt 0.000000 0.000000
vt 1.000000 0.000000
vt 0.000000 0.000000
vt 1.000000 0.000000
vt 1.000000 1.000000
vt 0.000000 1.000000
vt 0.500000 1.000000
vt 0.000000 0.000000
vt 1.000000 0.000000
vt 0.000000 0.000000
vt 1.000000 0.000000
vt 1.000000 1.000000
vt 0.000000 1.000000
vt 0.500000 1.000000
vt 0.000000 0.000000
vt 1.000000 0.000000
vt 0.000000 0.000000
vt 1.000000 0.000000
vt 1.000000 1.000000
vt 0.000000 1.000000
vt 0.500000 1.000000
vt 0.000000 0.000000
vt 1.000000 0.000000
vt 0.000000 0.000000
vt 1.000000 0.000000
vt 1.000000 1.000000
vt 0.000000 1.000000
vt 0.500000 1.000000
vt 0.000000 0.000000
vt 1.000000 0.000000
vt 0.000000 0.000000
vt 1.000000 0.000000
vt 1.000000 1.000000
vt 0.000000 1.000000
vt 0.500000 1.000000
vt 0.000000 0.000000
vt 1.000000 0.000000
vt 0.000000 0.000000
vt 1.000000 0.000000
vt 1.000000 1.000000
vt 0.000000 1.000000
vt 0.500000 1.000000
vt 0.000000 0.000000
vt 1.000000 0.000000
vt 0.000000 0.000000
vt 1.000000 0.000000
vt 1.000000 1.000000
vt 0.000000 1.000000
vt 0.500000 1.000000
vt 0.000000 0.000000
vt 1.000000 0.000000
vt 0.000000 0.000000
vt 1.000000 0.000000
vt 1.000000 1.000000
vt 0.000000 1.000000
vt 0.500000 1.000000
vt 0.000000 0.000000
vt 1.000000 0.000000
vt 0.000000 0.000000
vt 1.000000 0.000000
vt 1.000000 1.000000
vt 0.000000 1.000000
vt 0.500000 1.000000
vt 0.000000 0.000000
vt 1.000000 0.000000
vt 0.000000 0.000000
vt 1.000000 0.000000
vt 1.000000 1.000000
vt 0.000000 1.000000
vt 0.500000 1.000000
vt 0.000000 0.000000
vt 1.000000 0.000000
vt 0.000000 0.000000
vt 1.000000 0.000000
vt 1.000000 1.000000
vt 0.000000 1.000000
vt 0.500000 1.000000
vt 0.000000 0.000000
vt 1.000000 0.000000
vt 0.000000 0.000000
vt 1.000000 0.000000
vt 1.000000 1.000000
vt 0.000000 1.000000
vt 0.500000 1.000000
vt 0.000000 0.000000
vt 1.000000 0.000000
vt 0.000000 0.000000
vt 1.000000 0.000000
vt 1.000000 1.000000
vt 0.000000 1.000000
vt 0.500000 1.000000
vt 0.000000 0.000000
vt 1.000000 0.000000
vt 0.000000 0.000000
vt 1.000000 0.000000
vt 1.000000 1.000000
vt 0.000000 1.000000
vt 0.500000 1.000000
vt 0.000000 0.000000
vt 1.000000 0.000000
vt 0.000000 0.000000
vt 1.000000 0.000000
vt 1.000000 1.000000
vt 0.000000 1.000000
vt 0.500000 1.000000
vt 0.000000 0.000000
vt 1.000000 0.000000
vt 0.000000 0.000000
vt 1.000000 0.000000
vt 1.000000 1.000000
vt 0.000000 1.000000
vt 0.500000 1.000000
vt 0.000000 0.000000
vt 1.000000 0.000000
vt 0.000000 0.000000
vt 1.000000 0.000000
vt 1.000000 1.000000
vt 0.000000 1.000000
vt 0.500000 1.000000
vt 0.000000 0.000000
vt 1.000000 0.000000
vt 0.000000 0.000000
vt 1.000000 0.000000
vt 1.000000 1.000000
vt 0.000000 1.000000
vt 0.500000 1.000000
vt 0.000000 0.000000
vt 1.000000 0.000000
vt 0.000000 0.000000
vt 1.000000 0.000000
vt 1.000000 1.000000
vt 0.000000 1.000000
vt 0.500000 1.000000
vt 0.000000 0.000000
vt 1.000000 0.000000
vt 0.000000 0.000000
vt 1.000000 0.000000
vt 1.000000 1.000000
vt 0.000000 1.000000
vt 0.500000 1.000000
vt 0.000000 0.000000
vt 1.000000 0.000000
vt 0.000000 0.000000
vt 1.000000 0.000000
vt 1.000000 1.000000
vt 0.000000 1.000000
vt 0.500000 1.000000
vt 0.000000 0.000000
vt 1.000000 0.000000
vt 0.000000 0.000000
vt 1.000000 0.000000
vt 1.000000 1.000000
vt 0.000000 1.000000
vt 0.500000 1.000000
vt 0.000000 0.000000
vt 1.000000 0.000000
vt 0.000000 0.000000
vt 1.000000 0.000000
vt 1.000000 1.000000
vt 0.000000 1.000000
vt 0.500000 1.000000
vt 0.000000 0.000000
vt 1.000000 0.000000
vt 0.000000 0.000000
vt 1.000000 0.000000
vt 1.000000 1.000000
vt 0.000000 1.000000
vt 0.500000 1.000000
vt 0.000000 0.000000
vt 1.000000 0.000000
vt 0.000000 0.000000
vt 1.000000 0.000000
vt 1.000000 1.000000
vt 0.000000 1.000000
vt 0.500000 1.000000
vt 0.000000 0.000000
vt 1.000000 0.000000
vt 0.000000 0.000000
vt 1.000000 0.000000
vt 1.000000 1.000000
vt 0.000000 1.000000
vt 0.500000 1.000000
vt 0.000000 0.000000
vt 1.000000 0.000000
vt 0.000000 0.000000
vt 1.000000 0.000000
vt 1.000000 1.000000
vt 0.000000 1.000000
vt 0.500000 1.000000
vt 0.000000 0.000000
vt 1.000000 0.000000
vt 0.000000 0.000000
vt 1.000000 0.000000
vt 1.000000 1.000000
vt 0.000000 1.000000
vt 0.500000 1.000000
vt 0.000000 0.000000
vt 1.000000 0.000000
vt 0.000000 0.000000
vt 1.000000 0.000000
vt 1.000000 1.000000
vt 0.000000 1.000000
vt 0.500000 1.000000
vt 0.000000 0.000000
vt 1.000000 0.000000
vt 0.000000 0.000000
vt 1.000000 0.000000
vt 1.000000 1.000000
vt 0.000000 1.000000
vt 0.500000 1.000000
vt 0.000000 0.000000
vt 1.000000 0.000000
vt 0.500000 1.000000
vt 0.000000 0.000000
vt 1.000000 0.000000
vt 0.000000 0.000000
vt 1.000000 0.000000
vt 1.000000 1.000000
vt 0.000000 1.000000
vt 0.000000 0.000000
vt 1.000000 0.000000
vt 1.000000 1.000000
vt 0.000000 1.000000
vt 0.500000 1.000000
vt 0.000000 0.000000
vt 1.000000 0.000000
vt 0.500000 1.000000
vt 0.000000 0.000000
vt 1.000000 0.000000
vt 0.000000 0.000000
vt 1.000000 0.000000
vt 1.000000 1.000000
vt 0.000000 1.000000
vt 0.000000 0.000000
vt 1.000000 0.000000
vt 1.000000 1.000000
vt 0.000000 1.000000
vt 0.500000 1.000000
vt 0.000000 0.000000
vt 1.000000 0.000000
vt 0.500000 1.000000
vt 0.000000 0.000000
vt 1.000000 0.000000
vt 0.000000 0.000000
vt 1.000000 0.000000
vt 1.000000 1.000000
vt 0.000000 1.000000
vt 0.000000 0.000000
vt 1.000000 0.000000
vt 1.000000 1.000000
vt 0.000000 1.000000
vt 0.500000 1.000000
vt 0.000000 0.000000
vt 1.000000 0.000000
vt 0.500000 1.000000
vt 0.000000 0.000000
vt 1.000000 0.000000
vt 0.000000 0.000000
vt 1.000000 0.000000
vt 1.000000 1.000000
vt 0.000000 1.000000
vt 0.000000 0.000000
vt 1.000000 0.000000
vt 1.000000 1.000000
vt 0.000000 1.000000
vt 0.500000 1.000000
vt 0.000000 0.000000
vt 1.000000 0.000000
vt 0.500000 1.000000
vt 0.000000 0.000000
vt 1.000000 0.000000
vt 0.000000 0.000000
vt 1.000000 0.000000
vt 1.000000 1.000000
vt 0.000000 1.000000
vt 0.000000 0.000000
vt 1.000000 0.000000
vt 1.000000 1.000000
vt 0.000000 1.000000
vt 0.500000 1.000000
vt 0.000000 0.000000
vt 1.000000 0.000000
vt 0.500000 1.000000
vt 0.000000 0.000000
vt 1.000000 0.000000
vt 0.000000 0.000000
vt 1.000000 0.000000
vt 1.000000 1.000000
vt 0.000000 1.000000
vt 0.000000 0.000000
vt 1.000000 0.000000
vt 1.000000 1.000000
vt 0.000000 1.000000
vt 0.500000 1.000000
vt 0.000000 0.000000
vt 1.000000 0.000000
vt 0.500000 1.000000
vt 0.000000 0.000000
vt 1.000000 0.000000
vt 0.000000 0.000000
vt 1.000000 0.000000
vt 1.000000 1.000000
vt 0.000000 1.000000
vt 0.000000 0.000000
vt 1.000000 0.000000
vt 1.000000 1.000000
vt 0.000000 1.000000
vt 0.500000 1.000000
vt 0.000000 0.000000
vt 1.000000 0.000000
vt 0.500000 1.000000
vt 0.000000 0.000000
vt 1.000000 0.000000
vt 0.000000 0.000000
vt 1.000000 0.000000
vt 1.000000 1.000000
vt 0.000000 1.000000
vt 0.000000 0.000000
vt 1.000000 0.000000
vt 1.000000 1.000000
vt 0.000000 1.000000
vt 0.500000 1.000000
vt 0.000000 0.000000
vt 1.000000 0.000000
vt 0.500000 1.000000
vt 0.000000 0.000000
vt 1.000000 0.000000
vt 0.000000 0.000000
vt 1.000000 0.000000
vt 1.000000 1.000000
vt 0.000000 1.000000
vt 0.000000 0.000000
vt 1.000000 0.000000
vt 1.000000 1.000000
vt 0.000000 1.000000
vt 0.500000 1.000000
vt 0.000000 0.000000
vt 1.000000 0.000000
vt 0.500000 1.000000
vt 0.000000 0.000000
vt 1.000000 0.000000
vt 0.000000 0.000000
vt 1.000000 0.000000
vt 1.000000 1.000000
vt 0.000000 1.000000
vt 0.000000 0.000000
vt 1.000000 0.000000
vt 1.000000 1.000000
vt 0.000000 1.000000
vt 0.500000 1.000000
vt 0.000000 0.000000
vt 1.000000 0.000000
vt 0.500000 1.000000
vt 0.000000 0.000000
vt 1.000000 0.000000
vt 0.000000 0.000000
vt 1.000000 0.000000
vt 1.000000 1.000000
vt 0.000000 1.000000
vt 0.000000 0.000000
vt 1.000000 0.000000
vt 1.000000 1.000000
vt 0.000000 1.000000
vt 0.500000 1.000000
vt 0.000000 0.000000
vt 1.000000 0.000000
vt 0.500000 1.000000
vt 0.000000 0.000000
vt 1.000000 0.000000
vt 0.000000 0.000000
vt 1.000000 0.000000
vt 1.000000 1.000000
vt 0.000000 1.000000
vt 0.000000 0.000000
vt 1.000000 0.000000
vt 1.000000 1.000000
vt 0.000000 1.000000
vt 0.500000 1.000000
vt 0.000000 0.000000
vt 1.000000 0.000000
vt 0.500000 1.000000
vt 0.000000 0.000000
vt 1.000000 0.000000
vt 0.000000 0.000000
vt 1.000000 0.000000
vt 1.000000 1.000000
vt 0.000000 1.000000
vt 0.000000 0.000000
vt 1.000000 0.000000
vt 1.000000 1.000000
vt 0.000000 1.000000
vt 0.500000 1.000000
vt 0.000000 0.000000
vt 1.000000 0.000000
vt 0.500000 1.000000
vt 0.000000 0.000000
vt 1.000000 0.000000
vt 0.000000 0.000000
vt 1.000000 0.000000
vt 1.000000 1.000000
vt 0.000000 1.000000
vt 0.000000 0.000000
vt 1.000000 0.000000
vt 1.000000 1.000000
vt 0.000000 1.000000
vt 0.500000 1.000000
vt 0.000000 0.000000
vt 1.000000 0.000000
vt 0.500000 1.000000
vt 0.000000 0.000000
vt 1.000000 0.000000
vt 0.000000 0.000000
vt 1.000000 0.000000
vt 1.000000 1.000000
vt 0.000000 1.000000
vt 0.000000 0.000000
vt 1.000000 0.000000
vt 1.000000 1.000000
vt 0.000000 1.000000
vt 0.500000 1.000000
vt 0.000000 0.000000
vt 1.000000 0.000000
vt 0.500000 1.000000
vt 0.000000 0.000000
vt 1.000000 0.000000
vt 0.000000 0.000000
vt 1.000000 0.000000
vt 1.000000 1.000000
vt 0.000000 1.000000
vt 0.000000 0.000000
vt 1.000000 0.000000
vt 1.000000 1.000000
vt 0.000000 1.000000
vt 0.500000 1.000000
vt 0.000000 0.000000
vt 1.000000 0.000000
vt 0.500000 1.000000
vt 0.000000 0.000000
vt 1.000000 0.000000
vt 0.000000 0.000000
vt 1.000000 0.000000
vt 1.000000 1.000000
vt 0.000000 1.000000
vt 0.000000 0.000000
vt 1.000000 0.000000
vt 1.000000 1.000000
vt 0.000000 1.000000
vt 0.500000 1.000000
vt 0.000000 0.000000
vt 1.000000 0.000000
vt 0.500000 1.000000
vt 0.000000 0.000000
vt 1.000000 0.000000
vt 0.000000 0.000000
vt 1.000000 0.000000
vt 1.000000 1.000000
vt 0.000000 1.000000
vt 0.000000 0.000000
vt 1.000000 0.000000
vt 1.000000 1.000000
vt 0.000000 1.000000
vt 0.500000 1.000000
vt 0.000000 0.000000
vt 1.000000 0.000000
vt 0.500000 1.000000
vt 0.000000 0.000000
vt 1.000000 0.000000
vt 0.000000 0.000000
vt 1.000000 0.000000
vt 1.000000 1.000000
vt 0.000000 1.000000
vt 0.000000 0.000000
vt 1.000000 0.000000
vt 1.000000 1.000000
vt 0.000000 1.000000
vt 0.500000 1.000000
vt 0.000000 0.000000
vt 1.000000 0.000000
vt 0.500000 1.000000
vt 0.000000 0.000000
vt 1.000000 0.000000
vt 0.000000 0.000000
vt 1.000000 0.000000
vt 1.000000 1.000000
vt 0.000000 1.000000
vt 0.000000 0.000000
vt 1.000000 0.000000
vt 1.000000 1.000000
vt 0.000000 1.000000
vt 0.500000 1.000000
vt 0.000000 0.000000
vt 1.000000 0.000000
vt 0.500000 1.000000
vt 0.000000 0.000000
vt 1.000000 0.000000
vt 0.000000 0.000000
vt 1.000000 0.000000
vt 1.000000 1.000000
vt 0.000000 1.000000
vt 0.000000 0.000000
vt 1.000000 0.000000
vt 1.000000 1.000000
vt 0.000000 1.000000
vt 0.500000 1.000000
vt 0.000000 0.000000
vt 1.000000 0.000000
vt 0.500000 1.000000
vt 0.000000 0.000000
vt 1.000000 0.000000
vt 0.000000 0.000000
vt 1.000000 0.000000
vt 1.000000 1.000000
vt 0.000000 1.000000
vt 0.000000 0.000000
vt 1.000000 0.000000
vt 1.000000 1.000000
vt 0.000000 1.000000
vt 0.500000 1.000000
vt 0.000000 0.000000
vt 1.000000 0.000000
vt 0.500000 1.000000
vt 0.000000 0.000000
vt 1.000000 0.000000
vt 0.000000 0.000000
vt 1.000000 0.000000
vt 1.000000 1.000000
vt 0.000000 1.000000
vt 0.000000 0.000000
vt 1.000000 0.000000
vt 1.000000 1.000000
vt 0.000000 1.000000
vt 0.500000 1.000000
vt 0.000000 0.000000
vt 1.000000 0.000000
vt 0.500000 1.000000
vt 0.000000 0.000000
vt 1.000000 0.000000
vt 0.000000 0.000000
vt 1.000000 0.000000
vt 1.000000 1.000000
vt 0.000000 1.000000
vt 0.000000 0.000000
vt 1.000000 0.000000
vt 1.000000 1.000000
vt 0.000000 1.000000
vt 0.500000 1.000000
vt 0.000000 0.000000
vt 1.000000 0.000000
vt 0.500000 1.000000
vt 0.000000 0.000000
vt 1.000000 0.000000
vt 0.000000 0.000000
vt 1.000000 0.000000
vt 1.000000 1.000000
vt 0.000000 1.000000
vt 0.000000 0.000000
vt 1.000000 0.000000
vt 1.000000 1.000000
vt 0.000000 1.000000
vt 0.500000 1.000000
vt 0.000000 0.000000
vt 1.000000 0.000000
vt 0.500000 1.000000
vt 0.000000 0.000000
vt 1.000000 0.000000
vt 0.000000 0.000000
vt 1.000000 0.000000
vt 1.000000 1.000000
vt 0.000000 1.000000
vt 0.000000 0.000000
vt 1.000000 0.000000
vt 1.000000 1.000000
vt 0.000000 1.000000
vt 0.500000 1.000000
vt 0.000000 0.000000
vt 1.000000 0.000000
vt 0.500000 1.000000
vt 0.000000 0.000000
vt 1.000000 0.000000
vt 0.000000 0.000000
vt 1.000000 0.000000
vt 1.000000 1.000000
vt 0.000000 1.000000
vt 0.000000 0.000000
vt 1.000000 0.000000
vt 1.000000 1.000000
vt 0.000000 1.000000
vt 0.500000 1.000000
vt 0.000000 0.000000
vt 1.000000 0.000000
vt 0.500000 1.000000
vt 0.000000 0.000000
vt 1.000000 0.000000
vt 0.000000 0.000000
vt 1.000000 0.000000
vt 1.000000 1.000000
vt 0.000000 1.000000
vt 0.000000 0.000000
vt 1.000000 0.000000
vt 1.000000 1.000000
vt 0.000000 1.000000
vt 0.500000 1.000000
vt 0.000000 0.000000
vt 1.000000 0.000000
vt 0.500000 1.000000
vt 0.000000 0.000000
vt 1.000000 0.000000
vt 0.000000 0.000000
vt 1.000000 0.000000
vt 1.000000 1.000000
vt 0.000000 1.000000
vt 0.000000 0.000000
vt 1.000000 0.000000
vt 1.000000 1.000000
vt 0.000000 1.000000
vt 0.500000 1.000000
vt 0.000000 0.000000
vt 1.000000 0.000000
vt 0.500000 1.000000
vt 0.000000 0.000000
vt 1.000000 0.000000
vt 0.000000 0.000000
vt 1.000000 0.000000
vt 1.000000 1.000000
vt 0.000000 1.000000
vt 0.000000 0.000000
vt 1.000000 0.000000
vt 1.000000 1.000000
vt 0.000000 1.000000
vt 0.500000 1.000000
vt 0.000000 0.000000
vt 1.000000 0.000000
vt 0.500000 1.000000
vt 0.000000 0.000000
vt 1.000000 0.000000
vt 0.000000 0.000000
vt 1.000000 0.000000
vt 1.000000 1.000000
vt 0.000000 1.000000
vt 0.000000 0.000000
vt 1.000000 0.000000
vt 1.000000 1.000000
vt 0.000000 1.000000
vt 0.500000 1.000000
vt 0.000000 0.000000
vt 1.000000 0.000000
vt 0.500000 1.000000
vt 0.000000 0.000000
vt 1.000000 0.000000
vt 0.000000 0.000000
vt 1.000000 0.000000
vt 1.000000 1.000000
vt 0.000000 1.000000
vt 0.000000 0.000000
vt 1.000000 0.000000
vt 1.000000 1.000000
vt 0.000000 1.000000
vt 0.500000 1.000000
vt 0.000000 0.000000
vt 1.000000 0.000000
vt 0.500000 1.000000
vt 0.000000 0.000000
vt 1.000000 0.000000
vt 0.000000 0.000000
vt 1.000000 0.000000
vt 1.000000 1.000000
vt 0.000000 1.000000
vt 0.000000 0.000000
vt 1.000000 0.000000
vt 1.000000 1.000000
vt 0.000000 1.000000
vt 0.500000 1.000000
vt 0.000000 0.000000
vt 1.000000 0.000000
vt 0.500000 1.000000
vt 0.000000 0.000000
vt 1.000000 0.000000
vt 0.000000 0.000000
vt 1.000000 0.000000
vt 1.000000 1.000000
vt 0.000000 1.000000
vt 0.000000 0.000000
vt 1.000000 0.000000
vt 1.000000 1.000000
vt 0.000000 1.000000
vt 0.500000 1.000000
vt 0.000000 0.000000
vt 1.000000 0.000000
vt 0.500000 1.000000
vt 0.000000 0.000000
vt 1.000000 0.000000
vt 0.000000 0.000000
vt 1.000000 0.000000
vt 1.000000 1.000000
vt 0.000000 1.000000
vt 0.000000 0.000000
vt 1.000000 0.000000
vt 1.000000 1.000000
vt 0.000000 1.000000
vt 0.500000 1.000000
vt 0.000000 0.000000
vt 1.000000 0.000000
vt 0.500000 1.000000
vt 0.000000 0.000000
vt 1.000000 0.000000
vt 0.000000 0.000000
vt 1.000000 0.000000
vt 1.000000 1.000000
vt 0.000000 1.000000
vt 0.000000 0.000000
vt 1.000000 0.000000
vt 1.000000 1.000000
vt 0.000000 1.000000
vt 0.500000 1.000000
vt 0.000000 0.000000
vt 1.000000 0.000000
vt 0.500000 1.000000
vt 0.000000 0.000000
vt 1.000000 0.000000
vt 0.000000 0.000000
vt 1.000000 0.000000
vt 1.000000 1.000000
vt 0.000000 1.000000
vt 0.000000 0.000000
vt 1.000000 0.000000
vt 1.000000 1.000000
vt 0.000000 1.000000
vt 0.500000 1.000000
vt 0.000000 0.000000
vt 1.000000 0.000000
vt 0.500000 1.000000
vt 0.000000 0.000000
vt 1.000000 0.000000
vt 0.000000 0.000000
vt 1.000000 0.000000
vt 1.000000 1.000000
vt 0.000000 1.000000
vt 0.000000 0.000000
vt 1.000000 0.000000
vt 1.000000 1.000000
vt 0.000000 1.000000
vt 0.500000 1.000000
vt 0.000000 0.000000
vt 1.000000 0.000000
vt 0.500000 1.000000
vt 0.000000 0.000000
vt 1.000000 0.000000
vt 0.000000 0.000000
vt 1.000000 0.000000
vt 1.000000 1.000000
vt 0.000000 1.000000
vt 0.000000 0.000000
vt 1.000000 0.000000
vt 1.000000 1.000000
vt 0.000000 1.000000
vt 0.500000 1.000000
vt 0.000000 0.000000
vt 1.000000 0.000000
vt 0.500000 1.000000
vt 0.000000 0.000000
vt 1.000000 0.000000
vt 0.000000 0.000000
vt 1.000000 0.000000
vt 1.000000 1.000000
vt 0.000000 1.000000
vt 0.000000 0.000000
vt 1.000000 0.000000
vt 1.000000 1.000000
vt 0.000000 1.000000
vt 0.500000 1.000000
vt 0.000000 0.000000
vt 1.000000 0.000000
vt 0.500000 1.000000
vt 0.000000 0.000000
vt 1.000000 0.000000
vt 0.000000 0.000000
vt 1.000000 0.000000
vt 1.000000 1.000000
vt 0.000000 1.000000
vt 0.000000 0.000000
vt 1.000000 0.000000
vt 1.000000 1.000000
vt 0.000000 1.000000
vt 0.500000 1.000000
vt 0.000000 0.000000
vt 1.000000 0.000000
vt 0.500000 1.000000
vt 0.000000 0.000000
vt 1.000000 0.000000
vt 0.000000 0.000000
vt 1.000000 0.000000
vt 1.000000 1.000000
vt 0.000000 1.000000
vt 0.000000 0.000000
vt 1.000000 0.000000
vt 1.000000 1.000000
vt 0.000000 1.000000
vt 0.500000 1.000000
vt 0.000000 0.000000
vt 1.000000 0.000000
vt 0.500000 1.000000
vt 0.000000 0.000000
vt 1.000000 0.000000
vt 0.000000 0.000000
vt 1.000000 0.000000
vt 1.000000 1.000000
vt 0.000000 1.000000
vt 0.000000 0.000000
vt 1.000000 0.000000
vt 1.000000 1.000000
vt 0.000000 1.000000
vt 0.500000 1.000000
vt 0.000000 0.000000
vt 1.000000 0.000000
vt 0.500000 1.000000
vt 0.000000 0.000000
vt 1.000000 0.000000
vt 0.000000 0.000000
vt 1.000000 0.000000
vt 1.000000 1.000000
vt 0.000000 1.000000
vt 0.000000 0.000000
vt 1.000000 0.000000
vt 1.000000 1.000000
vt 0.000000 1.000000
vt 0.500000 1.000000
vt 0.000000 0.000000
vt 1.000000 0.000000
vt 0.500000 1.000000
vt 0.000000 0.000000
vt 1.000000 0.000000
vt 0.000000 0.000000
vt 1.000000 0.000000
vt 1.000000 1.000000
vt 0.000000 1.000000
vt 0.000000 0.000000
vt 1.000000 0.000000
vt 1.000000 1.000000
vt 0.000000 1.000000
vt 0.500000 1.000000
vt 0.000000 0.000000
vt 1.000000 0.000000
vt 0.500000 1.000000
vt 0.000000 0.000000
vt 1.000000 0.000000
vt 0.000000 0.000000
vt 1.000000 0.000000
vt 1.000000 1.000000
vt 0.000000 1.000000
vt 0.000000 0.000000
vt 1.000000 0.000000
vt 1.000000 1.000000
vt 0.000000 1.000000
vt 0.500000 1.000000
vt 0.000000 0.000000
vt 1.000000 0.000000
vt 0.500000 1.000000
vt 0.000000 0.000000
vt 1.000000 0.000000
vt 0.000000 0.000000
vt 1.000000 0.000000
vt 1.000000 1.000000
vt 0.000000 1.000000
vt 0.000000 0.000000
vt 1.000000 0.000000
vt 1.000000 1.000000
vt 0.000000 1.000000
vt 0.500000 1.000000
vt 0.000000 0.000000
vt 1.000000 0.000000
vt 0.500000 1.000000
vt 0.000000 0.000000
vt 1.000000 0.000000
vt 0.000000 0.000000
vt 1.000000 0.000000
vt 1.000000 1.000000
vt 0.000000 1.000000
vt 0.000000 0.000000
vt 1.000000 0.000000
vt 1.000000 1.000000
vt 0.000000 1.000000
vt 0.500000 1.000000
vt 0.000000 0.000000
vt 1.000000 0.000000
vt 0.500000 1.000000
vt 0.000000 0.000000
vt 1.000000 0.000000
vt 0.000000 0.000000
vt 1.000000 0.000000
vt 1.000000 1.000000
vt 0.000000 1.000000
vt 0.000000 0.000000
vt 1.000000 0.000000
vt 1.000000 1.000000
vt 0.000000 1.000000
vt 0.500000 1.000000
vt 0.000000 0.000000
vt 1.000000 0.000000
vt 0.500000 1.000000
vt 0.000000 0.000000
vt 1.000000 0.000000
vt 0.000000 0.000000
vt 1.000000 0.000000
vt 1.000000 1.000000
vt 0.000000 1.000000
vt 0.000000 0.000000
vt 1.000000 0.000000
vt 1.000000 1.000000
vt 0.000000 1.000000
vt 0.500000 1.000000
vt 0.000000 0.000000
vt 1.000000 0.000000
vt 0.500000 1.000000
vt 0.000000 0.000000
vt 1.000000 0.000000
vt 0.000000 0.000000
vt 1.000000 0.000000
vt 1.000000 1.000000
vt 0.000000 1.000000
vt 0.000000 0.000000
vt 1.000000 0.000000
vt 1.000000 1.000000
vt 0.000000 1.000000
vt 0.500000 1.000000
vt 0.000000 0.000000
vt 1.000000 0.000000
vt 0.500000 1.000000
vt 0.000000 0.000000
vt 1.000000 0.000000
vt 0.000000 0.000000
vt 1.000000 0.000000
vt 1.000000 1.000000
vt 0.000000 1.000000
vt 0.000000 0.000000
vt 1.000000 0.000000
vt 1.000000 1.000000
vt 0.000000 1.000000
vt 0.500000 1.000000
vt 0.000000 0.000000
vt 1.000000 0.000000
vt 0.500000 1.000000
vt 0.000000 0.000000
vt 1.000000 0.000000
vt 0.000000 0.000000
vt 1.000000 0.000000
vt 1.000000 1.000000
vt 0.000000 1.000000
vt 0.000000 0.000000
vt 1.000000 0.000000
vt 1.000000 1.000000
vt 0.000000 1.000000
vt 0.500000 1.000000
vt 0.000000 0.000000
vt 1.000000 0.000000
vt 0.500000 1.000000
vt 0.000000 0.000000
vt 1.000000 0.000000
vt 0.000000 0.000000
vt 1.000000 0.000000
vt 1.000000 1.000000
vt 0.000000 1.000000
vt 0.000000 0.000000
vt 1.000000 0.000000
vt 1.000000 1.000000
vt 0.000000 1.000000
vt 0.500000 1.000000
vt 0.000000 0.000000
vt 1.000000 0.000000
vt 0.500000 1.000000
vt 0.000000 0.000000
vt 1.000000 0.000000
vt 0.000000 0.000000
vt 1.000000 0.000000
vt 1.000000 1.000000
vt 0.000000 1.000000
vt 0.000000 0.000000
vt 1.000000 0.000000
vt 1.000000 1.000000
vt 0.000000 1.000000
vt 0.500000 1.000000
vt 0.000000 0.000000
vt 1.000000 0.000000
vt 0.500000 1.000000
vt 0.000000 0.000000
vt 1.000000 0.000000
vt 0.000000 0.000000
vt 1.000000 0.000000
vt 1.000000 1.000000
vt 0.000000 1.000000
vt 0.000000 0.000000
vt 1.000000 0.000000
vt 1.000000 1.000000
vt 0.000000 1.000000
vt 0.500000 1.000000
vt 0.000000 0.000000
vt 1.000000 0.000000
vt 0.500000 1.000000
vt 0.000000 0.000000
vt 1.000000 0.000000
vt 0.000000 0.000000
vt 1.000000 0.000000
vt 1.000000 1.000000
vt 0.000000 1.000000
vt 0.000000 0.000000
vt 1.000000 0.000000
vt 1.000000 1.000000
vt 0.000000 1.000000
vt 0.500000 1.000000
vt 0.000000 0.000000
vt 1.000000 0.000000
vt 0.500000 1.000000
vt 0.000000 0.000000
vt 1.000000 0.000000
vt 0.000000 0.000000
vt 1.000000 0.000000
vt 1.000000 1.000000
vt 0.000000 1.000000
vt 0.000000 0.000000
vt 1.000000 0.000000
vt 1.000000 1.000000
vt 0.000000 1.000000
vt 0.500000 1.000000
vt 0.000000 0.000000
vt 1.000000 0.000000
vt 0.500000 1.000000
vt 0.000000 0.000000
vt 1.000000 0.000000
vt 0.000000 0.000000
vt 1.000000 0.000000
vt 1.000000 1.000000
vt 0.000000 1.000000
vt 0.000000 0.000000
vt 1.000000 0.000000
vt 1.000000 1.000000
vt 0.000000 1.000000
vt 0.500000 1.000000
vt 0.000000 0.000000
vt 1.000000 0.000000
vt 0.500000 1.000000
vt 0.000000 0.000000
vt 1.000000 0.000000
vt 0.000000 0.000000
vt 1.000000 0.000000
vt 1.000000 1.000000
vt 0.000000 1.000000
vt 0.000000 0.000000
vt 1.000000 0.000000
vt 1.000000 1.000000
vt 0.000000 1.000000
vt 0.500000 1.000000
vt 0.000000 0.000000
vt 1.000000 0.000000
vt 0.500000 1.000000
vt 0.000000 0.000000
vt 1.000000 0.000000
vt 0.000000 0.000000
vt 1.000000 0.000000
vt 1.000000 1.000000
vt 0.000000 1.000000
vt 0.000000 0.000000
vt 1.000000 0.000000
vt 1.000000 1.000000
vt 0.000000 1.000000
vt 0.500000 1.000000
vt 0.000000 0.000000
vt 1.000000 0.000000
vt 0.500000 1.000000
vt 0.000000 0.000000
vt 1.000000 0.000000
vt 0.000000 0.000000
vt 1.000000 0.000000
vt 1.000000 1.000000
vt 0.000000 1.000000
vt 0.000000 0.000000
vt 1.000000 0.000000
vt 1.000000 1.000000
vt 0.000000 1.000000
vt 0.500000 1.000000
vt 0.000000 0.000000
vt 1.000000 0.000000
vt 0.500000 1.000000
vt 0.000000 0.000000
vt 1.000000 0.000000
vt 0.000000 0.000000
vt 1.000000 0.000000
vt 1.000000 1.000000
vt 0.000000 1.000000
vt 0.000000 0.000000
vt 1.000000 0.000000
vt 1.000000 1.000000
vt 0.000000 1.000000
vt 0.500000 1.000000
vt 0.000000 0.000000
vt 1.000000 0.000000
vt 0.500000 1.000000
vt 0.000000 0.000000
vt 1.000000 0.000000
vt 0.000000 0.000000
vt 1.000000 0.000000
vt 1.000000 1.000000
vt 0.000000 1.000000
vt 0.000000 0.000000
vt 1.000000 0.000000
vt 1.000000 1.000000
vt 0.000000 1.000000
vt 0.500000 1.000000
vt 0.000000 0.000000
vt 1.000000 0.000000
vt 0.500000 1.000000
vt 0.000000 0.000000
vt 1.000000 0.000000
vt 0.000000 0.000000
vt 1.000000 0.000000
vt 1.000000 1.000000
vt 0.000000 1.000000
vt 0.000000 0.000000
vt 1.000000 0.000000
vt 1.000000 1.000000
vt 0.000000 1.000000
vt 0.500000 1.000000
vt 0.000000 0.000000
vt 1.000000 0.000000
vt 0.500000 1.000000
vt 0.000000 0.000000
vt 1.000000 0.000000
vt 0.000000 0.000000
vt 1.000000 0.000000
vt 1.000000 1.000000
vt 0.000000 1.000000
vt 0.000000 0.000000
vt 1.000000 0.000000
vt 1.000000 1.000000
vt 0.000000 1.000000
vt 0.500000 1.000000
vt 0.000000 0.000000
vt 1.000000 0.000000
vt 0.500000 1.000000
vt 0.000000 0.000000
vt 1.000000 0.000000
vt 0.000000 0.000000
vt 1.000000 0.000000
vt 1.000000 1.000000
vt 0.000000 1.000000
vt 0.000000 0.000000
vt 1.000000 0.000000
vt 1.000000 1.000000
vt 0.000000 1.000000
vt 0.500000 1.000000
vt 0.000000 0.000000
vt 1.000000 0.000000
vt 0.500000 1.000000
vt 0.000000 0.000000
vt 1.000000 0.000000
vt 0.000000 0.000000
vt 1.000000 0.000000
vt 1.000000 1.000000
vt 0.000000 1.000000
vt 0.000000 0.000000
vt 1.000000 0.000000
vt 1.000000 1.000000
vt 0.000000 1.000000
vt 0.500000 1.000000
vt 0.000000 0.000000
vt 1.000000 0.000000
vt 0.500000 1.000000
vt 0.000000 0.000000
vt 1.000000 0.000000
vt 0.000000 0.000000
vt 1.000000 0.000000
vt 1.000000 1.000000
vt 0.000000 1.000000
vt 0.000000 0.000000
vt 1.000000 0.000000
vt 1.000000 1.000000
vt 0.000000 1.000000
vt 0.500000 1.000000
vt 0.000000 0.000000
vt 1.000000 0.000000
vt 0.500000 1.000000
vt 0.000000 0.000000
vt 1.000000 0.000000
vt 0.000000 0.000000
vt 1.000000 0.000000
vt 1.000000 1.000000
vt 0.000000 1.000000
vt 0.000000 0.000000
vt 1.000000 0.000000
vt 1.000000 1.000000
vt 0.000000 1.000000
vt 0.500000 1.000000
vt 0.000000 0.000000
vt 1.000000 0.000000
vt 0.500000 1.000000
vt 0.000000 0.000000
vt 1.000000 0.000000
vt 0.000000 0.000000
vt 1.000000 0.000000
vt 1.000000 1.000000
vt 0.000000 1.000000
vt 0.000000 0.000000
vt 1.000000 0.000000
vt 1.000000 1.000000
vt 0.000000 1.000000
vt 0.500000 1.000000
vt 0.000000 0.000000
vt 1.000000 0.000000
vt 0.500000 1.000000
vt 0.000000 0.000000
vt 1.000000 0.000000
vt 0.000000 0.000000
vt 1.000000 0.000000
vt 1.000000 1.000000
vt 0.000000 1.000000
vt 0.000000 0.000000
vt 1.000000 0.000000
vt 1.000000 1.000000
vt 0.000000 1.000000
vt 0.500000 1.000000
vt 0.000000 0.000000
vt 1.000000 0.000000
vt 0.000000 0.000000
vt 1.000000 0.000000
vt 1.000000 1.000000
vt 0.000000 1.000000
vt 0.500000 1.000000
vt 0.000000 0.000000
vt 1.000000 0.000000
vt 0.000000 0.000000
vt 1.000000 0.000000
vt 1.000000 1.000000
vt 0.000000 1.000000
vt 0.500000 1.000000
vt 0.000000 0.000000
vt 1.000000 0.000000
vt 0.000000 0.000000
vt 1.000000 0.000000
vt 1.000000 1.000000
vt 0.000000 1.000000
vt 0.500000 1.000000
vt 0.000000 0.000000
vt 1.000000 0.000000
vt 0.000000 0.000000
vt 1.000000 0.000000
vt 1.000000 1.000000
vt 0.000000 1.000000
vt 0.500000 1.000000
vt 0.000000 0.000000
vt 1.000000 0.000000
vt 0.000000 0.000000
vt 1.000000 0.000000
vt 1.000000 1.000000
vt 0.000000 1.000000
vt 0.500000 1.000000
vt 0.000000 0.000000
vt 1.000000 0.000000
vt 0.000000 0.000000
vt 1.000000 0.000000
vt 1.000000 1.000000
vt 0.000000 1.000000
vt 0.500000 1.000000
vt 0.000000 0.000000
vt 1.000000 0.000000
vt 0.000000 0.000000
vt 1.000000 0.000000
vt 1.000000 1.000000
vt 0.000000 1.000000
vt 0.500000 1.000000
vt 0.000000 0.000000
vt 1.000000 0.000000
vt 0.000000 0.000000
vt 1.000000 0.000000
vt 1.000000 1.000000
vt 0.000000 1.000000
vt 0.500000 1.000000
vt 0.000000 0.000000
vt 1.000000 0.000000
vt 0.000000 0.000000
vt 1.000000 0.000000
vt 1.000000 1.000000
vt 0.000000 1.000000
vt 0.500000 1.000000
vt 0.000000 0.000000
vt 1.000000 0.000000
vt 0.000000 0.000000
vt 1.000000 0.000000
vt 1.000000 1.000000
vt 0.000000 1.000000
vt 0.500000 1.000000
vt 0.000000 0.000000
vt 1.000000 0.000000
vt 0.500000 1.000000
vt 0.000000 0.000000
vt 1.000000 0.000000
vt 0.000000 0.000000
vt 1.000000 0.000000
vt 1.000000 1.000000
vt 0.000000 1.000000
vt 0.500000 1.000000
vt 0.000000 0.000000
vt 1.000000 0.000000
vt 0.500000 1.000000
vt 0.000000 0.000000
vt 1.000000 0.000000
vt 0.000000 0.000000
vt 1.000000 0.000000
vt 1.000000 1.000000
vt 0.000000 1.000000
vt 0.500000 1.000000
vt 0.000000 0.000000
vt 1.000000 0.000000
vt 0.500000 1.000000
vt 0.000000 0.000000
vt 1.000000 0.000000
vt 0.000000 0.000000
vt 1.000000 0.000000
vt 1.000000 1.000000
vt 0.000000 1.000000
vt 0.500000 1.000000
vt 0.000000 0.000000
vt 1.000000 0.000000
vt 0.500000 1.000000
vt 0.000000 0.000000
vt 1.000000 0.000000
vt 0.000000 0.000000
vt 1.000000 0.000000
vt 1.000000 1.000000
vt 0.000000 1.000000
vt 0.500000 1.000000
vt 0.000000 0.000000
vt 1.000000 0.000000
vt 0.500000 1.000000
vt 0.000000 0.000000
vt 1.000000 0.000000
vt 0.000000 0.000000
vt 1.000000 0.000000
vt 1.000000 1.000000
vt 0.000000 1.000000
vt 0.500000 1.000000
vt 0.000000 0.000000
vt 1.000000 0.000000
vt 0.500000 1.000000
vt 0.000000 0.000000
vt 1.000000 0.000000
vt 0.000000 0.000000
vt 1.000000 0.000000
vt 1.000000 1.000000
vt 0.000000 1.000000
vt 0.500000 1.000000
vt 0.000000 0.000000
vt 1.000000 0.000000
vt 0.000000 0.000000
vt 1.000000 0.000000
vt 1.000000 1.000000
vt 0.000000 1.000000
vt 0.500000 1.000000
vt 0.000000 0.000000
vt 1.000000 0.000000
vt 0.000000 0.000000
vt 1.000000 0.000000
vt 1.000000 1.000000
vt 0.000000 1.000000
vt 0.500000 1.000000
vt 0.000000 0.000000
vt 1.000000 0.000000
vt 0.000000 0.000000
vt 1.000000 0.000000
vt 1.000000 1.000000
vt 0.000000 1.000000
vt 0.500000 1.000000
vt 0.000000 0.000000
vt 1.000000 0.000000
vt 0.000000 0.000000
vt 1.000000 0.000000
vt 1.000000 1.000000
vt 0.000000 1.000000
vt 0.500000 1.000000
vt 0.000000 0.000000
vt 1.000000 0.000000
vt 0.000000 0.000000
vt 1.000000 0.000000
vt 1.000000 1.000000
vt 0.000000 1.000000
vt 0.500000 1.000000
vt 0.000000 0.000000
vt 1.000000 0.000000
vt 0.000000 0.000000
vt 1.000000 0.000000
vt 1.000000 1.000000
vt 0.000000 1.000000
vt 0.500000 1.000000
vt 0.000000 0.000000
vt 1.000000 0.000000
vt 0.000000 0.000000
vt 1.000000 0.000000
vt 1.000000 1.000000
vt 0.000000 1.000000
vt 0.500000 1.000000
vt 0.000000 0.000000
vt 1.000000 0.000000
vt 0.000000 0.000000
vt 1.000000 0.000000
vt 1.000000 1.000000
vt 0.000000 1.000000
vt 0.500000 1.000000
vt 0.000000 0.000000
vt 1.000000 0.000000
vt 0.000000 0.000000
vt 1.000000 0.000000
vt 1.000000 1.000000
vt 0.000000 1.000000
vt 0.500000 1.000000
vt 0.000000 0.000000
vt 1.000000 0.000000
vt 0.000000 0.000000
vt 1.000000 0.000000
vt 1.000000 1.000000
vt 0.000000 1.000000
vt 0.500000 1.000000
vt 0.000000 0.000000
vt 1.000000 0.000000
vt 0.500000 1.000000
vt 0.000000 0.000000
vt 1.000000 0.000000
vt 0.000000 0.000000
vt 1.000000 0.000000
vt 1.000000 1.000000
vt 0.000000 1.000000
vt 0.500000 1.000000
vt 0.000000 0.000000
vt 1.000000 0.000000
vt 0.500000 1.000000
vt 0.000000 0.000000
vt 1.000000 0.000000
vt 0.000000 0.000000
vt 1.000000 0.000000
vt 1.000000 1.000000
vt 0.000000 1.000000
vt 0.500000 1.000000
vt 0.000000 0.000000
vt 1.000000 0.000000
vt 0.500000 1.000000
vt 0.000000 0.000000
vt 1.000000 0.000000
vt 0.000000 0.000000
vt 1.000000 0.000000
vt 1.000000 1.000000
vt 0.000000 1.000000
vt 0.500000 1.000000
vt 0.000000 0.000000
vt 1.000000 0.000000
vt 0.500000 1.000000
vt 0.000000 0.000000
vt 1.000000 0.000000
vt 0.000000 0.000000
vt 1.000000 0.000000
vt 1.000000 1.000000
vt 0.000000 1.000000
vt 0.500000 1.000000
vt 0.000000 0.000000
vt 1.000000 0.000000
vt 0.500000 1.000000
vt 0.000000 0.000000
vt 1.000000 0.000000
vt 0.000000 0.000000
vt 1.000000 0.000000
vt 1.000000 1.000000
vt 0.000000 1.000000
vt 0.500000 1.000000
vt 0.000000 0.000000
vt 1.000000 0.000000
vt 0.500000 1.000000
vt 0.000000 0.000000
vt 1.000000 0.000000
vt 0.000000 0.000000
vt 1.000000 0.000000
vt 1.000000 1.000000
vt 0.000000 1.000000
vt 0.500000 1.000000
vt 0.000000 0.000000
vt 1.000000 0.000000
vt 0.000000 0.000000
vt 1.000000 0.000000
vt 1.000000 1.000000
vt 0.000000 1.000000
vt 0.500000 1.000000
vt 0.000000 0.000000
vt 1.000000 0.000000
vt 0.000000 0.000000
vt 1.000000 0.000000
vt 1.000000 1.000000
vt 0.000000 1.000000
vt 0.500000 1.000000
vt 0.000000 0.000000
vt 1.000000 0.000000
vt 0.000000 0.000000
vt 1.000000 0.000000
vt 1.000000 1.000000
vt 0.000000 1.000000
vt 0.500000 1.000000
vt 0.000000 0.000000
vt 1.000000 0.000000
vt 0.000000 0.000000
vt 1.000000 0.000000
vt 1.000000 1.000000
vt 0.000000 1.000000
vt 0.500000 1.000000
vt 0.000000 0.000000
vt 1.000000 0.000000
vt 0.000000 0.000000
vt 1.000000 0.000000
vt 1.000000 1.000000
vt 0.000000 1.000000
vt 0.500000 1.000000
vt 0.000000 0.000000
vt 1.000000 0.000000
vt 0.000000 0.000000
vt 1.000000 0.000000
vt 1.000000 1.000000
vt 0.000000 1.000000
vt 0.500000 1.000000
vt 0.000000 0.000000
vt 1.000000 0.000000
vt 0.000000 0.000000
vt 1.000000 0.000000
vt 1.000000 1.000000
vt 0.000000 1.000000
vt 0.500000 1.000000
vt 0.000000 0.000000
vt 1.000000 0.000000
vt 0.000000 0.000000
vt 1.000000 0.000000
vt 1.000000 1.000000
vt 0.000000 1.000000
vt 0.500000 1.000000
vt 0.000000 0.000000
vt 1.000000 0.000000
vt 0.000000 0.000000
vt 1.000000 0.000000
vt 1.000000 1.000000
vt 0.000000 1.000000
vt 0.500000 1.000000
vt 0.000000 0.000000
vt 1.000000 0.000000
vt 0.000000 0.000000
vt 1.000000 0.000000
vt 1.000000 1.000000
vt 0.000000 1.000000
vt 0.500000 1.000000
vt 0.000000 0.000000
vt 1.000000 0.000000
vt 0.500000 1.000000
vt 0.000000 0.000000
vt 1.000000 0.000000
vt 0.000000 0.000000
vt 1.000000 0.000000
vt 1.000000 1.000000
vt 0.000000 1.000000
vt 0.500000 1.000000
vt 0.000000 0.000000
vt 1.000000 0.000000
vt 0.500000 1.000000
vt 0.000000 0.000000
vt 1.000000 0.000000
vt 0.000000 0.000000
vt 1.000000 0.000000
vt 1.000000 1.000000
vt 0.000000 1.000000
vt 0.500000 1.000000
vt 0.000000 0.000000
vt 1.000000 0.000000
vt 0.500000 1.000000
vt 0.000000 0.000000
vt 1.000000 0.000000
vt 0.000000 0.000000
vt 1.000000 0.000000
vt 1.000000 1.000000
vt 0.000000 1.000000
vt 0.500000 1.000000
vt 0.000000 0.000000
vt 1.000000 0.000000
vt 0.500000 1.000000
vt 0.000000 0.000000
vt 1.000000 0.000000
vt 0.000000 0.000000
vt 1.000000 0.000000
vt 1.000000 1.000000
vt 0.000000 1.000000
vt 0.500000 1.000000
vt 0.000000 0.000000
vt 1.000000 0.000000
vt 0.500000 1.000000
vt 0.000000 0.000000
vt 1.000000 0.000000
vt 0.000000 0.000000
vt 1.000000 0.000000
vt 1.000000 1.000000
vt 0.000000 1.000000
vt 0.500000 1.000000
vt 0.000000 0.000000
vt 1.000000 0.000000
vt 0.500000 1.000000
vt 0.000000 0.000000
vt 1.000000 0.000000
vt 0.000000 0.000000
vt 1.000000 0.000000
vt 1.000000 1.000000
vt 0.000000 1.000000
vt 0.500000 1.000000
vt 0.000000 0.000000
vt 1.000000 0.000000
vt 0.000000 0.000000
vt 1.000000 0.000000
vt 1.000000 1.000000
vt 0.000000 1.000000
vt 0.500000 1.000000
vt 0.000000 0.000000
vt 1.000000 0.000000
vt 0.000000 0.000000
vt 1.000000 0.000000
vt 1.000000 1.000000
vt 0.000000 1.000000
vt 0.500000 1.000000
vt 0.000000 0.000000
vt 1.000000 0.000000
vt 0.000000 0.000000
vt 1.000000 0.000000
vt 1.000000 1.000000
vt 0.000000 1.000000
vt 0.500000 1.000000
vt 0.000000 0.000000
vt 1.000000 0.000000
vt 0.000000 0.000000
vt 1.000000 0.000000
vt 1.000000 1.000000
vt 0.000000 1.000000
vt 0.500000 1.000000
vt 0.000000 0.000000
vt 1.000000 0.000000
vt 0.000000 0.000000
vt 1.000000 0.000000
vt 1.000000 1.000000
vt 0.000000 1.000000
vt 0.500000 1.000000
vt 0.000000 0.000000
vt 1.000000 0.000000
vt 0.000000 0.000000
vt 1.000000 0.000000
vt 1.000000 1.000000
vt 0.000000 1.000000
vt 0.500000 1.000000
vt 0.000000 0.000000
vt 1.000000 0.000000
vt 0.000000 0.000000
vt 1.000000 0.000000
vt 1.000000 1.000000
vt 0.000000 1.000000
vt 0.500000 1.000000
vt 0.000000 0.000000
vt 1.000000 0.000000
vt 0.000000 0.000000
vt 1.000000 0.000000
vt 1.000000 1.000000
vt 0.000000 1.000000
vt 0.500000 1.000000
vt 0.000000 0.000000
vt 1.000000 0.000000
vt 0.000000 0.000000
vt 1.000000 0.000000
vt 1.000000 1.000000
vt 0.000000 1.000000
vt 0.500000 1.000000
vt 0.000000 0.000000
vt 1.000000 0.000000
vt 0.000000 0.000000
vt 1.000000 0.000000
vt 1.000000 1.000000
vt 0.000000 1.000000
vt 0.500000 1.000000
vt 0.000000 0.000000
vt 1.000000 0.000000
vt 0.500000 1.000000
vt 0.000000 0.000000
vt 1.000000 0.000000
vt 0.000000 0.000000
vt 1.000000 0.000000
vt 1.000000 1.000000
vt 0.000000 1.000000
vt 0.500000 1.000000
vt 0.000000 0.000000
vt 1.000000 0.000000
vt 0.500000 1.000000
vt 0.000000 0.000000
vt 1.000000 0.000000
vt 0.000000 0.000000
vt 1.000000 0.000000
vt 1.000000 1.000000
vt 0.000000 1.000000
vt 0.500000 1.000000
vt 0.000000 0.000000
vt 1.000000 0.000000
vt 0.500000 1.000000
vt 0.000000 0.000000
vt 1.000000 0.000000
vt 0.000000 0.000000
vt 1.000000 0.000000
vt 1.000000 1.000000
vt 0.000000 1.000000
vt 0.500000 1.000000
vt 0.000000 0.000000
vt 1.000000 0.000000
vt 0.500000 1.000000
vt 0.000000 0.000000
vt 1.000000 0.000000
vt 0.000000 0.000000
vt 1.000000 0.000000
vt 1.000000 1.000000
vt 0.000000 1.000000
vt 0.500000 1.000000
vt 0.000000 0.000000
vt 1.000000 0.000000
vt 0.500000 1.000000
vt 0.000000 0.000000
vt 1.000000 0.000000
vt 0.000000 0.000000
vt 1.000000 0.000000
vt 1.000000 1.000000
vt 0.000000 1.000000
vt 0.500000 1.000000
vt 0.000000 0.000000
vt 1.000000 0.000000
vt 0.500000 1.000000
vt 0.000000 0.000000
vt 1.000000 0.000000
vt 0.000000 0.000000
vt 1.000000 0.000000
vt 1.000000 1.000000
vt 0.000000 1.000000
vt 0.500000 1.000000
vt 0.000000 0.000000
vt 1.000000 0.000000
vt 0.000000 0.000000
vt 1.000000 0.000000
vt 1.000000 1.000000
vt 0.000000 1.000000
vt 0.500000 1.000000
vt 0.000000 0.000000
vt 1.000000 0.000000
vt 0.000000 0.000000
vt 1.000000 0.000000
vt 1.000000 1.000000
vt 0.000000 1.000000
vt 0.500000 1.000000
vt 0.000000 0.000000
vt 1.000000 0.000000
vt 0.000000 0.000000
vt 1.000000 0.000000
vt 1.000000 1.000000
vt 0.000000 1.000000
vt 0.500000 1.000000
vt 0.000000 0.000000
vt 1.000000 0.000000
vt 0.000000 0.000000
vt 1.000000 0.000000
vt 1.000000 1.000000
vt 0.000000 1.000000
vt 0.500000 1.000000
vt 0.000000 0.000000
vt 1.000000 0.000000
vt 0.000000 0.000000
vt 1.000000 0.000000
vt 1.000000 1.000000
vt 0.000000 1.000000
vt 0.500000 1.000000
vt 0.000000 0.000000
vt 1.000000 0.000000
vt 0.000000 0.000000
vt 1.000000 0.000000
vt 1.000000 1.000000
vt 0.000000 1.000000
vt 0.500000 1.000000
vt 0.000000 0.000000
vt 1.000000 0.000000
vt 0.000000 0.000000
vt 1.000000 0.000000
vt 1.000000 1.000000
vt 0.000000 1.000000
vt 0.500000 1.000000
vt 0.000000 0.000000
vt 1.000000 0.000000
vt 0.000000 0.000000
vt 1.000000 0.000000
vt 1.000000 1.000000
vt 0.000000 1.000000
vt 0.500000 1.000000
vt 0.000000 0.000000
vt 1.000000 0.000000
vt 0.000000 0.000000
vt 1.000000 0.000000
vt 1.000000 1.000000
vt 0.000000 1.000000
vt 0.500000 1.000000
vt 0.000000 0.000000
vt 1.000000 0.000000
vt 0.000000 0.000000
vt 1.000000 0.000000
vt 1.000000 1.000000
vt 0.000000 1.000000
vt 0.500000 1.000000
vt 0.000000 0.000000
vt 1.000000 0.000000
vt 0.500000 1.000000
vt 0.000000 0.000000
vt 1.000000 0.000000
vt 0.000000 0.000000
vt 1.000000 0.000000
vt 1.000000 1.000000
vt 0.000000 1.000000
vt 0.500000 1.000000
vt 0.000000 0.000000
vt 1.000000 0.000000
vt 0.500000 1.000000
vt 0.000000 0.000000
vt 1.000000 0.000000
vt 0.000000 0.000000
vt 1.000000 0.000000
vt 1.000000 1.000000
vt 0.000000 1.000000
vt 0.500000 1.000000
vt 0.000000 0.000000
vt 1.000000 0.000000
vt 0.500000 1.000000
vt 0.000000 0.000000
vt 1.000000 0.000000
vt 0.000000 0.000000
vt 1.000000 0.000000
vt 1.000000 1.000000
vt 0.000000 1.000000
vt 0.500000 1.000000
vt 0.000000 0.000000
vt 1.000000 0.000000
vt 0.500000 1.000000
vt 0.000000 0.000000
vt 1.000000 0.000000
vt 0.000000 0.000000
vt 1.000000 0.000000
vt 1.000000 1.000000
vt 0.000000 1.000000
vt 0.500000 1.000000
vt 0.000000 0.000000
vt 1.000000 0.000000
vt 0.500000 1.000000
vt 0.000000 0.000000
vt 1.000000 0.000000
vt 0.000000 0.000000
vt 1.000000 0.000000
vt 1.000000 1.000000
vt 0.000000 1.000000
vt 0.500000 1.000000
vt 0.000000 0.000000
vt 1.000000 0.000000
vt 0.500000 1.000000
vt 0.000000 0.000000
vt 1.000000 0.000000
vt 0.000000 0.000000
vt 1.000000 0.000000
vt 1.000000 1.000000
vt 0.000000 1.000000
vt 0.500000 1.000000
vt 0.000000 0.000000
vt 1.000000 0.000000
vt 0.000000 0.000000
vt 1.000000 0.000000
vt 1.000000 1.000000
vt 0.000000 1.000000
vt 0.500000 1.000000
vt 0.000000 0.000000
vt 1.000000 0.000000
vt 0.000000 0.000000
vt 1.000000 0.000000
vt 1.000000 1.000000
vt 0.000000 1.000000
vt 0.500000 1.000000
vt 0.000000 0.000000
vt 1.000000 0.000000
vt 0.000000 0.000000
vt 1.000000 0.000000
vt 1.000000 1.000000
vt 0.000000 1.000000
vt 0.500000 1.000000
vt 0.000000 0.000000
vt 1.000000 0.000000
vt 0.000000 0.000000
vt 1.000000 0.000000
vt 1.000000 1.000000
vt 0.000000 1.000000
vt 0.500000 1.000000
vt 0.000000 0.000000
vt 1.000000 0.000000
vt 0.000000 0.000000
vt 1.000000 0.000000
vt 1.000000 1.000000
vt 0.000000 1.000000
vt 0.500000 1.000000
vt 0.000000 0.000000
vt 1.000000 0.000000
vt 0.000000 0.000000
vt 1.000000 0.000000
vt 1.000000 1.000000
vt 0.000000 1.000000
vt 0.500000 1.000000
vt 0.000000 0.000000
vt 1.000000 0.000000
vt 0.000000 0.000000
vt 1.000000 0.000000
vt 1.000000 1.000000
vt 0.000000 1.000000
vt 0.500000 1.000000
vt 0.000000 0.000000
vt 1.000000 0.000000
vt 0.000000 0.000000
vt 1.000000 0.000000
vt 1.000000 1.000000
vt 0.000000 1.000000
vt 0.500000 1.000000
vt 0.000000 0.000000
vt 1.000000 0.000000
vt 0.000000 0.000000
vt 1.000000 0.000000
vt 1.000000 1.000000
vt 0.000000 1.000000
vt 0.500000 1.000000
vt 0.000000 0.000000
vt 1.000000 0.000000
vt 0.000000 0.000000
vt 1.000000 0.000000
vt 1.000000 1.000000
vt 0.000000 1.000000
vt 0.500000 1.000000
vt 0.000000 0.000000
vt 1.000000 0.000000
vt 0.500000 1.000000
vt 0.000000 0.000000
vt 1.000000 0.000000
vt 0.000000 0.000000
vt 1.000000 0.000000
vt 1.000000 1.000000
vt 0.000000 1.000000
vt 0.500000 1.000000
vt 0.000000 0.000000
vt 1.000000 0.000000
vt 0.500000 1.000000
vt 0.000000 0.000000
vt 1.000000 0.000000
vt 0.000000 0.000000
vt 1.000000 0.000000
vt 1.000000 1.000000
vt 0.000000 1.000000
vt 0.500000 1.000000
vt 0.000000 0.000000
vt 1.000000 0.000000
vt 0.500000 1.000000
vt 0.000000 0.000000
vt 1.000000 0.000000
vt 0.000000 0.000000
vt 1.000000 0.000000
vt 1.000000 1.000000
vt 0.000000 1.000000
vt 0.500000 1.000000
vt 0.000000 0.000000
vt 1.000000 0.000000
vt 0.500000 1.000000
vt 0.000000 0.000000
vt 1.000000 0.000000
vt 0.000000 0.000000
vt 1.000000 0.000000
vt 1.000000 1.000000
vt 0.000000 1.000000
vt 0.500000 1.000000
vt 0.000000 0.000000
vt 1.000000 0.000000
vt 0.500000 1.000000
vt 0.000000 0.000000
vt 1.000000 0.000000
vt 0.000000 0.000000
vt 1.000000 0.000000
vt 1.000000 1.000000
vt 0.000000 1.000000
vt 0.500000 1.000000
vt 0.000000 0.000000
vt 1.000000 0.000000
vt 0.500000 1.000000
vt 0.000000 0.000000
vt 1.000000 0.000000
vt 0.000000 0.000000
vt 1.000000 0.000000
vt 1.000000 1.000000
vt 0.000000 1.000000
vt 0.500000 1.000000
vt 0.000000 0.000000
vt 1.000000 0.000000
vt 0.000000 0.000000
vt 1.000000 0.000000
vt 1.000000 1.000000
vt 0.000000 1.000000
vt 0.500000 1.000000
vt 0.000000 0.000000
vt 1.000000 0.000000
vt 0.000000 0.000000
vt 1.000000 0.000000
vt 1.000000 1.000000
vt 0.000000 1.000000
vt 0.500000 1.000000
vt 0.000000 0.000000
vt 1.000000 0.000000
vt 0.000000 0.000000
vt 1.000000 0.000000
vt 1.000000 1.000000
vt 0.000000 1.000000
vt 0.500000 1.000000
vt 0.000000 0.000000
vt 1.000000 0.000000
vt 0.000000 0.000000
vt 1.000000 0.000000
vt 1.000000 1.000000
vt 0.000000 1.000000
vt 0.500000 1.000000
vt 0.000000 0.000000
vt 1.000000 0.000000
vt 0.000000 0.000000
vt 1.000000 0.000000
vt 1.000000 1.000000
vt 0.000000 1.000000
vt 0.500000 1.000000
vt 0.000000 0.000000
vt 1.000000 0.000000
vt 0.000000 0.000000
vt 1.000000 0.000000
vt 1.000000 1.000000
vt 0.000000 1.000000
vt 0.500000 1.000000
vt 0.000000 0.000000
vt 1.000000 0.000000
vt 0.000000 0.000000
vt 1.000000 0.000000
vt 1.000000 1.000000
vt 0.000000 1.000000
vt 0.500000 1.000000
vt 0.000000 0.000000
vt 1.000000 0.000000
vt 0.000000 0.000000
vt 1.000000 0.000000
vt 1.000000 1.000000
vt 0.000000 1.000000
vt 0.500000 1.000000
vt 0.000000 0.000000
vt 1.000000 0.000000
vt 0.000000 0.000000
vt 1.000000 0.000000
vt 1.000000 1.000000
vt 0.000000 1.000000
vt 0.500000 1.000000
vt 0.000000 0.000000
vt 1.000000 0.000000
vt 0.000000 0.000000
vt 1.000000 0.000000
vt 1.000000 1.000000
vt 0.000000 1.000000
vt 0.500000 1.000000
vt 0.000000 0.000000
vt 1.000000 0.000000
vt 0.500000 1.000000
vt 0.000000 0.000000
vt 1.000000 0.000000
vt 0.000000 0.000000
vt 1.000000 0.000000
vt 1.000000 1.000000
vt 0.000000 1.000000
vt 0.500000 1.000000
vt 0.000000 0.000000
vt 1.000000 0.000000
vt 0.500000 1.000000
vt 0.000000 0.000000
vt 1.000000 0.000000
vt 0.000000 0.000000
vt 1.000000 0.000000
vt 1.000000 1.000000
vt 0.000000 1.000000
vt 0.500000 1.000000
vt 0.000000 0.000000
vt 1.000000 0.000000
vt 0.500000 1.000000
vt 0.000000 0.000000
vt 1.000000 0.000000
vt 0.000000 0.000000
vt 1.000000 0.000000
vt 1.000000 1.000000
vt 0.000000 1.000000
vt 0.500000 1.000000
vt 0.000000 0.000000
vt 1.000000 0.000000
vt 0.500000 1.000000
vt 0.000000 0.000000
vt 1.000000 0.000000
vt 0.000000 0.000000
vt 1.000000 0.000000
vt 1.000000 1.000000
vt 0.000000 1.000000
vt 0.500000 1.000000
vt 0.000000 0.000000
vt 1.000000 0.000000
vt 0.500000 1.000000
vt 0.000000 0.000000
vt 1.000000 0.000000
vt 0.000000 0.000000
vt 1.000000 0.000000
vt 1.000000 1.000000
vt 0.000000 1.000000
vt 0.500000 1.000000
vt 0.000000 0.000000
vt 1.000000 0.000000
vt 0.500000 1.000000
vt 0.000000 0.000000
vt 1.000000 0.000000
vt 0.000000 0.000000
vt 1.000000 0.000000
vt 1.000000 1.000000
vt 0.000000 1.000000
vt 0.500000 1.000000
vt 0.000000 0.000000
vt 1.000000 0.000000
vt 0.000000 0.000000
vt 1.000000 0.000000
vt 1.000000 1.000000
vt 0.000000 1.000000
vt 0.500000 1.000000
vt 0.000000 0.000000
vt 1.000000 0.000000
vt 0.000000 0.000000
vt 1.000000 0.000000
vt 1.000000 1.000000
vt 0.000000 1.000000
vt 0.500000 1.000000
vt 0.000000 0.000000
vt 1.000000 0.000000
vt 0.000000 0.000000
vt 1.000000 0.000000
vt 1.000000 1.000000
vt 0.000000 1.000000
vt 0.500000 1.000000
vt 0.000000 0.000000
vt 1.000000 0.000000
vt 0.000000 0.000000
vt 1.000000 0.000000
vt 1.000000 1.000000
vt 0.000000 1.000000
vt 0.500000 1.000000
vt 0.000000 0.000000
vt 1.000000 0.000000
vt 0.000000 0.000000
vt 1.000000 0.000000
vt 1.000000 1.000000
vt 0.000000 1.000000
vt 0.500000 1.000000
vt 0.000000 0.000000
vt 1.000000 0.000000
vt 0.000000 0.000000
vt 1.000000 0.000000
vt 1.000000 1.000000
vt 0.000000 1.000000
vt 0.500000 1.000000
vt 0.000000 0.000000
vt 1.000000 0.000000
vt 0.000000 0.000000
vt 1.000000 0.000000
vt 1.000000 1.000000
vt 0.000000 1.000000
vt 0.500000 1.000000
vt 0.000000 0.000000
vt 1.000000 0.000000
vt 0.000000 0.000000
vt 1.000000 0.000000
vt 1.000000 1.000000
vt 0.000000 1.000000
vt 0.500000 1.000000
vt 0.000000 0.000000
vt 1.000000 0.000000
vt 0.000000 0.000000
vt 1.000000 0.000000
vt 1.000000 1.000000
vt 0.000000 1.000000
vt 0.500000 1.000000
vt 0.000000 0.000000
vt 1.000000 0.000000
vt 0.000000 0.000000
vt 1.000000 0.000000
vt 1.000000 1.000000
vt 0.000000 1.000000
vt 0.500000 1.000000
vt 0.000000 0.000000
vt 1.000000 0.000000
vt 0.500000 1.000000
vt 0.000000 0.000000
vt 1.000000 0.000000
vt 0.000000 0.000000
vt 1.000000 0.000000
vt 1.000000 1.000000
vt 0.000000 1.000000
vt 0.500000 1.000000
vt 0.000000 0.000000
vt 1.000000 0.000000
vt 0.500000 1.000000
vt 0.000000 0.000000
vt 1.000000 0.000000
vt 0.000000 0.000000
vt 1.000000 0.000000
vt 1.000000 1.000000
vt 0.000000 1.000000
vt 0.500000 1.000000
vt 0.000000 0.000000
vt 1.000000 0.000000
vt 0.500000 1.000000
vt 0.000000 0.000000
vt 1.000000 0.000000
vt 0.000000 0.000000
vt 1.000000 0.000000
vt 1.000000 1.000000
vt 0.000000 1.000000
vt 0.500000 1.000000
vt 0.000000 0.000000
vt 1.000000 0.000000
vt 0.500000 1.000000
vt 0.000000 0.000000
vt 1.000000 0.000000
vt 0.000000 0.000000
vt 1.000000 0.000000
vt 1.000000 1.000000
vt 0.000000 1.000000
vt 0.500000 1.000000
vt 0.000000 0.000000
vt 1.000000 0.000000
vt 0.500000 1.000000
vt 0.000000 0.000000
vt 1.000000 0.000000
vt 0.000000 0.000000
vt 1.000000 0.000000
vt 1.000000 1.000000
vt 0.000000 1.000000
vt 0.500000 1.000000
vt 0.000000 0.000000
vt 1.000000 0.000000
vt 0.500000 1.000000
vt 0.000000 0.000000
vt 1.000000 0.000000
vt 0.000000 0.000000
vt 1.000000 0.000000
vt 1.000000 1.000000
vt 0.000000 1.000000
vt 0.500000 1.000000
vt 0.000000 0.000000
vt 1.000000 0.000000
vt 0.000000 0.000000
vt 1.000000 0.000000
vt 1.000000 1.000000
vt 0.000000 1.000000
vt 0.500000 1.000000
vt 0.000000 0.000000
vt 1.000000 0.000000
vt 0.000000 0.000000
vt 1.000000 0.000000
vt 1.000000 1.000000
vt 0.000000 1.000000
vt 0.500000 1.000000
vt 0.000000 0.000000
vt 1.000000 0.000000
vt 0.000000 0.000000
vt 1.000000 0.000000
vt 1.000000 1.000000
vt 0.000000 1.000000
vt 0.500000 1.000000
vt 0.000000 0.000000
vt 1.000000 0.000000
vt 0.000000 0.000000
vt 1.000000 0.000000
vt 1.000000 1.000000
vt 0.000000 1.000000
vt 0.500000 1.000000
vt 0.000000 0.000000
vt 1.000000 0.000000
vt 0.000000 0.000000
vt 1.000000 0.000000
vt 1.000000 1.000000
vt 0.000000 1.000000
vt 0.500000 1.000000
vt 0.000000 0.000000
vt 1.000000 0.000000
vt 0.000000 0.000000
vt 1.000000 0.000000
vt 1.000000 1.000000
vt 0.000000 1.000000
vt 0.500000 1.000000
vt 0.000000 0.000000
vt 1.000000 0.000000
vt 0.000000 0.000000
vt 1.000000 0.000000
vt 1.000000 1.000000
vt 0.000000 1.000000
vt 0.500000 1.000000
vt 0.000000 0.000000
vt 1.000000 0.000000
vt 0.000000 0.000000
vt 1.000000 0.000000
vt 1.000000 1.000000
vt 0.000000 1.000000
vt 0.500000 1.000000
vt 0.000000 0.000000
vt 1.000000 0.000000
vt 0.000000 0.000000
vt 1.000000 0.000000
vt 1.000000 1.000000
vt 0.000000 1.000000
vt 0.500000 1.000000
vt 0.000000 0.000000
vt 1.000000 0.000000
vt 0.000000 0.000000
vt 1.000000 0.000000
vt 1.000000 1.000000
vt 0.000000 1.000000
vt 0.500000 1.000000
vt 0.000000 0.000000
vt 1.000000 0.000000
vt 0.500000 1.000000
vt 0.000000 0.000000
vt 1.000000 0.000000
vt 0.000000 0.000000
vt 1.000000 0.000000
vt 1.000000 1.000000
vt 0.000000 1.000000
vt 0.500000 1.000000
vt 0.000000 0.000000
vt 1.000000 0.000000
vt 0.500000 1.000000
vt 0.000000 0.000000
vt 1.000000 0.000000
vt 0.000000 0.000000
vt 1.000000 0.000000
vt 1.000000 1.000000
vt 0.000000 1.000000
vt 0.500000 1.000000
vt 0.000000 0.000000
vt 1.000000 0.000000
vt 0.500000 1.000000
vt 0.000000 0.000000
vt 1.000000 0.000000
vt 0.000000 0.000000
vt 1.000000 0.000000
vt 1.000000 1.000000
vt 0.000000 1.000000
vt 0.500000 1.000000
vt 0.000000 0.000000
vt 1.000000 0.000000
vt 0.500000 1.000000
vt 0.000000 0.000000
vt 1.000000 0.000000
vt 0.000000 0.000000
vt 1.000000 0.000000
vt 1.000000 1.000000
vt 0.000000 1.000000
vt 0.500000 1.000000
vt 0.000000 0.000000
vt 1.000000 0.000000
vt 0.500000 1.000000
vt 0.000000 0.000000
vt 1.000000 0.000000
vt 0.000000 0.000000
vt 1.000000 0.000000
vt 1.000000 1.000000
vt 0.000000 1.000000
vt 0.500000 1.000000
vt 0.000000 0.000000
vt 1.000000 0.000000
vt 0.500000 1.000000
vt 0.000000 0.000000
vt 1.000000 0.000000
vt 0.000000 0.000000
vt 1.000000 0.000000
vt 1.000000 1.000000
vt 0.000000 1.000000
vt 0.500000 1.000000
vt 0.000000 0.000000
vt 1.000000 0.000000
vt 0.000000 0.000000
vt 1.000000 0.000000
vt 1.000000 1.000000
vt 0.000000 1.000000
vt 0.500000 1.000000
vt 0.000000 0.000000
vt 1.000000 0.000000
vt 0.000000 0.000000
vt 1.000000 0.000000
vt 1.000000 1.000000
vt 0.000000 1.000000
vt 0.500000 1.000000
vt 0.000000 0.000000
vt 1.000000 0.000000
vt 0.000000 0.000000
vt 1.000000 0.000000
vt 1.000000 1.000000
vt 0.000000 1.000000
vt 0.500000 1.000000
vt 0.000000 0.000000
vt 1.000000 0.000000
vt 0.000000 0.000000
vt 1.000000 0.000000
vt 1.000000 1.000000
vt 0.000000 1.000000
vt 0.500000 1.000000
vt 0.000000 0.000000
vt 1.000000 0.000000
vt 0.000000 0.000000
vt 1.000000 0.000000
vt 1.000000 1.000000
vt 0.000000 1.000000
vt 0.500000 1.000000
vt 0.000000 0.000000
vt 1.000000 0.000000
vt 0.000000 0.000000
vt 1.000000 0.000000
vt 1.000000 1.000000
vt 0.000000 1.000000
vt 0.500000 1.000000
vt 0.000000 0.000000
vt 1.000000 0.000000
vt 0.000000 0.000000
vt 1.000000 0.000000
vt 1.000000 1.000000
vt 0.000000 1.000000
vt 0.500000 1.000000
vt 0.000000 0.000000
vt 1.000000 0.000000
vt 0.000000 0.000000
vt 1.000000 0.000000
vt 1.000000 1.000000
vt 0.000000 1.000000
vt 0.500000 1.000000
vt 0.000000 0.000000
vt 1.000000 0.000000
vt 0.000000 0.000000
vt 1.000000 0.000000
vt 1.000000 1.000000
vt 0.000000 1.000000
vt 0.500000 1.000000
vt 0.000000 0.000000
vt 1.000000 0.000000
vt 0.000000 0.000000
vt 1.000000 0.000000
vt 1.000000 1.000000
vt 0.000000 1.000000
vt 0.500000 1.000000
vt 0.000000 0.000000
vt 1.000000 0.000000
vt 0.500000 1.000000
vt 0.000000 0.000000
vt 1.000000 0.000000
vt 0.000000 0.000000
vt 1.000000 0.000000
vt 1.000000 1.000000
vt 0.000000 1.000000
vt 0.500000 1.000000
vt 0.000000 0.000000
vt 1.000000 0.000000
vt 0.500000 1.000000
vt 0.000000 0.000000
vt 1.000000 0.000000
vt 0.000000 0.000000
vt 1.000000 0.000000
vt 1.000000 1.000000
vt 0.000000 1.000000
vt 0.500000 1.000000
vt 0.000000 0.000000
vt 1.000000 0.000000
vt 0.500000 1.000000
vt 0.000000 0.000000
vt 1.000000 0.000000
vt 0.000000 0.000000
vt 1.000000 0.000000
vt 1.000000 1.000000
vt 0.000000 1.000000
vt 0.500000 1.000000
vt 0.000000 0.000000
vt 1.000000 0.000000
vt 0.500000 1.000000
vt 0.000000 0.000000
vt 1.000000 0.000000
vt 0.000000 0.000000
vt 1.000000 0.000000
vt 1.000000 1.000000
vt 0.000000 1.000000
vt 0.500000 1.000000
vt 0.000000 0.000000
vt 1.000000 0.000000
vt 0.500000 1.000000
vt 0.000000 0.000000
vt 1.000000 0.000000
vt 0.000000 0.000000
vt 1.000000 0.000000
vt 1.000000 1.000000
vt 0.000000 1.000000
vt 0.500000 1.000000
vt 0.000000 0.000000
vt 1.000000 0.000000
vt 0.500000 1.000000
vt 0.000000 0.000000
vt 1.000000 0.000000
vt 0.000000 0.000000
vt 1.000000 0.000000
vt 1.000000 1.000000
vt 0.000000 1.000000
vt 0.500000 1.000000
vt 0.000000 0.000000
vt 1.000000 0.000000
vt 0.000000 0.000000
vt 1.000000 0.000000
vt 1.000000 1.000000
vt 0.000000 1.000000
vt 0.500000 1.000000
vt 0.000000 0.000000
vt 1.000000 0.000000
vt 0.000000 0.000000
vt 1.000000 0.000000
vt 1.000000 1.000000
vt 0.000000 1.000000
vt 0.500000 1.000000
vt 0.000000 0.000000
vt 1.000000 0.000000
vt 0.000000 0.000000
vt 1.000000 0.000000
vt 1.000000 1.000000
vt 0.000000 1.000000
vt 0.500000 1.000000
vt 0.000000 0.000000
vt 1.000000 0.000000
vt 0.000000 0.000000
vt 1.000000 0.000000
vt 1.000000 1.000000
vt 0.000000 1.000000
vt 0.500000 1.000000
vt 0.000000 0.000000
vt 1.000000 0.000000
vt 0.000000 0.000000
vt 1.000000 0.000000
vt 1.000000 1.000000
vt 0.000000 1.000000
vt 0.500000 1.000000
vt 0.000000 0.000000
vt 1.000000 0.000000
vt 0.000000 0.000000
vt 1.000000 0.000000
vt 1.000000 1.000000
vt 0.000000 1.000000
vt 0.500000 1.000000
vt 0.000000 0.000000
vt 1.000000 0.000000
vt 0.000000 0.000000
vt 1.000000 0.000000
vt 1.000000 1.000000
vt 0.000000 1.000000
vt 0.500000 1.000000
vt 0.000000 0.000000
vt 1.000000 0.000000
vt 0.000000 0.000000
vt 1.000000 0.000000
vt 1.000000 1.000000
vt 0.000000 1.000000
vt 0.500000 1.000000
vt 0.000000 0.000000
vt 1.000000 0.000000
vt 0.000000 0.000000
vt 1.000000 0.000000
vt 1.000000 1.000000
vt 0.000000 1.000000
vt 0.500000 1.000000
vt 0.000000 0.000000
vt 1.000000 0.000000
vt 0.000000 0.000000
vt 1.000000 0.000000
vt 1.000000 1.000000
vt 0.000000 1.000000
vt 0.500000 1.000000
vt 0.000000 0.000000
vt 1.000000 0.000000
vt 0.500000 1.000000
vt 0.000000 0.000000
vt 1.000000 0.000000
vt 0.000000 0.000000
vt 1.000000 0.000000
vt 1.000000 1.000000
vt 0.000000 1.000000
vt 0.500000 1.000000
vt 0.000000 0.000000
vt 1.000000 0.000000
vt 0.500000 1.000000
vt 0.000000 0.000000
vt 1.000000 0.000000
vt 0.000000 0.000000
vt 1.000000 0.000000
vt 1.000000 1.000000
vt 0.000000 1.000000
vt 0.500000 1.000000
vt 0.000000 0.000000
vt 1.000000 0.000000
vt 0.500000 1.000000
vt 0.000000 0.000000
vt 1.000000 0.000000
vt 0.000000 0.000000
vt 1.000000 0.000000
vt 1.000000 1.000000
vt 0.000000 1.000000
vt 0.500000 1.000000
vt 0.000000 0.000000
vt 1.000000 0.000000
vt 0.500000 1.000000
vt 0.000000 0.000000
vt 1.000000 0.000000
vt 0.000000 0.000000
vt 1.000000 0.000000
vt 1.000000 1.000000
vt 0.000000 1.000000
vt 0.500000 1.000000
vt 0.000000 0.000000
vt 1.000000 0.000000
vt 0.500000 1.000000
vt 0.000000 0.000000
vt 1.000000 0.000000
vt 0.000000 0.000000
vt 1.000000 0.000000
vt 1.000000 1.000000
vt 0.000000 1.000000
vt 0.500000 1.000000
vt 0.000000 0.000000
vt 1.000000 0.000000
vt 0.500000 1.000000
vt 0.000000 0.000000
vt 1.000000 0.000000
vt 0.000000 0.000000
vt 1.000000 0.000000
vt 1.000000 1.000000
vt 0.000000 1.000000
vt 0.500000 1.000000
vt 0.000000 0.000000
vt 1.000000 0.000000
vt 0.000000 0.000000
vt 1.000000 0.000000
vt 1.000000 1.000000
vt 0.000000 1.000000
vt 0.500000 1.000000
vt 0.000000 0.000000
vt 1.000000 0.000000
vt 0.000000 0.000000
vt 1.000000 0.000000
vt 1.000000 1.000000
vt 0.000000 1.000000
vt 0.500000 1.000000
vt 0.000000 0.000000
vt 1.000000 0.000000
vt 0.000000 0.000000
vt 1.000000 0.000000
vt 1.000000 1.000000
vt 0.000000 1.000000
vt 0.500000 1.000000
vt 0.000000 0.000000
vt 1.000000 0.000000
vt 0.000000 0.000000
vt 1.000000 0.000000
vt 1.000000 1.000000
vt 0.000000 1.000000
vt 0.500000 1.000000
vt 0.000000 0.000000
vt 1.000000 0.000000
vt 0.000000 0.000000
vt 1.000000 0.000000
vt 1.000000 1.000000
vt 0.000000 1.000000
vt 0.500000 1.000000
vt 0.000000 0.000000
vt 1.000000 0.000000
vt 0.000000 0.000000
vt 1.000000 0.000000
vt 1.000000 1.000000
vt 0.000000 1.000000
vt 0.500000 1.000000
vt 0.000000 0.000000
vt 1.000000 0.000000
vt 0.000000 0.000000
vt 1.000000 0.000000
vt 1.000000 1.000000
vt 0.000000 1.000000
vt 0.500000 1.000000
vt 0.000000 0.000000
vt 1.000000 0.000000
vt 0.000000 0.000000
vt 1.000000 0.000000
vt 1.000000 1.000000
vt 0.000000 1.000000
vt 0.500000 1.000000
vt 0.000000 0.000000
vt 1.000000 0.000000
vt 0.000000 0.000000
vt 1.000000 0.000000
vt 1.000000 1.000000
vt 0.000000 1.000000
vt 0.500000 1.000000
vt 0.000000 0.000000
vt 1.000000 0.000000
vt 0.000000 0.000000
vt 1.000000 0.000000
vt 1.000000 1.000000
vt 0.000000 1.000000
vt 0.500000 1.000000
vt 0.000000 0.000000
vt 1.000000 0.000000
vt 0.500000 1.000000
vt 0.000000 0.000000
vt 1.000000 0.000000
vt 0.000000 0.000000
vt 1.000000 0.000000
vt 1.000000 1.000000
vt 0.000000 1.000000
vt 0.500000 1.000000
vt 0.000000 0.000000
vt 1.000000 0.000000
vt 0.500000 1.000000
vt 0.000000 0.000000
vt 1.000000 0.000000
vt 0.000000 0.000000
vt 1.000000 0.000000
vt 1.000000 1.000000
vt 0.000000 1.000000
vt 0.500000 1.000000
vt 0.000000 0.000000
vt 1.000000 0.000000
vt 0.500000 1.000000
vt 0.000000 0.000000
vt 1.000000 0.000000
vt 0.000000 0.000000
vt 1.000000 0.000000
vt 1.000000 1.000000
vt 0.000000 1.000000
vt 0.500000 1.000000
vt 0.000000 0.000000
vt 1.000000 0.000000
vt 0.500000 1.000000
vt 0.000000 0.000000
vt 1.000000 0.000000
vt 0.000000 0.000000
vt 1.000000 0.000000
vt 1.000000 1.000000
vt 0.000000 1.000000
vt 0.500000 1.000000
vt 0.000000 0.000000
vt 1.000000 0.000000
vt 0.500000 1.000000
vt 0.000000 0.000000
vt 1.000000 0.000000
vt 0.000000 0.000000
vt 1.000000 0.000000
vt 1.000000 1.000000
vt 0.000000 1.000000
vt 0.500000 1.000000
vt 0.000000 0.000000
vt 1.000000 0.000000
vt 0.500000 1.000000
vt 0.000000 0.000000
vt 1.000000 0.000000
vt 0.000000 0.000000
vt 1.000000 0.000000
vt 1.000000 1.000000
vt 0.000000 1.000000
vt 0.500000 1.000000
vt 0.000000 0.000000
vt 1.000000 0.000000
s 1
usemtl models/caelum/world/environment/bark_coast.png
f 1/1 2/2 3/3 4/4
f 5/5 6/6 7/7
f 8/8 9/9 10/10 11/11
f 12/12 13/13 14/14
f 15/15 16/16 17/17 18/18
f 19/19 20/20 21/21
f 22/22 23/23 24/24 25/25
f 26/26 27/27 28/28
f 29/29 30/30 31/31 32/32
f 33/33 34/34 35/35
f 36/36 37/37 38/38 39/39
f 40/40 41/41 42/42
f 43/43 44/44 45/45 46/46
f 47/47 48/48 49/49
f 50/50 51/51 52/52 53/53
f 54/54 55/55 56/56
f 57/57 58/58 59/59 60/60
f 61/61 62/62 63/63
f 64/64 65/65 66/66 67/67
f 68/68 69/69 70/70 71/71
f 72/72 73/73 74/74 75/75
f 76/76 77/77 78/78 79/79
f 80/80 81/81 82/82 83/83
f 84/84 85/85 86/86 87/87
f 88/88 89/89 90/90 91/91
f 92/92 93/93 94/94 95/95
f 96/96 97/97 98/98 99/99
f 100/100 101/101 102/102 103/103
f 104/104 105/105 106/106
f 107/107 108/108 109/109 110/110
f 111/111 112/112 113/113
f 114/114 115/115 116/116 117/117
f 118/118 119/119 120/120
f 121/121 122/122 123/123 124/124
f 125/125 126/126 127/127
f 128/128 129/129 130/130 131/131
f 132/132 133/133 134/134
f 135/135 136/136 137/137 138/138
f 139/139 140/140 141/141
f 142/142 143/143 144/144 145/145
f 146/146 147/147 148/148
f 149/149 150/150 151/151 152/152
f 153/153 154/154 155/155
f 156/156 157/157 158/158 159/159
f 160/160 161/161 162/162
f 163/163 164/164 165/165 166/166
f 167/167 168/168 169/169
f 170/170 171/171 172/172 173/173
f 174/174 175/175 176/176
f 177/177 178/178 179/179 180/180
f 181/181 182/182 183/183
f 184/184 185/185 186/186 187/187
f 188/188 189/189 190/190
f 191/191 192/192 193/193 194/194
f 195/195 196/196 197/197
f 198/198 199/199 200/200 201/201
f 202/202 203/203 204/204
f 205/205 206/206 207/207 208/208
f 209/209 210/210 211/211
f 212/212 213/213 214/214 215/215
f 216/216 217/217 218/218
f 219/219 220/220 221/221 222/222
f 223/223 224/224 225/225
f 226/226 227/227 228/228 229/229
f 230/230 231/231 232/232
f 233/233 234/234 235/235 236/236
f 237/237 238/238 239/239
f 240/240 241/241 242/242 243/243
f 244/244 245/245 246/246
f 247/247 248/248 249/249 250/250
f 251/251 252/252 253/253
f 254/254 255/255 256/256 257/257
f 258/258 259/259 260/260
f 261/261 262/262 263/263 264/264
f 265/265 266/266 267/267
f 268/268 269/269 270/270 271/271
f 272/272 273/273 274/274
f 275/275 276/276 277/277 278/278
f 279/279 280/280 281/281
f 282/282 283/283 284/284 285/285
f 286/286 287/287 288/288
f 289/289 290/290 291/291 292/292
f 293/293 294/294 295/295
f 296/296 297/297 298/298 299/299
f 300/300 301/301 302/302
f 303/303 304/304 305/305 306/306
f 307/307 308/308 309/309
f 310/310 311/311 312/312 313/313
f 314/314 315/315 316/316
f 317/317 318/318 319/319 320/320
f 321/321 322/322 323/323
f 324/324 325/325 326/326 327/327
f 328/328 329/329 330/330
f 331/331 332/332 333/333 334/334
f 335/335 336/336 337/337
f 338/338 339/339 340/340 341/341
f 342/342 343/343 344/344
f 345/345 346/346 347/347 348/348
f 349/349 350/350 351/351
f 352/352 353/353 354/354 355/355
f 356/356 357/357 358/358
f 359/359 360/360 361/361 362/362
f 363/363 364/364 365/365
f 366/366 367/367 368/368 369/369
f 370/370 371/371 372/372
f 373/373 374/374 375/375 376/376
f 377/377 378/378 379/379
f 380/380 381/381 382/382 383/383
f 384/384 385/385 386/386
f 387/387 388/388 389/389 390/390
f 391/391 392/392 393/393
f 394/394 395/395 396/396 397/397
f 398/398 399/399 400/400
f 401/401 402/402 403/403 404/404
f 405/405 406/406 407/407
f 408/408 409/409 410/410 411/411
f 412/412 413/413 414/414
f 415/415 416/416 417/417 418/418
f 419/419 420/420 421/421
f 422/422 423/423 424/424 425/425
f 426/426 427/427 428/428
f 429/429 430/430 431/431 432/432
f 433/433 434/434 435/435
f 436/436 437/437 438/438 439/439
f 440/440 441/441 442/442
f 443/443 444/444 445/445 446/446
f 447/447 448/448 449/449
f 450/450 451/451 452/452 453/453
f 454/454 455/455 456/456
f 457/457 458/458 459/459 460/460
f 461/461 462/462 463/463
f 464/464 465/465 466/466 467/467
f 468/468 469/469 470/470
f 471/471 472/472 473/473 474/474
f 475/475 476/476 477/477
f 478/478 479/479 480/480 481/481
f 482/482 483/483 484/484
f 485/485 486/486 487/487 488/488
f 489/489 490/490 491/491
f 492/492 493/493 494/494 495/495
f 496/496 497/497 498/498
f 499/499 500/500 501/501 502/502
f 503/503 504/504 505/505
f 506/506 507/507 508/508 509/509
f 510/510 511/511 512/512
f 513/513 514/514 515/515 516/516
f 517/517 518/518 519/519
f 520/520 521/521 522/522 523/523
f 524/524 525/525 526/526
f 527/527 528/528 529/529 530/530
f 531/531 532/532 533/533
f 534/534 535/535 536/536 537/537
f 538/538 539/539 540/540
f 541/541 542/542 543/543 544/544
f 545/545 546/546 547/547
f 548/548 549/549 550/550 551/551
f 552/552 553/553 554/554
f 555/555 556/556 557/557 558/558
f 559/559 560/560 561/561
f 562/562 563/563 564/564 565/565
f 566/566 567/567 568/568
f 569/569 570/570 571/571 572/572
f 573/573 574/574 575/575
f 576/576 577/577 578/578 579/579
f 580/580 581/581 582/582
f 583/583 584/584 585/585 586/586
f 587/587 588/588 589/589
f 590/590 591/591 592/592 593/593
f 594/594 595/595 596/596
f 597/597 598/598 599/599 600/600
f 601/601 602/602 603/603
f 604/604 605/605 606/606 607/607
f 608/608 609/609 610/610
f 611/611 612/612 613/613 614/614
f 615/615 616/616 617/617
f 618/618 619/619 620/620 621/621
f 622/622 623/623 624/624
f 625/625 626/626 627/627 628/628
f 629/629 630/630 631/631
f 632/632 633/633 634/634 635/635
f 636/636 637/637 638/638
f 639/639 640/640 641/641 642/642
f 643/643 644/644 645/645
f 646/646 647/647 648/648 649/649
f 650/650 651/651 652/652
f 653/653 654/654 655/655 656/656
f 657/657 658/658 659/659
f 660/660 661/661 662/662 663/663
f 664/664 665/665 666/666
f 667/667 668/668 669/669 670/670
f 671/671 672/672 673/673
f 674/674 675/675 676/676 677/677
f 678/678 679/679 680/680
f 681/681 682/682 683/683 684/684
f 685/685 686/686 687/687
f 688/688 689/689 690/690 691/691
f 692/692 693/693 694/694
f 695/695 696/696 697/697 698/698
f 699/699 700/700 701/701
f 702/702 703/703 704/704 705/705
f 706/706 707/707 708/708
f 709/709 710/710 711/711 712/712
f 713/713 714/714 715/715
f 716/716 717/717 718/718 719/719
f 720/720 721/721 722/722
f 723/723 724/724 725/725 726/726
f 727/727 728/728 729/729
f 730/730 731/731 732/732 733/733
f 734/734 735/735 736/736
f 737/737 738/738 739/739 740/740
f 741/741 742/742 743/743
f 744/744 745/745 746/746 747/747
f 748/748 749/749 750/750
f 751/751 752/752 753/753 754/754
f 755/755 756/756 757/757
f 758/758 759/759 760/760 761/761
f 762/762 763/763 764/764
f 765/765 766/766 767/767 768/768
f 769/769 770/770 771/771
f 772/772 773/773 774/774 775/775
f 776/776 777/777 778/778
f 779/779 780/780 781/781 782/782
f 783/783 784/784 785/785
f 786/786 787/787 788/788 789/789
f 790/790 791/791 792/792
f 793/793 794/794 795/795 796/796
f 797/797 798/798 799/799
f 800/800 801/801 802/802 803/803
f 804/804 805/805 806/806
f 807/807 808/808 809/809 810/810
f 811/811 812/812 813/813
f 814/814 815/815 816/816 817/817
f 818/818 819/819 820/820
f 821/821 822/822 823/823 824/824
f 825/825 826/826 827/827
f 828/828 829/829 830/830 831/831
f 832/832 833/833 834/834
usemtl models/caelum/world/environment/foliage_coast.png
f 835/835 836/836 837/837
f 838/838 839/839 840/840 841/841
f 842/842 843/843 844/844 845/845
f 846/846 847/847 848/848
f 849/849 850/850 851/851
f 852/852 853/853 854/854 855/855
f 856/856 857/857 858/858 859/859
f 860/860 861/861 862/862
f 863/863 864/864 865/865
f 866/866 867/867 868/868 869/869
f 870/870 871/871 872/872 873/873
f 874/874 875/875 876/876
f 877/877 878/878 879/879
f 880/880 881/881 882/882 883/883
f 884/884 885/885 886/886 887/887
f 888/888 889/889 890/890
f 891/891 892/892 893/893
f 894/894 895/895 896/896 897/897
f 898/898 899/899 900/900 901/901
f 902/902 903/903 904/904
f 905/905 906/906 907/907
f 908/908 909/909 910/910 911/911
f 912/912 913/913 914/914 915/915
f 916/916 917/917 918/918
f 919/919 920/920 921/921
f 922/922 923/923 924/924 925/925
f 926/926 927/927 928/928 929/929
f 930/930 931/931 932/932
f 933/933 934/934 935/935
f 936/936 937/937 938/938 939/939
f 940/940 941/941 942/942 943/943
f 944/944 945/945 946/946
f 947/947 948/948 949/949
f 950/950 951/951 952/952 953/953
f 954/954 955/955 956/956 957/957
f 958/958 959/959 960/960
f 961/961 962/962 963/963
f 964/964 965/965 966/966 967/967
f 968/968 969/969 970/970 971/971
f 972/972 973/973 974/974
f 975/975 976/976 977/977
f 978/978 979/979 980/980 981/981
f 982/982 983/983 984/984 985/985
f 986/986 987/987 988/988
f 989/989 990/990 991/991
f 992/992 993/993 994/994 995/995
f 996/996 997/997 998/998 999/999
f 1000/1000 1001/1001 1002/1002
f 1003/1003 1004/1004 1005/1005
f 1006/1006 1007/1007 1008/1008 1009/1009
f 1010/1010 1011/1011 1012/1012 1013/1013
f 1014/1014 1015/1015 1016/1016
f 1017/1017 1018/1018 1019/1019
f 1020/1020 1021/1021 1022/1022 1023/1023
f 1024/1024 1025/1025 1026/1026 1027/1027
f 1028/1028 1029/1029 1030/1030
f 1031/1031 1032/1032 1033/1033
f 1034/1034 1035/1035 1036/1036 1037/1037
f 1038/1038 1039/1039 1040/1040 1041/1041
f 1042/1042 1043/1043 1044/1044
f 1045/1045 1046/1046 1047/1047
f 1048/1048 1049/1049 1050/1050 1051/1051
f 1052/1052 1053/1053 1054/1054 1055/1055
f 1056/1056 1057/1057 1058/1058
f 1059/1059 1060/1060 1061/1061
f 1062/1062 1063/1063 1064/1064 1065/1065
f 1066/1066 1067/1067 1068/1068 1069/1069
f 1070/1070 1071/1071 1072/1072
f 1073/1073 1074/1074 1075/1075
f 1076/1076 1077/1077 1078/1078 1079/1079
f 1080/1080 1081/1081 1082/1082 1083/1083
f 1084/1084 1085/1085 1086/1086
f 1087/1087 1088/1088 1089/1089
f 1090/1090 1091/1091 1092/1092 1093/1093
f 1094/1094 1095/1095 1096/1096 1097/1097
f 1098/1098 1099/1099 1100/1100
f 1101/1101 1102/1102 1103/1103
f 1104/1104 1105/1105 1106/1106 1107/1107
f 1108/1108 1109/1109 1110/1110 1111/1111
f 1112/1112 1113/1113 1114/1114
f 1115/1115 1116/1116 1117/1117
f 1118/1118 1119/1119 1120/1120 1121/1121
f 1122/1122 1123/1123 1124/1124 1125/1125
f 1126/1126 1127/1127 1128/1128
f 1129/1129 1130/1130 1131/1131
f 1132/1132 1133/1133 1134/1134 1135/1135
f 1136/1136 1137/1137 1138/1138 1139/1139
f 1140/1140 1141/1141 1142/1142
f 1143/1143 1144/1144 1145/1145
f 1146/1146 1147/1147 1148/1148 1149/1149
f 1150/1150 1151/1151 1152/1152 1153/1153
f 1154/1154 1155/1155 1156/1156
f 1157/1157 1158/1158 1159/1159
f 1160/1160 1161/1161 1162/1162 1163/1163
f 1164/1164 1165/1165 1166/1166 1167/1167
f 1168/1168 1169/1169 1170/1170
f 1171/1171 1172/1172 1173/1173
f 1174/1174 1175/1175 1176/1176 1177/1177
f 1178/1178 1179/1179 1180/1180 1181/1181
f 1182/1182 1183/1183 1184/1184
f 1185/1185 1186/1186 1187/1187
f 1188/1188 1189/1189 1190/1190 1191/1191
f 1192/1192 1193/1193 1194/1194 1195/1195
f 1196/1196 1197/1197 1198/1198
f 1199/1199 1200/1200 1201/1201
f 1202/1202 1203/1203 1204/1204 1205/1205
f 1206/1206 1207/1207 1208/1208 1209/1209
f 1210/1210 1211/1211 1212/1212
f 1213/1213 1214/1214 1215/1215
f 1216/1216 1217/1217 1218/1218 1219/1219
f 1220/1220 1221/1221 1222/1222 1223/1223
f 1224/1224 1225/1225 1226/1226
f 1227/1227 1228/1228 1229/1229
f 1230/1230 1231/1231 1232/1232 1233/1233
f 1234/1234 1235/1235 1236/1236 1237/1237
f 1238/1238 1239/1239 1240/1240
f 1241/1241 1242/1242 1243/1243
f 1244/1244 1245/1245 1246/1246 1247/1247
f 1248/1248 1249/1249 1250/1250 1251/1251
f 1252/1252 1253/1253 1254/1254
f 1255/1255 1256/1256 1257/1257
f 1258/1258 1259/1259 1260/1260 1261/1261
f 1262/1262 1263/1263 1264/1264 1265/1265
f 1266/1266 1267/1267 1268/1268
f 1269/1269 1270/1270 1271/1271
f 1272/1272 1273/1273 1274/1274 1275/1275
f 1276/1276 1277/1277 1278/1278 1279/1279
f 1280/1280 1281/1281 1282/1282
f 1283/1283 1284/1284 1285/1285
f 1286/1286 1287/1287 1288/1288 1289/1289
f 1290/1290 1291/1291 1292/1292 1293/1293
f 1294/1294 1295/1295 1296/1296
f 1297/1297 1298/1298 1299/1299
f 1300/1300 1301/1301 1302/1302 1303/1303
f 1304/1304 1305/1305 1306/1306 1307/1307
f 1308/1308 1309/1309 1310/1310
f 1311/1311 1312/1312 1313/1313
f 1314/1314 1315/1315 1316/1316 1317/1317
f 1318/1318 1319/1319 1320/1320 1321/1321
f 1322/1322 1323/1323 1324/1324
f 1325/1325 1326/1326 1327/1327
f 1328/1328 1329/1329 1330/1330 1331/1331
f 1332/1332 1333/1333 1334/1334 1335/1335
f 1336/1336 1337/1337 1338/1338
f 1339/1339 1340/1340 1341/1341
f 1342/1342 1343/1343 1344/1344 1345/1345
f 1346/1346 1347/1347 1348/1348 1349/1349
f 1350/1350 1351/1351 1352/1352
f 1353/1353 1354/1354 1355/1355
f 1356/1356 1357/1357 1358/1358 1359/1359
f 1360/1360 1361/1361 1362/1362 1363/1363
f 1364/1364 1365/1365 1366/1366
f 1367/1367 1368/1368 1369/1369
f 1370/1370 1371/1371 1372/1372 1373/1373
f 1374/1374 1375/1375 1376/1376 1377/1377
f 1378/1378 1379/1379 1380/1380
f 1381/1381 1382/1382 1383/1383
f 1384/1384 1385/1385 1386/1386 1387/1387
f 1388/1388 1389/1389 1390/1390 1391/1391
f 1392/1392 1393/1393 1394/1394
f 1395/1395 1396/1396 1397/1397
f 1398/1398 1399/1399 1400/1400 1401/1401
f 1402/1402 1403/1403 1404/1404 1405/1405
f 1406/1406 1407/1407 1408/1408
f 1409/1409 1410/1410 1411/1411
f 1412/1412 1413/1413 1414/1414 1415/1415
f 1416/1416 1417/1417 1418/1418 1419/1419
f 1420/1420 1421/1421 1422/1422
f 1423/1423 1424/1424 1425/1425
f 1426/1426 1427/1427 1428/1428 1429/1429
f 1430/1430 1431/1431 1432/1432 1433/1433
f 1434/1434 1435/1435 1436/1436
f 1437/1437 1438/1438 1439/1439
f 1440/1440 1441/1441 1442/1442 1443/1443
f 1444/1444 1445/1445 1446/1446 1447/1447
f 1448/1448 1449/1449 1450/1450
f 1451/1451 1452/1452 1453/1453
f 1454/1454 1455/1455 1456/1456 1457/1457
f 1458/1458 1459/1459 1460/1460 1461/1461
f 1462/1462 1463/1463 1464/1464
f 1465/1465 1466/1466 1467/1467
f 1468/1468 1469/1469 1470/1470 1471/1471
f 1472/1472 1473/1473 1474/1474 1475/1475
f 1476/1476 1477/1477 1478/1478
f 1479/1479 1480/1480 1481/1481
f 1482/1482 1483/1483 1484/1484 1485/1485
f 1486/1486 1487/1487 1488/1488 1489/1489
f 1490/1490 1491/1491 1492/1492
f 1493/1493 1494/1494 1495/1495
f 1496/1496 1497/1497 1498/1498 1499/1499
f 1500/1500 1501/1501 1502/1502 1503/1503
f 1504/1504 1505/1505 1506/1506
f 1507/1507 1508/1508 1509/1509
f 1510/1510 1511/1511 1512/1512 1513/1513
f 1514/1514 1515/1515 1516/1516 1517/1517
f 1518/1518 1519/1519 1520/1520
f 1521/1521 1522/1522 1523/1523
f 1524/1524 1525/1525 1526/1526 1527/1527
f 1528/1528 1529/1529 1530/1530 1531/1531
f 1532/1532 1533/1533 1534/1534
f 1535/1535 1536/1536 1537/1537
f 1538/1538 1539/1539 1540/1540 1541/1541
f 1542/1542 1543/1543 1544/1544 1545/1545
f 1546/1546 1547/1547 1548/1548
f 1549/1549 1550/1550 1551/1551
f 1552/1552 1553/1553 1554/1554 1555/1555
f 1556/1556 1557/1557 1558/1558 1559/1559
f 1560/1560 1561/1561 1562/1562
f 1563/1563 1564/1564 1565/1565
f 1566/1566 1567/1567 1568/1568 1569/1569
f 1570/1570 1571/1571 1572/1572 1573/1573
f 1574/1574 1575/1575 1576/1576
f 1577/1577 1578/1578 1579/1579
f 1580/1580 1581/1581 1582/1582 1583/1583
f 1584/1584 1585/1585 1586/1586 1587/1587
f 1588/1588 1589/1589 1590/1590
f 1591/1591 1592/1592 1593/1593
f 1594/1594 1595/1595 1596/1596 1597/1597
f 1598/1598 1599/1599 1600/1600 1601/1601
f 1602/1602 1603/1603 1604/1604
f 1605/1605 1606/1606 1607/1607
f 1608/1608 1609/1609 1610/1610 1611/1611
f 1612/1612 1613/1613 1614/1614 1615/1615
f 1616/1616 1617/1617 1618/1618
f 1619/1619 1620/1620 1621/1621
f 1622/1622 1623/1623 1624/1624 1625/1625
f 1626/1626 1627/1627 1628/1628 1629/1629
f 1630/1630 1631/1631 1632/1632
f 1633/1633 1634/1634 1635/1635
f 1636/1636 1637/1637 1638/1638 1639/1639
f 1640/1640 1641/1641 1642/1642 1643/1643
f 1644/1644 1645/1645 1646/1646
f 1647/1647 1648/1648 1649/1649
f 1650/1650 1651/1651 1652/1652 1653/1653
f 1654/1654 1655/1655 1656/1656 1657/1657
f 1658/1658 1659/1659 1660/1660
f 1661/1661 1662/1662 1663/1663
f 1664/1664 1665/1665 1666/1666 1667/1667
f 1668/1668 1669/1669 1670/1670 1671/1671
f 1672/1672 1673/1673 1674/1674
f 1675/1675 1676/1676 1677/1677
f 1678/1678 1679/1679 1680/1680 1681/1681
f 1682/1682 1683/1683 1684/1684 1685/1685
f 1686/1686 1687/1687 1688/1688
f 1689/1689 1690/1690 1691/1691
f 1692/1692 1693/1693 1694/1694 1695/1695
f 1696/1696 1697/1697 1698/1698 1699/1699
f 1700/1700 1701/1701 1702/1702
f 1703/1703 1704/1704 1705/1705
f 1706/1706 1707/1707 1708/1708 1709/1709
f 1710/1710 1711/1711 1712/1712 1713/1713
f 1714/1714 1715/1715 1716/1716
f 1717/1717 1718/1718 1719/1719
f 1720/1720 1721/1721 1722/1722 1723/1723
f 1724/1724 1725/1725 1726/1726 1727/1727
f 1728/1728 1729/1729 1730/1730
f 1731/1731 1732/1732 1733/1733
f 1734/1734 1735/1735 1736/1736 1737/1737
f 1738/1738 1739/1739 1740/1740 1741/1741
f 1742/1742 1743/1743 1744/1744
f 1745/1745 1746/1746 1747/1747
f 1748/1748 1749/1749 1750/1750 1751/1751
f 1752/1752 1753/1753 1754/1754 1755/1755
f 1756/1756 1757/1757 1758/1758
f 1759/1759 1760/1760 1761/1761
f 1762/1762 1763/1763 1764/1764 1765/1765
f 1766/1766 1767/1767 1768/1768 1769/1769
f 1770/1770 1771/1771 1772/1772
f 1773/1773 1774/1774 1775/1775
f 1776/1776 1777/1777 1778/1778 1779/1779
f 1780/1780 1781/1781 1782/1782 1783/1783
f 1784/1784 1785/1785 1786/1786
f 1787/1787 1788/1788 1789/1789
f 1790/1790 1791/1791 1792/1792 1793/1793
f 1794/1794 1795/1795 1796/1796 1797/1797
f 1798/1798 1799/1799 1800/1800
f 1801/1801 1802/1802 1803/1803
f 1804/1804 1805/1805 1806/1806 1807/1807
f 1808/1808 1809/1809 1810/1810 1811/1811
f 1812/1812 1813/1813 1814/1814
f 1815/1815 1816/1816 1817/1817
f 1818/1818 1819/1819 1820/1820 1821/1821
f 1822/1822 1823/1823 1824/1824 1825/1825
f 1826/1826 1827/1827 1828/1828
f 1829/1829 1830/1830 1831/1831
f 1832/1832 1833/1833 1834/1834 1835/1835
f 1836/1836 1837/1837 1838/1838 1839/1839
f 1840/1840 1841/1841 1842/1842
usemtl models/caelum/world/environment/bark_coast.png
f 1843/1843 1844/1844 1845/1845 1846/1846
f 1847/1847 1848/1848 1849/1849
f 1850/1850 1851/1851 1852/1852 1853/1853
f 1854/1854 1855/1855 1856/1856
f 1857/1857 1858/1858 1859/1859 1860/1860
f 1861/1861 1862/1862 1863/1863
f 1864/1864 1865/1865 1866/1866 1867/1867
f 1868/1868 1869/1869 1870/1870
f 1871/1871 1872/1872 1873/1873 1874/1874
f 1875/1875 1876/1876 1877/1877
f 1878/1878 1879/1879 1880/1880 1881/1881
f 1882/1882 1883/1883 1884/1884
f 1885/1885 1886/1886 1887/1887 1888/1888
f 1889/1889 1890/1890 1891/1891
f 1892/1892 1893/1893 1894/1894 1895/1895
f 1896/1896 1897/1897 1898/1898
f 1899/1899 1900/1900 1901/1901 1902/1902
f 1903/1903 1904/1904 1905/1905
f 1906/1906 1907/1907 1908/1908 1909/1909
f 1910/1910 1911/1911 1912/1912
usemtl models/caelum/world/environment/foliage_coast.png
f 1913/1913 1914/1914 1915/1915
f 1916/1916 1917/1917 1918/1918 1919/1919
f 1920/1920 1921/1921 1922/1922
f 1923/1923 1924/1924 1925/1925
f 1926/1926 1927/1927 1928/1928 1929/1929
f 1930/1930 1931/1931 1932/1932
f 1933/1933 1934/1934 1935/1935
f 1936/1936 1937/1937 1938/1938 1939/1939
f 1940/1940 1941/1941 1942/1942
f 1943/1943 1944/1944 1945/1945
f 1946/1946 1947/1947 1948/1948 1949/1949
f 1950/1950 1951/1951 1952/1952
f 1953/1953 1954/1954 1955/1955
f 1956/1956 1957/1957 1958/1958 1959/1959
f 1960/1960 1961/1961 1962/1962
f 1963/1963 1964/1964 1965/1965
f 1966/1966 1967/1967 1968/1968 1969/1969
f 1970/1970 1971/1971 1972/1972
usemtl models/caelum/world/environment/bark_coast.png
f 1973/1973 1974/1974 1975/1975 1976/1976
f 1977/1977 1978/1978 1979/1979
f 1980/1980 1981/1981 1982/1982 1983/1983
f 1984/1984 1985/1985 1986/1986
f 1987/1987 1988/1988 1989/1989 1990/1990
f 1991/1991 1992/1992 1993/1993
f 1994/1994 1995/1995 1996/1996 1997/1997
f 1998/1998 1999/1999 2000/2000
f 2001/2001 2002/2002 2003/2003 2004/2004
f 2005/2005 2006/2006 2007/2007
f 2008/2008 2009/2009 2010/2010 2011/2011
f 2012/2012 2013/2013 2014/2014
f 2015/2015 2016/2016 2017/2017 2018/2018
f 2019/2019 2020/2020 2021/2021
f 2022/2022 2023/2023 2024/2024 2025/2025
f 2026/2026 2027/2027 2028/2028
f 2029/2029 2030/2030 2031/2031 2032/2032
f 2033/2033 2034/2034 2035/2035
f 2036/2036 2037/2037 2038/2038 2039/2039
f 2040/2040 2041/2041 2042/2042
usemtl models/caelum/world/environment/foliage_coast.png
f 2043/2043 2044/2044 2045/2045
f 2046/2046 2047/2047 2048/2048 2049/2049
f 2050/2050 2051/2051 2052/2052
f 2053/2053 2054/2054 2055/2055
f 2056/2056 2057/2057 2058/2058 2059/2059
f 2060/2060 2061/2061 2062/2062
f 2063/2063 2064/2064 2065/2065
f 2066/2066 2067/2067 2068/2068 2069/2069
f 2070/2070 2071/2071 2072/2072
f 2073/2073 2074/2074 2075/2075
f 2076/2076 2077/2077 2078/2078 2079/2079
f 2080/2080 2081/2081 2082/2082
f 2083/2083 2084/2084 2085/2085
f 2086/2086 2087/2087 2088/2088 2089/2089
f 2090/2090 2091/2091 2092/2092
f 2093/2093 2094/2094 2095/2095
f 2096/2096 2097/2097 2098/2098 2099/2099
f 2100/2100 2101/2101 2102/2102
usemtl models/caelum/world/environment/bark_coast.png
f 2103/2103 2104/2104 2105/2105 2106/2106
f 2107/2107 2108/2108 2109/2109
f 2110/2110 2111/2111 2112/2112 2113/2113
f 2114/2114 2115/2115 2116/2116
f 2117/2117 2118/2118 2119/2119 2120/2120
f 2121/2121 2122/2122 2123/2123
f 2124/2124 2125/2125 2126/2126 2127/2127
f 2128/2128 2129/2129 2130/2130
f 2131/2131 2132/2132 2133/2133 2134/2134
f 2135/2135 2136/2136 2137/2137
f 2138/2138 2139/2139 2140/2140 2141/2141
f 2142/2142 2143/2143 2144/2144
f 2145/2145 2146/2146 2147/2147 2148/2148
f 2149/2149 2150/2150 2151/2151
f 2152/2152 2153/2153 2154/2154 2155/2155
f 2156/2156 2157/2157 2158/2158
f 2159/2159 2160/2160 2161/2161 2162/2162
f 2163/2163 2164/2164 2165/2165
f 2166/2166 2167/2167 2168/2168 2169/2169
f 2170/2170 2171/2171 2172/2172
usemtl models/caelum/world/environment/foliage_coast.png
f 2173/2173 2174/2174 2175/2175
f 2176/2176 2177/2177 2178/2178 2179/2179
f 2180/2180 2181/2181 2182/2182
f 2183/2183 2184/2184 2185/2185
f 2186/2186 2187/2187 2188/2188 2189/2189
f 2190/2190 2191/2191 2192/2192
f 2193/2193 2194/2194 2195/2195
f 2196/2196 2197/2197 2198/2198 2199/2199
f 2200/2200 2201/2201 2202/2202
f 2203/2203 2204/2204 2205/2205
f 2206/2206 2207/2207 2208/2208 2209/2209
f 2210/2210 2211/2211 2212/2212
f 2213/2213 2214/2214 2215/2215
f 2216/2216 2217/2217 2218/2218 2219/2219
f 2220/2220 2221/2221 2222/2222
f 2223/2223 2224/2224 2225/2225
f 2226/2226 2227/2227 2228/2228 2229/2229
f 2230/2230 2231/2231 2232/2232
usemtl models/caelum/world/environment/bark_coast.png
f 2233/2233 2234/2234 2235/2235 2236/2236
f 2237/2237 2238/2238 2239/2239
f 2240/2240 2241/2241 2242/2242 2243/2243
f 2244/2244 2245/2245 2246/2246
f 2247/2247 2248/2248 2249/2249 2250/2250
f 2251/2251 2252/2252 2253/2253
f 2254/2254 2255/2255 2256/2256 2257/2257
f 2258/2258 2259/2259 2260/2260
f 2261/2261 2262/2262 2263/2263 2264/2264
f 2265/2265 2266/2266 2267/2267
f 2268/2268 2269/2269 2270/2270 2271/2271
f 2272/2272 2273/2273 2274/2274
f 2275/2275 2276/2276 2277/2277 2278/2278
f 2279/2279 2280/2280 2281/2281
f 2282/2282 2283/2283 2284/2284 2285/2285
f 2286/2286 2287/2287 2288/2288
f 2289/2289 2290/2290 2291/2291 2292/2292
f 2293/2293 2294/2294 2295/2295
f 2296/2296 2297/2297 2298/2298 2299/2299
f 2300/2300 2301/2301 2302/2302
usemtl models/caelum/world/environment/foliage_coast.png
f 2303/2303 2304/2304 2305/2305
f 2306/2306 2307/2307 2308/2308 2309/2309
f 2310/2310 2311/2311 2312/2312
f 2313/2313 2314/2314 2315/2315
f 2316/2316 2317/2317 2318/2318 2319/2319
f 2320/2320 2321/2321 2322/2322
f 2323/2323 2324/2324 2325/2325
f 2326/2326 2327/2327 2328/2328 2329/2329
f 2330/2330 2331/2331 2332/2332
f 2333/2333 2334/2334 2335/2335
f 2336/2336 2337/2337 2338/2338 2339/2339
f 2340/2340 2341/2341 2342/2342
f 2343/2343 2344/2344 2345/2345
f 2346/2346 2347/2347 2348/2348 2349/2349
f 2350/2350 2351/2351 2352/2352
f 2353/2353 2354/2354 2355/2355
f 2356/2356 2357/2357 2358/2358 2359/2359
f 2360/2360 2361/2361 2362/2362
usemtl models/caelum/world/environment/bark_coast.png
f 2363/2363 2364/2364 2365/2365 2366/2366
f 2367/2367 2368/2368 2369/2369
f 2370/2370 2371/2371 2372/2372 2373/2373
f 2374/2374 2375/2375 2376/2376
f 2377/2377 2378/2378 2379/2379 2380/2380
f 2381/2381 2382/2382 2383/2383
f 2384/2384 2385/2385 2386/2386 2387/2387
f 2388/2388 2389/2389 2390/2390
f 2391/2391 2392/2392 2393/2393 2394/2394
f 2395/2395 2396/2396 2397/2397
f 2398/2398 2399/2399 2400/2400 2401/2401
f 2402/2402 2403/2403 2404/2404
f 2405/2405 2406/2406 2407/2407 2408/2408
f 2409/2409 2410/2410 2411/2411
f 2412/2412 2413/2413 2414/2414 2415/2415
f 2416/2416 2417/2417 2418/2418
f 2419/2419 2420/2420 2421/2421 2422/2422
f 2423/2423 2424/2424 2425/2425
f 2426/2426 2427/2427 2428/2428 2429/2429
f 2430/2430 2431/2431 2432/2432
usemtl models/caelum/world/environment/foliage_coast.png
f 2433/2433 2434/2434 2435/2435
f 2436/2436 2437/2437 2438/2438 2439/2439
f 2440/2440 2441/2441 2442/2442
f 2443/2443 2444/2444 2445/2445
f 2446/2446 2447/2447 2448/2448 2449/2449
f 2450/2450 2451/2451 2452/2452
f 2453/2453 2454/2454 2455/2455
f 2456/2456 2457/2457 2458/2458 2459/2459
f 2460/2460 2461/2461 2462/2462
f 2463/2463 2464/2464 2465/2465
f 2466/2466 2467/2467 2468/2468 2469/2469
f 2470/2470 2471/2471 2472/2472
f 2473/2473 2474/2474 2475/2475
f 2476/2476 2477/2477 2478/2478 2479/2479
f 2480/2480 2481/2481 2482/2482
f 2483/2483 2484/2484 2485/2485
f 2486/2486 2487/2487 2488/2488 2489/2489
f 2490/2490 2491/2491 2492/2492
usemtl models/caelum/world/environment/bark_coast.png
f 2493/2493 2494/2494 2495/2495 2496/2496
f 2497/2497 2498/2498 2499/2499
f 2500/2500 2501/2501 2502/2502 2503/2503
f 2504/2504 2505/2505 2506/2506
f 2507/2507 2508/2508 2509/2509 2510/2510
f 2511/2511 2512/2512 2513/2513
f 2514/2514 2515/2515 2516/2516 2517/2517
f 2518/2518 2519/2519 2520/2520
f 2521/2521 2522/2522 2523/2523 2524/2524
f 2525/2525 2526/2526 2527/2527
f 2528/2528 2529/2529 2530/2530 2531/2531
f 2532/2532 2533/2533 2534/2534
f 2535/2535 2536/2536 2537/2537 2538/2538
f 2539/2539 2540/2540 2541/2541
f 2542/2542 2543/2543 2544/2544 2545/2545
f 2546/2546 2547/2547 2548/2548
f 2549/2549 2550/2550 2551/2551 2552/2552
f 2553/2553 2554/2554 2555/2555
f 2556/2556 2557/2557 2558/2558 2559/2559
f 2560/2560 2561/2561 2562/2562
usemtl models/caelum/world/environment/foliage_coast.png
f 2563/2563 2564/2564 2565/2565
f 2566/2566 2567/2567 2568/2568 2569/2569
f 2570/2570 2571/2571 2572/2572
f 2573/2573 2574/2574 2575/2575
f 2576/2576 2577/2577 2578/2578 2579/2579
f 2580/2580 2581/2581 2582/2582
f 2583/2583 2584/2584 2585/2585
f 2586/2586 2587/2587 2588/2588 2589/2589
f 2590/2590 2591/2591 2592/2592
f 2593/2593 2594/2594 2595/2595
f 2596/2596 2597/2597 2598/2598 2599/2599
f 2600/2600 2601/2601 2602/2602
f 2603/2603 2604/2604 2605/2605
f 2606/2606 2607/2607 2608/2608 2609/2609
f 2610/2610 2611/2611 2612/2612
f 2613/2613 2614/2614 2615/2615
f 2616/2616 2617/2617 2618/2618 2619/2619
f 2620/2620 2621/2621 2622/2622
usemtl models/caelum/world/environment/bark_coast.png
f 2623/2623 2624/2624 2625/2625 2626/2626
f 2627/2627 2628/2628 2629/2629
f 2630/2630 2631/2631 2632/2632 2633/2633
f 2634/2634 2635/2635 2636/2636
f 2637/2637 2638/2638 2639/2639 2640/2640
f 2641/2641 2642/2642 2643/2643
f 2644/2644 2645/2645 2646/2646 2647/2647
f 2648/2648 2649/2649 2650/2650
f 2651/2651 2652/2652 2653/2653 2654/2654
f 2655/2655 2656/2656 2657/2657
f 2658/2658 2659/2659 2660/2660 2661/2661
f 2662/2662 2663/2663 2664/2664
f 2665/2665 2666/2666 2667/2667 2668/2668
f 2669/2669 2670/2670 2671/2671
f 2672/2672 2673/2673 2674/2674 2675/2675
f 2676/2676 2677/2677 2678/2678
f 2679/2679 2680/2680 2681/2681 2682/2682
f 2683/2683 2684/2684 2685/2685
f 2686/2686 2687/2687 2688/2688 2689/2689
f 2690/2690 2691/2691 2692/2692
usemtl models/caelum/world/environment/foliage_coast.png
f 2693/2693 2694/2694 2695/2695
f 2696/2696 2697/2697 2698/2698 2699/2699
f 2700/2700 2701/2701 2702/2702
f 2703/2703 2704/2704 2705/2705
f 2706/2706 2707/2707 2708/2708 2709/2709
f 2710/2710 2711/2711 2712/2712
f 2713/2713 2714/2714 2715/2715
f 2716/2716 2717/2717 2718/2718 2719/2719
f 2720/2720 2721/2721 2722/2722
f 2723/2723 2724/2724 2725/2725
f 2726/2726 2727/2727 2728/2728 2729/2729
f 2730/2730 2731/2731 2732/2732
f 2733/2733 2734/2734 2735/2735
f 2736/2736 2737/2737 2738/2738 2739/2739
f 2740/2740 2741/2741 2742/2742
f 2743/2743 2744/2744 2745/2745
f 2746/2746 2747/2747 2748/2748 2749/2749
f 2750/2750 2751/2751 2752/2752
usemtl models/caelum/world/environment/bark_coast.png
f 2753/2753 2754/2754 2755/2755 2756/2756
f 2757/2757 2758/2758 2759/2759
f 2760/2760 2761/2761 2762/2762 2763/2763
f 2764/2764 2765/2765 2766/2766
f 2767/2767 2768/2768 2769/2769 2770/2770
f 2771/2771 2772/2772 2773/2773
f 2774/2774 2775/2775 2776/2776 2777/2777
f 2778/2778 2779/2779 2780/2780
f 2781/2781 2782/2782 2783/2783 2784/2784
f 2785/2785 2786/2786 2787/2787
f 2788/2788 2789/2789 2790/2790 2791/2791
f 2792/2792 2793/2793 2794/2794
f 2795/2795 2796/2796 2797/2797 2798/2798
f 2799/2799 2800/2800 2801/2801
f 2802/2802 2803/2803 2804/2804 2805/2805
f 2806/2806 2807/2807 2808/2808
f 2809/2809 2810/2810 2811/2811 2812/2812
f 2813/2813 2814/2814 2815/2815
f 2816/2816 2817/2817 2818/2818 2819/2819
f 2820/2820 2821/2821 2822/2822
usemtl models/caelum/world/environment/foliage_coast.png
f 2823/2823 2824/2824 2825/2825
f 2826/2826 2827/2827 2828/2828 2829/2829
f 2830/2830 2831/2831 2832/2832
f 2833/2833 2834/2834 2835/2835
f 2836/2836 2837/2837 2838/2838 2839/2839
f 2840/2840 2841/2841 2842/2842
f 2843/2843 2844/2844 2845/2845
f 2846/2846 2847/2847 2848/2848 2849/2849
f 2850/2850 2851/2851 2852/2852
f 2853/2853 2854/2854 2855/2855
f 2856/2856 2857/2857 2858/2858 2859/2859
f 2860/2860 2861/2861 2862/2862
f 2863/2863 2864/2864 2865/2865
f 2866/2866 2867/2867 2868/2868 2869/2869
f 2870/2870 2871/2871 2872/2872
f 2873/2873 2874/2874 2875/2875
f 2876/2876 2877/2877 2878/2878 2879/2879
f 2880/2880 2881/2881 2882/2882
usemtl models/caelum/world/environment/bark_coast.png
f 2883/2883 2884/2884 2885/2885 2886/2886
f 2887/2887 2888/2888 2889/2889
f 2890/2890 2891/2891 2892/2892 2893/2893
f 2894/2894 2895/2895 2896/2896
f 2897/2897 2898/2898 2899/2899 2900/2900
f 2901/2901 2902/2902 2903/2903
f 2904/2904 2905/2905 2906/2906 2907/2907
f 2908/2908 2909/2909 2910/2910
f 2911/2911 2912/2912 2913/2913 2914/2914
f 2915/2915 2916/2916 2917/2917
f 2918/2918 2919/2919 2920/2920 2921/2921
f 2922/2922 2923/2923 2924/2924
f 2925/2925 2926/2926 2927/2927 2928/2928
f 2929/2929 2930/2930 2931/2931
f 2932/2932 2933/2933 2934/2934 2935/2935
f 2936/2936 2937/2937 2938/2938
f 2939/2939 2940/2940 2941/2941 2942/2942
f 2943/2943 2944/2944 2945/2945
f 2946/2946 2947/2947 2948/2948 2949/2949
f 2950/2950 2951/2951 2952/2952
usemtl models/caelum/world/environment/foliage_coast.png
f 2953/2953 2954/2954 2955/2955
f 2956/2956 2957/2957 2958/2958 2959/2959
f 2960/2960 2961/2961 2962/2962
f 2963/2963 2964/2964 2965/2965
f 2966/2966 2967/2967 2968/2968 2969/2969
f 2970/2970 2971/2971 2972/2972
f 2973/2973 2974/2974 2975/2975
f 2976/2976 2977/2977 2978/2978 2979/2979
f 2980/2980 2981/2981 2982/2982
f 2983/2983 2984/2984 2985/2985
f 2986/2986 2987/2987 2988/2988 2989/2989
f 2990/2990 2991/2991 2992/2992
f 2993/2993 2994/2994 2995/2995
f 2996/2996 2997/2997 2998/2998 2999/2999
f 3000/3000 3001/3001 3002/3002
f 3003/3003 3004/3004 3005/3005
f 3006/3006 3007/3007 3008/3008 3009/3009
f 3010/3010 3011/3011 3012/3012
usemtl models/caelum/world/environment/bark_coast.png
f 3013/3013 3014/3014 3015/3015 3016/3016
f 3017/3017 3018/3018 3019/3019
f 3020/3020 3021/3021 3022/3022 3023/3023
f 3024/3024 3025/3025 3026/3026
f 3027/3027 3028/3028 3029/3029 3030/3030
f 3031/3031 3032/3032 3033/3033
f 3034/3034 3035/3035 3036/3036 3037/3037
f 3038/3038 3039/3039 3040/3040
f 3041/3041 3042/3042 3043/3043 3044/3044
f 3045/3045 3046/3046 3047/3047
f 3048/3048 3049/3049 3050/3050 3051/3051
f 3052/3052 3053/3053 3054/3054
f 3055/3055 3056/3056 3057/3057 3058/3058
f 3059/3059 3060/3060 3061/3061
f 3062/3062 3063/3063 3064/3064 3065/3065
f 3066/3066 3067/3067 3068/3068
f 3069/3069 3070/3070 3071/3071 3072/3072
f 3073/3073 3074/3074 3075/3075
f 3076/3076 3077/3077 3078/3078 3079/3079
f 3080/3080 3081/3081 3082/3082
usemtl models/caelum/world/environment/foliage_coast.png
f 3083/3083 3084/3084 3085/3085
f 3086/3086 3087/3087 3088/3088 3089/3089
f 3090/3090 3091/3091 3092/3092
f 3093/3093 3094/3094 3095/3095
f 3096/3096 3097/3097 3098/3098 3099/3099
f 3100/3100 3101/3101 3102/3102
f 3103/3103 3104/3104 3105/3105
f 3106/3106 3107/3107 3108/3108 3109/3109
f 3110/3110 3111/3111 3112/3112
f 3113/3113 3114/3114 3115/3115
f 3116/3116 3117/3117 3118/3118 3119/3119
f 3120/3120 3121/3121 3122/3122
f 3123/3123 3124/3124 3125/3125
f 3126/3126 3127/3127 3128/3128 3129/3129
f 3130/3130 3131/3131 3132/3132
f 3133/3133 3134/3134 3135/3135
f 3136/3136 3137/3137 3138/3138 3139/3139
f 3140/3140 3141/3141 3142/3142
usemtl models/caelum/world/environment/bark_coast.png
f 3143/3143 3144/3144 3145/3145 3146/3146
f 3147/3147 3148/3148 3149/3149
f 3150/3150 3151/3151 3152/3152 3153/3153
f 3154/3154 3155/3155 3156/3156
f 3157/3157 3158/3158 3159/3159 3160/3160
f 3161/3161 3162/3162 3163/3163
f 3164/3164 3165/3165 3166/3166 3167/3167
f 3168/3168 3169/3169 3170/3170
f 3171/3171 3172/3172 3173/3173 3174/3174
f 3175/3175 3176/3176 3177/3177
f 3178/3178 3179/3179 3180/3180 3181/3181
f 3182/3182 3183/3183 3184/3184
f 3185/3185 3186/3186 3187/3187 3188/3188
f 3189/3189 3190/3190 3191/3191
f 3192/3192 3193/3193 3194/3194 3195/3195
f 3196/3196 3197/3197 3198/3198
f 3199/3199 3200/3200 3201/3201 3202/3202
f 3203/3203 3204/3204 3205/3205
f 3206/3206 3207/3207 3208/3208 3209/3209
f 3210/3210 3211/3211 3212/3212
usemtl models/caelum/world/environment/foliage_coast.png
f 3213/3213 3214/3214 3215/3215
f 3216/3216 3217/3217 3218/3218 3219/3219
f 3220/3220 3221/3221 3222/3222
f 3223/3223 3224/3224 3225/3225
f 3226/3226 3227/3227 3228/3228 3229/3229
f 3230/3230 3231/3231 3232/3232
f 3233/3233 3234/3234 3235/3235
f 3236/3236 3237/3237 3238/3238 3239/3239
f 3240/3240 3241/3241 3242/3242
f 3243/3243 3244/3244 3245/3245
f 3246/3246 3247/3247 3248/3248 3249/3249
f 3250/3250 3251/3251 3252/3252
f 3253/3253 3254/3254 3255/3255
f 3256/3256 3257/3257 3258/3258 3259/3259
f 3260/3260 3261/3261 3262/3262
f 3263/3263 3264/3264 3265/3265
f 3266/3266 3267/3267 3268/3268 3269/3269
f 3270/3270 3271/3271 3272/3272
usemtl models/caelum/world/environment/bark_coast.png
f 3273/3273 3274/3274 3275/3275 3276/3276
f 3277/3277 3278/3278 3279/3279
f 3280/3280 3281/3281 3282/3282 3283/3283
f 3284/3284 3285/3285 3286/3286
f 3287/3287 3288/3288 3289/3289 3290/3290
f 3291/3291 3292/3292 3293/3293
f 3294/3294 3295/3295 3296/3296 3297/3297
f 3298/3298 3299/3299 3300/3300
f 3301/3301 3302/3302 3303/3303 3304/3304
f 3305/3305 3306/3306 3307/3307
f 3308/3308 3309/3309 3310/3310 3311/3311
f 3312/3312 3313/3313 3314/3314
f 3315/3315 3316/3316 3317/3317 3318/3318
f 3319/3319 3320/3320 3321/3321
f 3322/3322 3323/3323 3324/3324 3325/3325
f 3326/3326 3327/3327 3328/3328
f 3329/3329 3330/3330 3331/3331 3332/3332
f 3333/3333 3334/3334 3335/3335
f 3336/3336 3337/3337 3338/3338 3339/3339
f 3340/3340 3341/3341 3342/3342
usemtl models/caelum/world/environment/foliage_coast.png
f 3343/3343 3344/3344 3345/3345
f 3346/3346 3347/3347 3348/3348 3349/3349
f 3350/3350 3351/3351 3352/3352
f 3353/3353 3354/3354 3355/3355
f 3356/3356 3357/3357 3358/3358 3359/3359
f 3360/3360 3361/3361 3362/3362
f 3363/3363 3364/3364 3365/3365
f 3366/3366 3367/3367 3368/3368 3369/3369
f 3370/3370 3371/3371 3372/3372
f 3373/3373 3374/3374 3375/3375
f 3376/3376 3377/3377 3378/3378 3379/3379
f 3380/3380 3381/3381 3382/3382
f 3383/3383 3384/3384 3385/3385
f 3386/3386 3387/3387 3388/3388 3389/3389
f 3390/3390 3391/3391 3392/3392
f 3393/3393 3394/3394 3395/3395
f 3396/3396 3397/3397 3398/3398 3399/3399
f 3400/3400 3401/3401 3402/3402
