# Modelo original generado para Caelum Argenteum.
# Ejes OBJ: X ancho, Y altura, Z profundidad.
o ca_tree_mountain_coihue2
v 0.000000 0.000000 -14.000000
v -8.999027 0.000000 -10.724622
v -6.209328 71.120000 -7.399989
v 0.000000 71.120000 -9.660000
v 0.000000 0.000000 0.000000
v -8.999027 0.000000 -10.724622
v 0.000000 0.000000 -14.000000
v -8.999027 0.000000 -10.724622
v -13.787309 0.000000 -2.431074
v -9.513243 71.120000 -1.677441
v -6.209328 71.120000 -7.399989
v 0.000000 0.000000 0.000000
v -13.787309 0.000000 -2.431074
v -8.999027 0.000000 -10.724622
v -13.787309 0.000000 -2.431074
v -12.124356 0.000000 7.000000
v -8.365805 71.120000 4.830000
v -9.513243 71.120000 -1.677441
v 0.000000 0.000000 0.000000
v -12.124356 0.000000 7.000000
v -13.787309 0.000000 -2.431074
v -12.124356 0.000000 7.000000
v -4.788282 0.000000 13.155697
v -3.303915 71.120000 9.077431
v -8.365805 71.120000 4.830000
v 0.000000 0.000000 0.000000
v -4.788282 0.000000 13.155697
v -12.124356 0.000000 7.000000
v -4.788282 0.000000 13.155697
v 4.788282 0.000000 13.155697
v 3.303915 71.120000 9.077431
v -3.303915 71.120000 9.077431
v 0.000000 0.000000 0.000000
v 4.788282 0.000000 13.155697
v -4.788282 0.000000 13.155697
v 4.788282 0.000000 13.155697
v 12.124356 0.000000 7.000000
v 8.365805 71.120000 4.830000
v 3.303915 71.120000 9.077431
v 0.000000 0.000000 0.000000
v 12.124356 0.000000 7.000000
v 4.788282 0.000000 13.155697
v 12.124356 0.000000 7.000000
v 13.787309 0.000000 -2.431074
v 9.513243 71.120000 -1.677441
v 8.365805 71.120000 4.830000
v 0.000000 0.000000 0.000000
v 13.787309 0.000000 -2.431074
v 12.124356 0.000000 7.000000
v 13.787309 0.000000 -2.431074
v 8.999027 0.000000 -10.724622
v 6.209328 71.120000 -7.399989
v 9.513243 71.120000 -1.677441
v 0.000000 0.000000 0.000000
v 8.999027 0.000000 -10.724622
v 13.787309 0.000000 -2.431074
v 8.999027 0.000000 -10.724622
v 0.000000 0.000000 -14.000000
v 0.000000 71.120000 -9.660000
v 6.209328 71.120000 -7.399989
v 0.000000 0.000000 0.000000
v 0.000000 0.000000 -14.000000
v 8.999027 0.000000 -10.724622
v -1.156420 71.120000 -9.590531
v -7.050544 71.120000 -6.603441
v -3.882908 132.080000 -3.636678
v -0.636869 132.080000 -5.281742
v -7.050544 71.120000 -6.603441
v -9.645640 71.120000 -0.526527
v -5.312092 132.080000 -0.289971
v -3.882908 132.080000 -3.636678
v -9.645640 71.120000 -0.526527
v -7.727434 71.120000 5.796755
v -4.255688 132.080000 3.192416
v -5.312092 132.080000 -0.289971
v -7.727434 71.120000 5.796755
v -2.193476 71.120000 9.407671
v -1.208001 132.080000 5.181036
v -4.255688 132.080000 3.192416
v -2.193476 71.120000 9.407671
v 4.366834 71.120000 8.616633
v 2.404923 132.080000 4.745392
v -1.208001 132.080000 5.181036
v 4.366834 71.120000 8.616633
v 8.883854 71.120000 3.793777
v 4.892557 132.080000 2.089326
v 2.404923 132.080000 4.745392
v 8.883854 71.120000 3.793777
v 9.244019 71.120000 -2.804230
v 5.090909 132.080000 -1.544358
v 4.892557 132.080000 2.089326
v 9.244019 71.120000 -2.804230
v 5.278806 71.120000 -8.090106
v 2.907168 132.080000 -4.455421
v 5.090909 132.080000 -1.544358
v 5.278806 71.120000 -8.090106
v -1.156420 71.120000 -9.590531
v -0.636869 132.080000 -5.281742
v 2.907168 132.080000 -4.455421
v -1.264578 132.080000 -5.167518
v -4.290339 132.080000 -3.145693
v -0.790326 203.200000 -0.579470
v -0.232949 203.200000 -0.951911
v 0.000000 203.200000 0.000000
v -0.232949 203.200000 -0.951911
v -0.790326 203.200000 -0.579470
v -4.290339 132.080000 -3.145693
v -5.308603 132.080000 0.348036
v -0.977901 203.200000 0.064112
v -0.790326 203.200000 -0.579470
v 0.000000 203.200000 0.000000
v -0.790326 203.200000 -0.579470
v -0.977901 203.200000 0.064112
v -5.308603 132.080000 0.348036
v -3.842913 132.080000 3.678916
v -0.707905 203.200000 0.677695
v -0.977901 203.200000 0.064112
v 0.000000 203.200000 0.000000
v -0.977901 203.200000 0.064112
v -0.707905 203.200000 0.677695
v -3.842913 132.080000 3.678916
v -0.579081 132.080000 5.288390
v -0.106673 203.200000 0.974177
v -0.707905 203.200000 0.677695
v 0.000000 203.200000 0.000000
v -0.707905 203.200000 0.677695
v -0.106673 203.200000 0.974177
v -0.579081 132.080000 5.288390
v 2.955710 132.080000 4.423367
v 0.544473 203.200000 0.814831
v -0.106673 203.200000 0.974177
v 0.000000 203.200000 0.000000
v -0.106673 203.200000 0.974177
v 0.544473 203.200000 0.814831
v 2.955710 132.080000 4.423367
v 5.107491 132.080000 1.488602
v 0.940854 203.200000 0.274216
v 0.544473 203.200000 0.814831
v 0.000000 203.200000 0.000000
v 0.544473 203.200000 0.814831
v 0.940854 203.200000 0.274216
v 5.107491 132.080000 1.488602
v 4.869420 132.080000 -2.142696
v 0.896998 203.200000 -0.394707
v 0.940854 203.200000 0.274216
v 0.000000 203.200000 0.000000
v 0.940854 203.200000 0.274216
v 0.896998 203.200000 -0.394707
v 4.869420 132.080000 -2.142696
v 2.352894 132.080000 -4.771404
v 0.433428 203.200000 -0.878943
v 0.896998 203.200000 -0.394707
v 0.000000 203.200000 0.000000
v 0.896998 203.200000 -0.394707
v 0.433428 203.200000 -0.878943
v 2.352894 132.080000 -4.771404
v -1.264578 132.080000 -5.167518
v -0.232949 203.200000 -0.951911
v 0.433428 203.200000 -0.878943
v 0.000000 203.200000 0.000000
v 0.433428 203.200000 -0.878943
v -0.232949 203.200000 -0.951911
v 0.000000 137.991754 -3.544468
v -2.370343 139.726762 -1.502993
v 14.502326 156.337812 1.933190
v 15.331946 155.730559 1.218673
v 0.000000 137.508906 0.000000
v -2.370343 139.726762 -1.502993
v 0.000000 137.991754 -3.544468
v -2.370343 139.726762 -1.502993
v -2.370343 139.243914 2.041475
v 14.502326 156.168815 3.173754
v 14.502326 156.337812 1.933190
v 0.000000 137.508906 0.000000
v -2.370343 139.243914 2.041475
v -2.370343 139.726762 -1.502993
v -2.370343 139.243914 2.041475
v -0.000000 137.026058 3.544468
v 15.331946 155.392565 3.699801
v 14.502326 156.168815 3.173754
v 0.000000 137.508906 0.000000
v -0.000000 137.026058 3.544468
v -2.370343 139.243914 2.041475
v -0.000000 137.026058 3.544468
v 2.370343 135.291050 1.502993
v 16.161566 154.785313 2.985285
v 15.331946 155.392565 3.699801
v 0.000000 137.508906 0.000000
v 2.370343 135.291050 1.502993
v -0.000000 137.026058 3.544468
v 2.370343 135.291050 1.502993
v 2.370343 135.773898 -2.041475
v 16.161566 154.954309 1.744721
v 16.161566 154.785313 2.985285
v 0.000000 137.508906 0.000000
v 2.370343 135.773898 -2.041475
v 2.370343 135.291050 1.502993
v 2.370343 135.773898 -2.041475
v 0.000000 137.991754 -3.544468
v 15.331946 155.730559 1.218673
v 16.161566 154.954309 1.744721
v 0.000000 137.508906 0.000000
v 0.000000 137.991754 -3.544468
v 2.370343 135.773898 -2.041475
v 15.218415 155.830325 1.241684
v 14.459779 156.374058 2.076180
v 32.689127 173.950638 5.451746
v 32.038867 174.416695 6.167028
v 31.941555 174.647063 5.123411
v 32.038867 174.416695 6.167028
v 32.689127 173.950638 5.451746
v 14.459779 156.374058 2.076180
v 14.573310 156.105295 3.293733
v 32.591815 174.181006 4.408129
v 32.689127 173.950638 5.451746
v 31.941555 174.647063 5.123411
v 32.689127 173.950638 5.451746
v 32.591815 174.181006 4.408129
v 14.573310 156.105295 3.293733
v 15.445477 155.292799 3.676791
v 31.844242 174.877431 4.079794
v 32.591815 174.181006 4.408129
v 31.941555 174.647063 5.123411
v 32.591815 174.181006 4.408129
v 31.844242 174.877431 4.079794
v 15.445477 155.292799 3.676791
v 16.204114 154.749066 2.842294
v 31.193982 175.343488 4.795076
v 31.844242 174.877431 4.079794
v 31.941555 174.647063 5.123411
v 31.844242 174.877431 4.079794
v 31.193982 175.343488 4.795076
v 16.204114 154.749066 2.842294
v 16.090583 155.017829 1.624741
v 31.291295 175.113120 5.838693
v 31.193982 175.343488 4.795076
v 31.941555 174.647063 5.123411
v 31.193982 175.343488 4.795076
v 31.291295 175.113120 5.838693
v 16.090583 155.017829 1.624741
v 15.218415 155.830325 1.241684
v 32.038867 174.416695 6.167028
v 31.291295 175.113120 5.838693
v 31.941555 174.647063 5.123411
v 31.291295 175.113120 5.838693
v 32.038867 174.416695 6.167028
v 0.000000 168.916175 -2.652293
v -2.356999 169.191323 -0.776781
v 5.837169 180.115794 6.333001
v 6.662118 180.019492 5.676572
v 0.000000 167.462202 0.000000
v -2.356999 169.191323 -0.776781
v 0.000000 168.916175 -2.652293
v -2.356999 169.191323 -0.776781
v -2.356999 167.737349 1.875512
v 5.837169 179.606903 7.261303
v 5.837169 180.115794 6.333001
v 0.000000 167.462202 0.000000
v -2.356999 167.737349 1.875512
v -2.356999 169.191323 -0.776781
v -2.356999 167.737349 1.875512
v -0.000000 166.008228 2.652293
v 6.662118 179.001710 7.533177
v 5.837169 179.606903 7.261303
v 0.000000 167.462202 0.000000
v -0.000000 166.008228 2.652293
v -2.356999 167.737349 1.875512
v -0.000000 166.008228 2.652293
v 2.356999 165.733080 0.776781
v 7.487068 178.905409 6.876748
v 6.662118 179.001710 7.533177
v 0.000000 167.462202 0.000000
v 2.356999 165.733080 0.776781
v -0.000000 166.008228 2.652293
v 2.356999 165.733080 0.776781
v 2.356999 167.187054 -1.875512
v 7.487068 179.414300 5.948445
v 7.487068 178.905409 6.876748
v 0.000000 167.462202 0.000000
v 2.356999 167.187054 -1.875512
v 2.356999 165.733080 0.776781
v 2.356999 167.187054 -1.875512
v 0.000000 168.916175 -2.652293
v 6.662118 180.019492 5.676572
v 7.487068 179.414300 5.948445
v 0.000000 167.462202 0.000000
v 0.000000 168.916175 -2.652293
v 2.356999 167.187054 -1.875512
v 6.548185 180.066786 5.711346
v 5.786862 180.084735 6.446723
v 14.629633 191.992126 13.895713
v 13.977070 192.007511 14.526036
v 13.879413 192.484240 13.760155
v 13.977070 192.007511 14.526036
v 14.629633 191.992126 13.895713
v 5.786862 180.084735 6.446723
v 5.900795 179.528550 7.340251
v 14.531976 192.468855 13.129831
v 14.629633 191.992126 13.895713
v 13.879413 192.484240 13.760155
v 14.629633 191.992126 13.895713
v 14.531976 192.468855 13.129831
v 5.900795 179.528550 7.340251
v 6.776051 178.954417 7.498403
v 13.781756 192.960970 12.994273
v 14.531976 192.468855 13.129831
v 13.879413 192.484240 13.760155
v 14.531976 192.468855 13.129831
v 13.781756 192.960970 12.994273
v 6.776051 178.954417 7.498403
v 7.537375 178.936468 6.763026
v 13.129193 192.976355 13.624596
v 13.781756 192.960970 12.994273
v 13.879413 192.484240 13.760155
v 13.781756 192.960970 12.994273
v 13.129193 192.976355 13.624596
v 7.537375 178.936468 6.763026
v 7.423442 179.492652 5.869497
v 13.226850 192.499625 14.390478
v 13.129193 192.976355 13.624596
v 13.879413 192.484240 13.760155
v 13.129193 192.976355 13.624596
v 13.226850 192.499625 14.390478
v 7.423442 179.492652 5.869497
v 6.548185 180.066786 5.711346
v 13.977070 192.007511 14.526036
v 13.226850 192.499625 14.390478
v 13.879413 192.484240 13.760155
v 13.226850 192.499625 14.390478
v 13.977070 192.007511 14.526036
v 0.000000 161.825924 -1.304618
v -2.440055 160.731360 -0.316086
v 1.829347 167.718148 15.285952
v 2.683367 168.101246 14.939966
v 0.000000 159.290750 0.000000
v -2.440055 160.731360 -0.316086
v 0.000000 161.825924 -1.304618
v -2.440055 160.731360 -0.316086
v -2.440055 158.196186 0.988531
v 1.829347 166.830837 15.742568
v 1.829347 167.718148 15.285952
v 0.000000 159.290750 0.000000
v -2.440055 158.196186 0.988531
v -2.440055 160.731360 -0.316086
v -2.440055 158.196186 0.988531
v -0.000000 156.755576 1.304618
v 2.683367 166.326624 15.853198
v 1.829347 166.830837 15.742568
v 0.000000 159.290750 0.000000
v -0.000000 156.755576 1.304618
v -2.440055 158.196186 0.988531
v -0.000000 156.755576 1.304618
v 2.440055 157.850141 0.316086
v 3.537386 166.709722 15.507212
v 2.683367 166.326624 15.853198
v 0.000000 159.290750 0.000000
v 2.440055 157.850141 0.316086
v -0.000000 156.755576 1.304618
v 2.440055 157.850141 0.316086
v 2.440055 160.385315 -0.988531
v 3.537386 167.597033 15.050596
v 3.537386 166.709722 15.507212
v 0.000000 159.290750 0.000000
v 2.440055 160.385315 -0.988531
v 2.440055 157.850141 0.316086
v 2.440055 160.385315 -0.988531
v 0.000000 161.825924 -1.304618
v 2.683367 168.101246 14.939966
v 3.537386 167.597033 15.050596
v 0.000000 159.290750 0.000000
v 0.000000 161.825924 -1.304618
v 2.440055 160.385315 -0.988531
v 2.565508 168.160751 15.104235
v 1.777951 167.633064 15.415874
v 6.366418 172.366675 32.059676
v 5.691369 171.914371 32.326795
v 5.590347 172.725928 32.076212
v 5.691369 171.914371 32.326795
v 6.366418 172.366675 32.059676
v 1.777951 167.633064 15.415874
v 1.895810 166.686247 15.708221
v 6.265396 173.178232 31.809093
v 6.366418 172.366675 32.059676
v 5.590347 172.725928 32.076212
v 6.366418 172.366675 32.059676
v 6.265396 173.178232 31.809093
v 1.895810 166.686247 15.708221
v 2.801226 166.267118 15.688929
v 5.489325 173.537485 31.825630
v 6.265396 173.178232 31.809093
v 5.590347 172.725928 32.076212
v 6.265396 173.178232 31.809093
v 5.489325 173.537485 31.825630
v 2.801226 166.267118 15.688929
v 3.588782 166.794806 15.377290
v 4.814277 173.085182 32.092749
v 5.489325 173.537485 31.825630
v 5.590347 172.725928 32.076212
v 5.489325 173.537485 31.825630
v 4.814277 173.085182 32.092749
v 3.588782 166.794806 15.377290
v 3.470924 167.741622 15.084943
v 4.915299 172.273625 32.343331
v 4.814277 173.085182 32.092749
v 5.590347 172.725928 32.076212
v 4.814277 173.085182 32.092749
v 4.915299 172.273625 32.343331
v 3.470924 167.741622 15.084943
v 2.565508 168.160751 15.104235
v 5.691369 171.914371 32.326795
v 4.915299 172.273625 32.343331
v 5.590347 172.725928 32.076212
v 4.915299 172.273625 32.343331
v 5.691369 171.914371 32.326795
v 0.000000 163.958548 -2.504156
v -3.607596 161.613819 -2.071437
v -6.944072 172.656155 15.901430
v -5.681414 173.476811 15.749978
v 0.000000 160.433076 0.000000
v -3.607596 161.613819 -2.071437
v 0.000000 163.958548 -2.504156
v -3.607596 161.613819 -2.071437
v -3.607596 158.088347 0.432720
v -6.944072 171.422240 16.777885
v -6.944072 172.656155 15.901430
v 0.000000 160.433076 0.000000
v -3.607596 158.088347 0.432720
v -3.607596 161.613819 -2.071437
v -3.607596 158.088347 0.432720
v -0.000000 156.907604 2.504156
v -5.681414 171.008980 17.502888
v -6.944072 171.422240 16.777885
v 0.000000 160.433076 0.000000
v -0.000000 156.907604 2.504156
v -3.607596 158.088347 0.432720
v -0.000000 156.907604 2.504156
v 3.607596 159.252333 2.071437
v -4.418755 171.829636 17.351436
v -5.681414 171.008980 17.502888
v 0.000000 160.433076 0.000000
v 3.607596 159.252333 2.071437
v -0.000000 156.907604 2.504156
v 3.607596 159.252333 2.071437
v 3.607596 162.777805 -0.432720
v -4.418755 173.063551 16.474981
v -4.418755 171.829636 17.351436
v 0.000000 160.433076 0.000000
v 3.607596 162.777805 -0.432720
v 3.607596 159.252333 2.071437
v 3.607596 162.777805 -0.432720
v 0.000000 163.958548 -2.504156
v -5.681414 173.476811 15.749978
v -4.418755 173.063551 16.474981
v 0.000000 160.433076 0.000000
v 0.000000 163.958548 -2.504156
v 3.607596 162.777805 -0.432720
v -5.855108 173.522737 15.837411
v -7.015769 172.563085 15.987923
v -10.692545 182.237516 35.185696
v -11.687398 181.414957 35.314707
v -11.836278 182.511964 34.638402
v -11.687398 181.414957 35.314707
v -10.692545 182.237516 35.185696
v -7.015769 172.563085 15.987923
v -6.842074 171.283243 16.776945
v -10.841426 183.334523 34.509392
v -10.692545 182.237516 35.185696
v -11.836278 182.511964 34.638402
v -10.692545 182.237516 35.185696
v -10.841426 183.334523 34.509392
v -6.842074 171.283243 16.776945
v -5.507719 170.963054 17.415455
v -11.985159 183.608971 33.962097
v -10.841426 183.334523 34.509392
v -11.836278 182.511964 34.638402
v -10.841426 183.334523 34.509392
v -11.985159 183.608971 33.962097
v -5.507719 170.963054 17.415455
v -4.347058 171.922706 17.264943
v -12.980011 182.786412 34.091108
v -11.985159 183.608971 33.962097
v -11.836278 182.511964 34.638402
v -11.985159 183.608971 33.962097
v -12.980011 182.786412 34.091108
v -4.347058 171.922706 17.264943
v -4.520753 173.202548 16.475921
v -12.831130 181.689405 34.767413
v -12.980011 182.786412 34.091108
v -11.836278 182.511964 34.638402
v -12.980011 182.786412 34.091108
v -12.831130 181.689405 34.767413
v -4.520753 173.202548 16.475921
v -5.855108 173.522737 15.837411
v -11.687398 181.414957 35.314707
v -12.831130 181.689405 34.767413
v -11.836278 182.511964 34.638402
v -12.831130 181.689405 34.767413
v -11.687398 181.414957 35.314707
v 0.000000 156.736444 -4.215870
v -3.348423 154.997794 -2.276303
v -15.982812 188.420054 2.856493
v -14.810864 189.028582 2.177645
v 0.000000 156.263997 0.000000
v -3.348423 154.997794 -2.276303
v 0.000000 156.736444 -4.215870
v -3.348423 154.997794 -2.276303
v -3.348423 154.525347 1.939567
v -15.982812 188.254698 4.332048
v -15.982812 188.420054 2.856493
v 0.000000 156.263997 0.000000
v -3.348423 154.525347 1.939567
v -3.348423 154.997794 -2.276303
v -3.348423 154.525347 1.939567
v -0.000000 155.791550 4.215870
v -14.810864 188.697869 5.128754
v -15.982812 188.254698 4.332048
v 0.000000 156.263997 0.000000
v -0.000000 155.791550 4.215870
v -3.348423 154.525347 1.939567
v -0.000000 155.791550 4.215870
v 3.348423 157.530201 2.276303
v -13.638916 189.306397 4.449905
v -14.810864 188.697869 5.128754
v 0.000000 156.263997 0.000000
v 3.348423 157.530201 2.276303
v -0.000000 155.791550 4.215870
v 3.348423 157.530201 2.276303
v 3.348423 158.002648 -1.939567
v -13.638916 189.471753 2.974351
v -13.638916 189.306397 4.449905
v 0.000000 156.263997 0.000000
v 3.348423 158.002648 -1.939567
v 3.348423 157.530201 2.276303
v 3.348423 158.002648 -1.939567
v 0.000000 156.736444 -4.215870
v -14.810864 189.028582 2.177645
v -13.638916 189.471753 2.974351
v 0.000000 156.263997 0.000000
v 0.000000 156.736444 -4.215870
v 3.348423 158.002648 -1.939567
v -14.974130 188.949849 2.179957
v -16.065111 188.388336 3.016059
v -29.780897 226.337792 8.156952
v -30.716023 225.856495 8.873612
v -30.855966 225.930744 7.610832
v -30.716023 225.856495 8.873612
v -29.780897 226.337792 8.156952
v -16.065111 188.388336 3.016059
v -15.901845 188.301713 4.489302
v -29.920840 226.412041 6.894173
v -29.780897 226.337792 8.156952
v -30.855966 225.930744 7.610832
v -29.780897 226.337792 8.156952
v -29.920840 226.412041 6.894173
v -15.901845 188.301713 4.489302
v -14.647597 188.776602 5.126442
v -30.995909 226.004993 6.348053
v -29.920840 226.412041 6.894173
v -30.855966 225.930744 7.610832
v -29.920840 226.412041 6.894173
v -30.995909 226.004993 6.348053
v -14.647597 188.776602 5.126442
v -13.556616 189.338115 4.290339
v -31.931035 225.523696 7.064712
v -30.995909 226.004993 6.348053
v -30.855966 225.930744 7.610832
v -30.995909 226.004993 6.348053
v -31.931035 225.523696 7.064712
v -13.556616 189.338115 4.290339
v -13.719883 189.424738 2.817097
v -31.791093 225.449447 8.327492
v -31.931035 225.523696 7.064712
v -30.855966 225.930744 7.610832
v -31.931035 225.523696 7.064712
v -31.791093 225.449447 8.327492
v -13.719883 189.424738 2.817097
v -14.974130 188.949849 2.179957
v -30.716023 225.856495 8.873612
v -31.791093 225.449447 8.327492
v -30.855966 225.930744 7.610832
v -31.791093 225.449447 8.327492
v -30.716023 225.856495 8.873612
v 0.000000 165.126830 -4.272133
v -3.380356 163.735944 -2.046521
v -10.765826 186.083415 -1.972391
v -9.582701 186.570226 -2.751355
v 0.000000 165.379010 0.000000
v -3.380356 163.735944 -2.046521
v 0.000000 165.126830 -4.272133
v -3.380356 163.735944 -2.046521
v -3.380356 163.988124 2.225612
v -10.765826 186.171679 -0.477144
v -10.765826 186.083415 -1.972391
v 0.000000 165.379010 0.000000
v -3.380356 163.988124 2.225612
v -3.380356 163.735944 -2.046521
v -3.380356 163.988124 2.225612
v -0.000000 165.631190 4.272133
v -9.582701 186.746752 0.239138
v -10.765826 186.171679 -0.477144
v 0.000000 165.379010 0.000000
v -0.000000 165.631190 4.272133
v -3.380356 163.988124 2.225612
v -0.000000 165.631190 4.272133
v 3.380356 167.022076 2.046521
v -8.399577 187.233562 -0.539826
v -9.582701 186.746752 0.239138
v 0.000000 165.379010 0.000000
v 3.380356 167.022076 2.046521
v -0.000000 165.631190 4.272133
v 3.380356 167.022076 2.046521
v 3.380356 166.769896 -2.225612
v -8.399577 187.145299 -2.035073
v -8.399577 187.233562 -0.539826
v 0.000000 165.379010 0.000000
v 3.380356 166.769896 -2.225612
v 3.380356 167.022076 2.046521
v 3.380356 166.769896 -2.225612
v 0.000000 165.126830 -4.272133
v -9.582701 186.570226 -2.751355
v -8.399577 187.145299 -2.035073
v 0.000000 165.379010 0.000000
v 0.000000 165.126830 -4.272133
v 3.380356 166.769896 -2.225612
v -9.747572 186.504753 -2.736897
v -10.849276 186.084795 -1.813080
v -18.878326 211.390608 -2.139488
v -19.822643 211.030644 -1.347645
v -19.963961 210.898871 -2.616892
v -19.822643 211.030644 -1.347645
v -18.878326 211.390608 -2.139488
v -10.849276 186.084795 -1.813080
v -10.684404 186.238530 -0.332291
v -19.019644 211.258835 -3.408736
v -18.878326 211.390608 -2.139488
v -19.963961 210.898871 -2.616892
v -18.878326 211.390608 -2.139488
v -19.019644 211.258835 -3.408736
v -10.684404 186.238530 -0.332291
v -9.417830 186.812224 0.224681
v -20.105279 210.767098 -3.886140
v -19.019644 211.258835 -3.408736
v -19.963961 210.898871 -2.616892
v -19.019644 211.258835 -3.408736
v -20.105279 210.767098 -3.886140
v -9.417830 186.812224 0.224681
v -8.316127 187.232182 -0.699137
v -21.049596 210.407133 -3.094297
v -20.105279 210.767098 -3.886140
v -19.963961 210.898871 -2.616892
v -20.105279 210.767098 -3.886140
v -21.049596 210.407133 -3.094297
v -8.316127 187.232182 -0.699137
v -8.480998 187.078447 -2.179925
v -20.908278 210.538906 -1.825049
v -21.049596 210.407133 -3.094297
v -19.963961 210.898871 -2.616892
v -21.049596 210.407133 -3.094297
v -20.908278 210.538906 -1.825049
v -8.480998 187.078447 -2.179925
v -9.747572 186.504753 -2.736897
v -19.822643 211.030644 -1.347645
v -20.908278 210.538906 -1.825049
v -19.963961 210.898871 -2.616892
v -20.908278 210.538906 -1.825049
v -19.822643 211.030644 -1.347645
v 0.000000 111.609507 -3.154822
v -2.900607 111.920379 -1.474283
v -4.650899 145.936426 -12.979665
v -3.635687 145.827620 -13.567853
v 0.000000 112.784867 0.000000
v -2.900607 111.920379 -1.474283
v 0.000000 111.609507 -3.154822
v -2.900607 111.920379 -1.474283
v -2.900607 113.095739 1.680538
v -4.650899 146.347802 -11.875477
v -4.650899 145.936426 -12.979665
v 0.000000 112.784867 0.000000
v -2.900607 113.095739 1.680538
v -2.900607 111.920379 -1.474283
v -2.900607 113.095739 1.680538
v -0.000000 113.960227 3.154822
v -3.635687 146.650372 -11.359478
v -4.650899 146.347802 -11.875477
v 0.000000 112.784867 0.000000
v -0.000000 113.960227 3.154822
v -2.900607 113.095739 1.680538
v -0.000000 113.960227 3.154822
v 2.900607 113.649354 1.474283
v -2.620474 146.541567 -11.947666
v -3.635687 146.650372 -11.359478
v 0.000000 112.784867 0.000000
v 2.900607 113.649354 1.474283
v -0.000000 113.960227 3.154822
v 2.900607 113.649354 1.474283
v 2.900607 112.473994 -1.680538
v -2.620474 146.130191 -13.051854
v -2.620474 146.541567 -11.947666
v 0.000000 112.784867 0.000000
v 2.900607 112.473994 -1.680538
v 2.900607 113.649354 1.474283
v 2.900607 112.473994 -1.680538
v 0.000000 111.609507 -3.154822
v -3.635687 145.827620 -13.567853
v -2.620474 146.130191 -13.051854
v 0.000000 112.784867 0.000000
v 0.000000 111.609507 -3.154822
v 2.900607 112.473994 -1.680538
v -3.776092 145.838274 -13.562833
v -4.714308 145.987121 -12.865656
v -6.649815 184.871260 -25.621407
v -7.454000 184.998844 -25.023827
v -7.574347 184.655367 -25.965970
v -7.454000 184.998844 -25.023827
v -6.649815 184.871260 -25.621407
v -4.714308 145.987121 -12.865656
v -4.573903 146.387844 -11.766489
v -6.770162 184.527784 -26.563550
v -6.649815 184.871260 -25.621407
v -7.574347 184.655367 -25.965970
v -6.649815 184.871260 -25.621407
v -6.770162 184.527784 -26.563550
v -4.573903 146.387844 -11.766489
v -3.495282 146.639718 -11.364498
v -7.694695 184.311891 -26.908113
v -6.770162 184.527784 -26.563550
v -7.574347 184.655367 -25.965970
v -6.770162 184.527784 -26.563550
v -7.694695 184.311891 -26.908113
v -3.495282 146.639718 -11.364498
v -2.557066 146.490871 -12.061675
v -8.498880 184.439475 -26.310533
v -7.694695 184.311891 -26.908113
v -7.574347 184.655367 -25.965970
v -7.694695 184.311891 -26.908113
v -8.498880 184.439475 -26.310533
v -2.557066 146.490871 -12.061675
v -2.697471 146.090149 -13.160843
v -8.378533 184.782951 -25.368390
v -8.498880 184.439475 -26.310533
v -7.574347 184.655367 -25.965970
v -8.498880 184.439475 -26.310533
v -8.378533 184.782951 -25.368390
v -2.697471 146.090149 -13.160843
v -3.776092 145.838274 -13.562833
v -7.454000 184.998844 -25.023827
v -8.378533 184.782951 -25.368390
v -7.574347 184.655367 -25.965970
v -8.378533 184.782951 -25.368390
v -7.454000 184.998844 -25.023827
v 0.000000 151.191657 -2.264772
v -2.477747 152.301841 -1.305985
v 1.772807 171.038135 -14.826721
v 2.640018 170.649571 -15.162296
v 0.000000 152.969808 0.000000
v -2.477747 152.301841 -1.305985
v 0.000000 151.191657 -2.264772
v -2.477747 152.301841 -1.305985
v -2.477747 154.079991 0.958786
v 1.772807 171.660488 -14.034051
v 1.772807 171.038135 -14.826721
v 0.000000 152.969808 0.000000
v -2.477747 154.079991 0.958786
v -2.477747 152.301841 -1.305985
v -2.477747 154.079991 0.958786
v -0.000000 154.747959 2.264772
v 2.640018 171.894276 -13.576956
v 1.772807 171.660488 -14.034051
v 0.000000 152.969808 0.000000
v -0.000000 154.747959 2.264772
v -2.477747 154.079991 0.958786
v -0.000000 154.747959 2.264772
v 2.477747 153.637776 1.305985
v 3.507230 171.505712 -13.912531
v 2.640018 171.894276 -13.576956
v 0.000000 152.969808 0.000000
v 2.477747 153.637776 1.305985
v -0.000000 154.747959 2.264772
v 2.477747 153.637776 1.305985
v 2.477747 151.859625 -0.958786
v 3.507230 170.883360 -14.705201
v 3.507230 171.505712 -13.912531
v 0.000000 152.969808 0.000000
v 2.477747 151.859625 -0.958786
v 2.477747 153.637776 1.305985
v 2.477747 151.859625 -0.958786
v 0.000000 151.191657 -2.264772
v 2.640018 170.649571 -15.162296
v 3.507230 170.883360 -14.705201
v 0.000000 152.969808 0.000000
v 0.000000 151.191657 -2.264772
v 2.477747 151.859625 -0.958786
v 2.520152 170.660824 -15.161989
v 1.719180 171.108317 -14.745044
v 6.289328 191.035741 -29.614935
v 5.602781 191.419306 -29.257553
v 5.500038 190.895507 -29.936721
v 5.602781 191.419306 -29.257553
v 6.289328 191.035741 -29.614935
v 1.719180 171.108317 -14.745044
v 1.839046 171.719417 -13.952681
v 6.186586 190.511941 -30.294102
v 6.289328 191.035741 -29.614935
v 5.500038 190.895507 -29.936721
v 6.289328 191.035741 -29.614935
v 6.186586 190.511941 -30.294102
v 1.839046 171.719417 -13.952681
v 2.759885 171.883023 -13.577264
v 5.397296 190.371707 -30.615889
v 6.186586 190.511941 -30.294102
v 5.500038 190.895507 -29.936721
v 6.186586 190.511941 -30.294102
v 5.397296 190.371707 -30.615889
v 2.759885 171.883023 -13.577264
v 3.560857 171.435530 -13.994208
v 4.710748 190.755272 -30.258508
v 5.397296 190.371707 -30.615889
v 5.500038 190.895507 -29.936721
v 5.397296 190.371707 -30.615889
v 4.710748 190.755272 -30.258508
v 3.560857 171.435530 -13.994208
v 3.440990 170.824431 -14.786571
v 4.813491 191.279072 -29.579340
v 4.710748 190.755272 -30.258508
v 5.500038 190.895507 -29.936721
v 4.710748 190.755272 -30.258508
v 4.813491 191.279072 -29.579340
v 3.440990 170.824431 -14.786571
v 2.520152 170.660824 -15.161989
v 5.602781 191.419306 -29.257553
v 4.813491 191.279072 -29.579340
v 5.500038 190.895507 -29.936721
v 4.813491 191.279072 -29.579340
v 5.602781 191.419306 -29.257553
v 0.000000 163.158105 -2.116468
v -1.614177 165.193874 -1.972903
v 11.680246 175.079505 -8.003152
v 12.245208 174.366986 -8.053400
v 0.000000 164.671741 0.000000
v -1.614177 165.193874 -1.972903
v 0.000000 163.158105 -2.116468
v -1.614177 165.193874 -1.972903
v -1.614177 166.707510 0.143566
v 11.680246 175.609278 -7.262388
v 11.680246 175.079505 -8.003152
v 0.000000 164.671741 0.000000
v -1.614177 166.707510 0.143566
v -1.614177 165.193874 -1.972903
v -1.614177 166.707510 0.143566
v -0.000000 166.185378 2.116468
v 12.245208 175.426532 -6.571872
v 11.680246 175.609278 -7.262388
v 0.000000 164.671741 0.000000
v -0.000000 166.185378 2.116468
v -1.614177 166.707510 0.143566
v -0.000000 166.185378 2.116468
v 1.614177 164.149609 1.972903
v 12.810170 174.714012 -6.622120
v 12.245208 175.426532 -6.571872
v 0.000000 164.671741 0.000000
v 1.614177 164.149609 1.972903
v -0.000000 166.185378 2.116468
v 1.614177 164.149609 1.972903
v 1.614177 162.635972 -0.143566
v 12.810170 174.184240 -7.362884
v 12.810170 174.714012 -6.622120
v 0.000000 164.671741 0.000000
v 1.614177 162.635972 -0.143566
v 1.614177 164.149609 1.972903
v 1.614177 162.635972 -0.143566
v 0.000000 163.158105 -2.116468
v 12.245208 174.366986 -8.053400
v 12.810170 174.184240 -7.362884
v 0.000000 164.671741 0.000000
v 0.000000 163.158105 -2.116468
v 1.614177 162.635972 -0.143566
v 12.171582 174.368043 -8.050490
v 11.679595 175.131757 -7.986615
v 25.995662 183.903671 -14.656962
v 25.573959 184.558283 -14.602212
v 25.510850 184.105098 -15.234658
v 25.573959 184.558283 -14.602212
v 25.995662 183.903671 -14.656962
v 11.679595 175.131757 -7.986615
v 11.753222 175.660473 -7.248761
v 25.932553 183.450486 -15.289408
v 25.995662 183.903671 -14.656962
v 25.510850 184.105098 -15.234658
v 25.995662 183.903671 -14.656962
v 25.932553 183.450486 -15.289408
v 11.753222 175.660473 -7.248761
v 12.318835 175.425475 -6.574782
v 25.447742 183.651913 -15.867105
v 25.932553 183.450486 -15.289408
v 25.510850 184.105098 -15.234658
v 25.932553 183.450486 -15.289408
v 25.447742 183.651913 -15.867105
v 12.318835 175.425475 -6.574782
v 12.810821 174.661761 -6.638657
v 25.026039 184.306525 -15.812355
v 25.447742 183.651913 -15.867105
v 25.510850 184.105098 -15.234658
v 25.447742 183.651913 -15.867105
v 25.026039 184.306525 -15.812355
v 12.810821 174.661761 -6.638657
v 12.737195 174.133045 -7.376511
v 25.089148 184.759710 -15.179908
v 25.026039 184.306525 -15.812355
v 25.510850 184.105098 -15.234658
v 25.026039 184.306525 -15.812355
v 25.089148 184.759710 -15.179908
v 12.737195 174.133045 -7.376511
v 12.171582 174.368043 -8.050490
v 25.573959 184.558283 -14.602212
v 25.089148 184.759710 -15.179908
v 25.510850 184.105098 -15.234658
v 25.089148 184.759710 -15.179908
v 25.573959 184.558283 -14.602212
v 31.941555 154.889789 5.123411
v 46.036620 163.005256 16.626413
v 51.273226 163.440897 5.123411
v 51.273226 163.440897 5.123411
v 46.036620 163.005256 16.626413
v 53.826432 178.133641 22.983689
v 60.891023 178.133641 5.123411
v 60.891023 178.133641 5.123411
v 53.826432 178.133641 22.983689
v 44.400134 196.988531 15.290874
v 50.992069 196.854568 5.123411
v 31.941555 201.377492 5.123411
v 50.992069 196.854568 5.123411
v 44.400134 196.988531 15.290874
v 31.941555 154.889789 5.123411
v 31.941555 159.229540 19.814327
v 46.036620 163.005256 16.626413
v 46.036620 163.005256 16.626413
v 31.941555 159.229540 19.814327
v 31.941555 178.133641 27.151740
v 53.826432 178.133641 22.983689
v 53.826432 178.133641 22.983689
v 31.941555 178.133641 27.151740
v 31.941555 195.899862 20.130366
v 44.400134 196.988531 15.290874
v 31.941555 201.377492 5.123411
v 44.400134 196.988531 15.290874
v 31.941555 195.899862 20.130366
v 31.941555 154.889789 5.123411
v 17.186300 160.169146 17.165194
v 31.941555 159.229540 19.814327
v 31.941555 159.229540 19.814327
v 17.186300 160.169146 17.165194
v 13.192567 178.133641 20.424485
v 31.941555 178.133641 27.151740
v 31.941555 178.133641 27.151740
v 13.192567 178.133641 20.424485
v 18.497031 193.052482 16.095505
v 31.941555 195.899862 20.130366
v 31.941555 201.377492 5.123411
v 31.941555 195.899862 20.130366
v 18.497031 193.052482 16.095505
v 31.941555 154.889789 5.123411
v 10.983103 161.241527 5.123411
v 17.186300 160.169146 17.165194
v 17.186300 160.169146 17.165194
v 10.983103 161.241527 5.123411
v 4.825502 178.133641 5.123411
v 13.192567 178.133641 20.424485
v 13.192567 178.133641 20.424485
v 4.825502 178.133641 5.123411
v 14.222281 196.491347 5.123411
v 18.497031 193.052482 16.095505
v 31.941555 201.377492 5.123411
v 18.497031 193.052482 16.095505
v 14.222281 196.491347 5.123411
v 31.941555 154.889789 5.123411
v 17.665520 161.068150 -6.527280
v 10.983103 161.241527 5.123411
v 10.983103 161.241527 5.123411
v 17.665520 161.068150 -6.527280
v 12.150117 178.133641 -11.028407
v 4.825502 178.133641 5.123411
v 4.825502 178.133641 5.123411
v 12.150117 178.133641 -11.028407
v 17.093892 195.514793 -6.993786
v 14.222281 196.491347 5.123411
v 31.941555 201.377492 5.123411
v 14.222281 196.491347 5.123411
v 17.093892 195.514793 -6.993786
v 31.941555 154.889789 5.123411
v 31.941555 160.578587 -9.853425
v 17.665520 161.068150 -6.527280
v 17.665520 161.068150 -6.527280
v 31.941555 160.578587 -9.853425
v 31.941555 178.133641 -17.247278
v 12.150117 178.133641 -11.028407
v 12.150117 178.133641 -11.028407
v 31.941555 178.133641 -17.247278
v 31.941555 191.973968 -10.984546
v 17.093892 195.514793 -6.993786
v 31.941555 201.377492 5.123411
v 17.093892 195.514793 -6.993786
v 31.941555 191.973968 -10.984546
v 31.941555 154.889789 5.123411
v 45.316464 160.115184 -5.791870
v 31.941555 160.578587 -9.853425
v 31.941555 160.578587 -9.853425
v 45.316464 160.115184 -5.791870
v 53.051036 178.133641 -12.104065
v 31.941555 178.133641 -17.247278
v 31.941555 178.133641 -17.247278
v 53.051036 178.133641 -12.104065
v 45.300834 195.039933 -5.779114
v 31.941555 191.973968 -10.984546
v 31.941555 201.377492 5.123411
v 31.941555 191.973968 -10.984546
v 45.300834 195.039933 -5.779114
v 31.941555 154.889789 5.123411
v 51.273226 163.440897 5.123411
v 45.316464 160.115184 -5.791870
v 45.316464 160.115184 -5.791870
v 51.273226 163.440897 5.123411
v 60.891023 178.133641 5.123411
v 53.051036 178.133641 -12.104065
v 53.051036 178.133641 -12.104065
v 60.891023 178.133641 5.123411
v 50.992069 196.854568 5.123411
v 45.300834 195.039933 -5.779114
v 31.941555 201.377492 5.123411
v 45.300834 195.039933 -5.779114
v 50.992069 196.854568 5.123411
v 13.879413 173.001388 13.760155
v 25.115204 178.909217 25.296092
v 31.347590 181.556887 13.760155
v 31.347590 181.556887 13.760155
v 25.115204 178.909217 25.296092
v 33.376925 195.922390 33.778512
v 42.928864 195.922390 13.760155
v 42.928864 195.922390 13.760155
v 33.376925 195.922390 33.778512
v 26.054358 211.665342 26.260335
v 34.526424 213.235998 13.760155
v 13.879413 218.843393 13.760155
v 34.526424 213.235998 13.760155
v 26.054358 211.665342 26.260335
v 13.879413 173.001388 13.760155
v 13.879413 181.757137 31.861096
v 25.115204 178.909217 25.296092
v 25.115204 178.909217 25.296092
v 13.879413 181.757137 31.861096
v 13.879413 195.922390 37.680079
v 33.376925 195.922390 33.778512
v 33.376925 195.922390 33.778512
v 13.879413 195.922390 37.680079
v 13.879413 214.585475 31.200413
v 26.054358 211.665342 26.260335
v 13.879413 218.843393 13.760155
v 26.054358 211.665342 26.260335
v 13.879413 214.585475 31.200413
v 13.879413 173.001388 13.760155
v 2.546900 179.558439 25.395399
v 13.879413 181.757137 31.861096
v 13.879413 181.757137 31.861096
v 2.546900 179.558439 25.395399
v -4.077165 195.922390 32.196415
v 13.879413 195.922390 37.680079
v 13.879413 195.922390 37.680079
v -4.077165 195.922390 32.196415
v 0.397461 212.651069 27.602256
v 13.879413 214.585475 31.200413
v 13.879413 218.843393 13.760155
v 13.879413 214.585475 31.200413
v 0.397461 212.651069 27.602256
v 13.879413 173.001388 13.760155
v -3.804775 178.663860 13.760155
v 2.546900 179.558439 25.395399
v 2.546900 179.558439 25.395399
v -3.804775 178.663860 13.760155
v -14.911276 195.922390 13.760155
v -4.077165 195.922390 32.196415
v -4.077165 195.922390 32.196415
v -14.911276 195.922390 13.760155
v -6.562708 212.764644 13.760155
v 0.397461 212.651069 27.602256
v 13.879413 218.843393 13.760155
v 0.397461 212.651069 27.602256
v -6.562708 212.764644 13.760155
v 13.879413 173.001388 13.760155
v -0.921115 179.518287 -1.435747
v -3.804775 178.663860 13.760155
v -3.804775 178.663860 13.760155
v -0.921115 179.518287 -1.435747
v -5.475039 195.922390 -6.111322
v -14.911276 195.922390 13.760155
v -14.911276 195.922390 13.760155
v -5.475039 195.922390 -6.111322
v 2.331870 214.689048 1.904137
v -6.562708 212.764644 13.760155
v 13.879413 218.843393 13.760155
v -6.562708 212.764644 13.760155
v 2.331870 214.689048 1.904137
v 13.879413 173.001388 13.760155
v 13.879413 179.439512 -8.277518
v -0.921115 179.518287 -1.435747
v -0.921115 179.518287 -1.435747
v 13.879413 179.439512 -8.277518
v 13.879413 195.922390 -15.849921
v -5.475039 195.922390 -6.111322
v -5.475039 195.922390 -6.111322
v 13.879413 195.922390 -15.849921
v 13.879413 209.960343 -4.049476
v 2.331870 214.689048 1.904137
v 13.879413 218.843393 13.760155
v 2.331870 214.689048 1.904137
v 13.879413 209.960343 -4.049476
v 13.879413 173.001388 13.760155
v 25.838138 182.170287 1.481971
v 13.879413 179.439512 -8.277518
v 13.879413 179.439512 -8.277518
v 25.838138 182.170287 1.481971
v 32.998932 195.922390 -5.870112
v 13.879413 195.922390 -15.849921
v 13.879413 195.922390 -15.849921
v 32.998932 195.922390 -5.870112
v 28.923483 211.400298 -1.685794
v 13.879413 209.960343 -4.049476
v 13.879413 218.843393 13.760155
v 13.879413 209.960343 -4.049476
v 28.923483 211.400298 -1.685794
v 13.879413 173.001388 13.760155
v 31.347590 181.556887 13.760155
v 25.838138 182.170287 1.481971
v 25.838138 182.170287 1.481971
v 31.347590 181.556887 13.760155
v 42.928864 195.922390 13.760155
v 32.998932 195.922390 -5.870112
v 32.998932 195.922390 -5.870112
v 42.928864 195.922390 13.760155
v 34.526424 213.235998 13.760155
v 28.923483 211.400298 -1.685794
v 13.879413 218.843393 13.760155
v 28.923483 211.400298 -1.685794
v 34.526424 213.235998 13.760155
v 5.590347 154.169863 32.076212
v 19.127196 161.038764 45.953082
v 23.755040 162.634793 32.076212
v 23.755040 162.634793 32.076212
v 19.127196 161.038764 45.953082
v 25.019917 176.000528 51.993816
v 30.215490 176.000528 32.076212
v 30.215490 176.000528 32.076212
v 25.019917 176.000528 51.993816
v 18.898654 189.921191 45.718799
v 22.527301 191.047830 32.076212
v 5.590347 197.831193 32.076212
v 22.527301 191.047830 32.076212
v 18.898654 189.921191 45.718799
v 5.590347 154.169863 32.076212
v 5.590347 160.129752 50.586778
v 19.127196 161.038764 45.953082
v 19.127196 161.038764 45.953082
v 5.590347 160.129752 50.586778
v 5.590347 176.000528 59.135803
v 25.019917 176.000528 51.993816
v 25.019917 176.000528 51.993816
v 5.590347 176.000528 59.135803
v 5.590347 191.218087 52.167414
v 18.898654 189.921191 45.718799
v 5.590347 197.831193 32.076212
v 18.898654 189.921191 45.718799
v 5.590347 191.218087 52.167414
v 5.590347 154.169863 32.076212
v -5.559909 160.665047 43.506543
v 5.590347 160.129752 50.586778
v 5.590347 160.129752 50.586778
v -5.559909 160.665047 43.506543
v -14.704937 176.000528 52.881277
v 5.590347 176.000528 59.135803
v 5.590347 176.000528 59.135803
v -14.704937 176.000528 52.881277
v -8.060362 192.372865 46.069802
v 5.590347 191.218087 52.167414
v 5.590347 197.831193 32.076212
v 5.590347 191.218087 52.167414
v -8.060362 192.372865 46.069802
v 5.590347 154.169863 32.076212
v -12.000905 158.945515 32.076212
v -5.559909 160.665047 43.506543
v -5.559909 160.665047 43.506543
v -12.000905 158.945515 32.076212
v -15.721048 176.000528 32.076212
v -14.704937 176.000528 52.881277
v -14.704937 176.000528 52.881277
v -15.721048 176.000528 32.076212
v -14.508410 189.889011 32.076212
v -8.060362 192.372865 46.069802
v 5.590347 197.831193 32.076212
v -8.060362 192.372865 46.069802
v -14.508410 189.889011 32.076212
v 5.590347 154.169863 32.076212
v -5.470868 161.491114 20.737160
v -12.000905 158.945515 32.076212
v -12.000905 158.945515 32.076212
v -5.470868 161.491114 20.737160
v -14.186146 176.000528 11.802970
v -15.721048 176.000528 32.076212
v -15.721048 176.000528 32.076212
v -14.186146 176.000528 11.802970
v -5.625519 191.275207 20.578625
v -14.508410 189.889011 32.076212
v 5.590347 197.831193 32.076212
v -14.508410 189.889011 32.076212
v -5.625519 191.275207 20.578625
v 5.590347 154.169863 32.076212
v 5.590347 160.576778 12.400631
v -5.470868 161.491114 20.737160
v -5.470868 161.491114 20.737160
v 5.590347 160.576778 12.400631
v 5.590347 176.000528 9.240787
v -14.186146 176.000528 11.802970
v -14.186146 176.000528 11.802970
v 5.590347 176.000528 9.240787
v 5.590347 191.428554 15.199558
v -5.625519 191.275207 20.578625
v 5.590347 197.831193 32.076212
v -5.625519 191.275207 20.578625
v 5.590347 191.428554 15.199558
v 5.590347 154.169863 32.076212
v 16.311302 162.592891 21.085967
v 5.590347 160.576778 12.400631
v 5.590347 160.576778 12.400631
v 16.311302 162.592891 21.085967
v 23.124382 176.000528 14.101755
v 5.590347 176.000528 9.240787
v 5.590347 176.000528 9.240787
v 23.124382 176.000528 14.101755
v 17.704167 193.610199 19.658116
v 5.590347 191.428554 15.199558
v 5.590347 197.831193 32.076212
v 5.590347 191.428554 15.199558
v 17.704167 193.610199 19.658116
v 5.590347 154.169863 32.076212
v 23.755040 162.634793 32.076212
v 16.311302 162.592891 21.085967
v 16.311302 162.592891 21.085967
v 23.755040 162.634793 32.076212
v 30.215490 176.000528 32.076212
v 23.124382 176.000528 14.101755
v 23.124382 176.000528 14.101755
v 30.215490 176.000528 32.076212
v 22.527301 191.047830 32.076212
v 17.704167 193.610199 19.658116
v 5.590347 197.831193 32.076212
v 17.704167 193.610199 19.658116
v 22.527301 191.047830 32.076212
v -11.836278 156.701658 34.638402
v 4.574641 167.285167 49.301800
v 16.847291 164.615865 34.638402
v 16.847291 164.615865 34.638402
v 4.574641 167.285167 49.301800
v 14.040138 187.066724 57.759360
v 28.216689 187.066724 34.638402
v 28.216689 187.066724 34.638402
v 14.040138 187.066724 57.759360
v 7.475438 210.149809 51.893704
v 12.831841 207.745296 34.638402
v -11.836278 217.431789 34.638402
v 12.831841 207.745296 34.638402
v 7.475438 210.149809 51.893704
v -11.836278 156.701658 34.638402
v -11.836278 166.058752 58.939606
v 4.574641 167.285167 49.301800
v 4.574641 167.285167 49.301800
v -11.836278 166.058752 58.939606
v -11.836278 187.066724 70.545737
v 14.040138 187.066724 57.759360
v 14.040138 187.066724 57.759360
v -11.836278 187.066724 70.545737
v -11.836278 206.537861 57.980155
v 7.475438 210.149809 51.893704
v -11.836278 217.431789 34.638402
v 7.475438 210.149809 51.893704
v -11.836278 206.537861 57.980155
v -11.836278 156.701658 34.638402
v -28.702938 165.006023 49.709010
v -11.836278 166.058752 58.939606
v -11.836278 166.058752 58.939606
v -28.702938 165.006023 49.709010
v -33.574585 187.066724 54.061899
v -11.836278 187.066724 70.545737
v -11.836278 187.066724 70.545737
v -33.574585 187.066724 54.061899
v -27.284704 206.404000 48.441798
v -11.836278 206.537861 57.980155
v -11.836278 217.431789 34.638402
v -11.836278 206.537861 57.980155
v -27.284704 206.404000 48.441798
v -11.836278 156.701658 34.638402
v -33.723351 164.059129 34.638402
v -28.702938 165.006023 49.709010
v -28.702938 165.006023 49.709010
v -33.723351 164.059129 34.638402
v -42.478482 187.066724 34.638402
v -33.574585 187.066724 54.061899
v -33.574585 187.066724 54.061899
v -42.478482 187.066724 34.638402
v -37.772130 208.782275 34.638402
v -27.284704 206.404000 48.441798
v -11.836278 217.431789 34.638402
v -27.284704 206.404000 48.441798
v -37.772130 208.782275 34.638402
v -11.836278 156.701658 34.638402
v -27.961993 167.182893 20.229839
v -33.723351 164.059129 34.638402
v -33.723351 164.059129 34.638402
v -27.961993 167.182893 20.229839
v -39.174673 187.066724 10.211144
v -42.478482 187.066724 34.638402
v -42.478482 187.066724 34.638402
v -39.174673 187.066724 10.211144
v -26.751263 210.188042 21.311644
v -37.772130 208.782275 34.638402
v -11.836278 217.431789 34.638402
v -37.772130 208.782275 34.638402
v -26.751263 210.188042 21.311644
v -11.836278 156.701658 34.638402
v -11.836278 165.242233 9.378153
v -27.961993 167.182893 20.229839
v -27.961993 167.182893 20.229839
v -11.836278 165.242233 9.378153
v -11.836278 187.066724 4.083571
v -39.174673 187.066724 10.211144
v -39.174673 187.066724 10.211144
v -11.836278 187.066724 4.083571
v -11.836278 205.421023 9.405907
v -26.751263 210.188042 21.311644
v -11.836278 217.431789 34.638402
v -26.751263 210.188042 21.311644
v -11.836278 205.421023 9.405907
v -11.836278 156.701658 34.638402
v 5.649387 166.198821 19.014703
v -11.836278 165.242233 9.378153
v -11.836278 165.242233 9.378153
v 5.649387 166.198821 19.014703
v 13.356515 187.066724 12.128271
v -11.836278 187.066724 4.083571
v -11.836278 187.066724 4.083571
v 13.356515 187.066724 12.128271
v 4.004823 208.830031 20.484145
v -11.836278 205.421023 9.405907
v -11.836278 217.431789 34.638402
v -11.836278 205.421023 9.405907
v 4.004823 208.830031 20.484145
v -11.836278 156.701658 34.638402
v 16.847291 164.615865 34.638402
v 5.649387 166.198821 19.014703
v 5.649387 166.198821 19.014703
v 16.847291 164.615865 34.638402
v 28.216689 187.066724 34.638402
v 13.356515 187.066724 12.128271
v 13.356515 187.066724 12.128271
v 28.216689 187.066724 34.638402
v 12.831841 207.745296 34.638402
v 4.004823 208.830031 20.484145
v -11.836278 217.431789 34.638402
v 4.004823 208.830031 20.484145
v 12.831841 207.745296 34.638402
v -30.855966 204.151453 7.610832
v -18.181847 208.784126 19.720243
v -12.104678 212.352039 7.610832
v -12.104678 212.352039 7.610832
v -18.181847 208.784126 19.720243
v -8.998601 229.774148 28.494320
v -2.658709 229.774148 7.610832
v -2.658709 229.774148 7.610832
v -8.998601 229.774148 28.494320
v -14.214072 246.858939 23.511229
v -11.098218 247.334644 7.610832
v -30.855966 255.396844 7.610832
v -11.098218 247.334644 7.610832
v -14.214072 246.858939 23.511229
v -30.855966 204.151453 7.610832
v -30.855966 210.187636 26.832654
v -18.181847 208.784126 19.720243
v -18.181847 208.784126 19.720243
v -30.855966 210.187636 26.832654
v -30.855966 229.774148 33.982936
v -8.998601 229.774148 28.494320
v -8.998601 229.774148 28.494320
v -30.855966 229.774148 33.982936
v -30.855966 249.498713 27.156592
v -14.214072 246.858939 23.511229
v -30.855966 255.396844 7.610832
v -14.214072 246.858939 23.511229
v -30.855966 249.498713 27.156592
v -30.855966 204.151453 7.610832
v -45.331615 211.388168 21.441504
v -30.855966 210.187636 26.832654
v -30.855966 210.187636 26.832654
v -45.331615 211.388168 21.441504
v -49.446095 229.774148 25.372659
v -30.855966 229.774148 33.982936
v -30.855966 229.774148 33.982936
v -49.446095 229.774148 25.372659
v -44.043518 249.637917 20.210799
v -30.855966 249.498713 27.156592
v -30.855966 255.396844 7.610832
v -30.855966 249.498713 27.156592
v -44.043518 249.637917 20.210799
v -30.855966 204.151453 7.610832
v -48.575288 212.095510 7.610832
v -45.331615 211.388168 21.441504
v -45.331615 211.388168 21.441504
v -48.575288 212.095510 7.610832
v -56.767576 229.774148 7.610832
v -49.446095 229.774148 25.372659
v -49.446095 229.774148 25.372659
v -56.767576 229.774148 7.610832
v -54.218636 246.122126 7.610832
v -44.043518 249.637917 20.210799
v -30.855966 255.396844 7.610832
v -44.043518 249.637917 20.210799
v -54.218636 246.122126 7.610832
v -30.855966 204.151453 7.610832
v -45.937725 211.265208 -6.798944
v -48.575288 212.095510 7.610832
v -48.575288 212.095510 7.610832
v -45.937725 211.265208 -6.798944
v -53.774019 229.774148 -14.286083
v -56.767576 229.774148 7.610832
v -56.767576 229.774148 7.610832
v -53.774019 229.774148 -14.286083
v -45.086161 249.668454 -5.985322
v -54.218636 246.122126 7.610832
v -30.855966 255.396844 7.610832
v -54.218636 246.122126 7.610832
v -45.086161 249.668454 -5.985322
v -30.855966 204.151453 7.610832
v -30.855966 212.626292 -14.007116
v -45.937725 211.265208 -6.798944
v -45.937725 211.265208 -6.798944
v -30.855966 212.626292 -14.007116
v -30.855966 229.774148 -19.489514
v -53.774019 229.774148 -14.286083
v -53.774019 229.774148 -14.286083
v -30.855966 229.774148 -19.489514
v -30.855966 250.285064 -14.032941
v -45.086161 249.668454 -5.985322
v -30.855966 255.396844 7.610832
v -45.086161 249.668454 -5.985322
v -30.855966 250.285064 -14.032941
v -30.855966 204.151453 7.610832
v -18.315890 212.841940 -4.370508
v -30.855966 212.626292 -14.007116
v -30.855966 212.626292 -14.007116
v -18.315890 212.841940 -4.370508
v -9.086718 229.774148 -13.188465
v -30.855966 229.774148 -19.489514
v -30.855966 229.774148 -19.489514
v -9.086718 229.774148 -13.188465
v -16.530095 245.517955 -6.076735
v -30.855966 250.285064 -14.032941
v -30.855966 255.396844 7.610832
v -30.855966 250.285064 -14.032941
v -16.530095 245.517955 -6.076735
v -30.855966 204.151453 7.610832
v -12.104678 212.352039 7.610832
v -18.315890 212.841940 -4.370508
v -18.315890 212.841940 -4.370508
v -12.104678 212.352039 7.610832
v -2.658709 229.774148 7.610832
v -9.086718 229.774148 -13.188465
v -9.086718 229.774148 -13.188465
v -2.658709 229.774148 7.610832
v -11.098218 247.334644 7.610832
v -16.530095 245.517955 -6.076735
v -30.855966 255.396844 7.610832
v -16.530095 245.517955 -6.076735
v -11.098218 247.334644 7.610832
v -19.963961 192.111455 -2.616892
v -8.124042 197.469312 9.663585
v -0.820068 197.917680 -2.616892
v -0.820068 197.917680 -2.616892
v -8.124042 197.469312 9.663585
v -1.316432 214.214297 16.724503
v 3.600142 214.214297 -2.616892
v 3.600142 214.214297 -2.616892
v -1.316432 214.214297 16.724503
v -6.912174 230.352099 10.920546
v -4.166762 231.543055 -2.616892
v -19.963961 236.317138 -2.616892
v -4.166762 231.543055 -2.616892
v -6.912174 230.352099 10.920546
v -19.963961 192.111455 -2.616892
v -19.963961 198.366264 15.065965
v -8.124042 197.469312 9.663585
v -8.124042 197.469312 9.663585
v -19.963961 198.366264 15.065965
v -19.963961 214.214297 26.460169
v -1.316432 214.214297 16.724503
v -1.316432 214.214297 16.724503
v -19.963961 214.214297 26.460169
v -19.963961 231.634213 14.673970
v -6.912174 230.352099 10.920546
v -19.963961 236.317138 -2.616892
v -6.912174 230.352099 10.920546
v -19.963961 231.634213 14.673970
v -19.963961 192.111455 -2.616892
v -31.262221 196.537371 9.101771
v -19.963961 198.366264 15.065965
v -19.963961 198.366264 15.065965
v -31.262221 196.537371 9.101771
v -38.742615 214.214297 16.860507
v -19.963961 214.214297 26.460169
v -19.963961 214.214297 26.460169
v -38.742615 214.214297 16.860507
v -32.858030 232.078329 10.756960
v -19.963961 231.634213 14.673970
v -19.963961 236.317138 -2.616892
v -19.963961 231.634213 14.673970
v -32.858030 232.078329 10.756960
v -19.963961 192.111455 -2.616892
v -40.710890 198.976802 -2.616892
v -31.262221 196.537371 9.101771
v -31.262221 196.537371 9.101771
v -40.710890 198.976802 -2.616892
v -41.534136 214.214297 -2.616892
v -38.742615 214.214297 16.860507
v -38.742615 214.214297 16.860507
v -41.534136 214.214297 -2.616892
v -40.299385 232.028241 -2.616892
v -32.858030 232.078329 10.756960
v -19.963961 236.317138 -2.616892
v -32.858030 232.078329 10.756960
v -40.299385 232.028241 -2.616892
v -19.963961 192.111455 -2.616892
v -30.776829 197.126180 -13.832103
v -40.710890 198.976802 -2.616892
v -40.710890 198.976802 -2.616892
v -30.776829 197.126180 -13.832103
v -38.602031 214.214297 -21.948478
v -41.534136 214.214297 -2.616892
v -41.534136 214.214297 -2.616892
v -38.602031 214.214297 -21.948478
v -34.723397 228.789791 -17.925521
v -40.299385 232.028241 -2.616892
v -19.963961 236.317138 -2.616892
v -40.299385 232.028241 -2.616892
v -34.723397 228.789791 -17.925521
v -19.963961 192.111455 -2.616892
v -19.963961 196.607728 -20.722567
v -30.776829 197.126180 -13.832103
v -30.776829 197.126180 -13.832103
v -19.963961 196.607728 -20.722567
v -19.963961 214.214297 -28.390731
v -38.602031 214.214297 -21.948478
v -38.602031 214.214297 -21.948478
v -19.963961 214.214297 -28.390731
v -19.963961 229.746254 -23.135643
v -34.723397 228.789791 -17.925521
v -19.963961 236.317138 -2.616892
v -34.723397 228.789791 -17.925521
v -19.963961 229.746254 -23.135643
v -19.963961 192.111455 -2.616892
v -6.244837 200.751420 -16.846499
v -19.963961 196.607728 -20.722567
v -19.963961 196.607728 -20.722567
v -6.244837 200.751420 -16.846499
v -3.727258 214.214297 -19.457756
v -19.963961 214.214297 -28.390731
v -19.963961 214.214297 -28.390731
v -3.727258 214.214297 -19.457756
v -7.298441 227.656802 -15.753691
v -19.963961 229.746254 -23.135643
v -19.963961 236.317138 -2.616892
v -19.963961 229.746254 -23.135643
v -7.298441 227.656802 -15.753691
v -19.963961 192.111455 -2.616892
v -0.820068 197.917680 -2.616892
v -6.244837 200.751420 -16.846499
v -6.244837 200.751420 -16.846499
v -0.820068 197.917680 -2.616892
v 3.600142 214.214297 -2.616892
v -3.727258 214.214297 -19.457756
v -3.727258 214.214297 -19.457756
v 3.600142 214.214297 -2.616892
v -4.166762 231.543055 -2.616892
v -7.298441 227.656802 -15.753691
v -19.963961 236.317138 -2.616892
v -7.298441 227.656802 -15.753691
v -4.166762 231.543055 -2.616892
v -7.574347 168.071614 -25.965970
v 3.420788 175.017338 -14.612735
v 10.489253 172.061943 -25.965970
v 10.489253 172.061943 -25.965970
v 3.420788 175.017338 -14.612735
v 9.423084 187.581912 -8.414952
v 12.763783 187.581912 -25.965970
v 12.763783 187.581912 -25.965970
v 9.423084 187.581912 -8.414952
v 4.183865 199.450196 -13.824806
v 7.177118 199.686695 -25.965970
v -7.574347 207.092210 -25.965970
v 7.177118 199.686695 -25.965970
v 4.183865 199.450196 -13.824806
v -7.574347 168.071614 -25.965970
v -7.574347 175.471031 -9.210405
v 3.420788 175.017338 -14.612735
v 3.420788 175.017338 -14.612735
v -7.574347 175.471031 -9.210405
v -7.574347 187.581912 -0.504586
v 9.423084 187.581912 -8.414952
v 9.423084 187.581912 -8.414952
v -7.574347 187.581912 -0.504586
v -7.574347 201.088911 -7.954420
v 4.183865 199.450196 -13.824806
v -7.574347 207.092210 -25.965970
v 4.183865 199.450196 -13.824806
v -7.574347 201.088911 -7.954420
v -7.574347 168.071614 -25.965970
v -17.242795 175.643370 -15.982633
v -7.574347 175.471031 -9.210405
v -7.574347 175.471031 -9.210405
v -17.242795 175.643370 -15.982633
v -23.852725 187.581912 -9.157424
v -7.574347 187.581912 -0.504586
v -7.574347 187.581912 -0.504586
v -23.852725 187.581912 -9.157424
v -18.968510 201.306485 -14.200713
v -7.574347 201.088911 -7.954420
v -7.574347 207.092210 -25.965970
v -7.574347 201.088911 -7.954420
v -18.968510 201.306485 -14.200713
v -7.574347 168.071614 -25.965970
v -22.686673 174.959331 -25.965970
v -17.242795 175.643370 -15.982633
v -17.242795 175.643370 -15.982633
v -22.686673 174.959331 -25.965970
v -33.002338 187.581912 -25.965970
v -23.852725 187.581912 -9.157424
v -23.852725 187.581912 -9.157424
v -33.002338 187.581912 -25.965970
v -23.676481 202.651173 -25.965970
v -18.968510 201.306485 -14.200713
v -7.574347 207.092210 -25.965970
v -18.968510 201.306485 -14.200713
v -23.676481 202.651173 -25.965970
v -7.574347 168.071614 -25.965970
v -17.493487 173.257803 -36.208164
v -22.686673 174.959331 -25.965970
v -22.686673 174.959331 -25.965970
v -17.493487 173.257803 -36.208164
v -25.846451 187.581912 -44.833175
v -33.002338 187.581912 -25.965970
v -33.002338 187.581912 -25.965970
v -25.846451 187.581912 -44.833175
v -17.417075 199.876408 -36.129263
v -23.676481 202.651173 -25.965970
v -7.574347 207.092210 -25.965970
v -23.676481 202.651173 -25.965970
v -17.417075 199.876408 -36.129263
v -7.574347 168.071614 -25.965970
v -7.574347 175.486906 -42.436029
v -17.493487 173.257803 -36.208164
v -17.493487 173.257803 -36.208164
v -7.574347 175.486906 -42.436029
v -7.574347 187.581912 -47.719798
v -25.846451 187.581912 -44.833175
v -25.846451 187.581912 -44.833175
v -7.574347 187.581912 -47.719798
v -7.574347 200.558862 -44.771909
v -17.417075 199.876408 -36.129263
v -7.574347 207.092210 -25.965970
v -17.417075 199.876408 -36.129263
v -7.574347 200.558862 -44.771909
v -7.574347 168.071614 -25.965970
v 3.265460 175.451019 -37.158817
v -7.574347 175.486906 -42.436029
v -7.574347 175.486906 -42.436029
v 3.265460 175.451019 -37.158817
v 10.668443 187.581912 -44.802906
v -7.574347 187.581912 -47.719798
v -7.574347 187.581912 -47.719798
v 10.668443 187.581912 -44.802906
v 2.531953 200.801365 -36.401421
v -7.574347 200.558862 -44.771909
v -7.574347 207.092210 -25.965970
v -7.574347 200.558862 -44.771909
v 2.531953 200.801365 -36.401421
v -7.574347 168.071614 -25.965970
v 10.489253 172.061943 -25.965970
v 3.265460 175.451019 -37.158817
v 3.265460 175.451019 -37.158817
v 10.489253 172.061943 -25.965970
v 12.763783 187.581912 -25.965970
v 10.668443 187.581912 -44.802906
v 10.668443 187.581912 -44.802906
v 12.763783 187.581912 -25.965970
v 7.177118 199.686695 -25.965970
v 2.531953 200.801365 -36.401421
v -7.574347 207.092210 -25.965970
v 2.531953 200.801365 -36.401421
v 7.177118 199.686695 -25.965970
v 5.500038 171.092183 -29.936721
v 16.853797 177.561961 -19.289214
v 26.992389 179.447499 -29.936721
v 26.992389 179.447499 -29.936721
v 16.853797 177.561961 -19.289214
v 26.434554 194.390211 -10.304420
v 36.314954 194.390211 -29.936721
v 36.314954 194.390211 -29.936721
v 26.434554 194.390211 -10.304420
v 16.861116 212.287215 -19.282351
v 22.452056 208.340416 -29.936721
v 5.500038 217.688239 -29.936721
v 22.452056 208.340416 -29.936721
v 16.861116 212.287215 -19.282351
v 5.500038 171.092183 -29.936721
v 5.500038 177.303159 -13.967643
v 16.853797 177.561961 -19.289214
v 16.853797 177.561961 -19.289214
v 5.500038 177.303159 -13.967643
v 5.500038 194.390211 -7.563942
v 26.434554 194.390211 -10.304420
v 26.434554 194.390211 -10.304420
v 5.500038 194.390211 -7.563942
v 5.500038 211.782349 -9.644331
v 16.861116 212.287215 -19.282351
v 5.500038 217.688239 -29.936721
v 16.861116 212.287215 -19.282351
v 5.500038 211.782349 -9.644331
v 5.500038 171.092183 -29.936721
v -9.216616 175.663807 -16.135505
v 5.500038 177.303159 -13.967643
v 5.500038 177.303159 -13.967643
v -9.216616 175.663807 -16.135505
v -14.579067 194.390211 -11.106621
v 5.500038 194.390211 -7.563942
v 5.500038 194.390211 -7.563942
v -14.579067 194.390211 -11.106621
v -6.701960 208.521523 -18.493739
v 5.500038 211.782349 -9.644331
v 5.500038 217.688239 -29.936721
v 5.500038 211.782349 -9.644331
v -6.701960 208.521523 -18.493739
v 5.500038 171.092183 -29.936721
v -15.554973 177.419263 -29.936721
v -9.216616 175.663807 -16.135505
v -9.216616 175.663807 -16.135505
v -15.554973 177.419263 -29.936721
v -18.372710 194.390211 -29.936721
v -14.579067 194.390211 -11.106621
v -14.579067 194.390211 -11.106621
v -18.372710 194.390211 -29.936721
v -15.667807 211.922104 -29.936721
v -6.701960 208.521523 -18.493739
v 5.500038 217.688239 -29.936721
v -6.701960 208.521523 -18.493739
v -15.667807 211.922104 -29.936721
v 5.500038 171.092183 -29.936721
v -9.628975 178.077495 -44.124646
v -15.554973 177.419263 -29.936721
v -15.554973 177.419263 -29.936721
v -9.628975 178.077495 -44.124646
v -15.095715 194.390211 -49.251332
v -18.372710 194.390211 -29.936721
v -18.372710 194.390211 -29.936721
v -15.095715 194.390211 -49.251332
v -10.041763 212.079872 -44.511757
v -15.667807 211.922104 -29.936721
v 5.500038 217.688239 -29.936721
v -15.667807 211.922104 -29.936721
v -10.041763 212.079872 -44.511757
v 5.500038 171.092183 -29.936721
v 5.500038 176.993236 -49.599746
v -9.628975 178.077495 -44.124646
v -9.628975 178.077495 -44.124646
v 5.500038 176.993236 -49.599746
v 5.500038 194.390211 -55.982246
v -15.095715 194.390211 -49.251332
v -15.095715 194.390211 -49.251332
v 5.500038 194.390211 -55.982246
v 5.500038 211.265264 -47.851589
v -10.041763 212.079872 -44.511757
v 5.500038 217.688239 -29.936721
v -10.041763 212.079872 -44.511757
v 5.500038 211.265264 -47.851589
v 5.500038 171.092183 -29.936721
v 19.879818 176.217694 -43.422018
v 5.500038 176.993236 -49.599746
v 5.500038 176.993236 -49.599746
v 19.879818 176.217694 -43.422018
v 22.478040 194.390211 -45.858620
v 5.500038 194.390211 -55.982246
v 5.500038 194.390211 -55.982246
v 22.478040 194.390211 -45.858620
v 17.088414 210.073396 -40.804251
v 5.500038 211.265264 -47.851589
v 5.500038 217.688239 -29.936721
v 5.500038 211.265264 -47.851589
v 17.088414 210.073396 -40.804251
v 5.500038 171.092183 -29.936721
v 26.992389 179.447499 -29.936721
v 19.879818 176.217694 -43.422018
v 19.879818 176.217694 -43.422018
v 26.992389 179.447499 -29.936721
v 36.314954 194.390211 -29.936721
v 22.478040 194.390211 -45.858620
v 22.478040 194.390211 -45.858620
v 36.314954 194.390211 -29.936721
v 22.452056 208.340416 -29.936721
v 17.088414 210.073396 -40.804251
v 5.500038 217.688239 -29.936721
v 17.088414 210.073396 -40.804251
v 22.452056 208.340416 -29.936721
v 25.510850 163.323612 -15.234658
v 39.520420 168.251592 -3.065351
v 47.912178 171.187920 -15.234658
v 47.912178 171.187920 -15.234658
v 39.520420 168.251592 -3.065351
v 45.340351 187.772419 1.990088
v 54.560111 187.772419 -15.234658
v 54.560111 187.772419 -15.234658
v 45.340351 187.772419 1.990088
v 40.200049 204.032595 -2.474996
v 47.451675 207.079657 -15.234658
v 25.510850 212.221226 -15.234658
v 47.451675 207.079657 -15.234658
v 40.200049 204.032595 -2.474996
v 25.510850 163.323612 -15.234658
v 25.510850 170.418522 2.447797
v 39.520420 168.251592 -3.065351
v 39.520420 168.251592 -3.065351
v 25.510850 170.418522 2.447797
v 25.510850 187.772419 5.770946
v 45.340351 187.772419 1.990088
v 45.340351 187.772419 1.990088
v 25.510850 187.772419 5.770946
v 25.510850 203.895528 -0.302359
v 40.200049 204.032595 -2.474996
v 25.510850 212.221226 -15.234658
v 40.200049 204.032595 -2.474996
v 25.510850 203.895528 -0.302359
v 25.510850 163.323612 -15.234658
v 12.439548 171.496736 -3.880370
v 25.510850 170.418522 2.447797
v 25.510850 170.418522 2.447797
v 12.439548 171.496736 -3.880370
v 5.376323 187.772419 2.255047
v 25.510850 187.772419 5.770946
v 25.510850 187.772419 5.770946
v 5.376323 187.772419 2.255047
v 12.154586 203.582288 -3.632840
v 25.510850 203.895528 -0.302359
v 25.510850 212.221226 -15.234658
v 25.510850 203.895528 -0.302359
v 12.154586 203.582288 -3.632840
v 25.510850 163.323612 -15.234658
v 7.220510 172.475881 -15.234658
v 12.439548 171.496736 -3.880370
v 12.439548 171.496736 -3.880370
v 7.220510 172.475881 -15.234658
v -1.764990 187.772419 -15.234658
v 5.376323 187.772419 2.255047
v 5.376323 187.772419 2.255047
v -1.764990 187.772419 -15.234658
v 4.236404 207.558826 -15.234658
v 12.154586 203.582288 -3.632840
v 25.510850 212.221226 -15.234658
v 12.154586 203.582288 -3.632840
v 4.236404 207.558826 -15.234658
v 25.510850 163.323612 -15.234658
v 10.524260 171.340156 -28.252647
v 7.220510 172.475881 -15.234658
v 7.220510 172.475881 -15.234658
v 10.524260 171.340156 -28.252647
v 2.559962 187.772419 -35.170774
v -1.764990 187.772419 -15.234658
v -1.764990 187.772419 -15.234658
v 2.559962 187.772419 -35.170774
v 13.631049 204.570401 -25.553958
v 4.236404 207.558826 -15.234658
v 25.510850 212.221226 -15.234658
v 4.236404 207.558826 -15.234658
v 13.631049 204.570401 -25.553958
v 25.510850 163.323612 -15.234658
v 25.510850 170.371189 -31.594584
v 10.524260 171.340156 -28.252647
v 10.524260 171.340156 -28.252647
v 25.510850 170.371189 -31.594584
v 25.510850 187.772419 -41.679470
v 2.559962 187.772419 -35.170774
v 2.559962 187.772419 -35.170774
v 25.510850 187.772419 -41.679470
v 25.510850 204.117956 -30.617944
v 13.631049 204.570401 -25.553958
v 25.510850 212.221226 -15.234658
v 13.631049 204.570401 -25.553958
v 25.510850 204.117956 -30.617944
v 25.510850 163.323612 -15.234658
v 38.391839 170.681419 -26.423631
v 25.510850 170.371189 -31.594584
v 25.510850 170.371189 -31.594584
v 38.391839 170.681419 -26.423631
v 44.313241 187.772419 -31.567213
v 25.510850 187.772419 -41.679470
v 25.510850 187.772419 -41.679470
v 44.313241 187.772419 -31.567213
v 37.818591 207.113616 -25.925684
v 25.510850 204.117956 -30.617944
v 25.510850 212.221226 -15.234658
v 25.510850 204.117956 -30.617944
v 37.818591 207.113616 -25.925684
v 25.510850 163.323612 -15.234658
v 47.912178 171.187920 -15.234658
v 38.391839 170.681419 -26.423631
v 38.391839 170.681419 -26.423631
v 47.912178 171.187920 -15.234658
v 54.560111 187.772419 -15.234658
v 44.313241 187.772419 -31.567213
v 44.313241 187.772419 -31.567213
v 54.560111 187.772419 -15.234658
v 47.451675 207.079657 -15.234658
v 37.818591 207.113616 -25.925684
v 25.510850 212.221226 -15.234658
v 37.818591 207.113616 -25.925684
v 47.451675 207.079657 -15.234658
v 0.000000 199.493553 0.000000
v 12.791896 205.340516 9.928804
v 20.311916 207.342138 0.000000
v 20.311916 207.342138 0.000000
v 12.791896 205.340516 9.928804
v 17.641058 221.783491 13.692623
v 27.498875 221.783491 0.000000
v 27.498875 221.783491 0.000000
v 17.641058 221.783491 13.692623
v 13.138926 237.526419 10.198161
v 18.727459 238.126505 0.000000
v 0.000000 244.073429 0.000000
v 18.727459 238.126505 0.000000
v 13.138926 237.526419 10.198161
v 0.000000 199.493553 0.000000
v 0.000000 206.766513 12.377659
v 12.791896 205.340516 9.928804
v 12.791896 205.340516 9.928804
v 0.000000 206.766513 12.377659
v 0.000000 221.783491 19.775089
v 17.641058 221.783491 13.692623
v 17.641058 221.783491 13.692623
v 0.000000 221.783491 19.775089
v 0.000000 237.268355 15.452629
v 13.138926 237.526419 10.198161
v 0.000000 244.073429 0.000000
v 13.138926 237.526419 10.198161
v 0.000000 237.268355 15.452629
v 0.000000 199.493553 0.000000
v -14.695101 205.542335 11.406032
v 0.000000 206.766513 12.377659
v 0.000000 206.766513 12.377659
v -14.695101 205.542335 11.406032
v -18.235416 221.783491 14.153950
v 0.000000 221.783491 19.775089
v 0.000000 221.783491 19.775089
v -18.235416 221.783491 14.153950
v -11.126329 237.280300 8.636025
v 0.000000 237.268355 15.452629
v 0.000000 244.073429 0.000000
v 0.000000 237.268355 15.452629
v -11.126329 237.280300 8.636025
v 0.000000 199.493553 0.000000
v -16.619363 204.414428 0.000000
v -14.695101 205.542335 11.406032
v -14.695101 205.542335 11.406032
v -16.619363 204.414428 0.000000
v -25.279917 221.783491 0.000000
v -18.235416 221.783491 14.153950
v -18.235416 221.783491 14.153950
v -25.279917 221.783491 0.000000
v -16.699835 239.317373 0.000000
v -11.126329 237.280300 8.636025
v 0.000000 244.073429 0.000000
v -11.126329 237.280300 8.636025
v -16.699835 239.317373 0.000000
v 0.000000 199.493553 0.000000
v -12.697285 204.554223 -9.855369
v -16.619363 204.414428 0.000000
v -16.619363 204.414428 0.000000
v -12.697285 204.554223 -9.855369
v -20.744660 221.783491 -16.101574
v -25.279917 221.783491 0.000000
v -25.279917 221.783491 0.000000
v -20.744660 221.783491 -16.101574
v -12.504313 235.128704 -9.705588
v -16.699835 239.317373 0.000000
v 0.000000 244.073429 0.000000
v -16.699835 239.317373 0.000000
v -12.504313 235.128704 -9.705588
v 0.000000 199.493553 0.000000
v -0.000000 203.905064 -16.323218
v -12.697285 204.554223 -9.855369
v -12.697285 204.554223 -9.855369
v -0.000000 203.905064 -16.323218
v -0.000000 221.783491 -17.316993
v -20.744660 221.783491 -16.101574
v -20.744660 221.783491 -16.101574
v -0.000000 221.783491 -17.316993
v -0.000000 239.106996 -15.116922
v -12.504313 235.128704 -9.705588
v 0.000000 244.073429 0.000000
v -12.504313 235.128704 -9.705588
v -0.000000 239.106996 -15.116922
v 0.000000 199.493553 0.000000
v 13.330026 206.588621 -10.346489
v -0.000000 203.905064 -16.323218
v -0.000000 203.905064 -16.323218
v 13.330026 206.588621 -10.346489
v 19.471476 221.783491 -15.113355
v -0.000000 221.783491 -17.316993
v -0.000000 221.783491 -17.316993
v 19.471476 221.783491 -15.113355
v 13.913637 239.641045 -10.799476
v -0.000000 239.106996 -15.116922
v 0.000000 244.073429 0.000000
v -0.000000 239.106996 -15.116922
v 13.913637 239.641045 -10.799476
v 0.000000 199.493553 0.000000
v 20.311916 207.342138 0.000000
v 13.330026 206.588621 -10.346489
v 13.330026 206.588621 -10.346489
v 20.311916 207.342138 0.000000
v 27.498875 221.783491 0.000000
v 19.471476 221.783491 -15.113355
v 19.471476 221.783491 -15.113355
v 27.498875 221.783491 0.000000
v 18.727459 238.126505 0.000000
v 13.913637 239.641045 -10.799476
v 0.000000 244.073429 0.000000
v 13.913637 239.641045 -10.799476
v 18.727459 238.126505 0.000000
vt 0.000000 0.000000
vt 1.000000 0.000000
vt 1.000000 1.000000
vt 0.000000 1.000000
vt 0.500000 1.000000
vt 0.000000 0.000000
vt 1.000000 0.000000
vt 0.000000 0.000000
vt 1.000000 0.000000
vt 1.000000 1.000000
vt 0.000000 1.000000
vt 0.500000 1.000000
vt 0.000000 0.000000
vt 1.000000 0.000000
vt 0.000000 0.000000
vt 1.000000 0.000000
vt 1.000000 1.000000
vt 0.000000 1.000000
vt 0.500000 1.000000
vt 0.000000 0.000000
vt 1.000000 0.000000
vt 0.000000 0.000000
vt 1.000000 0.000000
vt 1.000000 1.000000
vt 0.000000 1.000000
vt 0.500000 1.000000
vt 0.000000 0.000000
vt 1.000000 0.000000
vt 0.000000 0.000000
vt 1.000000 0.000000
vt 1.000000 1.000000
vt 0.000000 1.000000
vt 0.500000 1.000000
vt 0.000000 0.000000
vt 1.000000 0.000000
vt 0.000000 0.000000
vt 1.000000 0.000000
vt 1.000000 1.000000
vt 0.000000 1.000000
vt 0.500000 1.000000
vt 0.000000 0.000000
vt 1.000000 0.000000
vt 0.000000 0.000000
vt 1.000000 0.000000
vt 1.000000 1.000000
vt 0.000000 1.000000
vt 0.500000 1.000000
vt 0.000000 0.000000
vt 1.000000 0.000000
vt 0.000000 0.000000
vt 1.000000 0.000000
vt 1.000000 1.000000
vt 0.000000 1.000000
vt 0.500000 1.000000
vt 0.000000 0.000000
vt 1.000000 0.000000
vt 0.000000 0.000000
vt 1.000000 0.000000
vt 1.000000 1.000000
vt 0.000000 1.000000
vt 0.500000 1.000000
vt 0.000000 0.000000
vt 1.000000 0.000000
vt 0.000000 0.000000
vt 1.000000 0.000000
vt 1.000000 1.000000
vt 0.000000 1.000000
vt 0.000000 0.000000
vt 1.000000 0.000000
vt 1.000000 1.000000
vt 0.000000 1.000000
vt 0.000000 0.000000
vt 1.000000 0.000000
vt 1.000000 1.000000
vt 0.000000 1.000000
vt 0.000000 0.000000
vt 1.000000 0.000000
vt 1.000000 1.000000
vt 0.000000 1.000000
vt 0.000000 0.000000
vt 1.000000 0.000000
vt 1.000000 1.000000
vt 0.000000 1.000000
vt 0.000000 0.000000
vt 1.000000 0.000000
vt 1.000000 1.000000
vt 0.000000 1.000000
vt 0.000000 0.000000
vt 1.000000 0.000000
vt 1.000000 1.000000
vt 0.000000 1.000000
vt 0.000000 0.000000
vt 1.000000 0.000000
vt 1.000000 1.000000
vt 0.000000 1.000000
vt 0.000000 0.000000
vt 1.000000 0.000000
vt 1.000000 1.000000
vt 0.000000 1.000000
vt 0.000000 0.000000
vt 1.000000 0.000000
vt 1.000000 1.000000
vt 0.000000 1.000000
vt 0.500000 1.000000
vt 0.000000 0.000000
vt 1.000000 0.000000
vt 0.000000 0.000000
vt 1.000000 0.000000
vt 1.000000 1.000000
vt 0.000000 1.000000
vt 0.500000 1.000000
vt 0.000000 0.000000
vt 1.000000 0.000000
vt 0.000000 0.000000
vt 1.000000 0.000000
vt 1.000000 1.000000
vt 0.000000 1.000000
vt 0.500000 1.000000
vt 0.000000 0.000000
vt 1.000000 0.000000
vt 0.000000 0.000000
vt 1.000000 0.000000
vt 1.000000 1.000000
vt 0.000000 1.000000
vt 0.500000 1.000000
vt 0.000000 0.000000
vt 1.000000 0.000000
vt 0.000000 0.000000
vt 1.000000 0.000000
vt 1.000000 1.000000
vt 0.000000 1.000000
vt 0.500000 1.000000
vt 0.000000 0.000000
vt 1.000000 0.000000
vt 0.000000 0.000000
vt 1.000000 0.000000
vt 1.000000 1.000000
vt 0.000000 1.000000
vt 0.500000 1.000000
vt 0.000000 0.000000
vt 1.000000 0.000000
vt 0.000000 0.000000
vt 1.000000 0.000000
vt 1.000000 1.000000
vt 0.000000 1.000000
vt 0.500000 1.000000
vt 0.000000 0.000000
vt 1.000000 0.000000
vt 0.000000 0.000000
vt 1.000000 0.000000
vt 1.000000 1.000000
vt 0.000000 1.000000
vt 0.500000 1.000000
vt 0.000000 0.000000
vt 1.000000 0.000000
vt 0.000000 0.000000
vt 1.000000 0.000000
vt 1.000000 1.000000
vt 0.000000 1.000000
vt 0.500000 1.000000
vt 0.000000 0.000000
vt 1.000000 0.000000
vt 0.000000 0.000000
vt 1.000000 0.000000
vt 1.000000 1.000000
vt 0.000000 1.000000
vt 0.500000 1.000000
vt 0.000000 0.000000
vt 1.000000 0.000000
vt 0.000000 0.000000
vt 1.000000 0.000000
vt 1.000000 1.000000
vt 0.000000 1.000000
vt 0.500000 1.000000
vt 0.000000 0.000000
vt 1.000000 0.000000
vt 0.000000 0.000000
vt 1.000000 0.000000
vt 1.000000 1.000000
vt 0.000000 1.000000
vt 0.500000 1.000000
vt 0.000000 0.000000
vt 1.000000 0.000000
vt 0.000000 0.000000
vt 1.000000 0.000000
vt 1.000000 1.000000
vt 0.000000 1.000000
vt 0.500000 1.000000
vt 0.000000 0.000000
vt 1.000000 0.000000
vt 0.000000 0.000000
vt 1.000000 0.000000
vt 1.000000 1.000000
vt 0.000000 1.000000
vt 0.500000 1.000000
vt 0.000000 0.000000
vt 1.000000 0.000000
vt 0.000000 0.000000
vt 1.000000 0.000000
vt 1.000000 1.000000
vt 0.000000 1.000000
vt 0.500000 1.000000
vt 0.000000 0.000000
vt 1.000000 0.000000
vt 0.000000 0.000000
vt 1.000000 0.000000
vt 1.000000 1.000000
vt 0.000000 1.000000
vt 0.500000 1.000000
vt 0.000000 0.000000
vt 1.000000 0.000000
vt 0.000000 0.000000
vt 1.000000 0.000000
vt 1.000000 1.000000
vt 0.000000 1.000000
vt 0.500000 1.000000
vt 0.000000 0.000000
vt 1.000000 0.000000
vt 0.000000 0.000000
vt 1.000000 0.000000
vt 1.000000 1.000000
vt 0.000000 1.000000
vt 0.500000 1.000000
vt 0.000000 0.000000
vt 1.000000 0.000000
vt 0.000000 0.000000
vt 1.000000 0.000000
vt 1.000000 1.000000
vt 0.000000 1.000000
vt 0.500000 1.000000
vt 0.000000 0.000000
vt 1.000000 0.000000
vt 0.000000 0.000000
vt 1.000000 0.000000
vt 1.000000 1.000000
vt 0.000000 1.000000
vt 0.500000 1.000000
vt 0.000000 0.000000
vt 1.000000 0.000000
vt 0.000000 0.000000
vt 1.000000 0.000000
vt 1.000000 1.000000
vt 0.000000 1.000000
vt 0.500000 1.000000
vt 0.000000 0.000000
vt 1.000000 0.000000
vt 0.000000 0.000000
vt 1.000000 0.000000
vt 1.000000 1.000000
vt 0.000000 1.000000
vt 0.500000 1.000000
vt 0.000000 0.000000
vt 1.000000 0.000000
vt 0.000000 0.000000
vt 1.000000 0.000000
vt 1.000000 1.000000
vt 0.000000 1.000000
vt 0.500000 1.000000
vt 0.000000 0.000000
vt 1.000000 0.000000
vt 0.000000 0.000000
vt 1.000000 0.000000
vt 1.000000 1.000000
vt 0.000000 1.000000
vt 0.500000 1.000000
vt 0.000000 0.000000
vt 1.000000 0.000000
vt 0.000000 0.000000
vt 1.000000 0.000000
vt 1.000000 1.000000
vt 0.000000 1.000000
vt 0.500000 1.000000
vt 0.000000 0.000000
vt 1.000000 0.000000
vt 0.000000 0.000000
vt 1.000000 0.000000
vt 1.000000 1.000000
vt 0.000000 1.000000
vt 0.500000 1.000000
vt 0.000000 0.000000
vt 1.000000 0.000000
vt 0.000000 0.000000
vt 1.000000 0.000000
vt 1.000000 1.000000
vt 0.000000 1.000000
vt 0.500000 1.000000
vt 0.000000 0.000000
vt 1.000000 0.000000
vt 0.000000 0.000000
vt 1.000000 0.000000
vt 1.000000 1.000000
vt 0.000000 1.000000
vt 0.500000 1.000000
vt 0.000000 0.000000
vt 1.000000 0.000000
vt 0.000000 0.000000
vt 1.000000 0.000000
vt 1.000000 1.000000
vt 0.000000 1.000000
vt 0.500000 1.000000
vt 0.000000 0.000000
vt 1.000000 0.000000
vt 0.000000 0.000000
vt 1.000000 0.000000
vt 1.000000 1.000000
vt 0.000000 1.000000
vt 0.500000 1.000000
vt 0.000000 0.000000
vt 1.000000 0.000000
vt 0.000000 0.000000
vt 1.000000 0.000000
vt 1.000000 1.000000
vt 0.000000 1.000000
vt 0.500000 1.000000
vt 0.000000 0.000000
vt 1.000000 0.000000
vt 0.000000 0.000000
vt 1.000000 0.000000
vt 1.000000 1.000000
vt 0.000000 1.000000
vt 0.500000 1.000000
vt 0.000000 0.000000
vt 1.000000 0.000000
vt 0.000000 0.000000
vt 1.000000 0.000000
vt 1.000000 1.000000
vt 0.000000 1.000000
vt 0.500000 1.000000
vt 0.000000 0.000000
vt 1.000000 0.000000
vt 0.000000 0.000000
vt 1.000000 0.000000
vt 1.000000 1.000000
vt 0.000000 1.000000
vt 0.500000 1.000000
vt 0.000000 0.000000
vt 1.000000 0.000000
vt 0.000000 0.000000
vt 1.000000 0.000000
vt 1.000000 1.000000
vt 0.000000 1.000000
vt 0.500000 1.000000
vt 0.000000 0.000000
vt 1.000000 0.000000
vt 0.000000 0.000000
vt 1.000000 0.000000
vt 1.000000 1.000000
vt 0.000000 1.000000
vt 0.500000 1.000000
vt 0.000000 0.000000
vt 1.000000 0.000000
vt 0.000000 0.000000
vt 1.000000 0.000000
vt 1.000000 1.000000
vt 0.000000 1.000000
vt 0.500000 1.000000
vt 0.000000 0.000000
vt 1.000000 0.000000
vt 0.000000 0.000000
vt 1.000000 0.000000
vt 1.000000 1.000000
vt 0.000000 1.000000
vt 0.500000 1.000000
vt 0.000000 0.000000
vt 1.000000 0.000000
vt 0.000000 0.000000
vt 1.000000 0.000000
vt 1.000000 1.000000
vt 0.000000 1.000000
vt 0.500000 1.000000
vt 0.000000 0.000000
vt 1.000000 0.000000
vt 0.000000 0.000000
vt 1.000000 0.000000
vt 1.000000 1.000000
vt 0.000000 1.000000
vt 0.500000 1.000000
vt 0.000000 0.000000
vt 1.000000 0.000000
vt 0.000000 0.000000
vt 1.000000 0.000000
vt 1.000000 1.000000
vt 0.000000 1.000000
vt 0.500000 1.000000
vt 0.000000 0.000000
vt 1.000000 0.000000
vt 0.000000 0.000000
vt 1.000000 0.000000
vt 1.000000 1.000000
vt 0.000000 1.000000
vt 0.500000 1.000000
vt 0.000000 0.000000
vt 1.000000 0.000000
vt 0.000000 0.000000
vt 1.000000 0.000000
vt 1.000000 1.000000
vt 0.000000 1.000000
vt 0.500000 1.000000
vt 0.000000 0.000000
vt 1.000000 0.000000
vt 0.000000 0.000000
vt 1.000000 0.000000
vt 1.000000 1.000000
vt 0.000000 1.000000
vt 0.500000 1.000000
vt 0.000000 0.000000
vt 1.000000 0.000000
vt 0.000000 0.000000
vt 1.000000 0.000000
vt 1.000000 1.000000
vt 0.000000 1.000000
vt 0.500000 1.000000
vt 0.000000 0.000000
vt 1.000000 0.000000
vt 0.000000 0.000000
vt 1.000000 0.000000
vt 1.000000 1.000000
vt 0.000000 1.000000
vt 0.500000 1.000000
vt 0.000000 0.000000
vt 1.000000 0.000000
vt 0.000000 0.000000
vt 1.000000 0.000000
vt 1.000000 1.000000
vt 0.000000 1.000000
vt 0.500000 1.000000
vt 0.000000 0.000000
vt 1.000000 0.000000
vt 0.000000 0.000000
vt 1.000000 0.000000
vt 1.000000 1.000000
vt 0.000000 1.000000
vt 0.500000 1.000000
vt 0.000000 0.000000
vt 1.000000 0.000000
vt 0.000000 0.000000
vt 1.000000 0.000000
vt 1.000000 1.000000
vt 0.000000 1.000000
vt 0.500000 1.000000
vt 0.000000 0.000000
vt 1.000000 0.000000
vt 0.000000 0.000000
vt 1.000000 0.000000
vt 1.000000 1.000000
vt 0.000000 1.000000
vt 0.500000 1.000000
vt 0.000000 0.000000
vt 1.000000 0.000000
vt 0.000000 0.000000
vt 1.000000 0.000000
vt 1.000000 1.000000
vt 0.000000 1.000000
vt 0.500000 1.000000
vt 0.000000 0.000000
vt 1.000000 0.000000
vt 0.000000 0.000000
vt 1.000000 0.000000
vt 1.000000 1.000000
vt 0.000000 1.000000
vt 0.500000 1.000000
vt 0.000000 0.000000
vt 1.000000 0.000000
vt 0.000000 0.000000
vt 1.000000 0.000000
vt 1.000000 1.000000
vt 0.000000 1.000000
vt 0.500000 1.000000
vt 0.000000 0.000000
vt 1.000000 0.000000
vt 0.000000 0.000000
vt 1.000000 0.000000
vt 1.000000 1.000000
vt 0.000000 1.000000
vt 0.500000 1.000000
vt 0.000000 0.000000
vt 1.000000 0.000000
vt 0.000000 0.000000
vt 1.000000 0.000000
vt 1.000000 1.000000
vt 0.000000 1.000000
vt 0.500000 1.000000
vt 0.000000 0.000000
vt 1.000000 0.000000
vt 0.000000 0.000000
vt 1.000000 0.000000
vt 1.000000 1.000000
vt 0.000000 1.000000
vt 0.500000 1.000000
vt 0.000000 0.000000
vt 1.000000 0.000000
vt 0.000000 0.000000
vt 1.000000 0.000000
vt 1.000000 1.000000
vt 0.000000 1.000000
vt 0.500000 1.000000
vt 0.000000 0.000000
vt 1.000000 0.000000
vt 0.000000 0.000000
vt 1.000000 0.000000
vt 1.000000 1.000000
vt 0.000000 1.000000
vt 0.500000 1.000000
vt 0.000000 0.000000
vt 1.000000 0.000000
vt 0.000000 0.000000
vt 1.000000 0.000000
vt 1.000000 1.000000
vt 0.000000 1.000000
vt 0.500000 1.000000
vt 0.000000 0.000000
vt 1.000000 0.000000
vt 0.000000 0.000000
vt 1.000000 0.000000
vt 1.000000 1.000000
vt 0.000000 1.000000
vt 0.500000 1.000000
vt 0.000000 0.000000
vt 1.000000 0.000000
vt 0.000000 0.000000
vt 1.000000 0.000000
vt 1.000000 1.000000
vt 0.000000 1.000000
vt 0.500000 1.000000
vt 0.000000 0.000000
vt 1.000000 0.000000
vt 0.000000 0.000000
vt 1.000000 0.000000
vt 1.000000 1.000000
vt 0.000000 1.000000
vt 0.500000 1.000000
vt 0.000000 0.000000
vt 1.000000 0.000000
vt 0.000000 0.000000
vt 1.000000 0.000000
vt 1.000000 1.000000
vt 0.000000 1.000000
vt 0.500000 1.000000
vt 0.000000 0.000000
vt 1.000000 0.000000
vt 0.000000 0.000000
vt 1.000000 0.000000
vt 1.000000 1.000000
vt 0.000000 1.000000
vt 0.500000 1.000000
vt 0.000000 0.000000
vt 1.000000 0.000000
vt 0.000000 0.000000
vt 1.000000 0.000000
vt 1.000000 1.000000
vt 0.000000 1.000000
vt 0.500000 1.000000
vt 0.000000 0.000000
vt 1.000000 0.000000
vt 0.000000 0.000000
vt 1.000000 0.000000
vt 1.000000 1.000000
vt 0.000000 1.000000
vt 0.500000 1.000000
vt 0.000000 0.000000
vt 1.000000 0.000000
vt 0.000000 0.000000
vt 1.000000 0.000000
vt 1.000000 1.000000
vt 0.000000 1.000000
vt 0.500000 1.000000
vt 0.000000 0.000000
vt 1.000000 0.000000
vt 0.000000 0.000000
vt 1.000000 0.000000
vt 1.000000 1.000000
vt 0.000000 1.000000
vt 0.500000 1.000000
vt 0.000000 0.000000
vt 1.000000 0.000000
vt 0.000000 0.000000
vt 1.000000 0.000000
vt 1.000000 1.000000
vt 0.000000 1.000000
vt 0.500000 1.000000
vt 0.000000 0.000000
vt 1.000000 0.000000
vt 0.000000 0.000000
vt 1.000000 0.000000
vt 1.000000 1.000000
vt 0.000000 1.000000
vt 0.500000 1.000000
vt 0.000000 0.000000
vt 1.000000 0.000000
vt 0.000000 0.000000
vt 1.000000 0.000000
vt 1.000000 1.000000
vt 0.000000 1.000000
vt 0.500000 1.000000
vt 0.000000 0.000000
vt 1.000000 0.000000
vt 0.000000 0.000000
vt 1.000000 0.000000
vt 1.000000 1.000000
vt 0.000000 1.000000
vt 0.500000 1.000000
vt 0.000000 0.000000
vt 1.000000 0.000000
vt 0.000000 0.000000
vt 1.000000 0.000000
vt 1.000000 1.000000
vt 0.000000 1.000000
vt 0.500000 1.000000
vt 0.000000 0.000000
vt 1.000000 0.000000
vt 0.000000 0.000000
vt 1.000000 0.000000
vt 1.000000 1.000000
vt 0.000000 1.000000
vt 0.500000 1.000000
vt 0.000000 0.000000
vt 1.000000 0.000000
vt 0.000000 0.000000
vt 1.000000 0.000000
vt 1.000000 1.000000
vt 0.000000 1.000000
vt 0.500000 1.000000
vt 0.000000 0.000000
vt 1.000000 0.000000
vt 0.000000 0.000000
vt 1.000000 0.000000
vt 1.000000 1.000000
vt 0.000000 1.000000
vt 0.500000 1.000000
vt 0.000000 0.000000
vt 1.000000 0.000000
vt 0.000000 0.000000
vt 1.000000 0.000000
vt 1.000000 1.000000
vt 0.000000 1.000000
vt 0.500000 1.000000
vt 0.000000 0.000000
vt 1.000000 0.000000
vt 0.000000 0.000000
vt 1.000000 0.000000
vt 1.000000 1.000000
vt 0.000000 1.000000
vt 0.500000 1.000000
vt 0.000000 0.000000
vt 1.000000 0.000000
vt 0.000000 0.000000
vt 1.000000 0.000000
vt 1.000000 1.000000
vt 0.000000 1.000000
vt 0.500000 1.000000
vt 0.000000 0.000000
vt 1.000000 0.000000
vt 0.000000 0.000000
vt 1.000000 0.000000
vt 1.000000 1.000000
vt 0.000000 1.000000
vt 0.500000 1.000000
vt 0.000000 0.000000
vt 1.000000 0.000000
vt 0.000000 0.000000
vt 1.000000 0.000000
vt 1.000000 1.000000
vt 0.000000 1.000000
vt 0.500000 1.000000
vt 0.000000 0.000000
vt 1.000000 0.000000
vt 0.000000 0.000000
vt 1.000000 0.000000
vt 1.000000 1.000000
vt 0.000000 1.000000
vt 0.500000 1.000000
vt 0.000000 0.000000
vt 1.000000 0.000000
vt 0.000000 0.000000
vt 1.000000 0.000000
vt 1.000000 1.000000
vt 0.000000 1.000000
vt 0.500000 1.000000
vt 0.000000 0.000000
vt 1.000000 0.000000
vt 0.000000 0.000000
vt 1.000000 0.000000
vt 1.000000 1.000000
vt 0.000000 1.000000
vt 0.500000 1.000000
vt 0.000000 0.000000
vt 1.000000 0.000000
vt 0.000000 0.000000
vt 1.000000 0.000000
vt 1.000000 1.000000
vt 0.000000 1.000000
vt 0.500000 1.000000
vt 0.000000 0.000000
vt 1.000000 0.000000
vt 0.000000 0.000000
vt 1.000000 0.000000
vt 1.000000 1.000000
vt 0.000000 1.000000
vt 0.500000 1.000000
vt 0.000000 0.000000
vt 1.000000 0.000000
vt 0.000000 0.000000
vt 1.000000 0.000000
vt 1.000000 1.000000
vt 0.000000 1.000000
vt 0.500000 1.000000
vt 0.000000 0.000000
vt 1.000000 0.000000
vt 0.000000 0.000000
vt 1.000000 0.000000
vt 1.000000 1.000000
vt 0.000000 1.000000
vt 0.500000 1.000000
vt 0.000000 0.000000
vt 1.000000 0.000000
vt 0.000000 0.000000
vt 1.000000 0.000000
vt 1.000000 1.000000
vt 0.000000 1.000000
vt 0.500000 1.000000
vt 0.000000 0.000000
vt 1.000000 0.000000
vt 0.000000 0.000000
vt 1.000000 0.000000
vt 1.000000 1.000000
vt 0.000000 1.000000
vt 0.500000 1.000000
vt 0.000000 0.000000
vt 1.000000 0.000000
vt 0.000000 0.000000
vt 1.000000 0.000000
vt 1.000000 1.000000
vt 0.000000 1.000000
vt 0.500000 1.000000
vt 0.000000 0.000000
vt 1.000000 0.000000
vt 0.000000 0.000000
vt 1.000000 0.000000
vt 1.000000 1.000000
vt 0.000000 1.000000
vt 0.500000 1.000000
vt 0.000000 0.000000
vt 1.000000 0.000000
vt 0.000000 0.000000
vt 1.000000 0.000000
vt 1.000000 1.000000
vt 0.000000 1.000000
vt 0.500000 1.000000
vt 0.000000 0.000000
vt 1.000000 0.000000
vt 0.000000 0.000000
vt 1.000000 0.000000
vt 1.000000 1.000000
vt 0.000000 1.000000
vt 0.500000 1.000000
vt 0.000000 0.000000
vt 1.000000 0.000000
vt 0.000000 0.000000
vt 1.000000 0.000000
vt 1.000000 1.000000
vt 0.000000 1.000000
vt 0.500000 1.000000
vt 0.000000 0.000000
vt 1.000000 0.000000
vt 0.000000 0.000000
vt 1.000000 0.000000
vt 1.000000 1.000000
vt 0.000000 1.000000
vt 0.500000 1.000000
vt 0.000000 0.000000
vt 1.000000 0.000000
vt 0.000000 0.000000
vt 1.000000 0.000000
vt 1.000000 1.000000
vt 0.000000 1.000000
vt 0.500000 1.000000
vt 0.000000 0.000000
vt 1.000000 0.000000
vt 0.000000 0.000000
vt 1.000000 0.000000
vt 1.000000 1.000000
vt 0.000000 1.000000
vt 0.500000 1.000000
vt 0.000000 0.000000
vt 1.000000 0.000000
vt 0.000000 0.000000
vt 1.000000 0.000000
vt 1.000000 1.000000
vt 0.000000 1.000000
vt 0.500000 1.000000
vt 0.000000 0.000000
vt 1.000000 0.000000
vt 0.000000 0.000000
vt 1.000000 0.000000
vt 1.000000 1.000000
vt 0.000000 1.000000
vt 0.500000 1.000000
vt 0.000000 0.000000
vt 1.000000 0.000000
vt 0.000000 0.000000
vt 1.000000 0.000000
vt 1.000000 1.000000
vt 0.000000 1.000000
vt 0.500000 1.000000
vt 0.000000 0.000000
vt 1.000000 0.000000
vt 0.000000 0.000000
vt 1.000000 0.000000
vt 1.000000 1.000000
vt 0.000000 1.000000
vt 0.500000 1.000000
vt 0.000000 0.000000
vt 1.000000 0.000000
vt 0.000000 0.000000
vt 1.000000 0.000000
vt 1.000000 1.000000
vt 0.000000 1.000000
vt 0.500000 1.000000
vt 0.000000 0.000000
vt 1.000000 0.000000
vt 0.000000 0.000000
vt 1.000000 0.000000
vt 1.000000 1.000000
vt 0.000000 1.000000
vt 0.500000 1.000000
vt 0.000000 0.000000
vt 1.000000 0.000000
vt 0.000000 0.000000
vt 1.000000 0.000000
vt 1.000000 1.000000
vt 0.000000 1.000000
vt 0.500000 1.000000
vt 0.000000 0.000000
vt 1.000000 0.000000
vt 0.000000 0.000000
vt 1.000000 0.000000
vt 1.000000 1.000000
vt 0.000000 1.000000
vt 0.500000 1.000000
vt 0.000000 0.000000
vt 1.000000 0.000000
vt 0.000000 0.000000
vt 1.000000 0.000000
vt 1.000000 1.000000
vt 0.000000 1.000000
vt 0.500000 1.000000
vt 0.000000 0.000000
vt 1.000000 0.000000
vt 0.000000 0.000000
vt 1.000000 0.000000
vt 1.000000 1.000000
vt 0.000000 1.000000
vt 0.500000 1.000000
vt 0.000000 0.000000
vt 1.000000 0.000000
vt 0.000000 0.000000
vt 1.000000 0.000000
vt 1.000000 1.000000
vt 0.000000 1.000000
vt 0.500000 1.000000
vt 0.000000 0.000000
vt 1.000000 0.000000
vt 0.000000 0.000000
vt 1.000000 0.000000
vt 1.000000 1.000000
vt 0.000000 1.000000
vt 0.500000 1.000000
vt 0.000000 0.000000
vt 1.000000 0.000000
vt 0.000000 0.000000
vt 1.000000 0.000000
vt 1.000000 1.000000
vt 0.000000 1.000000
vt 0.500000 1.000000
vt 0.000000 0.000000
vt 1.000000 0.000000
vt 0.000000 0.000000
vt 1.000000 0.000000
vt 1.000000 1.000000
vt 0.000000 1.000000
vt 0.500000 1.000000
vt 0.000000 0.000000
vt 1.000000 0.000000
vt 0.000000 0.000000
vt 1.000000 0.000000
vt 1.000000 1.000000
vt 0.000000 1.000000
vt 0.500000 1.000000
vt 0.000000 0.000000
vt 1.000000 0.000000
vt 0.000000 0.000000
vt 1.000000 0.000000
vt 1.000000 1.000000
vt 0.000000 1.000000
vt 0.500000 1.000000
vt 0.000000 0.000000
vt 1.000000 0.000000
vt 0.000000 0.000000
vt 1.000000 0.000000
vt 1.000000 1.000000
vt 0.000000 1.000000
vt 0.500000 1.000000
vt 0.000000 0.000000
vt 1.000000 0.000000
vt 0.000000 0.000000
vt 1.000000 0.000000
vt 1.000000 1.000000
vt 0.000000 1.000000
vt 0.500000 1.000000
vt 0.000000 0.000000
vt 1.000000 0.000000
vt 0.000000 0.000000
vt 1.000000 0.000000
vt 1.000000 1.000000
vt 0.000000 1.000000
vt 0.500000 1.000000
vt 0.000000 0.000000
vt 1.000000 0.000000
vt 0.500000 1.000000
vt 0.000000 0.000000
vt 1.000000 0.000000
vt 0.000000 0.000000
vt 1.000000 0.000000
vt 1.000000 1.000000
vt 0.000000 1.000000
vt 0.000000 0.000000
vt 1.000000 0.000000
vt 1.000000 1.000000
vt 0.000000 1.000000
vt 0.500000 1.000000
vt 0.000000 0.000000
vt 1.000000 0.000000
vt 0.500000 1.000000
vt 0.000000 0.000000
vt 1.000000 0.000000
vt 0.000000 0.000000
vt 1.000000 0.000000
vt 1.000000 1.000000
vt 0.000000 1.000000
vt 0.000000 0.000000
vt 1.000000 0.000000
vt 1.000000 1.000000
vt 0.000000 1.000000
vt 0.500000 1.000000
vt 0.000000 0.000000
vt 1.000000 0.000000
vt 0.500000 1.000000
vt 0.000000 0.000000
vt 1.000000 0.000000
vt 0.000000 0.000000
vt 1.000000 0.000000
vt 1.000000 1.000000
vt 0.000000 1.000000
vt 0.000000 0.000000
vt 1.000000 0.000000
vt 1.000000 1.000000
vt 0.000000 1.000000
vt 0.500000 1.000000
vt 0.000000 0.000000
vt 1.000000 0.000000
vt 0.500000 1.000000
vt 0.000000 0.000000
vt 1.000000 0.000000
vt 0.000000 0.000000
vt 1.000000 0.000000
vt 1.000000 1.000000
vt 0.000000 1.000000
vt 0.000000 0.000000
vt 1.000000 0.000000
vt 1.000000 1.000000
vt 0.000000 1.000000
vt 0.500000 1.000000
vt 0.000000 0.000000
vt 1.000000 0.000000
vt 0.500000 1.000000
vt 0.000000 0.000000
vt 1.000000 0.000000
vt 0.000000 0.000000
vt 1.000000 0.000000
vt 1.000000 1.000000
vt 0.000000 1.000000
vt 0.000000 0.000000
vt 1.000000 0.000000
vt 1.000000 1.000000
vt 0.000000 1.000000
vt 0.500000 1.000000
vt 0.000000 0.000000
vt 1.000000 0.000000
vt 0.500000 1.000000
vt 0.000000 0.000000
vt 1.000000 0.000000
vt 0.000000 0.000000
vt 1.000000 0.000000
vt 1.000000 1.000000
vt 0.000000 1.000000
vt 0.000000 0.000000
vt 1.000000 0.000000
vt 1.000000 1.000000
vt 0.000000 1.000000
vt 0.500000 1.000000
vt 0.000000 0.000000
vt 1.000000 0.000000
vt 0.500000 1.000000
vt 0.000000 0.000000
vt 1.000000 0.000000
vt 0.000000 0.000000
vt 1.000000 0.000000
vt 1.000000 1.000000
vt 0.000000 1.000000
vt 0.000000 0.000000
vt 1.000000 0.000000
vt 1.000000 1.000000
vt 0.000000 1.000000
vt 0.500000 1.000000
vt 0.000000 0.000000
vt 1.000000 0.000000
vt 0.500000 1.000000
vt 0.000000 0.000000
vt 1.000000 0.000000
vt 0.000000 0.000000
vt 1.000000 0.000000
vt 1.000000 1.000000
vt 0.000000 1.000000
vt 0.000000 0.000000
vt 1.000000 0.000000
vt 1.000000 1.000000
vt 0.000000 1.000000
vt 0.500000 1.000000
vt 0.000000 0.000000
vt 1.000000 0.000000
vt 0.500000 1.000000
vt 0.000000 0.000000
vt 1.000000 0.000000
vt 0.000000 0.000000
vt 1.000000 0.000000
vt 1.000000 1.000000
vt 0.000000 1.000000
vt 0.000000 0.000000
vt 1.000000 0.000000
vt 1.000000 1.000000
vt 0.000000 1.000000
vt 0.500000 1.000000
vt 0.000000 0.000000
vt 1.000000 0.000000
vt 0.500000 1.000000
vt 0.000000 0.000000
vt 1.000000 0.000000
vt 0.000000 0.000000
vt 1.000000 0.000000
vt 1.000000 1.000000
vt 0.000000 1.000000
vt 0.000000 0.000000
vt 1.000000 0.000000
vt 1.000000 1.000000
vt 0.000000 1.000000
vt 0.500000 1.000000
vt 0.000000 0.000000
vt 1.000000 0.000000
vt 0.500000 1.000000
vt 0.000000 0.000000
vt 1.000000 0.000000
vt 0.000000 0.000000
vt 1.000000 0.000000
vt 1.000000 1.000000
vt 0.000000 1.000000
vt 0.000000 0.000000
vt 1.000000 0.000000
vt 1.000000 1.000000
vt 0.000000 1.000000
vt 0.500000 1.000000
vt 0.000000 0.000000
vt 1.000000 0.000000
vt 0.500000 1.000000
vt 0.000000 0.000000
vt 1.000000 0.000000
vt 0.000000 0.000000
vt 1.000000 0.000000
vt 1.000000 1.000000
vt 0.000000 1.000000
vt 0.000000 0.000000
vt 1.000000 0.000000
vt 1.000000 1.000000
vt 0.000000 1.000000
vt 0.500000 1.000000
vt 0.000000 0.000000
vt 1.000000 0.000000
vt 0.500000 1.000000
vt 0.000000 0.000000
vt 1.000000 0.000000
vt 0.000000 0.000000
vt 1.000000 0.000000
vt 1.000000 1.000000
vt 0.000000 1.000000
vt 0.000000 0.000000
vt 1.000000 0.000000
vt 1.000000 1.000000
vt 0.000000 1.000000
vt 0.500000 1.000000
vt 0.000000 0.000000
vt 1.000000 0.000000
vt 0.500000 1.000000
vt 0.000000 0.000000
vt 1.000000 0.000000
vt 0.000000 0.000000
vt 1.000000 0.000000
vt 1.000000 1.000000
vt 0.000000 1.000000
vt 0.000000 0.000000
vt 1.000000 0.000000
vt 1.000000 1.000000
vt 0.000000 1.000000
vt 0.500000 1.000000
vt 0.000000 0.000000
vt 1.000000 0.000000
vt 0.500000 1.000000
vt 0.000000 0.000000
vt 1.000000 0.000000
vt 0.000000 0.000000
vt 1.000000 0.000000
vt 1.000000 1.000000
vt 0.000000 1.000000
vt 0.000000 0.000000
vt 1.000000 0.000000
vt 1.000000 1.000000
vt 0.000000 1.000000
vt 0.500000 1.000000
vt 0.000000 0.000000
vt 1.000000 0.000000
vt 0.500000 1.000000
vt 0.000000 0.000000
vt 1.000000 0.000000
vt 0.000000 0.000000
vt 1.000000 0.000000
vt 1.000000 1.000000
vt 0.000000 1.000000
vt 0.000000 0.000000
vt 1.000000 0.000000
vt 1.000000 1.000000
vt 0.000000 1.000000
vt 0.500000 1.000000
vt 0.000000 0.000000
vt 1.000000 0.000000
vt 0.500000 1.000000
vt 0.000000 0.000000
vt 1.000000 0.000000
vt 0.000000 0.000000
vt 1.000000 0.000000
vt 1.000000 1.000000
vt 0.000000 1.000000
vt 0.000000 0.000000
vt 1.000000 0.000000
vt 1.000000 1.000000
vt 0.000000 1.000000
vt 0.500000 1.000000
vt 0.000000 0.000000
vt 1.000000 0.000000
vt 0.500000 1.000000
vt 0.000000 0.000000
vt 1.000000 0.000000
vt 0.000000 0.000000
vt 1.000000 0.000000
vt 1.000000 1.000000
vt 0.000000 1.000000
vt 0.000000 0.000000
vt 1.000000 0.000000
vt 1.000000 1.000000
vt 0.000000 1.000000
vt 0.500000 1.000000
vt 0.000000 0.000000
vt 1.000000 0.000000
vt 0.500000 1.000000
vt 0.000000 0.000000
vt 1.000000 0.000000
vt 0.000000 0.000000
vt 1.000000 0.000000
vt 1.000000 1.000000
vt 0.000000 1.000000
vt 0.000000 0.000000
vt 1.000000 0.000000
vt 1.000000 1.000000
vt 0.000000 1.000000
vt 0.500000 1.000000
vt 0.000000 0.000000
vt 1.000000 0.000000
vt 0.500000 1.000000
vt 0.000000 0.000000
vt 1.000000 0.000000
vt 0.000000 0.000000
vt 1.000000 0.000000
vt 1.000000 1.000000
vt 0.000000 1.000000
vt 0.000000 0.000000
vt 1.000000 0.000000
vt 1.000000 1.000000
vt 0.000000 1.000000
vt 0.500000 1.000000
vt 0.000000 0.000000
vt 1.000000 0.000000
vt 0.500000 1.000000
vt 0.000000 0.000000
vt 1.000000 0.000000
vt 0.000000 0.000000
vt 1.000000 0.000000
vt 1.000000 1.000000
vt 0.000000 1.000000
vt 0.000000 0.000000
vt 1.000000 0.000000
vt 1.000000 1.000000
vt 0.000000 1.000000
vt 0.500000 1.000000
vt 0.000000 0.000000
vt 1.000000 0.000000
vt 0.500000 1.000000
vt 0.000000 0.000000
vt 1.000000 0.000000
vt 0.000000 0.000000
vt 1.000000 0.000000
vt 1.000000 1.000000
vt 0.000000 1.000000
vt 0.000000 0.000000
vt 1.000000 0.000000
vt 1.000000 1.000000
vt 0.000000 1.000000
vt 0.500000 1.000000
vt 0.000000 0.000000
vt 1.000000 0.000000
vt 0.500000 1.000000
vt 0.000000 0.000000
vt 1.000000 0.000000
vt 0.000000 0.000000
vt 1.000000 0.000000
vt 1.000000 1.000000
vt 0.000000 1.000000
vt 0.000000 0.000000
vt 1.000000 0.000000
vt 1.000000 1.000000
vt 0.000000 1.000000
vt 0.500000 1.000000
vt 0.000000 0.000000
vt 1.000000 0.000000
vt 0.500000 1.000000
vt 0.000000 0.000000
vt 1.000000 0.000000
vt 0.000000 0.000000
vt 1.000000 0.000000
vt 1.000000 1.000000
vt 0.000000 1.000000
vt 0.000000 0.000000
vt 1.000000 0.000000
vt 1.000000 1.000000
vt 0.000000 1.000000
vt 0.500000 1.000000
vt 0.000000 0.000000
vt 1.000000 0.000000
vt 0.500000 1.000000
vt 0.000000 0.000000
vt 1.000000 0.000000
vt 0.000000 0.000000
vt 1.000000 0.000000
vt 1.000000 1.000000
vt 0.000000 1.000000
vt 0.000000 0.000000
vt 1.000000 0.000000
vt 1.000000 1.000000
vt 0.000000 1.000000
vt 0.500000 1.000000
vt 0.000000 0.000000
vt 1.000000 0.000000
vt 0.500000 1.000000
vt 0.000000 0.000000
vt 1.000000 0.000000
vt 0.000000 0.000000
vt 1.000000 0.000000
vt 1.000000 1.000000
vt 0.000000 1.000000
vt 0.000000 0.000000
vt 1.000000 0.000000
vt 1.000000 1.000000
vt 0.000000 1.000000
vt 0.500000 1.000000
vt 0.000000 0.000000
vt 1.000000 0.000000
vt 0.500000 1.000000
vt 0.000000 0.000000
vt 1.000000 0.000000
vt 0.000000 0.000000
vt 1.000000 0.000000
vt 1.000000 1.000000
vt 0.000000 1.000000
vt 0.000000 0.000000
vt 1.000000 0.000000
vt 1.000000 1.000000
vt 0.000000 1.000000
vt 0.500000 1.000000
vt 0.000000 0.000000
vt 1.000000 0.000000
vt 0.500000 1.000000
vt 0.000000 0.000000
vt 1.000000 0.000000
vt 0.000000 0.000000
vt 1.000000 0.000000
vt 1.000000 1.000000
vt 0.000000 1.000000
vt 0.000000 0.000000
vt 1.000000 0.000000
vt 1.000000 1.000000
vt 0.000000 1.000000
vt 0.500000 1.000000
vt 0.000000 0.000000
vt 1.000000 0.000000
vt 0.500000 1.000000
vt 0.000000 0.000000
vt 1.000000 0.000000
vt 0.000000 0.000000
vt 1.000000 0.000000
vt 1.000000 1.000000
vt 0.000000 1.000000
vt 0.000000 0.000000
vt 1.000000 0.000000
vt 1.000000 1.000000
vt 0.000000 1.000000
vt 0.500000 1.000000
vt 0.000000 0.000000
vt 1.000000 0.000000
vt 0.500000 1.000000
vt 0.000000 0.000000
vt 1.000000 0.000000
vt 0.000000 0.000000
vt 1.000000 0.000000
vt 1.000000 1.000000
vt 0.000000 1.000000
vt 0.000000 0.000000
vt 1.000000 0.000000
vt 1.000000 1.000000
vt 0.000000 1.000000
vt 0.500000 1.000000
vt 0.000000 0.000000
vt 1.000000 0.000000
vt 0.500000 1.000000
vt 0.000000 0.000000
vt 1.000000 0.000000
vt 0.000000 0.000000
vt 1.000000 0.000000
vt 1.000000 1.000000
vt 0.000000 1.000000
vt 0.000000 0.000000
vt 1.000000 0.000000
vt 1.000000 1.000000
vt 0.000000 1.000000
vt 0.500000 1.000000
vt 0.000000 0.000000
vt 1.000000 0.000000
vt 0.500000 1.000000
vt 0.000000 0.000000
vt 1.000000 0.000000
vt 0.000000 0.000000
vt 1.000000 0.000000
vt 1.000000 1.000000
vt 0.000000 1.000000
vt 0.000000 0.000000
vt 1.000000 0.000000
vt 1.000000 1.000000
vt 0.000000 1.000000
vt 0.500000 1.000000
vt 0.000000 0.000000
vt 1.000000 0.000000
vt 0.500000 1.000000
vt 0.000000 0.000000
vt 1.000000 0.000000
vt 0.000000 0.000000
vt 1.000000 0.000000
vt 1.000000 1.000000
vt 0.000000 1.000000
vt 0.000000 0.000000
vt 1.000000 0.000000
vt 1.000000 1.000000
vt 0.000000 1.000000
vt 0.500000 1.000000
vt 0.000000 0.000000
vt 1.000000 0.000000
vt 0.500000 1.000000
vt 0.000000 0.000000
vt 1.000000 0.000000
vt 0.000000 0.000000
vt 1.000000 0.000000
vt 1.000000 1.000000
vt 0.000000 1.000000
vt 0.000000 0.000000
vt 1.000000 0.000000
vt 1.000000 1.000000
vt 0.000000 1.000000
vt 0.500000 1.000000
vt 0.000000 0.000000
vt 1.000000 0.000000
vt 0.500000 1.000000
vt 0.000000 0.000000
vt 1.000000 0.000000
vt 0.000000 0.000000
vt 1.000000 0.000000
vt 1.000000 1.000000
vt 0.000000 1.000000
vt 0.000000 0.000000
vt 1.000000 0.000000
vt 1.000000 1.000000
vt 0.000000 1.000000
vt 0.500000 1.000000
vt 0.000000 0.000000
vt 1.000000 0.000000
vt 0.500000 1.000000
vt 0.000000 0.000000
vt 1.000000 0.000000
vt 0.000000 0.000000
vt 1.000000 0.000000
vt 1.000000 1.000000
vt 0.000000 1.000000
vt 0.000000 0.000000
vt 1.000000 0.000000
vt 1.000000 1.000000
vt 0.000000 1.000000
vt 0.500000 1.000000
vt 0.000000 0.000000
vt 1.000000 0.000000
vt 0.500000 1.000000
vt 0.000000 0.000000
vt 1.000000 0.000000
vt 0.000000 0.000000
vt 1.000000 0.000000
vt 1.000000 1.000000
vt 0.000000 1.000000
vt 0.000000 0.000000
vt 1.000000 0.000000
vt 1.000000 1.000000
vt 0.000000 1.000000
vt 0.500000 1.000000
vt 0.000000 0.000000
vt 1.000000 0.000000
vt 0.500000 1.000000
vt 0.000000 0.000000
vt 1.000000 0.000000
vt 0.000000 0.000000
vt 1.000000 0.000000
vt 1.000000 1.000000
vt 0.000000 1.000000
vt 0.000000 0.000000
vt 1.000000 0.000000
vt 1.000000 1.000000
vt 0.000000 1.000000
vt 0.500000 1.000000
vt 0.000000 0.000000
vt 1.000000 0.000000
vt 0.500000 1.000000
vt 0.000000 0.000000
vt 1.000000 0.000000
vt 0.000000 0.000000
vt 1.000000 0.000000
vt 1.000000 1.000000
vt 0.000000 1.000000
vt 0.000000 0.000000
vt 1.000000 0.000000
vt 1.000000 1.000000
vt 0.000000 1.000000
vt 0.500000 1.000000
vt 0.000000 0.000000
vt 1.000000 0.000000
vt 0.500000 1.000000
vt 0.000000 0.000000
vt 1.000000 0.000000
vt 0.000000 0.000000
vt 1.000000 0.000000
vt 1.000000 1.000000
vt 0.000000 1.000000
vt 0.000000 0.000000
vt 1.000000 0.000000
vt 1.000000 1.000000
vt 0.000000 1.000000
vt 0.500000 1.000000
vt 0.000000 0.000000
vt 1.000000 0.000000
vt 0.500000 1.000000
vt 0.000000 0.000000
vt 1.000000 0.000000
vt 0.000000 0.000000
vt 1.000000 0.000000
vt 1.000000 1.000000
vt 0.000000 1.000000
vt 0.000000 0.000000
vt 1.000000 0.000000
vt 1.000000 1.000000
vt 0.000000 1.000000
vt 0.500000 1.000000
vt 0.000000 0.000000
vt 1.000000 0.000000
vt 0.500000 1.000000
vt 0.000000 0.000000
vt 1.000000 0.000000
vt 0.000000 0.000000
vt 1.000000 0.000000
vt 1.000000 1.000000
vt 0.000000 1.000000
vt 0.000000 0.000000
vt 1.000000 0.000000
vt 1.000000 1.000000
vt 0.000000 1.000000
vt 0.500000 1.000000
vt 0.000000 0.000000
vt 1.000000 0.000000
vt 0.500000 1.000000
vt 0.000000 0.000000
vt 1.000000 0.000000
vt 0.000000 0.000000
vt 1.000000 0.000000
vt 1.000000 1.000000
vt 0.000000 1.000000
vt 0.000000 0.000000
vt 1.000000 0.000000
vt 1.000000 1.000000
vt 0.000000 1.000000
vt 0.500000 1.000000
vt 0.000000 0.000000
vt 1.000000 0.000000
vt 0.500000 1.000000
vt 0.000000 0.000000
vt 1.000000 0.000000
vt 0.000000 0.000000
vt 1.000000 0.000000
vt 1.000000 1.000000
vt 0.000000 1.000000
vt 0.000000 0.000000
vt 1.000000 0.000000
vt 1.000000 1.000000
vt 0.000000 1.000000
vt 0.500000 1.000000
vt 0.000000 0.000000
vt 1.000000 0.000000
vt 0.500000 1.000000
vt 0.000000 0.000000
vt 1.000000 0.000000
vt 0.000000 0.000000
vt 1.000000 0.000000
vt 1.000000 1.000000
vt 0.000000 1.000000
vt 0.000000 0.000000
vt 1.000000 0.000000
vt 1.000000 1.000000
vt 0.000000 1.000000
vt 0.500000 1.000000
vt 0.000000 0.000000
vt 1.000000 0.000000
vt 0.500000 1.000000
vt 0.000000 0.000000
vt 1.000000 0.000000
vt 0.000000 0.000000
vt 1.000000 0.000000
vt 1.000000 1.000000
vt 0.000000 1.000000
vt 0.000000 0.000000
vt 1.000000 0.000000
vt 1.000000 1.000000
vt 0.000000 1.000000
vt 0.500000 1.000000
vt 0.000000 0.000000
vt 1.000000 0.000000
vt 0.500000 1.000000
vt 0.000000 0.000000
vt 1.000000 0.000000
vt 0.000000 0.000000
vt 1.000000 0.000000
vt 1.000000 1.000000
vt 0.000000 1.000000
vt 0.000000 0.000000
vt 1.000000 0.000000
vt 1.000000 1.000000
vt 0.000000 1.000000
vt 0.500000 1.000000
vt 0.000000 0.000000
vt 1.000000 0.000000
vt 0.500000 1.000000
vt 0.000000 0.000000
vt 1.000000 0.000000
vt 0.000000 0.000000
vt 1.000000 0.000000
vt 1.000000 1.000000
vt 0.000000 1.000000
vt 0.000000 0.000000
vt 1.000000 0.000000
vt 1.000000 1.000000
vt 0.000000 1.000000
vt 0.500000 1.000000
vt 0.000000 0.000000
vt 1.000000 0.000000
vt 0.500000 1.000000
vt 0.000000 0.000000
vt 1.000000 0.000000
vt 0.000000 0.000000
vt 1.000000 0.000000
vt 1.000000 1.000000
vt 0.000000 1.000000
vt 0.000000 0.000000
vt 1.000000 0.000000
vt 1.000000 1.000000
vt 0.000000 1.000000
vt 0.500000 1.000000
vt 0.000000 0.000000
vt 1.000000 0.000000
vt 0.500000 1.000000
vt 0.000000 0.000000
vt 1.000000 0.000000
vt 0.000000 0.000000
vt 1.000000 0.000000
vt 1.000000 1.000000
vt 0.000000 1.000000
vt 0.000000 0.000000
vt 1.000000 0.000000
vt 1.000000 1.000000
vt 0.000000 1.000000
vt 0.500000 1.000000
vt 0.000000 0.000000
vt 1.000000 0.000000
vt 0.500000 1.000000
vt 0.000000 0.000000
vt 1.000000 0.000000
vt 0.000000 0.000000
vt 1.000000 0.000000
vt 1.000000 1.000000
vt 0.000000 1.000000
vt 0.000000 0.000000
vt 1.000000 0.000000
vt 1.000000 1.000000
vt 0.000000 1.000000
vt 0.500000 1.000000
vt 0.000000 0.000000
vt 1.000000 0.000000
vt 0.500000 1.000000
vt 0.000000 0.000000
vt 1.000000 0.000000
vt 0.000000 0.000000
vt 1.000000 0.000000
vt 1.000000 1.000000
vt 0.000000 1.000000
vt 0.000000 0.000000
vt 1.000000 0.000000
vt 1.000000 1.000000
vt 0.000000 1.000000
vt 0.500000 1.000000
vt 0.000000 0.000000
vt 1.000000 0.000000
vt 0.500000 1.000000
vt 0.000000 0.000000
vt 1.000000 0.000000
vt 0.000000 0.000000
vt 1.000000 0.000000
vt 1.000000 1.000000
vt 0.000000 1.000000
vt 0.000000 0.000000
vt 1.000000 0.000000
vt 1.000000 1.000000
vt 0.000000 1.000000
vt 0.500000 1.000000
vt 0.000000 0.000000
vt 1.000000 0.000000
vt 0.500000 1.000000
vt 0.000000 0.000000
vt 1.000000 0.000000
vt 0.000000 0.000000
vt 1.000000 0.000000
vt 1.000000 1.000000
vt 0.000000 1.000000
vt 0.000000 0.000000
vt 1.000000 0.000000
vt 1.000000 1.000000
vt 0.000000 1.000000
vt 0.500000 1.000000
vt 0.000000 0.000000
vt 1.000000 0.000000
vt 0.500000 1.000000
vt 0.000000 0.000000
vt 1.000000 0.000000
vt 0.000000 0.000000
vt 1.000000 0.000000
vt 1.000000 1.000000
vt 0.000000 1.000000
vt 0.000000 0.000000
vt 1.000000 0.000000
vt 1.000000 1.000000
vt 0.000000 1.000000
vt 0.500000 1.000000
vt 0.000000 0.000000
vt 1.000000 0.000000
vt 0.500000 1.000000
vt 0.000000 0.000000
vt 1.000000 0.000000
vt 0.000000 0.000000
vt 1.000000 0.000000
vt 1.000000 1.000000
vt 0.000000 1.000000
vt 0.000000 0.000000
vt 1.000000 0.000000
vt 1.000000 1.000000
vt 0.000000 1.000000
vt 0.500000 1.000000
vt 0.000000 0.000000
vt 1.000000 0.000000
vt 0.500000 1.000000
vt 0.000000 0.000000
vt 1.000000 0.000000
vt 0.000000 0.000000
vt 1.000000 0.000000
vt 1.000000 1.000000
vt 0.000000 1.000000
vt 0.000000 0.000000
vt 1.000000 0.000000
vt 1.000000 1.000000
vt 0.000000 1.000000
vt 0.500000 1.000000
vt 0.000000 0.000000
vt 1.000000 0.000000
vt 0.500000 1.000000
vt 0.000000 0.000000
vt 1.000000 0.000000
vt 0.000000 0.000000
vt 1.000000 0.000000
vt 1.000000 1.000000
vt 0.000000 1.000000
vt 0.000000 0.000000
vt 1.000000 0.000000
vt 1.000000 1.000000
vt 0.000000 1.000000
vt 0.500000 1.000000
vt 0.000000 0.000000
vt 1.000000 0.000000
vt 0.500000 1.000000
vt 0.000000 0.000000
vt 1.000000 0.000000
vt 0.000000 0.000000
vt 1.000000 0.000000
vt 1.000000 1.000000
vt 0.000000 1.000000
vt 0.000000 0.000000
vt 1.000000 0.000000
vt 1.000000 1.000000
vt 0.000000 1.000000
vt 0.500000 1.000000
vt 0.000000 0.000000
vt 1.000000 0.000000
vt 0.500000 1.000000
vt 0.000000 0.000000
vt 1.000000 0.000000
vt 0.000000 0.000000
vt 1.000000 0.000000
vt 1.000000 1.000000
vt 0.000000 1.000000
vt 0.000000 0.000000
vt 1.000000 0.000000
vt 1.000000 1.000000
vt 0.000000 1.000000
vt 0.500000 1.000000
vt 0.000000 0.000000
vt 1.000000 0.000000
vt 0.500000 1.000000
vt 0.000000 0.000000
vt 1.000000 0.000000
vt 0.000000 0.000000
vt 1.000000 0.000000
vt 1.000000 1.000000
vt 0.000000 1.000000
vt 0.000000 0.000000
vt 1.000000 0.000000
vt 1.000000 1.000000
vt 0.000000 1.000000
vt 0.500000 1.000000
vt 0.000000 0.000000
vt 1.000000 0.000000
vt 0.500000 1.000000
vt 0.000000 0.000000
vt 1.000000 0.000000
vt 0.000000 0.000000
vt 1.000000 0.000000
vt 1.000000 1.000000
vt 0.000000 1.000000
vt 0.000000 0.000000
vt 1.000000 0.000000
vt 1.000000 1.000000
vt 0.000000 1.000000
vt 0.500000 1.000000
vt 0.000000 0.000000
vt 1.000000 0.000000
vt 0.500000 1.000000
vt 0.000000 0.000000
vt 1.000000 0.000000
vt 0.000000 0.000000
vt 1.000000 0.000000
vt 1.000000 1.000000
vt 0.000000 1.000000
vt 0.000000 0.000000
vt 1.000000 0.000000
vt 1.000000 1.000000
vt 0.000000 1.000000
vt 0.500000 1.000000
vt 0.000000 0.000000
vt 1.000000 0.000000
vt 0.500000 1.000000
vt 0.000000 0.000000
vt 1.000000 0.000000
vt 0.000000 0.000000
vt 1.000000 0.000000
vt 1.000000 1.000000
vt 0.000000 1.000000
vt 0.000000 0.000000
vt 1.000000 0.000000
vt 1.000000 1.000000
vt 0.000000 1.000000
vt 0.500000 1.000000
vt 0.000000 0.000000
vt 1.000000 0.000000
vt 0.500000 1.000000
vt 0.000000 0.000000
vt 1.000000 0.000000
vt 0.000000 0.000000
vt 1.000000 0.000000
vt 1.000000 1.000000
vt 0.000000 1.000000
vt 0.000000 0.000000
vt 1.000000 0.000000
vt 1.000000 1.000000
vt 0.000000 1.000000
vt 0.500000 1.000000
vt 0.000000 0.000000
vt 1.000000 0.000000
vt 0.500000 1.000000
vt 0.000000 0.000000
vt 1.000000 0.000000
vt 0.000000 0.000000
vt 1.000000 0.000000
vt 1.000000 1.000000
vt 0.000000 1.000000
vt 0.000000 0.000000
vt 1.000000 0.000000
vt 1.000000 1.000000
vt 0.000000 1.000000
vt 0.500000 1.000000
vt 0.000000 0.000000
vt 1.000000 0.000000
vt 0.500000 1.000000
vt 0.000000 0.000000
vt 1.000000 0.000000
vt 0.000000 0.000000
vt 1.000000 0.000000
vt 1.000000 1.000000
vt 0.000000 1.000000
vt 0.000000 0.000000
vt 1.000000 0.000000
vt 1.000000 1.000000
vt 0.000000 1.000000
vt 0.500000 1.000000
vt 0.000000 0.000000
vt 1.000000 0.000000
vt 0.500000 1.000000
vt 0.000000 0.000000
vt 1.000000 0.000000
vt 0.000000 0.000000
vt 1.000000 0.000000
vt 1.000000 1.000000
vt 0.000000 1.000000
vt 0.000000 0.000000
vt 1.000000 0.000000
vt 1.000000 1.000000
vt 0.000000 1.000000
vt 0.500000 1.000000
vt 0.000000 0.000000
vt 1.000000 0.000000
vt 0.500000 1.000000
vt 0.000000 0.000000
vt 1.000000 0.000000
vt 0.000000 0.000000
vt 1.000000 0.000000
vt 1.000000 1.000000
vt 0.000000 1.000000
vt 0.000000 0.000000
vt 1.000000 0.000000
vt 1.000000 1.000000
vt 0.000000 1.000000
vt 0.500000 1.000000
vt 0.000000 0.000000
vt 1.000000 0.000000
vt 0.500000 1.000000
vt 0.000000 0.000000
vt 1.000000 0.000000
vt 0.000000 0.000000
vt 1.000000 0.000000
vt 1.000000 1.000000
vt 0.000000 1.000000
vt 0.000000 0.000000
vt 1.000000 0.000000
vt 1.000000 1.000000
vt 0.000000 1.000000
vt 0.500000 1.000000
vt 0.000000 0.000000
vt 1.000000 0.000000
vt 0.500000 1.000000
vt 0.000000 0.000000
vt 1.000000 0.000000
vt 0.000000 0.000000
vt 1.000000 0.000000
vt 1.000000 1.000000
vt 0.000000 1.000000
vt 0.000000 0.000000
vt 1.000000 0.000000
vt 1.000000 1.000000
vt 0.000000 1.000000
vt 0.500000 1.000000
vt 0.000000 0.000000
vt 1.000000 0.000000
vt 0.500000 1.000000
vt 0.000000 0.000000
vt 1.000000 0.000000
vt 0.000000 0.000000
vt 1.000000 0.000000
vt 1.000000 1.000000
vt 0.000000 1.000000
vt 0.000000 0.000000
vt 1.000000 0.000000
vt 1.000000 1.000000
vt 0.000000 1.000000
vt 0.500000 1.000000
vt 0.000000 0.000000
vt 1.000000 0.000000
vt 0.500000 1.000000
vt 0.000000 0.000000
vt 1.000000 0.000000
vt 0.000000 0.000000
vt 1.000000 0.000000
vt 1.000000 1.000000
vt 0.000000 1.000000
vt 0.000000 0.000000
vt 1.000000 0.000000
vt 1.000000 1.000000
vt 0.000000 1.000000
vt 0.500000 1.000000
vt 0.000000 0.000000
vt 1.000000 0.000000
vt 0.500000 1.000000
vt 0.000000 0.000000
vt 1.000000 0.000000
vt 0.000000 0.000000
vt 1.000000 0.000000
vt 1.000000 1.000000
vt 0.000000 1.000000
vt 0.000000 0.000000
vt 1.000000 0.000000
vt 1.000000 1.000000
vt 0.000000 1.000000
vt 0.500000 1.000000
vt 0.000000 0.000000
vt 1.000000 0.000000
vt 0.500000 1.000000
vt 0.000000 0.000000
vt 1.000000 0.000000
vt 0.000000 0.000000
vt 1.000000 0.000000
vt 1.000000 1.000000
vt 0.000000 1.000000
vt 0.000000 0.000000
vt 1.000000 0.000000
vt 1.000000 1.000000
vt 0.000000 1.000000
vt 0.500000 1.000000
vt 0.000000 0.000000
vt 1.000000 0.000000
vt 0.500000 1.000000
vt 0.000000 0.000000
vt 1.000000 0.000000
vt 0.000000 0.000000
vt 1.000000 0.000000
vt 1.000000 1.000000
vt 0.000000 1.000000
vt 0.000000 0.000000
vt 1.000000 0.000000
vt 1.000000 1.000000
vt 0.000000 1.000000
vt 0.500000 1.000000
vt 0.000000 0.000000
vt 1.000000 0.000000
vt 0.500000 1.000000
vt 0.000000 0.000000
vt 1.000000 0.000000
vt 0.000000 0.000000
vt 1.000000 0.000000
vt 1.000000 1.000000
vt 0.000000 1.000000
vt 0.000000 0.000000
vt 1.000000 0.000000
vt 1.000000 1.000000
vt 0.000000 1.000000
vt 0.500000 1.000000
vt 0.000000 0.000000
vt 1.000000 0.000000
vt 0.500000 1.000000
vt 0.000000 0.000000
vt 1.000000 0.000000
vt 0.000000 0.000000
vt 1.000000 0.000000
vt 1.000000 1.000000
vt 0.000000 1.000000
vt 0.000000 0.000000
vt 1.000000 0.000000
vt 1.000000 1.000000
vt 0.000000 1.000000
vt 0.500000 1.000000
vt 0.000000 0.000000
vt 1.000000 0.000000
vt 0.500000 1.000000
vt 0.000000 0.000000
vt 1.000000 0.000000
vt 0.000000 0.000000
vt 1.000000 0.000000
vt 1.000000 1.000000
vt 0.000000 1.000000
vt 0.000000 0.000000
vt 1.000000 0.000000
vt 1.000000 1.000000
vt 0.000000 1.000000
vt 0.500000 1.000000
vt 0.000000 0.000000
vt 1.000000 0.000000
vt 0.500000 1.000000
vt 0.000000 0.000000
vt 1.000000 0.000000
vt 0.000000 0.000000
vt 1.000000 0.000000
vt 1.000000 1.000000
vt 0.000000 1.000000
vt 0.000000 0.000000
vt 1.000000 0.000000
vt 1.000000 1.000000
vt 0.000000 1.000000
vt 0.500000 1.000000
vt 0.000000 0.000000
vt 1.000000 0.000000
s 1
usemtl models/caelum/world/environment/bark_mountain.png
f 1/1 2/2 3/3 4/4
f 5/5 6/6 7/7
f 8/8 9/9 10/10 11/11
f 12/12 13/13 14/14
f 15/15 16/16 17/17 18/18
f 19/19 20/20 21/21
f 22/22 23/23 24/24 25/25
f 26/26 27/27 28/28
f 29/29 30/30 31/31 32/32
f 33/33 34/34 35/35
f 36/36 37/37 38/38 39/39
f 40/40 41/41 42/42
f 43/43 44/44 45/45 46/46
f 47/47 48/48 49/49
f 50/50 51/51 52/52 53/53
f 54/54 55/55 56/56
f 57/57 58/58 59/59 60/60
f 61/61 62/62 63/63
f 64/64 65/65 66/66 67/67
f 68/68 69/69 70/70 71/71
f 72/72 73/73 74/74 75/75
f 76/76 77/77 78/78 79/79
f 80/80 81/81 82/82 83/83
f 84/84 85/85 86/86 87/87
f 88/88 89/89 90/90 91/91
f 92/92 93/93 94/94 95/95
f 96/96 97/97 98/98 99/99
f 100/100 101/101 102/102 103/103
f 104/104 105/105 106/106
f 107/107 108/108 109/109 110/110
f 111/111 112/112 113/113
f 114/114 115/115 116/116 117/117
f 118/118 119/119 120/120
f 121/121 122/122 123/123 124/124
f 125/125 126/126 127/127
f 128/128 129/129 130/130 131/131
f 132/132 133/133 134/134
f 135/135 136/136 137/137 138/138
f 139/139 140/140 141/141
f 142/142 143/143 144/144 145/145
f 146/146 147/147 148/148
f 149/149 150/150 151/151 152/152
f 153/153 154/154 155/155
f 156/156 157/157 158/158 159/159
f 160/160 161/161 162/162
f 163/163 164/164 165/165 166/166
f 167/167 168/168 169/169
f 170/170 171/171 172/172 173/173
f 174/174 175/175 176/176
f 177/177 178/178 179/179 180/180
f 181/181 182/182 183/183
f 184/184 185/185 186/186 187/187
f 188/188 189/189 190/190
f 191/191 192/192 193/193 194/194
f 195/195 196/196 197/197
f 198/198 199/199 200/200 201/201
f 202/202 203/203 204/204
f 205/205 206/206 207/207 208/208
f 209/209 210/210 211/211
f 212/212 213/213 214/214 215/215
f 216/216 217/217 218/218
f 219/219 220/220 221/221 222/222
f 223/223 224/224 225/225
f 226/226 227/227 228/228 229/229
f 230/230 231/231 232/232
f 233/233 234/234 235/235 236/236
f 237/237 238/238 239/239
f 240/240 241/241 242/242 243/243
f 244/244 245/245 246/246
f 247/247 248/248 249/249 250/250
f 251/251 252/252 253/253
f 254/254 255/255 256/256 257/257
f 258/258 259/259 260/260
f 261/261 262/262 263/263 264/264
f 265/265 266/266 267/267
f 268/268 269/269 270/270 271/271
f 272/272 273/273 274/274
f 275/275 276/276 277/277 278/278
f 279/279 280/280 281/281
f 282/282 283/283 284/284 285/285
f 286/286 287/287 288/288
f 289/289 290/290 291/291 292/292
f 293/293 294/294 295/295
f 296/296 297/297 298/298 299/299
f 300/300 301/301 302/302
f 303/303 304/304 305/305 306/306
f 307/307 308/308 309/309
f 310/310 311/311 312/312 313/313
f 314/314 315/315 316/316
f 317/317 318/318 319/319 320/320
f 321/321 322/322 323/323
f 324/324 325/325 326/326 327/327
f 328/328 329/329 330/330
f 331/331 332/332 333/333 334/334
f 335/335 336/336 337/337
f 338/338 339/339 340/340 341/341
f 342/342 343/343 344/344
f 345/345 346/346 347/347 348/348
f 349/349 350/350 351/351
f 352/352 353/353 354/354 355/355
f 356/356 357/357 358/358
f 359/359 360/360 361/361 362/362
f 363/363 364/364 365/365
f 366/366 367/367 368/368 369/369
f 370/370 371/371 372/372
f 373/373 374/374 375/375 376/376
f 377/377 378/378 379/379
f 380/380 381/381 382/382 383/383
f 384/384 385/385 386/386
f 387/387 388/388 389/389 390/390
f 391/391 392/392 393/393
f 394/394 395/395 396/396 397/397
f 398/398 399/399 400/400
f 401/401 402/402 403/403 404/404
f 405/405 406/406 407/407
f 408/408 409/409 410/410 411/411
f 412/412 413/413 414/414
f 415/415 416/416 417/417 418/418
f 419/419 420/420 421/421
f 422/422 423/423 424/424 425/425
f 426/426 427/427 428/428
f 429/429 430/430 431/431 432/432
f 433/433 434/434 435/435
f 436/436 437/437 438/438 439/439
f 440/440 441/441 442/442
f 443/443 444/444 445/445 446/446
f 447/447 448/448 449/449
f 450/450 451/451 452/452 453/453
f 454/454 455/455 456/456
f 457/457 458/458 459/459 460/460
f 461/461 462/462 463/463
f 464/464 465/465 466/466 467/467
f 468/468 469/469 470/470
f 471/471 472/472 473/473 474/474
f 475/475 476/476 477/477
f 478/478 479/479 480/480 481/481
f 482/482 483/483 484/484
f 485/485 486/486 487/487 488/488
f 489/489 490/490 491/491
f 492/492 493/493 494/494 495/495
f 496/496 497/497 498/498
f 499/499 500/500 501/501 502/502
f 503/503 504/504 505/505
f 506/506 507/507 508/508 509/509
f 510/510 511/511 512/512
f 513/513 514/514 515/515 516/516
f 517/517 518/518 519/519
f 520/520 521/521 522/522 523/523
f 524/524 525/525 526/526
f 527/527 528/528 529/529 530/530
f 531/531 532/532 533/533
f 534/534 535/535 536/536 537/537
f 538/538 539/539 540/540
f 541/541 542/542 543/543 544/544
f 545/545 546/546 547/547
f 548/548 549/549 550/550 551/551
f 552/552 553/553 554/554
f 555/555 556/556 557/557 558/558
f 559/559 560/560 561/561
f 562/562 563/563 564/564 565/565
f 566/566 567/567 568/568
f 569/569 570/570 571/571 572/572
f 573/573 574/574 575/575
f 576/576 577/577 578/578 579/579
f 580/580 581/581 582/582
f 583/583 584/584 585/585 586/586
f 587/587 588/588 589/589
f 590/590 591/591 592/592 593/593
f 594/594 595/595 596/596
f 597/597 598/598 599/599 600/600
f 601/601 602/602 603/603
f 604/604 605/605 606/606 607/607
f 608/608 609/609 610/610
f 611/611 612/612 613/613 614/614
f 615/615 616/616 617/617
f 618/618 619/619 620/620 621/621
f 622/622 623/623 624/624
f 625/625 626/626 627/627 628/628
f 629/629 630/630 631/631
f 632/632 633/633 634/634 635/635
f 636/636 637/637 638/638
f 639/639 640/640 641/641 642/642
f 643/643 644/644 645/645
f 646/646 647/647 648/648 649/649
f 650/650 651/651 652/652
f 653/653 654/654 655/655 656/656
f 657/657 658/658 659/659
f 660/660 661/661 662/662 663/663
f 664/664 665/665 666/666
f 667/667 668/668 669/669 670/670
f 671/671 672/672 673/673
f 674/674 675/675 676/676 677/677
f 678/678 679/679 680/680
f 681/681 682/682 683/683 684/684
f 685/685 686/686 687/687
f 688/688 689/689 690/690 691/691
f 692/692 693/693 694/694
f 695/695 696/696 697/697 698/698
f 699/699 700/700 701/701
f 702/702 703/703 704/704 705/705
f 706/706 707/707 708/708
f 709/709 710/710 711/711 712/712
f 713/713 714/714 715/715
f 716/716 717/717 718/718 719/719
f 720/720 721/721 722/722
f 723/723 724/724 725/725 726/726
f 727/727 728/728 729/729
f 730/730 731/731 732/732 733/733
f 734/734 735/735 736/736
f 737/737 738/738 739/739 740/740
f 741/741 742/742 743/743
f 744/744 745/745 746/746 747/747
f 748/748 749/749 750/750
f 751/751 752/752 753/753 754/754
f 755/755 756/756 757/757
f 758/758 759/759 760/760 761/761
f 762/762 763/763 764/764
f 765/765 766/766 767/767 768/768
f 769/769 770/770 771/771
f 772/772 773/773 774/774 775/775
f 776/776 777/777 778/778
f 779/779 780/780 781/781 782/782
f 783/783 784/784 785/785
f 786/786 787/787 788/788 789/789
f 790/790 791/791 792/792
f 793/793 794/794 795/795 796/796
f 797/797 798/798 799/799
f 800/800 801/801 802/802 803/803
f 804/804 805/805 806/806
f 807/807 808/808 809/809 810/810
f 811/811 812/812 813/813
f 814/814 815/815 816/816 817/817
f 818/818 819/819 820/820
f 821/821 822/822 823/823 824/824
f 825/825 826/826 827/827
f 828/828 829/829 830/830 831/831
f 832/832 833/833 834/834
f 835/835 836/836 837/837 838/838
f 839/839 840/840 841/841
f 842/842 843/843 844/844 845/845
f 846/846 847/847 848/848
f 849/849 850/850 851/851 852/852
f 853/853 854/854 855/855
f 856/856 857/857 858/858 859/859
f 860/860 861/861 862/862
f 863/863 864/864 865/865 866/866
f 867/867 868/868 869/869
f 870/870 871/871 872/872 873/873
f 874/874 875/875 876/876
f 877/877 878/878 879/879 880/880
f 881/881 882/882 883/883
f 884/884 885/885 886/886 887/887
f 888/888 889/889 890/890
f 891/891 892/892 893/893 894/894
f 895/895 896/896 897/897
f 898/898 899/899 900/900 901/901
f 902/902 903/903 904/904
f 905/905 906/906 907/907 908/908
f 909/909 910/910 911/911
f 912/912 913/913 914/914 915/915
f 916/916 917/917 918/918
usemtl models/caelum/world/environment/foliage_mountain.png
f 919/919 920/920 921/921
f 922/922 923/923 924/924 925/925
f 926/926 927/927 928/928 929/929
f 930/930 931/931 932/932
f 933/933 934/934 935/935
f 936/936 937/937 938/938 939/939
f 940/940 941/941 942/942 943/943
f 944/944 945/945 946/946
f 947/947 948/948 949/949
f 950/950 951/951 952/952 953/953
f 954/954 955/955 956/956 957/957
f 958/958 959/959 960/960
f 961/961 962/962 963/963
f 964/964 965/965 966/966 967/967
f 968/968 969/969 970/970 971/971
f 972/972 973/973 974/974
f 975/975 976/976 977/977
f 978/978 979/979 980/980 981/981
f 982/982 983/983 984/984 985/985
f 986/986 987/987 988/988
f 989/989 990/990 991/991
f 992/992 993/993 994/994 995/995
f 996/996 997/997 998/998 999/999
f 1000/1000 1001/1001 1002/1002
f 1003/1003 1004/1004 1005/1005
f 1006/1006 1007/1007 1008/1008 1009/1009
f 1010/1010 1011/1011 1012/1012 1013/1013
f 1014/1014 1015/1015 1016/1016
f 1017/1017 1018/1018 1019/1019
f 1020/1020 1021/1021 1022/1022 1023/1023
f 1024/1024 1025/1025 1026/1026 1027/1027
f 1028/1028 1029/1029 1030/1030
f 1031/1031 1032/1032 1033/1033
f 1034/1034 1035/1035 1036/1036 1037/1037
f 1038/1038 1039/1039 1040/1040 1041/1041
f 1042/1042 1043/1043 1044/1044
f 1045/1045 1046/1046 1047/1047
f 1048/1048 1049/1049 1050/1050 1051/1051
f 1052/1052 1053/1053 1054/1054 1055/1055
f 1056/1056 1057/1057 1058/1058
f 1059/1059 1060/1060 1061/1061
f 1062/1062 1063/1063 1064/1064 1065/1065
f 1066/1066 1067/1067 1068/1068 1069/1069
f 1070/1070 1071/1071 1072/1072
f 1073/1073 1074/1074 1075/1075
f 1076/1076 1077/1077 1078/1078 1079/1079
f 1080/1080 1081/1081 1082/1082 1083/1083
f 1084/1084 1085/1085 1086/1086
f 1087/1087 1088/1088 1089/1089
f 1090/1090 1091/1091 1092/1092 1093/1093
f 1094/1094 1095/1095 1096/1096 1097/1097
f 1098/1098 1099/1099 1100/1100
f 1101/1101 1102/1102 1103/1103
f 1104/1104 1105/1105 1106/1106 1107/1107
f 1108/1108 1109/1109 1110/1110 1111/1111
f 1112/1112 1113/1113 1114/1114
f 1115/1115 1116/1116 1117/1117
f 1118/1118 1119/1119 1120/1120 1121/1121
f 1122/1122 1123/1123 1124/1124 1125/1125
f 1126/1126 1127/1127 1128/1128
f 1129/1129 1130/1130 1131/1131
f 1132/1132 1133/1133 1134/1134 1135/1135
f 1136/1136 1137/1137 1138/1138 1139/1139
f 1140/1140 1141/1141 1142/1142
f 1143/1143 1144/1144 1145/1145
f 1146/1146 1147/1147 1148/1148 1149/1149
f 1150/1150 1151/1151 1152/1152 1153/1153
f 1154/1154 1155/1155 1156/1156
f 1157/1157 1158/1158 1159/1159
f 1160/1160 1161/1161 1162/1162 1163/1163
f 1164/1164 1165/1165 1166/1166 1167/1167
f 1168/1168 1169/1169 1170/1170
f 1171/1171 1172/1172 1173/1173
f 1174/1174 1175/1175 1176/1176 1177/1177
f 1178/1178 1179/1179 1180/1180 1181/1181
f 1182/1182 1183/1183 1184/1184
f 1185/1185 1186/1186 1187/1187
f 1188/1188 1189/1189 1190/1190 1191/1191
f 1192/1192 1193/1193 1194/1194 1195/1195
f 1196/1196 1197/1197 1198/1198
f 1199/1199 1200/1200 1201/1201
f 1202/1202 1203/1203 1204/1204 1205/1205
f 1206/1206 1207/1207 1208/1208 1209/1209
f 1210/1210 1211/1211 1212/1212
f 1213/1213 1214/1214 1215/1215
f 1216/1216 1217/1217 1218/1218 1219/1219
f 1220/1220 1221/1221 1222/1222 1223/1223
f 1224/1224 1225/1225 1226/1226
f 1227/1227 1228/1228 1229/1229
f 1230/1230 1231/1231 1232/1232 1233/1233
f 1234/1234 1235/1235 1236/1236 1237/1237
f 1238/1238 1239/1239 1240/1240
f 1241/1241 1242/1242 1243/1243
f 1244/1244 1245/1245 1246/1246 1247/1247
f 1248/1248 1249/1249 1250/1250 1251/1251
f 1252/1252 1253/1253 1254/1254
f 1255/1255 1256/1256 1257/1257
f 1258/1258 1259/1259 1260/1260 1261/1261
f 1262/1262 1263/1263 1264/1264 1265/1265
f 1266/1266 1267/1267 1268/1268
f 1269/1269 1270/1270 1271/1271
f 1272/1272 1273/1273 1274/1274 1275/1275
f 1276/1276 1277/1277 1278/1278 1279/1279
f 1280/1280 1281/1281 1282/1282
f 1283/1283 1284/1284 1285/1285
f 1286/1286 1287/1287 1288/1288 1289/1289
f 1290/1290 1291/1291 1292/1292 1293/1293
f 1294/1294 1295/1295 1296/1296
f 1297/1297 1298/1298 1299/1299
f 1300/1300 1301/1301 1302/1302 1303/1303
f 1304/1304 1305/1305 1306/1306 1307/1307
f 1308/1308 1309/1309 1310/1310
f 1311/1311 1312/1312 1313/1313
f 1314/1314 1315/1315 1316/1316 1317/1317
f 1318/1318 1319/1319 1320/1320 1321/1321
f 1322/1322 1323/1323 1324/1324
f 1325/1325 1326/1326 1327/1327
f 1328/1328 1329/1329 1330/1330 1331/1331
f 1332/1332 1333/1333 1334/1334 1335/1335
f 1336/1336 1337/1337 1338/1338
f 1339/1339 1340/1340 1341/1341
f 1342/1342 1343/1343 1344/1344 1345/1345
f 1346/1346 1347/1347 1348/1348 1349/1349
f 1350/1350 1351/1351 1352/1352
f 1353/1353 1354/1354 1355/1355
f 1356/1356 1357/1357 1358/1358 1359/1359
f 1360/1360 1361/1361 1362/1362 1363/1363
f 1364/1364 1365/1365 1366/1366
f 1367/1367 1368/1368 1369/1369
f 1370/1370 1371/1371 1372/1372 1373/1373
f 1374/1374 1375/1375 1376/1376 1377/1377
f 1378/1378 1379/1379 1380/1380
f 1381/1381 1382/1382 1383/1383
f 1384/1384 1385/1385 1386/1386 1387/1387
f 1388/1388 1389/1389 1390/1390 1391/1391
f 1392/1392 1393/1393 1394/1394
f 1395/1395 1396/1396 1397/1397
f 1398/1398 1399/1399 1400/1400 1401/1401
f 1402/1402 1403/1403 1404/1404 1405/1405
f 1406/1406 1407/1407 1408/1408
f 1409/1409 1410/1410 1411/1411
f 1412/1412 1413/1413 1414/1414 1415/1415
f 1416/1416 1417/1417 1418/1418 1419/1419
f 1420/1420 1421/1421 1422/1422
f 1423/1423 1424/1424 1425/1425
f 1426/1426 1427/1427 1428/1428 1429/1429
f 1430/1430 1431/1431 1432/1432 1433/1433
f 1434/1434 1435/1435 1436/1436
f 1437/1437 1438/1438 1439/1439
f 1440/1440 1441/1441 1442/1442 1443/1443
f 1444/1444 1445/1445 1446/1446 1447/1447
f 1448/1448 1449/1449 1450/1450
f 1451/1451 1452/1452 1453/1453
f 1454/1454 1455/1455 1456/1456 1457/1457
f 1458/1458 1459/1459 1460/1460 1461/1461
f 1462/1462 1463/1463 1464/1464
f 1465/1465 1466/1466 1467/1467
f 1468/1468 1469/1469 1470/1470 1471/1471
f 1472/1472 1473/1473 1474/1474 1475/1475
f 1476/1476 1477/1477 1478/1478
f 1479/1479 1480/1480 1481/1481
f 1482/1482 1483/1483 1484/1484 1485/1485
f 1486/1486 1487/1487 1488/1488 1489/1489
f 1490/1490 1491/1491 1492/1492
f 1493/1493 1494/1494 1495/1495
f 1496/1496 1497/1497 1498/1498 1499/1499
f 1500/1500 1501/1501 1502/1502 1503/1503
f 1504/1504 1505/1505 1506/1506
f 1507/1507 1508/1508 1509/1509
f 1510/1510 1511/1511 1512/1512 1513/1513
f 1514/1514 1515/1515 1516/1516 1517/1517
f 1518/1518 1519/1519 1520/1520
f 1521/1521 1522/1522 1523/1523
f 1524/1524 1525/1525 1526/1526 1527/1527
f 1528/1528 1529/1529 1530/1530 1531/1531
f 1532/1532 1533/1533 1534/1534
f 1535/1535 1536/1536 1537/1537
f 1538/1538 1539/1539 1540/1540 1541/1541
f 1542/1542 1543/1543 1544/1544 1545/1545
f 1546/1546 1547/1547 1548/1548
f 1549/1549 1550/1550 1551/1551
f 1552/1552 1553/1553 1554/1554 1555/1555
f 1556/1556 1557/1557 1558/1558 1559/1559
f 1560/1560 1561/1561 1562/1562
f 1563/1563 1564/1564 1565/1565
f 1566/1566 1567/1567 1568/1568 1569/1569
f 1570/1570 1571/1571 1572/1572 1573/1573
f 1574/1574 1575/1575 1576/1576
f 1577/1577 1578/1578 1579/1579
f 1580/1580 1581/1581 1582/1582 1583/1583
f 1584/1584 1585/1585 1586/1586 1587/1587
f 1588/1588 1589/1589 1590/1590
f 1591/1591 1592/1592 1593/1593
f 1594/1594 1595/1595 1596/1596 1597/1597
f 1598/1598 1599/1599 1600/1600 1601/1601
f 1602/1602 1603/1603 1604/1604
f 1605/1605 1606/1606 1607/1607
f 1608/1608 1609/1609 1610/1610 1611/1611
f 1612/1612 1613/1613 1614/1614 1615/1615
f 1616/1616 1617/1617 1618/1618
f 1619/1619 1620/1620 1621/1621
f 1622/1622 1623/1623 1624/1624 1625/1625
f 1626/1626 1627/1627 1628/1628 1629/1629
f 1630/1630 1631/1631 1632/1632
f 1633/1633 1634/1634 1635/1635
f 1636/1636 1637/1637 1638/1638 1639/1639
f 1640/1640 1641/1641 1642/1642 1643/1643
f 1644/1644 1645/1645 1646/1646
f 1647/1647 1648/1648 1649/1649
f 1650/1650 1651/1651 1652/1652 1653/1653
f 1654/1654 1655/1655 1656/1656 1657/1657
f 1658/1658 1659/1659 1660/1660
f 1661/1661 1662/1662 1663/1663
f 1664/1664 1665/1665 1666/1666 1667/1667
f 1668/1668 1669/1669 1670/1670 1671/1671
f 1672/1672 1673/1673 1674/1674
f 1675/1675 1676/1676 1677/1677
f 1678/1678 1679/1679 1680/1680 1681/1681
f 1682/1682 1683/1683 1684/1684 1685/1685
f 1686/1686 1687/1687 1688/1688
f 1689/1689 1690/1690 1691/1691
f 1692/1692 1693/1693 1694/1694 1695/1695
f 1696/1696 1697/1697 1698/1698 1699/1699
f 1700/1700 1701/1701 1702/1702
f 1703/1703 1704/1704 1705/1705
f 1706/1706 1707/1707 1708/1708 1709/1709
f 1710/1710 1711/1711 1712/1712 1713/1713
f 1714/1714 1715/1715 1716/1716
f 1717/1717 1718/1718 1719/1719
f 1720/1720 1721/1721 1722/1722 1723/1723
f 1724/1724 1725/1725 1726/1726 1727/1727
f 1728/1728 1729/1729 1730/1730
f 1731/1731 1732/1732 1733/1733
f 1734/1734 1735/1735 1736/1736 1737/1737
f 1738/1738 1739/1739 1740/1740 1741/1741
f 1742/1742 1743/1743 1744/1744
f 1745/1745 1746/1746 1747/1747
f 1748/1748 1749/1749 1750/1750 1751/1751
f 1752/1752 1753/1753 1754/1754 1755/1755
f 1756/1756 1757/1757 1758/1758
f 1759/1759 1760/1760 1761/1761
f 1762/1762 1763/1763 1764/1764 1765/1765
f 1766/1766 1767/1767 1768/1768 1769/1769
f 1770/1770 1771/1771 1772/1772
f 1773/1773 1774/1774 1775/1775
f 1776/1776 1777/1777 1778/1778 1779/1779
f 1780/1780 1781/1781 1782/1782 1783/1783
f 1784/1784 1785/1785 1786/1786
f 1787/1787 1788/1788 1789/1789
f 1790/1790 1791/1791 1792/1792 1793/1793
f 1794/1794 1795/1795 1796/1796 1797/1797
f 1798/1798 1799/1799 1800/1800
f 1801/1801 1802/1802 1803/1803
f 1804/1804 1805/1805 1806/1806 1807/1807
f 1808/1808 1809/1809 1810/1810 1811/1811
f 1812/1812 1813/1813 1814/1814
f 1815/1815 1816/1816 1817/1817
f 1818/1818 1819/1819 1820/1820 1821/1821
f 1822/1822 1823/1823 1824/1824 1825/1825
f 1826/1826 1827/1827 1828/1828
f 1829/1829 1830/1830 1831/1831
f 1832/1832 1833/1833 1834/1834 1835/1835
f 1836/1836 1837/1837 1838/1838 1839/1839
f 1840/1840 1841/1841 1842/1842
f 1843/1843 1844/1844 1845/1845
f 1846/1846 1847/1847 1848/1848 1849/1849
f 1850/1850 1851/1851 1852/1852 1853/1853
f 1854/1854 1855/1855 1856/1856
f 1857/1857 1858/1858 1859/1859
f 1860/1860 1861/1861 1862/1862 1863/1863
f 1864/1864 1865/1865 1866/1866 1867/1867
f 1868/1868 1869/1869 1870/1870
f 1871/1871 1872/1872 1873/1873
f 1874/1874 1875/1875 1876/1876 1877/1877
f 1878/1878 1879/1879 1880/1880 1881/1881
f 1882/1882 1883/1883 1884/1884
f 1885/1885 1886/1886 1887/1887
f 1888/1888 1889/1889 1890/1890 1891/1891
f 1892/1892 1893/1893 1894/1894 1895/1895
f 1896/1896 1897/1897 1898/1898
f 1899/1899 1900/1900 1901/1901
f 1902/1902 1903/1903 1904/1904 1905/1905
f 1906/1906 1907/1907 1908/1908 1909/1909
f 1910/1910 1911/1911 1912/1912
f 1913/1913 1914/1914 1915/1915
f 1916/1916 1917/1917 1918/1918 1919/1919
f 1920/1920 1921/1921 1922/1922 1923/1923
f 1924/1924 1925/1925 1926/1926
f 1927/1927 1928/1928 1929/1929
f 1930/1930 1931/1931 1932/1932 1933/1933
f 1934/1934 1935/1935 1936/1936 1937/1937
f 1938/1938 1939/1939 1940/1940
f 1941/1941 1942/1942 1943/1943
f 1944/1944 1945/1945 1946/1946 1947/1947
f 1948/1948 1949/1949 1950/1950 1951/1951
f 1952/1952 1953/1953 1954/1954
f 1955/1955 1956/1956 1957/1957
f 1958/1958 1959/1959 1960/1960 1961/1961
f 1962/1962 1963/1963 1964/1964 1965/1965
f 1966/1966 1967/1967 1968/1968
f 1969/1969 1970/1970 1971/1971
f 1972/1972 1973/1973 1974/1974 1975/1975
f 1976/1976 1977/1977 1978/1978 1979/1979
f 1980/1980 1981/1981 1982/1982
f 1983/1983 1984/1984 1985/1985
f 1986/1986 1987/1987 1988/1988 1989/1989
f 1990/1990 1991/1991 1992/1992 1993/1993
f 1994/1994 1995/1995 1996/1996
f 1997/1997 1998/1998 1999/1999
f 2000/2000 2001/2001 2002/2002 2003/2003
f 2004/2004 2005/2005 2006/2006 2007/2007
f 2008/2008 2009/2009 2010/2010
f 2011/2011 2012/2012 2013/2013
f 2014/2014 2015/2015 2016/2016 2017/2017
f 2018/2018 2019/2019 2020/2020 2021/2021
f 2022/2022 2023/2023 2024/2024
f 2025/2025 2026/2026 2027/2027
f 2028/2028 2029/2029 2030/2030 2031/2031
f 2032/2032 2033/2033 2034/2034 2035/2035
f 2036/2036 2037/2037 2038/2038
