# Modelo original generado para Caelum Argenteum.
# Ejes OBJ: X ancho, Y altura, Z profundidad.
o ca_tree_city_tipa
v 0.000000 0.000000 -15.000000
v -9.641696 0.047782 -11.490667
v -6.339170 63.312969 -7.928560
v 0.313600 63.280000 -10.350000
v 0.000000 0.000000 0.000000
v -9.641696 0.047782 -11.490667
v 0.000000 0.000000 -15.000000
v -9.641696 0.047782 -11.490667
v -14.771935 0.073206 -2.604723
v -9.879035 63.330512 -1.797259
v -6.339170 63.312969 -7.928560
v 0.000000 0.000000 0.000000
v -14.771935 0.073206 -2.604723
v -9.641696 0.047782 -11.490667
v -14.771935 0.073206 -2.604723
v -12.990222 0.064376 7.500000
v -8.649653 63.324420 5.175000
v -9.879035 63.330512 -1.797259
v 0.000000 0.000000 0.000000
v -12.990222 0.064376 7.500000
v -14.771935 0.073206 -2.604723
v -12.990222 0.064376 7.500000
v -5.130239 0.025424 14.095389
v -3.226265 63.297543 9.725819
v -8.649653 63.324420 5.175000
v 0.000000 0.000000 0.000000
v -5.130239 0.025424 14.095389
v -12.990222 0.064376 7.500000
v -5.130239 0.025424 14.095389
v 5.130239 -0.025424 14.095389
v 3.853465 63.262457 9.725819
v -3.226265 63.297543 9.725819
v 0.000000 0.000000 0.000000
v 5.130239 -0.025424 14.095389
v -5.130239 0.025424 14.095389
v 5.130239 -0.025424 14.095389
v 12.990222 -0.064376 7.500000
v 9.276853 63.235580 5.175000
v 3.853465 63.262457 9.725819
v 0.000000 0.000000 0.000000
v 12.990222 -0.064376 7.500000
v 5.130239 -0.025424 14.095389
v 12.990222 -0.064376 7.500000
v 14.771935 -0.073206 -2.604723
v 10.506235 63.229488 -1.797259
v 9.276853 63.235580 5.175000
v 0.000000 0.000000 0.000000
v 14.771935 -0.073206 -2.604723
v 12.990222 -0.064376 7.500000
v 14.771935 -0.073206 -2.604723
v 9.641696 -0.047782 -11.490667
v 6.966370 63.247031 -7.928560
v 10.506235 63.229488 -1.797259
v 0.000000 0.000000 0.000000
v 9.641696 -0.047782 -11.490667
v 14.771935 -0.073206 -2.604723
v 9.641696 -0.047782 -11.490667
v 0.000000 0.000000 -15.000000
v 0.313600 63.280000 -10.350000
v 6.966370 63.247031 -7.928560
v 0.000000 0.000000 0.000000
v 0.000000 0.000000 -15.000000
v 9.641696 -0.047782 -11.490667
v -0.925297 63.297542 -10.275569
v -7.239797 63.386951 -7.075115
v -3.078242 117.578900 -3.896440
v 0.399309 117.529661 -5.659009
v -7.239797 63.386951 -7.075115
v -10.019978 63.426316 -0.564136
v -4.609356 117.600580 -0.310684
v -3.078242 117.578900 -3.896440
v -10.019978 63.426316 -0.564136
v -7.964964 63.397219 6.210809
v -3.477609 117.584555 3.420445
v -4.609356 117.600580 -0.310684
v -7.964964 63.397219 6.210809
v -2.036317 63.313273 10.079647
v -0.212557 117.538324 5.551110
v -3.477609 117.584555 3.420445
v -2.036317 63.313273 10.079647
v 4.991882 63.213759 9.232106
v 3.658045 117.483519 5.084348
v -0.212557 117.538324 5.551110
v 4.991882 63.213759 9.232106
v 9.831061 63.145239 4.064761
v 6.323100 117.445784 2.238564
v 3.658045 117.483519 5.084348
v 9.831061 63.145239 4.064761
v 10.216914 63.139776 -3.004532
v 6.535599 117.442775 -1.654670
v 6.323100 117.445784 2.238564
v 10.216914 63.139776 -3.004532
v 5.968896 63.199925 -8.667970
v 4.196111 117.475901 -4.773665
v 6.535599 117.442775 -1.654670
v 5.968896 63.199925 -8.667970
v -0.925297 63.297542 -10.275569
v 0.399309 117.529661 -5.659009
v 4.196111 117.475901 -4.773665
v -0.272989 117.549250 -5.536626
v -3.514121 117.619235 -3.370386
v 1.113420 158.218280 -0.620861
v 1.710470 158.205388 -1.019905
v 1.960000 158.200000 0.000000
v 1.710470 158.205388 -1.019905
v 1.113420 158.218280 -0.620861
v -3.514121 117.619235 -3.370386
v -4.604864 117.642787 0.372896
v 0.912493 158.222619 0.068691
v 1.113420 158.218280 -0.620861
v 1.960000 158.200000 0.000000
v 1.113420 158.218280 -0.620861
v 0.912493 158.222619 0.068691
v -4.604864 117.642787 0.372896
v -3.034847 117.608886 3.941695
v 1.201707 158.216374 0.726102
v 0.912493 158.222619 0.068691
v 1.960000 158.200000 0.000000
v 0.912493 158.222619 0.068691
v 1.201707 158.216374 0.726102
v -3.034847 117.608886 3.941695
v 0.461301 117.533394 5.666132
v 1.845734 158.202467 1.043761
v 1.201707 158.216374 0.726102
v 1.960000 158.200000 0.000000
v 1.201707 158.216374 0.726102
v 1.845734 158.202467 1.043761
v 0.461301 117.533394 5.666132
v 4.247694 117.451635 4.739322
v 2.543228 158.187406 0.873033
v 1.845734 158.202467 1.043761
v 1.960000 158.200000 0.000000
v 1.845734 158.202467 1.043761
v 2.543228 158.187406 0.873033
v 4.247694 117.451635 4.739322
v 6.552636 117.401864 1.594931
v 2.967822 158.178238 0.293803
v 2.543228 158.187406 0.873033
v 1.960000 158.200000 0.000000
v 2.543228 158.187406 0.873033
v 2.967822 158.178238 0.293803
v 6.552636 117.401864 1.594931
v 6.297620 117.407371 -2.295746
v 2.920846 158.179253 -0.422901
v 2.967822 158.178238 0.293803
v 1.960000 158.200000 0.000000
v 2.967822 158.178238 0.293803
v 2.920846 158.179253 -0.422901
v 6.297620 117.407371 -2.295746
v 3.601970 117.465578 -5.112218
v 2.424279 158.189975 -0.941724
v 2.920846 158.179253 -0.422901
v 1.960000 158.200000 0.000000
v 2.920846 158.179253 -0.422901
v 2.424279 158.189975 -0.941724
v 3.601970 117.465578 -5.112218
v -0.272989 117.549250 -5.536626
v 1.710470 158.205388 -1.019905
v 2.424279 158.189975 -0.941724
v 1.960000 158.200000 0.000000
v 2.424279 158.189975 -0.941724
v 1.710470 158.205388 -1.019905
v 1.073860 116.759109 -3.211726
v -0.533507 119.205172 -1.846562
v 35.754889 142.447896 -3.248849
v 36.317467 141.591774 -3.726656
v 1.073860 117.098728 0.000000
v -0.533507 119.205172 -1.846562
v 1.073860 116.759109 -3.211726
v -0.533507 119.205172 -1.846562
v -0.533507 119.544791 1.365164
v 35.754889 142.566763 -2.124745
v 35.754889 142.447896 -3.248849
v 1.073860 117.098728 0.000000
v -0.533507 119.544791 1.365164
v -0.533507 119.205172 -1.846562
v -0.533507 119.544791 1.365164
v 1.073860 117.438348 3.211726
v 36.317467 141.829507 -1.478448
v 35.754889 142.566763 -2.124745
v 1.073860 117.098728 0.000000
v 1.073860 117.438348 3.211726
v -0.533507 119.544791 1.365164
v 1.073860 117.438348 3.211726
v 2.681226 114.992284 1.846562
v 36.880045 140.973385 -1.956256
v 36.317467 141.829507 -1.478448
v 1.073860 117.098728 0.000000
v 2.681226 114.992284 1.846562
v 1.073860 117.438348 3.211726
v 2.681226 114.992284 1.846562
v 2.681226 114.652665 -1.365164
v 36.880045 140.854518 -3.080360
v 36.880045 140.973385 -1.956256
v 1.073860 117.098728 0.000000
v 2.681226 114.652665 -1.365164
v 2.681226 114.992284 1.846562
v 2.681226 114.652665 -1.365164
v 1.073860 116.759109 -3.211726
v 36.317467 141.591774 -3.726656
v 36.880045 140.854518 -3.080360
v 1.073860 117.098728 0.000000
v 1.073860 116.759109 -3.211726
v 2.681226 114.652665 -1.365164
v 36.466619 141.593003 -1.488257
v 36.862470 140.806926 -2.197570
v 74.120384 164.301301 -5.769112
v 74.459685 163.627521 -6.377095
v 74.587530 163.526689 -5.421984
v 74.459685 163.627521 -6.377095
v 74.120384 164.301301 -5.769112
v 36.862470 140.806926 -2.197570
v 36.713318 140.924563 -3.311865
v 74.248229 164.200469 -4.814002
v 74.120384 164.301301 -5.769112
v 74.587530 163.526689 -5.421984
v 74.120384 164.301301 -5.769112
v 74.248229 164.200469 -4.814002
v 36.713318 140.924563 -3.311865
v 36.168315 141.828278 -3.716848
v 74.715374 163.425857 -4.466874
v 74.248229 164.200469 -4.814002
v 74.587530 163.526689 -5.421984
v 74.248229 164.200469 -4.814002
v 74.715374 163.425857 -4.466874
v 36.168315 141.828278 -3.716848
v 35.772464 142.614355 -3.007535
v 75.054675 162.752077 -5.074856
v 74.715374 163.425857 -4.466874
v 74.587530 163.526689 -5.421984
v 74.715374 163.425857 -4.466874
v 75.054675 162.752077 -5.074856
v 35.772464 142.614355 -3.007535
v 35.921616 142.496717 -1.893240
v 74.926830 162.852909 -6.029966
v 75.054675 162.752077 -5.074856
v 74.587530 163.526689 -5.421984
v 75.054675 162.752077 -5.074856
v 74.926830 162.852909 -6.029966
v 35.921616 142.496717 -1.893240
v 36.466619 141.593003 -1.488257
v 74.459685 163.627521 -6.377095
v 74.926830 162.852909 -6.029966
v 74.587530 163.526689 -5.421984
v 74.926830 162.852909 -6.029966
v 74.459685 163.627521 -6.377095
v 1.248388 128.299818 -2.312467
v -0.634099 128.699612 0.099927
v 26.164185 146.129042 16.840236
v 26.823056 145.989114 15.995898
v 1.248388 126.256358 0.000000
v -0.634099 128.699612 0.099927
v 1.248388 128.299818 -2.312467
v -0.634099 128.699612 0.099927
v -0.634099 126.656151 2.412393
v 26.164185 145.413831 17.649599
v 26.164185 146.129042 16.840236
v 1.248388 126.256358 0.000000
v -0.634099 126.656151 2.412393
v -0.634099 128.699612 0.099927
v -0.634099 126.656151 2.412393
v 1.248388 124.212897 2.312467
v 26.823056 144.558692 17.614625
v 26.164185 145.413831 17.649599
v 1.248388 126.256358 0.000000
v 1.248388 124.212897 2.312467
v -0.634099 126.656151 2.412393
v 1.248388 124.212897 2.312467
v 3.130876 123.813103 -0.099927
v 27.481926 144.418764 16.770288
v 26.823056 144.558692 17.614625
v 1.248388 126.256358 0.000000
v 3.130876 123.813103 -0.099927
v 1.248388 124.212897 2.312467
v 3.130876 123.813103 -0.099927
v 3.130876 125.856564 -2.412393
v 27.481926 145.133975 15.960924
v 27.481926 144.418764 16.770288
v 1.248388 126.256358 0.000000
v 3.130876 125.856564 -2.412393
v 3.130876 123.813103 -0.099927
v 3.130876 125.856564 -2.412393
v 1.248388 128.299818 -2.312467
v 26.823056 145.989114 15.995898
v 27.481926 145.133975 15.960924
v 1.248388 126.256358 0.000000
v 1.248388 128.299818 -2.312467
v 3.130876 125.856564 -2.412393
v 26.738462 146.149303 16.178273
v 26.173187 146.085984 17.096451
v 55.190009 160.304720 34.761371
v 54.705487 160.250446 35.548381
v 54.632978 161.000789 35.010962
v 54.705487 160.250446 35.548381
v 55.190009 160.304720 34.761371
v 26.173187 146.085984 17.096451
v 26.257781 145.210583 17.723440
v 55.117500 161.055063 34.223952
v 55.190009 160.304720 34.761371
v 54.632978 161.000789 35.010962
v 55.190009 160.304720 34.761371
v 55.117500 161.055063 34.223952
v 26.257781 145.210583 17.723440
v 26.907650 144.398503 17.432250
v 54.560469 161.751132 34.473543
v 55.117500 161.055063 34.223952
v 54.632978 161.000789 35.010962
v 55.117500 161.055063 34.223952
v 54.560469 161.751132 34.473543
v 26.907650 144.398503 17.432250
v 27.472925 144.461822 16.514072
v 54.075947 161.696859 35.260553
v 54.560469 161.751132 34.473543
v 54.632978 161.000789 35.010962
v 54.560469 161.751132 34.473543
v 54.075947 161.696859 35.260553
v 27.472925 144.461822 16.514072
v 27.388331 145.337223 15.887084
v 54.148457 160.946515 35.797972
v 54.075947 161.696859 35.260553
v 54.632978 161.000789 35.010962
v 54.075947 161.696859 35.260553
v 54.148457 160.946515 35.797972
v 27.388331 145.337223 15.887084
v 26.738462 146.149303 16.178273
v 54.705487 160.250446 35.548381
v 54.148457 160.946515 35.797972
v 54.632978 161.000789 35.010962
v 54.148457 160.946515 35.797972
v 54.705487 160.250446 35.548381
v 1.000548 115.088890 -2.685278
v -1.719180 114.924821 -0.679818
v 18.521586 150.290210 27.808357
v 19.473491 150.347634 27.106446
v 1.000548 113.030979 0.000000
v -1.719180 114.924821 -0.679818
v 1.000548 115.088890 -2.685278
v -1.719180 114.924821 -0.679818
v -1.719180 112.866911 2.005460
v 18.521586 149.569941 28.748204
v 18.521586 150.290210 27.808357
v 1.000548 113.030979 0.000000
v -1.719180 112.866911 2.005460
v -1.719180 114.924821 -0.679818
v -1.719180 112.866911 2.005460
v 1.000548 110.973069 2.685278
v 19.473491 148.907096 28.986140
v 18.521586 149.569941 28.748204
v 1.000548 113.030979 0.000000
v 1.000548 110.973069 2.685278
v -1.719180 112.866911 2.005460
v 1.000548 110.973069 2.685278
v 3.720277 111.137138 0.679818
v 20.425396 148.964520 28.284229
v 19.473491 148.907096 28.986140
v 1.000548 113.030979 0.000000
v 3.720277 111.137138 0.679818
v 1.000548 110.973069 2.685278
v 3.720277 111.137138 0.679818
v 3.720277 113.195048 -2.005460
v 20.425396 149.684789 27.344382
v 20.425396 148.964520 28.284229
v 1.000548 113.030979 0.000000
v 3.720277 113.195048 -2.005460
v 3.720277 111.137138 0.679818
v 3.720277 113.195048 -2.005460
v 1.000548 115.088890 -2.685278
v 19.473491 150.347634 27.106446
v 20.425396 149.684789 27.344382
v 1.000548 113.030979 0.000000
v 1.000548 115.088890 -2.685278
v 3.720277 113.195048 -2.005460
v 19.342430 150.401993 27.160362
v 18.466651 150.241600 27.940993
v 40.432230 187.250075 58.520034
v 39.681563 187.112595 59.189147
v 39.569224 187.776562 58.429777
v 39.681563 187.112595 59.189147
v 40.432230 187.250075 58.520034
v 18.466651 150.241600 27.940993
v 18.597712 149.466972 28.826924
v 40.319892 187.914042 57.760665
v 40.432230 187.250075 58.520034
v 39.569224 187.776562 58.429777
v 40.432230 187.250075 58.520034
v 40.319892 187.914042 57.760665
v 18.597712 149.466972 28.826924
v 19.604552 148.852737 28.932224
v 39.456886 188.440529 57.670408
v 40.319892 187.914042 57.760665
v 39.569224 187.776562 58.429777
v 40.319892 187.914042 57.760665
v 39.456886 188.440529 57.670408
v 19.604552 148.852737 28.932224
v 20.480331 149.013130 28.151593
v 38.706219 188.303049 58.339520
v 39.456886 188.440529 57.670408
v 39.569224 187.776562 58.429777
v 39.456886 188.440529 57.670408
v 38.706219 188.303049 58.339520
v 20.480331 149.013130 28.151593
v 20.349270 149.787758 27.265662
v 38.818557 187.639082 59.098890
v 38.706219 188.303049 58.339520
v 39.569224 187.776562 58.429777
v 38.706219 188.303049 58.339520
v 38.818557 187.639082 59.098890
v 20.349270 149.787758 27.265662
v 19.342430 150.401993 27.160362
v 39.681563 187.112595 59.189147
v 38.818557 187.639082 59.098890
v 39.569224 187.776562 58.429777
v 38.818557 187.639082 59.098890
v 39.681563 187.112595 59.189147
v 0.785810 102.725956 -2.534120
v -2.324215 101.299991 -1.416276
v -3.496298 133.845383 33.072384
v -2.407789 134.344471 32.681139
v 0.785810 100.169896 0.000000
v -2.324215 101.299991 -1.416276
v 0.785810 102.725956 -2.534120
v -2.324215 101.299991 -1.416276
v -2.324215 98.743931 1.117844
v -3.496298 132.950762 33.959327
v -3.496298 133.845383 33.072384
v 0.785810 100.169896 0.000000
v -2.324215 98.743931 1.117844
v -2.324215 101.299991 -1.416276
v -2.324215 98.743931 1.117844
v 0.785810 97.613836 2.534120
v -2.407789 132.555229 34.455023
v -3.496298 132.950762 33.959327
v 0.785810 100.169896 0.000000
v 0.785810 97.613836 2.534120
v -2.324215 98.743931 1.117844
v 0.785810 97.613836 2.534120
v 3.895835 99.039801 1.416276
v -1.319280 133.054317 34.063778
v -2.407789 132.555229 34.455023
v 0.785810 100.169896 0.000000
v 3.895835 99.039801 1.416276
v 0.785810 97.613836 2.534120
v 3.895835 99.039801 1.416276
v 3.895835 101.595861 -1.117844
v -1.319280 133.948938 33.176836
v -1.319280 133.054317 34.063778
v 0.785810 100.169896 0.000000
v 3.895835 101.595861 -1.117844
v 3.895835 99.039801 1.416276
v 3.895835 101.595861 -1.117844
v 0.785810 102.725956 -2.534120
v -2.407789 134.344471 32.681139
v -1.319280 133.948938 33.176836
v 0.785810 100.169896 0.000000
v 0.785810 102.725956 -2.534120
v 3.895835 101.595861 -1.117844
v -2.558248 134.358395 32.708476
v -3.563644 133.758215 33.173209
v -4.811305 167.029982 70.271965
v -5.673073 166.515542 70.670307
v -5.802037 167.294295 69.933502
v -5.673073 166.515542 70.670307
v -4.811305 167.029982 70.271965
v -3.563644 133.758215 33.173209
v -3.413185 132.849670 34.032814
v -4.940269 167.808735 69.535160
v -4.811305 167.029982 70.271965
v -5.802037 167.294295 69.933502
v -4.811305 167.029982 70.271965
v -4.940269 167.808735 69.535160
v -3.413185 132.849670 34.032814
v -2.257330 132.541305 34.427686
v -5.931002 168.073048 69.196698
v -4.940269 167.808735 69.535160
v -5.802037 167.294295 69.933502
v -4.940269 167.808735 69.535160
v -5.931002 168.073048 69.196698
v -2.257330 132.541305 34.427686
v -1.251934 133.141485 33.962954
v -6.792770 167.558608 69.595040
v -5.931002 168.073048 69.196698
v -5.802037 167.294295 69.933502
v -5.931002 168.073048 69.196698
v -6.792770 167.558608 69.595040
v -1.251934 133.141485 33.962954
v -1.402393 134.050030 33.103349
v -6.663805 166.779855 70.331845
v -6.792770 167.558608 69.595040
v -5.802037 167.294295 69.933502
v -6.792770 167.558608 69.595040
v -6.663805 166.779855 70.331845
v -1.402393 134.050030 33.103349
v -2.558248 134.358395 32.708476
v -5.673073 166.515542 70.670307
v -6.663805 166.779855 70.331845
v -5.802037 167.294295 69.933502
v -6.663805 166.779855 70.331845
v -5.673073 166.515542 70.670307
v 0.942356 112.032292 -2.095737
v -1.532566 110.112204 -1.885881
v -22.362565 142.778781 36.077526
v -21.496342 143.450812 36.004077
v 0.942356 109.694793 0.000000
v -1.532566 110.112204 -1.885881
v 0.942356 112.032292 -2.095737
v -1.532566 110.112204 -1.885881
v -1.532566 107.774705 0.209857
v -22.362565 141.960656 36.811034
v -22.362565 142.778781 36.077526
v 0.942356 109.694793 0.000000
v -1.532566 107.774705 0.209857
v -1.532566 110.112204 -1.885881
v -1.532566 107.774705 0.209857
v 0.942356 107.357293 2.095737
v -21.496342 141.814562 37.471093
v -22.362565 141.960656 36.811034
v 0.942356 109.694793 0.000000
v 0.942356 107.357293 2.095737
v -1.532566 107.774705 0.209857
v 0.942356 107.357293 2.095737
v 3.417279 109.277381 1.885881
v -20.630119 142.486593 37.397643
v -21.496342 141.814562 37.471093
v 0.942356 109.694793 0.000000
v 3.417279 109.277381 1.885881
v 0.942356 107.357293 2.095737
v 3.417279 109.277381 1.885881
v 3.417279 111.614881 -0.209857
v -20.630119 143.304718 36.664135
v -20.630119 142.486593 37.397643
v 0.942356 109.694793 0.000000
v 3.417279 111.614881 -0.209857
v 3.417279 109.277381 1.885881
v 3.417279 111.614881 -0.209857
v 0.942356 112.032292 -2.095737
v -21.496342 143.450812 36.004077
v -20.630119 143.304718 36.664135
v 0.942356 109.694793 0.000000
v 0.942356 112.032292 -2.095737
v 3.417279 111.614881 -0.209857
v -21.614808 143.462577 36.027226
v -22.406421 142.707010 36.126361
v -44.946334 173.176858 77.060541
v -45.624860 172.529228 77.145514
v -45.726402 173.240563 76.536635
v -45.624860 172.529228 77.145514
v -44.946334 173.176858 77.060541
v -22.406421 142.707010 36.126361
v -22.287955 141.877119 36.836720
v -45.047876 173.888192 76.451661
v -44.946334 173.176858 77.060541
v -45.726402 173.240563 76.536635
v -44.946334 173.176858 77.060541
v -45.047876 173.888192 76.451661
v -22.287955 141.877119 36.836720
v -21.377876 141.802797 37.447944
v -45.827944 173.951897 75.927755
v -45.047876 173.888192 76.451661
v -45.726402 173.240563 76.536635
v -45.047876 173.888192 76.451661
v -45.827944 173.951897 75.927755
v -21.377876 141.802797 37.447944
v -20.586263 142.558365 37.348808
v -46.506470 173.304268 76.012729
v -45.827944 173.951897 75.927755
v -45.726402 173.240563 76.536635
v -45.827944 173.951897 75.927755
v -46.506470 173.304268 76.012729
v -20.586263 142.558365 37.348808
v -20.704729 143.388255 36.638449
v -46.404927 172.592933 76.621608
v -46.506470 173.304268 76.012729
v -45.726402 173.240563 76.536635
v -46.506470 173.304268 76.012729
v -46.404927 172.592933 76.621608
v -20.704729 143.388255 36.638449
v -21.614808 143.462577 36.027226
v -45.624860 172.529228 77.145514
v -46.404927 172.592933 76.621608
v -45.726402 173.240563 76.536635
v -46.404927 172.592933 76.621608
v -45.624860 172.529228 77.145514
v 1.077253 119.544177 -4.047288
v -1.404362 115.658656 -3.562547
v -31.948573 138.791484 11.083694
v -31.080007 140.151416 10.914034
v 1.077253 117.283619 0.000000
v -1.404362 115.658656 -3.562547
v 1.077253 119.544177 -4.047288
v -1.404362 115.658656 -3.562547
v -1.404362 113.398099 0.484741
v -31.948573 138.000289 12.500245
v -31.948573 138.791484 11.083694
v 1.077253 117.283619 0.000000
v -1.404362 113.398099 0.484741
v -1.404362 115.658656 -3.562547
v -1.404362 113.398099 0.484741
v 1.077253 115.023062 4.047288
v -31.080007 138.569026 13.747136
v -31.948573 138.000289 12.500245
v 1.077253 117.283619 0.000000
v 1.077253 115.023062 4.047288
v -1.404362 113.398099 0.484741
v 1.077253 115.023062 4.047288
v 3.558868 118.908582 3.562547
v -30.211442 139.928958 13.577476
v -31.080007 138.569026 13.747136
v 1.077253 117.283619 0.000000
v 3.558868 118.908582 3.562547
v 1.077253 115.023062 4.047288
v 3.558868 118.908582 3.562547
v 3.558868 121.169140 -0.484741
v -30.211442 140.720153 12.160926
v -30.211442 139.928958 13.577476
v 1.077253 117.283619 0.000000
v 3.558868 121.169140 -0.484741
v 3.558868 118.908582 3.562547
v 3.558868 121.169140 -0.484741
v 1.077253 119.544177 -4.047288
v -31.080007 140.151416 10.914034
v -30.211442 140.720153 12.160926
v 1.077253 117.283619 0.000000
v 1.077253 119.544177 -4.047288
v 3.558868 121.169140 -0.484741
v -31.187063 140.165947 10.926324
v -31.902428 138.718609 11.087781
v -65.122336 158.574609 26.753980
v -65.735507 157.334033 26.892372
v -65.827269 158.024655 25.688719
v -65.735507 157.334033 26.892372
v -65.122336 158.574609 26.753980
v -31.902428 138.718609 11.087781
v -31.795373 137.912882 12.492042
v -65.214098 159.265231 25.550328
v -65.122336 158.574609 26.753980
v -65.827269 158.024655 25.688719
v -65.122336 158.574609 26.753980
v -65.214098 159.265231 25.550328
v -31.795373 137.912882 12.492042
v -30.972952 138.554494 13.734846
v -65.919030 158.715278 24.485067
v -65.214098 159.265231 25.550328
v -65.827269 158.024655 25.688719
v -65.214098 159.265231 25.550328
v -65.919030 158.715278 24.485067
v -30.972952 138.554494 13.734846
v -30.257586 140.001833 13.573390
v -66.532201 157.474702 24.623458
v -65.919030 158.715278 24.485067
v -65.827269 158.024655 25.688719
v -65.919030 158.715278 24.485067
v -66.532201 157.474702 24.623458
v -30.257586 140.001833 13.573390
v -30.364642 140.807559 12.169128
v -66.440439 156.784079 25.827111
v -66.532201 157.474702 24.623458
v -65.827269 158.024655 25.688719
v -66.532201 157.474702 24.623458
v -66.440439 156.784079 25.827111
v -30.364642 140.807559 12.169128
v -31.187063 140.165947 10.926324
v -65.735507 157.334033 26.892372
v -66.440439 156.784079 25.827111
v -65.827269 158.024655 25.688719
v -66.440439 156.784079 25.827111
v -65.735507 157.334033 26.892372
v 1.241266 125.974954 -4.478981
v -0.936501 122.725221 -2.296295
v -36.725428 150.018022 -0.357208
v -35.963210 151.155428 -1.121148
v 1.241266 125.895696 0.000000
v -0.936501 122.725221 -2.296295
v 1.241266 125.974954 -4.478981
v -0.936501 122.725221 -2.296295
v -0.936501 122.645962 2.182686
v -36.725428 149.990281 1.210435
v -36.725428 150.018022 -0.357208
v 1.241266 125.895696 0.000000
v -0.936501 122.645962 2.182686
v -0.936501 122.725221 -2.296295
v -0.936501 122.645962 2.182686
v 1.241266 125.816437 4.478981
v -35.963210 151.099948 2.014139
v -36.725428 149.990281 1.210435
v 1.241266 125.895696 0.000000
v 1.241266 125.816437 4.478981
v -0.936501 122.645962 2.182686
v 1.241266 125.816437 4.478981
v 3.419033 129.066171 2.296295
v -35.200991 152.237354 1.250199
v -35.963210 151.099948 2.014139
v 1.241266 125.895696 0.000000
v 3.419033 129.066171 2.296295
v 1.241266 125.816437 4.478981
v 3.419033 129.066171 2.296295
v 3.419033 129.145429 -2.182686
v -35.200991 152.265095 -0.317445
v -35.200991 152.237354 1.250199
v 1.241266 125.895696 0.000000
v 3.419033 129.145429 -2.182686
v 3.419033 129.066171 2.296295
v 3.419033 129.145429 -2.182686
v 1.241266 125.974954 -4.478981
v -35.963210 151.155428 -1.121148
v -35.200991 152.265095 -0.317445
v 1.241266 125.895696 0.000000
v 1.241266 125.974954 -4.478981
v 3.419033 129.145429 -2.182686
v -36.072249 150.963152 -1.108919
v -36.664412 149.863687 -0.160870
v -75.563589 174.280360 1.450798
v -76.071157 173.337962 2.263411
v -76.164619 173.196931 0.930199
v -76.071157 173.337962 2.263411
v -75.563589 174.280360 1.450798
v -36.664412 149.863687 -0.160870
v -36.555372 150.028223 1.394544
v -75.657051 174.139329 0.117585
v -75.563589 174.280360 1.450798
v -76.164619 173.196931 0.930199
v -75.563589 174.280360 1.450798
v -75.657051 174.139329 0.117585
v -36.555372 150.028223 1.394544
v -35.854170 151.292224 2.001910
v -76.258082 173.055900 -0.403014
v -75.657051 174.139329 0.117585
v -76.164619 173.196931 0.930199
v -75.657051 174.139329 0.117585
v -76.258082 173.055900 -0.403014
v -35.854170 151.292224 2.001910
v -35.262007 152.391689 1.053861
v -76.765650 172.113502 0.409600
v -76.258082 173.055900 -0.403014
v -76.164619 173.196931 0.930199
v -76.258082 173.055900 -0.403014
v -76.765650 172.113502 0.409600
v -35.262007 152.391689 1.053861
v -35.371047 152.227152 -0.501553
v -76.672187 172.254533 1.742812
v -76.765650 172.113502 0.409600
v -76.164619 173.196931 0.930199
v -76.765650 172.113502 0.409600
v -76.672187 172.254533 1.742812
v -35.371047 152.227152 -0.501553
v -36.072249 150.963152 -1.108919
v -76.071157 173.337962 2.263411
v -76.672187 172.254533 1.742812
v -76.164619 173.196931 0.930199
v -76.672187 172.254533 1.742812
v -76.071157 173.337962 2.263411
v 0.790642 99.258921 -3.415643
v -1.697531 98.063205 -1.063920
v -38.543340 146.668536 -17.152006
v -37.672480 147.087037 -17.975109
v 0.790642 100.477416 0.000000
v -1.697531 98.063205 -1.063920
v 0.790642 99.258921 -3.415643
v -1.697531 98.063205 -1.063920
v -1.697531 99.281700 2.351724
v -38.543340 147.095009 -15.956531
v -38.543340 146.668536 -17.152006
v 0.790642 100.477416 0.000000
v -1.697531 99.281700 2.351724
v -1.697531 98.063205 -1.063920
v -1.697531 99.281700 2.351724
v 0.790642 101.695911 3.415643
v -37.672480 147.939983 -15.584159
v -38.543340 147.095009 -15.956531
v 0.790642 100.477416 0.000000
v 0.790642 101.695911 3.415643
v -1.697531 99.281700 2.351724
v 0.790642 101.695911 3.415643
v 3.278816 102.891628 1.063920
v -36.801619 148.358484 -16.407262
v -37.672480 147.939983 -15.584159
v 0.790642 100.477416 0.000000
v 3.278816 102.891628 1.063920
v 0.790642 101.695911 3.415643
v 3.278816 102.891628 1.063920
v 3.278816 101.673133 -2.351724
v -36.801619 147.932011 -17.602737
v -36.801619 148.358484 -16.407262
v 0.790642 100.477416 0.000000
v 3.278816 101.673133 -2.351724
v 3.278816 102.891628 1.063920
v 3.278816 101.673133 -2.351724
v 0.790642 99.258921 -3.415643
v -37.672480 147.087037 -17.975109
v -36.801619 147.932011 -17.602737
v 0.790642 100.477416 0.000000
v 0.790642 99.258921 -3.415643
v 3.278816 101.673133 -2.351724
v -37.791653 146.989537 -17.929543
v -38.587994 146.661704 -16.997123
v -78.490248 197.599003 -34.771152
v -79.172826 197.318004 -33.971935
v -79.274975 196.868884 -34.957571
v -79.172826 197.318004 -33.971935
v -78.490248 197.599003 -34.771152
v -38.587994 146.661704 -16.997123
v -38.468820 147.185677 -15.847214
v -78.592397 197.149883 -35.756788
v -78.490248 197.599003 -34.771152
v -79.274975 196.868884 -34.957571
v -78.490248 197.599003 -34.771152
v -78.592397 197.149883 -35.756788
v -38.468820 147.185677 -15.847214
v -37.553306 148.037483 -15.629725
v -79.377123 196.419764 -35.943207
v -78.592397 197.149883 -35.756788
v -79.274975 196.868884 -34.957571
v -78.592397 197.149883 -35.756788
v -79.377123 196.419764 -35.943207
v -37.553306 148.037483 -15.629725
v -36.756965 148.365315 -16.562145
v -80.059701 196.138765 -35.143990
v -79.377123 196.419764 -35.943207
v -79.274975 196.868884 -34.957571
v -79.377123 196.419764 -35.943207
v -80.059701 196.138765 -35.143990
v -36.756965 148.365315 -16.562145
v -36.876139 147.841342 -17.712054
v -79.957553 196.587885 -34.158354
v -80.059701 196.138765 -35.143990
v -79.274975 196.868884 -34.957571
v -80.059701 196.138765 -35.143990
v -79.957553 196.587885 -34.158354
v -36.876139 147.841342 -17.712054
v -37.791653 146.989537 -17.929543
v -79.172826 197.318004 -33.971935
v -79.957553 196.587885 -34.158354
v -79.274975 196.868884 -34.957571
v -79.957553 196.587885 -34.158354
v -79.172826 197.318004 -33.971935
v 0.798642 98.910874 -1.927881
v -1.228373 99.008218 0.046529
v -29.786166 130.178574 -32.128495
v -29.076710 130.144504 -32.819539
v 0.798642 100.984479 0.000000
v -1.228373 99.008218 0.046529
v 0.798642 98.910874 -1.927881
v -1.228373 99.008218 0.046529
v -1.228373 101.081823 1.974411
v -29.786166 130.904336 -31.453737
v -29.786166 130.178574 -32.128495
v 0.798642 100.984479 0.000000
v -1.228373 101.081823 1.974411
v -1.228373 99.008218 0.046529
v -1.228373 101.081823 1.974411
v 0.798642 103.058084 1.927881
v -29.076710 131.596027 -31.470022
v -29.786166 130.904336 -31.453737
v 0.798642 100.984479 0.000000
v 0.798642 103.058084 1.927881
v -1.228373 101.081823 1.974411
v 0.798642 103.058084 1.927881
v 2.825658 102.960740 -0.046529
v -28.367255 131.561957 -32.161066
v -29.076710 131.596027 -31.470022
v 0.798642 100.984479 0.000000
v 2.825658 102.960740 -0.046529
v 0.798642 103.058084 1.927881
v 2.825658 102.960740 -0.046529
v 2.825658 100.887135 -1.974411
v -28.367255 130.836195 -32.835824
v -28.367255 131.561957 -32.161066
v 0.798642 100.984479 0.000000
v 2.825658 100.887135 -1.974411
v 2.825658 102.960740 -0.046529
v 2.825658 100.887135 -1.974411
v 0.798642 98.910874 -1.927881
v -29.076710 130.144504 -32.819539
v -28.367255 130.836195 -32.835824
v 0.798642 100.984479 0.000000
v 0.798642 98.910874 -1.927881
v 2.825658 100.887135 -1.974411
v -29.172014 130.041508 -32.679670
v -29.808854 130.233029 -31.944971
v -60.747570 157.606171 -67.139558
v -61.293433 157.770332 -66.509815
v -61.375122 157.059968 -66.968292
v -61.293433 157.770332 -66.509815
v -60.747570 157.606171 -67.139558
v -29.808854 130.233029 -31.944971
v -29.713550 131.061787 -31.410081
v -60.829259 156.895807 -67.598035
v -60.747570 157.606171 -67.139558
v -61.375122 157.059968 -66.968292
v -60.747570 157.606171 -67.139558
v -60.829259 156.895807 -67.598035
v -29.713550 131.061787 -31.410081
v -28.981406 131.699023 -31.609890
v -61.456811 156.349605 -67.426770
v -60.829259 156.895807 -67.598035
v -61.375122 157.059968 -66.968292
v -60.829259 156.895807 -67.598035
v -61.456811 156.349605 -67.426770
v -28.981406 131.699023 -31.609890
v -28.344566 131.507502 -32.344590
v -62.002674 156.513766 -66.797027
v -61.456811 156.349605 -67.426770
v -61.375122 157.059968 -66.968292
v -61.456811 156.349605 -67.426770
v -62.002674 156.513766 -66.797027
v -28.344566 131.507502 -32.344590
v -28.439870 130.678744 -32.879480
v -61.920985 157.224129 -66.338550
v -62.002674 156.513766 -66.797027
v -61.375122 157.059968 -66.968292
v -62.002674 156.513766 -66.797027
v -61.920985 157.224129 -66.338550
v -28.439870 130.678744 -32.879480
v -29.172014 130.041508 -32.679670
v -61.293433 157.770332 -66.509815
v -61.920985 157.224129 -66.338550
v -61.375122 157.059968 -66.968292
v -61.920985 157.224129 -66.338550
v -61.293433 157.770332 -66.509815
v 1.239183 122.658481 -2.071665
v -2.003614 124.357170 -1.236751
v 3.081878 147.403419 -33.861904
v 4.216857 146.808878 -34.154123
v 1.239183 125.790025 0.000000
v -2.003614 124.357170 -1.236751
v 1.239183 122.658481 -2.071665
v -2.003614 124.357170 -1.236751
v -2.003614 127.488714 0.834913
v 3.081878 148.499460 -33.136821
v 3.081878 147.403419 -33.861904
v 1.239183 125.790025 0.000000
v -2.003614 127.488714 0.834913
v -2.003614 124.357170 -1.236751
v -2.003614 127.488714 0.834913
v 1.239183 128.921569 2.071665
v 4.216857 149.000959 -32.703958
v 3.081878 148.499460 -33.136821
v 1.239183 125.790025 0.000000
v 1.239183 128.921569 2.071665
v -2.003614 127.488714 0.834913
v 1.239183 128.921569 2.071665
v 4.481981 127.222879 1.236751
v 5.351836 148.406417 -32.996178
v 4.216857 149.000959 -32.703958
v 1.239183 125.790025 0.000000
v 4.481981 127.222879 1.236751
v 1.239183 128.921569 2.071665
v 4.481981 127.222879 1.236751
v 4.481981 124.091335 -0.834913
v 5.351836 147.310377 -33.721260
v 5.351836 148.406417 -32.996178
v 1.239183 125.790025 0.000000
v 4.481981 124.091335 -0.834913
v 4.481981 127.222879 1.236751
v 4.481981 124.091335 -0.834913
v 1.239183 122.658481 -2.071665
v 4.216857 146.808878 -34.154123
v 5.351836 147.310377 -33.721260
v 1.239183 125.790025 0.000000
v 1.239183 122.658481 -2.071665
v 4.481981 124.091335 -0.834913
v 4.060053 146.755534 -34.046599
v 3.012258 147.493466 -33.755686
v 8.578449 167.261455 -69.363853
v 7.680338 167.893968 -69.114499
v 7.545935 166.908781 -69.643835
v 7.680338 167.893968 -69.114499
v 8.578449 167.261455 -69.363853
v 3.012258 147.493466 -33.755686
v 3.169061 148.642850 -33.138127
v 8.444046 166.276268 -69.893189
v 8.578449 167.261455 -69.363853
v 7.545935 166.908781 -69.643835
v 8.578449 167.261455 -69.363853
v 8.444046 166.276268 -69.893189
v 3.169061 148.642850 -33.138127
v 4.373661 149.054302 -32.811482
v 7.411532 165.923595 -70.173170
v 8.444046 166.276268 -69.893189
v 7.545935 166.908781 -69.643835
v 8.444046 166.276268 -69.893189
v 7.411532 165.923595 -70.173170
v 4.373661 149.054302 -32.811482
v 5.421456 148.316370 -33.102396
v 6.513421 166.556108 -69.923816
v 7.411532 165.923595 -70.173170
v 7.545935 166.908781 -69.643835
v 7.411532 165.923595 -70.173170
v 6.513421 166.556108 -69.923816
v 5.421456 148.316370 -33.102396
v 5.264652 147.166986 -33.719954
v 6.647825 167.541295 -69.394480
v 6.513421 166.556108 -69.923816
v 7.545935 166.908781 -69.643835
v 6.513421 166.556108 -69.923816
v 6.647825 167.541295 -69.394480
v 5.264652 147.166986 -33.719954
v 4.060053 146.755534 -34.046599
v 7.680338 167.893968 -69.114499
v 6.647825 167.541295 -69.394480
v 7.545935 166.908781 -69.643835
v 6.647825 167.541295 -69.394480
v 7.680338 167.893968 -69.114499
v 1.330495 127.305912 -1.899817
v -1.085201 129.856123 -2.599351
v 26.815576 147.512032 -28.622720
v 27.661069 146.619458 -28.377883
v 1.330495 130.342227 0.000000
v -1.085201 129.856123 -2.599351
v 1.330495 127.305912 -1.899817
v -1.085201 129.856123 -2.599351
v -1.085201 132.892438 -0.699534
v 26.815576 148.574742 -27.957784
v 26.815576 147.512032 -28.622720
v 1.330495 130.342227 0.000000
v -1.085201 132.892438 -0.699534
v -1.085201 129.856123 -2.599351
v -1.085201 132.892438 -0.699534
v 1.330495 133.378542 1.899817
v 27.661069 148.744879 -27.048011
v 26.815576 148.574742 -27.957784
v 1.330495 130.342227 0.000000
v 1.330495 133.378542 1.899817
v -1.085201 132.892438 -0.699534
v 1.330495 133.378542 1.899817
v 3.746192 130.828331 2.599351
v 28.506563 147.852305 -26.803174
v 27.661069 148.744879 -27.048011
v 1.330495 130.342227 0.000000
v 3.746192 130.828331 2.599351
v 1.330495 133.378542 1.899817
v 3.746192 130.828331 2.599351
v 3.746192 127.792016 0.699534
v 28.506563 146.789595 -27.468110
v 28.506563 147.852305 -26.803174
v 1.330495 130.342227 0.000000
v 3.746192 127.792016 0.699534
v 3.746192 130.828331 2.599351
v 3.746192 127.792016 0.699534
v 1.330495 127.305912 -1.899817
v 27.661069 146.619458 -28.377883
v 28.506563 146.789595 -27.468110
v 1.330495 130.342227 0.000000
v 1.330495 127.305912 -1.899817
v 3.746192 127.792016 0.699534
v 27.549534 146.540728 -28.219075
v 26.804234 147.472460 -28.603648
v 57.031163 158.376074 -56.971848
v 56.392334 159.174702 -57.301482
v 56.296733 158.196324 -57.735306
v 56.392334 159.174702 -57.301482
v 57.031163 158.376074 -56.971848
v 26.804234 147.472460 -28.603648
v 26.915769 148.613900 -28.097520
v 56.935561 157.397696 -57.405672
v 57.031163 158.376074 -56.971848
v 56.296733 158.196324 -57.735306
v 57.031163 158.376074 -56.971848
v 56.935561 157.397696 -57.405672
v 26.915769 148.613900 -28.097520
v 27.772605 148.823609 -27.206819
v 56.201131 157.217946 -58.169130
v 56.935561 157.397696 -57.405672
v 56.296733 158.196324 -57.735306
v 56.935561 157.397696 -57.405672
v 56.201131 157.217946 -58.169130
v 27.772605 148.823609 -27.206819
v 28.517905 147.891877 -26.822246
v 55.562303 158.016573 -58.498764
v 56.201131 157.217946 -58.169130
v 56.296733 158.196324 -57.735306
v 56.201131 157.217946 -58.169130
v 55.562303 158.016573 -58.498764
v 28.517905 147.891877 -26.822246
v 28.406370 146.750436 -27.328374
v 55.657904 158.994951 -58.064940
v 55.562303 158.016573 -58.498764
v 56.296733 158.196324 -57.735306
v 55.562303 158.016573 -58.498764
v 55.657904 158.994951 -58.064940
v 28.406370 146.750436 -27.328374
v 27.549534 146.540728 -28.219075
v 56.392334 159.174702 -57.301482
v 55.657904 158.994951 -58.064940
v 56.296733 158.196324 -57.735306
v 55.657904 158.994951 -58.064940
v 56.392334 159.174702 -57.301482
v 1.111966 117.408898 -2.278681
v -0.885082 119.460461 -2.042845
v 23.551960 143.968364 -19.680943
v 24.250927 143.250317 -19.763486
v 1.111966 119.158282 0.000000
v -0.885082 119.460461 -2.042845
v 1.111966 117.408898 -2.278681
v -0.885082 119.460461 -2.042845
v -0.885082 121.209845 0.235836
v 23.551960 144.580648 -18.883405
v 23.551960 143.968364 -19.680943
v 1.111966 119.158282 0.000000
v -0.885082 121.209845 0.235836
v -0.885082 119.460461 -2.042845
v -0.885082 121.209845 0.235836
v 1.111966 120.907666 2.278681
v 24.250927 144.474886 -18.168409
v 23.551960 144.580648 -18.883405
v 1.111966 119.158282 0.000000
v 1.111966 120.907666 2.278681
v -0.885082 121.209845 0.235836
v 1.111966 120.907666 2.278681
v 3.109014 118.856103 2.042845
v 24.949893 143.756839 -18.250952
v 24.250927 144.474886 -18.168409
v 1.111966 119.158282 0.000000
v 3.109014 118.856103 2.042845
v 1.111966 120.907666 2.278681
v 3.109014 118.856103 2.042845
v 3.109014 117.106719 -0.235836
v 24.949893 143.144555 -19.048490
v 24.949893 143.756839 -18.250952
v 1.111966 119.158282 0.000000
v 3.109014 117.106719 -0.235836
v 3.109014 118.856103 2.042845
v 3.109014 117.106719 -0.235836
v 1.111966 117.408898 -2.278681
v 24.250927 143.250317 -19.763486
v 24.949893 143.144555 -19.048490
v 1.111966 119.158282 0.000000
v 1.111966 117.408898 -2.278681
v 3.109014 117.106719 -0.235836
v 24.157049 143.265346 -19.769335
v 23.529739 144.040974 -19.643466
v 50.028958 167.392723 -38.931661
v 49.491264 168.057547 -38.823773
v 49.410797 167.545613 -39.512391
v 49.491264 168.057547 -38.823773
v 50.028958 167.392723 -38.931661
v 23.529739 144.040974 -19.643466
v 23.623617 144.638229 -18.840078
v 49.948492 166.880790 -39.620279
v 50.028958 167.392723 -38.931661
v 49.410797 167.545613 -39.512391
v 50.028958 167.392723 -38.931661
v 49.948492 166.880790 -39.620279
v 23.623617 144.638229 -18.840078
v 24.344804 144.459857 -18.162560
v 49.330331 167.033680 -40.201009
v 49.948492 166.880790 -39.620279
v 49.410797 167.545613 -39.512391
v 49.948492 166.880790 -39.620279
v 49.330331 167.033680 -40.201009
v 24.344804 144.459857 -18.162560
v 24.972114 143.684229 -18.288429
v 48.792637 167.698504 -40.093121
v 49.330331 167.033680 -40.201009
v 49.410797 167.545613 -39.512391
v 49.330331 167.033680 -40.201009
v 48.792637 167.698504 -40.093121
v 24.972114 143.684229 -18.288429
v 24.878236 143.086974 -19.091817
v 48.873103 168.210437 -39.404503
v 48.792637 167.698504 -40.093121
v 49.410797 167.545613 -39.512391
v 48.792637 167.698504 -40.093121
v 48.873103 168.210437 -39.404503
v 24.878236 143.086974 -19.091817
v 24.157049 143.265346 -19.769335
v 49.491264 168.057547 -38.823773
v 48.873103 168.210437 -39.404503
v 49.410797 167.545613 -39.512391
v 48.873103 168.210437 -39.404503
v 49.491264 168.057547 -38.823773
v 74.587530 149.019300 -5.421984
v 96.890988 152.239374 14.892595
v 110.338280 153.774831 -5.421984
v 110.338280 153.774831 -5.421984
v 96.890988 152.239374 14.892595
v 110.563026 166.086816 27.345448
v 123.134558 166.086816 -5.421984
v 123.134558 166.086816 -5.421984
v 110.563026 166.086816 27.345448
v 95.073260 177.626203 13.236960
v 109.489804 179.215300 -5.421984
v 74.587530 183.154333 -5.421984
v 109.489804 179.215300 -5.421984
v 95.073260 177.626203 13.236960
v 74.587530 149.019300 -5.421984
v 74.587530 154.765245 21.516993
v 96.890988 152.239374 14.892595
v 96.890988 152.239374 14.892595
v 74.587530 154.765245 21.516993
v 74.587530 166.086816 30.749398
v 110.563026 166.086816 27.345448
v 110.563026 166.086816 27.345448
v 74.587530 166.086816 30.749398
v 74.587530 177.475594 22.285805
v 95.073260 177.626203 13.236960
v 74.587530 183.154333 -5.421984
v 95.073260 177.626203 13.236960
v 74.587530 177.475594 22.285805
v 74.587530 149.019300 -5.421984
v 52.257205 155.810970 14.917066
v 74.587530 154.765245 21.516993
v 74.587530 154.765245 21.516993
v 52.257205 155.810970 14.917066
v 39.502784 166.086816 26.534129
v 74.587530 166.086816 30.749398
v 74.587530 166.086816 30.749398
v 39.502784 166.086816 26.534129
v 54.033976 176.689054 13.298735
v 74.587530 177.475594 22.285805
v 74.587530 183.154333 -5.421984
v 74.587530 177.475594 22.285805
v 54.033976 176.689054 13.298735
v 74.587530 149.019300 -5.421984
v 43.572604 152.396584 -5.421984
v 52.257205 155.810970 14.917066
v 52.257205 155.810970 14.917066
v 43.572604 152.396584 -5.421984
v 33.257547 166.086816 -5.421984
v 39.502784 166.086816 26.534129
v 39.502784 166.086816 26.534129
v 33.257547 166.086816 -5.421984
v 44.533225 177.984709 -5.421984
v 54.033976 176.689054 13.298735
v 74.587530 183.154333 -5.421984
v 54.033976 176.689054 13.298735
v 44.533225 177.984709 -5.421984
v 74.587530 149.019300 -5.421984
v 52.456911 152.673298 -25.579137
v 43.572604 152.396584 -5.421984
v 43.572604 152.396584 -5.421984
v 52.456911 152.673298 -25.579137
v 39.856260 166.086816 -37.056142
v 33.257547 166.086816 -5.421984
v 33.257547 166.086816 -5.421984
v 39.856260 166.086816 -37.056142
v 51.930514 179.154358 -26.058593
v 44.533225 177.984709 -5.421984
v 74.587530 183.154333 -5.421984
v 44.533225 177.984709 -5.421984
v 51.930514 179.154358 -26.058593
v 74.587530 149.019300 -5.421984
v 74.587530 154.656784 -32.009132
v 52.456911 152.673298 -25.579137
v 52.456911 152.673298 -25.579137
v 74.587530 154.656784 -32.009132
v 74.587530 166.086816 -52.382936
v 39.856260 166.086816 -37.056142
v 39.856260 166.086816 -37.056142
v 74.587530 166.086816 -52.382936
v 74.587530 180.069472 -36.395890
v 51.930514 179.154358 -26.058593
v 74.587530 183.154333 -5.421984
v 51.930514 179.154358 -26.058593
v 74.587530 180.069472 -36.395890
v 74.587530 149.019300 -5.421984
v 96.760851 152.264153 -25.618031
v 74.587530 154.656784 -32.009132
v 74.587530 154.656784 -32.009132
v 96.760851 152.264153 -25.618031
v 107.615860 166.086816 -35.505060
v 74.587530 166.086816 -52.382936
v 74.587530 166.086816 -52.382936
v 107.615860 166.086816 -35.505060
v 98.789692 178.685465 -27.465953
v 74.587530 180.069472 -36.395890
v 74.587530 183.154333 -5.421984
v 74.587530 180.069472 -36.395890
v 98.789692 178.685465 -27.465953
v 74.587530 149.019300 -5.421984
v 110.338280 153.774831 -5.421984
v 96.760851 152.264153 -25.618031
v 96.760851 152.264153 -25.618031
v 110.338280 153.774831 -5.421984
v 123.134558 166.086816 -5.421984
v 107.615860 166.086816 -35.505060
v 107.615860 166.086816 -35.505060
v 123.134558 166.086816 -5.421984
v 109.489804 179.215300 -5.421984
v 98.789692 178.685465 -27.465953
v 74.587530 183.154333 -5.421984
v 98.789692 178.685465 -27.465953
v 109.489804 179.215300 -5.421984
v 54.632978 148.191916 35.010962
v 72.010582 151.561289 48.367586
v 84.094561 152.014938 35.010962
v 84.094561 152.014938 35.010962
v 72.010582 151.561289 48.367586
v 83.038531 163.261179 56.843792
v 94.243448 163.261179 35.010962
v 94.243448 163.261179 35.010962
v 83.038531 163.261179 56.843792
v 74.437863 173.259918 50.233222
v 79.839417 174.129962 35.010962
v 54.632978 178.330442 35.010962
v 79.839417 174.129962 35.010962
v 74.437863 173.259918 50.233222
v 54.632978 148.191916 35.010962
v 54.632978 153.021924 53.567032
v 72.010582 151.561289 48.367586
v 72.010582 151.561289 48.367586
v 54.632978 153.021924 53.567032
v 54.632978 163.261179 69.840402
v 83.038531 163.261179 56.843792
v 83.038531 163.261179 56.843792
v 54.632978 163.261179 69.840402
v 54.632978 172.313895 56.522867
v 74.437863 173.259918 50.233222
v 54.632978 178.330442 35.010962
v 74.437863 173.259918 50.233222
v 54.632978 172.313895 56.522867
v 54.632978 148.191916 35.010962
v 33.916371 151.474926 50.933981
v 54.632978 153.021924 53.567032
v 54.632978 153.021924 53.567032
v 33.916371 151.474926 50.933981
v 24.410703 163.261179 58.240145
v 54.632978 163.261179 69.840402
v 54.632978 163.261179 69.840402
v 24.410703 163.261179 58.240145
v 37.586535 172.502145 48.113052
v 54.632978 172.313895 56.522867
v 54.632978 178.330442 35.010962
v 54.632978 172.313895 56.522867
v 37.586535 172.502145 48.113052
v 54.632978 148.191916 35.010962
v 27.711042 151.183719 35.010962
v 33.916371 151.474926 50.933981
v 33.916371 151.474926 50.933981
v 27.711042 151.183719 35.010962
v 17.737247 163.261179 35.010962
v 24.410703 163.261179 58.240145
v 24.410703 163.261179 58.240145
v 17.737247 163.261179 35.010962
v 25.563172 172.270714 35.010962
v 37.586535 172.502145 48.113052
v 54.632978 178.330442 35.010962
v 37.586535 172.502145 48.113052
v 25.563172 172.270714 35.010962
v 54.632978 148.191916 35.010962
v 33.684154 151.530029 18.909458
v 27.711042 151.183719 35.010962
v 27.711042 151.183719 35.010962
v 33.684154 151.530029 18.909458
v 30.846028 163.261179 16.728043
v 17.737247 163.261179 35.010962
v 17.737247 163.261179 35.010962
v 30.846028 163.261179 16.728043
v 35.712360 175.581376 20.468360
v 25.563172 172.270714 35.010962
v 54.632978 178.330442 35.010962
v 25.563172 172.270714 35.010962
v 35.712360 175.581376 20.468360
v 54.632978 148.191916 35.010962
v 54.632978 153.266716 10.338000
v 33.684154 151.530029 18.909458
v 33.684154 151.530029 18.909458
v 54.632978 153.266716 10.338000
v 54.632978 163.261179 5.053067
v 30.846028 163.261179 16.728043
v 30.846028 163.261179 16.728043
v 54.632978 163.261179 5.053067
v 54.632978 172.509853 12.671543
v 35.712360 175.581376 20.468360
v 54.632978 178.330442 35.010962
v 35.712360 175.581376 20.468360
v 54.632978 172.509853 12.671543
v 54.632978 148.191916 35.010962
v 74.310129 151.887704 19.886881
v 54.632978 153.266716 10.338000
v 54.632978 153.266716 10.338000
v 74.310129 151.887704 19.886881
v 82.397309 163.261179 13.670982
v 54.632978 163.261179 5.053067
v 54.632978 163.261179 5.053067
v 82.397309 163.261179 13.670982
v 71.356426 173.850557 22.157130
v 54.632978 172.509853 12.671543
v 54.632978 178.330442 35.010962
v 54.632978 172.509853 12.671543
v 71.356426 173.850557 22.157130
v 54.632978 148.191916 35.010962
v 84.094561 152.014938 35.010962
v 74.310129 151.887704 19.886881
v 74.310129 151.887704 19.886881
v 84.094561 152.014938 35.010962
v 94.243448 163.261179 35.010962
v 82.397309 163.261179 13.670982
v 82.397309 163.261179 13.670982
v 94.243448 163.261179 35.010962
v 79.839417 174.129962 35.010962
v 71.356426 173.850557 22.157130
v 54.632978 178.330442 35.010962
v 71.356426 173.850557 22.157130
v 79.839417 174.129962 35.010962
v 39.569224 173.665967 58.429777
v 63.152514 177.339420 79.386151
v 71.487995 179.347853 58.429777
v 71.487995 179.347853 58.429777
v 63.152514 177.339420 79.386151
v 68.861241 190.266667 84.458989
v 89.574100 190.266667 58.429777
v 89.574100 190.266667 58.429777
v 68.861241 190.266667 84.458989
v 59.328550 200.739271 75.988134
v 67.965391 201.873807 58.429777
v 39.569224 206.867368 58.429777
v 67.965391 201.873807 58.429777
v 59.328550 200.739271 75.988134
v 39.569224 173.665967 58.429777
v 39.569224 179.616377 82.815789
v 63.152514 177.339420 79.386151
v 63.152514 177.339420 79.386151
v 39.569224 179.616377 82.815789
v 39.569224 190.266667 96.660161
v 68.861241 190.266667 84.458989
v 68.861241 190.266667 84.458989
v 39.569224 190.266667 96.660161
v 39.569224 201.792842 85.378125
v 59.328550 200.739271 75.988134
v 39.569224 206.867368 58.429777
v 59.328550 200.739271 75.988134
v 39.569224 201.792842 85.378125
v 39.569224 173.665967 58.429777
v 14.909178 178.656586 80.342969
v 39.569224 179.616377 82.815789
v 39.569224 179.616377 82.815789
v 14.909178 178.656586 80.342969
v 11.467555 190.266667 83.401234
v 39.569224 190.266667 96.660161
v 39.569224 190.266667 96.660161
v 11.467555 190.266667 83.401234
v 18.720020 202.620795 76.956612
v 39.569224 201.792842 85.378125
v 39.569224 206.867368 58.429777
v 39.569224 201.792842 85.378125
v 18.720020 202.620795 76.956612
v 39.569224 173.665967 58.429777
v 7.055515 177.830014 58.429777
v 14.909178 178.656586 80.342969
v 14.909178 178.656586 80.342969
v 7.055515 177.830014 58.429777
v 0.834406 190.266667 58.429777
v 11.467555 190.266667 83.401234
v 11.467555 190.266667 83.401234
v 0.834406 190.266667 58.429777
v 6.036570 200.186829 58.429777
v 18.720020 202.620795 76.956612
v 39.569224 206.867368 58.429777
v 18.720020 202.620795 76.956612
v 6.036570 200.186829 58.429777
v 39.569224 173.665967 58.429777
v 16.282564 180.324693 37.736992
v 7.055515 177.830014 58.429777
v 7.055515 177.830014 58.429777
v 16.282564 180.324693 37.736992
v 10.376154 190.266667 32.488490
v 0.834406 190.266667 58.429777
v 0.834406 190.266667 58.429777
v 10.376154 190.266667 32.488490
v 19.163950 201.396411 40.297423
v 6.036570 200.186829 58.429777
v 39.569224 206.867368 58.429777
v 6.036570 200.186829 58.429777
v 19.163950 201.396411 40.297423
v 39.569224 173.665967 58.429777
v 39.569224 179.353033 29.122636
v 16.282564 180.324693 37.736992
v 16.282564 180.324693 37.736992
v 39.569224 179.353033 29.122636
v 39.569224 190.266667 23.688270
v 10.376154 190.266667 32.488490
v 10.376154 190.266667 32.488490
v 39.569224 190.266667 23.688270
v 39.569224 201.684715 32.324856
v 19.163950 201.396411 40.297423
v 39.569224 206.867368 58.429777
v 19.163950 201.396411 40.297423
v 39.569224 201.684715 32.324856
v 39.569224 173.665967 58.429777
v 59.284087 179.610651 40.910931
v 39.569224 179.353033 29.122636
v 39.569224 179.353033 29.122636
v 59.284087 179.610651 40.910931
v 71.750000 190.266667 29.833582
v 39.569224 190.266667 23.688270
v 39.569224 190.266667 23.688270
v 71.750000 190.266667 29.833582
v 62.395006 203.072112 38.146534
v 39.569224 201.684715 32.324856
v 39.569224 206.867368 58.429777
v 39.569224 201.684715 32.324856
v 62.395006 203.072112 38.146534
v 39.569224 173.665967 58.429777
v 71.487995 179.347853 58.429777
v 59.284087 179.610651 40.910931
v 59.284087 179.610651 40.910931
v 71.487995 179.347853 58.429777
v 89.574100 190.266667 58.429777
v 71.750000 190.266667 29.833582
v 71.750000 190.266667 29.833582
v 89.574100 190.266667 58.429777
v 67.965391 201.873807 58.429777
v 62.395006 203.072112 38.146534
v 39.569224 206.867368 58.429777
v 62.395006 203.072112 38.146534
v 67.965391 201.873807 58.429777
v -5.802037 155.300540 69.933502
v 15.519921 160.569212 89.396401
v 19.382021 159.745128 69.933502
v 19.382021 159.745128 69.933502
v 15.519921 160.569212 89.396401
v 19.200746 169.410840 92.756296
v 29.681812 169.410840 69.933502
v 29.681812 169.410840 69.933502
v 19.200746 169.410840 92.756296
v 13.185848 179.961765 87.265836
v 21.956164 180.476470 69.933502
v -5.802037 183.521139 69.933502
v 21.956164 180.476470 69.933502
v 13.185848 179.961765 87.265836
v -5.802037 155.300540 69.933502
v -5.802037 159.199494 94.322699
v 15.519921 160.569212 89.396401
v 15.519921 160.569212 89.396401
v -5.802037 159.199494 94.322699
v -5.802037 169.410840 105.306926
v 19.200746 169.410840 92.756296
v 19.200746 169.410840 92.756296
v -5.802037 169.410840 105.306926
v -5.802037 179.626758 96.678282
v 13.185848 179.961765 87.265836
v -5.802037 183.521139 69.933502
v 13.185848 179.961765 87.265836
v -5.802037 179.626758 96.678282
v -5.802037 155.300540 69.933502
v -25.821423 160.428725 88.207400
v -5.802037 159.199494 94.322699
v -5.802037 159.199494 94.322699
v -25.821423 160.428725 88.207400
v -35.337933 169.410840 96.894167
v -5.802037 169.410840 105.306926
v -5.802037 169.410840 105.306926
v -35.337933 169.410840 96.894167
v -24.619698 178.456785 87.110453
v -5.802037 179.626758 96.678282
v -5.802037 183.521139 69.933502
v -5.802037 179.626758 96.678282
v -24.619698 178.456785 87.110453
v -5.802037 155.300540 69.933502
v -33.958500 160.925127 69.933502
v -25.821423 160.428725 88.207400
v -25.821423 160.428725 88.207400
v -33.958500 160.925127 69.933502
v -41.638352 169.410840 69.933502
v -35.337933 169.410840 96.894167
v -35.337933 169.410840 96.894167
v -41.638352 169.410840 69.933502
v -30.119556 179.590014 69.933502
v -24.619698 178.456785 87.110453
v -5.802037 183.521139 69.933502
v -24.619698 178.456785 87.110453
v -30.119556 179.590014 69.933502
v -5.802037 155.300540 69.933502
v -24.305797 159.864364 53.043083
v -33.958500 160.925127 69.933502
v -33.958500 160.925127 69.933502
v -24.305797 159.864364 53.043083
v -31.010518 169.410840 46.922947
v -41.638352 169.410840 69.933502
v -41.638352 169.410840 69.933502
v -31.010518 169.410840 46.922947
v -23.480191 179.003908 53.796705
v -30.119556 179.590014 69.933502
v -5.802037 183.521139 69.933502
v -30.119556 179.590014 69.933502
v -23.480191 179.003908 53.796705
v -5.802037 155.300540 69.933502
v -5.802037 159.477181 42.547430
v -24.305797 159.864364 53.043083
v -24.305797 159.864364 53.043083
v -5.802037 159.477181 42.547430
v -5.802037 169.410840 41.385568
v -31.010518 169.410840 46.922947
v -31.010518 169.410840 46.922947
v -5.802037 169.410840 41.385568
v -5.802037 180.052523 47.669041
v -23.480191 179.003908 53.796705
v -5.802037 183.521139 69.933502
v -23.480191 179.003908 53.796705
v -5.802037 180.052523 47.669041
v -5.802037 155.300540 69.933502
v 10.752966 158.695535 54.821928
v -5.802037 159.477181 42.547430
v -5.802037 159.477181 42.547430
v 10.752966 158.695535 54.821928
v 18.488133 169.410840 47.761190
v -5.802037 169.410840 41.385568
v -5.802037 169.410840 41.385568
v 18.488133 169.410840 47.761190
v 14.123862 178.917273 51.744941
v -5.802037 180.052523 47.669041
v -5.802037 183.521139 69.933502
v -5.802037 180.052523 47.669041
v 14.123862 178.917273 51.744941
v -5.802037 155.300540 69.933502
v 19.382021 159.745128 69.933502
v 10.752966 158.695535 54.821928
v 10.752966 158.695535 54.821928
v 19.382021 159.745128 69.933502
v 29.681812 169.410840 69.933502
v 18.488133 169.410840 47.761190
v 18.488133 169.410840 47.761190
v 29.681812 169.410840 69.933502
v 21.956164 180.476470 69.933502
v 14.123862 178.917273 51.744941
v -5.802037 183.521139 69.933502
v 14.123862 178.917273 51.744941
v 21.956164 180.476470 69.933502
v -45.726402 158.694713 76.536635
v -19.715133 164.517072 95.303030
v -15.133795 164.103061 76.536635
v -15.133795 164.103061 76.536635
v -19.715133 164.517072 95.303030
v -18.768667 175.807477 95.985878
v 2.755453 175.807477 76.536635
v 2.755453 175.807477 76.536635
v -18.768667 175.807477 95.985878
v -25.807454 186.766420 90.907592
v -18.562280 187.388405 76.536635
v -45.726402 192.920242 76.536635
v -18.562280 187.388405 76.536635
v -25.807454 186.766420 90.907592
v -45.726402 158.694713 76.536635
v -45.726402 164.917309 96.107286
v -19.715133 164.517072 95.303030
v -19.715133 164.517072 95.303030
v -45.726402 164.917309 96.107286
v -45.726402 175.807477 109.185747
v -18.768667 175.807477 95.985878
v -18.768667 175.807477 95.985878
v -45.726402 175.807477 109.185747
v -45.726402 186.733853 102.808855
v -25.807454 186.766420 90.907592
v -45.726402 192.920242 76.536635
v -25.807454 186.766420 90.907592
v -45.726402 186.733853 102.808855
v -45.726402 158.694713 76.536635
v -66.293517 162.284033 91.375227
v -45.726402 164.917309 96.107286
v -45.726402 164.917309 96.107286
v -66.293517 162.284033 91.375227
v -78.044599 175.807477 99.853300
v -45.726402 175.807477 109.185747
v -45.726402 175.807477 109.185747
v -78.044599 175.807477 99.853300
v -70.520999 188.473796 94.425235
v -45.726402 186.733853 102.808855
v -45.726402 192.920242 76.536635
v -45.726402 186.733853 102.808855
v -70.520999 188.473796 94.425235
v -45.726402 158.694713 76.536635
v -79.758969 164.244947 76.536635
v -66.293517 162.284033 91.375227
v -66.293517 162.284033 91.375227
v -79.758969 164.244947 76.536635
v -96.613658 175.807477 76.536635
v -78.044599 175.807477 99.853300
v -78.044599 175.807477 99.853300
v -96.613658 175.807477 76.536635
v -72.875179 188.048142 76.536635
v -70.520999 188.473796 94.425235
v -45.726402 192.920242 76.536635
v -70.520999 188.473796 94.425235
v -72.875179 188.048142 76.536635
v -45.726402 158.694713 76.536635
v -70.452552 163.039546 58.697416
v -79.758969 164.244947 76.536635
v -79.758969 164.244947 76.536635
v -70.452552 163.039546 58.697416
v -74.909975 175.807477 55.481512
v -96.613658 175.807477 76.536635
v -96.613658 175.807477 76.536635
v -74.909975 175.807477 55.481512
v -70.379420 188.677519 58.750179
v -72.875179 188.048142 76.536635
v -45.726402 192.920242 76.536635
v -72.875179 188.048142 76.536635
v -70.379420 188.677519 58.750179
v -45.726402 158.694713 76.536635
v -45.726402 163.696753 54.720541
v -70.452552 163.039546 58.697416
v -70.452552 163.039546 58.697416
v -45.726402 163.696753 54.720541
v -45.726402 175.807477 43.311108
v -74.909975 175.807477 55.481512
v -74.909975 175.807477 55.481512
v -45.726402 175.807477 43.311108
v -45.726402 188.759451 54.707940
v -70.379420 188.677519 58.750179
v -45.726402 192.920242 76.536635
v -70.379420 188.677519 58.750179
v -45.726402 188.759451 54.707940
v -45.726402 158.694713 76.536635
v -20.234264 162.848639 58.144778
v -45.726402 163.696753 54.720541
v -45.726402 163.696753 54.720541
v -20.234264 162.848639 58.144778
v -15.432591 175.807477 54.680506
v -45.726402 175.807477 43.311108
v -45.726402 175.807477 43.311108
v -15.432591 175.807477 54.680506
v -25.343820 187.292802 61.831178
v -45.726402 188.759451 54.707940
v -45.726402 192.920242 76.536635
v -45.726402 188.759451 54.707940
v -25.343820 187.292802 61.831178
v -45.726402 158.694713 76.536635
v -15.133795 164.103061 76.536635
v -20.234264 162.848639 58.144778
v -20.234264 162.848639 58.144778
v -15.133795 164.103061 76.536635
v 2.755453 175.807477 76.536635
v -15.432591 175.807477 54.680506
v -15.432591 175.807477 54.680506
v 2.755453 175.807477 76.536635
v -18.562280 187.388405 76.536635
v -25.343820 187.292802 61.831178
v -45.726402 192.920242 76.536635
v -25.343820 187.292802 61.831178
v -18.562280 187.388405 76.536635
v -65.827269 142.864508 25.688719
v -41.514823 146.392890 50.817737
v -32.528016 147.458020 25.688719
v -32.528016 147.458020 25.688719
v -41.514823 146.392890 50.817737
v -36.182428 160.699975 56.329228
v -24.553925 160.699975 25.688719
v -24.553925 160.699975 25.688719
v -36.182428 160.699975 56.329228
v -41.439908 173.908346 50.895168
v -30.664456 171.424417 25.688719
v -65.827269 178.535443 25.688719
v -30.664456 171.424417 25.688719
v -41.439908 173.908346 50.895168
v -65.827269 142.864508 25.688719
v -65.827269 146.291740 55.139303
v -41.514823 146.392890 50.817737
v -41.514823 146.392890 50.817737
v -65.827269 146.291740 55.139303
v -65.827269 160.699975 71.929598
v -36.182428 160.699975 56.329228
v -36.182428 160.699975 56.329228
v -65.827269 160.699975 71.929598
v -65.827269 175.126371 59.200603
v -41.439908 173.908346 50.895168
v -65.827269 178.535443 25.688719
v -41.439908 173.908346 50.895168
v -65.827269 175.126371 59.200603
v -65.827269 142.864508 25.688719
v -87.639101 147.689173 48.233137
v -65.827269 146.291740 55.139303
v -65.827269 146.291740 55.139303
v -87.639101 147.689173 48.233137
v -94.612038 160.699975 55.440271
v -65.827269 160.699975 71.929598
v -65.827269 160.699975 71.929598
v -94.612038 160.699975 55.440271
v -87.510307 174.832995 48.100017
v -65.827269 175.126371 59.200603
v -65.827269 178.535443 25.688719
v -65.827269 175.126371 59.200603
v -87.510307 174.832995 48.100017
v -65.827269 142.864508 25.688719
v -97.742438 149.224249 25.688719
v -87.639101 147.689173 48.233137
v -87.639101 147.689173 48.233137
v -97.742438 149.224249 25.688719
v -111.279327 160.699975 25.688719
v -94.612038 160.699975 55.440271
v -94.612038 160.699975 55.440271
v -111.279327 160.699975 25.688719
v -102.224011 172.108923 25.688719
v -87.510307 174.832995 48.100017
v -65.827269 178.535443 25.688719
v -87.510307 174.832995 48.100017
v -102.224011 172.108923 25.688719
v -65.827269 142.864508 25.688719
v -91.520219 146.269340 -0.867170
v -97.742438 149.224249 25.688719
v -97.742438 149.224249 25.688719
v -91.520219 146.269340 -0.867170
v -101.239311 160.699975 -10.912694
v -111.279327 160.699975 25.688719
v -111.279327 160.699975 25.688719
v -101.239311 160.699975 -10.912694
v -91.698708 173.408547 -1.051654
v -102.224011 172.108923 25.688719
v -65.827269 178.535443 25.688719
v -102.224011 172.108923 25.688719
v -91.698708 173.408547 -1.051654
v -65.827269 142.864508 25.688719
v -65.827269 149.718916 -9.564492
v -91.520219 146.269340 -0.867170
v -91.520219 146.269340 -0.867170
v -65.827269 149.718916 -9.564492
v -65.827269 160.699975 -24.463938
v -101.239311 160.699975 -10.912694
v -101.239311 160.699975 -10.912694
v -65.827269 160.699975 -24.463938
v -65.827269 174.616011 -13.081615
v -91.698708 173.408547 -1.051654
v -65.827269 178.535443 25.688719
v -91.698708 173.408547 -1.051654
v -65.827269 174.616011 -13.081615
v -65.827269 142.864508 25.688719
v -43.962307 148.203245 3.089388
v -65.827269 149.718916 -9.564492
v -65.827269 149.718916 -9.564492
v -43.962307 148.203245 3.089388
v -37.779383 160.699975 -3.301199
v -65.827269 160.699975 -24.463938
v -65.827269 160.699975 -24.463938
v -37.779383 160.699975 -3.301199
v -46.037048 173.340894 5.233812
v -65.827269 174.616011 -13.081615
v -65.827269 178.535443 25.688719
v -65.827269 174.616011 -13.081615
v -46.037048 173.340894 5.233812
v -65.827269 142.864508 25.688719
v -32.528016 147.458020 25.688719
v -43.962307 148.203245 3.089388
v -43.962307 148.203245 3.089388
v -32.528016 147.458020 25.688719
v -24.553925 160.699975 25.688719
v -37.779383 160.699975 -3.301199
v -37.779383 160.699975 -3.301199
v -24.553925 160.699975 25.688719
v -30.664456 171.424417 25.688719
v -46.037048 173.340894 5.233812
v -65.827269 178.535443 25.688719
v -46.037048 173.340894 5.233812
v -30.664456 171.424417 25.688719
v -76.164619 159.667871 0.930199
v -52.313782 164.423314 20.890237
v -45.057708 164.243269 0.930199
v -45.057708 164.243269 0.930199
v -52.313782 164.423314 20.890237
v -45.464268 175.584413 26.622385
v -37.549162 175.584413 0.930199
v -37.549162 175.584413 0.930199
v -45.464268 175.584413 26.622385
v -54.278513 187.527769 19.246013
v -47.463788 187.406928 0.930199
v -76.164619 191.500954 0.930199
v -47.463788 187.406928 0.930199
v -54.278513 187.527769 19.246013
v -76.164619 159.667871 0.930199
v -76.164619 163.586008 25.725650
v -52.313782 164.423314 20.890237
v -52.313782 164.423314 20.890237
v -76.164619 163.586008 25.725650
v -76.164619 175.584413 35.587340
v -45.464268 175.584413 26.622385
v -45.464268 175.584413 26.622385
v -76.164619 175.584413 35.587340
v -76.164619 188.178656 29.580091
v -54.278513 187.527769 19.246013
v -76.164619 191.500954 0.930199
v -54.278513 187.527769 19.246013
v -76.164619 188.178656 29.580091
v -76.164619 159.667871 0.930199
v -96.391152 164.648786 17.857166
v -76.164619 163.586008 25.725650
v -76.164619 163.586008 25.725650
v -96.391152 164.648786 17.857166
v -105.458761 175.584413 25.445572
v -76.164619 175.584413 35.587340
v -76.164619 175.584413 35.587340
v -105.458761 175.584413 25.445572
v -96.079127 188.141323 17.596042
v -76.164619 188.178656 29.580091
v -76.164619 191.500954 0.930199
v -76.164619 188.178656 29.580091
v -96.079127 188.141323 17.596042
v -76.164619 159.667871 0.930199
v -101.083065 165.476237 0.930199
v -96.391152 164.648786 17.857166
v -96.391152 164.648786 17.857166
v -101.083065 165.476237 0.930199
v -119.634007 175.584413 0.930199
v -105.458761 175.584413 25.445572
v -105.458761 175.584413 25.445572
v -119.634007 175.584413 0.930199
v -106.156586 186.659299 0.930199
v -96.079127 188.141323 17.596042
v -76.164619 191.500954 0.930199
v -96.079127 188.141323 17.596042
v -106.156586 186.659299 0.930199
v -76.164619 159.667871 0.930199
v -94.191477 164.247649 -14.155928
v -101.083065 165.476237 0.930199
v -101.083065 165.476237 0.930199
v -94.191477 164.247649 -14.155928
v -106.099517 175.584413 -24.121403
v -119.634007 175.584413 0.930199
v -119.634007 175.584413 0.930199
v -106.099517 175.584413 -24.121403
v -95.415347 187.533192 -15.180148
v -106.156586 186.659299 0.930199
v -76.164619 191.500954 0.930199
v -106.156586 186.659299 0.930199
v -95.415347 187.533192 -15.180148
v -76.164619 159.667871 0.930199
v -76.164619 162.852963 -21.475810
v -94.191477 164.247649 -14.155928
v -94.191477 164.247649 -14.155928
v -76.164619 162.852963 -21.475810
v -76.164619 175.584413 -36.516034
v -106.099517 175.584413 -24.121403
v -106.099517 175.584413 -24.121403
v -76.164619 175.584413 -36.516034
v -76.164619 187.747859 -20.192117
v -95.415347 187.533192 -15.180148
v -76.164619 191.500954 0.930199
v -95.415347 187.533192 -15.180148
v -76.164619 187.747859 -20.192117
v -76.164619 159.667871 0.930199
v -56.173262 164.556762 -15.799958
v -76.164619 162.852963 -21.475810
v -76.164619 162.852963 -21.475810
v -56.173262 164.556762 -15.799958
v -47.981357 175.584413 -22.655513
v -76.164619 175.584413 -36.516034
v -76.164619 175.584413 -36.516034
v -47.981357 175.584413 -22.655513
v -57.855184 186.200333 -14.392409
v -76.164619 187.747859 -20.192117
v -76.164619 191.500954 0.930199
v -76.164619 187.747859 -20.192117
v -57.855184 186.200333 -14.392409
v -76.164619 159.667871 0.930199
v -45.057708 164.243269 0.930199
v -56.173262 164.556762 -15.799958
v -56.173262 164.556762 -15.799958
v -45.057708 164.243269 0.930199
v -37.549162 175.584413 0.930199
v -47.981357 175.584413 -22.655513
v -47.981357 175.584413 -22.655513
v -37.549162 175.584413 0.930199
v -47.463788 187.406928 0.930199
v -57.855184 186.200333 -14.392409
v -76.164619 191.500954 0.930199
v -57.855184 186.200333 -14.392409
v -47.463788 187.406928 0.930199
v -79.274975 186.759575 -34.957571
v -63.123711 189.513160 -18.440713
v -58.019067 190.571386 -34.957571
v -58.019067 190.571386 -34.957571
v -63.123711 189.513160 -18.440713
v -58.763052 198.652880 -13.981348
v -49.486031 198.652880 -34.957571
v -49.486031 198.652880 -34.957571
v -58.763052 198.652880 -13.981348
v -65.402635 207.673307 -20.771222
v -59.180348 206.872571 -34.957571
v -79.274975 210.546184 -34.957571
v -59.180348 206.872571 -34.957571
v -65.402635 207.673307 -20.771222
v -79.274975 186.759575 -34.957571
v -79.274975 189.271119 -10.197816
v -63.123711 189.513160 -18.440713
v -63.123711 189.513160 -18.440713
v -79.274975 189.271119 -10.197816
v -79.274975 198.652880 -5.015489
v -58.763052 198.652880 -13.981348
v -58.763052 198.652880 -13.981348
v -79.274975 198.652880 -5.015489
v -79.274975 206.337504 -14.559328
v -65.402635 207.673307 -20.771222
v -79.274975 210.546184 -34.957571
v -65.402635 207.673307 -20.771222
v -79.274975 206.337504 -14.559328
v -79.274975 186.759575 -34.957571
v -97.002422 191.349362 -16.828852
v -79.274975 189.271119 -10.197816
v -79.274975 189.271119 -10.197816
v -97.002422 191.349362 -16.828852
v -101.627676 198.652880 -12.098902
v -79.274975 198.652880 -5.015489
v -79.274975 198.652880 -5.015489
v -101.627676 198.652880 -12.098902
v -93.400487 206.054146 -20.512319
v -79.274975 206.337504 -14.559328
v -79.274975 210.546184 -34.957571
v -79.274975 206.337504 -14.559328
v -93.400487 206.054146 -20.512319
v -79.274975 186.759575 -34.957571
v -104.863662 191.255268 -34.957571
v -97.002422 191.349362 -16.828852
v -97.002422 191.349362 -16.828852
v -104.863662 191.255268 -34.957571
v -112.412171 198.652880 -34.957571
v -101.627676 198.652880 -12.098902
v -101.627676 198.652880 -12.098902
v -112.412171 198.652880 -34.957571
v -98.183402 207.695990 -34.957571
v -93.400487 206.054146 -20.512319
v -79.274975 210.546184 -34.957571
v -93.400487 206.054146 -20.512319
v -98.183402 207.695990 -34.957571
v -79.274975 186.759575 -34.957571
v -97.383323 191.067664 -53.475813
v -104.863662 191.255268 -34.957571
v -104.863662 191.255268 -34.957571
v -97.383323 191.067664 -53.475813
v -98.674731 198.652880 -54.796453
v -112.412171 198.652880 -34.957571
v -112.412171 198.652880 -34.957571
v -98.674731 198.652880 -54.796453
v -94.218910 207.326822 -50.239772
v -98.183402 207.695990 -34.957571
v -79.274975 210.546184 -34.957571
v -98.183402 207.695990 -34.957571
v -94.218910 207.326822 -50.239772
v -79.274975 186.759575 -34.957571
v -79.274975 190.066040 -57.091196
v -97.383323 191.067664 -53.475813
v -97.383323 191.067664 -53.475813
v -79.274975 190.066040 -57.091196
v -79.274975 198.652880 -69.504443
v -98.674731 198.652880 -54.796453
v -98.674731 198.652880 -54.796453
v -79.274975 198.652880 -69.504443
v -79.274975 207.342449 -60.787846
v -94.218910 207.326822 -50.239772
v -79.274975 210.546184 -34.957571
v -94.218910 207.326822 -50.239772
v -79.274975 207.342449 -60.787846
v -79.274975 186.759575 -34.957571
v -64.501061 191.503504 -50.065902
v -79.274975 190.066040 -57.091196
v -79.274975 190.066040 -57.091196
v -64.501061 191.503504 -50.065902
v -53.859708 198.652880 -60.948128
v -79.274975 198.652880 -69.504443
v -79.274975 198.652880 -69.504443
v -53.859708 198.652880 -60.948128
v -63.714450 206.593263 -50.870318
v -79.274975 207.342449 -60.787846
v -79.274975 210.546184 -34.957571
v -79.274975 207.342449 -60.787846
v -63.714450 206.593263 -50.870318
v -79.274975 186.759575 -34.957571
v -58.019067 190.571386 -34.957571
v -64.501061 191.503504 -50.065902
v -64.501061 191.503504 -50.065902
v -58.019067 190.571386 -34.957571
v -49.486031 198.652880 -34.957571
v -53.859708 198.652880 -60.948128
v -53.859708 198.652880 -60.948128
v -49.486031 198.652880 -34.957571
v -59.180348 206.872571 -34.957571
v -63.714450 206.593263 -50.870318
v -79.274975 210.546184 -34.957571
v -63.714450 206.593263 -50.870318
v -59.180348 206.872571 -34.957571
v -61.375122 145.090463 -66.968292
v -43.964454 150.139683 -50.365098
v -38.271836 150.738620 -66.968292
v -38.271836 150.738620 -66.968292
v -43.964454 150.139683 -50.365098
v -36.427002 159.172234 -43.177219
v -21.904621 159.172234 -66.968292
v -21.904621 159.172234 -66.968292
v -36.427002 159.172234 -43.177219
v -39.960606 170.318922 -46.546941
v -36.172520 168.789917 -66.968292
v -61.375122 173.254005 -66.968292
v -36.172520 168.789917 -66.968292
v -39.960606 170.318922 -46.546941
v -61.375122 145.090463 -66.968292
v -61.375122 149.636091 -39.047863
v -43.964454 150.139683 -50.365098
v -43.964454 150.139683 -50.365098
v -61.375122 149.636091 -39.047863
v -61.375122 159.172234 -35.380698
v -36.427002 159.172234 -43.177219
v -36.427002 159.172234 -43.177219
v -61.375122 159.172234 -35.380698
v -61.375122 168.254989 -43.376138
v -39.960606 170.318922 -46.546941
v -61.375122 173.254005 -66.968292
v -39.960606 170.318922 -46.546941
v -61.375122 168.254989 -43.376138
v -61.375122 145.090463 -66.968292
v -81.616045 150.651834 -47.666104
v -61.375122 149.636091 -39.047863
v -61.375122 149.636091 -39.047863
v -81.616045 150.651834 -47.666104
v -91.747388 159.172234 -38.004635
v -61.375122 159.172234 -35.380698
v -61.375122 159.172234 -35.380698
v -91.747388 159.172234 -38.004635
v -82.755724 168.164921 -46.579282
v -61.375122 168.254989 -43.376138
v -61.375122 173.254005 -66.968292
v -61.375122 168.254989 -43.376138
v -82.755724 168.164921 -46.579282
v -61.375122 145.090463 -66.968292
v -85.177484 149.187553 -66.968292
v -81.616045 150.651834 -47.666104
v -81.616045 150.651834 -47.666104
v -85.177484 149.187553 -66.968292
v -101.444851 159.172234 -66.968292
v -91.747388 159.172234 -38.004635
v -91.747388 159.172234 -38.004635
v -101.444851 159.172234 -66.968292
v -83.935824 169.525773 -66.968292
v -82.755724 168.164921 -46.579282
v -61.375122 173.254005 -66.968292
v -82.755724 168.164921 -46.579282
v -83.935824 169.525773 -66.968292
v -61.375122 145.090463 -66.968292
v -82.603883 148.413489 -87.212504
v -85.177484 149.187553 -66.968292
v -85.177484 149.187553 -66.968292
v -82.603883 148.413489 -87.212504
v -84.619542 159.172234 -89.134681
v -101.444851 159.172234 -66.968292
v -101.444851 159.172234 -66.968292
v -84.619542 159.172234 -89.134681
v -79.754828 169.048129 -84.495583
v -83.935824 169.525773 -66.968292
v -61.375122 173.254005 -66.968292
v -83.935824 169.525773 -66.968292
v -79.754828 169.048129 -84.495583
v -61.375122 145.090463 -66.968292
v -61.375122 148.380980 -92.579872
v -82.603883 148.413489 -87.212504
v -82.603883 148.413489 -87.212504
v -61.375122 148.380980 -92.579872
v -61.375122 159.172234 -104.800047
v -84.619542 159.172234 -89.134681
v -84.619542 159.172234 -89.134681
v -61.375122 159.172234 -104.800047
v -61.375122 170.187006 -95.368999
v -79.754828 169.048129 -84.495583
v -61.375122 173.254005 -66.968292
v -79.754828 169.048129 -84.495583
v -61.375122 170.187006 -95.368999
v -61.375122 145.090463 -66.968292
v -45.339147 150.564240 -82.260549
v -61.375122 148.380980 -92.579872
v -61.375122 148.380980 -92.579872
v -45.339147 150.564240 -82.260549
v -35.723104 159.172234 -91.430619
v -61.375122 159.172234 -104.800047
v -61.375122 159.172234 -104.800047
v -35.723104 159.172234 -91.430619
v -45.770791 170.030041 -81.848925
v -61.375122 170.187006 -95.368999
v -61.375122 173.254005 -66.968292
v -61.375122 170.187006 -95.368999
v -45.770791 170.030041 -81.848925
v -61.375122 145.090463 -66.968292
v -38.271836 150.738620 -66.968292
v -45.339147 150.564240 -82.260549
v -45.339147 150.564240 -82.260549
v -38.271836 150.738620 -66.968292
v -21.904621 159.172234 -66.968292
v -35.723104 159.172234 -91.430619
v -35.723104 159.172234 -91.430619
v -21.904621 159.172234 -66.968292
v -36.172520 168.789917 -66.968292
v -45.770791 170.030041 -81.848925
v -61.375122 173.254005 -66.968292
v -45.770791 170.030041 -81.848925
v -36.172520 168.789917 -66.968292
v 7.545935 153.157003 -69.643835
v 28.840394 157.790042 -47.291465
v 33.882442 158.665401 -69.643835
v 33.882442 158.665401 -69.643835
v 28.840394 157.790042 -47.291465
v 36.670747 169.335566 -39.072100
v 53.416381 169.335566 -69.643835
v 53.416381 169.335566 -69.643835
v 36.670747 169.335566 -39.072100
v 31.962722 182.106055 -44.014020
v 40.988735 181.714468 -69.643835
v 7.545935 185.514128 -69.643835
v 40.988735 181.714468 -69.643835
v 31.962722 182.106055 -44.014020
v 7.545935 153.157003 -69.643835
v 7.545935 157.632624 -34.663801
v 28.840394 157.790042 -47.291465
v 28.840394 157.790042 -47.291465
v 7.545935 157.632624 -34.663801
v 7.545935 169.335566 -26.973872
v 36.670747 169.335566 -39.072100
v 36.670747 169.335566 -39.072100
v 7.545935 169.335566 -26.973872
v 7.545935 181.604486 -34.873992
v 31.962722 182.106055 -44.014020
v 7.545935 185.514128 -69.643835
v 31.962722 182.106055 -44.014020
v 7.545935 181.604486 -34.873992
v 7.545935 153.157003 -69.643835
v -16.315550 158.762744 -44.596909
v 7.545935 157.632624 -34.663801
v 7.545935 157.632624 -34.663801
v -16.315550 158.762744 -44.596909
v -23.573272 169.335566 -36.978623
v 7.545935 169.335566 -26.973872
v 7.545935 169.335566 -26.973872
v -23.573272 169.335566 -36.978623
v -16.910865 181.905634 -43.972019
v 7.545935 181.604486 -34.873992
v 7.545935 185.514128 -69.643835
v 7.545935 181.604486 -34.873992
v -16.910865 181.905634 -43.972019
v 7.545935 153.157003 -69.643835
v -21.400835 156.302768 -69.643835
v -16.315550 158.762744 -44.596909
v -16.315550 158.762744 -44.596909
v -21.400835 156.302768 -69.643835
v -35.457541 169.335566 -69.643835
v -23.573272 169.335566 -36.978623
v -23.573272 169.335566 -36.978623
v -35.457541 169.335566 -69.643835
v -21.985506 182.342458 -69.643835
v -16.910865 181.905634 -43.972019
v 7.545935 185.514128 -69.643835
v -16.910865 181.905634 -43.972019
v -21.985506 182.342458 -69.643835
v 7.545935 153.157003 -69.643835
v -15.827204 157.988747 -94.178154
v -21.400835 156.302768 -69.643835
v -21.400835 156.302768 -69.643835
v -15.827204 157.988747 -94.178154
v -23.210019 169.335566 -101.927747
v -35.457541 169.335566 -69.643835
v -35.457541 169.335566 -69.643835
v -23.210019 169.335566 -101.927747
v -10.641477 180.999520 -88.734799
v -21.985506 182.342458 -69.643835
v 7.545935 185.514128 -69.643835
v -21.985506 182.342458 -69.643835
v -10.641477 180.999520 -88.734799
v 7.545935 153.157003 -69.643835
v 7.545935 158.859862 -100.806810
v -15.827204 157.988747 -94.178154
v -15.827204 157.988747 -94.178154
v 7.545935 158.859862 -100.806810
v 7.545935 169.335566 -120.860417
v -23.210019 169.335566 -101.927747
v -23.210019 169.335566 -101.927747
v 7.545935 169.335566 -120.860417
v 7.545935 181.978367 -101.259628
v -10.641477 180.999520 -88.734799
v 7.545935 185.514128 -69.643835
v -10.641477 180.999520 -88.734799
v 7.545935 181.978367 -101.259628
v 7.545935 153.157003 -69.643835
v 26.390370 157.573396 -89.424462
v 7.545935 158.859862 -100.806810
v 7.545935 158.859862 -100.806810
v 26.390370 157.573396 -89.424462
v 41.807246 169.335566 -105.607250
v 7.545935 169.335566 -120.860417
v 7.545935 169.335566 -120.860417
v 41.807246 169.335566 -105.607250
v 28.337518 181.586320 -91.468346
v 7.545935 181.978367 -101.259628
v 7.545935 185.514128 -69.643835
v 7.545935 181.978367 -101.259628
v 28.337518 181.586320 -91.468346
v 7.545935 153.157003 -69.643835
v 33.882442 158.665401 -69.643835
v 26.390370 157.573396 -89.424462
v 26.390370 157.573396 -89.424462
v 33.882442 158.665401 -69.643835
v 53.416381 169.335566 -69.643835
v 41.807246 169.335566 -105.607250
v 41.807246 169.335566 -105.607250
v 53.416381 169.335566 -69.643835
v 40.988735 181.714468 -69.643835
v 28.337518 181.586320 -91.468346
v 7.545935 185.514128 -69.643835
v 28.337518 181.586320 -91.468346
v 40.988735 181.714468 -69.643835
v 56.296733 146.333269 -57.735306
v 72.490669 150.576748 -41.735993
v 81.356844 149.279373 -57.735306
v 81.356844 149.279373 -57.735306
v 72.490669 150.576748 -41.735993
v 83.683679 160.289804 -30.677504
v 90.935536 160.289804 -57.735306
v 90.935536 160.289804 -57.735306
v 83.683679 160.289804 -30.677504
v 77.385531 169.249384 -36.899960
v 86.005560 169.237893 -57.735306
v 56.296733 174.246340 -57.735306
v 86.005560 169.237893 -57.735306
v 77.385531 169.249384 -36.899960
v 56.296733 146.333269 -57.735306
v 56.296733 149.976769 -35.433124
v 72.490669 150.576748 -41.735993
v 72.490669 150.576748 -41.735993
v 56.296733 149.976769 -35.433124
v 56.296733 160.289804 -25.285353
v 83.683679 160.289804 -30.677504
v 83.683679 160.289804 -30.677504
v 56.296733 160.289804 -25.285353
v 56.296733 170.000155 -33.914399
v 77.385531 169.249384 -36.899960
v 56.296733 174.246340 -57.735306
v 77.385531 169.249384 -36.899960
v 56.296733 170.000155 -33.914399
v 56.296733 146.333269 -57.735306
v 36.838163 150.909196 -38.510595
v 56.296733 149.976769 -35.433124
v 56.296733 149.976769 -35.433124
v 36.838163 150.909196 -38.510595
v 28.080846 160.289804 -29.858526
v 56.296733 160.289804 -25.285353
v 56.296733 160.289804 -25.285353
v 28.080846 160.289804 -29.858526
v 40.503417 170.875522 -42.131800
v 56.296733 170.000155 -33.914399
v 56.296733 174.246340 -57.735306
v 56.296733 170.000155 -33.914399
v 40.503417 170.875522 -42.131800
v 56.296733 146.333269 -57.735306
v 27.549987 151.199444 -57.735306
v 36.838163 150.909196 -38.510595
v 36.838163 150.909196 -38.510595
v 27.549987 151.199444 -57.735306
v 19.297913 160.289804 -57.735306
v 28.080846 160.289804 -29.858526
v 28.080846 160.289804 -29.858526
v 19.297913 160.289804 -57.735306
v 30.711712 169.291180 -57.735306
v 40.503417 170.875522 -42.131800
v 56.296733 174.246340 -57.735306
v 40.503417 170.875522 -42.131800
v 30.711712 169.291180 -57.735306
v 56.296733 146.333269 -57.735306
v 36.114643 150.200987 -77.674841
v 27.549987 151.199444 -57.735306
v 27.549987 151.199444 -57.735306
v 36.114643 150.200987 -77.674841
v 31.752094 160.289804 -81.984960
v 19.297913 160.289804 -57.735306
v 19.297913 160.289804 -57.735306
v 31.752094 160.289804 -81.984960
v 40.722675 168.710688 -73.122190
v 30.711712 169.291180 -57.735306
v 56.296733 174.246340 -57.735306
v 30.711712 169.291180 -57.735306
v 40.722675 168.710688 -73.122190
v 56.296733 146.333269 -57.735306
v 56.296733 151.878550 -84.880696
v 36.114643 150.200987 -77.674841
v 36.114643 150.200987 -77.674841
v 56.296733 151.878550 -84.880696
v 56.296733 160.289804 -95.729322
v 31.752094 160.289804 -81.984960
v 31.752094 160.289804 -81.984960
v 56.296733 160.289804 -95.729322
v 56.296733 169.595440 -86.315000
v 40.722675 168.710688 -73.122190
v 56.296733 174.246340 -57.735306
v 40.722675 168.710688 -73.122190
v 56.296733 169.595440 -86.315000
v 56.296733 146.333269 -57.735306
v 75.519284 151.148334 -76.726835
v 56.296733 151.878550 -84.880696
v 56.296733 151.878550 -84.880696
v 75.519284 151.148334 -76.726835
v 78.639758 160.289804 -79.809806
v 56.296733 160.289804 -95.729322
v 56.296733 160.289804 -95.729322
v 78.639758 160.289804 -79.809806
v 73.692508 171.668539 -74.922013
v 56.296733 169.595440 -86.315000
v 56.296733 174.246340 -57.735306
v 56.296733 169.595440 -86.315000
v 73.692508 171.668539 -74.922013
v 56.296733 146.333269 -57.735306
v 81.356844 149.279373 -57.735306
v 75.519284 151.148334 -76.726835
v 75.519284 151.148334 -76.726835
v 81.356844 149.279373 -57.735306
v 90.935536 160.289804 -57.735306
v 78.639758 160.289804 -79.809806
v 78.639758 160.289804 -79.809806
v 90.935536 160.289804 -57.735306
v 86.005560 169.237893 -57.735306
v 73.692508 171.668539 -74.922013
v 56.296733 174.246340 -57.735306
v 73.692508 171.668539 -74.922013
v 86.005560 169.237893 -57.735306
v 49.410797 156.525181 -39.512391
v 67.724013 160.828728 -22.156658
v 73.868221 161.622303 -39.512391
v 73.868221 161.622303 -39.512391
v 67.724013 160.828728 -22.156658
v 69.769608 169.490396 -20.218014
v 87.652182 169.490396 -39.512391
v 87.652182 169.490396 -39.512391
v 69.769608 169.490396 -20.218014
v 67.320989 179.020421 -22.538610
v 76.631250 179.413520 -39.512391
v 49.410797 182.455611 -39.512391
v 76.631250 179.413520 -39.512391
v 67.320989 179.020421 -22.538610
v 49.410797 156.525181 -39.512391
v 49.410797 160.216396 -20.240696
v 67.724013 160.828728 -22.156658
v 67.724013 160.828728 -22.156658
v 49.410797 160.216396 -20.240696
v 49.410797 169.490396 -7.311790
v 69.769608 169.490396 -20.218014
v 69.769608 169.490396 -20.218014
v 49.410797 169.490396 -7.311790
v 49.410797 179.027063 -20.197902
v 67.320989 179.020421 -22.538610
v 49.410797 182.455611 -39.512391
v 67.320989 179.020421 -22.538610
v 49.410797 179.027063 -20.197902
v 49.410797 156.525181 -39.512391
v 31.369074 159.959404 -22.413956
v 49.410797 160.216396 -20.240696
v 49.410797 160.216396 -20.240696
v 31.369074 159.959404 -22.413956
v 25.054677 169.490396 -16.429698
v 49.410797 169.490396 -7.311790
v 49.410797 169.490396 -7.311790
v 25.054677 169.490396 -16.429698
v 32.892001 178.307088 -23.857258
v 49.410797 179.027063 -20.197902
v 49.410797 182.455611 -39.512391
v 49.410797 179.027063 -20.197902
v 32.892001 178.307088 -23.857258
v 49.410797 156.525181 -39.512391
v 22.899191 160.105810 -39.512391
v 31.369074 159.959404 -22.413956
v 31.369074 159.959404 -22.413956
v 22.899191 160.105810 -39.512391
v 15.983032 169.490396 -39.512391
v 25.054677 169.490396 -16.429698
v 25.054677 169.490396 -16.429698
v 15.983032 169.490396 -39.512391
v 28.184075 177.421424 -39.512391
v 32.892001 178.307088 -23.857258
v 49.410797 182.455611 -39.512391
v 32.892001 178.307088 -23.857258
v 28.184075 177.421424 -39.512391
v 49.410797 156.525181 -39.512391
v 31.727354 161.320919 -56.271279
v 22.899191 160.105810 -39.512391
v 22.899191 160.105810 -39.512391
v 31.727354 161.320919 -56.271279
v 23.994685 169.490396 -63.599655
v 15.983032 169.490396 -39.512391
v 15.983032 169.490396 -39.512391
v 23.994685 169.490396 -63.599655
v 34.608097 179.952910 -53.541151
v 28.184075 177.421424 -39.512391
v 49.410797 182.455611 -39.512391
v 28.184075 177.421424 -39.512391
v 34.608097 179.952910 -53.541151
v 49.410797 156.525181 -39.512391
v 49.410797 160.327656 -63.104875
v 31.727354 161.320919 -56.271279
v 31.727354 161.320919 -56.271279
v 49.410797 160.327656 -63.104875
v 49.410797 169.490396 -71.226996
v 23.994685 169.490396 -63.599655
v 23.994685 169.490396 -63.599655
v 49.410797 169.490396 -71.226996
v 49.410797 179.496130 -60.958196
v 34.608097 179.952910 -53.541151
v 49.410797 182.455611 -39.512391
v 34.608097 179.952910 -53.541151
v 49.410797 179.496130 -60.958196
v 49.410797 156.525181 -39.512391
v 67.978807 161.692530 -57.109597
v 49.410797 160.327656 -63.104875
v 49.410797 160.327656 -63.104875
v 67.978807 161.692530 -57.109597
v 76.768167 169.490396 -65.439416
v 49.410797 169.490396 -71.226996
v 49.410797 169.490396 -71.226996
v 76.768167 169.490396 -65.439416
v 68.583730 180.002312 -57.682892
v 49.410797 179.496130 -60.958196
v 49.410797 182.455611 -39.512391
v 49.410797 179.496130 -60.958196
v 68.583730 180.002312 -57.682892
v 49.410797 156.525181 -39.512391
v 73.868221 161.622303 -39.512391
v 67.978807 161.692530 -57.109597
v 67.978807 161.692530 -57.109597
v 73.868221 161.622303 -39.512391
v 87.652182 169.490396 -39.512391
v 76.768167 169.490396 -65.439416
v 76.768167 169.490396 -65.439416
v 87.652182 169.490396 -39.512391
v 76.631250 179.413520 -39.512391
v 68.583730 180.002312 -57.682892
v 49.410797 182.455611 -39.512391
v 68.583730 180.002312 -57.682892
v 76.631250 179.413520 -39.512391
v 2.958400 178.874443 0.000000
v 30.309064 183.105816 26.323125
v 41.557356 183.829234 0.000000
v 41.557356 183.829234 0.000000
v 30.309064 183.105816 26.323125
v 39.386156 197.092745 35.059198
v 51.466790 197.092745 0.000000
v 51.466790 197.092745 0.000000
v 39.386156 197.092745 35.059198
v 26.618213 208.217224 22.770935
v 38.731180 210.786519 0.000000
v 2.958400 215.311048 0.000000
v 38.731180 210.786519 0.000000
v 26.618213 208.217224 22.770935
v 2.958400 178.874443 0.000000
v 2.958400 184.639374 30.668642
v 30.309064 183.105816 26.323125
v 30.309064 183.105816 26.323125
v 2.958400 184.639374 30.668642
v 2.958400 197.092745 43.625784
v 39.386156 197.092745 35.059198
v 39.386156 197.092745 35.059198
v 2.958400 197.092745 43.625784
v 2.958400 211.058561 36.169470
v 26.618213 208.217224 22.770935
v 2.958400 215.311048 0.000000
v 26.618213 208.217224 22.770935
v 2.958400 211.058561 36.169470
v 2.958400 178.874443 0.000000
v -23.679647 183.565094 25.637279
v 2.958400 184.639374 30.668642
v 2.958400 184.639374 30.668642
v -23.679647 183.565094 25.637279
v -30.327648 197.092745 32.035522
v 2.958400 197.092745 43.625784
v 2.958400 197.092745 43.625784
v -30.327648 197.092745 32.035522
v -24.796978 210.543144 26.712634
v 2.958400 211.058561 36.169470
v 2.958400 215.311048 0.000000
v 2.958400 211.058561 36.169470
v -24.796978 210.543144 26.712634
v 2.958400 178.874443 0.000000
v -34.572325 185.717775 0.000000
v -23.679647 183.565094 25.637279
v -23.679647 183.565094 25.637279
v -34.572325 185.717775 0.000000
v -37.666064 197.092745 0.000000
v -30.327648 197.092745 32.035522
v -30.327648 197.092745 32.035522
v -37.666064 197.092745 0.000000
v -31.319668 209.462864 0.000000
v -24.796978 210.543144 26.712634
v 2.958400 215.311048 0.000000
v -24.796978 210.543144 26.712634
v -31.319668 209.462864 0.000000
v 2.958400 178.874443 0.000000
v -24.151869 182.415850 -26.091761
v -34.572325 185.717775 0.000000
v -34.572325 185.717775 0.000000
v -24.151869 182.415850 -26.091761
v -26.144144 197.092745 -28.009188
v -37.666064 197.092745 0.000000
v -37.666064 197.092745 0.000000
v -26.144144 197.092745 -28.009188
v -17.222659 210.634408 -19.422875
v -31.319668 209.462864 0.000000
v 2.958400 215.311048 0.000000
v -31.319668 209.462864 0.000000
v -17.222659 210.634408 -19.422875
v 2.958400 178.874443 0.000000
v 2.958400 183.680266 -32.419810
v -24.151869 182.415850 -26.091761
v -24.151869 182.415850 -26.091761
v 2.958400 183.680266 -32.419810
v 2.958400 197.092745 -39.204290
v -26.144144 197.092745 -28.009188
v -26.144144 197.092745 -28.009188
v 2.958400 197.092745 -39.204290
v 2.958400 210.486007 -34.786597
v -17.222659 210.634408 -19.422875
v 2.958400 215.311048 0.000000
v -17.222659 210.634408 -19.422875
v 2.958400 210.486007 -34.786597
v 2.958400 178.874443 0.000000
v 29.120116 182.522677 -25.178844
v 2.958400 183.680266 -32.419810
v 2.958400 183.680266 -32.419810
v 29.120116 182.522677 -25.178844
v 39.416559 197.092745 -35.088459
v 2.958400 197.092745 -39.204290
v 2.958400 197.092745 -39.204290
v 39.416559 197.092745 -35.088459
v 29.562653 211.918517 -25.604756
v 2.958400 210.486007 -34.786597
v 2.958400 215.311048 0.000000
v 2.958400 210.486007 -34.786597
v 29.562653 211.918517 -25.604756
v 2.958400 178.874443 0.000000
v 41.557356 183.829234 0.000000
v 29.120116 182.522677 -25.178844
v 29.120116 182.522677 -25.178844
v 41.557356 183.829234 0.000000
v 51.466790 197.092745 0.000000
v 39.416559 197.092745 -35.088459
v 39.416559 197.092745 -35.088459
v 51.466790 197.092745 0.000000
v 38.731180 210.786519 0.000000
v 29.562653 211.918517 -25.604756
v 2.958400 215.311048 0.000000
v 29.562653 211.918517 -25.604756
v 38.731180 210.786519 0.000000
v 2.200000 165.291738 0.000000
v 19.320980 170.468048 15.996315
v 22.679167 170.093055 0.000000
v 22.679167 170.093055 0.000000
v 19.320980 170.468048 15.996315
v 22.634716 178.219105 19.092373
v 32.614354 178.219105 0.000000
v 32.614354 178.219105 0.000000
v 22.634716 178.219105 19.092373
v 21.197874 188.350195 17.749917
v 25.883271 185.898864 0.000000
v 2.200000 191.146472 0.000000
v 25.883271 185.898864 0.000000
v 21.197874 188.350195 17.749917
v 2.200000 165.291738 0.000000
v 2.200000 169.883138 21.559527
v 19.320980 170.468048 15.996315
v 19.320980 170.468048 15.996315
v 2.200000 169.883138 21.559527
v 2.200000 178.219105 28.548465
v 22.634716 178.219105 19.092373
v 22.634716 178.219105 19.092373
v 2.200000 178.219105 28.548465
v 2.200000 186.443716 24.526946
v 21.197874 188.350195 17.749917
v 2.200000 191.146472 0.000000
v 21.197874 188.350195 17.749917
v 2.200000 186.443716 24.526946
v 2.200000 165.291738 0.000000
v -16.401619 168.530063 17.379691
v 2.200000 169.883138 21.559527
v 2.200000 169.883138 21.559527
v -16.401619 168.530063 17.379691
v -23.676461 178.219105 24.176654
v 2.200000 178.219105 28.548465
v 2.200000 178.219105 28.548465
v -23.676461 178.219105 24.176654
v -15.691821 186.977369 16.716519
v 2.200000 186.443716 24.526946
v 2.200000 191.146472 0.000000
v 2.200000 186.443716 24.526946
v -15.691821 186.977369 16.716519
v 2.200000 165.291738 0.000000
v -20.986530 169.243623 0.000000
v -16.401619 168.530063 17.379691
v -16.401619 168.530063 17.379691
v -20.986530 169.243623 0.000000
v -32.309573 178.219105 0.000000
v -23.676461 178.219105 24.176654
v -23.676461 178.219105 24.176654
v -32.309573 178.219105 0.000000
v -22.160789 185.905925 0.000000
v -15.691821 186.977369 16.716519
v 2.200000 191.146472 0.000000
v -15.691821 186.977369 16.716519
v -22.160789 185.905925 0.000000
v 2.200000 165.291738 0.000000
v -12.951827 169.048256 -14.156513
v -20.986530 169.243623 0.000000
v -20.986530 169.243623 0.000000
v -12.951827 169.048256 -14.156513
v -18.871172 178.219105 -19.687021
v -32.309573 178.219105 0.000000
v -32.309573 178.219105 0.000000
v -18.871172 178.219105 -19.687021
v -12.858840 186.043863 -14.069635
v -22.160789 185.905925 0.000000
v 2.200000 191.146472 0.000000
v -22.160789 185.905925 0.000000
v -12.858840 186.043863 -14.069635
v 2.200000 165.291738 0.000000
v 2.200000 170.274130 -24.833871
v -12.951827 169.048256 -14.156513
v -12.951827 169.048256 -14.156513
v 2.200000 170.274130 -24.833871
v 2.200000 178.219105 -26.713389
v -18.871172 178.219105 -19.687021
v -18.871172 178.219105 -19.687021
v 2.200000 178.219105 -26.713389
v 2.200000 188.243573 -23.250840
v -12.858840 186.043863 -14.069635
v 2.200000 191.146472 0.000000
v -12.858840 186.043863 -14.069635
v 2.200000 188.243573 -23.250840
v 2.200000 165.291738 0.000000
v 19.038044 169.433479 -15.731965
v 2.200000 170.274130 -24.833871
v 2.200000 170.274130 -24.833871
v 19.038044 169.433479 -15.731965
v 28.893630 178.219105 -24.940144
v 2.200000 178.219105 -26.713389
v 2.200000 178.219105 -26.713389
v 28.893630 178.219105 -24.940144
v 20.983661 186.539217 -17.549775
v 2.200000 188.243573 -23.250840
v 2.200000 191.146472 0.000000
v 2.200000 188.243573 -23.250840
v 20.983661 186.539217 -17.549775
v 2.200000 165.291738 0.000000
v 22.679167 170.093055 0.000000
v 19.038044 169.433479 -15.731965
v 19.038044 169.433479 -15.731965
v 22.679167 170.093055 0.000000
v 32.614354 178.219105 0.000000
v 28.893630 178.219105 -24.940144
v 28.893630 178.219105 -24.940144
v 32.614354 178.219105 0.000000
v 25.883271 185.898864 0.000000
v 20.983661 186.539217 -17.549775
v 2.200000 191.146472 0.000000
v 20.983661 186.539217 -17.549775
v 25.883271 185.898864 0.000000
vt 0.000000 0.000000
vt 1.000000 0.000000
vt 1.000000 1.000000
vt 0.000000 1.000000
vt 0.500000 1.000000
vt 0.000000 0.000000
vt 1.000000 0.000000
vt 0.000000 0.000000
vt 1.000000 0.000000
vt 1.000000 1.000000
vt 0.000000 1.000000
vt 0.500000 1.000000
vt 0.000000 0.000000
vt 1.000000 0.000000
vt 0.000000 0.000000
vt 1.000000 0.000000
vt 1.000000 1.000000
vt 0.000000 1.000000
vt 0.500000 1.000000
vt 0.000000 0.000000
vt 1.000000 0.000000
vt 0.000000 0.000000
vt 1.000000 0.000000
vt 1.000000 1.000000
vt 0.000000 1.000000
vt 0.500000 1.000000
vt 0.000000 0.000000
vt 1.000000 0.000000
vt 0.000000 0.000000
vt 1.000000 0.000000
vt 1.000000 1.000000
vt 0.000000 1.000000
vt 0.500000 1.000000
vt 0.000000 0.000000
vt 1.000000 0.000000
vt 0.000000 0.000000
vt 1.000000 0.000000
vt 1.000000 1.000000
vt 0.000000 1.000000
vt 0.500000 1.000000
vt 0.000000 0.000000
vt 1.000000 0.000000
vt 0.000000 0.000000
vt 1.000000 0.000000
vt 1.000000 1.000000
vt 0.000000 1.000000
vt 0.500000 1.000000
vt 0.000000 0.000000
vt 1.000000 0.000000
vt 0.000000 0.000000
vt 1.000000 0.000000
vt 1.000000 1.000000
vt 0.000000 1.000000
vt 0.500000 1.000000
vt 0.000000 0.000000
vt 1.000000 0.000000
vt 0.000000 0.000000
vt 1.000000 0.000000
vt 1.000000 1.000000
vt 0.000000 1.000000
vt 0.500000 1.000000
vt 0.000000 0.000000
vt 1.000000 0.000000
vt 0.000000 0.000000
vt 1.000000 0.000000
vt 1.000000 1.000000
vt 0.000000 1.000000
vt 0.000000 0.000000
vt 1.000000 0.000000
vt 1.000000 1.000000
vt 0.000000 1.000000
vt 0.000000 0.000000
vt 1.000000 0.000000
vt 1.000000 1.000000
vt 0.000000 1.000000
vt 0.000000 0.000000
vt 1.000000 0.000000
vt 1.000000 1.000000
vt 0.000000 1.000000
vt 0.000000 0.000000
vt 1.000000 0.000000
vt 1.000000 1.000000
vt 0.000000 1.000000
vt 0.000000 0.000000
vt 1.000000 0.000000
vt 1.000000 1.000000
vt 0.000000 1.000000
vt 0.000000 0.000000
vt 1.000000 0.000000
vt 1.000000 1.000000
vt 0.000000 1.000000
vt 0.000000 0.000000
vt 1.000000 0.000000
vt 1.000000 1.000000
vt 0.000000 1.000000
vt 0.000000 0.000000
vt 1.000000 0.000000
vt 1.000000 1.000000
vt 0.000000 1.000000
vt 0.000000 0.000000
vt 1.000000 0.000000
vt 1.000000 1.000000
vt 0.000000 1.000000
vt 0.500000 1.000000
vt 0.000000 0.000000
vt 1.000000 0.000000
vt 0.000000 0.000000
vt 1.000000 0.000000
vt 1.000000 1.000000
vt 0.000000 1.000000
vt 0.500000 1.000000
vt 0.000000 0.000000
vt 1.000000 0.000000
vt 0.000000 0.000000
vt 1.000000 0.000000
vt 1.000000 1.000000
vt 0.000000 1.000000
vt 0.500000 1.000000
vt 0.000000 0.000000
vt 1.000000 0.000000
vt 0.000000 0.000000
vt 1.000000 0.000000
vt 1.000000 1.000000
vt 0.000000 1.000000
vt 0.500000 1.000000
vt 0.000000 0.000000
vt 1.000000 0.000000
vt 0.000000 0.000000
vt 1.000000 0.000000
vt 1.000000 1.000000
vt 0.000000 1.000000
vt 0.500000 1.000000
vt 0.000000 0.000000
vt 1.000000 0.000000
vt 0.000000 0.000000
vt 1.000000 0.000000
vt 1.000000 1.000000
vt 0.000000 1.000000
vt 0.500000 1.000000
vt 0.000000 0.000000
vt 1.000000 0.000000
vt 0.000000 0.000000
vt 1.000000 0.000000
vt 1.000000 1.000000
vt 0.000000 1.000000
vt 0.500000 1.000000
vt 0.000000 0.000000
vt 1.000000 0.000000
vt 0.000000 0.000000
vt 1.000000 0.000000
vt 1.000000 1.000000
vt 0.000000 1.000000
vt 0.500000 1.000000
vt 0.000000 0.000000
vt 1.000000 0.000000
vt 0.000000 0.000000
vt 1.000000 0.000000
vt 1.000000 1.000000
vt 0.000000 1.000000
vt 0.500000 1.000000
vt 0.000000 0.000000
vt 1.000000 0.000000
vt 0.000000 0.000000
vt 1.000000 0.000000
vt 1.000000 1.000000
vt 0.000000 1.000000
vt 0.500000 1.000000
vt 0.000000 0.000000
vt 1.000000 0.000000
vt 0.000000 0.000000
vt 1.000000 0.000000
vt 1.000000 1.000000
vt 0.000000 1.000000
vt 0.500000 1.000000
vt 0.000000 0.000000
vt 1.000000 0.000000
vt 0.000000 0.000000
vt 1.000000 0.000000
vt 1.000000 1.000000
vt 0.000000 1.000000
vt 0.500000 1.000000
vt 0.000000 0.000000
vt 1.000000 0.000000
vt 0.000000 0.000000
vt 1.000000 0.000000
vt 1.000000 1.000000
vt 0.000000 1.000000
vt 0.500000 1.000000
vt 0.000000 0.000000
vt 1.000000 0.000000
vt 0.000000 0.000000
vt 1.000000 0.000000
vt 1.000000 1.000000
vt 0.000000 1.000000
vt 0.500000 1.000000
vt 0.000000 0.000000
vt 1.000000 0.000000
vt 0.000000 0.000000
vt 1.000000 0.000000
vt 1.000000 1.000000
vt 0.000000 1.000000
vt 0.500000 1.000000
vt 0.000000 0.000000
vt 1.000000 0.000000
vt 0.000000 0.000000
vt 1.000000 0.000000
vt 1.000000 1.000000
vt 0.000000 1.000000
vt 0.500000 1.000000
vt 0.000000 0.000000
vt 1.000000 0.000000
vt 0.000000 0.000000
vt 1.000000 0.000000
vt 1.000000 1.000000
vt 0.000000 1.000000
vt 0.500000 1.000000
vt 0.000000 0.000000
vt 1.000000 0.000000
vt 0.000000 0.000000
vt 1.000000 0.000000
vt 1.000000 1.000000
vt 0.000000 1.000000
vt 0.500000 1.000000
vt 0.000000 0.000000
vt 1.000000 0.000000
vt 0.000000 0.000000
vt 1.000000 0.000000
vt 1.000000 1.000000
vt 0.000000 1.000000
vt 0.500000 1.000000
vt 0.000000 0.000000
vt 1.000000 0.000000
vt 0.000000 0.000000
vt 1.000000 0.000000
vt 1.000000 1.000000
vt 0.000000 1.000000
vt 0.500000 1.000000
vt 0.000000 0.000000
vt 1.000000 0.000000
vt 0.000000 0.000000
vt 1.000000 0.000000
vt 1.000000 1.000000
vt 0.000000 1.000000
vt 0.500000 1.000000
vt 0.000000 0.000000
vt 1.000000 0.000000
vt 0.000000 0.000000
vt 1.000000 0.000000
vt 1.000000 1.000000
vt 0.000000 1.000000
vt 0.500000 1.000000
vt 0.000000 0.000000
vt 1.000000 0.000000
vt 0.000000 0.000000
vt 1.000000 0.000000
vt 1.000000 1.000000
vt 0.000000 1.000000
vt 0.500000 1.000000
vt 0.000000 0.000000
vt 1.000000 0.000000
vt 0.000000 0.000000
vt 1.000000 0.000000
vt 1.000000 1.000000
vt 0.000000 1.000000
vt 0.500000 1.000000
vt 0.000000 0.000000
vt 1.000000 0.000000
vt 0.000000 0.000000
vt 1.000000 0.000000
vt 1.000000 1.000000
vt 0.000000 1.000000
vt 0.500000 1.000000
vt 0.000000 0.000000
vt 1.000000 0.000000
vt 0.000000 0.000000
vt 1.000000 0.000000
vt 1.000000 1.000000
vt 0.000000 1.000000
vt 0.500000 1.000000
vt 0.000000 0.000000
vt 1.000000 0.000000
vt 0.000000 0.000000
vt 1.000000 0.000000
vt 1.000000 1.000000
vt 0.000000 1.000000
vt 0.500000 1.000000
vt 0.000000 0.000000
vt 1.000000 0.000000
vt 0.000000 0.000000
vt 1.000000 0.000000
vt 1.000000 1.000000
vt 0.000000 1.000000
vt 0.500000 1.000000
vt 0.000000 0.000000
vt 1.000000 0.000000
vt 0.000000 0.000000
vt 1.000000 0.000000
vt 1.000000 1.000000
vt 0.000000 1.000000
vt 0.500000 1.000000
vt 0.000000 0.000000
vt 1.000000 0.000000
vt 0.000000 0.000000
vt 1.000000 0.000000
vt 1.000000 1.000000
vt 0.000000 1.000000
vt 0.500000 1.000000
vt 0.000000 0.000000
vt 1.000000 0.000000
vt 0.000000 0.000000
vt 1.000000 0.000000
vt 1.000000 1.000000
vt 0.000000 1.000000
vt 0.500000 1.000000
vt 0.000000 0.000000
vt 1.000000 0.000000
vt 0.000000 0.000000
vt 1.000000 0.000000
vt 1.000000 1.000000
vt 0.000000 1.000000
vt 0.500000 1.000000
vt 0.000000 0.000000
vt 1.000000 0.000000
vt 0.000000 0.000000
vt 1.000000 0.000000
vt 1.000000 1.000000
vt 0.000000 1.000000
vt 0.500000 1.000000
vt 0.000000 0.000000
vt 1.000000 0.000000
vt 0.000000 0.000000
vt 1.000000 0.000000
vt 1.000000 1.000000
vt 0.000000 1.000000
vt 0.500000 1.000000
vt 0.000000 0.000000
vt 1.000000 0.000000
vt 0.000000 0.000000
vt 1.000000 0.000000
vt 1.000000 1.000000
vt 0.000000 1.000000
vt 0.500000 1.000000
vt 0.000000 0.000000
vt 1.000000 0.000000
vt 0.000000 0.000000
vt 1.000000 0.000000
vt 1.000000 1.000000
vt 0.000000 1.000000
vt 0.500000 1.000000
vt 0.000000 0.000000
vt 1.000000 0.000000
vt 0.000000 0.000000
vt 1.000000 0.000000
vt 1.000000 1.000000
vt 0.000000 1.000000
vt 0.500000 1.000000
vt 0.000000 0.000000
vt 1.000000 0.000000
vt 0.000000 0.000000
vt 1.000000 0.000000
vt 1.000000 1.000000
vt 0.000000 1.000000
vt 0.500000 1.000000
vt 0.000000 0.000000
vt 1.000000 0.000000
vt 0.000000 0.000000
vt 1.000000 0.000000
vt 1.000000 1.000000
vt 0.000000 1.000000
vt 0.500000 1.000000
vt 0.000000 0.000000
vt 1.000000 0.000000
vt 0.000000 0.000000
vt 1.000000 0.000000
vt 1.000000 1.000000
vt 0.000000 1.000000
vt 0.500000 1.000000
vt 0.000000 0.000000
vt 1.000000 0.000000
vt 0.000000 0.000000
vt 1.000000 0.000000
vt 1.000000 1.000000
vt 0.000000 1.000000
vt 0.500000 1.000000
vt 0.000000 0.000000
vt 1.000000 0.000000
vt 0.000000 0.000000
vt 1.000000 0.000000
vt 1.000000 1.000000
vt 0.000000 1.000000
vt 0.500000 1.000000
vt 0.000000 0.000000
vt 1.000000 0.000000
vt 0.000000 0.000000
vt 1.000000 0.000000
vt 1.000000 1.000000
vt 0.000000 1.000000
vt 0.500000 1.000000
vt 0.000000 0.000000
vt 1.000000 0.000000
vt 0.000000 0.000000
vt 1.000000 0.000000
vt 1.000000 1.000000
vt 0.000000 1.000000
vt 0.500000 1.000000
vt 0.000000 0.000000
vt 1.000000 0.000000
vt 0.000000 0.000000
vt 1.000000 0.000000
vt 1.000000 1.000000
vt 0.000000 1.000000
vt 0.500000 1.000000
vt 0.000000 0.000000
vt 1.000000 0.000000
vt 0.000000 0.000000
vt 1.000000 0.000000
vt 1.000000 1.000000
vt 0.000000 1.000000
vt 0.500000 1.000000
vt 0.000000 0.000000
vt 1.000000 0.000000
vt 0.000000 0.000000
vt 1.000000 0.000000
vt 1.000000 1.000000
vt 0.000000 1.000000
vt 0.500000 1.000000
vt 0.000000 0.000000
vt 1.000000 0.000000
vt 0.000000 0.000000
vt 1.000000 0.000000
vt 1.000000 1.000000
vt 0.000000 1.000000
vt 0.500000 1.000000
vt 0.000000 0.000000
vt 1.000000 0.000000
vt 0.000000 0.000000
vt 1.000000 0.000000
vt 1.000000 1.000000
vt 0.000000 1.000000
vt 0.500000 1.000000
vt 0.000000 0.000000
vt 1.000000 0.000000
vt 0.000000 0.000000
vt 1.000000 0.000000
vt 1.000000 1.000000
vt 0.000000 1.000000
vt 0.500000 1.000000
vt 0.000000 0.000000
vt 1.000000 0.000000
vt 0.000000 0.000000
vt 1.000000 0.000000
vt 1.000000 1.000000
vt 0.000000 1.000000
vt 0.500000 1.000000
vt 0.000000 0.000000
vt 1.000000 0.000000
vt 0.000000 0.000000
vt 1.000000 0.000000
vt 1.000000 1.000000
vt 0.000000 1.000000
vt 0.500000 1.000000
vt 0.000000 0.000000
vt 1.000000 0.000000
vt 0.000000 0.000000
vt 1.000000 0.000000
vt 1.000000 1.000000
vt 0.000000 1.000000
vt 0.500000 1.000000
vt 0.000000 0.000000
vt 1.000000 0.000000
vt 0.000000 0.000000
vt 1.000000 0.000000
vt 1.000000 1.000000
vt 0.000000 1.000000
vt 0.500000 1.000000
vt 0.000000 0.000000
vt 1.000000 0.000000
vt 0.000000 0.000000
vt 1.000000 0.000000
vt 1.000000 1.000000
vt 0.000000 1.000000
vt 0.500000 1.000000
vt 0.000000 0.000000
vt 1.000000 0.000000
vt 0.000000 0.000000
vt 1.000000 0.000000
vt 1.000000 1.000000
vt 0.000000 1.000000
vt 0.500000 1.000000
vt 0.000000 0.000000
vt 1.000000 0.000000
vt 0.000000 0.000000
vt 1.000000 0.000000
vt 1.000000 1.000000
vt 0.000000 1.000000
vt 0.500000 1.000000
vt 0.000000 0.000000
vt 1.000000 0.000000
vt 0.000000 0.000000
vt 1.000000 0.000000
vt 1.000000 1.000000
vt 0.000000 1.000000
vt 0.500000 1.000000
vt 0.000000 0.000000
vt 1.000000 0.000000
vt 0.000000 0.000000
vt 1.000000 0.000000
vt 1.000000 1.000000
vt 0.000000 1.000000
vt 0.500000 1.000000
vt 0.000000 0.000000
vt 1.000000 0.000000
vt 0.000000 0.000000
vt 1.000000 0.000000
vt 1.000000 1.000000
vt 0.000000 1.000000
vt 0.500000 1.000000
vt 0.000000 0.000000
vt 1.000000 0.000000
vt 0.000000 0.000000
vt 1.000000 0.000000
vt 1.000000 1.000000
vt 0.000000 1.000000
vt 0.500000 1.000000
vt 0.000000 0.000000
vt 1.000000 0.000000
vt 0.000000 0.000000
vt 1.000000 0.000000
vt 1.000000 1.000000
vt 0.000000 1.000000
vt 0.500000 1.000000
vt 0.000000 0.000000
vt 1.000000 0.000000
vt 0.000000 0.000000
vt 1.000000 0.000000
vt 1.000000 1.000000
vt 0.000000 1.000000
vt 0.500000 1.000000
vt 0.000000 0.000000
vt 1.000000 0.000000
vt 0.000000 0.000000
vt 1.000000 0.000000
vt 1.000000 1.000000
vt 0.000000 1.000000
vt 0.500000 1.000000
vt 0.000000 0.000000
vt 1.000000 0.000000
vt 0.000000 0.000000
vt 1.000000 0.000000
vt 1.000000 1.000000
vt 0.000000 1.000000
vt 0.500000 1.000000
vt 0.000000 0.000000
vt 1.000000 0.000000
vt 0.000000 0.000000
vt 1.000000 0.000000
vt 1.000000 1.000000
vt 0.000000 1.000000
vt 0.500000 1.000000
vt 0.000000 0.000000
vt 1.000000 0.000000
vt 0.000000 0.000000
vt 1.000000 0.000000
vt 1.000000 1.000000
vt 0.000000 1.000000
vt 0.500000 1.000000
vt 0.000000 0.000000
vt 1.000000 0.000000
vt 0.000000 0.000000
vt 1.000000 0.000000
vt 1.000000 1.000000
vt 0.000000 1.000000
vt 0.500000 1.000000
vt 0.000000 0.000000
vt 1.000000 0.000000
vt 0.000000 0.000000
vt 1.000000 0.000000
vt 1.000000 1.000000
vt 0.000000 1.000000
vt 0.500000 1.000000
vt 0.000000 0.000000
vt 1.000000 0.000000
vt 0.000000 0.000000
vt 1.000000 0.000000
vt 1.000000 1.000000
vt 0.000000 1.000000
vt 0.500000 1.000000
vt 0.000000 0.000000
vt 1.000000 0.000000
vt 0.000000 0.000000
vt 1.000000 0.000000
vt 1.000000 1.000000
vt 0.000000 1.000000
vt 0.500000 1.000000
vt 0.000000 0.000000
vt 1.000000 0.000000
vt 0.000000 0.000000
vt 1.000000 0.000000
vt 1.000000 1.000000
vt 0.000000 1.000000
vt 0.500000 1.000000
vt 0.000000 0.000000
vt 1.000000 0.000000
vt 0.000000 0.000000
vt 1.000000 0.000000
vt 1.000000 1.000000
vt 0.000000 1.000000
vt 0.500000 1.000000
vt 0.000000 0.000000
vt 1.000000 0.000000
vt 0.000000 0.000000
vt 1.000000 0.000000
vt 1.000000 1.000000
vt 0.000000 1.000000
vt 0.500000 1.000000
vt 0.000000 0.000000
vt 1.000000 0.000000
vt 0.000000 0.000000
vt 1.000000 0.000000
vt 1.000000 1.000000
vt 0.000000 1.000000
vt 0.500000 1.000000
vt 0.000000 0.000000
vt 1.000000 0.000000
vt 0.000000 0.000000
vt 1.000000 0.000000
vt 1.000000 1.000000
vt 0.000000 1.000000
vt 0.500000 1.000000
vt 0.000000 0.000000
vt 1.000000 0.000000
vt 0.000000 0.000000
vt 1.000000 0.000000
vt 1.000000 1.000000
vt 0.000000 1.000000
vt 0.500000 1.000000
vt 0.000000 0.000000
vt 1.000000 0.000000
vt 0.000000 0.000000
vt 1.000000 0.000000
vt 1.000000 1.000000
vt 0.000000 1.000000
vt 0.500000 1.000000
vt 0.000000 0.000000
vt 1.000000 0.000000
vt 0.000000 0.000000
vt 1.000000 0.000000
vt 1.000000 1.000000
vt 0.000000 1.000000
vt 0.500000 1.000000
vt 0.000000 0.000000
vt 1.000000 0.000000
vt 0.000000 0.000000
vt 1.000000 0.000000
vt 1.000000 1.000000
vt 0.000000 1.000000
vt 0.500000 1.000000
vt 0.000000 0.000000
vt 1.000000 0.000000
vt 0.000000 0.000000
vt 1.000000 0.000000
vt 1.000000 1.000000
vt 0.000000 1.000000
vt 0.500000 1.000000
vt 0.000000 0.000000
vt 1.000000 0.000000
vt 0.000000 0.000000
vt 1.000000 0.000000
vt 1.000000 1.000000
vt 0.000000 1.000000
vt 0.500000 1.000000
vt 0.000000 0.000000
vt 1.000000 0.000000
vt 0.000000 0.000000
vt 1.000000 0.000000
vt 1.000000 1.000000
vt 0.000000 1.000000
vt 0.500000 1.000000
vt 0.000000 0.000000
vt 1.000000 0.000000
vt 0.000000 0.000000
vt 1.000000 0.000000
vt 1.000000 1.000000
vt 0.000000 1.000000
vt 0.500000 1.000000
vt 0.000000 0.000000
vt 1.000000 0.000000
vt 0.000000 0.000000
vt 1.000000 0.000000
vt 1.000000 1.000000
vt 0.000000 1.000000
vt 0.500000 1.000000
vt 0.000000 0.000000
vt 1.000000 0.000000
vt 0.000000 0.000000
vt 1.000000 0.000000
vt 1.000000 1.000000
vt 0.000000 1.000000
vt 0.500000 1.000000
vt 0.000000 0.000000
vt 1.000000 0.000000
vt 0.000000 0.000000
vt 1.000000 0.000000
vt 1.000000 1.000000
vt 0.000000 1.000000
vt 0.500000 1.000000
vt 0.000000 0.000000
vt 1.000000 0.000000
vt 0.000000 0.000000
vt 1.000000 0.000000
vt 1.000000 1.000000
vt 0.000000 1.000000
vt 0.500000 1.000000
vt 0.000000 0.000000
vt 1.000000 0.000000
vt 0.000000 0.000000
vt 1.000000 0.000000
vt 1.000000 1.000000
vt 0.000000 1.000000
vt 0.500000 1.000000
vt 0.000000 0.000000
vt 1.000000 0.000000
vt 0.000000 0.000000
vt 1.000000 0.000000
vt 1.000000 1.000000
vt 0.000000 1.000000
vt 0.500000 1.000000
vt 0.000000 0.000000
vt 1.000000 0.000000
vt 0.000000 0.000000
vt 1.000000 0.000000
vt 1.000000 1.000000
vt 0.000000 1.000000
vt 0.500000 1.000000
vt 0.000000 0.000000
vt 1.000000 0.000000
vt 0.000000 0.000000
vt 1.000000 0.000000
vt 1.000000 1.000000
vt 0.000000 1.000000
vt 0.500000 1.000000
vt 0.000000 0.000000
vt 1.000000 0.000000
vt 0.000000 0.000000
vt 1.000000 0.000000
vt 1.000000 1.000000
vt 0.000000 1.000000
vt 0.500000 1.000000
vt 0.000000 0.000000
vt 1.000000 0.000000
vt 0.000000 0.000000
vt 1.000000 0.000000
vt 1.000000 1.000000
vt 0.000000 1.000000
vt 0.500000 1.000000
vt 0.000000 0.000000
vt 1.000000 0.000000
vt 0.000000 0.000000
vt 1.000000 0.000000
vt 1.000000 1.000000
vt 0.000000 1.000000
vt 0.500000 1.000000
vt 0.000000 0.000000
vt 1.000000 0.000000
vt 0.000000 0.000000
vt 1.000000 0.000000
vt 1.000000 1.000000
vt 0.000000 1.000000
vt 0.500000 1.000000
vt 0.000000 0.000000
vt 1.000000 0.000000
vt 0.000000 0.000000
vt 1.000000 0.000000
vt 1.000000 1.000000
vt 0.000000 1.000000
vt 0.500000 1.000000
vt 0.000000 0.000000
vt 1.000000 0.000000
vt 0.000000 0.000000
vt 1.000000 0.000000
vt 1.000000 1.000000
vt 0.000000 1.000000
vt 0.500000 1.000000
vt 0.000000 0.000000
vt 1.000000 0.000000
vt 0.000000 0.000000
vt 1.000000 0.000000
vt 1.000000 1.000000
vt 0.000000 1.000000
vt 0.500000 1.000000
vt 0.000000 0.000000
vt 1.000000 0.000000
vt 0.000000 0.000000
vt 1.000000 0.000000
vt 1.000000 1.000000
vt 0.000000 1.000000
vt 0.500000 1.000000
vt 0.000000 0.000000
vt 1.000000 0.000000
vt 0.000000 0.000000
vt 1.000000 0.000000
vt 1.000000 1.000000
vt 0.000000 1.000000
vt 0.500000 1.000000
vt 0.000000 0.000000
vt 1.000000 0.000000
vt 0.000000 0.000000
vt 1.000000 0.000000
vt 1.000000 1.000000
vt 0.000000 1.000000
vt 0.500000 1.000000
vt 0.000000 0.000000
vt 1.000000 0.000000
vt 0.000000 0.000000
vt 1.000000 0.000000
vt 1.000000 1.000000
vt 0.000000 1.000000
vt 0.500000 1.000000
vt 0.000000 0.000000
vt 1.000000 0.000000
vt 0.000000 0.000000
vt 1.000000 0.000000
vt 1.000000 1.000000
vt 0.000000 1.000000
vt 0.500000 1.000000
vt 0.000000 0.000000
vt 1.000000 0.000000
vt 0.000000 0.000000
vt 1.000000 0.000000
vt 1.000000 1.000000
vt 0.000000 1.000000
vt 0.500000 1.000000
vt 0.000000 0.000000
vt 1.000000 0.000000
vt 0.000000 0.000000
vt 1.000000 0.000000
vt 1.000000 1.000000
vt 0.000000 1.000000
vt 0.500000 1.000000
vt 0.000000 0.000000
vt 1.000000 0.000000
vt 0.000000 0.000000
vt 1.000000 0.000000
vt 1.000000 1.000000
vt 0.000000 1.000000
vt 0.500000 1.000000
vt 0.000000 0.000000
vt 1.000000 0.000000
vt 0.000000 0.000000
vt 1.000000 0.000000
vt 1.000000 1.000000
vt 0.000000 1.000000
vt 0.500000 1.000000
vt 0.000000 0.000000
vt 1.000000 0.000000
vt 0.000000 0.000000
vt 1.000000 0.000000
vt 1.000000 1.000000
vt 0.000000 1.000000
vt 0.500000 1.000000
vt 0.000000 0.000000
vt 1.000000 0.000000
vt 0.000000 0.000000
vt 1.000000 0.000000
vt 1.000000 1.000000
vt 0.000000 1.000000
vt 0.500000 1.000000
vt 0.000000 0.000000
vt 1.000000 0.000000
vt 0.000000 0.000000
vt 1.000000 0.000000
vt 1.000000 1.000000
vt 0.000000 1.000000
vt 0.500000 1.000000
vt 0.000000 0.000000
vt 1.000000 0.000000
vt 0.000000 0.000000
vt 1.000000 0.000000
vt 1.000000 1.000000
vt 0.000000 1.000000
vt 0.500000 1.000000
vt 0.000000 0.000000
vt 1.000000 0.000000
vt 0.000000 0.000000
vt 1.000000 0.000000
vt 1.000000 1.000000
vt 0.000000 1.000000
vt 0.500000 1.000000
vt 0.000000 0.000000
vt 1.000000 0.000000
vt 0.000000 0.000000
vt 1.000000 0.000000
vt 1.000000 1.000000
vt 0.000000 1.000000
vt 0.500000 1.000000
vt 0.000000 0.000000
vt 1.000000 0.000000
vt 0.000000 0.000000
vt 1.000000 0.000000
vt 1.000000 1.000000
vt 0.000000 1.000000
vt 0.500000 1.000000
vt 0.000000 0.000000
vt 1.000000 0.000000
vt 0.000000 0.000000
vt 1.000000 0.000000
vt 1.000000 1.000000
vt 0.000000 1.000000
vt 0.500000 1.000000
vt 0.000000 0.000000
vt 1.000000 0.000000
vt 0.000000 0.000000
vt 1.000000 0.000000
vt 1.000000 1.000000
vt 0.000000 1.000000
vt 0.500000 1.000000
vt 0.000000 0.000000
vt 1.000000 0.000000
vt 0.000000 0.000000
vt 1.000000 0.000000
vt 1.000000 1.000000
vt 0.000000 1.000000
vt 0.500000 1.000000
vt 0.000000 0.000000
vt 1.000000 0.000000
vt 0.000000 0.000000
vt 1.000000 0.000000
vt 1.000000 1.000000
vt 0.000000 1.000000
vt 0.500000 1.000000
vt 0.000000 0.000000
vt 1.000000 0.000000
vt 0.000000 0.000000
vt 1.000000 0.000000
vt 1.000000 1.000000
vt 0.000000 1.000000
vt 0.500000 1.000000
vt 0.000000 0.000000
vt 1.000000 0.000000
vt 0.000000 0.000000
vt 1.000000 0.000000
vt 1.000000 1.000000
vt 0.000000 1.000000
vt 0.500000 1.000000
vt 0.000000 0.000000
vt 1.000000 0.000000
vt 0.000000 0.000000
vt 1.000000 0.000000
vt 1.000000 1.000000
vt 0.000000 1.000000
vt 0.500000 1.000000
vt 0.000000 0.000000
vt 1.000000 0.000000
vt 0.000000 0.000000
vt 1.000000 0.000000
vt 1.000000 1.000000
vt 0.000000 1.000000
vt 0.500000 1.000000
vt 0.000000 0.000000
vt 1.000000 0.000000
vt 0.000000 0.000000
vt 1.000000 0.000000
vt 1.000000 1.000000
vt 0.000000 1.000000
vt 0.500000 1.000000
vt 0.000000 0.000000
vt 1.000000 0.000000
vt 0.000000 0.000000
vt 1.000000 0.000000
vt 1.000000 1.000000
vt 0.000000 1.000000
vt 0.500000 1.000000
vt 0.000000 0.000000
vt 1.000000 0.000000
vt 0.000000 0.000000
vt 1.000000 0.000000
vt 1.000000 1.000000
vt 0.000000 1.000000
vt 0.500000 1.000000
vt 0.000000 0.000000
vt 1.000000 0.000000
vt 0.000000 0.000000
vt 1.000000 0.000000
vt 1.000000 1.000000
vt 0.000000 1.000000
vt 0.500000 1.000000
vt 0.000000 0.000000
vt 1.000000 0.000000
vt 0.000000 0.000000
vt 1.000000 0.000000
vt 1.000000 1.000000
vt 0.000000 1.000000
vt 0.500000 1.000000
vt 0.000000 0.000000
vt 1.000000 0.000000
vt 0.000000 0.000000
vt 1.000000 0.000000
vt 1.000000 1.000000
vt 0.000000 1.000000
vt 0.500000 1.000000
vt 0.000000 0.000000
vt 1.000000 0.000000
vt 0.000000 0.000000
vt 1.000000 0.000000
vt 1.000000 1.000000
vt 0.000000 1.000000
vt 0.500000 1.000000
vt 0.000000 0.000000
vt 1.000000 0.000000
vt 0.000000 0.000000
vt 1.000000 0.000000
vt 1.000000 1.000000
vt 0.000000 1.000000
vt 0.500000 1.000000
vt 0.000000 0.000000
vt 1.000000 0.000000
vt 0.000000 0.000000
vt 1.000000 0.000000
vt 1.000000 1.000000
vt 0.000000 1.000000
vt 0.500000 1.000000
vt 0.000000 0.000000
vt 1.000000 0.000000
vt 0.000000 0.000000
vt 1.000000 0.000000
vt 1.000000 1.000000
vt 0.000000 1.000000
vt 0.500000 1.000000
vt 0.000000 0.000000
vt 1.000000 0.000000
vt 0.000000 0.000000
vt 1.000000 0.000000
vt 1.000000 1.000000
vt 0.000000 1.000000
vt 0.500000 1.000000
vt 0.000000 0.000000
vt 1.000000 0.000000
vt 0.000000 0.000000
vt 1.000000 0.000000
vt 1.000000 1.000000
vt 0.000000 1.000000
vt 0.500000 1.000000
vt 0.000000 0.000000
vt 1.000000 0.000000
vt 0.000000 0.000000
vt 1.000000 0.000000
vt 1.000000 1.000000
vt 0.000000 1.000000
vt 0.500000 1.000000
vt 0.000000 0.000000
vt 1.000000 0.000000
vt 0.000000 0.000000
vt 1.000000 0.000000
vt 1.000000 1.000000
vt 0.000000 1.000000
vt 0.500000 1.000000
vt 0.000000 0.000000
vt 1.000000 0.000000
vt 0.000000 0.000000
vt 1.000000 0.000000
vt 1.000000 1.000000
vt 0.000000 1.000000
vt 0.500000 1.000000
vt 0.000000 0.000000
vt 1.000000 0.000000
vt 0.000000 0.000000
vt 1.000000 0.000000
vt 1.000000 1.000000
vt 0.000000 1.000000
vt 0.500000 1.000000
vt 0.000000 0.000000
vt 1.000000 0.000000
vt 0.000000 0.000000
vt 1.000000 0.000000
vt 1.000000 1.000000
vt 0.000000 1.000000
vt 0.500000 1.000000
vt 0.000000 0.000000
vt 1.000000 0.000000
vt 0.000000 0.000000
vt 1.000000 0.000000
vt 1.000000 1.000000
vt 0.000000 1.000000
vt 0.500000 1.000000
vt 0.000000 0.000000
vt 1.000000 0.000000
vt 0.000000 0.000000
vt 1.000000 0.000000
vt 1.000000 1.000000
vt 0.000000 1.000000
vt 0.500000 1.000000
vt 0.000000 0.000000
vt 1.000000 0.000000
vt 0.000000 0.000000
vt 1.000000 0.000000
vt 1.000000 1.000000
vt 0.000000 1.000000
vt 0.500000 1.000000
vt 0.000000 0.000000
vt 1.000000 0.000000
vt 0.000000 0.000000
vt 1.000000 0.000000
vt 1.000000 1.000000
vt 0.000000 1.000000
vt 0.500000 1.000000
vt 0.000000 0.000000
vt 1.000000 0.000000
vt 0.000000 0.000000
vt 1.000000 0.000000
vt 1.000000 1.000000
vt 0.000000 1.000000
vt 0.500000 1.000000
vt 0.000000 0.000000
vt 1.000000 0.000000
vt 0.000000 0.000000
vt 1.000000 0.000000
vt 1.000000 1.000000
vt 0.000000 1.000000
vt 0.500000 1.000000
vt 0.000000 0.000000
vt 1.000000 0.000000
vt 0.000000 0.000000
vt 1.000000 0.000000
vt 1.000000 1.000000
vt 0.000000 1.000000
vt 0.500000 1.000000
vt 0.000000 0.000000
vt 1.000000 0.000000
vt 0.000000 0.000000
vt 1.000000 0.000000
vt 1.000000 1.000000
vt 0.000000 1.000000
vt 0.500000 1.000000
vt 0.000000 0.000000
vt 1.000000 0.000000
vt 0.000000 0.000000
vt 1.000000 0.000000
vt 1.000000 1.000000
vt 0.000000 1.000000
vt 0.500000 1.000000
vt 0.000000 0.000000
vt 1.000000 0.000000
vt 0.000000 0.000000
vt 1.000000 0.000000
vt 1.000000 1.000000
vt 0.000000 1.000000
vt 0.500000 1.000000
vt 0.000000 0.000000
vt 1.000000 0.000000
vt 0.000000 0.000000
vt 1.000000 0.000000
vt 1.000000 1.000000
vt 0.000000 1.000000
vt 0.500000 1.000000
vt 0.000000 0.000000
vt 1.000000 0.000000
vt 0.000000 0.000000
vt 1.000000 0.000000
vt 1.000000 1.000000
vt 0.000000 1.000000
vt 0.500000 1.000000
vt 0.000000 0.000000
vt 1.000000 0.000000
vt 0.000000 0.000000
vt 1.000000 0.000000
vt 1.000000 1.000000
vt 0.000000 1.000000
vt 0.500000 1.000000
vt 0.000000 0.000000
vt 1.000000 0.000000
vt 0.500000 1.000000
vt 0.000000 0.000000
vt 1.000000 0.000000
vt 0.000000 0.000000
vt 1.000000 0.000000
vt 1.000000 1.000000
vt 0.000000 1.000000
vt 0.000000 0.000000
vt 1.000000 0.000000
vt 1.000000 1.000000
vt 0.000000 1.000000
vt 0.500000 1.000000
vt 0.000000 0.000000
vt 1.000000 0.000000
vt 0.500000 1.000000
vt 0.000000 0.000000
vt 1.000000 0.000000
vt 0.000000 0.000000
vt 1.000000 0.000000
vt 1.000000 1.000000
vt 0.000000 1.000000
vt 0.000000 0.000000
vt 1.000000 0.000000
vt 1.000000 1.000000
vt 0.000000 1.000000
vt 0.500000 1.000000
vt 0.000000 0.000000
vt 1.000000 0.000000
vt 0.500000 1.000000
vt 0.000000 0.000000
vt 1.000000 0.000000
vt 0.000000 0.000000
vt 1.000000 0.000000
vt 1.000000 1.000000
vt 0.000000 1.000000
vt 0.000000 0.000000
vt 1.000000 0.000000
vt 1.000000 1.000000
vt 0.000000 1.000000
vt 0.500000 1.000000
vt 0.000000 0.000000
vt 1.000000 0.000000
vt 0.500000 1.000000
vt 0.000000 0.000000
vt 1.000000 0.000000
vt 0.000000 0.000000
vt 1.000000 0.000000
vt 1.000000 1.000000
vt 0.000000 1.000000
vt 0.000000 0.000000
vt 1.000000 0.000000
vt 1.000000 1.000000
vt 0.000000 1.000000
vt 0.500000 1.000000
vt 0.000000 0.000000
vt 1.000000 0.000000
vt 0.500000 1.000000
vt 0.000000 0.000000
vt 1.000000 0.000000
vt 0.000000 0.000000
vt 1.000000 0.000000
vt 1.000000 1.000000
vt 0.000000 1.000000
vt 0.000000 0.000000
vt 1.000000 0.000000
vt 1.000000 1.000000
vt 0.000000 1.000000
vt 0.500000 1.000000
vt 0.000000 0.000000
vt 1.000000 0.000000
vt 0.500000 1.000000
vt 0.000000 0.000000
vt 1.000000 0.000000
vt 0.000000 0.000000
vt 1.000000 0.000000
vt 1.000000 1.000000
vt 0.000000 1.000000
vt 0.000000 0.000000
vt 1.000000 0.000000
vt 1.000000 1.000000
vt 0.000000 1.000000
vt 0.500000 1.000000
vt 0.000000 0.000000
vt 1.000000 0.000000
vt 0.500000 1.000000
vt 0.000000 0.000000
vt 1.000000 0.000000
vt 0.000000 0.000000
vt 1.000000 0.000000
vt 1.000000 1.000000
vt 0.000000 1.000000
vt 0.000000 0.000000
vt 1.000000 0.000000
vt 1.000000 1.000000
vt 0.000000 1.000000
vt 0.500000 1.000000
vt 0.000000 0.000000
vt 1.000000 0.000000
vt 0.500000 1.000000
vt 0.000000 0.000000
vt 1.000000 0.000000
vt 0.000000 0.000000
vt 1.000000 0.000000
vt 1.000000 1.000000
vt 0.000000 1.000000
vt 0.000000 0.000000
vt 1.000000 0.000000
vt 1.000000 1.000000
vt 0.000000 1.000000
vt 0.500000 1.000000
vt 0.000000 0.000000
vt 1.000000 0.000000
vt 0.500000 1.000000
vt 0.000000 0.000000
vt 1.000000 0.000000
vt 0.000000 0.000000
vt 1.000000 0.000000
vt 1.000000 1.000000
vt 0.000000 1.000000
vt 0.000000 0.000000
vt 1.000000 0.000000
vt 1.000000 1.000000
vt 0.000000 1.000000
vt 0.500000 1.000000
vt 0.000000 0.000000
vt 1.000000 0.000000
vt 0.500000 1.000000
vt 0.000000 0.000000
vt 1.000000 0.000000
vt 0.000000 0.000000
vt 1.000000 0.000000
vt 1.000000 1.000000
vt 0.000000 1.000000
vt 0.000000 0.000000
vt 1.000000 0.000000
vt 1.000000 1.000000
vt 0.000000 1.000000
vt 0.500000 1.000000
vt 0.000000 0.000000
vt 1.000000 0.000000
vt 0.500000 1.000000
vt 0.000000 0.000000
vt 1.000000 0.000000
vt 0.000000 0.000000
vt 1.000000 0.000000
vt 1.000000 1.000000
vt 0.000000 1.000000
vt 0.000000 0.000000
vt 1.000000 0.000000
vt 1.000000 1.000000
vt 0.000000 1.000000
vt 0.500000 1.000000
vt 0.000000 0.000000
vt 1.000000 0.000000
vt 0.500000 1.000000
vt 0.000000 0.000000
vt 1.000000 0.000000
vt 0.000000 0.000000
vt 1.000000 0.000000
vt 1.000000 1.000000
vt 0.000000 1.000000
vt 0.000000 0.000000
vt 1.000000 0.000000
vt 1.000000 1.000000
vt 0.000000 1.000000
vt 0.500000 1.000000
vt 0.000000 0.000000
vt 1.000000 0.000000
vt 0.500000 1.000000
vt 0.000000 0.000000
vt 1.000000 0.000000
vt 0.000000 0.000000
vt 1.000000 0.000000
vt 1.000000 1.000000
vt 0.000000 1.000000
vt 0.000000 0.000000
vt 1.000000 0.000000
vt 1.000000 1.000000
vt 0.000000 1.000000
vt 0.500000 1.000000
vt 0.000000 0.000000
vt 1.000000 0.000000
vt 0.500000 1.000000
vt 0.000000 0.000000
vt 1.000000 0.000000
vt 0.000000 0.000000
vt 1.000000 0.000000
vt 1.000000 1.000000
vt 0.000000 1.000000
vt 0.000000 0.000000
vt 1.000000 0.000000
vt 1.000000 1.000000
vt 0.000000 1.000000
vt 0.500000 1.000000
vt 0.000000 0.000000
vt 1.000000 0.000000
vt 0.500000 1.000000
vt 0.000000 0.000000
vt 1.000000 0.000000
vt 0.000000 0.000000
vt 1.000000 0.000000
vt 1.000000 1.000000
vt 0.000000 1.000000
vt 0.000000 0.000000
vt 1.000000 0.000000
vt 1.000000 1.000000
vt 0.000000 1.000000
vt 0.500000 1.000000
vt 0.000000 0.000000
vt 1.000000 0.000000
vt 0.500000 1.000000
vt 0.000000 0.000000
vt 1.000000 0.000000
vt 0.000000 0.000000
vt 1.000000 0.000000
vt 1.000000 1.000000
vt 0.000000 1.000000
vt 0.000000 0.000000
vt 1.000000 0.000000
vt 1.000000 1.000000
vt 0.000000 1.000000
vt 0.500000 1.000000
vt 0.000000 0.000000
vt 1.000000 0.000000
vt 0.500000 1.000000
vt 0.000000 0.000000
vt 1.000000 0.000000
vt 0.000000 0.000000
vt 1.000000 0.000000
vt 1.000000 1.000000
vt 0.000000 1.000000
vt 0.000000 0.000000
vt 1.000000 0.000000
vt 1.000000 1.000000
vt 0.000000 1.000000
vt 0.500000 1.000000
vt 0.000000 0.000000
vt 1.000000 0.000000
vt 0.500000 1.000000
vt 0.000000 0.000000
vt 1.000000 0.000000
vt 0.000000 0.000000
vt 1.000000 0.000000
vt 1.000000 1.000000
vt 0.000000 1.000000
vt 0.000000 0.000000
vt 1.000000 0.000000
vt 1.000000 1.000000
vt 0.000000 1.000000
vt 0.500000 1.000000
vt 0.000000 0.000000
vt 1.000000 0.000000
vt 0.500000 1.000000
vt 0.000000 0.000000
vt 1.000000 0.000000
vt 0.000000 0.000000
vt 1.000000 0.000000
vt 1.000000 1.000000
vt 0.000000 1.000000
vt 0.000000 0.000000
vt 1.000000 0.000000
vt 1.000000 1.000000
vt 0.000000 1.000000
vt 0.500000 1.000000
vt 0.000000 0.000000
vt 1.000000 0.000000
vt 0.500000 1.000000
vt 0.000000 0.000000
vt 1.000000 0.000000
vt 0.000000 0.000000
vt 1.000000 0.000000
vt 1.000000 1.000000
vt 0.000000 1.000000
vt 0.000000 0.000000
vt 1.000000 0.000000
vt 1.000000 1.000000
vt 0.000000 1.000000
vt 0.500000 1.000000
vt 0.000000 0.000000
vt 1.000000 0.000000
vt 0.500000 1.000000
vt 0.000000 0.000000
vt 1.000000 0.000000
vt 0.000000 0.000000
vt 1.000000 0.000000
vt 1.000000 1.000000
vt 0.000000 1.000000
vt 0.000000 0.000000
vt 1.000000 0.000000
vt 1.000000 1.000000
vt 0.000000 1.000000
vt 0.500000 1.000000
vt 0.000000 0.000000
vt 1.000000 0.000000
vt 0.500000 1.000000
vt 0.000000 0.000000
vt 1.000000 0.000000
vt 0.000000 0.000000
vt 1.000000 0.000000
vt 1.000000 1.000000
vt 0.000000 1.000000
vt 0.000000 0.000000
vt 1.000000 0.000000
vt 1.000000 1.000000
vt 0.000000 1.000000
vt 0.500000 1.000000
vt 0.000000 0.000000
vt 1.000000 0.000000
vt 0.500000 1.000000
vt 0.000000 0.000000
vt 1.000000 0.000000
vt 0.000000 0.000000
vt 1.000000 0.000000
vt 1.000000 1.000000
vt 0.000000 1.000000
vt 0.000000 0.000000
vt 1.000000 0.000000
vt 1.000000 1.000000
vt 0.000000 1.000000
vt 0.500000 1.000000
vt 0.000000 0.000000
vt 1.000000 0.000000
vt 0.500000 1.000000
vt 0.000000 0.000000
vt 1.000000 0.000000
vt 0.000000 0.000000
vt 1.000000 0.000000
vt 1.000000 1.000000
vt 0.000000 1.000000
vt 0.000000 0.000000
vt 1.000000 0.000000
vt 1.000000 1.000000
vt 0.000000 1.000000
vt 0.500000 1.000000
vt 0.000000 0.000000
vt 1.000000 0.000000
vt 0.500000 1.000000
vt 0.000000 0.000000
vt 1.000000 0.000000
vt 0.000000 0.000000
vt 1.000000 0.000000
vt 1.000000 1.000000
vt 0.000000 1.000000
vt 0.000000 0.000000
vt 1.000000 0.000000
vt 1.000000 1.000000
vt 0.000000 1.000000
vt 0.500000 1.000000
vt 0.000000 0.000000
vt 1.000000 0.000000
vt 0.500000 1.000000
vt 0.000000 0.000000
vt 1.000000 0.000000
vt 0.000000 0.000000
vt 1.000000 0.000000
vt 1.000000 1.000000
vt 0.000000 1.000000
vt 0.000000 0.000000
vt 1.000000 0.000000
vt 1.000000 1.000000
vt 0.000000 1.000000
vt 0.500000 1.000000
vt 0.000000 0.000000
vt 1.000000 0.000000
vt 0.500000 1.000000
vt 0.000000 0.000000
vt 1.000000 0.000000
vt 0.000000 0.000000
vt 1.000000 0.000000
vt 1.000000 1.000000
vt 0.000000 1.000000
vt 0.000000 0.000000
vt 1.000000 0.000000
vt 1.000000 1.000000
vt 0.000000 1.000000
vt 0.500000 1.000000
vt 0.000000 0.000000
vt 1.000000 0.000000
vt 0.500000 1.000000
vt 0.000000 0.000000
vt 1.000000 0.000000
vt 0.000000 0.000000
vt 1.000000 0.000000
vt 1.000000 1.000000
vt 0.000000 1.000000
vt 0.000000 0.000000
vt 1.000000 0.000000
vt 1.000000 1.000000
vt 0.000000 1.000000
vt 0.500000 1.000000
vt 0.000000 0.000000
vt 1.000000 0.000000
vt 0.500000 1.000000
vt 0.000000 0.000000
vt 1.000000 0.000000
vt 0.000000 0.000000
vt 1.000000 0.000000
vt 1.000000 1.000000
vt 0.000000 1.000000
vt 0.000000 0.000000
vt 1.000000 0.000000
vt 1.000000 1.000000
vt 0.000000 1.000000
vt 0.500000 1.000000
vt 0.000000 0.000000
vt 1.000000 0.000000
vt 0.500000 1.000000
vt 0.000000 0.000000
vt 1.000000 0.000000
vt 0.000000 0.000000
vt 1.000000 0.000000
vt 1.000000 1.000000
vt 0.000000 1.000000
vt 0.000000 0.000000
vt 1.000000 0.000000
vt 1.000000 1.000000
vt 0.000000 1.000000
vt 0.500000 1.000000
vt 0.000000 0.000000
vt 1.000000 0.000000
vt 0.500000 1.000000
vt 0.000000 0.000000
vt 1.000000 0.000000
vt 0.000000 0.000000
vt 1.000000 0.000000
vt 1.000000 1.000000
vt 0.000000 1.000000
vt 0.000000 0.000000
vt 1.000000 0.000000
vt 1.000000 1.000000
vt 0.000000 1.000000
vt 0.500000 1.000000
vt 0.000000 0.000000
vt 1.000000 0.000000
vt 0.500000 1.000000
vt 0.000000 0.000000
vt 1.000000 0.000000
vt 0.000000 0.000000
vt 1.000000 0.000000
vt 1.000000 1.000000
vt 0.000000 1.000000
vt 0.000000 0.000000
vt 1.000000 0.000000
vt 1.000000 1.000000
vt 0.000000 1.000000
vt 0.500000 1.000000
vt 0.000000 0.000000
vt 1.000000 0.000000
vt 0.500000 1.000000
vt 0.000000 0.000000
vt 1.000000 0.000000
vt 0.000000 0.000000
vt 1.000000 0.000000
vt 1.000000 1.000000
vt 0.000000 1.000000
vt 0.000000 0.000000
vt 1.000000 0.000000
vt 1.000000 1.000000
vt 0.000000 1.000000
vt 0.500000 1.000000
vt 0.000000 0.000000
vt 1.000000 0.000000
vt 0.500000 1.000000
vt 0.000000 0.000000
vt 1.000000 0.000000
vt 0.000000 0.000000
vt 1.000000 0.000000
vt 1.000000 1.000000
vt 0.000000 1.000000
vt 0.000000 0.000000
vt 1.000000 0.000000
vt 1.000000 1.000000
vt 0.000000 1.000000
vt 0.500000 1.000000
vt 0.000000 0.000000
vt 1.000000 0.000000
vt 0.500000 1.000000
vt 0.000000 0.000000
vt 1.000000 0.000000
vt 0.000000 0.000000
vt 1.000000 0.000000
vt 1.000000 1.000000
vt 0.000000 1.000000
vt 0.000000 0.000000
vt 1.000000 0.000000
vt 1.000000 1.000000
vt 0.000000 1.000000
vt 0.500000 1.000000
vt 0.000000 0.000000
vt 1.000000 0.000000
vt 0.500000 1.000000
vt 0.000000 0.000000
vt 1.000000 0.000000
vt 0.000000 0.000000
vt 1.000000 0.000000
vt 1.000000 1.000000
vt 0.000000 1.000000
vt 0.000000 0.000000
vt 1.000000 0.000000
vt 1.000000 1.000000
vt 0.000000 1.000000
vt 0.500000 1.000000
vt 0.000000 0.000000
vt 1.000000 0.000000
vt 0.500000 1.000000
vt 0.000000 0.000000
vt 1.000000 0.000000
vt 0.000000 0.000000
vt 1.000000 0.000000
vt 1.000000 1.000000
vt 0.000000 1.000000
vt 0.000000 0.000000
vt 1.000000 0.000000
vt 1.000000 1.000000
vt 0.000000 1.000000
vt 0.500000 1.000000
vt 0.000000 0.000000
vt 1.000000 0.000000
vt 0.500000 1.000000
vt 0.000000 0.000000
vt 1.000000 0.000000
vt 0.000000 0.000000
vt 1.000000 0.000000
vt 1.000000 1.000000
vt 0.000000 1.000000
vt 0.000000 0.000000
vt 1.000000 0.000000
vt 1.000000 1.000000
vt 0.000000 1.000000
vt 0.500000 1.000000
vt 0.000000 0.000000
vt 1.000000 0.000000
vt 0.500000 1.000000
vt 0.000000 0.000000
vt 1.000000 0.000000
vt 0.000000 0.000000
vt 1.000000 0.000000
vt 1.000000 1.000000
vt 0.000000 1.000000
vt 0.000000 0.000000
vt 1.000000 0.000000
vt 1.000000 1.000000
vt 0.000000 1.000000
vt 0.500000 1.000000
vt 0.000000 0.000000
vt 1.000000 0.000000
vt 0.500000 1.000000
vt 0.000000 0.000000
vt 1.000000 0.000000
vt 0.000000 0.000000
vt 1.000000 0.000000
vt 1.000000 1.000000
vt 0.000000 1.000000
vt 0.000000 0.000000
vt 1.000000 0.000000
vt 1.000000 1.000000
vt 0.000000 1.000000
vt 0.500000 1.000000
vt 0.000000 0.000000
vt 1.000000 0.000000
vt 0.500000 1.000000
vt 0.000000 0.000000
vt 1.000000 0.000000
vt 0.000000 0.000000
vt 1.000000 0.000000
vt 1.000000 1.000000
vt 0.000000 1.000000
vt 0.000000 0.000000
vt 1.000000 0.000000
vt 1.000000 1.000000
vt 0.000000 1.000000
vt 0.500000 1.000000
vt 0.000000 0.000000
vt 1.000000 0.000000
vt 0.500000 1.000000
vt 0.000000 0.000000
vt 1.000000 0.000000
vt 0.000000 0.000000
vt 1.000000 0.000000
vt 1.000000 1.000000
vt 0.000000 1.000000
vt 0.000000 0.000000
vt 1.000000 0.000000
vt 1.000000 1.000000
vt 0.000000 1.000000
vt 0.500000 1.000000
vt 0.000000 0.000000
vt 1.000000 0.000000
vt 0.500000 1.000000
vt 0.000000 0.000000
vt 1.000000 0.000000
vt 0.000000 0.000000
vt 1.000000 0.000000
vt 1.000000 1.000000
vt 0.000000 1.000000
vt 0.000000 0.000000
vt 1.000000 0.000000
vt 1.000000 1.000000
vt 0.000000 1.000000
vt 0.500000 1.000000
vt 0.000000 0.000000
vt 1.000000 0.000000
vt 0.500000 1.000000
vt 0.000000 0.000000
vt 1.000000 0.000000
vt 0.000000 0.000000
vt 1.000000 0.000000
vt 1.000000 1.000000
vt 0.000000 1.000000
vt 0.000000 0.000000
vt 1.000000 0.000000
vt 1.000000 1.000000
vt 0.000000 1.000000
vt 0.500000 1.000000
vt 0.000000 0.000000
vt 1.000000 0.000000
vt 0.500000 1.000000
vt 0.000000 0.000000
vt 1.000000 0.000000
vt 0.000000 0.000000
vt 1.000000 0.000000
vt 1.000000 1.000000
vt 0.000000 1.000000
vt 0.000000 0.000000
vt 1.000000 0.000000
vt 1.000000 1.000000
vt 0.000000 1.000000
vt 0.500000 1.000000
vt 0.000000 0.000000
vt 1.000000 0.000000
vt 0.500000 1.000000
vt 0.000000 0.000000
vt 1.000000 0.000000
vt 0.000000 0.000000
vt 1.000000 0.000000
vt 1.000000 1.000000
vt 0.000000 1.000000
vt 0.000000 0.000000
vt 1.000000 0.000000
vt 1.000000 1.000000
vt 0.000000 1.000000
vt 0.500000 1.000000
vt 0.000000 0.000000
vt 1.000000 0.000000
vt 0.500000 1.000000
vt 0.000000 0.000000
vt 1.000000 0.000000
vt 0.000000 0.000000
vt 1.000000 0.000000
vt 1.000000 1.000000
vt 0.000000 1.000000
vt 0.000000 0.000000
vt 1.000000 0.000000
vt 1.000000 1.000000
vt 0.000000 1.000000
vt 0.500000 1.000000
vt 0.000000 0.000000
vt 1.000000 0.000000
vt 0.500000 1.000000
vt 0.000000 0.000000
vt 1.000000 0.000000
vt 0.000000 0.000000
vt 1.000000 0.000000
vt 1.000000 1.000000
vt 0.000000 1.000000
vt 0.000000 0.000000
vt 1.000000 0.000000
vt 1.000000 1.000000
vt 0.000000 1.000000
vt 0.500000 1.000000
vt 0.000000 0.000000
vt 1.000000 0.000000
vt 0.500000 1.000000
vt 0.000000 0.000000
vt 1.000000 0.000000
vt 0.000000 0.000000
vt 1.000000 0.000000
vt 1.000000 1.000000
vt 0.000000 1.000000
vt 0.000000 0.000000
vt 1.000000 0.000000
vt 1.000000 1.000000
vt 0.000000 1.000000
vt 0.500000 1.000000
vt 0.000000 0.000000
vt 1.000000 0.000000
vt 0.500000 1.000000
vt 0.000000 0.000000
vt 1.000000 0.000000
vt 0.000000 0.000000
vt 1.000000 0.000000
vt 1.000000 1.000000
vt 0.000000 1.000000
vt 0.000000 0.000000
vt 1.000000 0.000000
vt 1.000000 1.000000
vt 0.000000 1.000000
vt 0.500000 1.000000
vt 0.000000 0.000000
vt 1.000000 0.000000
vt 0.500000 1.000000
vt 0.000000 0.000000
vt 1.000000 0.000000
vt 0.000000 0.000000
vt 1.000000 0.000000
vt 1.000000 1.000000
vt 0.000000 1.000000
vt 0.000000 0.000000
vt 1.000000 0.000000
vt 1.000000 1.000000
vt 0.000000 1.000000
vt 0.500000 1.000000
vt 0.000000 0.000000
vt 1.000000 0.000000
vt 0.500000 1.000000
vt 0.000000 0.000000
vt 1.000000 0.000000
vt 0.000000 0.000000
vt 1.000000 0.000000
vt 1.000000 1.000000
vt 0.000000 1.000000
vt 0.000000 0.000000
vt 1.000000 0.000000
vt 1.000000 1.000000
vt 0.000000 1.000000
vt 0.500000 1.000000
vt 0.000000 0.000000
vt 1.000000 0.000000
vt 0.500000 1.000000
vt 0.000000 0.000000
vt 1.000000 0.000000
vt 0.000000 0.000000
vt 1.000000 0.000000
vt 1.000000 1.000000
vt 0.000000 1.000000
vt 0.000000 0.000000
vt 1.000000 0.000000
vt 1.000000 1.000000
vt 0.000000 1.000000
vt 0.500000 1.000000
vt 0.000000 0.000000
vt 1.000000 0.000000
vt 0.500000 1.000000
vt 0.000000 0.000000
vt 1.000000 0.000000
vt 0.000000 0.000000
vt 1.000000 0.000000
vt 1.000000 1.000000
vt 0.000000 1.000000
vt 0.000000 0.000000
vt 1.000000 0.000000
vt 1.000000 1.000000
vt 0.000000 1.000000
vt 0.500000 1.000000
vt 0.000000 0.000000
vt 1.000000 0.000000
vt 0.500000 1.000000
vt 0.000000 0.000000
vt 1.000000 0.000000
vt 0.000000 0.000000
vt 1.000000 0.000000
vt 1.000000 1.000000
vt 0.000000 1.000000
vt 0.000000 0.000000
vt 1.000000 0.000000
vt 1.000000 1.000000
vt 0.000000 1.000000
vt 0.500000 1.000000
vt 0.000000 0.000000
vt 1.000000 0.000000
vt 0.500000 1.000000
vt 0.000000 0.000000
vt 1.000000 0.000000
vt 0.000000 0.000000
vt 1.000000 0.000000
vt 1.000000 1.000000
vt 0.000000 1.000000
vt 0.000000 0.000000
vt 1.000000 0.000000
vt 1.000000 1.000000
vt 0.000000 1.000000
vt 0.500000 1.000000
vt 0.000000 0.000000
vt 1.000000 0.000000
vt 0.500000 1.000000
vt 0.000000 0.000000
vt 1.000000 0.000000
vt 0.000000 0.000000
vt 1.000000 0.000000
vt 1.000000 1.000000
vt 0.000000 1.000000
vt 0.000000 0.000000
vt 1.000000 0.000000
vt 1.000000 1.000000
vt 0.000000 1.000000
vt 0.500000 1.000000
vt 0.000000 0.000000
vt 1.000000 0.000000
vt 0.500000 1.000000
vt 0.000000 0.000000
vt 1.000000 0.000000
vt 0.000000 0.000000
vt 1.000000 0.000000
vt 1.000000 1.000000
vt 0.000000 1.000000
vt 0.000000 0.000000
vt 1.000000 0.000000
vt 1.000000 1.000000
vt 0.000000 1.000000
vt 0.500000 1.000000
vt 0.000000 0.000000
vt 1.000000 0.000000
vt 0.500000 1.000000
vt 0.000000 0.000000
vt 1.000000 0.000000
vt 0.000000 0.000000
vt 1.000000 0.000000
vt 1.000000 1.000000
vt 0.000000 1.000000
vt 0.000000 0.000000
vt 1.000000 0.000000
vt 1.000000 1.000000
vt 0.000000 1.000000
vt 0.500000 1.000000
vt 0.000000 0.000000
vt 1.000000 0.000000
vt 0.500000 1.000000
vt 0.000000 0.000000
vt 1.000000 0.000000
vt 0.000000 0.000000
vt 1.000000 0.000000
vt 1.000000 1.000000
vt 0.000000 1.000000
vt 0.000000 0.000000
vt 1.000000 0.000000
vt 1.000000 1.000000
vt 0.000000 1.000000
vt 0.500000 1.000000
vt 0.000000 0.000000
vt 1.000000 0.000000
vt 0.500000 1.000000
vt 0.000000 0.000000
vt 1.000000 0.000000
vt 0.000000 0.000000
vt 1.000000 0.000000
vt 1.000000 1.000000
vt 0.000000 1.000000
vt 0.000000 0.000000
vt 1.000000 0.000000
vt 1.000000 1.000000
vt 0.000000 1.000000
vt 0.500000 1.000000
vt 0.000000 0.000000
vt 1.000000 0.000000
vt 0.500000 1.000000
vt 0.000000 0.000000
vt 1.000000 0.000000
vt 0.000000 0.000000
vt 1.000000 0.000000
vt 1.000000 1.000000
vt 0.000000 1.000000
vt 0.000000 0.000000
vt 1.000000 0.000000
vt 1.000000 1.000000
vt 0.000000 1.000000
vt 0.500000 1.000000
vt 0.000000 0.000000
vt 1.000000 0.000000
vt 0.500000 1.000000
vt 0.000000 0.000000
vt 1.000000 0.000000
vt 0.000000 0.000000
vt 1.000000 0.000000
vt 1.000000 1.000000
vt 0.000000 1.000000
vt 0.000000 0.000000
vt 1.000000 0.000000
vt 1.000000 1.000000
vt 0.000000 1.000000
vt 0.500000 1.000000
vt 0.000000 0.000000
vt 1.000000 0.000000
vt 0.500000 1.000000
vt 0.000000 0.000000
vt 1.000000 0.000000
vt 0.000000 0.000000
vt 1.000000 0.000000
vt 1.000000 1.000000
vt 0.000000 1.000000
vt 0.000000 0.000000
vt 1.000000 0.000000
vt 1.000000 1.000000
vt 0.000000 1.000000
vt 0.500000 1.000000
vt 0.000000 0.000000
vt 1.000000 0.000000
vt 0.500000 1.000000
vt 0.000000 0.000000
vt 1.000000 0.000000
vt 0.000000 0.000000
vt 1.000000 0.000000
vt 1.000000 1.000000
vt 0.000000 1.000000
vt 0.000000 0.000000
vt 1.000000 0.000000
vt 1.000000 1.000000
vt 0.000000 1.000000
vt 0.500000 1.000000
vt 0.000000 0.000000
vt 1.000000 0.000000
vt 0.500000 1.000000
vt 0.000000 0.000000
vt 1.000000 0.000000
vt 0.000000 0.000000
vt 1.000000 0.000000
vt 1.000000 1.000000
vt 0.000000 1.000000
vt 0.000000 0.000000
vt 1.000000 0.000000
vt 1.000000 1.000000
vt 0.000000 1.000000
vt 0.500000 1.000000
vt 0.000000 0.000000
vt 1.000000 0.000000
vt 0.500000 1.000000
vt 0.000000 0.000000
vt 1.000000 0.000000
vt 0.000000 0.000000
vt 1.000000 0.000000
vt 1.000000 1.000000
vt 0.000000 1.000000
vt 0.000000 0.000000
vt 1.000000 0.000000
vt 1.000000 1.000000
vt 0.000000 1.000000
vt 0.500000 1.000000
vt 0.000000 0.000000
vt 1.000000 0.000000
vt 0.500000 1.000000
vt 0.000000 0.000000
vt 1.000000 0.000000
vt 0.000000 0.000000
vt 1.000000 0.000000
vt 1.000000 1.000000
vt 0.000000 1.000000
vt 0.000000 0.000000
vt 1.000000 0.000000
vt 1.000000 1.000000
vt 0.000000 1.000000
vt 0.500000 1.000000
vt 0.000000 0.000000
vt 1.000000 0.000000
vt 0.500000 1.000000
vt 0.000000 0.000000
vt 1.000000 0.000000
vt 0.000000 0.000000
vt 1.000000 0.000000
vt 1.000000 1.000000
vt 0.000000 1.000000
vt 0.000000 0.000000
vt 1.000000 0.000000
vt 1.000000 1.000000
vt 0.000000 1.000000
vt 0.500000 1.000000
vt 0.000000 0.000000
vt 1.000000 0.000000
vt 0.500000 1.000000
vt 0.000000 0.000000
vt 1.000000 0.000000
vt 0.000000 0.000000
vt 1.000000 0.000000
vt 1.000000 1.000000
vt 0.000000 1.000000
vt 0.000000 0.000000
vt 1.000000 0.000000
vt 1.000000 1.000000
vt 0.000000 1.000000
vt 0.500000 1.000000
vt 0.000000 0.000000
vt 1.000000 0.000000
vt 0.500000 1.000000
vt 0.000000 0.000000
vt 1.000000 0.000000
vt 0.000000 0.000000
vt 1.000000 0.000000
vt 1.000000 1.000000
vt 0.000000 1.000000
vt 0.000000 0.000000
vt 1.000000 0.000000
vt 1.000000 1.000000
vt 0.000000 1.000000
vt 0.500000 1.000000
vt 0.000000 0.000000
vt 1.000000 0.000000
vt 0.500000 1.000000
vt 0.000000 0.000000
vt 1.000000 0.000000
vt 0.000000 0.000000
vt 1.000000 0.000000
vt 1.000000 1.000000
vt 0.000000 1.000000
vt 0.000000 0.000000
vt 1.000000 0.000000
vt 1.000000 1.000000
vt 0.000000 1.000000
vt 0.500000 1.000000
vt 0.000000 0.000000
vt 1.000000 0.000000
vt 0.500000 1.000000
vt 0.000000 0.000000
vt 1.000000 0.000000
vt 0.000000 0.000000
vt 1.000000 0.000000
vt 1.000000 1.000000
vt 0.000000 1.000000
vt 0.000000 0.000000
vt 1.000000 0.000000
vt 1.000000 1.000000
vt 0.000000 1.000000
vt 0.500000 1.000000
vt 0.000000 0.000000
vt 1.000000 0.000000
vt 0.500000 1.000000
vt 0.000000 0.000000
vt 1.000000 0.000000
vt 0.000000 0.000000
vt 1.000000 0.000000
vt 1.000000 1.000000
vt 0.000000 1.000000
vt 0.000000 0.000000
vt 1.000000 0.000000
vt 1.000000 1.000000
vt 0.000000 1.000000
vt 0.500000 1.000000
vt 0.000000 0.000000
vt 1.000000 0.000000
vt 0.500000 1.000000
vt 0.000000 0.000000
vt 1.000000 0.000000
vt 0.000000 0.000000
vt 1.000000 0.000000
vt 1.000000 1.000000
vt 0.000000 1.000000
vt 0.000000 0.000000
vt 1.000000 0.000000
vt 1.000000 1.000000
vt 0.000000 1.000000
vt 0.500000 1.000000
vt 0.000000 0.000000
vt 1.000000 0.000000
vt 0.500000 1.000000
vt 0.000000 0.000000
vt 1.000000 0.000000
vt 0.000000 0.000000
vt 1.000000 0.000000
vt 1.000000 1.000000
vt 0.000000 1.000000
vt 0.000000 0.000000
vt 1.000000 0.000000
vt 1.000000 1.000000
vt 0.000000 1.000000
vt 0.500000 1.000000
vt 0.000000 0.000000
vt 1.000000 0.000000
vt 0.500000 1.000000
vt 0.000000 0.000000
vt 1.000000 0.000000
vt 0.000000 0.000000
vt 1.000000 0.000000
vt 1.000000 1.000000
vt 0.000000 1.000000
vt 0.000000 0.000000
vt 1.000000 0.000000
vt 1.000000 1.000000
vt 0.000000 1.000000
vt 0.500000 1.000000
vt 0.000000 0.000000
vt 1.000000 0.000000
vt 0.500000 1.000000
vt 0.000000 0.000000
vt 1.000000 0.000000
vt 0.000000 0.000000
vt 1.000000 0.000000
vt 1.000000 1.000000
vt 0.000000 1.000000
vt 0.000000 0.000000
vt 1.000000 0.000000
vt 1.000000 1.000000
vt 0.000000 1.000000
vt 0.500000 1.000000
vt 0.000000 0.000000
vt 1.000000 0.000000
vt 0.500000 1.000000
vt 0.000000 0.000000
vt 1.000000 0.000000
vt 0.000000 0.000000
vt 1.000000 0.000000
vt 1.000000 1.000000
vt 0.000000 1.000000
vt 0.000000 0.000000
vt 1.000000 0.000000
vt 1.000000 1.000000
vt 0.000000 1.000000
vt 0.500000 1.000000
vt 0.000000 0.000000
vt 1.000000 0.000000
vt 0.500000 1.000000
vt 0.000000 0.000000
vt 1.000000 0.000000
vt 0.000000 0.000000
vt 1.000000 0.000000
vt 1.000000 1.000000
vt 0.000000 1.000000
vt 0.000000 0.000000
vt 1.000000 0.000000
vt 1.000000 1.000000
vt 0.000000 1.000000
vt 0.500000 1.000000
vt 0.000000 0.000000
vt 1.000000 0.000000
vt 0.500000 1.000000
vt 0.000000 0.000000
vt 1.000000 0.000000
vt 0.000000 0.000000
vt 1.000000 0.000000
vt 1.000000 1.000000
vt 0.000000 1.000000
vt 0.000000 0.000000
vt 1.000000 0.000000
vt 1.000000 1.000000
vt 0.000000 1.000000
vt 0.500000 1.000000
vt 0.000000 0.000000
vt 1.000000 0.000000
vt 0.500000 1.000000
vt 0.000000 0.000000
vt 1.000000 0.000000
vt 0.000000 0.000000
vt 1.000000 0.000000
vt 1.000000 1.000000
vt 0.000000 1.000000
vt 0.000000 0.000000
vt 1.000000 0.000000
vt 1.000000 1.000000
vt 0.000000 1.000000
vt 0.500000 1.000000
vt 0.000000 0.000000
vt 1.000000 0.000000
vt 0.500000 1.000000
vt 0.000000 0.000000
vt 1.000000 0.000000
vt 0.000000 0.000000
vt 1.000000 0.000000
vt 1.000000 1.000000
vt 0.000000 1.000000
vt 0.000000 0.000000
vt 1.000000 0.000000
vt 1.000000 1.000000
vt 0.000000 1.000000
vt 0.500000 1.000000
vt 0.000000 0.000000
vt 1.000000 0.000000
vt 0.500000 1.000000
vt 0.000000 0.000000
vt 1.000000 0.000000
vt 0.000000 0.000000
vt 1.000000 0.000000
vt 1.000000 1.000000
vt 0.000000 1.000000
vt 0.000000 0.000000
vt 1.000000 0.000000
vt 1.000000 1.000000
vt 0.000000 1.000000
vt 0.500000 1.000000
vt 0.000000 0.000000
vt 1.000000 0.000000
vt 0.500000 1.000000
vt 0.000000 0.000000
vt 1.000000 0.000000
vt 0.000000 0.000000
vt 1.000000 0.000000
vt 1.000000 1.000000
vt 0.000000 1.000000
vt 0.000000 0.000000
vt 1.000000 0.000000
vt 1.000000 1.000000
vt 0.000000 1.000000
vt 0.500000 1.000000
vt 0.000000 0.000000
vt 1.000000 0.000000
vt 0.500000 1.000000
vt 0.000000 0.000000
vt 1.000000 0.000000
vt 0.000000 0.000000
vt 1.000000 0.000000
vt 1.000000 1.000000
vt 0.000000 1.000000
vt 0.000000 0.000000
vt 1.000000 0.000000
vt 1.000000 1.000000
vt 0.000000 1.000000
vt 0.500000 1.000000
vt 0.000000 0.000000
vt 1.000000 0.000000
vt 0.500000 1.000000
vt 0.000000 0.000000
vt 1.000000 0.000000
vt 0.000000 0.000000
vt 1.000000 0.000000
vt 1.000000 1.000000
vt 0.000000 1.000000
vt 0.000000 0.000000
vt 1.000000 0.000000
vt 1.000000 1.000000
vt 0.000000 1.000000
vt 0.500000 1.000000
vt 0.000000 0.000000
vt 1.000000 0.000000
vt 0.500000 1.000000
vt 0.000000 0.000000
vt 1.000000 0.000000
vt 0.000000 0.000000
vt 1.000000 0.000000
vt 1.000000 1.000000
vt 0.000000 1.000000
vt 0.000000 0.000000
vt 1.000000 0.000000
vt 1.000000 1.000000
vt 0.000000 1.000000
vt 0.500000 1.000000
vt 0.000000 0.000000
vt 1.000000 0.000000
vt 0.500000 1.000000
vt 0.000000 0.000000
vt 1.000000 0.000000
vt 0.000000 0.000000
vt 1.000000 0.000000
vt 1.000000 1.000000
vt 0.000000 1.000000
vt 0.000000 0.000000
vt 1.000000 0.000000
vt 1.000000 1.000000
vt 0.000000 1.000000
vt 0.500000 1.000000
vt 0.000000 0.000000
vt 1.000000 0.000000
vt 0.500000 1.000000
vt 0.000000 0.000000
vt 1.000000 0.000000
vt 0.000000 0.000000
vt 1.000000 0.000000
vt 1.000000 1.000000
vt 0.000000 1.000000
vt 0.000000 0.000000
vt 1.000000 0.000000
vt 1.000000 1.000000
vt 0.000000 1.000000
vt 0.500000 1.000000
vt 0.000000 0.000000
vt 1.000000 0.000000
vt 0.500000 1.000000
vt 0.000000 0.000000
vt 1.000000 0.000000
vt 0.000000 0.000000
vt 1.000000 0.000000
vt 1.000000 1.000000
vt 0.000000 1.000000
vt 0.000000 0.000000
vt 1.000000 0.000000
vt 1.000000 1.000000
vt 0.000000 1.000000
vt 0.500000 1.000000
vt 0.000000 0.000000
vt 1.000000 0.000000
vt 0.500000 1.000000
vt 0.000000 0.000000
vt 1.000000 0.000000
vt 0.000000 0.000000
vt 1.000000 0.000000
vt 1.000000 1.000000
vt 0.000000 1.000000
vt 0.000000 0.000000
vt 1.000000 0.000000
vt 1.000000 1.000000
vt 0.000000 1.000000
vt 0.500000 1.000000
vt 0.000000 0.000000
vt 1.000000 0.000000
vt 0.500000 1.000000
vt 0.000000 0.000000
vt 1.000000 0.000000
vt 0.000000 0.000000
vt 1.000000 0.000000
vt 1.000000 1.000000
vt 0.000000 1.000000
vt 0.000000 0.000000
vt 1.000000 0.000000
vt 1.000000 1.000000
vt 0.000000 1.000000
vt 0.500000 1.000000
vt 0.000000 0.000000
vt 1.000000 0.000000
vt 0.500000 1.000000
vt 0.000000 0.000000
vt 1.000000 0.000000
vt 0.000000 0.000000
vt 1.000000 0.000000
vt 1.000000 1.000000
vt 0.000000 1.000000
vt 0.000000 0.000000
vt 1.000000 0.000000
vt 1.000000 1.000000
vt 0.000000 1.000000
vt 0.500000 1.000000
vt 0.000000 0.000000
vt 1.000000 0.000000
vt 0.500000 1.000000
vt 0.000000 0.000000
vt 1.000000 0.000000
vt 0.000000 0.000000
vt 1.000000 0.000000
vt 1.000000 1.000000
vt 0.000000 1.000000
vt 0.000000 0.000000
vt 1.000000 0.000000
vt 1.000000 1.000000
vt 0.000000 1.000000
vt 0.500000 1.000000
vt 0.000000 0.000000
vt 1.000000 0.000000
vt 0.500000 1.000000
vt 0.000000 0.000000
vt 1.000000 0.000000
vt 0.000000 0.000000
vt 1.000000 0.000000
vt 1.000000 1.000000
vt 0.000000 1.000000
vt 0.000000 0.000000
vt 1.000000 0.000000
vt 1.000000 1.000000
vt 0.000000 1.000000
vt 0.500000 1.000000
vt 0.000000 0.000000
vt 1.000000 0.000000
vt 0.500000 1.000000
vt 0.000000 0.000000
vt 1.000000 0.000000
vt 0.000000 0.000000
vt 1.000000 0.000000
vt 1.000000 1.000000
vt 0.000000 1.000000
vt 0.000000 0.000000
vt 1.000000 0.000000
vt 1.000000 1.000000
vt 0.000000 1.000000
vt 0.500000 1.000000
vt 0.000000 0.000000
vt 1.000000 0.000000
vt 0.500000 1.000000
vt 0.000000 0.000000
vt 1.000000 0.000000
vt 0.000000 0.000000
vt 1.000000 0.000000
vt 1.000000 1.000000
vt 0.000000 1.000000
vt 0.000000 0.000000
vt 1.000000 0.000000
vt 1.000000 1.000000
vt 0.000000 1.000000
vt 0.500000 1.000000
vt 0.000000 0.000000
vt 1.000000 0.000000
vt 0.500000 1.000000
vt 0.000000 0.000000
vt 1.000000 0.000000
vt 0.000000 0.000000
vt 1.000000 0.000000
vt 1.000000 1.000000
vt 0.000000 1.000000
vt 0.000000 0.000000
vt 1.000000 0.000000
vt 1.000000 1.000000
vt 0.000000 1.000000
vt 0.500000 1.000000
vt 0.000000 0.000000
vt 1.000000 0.000000
vt 0.500000 1.000000
vt 0.000000 0.000000
vt 1.000000 0.000000
vt 0.000000 0.000000
vt 1.000000 0.000000
vt 1.000000 1.000000
vt 0.000000 1.000000
vt 0.000000 0.000000
vt 1.000000 0.000000
vt 1.000000 1.000000
vt 0.000000 1.000000
vt 0.500000 1.000000
vt 0.000000 0.000000
vt 1.000000 0.000000
vt 0.500000 1.000000
vt 0.000000 0.000000
vt 1.000000 0.000000
vt 0.000000 0.000000
vt 1.000000 0.000000
vt 1.000000 1.000000
vt 0.000000 1.000000
vt 0.000000 0.000000
vt 1.000000 0.000000
vt 1.000000 1.000000
vt 0.000000 1.000000
vt 0.500000 1.000000
vt 0.000000 0.000000
vt 1.000000 0.000000
vt 0.500000 1.000000
vt 0.000000 0.000000
vt 1.000000 0.000000
vt 0.000000 0.000000
vt 1.000000 0.000000
vt 1.000000 1.000000
vt 0.000000 1.000000
vt 0.000000 0.000000
vt 1.000000 0.000000
vt 1.000000 1.000000
vt 0.000000 1.000000
vt 0.500000 1.000000
vt 0.000000 0.000000
vt 1.000000 0.000000
vt 0.500000 1.000000
vt 0.000000 0.000000
vt 1.000000 0.000000
vt 0.000000 0.000000
vt 1.000000 0.000000
vt 1.000000 1.000000
vt 0.000000 1.000000
vt 0.000000 0.000000
vt 1.000000 0.000000
vt 1.000000 1.000000
vt 0.000000 1.000000
vt 0.500000 1.000000
vt 0.000000 0.000000
vt 1.000000 0.000000
vt 0.500000 1.000000
vt 0.000000 0.000000
vt 1.000000 0.000000
vt 0.000000 0.000000
vt 1.000000 0.000000
vt 1.000000 1.000000
vt 0.000000 1.000000
vt 0.000000 0.000000
vt 1.000000 0.000000
vt 1.000000 1.000000
vt 0.000000 1.000000
vt 0.500000 1.000000
vt 0.000000 0.000000
vt 1.000000 0.000000
vt 0.500000 1.000000
vt 0.000000 0.000000
vt 1.000000 0.000000
vt 0.000000 0.000000
vt 1.000000 0.000000
vt 1.000000 1.000000
vt 0.000000 1.000000
vt 0.000000 0.000000
vt 1.000000 0.000000
vt 1.000000 1.000000
vt 0.000000 1.000000
vt 0.500000 1.000000
vt 0.000000 0.000000
vt 1.000000 0.000000
vt 0.500000 1.000000
vt 0.000000 0.000000
vt 1.000000 0.000000
vt 0.000000 0.000000
vt 1.000000 0.000000
vt 1.000000 1.000000
vt 0.000000 1.000000
vt 0.000000 0.000000
vt 1.000000 0.000000
vt 1.000000 1.000000
vt 0.000000 1.000000
vt 0.500000 1.000000
vt 0.000000 0.000000
vt 1.000000 0.000000
vt 0.500000 1.000000
vt 0.000000 0.000000
vt 1.000000 0.000000
vt 0.000000 0.000000
vt 1.000000 0.000000
vt 1.000000 1.000000
vt 0.000000 1.000000
vt 0.000000 0.000000
vt 1.000000 0.000000
vt 1.000000 1.000000
vt 0.000000 1.000000
vt 0.500000 1.000000
vt 0.000000 0.000000
vt 1.000000 0.000000
vt 0.500000 1.000000
vt 0.000000 0.000000
vt 1.000000 0.000000
vt 0.000000 0.000000
vt 1.000000 0.000000
vt 1.000000 1.000000
vt 0.000000 1.000000
vt 0.000000 0.000000
vt 1.000000 0.000000
vt 1.000000 1.000000
vt 0.000000 1.000000
vt 0.500000 1.000000
vt 0.000000 0.000000
vt 1.000000 0.000000
vt 0.500000 1.000000
vt 0.000000 0.000000
vt 1.000000 0.000000
vt 0.000000 0.000000
vt 1.000000 0.000000
vt 1.000000 1.000000
vt 0.000000 1.000000
vt 0.000000 0.000000
vt 1.000000 0.000000
vt 1.000000 1.000000
vt 0.000000 1.000000
vt 0.500000 1.000000
vt 0.000000 0.000000
vt 1.000000 0.000000
vt 0.500000 1.000000
vt 0.000000 0.000000
vt 1.000000 0.000000
vt 0.000000 0.000000
vt 1.000000 0.000000
vt 1.000000 1.000000
vt 0.000000 1.000000
vt 0.000000 0.000000
vt 1.000000 0.000000
vt 1.000000 1.000000
vt 0.000000 1.000000
vt 0.500000 1.000000
vt 0.000000 0.000000
vt 1.000000 0.000000
vt 0.500000 1.000000
vt 0.000000 0.000000
vt 1.000000 0.000000
vt 0.000000 0.000000
vt 1.000000 0.000000
vt 1.000000 1.000000
vt 0.000000 1.000000
vt 0.000000 0.000000
vt 1.000000 0.000000
vt 1.000000 1.000000
vt 0.000000 1.000000
vt 0.500000 1.000000
vt 0.000000 0.000000
vt 1.000000 0.000000
vt 0.500000 1.000000
vt 0.000000 0.000000
vt 1.000000 0.000000
vt 0.000000 0.000000
vt 1.000000 0.000000
vt 1.000000 1.000000
vt 0.000000 1.000000
vt 0.000000 0.000000
vt 1.000000 0.000000
vt 1.000000 1.000000
vt 0.000000 1.000000
vt 0.500000 1.000000
vt 0.000000 0.000000
vt 1.000000 0.000000
s 1
usemtl models/caelum/world/environment/bark_city.png
f 1/1 2/2 3/3 4/4
f 5/5 6/6 7/7
f 8/8 9/9 10/10 11/11
f 12/12 13/13 14/14
f 15/15 16/16 17/17 18/18
f 19/19 20/20 21/21
f 22/22 23/23 24/24 25/25
f 26/26 27/27 28/28
f 29/29 30/30 31/31 32/32
f 33/33 34/34 35/35
f 36/36 37/37 38/38 39/39
f 40/40 41/41 42/42
f 43/43 44/44 45/45 46/46
f 47/47 48/48 49/49
f 50/50 51/51 52/52 53/53
f 54/54 55/55 56/56
f 57/57 58/58 59/59 60/60
f 61/61 62/62 63/63
f 64/64 65/65 66/66 67/67
f 68/68 69/69 70/70 71/71
f 72/72 73/73 74/74 75/75
f 76/76 77/77 78/78 79/79
f 80/80 81/81 82/82 83/83
f 84/84 85/85 86/86 87/87
f 88/88 89/89 90/90 91/91
f 92/92 93/93 94/94 95/95
f 96/96 97/97 98/98 99/99
f 100/100 101/101 102/102 103/103
f 104/104 105/105 106/106
f 107/107 108/108 109/109 110/110
f 111/111 112/112 113/113
f 114/114 115/115 116/116 117/117
f 118/118 119/119 120/120
f 121/121 122/122 123/123 124/124
f 125/125 126/126 127/127
f 128/128 129/129 130/130 131/131
f 132/132 133/133 134/134
f 135/135 136/136 137/137 138/138
f 139/139 140/140 141/141
f 142/142 143/143 144/144 145/145
f 146/146 147/147 148/148
f 149/149 150/150 151/151 152/152
f 153/153 154/154 155/155
f 156/156 157/157 158/158 159/159
f 160/160 161/161 162/162
f 163/163 164/164 165/165 166/166
f 167/167 168/168 169/169
f 170/170 171/171 172/172 173/173
f 174/174 175/175 176/176
f 177/177 178/178 179/179 180/180
f 181/181 182/182 183/183
f 184/184 185/185 186/186 187/187
f 188/188 189/189 190/190
f 191/191 192/192 193/193 194/194
f 195/195 196/196 197/197
f 198/198 199/199 200/200 201/201
f 202/202 203/203 204/204
f 205/205 206/206 207/207 208/208
f 209/209 210/210 211/211
f 212/212 213/213 214/214 215/215
f 216/216 217/217 218/218
f 219/219 220/220 221/221 222/222
f 223/223 224/224 225/225
f 226/226 227/227 228/228 229/229
f 230/230 231/231 232/232
f 233/233 234/234 235/235 236/236
f 237/237 238/238 239/239
f 240/240 241/241 242/242 243/243
f 244/244 245/245 246/246
f 247/247 248/248 249/249 250/250
f 251/251 252/252 253/253
f 254/254 255/255 256/256 257/257
f 258/258 259/259 260/260
f 261/261 262/262 263/263 264/264
f 265/265 266/266 267/267
f 268/268 269/269 270/270 271/271
f 272/272 273/273 274/274
f 275/275 276/276 277/277 278/278
f 279/279 280/280 281/281
f 282/282 283/283 284/284 285/285
f 286/286 287/287 288/288
f 289/289 290/290 291/291 292/292
f 293/293 294/294 295/295
f 296/296 297/297 298/298 299/299
f 300/300 301/301 302/302
f 303/303 304/304 305/305 306/306
f 307/307 308/308 309/309
f 310/310 311/311 312/312 313/313
f 314/314 315/315 316/316
f 317/317 318/318 319/319 320/320
f 321/321 322/322 323/323
f 324/324 325/325 326/326 327/327
f 328/328 329/329 330/330
f 331/331 332/332 333/333 334/334
f 335/335 336/336 337/337
f 338/338 339/339 340/340 341/341
f 342/342 343/343 344/344
f 345/345 346/346 347/347 348/348
f 349/349 350/350 351/351
f 352/352 353/353 354/354 355/355
f 356/356 357/357 358/358
f 359/359 360/360 361/361 362/362
f 363/363 364/364 365/365
f 366/366 367/367 368/368 369/369
f 370/370 371/371 372/372
f 373/373 374/374 375/375 376/376
f 377/377 378/378 379/379
f 380/380 381/381 382/382 383/383
f 384/384 385/385 386/386
f 387/387 388/388 389/389 390/390
f 391/391 392/392 393/393
f 394/394 395/395 396/396 397/397
f 398/398 399/399 400/400
f 401/401 402/402 403/403 404/404
f 405/405 406/406 407/407
f 408/408 409/409 410/410 411/411
f 412/412 413/413 414/414
f 415/415 416/416 417/417 418/418
f 419/419 420/420 421/421
f 422/422 423/423 424/424 425/425
f 426/426 427/427 428/428
f 429/429 430/430 431/431 432/432
f 433/433 434/434 435/435
f 436/436 437/437 438/438 439/439
f 440/440 441/441 442/442
f 443/443 444/444 445/445 446/446
f 447/447 448/448 449/449
f 450/450 451/451 452/452 453/453
f 454/454 455/455 456/456
f 457/457 458/458 459/459 460/460
f 461/461 462/462 463/463
f 464/464 465/465 466/466 467/467
f 468/468 469/469 470/470
f 471/471 472/472 473/473 474/474
f 475/475 476/476 477/477
f 478/478 479/479 480/480 481/481
f 482/482 483/483 484/484
f 485/485 486/486 487/487 488/488
f 489/489 490/490 491/491
f 492/492 493/493 494/494 495/495
f 496/496 497/497 498/498
f 499/499 500/500 501/501 502/502
f 503/503 504/504 505/505
f 506/506 507/507 508/508 509/509
f 510/510 511/511 512/512
f 513/513 514/514 515/515 516/516
f 517/517 518/518 519/519
f 520/520 521/521 522/522 523/523
f 524/524 525/525 526/526
f 527/527 528/528 529/529 530/530
f 531/531 532/532 533/533
f 534/534 535/535 536/536 537/537
f 538/538 539/539 540/540
f 541/541 542/542 543/543 544/544
f 545/545 546/546 547/547
f 548/548 549/549 550/550 551/551
f 552/552 553/553 554/554
f 555/555 556/556 557/557 558/558
f 559/559 560/560 561/561
f 562/562 563/563 564/564 565/565
f 566/566 567/567 568/568
f 569/569 570/570 571/571 572/572
f 573/573 574/574 575/575
f 576/576 577/577 578/578 579/579
f 580/580 581/581 582/582
f 583/583 584/584 585/585 586/586
f 587/587 588/588 589/589
f 590/590 591/591 592/592 593/593
f 594/594 595/595 596/596
f 597/597 598/598 599/599 600/600
f 601/601 602/602 603/603
f 604/604 605/605 606/606 607/607
f 608/608 609/609 610/610
f 611/611 612/612 613/613 614/614
f 615/615 616/616 617/617
f 618/618 619/619 620/620 621/621
f 622/622 623/623 624/624
f 625/625 626/626 627/627 628/628
f 629/629 630/630 631/631
f 632/632 633/633 634/634 635/635
f 636/636 637/637 638/638
f 639/639 640/640 641/641 642/642
f 643/643 644/644 645/645
f 646/646 647/647 648/648 649/649
f 650/650 651/651 652/652
f 653/653 654/654 655/655 656/656
f 657/657 658/658 659/659
f 660/660 661/661 662/662 663/663
f 664/664 665/665 666/666
f 667/667 668/668 669/669 670/670
f 671/671 672/672 673/673
f 674/674 675/675 676/676 677/677
f 678/678 679/679 680/680
f 681/681 682/682 683/683 684/684
f 685/685 686/686 687/687
f 688/688 689/689 690/690 691/691
f 692/692 693/693 694/694
f 695/695 696/696 697/697 698/698
f 699/699 700/700 701/701
f 702/702 703/703 704/704 705/705
f 706/706 707/707 708/708
f 709/709 710/710 711/711 712/712
f 713/713 714/714 715/715
f 716/716 717/717 718/718 719/719
f 720/720 721/721 722/722
f 723/723 724/724 725/725 726/726
f 727/727 728/728 729/729
f 730/730 731/731 732/732 733/733
f 734/734 735/735 736/736
f 737/737 738/738 739/739 740/740
f 741/741 742/742 743/743
f 744/744 745/745 746/746 747/747
f 748/748 749/749 750/750
f 751/751 752/752 753/753 754/754
f 755/755 756/756 757/757
f 758/758 759/759 760/760 761/761
f 762/762 763/763 764/764
f 765/765 766/766 767/767 768/768
f 769/769 770/770 771/771
f 772/772 773/773 774/774 775/775
f 776/776 777/777 778/778
f 779/779 780/780 781/781 782/782
f 783/783 784/784 785/785
f 786/786 787/787 788/788 789/789
f 790/790 791/791 792/792
f 793/793 794/794 795/795 796/796
f 797/797 798/798 799/799
f 800/800 801/801 802/802 803/803
f 804/804 805/805 806/806
f 807/807 808/808 809/809 810/810
f 811/811 812/812 813/813
f 814/814 815/815 816/816 817/817
f 818/818 819/819 820/820
f 821/821 822/822 823/823 824/824
f 825/825 826/826 827/827
f 828/828 829/829 830/830 831/831
f 832/832 833/833 834/834
f 835/835 836/836 837/837 838/838
f 839/839 840/840 841/841
f 842/842 843/843 844/844 845/845
f 846/846 847/847 848/848
f 849/849 850/850 851/851 852/852
f 853/853 854/854 855/855
f 856/856 857/857 858/858 859/859
f 860/860 861/861 862/862
f 863/863 864/864 865/865 866/866
f 867/867 868/868 869/869
f 870/870 871/871 872/872 873/873
f 874/874 875/875 876/876
f 877/877 878/878 879/879 880/880
f 881/881 882/882 883/883
f 884/884 885/885 886/886 887/887
f 888/888 889/889 890/890
f 891/891 892/892 893/893 894/894
f 895/895 896/896 897/897
f 898/898 899/899 900/900 901/901
f 902/902 903/903 904/904
f 905/905 906/906 907/907 908/908
f 909/909 910/910 911/911
f 912/912 913/913 914/914 915/915
f 916/916 917/917 918/918
f 919/919 920/920 921/921 922/922
f 923/923 924/924 925/925
f 926/926 927/927 928/928 929/929
f 930/930 931/931 932/932
f 933/933 934/934 935/935 936/936
f 937/937 938/938 939/939
f 940/940 941/941 942/942 943/943
f 944/944 945/945 946/946
f 947/947 948/948 949/949 950/950
f 951/951 952/952 953/953
f 954/954 955/955 956/956 957/957
f 958/958 959/959 960/960
f 961/961 962/962 963/963 964/964
f 965/965 966/966 967/967
f 968/968 969/969 970/970 971/971
f 972/972 973/973 974/974
f 975/975 976/976 977/977 978/978
f 979/979 980/980 981/981
f 982/982 983/983 984/984 985/985
f 986/986 987/987 988/988
f 989/989 990/990 991/991 992/992
f 993/993 994/994 995/995
f 996/996 997/997 998/998 999/999
f 1000/1000 1001/1001 1002/1002
f 1003/1003 1004/1004 1005/1005 1006/1006
f 1007/1007 1008/1008 1009/1009
f 1010/1010 1011/1011 1012/1012 1013/1013
f 1014/1014 1015/1015 1016/1016
f 1017/1017 1018/1018 1019/1019 1020/1020
f 1021/1021 1022/1022 1023/1023
f 1024/1024 1025/1025 1026/1026 1027/1027
f 1028/1028 1029/1029 1030/1030
f 1031/1031 1032/1032 1033/1033 1034/1034
f 1035/1035 1036/1036 1037/1037
f 1038/1038 1039/1039 1040/1040 1041/1041
f 1042/1042 1043/1043 1044/1044
f 1045/1045 1046/1046 1047/1047 1048/1048
f 1049/1049 1050/1050 1051/1051
f 1052/1052 1053/1053 1054/1054 1055/1055
f 1056/1056 1057/1057 1058/1058
f 1059/1059 1060/1060 1061/1061 1062/1062
f 1063/1063 1064/1064 1065/1065
f 1066/1066 1067/1067 1068/1068 1069/1069
f 1070/1070 1071/1071 1072/1072
f 1073/1073 1074/1074 1075/1075 1076/1076
f 1077/1077 1078/1078 1079/1079
f 1080/1080 1081/1081 1082/1082 1083/1083
f 1084/1084 1085/1085 1086/1086
f 1087/1087 1088/1088 1089/1089 1090/1090
f 1091/1091 1092/1092 1093/1093
f 1094/1094 1095/1095 1096/1096 1097/1097
f 1098/1098 1099/1099 1100/1100
f 1101/1101 1102/1102 1103/1103 1104/1104
f 1105/1105 1106/1106 1107/1107
f 1108/1108 1109/1109 1110/1110 1111/1111
f 1112/1112 1113/1113 1114/1114
f 1115/1115 1116/1116 1117/1117 1118/1118
f 1119/1119 1120/1120 1121/1121
f 1122/1122 1123/1123 1124/1124 1125/1125
f 1126/1126 1127/1127 1128/1128
f 1129/1129 1130/1130 1131/1131 1132/1132
f 1133/1133 1134/1134 1135/1135
f 1136/1136 1137/1137 1138/1138 1139/1139
f 1140/1140 1141/1141 1142/1142
f 1143/1143 1144/1144 1145/1145 1146/1146
f 1147/1147 1148/1148 1149/1149
f 1150/1150 1151/1151 1152/1152 1153/1153
f 1154/1154 1155/1155 1156/1156
f 1157/1157 1158/1158 1159/1159 1160/1160
f 1161/1161 1162/1162 1163/1163
f 1164/1164 1165/1165 1166/1166 1167/1167
f 1168/1168 1169/1169 1170/1170
usemtl models/caelum/world/environment/foliage_city_tipa.png
f 1171/1171 1172/1172 1173/1173
f 1174/1174 1175/1175 1176/1176 1177/1177
f 1178/1178 1179/1179 1180/1180 1181/1181
f 1182/1182 1183/1183 1184/1184
f 1185/1185 1186/1186 1187/1187
f 1188/1188 1189/1189 1190/1190 1191/1191
f 1192/1192 1193/1193 1194/1194 1195/1195
f 1196/1196 1197/1197 1198/1198
f 1199/1199 1200/1200 1201/1201
f 1202/1202 1203/1203 1204/1204 1205/1205
f 1206/1206 1207/1207 1208/1208 1209/1209
f 1210/1210 1211/1211 1212/1212
f 1213/1213 1214/1214 1215/1215
f 1216/1216 1217/1217 1218/1218 1219/1219
f 1220/1220 1221/1221 1222/1222 1223/1223
f 1224/1224 1225/1225 1226/1226
f 1227/1227 1228/1228 1229/1229
f 1230/1230 1231/1231 1232/1232 1233/1233
f 1234/1234 1235/1235 1236/1236 1237/1237
f 1238/1238 1239/1239 1240/1240
f 1241/1241 1242/1242 1243/1243
f 1244/1244 1245/1245 1246/1246 1247/1247
f 1248/1248 1249/1249 1250/1250 1251/1251
f 1252/1252 1253/1253 1254/1254
f 1255/1255 1256/1256 1257/1257
f 1258/1258 1259/1259 1260/1260 1261/1261
f 1262/1262 1263/1263 1264/1264 1265/1265
f 1266/1266 1267/1267 1268/1268
f 1269/1269 1270/1270 1271/1271
f 1272/1272 1273/1273 1274/1274 1275/1275
f 1276/1276 1277/1277 1278/1278 1279/1279
f 1280/1280 1281/1281 1282/1282
f 1283/1283 1284/1284 1285/1285
f 1286/1286 1287/1287 1288/1288 1289/1289
f 1290/1290 1291/1291 1292/1292 1293/1293
f 1294/1294 1295/1295 1296/1296
f 1297/1297 1298/1298 1299/1299
f 1300/1300 1301/1301 1302/1302 1303/1303
f 1304/1304 1305/1305 1306/1306 1307/1307
f 1308/1308 1309/1309 1310/1310
f 1311/1311 1312/1312 1313/1313
f 1314/1314 1315/1315 1316/1316 1317/1317
f 1318/1318 1319/1319 1320/1320 1321/1321
f 1322/1322 1323/1323 1324/1324
f 1325/1325 1326/1326 1327/1327
f 1328/1328 1329/1329 1330/1330 1331/1331
f 1332/1332 1333/1333 1334/1334 1335/1335
f 1336/1336 1337/1337 1338/1338
f 1339/1339 1340/1340 1341/1341
f 1342/1342 1343/1343 1344/1344 1345/1345
f 1346/1346 1347/1347 1348/1348 1349/1349
f 1350/1350 1351/1351 1352/1352
f 1353/1353 1354/1354 1355/1355
f 1356/1356 1357/1357 1358/1358 1359/1359
f 1360/1360 1361/1361 1362/1362 1363/1363
f 1364/1364 1365/1365 1366/1366
f 1367/1367 1368/1368 1369/1369
f 1370/1370 1371/1371 1372/1372 1373/1373
f 1374/1374 1375/1375 1376/1376 1377/1377
f 1378/1378 1379/1379 1380/1380
f 1381/1381 1382/1382 1383/1383
f 1384/1384 1385/1385 1386/1386 1387/1387
f 1388/1388 1389/1389 1390/1390 1391/1391
f 1392/1392 1393/1393 1394/1394
f 1395/1395 1396/1396 1397/1397
f 1398/1398 1399/1399 1400/1400 1401/1401
f 1402/1402 1403/1403 1404/1404 1405/1405
f 1406/1406 1407/1407 1408/1408
f 1409/1409 1410/1410 1411/1411
f 1412/1412 1413/1413 1414/1414 1415/1415
f 1416/1416 1417/1417 1418/1418 1419/1419
f 1420/1420 1421/1421 1422/1422
f 1423/1423 1424/1424 1425/1425
f 1426/1426 1427/1427 1428/1428 1429/1429
f 1430/1430 1431/1431 1432/1432 1433/1433
f 1434/1434 1435/1435 1436/1436
f 1437/1437 1438/1438 1439/1439
f 1440/1440 1441/1441 1442/1442 1443/1443
f 1444/1444 1445/1445 1446/1446 1447/1447
f 1448/1448 1449/1449 1450/1450
f 1451/1451 1452/1452 1453/1453
f 1454/1454 1455/1455 1456/1456 1457/1457
f 1458/1458 1459/1459 1460/1460 1461/1461
f 1462/1462 1463/1463 1464/1464
f 1465/1465 1466/1466 1467/1467
f 1468/1468 1469/1469 1470/1470 1471/1471
f 1472/1472 1473/1473 1474/1474 1475/1475
f 1476/1476 1477/1477 1478/1478
f 1479/1479 1480/1480 1481/1481
f 1482/1482 1483/1483 1484/1484 1485/1485
f 1486/1486 1487/1487 1488/1488 1489/1489
f 1490/1490 1491/1491 1492/1492
f 1493/1493 1494/1494 1495/1495
f 1496/1496 1497/1497 1498/1498 1499/1499
f 1500/1500 1501/1501 1502/1502 1503/1503
f 1504/1504 1505/1505 1506/1506
f 1507/1507 1508/1508 1509/1509
f 1510/1510 1511/1511 1512/1512 1513/1513
f 1514/1514 1515/1515 1516/1516 1517/1517
f 1518/1518 1519/1519 1520/1520
f 1521/1521 1522/1522 1523/1523
f 1524/1524 1525/1525 1526/1526 1527/1527
f 1528/1528 1529/1529 1530/1530 1531/1531
f 1532/1532 1533/1533 1534/1534
f 1535/1535 1536/1536 1537/1537
f 1538/1538 1539/1539 1540/1540 1541/1541
f 1542/1542 1543/1543 1544/1544 1545/1545
f 1546/1546 1547/1547 1548/1548
f 1549/1549 1550/1550 1551/1551
f 1552/1552 1553/1553 1554/1554 1555/1555
f 1556/1556 1557/1557 1558/1558 1559/1559
f 1560/1560 1561/1561 1562/1562
f 1563/1563 1564/1564 1565/1565
f 1566/1566 1567/1567 1568/1568 1569/1569
f 1570/1570 1571/1571 1572/1572 1573/1573
f 1574/1574 1575/1575 1576/1576
f 1577/1577 1578/1578 1579/1579
f 1580/1580 1581/1581 1582/1582 1583/1583
f 1584/1584 1585/1585 1586/1586 1587/1587
f 1588/1588 1589/1589 1590/1590
f 1591/1591 1592/1592 1593/1593
f 1594/1594 1595/1595 1596/1596 1597/1597
f 1598/1598 1599/1599 1600/1600 1601/1601
f 1602/1602 1603/1603 1604/1604
f 1605/1605 1606/1606 1607/1607
f 1608/1608 1609/1609 1610/1610 1611/1611
f 1612/1612 1613/1613 1614/1614 1615/1615
f 1616/1616 1617/1617 1618/1618
f 1619/1619 1620/1620 1621/1621
f 1622/1622 1623/1623 1624/1624 1625/1625
f 1626/1626 1627/1627 1628/1628 1629/1629
f 1630/1630 1631/1631 1632/1632
f 1633/1633 1634/1634 1635/1635
f 1636/1636 1637/1637 1638/1638 1639/1639
f 1640/1640 1641/1641 1642/1642 1643/1643
f 1644/1644 1645/1645 1646/1646
f 1647/1647 1648/1648 1649/1649
f 1650/1650 1651/1651 1652/1652 1653/1653
f 1654/1654 1655/1655 1656/1656 1657/1657
f 1658/1658 1659/1659 1660/1660
f 1661/1661 1662/1662 1663/1663
f 1664/1664 1665/1665 1666/1666 1667/1667
f 1668/1668 1669/1669 1670/1670 1671/1671
f 1672/1672 1673/1673 1674/1674
f 1675/1675 1676/1676 1677/1677
f 1678/1678 1679/1679 1680/1680 1681/1681
f 1682/1682 1683/1683 1684/1684 1685/1685
f 1686/1686 1687/1687 1688/1688
f 1689/1689 1690/1690 1691/1691
f 1692/1692 1693/1693 1694/1694 1695/1695
f 1696/1696 1697/1697 1698/1698 1699/1699
f 1700/1700 1701/1701 1702/1702
f 1703/1703 1704/1704 1705/1705
f 1706/1706 1707/1707 1708/1708 1709/1709
f 1710/1710 1711/1711 1712/1712 1713/1713
f 1714/1714 1715/1715 1716/1716
f 1717/1717 1718/1718 1719/1719
f 1720/1720 1721/1721 1722/1722 1723/1723
f 1724/1724 1725/1725 1726/1726 1727/1727
f 1728/1728 1729/1729 1730/1730
f 1731/1731 1732/1732 1733/1733
f 1734/1734 1735/1735 1736/1736 1737/1737
f 1738/1738 1739/1739 1740/1740 1741/1741
f 1742/1742 1743/1743 1744/1744
f 1745/1745 1746/1746 1747/1747
f 1748/1748 1749/1749 1750/1750 1751/1751
f 1752/1752 1753/1753 1754/1754 1755/1755
f 1756/1756 1757/1757 1758/1758
f 1759/1759 1760/1760 1761/1761
f 1762/1762 1763/1763 1764/1764 1765/1765
f 1766/1766 1767/1767 1768/1768 1769/1769
f 1770/1770 1771/1771 1772/1772
f 1773/1773 1774/1774 1775/1775
f 1776/1776 1777/1777 1778/1778 1779/1779
f 1780/1780 1781/1781 1782/1782 1783/1783
f 1784/1784 1785/1785 1786/1786
f 1787/1787 1788/1788 1789/1789
f 1790/1790 1791/1791 1792/1792 1793/1793
f 1794/1794 1795/1795 1796/1796 1797/1797
f 1798/1798 1799/1799 1800/1800
f 1801/1801 1802/1802 1803/1803
f 1804/1804 1805/1805 1806/1806 1807/1807
f 1808/1808 1809/1809 1810/1810 1811/1811
f 1812/1812 1813/1813 1814/1814
f 1815/1815 1816/1816 1817/1817
f 1818/1818 1819/1819 1820/1820 1821/1821
f 1822/1822 1823/1823 1824/1824 1825/1825
f 1826/1826 1827/1827 1828/1828
f 1829/1829 1830/1830 1831/1831
f 1832/1832 1833/1833 1834/1834 1835/1835
f 1836/1836 1837/1837 1838/1838 1839/1839
f 1840/1840 1841/1841 1842/1842
f 1843/1843 1844/1844 1845/1845
f 1846/1846 1847/1847 1848/1848 1849/1849
f 1850/1850 1851/1851 1852/1852 1853/1853
f 1854/1854 1855/1855 1856/1856
f 1857/1857 1858/1858 1859/1859
f 1860/1860 1861/1861 1862/1862 1863/1863
f 1864/1864 1865/1865 1866/1866 1867/1867
f 1868/1868 1869/1869 1870/1870
f 1871/1871 1872/1872 1873/1873
f 1874/1874 1875/1875 1876/1876 1877/1877
f 1878/1878 1879/1879 1880/1880 1881/1881
f 1882/1882 1883/1883 1884/1884
f 1885/1885 1886/1886 1887/1887
f 1888/1888 1889/1889 1890/1890 1891/1891
f 1892/1892 1893/1893 1894/1894 1895/1895
f 1896/1896 1897/1897 1898/1898
f 1899/1899 1900/1900 1901/1901
f 1902/1902 1903/1903 1904/1904 1905/1905
f 1906/1906 1907/1907 1908/1908 1909/1909
f 1910/1910 1911/1911 1912/1912
f 1913/1913 1914/1914 1915/1915
f 1916/1916 1917/1917 1918/1918 1919/1919
f 1920/1920 1921/1921 1922/1922 1923/1923
f 1924/1924 1925/1925 1926/1926
f 1927/1927 1928/1928 1929/1929
f 1930/1930 1931/1931 1932/1932 1933/1933
f 1934/1934 1935/1935 1936/1936 1937/1937
f 1938/1938 1939/1939 1940/1940
f 1941/1941 1942/1942 1943/1943
f 1944/1944 1945/1945 1946/1946 1947/1947
f 1948/1948 1949/1949 1950/1950 1951/1951
f 1952/1952 1953/1953 1954/1954
f 1955/1955 1956/1956 1957/1957
f 1958/1958 1959/1959 1960/1960 1961/1961
f 1962/1962 1963/1963 1964/1964 1965/1965
f 1966/1966 1967/1967 1968/1968
f 1969/1969 1970/1970 1971/1971
f 1972/1972 1973/1973 1974/1974 1975/1975
f 1976/1976 1977/1977 1978/1978 1979/1979
f 1980/1980 1981/1981 1982/1982
f 1983/1983 1984/1984 1985/1985
f 1986/1986 1987/1987 1988/1988 1989/1989
f 1990/1990 1991/1991 1992/1992 1993/1993
f 1994/1994 1995/1995 1996/1996
f 1997/1997 1998/1998 1999/1999
f 2000/2000 2001/2001 2002/2002 2003/2003
f 2004/2004 2005/2005 2006/2006 2007/2007
f 2008/2008 2009/2009 2010/2010
f 2011/2011 2012/2012 2013/2013
f 2014/2014 2015/2015 2016/2016 2017/2017
f 2018/2018 2019/2019 2020/2020 2021/2021
f 2022/2022 2023/2023 2024/2024
f 2025/2025 2026/2026 2027/2027
f 2028/2028 2029/2029 2030/2030 2031/2031
f 2032/2032 2033/2033 2034/2034 2035/2035
f 2036/2036 2037/2037 2038/2038
f 2039/2039 2040/2040 2041/2041
f 2042/2042 2043/2043 2044/2044 2045/2045
f 2046/2046 2047/2047 2048/2048 2049/2049
f 2050/2050 2051/2051 2052/2052
f 2053/2053 2054/2054 2055/2055
f 2056/2056 2057/2057 2058/2058 2059/2059
f 2060/2060 2061/2061 2062/2062 2063/2063
f 2064/2064 2065/2065 2066/2066
f 2067/2067 2068/2068 2069/2069
f 2070/2070 2071/2071 2072/2072 2073/2073
f 2074/2074 2075/2075 2076/2076 2077/2077
f 2078/2078 2079/2079 2080/2080
f 2081/2081 2082/2082 2083/2083
f 2084/2084 2085/2085 2086/2086 2087/2087
f 2088/2088 2089/2089 2090/2090 2091/2091
f 2092/2092 2093/2093 2094/2094
f 2095/2095 2096/2096 2097/2097
f 2098/2098 2099/2099 2100/2100 2101/2101
f 2102/2102 2103/2103 2104/2104 2105/2105
f 2106/2106 2107/2107 2108/2108
f 2109/2109 2110/2110 2111/2111
f 2112/2112 2113/2113 2114/2114 2115/2115
f 2116/2116 2117/2117 2118/2118 2119/2119
f 2120/2120 2121/2121 2122/2122
f 2123/2123 2124/2124 2125/2125
f 2126/2126 2127/2127 2128/2128 2129/2129
f 2130/2130 2131/2131 2132/2132 2133/2133
f 2134/2134 2135/2135 2136/2136
f 2137/2137 2138/2138 2139/2139
f 2140/2140 2141/2141 2142/2142 2143/2143
f 2144/2144 2145/2145 2146/2146 2147/2147
f 2148/2148 2149/2149 2150/2150
f 2151/2151 2152/2152 2153/2153
f 2154/2154 2155/2155 2156/2156 2157/2157
f 2158/2158 2159/2159 2160/2160 2161/2161
f 2162/2162 2163/2163 2164/2164
f 2165/2165 2166/2166 2167/2167
f 2168/2168 2169/2169 2170/2170 2171/2171
f 2172/2172 2173/2173 2174/2174 2175/2175
f 2176/2176 2177/2177 2178/2178
f 2179/2179 2180/2180 2181/2181
f 2182/2182 2183/2183 2184/2184 2185/2185
f 2186/2186 2187/2187 2188/2188 2189/2189
f 2190/2190 2191/2191 2192/2192
f 2193/2193 2194/2194 2195/2195
f 2196/2196 2197/2197 2198/2198 2199/2199
f 2200/2200 2201/2201 2202/2202 2203/2203
f 2204/2204 2205/2205 2206/2206
f 2207/2207 2208/2208 2209/2209
f 2210/2210 2211/2211 2212/2212 2213/2213
f 2214/2214 2215/2215 2216/2216 2217/2217
f 2218/2218 2219/2219 2220/2220
f 2221/2221 2222/2222 2223/2223
f 2224/2224 2225/2225 2226/2226 2227/2227
f 2228/2228 2229/2229 2230/2230 2231/2231
f 2232/2232 2233/2233 2234/2234
f 2235/2235 2236/2236 2237/2237
f 2238/2238 2239/2239 2240/2240 2241/2241
f 2242/2242 2243/2243 2244/2244 2245/2245
f 2246/2246 2247/2247 2248/2248
f 2249/2249 2250/2250 2251/2251
f 2252/2252 2253/2253 2254/2254 2255/2255
f 2256/2256 2257/2257 2258/2258 2259/2259
f 2260/2260 2261/2261 2262/2262
f 2263/2263 2264/2264 2265/2265
f 2266/2266 2267/2267 2268/2268 2269/2269
f 2270/2270 2271/2271 2272/2272 2273/2273
f 2274/2274 2275/2275 2276/2276
f 2277/2277 2278/2278 2279/2279
f 2280/2280 2281/2281 2282/2282 2283/2283
f 2284/2284 2285/2285 2286/2286 2287/2287
f 2288/2288 2289/2289 2290/2290
f 2291/2291 2292/2292 2293/2293
f 2294/2294 2295/2295 2296/2296 2297/2297
f 2298/2298 2299/2299 2300/2300 2301/2301
f 2302/2302 2303/2303 2304/2304
f 2305/2305 2306/2306 2307/2307
f 2308/2308 2309/2309 2310/2310 2311/2311
f 2312/2312 2313/2313 2314/2314 2315/2315
f 2316/2316 2317/2317 2318/2318
f 2319/2319 2320/2320 2321/2321
f 2322/2322 2323/2323 2324/2324 2325/2325
f 2326/2326 2327/2327 2328/2328 2329/2329
f 2330/2330 2331/2331 2332/2332
f 2333/2333 2334/2334 2335/2335
f 2336/2336 2337/2337 2338/2338 2339/2339
f 2340/2340 2341/2341 2342/2342 2343/2343
f 2344/2344 2345/2345 2346/2346
f 2347/2347 2348/2348 2349/2349
f 2350/2350 2351/2351 2352/2352 2353/2353
f 2354/2354 2355/2355 2356/2356 2357/2357
f 2358/2358 2359/2359 2360/2360
f 2361/2361 2362/2362 2363/2363
f 2364/2364 2365/2365 2366/2366 2367/2367
f 2368/2368 2369/2369 2370/2370 2371/2371
f 2372/2372 2373/2373 2374/2374
f 2375/2375 2376/2376 2377/2377
f 2378/2378 2379/2379 2380/2380 2381/2381
f 2382/2382 2383/2383 2384/2384 2385/2385
f 2386/2386 2387/2387 2388/2388
f 2389/2389 2390/2390 2391/2391
f 2392/2392 2393/2393 2394/2394 2395/2395
f 2396/2396 2397/2397 2398/2398 2399/2399
f 2400/2400 2401/2401 2402/2402
f 2403/2403 2404/2404 2405/2405
f 2406/2406 2407/2407 2408/2408 2409/2409
f 2410/2410 2411/2411 2412/2412 2413/2413
f 2414/2414 2415/2415 2416/2416
f 2417/2417 2418/2418 2419/2419
f 2420/2420 2421/2421 2422/2422 2423/2423
f 2424/2424 2425/2425 2426/2426 2427/2427
f 2428/2428 2429/2429 2430/2430
f 2431/2431 2432/2432 2433/2433
f 2434/2434 2435/2435 2436/2436 2437/2437
f 2438/2438 2439/2439 2440/2440 2441/2441
f 2442/2442 2443/2443 2444/2444
f 2445/2445 2446/2446 2447/2447
f 2448/2448 2449/2449 2450/2450 2451/2451
f 2452/2452 2453/2453 2454/2454 2455/2455
f 2456/2456 2457/2457 2458/2458
f 2459/2459 2460/2460 2461/2461
f 2462/2462 2463/2463 2464/2464 2465/2465
f 2466/2466 2467/2467 2468/2468 2469/2469
f 2470/2470 2471/2471 2472/2472
f 2473/2473 2474/2474 2475/2475
f 2476/2476 2477/2477 2478/2478 2479/2479
f 2480/2480 2481/2481 2482/2482 2483/2483
f 2484/2484 2485/2485 2486/2486
f 2487/2487 2488/2488 2489/2489
f 2490/2490 2491/2491 2492/2492 2493/2493
f 2494/2494 2495/2495 2496/2496 2497/2497
f 2498/2498 2499/2499 2500/2500
f 2501/2501 2502/2502 2503/2503
f 2504/2504 2505/2505 2506/2506 2507/2507
f 2508/2508 2509/2509 2510/2510 2511/2511
f 2512/2512 2513/2513 2514/2514
f 2515/2515 2516/2516 2517/2517
f 2518/2518 2519/2519 2520/2520 2521/2521
f 2522/2522 2523/2523 2524/2524 2525/2525
f 2526/2526 2527/2527 2528/2528
f 2529/2529 2530/2530 2531/2531
f 2532/2532 2533/2533 2534/2534 2535/2535
f 2536/2536 2537/2537 2538/2538 2539/2539
f 2540/2540 2541/2541 2542/2542
f 2543/2543 2544/2544 2545/2545
f 2546/2546 2547/2547 2548/2548 2549/2549
f 2550/2550 2551/2551 2552/2552 2553/2553
f 2554/2554 2555/2555 2556/2556
f 2557/2557 2558/2558 2559/2559
f 2560/2560 2561/2561 2562/2562 2563/2563
f 2564/2564 2565/2565 2566/2566 2567/2567
f 2568/2568 2569/2569 2570/2570
f 2571/2571 2572/2572 2573/2573
f 2574/2574 2575/2575 2576/2576 2577/2577
f 2578/2578 2579/2579 2580/2580 2581/2581
f 2582/2582 2583/2583 2584/2584
f 2585/2585 2586/2586 2587/2587
f 2588/2588 2589/2589 2590/2590 2591/2591
f 2592/2592 2593/2593 2594/2594 2595/2595
f 2596/2596 2597/2597 2598/2598
f 2599/2599 2600/2600 2601/2601
f 2602/2602 2603/2603 2604/2604 2605/2605
f 2606/2606 2607/2607 2608/2608 2609/2609
f 2610/2610 2611/2611 2612/2612
f 2613/2613 2614/2614 2615/2615
f 2616/2616 2617/2617 2618/2618 2619/2619
f 2620/2620 2621/2621 2622/2622 2623/2623
f 2624/2624 2625/2625 2626/2626
f 2627/2627 2628/2628 2629/2629
f 2630/2630 2631/2631 2632/2632 2633/2633
f 2634/2634 2635/2635 2636/2636 2637/2637
f 2638/2638 2639/2639 2640/2640
f 2641/2641 2642/2642 2643/2643
f 2644/2644 2645/2645 2646/2646 2647/2647
f 2648/2648 2649/2649 2650/2650 2651/2651
f 2652/2652 2653/2653 2654/2654
f 2655/2655 2656/2656 2657/2657
f 2658/2658 2659/2659 2660/2660 2661/2661
f 2662/2662 2663/2663 2664/2664 2665/2665
f 2666/2666 2667/2667 2668/2668
f 2669/2669 2670/2670 2671/2671
f 2672/2672 2673/2673 2674/2674 2675/2675
f 2676/2676 2677/2677 2678/2678 2679/2679
f 2680/2680 2681/2681 2682/2682
f 2683/2683 2684/2684 2685/2685
f 2686/2686 2687/2687 2688/2688 2689/2689
f 2690/2690 2691/2691 2692/2692 2693/2693
f 2694/2694 2695/2695 2696/2696
f 2697/2697 2698/2698 2699/2699
f 2700/2700 2701/2701 2702/2702 2703/2703
f 2704/2704 2705/2705 2706/2706 2707/2707
f 2708/2708 2709/2709 2710/2710
f 2711/2711 2712/2712 2713/2713
f 2714/2714 2715/2715 2716/2716 2717/2717
f 2718/2718 2719/2719 2720/2720 2721/2721
f 2722/2722 2723/2723 2724/2724
f 2725/2725 2726/2726 2727/2727
f 2728/2728 2729/2729 2730/2730 2731/2731
f 2732/2732 2733/2733 2734/2734 2735/2735
f 2736/2736 2737/2737 2738/2738
