# Modelo original generado para Caelum Argenteum.
# Ejes OBJ: X ancho, Y altura, Z profundidad.
o ca_tree_city_jacaranda
v 0.000000 0.000000 -11.000000
v -7.070664 0.000000 -8.426489
v -4.878758 54.880000 -5.814277
v 0.000000 54.880000 -7.590000
v 0.000000 0.000000 0.000000
v -7.070664 0.000000 -8.426489
v 0.000000 0.000000 -11.000000
v -7.070664 0.000000 -8.426489
v -10.832885 0.000000 -1.910130
v -7.474691 54.880000 -1.317990
v -4.878758 54.880000 -5.814277
v 0.000000 0.000000 0.000000
v -10.832885 0.000000 -1.910130
v -7.070664 0.000000 -8.426489
v -10.832885 0.000000 -1.910130
v -9.526279 0.000000 5.500000
v -6.573133 54.880000 3.795000
v -7.474691 54.880000 -1.317990
v 0.000000 0.000000 0.000000
v -9.526279 0.000000 5.500000
v -10.832885 0.000000 -1.910130
v -9.526279 0.000000 5.500000
v -3.762222 0.000000 10.336619
v -2.595933 54.880000 7.132267
v -6.573133 54.880000 3.795000
v 0.000000 0.000000 0.000000
v -3.762222 0.000000 10.336619
v -9.526279 0.000000 5.500000
v -3.762222 0.000000 10.336619
v 3.762222 0.000000 10.336619
v 2.595933 54.880000 7.132267
v -2.595933 54.880000 7.132267
v 0.000000 0.000000 0.000000
v 3.762222 0.000000 10.336619
v -3.762222 0.000000 10.336619
v 3.762222 0.000000 10.336619
v 9.526279 0.000000 5.500000
v 6.573133 54.880000 3.795000
v 2.595933 54.880000 7.132267
v 0.000000 0.000000 0.000000
v 9.526279 0.000000 5.500000
v 3.762222 0.000000 10.336619
v 9.526279 0.000000 5.500000
v 10.832885 0.000000 -1.910130
v 7.474691 54.880000 -1.317990
v 6.573133 54.880000 3.795000
v 0.000000 0.000000 0.000000
v 10.832885 0.000000 -1.910130
v 9.526279 0.000000 5.500000
v 10.832885 0.000000 -1.910130
v 7.070664 0.000000 -8.426489
v 4.878758 54.880000 -5.814277
v 7.474691 54.880000 -1.317990
v 0.000000 0.000000 0.000000
v 7.070664 0.000000 -8.426489
v 10.832885 0.000000 -1.910130
v 7.070664 0.000000 -8.426489
v 0.000000 0.000000 -11.000000
v 0.000000 54.880000 -7.590000
v 4.878758 54.880000 -5.814277
v 0.000000 0.000000 0.000000
v 0.000000 0.000000 -11.000000
v 7.070664 0.000000 -8.426489
v -0.908616 54.880000 -7.535418
v -5.539713 54.880000 -5.188418
v -3.050856 101.920000 -2.857390
v -0.500397 101.920000 -4.149940
v -5.539713 54.880000 -5.188418
v -7.578717 54.880000 -0.413700
v -4.173786 101.920000 -0.227835
v -3.050856 101.920000 -2.857390
v -7.578717 54.880000 -0.413700
v -6.071555 54.880000 4.554593
v -3.343755 101.920000 2.508327
v -4.173786 101.920000 -0.227835
v -6.071555 54.880000 4.554593
v -1.723445 54.880000 7.391741
v -0.949144 101.920000 4.070814
v -3.343755 101.920000 2.508327
v -1.723445 54.880000 7.391741
v 3.431084 54.880000 6.770211
v 1.889583 101.920000 3.728522
v -0.949144 101.920000 4.070814
v 3.431084 54.880000 6.770211
v 6.980171 54.880000 2.980825
v 3.844152 101.920000 1.641614
v 1.889583 101.920000 3.728522
v 6.980171 54.880000 2.980825
v 7.263158 54.880000 -2.203323
v 4.000000 101.920000 -1.213424
v 3.844152 101.920000 1.641614
v 7.263158 54.880000 -2.203323
v 4.147633 54.880000 -6.356512
v 2.284204 101.920000 -3.500688
v 4.000000 101.920000 -1.213424
v 4.147633 54.880000 -6.356512
v -0.908616 54.880000 -7.535418
v -0.500397 101.920000 -4.149940
v 2.284204 101.920000 -3.500688
v -0.993597 101.920000 -4.060193
v -3.370981 101.920000 -2.471616
v -0.620970 137.200000 -0.455298
v -0.183031 137.200000 -0.747930
v 0.000000 137.200000 0.000000
v -0.183031 137.200000 -0.747930
v -0.620970 137.200000 -0.455298
v -3.370981 101.920000 -2.471616
v -4.171046 101.920000 0.273457
v -0.768351 137.200000 0.050374
v -0.620970 137.200000 -0.455298
v 0.000000 137.200000 0.000000
v -0.620970 137.200000 -0.455298
v -0.768351 137.200000 0.050374
v -4.171046 101.920000 0.273457
v -3.019432 101.920000 2.890577
v -0.556211 137.200000 0.532475
v -0.768351 137.200000 0.050374
v 0.000000 137.200000 0.000000
v -0.768351 137.200000 0.050374
v -0.556211 137.200000 0.532475
v -3.019432 101.920000 2.890577
v -0.454992 101.920000 4.155163
v -0.083814 137.200000 0.765425
v -0.556211 137.200000 0.532475
v 0.000000 137.200000 0.000000
v -0.556211 137.200000 0.532475
v -0.083814 137.200000 0.765425
v -0.454992 101.920000 4.155163
v 2.322343 101.920000 3.475503
v 0.427800 137.200000 0.640224
v -0.083814 137.200000 0.765425
v 0.000000 137.200000 0.000000
v -0.083814 137.200000 0.765425
v 0.427800 137.200000 0.640224
v 2.322343 101.920000 3.475503
v 4.013029 101.920000 1.169616
v 0.739242 137.200000 0.215456
v 0.427800 137.200000 0.640224
v 0.000000 137.200000 0.000000
v 0.427800 137.200000 0.640224
v 0.739242 137.200000 0.215456
v 4.013029 101.920000 1.169616
v 3.825973 101.920000 -1.683547
v 0.704784 137.200000 -0.310127
v 0.739242 137.200000 0.215456
v 0.000000 137.200000 0.000000
v 0.739242 137.200000 0.215456
v 0.704784 137.200000 -0.310127
v 3.825973 101.920000 -1.683547
v 1.848702 101.920000 -3.748960
v 0.340550 137.200000 -0.690598
v 0.704784 137.200000 -0.310127
v 0.000000 137.200000 0.000000
v 0.704784 137.200000 -0.310127
v 0.340550 137.200000 -0.690598
v 1.848702 101.920000 -3.748960
v -0.993597 101.920000 -4.060193
v -0.183031 137.200000 -0.747930
v 0.340550 137.200000 -0.690598
v 0.000000 137.200000 0.000000
v 0.340550 137.200000 -0.690598
v -0.183031 137.200000 -0.747930
v 0.000000 111.868300 -2.713993
v -1.802234 113.499595 -1.485412
v 19.039828 135.800948 -2.485640
v 19.670610 135.229994 -2.915643
v 0.000000 112.098136 0.000000
v -1.802234 113.499595 -1.485412
v 0.000000 111.868300 -2.713993
v -1.802234 113.499595 -1.485412
v -1.802234 113.729431 1.228581
v 19.039828 135.881390 -1.535742
v 19.039828 135.800948 -2.485640
v 0.000000 112.098136 0.000000
v -1.802234 113.729431 1.228581
v -1.802234 113.499595 -1.485412
v -1.802234 113.729431 1.228581
v -0.000000 112.327971 2.713993
v 19.670610 135.390880 -1.015848
v 19.039828 135.881390 -1.535742
v 0.000000 112.098136 0.000000
v -0.000000 112.327971 2.713993
v -1.802234 113.729431 1.228581
v -0.000000 112.327971 2.713993
v 1.802234 110.696676 1.485412
v 20.301392 134.819926 -1.445852
v 19.670610 135.390880 -1.015848
v 0.000000 112.098136 0.000000
v 1.802234 110.696676 1.485412
v -0.000000 112.327971 2.713993
v 1.802234 110.696676 1.485412
v 1.802234 110.466840 -1.228581
v 20.301392 134.739484 -2.395749
v 20.301392 134.819926 -1.445852
v 0.000000 112.098136 0.000000
v 1.802234 110.466840 -1.228581
v 1.802234 110.696676 1.485412
v 1.802234 110.466840 -1.228581
v 0.000000 111.868300 -2.713993
v 19.670610 135.229994 -2.915643
v 20.301392 134.739484 -2.395749
v 0.000000 112.098136 0.000000
v 0.000000 111.868300 -2.713993
v 1.802234 110.466840 -1.228581
v 19.584230 135.303078 -2.915093
v 19.007023 135.848938 -2.388173
v 41.549226 159.438114 -3.733223
v 41.054477 159.905994 -3.281578
v 40.980437 159.899686 -4.095304
v 41.054477 159.905994 -3.281578
v 41.549226 159.438114 -3.733223
v 19.007023 135.848938 -2.388173
v 19.093403 135.856297 -1.438826
v 41.475186 159.431806 -4.546950
v 41.549226 159.438114 -3.733223
v 40.980437 159.899686 -4.095304
v 41.549226 159.438114 -3.733223
v 41.475186 159.431806 -4.546950
v 19.093403 135.856297 -1.438826
v 19.756990 135.317796 -1.016398
v 40.906397 159.893378 -4.909030
v 41.475186 159.431806 -4.546950
v 40.980437 159.899686 -4.095304
v 41.475186 159.431806 -4.546950
v 40.906397 159.893378 -4.909030
v 19.756990 135.317796 -1.016398
v 20.334197 134.771936 -1.543318
v 40.411648 160.361259 -4.457385
v 40.906397 159.893378 -4.909030
v 40.980437 159.899686 -4.095304
v 40.906397 159.893378 -4.909030
v 40.411648 160.361259 -4.457385
v 20.334197 134.771936 -1.543318
v 20.247817 134.764577 -2.492666
v 40.485688 160.367566 -3.643658
v 40.411648 160.361259 -4.457385
v 40.980437 159.899686 -4.095304
v 40.411648 160.361259 -4.457385
v 40.485688 160.367566 -3.643658
v 20.247817 134.764577 -2.492666
v 19.584230 135.303078 -2.915093
v 41.054477 159.905994 -3.281578
v 40.485688 160.367566 -3.643658
v 40.980437 159.899686 -4.095304
v 40.485688 160.367566 -3.643658
v 41.054477 159.905994 -3.281578
v 0.000000 114.466561 -2.573700
v -2.040357 115.148467 -0.947818
v 16.383266 143.490002 8.832250
v 17.097391 143.251335 8.263191
v 0.000000 113.661816 0.000000
v -2.040357 115.148467 -0.947818
v 0.000000 114.466561 -2.573700
v -2.040357 115.148467 -0.947818
v -2.040357 114.343722 1.625883
v 16.383266 143.208341 9.733045
v 16.383266 143.490002 8.832250
v 0.000000 113.661816 0.000000
v -2.040357 114.343722 1.625883
v -2.040357 115.148467 -0.947818
v -2.040357 114.343722 1.625883
v -0.000000 112.857071 2.573700
v 17.097391 142.688013 10.064781
v 16.383266 143.208341 9.733045
v 0.000000 113.661816 0.000000
v -0.000000 112.857071 2.573700
v -2.040357 114.343722 1.625883
v -0.000000 112.857071 2.573700
v 2.040357 112.175165 0.947818
v 17.811516 142.449346 9.495722
v 17.097391 142.688013 10.064781
v 0.000000 113.661816 0.000000
v 2.040357 112.175165 0.947818
v -0.000000 112.857071 2.573700
v 2.040357 112.175165 0.947818
v 2.040357 112.979910 -1.625883
v 17.811516 142.731007 8.594927
v 17.811516 142.449346 9.495722
v 0.000000 113.661816 0.000000
v 2.040357 112.979910 -1.625883
v 2.040357 112.175165 0.947818
v 2.040357 112.979910 -1.625883
v 0.000000 114.466561 -2.573700
v 17.097391 143.251335 8.263191
v 17.811516 142.731007 8.594927
v 0.000000 113.661816 0.000000
v 0.000000 114.466561 -2.573700
v 2.040357 112.979910 -1.625883
v 16.998310 143.296826 8.284260
v 16.336234 143.477303 8.932216
v 36.271984 174.840059 19.290298
v 35.704490 174.994753 19.845690
v 35.619564 175.275169 19.091638
v 35.704490 174.994753 19.845690
v 36.271984 174.840059 19.290298
v 16.336234 143.477303 8.932216
v 16.435315 143.150151 9.811943
v 36.187058 175.120475 18.536247
v 36.271984 174.840059 19.290298
v 35.619564 175.275169 19.091638
v 36.271984 174.840059 19.290298
v 36.187058 175.120475 18.536247
v 16.435315 143.150151 9.811943
v 17.196471 142.642522 10.043713
v 35.534638 175.555585 18.337587
v 36.187058 175.120475 18.536247
v 35.619564 175.275169 19.091638
v 36.187058 175.120475 18.536247
v 35.534638 175.555585 18.337587
v 17.196471 142.642522 10.043713
v 17.858548 142.462045 9.395757
v 34.967144 175.710280 18.892978
v 35.534638 175.555585 18.337587
v 35.619564 175.275169 19.091638
v 35.534638 175.555585 18.337587
v 34.967144 175.710280 18.892978
v 17.858548 142.462045 9.395757
v 17.759467 142.789197 8.516030
v 35.052070 175.429864 19.647029
v 34.967144 175.710280 18.892978
v 35.619564 175.275169 19.091638
v 34.967144 175.710280 18.892978
v 35.052070 175.429864 19.647029
v 17.759467 142.789197 8.516030
v 16.998310 143.296826 8.284260
v 35.704490 174.994753 19.845690
v 35.052070 175.429864 19.647029
v 35.619564 175.275169 19.091638
v 35.052070 175.429864 19.647029
v 35.704490 174.994753 19.845690
v 0.000000 106.115017 -1.668466
v -1.748971 105.949497 -0.395608
v 9.618411 125.208121 16.526391
v 10.230550 125.266053 16.080891
v 0.000000 104.728407 0.000000
v -1.748971 105.949497 -0.395608
v 0.000000 106.115017 -1.668466
v -1.748971 105.949497 -0.395608
v -1.748971 104.562888 1.272858
v 9.618411 124.722808 17.110354
v 9.618411 125.208121 16.526391
v 0.000000 104.728407 0.000000
v -1.748971 104.562888 1.272858
v -1.748971 105.949497 -0.395608
v -1.748971 104.562888 1.272858
v -0.000000 103.341798 1.668466
v 10.230550 124.295427 17.248817
v 9.618411 124.722808 17.110354
v 0.000000 104.728407 0.000000
v -0.000000 103.341798 1.668466
v -1.748971 104.562888 1.272858
v -0.000000 103.341798 1.668466
v 1.748971 103.507318 0.395608
v 10.842690 124.353359 16.803317
v 10.230550 124.295427 17.248817
v 0.000000 104.728407 0.000000
v 1.748971 103.507318 0.395608
v -0.000000 103.341798 1.668466
v 1.748971 103.507318 0.395608
v 1.748971 104.893927 -1.272858
v 10.842690 124.838672 16.219354
v 10.842690 124.353359 16.803317
v 0.000000 104.728407 0.000000
v 1.748971 104.893927 -1.272858
v 1.748971 103.507318 0.395608
v 1.748971 104.893927 -1.272858
v 0.000000 106.115017 -1.668466
v 10.230550 125.266053 16.080891
v 10.842690 124.838672 16.219354
v 0.000000 104.728407 0.000000
v 0.000000 106.115017 -1.668466
v 1.748971 104.893927 -1.272858
v 10.146289 125.303227 16.120382
v 9.583233 125.174256 16.613208
v 21.868490 145.044062 34.762714
v 21.385871 144.933516 35.185136
v 21.313647 145.381362 34.718446
v 21.385871 144.933516 35.185136
v 21.868490 145.044062 34.762714
v 9.583233 125.174256 16.613208
v 9.667495 124.651769 17.157680
v 21.796266 145.491908 34.296024
v 21.868490 145.044062 34.762714
v 21.313647 145.381362 34.718446
v 21.868490 145.044062 34.762714
v 21.796266 145.491908 34.296024
v 9.667495 124.651769 17.157680
v 10.314812 124.258253 17.209326
v 21.241422 145.829208 34.251756
v 21.796266 145.491908 34.296024
v 21.313647 145.381362 34.718446
v 21.796266 145.491908 34.296024
v 21.241422 145.829208 34.251756
v 10.314812 124.258253 17.209326
v 10.877868 124.387224 16.716500
v 20.758803 145.718661 34.674178
v 21.241422 145.829208 34.251756
v 21.313647 145.381362 34.718446
v 21.241422 145.829208 34.251756
v 20.758803 145.718661 34.674178
v 10.877868 124.387224 16.716500
v 10.793606 124.909711 16.172028
v 20.831028 145.270816 35.140868
v 20.758803 145.718661 34.674178
v 21.313647 145.381362 34.718446
v 20.758803 145.718661 34.674178
v 20.831028 145.270816 35.140868
v 10.793606 124.909711 16.172028
v 10.146289 125.303227 16.120382
v 21.385871 144.933516 35.185136
v 20.831028 145.270816 35.140868
v 21.313647 145.381362 34.718446
v 20.831028 145.270816 35.140868
v 21.385871 144.933516 35.185136
v 0.000000 98.096857 -2.050880
v -2.470255 96.996545 -1.127757
v -3.711673 130.771345 32.933353
v -2.847084 131.156454 32.610260
v 0.000000 96.107160 0.000000
v -2.470255 96.996545 -1.127757
v 0.000000 98.096857 -2.050880
v -2.470255 96.996545 -1.127757
v -2.470255 95.006848 0.923123
v -3.711673 130.074951 33.651161
v -3.711673 130.771345 32.933353
v 0.000000 96.107160 0.000000
v -2.470255 95.006848 0.923123
v -2.470255 96.996545 -1.127757
v -2.470255 95.006848 0.923123
v -0.000000 94.117463 2.050880
v -2.847084 129.763666 34.045876
v -3.711673 130.074951 33.651161
v 0.000000 96.107160 0.000000
v -0.000000 94.117463 2.050880
v -2.470255 95.006848 0.923123
v -0.000000 94.117463 2.050880
v 2.470255 95.217775 1.127757
v -1.982495 130.148775 33.722783
v -2.847084 129.763666 34.045876
v 0.000000 96.107160 0.000000
v 2.470255 95.217775 1.127757
v -0.000000 94.117463 2.050880
v 2.470255 95.217775 1.127757
v 2.470255 97.207472 -0.923123
v -1.982495 130.845169 33.004975
v -1.982495 130.148775 33.722783
v 0.000000 96.107160 0.000000
v 2.470255 97.207472 -0.923123
v 2.470255 95.217775 1.127757
v 2.470255 97.207472 -0.923123
v 0.000000 98.096857 -2.050880
v -2.847084 131.156454 32.610260
v -1.982495 130.845169 33.004975
v 0.000000 96.107160 0.000000
v 0.000000 98.096857 -2.050880
v 2.470255 97.207472 -0.923123
v -2.966586 131.164869 32.628657
v -3.765125 130.701681 33.013372
v -5.144533 165.558863 69.703214
v -5.828995 165.161844 70.032970
v -5.931425 165.765967 69.433475
v -5.828995 165.161844 70.032970
v -5.144533 165.558863 69.703214
v -3.765125 130.701681 33.013372
v -3.645623 129.996872 33.712783
v -5.246964 166.162985 69.103719
v -5.144533 165.558863 69.703214
v -5.931425 165.765967 69.433475
v -5.144533 165.558863 69.703214
v -5.246964 166.162985 69.103719
v -3.645623 129.996872 33.712783
v -2.727582 129.755251 34.027479
v -6.033856 166.370089 68.833980
v -5.246964 166.162985 69.103719
v -5.931425 165.765967 69.433475
v -5.246964 166.162985 69.103719
v -6.033856 166.370089 68.833980
v -2.727582 129.755251 34.027479
v -1.929043 130.218439 33.642763
v -6.718317 165.973071 69.163736
v -6.033856 166.370089 68.833980
v -5.931425 165.765967 69.433475
v -6.033856 166.370089 68.833980
v -6.718317 165.973071 69.163736
v -1.929043 130.218439 33.642763
v -2.048546 130.923248 32.943352
v -6.615887 165.368948 69.763231
v -6.718317 165.973071 69.163736
v -5.931425 165.765967 69.433475
v -6.718317 165.973071 69.163736
v -6.615887 165.368948 69.763231
v -2.048546 130.923248 32.943352
v -2.966586 131.164869 32.628657
v -5.828995 165.161844 70.032970
v -6.615887 165.368948 69.763231
v -5.931425 165.765967 69.433475
v -6.615887 165.368948 69.763231
v -5.828995 165.161844 70.032970
v 0.000000 124.269292 -1.059244
v -1.130244 122.607240 -1.813681
v -25.734250 132.045398 16.239207
v -25.338664 132.627117 16.503260
v 0.000000 122.401929 0.000000
v -1.130244 122.607240 -1.813681
v 0.000000 124.269292 -1.059244
v -1.130244 122.607240 -1.813681
v -1.130244 120.739877 -0.754437
v -25.734250 131.391821 16.609942
v -25.734250 132.045398 16.239207
v 0.000000 122.401929 0.000000
v -1.130244 120.739877 -0.754437
v -1.130244 122.607240 -1.813681
v -1.130244 120.739877 -0.754437
v -0.000000 120.534565 1.059244
v -25.338664 131.319962 17.244731
v -25.734250 131.391821 16.609942
v 0.000000 122.401929 0.000000
v -0.000000 120.534565 1.059244
v -1.130244 120.739877 -0.754437
v -0.000000 120.534565 1.059244
v 1.130244 122.196617 1.813681
v -24.943079 131.901680 17.508784
v -25.338664 131.319962 17.244731
v 0.000000 122.401929 0.000000
v 1.130244 122.196617 1.813681
v -0.000000 120.534565 1.059244
v 1.130244 122.196617 1.813681
v 1.130244 124.063981 0.754437
v -24.943079 132.555258 17.138048
v -24.943079 131.901680 17.508784
v 0.000000 122.401929 0.000000
v 1.130244 124.063981 0.754437
v 1.130244 122.196617 1.813681
v 1.130244 124.063981 0.754437
v 0.000000 124.269292 -1.059244
v -25.338664 132.627117 16.503260
v -24.943079 132.555258 17.138048
v 0.000000 122.401929 0.000000
v 0.000000 124.269292 -1.059244
v 1.130244 124.063981 0.754437
v -25.388737 132.706628 16.716890
v -25.723336 132.203065 16.270710
v -52.459165 133.819394 35.671259
v -52.745964 133.387769 35.288819
v -52.788884 134.016130 35.154157
v -52.745964 133.387769 35.288819
v -52.459165 133.819394 35.671259
v -25.723336 132.203065 16.270710
v -25.673263 131.469977 16.427816
v -52.502085 134.447755 35.536597
v -52.459165 133.819394 35.671259
v -52.788884 134.016130 35.154157
v -52.459165 133.819394 35.671259
v -52.502085 134.447755 35.536597
v -25.673263 131.469977 16.427816
v -25.288591 131.240451 17.031101
v -52.831803 134.644492 35.019495
v -52.502085 134.447755 35.536597
v -52.788884 134.016130 35.154157
v -52.502085 134.447755 35.536597
v -52.831803 134.644492 35.019495
v -25.288591 131.240451 17.031101
v -24.953992 131.744014 17.477281
v -53.118602 134.212867 34.637055
v -52.831803 134.644492 35.019495
v -52.788884 134.016130 35.154157
v -52.831803 134.644492 35.019495
v -53.118602 134.212867 34.637055
v -24.953992 131.744014 17.477281
v -25.004065 132.477102 17.320175
v -53.075683 133.584505 34.771717
v -53.118602 134.212867 34.637055
v -52.788884 134.016130 35.154157
v -53.118602 134.212867 34.637055
v -53.075683 133.584505 34.771717
v -25.004065 132.477102 17.320175
v -25.388737 132.706628 16.716890
v -52.745964 133.387769 35.288819
v -53.075683 133.584505 34.771717
v -52.788884 134.016130 35.154157
v -53.075683 133.584505 34.771717
v -52.745964 133.387769 35.288819
v 0.000000 85.043013 -2.961055
v -2.124178 83.385668 -1.672614
v -18.583325 109.674387 2.758053
v -17.839863 110.254458 2.307099
v 0.000000 84.654224 0.000000
v -2.124178 83.385668 -1.672614
v 0.000000 85.043013 -2.961055
v -2.124178 83.385668 -1.672614
v -2.124178 82.996878 1.288441
v -18.583325 109.538311 3.794423
v -18.583325 109.674387 2.758053
v 0.000000 84.654224 0.000000
v -2.124178 82.996878 1.288441
v -2.124178 83.385668 -1.672614
v -2.124178 82.996878 1.288441
v -0.000000 84.265434 2.961055
v -17.839863 109.982306 4.379838
v -18.583325 109.538311 3.794423
v 0.000000 84.654224 0.000000
v -0.000000 84.265434 2.961055
v -2.124178 82.996878 1.288441
v -0.000000 84.265434 2.961055
v 2.124178 85.922780 1.672614
v -17.096401 110.562376 3.928883
v -17.839863 109.982306 4.379838
v 0.000000 84.654224 0.000000
v 2.124178 85.922780 1.672614
v -0.000000 84.265434 2.961055
v 2.124178 85.922780 1.672614
v 2.124178 86.311569 -1.288441
v -17.096401 110.698453 2.892514
v -17.096401 110.562376 3.928883
v 0.000000 84.654224 0.000000
v 2.124178 86.311569 -1.288441
v 2.124178 85.922780 1.672614
v 2.124178 86.311569 -1.288441
v 0.000000 85.043013 -2.961055
v -17.839863 110.254458 2.307099
v -17.096401 110.698453 2.892514
v 0.000000 84.654224 0.000000
v 0.000000 85.043013 -2.961055
v 2.124178 86.311569 -1.288441
v -17.942881 110.182046 2.305243
v -18.631267 109.630345 2.865893
v -36.488035 138.332294 7.374909
v -37.078081 137.859408 7.855467
v -37.166382 137.913977 6.965559
v -37.078081 137.859408 7.855467
v -36.488035 138.332294 7.374909
v -18.631267 109.630345 2.865893
v -18.528250 109.566682 3.904119
v -36.576336 138.386863 6.485001
v -36.488035 138.332294 7.374909
v -37.166382 137.913977 6.965559
v -36.488035 138.332294 7.374909
v -36.576336 138.386863 6.485001
v -18.528250 109.566682 3.904119
v -17.736845 110.054718 4.381694
v -37.254683 137.968546 6.075651
v -36.576336 138.386863 6.485001
v -37.166382 137.913977 6.965559
v -36.576336 138.386863 6.485001
v -37.254683 137.968546 6.075651
v -17.736845 110.054718 4.381694
v -17.048459 110.606418 3.821043
v -37.844728 137.495660 6.556209
v -37.254683 137.968546 6.075651
v -37.166382 137.913977 6.965559
v -37.254683 137.968546 6.075651
v -37.844728 137.495660 6.556209
v -17.048459 110.606418 3.821043
v -17.151477 110.670082 2.782818
v -37.756427 137.441091 7.446117
v -37.844728 137.495660 6.556209
v -37.166382 137.913977 6.965559
v -37.844728 137.495660 6.556209
v -37.756427 137.441091 7.446117
v -17.151477 110.670082 2.782818
v -17.942881 110.182046 2.305243
v -37.078081 137.859408 7.855467
v -37.756427 137.441091 7.446117
v -37.166382 137.913977 6.965559
v -37.756427 137.441091 7.446117
v -37.078081 137.859408 7.855467
v 0.000000 120.444294 -1.196368
v -1.143514 120.517955 0.616869
v -21.337999 130.749540 -13.359044
v -20.937769 130.723759 -13.993677
v 0.000000 122.224626 0.000000
v -1.143514 120.517955 0.616869
v 0.000000 120.444294 -1.196368
v -1.143514 120.517955 0.616869
v -1.143514 122.298287 1.813236
v -21.337999 131.372657 -12.940316
v -21.337999 130.749540 -13.359044
v 0.000000 122.224626 0.000000
v -1.143514 122.298287 1.813236
v -1.143514 120.517955 0.616869
v -1.143514 122.298287 1.813236
v -0.000000 124.004958 1.196368
v -20.937769 131.969991 -13.156220
v -21.337999 131.372657 -12.940316
v 0.000000 122.224626 0.000000
v -0.000000 124.004958 1.196368
v -1.143514 122.298287 1.813236
v -0.000000 124.004958 1.196368
v 1.143514 123.931297 -0.616869
v -20.537539 131.944210 -13.790852
v -20.937769 131.969991 -13.156220
v 0.000000 122.224626 0.000000
v 1.143514 123.931297 -0.616869
v -0.000000 124.004958 1.196368
v 1.143514 123.931297 -0.616869
v 1.143514 122.150965 -1.813236
v -20.537539 131.321094 -14.209581
v -20.537539 131.944210 -13.790852
v 0.000000 122.224626 0.000000
v 1.143514 122.150965 -1.813236
v 1.143514 123.931297 -0.616869
v 1.143514 122.150965 -1.813236
v 0.000000 120.444294 -1.196368
v -20.937769 130.723759 -13.993677
v -20.537539 131.321094 -14.209581
v 0.000000 122.224626 0.000000
v 0.000000 120.444294 -1.196368
v 1.143514 122.150965 -1.813236
v -20.987672 130.605244 -13.680306
v -21.321136 130.923479 -13.087740
v -43.291751 135.325266 -28.698750
v -43.577577 135.598039 -28.190836
v -43.620352 134.962355 -28.281143
v -43.577577 135.598039 -28.190836
v -43.291751 135.325266 -28.698750
v -21.321136 130.923479 -13.087740
v -21.271233 131.665110 -12.982382
v -43.334525 134.689582 -28.789057
v -43.291751 135.325266 -28.698750
v -43.620352 134.962355 -28.281143
v -43.291751 135.325266 -28.698750
v -43.334525 134.689582 -28.789057
v -21.271233 131.665110 -12.982382
v -20.887865 132.088506 -13.469590
v -43.663126 134.326672 -28.371449
v -43.334525 134.689582 -28.789057
v -43.620352 134.962355 -28.281143
v -43.334525 134.689582 -28.789057
v -43.663126 134.326672 -28.371449
v -20.887865 132.088506 -13.469590
v -20.554401 131.770271 -14.062157
v -43.948953 134.599444 -27.863535
v -43.663126 134.326672 -28.371449
v -43.620352 134.962355 -28.281143
v -43.663126 134.326672 -28.371449
v -43.948953 134.599444 -27.863535
v -20.554401 131.770271 -14.062157
v -20.604305 131.028640 -14.167515
v -43.906178 135.235128 -27.773228
v -43.948953 134.599444 -27.863535
v -43.620352 134.962355 -28.281143
v -43.948953 134.599444 -27.863535
v -43.906178 135.235128 -27.773228
v -20.604305 131.028640 -14.167515
v -20.987672 130.605244 -13.680306
v -43.577577 135.598039 -28.190836
v -43.906178 135.235128 -27.773228
v -43.620352 134.962355 -28.281143
v -43.906178 135.235128 -27.773228
v -43.577577 135.598039 -28.190836
v 0.000000 107.064425 -1.888754
v -2.118418 107.610189 -0.728079
v -7.418510 140.554636 -27.609728
v -6.677064 140.363619 -28.015964
v 0.000000 108.666089 0.000000
v -2.118418 107.610189 -0.728079
v 0.000000 107.064425 -1.888754
v -2.118418 107.610189 -0.728079
v -2.118418 109.211853 1.160675
v -7.418510 141.115219 -26.948665
v -7.418510 140.554636 -27.609728
v 0.000000 108.666089 0.000000
v -2.118418 109.211853 1.160675
v -2.118418 107.610189 -0.728079
v -2.118418 109.211853 1.160675
v -0.000000 110.267753 1.888754
v -6.677064 141.484784 -26.693837
v -7.418510 141.115219 -26.948665
v 0.000000 108.666089 0.000000
v -0.000000 110.267753 1.888754
v -2.118418 109.211853 1.160675
v -0.000000 110.267753 1.888754
v 2.118418 109.721989 0.728079
v -5.935617 141.293766 -27.100073
v -6.677064 141.484784 -26.693837
v 0.000000 108.666089 0.000000
v 2.118418 109.721989 0.728079
v -0.000000 110.267753 1.888754
v 2.118418 109.721989 0.728079
v 2.118418 108.120325 -1.160675
v -5.935617 140.733184 -27.761137
v -5.935617 141.293766 -27.100073
v 0.000000 108.666089 0.000000
v 2.118418 108.120325 -1.160675
v 2.118418 109.721989 0.728079
v 2.118418 108.120325 -1.160675
v 0.000000 107.064425 -1.888754
v -6.677064 140.363619 -28.015964
v -5.935617 140.733184 -27.761137
v 0.000000 108.666089 0.000000
v 0.000000 107.064425 -1.888754
v 2.118418 108.120325 -1.160675
v -6.779515 140.346418 -27.992809
v -7.464117 140.605388 -27.528576
v -13.235932 175.198380 -56.840511
v -13.822733 175.420355 -56.442597
v -13.910549 174.925111 -56.989376
v -13.822733 175.420355 -56.442597
v -13.235932 175.198380 -56.840511
v -7.464117 140.605388 -27.528576
v -7.361665 141.183172 -26.890668
v -13.323747 174.703136 -57.387290
v -13.235932 175.198380 -56.840511
v -13.910549 174.925111 -56.989376
v -13.235932 175.198380 -56.840511
v -13.323747 174.703136 -57.387290
v -7.361665 141.183172 -26.890668
v -6.574612 141.501985 -26.716992
v -13.998365 174.429868 -57.536155
v -13.323747 174.703136 -57.387290
v -13.910549 174.925111 -56.989376
v -13.323747 174.703136 -57.387290
v -13.998365 174.429868 -57.536155
v -6.574612 141.501985 -26.716992
v -5.890010 141.243014 -27.181225
v -14.585166 174.651843 -57.138241
v -13.998365 174.429868 -57.536155
v -13.910549 174.925111 -56.989376
v -13.998365 174.429868 -57.536155
v -14.585166 174.651843 -57.138241
v -5.890010 141.243014 -27.181225
v -5.992462 140.665230 -27.819134
v -14.497351 175.147086 -56.591462
v -14.585166 174.651843 -57.138241
v -13.910549 174.925111 -56.989376
v -14.585166 174.651843 -57.138241
v -14.497351 175.147086 -56.591462
v -5.992462 140.665230 -27.819134
v -6.779515 140.346418 -27.992809
v -13.822733 175.420355 -56.442597
v -14.497351 175.147086 -56.591462
v -13.910549 174.925111 -56.989376
v -14.497351 175.147086 -56.591462
v -13.822733 175.420355 -56.442597
v 0.000000 106.164553 -1.846085
v -1.980841 107.512470 -1.399082
v 14.452980 138.838909 -27.357074
v 15.146274 138.367138 -27.513525
v 0.000000 107.755902 0.000000
v -1.980841 107.512470 -1.399082
v 0.000000 106.164553 -1.846085
v -1.980841 107.512470 -1.399082
v -1.980841 109.103819 0.447003
v 14.452980 139.395881 -26.710944
v 14.452980 138.838909 -27.357074
v 0.000000 107.755902 0.000000
v -1.980841 109.103819 0.447003
v -1.980841 107.512470 -1.399082
v -1.980841 109.103819 0.447003
v -0.000000 109.347251 1.846085
v 15.146274 139.481082 -26.221265
v 14.452980 139.395881 -26.710944
v 0.000000 107.755902 0.000000
v -0.000000 109.347251 1.846085
v -1.980841 109.103819 0.447003
v -0.000000 109.347251 1.846085
v 1.980841 107.999334 1.399082
v 15.839569 139.009311 -26.377716
v 15.146274 139.481082 -26.221265
v 0.000000 107.755902 0.000000
v 1.980841 107.999334 1.399082
v -0.000000 109.347251 1.846085
v 1.980841 107.999334 1.399082
v 1.980841 106.407986 -0.447003
v 15.839569 138.452339 -27.023846
v 15.839569 139.009311 -26.377716
v 0.000000 107.755902 0.000000
v 1.980841 106.407986 -0.447003
v 1.980841 107.999334 1.399082
v 1.980841 106.407986 -0.447003
v 0.000000 106.164553 -1.846085
v 15.146274 138.367138 -27.513525
v 15.839569 138.452339 -27.023846
v 0.000000 107.755902 0.000000
v 0.000000 106.164553 -1.846085
v 1.980841 106.407986 -0.447003
v 15.050813 138.380053 -27.517464
v 14.412918 138.904142 -27.302702
v 32.183329 170.839993 -55.600619
v 31.636562 171.289213 -55.416537
v 31.554738 170.822878 -55.973740
v 31.636562 171.289213 -55.416537
v 32.183329 170.839993 -55.600619
v 14.412918 138.904142 -27.302702
v 14.508380 139.448200 -26.652633
v 32.101504 170.373658 -56.157822
v 32.183329 170.839993 -55.600619
v 31.554738 170.822878 -55.973740
v 32.183329 170.839993 -55.600619
v 32.101504 170.373658 -56.157822
v 14.508380 139.448200 -26.652633
v 15.241736 139.468167 -26.217326
v 31.472914 170.356543 -56.530942
v 32.101504 170.373658 -56.157822
v 31.554738 170.822878 -55.973740
v 32.101504 170.373658 -56.157822
v 31.472914 170.356543 -56.530942
v 15.241736 139.468167 -26.217326
v 15.879630 138.944078 -26.432088
v 30.926147 170.805762 -56.346860
v 31.472914 170.356543 -56.530942
v 31.554738 170.822878 -55.973740
v 31.472914 170.356543 -56.530942
v 30.926147 170.805762 -56.346860
v 15.879630 138.944078 -26.432088
v 15.784168 138.400021 -27.082157
v 31.007972 171.272097 -55.789658
v 30.926147 170.805762 -56.346860
v 31.554738 170.822878 -55.973740
v 30.926147 170.805762 -56.346860
v 31.007972 171.272097 -55.789658
v 15.784168 138.400021 -27.082157
v 15.050813 138.380053 -27.517464
v 31.636562 171.289213 -55.416537
v 31.007972 171.272097 -55.789658
v 31.554738 170.822878 -55.973740
v 31.007972 171.272097 -55.789658
v 31.636562 171.289213 -55.416537
v 0.000000 125.137527 -1.750057
v -1.329851 126.699719 -1.510476
v 21.247086 146.846749 -13.348319
v 21.712533 146.299982 -13.432172
v 0.000000 126.234635 0.000000
v -1.329851 126.699719 -1.510476
v 0.000000 125.137527 -1.750057
v -1.329851 126.699719 -1.510476
v -1.329851 127.796826 0.239581
v 21.247086 147.230736 -12.735799
v 21.247086 146.846749 -13.348319
v 0.000000 126.234635 0.000000
v -1.329851 127.796826 0.239581
v -1.329851 126.699719 -1.510476
v -1.329851 127.796826 0.239581
v -0.000000 127.331742 1.750057
v 21.712533 147.067957 -12.207132
v 21.247086 147.230736 -12.735799
v 0.000000 126.234635 0.000000
v -0.000000 127.331742 1.750057
v -1.329851 127.796826 0.239581
v -0.000000 127.331742 1.750057
v 1.329851 125.769551 1.510476
v 22.177981 146.521190 -12.290986
v 21.712533 147.067957 -12.207132
v 0.000000 126.234635 0.000000
v 1.329851 125.769551 1.510476
v -0.000000 127.331742 1.750057
v 1.329851 125.769551 1.510476
v 1.329851 124.672444 -0.239581
v 22.177981 146.137202 -12.903505
v 22.177981 146.521190 -12.290986
v 0.000000 126.234635 0.000000
v 1.329851 124.672444 -0.239581
v 1.329851 125.769551 1.510476
v 1.329851 124.672444 -0.239581
v 0.000000 125.137527 -1.750057
v 21.712533 146.299982 -13.432172
v 22.177981 146.137202 -12.903505
v 0.000000 126.234635 0.000000
v 0.000000 125.137527 -1.750057
v 1.329851 124.672444 -0.239581
v 21.650828 146.316643 -13.439241
v 21.238498 146.898659 -13.321475
v 45.640760 165.974159 -26.277475
v 45.287335 166.473029 -26.176532
v 45.234444 166.158178 -26.707609
v 45.287335 166.473029 -26.176532
v 45.640760 165.974159 -26.277475
v 21.238498 146.898659 -13.321475
v 21.300204 147.265985 -12.701886
v 45.587869 165.659307 -26.808551
v 45.640760 165.974159 -26.277475
v 45.234444 166.158178 -26.707609
v 45.640760 165.974159 -26.277475
v 45.587869 165.659307 -26.808551
v 21.300204 147.265985 -12.701886
v 21.774239 147.051296 -12.200063
v 45.181554 165.843327 -27.238685
v 45.587869 165.659307 -26.808551
v 45.234444 166.158178 -26.707609
v 45.587869 165.659307 -26.808551
v 45.181554 165.843327 -27.238685
v 21.774239 147.051296 -12.200063
v 22.186568 146.469280 -12.317829
v 44.828129 166.342198 -27.137743
v 45.181554 165.843327 -27.238685
v 45.234444 166.158178 -26.707609
v 45.181554 165.843327 -27.238685
v 44.828129 166.342198 -27.137743
v 22.186568 146.469280 -12.317829
v 22.124862 146.101953 -12.937418
v 44.881019 166.657049 -26.606666
v 44.828129 166.342198 -27.137743
v 45.234444 166.158178 -26.707609
v 44.828129 166.342198 -27.137743
v 44.881019 166.657049 -26.606666
v 22.124862 146.101953 -12.937418
v 21.650828 146.316643 -13.439241
v 45.287335 166.473029 -26.176532
v 44.881019 166.657049 -26.606666
v 45.234444 166.158178 -26.707609
v 44.881019 166.657049 -26.606666
v 45.287335 166.473029 -26.176532
v 40.980437 145.773102 -4.095304
v 52.585063 149.605455 6.520811
v 57.354722 150.697835 -4.095304
v 57.354722 150.697835 -4.095304
v 52.585063 149.605455 6.520811
v 62.472226 162.392613 15.565759
v 66.269667 162.392613 -4.095304
v 66.269667 162.392613 -4.095304
v 62.472226 162.392613 15.565759
v 54.930774 175.827161 8.666708
v 57.848086 175.662558 -4.095304
v 40.980437 179.012123 -4.095304
v 57.848086 175.662558 -4.095304
v 54.930774 175.827161 8.666708
v 40.980437 145.773102 -4.095304
v 40.980437 149.202490 15.605801
v 52.585063 149.605455 6.520811
v 52.585063 149.605455 6.520811
v 40.980437 149.202490 15.605801
v 40.980437 162.392613 21.492040
v 62.472226 162.392613 15.565759
v 62.472226 162.392613 15.565759
v 40.980437 162.392613 21.492040
v 40.980437 175.134147 15.206214
v 54.930774 175.827161 8.666708
v 40.980437 179.012123 -4.095304
v 54.930774 175.827161 8.666708
v 40.980437 175.134147 15.206214
v 40.980437 145.773102 -4.095304
v 28.616563 150.055503 7.215384
v 40.980437 149.202490 15.605801
v 40.980437 149.202490 15.605801
v 28.616563 150.055503 7.215384
v 20.161263 162.392613 14.950440
v 40.980437 162.392613 21.492040
v 40.980437 162.392613 21.492040
v 20.161263 162.392613 14.950440
v 25.847671 172.694031 9.748415
v 40.980437 175.134147 15.206214
v 40.980437 179.012123 -4.095304
v 40.980437 175.134147 15.206214
v 25.847671 172.694031 9.748415
v 40.980437 145.773102 -4.095304
v 20.268178 149.069842 -4.095304
v 28.616563 150.055503 7.215384
v 28.616563 150.055503 7.215384
v 20.268178 149.069842 -4.095304
v 13.147624 162.392613 -4.095304
v 20.161263 162.392613 14.950440
v 20.161263 162.392613 14.950440
v 13.147624 162.392613 -4.095304
v 24.737758 173.190089 -4.095304
v 25.847671 172.694031 9.748415
v 40.980437 179.012123 -4.095304
v 25.847671 172.694031 9.748415
v 24.737758 173.190089 -4.095304
v 40.980437 145.773102 -4.095304
v 29.088242 151.115798 -14.974491
v 20.268178 149.069842 -4.095304
v 20.268178 149.069842 -4.095304
v 29.088242 151.115798 -14.974491
v 23.406300 162.392613 -20.172431
v 13.147624 162.392613 -4.095304
v 13.147624 162.392613 -4.095304
v 23.406300 162.392613 -20.172431
v 27.603390 172.302826 -16.332860
v 24.737758 173.190089 -4.095304
v 40.980437 179.012123 -4.095304
v 24.737758 173.190089 -4.095304
v 27.603390 172.302826 -16.332860
v 40.980437 145.773102 -4.095304
v 40.980437 151.969777 -21.903506
v 29.088242 151.115798 -14.974491
v 29.088242 151.115798 -14.974491
v 40.980437 151.969777 -21.903506
v 40.980437 162.392613 -30.364954
v 23.406300 162.392613 -20.172431
v 23.406300 162.392613 -20.172431
v 40.980437 162.392613 -30.364954
v 40.980437 173.754991 -18.807791
v 27.603390 172.302826 -16.332860
v 40.980437 179.012123 -4.095304
v 27.603390 172.302826 -16.332860
v 40.980437 173.754991 -18.807791
v 40.980437 145.773102 -4.095304
v 55.539762 152.222311 -17.414428
v 40.980437 151.969777 -21.903506
v 40.980437 151.969777 -21.903506
v 55.539762 152.222311 -17.414428
v 61.283204 162.392613 -22.668629
v 40.980437 162.392613 -30.364954
v 40.980437 162.392613 -30.364954
v 61.283204 162.392613 -22.668629
v 53.242959 172.738605 -15.313273
v 40.980437 173.754991 -18.807791
v 40.980437 179.012123 -4.095304
v 40.980437 173.754991 -18.807791
v 53.242959 172.738605 -15.313273
v 40.980437 145.773102 -4.095304
v 57.354722 150.697835 -4.095304
v 55.539762 152.222311 -17.414428
v 55.539762 152.222311 -17.414428
v 57.354722 150.697835 -4.095304
v 66.269667 162.392613 -4.095304
v 61.283204 162.392613 -22.668629
v 61.283204 162.392613 -22.668629
v 66.269667 162.392613 -4.095304
v 57.848086 175.662558 -4.095304
v 53.242959 172.738605 -15.313273
v 40.980437 179.012123 -4.095304
v 53.242959 172.738605 -15.313273
v 57.848086 175.662558 -4.095304
v 35.619564 161.518552 19.091638
v 48.581997 164.571984 29.551656
v 56.397360 166.027980 19.091638
v 56.397360 166.027980 19.091638
v 48.581997 164.571984 29.551656
v 56.527980 177.702808 35.963656
v 63.834364 177.702808 19.091638
v 63.834364 177.702808 19.091638
v 56.527980 177.702808 35.963656
v 47.525561 188.645021 28.699167
v 55.904239 190.151880 19.091638
v 35.619564 193.887064 19.091638
v 55.904239 190.151880 19.091638
v 47.525561 188.645021 28.699167
v 35.619564 161.518552 19.091638
v 35.619564 166.967139 32.962572
v 48.581997 164.571984 29.551656
v 48.581997 164.571984 29.551656
v 35.619564 166.967139 32.962572
v 35.619564 177.702808 37.716357
v 56.527980 177.702808 35.963656
v 56.527980 177.702808 35.963656
v 35.619564 177.702808 37.716357
v 35.619564 188.502206 33.358435
v 47.525561 188.645021 28.699167
v 35.619564 193.887064 19.091638
v 47.525561 188.645021 28.699167
v 35.619564 188.502206 33.358435
v 35.619564 161.518552 19.091638
v 22.641517 167.958747 29.564257
v 35.619564 166.967139 32.962572
v 35.619564 166.967139 32.962572
v 22.641517 167.958747 29.564257
v 15.228840 177.702808 35.545906
v 35.619564 177.702808 37.716357
v 35.619564 177.702808 37.716357
v 15.228840 177.702808 35.545906
v 23.674150 187.756369 28.730975
v 35.619564 188.502206 33.358435
v 35.619564 193.887064 19.091638
v 35.619564 188.502206 33.358435
v 23.674150 187.756369 28.730975
v 35.619564 161.518552 19.091638
v 17.594158 164.721058 19.091638
v 22.641517 167.958747 29.564257
v 22.641517 167.958747 29.564257
v 17.594158 164.721058 19.091638
v 11.599202 177.702808 19.091638
v 15.228840 177.702808 35.545906
v 15.228840 177.702808 35.545906
v 11.599202 177.702808 19.091638
v 18.152456 188.984973 19.091638
v 23.674150 187.756369 28.730975
v 35.619564 193.887064 19.091638
v 23.674150 187.756369 28.730975
v 18.152456 188.984973 19.091638
v 35.619564 161.518552 19.091638
v 22.757583 164.983452 8.712679
v 17.594158 164.721058 19.091638
v 17.594158 164.721058 19.091638
v 22.757583 164.983452 8.712679
v 15.434275 177.702808 2.803146
v 11.599202 177.702808 19.091638
v 11.599202 177.702808 19.091638
v 15.434275 177.702808 2.803146
v 22.451649 190.094092 8.465806
v 18.152456 188.984973 19.091638
v 35.619564 193.887064 19.091638
v 18.152456 188.984973 19.091638
v 22.451649 190.094092 8.465806
v 35.619564 161.518552 19.091638
v 35.619564 166.864291 5.401861
v 22.757583 164.983452 8.712679
v 22.757583 164.983452 8.712679
v 35.619564 166.864291 5.401861
v 35.619564 177.702808 -5.088652
v 15.434275 177.702808 2.803146
v 15.434275 177.702808 2.803146
v 35.619564 177.702808 -5.088652
v 35.619564 190.961848 3.143111
v 22.451649 190.094092 8.465806
v 35.619564 193.887064 19.091638
v 22.451649 190.094092 8.465806
v 35.619564 190.961848 3.143111
v 35.619564 161.518552 19.091638
v 48.506364 164.595480 8.692652
v 35.619564 166.864291 5.401861
v 35.619564 166.864291 5.401861
v 48.506364 164.595480 8.692652
v 54.815131 177.702808 3.601801
v 35.619564 177.702808 -5.088652
v 35.619564 177.702808 -5.088652
v 54.815131 177.702808 3.601801
v 49.685495 189.649465 7.741153
v 35.619564 190.961848 3.143111
v 35.619564 193.887064 19.091638
v 35.619564 190.961848 3.143111
v 49.685495 189.649465 7.741153
v 35.619564 161.518552 19.091638
v 56.397360 166.027980 19.091638
v 48.506364 164.595480 8.692652
v 48.506364 164.595480 8.692652
v 56.397360 166.027980 19.091638
v 63.834364 177.702808 19.091638
v 54.815131 177.702808 3.601801
v 54.815131 177.702808 3.601801
v 63.834364 177.702808 19.091638
v 55.904239 190.151880 19.091638
v 49.685495 189.649465 7.741153
v 35.619564 193.887064 19.091638
v 49.685495 189.649465 7.741153
v 55.904239 190.151880 19.091638
v 21.313647 127.791025 34.718446
v 35.940302 132.418161 47.900198
v 46.111336 133.041154 34.718446
v 46.111336 133.041154 34.718446
v 35.940302 132.418161 47.900198
v 45.222480 148.485539 56.265430
v 54.653611 148.485539 34.718446
v 54.653611 148.485539 34.718446
v 45.222480 148.485539 56.265430
v 37.983335 162.216738 49.741408
v 42.529800 163.411564 34.718446
v 21.313647 169.180054 34.718446
v 42.529800 163.411564 34.718446
v 37.983335 162.216738 49.741408
v 21.313647 127.791025 34.718446
v 21.313647 134.424042 53.031570
v 35.940302 132.418161 47.900198
v 35.940302 132.418161 47.900198
v 21.313647 134.424042 53.031570
v 21.313647 148.485539 69.091882
v 45.222480 148.485539 56.265430
v 45.222480 148.485539 56.265430
v 21.313647 148.485539 69.091882
v 21.313647 160.917571 55.948707
v 37.983335 162.216738 49.741408
v 21.313647 169.180054 34.718446
v 37.983335 162.216738 49.741408
v 21.313647 160.917571 55.948707
v 21.313647 127.791025 34.718446
v 3.876567 132.299559 50.432993
v 21.313647 134.424042 53.031570
v 21.313647 134.424042 53.031570
v 3.876567 132.299559 50.432993
v -4.124314 148.485539 57.643502
v 21.313647 148.485539 69.091882
v 21.313647 148.485539 69.091882
v -4.124314 148.485539 57.643502
v 6.965728 161.176093 47.648997
v 21.313647 160.917571 55.948707
v 21.313647 169.180054 34.718446
v 21.313647 160.917571 55.948707
v 6.965728 161.176093 47.648997
v 21.313647 127.791025 34.718446
v -1.346433 131.899648 34.718446
v 3.876567 132.299559 50.432993
v 3.876567 132.299559 50.432993
v -1.346433 131.899648 34.718446
v -9.741333 148.485539 34.718446
v -4.124314 148.485539 57.643502
v -4.124314 148.485539 57.643502
v -9.741333 148.485539 34.718446
v -3.154285 160.858271 34.718446
v 6.965728 161.176093 47.648997
v 21.313647 169.180054 34.718446
v 6.965728 161.176093 47.648997
v -3.154285 160.858271 34.718446
v 21.313647 127.791025 34.718446
v 3.681111 132.375233 18.827751
v -1.346433 131.899648 34.718446
v -1.346433 131.899648 34.718446
v 3.681111 132.375233 18.827751
v 1.292272 148.485539 16.674896
v -9.741333 148.485539 34.718446
v -9.741333 148.485539 34.718446
v 1.292272 148.485539 16.674896
v 5.388243 165.404780 20.366243
v -3.154285 160.858271 34.718446
v 21.313647 169.180054 34.718446
v -3.154285 160.858271 34.718446
v 5.388243 165.404780 20.366243
v 21.313647 127.791025 34.718446
v 21.313647 134.760213 10.368514
v 3.681111 132.375233 18.827751
v 3.681111 132.375233 18.827751
v 21.313647 134.760213 10.368514
v 21.313647 148.485539 5.152775
v 1.292272 148.485539 16.674896
v 1.292272 148.485539 16.674896
v 21.313647 148.485539 5.152775
v 21.313647 161.186679 12.671506
v 5.388243 165.404780 20.366243
v 21.313647 169.180054 34.718446
v 5.388243 165.404780 20.366243
v 21.313647 161.186679 12.671506
v 21.313647 127.791025 34.718446
v 37.875821 132.866424 19.792377
v 21.313647 134.760213 10.368514
v 21.313647 134.760213 10.368514
v 37.875821 132.866424 19.792377
v 44.682766 148.485539 13.657860
v 21.313647 148.485539 5.152775
v 21.313647 148.485539 5.152775
v 44.682766 148.485539 13.657860
v 35.389702 163.027858 22.032903
v 21.313647 161.186679 12.671506
v 21.313647 169.180054 34.718446
v 21.313647 161.186679 12.671506
v 35.389702 163.027858 22.032903
v 21.313647 127.791025 34.718446
v 46.111336 133.041154 34.718446
v 37.875821 132.866424 19.792377
v 37.875821 132.866424 19.792377
v 46.111336 133.041154 34.718446
v 54.653611 148.485539 34.718446
v 44.682766 148.485539 13.657860
v 44.682766 148.485539 13.657860
v 54.653611 148.485539 34.718446
v 42.529800 163.411564 34.718446
v 35.389702 163.027858 22.032903
v 21.313647 169.180054 34.718446
v 35.389702 163.027858 22.032903
v 42.529800 163.411564 34.718446
v -5.931425 153.390842 69.433475
v 6.745109 156.612495 80.230648
v 11.225612 158.373910 69.433475
v 11.225612 158.373910 69.433475
v 6.745109 156.612495 80.230648
v 9.813675 167.949812 82.844283
v 20.947290 167.949812 69.433475
v 20.947290 167.949812 69.433475
v 9.813675 167.949812 82.844283
v 4.689645 177.134384 78.479917
v 9.332136 178.129383 69.433475
v -5.931425 182.508783 69.433475
v 9.332136 178.129383 69.433475
v 4.689645 177.134384 78.479917
v -5.931425 153.390842 69.433475
v -5.931425 158.609408 81.997671
v 6.745109 156.612495 80.230648
v 6.745109 156.612495 80.230648
v -5.931425 158.609408 81.997671
v -5.931425 167.949812 89.130589
v 9.813675 167.949812 82.844283
v 9.813675 167.949812 82.844283
v -5.931425 167.949812 89.130589
v -5.931425 178.058376 83.317842
v 4.689645 177.134384 78.479917
v -5.931425 182.508783 69.433475
v 4.689645 177.134384 78.479917
v -5.931425 178.058376 83.317842
v -5.931425 153.390842 69.433475
v -19.186740 157.767662 80.723621
v -5.931425 158.609408 81.997671
v -5.931425 158.609408 81.997671
v -19.186740 157.767662 80.723621
v -21.036688 167.949812 82.299305
v -5.931425 167.949812 89.130589
v -5.931425 167.949812 89.130589
v -21.036688 167.949812 82.299305
v -17.138329 178.784499 78.978898
v -5.931425 178.058376 83.317842
v -5.931425 182.508783 69.433475
v -5.931425 178.058376 83.317842
v -17.138329 178.784499 78.978898
v -5.931425 153.390842 69.433475
v -23.408256 157.042750 69.433475
v -19.186740 157.767662 80.723621
v -19.186740 157.767662 80.723621
v -23.408256 157.042750 69.433475
v -26.752238 167.949812 69.433475
v -21.036688 167.949812 82.299305
v -21.036688 167.949812 82.299305
v -26.752238 167.949812 69.433475
v -23.955961 176.649887 69.433475
v -17.138329 178.784499 78.978898
v -5.931425 182.508783 69.433475
v -17.138329 178.784499 78.978898
v -23.955961 176.649887 69.433475
v -5.931425 153.390842 69.433475
v -18.448515 159.230608 58.772108
v -23.408256 157.042750 69.433475
v -23.408256 157.042750 69.433475
v -18.448515 159.230608 58.772108
v -21.623339 167.949812 56.067967
v -26.752238 167.949812 69.433475
v -26.752238 167.949812 69.433475
v -21.623339 167.949812 56.067967
v -16.899707 177.710702 60.091297
v -23.955961 176.649887 69.433475
v -5.931425 182.508783 69.433475
v -23.955961 176.649887 69.433475
v -16.899707 177.710702 60.091297
v -5.931425 153.390842 69.433475
v -5.931425 158.378453 54.333807
v -18.448515 159.230608 58.772108
v -18.448515 159.230608 58.772108
v -5.931425 158.378453 54.333807
v -5.931425 167.949812 51.533905
v -21.623339 167.949812 56.067967
v -21.623339 167.949812 56.067967
v -5.931425 167.949812 51.533905
v -5.931425 177.963547 55.983659
v -16.899707 177.710702 60.091297
v -5.931425 182.508783 69.433475
v -16.899707 177.710702 60.091297
v -5.931425 177.963547 55.983659
v -5.931425 153.390842 69.433475
v 4.665745 158.604385 60.407390
v -5.931425 158.378453 54.333807
v -5.931425 158.378453 54.333807
v 4.665745 158.604385 60.407390
v 11.366446 167.949812 54.700101
v -5.931425 167.949812 51.533905
v -5.931425 167.949812 51.533905
v 11.366446 167.949812 54.700101
v 6.337932 179.180308 58.983113
v -5.931425 177.963547 55.983659
v -5.931425 182.508783 69.433475
v -5.931425 177.963547 55.983659
v 6.337932 179.180308 58.983113
v -5.931425 153.390842 69.433475
v 11.225612 158.373910 69.433475
v 4.665745 158.604385 60.407390
v 4.665745 158.604385 60.407390
v 11.225612 158.373910 69.433475
v 20.947290 167.949812 69.433475
v 11.366446 167.949812 54.700101
v 11.366446 167.949812 54.700101
v 20.947290 167.949812 69.433475
v 9.332136 178.129383 69.433475
v 6.337932 179.180308 58.983113
v -5.931425 182.508783 69.433475
v 6.337932 179.180308 58.983113
v 9.332136 178.129383 69.433475
v -52.788884 121.169202 35.154157
v -38.790976 126.812660 49.620249
v -36.255499 125.929955 35.154157
v -36.255499 125.929955 35.154157
v -38.790976 126.812660 49.620249
v -36.374506 136.283235 52.117541
v -29.493666 136.283235 35.154157
v -29.493666 136.283235 35.154157
v -36.374506 136.283235 52.117541
v -40.323299 147.584699 48.036674
v -34.565569 148.136017 35.154157
v -52.788884 151.397269 35.154157
v -34.565569 148.136017 35.154157
v -40.323299 147.584699 48.036674
v -52.788884 121.169202 35.154157
v -52.788884 125.345507 53.281794
v -38.790976 126.812660 49.620249
v -38.790976 126.812660 49.620249
v -52.788884 125.345507 53.281794
v -52.788884 136.283235 61.445986
v -36.374506 136.283235 52.117541
v -36.374506 136.283235 52.117541
v -52.788884 136.283235 61.445986
v -52.788884 147.225861 55.032616
v -40.323299 147.584699 48.036674
v -52.788884 151.397269 35.154157
v -40.323299 147.584699 48.036674
v -52.788884 147.225861 55.032616
v -52.788884 121.169202 35.154157
v -65.931651 126.662179 48.736506
v -52.788884 125.345507 53.281794
v -52.788884 125.345507 53.281794
v -65.931651 126.662179 48.736506
v -72.179258 136.283235 55.193076
v -52.788884 136.283235 61.445986
v -52.788884 136.283235 61.445986
v -72.179258 136.283235 55.193076
v -65.142715 145.972662 47.921184
v -52.788884 147.225861 55.032616
v -52.788884 151.397269 35.154157
v -52.788884 147.225861 55.032616
v -65.142715 145.972662 47.921184
v -52.788884 121.169202 35.154157
v -71.273658 127.193893 35.154157
v -65.931651 126.662179 48.736506
v -65.931651 126.662179 48.736506
v -71.273658 127.193893 35.154157
v -76.315496 136.283235 35.154157
v -72.179258 136.283235 55.193076
v -72.179258 136.283235 55.193076
v -76.315496 136.283235 35.154157
v -68.753384 147.186503 35.154157
v -65.142715 145.972662 47.921184
v -52.788884 151.397269 35.154157
v -65.142715 145.972662 47.921184
v -68.753384 147.186503 35.154157
v -52.788884 121.169202 35.154157
v -64.936639 126.057673 22.600099
v -71.273658 127.193893 35.154157
v -71.273658 127.193893 35.154157
v -64.936639 126.057673 22.600099
v -69.338302 136.283235 18.051215
v -76.315496 136.283235 35.154157
v -76.315496 136.283235 35.154157
v -69.338302 136.283235 18.051215
v -64.394627 146.558704 23.160240
v -68.753384 147.186503 35.154157
v -52.788884 151.397269 35.154157
v -68.753384 147.186503 35.154157
v -64.394627 146.558704 23.160240
v -52.788884 121.169202 35.154157
v -52.788884 125.642947 14.799047
v -64.936639 126.057673 22.600099
v -64.936639 126.057673 22.600099
v -52.788884 125.642947 14.799047
v -52.788884 136.283235 13.935475
v -69.338302 136.283235 18.051215
v -69.338302 136.283235 18.051215
v -52.788884 136.283235 13.935475
v -52.788884 147.681912 18.605761
v -64.394627 146.558704 23.160240
v -52.788884 151.397269 35.154157
v -64.394627 146.558704 23.160240
v -52.788884 147.681912 18.605761
v -52.788884 121.169202 35.154157
v -41.920491 124.805699 23.922252
v -52.788884 125.642947 14.799047
v -52.788884 125.642947 14.799047
v -41.920491 124.805699 23.922252
v -36.842339 136.283235 18.674252
v -52.788884 136.283235 13.935475
v -52.788884 136.283235 13.935475
v -36.842339 136.283235 18.674252
v -39.707491 146.465907 21.635235
v -52.788884 147.681912 18.605761
v -52.788884 151.397269 35.154157
v -52.788884 147.681912 18.605761
v -39.707491 146.465907 21.635235
v -52.788884 121.169202 35.154157
v -36.255499 125.929955 35.154157
v -41.920491 124.805699 23.922252
v -41.920491 124.805699 23.922252
v -36.255499 125.929955 35.154157
v -29.493666 136.283235 35.154157
v -36.842339 136.283235 18.674252
v -36.842339 136.283235 18.674252
v -29.493666 136.283235 35.154157
v -34.565569 148.136017 35.154157
v -39.707491 146.465907 21.635235
v -52.788884 151.397269 35.154157
v -39.707491 146.465907 21.635235
v -34.565569 148.136017 35.154157
v -37.166382 118.773584 6.965559
v -16.188328 126.435030 25.070489
v -12.493485 125.890247 6.965559
v -12.493485 125.890247 6.965559
v -16.188328 126.435030 25.070489
v -15.425004 141.291694 25.729269
v 1.934170 141.291694 6.965559
v 1.934170 141.291694 6.965559
v -15.425004 141.291694 25.729269
v -21.101777 155.712196 20.829979
v -15.258554 156.530646 6.965559
v -37.166382 163.809803 6.965559
v -15.258554 156.530646 6.965559
v -21.101777 155.712196 20.829979
v -37.166382 118.773584 6.965559
v -37.166382 126.961688 25.846398
v -16.188328 126.435030 25.070489
v -16.188328 126.435030 25.070489
v -37.166382 126.961688 25.846398
v -37.166382 141.291694 38.463879
v -15.425004 141.291694 25.729269
v -15.425004 141.291694 25.729269
v -37.166382 141.291694 38.463879
v -37.166382 155.669343 32.311755
v -21.101777 155.712196 20.829979
v -37.166382 163.809803 6.965559
v -21.101777 155.712196 20.829979
v -37.166382 155.669343 32.311755
v -37.166382 118.773584 6.965559
v -53.753733 123.496650 21.281131
v -37.166382 126.961688 25.846398
v -37.166382 126.961688 25.846398
v -53.753733 123.496650 21.281131
v -63.230965 141.291694 29.460375
v -37.166382 141.291694 38.463879
v -37.166382 141.291694 38.463879
v -63.230965 141.291694 29.460375
v -57.163191 157.958875 24.223635
v -37.166382 155.669343 32.311755
v -37.166382 163.809803 6.965559
v -37.166382 155.669343 32.311755
v -57.163191 157.958875 24.223635
v -37.166382 118.773584 6.965559
v -64.613602 126.076950 6.965559
v -53.753733 123.496650 21.281131
v -53.753733 123.496650 21.281131
v -64.613602 126.076950 6.965559
v -78.206886 141.291694 6.965559
v -63.230965 141.291694 29.460375
v -63.230965 141.291694 29.460375
v -78.206886 141.291694 6.965559
v -59.061835 157.398772 6.965559
v -57.163191 157.958875 24.223635
v -37.166382 163.809803 6.965559
v -57.163191 157.958875 24.223635
v -59.061835 157.398772 6.965559
v -37.166382 118.773584 6.965559
v -57.107989 124.490804 -10.244875
v -64.613602 126.076950 6.965559
v -64.613602 126.076950 6.965559
v -57.107989 124.490804 -10.244875
v -60.702895 141.291694 -13.347428
v -78.206886 141.291694 6.965559
v -78.206886 141.291694 6.965559
v -60.702895 141.291694 -13.347428
v -57.049008 158.226948 -10.193972
v -59.061835 157.398772 6.965559
v -37.166382 163.809803 6.965559
v -59.061835 157.398772 6.965559
v -57.049008 158.226948 -10.193972
v -37.166382 118.773584 6.965559
v -37.166382 125.355600 -14.081576
v -57.107989 124.490804 -10.244875
v -57.107989 124.490804 -10.244875
v -37.166382 125.355600 -14.081576
v -37.166382 141.291694 -25.088858
v -60.702895 141.291694 -13.347428
v -60.702895 141.291694 -13.347428
v -37.166382 141.291694 -25.088858
v -37.166382 158.334758 -14.093733
v -57.049008 158.226948 -10.193972
v -37.166382 163.809803 6.965559
v -57.049008 158.226948 -10.193972
v -37.166382 158.334758 -14.093733
v -37.166382 118.773584 6.965559
v -16.607006 124.239595 -10.778034
v -37.166382 125.355600 -14.081576
v -37.166382 125.355600 -14.081576
v -16.607006 124.239595 -10.778034
v -12.734463 141.291694 -14.120199
v -37.166382 141.291694 -25.088858
v -37.166382 141.291694 -25.088858
v -12.734463 141.291694 -14.120199
v -20.727856 156.404844 -7.221570
v -37.166382 158.334758 -14.093733
v -37.166382 163.809803 6.965559
v -37.166382 158.334758 -14.093733
v -20.727856 156.404844 -7.221570
v -37.166382 118.773584 6.965559
v -12.493485 125.890247 6.965559
v -16.607006 124.239595 -10.778034
v -16.607006 124.239595 -10.778034
v -12.493485 125.890247 6.965559
v 1.934170 141.291694 6.965559
v -12.734463 141.291694 -14.120199
v -12.734463 141.291694 -14.120199
v 1.934170 141.291694 6.965559
v -15.258554 156.530646 6.965559
v -20.727856 156.404844 -7.221570
v -37.166382 163.809803 6.965559
v -20.727856 156.404844 -7.221570
v -15.258554 156.530646 6.965559
v -43.620352 120.746447 -28.281143
v -29.647285 124.055066 -15.644194
v -24.482306 125.053856 -28.281143
v -24.482306 125.053856 -28.281143
v -29.647285 124.055066 -15.644194
v -26.582603 137.471045 -12.872561
v -19.899366 137.471045 -28.281143
v -19.899366 137.471045 -28.281143
v -26.582603 137.471045 -12.872561
v -29.604229 149.856741 -15.605255
v -23.411264 147.527522 -28.281143
v -43.620352 154.195643 -28.281143
v -23.411264 147.527522 -28.281143
v -29.604229 149.856741 -15.605255
v -43.620352 120.746447 -28.281143
v -43.620352 123.960217 -13.470953
v -29.647285 124.055066 -15.644194
v -29.647285 124.055066 -15.644194
v -43.620352 123.960217 -13.470953
v -43.620352 137.471045 -5.027405
v -26.582603 137.471045 -12.872561
v -26.582603 137.471045 -12.872561
v -43.620352 137.471045 -5.027405
v -43.620352 150.998902 -11.428596
v -29.604229 149.856741 -15.605255
v -43.620352 154.195643 -28.281143
v -29.604229 149.856741 -15.605255
v -43.620352 150.998902 -11.428596
v -43.620352 120.746447 -28.281143
v -56.156244 125.270611 -16.943945
v -43.620352 123.960217 -13.470953
v -43.620352 123.960217 -13.470953
v -56.156244 125.270611 -16.943945
v -60.163793 137.471045 -13.319602
v -43.620352 137.471045 -5.027405
v -43.620352 137.471045 -5.027405
v -60.163793 137.471045 -13.319602
v -56.082222 150.723800 -17.010889
v -43.620352 150.998902 -11.428596
v -43.620352 154.195643 -28.281143
v -43.620352 150.998902 -11.428596
v -56.082222 150.723800 -17.010889
v -43.620352 120.746447 -28.281143
v -61.962924 126.710076 -28.281143
v -56.156244 125.270611 -16.943945
v -56.156244 125.270611 -16.943945
v -61.962924 126.710076 -28.281143
v -69.742966 137.471045 -28.281143
v -60.163793 137.471045 -13.319602
v -60.163793 137.471045 -13.319602
v -69.742966 137.471045 -28.281143
v -64.538614 148.169394 -28.281143
v -56.082222 150.723800 -17.010889
v -43.620352 154.195643 -28.281143
v -56.082222 150.723800 -17.010889
v -64.538614 148.169394 -28.281143
v -43.620352 120.746447 -28.281143
v -58.386835 123.939212 -41.635640
v -61.962924 126.710076 -28.281143
v -61.962924 126.710076 -28.281143
v -58.386835 123.939212 -41.635640
v -63.972679 137.471045 -46.687360
v -69.742966 137.471045 -28.281143
v -69.742966 137.471045 -28.281143
v -63.972679 137.471045 -46.687360
v -58.489417 149.388072 -41.728413
v -64.538614 148.169394 -28.281143
v -43.620352 154.195643 -28.281143
v -64.538614 148.169394 -28.281143
v -58.489417 149.388072 -41.728413
v -43.620352 120.746447 -28.281143
v -43.620352 127.173934 -46.009372
v -58.386835 123.939212 -41.635640
v -58.386835 123.939212 -41.635640
v -43.620352 127.173934 -46.009372
v -43.620352 137.471045 -53.502046
v -63.972679 137.471045 -46.687360
v -63.972679 137.471045 -46.687360
v -43.620352 137.471045 -53.502046
v -43.620352 150.520330 -47.778072
v -58.489417 149.388072 -41.728413
v -43.620352 154.195643 -28.281143
v -58.489417 149.388072 -41.728413
v -43.620352 150.520330 -47.778072
v -43.620352 120.746447 -28.281143
v -31.053925 125.752665 -39.645955
v -43.620352 127.173934 -46.009372
v -43.620352 127.173934 -46.009372
v -31.053925 125.752665 -39.645955
v -27.500419 137.471045 -42.859671
v -43.620352 137.471045 -53.502046
v -43.620352 137.471045 -53.502046
v -27.500419 137.471045 -42.859671
v -32.246339 149.324633 -38.567561
v -43.620352 150.520330 -47.778072
v -43.620352 154.195643 -28.281143
v -43.620352 150.520330 -47.778072
v -32.246339 149.324633 -38.567561
v -43.620352 120.746447 -28.281143
v -24.482306 125.053856 -28.281143
v -31.053925 125.752665 -39.645955
v -31.053925 125.752665 -39.645955
v -24.482306 125.053856 -28.281143
v -19.899366 137.471045 -28.281143
v -27.500419 137.471045 -42.859671
v -27.500419 137.471045 -42.859671
v -19.899366 137.471045 -28.281143
v -23.411264 147.527522 -28.281143
v -32.246339 149.324633 -38.567561
v -43.620352 154.195643 -28.281143
v -32.246339 149.324633 -38.567561
v -23.411264 147.527522 -28.281143
v -13.910549 158.673211 -56.989376
v 3.649757 164.385728 -44.150107
v 8.992079 164.169447 -56.989376
v 8.992079 164.169447 -56.989376
v 3.649757 164.385728 -44.150107
v 8.692747 177.793094 -40.462909
v 14.520286 177.793094 -56.989376
v 14.520286 177.793094 -56.989376
v 8.692747 177.793094 -40.462909
v 2.203213 192.140154 -45.207752
v 7.220590 191.994992 -56.989376
v -13.910549 196.912977 -56.989376
v 7.220590 191.994992 -56.989376
v 2.203213 192.140154 -45.207752
v -13.910549 158.673211 -56.989376
v -13.910549 163.379907 -41.039733
v 3.649757 164.385728 -44.150107
v 3.649757 164.385728 -44.150107
v -13.910549 163.379907 -41.039733
v -13.910549 177.793094 -34.696213
v 8.692747 177.793094 -40.462909
v 8.692747 177.793094 -40.462909
v -13.910549 177.793094 -34.696213
v -13.910549 192.922038 -38.560369
v 2.203213 192.140154 -45.207752
v -13.910549 196.912977 -56.989376
v 2.203213 192.140154 -45.207752
v -13.910549 192.922038 -38.560369
v -13.910549 158.673211 -56.989376
v -28.802440 164.656579 -46.101126
v -13.910549 163.379907 -41.039733
v -13.910549 163.379907 -41.039733
v -28.802440 164.656579 -46.101126
v -35.478516 177.793094 -41.219893
v -13.910549 177.793094 -34.696213
v -13.910549 177.793094 -34.696213
v -35.478516 177.793094 -41.219893
v -28.572711 192.877191 -46.269093
v -13.910549 192.922038 -38.560369
v -13.910549 196.912977 -56.989376
v -13.910549 192.922038 -38.560369
v -28.572711 192.877191 -46.269093
v -13.910549 158.673211 -56.989376
v -32.256886 165.650560 -56.989376
v -28.802440 164.656579 -46.101126
v -28.802440 164.656579 -46.101126
v -32.256886 165.650560 -56.989376
v -45.915116 177.793094 -56.989376
v -35.478516 177.793094 -41.219893
v -35.478516 177.793094 -41.219893
v -45.915116 177.793094 -56.989376
v -35.992293 191.096897 -56.989376
v -28.572711 192.877191 -46.269093
v -13.910549 196.912977 -56.989376
v -28.572711 192.877191 -46.269093
v -35.992293 191.096897 -56.989376
v -13.910549 158.673211 -56.989376
v -27.182918 164.174709 -66.693509
v -32.256886 165.650560 -56.989376
v -32.256886 165.650560 -56.989376
v -27.182918 164.174709 -66.693509
v -35.950276 177.793094 -73.103788
v -45.915116 177.793094 -56.989376
v -45.915116 177.793094 -56.989376
v -35.950276 177.793094 -73.103788
v -28.083999 192.146669 -67.352337
v -35.992293 191.096897 -56.989376
v -13.910549 196.912977 -56.989376
v -35.992293 191.096897 -56.989376
v -28.083999 192.146669 -67.352337
v -13.910549 158.673211 -56.989376
v -13.910549 162.499330 -71.402013
v -27.182918 164.174709 -66.693509
v -27.182918 164.174709 -66.693509
v -13.910549 162.499330 -71.402013
v -13.910549 177.793094 -81.076618
v -35.950276 177.793094 -73.103788
v -35.950276 177.793094 -73.103788
v -13.910549 177.793094 -81.076618
v -13.910549 192.404540 -70.576280
v -28.083999 192.146669 -67.352337
v -13.910549 196.912977 -56.989376
v -28.083999 192.146669 -67.352337
v -13.910549 192.404540 -70.576280
v -13.910549 158.673211 -56.989376
v 0.808194 164.546034 -67.751029
v -13.910549 162.499330 -71.402013
v -13.910549 162.499330 -71.402013
v 0.808194 164.546034 -67.751029
v 6.839527 177.793094 -72.160856
v -13.910549 177.793094 -81.076618
v -13.910549 177.793094 -81.076618
v 6.839527 177.793094 -72.160856
v -0.430130 190.545560 -66.845624
v -13.910549 192.404540 -70.576280
v -13.910549 196.912977 -56.989376
v -13.910549 192.404540 -70.576280
v -0.430130 190.545560 -66.845624
v -13.910549 158.673211 -56.989376
v 8.992079 164.169447 -56.989376
v 0.808194 164.546034 -67.751029
v 0.808194 164.546034 -67.751029
v 8.992079 164.169447 -56.989376
v 14.520286 177.793094 -56.989376
v 6.839527 177.793094 -72.160856
v 6.839527 177.793094 -72.160856
v 14.520286 177.793094 -56.989376
v 7.220590 191.994992 -56.989376
v -0.430130 190.545560 -66.845624
v -13.910549 196.912977 -56.989376
v -0.430130 190.545560 -66.845624
v 7.220590 191.994992 -56.989376
v 31.554738 157.318439 -55.973740
v 44.778453 160.996793 -44.930813
v 48.957839 162.410416 -55.973740
v 48.957839 162.410416 -55.973740
v 44.778453 160.996793 -44.930813
v 48.348707 173.206014 -41.949347
v 55.944192 173.206014 -55.973740
v 55.944192 173.206014 -55.973740
v 48.348707 173.206014 -41.949347
v 42.912603 185.255879 -46.488956
v 48.007049 184.186222 -55.973740
v 31.554738 189.093588 -55.973740
v 48.007049 184.186222 -55.973740
v 42.912603 185.255879 -46.488956
v 31.554738 157.318439 -55.973740
v 31.554738 160.673465 -39.419733
v 44.778453 160.996793 -44.930813
v 44.778453 160.996793 -44.930813
v 31.554738 160.673465 -39.419733
v 31.554738 173.206014 -35.954906
v 48.348707 173.206014 -41.949347
v 48.348707 173.206014 -41.949347
v 31.554738 173.206014 -35.954906
v 31.554738 183.471457 -42.335776
v 42.912603 185.255879 -46.488956
v 31.554738 189.093588 -55.973740
v 42.912603 185.255879 -46.488956
v 31.554738 183.471457 -42.335776
v 31.554738 157.318439 -55.973740
v 17.040536 163.449669 -43.853146
v 31.554738 160.673465 -39.419733
v 31.554738 160.673465 -39.419733
v 17.040536 163.449669 -43.853146
v 13.253646 173.206014 -40.690771
v 31.554738 173.206014 -35.954906
v 31.554738 173.206014 -35.954906
v 13.253646 173.206014 -40.690771
v 19.989590 183.092935 -46.315858
v 31.554738 183.471457 -42.335776
v 31.554738 189.093588 -55.973740
v 31.554738 183.471457 -42.335776
v 19.989590 183.092935 -46.315858
v 31.554738 157.318439 -55.973740
v 10.604210 163.323975 -55.973740
v 17.040536 163.449669 -43.853146
v 17.040536 163.449669 -43.853146
v 10.604210 163.323975 -55.973740
v 4.423930 173.206014 -55.973740
v 13.253646 173.206014 -40.690771
v 13.253646 173.206014 -40.690771
v 4.423930 173.206014 -55.973740
v 16.073618 185.286180 -55.973740
v 19.989590 183.092935 -46.315858
v 31.554738 189.093588 -55.973740
v 19.989590 183.092935 -46.315858
v 16.073618 185.286180 -55.973740
v 31.554738 157.318439 -55.973740
v 16.728676 163.073365 -68.354763
v 10.604210 163.323975 -55.973740
v 10.604210 163.323975 -55.973740
v 16.728676 163.073365 -68.354763
v 15.671346 173.206014 -69.237723
v 4.423930 173.206014 -55.973740
v 4.423930 173.206014 -55.973740
v 15.671346 173.206014 -69.237723
v 19.319513 184.793030 -66.191193
v 16.073618 185.286180 -55.973740
v 31.554738 189.093588 -55.973740
v 16.073618 185.286180 -55.973740
v 19.319513 184.793030 -66.191193
v 31.554738 157.318439 -55.973740
v 31.554738 161.735354 -70.771954
v 16.728676 163.073365 -68.354763
v 16.728676 163.073365 -68.354763
v 31.554738 161.735354 -70.771954
v 31.554738 173.206014 -79.071268
v 15.671346 173.206014 -69.237723
v 15.671346 173.206014 -69.237723
v 31.554738 173.206014 -79.071268
v 31.554738 184.813905 -73.243479
v 19.319513 184.793030 -66.191193
v 31.554738 189.093588 -55.973740
v 19.319513 184.793030 -66.191193
v 31.554738 184.813905 -73.243479
v 31.554738 157.318439 -55.973740
v 43.650759 163.655578 -66.074946
v 31.554738 161.735354 -70.771954
v 31.554738 161.735354 -70.771954
v 43.650759 163.655578 -66.074946
v 52.363279 173.206014 -73.350642
v 31.554738 173.206014 -79.071268
v 31.554738 173.206014 -79.071268
v 52.363279 173.206014 -73.350642
v 44.294790 183.813110 -66.612767
v 31.554738 184.813905 -73.243479
v 31.554738 189.093588 -55.973740
v 31.554738 184.813905 -73.243479
v 44.294790 183.813110 -66.612767
v 31.554738 157.318439 -55.973740
v 48.957839 162.410416 -55.973740
v 43.650759 163.655578 -66.074946
v 43.650759 163.655578 -66.074946
v 48.957839 162.410416 -55.973740
v 55.944192 173.206014 -55.973740
v 52.363279 173.206014 -73.350642
v 52.363279 173.206014 -73.350642
v 55.944192 173.206014 -55.973740
v 48.007049 184.186222 -55.973740
v 44.294790 183.813110 -66.612767
v 31.554738 189.093588 -55.973740
v 44.294790 183.813110 -66.612767
v 48.007049 184.186222 -55.973740
v 45.234444 150.305178 -26.707609
v 59.367713 156.992613 -14.170558
v 63.988747 157.785875 -26.707609
v 63.988747 157.785875 -26.707609
v 59.367713 156.992613 -14.170558
v 65.486307 168.955766 -8.743000
v 77.274983 168.955766 -26.707609
v 77.274983 168.955766 -26.707609
v 65.486307 168.955766 -8.743000
v 62.617872 183.718987 -11.287473
v 65.692885 181.693897 -26.707609
v 45.234444 187.606355 -26.707609
v 65.692885 181.693897 -26.707609
v 62.617872 183.718987 -11.287473
v 45.234444 150.305178 -26.707609
v 45.234444 156.325631 -5.624929
v 59.367713 156.992613 -14.170558
v 59.367713 156.992613 -14.170558
v 45.234444 156.325631 -5.624929
v 45.234444 168.955766 -2.855857
v 65.486307 168.955766 -8.743000
v 65.486307 168.955766 -8.743000
v 45.234444 168.955766 -2.855857
v 45.234444 180.985413 -8.893203
v 62.617872 183.718987 -11.287473
v 45.234444 187.606355 -26.707609
v 62.617872 183.718987 -11.287473
v 45.234444 180.985413 -8.893203
v 45.234444 150.305178 -26.707609
v 28.803690 157.670931 -12.132552
v 45.234444 156.325631 -5.624929
v 45.234444 156.325631 -5.624929
v 28.803690 157.670931 -12.132552
v 20.579481 168.955766 -4.837188
v 45.234444 168.955766 -2.855857
v 45.234444 168.955766 -2.855857
v 20.579481 168.955766 -4.837188
v 27.878546 180.866122 -11.311893
v 45.234444 180.985413 -8.893203
v 45.234444 187.606355 -26.707609
v 45.234444 180.985413 -8.893203
v 27.878546 180.866122 -11.311893
v 45.234444 150.305178 -26.707609
v 25.912660 155.731565 -26.707609
v 28.803690 157.670931 -12.132552
v 28.803690 157.670931 -12.132552
v 25.912660 155.731565 -26.707609
v 12.707477 168.955766 -26.707609
v 20.579481 168.955766 -4.837188
v 20.579481 168.955766 -4.837188
v 12.707477 168.955766 -26.707609
v 26.920589 182.668502 -26.707609
v 27.878546 180.866122 -11.311893
v 45.234444 187.606355 -26.707609
v 27.878546 180.866122 -11.311893
v 26.920589 182.668502 -26.707609
v 45.234444 150.305178 -26.707609
v 28.001804 154.706356 -41.993986
v 25.912660 155.731565 -26.707609
v 25.912660 155.731565 -26.707609
v 28.001804 154.706356 -41.993986
v 26.365575 168.955766 -43.445420
v 12.707477 168.955766 -26.707609
v 12.707477 168.955766 -26.707609
v 26.365575 168.955766 -43.445420
v 30.314550 182.035887 -39.942443
v 26.920589 182.668502 -26.707609
v 45.234444 187.606355 -26.707609
v 26.920589 182.668502 -26.707609
v 30.314550 182.035887 -39.942443
v 45.234444 150.305178 -26.707609
v 45.234444 154.663300 -46.046879
v 28.001804 154.706356 -41.993986
v 28.001804 154.706356 -41.993986
v 45.234444 154.663300 -46.046879
v 45.234444 168.955766 -55.274317
v 26.365575 168.955766 -43.445420
v 26.365575 168.955766 -43.445420
v 45.234444 168.955766 -55.274317
v 45.234444 183.544271 -48.152945
v 30.314550 182.035887 -39.942443
v 45.234444 187.606355 -26.707609
v 30.314550 182.035887 -39.942443
v 45.234444 183.544271 -48.152945
v 45.234444 150.305178 -26.707609
v 58.251793 157.554917 -38.254772
v 45.234444 154.663300 -46.046879
v 45.234444 154.663300 -46.046879
v 58.251793 157.554917 -38.254772
v 66.057703 168.955766 -45.179080
v 45.234444 168.955766 -55.274317
v 45.234444 168.955766 -55.274317
v 66.057703 168.955766 -45.179080
v 57.901402 183.336379 -37.943955
v 45.234444 183.544271 -48.152945
v 45.234444 187.606355 -26.707609
v 45.234444 183.544271 -48.152945
v 57.901402 183.336379 -37.943955
v 45.234444 150.305178 -26.707609
v 63.988747 157.785875 -26.707609
v 58.251793 157.554917 -38.254772
v 58.251793 157.554917 -38.254772
v 63.988747 157.785875 -26.707609
v 77.274983 168.955766 -26.707609
v 66.057703 168.955766 -45.179080
v 66.057703 168.955766 -45.179080
v 77.274983 168.955766 -26.707609
v 65.692885 181.693897 -26.707609
v 57.901402 183.336379 -37.943955
v 45.234444 187.606355 -26.707609
v 57.901402 183.336379 -37.943955
v 65.692885 181.693897 -26.707609
v 0.000000 149.481892 0.000000
v 18.106519 155.909397 13.354700
v 22.393734 157.123798 0.000000
v 22.393734 157.123798 0.000000
v 18.106519 155.909397 13.354700
v 24.764609 171.926725 18.265461
v 39.003296 171.926725 0.000000
v 39.003296 171.926725 0.000000
v 24.764609 171.926725 18.265461
v 20.761411 189.643471 15.312850
v 28.436162 189.100216 0.000000
v 0.000000 194.371557 0.000000
v 28.436162 189.100216 0.000000
v 20.761411 189.643471 15.312850
v 0.000000 149.481892 0.000000
v 0.000000 155.691008 20.899254
v 18.106519 155.909397 13.354700
v 18.106519 155.909397 13.354700
v 0.000000 155.691008 20.899254
v 0.000000 171.926725 25.493697
v 24.764609 171.926725 18.265461
v 24.764609 171.926725 18.265461
v 0.000000 171.926725 25.493697
v 0.000000 188.947635 20.773673
v 20.761411 189.643471 15.312850
v 0.000000 194.371557 0.000000
v 20.761411 189.643471 15.312850
v 0.000000 188.947635 20.773673
v 0.000000 149.481892 0.000000
v -20.289242 157.258845 14.964595
v 0.000000 155.691008 20.899254
v 0.000000 155.691008 20.899254
v -20.289242 157.258845 14.964595
v -26.460428 171.926725 19.516235
v 0.000000 171.926725 25.493697
v 0.000000 171.926725 25.493697
v -26.460428 171.926725 19.516235
v -20.795433 189.365424 15.337944
v 0.000000 188.947635 20.773673
v 0.000000 194.371557 0.000000
v 0.000000 188.947635 20.773673
v -20.795433 189.365424 15.337944
v 0.000000 149.481892 0.000000
v -24.613221 153.846073 0.000000
v -20.289242 157.258845 14.964595
v -20.289242 157.258845 14.964595
v -24.613221 153.846073 0.000000
v -36.565533 171.926725 0.000000
v -26.460428 171.926725 19.516235
v -26.460428 171.926725 19.516235
v -36.565533 171.926725 0.000000
v -25.110363 189.971437 0.000000
v -20.795433 189.365424 15.337944
v 0.000000 194.371557 0.000000
v -20.795433 189.365424 15.337944
v -25.110363 189.971437 0.000000
v 0.000000 149.481892 0.000000
v -19.874005 156.185064 -14.658332
v -24.613221 153.846073 0.000000
v -24.613221 153.846073 0.000000
v -19.874005 156.185064 -14.658332
v -26.151557 171.926725 -19.288423
v -36.565533 171.926725 0.000000
v -36.565533 171.926725 0.000000
v -26.151557 171.926725 -19.288423
v -15.464620 188.108353 -11.406133
v -25.110363 189.971437 0.000000
v 0.000000 194.371557 0.000000
v -25.110363 189.971437 0.000000
v -15.464620 188.108353 -11.406133
v 0.000000 149.481892 0.000000
v -0.000000 157.393578 -18.618705
v -19.874005 156.185064 -14.658332
v -19.874005 156.185064 -14.658332
v -0.000000 157.393578 -18.618705
v -0.000000 171.926725 -30.599981
v -26.151557 171.926725 -19.288423
v -26.151557 171.926725 -19.288423
v -0.000000 171.926725 -30.599981
v -0.000000 189.466327 -18.889247
v -15.464620 188.108353 -11.406133
v 0.000000 194.371557 0.000000
v -15.464620 188.108353 -11.406133
v -0.000000 189.466327 -18.889247
v 0.000000 149.481892 0.000000
v 16.023281 155.608839 -11.818181
v -0.000000 157.393578 -18.618705
v -0.000000 157.393578 -18.618705
v 16.023281 155.608839 -11.818181
v 29.132135 171.926725 -21.486787
v -0.000000 171.926725 -30.599981
v -0.000000 171.926725 -30.599981
v 29.132135 171.926725 -21.486787
v 17.678927 188.922433 -13.039324
v -0.000000 189.466327 -18.889247
v 0.000000 194.371557 0.000000
v -0.000000 189.466327 -18.889247
v 17.678927 188.922433 -13.039324
v 0.000000 149.481892 0.000000
v 22.393734 157.123798 0.000000
v 16.023281 155.608839 -11.818181
v 16.023281 155.608839 -11.818181
v 22.393734 157.123798 0.000000
v 39.003296 171.926725 0.000000
v 29.132135 171.926725 -21.486787
v 29.132135 171.926725 -21.486787
v 39.003296 171.926725 0.000000
v 28.436162 189.100216 0.000000
v 17.678927 188.922433 -13.039324
v 0.000000 194.371557 0.000000
v 17.678927 188.922433 -13.039324
v 28.436162 189.100216 0.000000
v 0.000000 136.932083 0.000000
v 13.342947 142.636739 11.337163
v 20.648206 140.892634 0.000000
v 20.648206 140.892634 0.000000
v 13.342947 142.636739 11.337163
v 22.565396 155.694338 19.173243
v 28.540542 155.694338 0.000000
v 28.540542 155.694338 0.000000
v 22.565396 155.694338 19.173243
v 17.376054 167.739013 14.763991
v 24.478503 167.723565 0.000000
v 0.000000 174.456594 0.000000
v 24.478503 167.723565 0.000000
v 17.376054 167.739013 14.763991
v 0.000000 136.932083 0.000000
v 0.000000 141.830167 15.803396
v 13.342947 142.636739 11.337163
v 13.342947 142.636739 11.337163
v 0.000000 141.830167 15.803396
v 0.000000 155.694338 22.994138
v 22.565396 155.694338 19.173243
v 22.565396 155.694338 19.173243
v 0.000000 155.694338 22.994138
v 0.000000 168.748300 16.879569
v 17.376054 167.739013 14.763991
v 0.000000 174.456594 0.000000
v 17.376054 167.739013 14.763991
v 0.000000 168.748300 16.879569
v 0.000000 136.932083 0.000000
v -16.032833 143.083660 13.622690
v 0.000000 141.830167 15.803396
v 0.000000 141.830167 15.803396
v -16.032833 143.083660 13.622690
v -23.248399 155.694338 19.753573
v 0.000000 155.694338 22.994138
v 0.000000 155.694338 22.994138
v -23.248399 155.694338 19.753573
v -13.012857 169.925088 11.056693
v 0.000000 168.748300 16.879569
v 0.000000 174.456594 0.000000
v 0.000000 168.748300 16.879569
v -13.012857 169.925088 11.056693
v 0.000000 136.932083 0.000000
v -23.685798 143.473851 0.000000
v -16.032833 143.083660 13.622690
v -16.032833 143.083660 13.622690
v -23.685798 143.473851 0.000000
v -30.485071 155.694338 0.000000
v -23.248399 155.694338 19.753573
v -23.248399 155.694338 19.753573
v -30.485071 155.694338 0.000000
v -21.080704 167.795202 0.000000
v -13.012857 169.925088 11.056693
v 0.000000 174.456594 0.000000
v -13.012857 169.925088 11.056693
v -21.080704 167.795202 0.000000
v 0.000000 136.932083 0.000000
v -16.628975 142.131591 -14.129217
v -23.685798 143.473851 0.000000
v -23.685798 143.473851 0.000000
v -16.628975 142.131591 -14.129217
v -20.223485 155.694338 -17.183380
v -30.485071 155.694338 0.000000
v -30.485071 155.694338 0.000000
v -20.223485 155.694338 -17.183380
v -12.832200 167.014825 -10.903194
v -21.080704 167.795202 0.000000
v 0.000000 174.456594 0.000000
v -21.080704 167.795202 0.000000
v -12.832200 167.014825 -10.903194
v 0.000000 136.932083 0.000000
v -0.000000 144.386798 -19.235308
v -16.628975 142.131591 -14.129217
v -16.628975 142.131591 -14.129217
v -0.000000 144.386798 -19.235308
v -0.000000 155.694338 -26.922678
v -20.223485 155.694338 -17.183380
v -20.223485 155.694338 -17.183380
v -0.000000 155.694338 -26.922678
v -0.000000 168.204228 -20.251660
v -12.832200 167.014825 -10.903194
v 0.000000 174.456594 0.000000
v -12.832200 167.014825 -10.903194
v -0.000000 168.204228 -20.251660
v 0.000000 136.932083 0.000000
v 15.838366 143.405143 -13.457457
v -0.000000 144.386798 -19.235308
v -0.000000 144.386798 -19.235308
v 15.838366 143.405143 -13.457457
v 18.409471 155.694338 -15.642060
v -0.000000 155.694338 -26.922678
v -0.000000 155.694338 -26.922678
v 18.409471 155.694338 -15.642060
v 14.333199 170.991167 -12.178554
v -0.000000 168.204228 -20.251660
v 0.000000 174.456594 0.000000
v -0.000000 168.204228 -20.251660
v 14.333199 170.991167 -12.178554
v 0.000000 136.932083 0.000000
v 20.648206 140.892634 0.000000
v 15.838366 143.405143 -13.457457
v 15.838366 143.405143 -13.457457
v 20.648206 140.892634 0.000000
v 28.540542 155.694338 0.000000
v 18.409471 155.694338 -15.642060
v 18.409471 155.694338 -15.642060
v 28.540542 155.694338 0.000000
v 24.478503 167.723565 0.000000
v 14.333199 170.991167 -12.178554
v 0.000000 174.456594 0.000000
v 14.333199 170.991167 -12.178554
v 24.478503 167.723565 0.000000
vt 0.000000 0.000000
vt 1.000000 0.000000
vt 1.000000 1.000000
vt 0.000000 1.000000
vt 0.500000 1.000000
vt 0.000000 0.000000
vt 1.000000 0.000000
vt 0.000000 0.000000
vt 1.000000 0.000000
vt 1.000000 1.000000
vt 0.000000 1.000000
vt 0.500000 1.000000
vt 0.000000 0.000000
vt 1.000000 0.000000
vt 0.000000 0.000000
vt 1.000000 0.000000
vt 1.000000 1.000000
vt 0.000000 1.000000
vt 0.500000 1.000000
vt 0.000000 0.000000
vt 1.000000 0.000000
vt 0.000000 0.000000
vt 1.000000 0.000000
vt 1.000000 1.000000
vt 0.000000 1.000000
vt 0.500000 1.000000
vt 0.000000 0.000000
vt 1.000000 0.000000
vt 0.000000 0.000000
vt 1.000000 0.000000
vt 1.000000 1.000000
vt 0.000000 1.000000
vt 0.500000 1.000000
vt 0.000000 0.000000
vt 1.000000 0.000000
vt 0.000000 0.000000
vt 1.000000 0.000000
vt 1.000000 1.000000
vt 0.000000 1.000000
vt 0.500000 1.000000
vt 0.000000 0.000000
vt 1.000000 0.000000
vt 0.000000 0.000000
vt 1.000000 0.000000
vt 1.000000 1.000000
vt 0.000000 1.000000
vt 0.500000 1.000000
vt 0.000000 0.000000
vt 1.000000 0.000000
vt 0.000000 0.000000
vt 1.000000 0.000000
vt 1.000000 1.000000
vt 0.000000 1.000000
vt 0.500000 1.000000
vt 0.000000 0.000000
vt 1.000000 0.000000
vt 0.000000 0.000000
vt 1.000000 0.000000
vt 1.000000 1.000000
vt 0.000000 1.000000
vt 0.500000 1.000000
vt 0.000000 0.000000
vt 1.000000 0.000000
vt 0.000000 0.000000
vt 1.000000 0.000000
vt 1.000000 1.000000
vt 0.000000 1.000000
vt 0.000000 0.000000
vt 1.000000 0.000000
vt 1.000000 1.000000
vt 0.000000 1.000000
vt 0.000000 0.000000
vt 1.000000 0.000000
vt 1.000000 1.000000
vt 0.000000 1.000000
vt 0.000000 0.000000
vt 1.000000 0.000000
vt 1.000000 1.000000
vt 0.000000 1.000000
vt 0.000000 0.000000
vt 1.000000 0.000000
vt 1.000000 1.000000
vt 0.000000 1.000000
vt 0.000000 0.000000
vt 1.000000 0.000000
vt 1.000000 1.000000
vt 0.000000 1.000000
vt 0.000000 0.000000
vt 1.000000 0.000000
vt 1.000000 1.000000
vt 0.000000 1.000000
vt 0.000000 0.000000
vt 1.000000 0.000000
vt 1.000000 1.000000
vt 0.000000 1.000000
vt 0.000000 0.000000
vt 1.000000 0.000000
vt 1.000000 1.000000
vt 0.000000 1.000000
vt 0.000000 0.000000
vt 1.000000 0.000000
vt 1.000000 1.000000
vt 0.000000 1.000000
vt 0.500000 1.000000
vt 0.000000 0.000000
vt 1.000000 0.000000
vt 0.000000 0.000000
vt 1.000000 0.000000
vt 1.000000 1.000000
vt 0.000000 1.000000
vt 0.500000 1.000000
vt 0.000000 0.000000
vt 1.000000 0.000000
vt 0.000000 0.000000
vt 1.000000 0.000000
vt 1.000000 1.000000
vt 0.000000 1.000000
vt 0.500000 1.000000
vt 0.000000 0.000000
vt 1.000000 0.000000
vt 0.000000 0.000000
vt 1.000000 0.000000
vt 1.000000 1.000000
vt 0.000000 1.000000
vt 0.500000 1.000000
vt 0.000000 0.000000
vt 1.000000 0.000000
vt 0.000000 0.000000
vt 1.000000 0.000000
vt 1.000000 1.000000
vt 0.000000 1.000000
vt 0.500000 1.000000
vt 0.000000 0.000000
vt 1.000000 0.000000
vt 0.000000 0.000000
vt 1.000000 0.000000
vt 1.000000 1.000000
vt 0.000000 1.000000
vt 0.500000 1.000000
vt 0.000000 0.000000
vt 1.000000 0.000000
vt 0.000000 0.000000
vt 1.000000 0.000000
vt 1.000000 1.000000
vt 0.000000 1.000000
vt 0.500000 1.000000
vt 0.000000 0.000000
vt 1.000000 0.000000
vt 0.000000 0.000000
vt 1.000000 0.000000
vt 1.000000 1.000000
vt 0.000000 1.000000
vt 0.500000 1.000000
vt 0.000000 0.000000
vt 1.000000 0.000000
vt 0.000000 0.000000
vt 1.000000 0.000000
vt 1.000000 1.000000
vt 0.000000 1.000000
vt 0.500000 1.000000
vt 0.000000 0.000000
vt 1.000000 0.000000
vt 0.000000 0.000000
vt 1.000000 0.000000
vt 1.000000 1.000000
vt 0.000000 1.000000
vt 0.500000 1.000000
vt 0.000000 0.000000
vt 1.000000 0.000000
vt 0.000000 0.000000
vt 1.000000 0.000000
vt 1.000000 1.000000
vt 0.000000 1.000000
vt 0.500000 1.000000
vt 0.000000 0.000000
vt 1.000000 0.000000
vt 0.000000 0.000000
vt 1.000000 0.000000
vt 1.000000 1.000000
vt 0.000000 1.000000
vt 0.500000 1.000000
vt 0.000000 0.000000
vt 1.000000 0.000000
vt 0.000000 0.000000
vt 1.000000 0.000000
vt 1.000000 1.000000
vt 0.000000 1.000000
vt 0.500000 1.000000
vt 0.000000 0.000000
vt 1.000000 0.000000
vt 0.000000 0.000000
vt 1.000000 0.000000
vt 1.000000 1.000000
vt 0.000000 1.000000
vt 0.500000 1.000000
vt 0.000000 0.000000
vt 1.000000 0.000000
vt 0.000000 0.000000
vt 1.000000 0.000000
vt 1.000000 1.000000
vt 0.000000 1.000000
vt 0.500000 1.000000
vt 0.000000 0.000000
vt 1.000000 0.000000
vt 0.000000 0.000000
vt 1.000000 0.000000
vt 1.000000 1.000000
vt 0.000000 1.000000
vt 0.500000 1.000000
vt 0.000000 0.000000
vt 1.000000 0.000000
vt 0.000000 0.000000
vt 1.000000 0.000000
vt 1.000000 1.000000
vt 0.000000 1.000000
vt 0.500000 1.000000
vt 0.000000 0.000000
vt 1.000000 0.000000
vt 0.000000 0.000000
vt 1.000000 0.000000
vt 1.000000 1.000000
vt 0.000000 1.000000
vt 0.500000 1.000000
vt 0.000000 0.000000
vt 1.000000 0.000000
vt 0.000000 0.000000
vt 1.000000 0.000000
vt 1.000000 1.000000
vt 0.000000 1.000000
vt 0.500000 1.000000
vt 0.000000 0.000000
vt 1.000000 0.000000
vt 0.000000 0.000000
vt 1.000000 0.000000
vt 1.000000 1.000000
vt 0.000000 1.000000
vt 0.500000 1.000000
vt 0.000000 0.000000
vt 1.000000 0.000000
vt 0.000000 0.000000
vt 1.000000 0.000000
vt 1.000000 1.000000
vt 0.000000 1.000000
vt 0.500000 1.000000
vt 0.000000 0.000000
vt 1.000000 0.000000
vt 0.000000 0.000000
vt 1.000000 0.000000
vt 1.000000 1.000000
vt 0.000000 1.000000
vt 0.500000 1.000000
vt 0.000000 0.000000
vt 1.000000 0.000000
vt 0.000000 0.000000
vt 1.000000 0.000000
vt 1.000000 1.000000
vt 0.000000 1.000000
vt 0.500000 1.000000
vt 0.000000 0.000000
vt 1.000000 0.000000
vt 0.000000 0.000000
vt 1.000000 0.000000
vt 1.000000 1.000000
vt 0.000000 1.000000
vt 0.500000 1.000000
vt 0.000000 0.000000
vt 1.000000 0.000000
vt 0.000000 0.000000
vt 1.000000 0.000000
vt 1.000000 1.000000
vt 0.000000 1.000000
vt 0.500000 1.000000
vt 0.000000 0.000000
vt 1.000000 0.000000
vt 0.000000 0.000000
vt 1.000000 0.000000
vt 1.000000 1.000000
vt 0.000000 1.000000
vt 0.500000 1.000000
vt 0.000000 0.000000
vt 1.000000 0.000000
vt 0.000000 0.000000
vt 1.000000 0.000000
vt 1.000000 1.000000
vt 0.000000 1.000000
vt 0.500000 1.000000
vt 0.000000 0.000000
vt 1.000000 0.000000
vt 0.000000 0.000000
vt 1.000000 0.000000
vt 1.000000 1.000000
vt 0.000000 1.000000
vt 0.500000 1.000000
vt 0.000000 0.000000
vt 1.000000 0.000000
vt 0.000000 0.000000
vt 1.000000 0.000000
vt 1.000000 1.000000
vt 0.000000 1.000000
vt 0.500000 1.000000
vt 0.000000 0.000000
vt 1.000000 0.000000
vt 0.000000 0.000000
vt 1.000000 0.000000
vt 1.000000 1.000000
vt 0.000000 1.000000
vt 0.500000 1.000000
vt 0.000000 0.000000
vt 1.000000 0.000000
vt 0.000000 0.000000
vt 1.000000 0.000000
vt 1.000000 1.000000
vt 0.000000 1.000000
vt 0.500000 1.000000
vt 0.000000 0.000000
vt 1.000000 0.000000
vt 0.000000 0.000000
vt 1.000000 0.000000
vt 1.000000 1.000000
vt 0.000000 1.000000
vt 0.500000 1.000000
vt 0.000000 0.000000
vt 1.000000 0.000000
vt 0.000000 0.000000
vt 1.000000 0.000000
vt 1.000000 1.000000
vt 0.000000 1.000000
vt 0.500000 1.000000
vt 0.000000 0.000000
vt 1.000000 0.000000
vt 0.000000 0.000000
vt 1.000000 0.000000
vt 1.000000 1.000000
vt 0.000000 1.000000
vt 0.500000 1.000000
vt 0.000000 0.000000
vt 1.000000 0.000000
vt 0.000000 0.000000
vt 1.000000 0.000000
vt 1.000000 1.000000
vt 0.000000 1.000000
vt 0.500000 1.000000
vt 0.000000 0.000000
vt 1.000000 0.000000
vt 0.000000 0.000000
vt 1.000000 0.000000
vt 1.000000 1.000000
vt 0.000000 1.000000
vt 0.500000 1.000000
vt 0.000000 0.000000
vt 1.000000 0.000000
vt 0.000000 0.000000
vt 1.000000 0.000000
vt 1.000000 1.000000
vt 0.000000 1.000000
vt 0.500000 1.000000
vt 0.000000 0.000000
vt 1.000000 0.000000
vt 0.000000 0.000000
vt 1.000000 0.000000
vt 1.000000 1.000000
vt 0.000000 1.000000
vt 0.500000 1.000000
vt 0.000000 0.000000
vt 1.000000 0.000000
vt 0.000000 0.000000
vt 1.000000 0.000000
vt 1.000000 1.000000
vt 0.000000 1.000000
vt 0.500000 1.000000
vt 0.000000 0.000000
vt 1.000000 0.000000
vt 0.000000 0.000000
vt 1.000000 0.000000
vt 1.000000 1.000000
vt 0.000000 1.000000
vt 0.500000 1.000000
vt 0.000000 0.000000
vt 1.000000 0.000000
vt 0.000000 0.000000
vt 1.000000 0.000000
vt 1.000000 1.000000
vt 0.000000 1.000000
vt 0.500000 1.000000
vt 0.000000 0.000000
vt 1.000000 0.000000
vt 0.000000 0.000000
vt 1.000000 0.000000
vt 1.000000 1.000000
vt 0.000000 1.000000
vt 0.500000 1.000000
vt 0.000000 0.000000
vt 1.000000 0.000000
vt 0.000000 0.000000
vt 1.000000 0.000000
vt 1.000000 1.000000
vt 0.000000 1.000000
vt 0.500000 1.000000
vt 0.000000 0.000000
vt 1.000000 0.000000
vt 0.000000 0.000000
vt 1.000000 0.000000
vt 1.000000 1.000000
vt 0.000000 1.000000
vt 0.500000 1.000000
vt 0.000000 0.000000
vt 1.000000 0.000000
vt 0.000000 0.000000
vt 1.000000 0.000000
vt 1.000000 1.000000
vt 0.000000 1.000000
vt 0.500000 1.000000
vt 0.000000 0.000000
vt 1.000000 0.000000
vt 0.000000 0.000000
vt 1.000000 0.000000
vt 1.000000 1.000000
vt 0.000000 1.000000
vt 0.500000 1.000000
vt 0.000000 0.000000
vt 1.000000 0.000000
vt 0.000000 0.000000
vt 1.000000 0.000000
vt 1.000000 1.000000
vt 0.000000 1.000000
vt 0.500000 1.000000
vt 0.000000 0.000000
vt 1.000000 0.000000
vt 0.000000 0.000000
vt 1.000000 0.000000
vt 1.000000 1.000000
vt 0.000000 1.000000
vt 0.500000 1.000000
vt 0.000000 0.000000
vt 1.000000 0.000000
vt 0.000000 0.000000
vt 1.000000 0.000000
vt 1.000000 1.000000
vt 0.000000 1.000000
vt 0.500000 1.000000
vt 0.000000 0.000000
vt 1.000000 0.000000
vt 0.000000 0.000000
vt 1.000000 0.000000
vt 1.000000 1.000000
vt 0.000000 1.000000
vt 0.500000 1.000000
vt 0.000000 0.000000
vt 1.000000 0.000000
vt 0.000000 0.000000
vt 1.000000 0.000000
vt 1.000000 1.000000
vt 0.000000 1.000000
vt 0.500000 1.000000
vt 0.000000 0.000000
vt 1.000000 0.000000
vt 0.000000 0.000000
vt 1.000000 0.000000
vt 1.000000 1.000000
vt 0.000000 1.000000
vt 0.500000 1.000000
vt 0.000000 0.000000
vt 1.000000 0.000000
vt 0.000000 0.000000
vt 1.000000 0.000000
vt 1.000000 1.000000
vt 0.000000 1.000000
vt 0.500000 1.000000
vt 0.000000 0.000000
vt 1.000000 0.000000
vt 0.000000 0.000000
vt 1.000000 0.000000
vt 1.000000 1.000000
vt 0.000000 1.000000
vt 0.500000 1.000000
vt 0.000000 0.000000
vt 1.000000 0.000000
vt 0.000000 0.000000
vt 1.000000 0.000000
vt 1.000000 1.000000
vt 0.000000 1.000000
vt 0.500000 1.000000
vt 0.000000 0.000000
vt 1.000000 0.000000
vt 0.000000 0.000000
vt 1.000000 0.000000
vt 1.000000 1.000000
vt 0.000000 1.000000
vt 0.500000 1.000000
vt 0.000000 0.000000
vt 1.000000 0.000000
vt 0.000000 0.000000
vt 1.000000 0.000000
vt 1.000000 1.000000
vt 0.000000 1.000000
vt 0.500000 1.000000
vt 0.000000 0.000000
vt 1.000000 0.000000
vt 0.000000 0.000000
vt 1.000000 0.000000
vt 1.000000 1.000000
vt 0.000000 1.000000
vt 0.500000 1.000000
vt 0.000000 0.000000
vt 1.000000 0.000000
vt 0.000000 0.000000
vt 1.000000 0.000000
vt 1.000000 1.000000
vt 0.000000 1.000000
vt 0.500000 1.000000
vt 0.000000 0.000000
vt 1.000000 0.000000
vt 0.000000 0.000000
vt 1.000000 0.000000
vt 1.000000 1.000000
vt 0.000000 1.000000
vt 0.500000 1.000000
vt 0.000000 0.000000
vt 1.000000 0.000000
vt 0.000000 0.000000
vt 1.000000 0.000000
vt 1.000000 1.000000
vt 0.000000 1.000000
vt 0.500000 1.000000
vt 0.000000 0.000000
vt 1.000000 0.000000
vt 0.000000 0.000000
vt 1.000000 0.000000
vt 1.000000 1.000000
vt 0.000000 1.000000
vt 0.500000 1.000000
vt 0.000000 0.000000
vt 1.000000 0.000000
vt 0.000000 0.000000
vt 1.000000 0.000000
vt 1.000000 1.000000
vt 0.000000 1.000000
vt 0.500000 1.000000
vt 0.000000 0.000000
vt 1.000000 0.000000
vt 0.000000 0.000000
vt 1.000000 0.000000
vt 1.000000 1.000000
vt 0.000000 1.000000
vt 0.500000 1.000000
vt 0.000000 0.000000
vt 1.000000 0.000000
vt 0.000000 0.000000
vt 1.000000 0.000000
vt 1.000000 1.000000
vt 0.000000 1.000000
vt 0.500000 1.000000
vt 0.000000 0.000000
vt 1.000000 0.000000
vt 0.000000 0.000000
vt 1.000000 0.000000
vt 1.000000 1.000000
vt 0.000000 1.000000
vt 0.500000 1.000000
vt 0.000000 0.000000
vt 1.000000 0.000000
vt 0.000000 0.000000
vt 1.000000 0.000000
vt 1.000000 1.000000
vt 0.000000 1.000000
vt 0.500000 1.000000
vt 0.000000 0.000000
vt 1.000000 0.000000
vt 0.000000 0.000000
vt 1.000000 0.000000
vt 1.000000 1.000000
vt 0.000000 1.000000
vt 0.500000 1.000000
vt 0.000000 0.000000
vt 1.000000 0.000000
vt 0.000000 0.000000
vt 1.000000 0.000000
vt 1.000000 1.000000
vt 0.000000 1.000000
vt 0.500000 1.000000
vt 0.000000 0.000000
vt 1.000000 0.000000
vt 0.000000 0.000000
vt 1.000000 0.000000
vt 1.000000 1.000000
vt 0.000000 1.000000
vt 0.500000 1.000000
vt 0.000000 0.000000
vt 1.000000 0.000000
vt 0.000000 0.000000
vt 1.000000 0.000000
vt 1.000000 1.000000
vt 0.000000 1.000000
vt 0.500000 1.000000
vt 0.000000 0.000000
vt 1.000000 0.000000
vt 0.000000 0.000000
vt 1.000000 0.000000
vt 1.000000 1.000000
vt 0.000000 1.000000
vt 0.500000 1.000000
vt 0.000000 0.000000
vt 1.000000 0.000000
vt 0.000000 0.000000
vt 1.000000 0.000000
vt 1.000000 1.000000
vt 0.000000 1.000000
vt 0.500000 1.000000
vt 0.000000 0.000000
vt 1.000000 0.000000
vt 0.000000 0.000000
vt 1.000000 0.000000
vt 1.000000 1.000000
vt 0.000000 1.000000
vt 0.500000 1.000000
vt 0.000000 0.000000
vt 1.000000 0.000000
vt 0.000000 0.000000
vt 1.000000 0.000000
vt 1.000000 1.000000
vt 0.000000 1.000000
vt 0.500000 1.000000
vt 0.000000 0.000000
vt 1.000000 0.000000
vt 0.000000 0.000000
vt 1.000000 0.000000
vt 1.000000 1.000000
vt 0.000000 1.000000
vt 0.500000 1.000000
vt 0.000000 0.000000
vt 1.000000 0.000000
vt 0.000000 0.000000
vt 1.000000 0.000000
vt 1.000000 1.000000
vt 0.000000 1.000000
vt 0.500000 1.000000
vt 0.000000 0.000000
vt 1.000000 0.000000
vt 0.000000 0.000000
vt 1.000000 0.000000
vt 1.000000 1.000000
vt 0.000000 1.000000
vt 0.500000 1.000000
vt 0.000000 0.000000
vt 1.000000 0.000000
vt 0.000000 0.000000
vt 1.000000 0.000000
vt 1.000000 1.000000
vt 0.000000 1.000000
vt 0.500000 1.000000
vt 0.000000 0.000000
vt 1.000000 0.000000
vt 0.000000 0.000000
vt 1.000000 0.000000
vt 1.000000 1.000000
vt 0.000000 1.000000
vt 0.500000 1.000000
vt 0.000000 0.000000
vt 1.000000 0.000000
vt 0.000000 0.000000
vt 1.000000 0.000000
vt 1.000000 1.000000
vt 0.000000 1.000000
vt 0.500000 1.000000
vt 0.000000 0.000000
vt 1.000000 0.000000
vt 0.000000 0.000000
vt 1.000000 0.000000
vt 1.000000 1.000000
vt 0.000000 1.000000
vt 0.500000 1.000000
vt 0.000000 0.000000
vt 1.000000 0.000000
vt 0.000000 0.000000
vt 1.000000 0.000000
vt 1.000000 1.000000
vt 0.000000 1.000000
vt 0.500000 1.000000
vt 0.000000 0.000000
vt 1.000000 0.000000
vt 0.000000 0.000000
vt 1.000000 0.000000
vt 1.000000 1.000000
vt 0.000000 1.000000
vt 0.500000 1.000000
vt 0.000000 0.000000
vt 1.000000 0.000000
vt 0.000000 0.000000
vt 1.000000 0.000000
vt 1.000000 1.000000
vt 0.000000 1.000000
vt 0.500000 1.000000
vt 0.000000 0.000000
vt 1.000000 0.000000
vt 0.000000 0.000000
vt 1.000000 0.000000
vt 1.000000 1.000000
vt 0.000000 1.000000
vt 0.500000 1.000000
vt 0.000000 0.000000
vt 1.000000 0.000000
vt 0.000000 0.000000
vt 1.000000 0.000000
vt 1.000000 1.000000
vt 0.000000 1.000000
vt 0.500000 1.000000
vt 0.000000 0.000000
vt 1.000000 0.000000
vt 0.000000 0.000000
vt 1.000000 0.000000
vt 1.000000 1.000000
vt 0.000000 1.000000
vt 0.500000 1.000000
vt 0.000000 0.000000
vt 1.000000 0.000000
vt 0.000000 0.000000
vt 1.000000 0.000000
vt 1.000000 1.000000
vt 0.000000 1.000000
vt 0.500000 1.000000
vt 0.000000 0.000000
vt 1.000000 0.000000
vt 0.000000 0.000000
vt 1.000000 0.000000
vt 1.000000 1.000000
vt 0.000000 1.000000
vt 0.500000 1.000000
vt 0.000000 0.000000
vt 1.000000 0.000000
vt 0.000000 0.000000
vt 1.000000 0.000000
vt 1.000000 1.000000
vt 0.000000 1.000000
vt 0.500000 1.000000
vt 0.000000 0.000000
vt 1.000000 0.000000
vt 0.000000 0.000000
vt 1.000000 0.000000
vt 1.000000 1.000000
vt 0.000000 1.000000
vt 0.500000 1.000000
vt 0.000000 0.000000
vt 1.000000 0.000000
vt 0.000000 0.000000
vt 1.000000 0.000000
vt 1.000000 1.000000
vt 0.000000 1.000000
vt 0.500000 1.000000
vt 0.000000 0.000000
vt 1.000000 0.000000
vt 0.000000 0.000000
vt 1.000000 0.000000
vt 1.000000 1.000000
vt 0.000000 1.000000
vt 0.500000 1.000000
vt 0.000000 0.000000
vt 1.000000 0.000000
vt 0.000000 0.000000
vt 1.000000 0.000000
vt 1.000000 1.000000
vt 0.000000 1.000000
vt 0.500000 1.000000
vt 0.000000 0.000000
vt 1.000000 0.000000
vt 0.000000 0.000000
vt 1.000000 0.000000
vt 1.000000 1.000000
vt 0.000000 1.000000
vt 0.500000 1.000000
vt 0.000000 0.000000
vt 1.000000 0.000000
vt 0.000000 0.000000
vt 1.000000 0.000000
vt 1.000000 1.000000
vt 0.000000 1.000000
vt 0.500000 1.000000
vt 0.000000 0.000000
vt 1.000000 0.000000
vt 0.000000 0.000000
vt 1.000000 0.000000
vt 1.000000 1.000000
vt 0.000000 1.000000
vt 0.500000 1.000000
vt 0.000000 0.000000
vt 1.000000 0.000000
vt 0.000000 0.000000
vt 1.000000 0.000000
vt 1.000000 1.000000
vt 0.000000 1.000000
vt 0.500000 1.000000
vt 0.000000 0.000000
vt 1.000000 0.000000
vt 0.000000 0.000000
vt 1.000000 0.000000
vt 1.000000 1.000000
vt 0.000000 1.000000
vt 0.500000 1.000000
vt 0.000000 0.000000
vt 1.000000 0.000000
vt 0.000000 0.000000
vt 1.000000 0.000000
vt 1.000000 1.000000
vt 0.000000 1.000000
vt 0.500000 1.000000
vt 0.000000 0.000000
vt 1.000000 0.000000
vt 0.000000 0.000000
vt 1.000000 0.000000
vt 1.000000 1.000000
vt 0.000000 1.000000
vt 0.500000 1.000000
vt 0.000000 0.000000
vt 1.000000 0.000000
vt 0.000000 0.000000
vt 1.000000 0.000000
vt 1.000000 1.000000
vt 0.000000 1.000000
vt 0.500000 1.000000
vt 0.000000 0.000000
vt 1.000000 0.000000
vt 0.000000 0.000000
vt 1.000000 0.000000
vt 1.000000 1.000000
vt 0.000000 1.000000
vt 0.500000 1.000000
vt 0.000000 0.000000
vt 1.000000 0.000000
vt 0.000000 0.000000
vt 1.000000 0.000000
vt 1.000000 1.000000
vt 0.000000 1.000000
vt 0.500000 1.000000
vt 0.000000 0.000000
vt 1.000000 0.000000
vt 0.000000 0.000000
vt 1.000000 0.000000
vt 1.000000 1.000000
vt 0.000000 1.000000
vt 0.500000 1.000000
vt 0.000000 0.000000
vt 1.000000 0.000000
vt 0.000000 0.000000
vt 1.000000 0.000000
vt 1.000000 1.000000
vt 0.000000 1.000000
vt 0.500000 1.000000
vt 0.000000 0.000000
vt 1.000000 0.000000
vt 0.000000 0.000000
vt 1.000000 0.000000
vt 1.000000 1.000000
vt 0.000000 1.000000
vt 0.500000 1.000000
vt 0.000000 0.000000
vt 1.000000 0.000000
vt 0.000000 0.000000
vt 1.000000 0.000000
vt 1.000000 1.000000
vt 0.000000 1.000000
vt 0.500000 1.000000
vt 0.000000 0.000000
vt 1.000000 0.000000
vt 0.000000 0.000000
vt 1.000000 0.000000
vt 1.000000 1.000000
vt 0.000000 1.000000
vt 0.500000 1.000000
vt 0.000000 0.000000
vt 1.000000 0.000000
vt 0.000000 0.000000
vt 1.000000 0.000000
vt 1.000000 1.000000
vt 0.000000 1.000000
vt 0.500000 1.000000
vt 0.000000 0.000000
vt 1.000000 0.000000
vt 0.000000 0.000000
vt 1.000000 0.000000
vt 1.000000 1.000000
vt 0.000000 1.000000
vt 0.500000 1.000000
vt 0.000000 0.000000
vt 1.000000 0.000000
vt 0.000000 0.000000
vt 1.000000 0.000000
vt 1.000000 1.000000
vt 0.000000 1.000000
vt 0.500000 1.000000
vt 0.000000 0.000000
vt 1.000000 0.000000
vt 0.000000 0.000000
vt 1.000000 0.000000
vt 1.000000 1.000000
vt 0.000000 1.000000
vt 0.500000 1.000000
vt 0.000000 0.000000
vt 1.000000 0.000000
vt 0.000000 0.000000
vt 1.000000 0.000000
vt 1.000000 1.000000
vt 0.000000 1.000000
vt 0.500000 1.000000
vt 0.000000 0.000000
vt 1.000000 0.000000
vt 0.000000 0.000000
vt 1.000000 0.000000
vt 1.000000 1.000000
vt 0.000000 1.000000
vt 0.500000 1.000000
vt 0.000000 0.000000
vt 1.000000 0.000000
vt 0.000000 0.000000
vt 1.000000 0.000000
vt 1.000000 1.000000
vt 0.000000 1.000000
vt 0.500000 1.000000
vt 0.000000 0.000000
vt 1.000000 0.000000
vt 0.000000 0.000000
vt 1.000000 0.000000
vt 1.000000 1.000000
vt 0.000000 1.000000
vt 0.500000 1.000000
vt 0.000000 0.000000
vt 1.000000 0.000000
vt 0.000000 0.000000
vt 1.000000 0.000000
vt 1.000000 1.000000
vt 0.000000 1.000000
vt 0.500000 1.000000
vt 0.000000 0.000000
vt 1.000000 0.000000
vt 0.000000 0.000000
vt 1.000000 0.000000
vt 1.000000 1.000000
vt 0.000000 1.000000
vt 0.500000 1.000000
vt 0.000000 0.000000
vt 1.000000 0.000000
vt 0.000000 0.000000
vt 1.000000 0.000000
vt 1.000000 1.000000
vt 0.000000 1.000000
vt 0.500000 1.000000
vt 0.000000 0.000000
vt 1.000000 0.000000
vt 0.000000 0.000000
vt 1.000000 0.000000
vt 1.000000 1.000000
vt 0.000000 1.000000
vt 0.500000 1.000000
vt 0.000000 0.000000
vt 1.000000 0.000000
vt 0.000000 0.000000
vt 1.000000 0.000000
vt 1.000000 1.000000
vt 0.000000 1.000000
vt 0.500000 1.000000
vt 0.000000 0.000000
vt 1.000000 0.000000
vt 0.000000 0.000000
vt 1.000000 0.000000
vt 1.000000 1.000000
vt 0.000000 1.000000
vt 0.500000 1.000000
vt 0.000000 0.000000
vt 1.000000 0.000000
vt 0.000000 0.000000
vt 1.000000 0.000000
vt 1.000000 1.000000
vt 0.000000 1.000000
vt 0.500000 1.000000
vt 0.000000 0.000000
vt 1.000000 0.000000
vt 0.000000 0.000000
vt 1.000000 0.000000
vt 1.000000 1.000000
vt 0.000000 1.000000
vt 0.500000 1.000000
vt 0.000000 0.000000
vt 1.000000 0.000000
vt 0.000000 0.000000
vt 1.000000 0.000000
vt 1.000000 1.000000
vt 0.000000 1.000000
vt 0.500000 1.000000
vt 0.000000 0.000000
vt 1.000000 0.000000
vt 0.000000 0.000000
vt 1.000000 0.000000
vt 1.000000 1.000000
vt 0.000000 1.000000
vt 0.500000 1.000000
vt 0.000000 0.000000
vt 1.000000 0.000000
vt 0.000000 0.000000
vt 1.000000 0.000000
vt 1.000000 1.000000
vt 0.000000 1.000000
vt 0.500000 1.000000
vt 0.000000 0.000000
vt 1.000000 0.000000
vt 0.500000 1.000000
vt 0.000000 0.000000
vt 1.000000 0.000000
vt 0.000000 0.000000
vt 1.000000 0.000000
vt 1.000000 1.000000
vt 0.000000 1.000000
vt 0.000000 0.000000
vt 1.000000 0.000000
vt 1.000000 1.000000
vt 0.000000 1.000000
vt 0.500000 1.000000
vt 0.000000 0.000000
vt 1.000000 0.000000
vt 0.500000 1.000000
vt 0.000000 0.000000
vt 1.000000 0.000000
vt 0.000000 0.000000
vt 1.000000 0.000000
vt 1.000000 1.000000
vt 0.000000 1.000000
vt 0.000000 0.000000
vt 1.000000 0.000000
vt 1.000000 1.000000
vt 0.000000 1.000000
vt 0.500000 1.000000
vt 0.000000 0.000000
vt 1.000000 0.000000
vt 0.500000 1.000000
vt 0.000000 0.000000
vt 1.000000 0.000000
vt 0.000000 0.000000
vt 1.000000 0.000000
vt 1.000000 1.000000
vt 0.000000 1.000000
vt 0.000000 0.000000
vt 1.000000 0.000000
vt 1.000000 1.000000
vt 0.000000 1.000000
vt 0.500000 1.000000
vt 0.000000 0.000000
vt 1.000000 0.000000
vt 0.500000 1.000000
vt 0.000000 0.000000
vt 1.000000 0.000000
vt 0.000000 0.000000
vt 1.000000 0.000000
vt 1.000000 1.000000
vt 0.000000 1.000000
vt 0.000000 0.000000
vt 1.000000 0.000000
vt 1.000000 1.000000
vt 0.000000 1.000000
vt 0.500000 1.000000
vt 0.000000 0.000000
vt 1.000000 0.000000
vt 0.500000 1.000000
vt 0.000000 0.000000
vt 1.000000 0.000000
vt 0.000000 0.000000
vt 1.000000 0.000000
vt 1.000000 1.000000
vt 0.000000 1.000000
vt 0.000000 0.000000
vt 1.000000 0.000000
vt 1.000000 1.000000
vt 0.000000 1.000000
vt 0.500000 1.000000
vt 0.000000 0.000000
vt 1.000000 0.000000
vt 0.500000 1.000000
vt 0.000000 0.000000
vt 1.000000 0.000000
vt 0.000000 0.000000
vt 1.000000 0.000000
vt 1.000000 1.000000
vt 0.000000 1.000000
vt 0.000000 0.000000
vt 1.000000 0.000000
vt 1.000000 1.000000
vt 0.000000 1.000000
vt 0.500000 1.000000
vt 0.000000 0.000000
vt 1.000000 0.000000
vt 0.500000 1.000000
vt 0.000000 0.000000
vt 1.000000 0.000000
vt 0.000000 0.000000
vt 1.000000 0.000000
vt 1.000000 1.000000
vt 0.000000 1.000000
vt 0.000000 0.000000
vt 1.000000 0.000000
vt 1.000000 1.000000
vt 0.000000 1.000000
vt 0.500000 1.000000
vt 0.000000 0.000000
vt 1.000000 0.000000
vt 0.500000 1.000000
vt 0.000000 0.000000
vt 1.000000 0.000000
vt 0.000000 0.000000
vt 1.000000 0.000000
vt 1.000000 1.000000
vt 0.000000 1.000000
vt 0.000000 0.000000
vt 1.000000 0.000000
vt 1.000000 1.000000
vt 0.000000 1.000000
vt 0.500000 1.000000
vt 0.000000 0.000000
vt 1.000000 0.000000
vt 0.500000 1.000000
vt 0.000000 0.000000
vt 1.000000 0.000000
vt 0.000000 0.000000
vt 1.000000 0.000000
vt 1.000000 1.000000
vt 0.000000 1.000000
vt 0.000000 0.000000
vt 1.000000 0.000000
vt 1.000000 1.000000
vt 0.000000 1.000000
vt 0.500000 1.000000
vt 0.000000 0.000000
vt 1.000000 0.000000
vt 0.500000 1.000000
vt 0.000000 0.000000
vt 1.000000 0.000000
vt 0.000000 0.000000
vt 1.000000 0.000000
vt 1.000000 1.000000
vt 0.000000 1.000000
vt 0.000000 0.000000
vt 1.000000 0.000000
vt 1.000000 1.000000
vt 0.000000 1.000000
vt 0.500000 1.000000
vt 0.000000 0.000000
vt 1.000000 0.000000
vt 0.500000 1.000000
vt 0.000000 0.000000
vt 1.000000 0.000000
vt 0.000000 0.000000
vt 1.000000 0.000000
vt 1.000000 1.000000
vt 0.000000 1.000000
vt 0.000000 0.000000
vt 1.000000 0.000000
vt 1.000000 1.000000
vt 0.000000 1.000000
vt 0.500000 1.000000
vt 0.000000 0.000000
vt 1.000000 0.000000
vt 0.500000 1.000000
vt 0.000000 0.000000
vt 1.000000 0.000000
vt 0.000000 0.000000
vt 1.000000 0.000000
vt 1.000000 1.000000
vt 0.000000 1.000000
vt 0.000000 0.000000
vt 1.000000 0.000000
vt 1.000000 1.000000
vt 0.000000 1.000000
vt 0.500000 1.000000
vt 0.000000 0.000000
vt 1.000000 0.000000
vt 0.500000 1.000000
vt 0.000000 0.000000
vt 1.000000 0.000000
vt 0.000000 0.000000
vt 1.000000 0.000000
vt 1.000000 1.000000
vt 0.000000 1.000000
vt 0.000000 0.000000
vt 1.000000 0.000000
vt 1.000000 1.000000
vt 0.000000 1.000000
vt 0.500000 1.000000
vt 0.000000 0.000000
vt 1.000000 0.000000
vt 0.500000 1.000000
vt 0.000000 0.000000
vt 1.000000 0.000000
vt 0.000000 0.000000
vt 1.000000 0.000000
vt 1.000000 1.000000
vt 0.000000 1.000000
vt 0.000000 0.000000
vt 1.000000 0.000000
vt 1.000000 1.000000
vt 0.000000 1.000000
vt 0.500000 1.000000
vt 0.000000 0.000000
vt 1.000000 0.000000
vt 0.500000 1.000000
vt 0.000000 0.000000
vt 1.000000 0.000000
vt 0.000000 0.000000
vt 1.000000 0.000000
vt 1.000000 1.000000
vt 0.000000 1.000000
vt 0.000000 0.000000
vt 1.000000 0.000000
vt 1.000000 1.000000
vt 0.000000 1.000000
vt 0.500000 1.000000
vt 0.000000 0.000000
vt 1.000000 0.000000
vt 0.500000 1.000000
vt 0.000000 0.000000
vt 1.000000 0.000000
vt 0.000000 0.000000
vt 1.000000 0.000000
vt 1.000000 1.000000
vt 0.000000 1.000000
vt 0.000000 0.000000
vt 1.000000 0.000000
vt 1.000000 1.000000
vt 0.000000 1.000000
vt 0.500000 1.000000
vt 0.000000 0.000000
vt 1.000000 0.000000
vt 0.500000 1.000000
vt 0.000000 0.000000
vt 1.000000 0.000000
vt 0.000000 0.000000
vt 1.000000 0.000000
vt 1.000000 1.000000
vt 0.000000 1.000000
vt 0.000000 0.000000
vt 1.000000 0.000000
vt 1.000000 1.000000
vt 0.000000 1.000000
vt 0.500000 1.000000
vt 0.000000 0.000000
vt 1.000000 0.000000
vt 0.500000 1.000000
vt 0.000000 0.000000
vt 1.000000 0.000000
vt 0.000000 0.000000
vt 1.000000 0.000000
vt 1.000000 1.000000
vt 0.000000 1.000000
vt 0.000000 0.000000
vt 1.000000 0.000000
vt 1.000000 1.000000
vt 0.000000 1.000000
vt 0.500000 1.000000
vt 0.000000 0.000000
vt 1.000000 0.000000
vt 0.500000 1.000000
vt 0.000000 0.000000
vt 1.000000 0.000000
vt 0.000000 0.000000
vt 1.000000 0.000000
vt 1.000000 1.000000
vt 0.000000 1.000000
vt 0.000000 0.000000
vt 1.000000 0.000000
vt 1.000000 1.000000
vt 0.000000 1.000000
vt 0.500000 1.000000
vt 0.000000 0.000000
vt 1.000000 0.000000
vt 0.500000 1.000000
vt 0.000000 0.000000
vt 1.000000 0.000000
vt 0.000000 0.000000
vt 1.000000 0.000000
vt 1.000000 1.000000
vt 0.000000 1.000000
vt 0.000000 0.000000
vt 1.000000 0.000000
vt 1.000000 1.000000
vt 0.000000 1.000000
vt 0.500000 1.000000
vt 0.000000 0.000000
vt 1.000000 0.000000
vt 0.500000 1.000000
vt 0.000000 0.000000
vt 1.000000 0.000000
vt 0.000000 0.000000
vt 1.000000 0.000000
vt 1.000000 1.000000
vt 0.000000 1.000000
vt 0.000000 0.000000
vt 1.000000 0.000000
vt 1.000000 1.000000
vt 0.000000 1.000000
vt 0.500000 1.000000
vt 0.000000 0.000000
vt 1.000000 0.000000
vt 0.500000 1.000000
vt 0.000000 0.000000
vt 1.000000 0.000000
vt 0.000000 0.000000
vt 1.000000 0.000000
vt 1.000000 1.000000
vt 0.000000 1.000000
vt 0.000000 0.000000
vt 1.000000 0.000000
vt 1.000000 1.000000
vt 0.000000 1.000000
vt 0.500000 1.000000
vt 0.000000 0.000000
vt 1.000000 0.000000
vt 0.500000 1.000000
vt 0.000000 0.000000
vt 1.000000 0.000000
vt 0.000000 0.000000
vt 1.000000 0.000000
vt 1.000000 1.000000
vt 0.000000 1.000000
vt 0.000000 0.000000
vt 1.000000 0.000000
vt 1.000000 1.000000
vt 0.000000 1.000000
vt 0.500000 1.000000
vt 0.000000 0.000000
vt 1.000000 0.000000
vt 0.500000 1.000000
vt 0.000000 0.000000
vt 1.000000 0.000000
vt 0.000000 0.000000
vt 1.000000 0.000000
vt 1.000000 1.000000
vt 0.000000 1.000000
vt 0.000000 0.000000
vt 1.000000 0.000000
vt 1.000000 1.000000
vt 0.000000 1.000000
vt 0.500000 1.000000
vt 0.000000 0.000000
vt 1.000000 0.000000
vt 0.500000 1.000000
vt 0.000000 0.000000
vt 1.000000 0.000000
vt 0.000000 0.000000
vt 1.000000 0.000000
vt 1.000000 1.000000
vt 0.000000 1.000000
vt 0.000000 0.000000
vt 1.000000 0.000000
vt 1.000000 1.000000
vt 0.000000 1.000000
vt 0.500000 1.000000
vt 0.000000 0.000000
vt 1.000000 0.000000
vt 0.500000 1.000000
vt 0.000000 0.000000
vt 1.000000 0.000000
vt 0.000000 0.000000
vt 1.000000 0.000000
vt 1.000000 1.000000
vt 0.000000 1.000000
vt 0.000000 0.000000
vt 1.000000 0.000000
vt 1.000000 1.000000
vt 0.000000 1.000000
vt 0.500000 1.000000
vt 0.000000 0.000000
vt 1.000000 0.000000
vt 0.500000 1.000000
vt 0.000000 0.000000
vt 1.000000 0.000000
vt 0.000000 0.000000
vt 1.000000 0.000000
vt 1.000000 1.000000
vt 0.000000 1.000000
vt 0.000000 0.000000
vt 1.000000 0.000000
vt 1.000000 1.000000
vt 0.000000 1.000000
vt 0.500000 1.000000
vt 0.000000 0.000000
vt 1.000000 0.000000
vt 0.500000 1.000000
vt 0.000000 0.000000
vt 1.000000 0.000000
vt 0.000000 0.000000
vt 1.000000 0.000000
vt 1.000000 1.000000
vt 0.000000 1.000000
vt 0.000000 0.000000
vt 1.000000 0.000000
vt 1.000000 1.000000
vt 0.000000 1.000000
vt 0.500000 1.000000
vt 0.000000 0.000000
vt 1.000000 0.000000
vt 0.500000 1.000000
vt 0.000000 0.000000
vt 1.000000 0.000000
vt 0.000000 0.000000
vt 1.000000 0.000000
vt 1.000000 1.000000
vt 0.000000 1.000000
vt 0.000000 0.000000
vt 1.000000 0.000000
vt 1.000000 1.000000
vt 0.000000 1.000000
vt 0.500000 1.000000
vt 0.000000 0.000000
vt 1.000000 0.000000
vt 0.500000 1.000000
vt 0.000000 0.000000
vt 1.000000 0.000000
vt 0.000000 0.000000
vt 1.000000 0.000000
vt 1.000000 1.000000
vt 0.000000 1.000000
vt 0.000000 0.000000
vt 1.000000 0.000000
vt 1.000000 1.000000
vt 0.000000 1.000000
vt 0.500000 1.000000
vt 0.000000 0.000000
vt 1.000000 0.000000
vt 0.500000 1.000000
vt 0.000000 0.000000
vt 1.000000 0.000000
vt 0.000000 0.000000
vt 1.000000 0.000000
vt 1.000000 1.000000
vt 0.000000 1.000000
vt 0.000000 0.000000
vt 1.000000 0.000000
vt 1.000000 1.000000
vt 0.000000 1.000000
vt 0.500000 1.000000
vt 0.000000 0.000000
vt 1.000000 0.000000
vt 0.500000 1.000000
vt 0.000000 0.000000
vt 1.000000 0.000000
vt 0.000000 0.000000
vt 1.000000 0.000000
vt 1.000000 1.000000
vt 0.000000 1.000000
vt 0.000000 0.000000
vt 1.000000 0.000000
vt 1.000000 1.000000
vt 0.000000 1.000000
vt 0.500000 1.000000
vt 0.000000 0.000000
vt 1.000000 0.000000
vt 0.500000 1.000000
vt 0.000000 0.000000
vt 1.000000 0.000000
vt 0.000000 0.000000
vt 1.000000 0.000000
vt 1.000000 1.000000
vt 0.000000 1.000000
vt 0.000000 0.000000
vt 1.000000 0.000000
vt 1.000000 1.000000
vt 0.000000 1.000000
vt 0.500000 1.000000
vt 0.000000 0.000000
vt 1.000000 0.000000
vt 0.500000 1.000000
vt 0.000000 0.000000
vt 1.000000 0.000000
vt 0.000000 0.000000
vt 1.000000 0.000000
vt 1.000000 1.000000
vt 0.000000 1.000000
vt 0.000000 0.000000
vt 1.000000 0.000000
vt 1.000000 1.000000
vt 0.000000 1.000000
vt 0.500000 1.000000
vt 0.000000 0.000000
vt 1.000000 0.000000
vt 0.500000 1.000000
vt 0.000000 0.000000
vt 1.000000 0.000000
vt 0.000000 0.000000
vt 1.000000 0.000000
vt 1.000000 1.000000
vt 0.000000 1.000000
vt 0.000000 0.000000
vt 1.000000 0.000000
vt 1.000000 1.000000
vt 0.000000 1.000000
vt 0.500000 1.000000
vt 0.000000 0.000000
vt 1.000000 0.000000
vt 0.500000 1.000000
vt 0.000000 0.000000
vt 1.000000 0.000000
vt 0.000000 0.000000
vt 1.000000 0.000000
vt 1.000000 1.000000
vt 0.000000 1.000000
vt 0.000000 0.000000
vt 1.000000 0.000000
vt 1.000000 1.000000
vt 0.000000 1.000000
vt 0.500000 1.000000
vt 0.000000 0.000000
vt 1.000000 0.000000
vt 0.500000 1.000000
vt 0.000000 0.000000
vt 1.000000 0.000000
vt 0.000000 0.000000
vt 1.000000 0.000000
vt 1.000000 1.000000
vt 0.000000 1.000000
vt 0.000000 0.000000
vt 1.000000 0.000000
vt 1.000000 1.000000
vt 0.000000 1.000000
vt 0.500000 1.000000
vt 0.000000 0.000000
vt 1.000000 0.000000
vt 0.500000 1.000000
vt 0.000000 0.000000
vt 1.000000 0.000000
vt 0.000000 0.000000
vt 1.000000 0.000000
vt 1.000000 1.000000
vt 0.000000 1.000000
vt 0.000000 0.000000
vt 1.000000 0.000000
vt 1.000000 1.000000
vt 0.000000 1.000000
vt 0.500000 1.000000
vt 0.000000 0.000000
vt 1.000000 0.000000
vt 0.500000 1.000000
vt 0.000000 0.000000
vt 1.000000 0.000000
vt 0.000000 0.000000
vt 1.000000 0.000000
vt 1.000000 1.000000
vt 0.000000 1.000000
vt 0.000000 0.000000
vt 1.000000 0.000000
vt 1.000000 1.000000
vt 0.000000 1.000000
vt 0.500000 1.000000
vt 0.000000 0.000000
vt 1.000000 0.000000
vt 0.500000 1.000000
vt 0.000000 0.000000
vt 1.000000 0.000000
vt 0.000000 0.000000
vt 1.000000 0.000000
vt 1.000000 1.000000
vt 0.000000 1.000000
vt 0.000000 0.000000
vt 1.000000 0.000000
vt 1.000000 1.000000
vt 0.000000 1.000000
vt 0.500000 1.000000
vt 0.000000 0.000000
vt 1.000000 0.000000
vt 0.500000 1.000000
vt 0.000000 0.000000
vt 1.000000 0.000000
vt 0.000000 0.000000
vt 1.000000 0.000000
vt 1.000000 1.000000
vt 0.000000 1.000000
vt 0.000000 0.000000
vt 1.000000 0.000000
vt 1.000000 1.000000
vt 0.000000 1.000000
vt 0.500000 1.000000
vt 0.000000 0.000000
vt 1.000000 0.000000
vt 0.500000 1.000000
vt 0.000000 0.000000
vt 1.000000 0.000000
vt 0.000000 0.000000
vt 1.000000 0.000000
vt 1.000000 1.000000
vt 0.000000 1.000000
vt 0.000000 0.000000
vt 1.000000 0.000000
vt 1.000000 1.000000
vt 0.000000 1.000000
vt 0.500000 1.000000
vt 0.000000 0.000000
vt 1.000000 0.000000
vt 0.500000 1.000000
vt 0.000000 0.000000
vt 1.000000 0.000000
vt 0.000000 0.000000
vt 1.000000 0.000000
vt 1.000000 1.000000
vt 0.000000 1.000000
vt 0.000000 0.000000
vt 1.000000 0.000000
vt 1.000000 1.000000
vt 0.000000 1.000000
vt 0.500000 1.000000
vt 0.000000 0.000000
vt 1.000000 0.000000
vt 0.500000 1.000000
vt 0.000000 0.000000
vt 1.000000 0.000000
vt 0.000000 0.000000
vt 1.000000 0.000000
vt 1.000000 1.000000
vt 0.000000 1.000000
vt 0.000000 0.000000
vt 1.000000 0.000000
vt 1.000000 1.000000
vt 0.000000 1.000000
vt 0.500000 1.000000
vt 0.000000 0.000000
vt 1.000000 0.000000
vt 0.500000 1.000000
vt 0.000000 0.000000
vt 1.000000 0.000000
vt 0.000000 0.000000
vt 1.000000 0.000000
vt 1.000000 1.000000
vt 0.000000 1.000000
vt 0.000000 0.000000
vt 1.000000 0.000000
vt 1.000000 1.000000
vt 0.000000 1.000000
vt 0.500000 1.000000
vt 0.000000 0.000000
vt 1.000000 0.000000
vt 0.500000 1.000000
vt 0.000000 0.000000
vt 1.000000 0.000000
vt 0.000000 0.000000
vt 1.000000 0.000000
vt 1.000000 1.000000
vt 0.000000 1.000000
vt 0.000000 0.000000
vt 1.000000 0.000000
vt 1.000000 1.000000
vt 0.000000 1.000000
vt 0.500000 1.000000
vt 0.000000 0.000000
vt 1.000000 0.000000
vt 0.500000 1.000000
vt 0.000000 0.000000
vt 1.000000 0.000000
vt 0.000000 0.000000
vt 1.000000 0.000000
vt 1.000000 1.000000
vt 0.000000 1.000000
vt 0.000000 0.000000
vt 1.000000 0.000000
vt 1.000000 1.000000
vt 0.000000 1.000000
vt 0.500000 1.000000
vt 0.000000 0.000000
vt 1.000000 0.000000
vt 0.500000 1.000000
vt 0.000000 0.000000
vt 1.000000 0.000000
vt 0.000000 0.000000
vt 1.000000 0.000000
vt 1.000000 1.000000
vt 0.000000 1.000000
vt 0.000000 0.000000
vt 1.000000 0.000000
vt 1.000000 1.000000
vt 0.000000 1.000000
vt 0.500000 1.000000
vt 0.000000 0.000000
vt 1.000000 0.000000
vt 0.500000 1.000000
vt 0.000000 0.000000
vt 1.000000 0.000000
vt 0.000000 0.000000
vt 1.000000 0.000000
vt 1.000000 1.000000
vt 0.000000 1.000000
vt 0.000000 0.000000
vt 1.000000 0.000000
vt 1.000000 1.000000
vt 0.000000 1.000000
vt 0.500000 1.000000
vt 0.000000 0.000000
vt 1.000000 0.000000
vt 0.500000 1.000000
vt 0.000000 0.000000
vt 1.000000 0.000000
vt 0.000000 0.000000
vt 1.000000 0.000000
vt 1.000000 1.000000
vt 0.000000 1.000000
vt 0.000000 0.000000
vt 1.000000 0.000000
vt 1.000000 1.000000
vt 0.000000 1.000000
vt 0.500000 1.000000
vt 0.000000 0.000000
vt 1.000000 0.000000
vt 0.500000 1.000000
vt 0.000000 0.000000
vt 1.000000 0.000000
vt 0.000000 0.000000
vt 1.000000 0.000000
vt 1.000000 1.000000
vt 0.000000 1.000000
vt 0.000000 0.000000
vt 1.000000 0.000000
vt 1.000000 1.000000
vt 0.000000 1.000000
vt 0.500000 1.000000
vt 0.000000 0.000000
vt 1.000000 0.000000
vt 0.500000 1.000000
vt 0.000000 0.000000
vt 1.000000 0.000000
vt 0.000000 0.000000
vt 1.000000 0.000000
vt 1.000000 1.000000
vt 0.000000 1.000000
vt 0.000000 0.000000
vt 1.000000 0.000000
vt 1.000000 1.000000
vt 0.000000 1.000000
vt 0.500000 1.000000
vt 0.000000 0.000000
vt 1.000000 0.000000
vt 0.500000 1.000000
vt 0.000000 0.000000
vt 1.000000 0.000000
vt 0.000000 0.000000
vt 1.000000 0.000000
vt 1.000000 1.000000
vt 0.000000 1.000000
vt 0.000000 0.000000
vt 1.000000 0.000000
vt 1.000000 1.000000
vt 0.000000 1.000000
vt 0.500000 1.000000
vt 0.000000 0.000000
vt 1.000000 0.000000
vt 0.500000 1.000000
vt 0.000000 0.000000
vt 1.000000 0.000000
vt 0.000000 0.000000
vt 1.000000 0.000000
vt 1.000000 1.000000
vt 0.000000 1.000000
vt 0.000000 0.000000
vt 1.000000 0.000000
vt 1.000000 1.000000
vt 0.000000 1.000000
vt 0.500000 1.000000
vt 0.000000 0.000000
vt 1.000000 0.000000
vt 0.500000 1.000000
vt 0.000000 0.000000
vt 1.000000 0.000000
vt 0.000000 0.000000
vt 1.000000 0.000000
vt 1.000000 1.000000
vt 0.000000 1.000000
vt 0.000000 0.000000
vt 1.000000 0.000000
vt 1.000000 1.000000
vt 0.000000 1.000000
vt 0.500000 1.000000
vt 0.000000 0.000000
vt 1.000000 0.000000
vt 0.500000 1.000000
vt 0.000000 0.000000
vt 1.000000 0.000000
vt 0.000000 0.000000
vt 1.000000 0.000000
vt 1.000000 1.000000
vt 0.000000 1.000000
vt 0.000000 0.000000
vt 1.000000 0.000000
vt 1.000000 1.000000
vt 0.000000 1.000000
vt 0.500000 1.000000
vt 0.000000 0.000000
vt 1.000000 0.000000
vt 0.500000 1.000000
vt 0.000000 0.000000
vt 1.000000 0.000000
vt 0.000000 0.000000
vt 1.000000 0.000000
vt 1.000000 1.000000
vt 0.000000 1.000000
vt 0.000000 0.000000
vt 1.000000 0.000000
vt 1.000000 1.000000
vt 0.000000 1.000000
vt 0.500000 1.000000
vt 0.000000 0.000000
vt 1.000000 0.000000
vt 0.500000 1.000000
vt 0.000000 0.000000
vt 1.000000 0.000000
vt 0.000000 0.000000
vt 1.000000 0.000000
vt 1.000000 1.000000
vt 0.000000 1.000000
vt 0.000000 0.000000
vt 1.000000 0.000000
vt 1.000000 1.000000
vt 0.000000 1.000000
vt 0.500000 1.000000
vt 0.000000 0.000000
vt 1.000000 0.000000
vt 0.500000 1.000000
vt 0.000000 0.000000
vt 1.000000 0.000000
vt 0.000000 0.000000
vt 1.000000 0.000000
vt 1.000000 1.000000
vt 0.000000 1.000000
vt 0.000000 0.000000
vt 1.000000 0.000000
vt 1.000000 1.000000
vt 0.000000 1.000000
vt 0.500000 1.000000
vt 0.000000 0.000000
vt 1.000000 0.000000
vt 0.500000 1.000000
vt 0.000000 0.000000
vt 1.000000 0.000000
vt 0.000000 0.000000
vt 1.000000 0.000000
vt 1.000000 1.000000
vt 0.000000 1.000000
vt 0.000000 0.000000
vt 1.000000 0.000000
vt 1.000000 1.000000
vt 0.000000 1.000000
vt 0.500000 1.000000
vt 0.000000 0.000000
vt 1.000000 0.000000
vt 0.500000 1.000000
vt 0.000000 0.000000
vt 1.000000 0.000000
vt 0.000000 0.000000
vt 1.000000 0.000000
vt 1.000000 1.000000
vt 0.000000 1.000000
vt 0.000000 0.000000
vt 1.000000 0.000000
vt 1.000000 1.000000
vt 0.000000 1.000000
vt 0.500000 1.000000
vt 0.000000 0.000000
vt 1.000000 0.000000
vt 0.500000 1.000000
vt 0.000000 0.000000
vt 1.000000 0.000000
vt 0.000000 0.000000
vt 1.000000 0.000000
vt 1.000000 1.000000
vt 0.000000 1.000000
vt 0.000000 0.000000
vt 1.000000 0.000000
vt 1.000000 1.000000
vt 0.000000 1.000000
vt 0.500000 1.000000
vt 0.000000 0.000000
vt 1.000000 0.000000
vt 0.500000 1.000000
vt 0.000000 0.000000
vt 1.000000 0.000000
vt 0.000000 0.000000
vt 1.000000 0.000000
vt 1.000000 1.000000
vt 0.000000 1.000000
vt 0.000000 0.000000
vt 1.000000 0.000000
vt 1.000000 1.000000
vt 0.000000 1.000000
vt 0.500000 1.000000
vt 0.000000 0.000000
vt 1.000000 0.000000
vt 0.500000 1.000000
vt 0.000000 0.000000
vt 1.000000 0.000000
vt 0.000000 0.000000
vt 1.000000 0.000000
vt 1.000000 1.000000
vt 0.000000 1.000000
vt 0.000000 0.000000
vt 1.000000 0.000000
vt 1.000000 1.000000
vt 0.000000 1.000000
vt 0.500000 1.000000
vt 0.000000 0.000000
vt 1.000000 0.000000
vt 0.500000 1.000000
vt 0.000000 0.000000
vt 1.000000 0.000000
vt 0.000000 0.000000
vt 1.000000 0.000000
vt 1.000000 1.000000
vt 0.000000 1.000000
vt 0.000000 0.000000
vt 1.000000 0.000000
vt 1.000000 1.000000
vt 0.000000 1.000000
vt 0.500000 1.000000
vt 0.000000 0.000000
vt 1.000000 0.000000
vt 0.500000 1.000000
vt 0.000000 0.000000
vt 1.000000 0.000000
vt 0.000000 0.000000
vt 1.000000 0.000000
vt 1.000000 1.000000
vt 0.000000 1.000000
vt 0.000000 0.000000
vt 1.000000 0.000000
vt 1.000000 1.000000
vt 0.000000 1.000000
vt 0.500000 1.000000
vt 0.000000 0.000000
vt 1.000000 0.000000
vt 0.500000 1.000000
vt 0.000000 0.000000
vt 1.000000 0.000000
vt 0.000000 0.000000
vt 1.000000 0.000000
vt 1.000000 1.000000
vt 0.000000 1.000000
vt 0.000000 0.000000
vt 1.000000 0.000000
vt 1.000000 1.000000
vt 0.000000 1.000000
vt 0.500000 1.000000
vt 0.000000 0.000000
vt 1.000000 0.000000
vt 0.500000 1.000000
vt 0.000000 0.000000
vt 1.000000 0.000000
vt 0.000000 0.000000
vt 1.000000 0.000000
vt 1.000000 1.000000
vt 0.000000 1.000000
vt 0.000000 0.000000
vt 1.000000 0.000000
vt 1.000000 1.000000
vt 0.000000 1.000000
vt 0.500000 1.000000
vt 0.000000 0.000000
vt 1.000000 0.000000
vt 0.500000 1.000000
vt 0.000000 0.000000
vt 1.000000 0.000000
vt 0.000000 0.000000
vt 1.000000 0.000000
vt 1.000000 1.000000
vt 0.000000 1.000000
vt 0.000000 0.000000
vt 1.000000 0.000000
vt 1.000000 1.000000
vt 0.000000 1.000000
vt 0.500000 1.000000
vt 0.000000 0.000000
vt 1.000000 0.000000
vt 0.500000 1.000000
vt 0.000000 0.000000
vt 1.000000 0.000000
vt 0.000000 0.000000
vt 1.000000 0.000000
vt 1.000000 1.000000
vt 0.000000 1.000000
vt 0.000000 0.000000
vt 1.000000 0.000000
vt 1.000000 1.000000
vt 0.000000 1.000000
vt 0.500000 1.000000
vt 0.000000 0.000000
vt 1.000000 0.000000
vt 0.500000 1.000000
vt 0.000000 0.000000
vt 1.000000 0.000000
vt 0.000000 0.000000
vt 1.000000 0.000000
vt 1.000000 1.000000
vt 0.000000 1.000000
vt 0.000000 0.000000
vt 1.000000 0.000000
vt 1.000000 1.000000
vt 0.000000 1.000000
vt 0.500000 1.000000
vt 0.000000 0.000000
vt 1.000000 0.000000
vt 0.500000 1.000000
vt 0.000000 0.000000
vt 1.000000 0.000000
vt 0.000000 0.000000
vt 1.000000 0.000000
vt 1.000000 1.000000
vt 0.000000 1.000000
vt 0.000000 0.000000
vt 1.000000 0.000000
vt 1.000000 1.000000
vt 0.000000 1.000000
vt 0.500000 1.000000
vt 0.000000 0.000000
vt 1.000000 0.000000
vt 0.500000 1.000000
vt 0.000000 0.000000
vt 1.000000 0.000000
vt 0.000000 0.000000
vt 1.000000 0.000000
vt 1.000000 1.000000
vt 0.000000 1.000000
vt 0.000000 0.000000
vt 1.000000 0.000000
vt 1.000000 1.000000
vt 0.000000 1.000000
vt 0.500000 1.000000
vt 0.000000 0.000000
vt 1.000000 0.000000
vt 0.500000 1.000000
vt 0.000000 0.000000
vt 1.000000 0.000000
vt 0.000000 0.000000
vt 1.000000 0.000000
vt 1.000000 1.000000
vt 0.000000 1.000000
vt 0.000000 0.000000
vt 1.000000 0.000000
vt 1.000000 1.000000
vt 0.000000 1.000000
vt 0.500000 1.000000
vt 0.000000 0.000000
vt 1.000000 0.000000
vt 0.500000 1.000000
vt 0.000000 0.000000
vt 1.000000 0.000000
vt 0.000000 0.000000
vt 1.000000 0.000000
vt 1.000000 1.000000
vt 0.000000 1.000000
vt 0.000000 0.000000
vt 1.000000 0.000000
vt 1.000000 1.000000
vt 0.000000 1.000000
vt 0.500000 1.000000
vt 0.000000 0.000000
vt 1.000000 0.000000
vt 0.500000 1.000000
vt 0.000000 0.000000
vt 1.000000 0.000000
vt 0.000000 0.000000
vt 1.000000 0.000000
vt 1.000000 1.000000
vt 0.000000 1.000000
vt 0.000000 0.000000
vt 1.000000 0.000000
vt 1.000000 1.000000
vt 0.000000 1.000000
vt 0.500000 1.000000
vt 0.000000 0.000000
vt 1.000000 0.000000
vt 0.500000 1.000000
vt 0.000000 0.000000
vt 1.000000 0.000000
vt 0.000000 0.000000
vt 1.000000 0.000000
vt 1.000000 1.000000
vt 0.000000 1.000000
vt 0.000000 0.000000
vt 1.000000 0.000000
vt 1.000000 1.000000
vt 0.000000 1.000000
vt 0.500000 1.000000
vt 0.000000 0.000000
vt 1.000000 0.000000
vt 0.500000 1.000000
vt 0.000000 0.000000
vt 1.000000 0.000000
vt 0.000000 0.000000
vt 1.000000 0.000000
vt 1.000000 1.000000
vt 0.000000 1.000000
vt 0.000000 0.000000
vt 1.000000 0.000000
vt 1.000000 1.000000
vt 0.000000 1.000000
vt 0.500000 1.000000
vt 0.000000 0.000000
vt 1.000000 0.000000
vt 0.500000 1.000000
vt 0.000000 0.000000
vt 1.000000 0.000000
vt 0.000000 0.000000
vt 1.000000 0.000000
vt 1.000000 1.000000
vt 0.000000 1.000000
vt 0.000000 0.000000
vt 1.000000 0.000000
vt 1.000000 1.000000
vt 0.000000 1.000000
vt 0.500000 1.000000
vt 0.000000 0.000000
vt 1.000000 0.000000
vt 0.500000 1.000000
vt 0.000000 0.000000
vt 1.000000 0.000000
vt 0.000000 0.000000
vt 1.000000 0.000000
vt 1.000000 1.000000
vt 0.000000 1.000000
vt 0.000000 0.000000
vt 1.000000 0.000000
vt 1.000000 1.000000
vt 0.000000 1.000000
vt 0.500000 1.000000
vt 0.000000 0.000000
vt 1.000000 0.000000
vt 0.500000 1.000000
vt 0.000000 0.000000
vt 1.000000 0.000000
vt 0.000000 0.000000
vt 1.000000 0.000000
vt 1.000000 1.000000
vt 0.000000 1.000000
vt 0.000000 0.000000
vt 1.000000 0.000000
vt 1.000000 1.000000
vt 0.000000 1.000000
vt 0.500000 1.000000
vt 0.000000 0.000000
vt 1.000000 0.000000
vt 0.500000 1.000000
vt 0.000000 0.000000
vt 1.000000 0.000000
vt 0.000000 0.000000
vt 1.000000 0.000000
vt 1.000000 1.000000
vt 0.000000 1.000000
vt 0.000000 0.000000
vt 1.000000 0.000000
vt 1.000000 1.000000
vt 0.000000 1.000000
vt 0.500000 1.000000
vt 0.000000 0.000000
vt 1.000000 0.000000
vt 0.500000 1.000000
vt 0.000000 0.000000
vt 1.000000 0.000000
vt 0.000000 0.000000
vt 1.000000 0.000000
vt 1.000000 1.000000
vt 0.000000 1.000000
vt 0.000000 0.000000
vt 1.000000 0.000000
vt 1.000000 1.000000
vt 0.000000 1.000000
vt 0.500000 1.000000
vt 0.000000 0.000000
vt 1.000000 0.000000
vt 0.500000 1.000000
vt 0.000000 0.000000
vt 1.000000 0.000000
vt 0.000000 0.000000
vt 1.000000 0.000000
vt 1.000000 1.000000
vt 0.000000 1.000000
vt 0.000000 0.000000
vt 1.000000 0.000000
vt 1.000000 1.000000
vt 0.000000 1.000000
vt 0.500000 1.000000
vt 0.000000 0.000000
vt 1.000000 0.000000
vt 0.500000 1.000000
vt 0.000000 0.000000
vt 1.000000 0.000000
vt 0.000000 0.000000
vt 1.000000 0.000000
vt 1.000000 1.000000
vt 0.000000 1.000000
vt 0.000000 0.000000
vt 1.000000 0.000000
vt 1.000000 1.000000
vt 0.000000 1.000000
vt 0.500000 1.000000
vt 0.000000 0.000000
vt 1.000000 0.000000
vt 0.500000 1.000000
vt 0.000000 0.000000
vt 1.000000 0.000000
vt 0.000000 0.000000
vt 1.000000 0.000000
vt 1.000000 1.000000
vt 0.000000 1.000000
vt 0.000000 0.000000
vt 1.000000 0.000000
vt 1.000000 1.000000
vt 0.000000 1.000000
vt 0.500000 1.000000
vt 0.000000 0.000000
vt 1.000000 0.000000
vt 0.500000 1.000000
vt 0.000000 0.000000
vt 1.000000 0.000000
vt 0.000000 0.000000
vt 1.000000 0.000000
vt 1.000000 1.000000
vt 0.000000 1.000000
vt 0.000000 0.000000
vt 1.000000 0.000000
vt 1.000000 1.000000
vt 0.000000 1.000000
vt 0.500000 1.000000
vt 0.000000 0.000000
vt 1.000000 0.000000
vt 0.500000 1.000000
vt 0.000000 0.000000
vt 1.000000 0.000000
vt 0.000000 0.000000
vt 1.000000 0.000000
vt 1.000000 1.000000
vt 0.000000 1.000000
vt 0.000000 0.000000
vt 1.000000 0.000000
vt 1.000000 1.000000
vt 0.000000 1.000000
vt 0.500000 1.000000
vt 0.000000 0.000000
vt 1.000000 0.000000
vt 0.500000 1.000000
vt 0.000000 0.000000
vt 1.000000 0.000000
vt 0.000000 0.000000
vt 1.000000 0.000000
vt 1.000000 1.000000
vt 0.000000 1.000000
vt 0.000000 0.000000
vt 1.000000 0.000000
vt 1.000000 1.000000
vt 0.000000 1.000000
vt 0.500000 1.000000
vt 0.000000 0.000000
vt 1.000000 0.000000
vt 0.500000 1.000000
vt 0.000000 0.000000
vt 1.000000 0.000000
vt 0.000000 0.000000
vt 1.000000 0.000000
vt 1.000000 1.000000
vt 0.000000 1.000000
vt 0.000000 0.000000
vt 1.000000 0.000000
vt 1.000000 1.000000
vt 0.000000 1.000000
vt 0.500000 1.000000
vt 0.000000 0.000000
vt 1.000000 0.000000
vt 0.500000 1.000000
vt 0.000000 0.000000
vt 1.000000 0.000000
vt 0.000000 0.000000
vt 1.000000 0.000000
vt 1.000000 1.000000
vt 0.000000 1.000000
vt 0.000000 0.000000
vt 1.000000 0.000000
vt 1.000000 1.000000
vt 0.000000 1.000000
vt 0.500000 1.000000
vt 0.000000 0.000000
vt 1.000000 0.000000
vt 0.500000 1.000000
vt 0.000000 0.000000
vt 1.000000 0.000000
vt 0.000000 0.000000
vt 1.000000 0.000000
vt 1.000000 1.000000
vt 0.000000 1.000000
vt 0.000000 0.000000
vt 1.000000 0.000000
vt 1.000000 1.000000
vt 0.000000 1.000000
vt 0.500000 1.000000
vt 0.000000 0.000000
vt 1.000000 0.000000
vt 0.500000 1.000000
vt 0.000000 0.000000
vt 1.000000 0.000000
vt 0.000000 0.000000
vt 1.000000 0.000000
vt 1.000000 1.000000
vt 0.000000 1.000000
vt 0.000000 0.000000
vt 1.000000 0.000000
vt 1.000000 1.000000
vt 0.000000 1.000000
vt 0.500000 1.000000
vt 0.000000 0.000000
vt 1.000000 0.000000
vt 0.500000 1.000000
vt 0.000000 0.000000
vt 1.000000 0.000000
vt 0.000000 0.000000
vt 1.000000 0.000000
vt 1.000000 1.000000
vt 0.000000 1.000000
vt 0.000000 0.000000
vt 1.000000 0.000000
vt 1.000000 1.000000
vt 0.000000 1.000000
vt 0.500000 1.000000
vt 0.000000 0.000000
vt 1.000000 0.000000
vt 0.500000 1.000000
vt 0.000000 0.000000
vt 1.000000 0.000000
vt 0.000000 0.000000
vt 1.000000 0.000000
vt 1.000000 1.000000
vt 0.000000 1.000000
vt 0.000000 0.000000
vt 1.000000 0.000000
vt 1.000000 1.000000
vt 0.000000 1.000000
vt 0.500000 1.000000
vt 0.000000 0.000000
vt 1.000000 0.000000
vt 0.500000 1.000000
vt 0.000000 0.000000
vt 1.000000 0.000000
vt 0.000000 0.000000
vt 1.000000 0.000000
vt 1.000000 1.000000
vt 0.000000 1.000000
vt 0.000000 0.000000
vt 1.000000 0.000000
vt 1.000000 1.000000
vt 0.000000 1.000000
vt 0.500000 1.000000
vt 0.000000 0.000000
vt 1.000000 0.000000
s 1
usemtl models/caelum/world/environment/bark_city.png
f 1/1 2/2 3/3 4/4
f 5/5 6/6 7/7
f 8/8 9/9 10/10 11/11
f 12/12 13/13 14/14
f 15/15 16/16 17/17 18/18
f 19/19 20/20 21/21
f 22/22 23/23 24/24 25/25
f 26/26 27/27 28/28
f 29/29 30/30 31/31 32/32
f 33/33 34/34 35/35
f 36/36 37/37 38/38 39/39
f 40/40 41/41 42/42
f 43/43 44/44 45/45 46/46
f 47/47 48/48 49/49
f 50/50 51/51 52/52 53/53
f 54/54 55/55 56/56
f 57/57 58/58 59/59 60/60
f 61/61 62/62 63/63
f 64/64 65/65 66/66 67/67
f 68/68 69/69 70/70 71/71
f 72/72 73/73 74/74 75/75
f 76/76 77/77 78/78 79/79
f 80/80 81/81 82/82 83/83
f 84/84 85/85 86/86 87/87
f 88/88 89/89 90/90 91/91
f 92/92 93/93 94/94 95/95
f 96/96 97/97 98/98 99/99
f 100/100 101/101 102/102 103/103
f 104/104 105/105 106/106
f 107/107 108/108 109/109 110/110
f 111/111 112/112 113/113
f 114/114 115/115 116/116 117/117
f 118/118 119/119 120/120
f 121/121 122/122 123/123 124/124
f 125/125 126/126 127/127
f 128/128 129/129 130/130 131/131
f 132/132 133/133 134/134
f 135/135 136/136 137/137 138/138
f 139/139 140/140 141/141
f 142/142 143/143 144/144 145/145
f 146/146 147/147 148/148
f 149/149 150/150 151/151 152/152
f 153/153 154/154 155/155
f 156/156 157/157 158/158 159/159
f 160/160 161/161 162/162
f 163/163 164/164 165/165 166/166
f 167/167 168/168 169/169
f 170/170 171/171 172/172 173/173
f 174/174 175/175 176/176
f 177/177 178/178 179/179 180/180
f 181/181 182/182 183/183
f 184/184 185/185 186/186 187/187
f 188/188 189/189 190/190
f 191/191 192/192 193/193 194/194
f 195/195 196/196 197/197
f 198/198 199/199 200/200 201/201
f 202/202 203/203 204/204
f 205/205 206/206 207/207 208/208
f 209/209 210/210 211/211
f 212/212 213/213 214/214 215/215
f 216/216 217/217 218/218
f 219/219 220/220 221/221 222/222
f 223/223 224/224 225/225
f 226/226 227/227 228/228 229/229
f 230/230 231/231 232/232
f 233/233 234/234 235/235 236/236
f 237/237 238/238 239/239
f 240/240 241/241 242/242 243/243
f 244/244 245/245 246/246
f 247/247 248/248 249/249 250/250
f 251/251 252/252 253/253
f 254/254 255/255 256/256 257/257
f 258/258 259/259 260/260
f 261/261 262/262 263/263 264/264
f 265/265 266/266 267/267
f 268/268 269/269 270/270 271/271
f 272/272 273/273 274/274
f 275/275 276/276 277/277 278/278
f 279/279 280/280 281/281
f 282/282 283/283 284/284 285/285
f 286/286 287/287 288/288
f 289/289 290/290 291/291 292/292
f 293/293 294/294 295/295
f 296/296 297/297 298/298 299/299
f 300/300 301/301 302/302
f 303/303 304/304 305/305 306/306
f 307/307 308/308 309/309
f 310/310 311/311 312/312 313/313
f 314/314 315/315 316/316
f 317/317 318/318 319/319 320/320
f 321/321 322/322 323/323
f 324/324 325/325 326/326 327/327
f 328/328 329/329 330/330
f 331/331 332/332 333/333 334/334
f 335/335 336/336 337/337
f 338/338 339/339 340/340 341/341
f 342/342 343/343 344/344
f 345/345 346/346 347/347 348/348
f 349/349 350/350 351/351
f 352/352 353/353 354/354 355/355
f 356/356 357/357 358/358
f 359/359 360/360 361/361 362/362
f 363/363 364/364 365/365
f 366/366 367/367 368/368 369/369
f 370/370 371/371 372/372
f 373/373 374/374 375/375 376/376
f 377/377 378/378 379/379
f 380/380 381/381 382/382 383/383
f 384/384 385/385 386/386
f 387/387 388/388 389/389 390/390
f 391/391 392/392 393/393
f 394/394 395/395 396/396 397/397
f 398/398 399/399 400/400
f 401/401 402/402 403/403 404/404
f 405/405 406/406 407/407
f 408/408 409/409 410/410 411/411
f 412/412 413/413 414/414
f 415/415 416/416 417/417 418/418
f 419/419 420/420 421/421
f 422/422 423/423 424/424 425/425
f 426/426 427/427 428/428
f 429/429 430/430 431/431 432/432
f 433/433 434/434 435/435
f 436/436 437/437 438/438 439/439
f 440/440 441/441 442/442
f 443/443 444/444 445/445 446/446
f 447/447 448/448 449/449
f 450/450 451/451 452/452 453/453
f 454/454 455/455 456/456
f 457/457 458/458 459/459 460/460
f 461/461 462/462 463/463
f 464/464 465/465 466/466 467/467
f 468/468 469/469 470/470
f 471/471 472/472 473/473 474/474
f 475/475 476/476 477/477
f 478/478 479/479 480/480 481/481
f 482/482 483/483 484/484
f 485/485 486/486 487/487 488/488
f 489/489 490/490 491/491
f 492/492 493/493 494/494 495/495
f 496/496 497/497 498/498
f 499/499 500/500 501/501 502/502
f 503/503 504/504 505/505
f 506/506 507/507 508/508 509/509
f 510/510 511/511 512/512
f 513/513 514/514 515/515 516/516
f 517/517 518/518 519/519
f 520/520 521/521 522/522 523/523
f 524/524 525/525 526/526
f 527/527 528/528 529/529 530/530
f 531/531 532/532 533/533
f 534/534 535/535 536/536 537/537
f 538/538 539/539 540/540
f 541/541 542/542 543/543 544/544
f 545/545 546/546 547/547
f 548/548 549/549 550/550 551/551
f 552/552 553/553 554/554
f 555/555 556/556 557/557 558/558
f 559/559 560/560 561/561
f 562/562 563/563 564/564 565/565
f 566/566 567/567 568/568
f 569/569 570/570 571/571 572/572
f 573/573 574/574 575/575
f 576/576 577/577 578/578 579/579
f 580/580 581/581 582/582
f 583/583 584/584 585/585 586/586
f 587/587 588/588 589/589
f 590/590 591/591 592/592 593/593
f 594/594 595/595 596/596
f 597/597 598/598 599/599 600/600
f 601/601 602/602 603/603
f 604/604 605/605 606/606 607/607
f 608/608 609/609 610/610
f 611/611 612/612 613/613 614/614
f 615/615 616/616 617/617
f 618/618 619/619 620/620 621/621
f 622/622 623/623 624/624
f 625/625 626/626 627/627 628/628
f 629/629 630/630 631/631
f 632/632 633/633 634/634 635/635
f 636/636 637/637 638/638
f 639/639 640/640 641/641 642/642
f 643/643 644/644 645/645
f 646/646 647/647 648/648 649/649
f 650/650 651/651 652/652
f 653/653 654/654 655/655 656/656
f 657/657 658/658 659/659
f 660/660 661/661 662/662 663/663
f 664/664 665/665 666/666
f 667/667 668/668 669/669 670/670
f 671/671 672/672 673/673
f 674/674 675/675 676/676 677/677
f 678/678 679/679 680/680
f 681/681 682/682 683/683 684/684
f 685/685 686/686 687/687
f 688/688 689/689 690/690 691/691
f 692/692 693/693 694/694
f 695/695 696/696 697/697 698/698
f 699/699 700/700 701/701
f 702/702 703/703 704/704 705/705
f 706/706 707/707 708/708
f 709/709 710/710 711/711 712/712
f 713/713 714/714 715/715
f 716/716 717/717 718/718 719/719
f 720/720 721/721 722/722
f 723/723 724/724 725/725 726/726
f 727/727 728/728 729/729
f 730/730 731/731 732/732 733/733
f 734/734 735/735 736/736
f 737/737 738/738 739/739 740/740
f 741/741 742/742 743/743
f 744/744 745/745 746/746 747/747
f 748/748 749/749 750/750
f 751/751 752/752 753/753 754/754
f 755/755 756/756 757/757
f 758/758 759/759 760/760 761/761
f 762/762 763/763 764/764
f 765/765 766/766 767/767 768/768
f 769/769 770/770 771/771
f 772/772 773/773 774/774 775/775
f 776/776 777/777 778/778
f 779/779 780/780 781/781 782/782
f 783/783 784/784 785/785
f 786/786 787/787 788/788 789/789
f 790/790 791/791 792/792
f 793/793 794/794 795/795 796/796
f 797/797 798/798 799/799
f 800/800 801/801 802/802 803/803
f 804/804 805/805 806/806
f 807/807 808/808 809/809 810/810
f 811/811 812/812 813/813
f 814/814 815/815 816/816 817/817
f 818/818 819/819 820/820
f 821/821 822/822 823/823 824/824
f 825/825 826/826 827/827
f 828/828 829/829 830/830 831/831
f 832/832 833/833 834/834
f 835/835 836/836 837/837 838/838
f 839/839 840/840 841/841
f 842/842 843/843 844/844 845/845
f 846/846 847/847 848/848
f 849/849 850/850 851/851 852/852
f 853/853 854/854 855/855
f 856/856 857/857 858/858 859/859
f 860/860 861/861 862/862
f 863/863 864/864 865/865 866/866
f 867/867 868/868 869/869
f 870/870 871/871 872/872 873/873
f 874/874 875/875 876/876
f 877/877 878/878 879/879 880/880
f 881/881 882/882 883/883
f 884/884 885/885 886/886 887/887
f 888/888 889/889 890/890
f 891/891 892/892 893/893 894/894
f 895/895 896/896 897/897
f 898/898 899/899 900/900 901/901
f 902/902 903/903 904/904
f 905/905 906/906 907/907 908/908
f 909/909 910/910 911/911
f 912/912 913/913 914/914 915/915
f 916/916 917/917 918/918
f 919/919 920/920 921/921 922/922
f 923/923 924/924 925/925
f 926/926 927/927 928/928 929/929
f 930/930 931/931 932/932
f 933/933 934/934 935/935 936/936
f 937/937 938/938 939/939
f 940/940 941/941 942/942 943/943
f 944/944 945/945 946/946
f 947/947 948/948 949/949 950/950
f 951/951 952/952 953/953
f 954/954 955/955 956/956 957/957
f 958/958 959/959 960/960
f 961/961 962/962 963/963 964/964
f 965/965 966/966 967/967
f 968/968 969/969 970/970 971/971
f 972/972 973/973 974/974
f 975/975 976/976 977/977 978/978
f 979/979 980/980 981/981
f 982/982 983/983 984/984 985/985
f 986/986 987/987 988/988
f 989/989 990/990 991/991 992/992
f 993/993 994/994 995/995
f 996/996 997/997 998/998 999/999
f 1000/1000 1001/1001 1002/1002
usemtl models/caelum/world/environment/foliage_city_jacaranda.png
f 1003/1003 1004/1004 1005/1005
f 1006/1006 1007/1007 1008/1008 1009/1009
f 1010/1010 1011/1011 1012/1012 1013/1013
f 1014/1014 1015/1015 1016/1016
f 1017/1017 1018/1018 1019/1019
f 1020/1020 1021/1021 1022/1022 1023/1023
f 1024/1024 1025/1025 1026/1026 1027/1027
f 1028/1028 1029/1029 1030/1030
f 1031/1031 1032/1032 1033/1033
f 1034/1034 1035/1035 1036/1036 1037/1037
f 1038/1038 1039/1039 1040/1040 1041/1041
f 1042/1042 1043/1043 1044/1044
f 1045/1045 1046/1046 1047/1047
f 1048/1048 1049/1049 1050/1050 1051/1051
f 1052/1052 1053/1053 1054/1054 1055/1055
f 1056/1056 1057/1057 1058/1058
f 1059/1059 1060/1060 1061/1061
f 1062/1062 1063/1063 1064/1064 1065/1065
f 1066/1066 1067/1067 1068/1068 1069/1069
f 1070/1070 1071/1071 1072/1072
f 1073/1073 1074/1074 1075/1075
f 1076/1076 1077/1077 1078/1078 1079/1079
f 1080/1080 1081/1081 1082/1082 1083/1083
f 1084/1084 1085/1085 1086/1086
f 1087/1087 1088/1088 1089/1089
f 1090/1090 1091/1091 1092/1092 1093/1093
f 1094/1094 1095/1095 1096/1096 1097/1097
f 1098/1098 1099/1099 1100/1100
f 1101/1101 1102/1102 1103/1103
f 1104/1104 1105/1105 1106/1106 1107/1107
f 1108/1108 1109/1109 1110/1110 1111/1111
f 1112/1112 1113/1113 1114/1114
f 1115/1115 1116/1116 1117/1117
f 1118/1118 1119/1119 1120/1120 1121/1121
f 1122/1122 1123/1123 1124/1124 1125/1125
f 1126/1126 1127/1127 1128/1128
f 1129/1129 1130/1130 1131/1131
f 1132/1132 1133/1133 1134/1134 1135/1135
f 1136/1136 1137/1137 1138/1138 1139/1139
f 1140/1140 1141/1141 1142/1142
f 1143/1143 1144/1144 1145/1145
f 1146/1146 1147/1147 1148/1148 1149/1149
f 1150/1150 1151/1151 1152/1152 1153/1153
f 1154/1154 1155/1155 1156/1156
f 1157/1157 1158/1158 1159/1159
f 1160/1160 1161/1161 1162/1162 1163/1163
f 1164/1164 1165/1165 1166/1166 1167/1167
f 1168/1168 1169/1169 1170/1170
f 1171/1171 1172/1172 1173/1173
f 1174/1174 1175/1175 1176/1176 1177/1177
f 1178/1178 1179/1179 1180/1180 1181/1181
f 1182/1182 1183/1183 1184/1184
f 1185/1185 1186/1186 1187/1187
f 1188/1188 1189/1189 1190/1190 1191/1191
f 1192/1192 1193/1193 1194/1194 1195/1195
f 1196/1196 1197/1197 1198/1198
f 1199/1199 1200/1200 1201/1201
f 1202/1202 1203/1203 1204/1204 1205/1205
f 1206/1206 1207/1207 1208/1208 1209/1209
f 1210/1210 1211/1211 1212/1212
f 1213/1213 1214/1214 1215/1215
f 1216/1216 1217/1217 1218/1218 1219/1219
f 1220/1220 1221/1221 1222/1222 1223/1223
f 1224/1224 1225/1225 1226/1226
f 1227/1227 1228/1228 1229/1229
f 1230/1230 1231/1231 1232/1232 1233/1233
f 1234/1234 1235/1235 1236/1236 1237/1237
f 1238/1238 1239/1239 1240/1240
f 1241/1241 1242/1242 1243/1243
f 1244/1244 1245/1245 1246/1246 1247/1247
f 1248/1248 1249/1249 1250/1250 1251/1251
f 1252/1252 1253/1253 1254/1254
f 1255/1255 1256/1256 1257/1257
f 1258/1258 1259/1259 1260/1260 1261/1261
f 1262/1262 1263/1263 1264/1264 1265/1265
f 1266/1266 1267/1267 1268/1268
f 1269/1269 1270/1270 1271/1271
f 1272/1272 1273/1273 1274/1274 1275/1275
f 1276/1276 1277/1277 1278/1278 1279/1279
f 1280/1280 1281/1281 1282/1282
f 1283/1283 1284/1284 1285/1285
f 1286/1286 1287/1287 1288/1288 1289/1289
f 1290/1290 1291/1291 1292/1292 1293/1293
f 1294/1294 1295/1295 1296/1296
f 1297/1297 1298/1298 1299/1299
f 1300/1300 1301/1301 1302/1302 1303/1303
f 1304/1304 1305/1305 1306/1306 1307/1307
f 1308/1308 1309/1309 1310/1310
f 1311/1311 1312/1312 1313/1313
f 1314/1314 1315/1315 1316/1316 1317/1317
f 1318/1318 1319/1319 1320/1320 1321/1321
f 1322/1322 1323/1323 1324/1324
f 1325/1325 1326/1326 1327/1327
f 1328/1328 1329/1329 1330/1330 1331/1331
f 1332/1332 1333/1333 1334/1334 1335/1335
f 1336/1336 1337/1337 1338/1338
f 1339/1339 1340/1340 1341/1341
f 1342/1342 1343/1343 1344/1344 1345/1345
f 1346/1346 1347/1347 1348/1348 1349/1349
f 1350/1350 1351/1351 1352/1352
f 1353/1353 1354/1354 1355/1355
f 1356/1356 1357/1357 1358/1358 1359/1359
f 1360/1360 1361/1361 1362/1362 1363/1363
f 1364/1364 1365/1365 1366/1366
f 1367/1367 1368/1368 1369/1369
f 1370/1370 1371/1371 1372/1372 1373/1373
f 1374/1374 1375/1375 1376/1376 1377/1377
f 1378/1378 1379/1379 1380/1380
f 1381/1381 1382/1382 1383/1383
f 1384/1384 1385/1385 1386/1386 1387/1387
f 1388/1388 1389/1389 1390/1390 1391/1391
f 1392/1392 1393/1393 1394/1394
f 1395/1395 1396/1396 1397/1397
f 1398/1398 1399/1399 1400/1400 1401/1401
f 1402/1402 1403/1403 1404/1404 1405/1405
f 1406/1406 1407/1407 1408/1408
f 1409/1409 1410/1410 1411/1411
f 1412/1412 1413/1413 1414/1414 1415/1415
f 1416/1416 1417/1417 1418/1418 1419/1419
f 1420/1420 1421/1421 1422/1422
f 1423/1423 1424/1424 1425/1425
f 1426/1426 1427/1427 1428/1428 1429/1429
f 1430/1430 1431/1431 1432/1432 1433/1433
f 1434/1434 1435/1435 1436/1436
f 1437/1437 1438/1438 1439/1439
f 1440/1440 1441/1441 1442/1442 1443/1443
f 1444/1444 1445/1445 1446/1446 1447/1447
f 1448/1448 1449/1449 1450/1450
f 1451/1451 1452/1452 1453/1453
f 1454/1454 1455/1455 1456/1456 1457/1457
f 1458/1458 1459/1459 1460/1460 1461/1461
f 1462/1462 1463/1463 1464/1464
f 1465/1465 1466/1466 1467/1467
f 1468/1468 1469/1469 1470/1470 1471/1471
f 1472/1472 1473/1473 1474/1474 1475/1475
f 1476/1476 1477/1477 1478/1478
f 1479/1479 1480/1480 1481/1481
f 1482/1482 1483/1483 1484/1484 1485/1485
f 1486/1486 1487/1487 1488/1488 1489/1489
f 1490/1490 1491/1491 1492/1492
f 1493/1493 1494/1494 1495/1495
f 1496/1496 1497/1497 1498/1498 1499/1499
f 1500/1500 1501/1501 1502/1502 1503/1503
f 1504/1504 1505/1505 1506/1506
f 1507/1507 1508/1508 1509/1509
f 1510/1510 1511/1511 1512/1512 1513/1513
f 1514/1514 1515/1515 1516/1516 1517/1517
f 1518/1518 1519/1519 1520/1520
f 1521/1521 1522/1522 1523/1523
f 1524/1524 1525/1525 1526/1526 1527/1527
f 1528/1528 1529/1529 1530/1530 1531/1531
f 1532/1532 1533/1533 1534/1534
f 1535/1535 1536/1536 1537/1537
f 1538/1538 1539/1539 1540/1540 1541/1541
f 1542/1542 1543/1543 1544/1544 1545/1545
f 1546/1546 1547/1547 1548/1548
f 1549/1549 1550/1550 1551/1551
f 1552/1552 1553/1553 1554/1554 1555/1555
f 1556/1556 1557/1557 1558/1558 1559/1559
f 1560/1560 1561/1561 1562/1562
f 1563/1563 1564/1564 1565/1565
f 1566/1566 1567/1567 1568/1568 1569/1569
f 1570/1570 1571/1571 1572/1572 1573/1573
f 1574/1574 1575/1575 1576/1576
f 1577/1577 1578/1578 1579/1579
f 1580/1580 1581/1581 1582/1582 1583/1583
f 1584/1584 1585/1585 1586/1586 1587/1587
f 1588/1588 1589/1589 1590/1590
f 1591/1591 1592/1592 1593/1593
f 1594/1594 1595/1595 1596/1596 1597/1597
f 1598/1598 1599/1599 1600/1600 1601/1601
f 1602/1602 1603/1603 1604/1604
f 1605/1605 1606/1606 1607/1607
f 1608/1608 1609/1609 1610/1610 1611/1611
f 1612/1612 1613/1613 1614/1614 1615/1615
f 1616/1616 1617/1617 1618/1618
f 1619/1619 1620/1620 1621/1621
f 1622/1622 1623/1623 1624/1624 1625/1625
f 1626/1626 1627/1627 1628/1628 1629/1629
f 1630/1630 1631/1631 1632/1632
f 1633/1633 1634/1634 1635/1635
f 1636/1636 1637/1637 1638/1638 1639/1639
f 1640/1640 1641/1641 1642/1642 1643/1643
f 1644/1644 1645/1645 1646/1646
f 1647/1647 1648/1648 1649/1649
f 1650/1650 1651/1651 1652/1652 1653/1653
f 1654/1654 1655/1655 1656/1656 1657/1657
f 1658/1658 1659/1659 1660/1660
f 1661/1661 1662/1662 1663/1663
f 1664/1664 1665/1665 1666/1666 1667/1667
f 1668/1668 1669/1669 1670/1670 1671/1671
f 1672/1672 1673/1673 1674/1674
f 1675/1675 1676/1676 1677/1677
f 1678/1678 1679/1679 1680/1680 1681/1681
f 1682/1682 1683/1683 1684/1684 1685/1685
f 1686/1686 1687/1687 1688/1688
f 1689/1689 1690/1690 1691/1691
f 1692/1692 1693/1693 1694/1694 1695/1695
f 1696/1696 1697/1697 1698/1698 1699/1699
f 1700/1700 1701/1701 1702/1702
f 1703/1703 1704/1704 1705/1705
f 1706/1706 1707/1707 1708/1708 1709/1709
f 1710/1710 1711/1711 1712/1712 1713/1713
f 1714/1714 1715/1715 1716/1716
f 1717/1717 1718/1718 1719/1719
f 1720/1720 1721/1721 1722/1722 1723/1723
f 1724/1724 1725/1725 1726/1726 1727/1727
f 1728/1728 1729/1729 1730/1730
f 1731/1731 1732/1732 1733/1733
f 1734/1734 1735/1735 1736/1736 1737/1737
f 1738/1738 1739/1739 1740/1740 1741/1741
f 1742/1742 1743/1743 1744/1744
f 1745/1745 1746/1746 1747/1747
f 1748/1748 1749/1749 1750/1750 1751/1751
f 1752/1752 1753/1753 1754/1754 1755/1755
f 1756/1756 1757/1757 1758/1758
f 1759/1759 1760/1760 1761/1761
f 1762/1762 1763/1763 1764/1764 1765/1765
f 1766/1766 1767/1767 1768/1768 1769/1769
f 1770/1770 1771/1771 1772/1772
f 1773/1773 1774/1774 1775/1775
f 1776/1776 1777/1777 1778/1778 1779/1779
f 1780/1780 1781/1781 1782/1782 1783/1783
f 1784/1784 1785/1785 1786/1786
f 1787/1787 1788/1788 1789/1789
f 1790/1790 1791/1791 1792/1792 1793/1793
f 1794/1794 1795/1795 1796/1796 1797/1797
f 1798/1798 1799/1799 1800/1800
f 1801/1801 1802/1802 1803/1803
f 1804/1804 1805/1805 1806/1806 1807/1807
f 1808/1808 1809/1809 1810/1810 1811/1811
f 1812/1812 1813/1813 1814/1814
f 1815/1815 1816/1816 1817/1817
f 1818/1818 1819/1819 1820/1820 1821/1821
f 1822/1822 1823/1823 1824/1824 1825/1825
f 1826/1826 1827/1827 1828/1828
f 1829/1829 1830/1830 1831/1831
f 1832/1832 1833/1833 1834/1834 1835/1835
f 1836/1836 1837/1837 1838/1838 1839/1839
f 1840/1840 1841/1841 1842/1842
f 1843/1843 1844/1844 1845/1845
f 1846/1846 1847/1847 1848/1848 1849/1849
f 1850/1850 1851/1851 1852/1852 1853/1853
f 1854/1854 1855/1855 1856/1856
f 1857/1857 1858/1858 1859/1859
f 1860/1860 1861/1861 1862/1862 1863/1863
f 1864/1864 1865/1865 1866/1866 1867/1867
f 1868/1868 1869/1869 1870/1870
f 1871/1871 1872/1872 1873/1873
f 1874/1874 1875/1875 1876/1876 1877/1877
f 1878/1878 1879/1879 1880/1880 1881/1881
f 1882/1882 1883/1883 1884/1884
f 1885/1885 1886/1886 1887/1887
f 1888/1888 1889/1889 1890/1890 1891/1891
f 1892/1892 1893/1893 1894/1894 1895/1895
f 1896/1896 1897/1897 1898/1898
f 1899/1899 1900/1900 1901/1901
f 1902/1902 1903/1903 1904/1904 1905/1905
f 1906/1906 1907/1907 1908/1908 1909/1909
f 1910/1910 1911/1911 1912/1912
f 1913/1913 1914/1914 1915/1915
f 1916/1916 1917/1917 1918/1918 1919/1919
f 1920/1920 1921/1921 1922/1922 1923/1923
f 1924/1924 1925/1925 1926/1926
f 1927/1927 1928/1928 1929/1929
f 1930/1930 1931/1931 1932/1932 1933/1933
f 1934/1934 1935/1935 1936/1936 1937/1937
f 1938/1938 1939/1939 1940/1940
f 1941/1941 1942/1942 1943/1943
f 1944/1944 1945/1945 1946/1946 1947/1947
f 1948/1948 1949/1949 1950/1950 1951/1951
f 1952/1952 1953/1953 1954/1954
f 1955/1955 1956/1956 1957/1957
f 1958/1958 1959/1959 1960/1960 1961/1961
f 1962/1962 1963/1963 1964/1964 1965/1965
f 1966/1966 1967/1967 1968/1968
f 1969/1969 1970/1970 1971/1971
f 1972/1972 1973/1973 1974/1974 1975/1975
f 1976/1976 1977/1977 1978/1978 1979/1979
f 1980/1980 1981/1981 1982/1982
f 1983/1983 1984/1984 1985/1985
f 1986/1986 1987/1987 1988/1988 1989/1989
f 1990/1990 1991/1991 1992/1992 1993/1993
f 1994/1994 1995/1995 1996/1996
f 1997/1997 1998/1998 1999/1999
f 2000/2000 2001/2001 2002/2002 2003/2003
f 2004/2004 2005/2005 2006/2006 2007/2007
f 2008/2008 2009/2009 2010/2010
f 2011/2011 2012/2012 2013/2013
f 2014/2014 2015/2015 2016/2016 2017/2017
f 2018/2018 2019/2019 2020/2020 2021/2021
f 2022/2022 2023/2023 2024/2024
f 2025/2025 2026/2026 2027/2027
f 2028/2028 2029/2029 2030/2030 2031/2031
f 2032/2032 2033/2033 2034/2034 2035/2035
f 2036/2036 2037/2037 2038/2038
f 2039/2039 2040/2040 2041/2041
f 2042/2042 2043/2043 2044/2044 2045/2045
f 2046/2046 2047/2047 2048/2048 2049/2049
f 2050/2050 2051/2051 2052/2052
f 2053/2053 2054/2054 2055/2055
f 2056/2056 2057/2057 2058/2058 2059/2059
f 2060/2060 2061/2061 2062/2062 2063/2063
f 2064/2064 2065/2065 2066/2066
f 2067/2067 2068/2068 2069/2069
f 2070/2070 2071/2071 2072/2072 2073/2073
f 2074/2074 2075/2075 2076/2076 2077/2077
f 2078/2078 2079/2079 2080/2080
f 2081/2081 2082/2082 2083/2083
f 2084/2084 2085/2085 2086/2086 2087/2087
f 2088/2088 2089/2089 2090/2090 2091/2091
f 2092/2092 2093/2093 2094/2094
f 2095/2095 2096/2096 2097/2097
f 2098/2098 2099/2099 2100/2100 2101/2101
f 2102/2102 2103/2103 2104/2104 2105/2105
f 2106/2106 2107/2107 2108/2108
f 2109/2109 2110/2110 2111/2111
f 2112/2112 2113/2113 2114/2114 2115/2115
f 2116/2116 2117/2117 2118/2118 2119/2119
f 2120/2120 2121/2121 2122/2122
f 2123/2123 2124/2124 2125/2125
f 2126/2126 2127/2127 2128/2128 2129/2129
f 2130/2130 2131/2131 2132/2132 2133/2133
f 2134/2134 2135/2135 2136/2136
f 2137/2137 2138/2138 2139/2139
f 2140/2140 2141/2141 2142/2142 2143/2143
f 2144/2144 2145/2145 2146/2146 2147/2147
f 2148/2148 2149/2149 2150/2150
f 2151/2151 2152/2152 2153/2153
f 2154/2154 2155/2155 2156/2156 2157/2157
f 2158/2158 2159/2159 2160/2160 2161/2161
f 2162/2162 2163/2163 2164/2164
f 2165/2165 2166/2166 2167/2167
f 2168/2168 2169/2169 2170/2170 2171/2171
f 2172/2172 2173/2173 2174/2174 2175/2175
f 2176/2176 2177/2177 2178/2178
f 2179/2179 2180/2180 2181/2181
f 2182/2182 2183/2183 2184/2184 2185/2185
f 2186/2186 2187/2187 2188/2188 2189/2189
f 2190/2190 2191/2191 2192/2192
f 2193/2193 2194/2194 2195/2195
f 2196/2196 2197/2197 2198/2198 2199/2199
f 2200/2200 2201/2201 2202/2202 2203/2203
f 2204/2204 2205/2205 2206/2206
f 2207/2207 2208/2208 2209/2209
f 2210/2210 2211/2211 2212/2212 2213/2213
f 2214/2214 2215/2215 2216/2216 2217/2217
f 2218/2218 2219/2219 2220/2220
f 2221/2221 2222/2222 2223/2223
f 2224/2224 2225/2225 2226/2226 2227/2227
f 2228/2228 2229/2229 2230/2230 2231/2231
f 2232/2232 2233/2233 2234/2234
f 2235/2235 2236/2236 2237/2237
f 2238/2238 2239/2239 2240/2240 2241/2241
f 2242/2242 2243/2243 2244/2244 2245/2245
f 2246/2246 2247/2247 2248/2248
f 2249/2249 2250/2250 2251/2251
f 2252/2252 2253/2253 2254/2254 2255/2255
f 2256/2256 2257/2257 2258/2258 2259/2259
f 2260/2260 2261/2261 2262/2262
f 2263/2263 2264/2264 2265/2265
f 2266/2266 2267/2267 2268/2268 2269/2269
f 2270/2270 2271/2271 2272/2272 2273/2273
f 2274/2274 2275/2275 2276/2276
f 2277/2277 2278/2278 2279/2279
f 2280/2280 2281/2281 2282/2282 2283/2283
f 2284/2284 2285/2285 2286/2286 2287/2287
f 2288/2288 2289/2289 2290/2290
f 2291/2291 2292/2292 2293/2293
f 2294/2294 2295/2295 2296/2296 2297/2297
f 2298/2298 2299/2299 2300/2300 2301/2301
f 2302/2302 2303/2303 2304/2304
f 2305/2305 2306/2306 2307/2307
f 2308/2308 2309/2309 2310/2310 2311/2311
f 2312/2312 2313/2313 2314/2314 2315/2315
f 2316/2316 2317/2317 2318/2318
f 2319/2319 2320/2320 2321/2321
f 2322/2322 2323/2323 2324/2324 2325/2325
f 2326/2326 2327/2327 2328/2328 2329/2329
f 2330/2330 2331/2331 2332/2332
f 2333/2333 2334/2334 2335/2335
f 2336/2336 2337/2337 2338/2338 2339/2339
f 2340/2340 2341/2341 2342/2342 2343/2343
f 2344/2344 2345/2345 2346/2346
