# Modelo original generado para Caelum Argenteum.
# Ejes OBJ: X ancho, Y altura, Z profundidad.
o ca_tree_city_plane2
v 0.000000 0.032131 -13.999963
v -8.998973 -0.006366 -10.724665
v -6.444492 68.315607 -7.243219
v -0.235200 68.342170 -9.503175
v 0.000000 0.000000 0.000000
v -8.998973 -0.006366 -10.724665
v 0.000000 0.032131 -13.999963
v -8.998973 -0.006366 -10.724665
v -13.787227 -0.041884 -2.431177
v -9.748387 68.291100 -1.520712
v -6.444492 68.315607 -7.243219
v 0.000000 0.000000 0.000000
v -13.787227 -0.041884 -2.431177
v -8.998973 -0.006366 -10.724665
v -13.787227 -0.041884 -2.431177
v -12.124284 -0.057805 6.999886
v -8.600956 68.280115 4.986721
v -9.748387 68.291100 -1.520712
v 0.000000 0.000000 0.000000
v -12.124284 -0.057805 6.999886
v -13.787227 -0.041884 -2.431177
v -12.124284 -0.057805 6.999886
v -4.788254 -0.046677 13.155624
v -3.539095 68.287793 9.234181
v -8.600956 68.280115 4.986721
v 0.000000 0.000000 0.000000
v -4.788254 -0.046677 13.155624
v -12.124284 -0.057805 6.999886
v -4.788254 -0.046677 13.155624
v 4.788254 -0.013709 13.155700
v 3.068695 68.310541 9.234233
v -3.539095 68.287793 9.234181
v 0.000000 0.000000 0.000000
v 4.788254 -0.013709 13.155700
v -4.788254 -0.046677 13.155624
v 4.788254 -0.013709 13.155700
v 12.124284 0.025674 7.000077
v 8.130556 68.337715 4.986853
v 3.068695 68.310541 9.234233
v 0.000000 0.000000 0.000000
v 12.124284 0.025674 7.000077
v 4.788254 -0.013709 13.155700
v 12.124284 0.025674 7.000077
v 13.787227 0.053043 -2.430959
v 9.277987 68.356600 -1.520562
v 8.130556 68.337715 4.986853
v 0.000000 0.000000 0.000000
v 13.787227 0.053043 -2.430959
v 12.124284 0.025674 7.000077
v 13.787227 0.053043 -2.430959
v 8.998973 0.055594 -10.724523
v 5.974092 68.358360 -7.243121
v 9.277987 68.356600 -1.520562
v 0.000000 0.000000 0.000000
v 8.998973 0.055594 -10.724523
v 13.787227 0.053043 -2.430959
v 8.998973 0.055594 -10.724523
v 0.000000 0.032131 -13.999963
v -0.235200 68.342170 -9.503175
v 5.974092 68.358360 -7.243121
v 0.000000 0.000000 0.000000
v 0.000000 0.032131 -13.999963
v 8.998973 0.055594 -10.724523
v -1.391564 68.371514 -9.433600
v -7.285403 68.293957 -6.446954
v -4.693920 126.865658 -3.096050
v -1.448038 126.908370 -4.740869
v -7.285403 68.293957 -6.446954
v -9.880373 68.228586 -0.370338
v -6.123035 126.829656 0.250492
v -4.693920 126.865658 -3.096050
v -9.880373 68.228586 -0.370338
v -7.962260 68.205989 5.952932
v -5.066682 126.817211 3.732873
v -6.123035 126.829656 0.250492
v -7.962260 68.205989 5.952932
v -2.428570 68.236738 9.564127
v -2.019143 126.834146 5.721647
v -5.066682 126.817211 3.732873
v -2.428570 68.236738 9.564127
v 4.131423 68.306447 8.773529
v 1.593607 126.872536 5.286245
v -2.019143 126.834146 5.721647
v 4.131423 68.306447 8.773529
v 8.648224 68.382497 3.951068
v 4.081121 126.914419 2.630397
v 1.593607 126.872536 5.286245
v 8.648224 68.382497 3.951068
v 9.008372 68.429304 -2.646773
v 4.279463 126.940197 -1.003197
v 4.081121 126.914419 2.630397
v 9.008372 68.429304 -2.646773
v 5.043350 68.424967 -7.932791
v 2.095828 126.937808 -3.914337
v 4.279463 126.940197 -1.003197
v 5.043350 68.424967 -7.932791
v -1.391564 68.371514 -9.433600
v -1.448038 126.908370 -4.740869
v 2.095828 126.937808 -3.914337
v -2.075611 126.915389 -4.626638
v -5.100975 126.844421 -2.605462
v -2.710222 195.193446 0.700425
v -2.152918 195.206519 0.328104
v -1.920000 195.200000 1.280000
v -2.152918 195.206519 0.328104
v -2.710222 195.193446 0.700425
v -5.100975 126.844421 -2.605462
v -6.119105 126.790100 0.887884
v -2.897772 195.183439 1.343936
v -2.710222 195.193446 0.700425
v -1.920000 195.200000 1.280000
v -2.710222 195.193446 0.700425
v -2.897772 195.183439 1.343936
v -6.119105 126.790100 0.887884
v -4.653607 126.777845 4.218826
v -2.627812 195.181182 1.957531
v -2.897772 195.183439 1.343936
v -1.920000 195.200000 1.280000
v -2.897772 195.183439 1.343936
v -2.627812 195.181182 1.957531
v -4.653607 126.777845 4.218826
v -1.390204 126.813389 5.828779
v -2.026659 195.187730 2.254101
v -2.627812 195.181182 1.957531
v -1.920000 195.200000 1.280000
v -2.627812 195.181182 1.957531
v -2.026659 195.187730 2.254101
v -1.390204 126.813389 5.828779
v 2.144121 126.880101 4.964427
v -1.375599 195.200019 2.094879
v -2.026659 195.187730 2.254101
v -1.920000 195.200000 1.280000
v -2.026659 195.187730 2.254101
v -1.375599 195.200019 2.094879
v 2.144121 126.880101 4.964427
v 4.295618 126.946766 2.030212
v -0.979270 195.212299 1.554365
v -1.375599 195.200019 2.094879
v -1.920000 195.200000 1.280000
v -1.375599 195.200019 2.094879
v -0.979270 195.212299 1.554365
v 4.295618 126.946766 2.030212
v 4.057579 126.982191 -1.600916
v -1.023120 195.218825 0.885473
v -0.979270 195.212299 1.554365
v -1.920000 195.200000 1.280000
v -0.979270 195.212299 1.554365
v -1.023120 195.218825 0.885473
v 4.057579 126.982191 -1.600916
v 1.541384 126.969799 -4.229911
v -1.486629 195.216542 0.401185
v -1.023120 195.218825 0.885473
v -1.920000 195.200000 1.280000
v -1.023120 195.218825 0.885473
v -1.486629 195.216542 0.401185
v 1.541384 126.969799 -4.229911
v -2.075611 126.915389 -4.626638
v -2.152918 195.206519 0.328104
v -1.486629 195.216542 0.401185
v -1.920000 195.200000 1.280000
v -1.486629 195.216542 0.401185
v -2.152918 195.206519 0.328104
v -1.186410 152.985981 -2.717785
v -3.549995 155.148321 -1.215238
v 18.787090 179.038283 -3.166313
v 19.614345 178.281465 -3.692205
v -1.186410 153.442857 0.790940
v -3.549995 155.148321 -1.215238
v -1.186410 152.985981 -2.717785
v -3.549995 155.148321 -1.215238
v -3.549995 155.605197 2.293487
v 18.787090 179.198190 -1.938259
v 18.787090 179.038283 -3.166313
v -1.186410 153.442857 0.790940
v -3.549995 155.605197 2.293487
v -3.549995 155.148321 -1.215238
v -3.549995 155.605197 2.293487
v -1.186410 153.899733 4.299666
v 19.614345 178.601278 -1.236097
v 18.787090 179.198190 -1.938259
v -1.186410 153.442857 0.790940
v -1.186410 153.899733 4.299666
v -3.549995 155.605197 2.293487
v -1.186410 153.899733 4.299666
v 1.177174 151.737394 2.797119
v 20.441600 177.844459 -1.761988
v 19.614345 178.601278 -1.236097
v -1.186410 153.442857 0.790940
v 1.177174 151.737394 2.797119
v -1.186410 153.899733 4.299666
v 1.177174 151.737394 2.797119
v 1.177174 151.280518 -0.711607
v 20.441600 177.684552 -2.990042
v 20.441600 177.844459 -1.761988
v -1.186410 153.442857 0.790940
v 1.177174 151.280518 -0.711607
v 1.177174 151.737394 2.797119
v 1.177174 151.280518 -0.711607
v -1.186410 152.985981 -2.717785
v 19.614345 178.281465 -3.692205
v 20.441600 177.684552 -2.990042
v -1.186410 153.442857 0.790940
v -1.186410 152.985981 -2.717785
v 1.177174 151.280518 -0.711607
v 19.500707 178.376892 -3.695660
v 18.741353 179.103834 -3.040966
v 42.797908 204.425653 -5.430175
v 42.147033 205.048746 -4.869008
v 42.049629 204.993478 -5.924588
v 42.147033 205.048746 -4.869008
v 42.797908 204.425653 -5.430175
v 18.741353 179.103834 -3.040966
v 18.854992 179.168313 -1.809456
v 42.700503 204.370385 -6.485754
v 42.797908 204.425653 -5.430175
v 42.049629 204.993478 -5.924588
v 42.797908 204.425653 -5.430175
v 42.700503 204.370385 -6.485754
v 18.854992 179.168313 -1.809456
v 19.727983 178.505850 -1.232641
v 41.952225 204.938210 -6.980167
v 42.700503 204.370385 -6.485754
v 42.049629 204.993478 -5.924588
v 42.700503 204.370385 -6.485754
v 41.952225 204.938210 -6.980167
v 19.727983 178.505850 -1.232641
v 20.487337 177.778908 -1.887336
v 41.301351 205.561303 -6.419001
v 41.952225 204.938210 -6.980167
v 42.049629 204.993478 -5.924588
v 41.952225 204.938210 -6.980167
v 41.301351 205.561303 -6.419001
v 20.487337 177.778908 -1.887336
v 20.373698 177.714429 -3.118845
v 41.398755 205.616571 -5.363421
v 41.301351 205.561303 -6.419001
v 42.049629 204.993478 -5.924588
v 41.301351 205.561303 -6.419001
v 41.398755 205.616571 -5.363421
v 20.373698 177.714429 -3.118845
v 19.500707 178.376892 -3.695660
v 42.147033 205.048746 -4.869008
v 41.398755 205.616571 -5.363421
v 42.049629 204.993478 -5.924588
v 41.398755 205.616571 -5.363421
v 42.147033 205.048746 -4.869008
v -1.430731 169.841856 -1.323544
v -3.552827 169.909341 0.248224
v 9.060965 193.043630 14.842300
v 9.803699 193.020010 14.292181
v -1.430731 168.503233 0.953821
v -3.552827 169.909341 0.248224
v -1.430731 169.841856 -1.323544
v -3.552827 169.909341 0.248224
v -3.552827 168.570719 2.525589
v 9.060965 192.575112 15.639378
v 9.060965 193.043630 14.842300
v -1.430731 168.503233 0.953821
v -3.552827 168.570719 2.525589
v -3.552827 169.909341 0.248224
v -3.552827 168.570719 2.525589
v -1.430731 167.164610 3.231185
v 9.803699 192.082974 15.886337
v 9.060965 192.575112 15.639378
v -1.430731 168.503233 0.953821
v -1.430731 167.164610 3.231185
v -3.552827 168.570719 2.525589
v -1.430731 167.164610 3.231185
v 0.691365 167.097124 1.659418
v 10.546433 192.059354 15.336218
v 9.803699 192.082974 15.886337
v -1.430731 168.503233 0.953821
v 0.691365 167.097124 1.659418
v -1.430731 167.164610 3.231185
v 0.691365 167.097124 1.659418
v 0.691365 168.435747 -0.617947
v 10.546433 192.527872 14.539140
v 10.546433 192.059354 15.336218
v -1.430731 168.503233 0.953821
v 0.691365 168.435747 -0.617947
v 0.691365 167.097124 1.659418
v 0.691365 168.435747 -0.617947
v -1.430731 169.841856 -1.323544
v 9.803699 193.020010 14.292181
v 10.546433 192.527872 14.539140
v -1.430731 168.503233 0.953821
v -1.430731 169.841856 -1.323544
v 0.691365 168.435747 -0.617947
v 9.700872 193.053734 14.319830
v 9.013762 193.007092 14.936714
v 22.532193 218.210035 30.612888
v 21.943242 218.170057 31.141646
v 21.855104 218.600550 30.482135
v 21.943242 218.170057 31.141646
v 22.532193 218.210035 30.612888
v 9.013762 193.007092 14.936714
v 9.116589 192.504850 15.706143
v 22.444056 218.640529 29.953377
v 22.532193 218.210035 30.612888
v 21.855104 218.600550 30.482135
v 22.532193 218.210035 30.612888
v 22.444056 218.640529 29.953377
v 9.116589 192.504850 15.706143
v 9.906526 192.049250 15.858688
v 21.766967 219.031043 29.822624
v 22.444056 218.640529 29.953377
v 21.855104 218.600550 30.482135
v 22.444056 218.640529 29.953377
v 21.766967 219.031043 29.822624
v 9.906526 192.049250 15.858688
v 10.593636 192.095892 15.241804
v 21.178016 218.991064 30.351382
v 21.766967 219.031043 29.822624
v 21.855104 218.600550 30.482135
v 21.766967 219.031043 29.822624
v 21.178016 218.991064 30.351382
v 10.593636 192.095892 15.241804
v 10.490809 192.598134 14.472375
v 21.266153 218.560571 31.010893
v 21.178016 218.991064 30.351382
v 21.855104 218.600550 30.482135
v 21.178016 218.991064 30.351382
v 21.266153 218.560571 31.010893
v 10.490809 192.598134 14.472375
v 9.700872 193.053734 14.319830
v 21.943242 218.170057 31.141646
v 21.266153 218.560571 31.010893
v 21.855104 218.600550 30.482135
v 21.266153 218.560571 31.010893
v 21.943242 218.170057 31.141646
v -1.455334 173.761700 -0.967022
v -5.110376 171.576181 -0.545167
v -7.628629 183.721990 26.451343
v -6.349365 184.486922 26.303694
v -1.455334 169.945829 0.970223
v -5.110376 171.576181 -0.545167
v -1.455334 173.761700 -0.967022
v -5.110376 171.576181 -0.545167
v -5.110376 167.760309 1.392077
v -7.628629 182.386435 27.129379
v -7.628629 183.721990 26.451343
v -1.455334 169.945829 0.970223
v -5.110376 167.760309 1.392077
v -5.110376 171.576181 -0.545167
v -5.110376 167.760309 1.392077
v -1.455334 166.129957 2.907467
v -6.349365 181.815812 27.659765
v -7.628629 182.386435 27.129379
v -1.455334 169.945829 0.970223
v -1.455334 166.129957 2.907467
v -5.110376 167.760309 1.392077
v -1.455334 166.129957 2.907467
v 2.199709 168.315476 2.485612
v -5.070100 182.580744 27.512116
v -6.349365 181.815812 27.659765
v -1.455334 169.945829 0.970223
v 2.199709 168.315476 2.485612
v -1.455334 166.129957 2.907467
v 2.199709 168.315476 2.485612
v 2.199709 172.131348 0.548368
v -5.070100 183.916299 26.834081
v -5.070100 182.580744 27.512116
v -1.455334 169.945829 0.970223
v 2.199709 172.131348 0.548368
v 2.199709 168.315476 2.485612
v 2.199709 172.131348 0.548368
v -1.455334 173.761700 -0.967022
v -6.349365 184.486922 26.303694
v -5.070100 183.916299 26.834081
v -1.455334 169.945829 0.970223
v -1.455334 173.761700 -0.967022
v 2.199709 172.131348 0.548368
v -6.525747 184.558339 26.499280
v -7.704371 183.636548 26.567005
v -10.611075 191.745970 55.597192
v -11.621324 190.955863 55.655243
v -11.772509 192.161840 55.241714
v -11.621324 190.955863 55.655243
v -10.611075 191.745970 55.597192
v -7.704371 183.636548 26.567005
v -7.527988 182.229576 27.049455
v -10.762260 192.951946 55.183664
v -10.611075 191.745970 55.597192
v -11.772509 192.161840 55.241714
v -10.611075 191.745970 55.597192
v -10.762260 192.951946 55.183664
v -7.527988 182.229576 27.049455
v -6.172982 181.744395 27.464180
v -11.923694 193.367816 54.828186
v -10.762260 192.951946 55.183664
v -11.772509 192.161840 55.241714
v -10.762260 192.951946 55.183664
v -11.923694 193.367816 54.828186
v -6.172982 181.744395 27.464180
v -4.994358 182.666186 27.396454
v -12.933943 192.577709 54.886236
v -11.923694 193.367816 54.828186
v -11.772509 192.161840 55.241714
v -11.923694 193.367816 54.828186
v -12.933943 192.577709 54.886236
v -4.994358 182.666186 27.396454
v -5.170741 184.073158 26.914004
v -12.782758 191.371733 55.299765
v -12.933943 192.577709 54.886236
v -11.772509 192.161840 55.241714
v -12.933943 192.577709 54.886236
v -12.782758 191.371733 55.299765
v -5.170741 184.073158 26.914004
v -6.525747 184.558339 26.499280
v -11.621324 190.955863 55.655243
v -12.782758 191.371733 55.299765
v -11.772509 192.161840 55.241714
v -12.782758 191.371733 55.299765
v -11.621324 190.955863 55.655243
v -1.421574 170.705425 -1.425895
v -3.440871 167.759756 -2.058177
v -28.034750 182.122195 16.336348
v -27.327996 183.153179 16.557647
v -1.421574 167.963112 0.947716
v -3.440871 167.759756 -2.058177
v -1.421574 170.705425 -1.425895
v -3.440871 167.759756 -2.058177
v -3.440871 165.017444 0.315434
v -28.034750 181.162385 17.167112
v -28.034750 182.122195 16.336348
v -1.421574 167.963112 0.947716
v -3.440871 165.017444 0.315434
v -3.440871 167.759756 -2.058177
v -3.440871 165.017444 0.315434
v -1.421574 165.220800 3.321327
v -27.327996 181.233560 18.219174
v -28.034750 181.162385 17.167112
v -1.421574 167.963112 0.947716
v -1.421574 165.220800 3.321327
v -3.440871 165.017444 0.315434
v -1.421574 165.220800 3.321327
v 0.597724 168.166468 3.953608
v -26.621242 182.264544 18.440473
v -27.327996 181.233560 18.219174
v -1.421574 167.963112 0.947716
v 0.597724 168.166468 3.953608
v -1.421574 165.220800 3.321327
v 0.597724 168.166468 3.953608
v 0.597724 170.908781 1.579998
v -26.621242 183.224353 17.609709
v -26.621242 182.264544 18.440473
v -1.421574 167.963112 0.947716
v 0.597724 170.908781 1.579998
v 0.597724 168.166468 3.953608
v 0.597724 170.908781 1.579998
v -1.421574 170.705425 -1.425895
v -27.327996 183.153179 16.557647
v -26.621242 183.224353 17.609709
v -1.421574 167.963112 0.947716
v -1.421574 170.705425 -1.425895
v 0.597724 170.908781 1.579998
v -27.415860 183.267113 16.717026
v -28.002982 182.216437 16.313578
v -54.933193 191.053326 36.199424
v -55.436440 190.152747 35.853611
v -55.511752 191.073099 35.278139
v -55.436440 190.152747 35.853611
v -54.933193 191.053326 36.199424
v -28.002982 182.216437 16.313578
v -27.915118 181.142694 16.984962
v -55.008505 191.973678 35.623952
v -54.933193 191.053326 36.199424
v -55.511752 191.073099 35.278139
v -54.933193 191.053326 36.199424
v -55.008505 191.973678 35.623952
v -27.915118 181.142694 16.984962
v -27.240133 181.119625 18.059795
v -55.587063 191.993451 34.702667
v -55.008505 191.973678 35.623952
v -55.511752 191.073099 35.278139
v -55.008505 191.973678 35.623952
v -55.587063 191.993451 34.702667
v -27.240133 181.119625 18.059795
v -26.653011 182.170301 18.463243
v -56.090311 191.092872 34.356854
v -55.587063 191.993451 34.702667
v -55.511752 191.073099 35.278139
v -55.587063 191.993451 34.702667
v -56.090311 191.092872 34.356854
v -26.653011 182.170301 18.463243
v -26.740874 183.244045 17.791859
v -56.014999 190.172520 34.932326
v -56.090311 191.092872 34.356854
v -55.511752 191.073099 35.278139
v -56.090311 191.092872 34.356854
v -56.014999 190.172520 34.932326
v -26.740874 183.244045 17.791859
v -27.415860 183.267113 16.717026
v -55.436440 190.152747 35.853611
v -56.014999 190.172520 34.932326
v -55.511752 191.073099 35.278139
v -56.014999 190.172520 34.932326
v -55.436440 190.152747 35.853611
v -1.049917 143.299084 -3.019050
v -2.984867 141.195237 -0.419424
v -27.788717 161.024395 -4.700194
v -27.111484 161.760741 -5.610063
v -1.049917 144.346624 0.699945
v -2.984867 141.195237 -0.419424
v -1.049917 143.299084 -3.019050
v -2.984867 141.195237 -0.419424
v -2.984867 142.242778 3.299571
v -27.788717 161.391034 -3.398546
v -27.788717 161.024395 -4.700194
v -1.049917 144.346624 0.699945
v -2.984867 142.242778 3.299571
v -2.984867 141.195237 -0.419424
v -2.984867 142.242778 3.299571
v -1.049917 145.394165 4.418939
v -27.111484 162.494019 -3.006767
v -27.788717 161.391034 -3.398546
v -1.049917 144.346624 0.699945
v -1.049917 145.394165 4.418939
v -2.984867 142.242778 3.299571
v -1.049917 145.394165 4.418939
v 0.885034 147.498011 1.819313
v -26.434251 163.230366 -3.916636
v -27.111484 162.494019 -3.006767
v -1.049917 144.346624 0.699945
v 0.885034 147.498011 1.819313
v -1.049917 145.394165 4.418939
v 0.885034 147.498011 1.819313
v 0.885034 146.450471 -1.899682
v -26.434251 162.863727 -5.218284
v -26.434251 163.230366 -3.916636
v -1.049917 144.346624 0.699945
v 0.885034 146.450471 -1.899682
v 0.885034 147.498011 1.819313
v 0.885034 146.450471 -1.899682
v -1.049917 143.299084 -3.019050
v -27.111484 161.760741 -5.610063
v -26.434251 162.863727 -5.218284
v -1.049917 144.346624 0.699945
v -1.049917 143.299084 -3.019050
v 0.885034 146.450471 -1.899682
v -26.936515 161.984635 -5.641727
v -27.588962 161.030785 -4.939450
v -55.023074 178.487414 -9.134922
v -55.582315 177.669827 -8.532970
v -55.432341 177.547475 -9.675809
v -55.582315 177.669827 -8.532970
v -55.023074 178.487414 -9.134922
v -27.588962 161.030785 -4.939450
v -27.763931 161.173530 -3.606137
v -54.873101 178.365061 -10.277761
v -55.023074 178.487414 -9.134922
v -55.432341 177.547475 -9.675809
v -55.023074 178.487414 -9.134922
v -54.873101 178.365061 -10.277761
v -27.763931 161.173530 -3.606137
v -27.286453 162.270125 -2.975103
v -55.282368 177.425122 -10.818648
v -54.873101 178.365061 -10.277761
v -55.432341 177.547475 -9.675809
v -54.873101 178.365061 -10.277761
v -55.282368 177.425122 -10.818648
v -27.286453 162.270125 -2.975103
v -26.634006 163.223976 -3.677380
v -55.841608 176.607536 -10.216696
v -55.282368 177.425122 -10.818648
v -55.432341 177.547475 -9.675809
v -55.282368 177.425122 -10.818648
v -55.841608 176.607536 -10.216696
v -26.634006 163.223976 -3.677380
v -26.459037 163.081231 -5.010692
v -55.991582 176.729889 -9.073857
v -55.841608 176.607536 -10.216696
v -55.432341 177.547475 -9.675809
v -55.841608 176.607536 -10.216696
v -55.991582 176.729889 -9.073857
v -26.459037 163.081231 -5.010692
v -26.936515 161.984635 -5.641727
v -55.582315 177.669827 -8.532970
v -55.991582 176.729889 -9.073857
v -55.432341 177.547475 -9.675809
v -55.991582 176.729889 -9.073857
v -55.582315 177.669827 -8.532970
v -1.256245 155.223171 -2.492844
v -4.704118 155.517469 0.007473
v -16.974632 186.303507 -22.905971
v -15.767876 186.200503 -23.781083
v -1.256245 157.894286 0.837497
v -4.704118 155.517469 0.007473
v -1.256245 155.223171 -2.492844
v -4.704118 155.517469 0.007473
v -4.704118 158.188584 3.337814
v -16.974632 187.238397 -21.740352
v -16.974632 186.303507 -22.905971
v -1.256245 157.894286 0.837497
v -4.704118 158.188584 3.337814
v -4.704118 155.517469 0.007473
v -4.704118 158.188584 3.337814
v -1.256245 160.565401 4.167838
v -15.767876 188.070283 -21.449844
v -16.974632 187.238397 -21.740352
v -1.256245 157.894286 0.837497
v -1.256245 160.565401 4.167838
v -4.704118 158.188584 3.337814
v -1.256245 160.565401 4.167838
v 2.191628 160.271104 1.667520
v -14.561121 187.967279 -22.324955
v -15.767876 188.070283 -21.449844
v -1.256245 157.894286 0.837497
v 2.191628 160.271104 1.667520
v -1.256245 160.565401 4.167838
v 2.191628 160.271104 1.667520
v 2.191628 157.599989 -1.662821
v -14.561121 187.032389 -23.490574
v -14.561121 187.967279 -22.324955
v -1.256245 157.894286 0.837497
v 2.191628 157.599989 -1.662821
v 2.191628 160.271104 1.667520
v 2.191628 157.599989 -1.662821
v -1.256245 155.223171 -2.492844
v -15.767876 186.200503 -23.781083
v -14.561121 187.032389 -23.490574
v -1.256245 157.894286 0.837497
v -1.256245 155.223171 -2.492844
v 2.191628 157.599989 -1.662821
v -15.933917 186.132560 -23.710655
v -17.043431 186.366805 -22.737621
v -30.500165 218.085583 -47.848339
v -31.451177 218.286364 -47.014309
v -31.593497 217.426794 -47.953045
v -31.451177 218.286364 -47.014309
v -30.500165 218.085583 -47.848339
v -17.043431 186.366805 -22.737621
v -16.877390 187.369638 -21.642429
v -30.642485 217.226012 -48.787075
v -30.500165 218.085583 -47.848339
v -31.593497 217.426794 -47.953045
v -30.500165 218.085583 -47.848339
v -30.642485 217.226012 -48.787075
v -16.877390 187.369638 -21.642429
v -15.601836 188.138226 -21.520271
v -31.735817 216.567223 -48.891781
v -30.642485 217.226012 -48.787075
v -31.593497 217.426794 -47.953045
v -30.642485 217.226012 -48.787075
v -31.735817 216.567223 -48.891781
v -15.601836 188.138226 -21.520271
v -14.492322 187.903981 -22.493306
v -32.686829 216.768004 -48.057752
v -31.735817 216.567223 -48.891781
v -31.593497 217.426794 -47.953045
v -31.735817 216.567223 -48.891781
v -32.686829 216.768004 -48.057752
v -14.492322 187.903981 -22.493306
v -14.658362 186.901148 -23.588498
v -32.544509 217.627575 -47.119015
v -32.686829 216.768004 -48.057752
v -31.593497 217.426794 -47.953045
v -32.686829 216.768004 -48.057752
v -32.544509 217.627575 -47.119015
v -14.658362 186.901148 -23.588498
v -15.933917 186.132560 -23.710655
v -31.451177 218.286364 -47.014309
v -32.544509 217.627575 -47.119015
v -31.593497 217.426794 -47.953045
v -32.544509 217.627575 -47.119015
v -31.451177 218.286364 -47.014309
v -1.072586 143.604637 -2.014683
v -4.152895 144.904115 -0.778689
v -0.012434 170.717472 -20.939790
v 1.065674 170.262655 -21.372388
v -1.072586 145.896612 0.715057
v -4.152895 144.904115 -0.778689
v -1.072586 143.604637 -2.014683
v -4.152895 144.904115 -0.778689
v -4.152895 147.196090 1.951051
v -0.012434 171.519664 -19.984381
v -0.012434 170.717472 -20.939790
v -1.072586 145.896612 0.715057
v -4.152895 147.196090 1.951051
v -4.152895 144.904115 -0.778689
v -4.152895 147.196090 1.951051
v -1.072586 148.188587 3.444797
v 1.065674 171.867038 -19.461570
v -0.012434 171.519664 -19.984381
v -1.072586 145.896612 0.715057
v -1.072586 148.188587 3.444797
v -4.152895 147.196090 1.951051
v -1.072586 148.188587 3.444797
v 2.007723 146.889109 2.208803
v 2.143782 171.412220 -19.894168
v 1.065674 171.867038 -19.461570
v -1.072586 145.896612 0.715057
v 2.007723 146.889109 2.208803
v -1.072586 148.188587 3.444797
v 2.007723 146.889109 2.208803
v 2.007723 144.597134 -0.520937
v 2.143782 170.610029 -20.849577
v 2.143782 171.412220 -19.894168
v -1.072586 145.896612 0.715057
v 2.007723 144.597134 -0.520937
v 2.007723 146.889109 2.208803
v 2.007723 144.597134 -0.520937
v -1.072586 143.604637 -2.014683
v 1.065674 170.262655 -21.372388
v 2.143782 170.610029 -20.849577
v -1.072586 145.896612 0.715057
v -1.072586 143.604637 -2.014683
v 2.007723 144.597134 -0.520937
v 0.916629 170.267347 -21.364659
v -0.079319 170.801692 -20.836570
v 4.274164 198.007489 -42.890782
v 3.420493 198.465499 -42.438134
v 3.292741 197.781928 -43.250431
v 3.420493 198.465499 -42.438134
v 4.274164 198.007489 -42.890782
v -0.079319 170.801692 -20.836570
v 0.069725 171.599192 -19.888890
v 4.146411 197.323917 -43.703078
v 4.274164 198.007489 -42.890782
v 3.292741 197.781928 -43.250431
v 4.274164 198.007489 -42.890782
v 4.146411 197.323917 -43.703078
v 0.069725 171.599192 -19.888890
v 1.214719 171.862346 -19.469299
v 3.164988 197.098356 -44.062727
v 4.146411 197.323917 -43.703078
v 3.292741 197.781928 -43.250431
v 4.146411 197.323917 -43.703078
v 3.164988 197.098356 -44.062727
v 1.214719 171.862346 -19.469299
v 2.210668 171.328001 -19.997389
v 2.311317 197.556367 -43.610079
v 3.164988 197.098356 -44.062727
v 3.292741 197.781928 -43.250431
v 3.164988 197.098356 -44.062727
v 2.311317 197.556367 -43.610079
v 2.210668 171.328001 -19.997389
v 2.061623 170.530501 -20.945069
v 2.439070 198.239938 -42.797783
v 2.311317 197.556367 -43.610079
v 3.292741 197.781928 -43.250431
v 2.311317 197.556367 -43.610079
v 2.439070 198.239938 -42.797783
v 2.061623 170.530501 -20.945069
v 0.916629 170.267347 -21.364659
v 3.420493 198.465499 -42.438134
v 2.439070 198.239938 -42.797783
v 3.292741 197.781928 -43.250431
v 2.439070 198.239938 -42.797783
v 3.420493 198.465499 -42.438134
v -1.314743 158.693881 -1.243578
v -3.761756 161.217300 -1.662421
v 11.272980 172.088890 -14.278252
v 12.129435 171.205693 -14.131656
v -1.314743 161.528705 0.876496
v -3.761756 161.217300 -1.662421
v -1.314743 158.693881 -1.243578
v -3.761756 161.217300 -1.662421
v -3.761756 164.052124 0.457653
v 11.272980 173.081078 -13.536226
v 11.272980 172.088890 -14.278252
v -1.314743 161.528705 0.876496
v -3.761756 164.052124 0.457653
v -3.761756 161.217300 -1.662421
v -3.761756 164.052124 0.457653
v -1.314743 164.363530 2.996570
v 12.129435 173.190070 -12.647605
v 11.272980 173.081078 -13.536226
v -1.314743 161.528705 0.876496
v -1.314743 164.363530 2.996570
v -3.761756 164.052124 0.457653
v -1.314743 164.363530 2.996570
v 1.132269 161.840110 3.415413
v 12.985889 172.306873 -12.501010
v 12.129435 173.190070 -12.647605
v -1.314743 161.528705 0.876496
v 1.132269 161.840110 3.415413
v -1.314743 164.363530 2.996570
v 1.132269 161.840110 3.415413
v 1.132269 159.005286 1.295339
v 12.985889 171.314685 -13.243035
v 12.985889 172.306873 -12.501010
v -1.314743 161.528705 0.876496
v 1.132269 159.005286 1.295339
v 1.132269 161.840110 3.415413
v 1.132269 159.005286 1.295339
v -1.314743 158.693881 -1.243578
v 12.129435 171.205693 -14.131656
v 12.985889 171.314685 -13.243035
v -1.314743 161.528705 0.876496
v -1.314743 158.693881 -1.243578
v 1.132269 159.005286 1.295339
v 12.015538 171.149779 -14.040437
v 11.254460 172.102091 -14.261574
v 27.334377 180.260392 -28.024180
v 26.682024 181.076660 -28.213726
v 26.584399 180.178286 -28.771559
v 26.682024 181.076660 -28.213726
v 27.334377 180.260392 -28.024180
v 11.254460 172.102091 -14.261574
v 11.368357 173.150194 -13.610768
v 27.236751 179.362018 -28.582013
v 27.334377 180.260392 -28.024180
v 26.584399 180.178286 -28.771559
v 27.334377 180.260392 -28.024180
v 27.236751 179.362018 -28.582013
v 11.368357 173.150194 -13.610768
v 12.243331 173.245984 -12.738825
v 26.486774 179.279912 -29.329393
v 27.236751 179.362018 -28.582013
v 26.584399 180.178286 -28.771559
v 27.236751 179.362018 -28.582013
v 26.486774 179.279912 -29.329393
v 12.243331 173.245984 -12.738825
v 13.004409 172.293672 -12.517687
v 25.834421 180.096180 -29.518939
v 26.486774 179.279912 -29.329393
v 26.584399 180.178286 -28.771559
v 26.486774 179.279912 -29.329393
v 25.834421 180.096180 -29.518939
v 13.004409 172.293672 -12.517687
v 12.890513 171.245569 -13.168493
v 25.932046 180.994554 -28.961105
v 25.834421 180.096180 -29.518939
v 26.584399 180.178286 -28.771559
v 25.834421 180.096180 -29.518939
v 25.932046 180.994554 -28.961105
v 12.890513 171.245569 -13.168493
v 12.015538 171.149779 -14.040437
v 26.682024 181.076660 -28.213726
v 25.932046 180.994554 -28.961105
v 26.584399 180.178286 -28.771559
v 25.932046 180.994554 -28.961105
v 26.682024 181.076660 -28.213726
v 42.049629 192.614827 -5.924588
v 53.750239 196.434938 5.655811
v 60.628720 197.742696 -5.924588
v 60.628720 197.742696 -5.924588
v 53.750239 196.434938 5.655811
v 58.185715 207.177946 10.045717
v 67.202553 207.177946 -5.924588
v 67.202553 207.177946 -5.924588
v 58.185715 207.177946 10.045717
v 54.067663 217.463580 5.969974
v 59.179434 217.855645 -5.924588
v 42.049629 221.741064 -5.924588
v 59.179434 217.855645 -5.924588
v 54.067663 217.463580 5.969974
v 42.049629 192.614827 -5.924588
v 42.049629 197.366612 8.512018
v 53.750239 196.434938 5.655811
v 53.750239 196.434938 5.655811
v 42.049629 197.366612 8.512018
v 42.049629 207.177946 17.139964
v 58.185715 207.177946 10.045717
v 58.185715 207.177946 10.045717
v 42.049629 207.177946 17.139964
v 42.049629 217.294973 12.098489
v 54.067663 217.463580 5.969974
v 42.049629 221.741064 -5.924588
v 54.067663 217.463580 5.969974
v 42.049629 217.294973 12.098489
v 42.049629 192.614827 -5.924588
v 28.608179 196.566796 7.378766
v 42.049629 197.366612 8.512018
v 42.049629 197.366612 8.512018
v 28.608179 196.566796 7.378766
v 25.369891 207.177946 10.583784
v 42.049629 207.177946 17.139964
v 42.049629 207.177946 17.139964
v 25.369891 207.177946 10.583784
v 31.872496 217.302778 4.147986
v 42.049629 217.294973 12.098489
v 42.049629 221.741064 -5.924588
v 42.049629 217.294973 12.098489
v 31.872496 217.302778 4.147986
v 42.049629 192.614827 -5.924588
v 26.848077 195.829878 -5.924588
v 28.608179 196.566796 7.378766
v 28.608179 196.566796 7.378766
v 26.848077 195.829878 -5.924588
v 18.926361 207.177946 -5.924588
v 25.369891 207.177946 10.583784
v 25.369891 207.177946 10.583784
v 18.926361 207.177946 -5.924588
v 26.774470 218.633698 -5.924588
v 31.872496 217.302778 4.147986
v 42.049629 221.741064 -5.924588
v 31.872496 217.302778 4.147986
v 26.774470 218.633698 -5.924588
v 42.049629 192.614827 -5.924588
v 30.435559 195.921214 -17.419336
v 26.848077 195.829878 -5.924588
v 26.848077 195.829878 -5.924588
v 30.435559 195.921214 -17.419336
v 23.074713 207.177946 -24.704558
v 18.926361 207.177946 -5.924588
v 18.926361 207.177946 -5.924588
v 23.074713 207.177946 -24.704558
v 30.612069 215.897034 -17.244640
v 26.774470 218.633698 -5.924588
v 42.049629 221.741064 -5.924588
v 26.774470 218.633698 -5.924588
v 30.612069 215.897034 -17.244640
v 42.049629 192.614827 -5.924588
v 42.049629 195.497086 -24.963071
v 30.435559 195.921214 -17.419336
v 30.435559 195.921214 -17.419336
v 42.049629 195.497086 -24.963071
v 42.049629 207.177946 -26.122154
v 23.074713 207.177946 -24.704558
v 23.074713 207.177946 -24.704558
v 42.049629 207.177946 -26.122154
v 42.049629 218.496248 -23.556116
v 30.612069 215.897034 -17.244640
v 42.049629 221.741064 -5.924588
v 30.612069 215.897034 -17.244640
v 42.049629 218.496248 -23.556116
v 42.049629 192.614827 -5.924588
v 54.242460 197.250386 -17.992151
v 42.049629 195.497086 -24.963071
v 42.049629 195.497086 -24.963071
v 54.242460 197.250386 -17.992151
v 59.859978 207.177946 -23.551955
v 42.049629 207.177946 -26.122154
v 42.049629 207.177946 -26.122154
v 59.859978 207.177946 -23.551955
v 54.776283 218.845169 -18.520489
v 42.049629 218.496248 -23.556116
v 42.049629 221.741064 -5.924588
v 42.049629 218.496248 -23.556116
v 54.776283 218.845169 -18.520489
v 42.049629 192.614827 -5.924588
v 60.628720 197.742696 -5.924588
v 54.242460 197.250386 -17.992151
v 54.242460 197.250386 -17.992151
v 60.628720 197.742696 -5.924588
v 67.202553 207.177946 -5.924588
v 59.859978 207.177946 -23.551955
v 59.859978 207.177946 -23.551955
v 67.202553 207.177946 -5.924588
v 59.179434 217.855645 -5.924588
v 54.776283 218.845169 -18.520489
v 42.049629 221.741064 -5.924588
v 54.776283 218.845169 -18.520489
v 59.179434 217.855645 -5.924588
v 21.855104 199.437988 30.482135
v 40.254386 206.147439 46.646899
v 51.381364 204.063339 30.482135
v 51.381364 204.063339 30.482135
v 40.254386 206.147439 46.646899
v 46.972416 221.982178 52.549051
v 59.558761 221.982178 30.482135
v 59.558761 221.982178 30.482135
v 46.972416 221.982178 52.549051
v 41.687112 239.762335 47.905626
v 49.354578 238.398075 30.482135
v 21.855104 244.526369 30.482135
v 49.354578 238.398075 30.482135
v 41.687112 239.762335 47.905626
v 21.855104 199.437988 30.482135
v 21.855104 206.447174 51.417938
v 40.254386 206.147439 46.646899
v 40.254386 206.147439 46.646899
v 21.855104 206.447174 51.417938
v 21.855104 221.982178 65.333761
v 46.972416 221.982178 52.549051
v 46.972416 221.982178 52.549051
v 21.855104 221.982178 65.333761
v 21.855104 237.302947 52.097778
v 41.687112 239.762335 47.905626
v 21.855104 244.526369 30.482135
v 41.687112 239.762335 47.905626
v 21.855104 237.302947 52.097778
v 21.855104 199.437988 30.482135
v 4.114819 205.324913 46.067935
v 21.855104 206.447174 51.417938
v 21.855104 206.447174 51.417938
v 4.114819 205.324913 46.067935
v -2.826894 221.982178 52.166605
v 21.855104 221.982178 65.333761
v 21.855104 221.982178 65.333761
v -2.826894 221.982178 52.166605
v 6.442433 240.009679 44.023000
v 21.855104 237.302947 52.097778
v 21.855104 244.526369 30.482135
v 21.855104 237.302947 52.097778
v 6.442433 240.009679 44.023000
v 21.855104 199.437988 30.482135
v -3.837866 206.272454 30.482135
v 4.114819 205.324913 46.067935
v 4.114819 205.324913 46.067935
v -3.837866 206.272454 30.482135
v -18.891761 221.982178 30.482135
v -2.826894 221.982178 52.166605
v -2.826894 221.982178 52.166605
v -18.891761 221.982178 30.482135
v -3.513509 238.085198 30.482135
v 6.442433 240.009679 44.023000
v 21.855104 244.526369 30.482135
v 6.442433 240.009679 44.023000
v -3.513509 238.085198 30.482135
v 21.855104 199.437988 30.482135
v 4.929750 206.602791 15.612296
v -3.837866 206.272454 30.482135
v -3.837866 206.272454 30.482135
v 4.929750 206.602791 15.612296
v -1.579425 221.982178 9.893634
v -18.891761 221.982178 30.482135
v -18.891761 221.982178 30.482135
v -1.579425 221.982178 9.893634
v 5.720918 237.895372 16.307380
v -3.513509 238.085198 30.482135
v 21.855104 244.526369 30.482135
v -3.513509 238.085198 30.482135
v 5.720918 237.895372 16.307380
v 21.855104 199.437988 30.482135
v 21.855104 207.047452 9.834550
v 4.929750 206.602791 15.612296
v 4.929750 206.602791 15.612296
v 21.855104 207.047452 9.834550
v 21.855104 221.982178 -5.344882
v -1.579425 221.982178 9.893634
v -1.579425 221.982178 9.893634
v 21.855104 221.982178 -5.344882
v 21.855104 236.044824 6.138323
v 5.720918 237.895372 16.307380
v 21.855104 244.526369 30.482135
v 5.720918 237.895372 16.307380
v 21.855104 236.044824 6.138323
v 21.855104 199.437988 30.482135
v 42.595761 204.548796 12.260348
v 21.855104 207.047452 9.834550
v 21.855104 207.047452 9.834550
v 42.595761 204.548796 12.260348
v 50.212169 221.982178 5.568921
v 21.855104 221.982178 -5.344882
v 21.855104 221.982178 -5.344882
v 50.212169 221.982178 5.568921
v 42.165551 236.791775 12.638310
v 21.855104 236.044824 6.138323
v 21.855104 244.526369 30.482135
v 21.855104 236.044824 6.138323
v 42.165551 236.791775 12.638310
v 21.855104 199.437988 30.482135
v 51.381364 204.063339 30.482135
v 42.595761 204.548796 12.260348
v 42.595761 204.548796 12.260348
v 51.381364 204.063339 30.482135
v 59.558761 221.982178 30.482135
v 50.212169 221.982178 5.568921
v 50.212169 221.982178 5.568921
v 59.558761 221.982178 30.482135
v 49.354578 238.398075 30.482135
v 42.165551 236.791775 12.638310
v 21.855104 244.526369 30.482135
v 42.165551 236.791775 12.638310
v 49.354578 238.398075 30.482135
v -11.772509 179.248619 55.241714
v -0.495584 182.901153 65.197108
v 2.796689 182.447481 55.241714
v 2.796689 182.447481 55.241714
v -0.495584 182.901153 65.197108
v 3.820420 194.440643 69.007323
v 9.289344 194.440643 55.241714
v 9.289344 194.440643 55.241714
v 3.820420 194.440643 69.007323
v -0.302099 204.380750 65.367918
v 2.948546 203.666411 55.241714
v -11.772509 209.632668 55.241714
v 2.948546 203.666411 55.241714
v -0.302099 204.380750 65.367918
v -11.772509 179.248619 55.241714
v -11.772509 185.115683 69.564152
v -0.495584 182.901153 65.197108
v -0.495584 182.901153 65.197108
v -11.772509 185.115683 69.564152
v -11.772509 194.440643 74.513238
v 3.820420 194.440643 69.007323
v 3.820420 194.440643 69.007323
v -11.772509 194.440643 74.513238
v -11.772509 205.369030 69.608328
v -0.302099 204.380750 65.367918
v -11.772509 209.632668 55.241714
v -0.302099 204.380750 65.367918
v -11.772509 205.369030 69.608328
v -11.772509 179.248619 55.241714
v -24.310546 182.744095 66.310430
v -11.772509 185.115683 69.564152
v -11.772509 185.115683 69.564152
v -24.310546 182.744095 66.310430
v -29.472616 194.440643 70.867563
v -11.772509 194.440643 74.513238
v -11.772509 194.440643 74.513238
v -29.472616 194.440643 70.867563
v -25.007739 206.313880 66.925921
v -11.772509 205.369030 69.608328
v -11.772509 209.632668 55.241714
v -11.772509 205.369030 69.608328
v -25.007739 206.313880 66.925921
v -11.772509 179.248619 55.241714
v -28.701130 184.099514 55.241714
v -24.310546 182.744095 66.310430
v -24.310546 182.744095 66.310430
v -28.701130 184.099514 55.241714
v -39.868056 194.440643 55.241714
v -29.472616 194.440643 70.867563
v -29.472616 194.440643 70.867563
v -39.868056 194.440643 55.241714
v -27.724894 205.821677 55.241714
v -25.007739 206.313880 66.925921
v -11.772509 209.632668 55.241714
v -25.007739 206.313880 66.925921
v -27.724894 205.821677 55.241714
v -11.772509 179.248619 55.241714
v -24.857243 183.107977 43.690367
v -28.701130 184.099514 55.241714
v -28.701130 184.099514 55.241714
v -24.857243 183.107977 43.690367
v -31.777955 194.440643 37.580686
v -39.868056 194.440643 55.241714
v -39.868056 194.440643 55.241714
v -31.777955 194.440643 37.580686
v -22.498591 203.604232 45.772612
v -27.724894 205.821677 55.241714
v -11.772509 209.632668 55.241714
v -27.724894 205.821677 55.241714
v -22.498591 203.604232 45.772612
v -11.772509 179.248619 55.241714
v -11.772509 182.658778 41.432932
v -24.857243 183.107977 43.690367
v -24.857243 183.107977 43.690367
v -11.772509 182.658778 41.432932
v -11.772509 194.440643 30.739348
v -31.777955 194.440643 37.580686
v -31.777955 194.440643 37.580686
v -11.772509 194.440643 30.739348
v -11.772509 205.227501 41.342309
v -22.498591 203.604232 45.772612
v -11.772509 209.632668 55.241714
v -22.498591 203.604232 45.772612
v -11.772509 205.227501 41.342309
v -11.772509 179.248619 55.241714
v 2.202158 182.213520 42.904725
v -11.772509 182.658778 41.432932
v -11.772509 182.658778 41.432932
v 2.202158 182.213520 42.904725
v 5.868947 194.440643 39.667643
v -11.772509 194.440643 30.739348
v -11.772509 194.440643 30.739348
v 5.868947 194.440643 39.667643
v 1.365977 203.649169 43.642914
v -11.772509 205.227501 41.342309
v -11.772509 209.632668 55.241714
v -11.772509 205.227501 41.342309
v 1.365977 203.649169 43.642914
v -11.772509 179.248619 55.241714
v 2.796689 182.447481 55.241714
v 2.202158 182.213520 42.904725
v 2.202158 182.213520 42.904725
v 2.796689 182.447481 55.241714
v 9.289344 194.440643 55.241714
v 5.868947 194.440643 39.667643
v 5.868947 194.440643 39.667643
v 9.289344 194.440643 55.241714
v 2.948546 203.666411 55.241714
v 1.365977 203.649169 43.642914
v -11.772509 209.632668 55.241714
v 1.365977 203.649169 43.642914
v 2.948546 203.666411 55.241714
v -55.511752 177.697456 35.278139
v -42.697792 183.268151 48.486426
v -37.829926 180.697871 35.278139
v -37.829926 180.697871 35.278139
v -42.697792 183.268151 48.486426
v -37.211815 193.433507 54.141225
v -29.186894 193.433507 35.278139
v -29.186894 193.433507 35.278139
v -37.211815 193.433507 54.141225
v -43.272105 203.379132 47.894441
v -37.108181 203.585767 35.278139
v -55.511752 209.169557 35.278139
v -37.108181 203.585767 35.278139
v -43.272105 203.379132 47.894441
v -55.511752 177.697456 35.278139
v -55.511752 182.432095 53.590457
v -42.697792 183.268151 48.486426
v -42.697792 183.268151 48.486426
v -55.511752 182.432095 53.590457
v -55.511752 193.433507 62.192767
v -37.211815 193.433507 54.141225
v -37.211815 193.433507 54.141225
v -55.511752 193.433507 62.192767
v -55.511752 204.718961 50.863739
v -43.272105 203.379132 47.894441
v -55.511752 209.169557 35.278139
v -43.272105 203.379132 47.894441
v -55.511752 204.718961 50.863739
v -55.511752 177.697456 35.278139
v -69.008268 180.627938 49.189987
v -55.511752 182.432095 53.590457
v -55.511752 182.432095 53.590457
v -69.008268 180.627938 49.189987
v -74.508187 193.433507 54.859157
v -55.511752 193.433507 62.192767
v -55.511752 193.433507 62.192767
v -74.508187 193.433507 54.859157
v -69.263717 203.315499 49.453298
v -55.511752 204.718961 50.863739
v -55.511752 209.169557 35.278139
v -55.511752 204.718961 50.863739
v -69.263717 203.315499 49.453298
v -55.511752 177.697456 35.278139
v -72.525361 182.753627 35.278139
v -69.008268 180.627938 49.189987
v -69.008268 180.627938 49.189987
v -72.525361 182.753627 35.278139
v -83.535326 193.433507 35.278139
v -74.508187 193.433507 54.859157
v -74.508187 193.433507 54.859157
v -83.535326 193.433507 35.278139
v -75.875293 204.835423 35.278139
v -69.263717 203.315499 49.453298
v -55.511752 209.169557 35.278139
v -69.263717 203.315499 49.453298
v -75.875293 204.835423 35.278139
v -55.511752 177.697456 35.278139
v -69.038229 182.750743 21.335409
v -72.525361 182.753627 35.278139
v -72.525361 182.753627 35.278139
v -69.038229 182.750743 21.335409
v -73.575968 193.433507 16.658028
v -83.535326 193.433507 35.278139
v -83.535326 193.433507 35.278139
v -73.575968 193.433507 16.658028
v -69.050019 205.874725 21.323255
v -75.875293 204.835423 35.278139
v -55.511752 209.169557 35.278139
v -75.875293 204.835423 35.278139
v -69.050019 205.874725 21.323255
v -55.511752 177.697456 35.278139
v -55.511752 181.810537 19.285524
v -69.038229 182.750743 21.335409
v -69.038229 182.750743 21.335409
v -55.511752 181.810537 19.285524
v -55.511752 193.433507 12.307557
v -73.575968 193.433507 16.658028
v -73.575968 193.433507 16.658028
v -55.511752 193.433507 12.307557
v -55.511752 205.294830 14.097525
v -69.050019 205.874725 21.323255
v -55.511752 209.169557 35.278139
v -69.050019 205.874725 21.323255
v -55.511752 205.294830 14.097525
v -55.511752 177.697456 35.278139
v -41.057786 182.416609 20.379378
v -55.511752 181.810537 19.285524
v -55.511752 181.810537 19.285524
v -41.057786 182.416609 20.379378
v -35.228681 193.433507 14.370893
v -55.511752 193.433507 12.307557
v -55.511752 193.433507 12.307557
v -35.228681 193.433507 14.370893
v -44.095971 202.805971 23.511058
v -55.511752 205.294830 14.097525
v -55.511752 209.169557 35.278139
v -55.511752 205.294830 14.097525
v -44.095971 202.805971 23.511058
v -55.511752 177.697456 35.278139
v -37.829926 180.697871 35.278139
v -41.057786 182.416609 20.379378
v -41.057786 182.416609 20.379378
v -37.829926 180.697871 35.278139
v -29.186894 193.433507 35.278139
v -35.228681 193.433507 14.370893
v -35.228681 193.433507 14.370893
v -29.186894 193.433507 35.278139
v -37.108181 203.585767 35.278139
v -44.095971 202.805971 23.511058
v -55.511752 209.169557 35.278139
v -44.095971 202.805971 23.511058
v -37.108181 203.585767 35.278139
v -55.432341 164.560230 -9.675809
v -41.289054 168.812206 4.670414
v -37.967399 168.199689 -9.675809
v -37.967399 168.199689 -9.675809
v -41.289054 168.812206 4.670414
v -36.358989 179.839341 9.671217
v -27.015594 179.839341 -9.675809
v -27.015594 179.839341 -9.675809
v -36.358989 179.839341 9.671217
v -45.045542 191.853089 0.860025
v -36.780851 191.573847 -9.675809
v -55.432341 195.118452 -9.675809
v -36.780851 191.573847 -9.675809
v -45.045542 191.853089 0.860025
v -55.432341 164.560230 -9.675809
v -55.432341 169.460110 6.268931
v -41.289054 168.812206 4.670414
v -41.289054 168.812206 4.670414
v -55.432341 169.460110 6.268931
v -55.432341 179.839341 14.807264
v -36.358989 179.839341 9.671217
v -36.358989 179.839341 9.671217
v -55.432341 179.839341 14.807264
v -55.432341 191.452875 8.767893
v -45.045542 191.853089 0.860025
v -55.432341 195.118452 -9.675809
v -45.045542 191.853089 0.860025
v -55.432341 191.452875 8.767893
v -55.432341 164.560230 -9.675809
v -68.717416 167.825021 3.799887
v -55.432341 169.460110 6.268931
v -55.432341 169.460110 6.268931
v -68.717416 167.825021 3.799887
v -71.853001 179.839341 6.980462
v -55.432341 179.839341 14.807264
v -55.432341 179.839341 14.807264
v -71.853001 179.839341 6.980462
v -69.489758 190.853819 4.583311
v -55.432341 191.452875 8.767893
v -55.432341 195.118452 -9.675809
v -55.432341 191.452875 8.767893
v -69.489758 190.853819 4.583311
v -55.432341 164.560230 -9.675809
v -72.318375 168.267744 -9.675809
v -68.717416 167.825021 3.799887
v -68.717416 167.825021 3.799887
v -72.318375 168.267744 -9.675809
v -79.916754 179.839341 -9.675809
v -71.853001 179.839341 6.980462
v -71.853001 179.839341 6.980462
v -79.916754 179.839341 -9.675809
v -73.639343 191.711078 -9.675809
v -69.489758 190.853819 4.583311
v -55.432341 195.118452 -9.675809
v -69.489758 190.853819 4.583311
v -73.639343 191.711078 -9.675809
v -55.432341 164.560230 -9.675809
v -66.038880 168.227362 -20.434535
v -72.318375 168.267744 -9.675809
v -72.318375 168.267744 -9.675809
v -66.038880 168.227362 -20.434535
v -70.428162 179.839341 -24.886797
v -79.916754 179.839341 -9.675809
v -79.916754 179.839341 -9.675809
v -70.428162 179.839341 -24.886797
v -68.944728 192.254991 -23.382078
v -73.639343 191.711078 -9.675809
v -55.432341 195.118452 -9.675809
v -73.639343 191.711078 -9.675809
v -68.944728 192.254991 -23.382078
v -55.432341 164.560230 -9.675809
v -55.432341 168.572125 -29.766094
v -66.038880 168.227362 -20.434535
v -66.038880 168.227362 -20.434535
v -55.432341 168.572125 -29.766094
v -55.432341 179.839341 -36.674013
v -70.428162 179.839341 -24.886797
v -70.428162 179.839341 -24.886797
v -55.432341 179.839341 -36.674013
v -55.432341 188.936818 -24.876297
v -68.944728 192.254991 -23.382078
v -55.432341 195.118452 -9.675809
v -68.944728 192.254991 -23.382078
v -55.432341 188.936818 -24.876297
v -55.432341 164.560230 -9.675809
v -43.671828 169.128726 -21.605067
v -55.432341 168.572125 -29.766094
v -55.432341 168.572125 -29.766094
v -43.671828 169.128726 -21.605067
v -40.777432 179.839341 -24.540994
v -55.432341 179.839341 -36.674013
v -55.432341 179.839341 -36.674013
v -40.777432 179.839341 -24.540994
v -44.340255 191.001298 -20.927050
v -55.432341 188.936818 -24.876297
v -55.432341 195.118452 -9.675809
v -55.432341 188.936818 -24.876297
v -44.340255 191.001298 -20.927050
v -55.432341 164.560230 -9.675809
v -37.967399 168.199689 -9.675809
v -43.671828 169.128726 -21.605067
v -43.671828 169.128726 -21.605067
v -37.967399 168.199689 -9.675809
v -27.015594 179.839341 -9.675809
v -40.777432 179.839341 -24.540994
v -40.777432 179.839341 -24.540994
v -27.015594 179.839341 -9.675809
v -36.780851 191.573847 -9.675809
v -44.340255 191.001298 -20.927050
v -55.432341 195.118452 -9.675809
v -44.340255 191.001298 -20.927050
v -36.780851 191.573847 -9.675809
v -31.593497 202.158641 -47.953045
v -18.592539 208.362695 -35.503106
v -9.813490 208.735712 -47.953045
v -9.813490 208.735712 -47.953045
v -18.592539 208.362695 -35.503106
v -13.461354 220.121173 -30.589396
v -1.640967 220.121173 -47.953045
v -1.640967 220.121173 -47.953045
v -13.461354 220.121173 -30.589396
v -17.157662 234.016452 -34.129043
v -10.321983 232.145534 -47.953045
v -31.593497 238.083706 -47.953045
v -10.321983 232.145534 -47.953045
v -17.157662 234.016452 -34.129043
v -31.593497 202.158641 -47.953045
v -31.593497 207.611542 -29.072083
v -18.592539 208.362695 -35.503106
v -18.592539 208.362695 -35.503106
v -31.593497 207.611542 -29.072083
v -31.593497 220.121173 -22.497115
v -13.461354 220.121173 -30.589396
v -13.461354 220.121173 -30.589396
v -31.593497 220.121173 -22.497115
v -31.593497 232.124964 -30.313406
v -17.157662 234.016452 -34.129043
v -31.593497 238.083706 -47.953045
v -17.157662 234.016452 -34.129043
v -31.593497 232.124964 -30.313406
v -31.593497 202.158641 -47.953045
v -48.183992 206.065434 -32.065704
v -31.593497 207.611542 -29.072083
v -31.593497 207.611542 -29.072083
v -48.183992 206.065434 -32.065704
v -51.913478 220.121173 -28.494285
v -31.593497 220.121173 -22.497115
v -31.593497 220.121173 -22.497115
v -51.913478 220.121173 -28.494285
v -47.671628 233.163351 -32.556352
v -31.593497 232.124964 -30.313406
v -31.593497 238.083706 -47.953045
v -31.593497 232.124964 -30.313406
v -47.671628 233.163351 -32.556352
v -31.593497 202.158641 -47.953045
v -51.362185 209.107990 -47.953045
v -48.183992 206.065434 -32.065704
v -48.183992 206.065434 -32.065704
v -51.362185 209.107990 -47.953045
v -62.108962 220.121173 -47.953045
v -51.913478 220.121173 -28.494285
v -51.913478 220.121173 -28.494285
v -62.108962 220.121173 -47.953045
v -55.045969 232.771453 -47.953045
v -47.671628 233.163351 -32.556352
v -31.593497 238.083706 -47.953045
v -47.671628 233.163351 -32.556352
v -55.045969 232.771453 -47.953045
v -31.593497 202.158641 -47.953045
v -48.134208 206.070986 -63.792712
v -51.362185 209.107990 -47.953045
v -51.362185 209.107990 -47.953045
v -48.134208 206.070986 -63.792712
v -52.297188 220.121173 -67.779253
v -62.108962 220.121173 -47.953045
v -62.108962 220.121173 -47.953045
v -52.297188 220.121173 -67.779253
v -47.966198 234.071823 -63.631823
v -55.045969 232.771453 -47.953045
v -31.593497 238.083706 -47.953045
v -55.045969 232.771453 -47.953045
v -47.966198 234.071823 -63.631823
v -31.593497 202.158641 -47.953045
v -31.593497 209.078572 -64.799081
v -48.134208 206.070986 -63.792712
v -48.134208 206.070986 -63.792712
v -31.593497 209.078572 -64.799081
v -31.593497 220.121173 -73.802621
v -52.297188 220.121173 -67.779253
v -52.297188 220.121173 -67.779253
v -31.593497 220.121173 -73.802621
v -31.593497 231.457536 -69.125778
v -47.966198 234.071823 -63.631823
v -31.593497 238.083706 -47.953045
v -47.966198 234.071823 -63.631823
v -31.593497 231.457536 -69.125778
v -31.593497 202.158641 -47.953045
v -16.796829 206.563872 -62.122587
v -31.593497 209.078572 -64.799081
v -31.593497 209.078572 -64.799081
v -16.796829 206.563872 -62.122587
v -13.258630 220.121173 -65.510827
v -31.593497 220.121173 -73.802621
v -31.593497 220.121173 -73.802621
v -13.258630 220.121173 -65.510827
v -16.334671 233.837670 -62.565157
v -31.593497 231.457536 -69.125778
v -31.593497 238.083706 -47.953045
v -31.593497 231.457536 -69.125778
v -16.334671 233.837670 -62.565157
v -31.593497 202.158641 -47.953045
v -9.813490 208.735712 -47.953045
v -16.796829 206.563872 -62.122587
v -16.796829 206.563872 -62.122587
v -9.813490 208.735712 -47.953045
v -1.640967 220.121173 -47.953045
v -13.258630 220.121173 -65.510827
v -13.258630 220.121173 -65.510827
v -1.640967 220.121173 -47.953045
v -10.321983 232.145534 -47.953045
v -16.334671 233.837670 -62.565157
v -31.593497 238.083706 -47.953045
v -16.334671 233.837670 -62.565157
v -10.321983 232.145534 -47.953045
v 3.292741 178.906620 -43.250431
v 21.823218 184.033967 -23.969129
v 28.990835 185.698587 -43.250431
v 28.990835 185.698587 -43.250431
v 21.823218 184.033967 -23.969129
v 31.150632 201.112864 -14.263783
v 38.653129 201.112864 -43.250431
v 38.653129 201.112864 -43.250431
v 31.150632 201.112864 -14.263783
v 22.321585 216.630245 -23.450569
v 32.490546 214.669304 -43.250431
v 3.292741 223.319109 -43.250431
v 32.490546 214.669304 -43.250431
v 22.321585 216.630245 -23.450569
v 3.292741 178.906620 -43.250431
v 3.292741 184.645083 -16.902061
v 21.823218 184.033967 -23.969129
v 21.823218 184.033967 -23.969129
v 3.292741 184.645083 -16.902061
v 3.292741 201.112864 -4.958775
v 31.150632 201.112864 -14.263783
v 31.150632 201.112864 -14.263783
v 3.292741 201.112864 -4.958775
v 3.292741 216.237363 -18.540173
v 22.321585 216.630245 -23.450569
v 3.292741 223.319109 -43.250431
v 22.321585 216.630245 -23.450569
v 3.292741 216.237363 -18.540173
v 3.292741 178.906620 -43.250431
v -11.979916 184.621398 -27.358951
v 3.292741 184.645083 -16.902061
v 3.292741 184.645083 -16.902061
v -11.979916 184.621398 -27.358951
v -25.301840 201.112864 -13.497245
v 3.292741 201.112864 -4.958775
v 3.292741 201.112864 -4.958775
v -25.301840 201.112864 -13.497245
v -15.723873 216.853006 -23.463294
v 3.292741 216.237363 -18.540173
v 3.292741 223.319109 -43.250431
v 3.292741 216.237363 -18.540173
v -15.723873 216.853006 -23.463294
v 3.292741 178.906620 -43.250431
v -24.389194 187.732208 -43.250431
v -11.979916 184.621398 -27.358951
v -11.979916 184.621398 -27.358951
v -24.389194 187.732208 -43.250431
v -29.751237 201.112864 -43.250431
v -25.301840 201.112864 -13.497245
v -25.301840 201.112864 -13.497245
v -29.751237 201.112864 -43.250431
v -25.746615 216.777631 -43.250431
v -15.723873 216.853006 -23.463294
v 3.292741 223.319109 -43.250431
v -15.723873 216.853006 -23.463294
v -25.746615 216.777631 -43.250431
v 3.292741 178.906620 -43.250431
v -12.763549 184.533976 -59.957294
v -24.389194 187.732208 -43.250431
v -24.389194 187.732208 -43.250431
v -12.763549 184.533976 -59.957294
v -24.043818 201.112864 -71.694621
v -29.751237 201.112864 -43.250431
v -29.751237 201.112864 -43.250431
v -24.043818 201.112864 -71.694621
v -15.641152 215.919494 -62.951493
v -25.746615 216.777631 -43.250431
v 3.292741 223.319109 -43.250431
v -25.746615 216.777631 -43.250431
v -15.641152 215.919494 -62.951493
v 3.292741 178.906620 -43.250431
v 3.292741 184.520297 -72.213352
v -12.763549 184.533976 -59.957294
v -12.763549 184.533976 -59.957294
v 3.292741 184.520297 -72.213352
v 3.292741 201.112864 -77.363169
v -24.043818 201.112864 -71.694621
v -24.043818 201.112864 -71.694621
v 3.292741 201.112864 -77.363169
v 3.292741 218.123491 -67.571707
v -15.641152 215.919494 -62.951493
v 3.292741 223.319109 -43.250431
v -15.641152 215.919494 -62.951493
v 3.292741 218.123491 -67.571707
v 3.292741 178.906620 -43.250431
v 22.695543 186.124934 -63.439403
v 3.292741 184.520297 -72.213352
v 3.292741 184.520297 -72.213352
v 22.695543 186.124934 -63.439403
v 25.686160 201.112864 -66.551194
v 3.292741 201.112864 -77.363169
v 3.292741 201.112864 -77.363169
v 25.686160 201.112864 -66.551194
v 21.448358 216.040095 -62.141684
v 3.292741 218.123491 -67.571707
v 3.292741 223.319109 -43.250431
v 3.292741 218.123491 -67.571707
v 21.448358 216.040095 -62.141684
v 3.292741 178.906620 -43.250431
v 28.990835 185.698587 -43.250431
v 22.695543 186.124934 -63.439403
v 22.695543 186.124934 -63.439403
v 28.990835 185.698587 -43.250431
v 38.653129 201.112864 -43.250431
v 25.686160 201.112864 -66.551194
v 25.686160 201.112864 -66.551194
v 38.653129 201.112864 -43.250431
v 32.490546 214.669304 -43.250431
v 21.448358 216.040095 -62.141684
v 3.292741 223.319109 -43.250431
v 21.448358 216.040095 -62.141684
v 32.490546 214.669304 -43.250431
v 26.584399 162.745439 -28.771559
v 45.005121 168.042894 -14.469344
v 49.419746 167.041244 -28.771559
v 49.419746 167.041244 -28.771559
v 45.005121 168.042894 -14.469344
v 50.328340 183.254671 -10.336291
v 61.039161 183.254671 -28.771559
v 61.039161 183.254671 -28.771559
v 50.328340 183.254671 -10.336291
v 42.566403 197.263447 -16.362813
v 49.663705 197.246665 -28.771559
v 26.584399 203.763903 -28.771559
v 49.663705 197.246665 -28.771559
v 42.566403 197.263447 -16.362813
v 26.584399 162.745439 -28.771559
v 26.584399 169.146765 -8.211821
v 45.005121 168.042894 -14.469344
v 45.005121 168.042894 -14.469344
v 26.584399 169.146765 -8.211821
v 26.584399 183.254671 -5.774582
v 50.328340 183.254671 -10.336291
v 50.328340 183.254671 -10.336291
v 26.584399 183.254671 -5.774582
v 26.584399 199.313657 -7.930295
v 42.566403 197.263447 -16.362813
v 26.584399 203.763903 -28.771559
v 42.566403 197.263447 -16.362813
v 26.584399 199.313657 -7.930295
v 26.584399 162.745439 -28.771559
v 11.199545 170.709383 -16.826453
v 26.584399 169.146765 -8.211821
v 26.584399 169.146765 -8.211821
v 11.199545 170.709383 -16.826453
v 4.095888 183.254671 -11.311032
v 26.584399 183.254671 -5.774582
v 26.584399 183.254671 -5.774582
v 4.095888 183.254671 -11.311032
v 11.367581 199.781029 -16.956919
v 26.584399 199.313657 -7.930295
v 26.584399 203.763903 -28.771559
v 26.584399 199.313657 -7.930295
v 11.367581 199.781029 -16.956919
v 26.584399 162.745439 -28.771559
v 5.980269 170.746672 -28.771559
v 11.199545 170.709383 -16.826453
v 11.199545 170.709383 -16.826453
v 5.980269 170.746672 -28.771559
v -1.462793 183.254671 -28.771559
v 4.095888 183.254671 -11.311032
v 4.095888 183.254671 -11.311032
v -1.462793 183.254671 -28.771559
v 5.813777 197.115488 -28.771559
v 11.367581 199.781029 -16.956919
v 26.584399 203.763903 -28.771559
v 11.367581 199.781029 -16.956919
v 5.813777 197.115488 -28.771559
v 26.584399 162.745439 -28.771559
v 10.801497 168.657944 -41.025718
v 5.980269 170.746672 -28.771559
v 5.980269 170.746672 -28.771559
v 10.801497 168.657944 -41.025718
v 6.439720 183.254671 -44.412289
v -1.462793 183.254671 -28.771559
v -1.462793 183.254671 -28.771559
v 6.439720 183.254671 -44.412289
v 7.773020 195.698805 -43.377088
v 5.813777 197.115488 -28.771559
v 26.584399 203.763903 -28.771559
v 5.813777 197.115488 -28.771559
v 7.773020 195.698805 -43.377088
v 26.584399 162.745439 -28.771559
v 26.584399 169.642432 -46.915666
v 10.801497 168.657944 -41.025718
v 10.801497 168.657944 -41.025718
v 26.584399 169.642432 -46.915666
v 26.584399 183.254671 -53.575115
v 6.439720 183.254671 -44.412289
v 6.439720 183.254671 -44.412289
v 26.584399 183.254671 -53.575115
v 26.584399 198.859600 -48.817746
v 7.773020 195.698805 -43.377088
v 26.584399 203.763903 -28.771559
v 7.773020 195.698805 -43.377088
v 26.584399 198.859600 -48.817746
v 26.584399 162.745439 -28.771559
v 43.716143 167.526321 -42.072986
v 26.584399 169.642432 -46.915666
v 26.584399 169.642432 -46.915666
v 43.716143 167.526321 -42.072986
v 49.353058 183.254671 -46.449599
v 26.584399 183.254671 -53.575115
v 26.584399 183.254671 -53.575115
v 49.353058 183.254671 -46.449599
v 42.148059 198.230017 -40.855494
v 26.584399 198.859600 -48.817746
v 26.584399 203.763903 -28.771559
v 26.584399 198.859600 -48.817746
v 42.148059 198.230017 -40.855494
v 26.584399 162.745439 -28.771559
v 49.419746 167.041244 -28.771559
v 43.716143 167.526321 -42.072986
v 43.716143 167.526321 -42.072986
v 49.419746 167.041244 -28.771559
v 61.039161 183.254671 -28.771559
v 49.353058 183.254671 -46.449599
v 49.353058 183.254671 -46.449599
v 61.039161 183.254671 -28.771559
v 49.663705 197.246665 -28.771559
v 42.148059 198.230017 -40.855494
v 26.584399 203.763903 -28.771559
v 42.148059 198.230017 -40.855494
v 49.663705 197.246665 -28.771559
v -2.218800 190.784088 1.479200
v 14.080644 198.288725 15.702245
v 21.406366 197.032488 1.479200
v 21.406366 197.032488 1.479200
v 14.080644 198.288725 15.702245
v 19.843878 213.202808 20.731296
v 32.620429 213.202808 1.479200
v 32.620429 213.202808 1.479200
v 19.843878 213.202808 20.731296
v 18.234990 226.947019 19.327366
v 22.600560 228.146326 1.479200
v -2.218800 235.621527 1.479200
v 22.600560 228.146326 1.479200
v 18.234990 226.947019 19.327366
v -2.218800 190.784088 1.479200
v -2.218800 196.475692 24.971130
v 14.080644 198.288725 15.702245
v 14.080644 198.288725 15.702245
v -2.218800 196.475692 24.971130
v -2.218800 213.202808 32.502820
v 19.843878 213.202808 20.731296
v 19.843878 213.202808 20.731296
v -2.218800 213.202808 32.502820
v -2.218800 228.948120 25.908655
v 18.234990 226.947019 19.327366
v -2.218800 235.621527 1.479200
v 18.234990 226.947019 19.327366
v -2.218800 228.948120 25.908655
v -2.218800 190.784088 1.479200
v -20.037570 199.085182 17.028022
v -2.218800 196.475692 24.971130
v -2.218800 196.475692 24.971130
v -20.037570 199.085182 17.028022
v -27.629273 213.202808 23.652613
v -2.218800 213.202808 32.502820
v -2.218800 213.202808 32.502820
v -27.629273 213.202808 23.652613
v -19.239203 227.935901 16.331361
v -2.218800 228.948120 25.908655
v -2.218800 235.621527 1.479200
v -2.218800 228.948120 25.908655
v -19.239203 227.935901 16.331361
v -2.218800 190.784088 1.479200
v -30.353399 195.631888 1.479200
v -20.037570 199.085182 17.028022
v -20.037570 199.085182 17.028022
v -30.353399 195.631888 1.479200
v -33.812122 213.202808 1.479200
v -27.629273 213.202808 23.652613
v -27.629273 213.202808 23.652613
v -33.812122 213.202808 1.479200
v -31.491089 227.821237 1.479200
v -19.239203 227.935901 16.331361
v -2.218800 235.621527 1.479200
v -19.239203 227.935901 16.331361
v -31.491089 227.821237 1.479200
v -2.218800 190.784088 1.479200
v -20.175178 196.545919 -14.189701
v -30.353399 195.631888 1.479200
v -30.353399 195.631888 1.479200
v -20.175178 196.545919 -14.189701
v -27.519427 213.202808 -20.598360
v -33.812122 213.202808 1.479200
v -33.812122 213.202808 1.479200
v -27.519427 213.202808 -20.598360
v -19.187298 228.053344 -13.327667
v -31.491089 227.821237 1.479200
v -2.218800 235.621527 1.479200
v -31.491089 227.821237 1.479200
v -19.187298 228.053344 -13.327667
v -2.218800 190.784088 1.479200
v -2.218800 197.571079 -22.614151
v -20.175178 196.545919 -14.189701
v -20.175178 196.545919 -14.189701
v -2.218800 197.571079 -22.614151
v -2.218800 213.202808 -34.091229
v -27.519427 213.202808 -20.598360
v -27.519427 213.202808 -20.598360
v -2.218800 213.202808 -34.091229
v -2.218800 227.537782 -18.118511
v -19.187298 228.053344 -13.327667
v -2.218800 235.621527 1.479200
v -19.187298 228.053344 -13.327667
v -2.218800 227.537782 -18.118511
v -2.218800 190.784088 1.479200
v 16.941884 199.082184 -15.240589
v -2.218800 197.571079 -22.614151
v -2.218800 197.571079 -22.614151
v 16.941884 199.082184 -15.240589
v 20.594467 213.202808 -18.427867
v -2.218800 213.202808 -34.091229
v -2.218800 213.202808 -34.091229
v 20.594467 213.202808 -18.427867
v 15.763964 231.471684 -14.212726
v -2.218800 227.537782 -18.118511
v -2.218800 235.621527 1.479200
v -2.218800 227.537782 -18.118511
v 15.763964 231.471684 -14.212726
v -2.218800 190.784088 1.479200
v 21.406366 197.032488 1.479200
v 16.941884 199.082184 -15.240589
v 16.941884 199.082184 -15.240589
v 21.406366 197.032488 1.479200
v 32.620429 213.202808 1.479200
v 20.594467 213.202808 -18.427867
v 20.594467 213.202808 -18.427867
v 32.620429 213.202808 1.479200
v 22.600560 228.146326 1.479200
v 15.763964 231.471684 -14.212726
v -2.218800 235.621527 1.479200
v 15.763964 231.471684 -14.212726
v 22.600560 228.146326 1.479200
vt 0.000000 0.000000
vt 1.000000 0.000000
vt 1.000000 1.000000
vt 0.000000 1.000000
vt 0.500000 1.000000
vt 0.000000 0.000000
vt 1.000000 0.000000
vt 0.000000 0.000000
vt 1.000000 0.000000
vt 1.000000 1.000000
vt 0.000000 1.000000
vt 0.500000 1.000000
vt 0.000000 0.000000
vt 1.000000 0.000000
vt 0.000000 0.000000
vt 1.000000 0.000000
vt 1.000000 1.000000
vt 0.000000 1.000000
vt 0.500000 1.000000
vt 0.000000 0.000000
vt 1.000000 0.000000
vt 0.000000 0.000000
vt 1.000000 0.000000
vt 1.000000 1.000000
vt 0.000000 1.000000
vt 0.500000 1.000000
vt 0.000000 0.000000
vt 1.000000 0.000000
vt 0.000000 0.000000
vt 1.000000 0.000000
vt 1.000000 1.000000
vt 0.000000 1.000000
vt 0.500000 1.000000
vt 0.000000 0.000000
vt 1.000000 0.000000
vt 0.000000 0.000000
vt 1.000000 0.000000
vt 1.000000 1.000000
vt 0.000000 1.000000
vt 0.500000 1.000000
vt 0.000000 0.000000
vt 1.000000 0.000000
vt 0.000000 0.000000
vt 1.000000 0.000000
vt 1.000000 1.000000
vt 0.000000 1.000000
vt 0.500000 1.000000
vt 0.000000 0.000000
vt 1.000000 0.000000
vt 0.000000 0.000000
vt 1.000000 0.000000
vt 1.000000 1.000000
vt 0.000000 1.000000
vt 0.500000 1.000000
vt 0.000000 0.000000
vt 1.000000 0.000000
vt 0.000000 0.000000
vt 1.000000 0.000000
vt 1.000000 1.000000
vt 0.000000 1.000000
vt 0.500000 1.000000
vt 0.000000 0.000000
vt 1.000000 0.000000
vt 0.000000 0.000000
vt 1.000000 0.000000
vt 1.000000 1.000000
vt 0.000000 1.000000
vt 0.000000 0.000000
vt 1.000000 0.000000
vt 1.000000 1.000000
vt 0.000000 1.000000
vt 0.000000 0.000000
vt 1.000000 0.000000
vt 1.000000 1.000000
vt 0.000000 1.000000
vt 0.000000 0.000000
vt 1.000000 0.000000
vt 1.000000 1.000000
vt 0.000000 1.000000
vt 0.000000 0.000000
vt 1.000000 0.000000
vt 1.000000 1.000000
vt 0.000000 1.000000
vt 0.000000 0.000000
vt 1.000000 0.000000
vt 1.000000 1.000000
vt 0.000000 1.000000
vt 0.000000 0.000000
vt 1.000000 0.000000
vt 1.000000 1.000000
vt 0.000000 1.000000
vt 0.000000 0.000000
vt 1.000000 0.000000
vt 1.000000 1.000000
vt 0.000000 1.000000
vt 0.000000 0.000000
vt 1.000000 0.000000
vt 1.000000 1.000000
vt 0.000000 1.000000
vt 0.000000 0.000000
vt 1.000000 0.000000
vt 1.000000 1.000000
vt 0.000000 1.000000
vt 0.500000 1.000000
vt 0.000000 0.000000
vt 1.000000 0.000000
vt 0.000000 0.000000
vt 1.000000 0.000000
vt 1.000000 1.000000
vt 0.000000 1.000000
vt 0.500000 1.000000
vt 0.000000 0.000000
vt 1.000000 0.000000
vt 0.000000 0.000000
vt 1.000000 0.000000
vt 1.000000 1.000000
vt 0.000000 1.000000
vt 0.500000 1.000000
vt 0.000000 0.000000
vt 1.000000 0.000000
vt 0.000000 0.000000
vt 1.000000 0.000000
vt 1.000000 1.000000
vt 0.000000 1.000000
vt 0.500000 1.000000
vt 0.000000 0.000000
vt 1.000000 0.000000
vt 0.000000 0.000000
vt 1.000000 0.000000
vt 1.000000 1.000000
vt 0.000000 1.000000
vt 0.500000 1.000000
vt 0.000000 0.000000
vt 1.000000 0.000000
vt 0.000000 0.000000
vt 1.000000 0.000000
vt 1.000000 1.000000
vt 0.000000 1.000000
vt 0.500000 1.000000
vt 0.000000 0.000000
vt 1.000000 0.000000
vt 0.000000 0.000000
vt 1.000000 0.000000
vt 1.000000 1.000000
vt 0.000000 1.000000
vt 0.500000 1.000000
vt 0.000000 0.000000
vt 1.000000 0.000000
vt 0.000000 0.000000
vt 1.000000 0.000000
vt 1.000000 1.000000
vt 0.000000 1.000000
vt 0.500000 1.000000
vt 0.000000 0.000000
vt 1.000000 0.000000
vt 0.000000 0.000000
vt 1.000000 0.000000
vt 1.000000 1.000000
vt 0.000000 1.000000
vt 0.500000 1.000000
vt 0.000000 0.000000
vt 1.000000 0.000000
vt 0.000000 0.000000
vt 1.000000 0.000000
vt 1.000000 1.000000
vt 0.000000 1.000000
vt 0.500000 1.000000
vt 0.000000 0.000000
vt 1.000000 0.000000
vt 0.000000 0.000000
vt 1.000000 0.000000
vt 1.000000 1.000000
vt 0.000000 1.000000
vt 0.500000 1.000000
vt 0.000000 0.000000
vt 1.000000 0.000000
vt 0.000000 0.000000
vt 1.000000 0.000000
vt 1.000000 1.000000
vt 0.000000 1.000000
vt 0.500000 1.000000
vt 0.000000 0.000000
vt 1.000000 0.000000
vt 0.000000 0.000000
vt 1.000000 0.000000
vt 1.000000 1.000000
vt 0.000000 1.000000
vt 0.500000 1.000000
vt 0.000000 0.000000
vt 1.000000 0.000000
vt 0.000000 0.000000
vt 1.000000 0.000000
vt 1.000000 1.000000
vt 0.000000 1.000000
vt 0.500000 1.000000
vt 0.000000 0.000000
vt 1.000000 0.000000
vt 0.000000 0.000000
vt 1.000000 0.000000
vt 1.000000 1.000000
vt 0.000000 1.000000
vt 0.500000 1.000000
vt 0.000000 0.000000
vt 1.000000 0.000000
vt 0.000000 0.000000
vt 1.000000 0.000000
vt 1.000000 1.000000
vt 0.000000 1.000000
vt 0.500000 1.000000
vt 0.000000 0.000000
vt 1.000000 0.000000
vt 0.000000 0.000000
vt 1.000000 0.000000
vt 1.000000 1.000000
vt 0.000000 1.000000
vt 0.500000 1.000000
vt 0.000000 0.000000
vt 1.000000 0.000000
vt 0.000000 0.000000
vt 1.000000 0.000000
vt 1.000000 1.000000
vt 0.000000 1.000000
vt 0.500000 1.000000
vt 0.000000 0.000000
vt 1.000000 0.000000
vt 0.000000 0.000000
vt 1.000000 0.000000
vt 1.000000 1.000000
vt 0.000000 1.000000
vt 0.500000 1.000000
vt 0.000000 0.000000
vt 1.000000 0.000000
vt 0.000000 0.000000
vt 1.000000 0.000000
vt 1.000000 1.000000
vt 0.000000 1.000000
vt 0.500000 1.000000
vt 0.000000 0.000000
vt 1.000000 0.000000
vt 0.000000 0.000000
vt 1.000000 0.000000
vt 1.000000 1.000000
vt 0.000000 1.000000
vt 0.500000 1.000000
vt 0.000000 0.000000
vt 1.000000 0.000000
vt 0.000000 0.000000
vt 1.000000 0.000000
vt 1.000000 1.000000
vt 0.000000 1.000000
vt 0.500000 1.000000
vt 0.000000 0.000000
vt 1.000000 0.000000
vt 0.000000 0.000000
vt 1.000000 0.000000
vt 1.000000 1.000000
vt 0.000000 1.000000
vt 0.500000 1.000000
vt 0.000000 0.000000
vt 1.000000 0.000000
vt 0.000000 0.000000
vt 1.000000 0.000000
vt 1.000000 1.000000
vt 0.000000 1.000000
vt 0.500000 1.000000
vt 0.000000 0.000000
vt 1.000000 0.000000
vt 0.000000 0.000000
vt 1.000000 0.000000
vt 1.000000 1.000000
vt 0.000000 1.000000
vt 0.500000 1.000000
vt 0.000000 0.000000
vt 1.000000 0.000000
vt 0.000000 0.000000
vt 1.000000 0.000000
vt 1.000000 1.000000
vt 0.000000 1.000000
vt 0.500000 1.000000
vt 0.000000 0.000000
vt 1.000000 0.000000
vt 0.000000 0.000000
vt 1.000000 0.000000
vt 1.000000 1.000000
vt 0.000000 1.000000
vt 0.500000 1.000000
vt 0.000000 0.000000
vt 1.000000 0.000000
vt 0.000000 0.000000
vt 1.000000 0.000000
vt 1.000000 1.000000
vt 0.000000 1.000000
vt 0.500000 1.000000
vt 0.000000 0.000000
vt 1.000000 0.000000
vt 0.000000 0.000000
vt 1.000000 0.000000
vt 1.000000 1.000000
vt 0.000000 1.000000
vt 0.500000 1.000000
vt 0.000000 0.000000
vt 1.000000 0.000000
vt 0.000000 0.000000
vt 1.000000 0.000000
vt 1.000000 1.000000
vt 0.000000 1.000000
vt 0.500000 1.000000
vt 0.000000 0.000000
vt 1.000000 0.000000
vt 0.000000 0.000000
vt 1.000000 0.000000
vt 1.000000 1.000000
vt 0.000000 1.000000
vt 0.500000 1.000000
vt 0.000000 0.000000
vt 1.000000 0.000000
vt 0.000000 0.000000
vt 1.000000 0.000000
vt 1.000000 1.000000
vt 0.000000 1.000000
vt 0.500000 1.000000
vt 0.000000 0.000000
vt 1.000000 0.000000
vt 0.000000 0.000000
vt 1.000000 0.000000
vt 1.000000 1.000000
vt 0.000000 1.000000
vt 0.500000 1.000000
vt 0.000000 0.000000
vt 1.000000 0.000000
vt 0.000000 0.000000
vt 1.000000 0.000000
vt 1.000000 1.000000
vt 0.000000 1.000000
vt 0.500000 1.000000
vt 0.000000 0.000000
vt 1.000000 0.000000
vt 0.000000 0.000000
vt 1.000000 0.000000
vt 1.000000 1.000000
vt 0.000000 1.000000
vt 0.500000 1.000000
vt 0.000000 0.000000
vt 1.000000 0.000000
vt 0.000000 0.000000
vt 1.000000 0.000000
vt 1.000000 1.000000
vt 0.000000 1.000000
vt 0.500000 1.000000
vt 0.000000 0.000000
vt 1.000000 0.000000
vt 0.000000 0.000000
vt 1.000000 0.000000
vt 1.000000 1.000000
vt 0.000000 1.000000
vt 0.500000 1.000000
vt 0.000000 0.000000
vt 1.000000 0.000000
vt 0.000000 0.000000
vt 1.000000 0.000000
vt 1.000000 1.000000
vt 0.000000 1.000000
vt 0.500000 1.000000
vt 0.000000 0.000000
vt 1.000000 0.000000
vt 0.000000 0.000000
vt 1.000000 0.000000
vt 1.000000 1.000000
vt 0.000000 1.000000
vt 0.500000 1.000000
vt 0.000000 0.000000
vt 1.000000 0.000000
vt 0.000000 0.000000
vt 1.000000 0.000000
vt 1.000000 1.000000
vt 0.000000 1.000000
vt 0.500000 1.000000
vt 0.000000 0.000000
vt 1.000000 0.000000
vt 0.000000 0.000000
vt 1.000000 0.000000
vt 1.000000 1.000000
vt 0.000000 1.000000
vt 0.500000 1.000000
vt 0.000000 0.000000
vt 1.000000 0.000000
vt 0.000000 0.000000
vt 1.000000 0.000000
vt 1.000000 1.000000
vt 0.000000 1.000000
vt 0.500000 1.000000
vt 0.000000 0.000000
vt 1.000000 0.000000
vt 0.000000 0.000000
vt 1.000000 0.000000
vt 1.000000 1.000000
vt 0.000000 1.000000
vt 0.500000 1.000000
vt 0.000000 0.000000
vt 1.000000 0.000000
vt 0.000000 0.000000
vt 1.000000 0.000000
vt 1.000000 1.000000
vt 0.000000 1.000000
vt 0.500000 1.000000
vt 0.000000 0.000000
vt 1.000000 0.000000
vt 0.000000 0.000000
vt 1.000000 0.000000
vt 1.000000 1.000000
vt 0.000000 1.000000
vt 0.500000 1.000000
vt 0.000000 0.000000
vt 1.000000 0.000000
vt 0.000000 0.000000
vt 1.000000 0.000000
vt 1.000000 1.000000
vt 0.000000 1.000000
vt 0.500000 1.000000
vt 0.000000 0.000000
vt 1.000000 0.000000
vt 0.000000 0.000000
vt 1.000000 0.000000
vt 1.000000 1.000000
vt 0.000000 1.000000
vt 0.500000 1.000000
vt 0.000000 0.000000
vt 1.000000 0.000000
vt 0.000000 0.000000
vt 1.000000 0.000000
vt 1.000000 1.000000
vt 0.000000 1.000000
vt 0.500000 1.000000
vt 0.000000 0.000000
vt 1.000000 0.000000
vt 0.000000 0.000000
vt 1.000000 0.000000
vt 1.000000 1.000000
vt 0.000000 1.000000
vt 0.500000 1.000000
vt 0.000000 0.000000
vt 1.000000 0.000000
vt 0.000000 0.000000
vt 1.000000 0.000000
vt 1.000000 1.000000
vt 0.000000 1.000000
vt 0.500000 1.000000
vt 0.000000 0.000000
vt 1.000000 0.000000
vt 0.000000 0.000000
vt 1.000000 0.000000
vt 1.000000 1.000000
vt 0.000000 1.000000
vt 0.500000 1.000000
vt 0.000000 0.000000
vt 1.000000 0.000000
vt 0.000000 0.000000
vt 1.000000 0.000000
vt 1.000000 1.000000
vt 0.000000 1.000000
vt 0.500000 1.000000
vt 0.000000 0.000000
vt 1.000000 0.000000
vt 0.000000 0.000000
vt 1.000000 0.000000
vt 1.000000 1.000000
vt 0.000000 1.000000
vt 0.500000 1.000000
vt 0.000000 0.000000
vt 1.000000 0.000000
vt 0.000000 0.000000
vt 1.000000 0.000000
vt 1.000000 1.000000
vt 0.000000 1.000000
vt 0.500000 1.000000
vt 0.000000 0.000000
vt 1.000000 0.000000
vt 0.000000 0.000000
vt 1.000000 0.000000
vt 1.000000 1.000000
vt 0.000000 1.000000
vt 0.500000 1.000000
vt 0.000000 0.000000
vt 1.000000 0.000000
vt 0.000000 0.000000
vt 1.000000 0.000000
vt 1.000000 1.000000
vt 0.000000 1.000000
vt 0.500000 1.000000
vt 0.000000 0.000000
vt 1.000000 0.000000
vt 0.000000 0.000000
vt 1.000000 0.000000
vt 1.000000 1.000000
vt 0.000000 1.000000
vt 0.500000 1.000000
vt 0.000000 0.000000
vt 1.000000 0.000000
vt 0.000000 0.000000
vt 1.000000 0.000000
vt 1.000000 1.000000
vt 0.000000 1.000000
vt 0.500000 1.000000
vt 0.000000 0.000000
vt 1.000000 0.000000
vt 0.000000 0.000000
vt 1.000000 0.000000
vt 1.000000 1.000000
vt 0.000000 1.000000
vt 0.500000 1.000000
vt 0.000000 0.000000
vt 1.000000 0.000000
vt 0.000000 0.000000
vt 1.000000 0.000000
vt 1.000000 1.000000
vt 0.000000 1.000000
vt 0.500000 1.000000
vt 0.000000 0.000000
vt 1.000000 0.000000
vt 0.000000 0.000000
vt 1.000000 0.000000
vt 1.000000 1.000000
vt 0.000000 1.000000
vt 0.500000 1.000000
vt 0.000000 0.000000
vt 1.000000 0.000000
vt 0.000000 0.000000
vt 1.000000 0.000000
vt 1.000000 1.000000
vt 0.000000 1.000000
vt 0.500000 1.000000
vt 0.000000 0.000000
vt 1.000000 0.000000
vt 0.000000 0.000000
vt 1.000000 0.000000
vt 1.000000 1.000000
vt 0.000000 1.000000
vt 0.500000 1.000000
vt 0.000000 0.000000
vt 1.000000 0.000000
vt 0.000000 0.000000
vt 1.000000 0.000000
vt 1.000000 1.000000
vt 0.000000 1.000000
vt 0.500000 1.000000
vt 0.000000 0.000000
vt 1.000000 0.000000
vt 0.000000 0.000000
vt 1.000000 0.000000
vt 1.000000 1.000000
vt 0.000000 1.000000
vt 0.500000 1.000000
vt 0.000000 0.000000
vt 1.000000 0.000000
vt 0.000000 0.000000
vt 1.000000 0.000000
vt 1.000000 1.000000
vt 0.000000 1.000000
vt 0.500000 1.000000
vt 0.000000 0.000000
vt 1.000000 0.000000
vt 0.000000 0.000000
vt 1.000000 0.000000
vt 1.000000 1.000000
vt 0.000000 1.000000
vt 0.500000 1.000000
vt 0.000000 0.000000
vt 1.000000 0.000000
vt 0.000000 0.000000
vt 1.000000 0.000000
vt 1.000000 1.000000
vt 0.000000 1.000000
vt 0.500000 1.000000
vt 0.000000 0.000000
vt 1.000000 0.000000
vt 0.000000 0.000000
vt 1.000000 0.000000
vt 1.000000 1.000000
vt 0.000000 1.000000
vt 0.500000 1.000000
vt 0.000000 0.000000
vt 1.000000 0.000000
vt 0.000000 0.000000
vt 1.000000 0.000000
vt 1.000000 1.000000
vt 0.000000 1.000000
vt 0.500000 1.000000
vt 0.000000 0.000000
vt 1.000000 0.000000
vt 0.000000 0.000000
vt 1.000000 0.000000
vt 1.000000 1.000000
vt 0.000000 1.000000
vt 0.500000 1.000000
vt 0.000000 0.000000
vt 1.000000 0.000000
vt 0.000000 0.000000
vt 1.000000 0.000000
vt 1.000000 1.000000
vt 0.000000 1.000000
vt 0.500000 1.000000
vt 0.000000 0.000000
vt 1.000000 0.000000
vt 0.000000 0.000000
vt 1.000000 0.000000
vt 1.000000 1.000000
vt 0.000000 1.000000
vt 0.500000 1.000000
vt 0.000000 0.000000
vt 1.000000 0.000000
vt 0.000000 0.000000
vt 1.000000 0.000000
vt 1.000000 1.000000
vt 0.000000 1.000000
vt 0.500000 1.000000
vt 0.000000 0.000000
vt 1.000000 0.000000
vt 0.000000 0.000000
vt 1.000000 0.000000
vt 1.000000 1.000000
vt 0.000000 1.000000
vt 0.500000 1.000000
vt 0.000000 0.000000
vt 1.000000 0.000000
vt 0.000000 0.000000
vt 1.000000 0.000000
vt 1.000000 1.000000
vt 0.000000 1.000000
vt 0.500000 1.000000
vt 0.000000 0.000000
vt 1.000000 0.000000
vt 0.000000 0.000000
vt 1.000000 0.000000
vt 1.000000 1.000000
vt 0.000000 1.000000
vt 0.500000 1.000000
vt 0.000000 0.000000
vt 1.000000 0.000000
vt 0.000000 0.000000
vt 1.000000 0.000000
vt 1.000000 1.000000
vt 0.000000 1.000000
vt 0.500000 1.000000
vt 0.000000 0.000000
vt 1.000000 0.000000
vt 0.000000 0.000000
vt 1.000000 0.000000
vt 1.000000 1.000000
vt 0.000000 1.000000
vt 0.500000 1.000000
vt 0.000000 0.000000
vt 1.000000 0.000000
vt 0.000000 0.000000
vt 1.000000 0.000000
vt 1.000000 1.000000
vt 0.000000 1.000000
vt 0.500000 1.000000
vt 0.000000 0.000000
vt 1.000000 0.000000
vt 0.000000 0.000000
vt 1.000000 0.000000
vt 1.000000 1.000000
vt 0.000000 1.000000
vt 0.500000 1.000000
vt 0.000000 0.000000
vt 1.000000 0.000000
vt 0.000000 0.000000
vt 1.000000 0.000000
vt 1.000000 1.000000
vt 0.000000 1.000000
vt 0.500000 1.000000
vt 0.000000 0.000000
vt 1.000000 0.000000
vt 0.000000 0.000000
vt 1.000000 0.000000
vt 1.000000 1.000000
vt 0.000000 1.000000
vt 0.500000 1.000000
vt 0.000000 0.000000
vt 1.000000 0.000000
vt 0.000000 0.000000
vt 1.000000 0.000000
vt 1.000000 1.000000
vt 0.000000 1.000000
vt 0.500000 1.000000
vt 0.000000 0.000000
vt 1.000000 0.000000
vt 0.000000 0.000000
vt 1.000000 0.000000
vt 1.000000 1.000000
vt 0.000000 1.000000
vt 0.500000 1.000000
vt 0.000000 0.000000
vt 1.000000 0.000000
vt 0.000000 0.000000
vt 1.000000 0.000000
vt 1.000000 1.000000
vt 0.000000 1.000000
vt 0.500000 1.000000
vt 0.000000 0.000000
vt 1.000000 0.000000
vt 0.000000 0.000000
vt 1.000000 0.000000
vt 1.000000 1.000000
vt 0.000000 1.000000
vt 0.500000 1.000000
vt 0.000000 0.000000
vt 1.000000 0.000000
vt 0.000000 0.000000
vt 1.000000 0.000000
vt 1.000000 1.000000
vt 0.000000 1.000000
vt 0.500000 1.000000
vt 0.000000 0.000000
vt 1.000000 0.000000
vt 0.000000 0.000000
vt 1.000000 0.000000
vt 1.000000 1.000000
vt 0.000000 1.000000
vt 0.500000 1.000000
vt 0.000000 0.000000
vt 1.000000 0.000000
vt 0.000000 0.000000
vt 1.000000 0.000000
vt 1.000000 1.000000
vt 0.000000 1.000000
vt 0.500000 1.000000
vt 0.000000 0.000000
vt 1.000000 0.000000
vt 0.000000 0.000000
vt 1.000000 0.000000
vt 1.000000 1.000000
vt 0.000000 1.000000
vt 0.500000 1.000000
vt 0.000000 0.000000
vt 1.000000 0.000000
vt 0.000000 0.000000
vt 1.000000 0.000000
vt 1.000000 1.000000
vt 0.000000 1.000000
vt 0.500000 1.000000
vt 0.000000 0.000000
vt 1.000000 0.000000
vt 0.000000 0.000000
vt 1.000000 0.000000
vt 1.000000 1.000000
vt 0.000000 1.000000
vt 0.500000 1.000000
vt 0.000000 0.000000
vt 1.000000 0.000000
vt 0.000000 0.000000
vt 1.000000 0.000000
vt 1.000000 1.000000
vt 0.000000 1.000000
vt 0.500000 1.000000
vt 0.000000 0.000000
vt 1.000000 0.000000
vt 0.000000 0.000000
vt 1.000000 0.000000
vt 1.000000 1.000000
vt 0.000000 1.000000
vt 0.500000 1.000000
vt 0.000000 0.000000
vt 1.000000 0.000000
vt 0.000000 0.000000
vt 1.000000 0.000000
vt 1.000000 1.000000
vt 0.000000 1.000000
vt 0.500000 1.000000
vt 0.000000 0.000000
vt 1.000000 0.000000
vt 0.000000 0.000000
vt 1.000000 0.000000
vt 1.000000 1.000000
vt 0.000000 1.000000
vt 0.500000 1.000000
vt 0.000000 0.000000
vt 1.000000 0.000000
vt 0.000000 0.000000
vt 1.000000 0.000000
vt 1.000000 1.000000
vt 0.000000 1.000000
vt 0.500000 1.000000
vt 0.000000 0.000000
vt 1.000000 0.000000
vt 0.000000 0.000000
vt 1.000000 0.000000
vt 1.000000 1.000000
vt 0.000000 1.000000
vt 0.500000 1.000000
vt 0.000000 0.000000
vt 1.000000 0.000000
vt 0.000000 0.000000
vt 1.000000 0.000000
vt 1.000000 1.000000
vt 0.000000 1.000000
vt 0.500000 1.000000
vt 0.000000 0.000000
vt 1.000000 0.000000
vt 0.000000 0.000000
vt 1.000000 0.000000
vt 1.000000 1.000000
vt 0.000000 1.000000
vt 0.500000 1.000000
vt 0.000000 0.000000
vt 1.000000 0.000000
vt 0.000000 0.000000
vt 1.000000 0.000000
vt 1.000000 1.000000
vt 0.000000 1.000000
vt 0.500000 1.000000
vt 0.000000 0.000000
vt 1.000000 0.000000
vt 0.000000 0.000000
vt 1.000000 0.000000
vt 1.000000 1.000000
vt 0.000000 1.000000
vt 0.500000 1.000000
vt 0.000000 0.000000
vt 1.000000 0.000000
vt 0.000000 0.000000
vt 1.000000 0.000000
vt 1.000000 1.000000
vt 0.000000 1.000000
vt 0.500000 1.000000
vt 0.000000 0.000000
vt 1.000000 0.000000
vt 0.000000 0.000000
vt 1.000000 0.000000
vt 1.000000 1.000000
vt 0.000000 1.000000
vt 0.500000 1.000000
vt 0.000000 0.000000
vt 1.000000 0.000000
vt 0.500000 1.000000
vt 0.000000 0.000000
vt 1.000000 0.000000
vt 0.000000 0.000000
vt 1.000000 0.000000
vt 1.000000 1.000000
vt 0.000000 1.000000
vt 0.000000 0.000000
vt 1.000000 0.000000
vt 1.000000 1.000000
vt 0.000000 1.000000
vt 0.500000 1.000000
vt 0.000000 0.000000
vt 1.000000 0.000000
vt 0.500000 1.000000
vt 0.000000 0.000000
vt 1.000000 0.000000
vt 0.000000 0.000000
vt 1.000000 0.000000
vt 1.000000 1.000000
vt 0.000000 1.000000
vt 0.000000 0.000000
vt 1.000000 0.000000
vt 1.000000 1.000000
vt 0.000000 1.000000
vt 0.500000 1.000000
vt 0.000000 0.000000
vt 1.000000 0.000000
vt 0.500000 1.000000
vt 0.000000 0.000000
vt 1.000000 0.000000
vt 0.000000 0.000000
vt 1.000000 0.000000
vt 1.000000 1.000000
vt 0.000000 1.000000
vt 0.000000 0.000000
vt 1.000000 0.000000
vt 1.000000 1.000000
vt 0.000000 1.000000
vt 0.500000 1.000000
vt 0.000000 0.000000
vt 1.000000 0.000000
vt 0.500000 1.000000
vt 0.000000 0.000000
vt 1.000000 0.000000
vt 0.000000 0.000000
vt 1.000000 0.000000
vt 1.000000 1.000000
vt 0.000000 1.000000
vt 0.000000 0.000000
vt 1.000000 0.000000
vt 1.000000 1.000000
vt 0.000000 1.000000
vt 0.500000 1.000000
vt 0.000000 0.000000
vt 1.000000 0.000000
vt 0.500000 1.000000
vt 0.000000 0.000000
vt 1.000000 0.000000
vt 0.000000 0.000000
vt 1.000000 0.000000
vt 1.000000 1.000000
vt 0.000000 1.000000
vt 0.000000 0.000000
vt 1.000000 0.000000
vt 1.000000 1.000000
vt 0.000000 1.000000
vt 0.500000 1.000000
vt 0.000000 0.000000
vt 1.000000 0.000000
vt 0.500000 1.000000
vt 0.000000 0.000000
vt 1.000000 0.000000
vt 0.000000 0.000000
vt 1.000000 0.000000
vt 1.000000 1.000000
vt 0.000000 1.000000
vt 0.000000 0.000000
vt 1.000000 0.000000
vt 1.000000 1.000000
vt 0.000000 1.000000
vt 0.500000 1.000000
vt 0.000000 0.000000
vt 1.000000 0.000000
vt 0.500000 1.000000
vt 0.000000 0.000000
vt 1.000000 0.000000
vt 0.000000 0.000000
vt 1.000000 0.000000
vt 1.000000 1.000000
vt 0.000000 1.000000
vt 0.000000 0.000000
vt 1.000000 0.000000
vt 1.000000 1.000000
vt 0.000000 1.000000
vt 0.500000 1.000000
vt 0.000000 0.000000
vt 1.000000 0.000000
vt 0.500000 1.000000
vt 0.000000 0.000000
vt 1.000000 0.000000
vt 0.000000 0.000000
vt 1.000000 0.000000
vt 1.000000 1.000000
vt 0.000000 1.000000
vt 0.000000 0.000000
vt 1.000000 0.000000
vt 1.000000 1.000000
vt 0.000000 1.000000
vt 0.500000 1.000000
vt 0.000000 0.000000
vt 1.000000 0.000000
vt 0.500000 1.000000
vt 0.000000 0.000000
vt 1.000000 0.000000
vt 0.000000 0.000000
vt 1.000000 0.000000
vt 1.000000 1.000000
vt 0.000000 1.000000
vt 0.000000 0.000000
vt 1.000000 0.000000
vt 1.000000 1.000000
vt 0.000000 1.000000
vt 0.500000 1.000000
vt 0.000000 0.000000
vt 1.000000 0.000000
vt 0.500000 1.000000
vt 0.000000 0.000000
vt 1.000000 0.000000
vt 0.000000 0.000000
vt 1.000000 0.000000
vt 1.000000 1.000000
vt 0.000000 1.000000
vt 0.000000 0.000000
vt 1.000000 0.000000
vt 1.000000 1.000000
vt 0.000000 1.000000
vt 0.500000 1.000000
vt 0.000000 0.000000
vt 1.000000 0.000000
vt 0.500000 1.000000
vt 0.000000 0.000000
vt 1.000000 0.000000
vt 0.000000 0.000000
vt 1.000000 0.000000
vt 1.000000 1.000000
vt 0.000000 1.000000
vt 0.000000 0.000000
vt 1.000000 0.000000
vt 1.000000 1.000000
vt 0.000000 1.000000
vt 0.500000 1.000000
vt 0.000000 0.000000
vt 1.000000 0.000000
vt 0.500000 1.000000
vt 0.000000 0.000000
vt 1.000000 0.000000
vt 0.000000 0.000000
vt 1.000000 0.000000
vt 1.000000 1.000000
vt 0.000000 1.000000
vt 0.000000 0.000000
vt 1.000000 0.000000
vt 1.000000 1.000000
vt 0.000000 1.000000
vt 0.500000 1.000000
vt 0.000000 0.000000
vt 1.000000 0.000000
vt 0.500000 1.000000
vt 0.000000 0.000000
vt 1.000000 0.000000
vt 0.000000 0.000000
vt 1.000000 0.000000
vt 1.000000 1.000000
vt 0.000000 1.000000
vt 0.000000 0.000000
vt 1.000000 0.000000
vt 1.000000 1.000000
vt 0.000000 1.000000
vt 0.500000 1.000000
vt 0.000000 0.000000
vt 1.000000 0.000000
vt 0.500000 1.000000
vt 0.000000 0.000000
vt 1.000000 0.000000
vt 0.000000 0.000000
vt 1.000000 0.000000
vt 1.000000 1.000000
vt 0.000000 1.000000
vt 0.000000 0.000000
vt 1.000000 0.000000
vt 1.000000 1.000000
vt 0.000000 1.000000
vt 0.500000 1.000000
vt 0.000000 0.000000
vt 1.000000 0.000000
vt 0.500000 1.000000
vt 0.000000 0.000000
vt 1.000000 0.000000
vt 0.000000 0.000000
vt 1.000000 0.000000
vt 1.000000 1.000000
vt 0.000000 1.000000
vt 0.000000 0.000000
vt 1.000000 0.000000
vt 1.000000 1.000000
vt 0.000000 1.000000
vt 0.500000 1.000000
vt 0.000000 0.000000
vt 1.000000 0.000000
vt 0.500000 1.000000
vt 0.000000 0.000000
vt 1.000000 0.000000
vt 0.000000 0.000000
vt 1.000000 0.000000
vt 1.000000 1.000000
vt 0.000000 1.000000
vt 0.000000 0.000000
vt 1.000000 0.000000
vt 1.000000 1.000000
vt 0.000000 1.000000
vt 0.500000 1.000000
vt 0.000000 0.000000
vt 1.000000 0.000000
vt 0.500000 1.000000
vt 0.000000 0.000000
vt 1.000000 0.000000
vt 0.000000 0.000000
vt 1.000000 0.000000
vt 1.000000 1.000000
vt 0.000000 1.000000
vt 0.000000 0.000000
vt 1.000000 0.000000
vt 1.000000 1.000000
vt 0.000000 1.000000
vt 0.500000 1.000000
vt 0.000000 0.000000
vt 1.000000 0.000000
vt 0.500000 1.000000
vt 0.000000 0.000000
vt 1.000000 0.000000
vt 0.000000 0.000000
vt 1.000000 0.000000
vt 1.000000 1.000000
vt 0.000000 1.000000
vt 0.000000 0.000000
vt 1.000000 0.000000
vt 1.000000 1.000000
vt 0.000000 1.000000
vt 0.500000 1.000000
vt 0.000000 0.000000
vt 1.000000 0.000000
vt 0.500000 1.000000
vt 0.000000 0.000000
vt 1.000000 0.000000
vt 0.000000 0.000000
vt 1.000000 0.000000
vt 1.000000 1.000000
vt 0.000000 1.000000
vt 0.000000 0.000000
vt 1.000000 0.000000
vt 1.000000 1.000000
vt 0.000000 1.000000
vt 0.500000 1.000000
vt 0.000000 0.000000
vt 1.000000 0.000000
vt 0.500000 1.000000
vt 0.000000 0.000000
vt 1.000000 0.000000
vt 0.000000 0.000000
vt 1.000000 0.000000
vt 1.000000 1.000000
vt 0.000000 1.000000
vt 0.000000 0.000000
vt 1.000000 0.000000
vt 1.000000 1.000000
vt 0.000000 1.000000
vt 0.500000 1.000000
vt 0.000000 0.000000
vt 1.000000 0.000000
vt 0.500000 1.000000
vt 0.000000 0.000000
vt 1.000000 0.000000
vt 0.000000 0.000000
vt 1.000000 0.000000
vt 1.000000 1.000000
vt 0.000000 1.000000
vt 0.000000 0.000000
vt 1.000000 0.000000
vt 1.000000 1.000000
vt 0.000000 1.000000
vt 0.500000 1.000000
vt 0.000000 0.000000
vt 1.000000 0.000000
vt 0.500000 1.000000
vt 0.000000 0.000000
vt 1.000000 0.000000
vt 0.000000 0.000000
vt 1.000000 0.000000
vt 1.000000 1.000000
vt 0.000000 1.000000
vt 0.000000 0.000000
vt 1.000000 0.000000
vt 1.000000 1.000000
vt 0.000000 1.000000
vt 0.500000 1.000000
vt 0.000000 0.000000
vt 1.000000 0.000000
vt 0.500000 1.000000
vt 0.000000 0.000000
vt 1.000000 0.000000
vt 0.000000 0.000000
vt 1.000000 0.000000
vt 1.000000 1.000000
vt 0.000000 1.000000
vt 0.000000 0.000000
vt 1.000000 0.000000
vt 1.000000 1.000000
vt 0.000000 1.000000
vt 0.500000 1.000000
vt 0.000000 0.000000
vt 1.000000 0.000000
vt 0.500000 1.000000
vt 0.000000 0.000000
vt 1.000000 0.000000
vt 0.000000 0.000000
vt 1.000000 0.000000
vt 1.000000 1.000000
vt 0.000000 1.000000
vt 0.000000 0.000000
vt 1.000000 0.000000
vt 1.000000 1.000000
vt 0.000000 1.000000
vt 0.500000 1.000000
vt 0.000000 0.000000
vt 1.000000 0.000000
vt 0.500000 1.000000
vt 0.000000 0.000000
vt 1.000000 0.000000
vt 0.000000 0.000000
vt 1.000000 0.000000
vt 1.000000 1.000000
vt 0.000000 1.000000
vt 0.000000 0.000000
vt 1.000000 0.000000
vt 1.000000 1.000000
vt 0.000000 1.000000
vt 0.500000 1.000000
vt 0.000000 0.000000
vt 1.000000 0.000000
vt 0.500000 1.000000
vt 0.000000 0.000000
vt 1.000000 0.000000
vt 0.000000 0.000000
vt 1.000000 0.000000
vt 1.000000 1.000000
vt 0.000000 1.000000
vt 0.000000 0.000000
vt 1.000000 0.000000
vt 1.000000 1.000000
vt 0.000000 1.000000
vt 0.500000 1.000000
vt 0.000000 0.000000
vt 1.000000 0.000000
vt 0.500000 1.000000
vt 0.000000 0.000000
vt 1.000000 0.000000
vt 0.000000 0.000000
vt 1.000000 0.000000
vt 1.000000 1.000000
vt 0.000000 1.000000
vt 0.000000 0.000000
vt 1.000000 0.000000
vt 1.000000 1.000000
vt 0.000000 1.000000
vt 0.500000 1.000000
vt 0.000000 0.000000
vt 1.000000 0.000000
vt 0.500000 1.000000
vt 0.000000 0.000000
vt 1.000000 0.000000
vt 0.000000 0.000000
vt 1.000000 0.000000
vt 1.000000 1.000000
vt 0.000000 1.000000
vt 0.000000 0.000000
vt 1.000000 0.000000
vt 1.000000 1.000000
vt 0.000000 1.000000
vt 0.500000 1.000000
vt 0.000000 0.000000
vt 1.000000 0.000000
vt 0.500000 1.000000
vt 0.000000 0.000000
vt 1.000000 0.000000
vt 0.000000 0.000000
vt 1.000000 0.000000
vt 1.000000 1.000000
vt 0.000000 1.000000
vt 0.000000 0.000000
vt 1.000000 0.000000
vt 1.000000 1.000000
vt 0.000000 1.000000
vt 0.500000 1.000000
vt 0.000000 0.000000
vt 1.000000 0.000000
vt 0.500000 1.000000
vt 0.000000 0.000000
vt 1.000000 0.000000
vt 0.000000 0.000000
vt 1.000000 0.000000
vt 1.000000 1.000000
vt 0.000000 1.000000
vt 0.000000 0.000000
vt 1.000000 0.000000
vt 1.000000 1.000000
vt 0.000000 1.000000
vt 0.500000 1.000000
vt 0.000000 0.000000
vt 1.000000 0.000000
vt 0.500000 1.000000
vt 0.000000 0.000000
vt 1.000000 0.000000
vt 0.000000 0.000000
vt 1.000000 0.000000
vt 1.000000 1.000000
vt 0.000000 1.000000
vt 0.000000 0.000000
vt 1.000000 0.000000
vt 1.000000 1.000000
vt 0.000000 1.000000
vt 0.500000 1.000000
vt 0.000000 0.000000
vt 1.000000 0.000000
vt 0.500000 1.000000
vt 0.000000 0.000000
vt 1.000000 0.000000
vt 0.000000 0.000000
vt 1.000000 0.000000
vt 1.000000 1.000000
vt 0.000000 1.000000
vt 0.000000 0.000000
vt 1.000000 0.000000
vt 1.000000 1.000000
vt 0.000000 1.000000
vt 0.500000 1.000000
vt 0.000000 0.000000
vt 1.000000 0.000000
vt 0.500000 1.000000
vt 0.000000 0.000000
vt 1.000000 0.000000
vt 0.000000 0.000000
vt 1.000000 0.000000
vt 1.000000 1.000000
vt 0.000000 1.000000
vt 0.000000 0.000000
vt 1.000000 0.000000
vt 1.000000 1.000000
vt 0.000000 1.000000
vt 0.500000 1.000000
vt 0.000000 0.000000
vt 1.000000 0.000000
vt 0.500000 1.000000
vt 0.000000 0.000000
vt 1.000000 0.000000
vt 0.000000 0.000000
vt 1.000000 0.000000
vt 1.000000 1.000000
vt 0.000000 1.000000
vt 0.000000 0.000000
vt 1.000000 0.000000
vt 1.000000 1.000000
vt 0.000000 1.000000
vt 0.500000 1.000000
vt 0.000000 0.000000
vt 1.000000 0.000000
vt 0.500000 1.000000
vt 0.000000 0.000000
vt 1.000000 0.000000
vt 0.000000 0.000000
vt 1.000000 0.000000
vt 1.000000 1.000000
vt 0.000000 1.000000
vt 0.000000 0.000000
vt 1.000000 0.000000
vt 1.000000 1.000000
vt 0.000000 1.000000
vt 0.500000 1.000000
vt 0.000000 0.000000
vt 1.000000 0.000000
vt 0.500000 1.000000
vt 0.000000 0.000000
vt 1.000000 0.000000
vt 0.000000 0.000000
vt 1.000000 0.000000
vt 1.000000 1.000000
vt 0.000000 1.000000
vt 0.000000 0.000000
vt 1.000000 0.000000
vt 1.000000 1.000000
vt 0.000000 1.000000
vt 0.500000 1.000000
vt 0.000000 0.000000
vt 1.000000 0.000000
vt 0.500000 1.000000
vt 0.000000 0.000000
vt 1.000000 0.000000
vt 0.000000 0.000000
vt 1.000000 0.000000
vt 1.000000 1.000000
vt 0.000000 1.000000
vt 0.000000 0.000000
vt 1.000000 0.000000
vt 1.000000 1.000000
vt 0.000000 1.000000
vt 0.500000 1.000000
vt 0.000000 0.000000
vt 1.000000 0.000000
vt 0.500000 1.000000
vt 0.000000 0.000000
vt 1.000000 0.000000
vt 0.000000 0.000000
vt 1.000000 0.000000
vt 1.000000 1.000000
vt 0.000000 1.000000
vt 0.000000 0.000000
vt 1.000000 0.000000
vt 1.000000 1.000000
vt 0.000000 1.000000
vt 0.500000 1.000000
vt 0.000000 0.000000
vt 1.000000 0.000000
vt 0.500000 1.000000
vt 0.000000 0.000000
vt 1.000000 0.000000
vt 0.000000 0.000000
vt 1.000000 0.000000
vt 1.000000 1.000000
vt 0.000000 1.000000
vt 0.000000 0.000000
vt 1.000000 0.000000
vt 1.000000 1.000000
vt 0.000000 1.000000
vt 0.500000 1.000000
vt 0.000000 0.000000
vt 1.000000 0.000000
vt 0.500000 1.000000
vt 0.000000 0.000000
vt 1.000000 0.000000
vt 0.000000 0.000000
vt 1.000000 0.000000
vt 1.000000 1.000000
vt 0.000000 1.000000
vt 0.000000 0.000000
vt 1.000000 0.000000
vt 1.000000 1.000000
vt 0.000000 1.000000
vt 0.500000 1.000000
vt 0.000000 0.000000
vt 1.000000 0.000000
vt 0.500000 1.000000
vt 0.000000 0.000000
vt 1.000000 0.000000
vt 0.000000 0.000000
vt 1.000000 0.000000
vt 1.000000 1.000000
vt 0.000000 1.000000
vt 0.000000 0.000000
vt 1.000000 0.000000
vt 1.000000 1.000000
vt 0.000000 1.000000
vt 0.500000 1.000000
vt 0.000000 0.000000
vt 1.000000 0.000000
vt 0.500000 1.000000
vt 0.000000 0.000000
vt 1.000000 0.000000
vt 0.000000 0.000000
vt 1.000000 0.000000
vt 1.000000 1.000000
vt 0.000000 1.000000
vt 0.000000 0.000000
vt 1.000000 0.000000
vt 1.000000 1.000000
vt 0.000000 1.000000
vt 0.500000 1.000000
vt 0.000000 0.000000
vt 1.000000 0.000000
vt 0.500000 1.000000
vt 0.000000 0.000000
vt 1.000000 0.000000
vt 0.000000 0.000000
vt 1.000000 0.000000
vt 1.000000 1.000000
vt 0.000000 1.000000
vt 0.000000 0.000000
vt 1.000000 0.000000
vt 1.000000 1.000000
vt 0.000000 1.000000
vt 0.500000 1.000000
vt 0.000000 0.000000
vt 1.000000 0.000000
vt 0.500000 1.000000
vt 0.000000 0.000000
vt 1.000000 0.000000
vt 0.000000 0.000000
vt 1.000000 0.000000
vt 1.000000 1.000000
vt 0.000000 1.000000
vt 0.000000 0.000000
vt 1.000000 0.000000
vt 1.000000 1.000000
vt 0.000000 1.000000
vt 0.500000 1.000000
vt 0.000000 0.000000
vt 1.000000 0.000000
vt 0.500000 1.000000
vt 0.000000 0.000000
vt 1.000000 0.000000
vt 0.000000 0.000000
vt 1.000000 0.000000
vt 1.000000 1.000000
vt 0.000000 1.000000
vt 0.000000 0.000000
vt 1.000000 0.000000
vt 1.000000 1.000000
vt 0.000000 1.000000
vt 0.500000 1.000000
vt 0.000000 0.000000
vt 1.000000 0.000000
vt 0.500000 1.000000
vt 0.000000 0.000000
vt 1.000000 0.000000
vt 0.000000 0.000000
vt 1.000000 0.000000
vt 1.000000 1.000000
vt 0.000000 1.000000
vt 0.000000 0.000000
vt 1.000000 0.000000
vt 1.000000 1.000000
vt 0.000000 1.000000
vt 0.500000 1.000000
vt 0.000000 0.000000
vt 1.000000 0.000000
vt 0.500000 1.000000
vt 0.000000 0.000000
vt 1.000000 0.000000
vt 0.000000 0.000000
vt 1.000000 0.000000
vt 1.000000 1.000000
vt 0.000000 1.000000
vt 0.000000 0.000000
vt 1.000000 0.000000
vt 1.000000 1.000000
vt 0.000000 1.000000
vt 0.500000 1.000000
vt 0.000000 0.000000
vt 1.000000 0.000000
vt 0.500000 1.000000
vt 0.000000 0.000000
vt 1.000000 0.000000
vt 0.000000 0.000000
vt 1.000000 0.000000
vt 1.000000 1.000000
vt 0.000000 1.000000
vt 0.000000 0.000000
vt 1.000000 0.000000
vt 1.000000 1.000000
vt 0.000000 1.000000
vt 0.500000 1.000000
vt 0.000000 0.000000
vt 1.000000 0.000000
vt 0.500000 1.000000
vt 0.000000 0.000000
vt 1.000000 0.000000
vt 0.000000 0.000000
vt 1.000000 0.000000
vt 1.000000 1.000000
vt 0.000000 1.000000
vt 0.000000 0.000000
vt 1.000000 0.000000
vt 1.000000 1.000000
vt 0.000000 1.000000
vt 0.500000 1.000000
vt 0.000000 0.000000
vt 1.000000 0.000000
vt 0.500000 1.000000
vt 0.000000 0.000000
vt 1.000000 0.000000
vt 0.000000 0.000000
vt 1.000000 0.000000
vt 1.000000 1.000000
vt 0.000000 1.000000
vt 0.000000 0.000000
vt 1.000000 0.000000
vt 1.000000 1.000000
vt 0.000000 1.000000
vt 0.500000 1.000000
vt 0.000000 0.000000
vt 1.000000 0.000000
vt 0.500000 1.000000
vt 0.000000 0.000000
vt 1.000000 0.000000
vt 0.000000 0.000000
vt 1.000000 0.000000
vt 1.000000 1.000000
vt 0.000000 1.000000
vt 0.000000 0.000000
vt 1.000000 0.000000
vt 1.000000 1.000000
vt 0.000000 1.000000
vt 0.500000 1.000000
vt 0.000000 0.000000
vt 1.000000 0.000000
vt 0.500000 1.000000
vt 0.000000 0.000000
vt 1.000000 0.000000
vt 0.000000 0.000000
vt 1.000000 0.000000
vt 1.000000 1.000000
vt 0.000000 1.000000
vt 0.000000 0.000000
vt 1.000000 0.000000
vt 1.000000 1.000000
vt 0.000000 1.000000
vt 0.500000 1.000000
vt 0.000000 0.000000
vt 1.000000 0.000000
vt 0.500000 1.000000
vt 0.000000 0.000000
vt 1.000000 0.000000
vt 0.000000 0.000000
vt 1.000000 0.000000
vt 1.000000 1.000000
vt 0.000000 1.000000
vt 0.000000 0.000000
vt 1.000000 0.000000
vt 1.000000 1.000000
vt 0.000000 1.000000
vt 0.500000 1.000000
vt 0.000000 0.000000
vt 1.000000 0.000000
vt 0.500000 1.000000
vt 0.000000 0.000000
vt 1.000000 0.000000
vt 0.000000 0.000000
vt 1.000000 0.000000
vt 1.000000 1.000000
vt 0.000000 1.000000
vt 0.000000 0.000000
vt 1.000000 0.000000
vt 1.000000 1.000000
vt 0.000000 1.000000
vt 0.500000 1.000000
vt 0.000000 0.000000
vt 1.000000 0.000000
vt 0.500000 1.000000
vt 0.000000 0.000000
vt 1.000000 0.000000
vt 0.000000 0.000000
vt 1.000000 0.000000
vt 1.000000 1.000000
vt 0.000000 1.000000
vt 0.000000 0.000000
vt 1.000000 0.000000
vt 1.000000 1.000000
vt 0.000000 1.000000
vt 0.500000 1.000000
vt 0.000000 0.000000
vt 1.000000 0.000000
vt 0.500000 1.000000
vt 0.000000 0.000000
vt 1.000000 0.000000
vt 0.000000 0.000000
vt 1.000000 0.000000
vt 1.000000 1.000000
vt 0.000000 1.000000
vt 0.000000 0.000000
vt 1.000000 0.000000
vt 1.000000 1.000000
vt 0.000000 1.000000
vt 0.500000 1.000000
vt 0.000000 0.000000
vt 1.000000 0.000000
vt 0.500000 1.000000
vt 0.000000 0.000000
vt 1.000000 0.000000
vt 0.000000 0.000000
vt 1.000000 0.000000
vt 1.000000 1.000000
vt 0.000000 1.000000
vt 0.000000 0.000000
vt 1.000000 0.000000
vt 1.000000 1.000000
vt 0.000000 1.000000
vt 0.500000 1.000000
vt 0.000000 0.000000
vt 1.000000 0.000000
vt 0.500000 1.000000
vt 0.000000 0.000000
vt 1.000000 0.000000
vt 0.000000 0.000000
vt 1.000000 0.000000
vt 1.000000 1.000000
vt 0.000000 1.000000
vt 0.000000 0.000000
vt 1.000000 0.000000
vt 1.000000 1.000000
vt 0.000000 1.000000
vt 0.500000 1.000000
vt 0.000000 0.000000
vt 1.000000 0.000000
vt 0.500000 1.000000
vt 0.000000 0.000000
vt 1.000000 0.000000
vt 0.000000 0.000000
vt 1.000000 0.000000
vt 1.000000 1.000000
vt 0.000000 1.000000
vt 0.000000 0.000000
vt 1.000000 0.000000
vt 1.000000 1.000000
vt 0.000000 1.000000
vt 0.500000 1.000000
vt 0.000000 0.000000
vt 1.000000 0.000000
vt 0.500000 1.000000
vt 0.000000 0.000000
vt 1.000000 0.000000
vt 0.000000 0.000000
vt 1.000000 0.000000
vt 1.000000 1.000000
vt 0.000000 1.000000
vt 0.000000 0.000000
vt 1.000000 0.000000
vt 1.000000 1.000000
vt 0.000000 1.000000
vt 0.500000 1.000000
vt 0.000000 0.000000
vt 1.000000 0.000000
vt 0.500000 1.000000
vt 0.000000 0.000000
vt 1.000000 0.000000
vt 0.000000 0.000000
vt 1.000000 0.000000
vt 1.000000 1.000000
vt 0.000000 1.000000
vt 0.000000 0.000000
vt 1.000000 0.000000
vt 1.000000 1.000000
vt 0.000000 1.000000
vt 0.500000 1.000000
vt 0.000000 0.000000
vt 1.000000 0.000000
vt 0.500000 1.000000
vt 0.000000 0.000000
vt 1.000000 0.000000
vt 0.000000 0.000000
vt 1.000000 0.000000
vt 1.000000 1.000000
vt 0.000000 1.000000
vt 0.000000 0.000000
vt 1.000000 0.000000
vt 1.000000 1.000000
vt 0.000000 1.000000
vt 0.500000 1.000000
vt 0.000000 0.000000
vt 1.000000 0.000000
vt 0.500000 1.000000
vt 0.000000 0.000000
vt 1.000000 0.000000
vt 0.000000 0.000000
vt 1.000000 0.000000
vt 1.000000 1.000000
vt 0.000000 1.000000
vt 0.000000 0.000000
vt 1.000000 0.000000
vt 1.000000 1.000000
vt 0.000000 1.000000
vt 0.500000 1.000000
vt 0.000000 0.000000
vt 1.000000 0.000000
vt 0.500000 1.000000
vt 0.000000 0.000000
vt 1.000000 0.000000
vt 0.000000 0.000000
vt 1.000000 0.000000
vt 1.000000 1.000000
vt 0.000000 1.000000
vt 0.000000 0.000000
vt 1.000000 0.000000
vt 1.000000 1.000000
vt 0.000000 1.000000
vt 0.500000 1.000000
vt 0.000000 0.000000
vt 1.000000 0.000000
vt 0.500000 1.000000
vt 0.000000 0.000000
vt 1.000000 0.000000
vt 0.000000 0.000000
vt 1.000000 0.000000
vt 1.000000 1.000000
vt 0.000000 1.000000
vt 0.000000 0.000000
vt 1.000000 0.000000
vt 1.000000 1.000000
vt 0.000000 1.000000
vt 0.500000 1.000000
vt 0.000000 0.000000
vt 1.000000 0.000000
vt 0.500000 1.000000
vt 0.000000 0.000000
vt 1.000000 0.000000
vt 0.000000 0.000000
vt 1.000000 0.000000
vt 1.000000 1.000000
vt 0.000000 1.000000
vt 0.000000 0.000000
vt 1.000000 0.000000
vt 1.000000 1.000000
vt 0.000000 1.000000
vt 0.500000 1.000000
vt 0.000000 0.000000
vt 1.000000 0.000000
vt 0.500000 1.000000
vt 0.000000 0.000000
vt 1.000000 0.000000
vt 0.000000 0.000000
vt 1.000000 0.000000
vt 1.000000 1.000000
vt 0.000000 1.000000
vt 0.000000 0.000000
vt 1.000000 0.000000
vt 1.000000 1.000000
vt 0.000000 1.000000
vt 0.500000 1.000000
vt 0.000000 0.000000
vt 1.000000 0.000000
vt 0.500000 1.000000
vt 0.000000 0.000000
vt 1.000000 0.000000
vt 0.000000 0.000000
vt 1.000000 0.000000
vt 1.000000 1.000000
vt 0.000000 1.000000
vt 0.000000 0.000000
vt 1.000000 0.000000
vt 1.000000 1.000000
vt 0.000000 1.000000
vt 0.500000 1.000000
vt 0.000000 0.000000
vt 1.000000 0.000000
vt 0.500000 1.000000
vt 0.000000 0.000000
vt 1.000000 0.000000
vt 0.000000 0.000000
vt 1.000000 0.000000
vt 1.000000 1.000000
vt 0.000000 1.000000
vt 0.000000 0.000000
vt 1.000000 0.000000
vt 1.000000 1.000000
vt 0.000000 1.000000
vt 0.500000 1.000000
vt 0.000000 0.000000
vt 1.000000 0.000000
vt 0.500000 1.000000
vt 0.000000 0.000000
vt 1.000000 0.000000
vt 0.000000 0.000000
vt 1.000000 0.000000
vt 1.000000 1.000000
vt 0.000000 1.000000
vt 0.000000 0.000000
vt 1.000000 0.000000
vt 1.000000 1.000000
vt 0.000000 1.000000
vt 0.500000 1.000000
vt 0.000000 0.000000
vt 1.000000 0.000000
vt 0.500000 1.000000
vt 0.000000 0.000000
vt 1.000000 0.000000
vt 0.000000 0.000000
vt 1.000000 0.000000
vt 1.000000 1.000000
vt 0.000000 1.000000
vt 0.000000 0.000000
vt 1.000000 0.000000
vt 1.000000 1.000000
vt 0.000000 1.000000
vt 0.500000 1.000000
vt 0.000000 0.000000
vt 1.000000 0.000000
vt 0.500000 1.000000
vt 0.000000 0.000000
vt 1.000000 0.000000
vt 0.000000 0.000000
vt 1.000000 0.000000
vt 1.000000 1.000000
vt 0.000000 1.000000
vt 0.000000 0.000000
vt 1.000000 0.000000
vt 1.000000 1.000000
vt 0.000000 1.000000
vt 0.500000 1.000000
vt 0.000000 0.000000
vt 1.000000 0.000000
s 1
usemtl models/caelum/world/environment/bark_city.png
f 1/1 2/2 3/3 4/4
f 5/5 6/6 7/7
f 8/8 9/9 10/10 11/11
f 12/12 13/13 14/14
f 15/15 16/16 17/17 18/18
f 19/19 20/20 21/21
f 22/22 23/23 24/24 25/25
f 26/26 27/27 28/28
f 29/29 30/30 31/31 32/32
f 33/33 34/34 35/35
f 36/36 37/37 38/38 39/39
f 40/40 41/41 42/42
f 43/43 44/44 45/45 46/46
f 47/47 48/48 49/49
f 50/50 51/51 52/52 53/53
f 54/54 55/55 56/56
f 57/57 58/58 59/59 60/60
f 61/61 62/62 63/63
f 64/64 65/65 66/66 67/67
f 68/68 69/69 70/70 71/71
f 72/72 73/73 74/74 75/75
f 76/76 77/77 78/78 79/79
f 80/80 81/81 82/82 83/83
f 84/84 85/85 86/86 87/87
f 88/88 89/89 90/90 91/91
f 92/92 93/93 94/94 95/95
f 96/96 97/97 98/98 99/99
f 100/100 101/101 102/102 103/103
f 104/104 105/105 106/106
f 107/107 108/108 109/109 110/110
f 111/111 112/112 113/113
f 114/114 115/115 116/116 117/117
f 118/118 119/119 120/120
f 121/121 122/122 123/123 124/124
f 125/125 126/126 127/127
f 128/128 129/129 130/130 131/131
f 132/132 133/133 134/134
f 135/135 136/136 137/137 138/138
f 139/139 140/140 141/141
f 142/142 143/143 144/144 145/145
f 146/146 147/147 148/148
f 149/149 150/150 151/151 152/152
f 153/153 154/154 155/155
f 156/156 157/157 158/158 159/159
f 160/160 161/161 162/162
f 163/163 164/164 165/165 166/166
f 167/167 168/168 169/169
f 170/170 171/171 172/172 173/173
f 174/174 175/175 176/176
f 177/177 178/178 179/179 180/180
f 181/181 182/182 183/183
f 184/184 185/185 186/186 187/187
f 188/188 189/189 190/190
f 191/191 192/192 193/193 194/194
f 195/195 196/196 197/197
f 198/198 199/199 200/200 201/201
f 202/202 203/203 204/204
f 205/205 206/206 207/207 208/208
f 209/209 210/210 211/211
f 212/212 213/213 214/214 215/215
f 216/216 217/217 218/218
f 219/219 220/220 221/221 222/222
f 223/223 224/224 225/225
f 226/226 227/227 228/228 229/229
f 230/230 231/231 232/232
f 233/233 234/234 235/235 236/236
f 237/237 238/238 239/239
f 240/240 241/241 242/242 243/243
f 244/244 245/245 246/246
f 247/247 248/248 249/249 250/250
f 251/251 252/252 253/253
f 254/254 255/255 256/256 257/257
f 258/258 259/259 260/260
f 261/261 262/262 263/263 264/264
f 265/265 266/266 267/267
f 268/268 269/269 270/270 271/271
f 272/272 273/273 274/274
f 275/275 276/276 277/277 278/278
f 279/279 280/280 281/281
f 282/282 283/283 284/284 285/285
f 286/286 287/287 288/288
f 289/289 290/290 291/291 292/292
f 293/293 294/294 295/295
f 296/296 297/297 298/298 299/299
f 300/300 301/301 302/302
f 303/303 304/304 305/305 306/306
f 307/307 308/308 309/309
f 310/310 311/311 312/312 313/313
f 314/314 315/315 316/316
f 317/317 318/318 319/319 320/320
f 321/321 322/322 323/323
f 324/324 325/325 326/326 327/327
f 328/328 329/329 330/330
f 331/331 332/332 333/333 334/334
f 335/335 336/336 337/337
f 338/338 339/339 340/340 341/341
f 342/342 343/343 344/344
f 345/345 346/346 347/347 348/348
f 349/349 350/350 351/351
f 352/352 353/353 354/354 355/355
f 356/356 357/357 358/358
f 359/359 360/360 361/361 362/362
f 363/363 364/364 365/365
f 366/366 367/367 368/368 369/369
f 370/370 371/371 372/372
f 373/373 374/374 375/375 376/376
f 377/377 378/378 379/379
f 380/380 381/381 382/382 383/383
f 384/384 385/385 386/386
f 387/387 388/388 389/389 390/390
f 391/391 392/392 393/393
f 394/394 395/395 396/396 397/397
f 398/398 399/399 400/400
f 401/401 402/402 403/403 404/404
f 405/405 406/406 407/407
f 408/408 409/409 410/410 411/411
f 412/412 413/413 414/414
f 415/415 416/416 417/417 418/418
f 419/419 420/420 421/421
f 422/422 423/423 424/424 425/425
f 426/426 427/427 428/428
f 429/429 430/430 431/431 432/432
f 433/433 434/434 435/435
f 436/436 437/437 438/438 439/439
f 440/440 441/441 442/442
f 443/443 444/444 445/445 446/446
f 447/447 448/448 449/449
f 450/450 451/451 452/452 453/453
f 454/454 455/455 456/456
f 457/457 458/458 459/459 460/460
f 461/461 462/462 463/463
f 464/464 465/465 466/466 467/467
f 468/468 469/469 470/470
f 471/471 472/472 473/473 474/474
f 475/475 476/476 477/477
f 478/478 479/479 480/480 481/481
f 482/482 483/483 484/484
f 485/485 486/486 487/487 488/488
f 489/489 490/490 491/491
f 492/492 493/493 494/494 495/495
f 496/496 497/497 498/498
f 499/499 500/500 501/501 502/502
f 503/503 504/504 505/505
f 506/506 507/507 508/508 509/509
f 510/510 511/511 512/512
f 513/513 514/514 515/515 516/516
f 517/517 518/518 519/519
f 520/520 521/521 522/522 523/523
f 524/524 525/525 526/526
f 527/527 528/528 529/529 530/530
f 531/531 532/532 533/533
f 534/534 535/535 536/536 537/537
f 538/538 539/539 540/540
f 541/541 542/542 543/543 544/544
f 545/545 546/546 547/547
f 548/548 549/549 550/550 551/551
f 552/552 553/553 554/554
f 555/555 556/556 557/557 558/558
f 559/559 560/560 561/561
f 562/562 563/563 564/564 565/565
f 566/566 567/567 568/568
f 569/569 570/570 571/571 572/572
f 573/573 574/574 575/575
f 576/576 577/577 578/578 579/579
f 580/580 581/581 582/582
f 583/583 584/584 585/585 586/586
f 587/587 588/588 589/589
f 590/590 591/591 592/592 593/593
f 594/594 595/595 596/596
f 597/597 598/598 599/599 600/600
f 601/601 602/602 603/603
f 604/604 605/605 606/606 607/607
f 608/608 609/609 610/610
f 611/611 612/612 613/613 614/614
f 615/615 616/616 617/617
f 618/618 619/619 620/620 621/621
f 622/622 623/623 624/624
f 625/625 626/626 627/627 628/628
f 629/629 630/630 631/631
f 632/632 633/633 634/634 635/635
f 636/636 637/637 638/638
f 639/639 640/640 641/641 642/642
f 643/643 644/644 645/645
f 646/646 647/647 648/648 649/649
f 650/650 651/651 652/652
f 653/653 654/654 655/655 656/656
f 657/657 658/658 659/659
f 660/660 661/661 662/662 663/663
f 664/664 665/665 666/666
f 667/667 668/668 669/669 670/670
f 671/671 672/672 673/673
f 674/674 675/675 676/676 677/677
f 678/678 679/679 680/680
f 681/681 682/682 683/683 684/684
f 685/685 686/686 687/687
f 688/688 689/689 690/690 691/691
f 692/692 693/693 694/694
f 695/695 696/696 697/697 698/698
f 699/699 700/700 701/701
f 702/702 703/703 704/704 705/705
f 706/706 707/707 708/708
f 709/709 710/710 711/711 712/712
f 713/713 714/714 715/715
f 716/716 717/717 718/718 719/719
f 720/720 721/721 722/722
f 723/723 724/724 725/725 726/726
f 727/727 728/728 729/729
f 730/730 731/731 732/732 733/733
f 734/734 735/735 736/736
f 737/737 738/738 739/739 740/740
f 741/741 742/742 743/743
f 744/744 745/745 746/746 747/747
f 748/748 749/749 750/750
f 751/751 752/752 753/753 754/754
f 755/755 756/756 757/757
f 758/758 759/759 760/760 761/761
f 762/762 763/763 764/764
f 765/765 766/766 767/767 768/768
f 769/769 770/770 771/771
f 772/772 773/773 774/774 775/775
f 776/776 777/777 778/778
f 779/779 780/780 781/781 782/782
f 783/783 784/784 785/785
f 786/786 787/787 788/788 789/789
f 790/790 791/791 792/792
f 793/793 794/794 795/795 796/796
f 797/797 798/798 799/799
f 800/800 801/801 802/802 803/803
f 804/804 805/805 806/806
f 807/807 808/808 809/809 810/810
f 811/811 812/812 813/813
f 814/814 815/815 816/816 817/817
f 818/818 819/819 820/820
f 821/821 822/822 823/823 824/824
f 825/825 826/826 827/827
f 828/828 829/829 830/830 831/831
f 832/832 833/833 834/834
usemtl models/caelum/world/environment/foliage_city_green.png
f 835/835 836/836 837/837
f 838/838 839/839 840/840 841/841
f 842/842 843/843 844/844 845/845
f 846/846 847/847 848/848
f 849/849 850/850 851/851
f 852/852 853/853 854/854 855/855
f 856/856 857/857 858/858 859/859
f 860/860 861/861 862/862
f 863/863 864/864 865/865
f 866/866 867/867 868/868 869/869
f 870/870 871/871 872/872 873/873
f 874/874 875/875 876/876
f 877/877 878/878 879/879
f 880/880 881/881 882/882 883/883
f 884/884 885/885 886/886 887/887
f 888/888 889/889 890/890
f 891/891 892/892 893/893
f 894/894 895/895 896/896 897/897
f 898/898 899/899 900/900 901/901
f 902/902 903/903 904/904
f 905/905 906/906 907/907
f 908/908 909/909 910/910 911/911
f 912/912 913/913 914/914 915/915
f 916/916 917/917 918/918
f 919/919 920/920 921/921
f 922/922 923/923 924/924 925/925
f 926/926 927/927 928/928 929/929
f 930/930 931/931 932/932
f 933/933 934/934 935/935
f 936/936 937/937 938/938 939/939
f 940/940 941/941 942/942 943/943
f 944/944 945/945 946/946
f 947/947 948/948 949/949
f 950/950 951/951 952/952 953/953
f 954/954 955/955 956/956 957/957
f 958/958 959/959 960/960
f 961/961 962/962 963/963
f 964/964 965/965 966/966 967/967
f 968/968 969/969 970/970 971/971
f 972/972 973/973 974/974
f 975/975 976/976 977/977
f 978/978 979/979 980/980 981/981
f 982/982 983/983 984/984 985/985
f 986/986 987/987 988/988
f 989/989 990/990 991/991
f 992/992 993/993 994/994 995/995
f 996/996 997/997 998/998 999/999
f 1000/1000 1001/1001 1002/1002
f 1003/1003 1004/1004 1005/1005
f 1006/1006 1007/1007 1008/1008 1009/1009
f 1010/1010 1011/1011 1012/1012 1013/1013
f 1014/1014 1015/1015 1016/1016
f 1017/1017 1018/1018 1019/1019
f 1020/1020 1021/1021 1022/1022 1023/1023
f 1024/1024 1025/1025 1026/1026 1027/1027
f 1028/1028 1029/1029 1030/1030
f 1031/1031 1032/1032 1033/1033
f 1034/1034 1035/1035 1036/1036 1037/1037
f 1038/1038 1039/1039 1040/1040 1041/1041
f 1042/1042 1043/1043 1044/1044
f 1045/1045 1046/1046 1047/1047
f 1048/1048 1049/1049 1050/1050 1051/1051
f 1052/1052 1053/1053 1054/1054 1055/1055
f 1056/1056 1057/1057 1058/1058
f 1059/1059 1060/1060 1061/1061
f 1062/1062 1063/1063 1064/1064 1065/1065
f 1066/1066 1067/1067 1068/1068 1069/1069
f 1070/1070 1071/1071 1072/1072
f 1073/1073 1074/1074 1075/1075
f 1076/1076 1077/1077 1078/1078 1079/1079
f 1080/1080 1081/1081 1082/1082 1083/1083
f 1084/1084 1085/1085 1086/1086
f 1087/1087 1088/1088 1089/1089
f 1090/1090 1091/1091 1092/1092 1093/1093
f 1094/1094 1095/1095 1096/1096 1097/1097
f 1098/1098 1099/1099 1100/1100
f 1101/1101 1102/1102 1103/1103
f 1104/1104 1105/1105 1106/1106 1107/1107
f 1108/1108 1109/1109 1110/1110 1111/1111
f 1112/1112 1113/1113 1114/1114
f 1115/1115 1116/1116 1117/1117
f 1118/1118 1119/1119 1120/1120 1121/1121
f 1122/1122 1123/1123 1124/1124 1125/1125
f 1126/1126 1127/1127 1128/1128
f 1129/1129 1130/1130 1131/1131
f 1132/1132 1133/1133 1134/1134 1135/1135
f 1136/1136 1137/1137 1138/1138 1139/1139
f 1140/1140 1141/1141 1142/1142
f 1143/1143 1144/1144 1145/1145
f 1146/1146 1147/1147 1148/1148 1149/1149
f 1150/1150 1151/1151 1152/1152 1153/1153
f 1154/1154 1155/1155 1156/1156
f 1157/1157 1158/1158 1159/1159
f 1160/1160 1161/1161 1162/1162 1163/1163
f 1164/1164 1165/1165 1166/1166 1167/1167
f 1168/1168 1169/1169 1170/1170
f 1171/1171 1172/1172 1173/1173
f 1174/1174 1175/1175 1176/1176 1177/1177
f 1178/1178 1179/1179 1180/1180 1181/1181
f 1182/1182 1183/1183 1184/1184
f 1185/1185 1186/1186 1187/1187
f 1188/1188 1189/1189 1190/1190 1191/1191
f 1192/1192 1193/1193 1194/1194 1195/1195
f 1196/1196 1197/1197 1198/1198
f 1199/1199 1200/1200 1201/1201
f 1202/1202 1203/1203 1204/1204 1205/1205
f 1206/1206 1207/1207 1208/1208 1209/1209
f 1210/1210 1211/1211 1212/1212
f 1213/1213 1214/1214 1215/1215
f 1216/1216 1217/1217 1218/1218 1219/1219
f 1220/1220 1221/1221 1222/1222 1223/1223
f 1224/1224 1225/1225 1226/1226
f 1227/1227 1228/1228 1229/1229
f 1230/1230 1231/1231 1232/1232 1233/1233
f 1234/1234 1235/1235 1236/1236 1237/1237
f 1238/1238 1239/1239 1240/1240
f 1241/1241 1242/1242 1243/1243
f 1244/1244 1245/1245 1246/1246 1247/1247
f 1248/1248 1249/1249 1250/1250 1251/1251
f 1252/1252 1253/1253 1254/1254
f 1255/1255 1256/1256 1257/1257
f 1258/1258 1259/1259 1260/1260 1261/1261
f 1262/1262 1263/1263 1264/1264 1265/1265
f 1266/1266 1267/1267 1268/1268
f 1269/1269 1270/1270 1271/1271
f 1272/1272 1273/1273 1274/1274 1275/1275
f 1276/1276 1277/1277 1278/1278 1279/1279
f 1280/1280 1281/1281 1282/1282
f 1283/1283 1284/1284 1285/1285
f 1286/1286 1287/1287 1288/1288 1289/1289
f 1290/1290 1291/1291 1292/1292 1293/1293
f 1294/1294 1295/1295 1296/1296
f 1297/1297 1298/1298 1299/1299
f 1300/1300 1301/1301 1302/1302 1303/1303
f 1304/1304 1305/1305 1306/1306 1307/1307
f 1308/1308 1309/1309 1310/1310
f 1311/1311 1312/1312 1313/1313
f 1314/1314 1315/1315 1316/1316 1317/1317
f 1318/1318 1319/1319 1320/1320 1321/1321
f 1322/1322 1323/1323 1324/1324
f 1325/1325 1326/1326 1327/1327
f 1328/1328 1329/1329 1330/1330 1331/1331
f 1332/1332 1333/1333 1334/1334 1335/1335
f 1336/1336 1337/1337 1338/1338
f 1339/1339 1340/1340 1341/1341
f 1342/1342 1343/1343 1344/1344 1345/1345
f 1346/1346 1347/1347 1348/1348 1349/1349
f 1350/1350 1351/1351 1352/1352
f 1353/1353 1354/1354 1355/1355
f 1356/1356 1357/1357 1358/1358 1359/1359
f 1360/1360 1361/1361 1362/1362 1363/1363
f 1364/1364 1365/1365 1366/1366
f 1367/1367 1368/1368 1369/1369
f 1370/1370 1371/1371 1372/1372 1373/1373
f 1374/1374 1375/1375 1376/1376 1377/1377
f 1378/1378 1379/1379 1380/1380
f 1381/1381 1382/1382 1383/1383
f 1384/1384 1385/1385 1386/1386 1387/1387
f 1388/1388 1389/1389 1390/1390 1391/1391
f 1392/1392 1393/1393 1394/1394
f 1395/1395 1396/1396 1397/1397
f 1398/1398 1399/1399 1400/1400 1401/1401
f 1402/1402 1403/1403 1404/1404 1405/1405
f 1406/1406 1407/1407 1408/1408
f 1409/1409 1410/1410 1411/1411
f 1412/1412 1413/1413 1414/1414 1415/1415
f 1416/1416 1417/1417 1418/1418 1419/1419
f 1420/1420 1421/1421 1422/1422
f 1423/1423 1424/1424 1425/1425
f 1426/1426 1427/1427 1428/1428 1429/1429
f 1430/1430 1431/1431 1432/1432 1433/1433
f 1434/1434 1435/1435 1436/1436
f 1437/1437 1438/1438 1439/1439
f 1440/1440 1441/1441 1442/1442 1443/1443
f 1444/1444 1445/1445 1446/1446 1447/1447
f 1448/1448 1449/1449 1450/1450
f 1451/1451 1452/1452 1453/1453
f 1454/1454 1455/1455 1456/1456 1457/1457
f 1458/1458 1459/1459 1460/1460 1461/1461
f 1462/1462 1463/1463 1464/1464
f 1465/1465 1466/1466 1467/1467
f 1468/1468 1469/1469 1470/1470 1471/1471
f 1472/1472 1473/1473 1474/1474 1475/1475
f 1476/1476 1477/1477 1478/1478
f 1479/1479 1480/1480 1481/1481
f 1482/1482 1483/1483 1484/1484 1485/1485
f 1486/1486 1487/1487 1488/1488 1489/1489
f 1490/1490 1491/1491 1492/1492
f 1493/1493 1494/1494 1495/1495
f 1496/1496 1497/1497 1498/1498 1499/1499
f 1500/1500 1501/1501 1502/1502 1503/1503
f 1504/1504 1505/1505 1506/1506
f 1507/1507 1508/1508 1509/1509
f 1510/1510 1511/1511 1512/1512 1513/1513
f 1514/1514 1515/1515 1516/1516 1517/1517
f 1518/1518 1519/1519 1520/1520
f 1521/1521 1522/1522 1523/1523
f 1524/1524 1525/1525 1526/1526 1527/1527
f 1528/1528 1529/1529 1530/1530 1531/1531
f 1532/1532 1533/1533 1534/1534
f 1535/1535 1536/1536 1537/1537
f 1538/1538 1539/1539 1540/1540 1541/1541
f 1542/1542 1543/1543 1544/1544 1545/1545
f 1546/1546 1547/1547 1548/1548
f 1549/1549 1550/1550 1551/1551
f 1552/1552 1553/1553 1554/1554 1555/1555
f 1556/1556 1557/1557 1558/1558 1559/1559
f 1560/1560 1561/1561 1562/1562
f 1563/1563 1564/1564 1565/1565
f 1566/1566 1567/1567 1568/1568 1569/1569
f 1570/1570 1571/1571 1572/1572 1573/1573
f 1574/1574 1575/1575 1576/1576
f 1577/1577 1578/1578 1579/1579
f 1580/1580 1581/1581 1582/1582 1583/1583
f 1584/1584 1585/1585 1586/1586 1587/1587
f 1588/1588 1589/1589 1590/1590
f 1591/1591 1592/1592 1593/1593
f 1594/1594 1595/1595 1596/1596 1597/1597
f 1598/1598 1599/1599 1600/1600 1601/1601
f 1602/1602 1603/1603 1604/1604
f 1605/1605 1606/1606 1607/1607
f 1608/1608 1609/1609 1610/1610 1611/1611
f 1612/1612 1613/1613 1614/1614 1615/1615
f 1616/1616 1617/1617 1618/1618
f 1619/1619 1620/1620 1621/1621
f 1622/1622 1623/1623 1624/1624 1625/1625
f 1626/1626 1627/1627 1628/1628 1629/1629
f 1630/1630 1631/1631 1632/1632
f 1633/1633 1634/1634 1635/1635
f 1636/1636 1637/1637 1638/1638 1639/1639
f 1640/1640 1641/1641 1642/1642 1643/1643
f 1644/1644 1645/1645 1646/1646
f 1647/1647 1648/1648 1649/1649
f 1650/1650 1651/1651 1652/1652 1653/1653
f 1654/1654 1655/1655 1656/1656 1657/1657
f 1658/1658 1659/1659 1660/1660
f 1661/1661 1662/1662 1663/1663
f 1664/1664 1665/1665 1666/1666 1667/1667
f 1668/1668 1669/1669 1670/1670 1671/1671
f 1672/1672 1673/1673 1674/1674
f 1675/1675 1676/1676 1677/1677
f 1678/1678 1679/1679 1680/1680 1681/1681
f 1682/1682 1683/1683 1684/1684 1685/1685
f 1686/1686 1687/1687 1688/1688
f 1689/1689 1690/1690 1691/1691
f 1692/1692 1693/1693 1694/1694 1695/1695
f 1696/1696 1697/1697 1698/1698 1699/1699
f 1700/1700 1701/1701 1702/1702
f 1703/1703 1704/1704 1705/1705
f 1706/1706 1707/1707 1708/1708 1709/1709
f 1710/1710 1711/1711 1712/1712 1713/1713
f 1714/1714 1715/1715 1716/1716
f 1717/1717 1718/1718 1719/1719
f 1720/1720 1721/1721 1722/1722 1723/1723
f 1724/1724 1725/1725 1726/1726 1727/1727
f 1728/1728 1729/1729 1730/1730
f 1731/1731 1732/1732 1733/1733
f 1734/1734 1735/1735 1736/1736 1737/1737
f 1738/1738 1739/1739 1740/1740 1741/1741
f 1742/1742 1743/1743 1744/1744
f 1745/1745 1746/1746 1747/1747
f 1748/1748 1749/1749 1750/1750 1751/1751
f 1752/1752 1753/1753 1754/1754 1755/1755
f 1756/1756 1757/1757 1758/1758
f 1759/1759 1760/1760 1761/1761
f 1762/1762 1763/1763 1764/1764 1765/1765
f 1766/1766 1767/1767 1768/1768 1769/1769
f 1770/1770 1771/1771 1772/1772
f 1773/1773 1774/1774 1775/1775
f 1776/1776 1777/1777 1778/1778 1779/1779
f 1780/1780 1781/1781 1782/1782 1783/1783
f 1784/1784 1785/1785 1786/1786
f 1787/1787 1788/1788 1789/1789
f 1790/1790 1791/1791 1792/1792 1793/1793
f 1794/1794 1795/1795 1796/1796 1797/1797
f 1798/1798 1799/1799 1800/1800
f 1801/1801 1802/1802 1803/1803
f 1804/1804 1805/1805 1806/1806 1807/1807
f 1808/1808 1809/1809 1810/1810 1811/1811
f 1812/1812 1813/1813 1814/1814
f 1815/1815 1816/1816 1817/1817
f 1818/1818 1819/1819 1820/1820 1821/1821
f 1822/1822 1823/1823 1824/1824 1825/1825
f 1826/1826 1827/1827 1828/1828
f 1829/1829 1830/1830 1831/1831
f 1832/1832 1833/1833 1834/1834 1835/1835
f 1836/1836 1837/1837 1838/1838 1839/1839
f 1840/1840 1841/1841 1842/1842
