# Modelo original generado para Caelum Argenteum.
# Ejes OBJ: X ancho, Y altura, Z profundidad.
o ca_tree_desert_chanar2
v 3.527864 0.303668 -5.034927
v -0.965546 0.487955 -2.853479
v 5.531936 50.823055 2.301319
v 6.904922 50.766745 1.634765
v 3.527864 0.000000 0.717062
v -0.965546 0.487955 -2.853479
v 3.527864 0.303668 -5.034927
v -0.965546 0.487955 -2.853479
v -2.075327 0.304802 2.016659
v 5.192836 50.767092 3.789417
v 5.531936 50.823055 2.301319
v 3.527864 0.000000 0.717062
v -2.075327 0.304802 2.016659
v -0.965546 0.487955 -2.853479
v -2.075327 0.304802 2.016659
v 1.034209 -0.107873 5.908175
v 6.142972 50.640997 4.978491
v 5.192836 50.767092 3.789417
v 3.527864 0.000000 0.717062
v 1.034209 -0.107873 5.908175
v -2.075327 0.304802 2.016659
v 1.034209 -0.107873 5.908175
v 6.021518 -0.439317 5.890677
v 7.666872 50.539722 4.973144
v 6.142972 50.640997 4.978491
v 3.527864 0.000000 0.717062
v 6.021518 -0.439317 5.890677
v 1.034209 -0.107873 5.908175
v 6.021518 -0.439317 5.890677
v 9.131054 -0.439947 1.977341
v 8.617008 50.539530 3.777403
v 7.666872 50.539722 4.973144
v 3.527864 0.000000 0.717062
v 9.131054 -0.439947 1.977341
v 6.021518 -0.439317 5.890677
v 9.131054 -0.439947 1.977341
v 8.021273 -0.109288 -2.885010
v 8.277908 50.640564 2.291684
v 8.617008 50.539530 3.777403
v 3.527864 0.000000 0.717062
v 8.021273 -0.109288 -2.885010
v 9.131054 -0.439947 1.977341
v 8.021273 -0.109288 -2.885010
v 3.527864 0.303668 -5.034927
v 6.904922 50.766745 1.634765
v 8.277908 50.640564 2.291684
v 3.527864 0.000000 0.717062
v 3.527864 0.303668 -5.034927
v 8.021273 -0.109288 -2.885010
v 6.697877 50.874711 1.656106
v 5.433364 51.035926 2.497278
v 20.043739 109.700091 10.066292
v 18.434358 109.905273 11.136875
v 18.170847 110.160778 8.927151
v 18.434358 109.905273 11.136875
v 20.043739 109.700091 10.066292
v 5.433364 51.035926 2.497278
v 5.276963 50.924572 4.012433
v 20.242794 109.841815 8.137913
v 20.043739 109.700091 10.066292
v 18.170847 110.160778 8.927151
v 20.043739 109.700091 10.066292
v 20.242794 109.841815 8.137913
v 5.276963 50.924572 4.012433
v 6.346449 50.624500 5.060629
v 18.881631 110.223725 6.803846
v 20.242794 109.841815 8.137913
v 18.170847 110.160778 8.927151
v 20.242794 109.841815 8.137913
v 18.881631 110.223725 6.803846
v 6.346449 50.624500 5.060629
v 7.836476 50.361671 4.852551
v 16.985233 110.558234 7.068671
v 18.881631 110.223725 6.803846
v 18.170847 110.160778 8.927151
v 18.881631 110.223725 6.803846
v 16.985233 110.558234 7.068671
v 7.836476 50.361671 4.852551
v 8.625024 50.334000 3.544888
v 15.981627 110.593451 8.732970
v 16.985233 110.558234 7.068671
v 18.170847 110.160778 8.927151
v 16.985233 110.558234 7.068671
v 15.981627 110.593451 8.732970
v 8.625024 50.334000 3.544888
v 8.118300 50.562325 2.122336
v 16.626548 110.302856 10.543491
v 15.981627 110.593451 8.732970
v 18.170847 110.160778 8.927151
v 15.981627 110.593451 8.732970
v 16.626548 110.302856 10.543491
v 8.118300 50.562325 2.122336
v 6.697877 50.874711 1.656106
v 18.434358 109.905273 11.136875
v 16.626548 110.302856 10.543491
v 18.170847 110.160778 8.927151
v 16.626548 110.302856 10.543491
v 18.434358 109.905273 11.136875
v 6.904922 50.547619 1.957870
v 5.726616 51.017618 2.639262
v 18.117589 84.204908 0.186096
v 18.529996 84.040408 -0.052391
v 6.904922 50.673958 3.392317
v 5.726616 51.017618 2.639262
v 6.904922 50.547619 1.957870
v 5.726616 51.017618 2.639262
v 5.726616 51.143957 4.073709
v 18.117589 84.249127 0.688152
v 18.117589 84.204908 0.186096
v 6.904922 50.673958 3.392317
v 5.726616 51.143957 4.073709
v 5.726616 51.017618 2.639262
v 5.726616 51.143957 4.073709
v 6.904922 50.800297 4.826764
v 18.529996 84.128846 0.951722
v 18.117589 84.249127 0.688152
v 6.904922 50.673958 3.392317
v 6.904922 50.800297 4.826764
v 5.726616 51.143957 4.073709
v 6.904922 50.800297 4.826764
v 8.083228 50.330298 4.145373
v 18.942403 83.964346 0.713235
v 18.529996 84.128846 0.951722
v 6.904922 50.673958 3.392317
v 8.083228 50.330298 4.145373
v 6.904922 50.800297 4.826764
v 8.083228 50.330298 4.145373
v 8.083228 50.203958 2.710926
v 18.942403 83.920127 0.211178
v 18.942403 83.964346 0.713235
v 6.904922 50.673958 3.392317
v 8.083228 50.203958 2.710926
v 8.083228 50.330298 4.145373
v 8.083228 50.203958 2.710926
v 6.904922 50.547619 1.957870
v 18.529996 84.040408 -0.052391
v 18.942403 83.920127 0.211178
v 6.904922 50.673958 3.392317
v 6.904922 50.547619 1.957870
v 8.083228 50.203958 2.710926
v 18.472898 84.066377 -0.050757
v 18.091356 84.219065 0.241010
v 32.075214 122.428659 -2.276667
v 31.748178 122.559534 -2.026581
v 31.699236 122.543892 -2.455515
v 31.748178 122.559534 -2.026581
v 32.075214 122.428659 -2.276667
v 18.091356 84.219065 0.241010
v 18.148454 84.237315 0.741432
v 32.026273 122.413016 -2.705601
v 32.075214 122.428659 -2.276667
v 31.699236 122.543892 -2.455515
v 32.075214 122.428659 -2.276667
v 32.026273 122.413016 -2.705601
v 18.148454 84.237315 0.741432
v 18.587094 84.102877 0.950088
v 31.650295 122.528249 -2.884449
v 32.026273 122.413016 -2.705601
v 31.699236 122.543892 -2.455515
v 32.026273 122.413016 -2.705601
v 31.650295 122.528249 -2.884449
v 18.587094 84.102877 0.950088
v 18.968636 83.950189 0.658321
v 31.323259 122.659124 -2.634362
v 31.650295 122.528249 -2.884449
v 31.699236 122.543892 -2.455515
v 31.650295 122.528249 -2.884449
v 31.323259 122.659124 -2.634362
v 18.968636 83.950189 0.658321
v 18.911538 83.931939 0.157898
v 31.372200 122.674767 -2.205429
v 31.323259 122.659124 -2.634362
v 31.699236 122.543892 -2.455515
v 31.323259 122.659124 -2.634362
v 31.372200 122.674767 -2.205429
v 18.911538 83.931939 0.157898
v 18.472898 84.066377 -0.050757
v 31.748178 122.559534 -2.026581
v 31.372200 122.674767 -2.205429
v 31.699236 122.543892 -2.455515
v 31.372200 122.674767 -2.205429
v 31.748178 122.559534 -2.026581
v 6.904922 51.115185 2.021581
v 5.701782 51.206896 2.807483
v 15.460696 82.194694 13.273816
v 15.881795 82.162596 12.998750
v 6.904922 50.673958 3.392317
v 5.701782 51.206896 2.807483
v 6.904922 51.115185 2.021581
v 5.701782 51.206896 2.807483
v 5.701782 50.765668 4.178220
v 15.460696 82.040265 13.753573
v 15.460696 82.194694 13.273816
v 6.904922 50.673958 3.392317
v 5.701782 50.765668 4.178220
v 5.701782 51.206896 2.807483
v 5.701782 50.765668 4.178220
v 6.904922 50.232731 4.763054
v 15.881795 81.853736 13.958265
v 15.460696 82.040265 13.753573
v 6.904922 50.673958 3.392317
v 6.904922 50.232731 4.763054
v 5.701782 50.765668 4.178220
v 6.904922 50.232731 4.763054
v 8.108062 50.141020 3.977151
v 16.302894 81.821638 13.683199
v 15.881795 81.853736 13.958265
v 6.904922 50.673958 3.392317
v 8.108062 50.141020 3.977151
v 6.904922 50.232731 4.763054
v 8.108062 50.141020 3.977151
v 8.108062 50.582247 2.606415
v 16.302894 81.976067 13.203442
v 16.302894 81.821638 13.683199
v 6.904922 50.673958 3.392317
v 8.108062 50.582247 2.606415
v 8.108062 50.141020 3.977151
v 8.108062 50.582247 2.606415
v 6.904922 51.115185 2.021581
v 15.881795 82.162596 12.998750
v 16.302894 81.976067 13.203442
v 6.904922 50.673958 3.392317
v 6.904922 51.115185 2.021581
v 8.108062 50.582247 2.606415
v 15.823618 82.173095 13.005824
v 15.434865 82.184591 13.326378
v 26.565234 117.616159 24.818303
v 26.232018 117.626013 25.093064
v 26.182151 117.767381 24.687906
v 26.232018 117.626013 25.093064
v 26.565234 117.616159 24.818303
v 15.434865 82.184591 13.326378
v 15.493042 82.019662 13.799062
v 26.515368 117.757527 24.413146
v 26.565234 117.616159 24.818303
v 26.182151 117.767381 24.687906
v 26.565234 117.616159 24.818303
v 26.515368 117.757527 24.413146
v 15.493042 82.019662 13.799062
v 15.939972 81.843237 13.951191
v 26.132285 117.908749 24.282749
v 26.515368 117.757527 24.413146
v 26.182151 117.767381 24.687906
v 26.515368 117.757527 24.413146
v 26.132285 117.908749 24.282749
v 15.939972 81.843237 13.951191
v 16.328726 81.831741 13.630637
v 25.799068 117.918602 24.557510
v 26.132285 117.908749 24.282749
v 26.182151 117.767381 24.687906
v 26.132285 117.908749 24.282749
v 25.799068 117.918602 24.557510
v 16.328726 81.831741 13.630637
v 16.270548 81.996670 13.157953
v 25.848934 117.777234 24.962667
v 25.799068 117.918602 24.557510
v 26.182151 117.767381 24.687906
v 25.799068 117.918602 24.557510
v 25.848934 117.777234 24.962667
v 16.270548 81.996670 13.157953
v 15.823618 82.173095 13.005824
v 26.232018 117.626013 25.093064
v 25.848934 117.777234 24.962667
v 26.182151 117.767381 24.687906
v 25.848934 117.777234 24.962667
v 26.232018 117.626013 25.093064
v -1.742661 0.419202 -2.594625
v -6.229636 -0.121299 -0.459601
v -7.097236 46.424886 5.437539
v -5.726216 46.590039 4.785171
v -1.742661 0.000000 3.150100
v -6.229636 -0.121299 -0.459601
v -1.742661 0.419202 -2.594625
v -6.229636 -0.121299 -0.459601
v -7.337827 -0.570459 4.393602
v -7.435850 46.287643 6.920463
v -7.097236 46.424886 5.437539
v -1.742661 0.000000 3.150100
v -7.337827 -0.570459 4.393602
v -6.229636 -0.121299 -0.459601
v -7.337827 -0.570459 4.393602
v -4.232744 -0.590052 8.310422
v -6.487075 46.281656 8.117269
v -7.435850 46.287643 6.920463
v -1.742661 0.000000 3.150100
v -4.232744 -0.590052 8.310422
v -7.337827 -0.570459 4.393602
v -4.232744 -0.590052 8.310422
v 0.747422 -0.165324 8.341416
v -4.965357 46.411434 8.126739
v -6.487075 46.281656 8.117269
v -1.742661 0.000000 3.150100
v 0.747422 -0.165324 8.341416
v -4.232744 -0.590052 8.310422
v 0.747422 -0.165324 8.341416
v 3.852505 0.383896 4.463242
v -4.016582 46.579251 6.941742
v -4.965357 46.411434 8.126739
v -1.742661 0.000000 3.150100
v 3.852505 0.383896 4.463242
v 0.747422 -0.165324 8.341416
v 3.852505 0.383896 4.463242
v 2.744313 0.644035 -0.403754
v -4.355196 46.658738 5.454604
v -4.016582 46.579251 6.941742
v -1.742661 0.000000 3.150100
v 2.744313 0.644035 -0.403754
v 3.852505 0.383896 4.463242
v 2.744313 0.644035 -0.403754
v -1.742661 0.419202 -2.594625
v -5.726216 46.590039 4.785171
v -4.355196 46.658738 5.454604
v -1.742661 0.000000 3.150100
v -1.742661 0.419202 -2.594625
v 2.744313 0.644035 -0.403754
v -5.933994 46.763182 4.818967
v -7.202988 46.395872 5.585319
v -13.189462 101.088337 18.427542
v -14.804545 100.620852 19.402898
v -15.068990 101.004238 17.211852
v -14.804545 100.620852 19.402898
v -13.189462 101.088337 18.427542
v -7.202988 46.395872 5.585319
v -7.359942 46.078320 7.070944
v -12.989702 101.492494 16.536747
v -13.189462 101.088337 18.427542
v -15.068990 101.004238 17.211852
v -13.189462 101.088337 18.427542
v -12.989702 101.492494 16.536747
v -7.359942 46.078320 7.070944
v -6.286668 46.049649 8.157137
v -14.355688 101.528984 15.154319
v -12.989702 101.492494 16.536747
v -15.068990 101.004238 17.211852
v -12.989702 101.492494 16.536747
v -14.355688 101.528984 15.154319
v -6.286668 46.049649 8.157137
v -4.791361 46.331449 8.025972
v -16.258805 101.170330 15.321256
v -14.355688 101.528984 15.154319
v -15.068990 101.004238 17.211852
v -14.355688 101.528984 15.154319
v -16.258805 101.170330 15.321256
v -4.791361 46.331449 8.025972
v -4.000020 46.711518 6.776220
v -17.265967 100.686605 16.911850
v -16.258805 101.170330 15.321256
v -15.068990 101.004238 17.211852
v -16.258805 101.170330 15.321256
v -17.265967 100.686605 16.911850
v -4.000020 46.711518 6.776220
v -4.508539 46.903658 5.348968
v -16.618760 100.442064 18.728352
v -17.265967 100.686605 16.911850
v -15.068990 101.004238 17.211852
v -17.265967 100.686605 16.911850
v -16.618760 100.442064 18.728352
v -4.508539 46.903658 5.348968
v -5.933994 46.763182 4.818967
v -14.804545 100.620852 19.402898
v -16.618760 100.442064 18.728352
v -15.068990 101.004238 17.211852
v -16.618760 100.442064 18.728352
v -14.804545 100.620852 19.402898
v -5.726216 47.021290 5.213576
v -6.972718 46.706747 5.862340
v -7.154712 76.662960 18.997681
v -6.718436 76.773050 18.770613
v -5.726216 46.461949 6.540504
v -6.972718 46.706747 5.862340
v -5.726216 47.021290 5.213576
v -6.972718 46.706747 5.862340
v -6.972718 46.147407 7.189268
v -7.154712 76.467190 19.462105
v -7.154712 76.662960 18.997681
v -5.726216 46.461949 6.540504
v -6.972718 46.147407 7.189268
v -6.972718 46.706747 5.862340
v -6.972718 46.147407 7.189268
v -5.726216 45.902609 7.867432
v -6.718436 76.381511 19.699463
v -7.154712 76.467190 19.462105
v -5.726216 46.461949 6.540504
v -5.726216 45.902609 7.867432
v -6.972718 46.147407 7.189268
v -5.726216 45.902609 7.867432
v -4.479714 46.217152 7.218668
v -6.282160 76.491601 19.472395
v -6.718436 76.381511 19.699463
v -5.726216 46.461949 6.540504
v -4.479714 46.217152 7.218668
v -5.726216 45.902609 7.867432
v -4.479714 46.217152 7.218668
v -4.479714 46.776492 5.891740
v -6.282160 76.687370 19.007970
v -6.282160 76.491601 19.472395
v -5.726216 46.461949 6.540504
v -4.479714 46.776492 5.891740
v -4.479714 46.217152 7.218668
v -4.479714 46.776492 5.891740
v -5.726216 47.021290 5.213576
v -6.718436 76.773050 18.770613
v -6.282160 76.687370 19.007970
v -5.726216 46.461949 6.540504
v -5.726216 47.021290 5.213576
v -4.479714 46.776492 5.891740
v -6.778719 76.766992 18.772013
v -7.181540 76.635427 19.044854
v -7.873579 110.929790 33.695507
v -8.218855 110.817020 33.929370
v -8.270526 110.979630 33.532492
v -8.218855 110.817020 33.929370
v -7.873579 110.929790 33.695507
v -7.181540 76.635427 19.044854
v -7.121257 76.445716 19.507878
v -7.925250 111.092400 33.298629
v -7.873579 110.929790 33.695507
v -8.270526 110.979630 33.532492
v -7.873579 110.929790 33.695507
v -7.925250 111.092400 33.298629
v -7.121257 76.445716 19.507878
v -6.658153 76.387569 19.698062
v -8.322196 111.142239 33.135614
v -7.925250 111.092400 33.298629
v -8.270526 110.979630 33.532492
v -7.925250 111.092400 33.298629
v -8.322196 111.142239 33.135614
v -6.658153 76.387569 19.698062
v -6.255332 76.519134 19.425222
v -8.667472 111.029470 33.369477
v -8.322196 111.142239 33.135614
v -8.270526 110.979630 33.532492
v -8.322196 111.142239 33.135614
v -8.667472 111.029470 33.369477
v -6.255332 76.519134 19.425222
v -6.315615 76.708845 18.962197
v -8.615801 110.866860 33.766355
v -8.667472 111.029470 33.369477
v -8.270526 110.979630 33.532492
v -8.667472 111.029470 33.369477
v -8.615801 110.866860 33.766355
v -6.315615 76.708845 18.962197
v -6.778719 76.766992 18.772013
v -8.218855 110.817020 33.929370
v -8.615801 110.866860 33.766355
v -8.270526 110.979630 33.532492
v -8.615801 110.866860 33.766355
v -8.218855 110.817020 33.929370
v -5.726216 46.781120 5.136321
v -6.864668 46.125151 5.725584
v -18.750609 73.878972 12.513950
v -18.352151 74.108561 12.307707
v -5.726216 46.461949 6.540504
v -6.864668 46.125151 5.725584
v -5.726216 46.781120 5.136321
v -6.864668 46.125151 5.725584
v -6.864668 45.805981 7.129768
v -18.750609 73.767263 13.005414
v -18.750609 73.878972 12.513950
v -5.726216 46.461949 6.540504
v -6.864668 45.805981 7.129768
v -6.864668 46.125151 5.725584
v -6.864668 45.805981 7.129768
v -5.726216 46.142779 7.944687
v -18.352151 73.885142 13.290636
v -18.750609 73.767263 13.005414
v -5.726216 46.461949 6.540504
v -5.726216 46.142779 7.944687
v -6.864668 45.805981 7.129768
v -5.726216 46.142779 7.944687
v -4.587764 46.798748 7.355423
v -17.953693 74.114731 13.084393
v -18.352151 73.885142 13.290636
v -5.726216 46.461949 6.540504
v -4.587764 46.798748 7.355423
v -5.726216 46.142779 7.944687
v -4.587764 46.798748 7.355423
v -4.587764 47.117918 5.951240
v -17.953693 74.226441 12.592929
v -17.953693 74.114731 13.084393
v -5.726216 46.461949 6.540504
v -4.587764 47.117918 5.951240
v -4.587764 46.798748 7.355423
v -4.587764 47.117918 5.951240
v -5.726216 46.781120 5.136321
v -18.352151 74.108561 12.307707
v -17.953693 74.226441 12.592929
v -5.726216 46.461949 6.540504
v -5.726216 46.781120 5.136321
v -4.587764 47.117918 5.951240
v -18.407304 74.087890 12.306540
v -18.775852 73.859377 12.563387
v -32.144259 105.178033 20.326538
v -32.460157 104.982165 20.546693
v -32.507432 105.060197 20.124437
v -32.460157 104.982165 20.546693
v -32.144259 105.178033 20.326538
v -18.775852 73.859377 12.563387
v -18.720698 73.768339 13.056019
v -32.191534 105.256065 19.904282
v -32.144259 105.178033 20.326538
v -32.507432 105.060197 20.124437
v -32.144259 105.178033 20.326538
v -32.191534 105.256065 19.904282
v -18.720698 73.768339 13.056019
v -18.296997 73.905814 13.291803
v -32.554706 105.138230 19.702181
v -32.191534 105.256065 19.904282
v -32.507432 105.060197 20.124437
v -32.191534 105.256065 19.904282
v -32.554706 105.138230 19.702181
v -18.296997 73.905814 13.291803
v -17.928450 74.134326 13.034956
v -32.870604 104.942362 19.922336
v -32.554706 105.138230 19.702181
v -32.507432 105.060197 20.124437
v -32.554706 105.138230 19.702181
v -32.870604 104.942362 19.922336
v -17.928450 74.134326 13.034956
v -17.983603 74.225364 12.542324
v -32.823329 104.864329 20.344592
v -32.870604 104.942362 19.922336
v -32.507432 105.060197 20.124437
v -32.870604 104.942362 19.922336
v -32.823329 104.864329 20.344592
v -17.983603 74.225364 12.542324
v -18.407304 74.087890 12.306540
v -32.460157 104.982165 20.546693
v -32.823329 104.864329 20.344592
v -32.507432 105.060197 20.124437
v -32.823329 104.864329 20.344592
v -32.460157 104.982165 20.546693
v -1.149219 -0.114050 -9.170512
v -5.645378 -0.325432 -6.997202
v -5.690394 55.874004 -5.615743
v -4.316567 55.938593 -6.279810
v -1.149219 0.000000 -3.411641
v -5.645378 -0.325432 -6.997202
v -1.149219 -0.114050 -9.170512
v -5.645378 -0.325432 -6.997202
v -6.755838 -0.291757 -2.123891
v -6.029701 55.884294 -4.126676
v -5.690394 55.874004 -5.615743
v -1.149219 0.000000 -3.411641
v -6.755838 -0.291757 -2.123891
v -5.645378 -0.325432 -6.997202
v -6.755838 -0.291757 -2.123891
v -3.644399 -0.038383 1.779717
v -5.078984 55.961714 -2.933907
v -6.029701 55.884294 -4.126676
v -1.149219 0.000000 -3.411641
v -3.644399 -0.038383 1.779717
v -6.755838 -0.291757 -2.123891
v -3.644399 -0.038383 1.779717
v 1.345961 0.243894 1.774127
v -3.554151 56.047965 -2.935615
v -5.078984 55.961714 -2.933907
v -1.149219 0.000000 -3.411641
v 1.345961 0.243894 1.774127
v -3.644399 -0.038383 1.779717
v 1.345961 0.243894 1.774127
v 4.457400 0.342514 -2.136453
v -2.603434 56.078099 -4.130515
v -3.554151 56.047965 -2.935615
v -1.149219 0.000000 -3.411641
v 4.457400 0.342514 -2.136453
v 1.345961 0.243894 1.774127
v 4.457400 0.342514 -2.136453
v 3.346940 0.183214 -7.007275
v -2.942741 56.029424 -5.618821
v -2.603434 56.078099 -4.130515
v -1.149219 0.000000 -3.411641
v 3.346940 0.183214 -7.007275
v 4.457400 0.342514 -2.136453
v 3.346940 0.183214 -7.007275
v -1.149219 -0.114050 -9.170512
v -4.316567 55.938593 -6.279810
v -2.942741 56.029424 -5.618821
v -1.149219 0.000000 -3.411641
v -1.149219 -0.114050 -9.170512
v 3.346940 0.183214 -7.007275
v -4.526076 55.756369 -6.254106
v -5.805637 55.712681 -5.421418
v -9.464208 122.013273 -10.748084
v -11.092741 121.957670 -9.688300
v -11.359388 121.681396 -11.895146
v -11.092741 121.957670 -9.688300
v -9.464208 122.013273 -10.748084
v -5.805637 55.712681 -5.421418
v -5.963899 55.865351 -3.910061
v -9.262784 121.818966 -12.671630
v -9.464208 122.013273 -10.748084
v -11.359388 121.681396 -11.895146
v -9.464208 122.013273 -10.748084
v -9.262784 121.818966 -12.671630
v -5.963899 55.865351 -3.910061
v -4.881686 56.099416 -2.858117
v -10.640146 121.521065 -14.010468
v -9.262784 121.818966 -12.671630
v -11.359388 121.681396 -11.895146
v -9.262784 121.818966 -12.671630
v -10.640146 121.521065 -14.010468
v -4.881686 56.099416 -2.858117
v -3.373928 56.238620 -3.057722
v -12.559111 121.343897 -13.756425
v -10.640146 121.521065 -14.010468
v -11.359388 121.681396 -11.895146
v -10.640146 121.521065 -14.010468
v -12.559111 121.343897 -13.756425
v -3.373928 56.238620 -3.057722
v -2.575996 56.178139 -4.358569
v -13.574661 121.420872 -12.100801
v -12.559111 121.343897 -13.756425
v -11.359388 121.681396 -11.895146
v -12.559111 121.343897 -13.756425
v -13.574661 121.420872 -12.100801
v -2.575996 56.178139 -4.358569
v -3.088750 55.963518 -5.781094
v -12.922065 121.694027 -10.290315
v -13.574661 121.420872 -12.100801
v -11.359388 121.681396 -11.895146
v -13.574661 121.420872 -12.100801
v -12.922065 121.694027 -10.290315
v -3.088750 55.963518 -5.781094
v -4.526076 55.756369 -6.254106
v -11.092741 121.957670 -9.688300
v -12.922065 121.694027 -10.290315
v -11.359388 121.681396 -11.895146
v -12.922065 121.694027 -10.290315
v -11.092741 121.957670 -9.688300
v -4.316567 55.710445 -5.935935
v -5.501614 55.460064 -5.157107
v -15.923033 89.365338 -10.979394
v -15.508267 89.452972 -11.251984
v -4.316567 55.973442 -4.520156
v -5.501614 55.460064 -5.157107
v -4.316567 55.710445 -5.935935
v -5.501614 55.460064 -5.157107
v -5.501614 55.723061 -3.741327
v -15.923033 89.457387 -10.483871
v -15.923033 89.365338 -10.979394
v -4.316567 55.973442 -4.520156
v -5.501614 55.723061 -3.741327
v -5.501614 55.460064 -5.157107
v -5.501614 55.723061 -3.741327
v -4.316567 56.236439 -3.104376
v -15.508267 89.637070 -10.260938
v -15.923033 89.457387 -10.483871
v -4.316567 55.973442 -4.520156
v -4.316567 56.236439 -3.104376
v -5.501614 55.723061 -3.741327
v -4.316567 56.236439 -3.104376
v -3.131521 56.486820 -3.883204
v -15.093500 89.724703 -10.533528
v -15.508267 89.637070 -10.260938
v -4.316567 55.973442 -4.520156
v -3.131521 56.486820 -3.883204
v -4.316567 56.236439 -3.104376
v -3.131521 56.486820 -3.883204
v -3.131521 56.223823 -5.298984
v -15.093500 89.632654 -11.029051
v -15.093500 89.724703 -10.533528
v -4.316567 55.973442 -4.520156
v -3.131521 56.223823 -5.298984
v -3.131521 56.486820 -3.883204
v -3.131521 56.223823 -5.298984
v -4.316567 55.710445 -5.935935
v -15.508267 89.452972 -11.251984
v -15.093500 89.632654 -11.029051
v -4.316567 55.973442 -4.520156
v -4.316567 55.710445 -5.935935
v -3.131521 56.223823 -5.298984
v -15.565757 89.435978 -11.245154
v -15.949919 89.370711 -10.925504
v -27.613762 128.242792 -17.744244
v -27.943044 128.186849 -17.470258
v -27.992321 128.093384 -17.889138
v -27.943044 128.186849 -17.470258
v -27.613762 128.242792 -17.744244
v -15.949919 89.370711 -10.925504
v -15.892428 89.479753 -10.436811
v -27.663040 128.149327 -18.163123
v -27.613762 128.242792 -17.744244
v -27.992321 128.093384 -17.889138
v -27.613762 128.242792 -17.744244
v -27.663040 128.149327 -18.163123
v -15.892428 89.479753 -10.436811
v -15.450776 89.654063 -10.267768
v -28.041599 127.999919 -18.308017
v -27.663040 128.149327 -18.163123
v -27.992321 128.093384 -17.889138
v -27.663040 128.149327 -18.163123
v -28.041599 127.999919 -18.308017
v -15.450776 89.654063 -10.267768
v -15.066614 89.719330 -10.587418
v -28.370880 127.943976 -18.034032
v -28.041599 127.999919 -18.308017
v -27.992321 128.093384 -17.889138
v -28.041599 127.999919 -18.308017
v -28.370880 127.943976 -18.034032
v -15.066614 89.719330 -10.587418
v -15.124105 89.610288 -11.076110
v -28.321603 128.037441 -17.615152
v -28.370880 127.943976 -18.034032
v -27.992321 128.093384 -17.889138
v -28.370880 127.943976 -18.034032
v -28.321603 128.037441 -17.615152
v -15.124105 89.610288 -11.076110
v -15.565757 89.435978 -11.245154
v -27.943044 128.186849 -17.470258
v -28.321603 128.037441 -17.615152
v -27.992321 128.093384 -17.889138
v -28.321603 128.037441 -17.615152
v -27.943044 128.186849 -17.470258
v -4.316567 55.562911 -5.900396
v -5.562730 55.813922 -5.223882
v -3.344805 91.154051 -15.246975
v -2.908648 91.066197 -15.483755
v -4.316567 55.973442 -4.520156
v -5.562730 55.813922 -5.223882
v -4.316567 55.562911 -5.900396
v -5.562730 55.813922 -5.223882
v -5.562730 56.224452 -3.843641
v -3.344805 91.297737 -14.763890
v -3.344805 91.154051 -15.246975
v -4.316567 55.973442 -4.520156
v -5.562730 56.224452 -3.843641
v -5.562730 55.813922 -5.223882
v -5.562730 56.224452 -3.843641
v -4.316567 56.383973 -3.139915
v -2.908648 91.353569 -14.517586
v -3.344805 91.297737 -14.763890
v -4.316567 55.973442 -4.520156
v -4.316567 56.383973 -3.139915
v -5.562730 56.224452 -3.843641
v -4.316567 56.383973 -3.139915
v -3.070404 56.132962 -3.816429
v -2.472491 91.265715 -14.754366
v -2.908648 91.353569 -14.517586
v -4.316567 55.973442 -4.520156
v -3.070404 56.132962 -3.816429
v -4.316567 56.383973 -3.139915
v -3.070404 56.132962 -3.816429
v -3.070404 55.722432 -5.196670
v -2.472491 91.122029 -15.237450
v -2.472491 91.265715 -14.754366
v -4.316567 55.973442 -4.520156
v -3.070404 55.722432 -5.196670
v -3.070404 56.132962 -3.816429
v -3.070404 55.722432 -5.196670
v -4.316567 55.562911 -5.900396
v -2.908648 91.066197 -15.483755
v -2.472491 91.122029 -15.237450
v -4.316567 55.973442 -4.520156
v -4.316567 55.562911 -5.900396
v -3.070404 55.722432 -5.196670
v -2.968960 91.073225 -15.482026
v -3.371979 91.167419 -15.194416
v -1.345975 132.050928 -26.565174
v -1.691420 132.131666 -26.318651
v -1.743116 132.014530 -26.731241
v -1.691420 132.131666 -26.318651
v -1.345975 132.050928 -26.565174
v -3.371979 91.167419 -15.194416
v -3.311667 91.304077 -14.713061
v -1.397672 131.933793 -26.977764
v -1.345975 132.050928 -26.565174
v -1.743116 132.014530 -26.731241
v -1.345975 132.050928 -26.565174
v -1.397672 131.933793 -26.977764
v -3.311667 91.304077 -14.713061
v -2.848336 91.346541 -14.519315
v -1.794812 131.897395 -27.143832
v -1.397672 131.933793 -26.977764
v -1.743116 132.014530 -26.731241
v -1.397672 131.933793 -26.977764
v -1.794812 131.897395 -27.143832
v -2.848336 91.346541 -14.519315
v -2.445317 91.252347 -14.806925
v -2.140257 131.978133 -26.897309
v -1.794812 131.897395 -27.143832
v -1.743116 132.014530 -26.731241
v -1.794812 131.897395 -27.143832
v -2.140257 131.978133 -26.897309
v -2.445317 91.252347 -14.806925
v -2.505630 91.115689 -15.288280
v -2.088561 132.095268 -26.484718
v -2.140257 131.978133 -26.897309
v -1.743116 132.014530 -26.731241
v -2.140257 131.978133 -26.897309
v -2.088561 132.095268 -26.484718
v -2.505630 91.115689 -15.288280
v -2.968960 91.073225 -15.482026
v -1.691420 132.131666 -26.318651
v -2.088561 132.095268 -26.484718
v -1.743116 132.014530 -26.731241
v -2.088561 132.095268 -26.484718
v -1.691420 132.131666 -26.318651
v 18.170847 96.798580 8.927151
v 28.556615 100.052858 18.066627
v 31.970943 101.274900 8.927151
v 31.970943 101.274900 8.927151
v 28.556615 100.052858 18.066627
v 35.064059 110.160778 23.793178
v 39.498248 110.160778 8.927151
v 39.498248 110.160778 8.927151
v 35.064059 110.160778 23.793178
v 30.696331 118.856089 19.949577
v 31.014610 120.218867 8.927151
v 18.170847 123.522976 8.927151
v 31.014610 120.218867 8.927151
v 30.696331 118.856089 19.949577
v 18.170847 96.798580 8.927151
v 18.170847 101.813735 21.785998
v 28.556615 100.052858 18.066627
v 28.556615 100.052858 18.066627
v 18.170847 101.813735 21.785998
v 18.170847 110.160778 27.738112
v 35.064059 110.160778 23.793178
v 35.064059 110.160778 23.793178
v 18.170847 110.160778 27.738112
v 18.170847 118.255143 20.495560
v 30.696331 118.856089 19.949577
v 18.170847 123.522976 8.927151
v 30.696331 118.856089 19.949577
v 18.170847 118.255143 20.495560
v 18.170847 96.798580 8.927151
v 5.628484 102.133037 19.964431
v 18.170847 101.813735 21.785998
v 18.170847 101.813735 21.785998
v 5.628484 102.133037 19.964431
v 0.673224 110.160778 24.325060
v 18.170847 110.160778 27.738112
v 18.170847 110.160778 27.738112
v 0.673224 110.160778 24.325060
v 6.108455 119.177066 19.542056
v 18.170847 118.255143 20.495560
v 18.170847 123.522976 8.927151
v 18.170847 118.255143 20.495560
v 6.108455 119.177066 19.542056
v 18.170847 96.798580 8.927151
v 3.002077 99.366565 8.927151
v 5.628484 102.133037 19.964431
v 5.628484 102.133037 19.964431
v 3.002077 99.366565 8.927151
v -0.679103 110.160778 8.927151
v 0.673224 110.160778 24.325060
v 0.673224 110.160778 24.325060
v -0.679103 110.160778 8.927151
v 3.712483 119.927600 8.927151
v 6.108455 119.177066 19.542056
v 18.170847 123.522976 8.927151
v 6.108455 119.177066 19.542056
v 3.712483 119.927600 8.927151
v 18.170847 96.798580 8.927151
v 8.451521 101.482359 0.374144
v 3.002077 99.366565 8.927151
v 3.002077 99.366565 8.927151
v 8.451521 101.482359 0.374144
v 4.508771 110.160778 -3.095476
v -0.679103 110.160778 8.927151
v -0.679103 110.160778 8.927151
v 4.508771 110.160778 -3.095476
v 8.436517 118.673359 0.360941
v 3.712483 119.927600 8.927151
v 18.170847 123.522976 8.927151
v 3.712483 119.927600 8.927151
v 8.436517 118.673359 0.360941
v 18.170847 96.798580 8.927151
v 18.170847 101.532685 -5.155481
v 8.451521 101.482359 0.374144
v 8.451521 101.482359 0.374144
v 18.170847 101.532685 -5.155481
v 18.170847 110.160778 -7.253259
v 4.508771 110.160778 -3.095476
v 4.508771 110.160778 -3.095476
v 18.170847 110.160778 -7.253259
v 18.170847 119.784519 -4.666844
v 8.436517 118.673359 0.360941
v 18.170847 123.522976 8.927151
v 8.436517 118.673359 0.360941
v 18.170847 119.784519 -4.666844
v 18.170847 96.798580 8.927151
v 28.879243 100.558424 -0.496237
v 18.170847 101.532685 -5.155481
v 18.170847 101.532685 -5.155481
v 28.879243 100.558424 -0.496237
v 32.960069 110.160778 -4.087364
v 18.170847 110.160778 -7.253259
v 18.170847 110.160778 -7.253259
v 32.960069 110.160778 -4.087364
v 27.095741 118.209462 1.073245
v 18.170847 119.784519 -4.666844
v 18.170847 123.522976 8.927151
v 18.170847 119.784519 -4.666844
v 27.095741 118.209462 1.073245
v 18.170847 96.798580 8.927151
v 31.970943 101.274900 8.927151
v 28.879243 100.558424 -0.496237
v 28.879243 100.558424 -0.496237
v 31.970943 101.274900 8.927151
v 39.498248 110.160778 8.927151
v 32.960069 110.160778 -4.087364
v 32.960069 110.160778 -4.087364
v 39.498248 110.160778 8.927151
v 31.014610 120.218867 8.927151
v 27.095741 118.209462 1.073245
v 18.170847 123.522976 8.927151
v 27.095741 118.209462 1.073245
v 31.014610 120.218867 8.927151
v 31.699236 111.795018 -2.455515
v 41.727947 114.026711 6.369750
v 42.754098 115.506044 -2.455515
v 42.754098 115.506044 -2.455515
v 41.727947 114.026711 6.369750
v 42.486283 122.543892 7.037086
v 51.013883 122.543892 -2.455515
v 51.013883 122.543892 -2.455515
v 42.486283 122.543892 7.037086
v 39.428214 129.608162 4.345986
v 44.268369 129.641280 -2.455515
v 31.699236 133.292765 -2.455515
v 44.268369 129.641280 -2.455515
v 39.428214 129.608162 4.345986
v 31.699236 111.795018 -2.455515
v 31.699236 115.247117 8.140034
v 41.727947 114.026711 6.369750
v 41.727947 114.026711 6.369750
v 31.699236 115.247117 8.140034
v 31.699236 122.543892 13.113789
v 42.486283 122.543892 7.037086
v 42.486283 122.543892 7.037086
v 31.699236 122.543892 13.113789
v 31.699236 129.002751 9.701342
v 39.428214 129.608162 4.345986
v 31.699236 133.292765 -2.455515
v 39.428214 129.608162 4.345986
v 31.699236 129.002751 9.701342
v 31.699236 111.795018 -2.455515
v 22.316323 116.117686 5.801449
v 31.699236 115.247117 8.140034
v 31.699236 115.247117 8.140034
v 22.316323 116.117686 5.801449
v 21.006483 122.543892 6.954108
v 31.699236 122.543892 13.113789
v 31.699236 122.543892 13.113789
v 21.006483 122.543892 6.954108
v 22.142091 129.777959 5.954773
v 31.699236 129.002751 9.701342
v 31.699236 133.292765 -2.455515
v 31.699236 129.002751 9.701342
v 22.142091 129.777959 5.954773
v 31.699236 111.795018 -2.455515
v 20.077464 114.307855 -2.455515
v 22.316323 116.117686 5.801449
v 22.316323 116.117686 5.801449
v 20.077464 114.307855 -2.455515
v 14.609691 122.543892 -2.455515
v 21.006483 122.543892 6.954108
v 21.006483 122.543892 6.954108
v 14.609691 122.543892 -2.455515
v 20.203309 131.242481 -2.455515
v 22.142091 129.777959 5.954773
v 31.699236 133.292765 -2.455515
v 22.142091 129.777959 5.954773
v 20.203309 131.242481 -2.455515
v 31.699236 111.795018 -2.455515
v 21.478414 115.792505 -11.449839
v 20.077464 114.307855 -2.455515
v 20.077464 114.307855 -2.455515
v 21.478414 115.792505 -11.449839
v 20.133615 122.543892 -12.633262
v 14.609691 122.543892 -2.455515
v 14.609691 122.543892 -2.455515
v 20.133615 122.543892 -12.633262
v 21.571233 131.446749 -11.368158
v 20.203309 131.242481 -2.455515
v 31.699236 133.292765 -2.455515
v 20.203309 131.242481 -2.455515
v 21.571233 131.446749 -11.368158
v 31.699236 111.795018 -2.455515
v 31.699236 114.961566 -12.940757
v 21.478414 115.792505 -11.449839
v 21.478414 115.792505 -11.449839
v 31.699236 114.961566 -12.940757
v 31.699236 122.543892 -20.194830
v 20.133615 122.543892 -12.633262
v 20.133615 122.543892 -12.633262
v 31.699236 122.543892 -20.194830
v 31.699236 129.810283 -14.334152
v 21.571233 131.446749 -11.368158
v 31.699236 133.292765 -2.455515
v 21.571233 131.446749 -11.368158
v 31.699236 129.810283 -14.334152
v 31.699236 111.795018 -2.455515
v 40.906073 114.480720 -10.557531
v 31.699236 114.961566 -12.940757
v 31.699236 114.961566 -12.940757
v 40.906073 114.480720 -10.557531
v 42.411078 122.543892 -11.881935
v 31.699236 122.543892 -20.194830
v 31.699236 122.543892 -20.194830
v 42.411078 122.543892 -11.881935
v 41.052738 129.501878 -10.686597
v 31.699236 129.810283 -14.334152
v 31.699236 133.292765 -2.455515
v 31.699236 129.810283 -14.334152
v 41.052738 129.501878 -10.686597
v 31.699236 111.795018 -2.455515
v 42.754098 115.506044 -2.455515
v 40.906073 114.480720 -10.557531
v 40.906073 114.480720 -10.557531
v 42.754098 115.506044 -2.455515
v 51.013883 122.543892 -2.455515
v 42.411078 122.543892 -11.881935
v 42.411078 122.543892 -11.881935
v 51.013883 122.543892 -2.455515
v 44.268369 129.641280 -2.455515
v 41.052738 129.501878 -10.686597
v 31.699236 133.292765 -2.455515
v 41.052738 129.501878 -10.686597
v 44.268369 129.641280 -2.455515
v 26.182151 107.221849 24.687906
v 35.225158 110.426531 32.645752
v 39.947181 109.416902 24.687906
v 39.947181 109.416902 24.687906
v 35.225158 110.426531 32.645752
v 37.045165 117.767381 34.247359
v 43.007136 117.767381 24.687906
v 43.007136 117.767381 24.687906
v 37.045165 117.767381 34.247359
v 35.392479 125.328099 32.792995
v 39.655689 125.398575 24.687906
v 26.182151 128.312913 24.687906
v 39.655689 125.398575 24.687906
v 35.392479 125.328099 32.792995
v 26.182151 107.221849 24.687906
v 26.182151 109.873445 35.203320
v 35.225158 110.426531 32.645752
v 35.225158 110.426531 32.645752
v 26.182151 109.873445 35.203320
v 26.182151 117.767381 40.768739
v 37.045165 117.767381 34.247359
v 37.045165 117.767381 34.247359
v 26.182151 117.767381 40.768739
v 26.182151 126.231049 35.754777
v 35.392479 125.328099 32.792995
v 26.182151 128.312913 24.687906
v 35.392479 125.328099 32.792995
v 26.182151 126.231049 35.754777
v 26.182151 107.221849 24.687906
v 17.285140 111.533236 32.517276
v 26.182151 109.873445 35.203320
v 26.182151 109.873445 35.203320
v 17.285140 111.533236 32.517276
v 13.009148 117.767381 36.280149
v 26.182151 117.767381 40.768739
v 26.182151 117.767381 40.768739
v 13.009148 117.767381 36.280149
v 17.645251 124.464305 32.200379
v 26.182151 126.231049 35.754777
v 26.182151 128.312913 24.687906
v 26.182151 126.231049 35.754777
v 17.645251 124.464305 32.200379
v 26.182151 107.221849 24.687906
v 12.727111 111.486153 24.687906
v 17.285140 111.533236 32.517276
v 17.285140 111.533236 32.517276
v 12.727111 111.486153 24.687906
v 8.461266 117.767381 24.687906
v 13.009148 117.767381 36.280149
v 13.009148 117.767381 36.280149
v 8.461266 117.767381 24.687906
v 14.325510 124.081281 24.687906
v 17.645251 124.464305 32.200379
v 26.182151 128.312913 24.687906
v 17.645251 124.464305 32.200379
v 14.325510 124.081281 24.687906
v 26.182151 107.221849 24.687906
v 17.909648 110.998296 17.408103
v 12.727111 111.486153 24.687906
v 12.727111 111.486153 24.687906
v 17.909648 110.998296 17.408103
v 12.939470 117.767381 13.034347
v 8.461266 117.767381 24.687906
v 8.461266 117.767381 24.687906
v 12.939470 117.767381 13.034347
v 18.282034 125.805873 17.735803
v 14.325510 124.081281 24.687906
v 26.182151 128.312913 24.687906
v 14.325510 124.081281 24.687906
v 18.282034 125.805873 17.735803
v 26.182151 107.221849 24.687906
v 26.182151 110.864797 13.524065
v 17.909648 110.998296 17.408103
v 17.909648 110.998296 17.408103
v 26.182151 110.864797 13.524065
v 26.182151 117.767381 8.254623
v 12.939470 117.767381 13.034347
v 12.939470 117.767381 13.034347
v 26.182151 117.767381 8.254623
v 26.182151 124.349785 15.403245
v 18.282034 125.805873 17.735803
v 26.182151 128.312913 24.687906
v 18.282034 125.805873 17.735803
v 26.182151 124.349785 15.403245
v 26.182151 107.221849 24.687906
v 36.174526 110.520050 15.894616
v 26.182151 110.864797 13.524065
v 26.182151 110.864797 13.524065
v 36.174526 110.520050 15.894616
v 36.709476 117.767381 15.423861
v 26.182151 117.767381 8.254623
v 26.182151 117.767381 8.254623
v 36.709476 117.767381 15.423861
v 35.817545 126.215895 16.208760
v 26.182151 124.349785 15.403245
v 26.182151 128.312913 24.687906
v 26.182151 124.349785 15.403245
v 35.817545 126.215895 16.208760
v 26.182151 107.221849 24.687906
v 39.947181 109.416902 24.687906
v 36.174526 110.520050 15.894616
v 36.174526 110.520050 15.894616
v 39.947181 109.416902 24.687906
v 43.007136 117.767381 24.687906
v 36.709476 117.767381 15.423861
v 36.709476 117.767381 15.423861
v 43.007136 117.767381 24.687906
v 39.655689 125.398575 24.687906
v 35.817545 126.215895 16.208760
v 26.182151 128.312913 24.687906
v 35.817545 126.215895 16.208760
v 39.655689 125.398575 24.687906
v -15.068990 90.373932 17.211852
v -6.624037 93.819478 24.643411
v -3.971288 93.772696 17.211852
v -3.971288 93.772696 17.211852
v -6.624037 93.819478 24.643411
v -2.635256 101.004238 28.153538
v 3.581338 101.004238 17.211852
v 3.581338 101.004238 17.211852
v -2.635256 101.004238 28.153538
v -6.398265 107.251894 24.842090
v -0.879800 109.452614 17.211852
v -15.068990 111.634544 17.211852
v -0.879800 109.452614 17.211852
v -6.398265 107.251894 24.842090
v -15.068990 90.373932 17.211852
v -15.068990 94.040870 27.134223
v -6.624037 93.819478 24.643411
v -6.624037 93.819478 24.643411
v -15.068990 94.040870 27.134223
v -15.068990 101.004238 32.912816
v -2.635256 101.004238 28.153538
v -2.635256 101.004238 28.153538
v -15.068990 101.004238 32.912816
v -15.068990 108.001973 28.680418
v -6.398265 107.251894 24.842090
v -15.068990 111.634544 17.211852
v -6.398265 107.251894 24.842090
v -15.068990 108.001973 28.680418
v -15.068990 90.373932 17.211852
v -23.215147 94.490122 24.380470
v -15.068990 94.040870 27.134223
v -15.068990 94.040870 27.134223
v -23.215147 94.490122 24.380470
v -27.235656 101.004238 27.918519
v -15.068990 101.004238 32.912816
v -15.068990 101.004238 32.912816
v -27.235656 101.004238 27.918519
v -23.444650 108.589476 24.582433
v -15.068990 108.001973 28.680418
v -15.068990 111.634544 17.211852
v -15.068990 108.001973 28.680418
v -23.444650 108.589476 24.582433
v -15.068990 90.373932 17.211852
v -27.839399 93.749064 17.211852
v -23.215147 94.490122 24.380470
v -23.215147 94.490122 24.380470
v -27.839399 93.749064 17.211852
v -30.459639 101.004238 17.211852
v -27.235656 101.004238 27.918519
v -27.235656 101.004238 27.918519
v -30.459639 101.004238 17.211852
v -26.443890 109.195862 17.211852
v -23.444650 108.589476 24.582433
v -15.068990 111.634544 17.211852
v -23.444650 108.589476 24.582433
v -26.443890 109.195862 17.211852
v -15.068990 90.373932 17.211852
v -25.060405 93.197655 8.419407
v -27.839399 93.749064 17.211852
v -27.839399 93.749064 17.211852
v -25.060405 93.197655 8.419407
v -25.058565 101.004238 8.421026
v -30.459639 101.004238 17.211852
v -30.459639 101.004238 17.211852
v -25.058565 101.004238 8.421026
v -22.916440 108.446756 10.306096
v -26.443890 109.195862 17.211852
v -15.068990 111.634544 17.211852
v -26.443890 109.195862 17.211852
v -22.916440 108.446756 10.306096
v -15.068990 90.373932 17.211852
v -15.068990 92.995600 6.739048
v -25.060405 93.197655 8.419407
v -25.060405 93.197655 8.419407
v -15.068990 92.995600 6.739048
v -15.068990 101.004238 0.006841
v -25.058565 101.004238 8.421026
v -25.058565 101.004238 8.421026
v -15.068990 101.004238 0.006841
v -15.068990 109.324274 7.973380
v -22.916440 108.446756 10.306096
v -15.068990 111.634544 17.211852
v -22.916440 108.446756 10.306096
v -15.068990 109.324274 7.973380
v -15.068990 90.373932 17.211852
v -7.752539 94.193207 10.773375
v -15.068990 92.995600 6.739048
v -15.068990 92.995600 6.739048
v -7.752539 94.193207 10.773375
v -0.991476 101.004238 4.823640
v -15.068990 101.004238 0.006841
v -15.068990 101.004238 0.006841
v -0.991476 101.004238 4.823640
v -6.355613 109.595714 9.544081
v -15.068990 109.324274 7.973380
v -15.068990 111.634544 17.211852
v -15.068990 109.324274 7.973380
v -6.355613 109.595714 9.544081
v -15.068990 90.373932 17.211852
v -3.971288 93.772696 17.211852
v -7.752539 94.193207 10.773375
v -7.752539 94.193207 10.773375
v -3.971288 93.772696 17.211852
v 3.581338 101.004238 17.211852
v -0.991476 101.004238 4.823640
v -0.991476 101.004238 4.823640
v 3.581338 101.004238 17.211852
v -0.879800 109.452614 17.211852
v -6.355613 109.595714 9.544081
v -15.068990 111.634544 17.211852
v -6.355613 109.595714 9.544081
v -0.879800 109.452614 17.211852
v -8.270526 101.111784 33.532492
v 0.598847 103.277343 41.337539
v 4.605662 105.242231 33.532492
v 4.605662 105.242231 33.532492
v 0.598847 103.277343 41.337539
v 3.733167 110.979630 44.095741
v 6.561499 110.979630 33.532492
v 6.561499 110.979630 33.532492
v 3.733167 110.979630 44.095741
v -0.654763 117.297375 40.234363
v 3.281148 118.468752 33.532492
v -8.270526 120.847476 33.532492
v 3.281148 118.468752 33.532492
v -0.654763 117.297375 40.234363
v -8.270526 101.111784 33.532492
v -8.270526 103.622066 43.152100
v 0.598847 103.277343 41.337539
v 0.598847 103.277343 41.337539
v -8.270526 103.622066 43.152100
v -8.270526 110.979630 47.754234
v 3.733167 110.979630 44.095741
v 3.733167 110.979630 44.095741
v -8.270526 110.979630 47.754234
v -8.270526 117.590426 42.771305
v -0.654763 117.297375 40.234363
v -8.270526 120.847476 33.532492
v -0.654763 117.297375 40.234363
v -8.270526 117.590426 42.771305
v -8.270526 101.111784 33.532492
v -15.583524 103.056969 39.967931
v -8.270526 103.622066 43.152100
v -8.270526 103.622066 43.152100
v -15.583524 103.056969 39.967931
v -18.480677 110.979630 42.517426
v -8.270526 110.979630 47.754234
v -8.270526 110.979630 47.754234
v -18.480677 110.979630 42.517426
v -16.041033 119.070516 40.370539
v -8.270526 117.590426 42.771305
v -8.270526 120.847476 33.532492
v -8.270526 117.590426 42.771305
v -16.041033 119.070516 40.370539
v -8.270526 101.111784 33.532492
v -18.379678 103.153712 33.532492
v -15.583524 103.056969 39.967931
v -15.583524 103.056969 39.967931
v -18.379678 103.153712 33.532492
v -25.034991 110.979630 33.532492
v -18.480677 110.979630 42.517426
v -18.480677 110.979630 42.517426
v -25.034991 110.979630 33.532492
v -19.036143 118.006393 33.532492
v -16.041033 119.070516 40.370539
v -8.270526 120.847476 33.532492
v -16.041033 119.070516 40.370539
v -19.036143 118.006393 33.532492
v -8.270526 101.111784 33.532492
v -15.377356 103.644537 27.278481
v -18.379678 103.153712 33.532492
v -18.379678 103.153712 33.532492
v -15.377356 103.644537 27.278481
v -20.216131 110.979630 23.020359
v -25.034991 110.979630 33.532492
v -25.034991 110.979630 33.532492
v -20.216131 110.979630 23.020359
v -15.845167 118.946913 26.866808
v -19.036143 118.006393 33.532492
v -8.270526 120.847476 33.532492
v -19.036143 118.006393 33.532492
v -15.845167 118.946913 26.866808
v -8.270526 101.111784 33.532492
v -8.270526 105.027641 24.873417
v -15.377356 103.644537 27.278481
v -15.377356 103.644537 27.278481
v -8.270526 105.027641 24.873417
v -8.270526 110.979630 19.846397
v -20.216131 110.979630 23.020359
v -20.216131 110.979630 23.020359
v -8.270526 110.979630 19.846397
v -8.270526 117.034694 22.758039
v -15.845167 118.946913 26.866808
v -8.270526 120.847476 33.532492
v -15.845167 118.946913 26.866808
v -8.270526 117.034694 22.758039
v -8.270526 101.111784 33.532492
v -1.254859 104.033102 27.358706
v -8.270526 105.027641 24.873417
v -8.270526 105.027641 24.873417
v -1.254859 104.033102 27.358706
v 2.963031 110.979630 23.646962
v -8.270526 110.979630 19.846397
v -8.270526 110.979630 19.846397
v 2.963031 110.979630 23.646962
v 0.703234 116.780590 25.635584
v -8.270526 117.034694 22.758039
v -8.270526 120.847476 33.532492
v -8.270526 117.034694 22.758039
v 0.703234 116.780590 25.635584
v -8.270526 101.111784 33.532492
v 4.605662 105.242231 33.532492
v -1.254859 104.033102 27.358706
v -1.254859 104.033102 27.358706
v 4.605662 105.242231 33.532492
v 6.561499 110.979630 33.532492
v 2.963031 110.979630 23.646962
v 2.963031 110.979630 23.646962
v 6.561499 110.979630 33.532492
v 3.281148 118.468752 33.532492
v 0.703234 116.780590 25.635584
v -8.270526 120.847476 33.532492
v 0.703234 116.780590 25.635584
v 3.281148 118.468752 33.532492
v -32.507432 91.490637 20.124437
v -21.546863 96.851739 29.769737
v -17.837295 95.391725 20.124437
v -17.837295 95.391725 20.124437
v -21.546863 96.851739 29.769737
v -17.678910 105.060197 33.173536
v -10.684899 105.060197 20.124437
v -10.684899 105.060197 20.124437
v -17.678910 105.060197 33.173536
v -21.355473 114.718478 29.938161
v -17.278818 116.047885 20.124437
v -32.507432 118.629758 20.124437
v -17.278818 116.047885 20.124437
v -21.355473 114.718478 29.938161
v -32.507432 91.490637 20.124437
v -32.507432 95.569476 33.416441
v -21.546863 96.851739 29.769737
v -21.546863 96.851739 29.769737
v -32.507432 95.569476 33.416441
v -32.507432 105.060197 36.565783
v -17.678910 105.060197 33.173536
v -17.678910 105.060197 33.173536
v -32.507432 105.060197 36.565783
v -32.507432 113.529010 33.806164
v -21.355473 114.718478 29.938161
v -32.507432 118.629758 20.124437
v -21.355473 114.718478 29.938161
v -32.507432 113.529010 33.806164
v -32.507432 91.490637 20.124437
v -41.999172 95.440033 28.477168
v -32.507432 95.569476 33.416441
v -32.507432 95.569476 33.416441
v -41.999172 95.440033 28.477168
v -45.214418 105.060197 31.306585
v -32.507432 105.060197 36.565783
v -32.507432 105.060197 36.565783
v -45.214418 105.060197 31.306585
v -42.891301 114.543926 29.262242
v -32.507432 113.529010 33.806164
v -32.507432 118.629758 20.124437
v -32.507432 113.529010 33.806164
v -42.891301 114.543926 29.262242
v -32.507432 91.490637 20.124437
v -49.685796 94.696522 20.124437
v -41.999172 95.440033 28.477168
v -41.999172 95.440033 28.477168
v -49.685796 94.696522 20.124437
v -55.410920 105.060197 20.124437
v -45.214418 105.060197 31.306585
v -45.214418 105.060197 31.306585
v -55.410920 105.060197 20.124437
v -50.472148 115.991923 20.124437
v -42.891301 114.543926 29.262242
v -32.507432 118.629758 20.124437
v -42.891301 114.543926 29.262242
v -50.472148 115.991923 20.124437
v -32.507432 91.490637 20.124437
v -44.038681 95.876943 9.976937
v -49.685796 94.696522 20.124437
v -49.685796 94.696522 20.124437
v -44.038681 95.876943 9.976937
v -46.853136 105.060197 7.500217
v -55.410920 105.060197 20.124437
v -55.410920 105.060197 20.124437
v -46.853136 105.060197 7.500217
v -44.713732 115.312594 9.382893
v -50.472148 115.991923 20.124437
v -32.507432 118.629758 20.124437
v -50.472148 115.991923 20.124437
v -44.713732 115.312594 9.382893
v -32.507432 91.490637 20.124437
v -32.507432 96.564591 5.406810
v -44.038681 95.876943 9.976937
v -44.038681 95.876943 9.976937
v -32.507432 96.564591 5.406810
v -32.507432 105.060197 2.109776
v -46.853136 105.060197 7.500217
v -46.853136 105.060197 7.500217
v -32.507432 105.060197 2.109776
v -32.507432 113.500902 8.126845
v -44.713732 115.312594 9.382893
v -32.507432 118.629758 20.124437
v -44.713732 115.312594 9.382893
v -32.507432 113.500902 8.126845
v -32.507432 91.490637 20.124437
v -22.738035 96.774456 11.527368
v -32.507432 96.564591 5.406810
v -32.507432 96.564591 5.406810
v -22.738035 96.774456 11.527368
v -19.660100 105.060197 8.818785
v -32.507432 105.060197 2.109776
v -32.507432 105.060197 2.109776
v -19.660100 105.060197 8.818785
v -22.475396 114.857365 11.296245
v -32.507432 113.500902 8.126845
v -32.507432 118.629758 20.124437
v -32.507432 113.500902 8.126845
v -22.475396 114.857365 11.296245
v -32.507432 91.490637 20.124437
v -17.837295 95.391725 20.124437
v -22.738035 96.774456 11.527368
v -22.738035 96.774456 11.527368
v -17.837295 95.391725 20.124437
v -10.684899 105.060197 20.124437
v -19.660100 105.060197 8.818785
v -19.660100 105.060197 8.818785
v -10.684899 105.060197 20.124437
v -17.278818 116.047885 20.124437
v -22.475396 114.857365 11.296245
v -32.507432 118.629758 20.124437
v -22.475396 114.857365 11.296245
v -17.278818 116.047885 20.124437
v -11.359388 107.995198 -11.895146
v -1.529229 112.625175 -3.244606
v 6.289644 112.267093 -11.895146
v 6.289644 112.267093 -11.895146
v -1.529229 112.625175 -3.244606
v 3.617137 121.681396 1.284195
v 14.209051 121.681396 -11.895146
v 14.209051 121.681396 -11.895146
v 3.617137 121.681396 1.284195
v 0.868073 131.637606 -1.134980
v 1.736384 132.597416 -11.895146
v -11.359388 135.367593 -11.895146
v 1.736384 132.597416 -11.895146
v 0.868073 131.637606 -1.134980
v -11.359388 107.995198 -11.895146
v -11.359388 111.669316 0.085978
v -1.529229 112.625175 -3.244606
v -1.529229 112.625175 -3.244606
v -11.359388 111.669316 0.085978
v -11.359388 121.681396 9.665346
v 3.617137 121.681396 1.284195
v 3.617137 121.681396 1.284195
v -11.359388 121.681396 9.665346
v -11.359388 131.632898 2.072901
v 0.868073 131.637606 -1.134980
v -11.359388 135.367593 -11.895146
v 0.868073 131.637606 -1.134980
v -11.359388 131.632898 2.072901
v -11.359388 107.995198 -11.895146
v -23.427004 112.113750 -1.275644
v -11.359388 111.669316 0.085978
v -11.359388 111.669316 0.085978
v -23.427004 112.113750 -1.275644
v -26.561402 121.681396 1.482626
v -11.359388 121.681396 9.665346
v -11.359388 121.681396 9.665346
v -26.561402 121.681396 1.482626
v -21.045868 131.178750 -3.371044
v -11.359388 131.632898 2.072901
v -11.359388 135.367593 -11.895146
v -11.359388 131.632898 2.072901
v -21.045868 131.178750 -3.371044
v -11.359388 107.995198 -11.895146
v -25.369734 112.621278 -11.895146
v -23.427004 112.113750 -1.275644
v -23.427004 112.113750 -1.275644
v -25.369734 112.621278 -11.895146
v -34.846361 121.681396 -11.895146
v -26.561402 121.681396 1.482626
v -26.561402 121.681396 1.482626
v -34.846361 121.681396 -11.895146
v -29.068910 130.504316 -11.895146
v -21.045868 131.178750 -3.371044
v -11.359388 135.367593 -11.895146
v -21.045868 131.178750 -3.371044
v -29.068910 130.504316 -11.895146
v -11.359388 107.995198 -11.895146
v -21.585643 111.788781 -20.894250
v -25.369734 112.621278 -11.895146
v -25.369734 112.621278 -11.895146
v -21.585643 111.788781 -20.894250
v -27.680784 121.681396 -26.257975
v -34.846361 121.681396 -11.895146
v -34.846361 121.681396 -11.895146
v -27.680784 121.681396 -26.257975
v -24.202205 129.703678 -23.196825
v -29.068910 130.504316 -11.895146
v -11.359388 135.367593 -11.895146
v -29.068910 130.504316 -11.895146
v -24.202205 129.703678 -23.196825
v -11.359388 107.995198 -11.895146
v -11.359388 111.696385 -28.061876
v -21.585643 111.788781 -20.894250
v -21.585643 111.788781 -20.894250
v -11.359388 111.696385 -28.061876
v -11.359388 121.681396 -28.631010
v -27.680784 121.681396 -26.257975
v -27.680784 121.681396 -26.257975
v -11.359388 121.681396 -28.631010
v -11.359388 129.899638 -26.860156
v -24.202205 129.703678 -23.196825
v -11.359388 135.367593 -11.895146
v -24.202205 129.703678 -23.196825
v -11.359388 129.899638 -26.860156
v -11.359388 107.995198 -11.895146
v 0.628232 110.935576 -22.444252
v -11.359388 111.696385 -28.061876
v -11.359388 111.696385 -28.061876
v 0.628232 110.935576 -22.444252
v 6.541981 121.681396 -27.648351
v -11.359388 121.681396 -28.631010
v -11.359388 121.681396 -28.631010
v 6.541981 121.681396 -27.648351
v 0.080135 130.502296 -21.961926
v -11.359388 129.899638 -26.860156
v -11.359388 135.367593 -11.895146
v -11.359388 129.899638 -26.860156
v 0.080135 130.502296 -21.961926
v -11.359388 107.995198 -11.895146
v 6.289644 112.267093 -11.895146
v 0.628232 110.935576 -22.444252
v 0.628232 110.935576 -22.444252
v 6.289644 112.267093 -11.895146
v 14.209051 121.681396 -11.895146
v 6.541981 121.681396 -27.648351
v 6.541981 121.681396 -27.648351
v 14.209051 121.681396 -11.895146
v 1.736384 132.597416 -11.895146
v 0.080135 130.502296 -21.961926
v -11.359388 135.367593 -11.895146
v 0.080135 130.502296 -21.961926
v 1.736384 132.597416 -11.895146
v -27.992321 118.134596 -17.889138
v -20.385395 121.212347 -11.195043
v -16.758468 121.292348 -17.889138
v -16.758468 121.292348 -17.889138
v -20.385395 121.212347 -11.195043
v -18.460320 128.093384 -9.500977
v -11.558206 128.093384 -17.889138
v -11.558206 128.093384 -17.889138
v -18.460320 128.093384 -9.500977
v -19.033020 135.103054 -10.004953
v -15.933946 135.127737 -17.889138
v -27.992321 138.052171 -17.889138
v -15.933946 135.127737 -17.889138
v -19.033020 135.103054 -10.004953
v -27.992321 118.134596 -17.889138
v -27.992321 121.318869 -7.634962
v -20.385395 121.212347 -11.195043
v -20.385395 121.212347 -11.195043
v -27.992321 121.318869 -7.634962
v -27.992321 128.093384 -3.749098
v -18.460320 128.093384 -9.500977
v -18.460320 128.093384 -9.500977
v -27.992321 128.093384 -3.749098
v -27.992321 135.667825 -8.424308
v -19.033020 135.103054 -10.004953
v -27.992321 138.052171 -17.889138
v -19.033020 135.103054 -10.004953
v -27.992321 135.667825 -8.424308
v -27.992321 118.134596 -17.889138
v -34.718881 120.294172 -11.969765
v -27.992321 121.318869 -7.634962
v -27.992321 121.318869 -7.634962
v -34.718881 120.294172 -11.969765
v -37.589658 128.093384 -9.443482
v -27.992321 128.093384 -3.749098
v -27.992321 128.093384 -3.749098
v -37.589658 128.093384 -9.443482
v -35.666268 135.431596 -11.136065
v -27.992321 135.667825 -8.424308
v -27.992321 138.052171 -17.889138
v -27.992321 135.667825 -8.424308
v -35.666268 135.431596 -11.136065
v -27.992321 118.134596 -17.889138
v -38.337602 121.005851 -17.889138
v -34.718881 120.294172 -11.969765
v -34.718881 120.294172 -11.969765
v -38.337602 121.005851 -17.889138
v -42.993387 128.093384 -17.889138
v -37.589658 128.093384 -9.443482
v -37.589658 128.093384 -9.443482
v -42.993387 128.093384 -17.889138
v -39.586189 134.172043 -17.889138
v -35.666268 135.431596 -11.136065
v -27.992321 138.052171 -17.889138
v -35.666268 135.431596 -11.136065
v -39.586189 134.172043 -17.889138
v -27.992321 118.134596 -17.889138
v -34.773599 121.877299 -23.856662
v -38.337602 121.005851 -17.889138
v -38.337602 121.005851 -17.889138
v -34.773599 121.877299 -23.856662
v -40.364180 128.093384 -28.776374
v -42.993387 128.093384 -17.889138
v -42.993387 128.093384 -17.889138
v -40.364180 128.093384 -28.776374
v -37.229968 134.547823 -26.018267
v -39.586189 134.172043 -17.889138
v -27.992321 138.052171 -17.889138
v -39.586189 134.172043 -17.889138
v -37.229968 134.547823 -26.018267
v -27.992321 118.134596 -17.889138
v -27.992321 121.074163 -28.512465
v -34.773599 121.877299 -23.856662
v -34.773599 121.877299 -23.856662
v -27.992321 121.074163 -28.512465
v -27.992321 128.093384 -32.535539
v -40.364180 128.093384 -28.776374
v -40.364180 128.093384 -28.776374
v -27.992321 128.093384 -32.535539
v -27.992321 134.114523 -26.355396
v -37.229968 134.547823 -26.018267
v -27.992321 138.052171 -17.889138
v -37.229968 134.547823 -26.018267
v -27.992321 134.114523 -26.355396
v -27.992321 118.134596 -17.889138
v -19.912385 121.019888 -24.999481
v -27.992321 121.074163 -28.512465
v -27.992321 121.074163 -28.512465
v -19.912385 121.019888 -24.999481
v -18.161545 128.093384 -26.540220
v -27.992321 128.093384 -32.535539
v -27.992321 128.093384 -32.535539
v -18.161545 128.093384 -26.540220
v -19.627171 135.566063 -25.250470
v -27.992321 134.114523 -26.355396
v -27.992321 138.052171 -17.889138
v -27.992321 134.114523 -26.355396
v -19.627171 135.566063 -25.250470
v -27.992321 118.134596 -17.889138
v -16.758468 121.292348 -17.889138
v -19.912385 121.019888 -24.999481
v -19.912385 121.019888 -24.999481
v -16.758468 121.292348 -17.889138
v -11.558206 128.093384 -17.889138
v -18.161545 128.093384 -26.540220
v -18.161545 128.093384 -26.540220
v -11.558206 128.093384 -17.889138
v -15.933946 135.127737 -17.889138
v -19.627171 135.566063 -25.250470
v -27.992321 138.052171 -17.889138
v -19.627171 135.566063 -25.250470
v -15.933946 135.127737 -17.889138
v -1.743116 121.572623 -26.731241
v 7.359537 124.903432 -18.720906
v 11.135426 124.242382 -26.731241
v 11.135426 124.242382 -26.731241
v 7.359537 124.903432 -18.720906
v 9.809765 132.014530 -16.564706
v 17.907008 132.014530 -26.731241
v 17.907008 132.014530 -26.731241
v 9.809765 132.014530 -16.564706
v 5.952886 139.820471 -19.958760
v 8.335164 140.655342 -26.731241
v -1.743116 142.456437 -26.731241
v 8.335164 140.655342 -26.731241
v 5.952886 139.820471 -19.958760
v -1.743116 121.572623 -26.731241
v -1.743116 125.229600 -14.733470
v 7.359537 124.903432 -18.720906
v 7.359537 124.903432 -18.720906
v -1.743116 125.229600 -14.733470
v -1.743116 132.014530 -13.312782
v 9.809765 132.014530 -16.564706
v 9.809765 132.014530 -16.564706
v -1.743116 132.014530 -13.312782
v -1.743116 140.197892 -15.471591
v 5.952886 139.820471 -19.958760
v -1.743116 142.456437 -26.731241
v 5.952886 139.820471 -19.958760
v -1.743116 140.197892 -15.471591
v -1.743116 121.572623 -26.731241
v -9.050229 125.704901 -20.300982
v -1.743116 125.229600 -14.733470
v -1.743116 125.229600 -14.733470
v -9.050229 125.704901 -20.300982
v -11.949575 132.014530 -17.749557
v -1.743116 132.014530 -13.312782
v -1.743116 132.014530 -13.312782
v -11.949575 132.014530 -17.749557
v -9.552930 139.693268 -19.858605
v -1.743116 140.197892 -15.471591
v -1.743116 142.456437 -26.731241
v -1.743116 140.197892 -15.471591
v -9.552930 139.693268 -19.858605
v -1.743116 121.572623 -26.731241
v -12.373855 125.182369 -26.731241
v -9.050229 125.704901 -20.300982
v -9.050229 125.704901 -20.300982
v -12.373855 125.182369 -26.731241
v -15.852559 132.014530 -26.731241
v -11.949575 132.014530 -17.749557
v -11.949575 132.014530 -17.749557
v -15.852559 132.014530 -26.731241
v -13.789868 140.361084 -26.731241
v -9.552930 139.693268 -19.858605
v -1.743116 142.456437 -26.731241
v -9.552930 139.693268 -19.858605
v -13.789868 140.361084 -26.731241
v -1.743116 121.572623 -26.731241
v -9.596362 124.889768 -33.642097
v -12.373855 125.182369 -26.731241
v -12.373855 125.182369 -26.731241
v -9.596362 124.889768 -33.642097
v -11.673314 132.014530 -35.469815
v -15.852559 132.014530 -26.731241
v -15.852559 132.014530 -26.731241
v -11.673314 132.014530 -35.469815
v -9.169061 138.398606 -33.266073
v -13.789868 140.361084 -26.731241
v -1.743116 142.456437 -26.731241
v -13.789868 140.361084 -26.731241
v -9.169061 138.398606 -33.266073
v -1.743116 121.572623 -26.731241
v -1.743116 123.362932 -36.578173
v -9.596362 124.889768 -33.642097
v -9.596362 124.889768 -33.642097
v -1.743116 123.362932 -36.578173
v -1.743116 132.014530 -40.617497
v -11.673314 132.014530 -35.469815
v -11.673314 132.014530 -35.469815
v -1.743116 132.014530 -40.617497
v -1.743116 140.491399 -35.710644
v -9.169061 138.398606 -33.266073
v -1.743116 142.456437 -26.731241
v -9.169061 138.398606 -33.266073
v -1.743116 140.491399 -35.710644
v -1.743116 121.572623 -26.731241
v 6.529044 124.560506 -34.010742
v -1.743116 123.362932 -36.578173
v -1.743116 123.362932 -36.578173
v 6.529044 124.560506 -34.010742
v 11.666834 132.014530 -38.531997
v -1.743116 132.014530 -40.617497
v -1.743116 132.014530 -40.617497
v 11.666834 132.014530 -38.531997
v 5.365554 138.071055 -32.986871
v -1.743116 140.491399 -35.710644
v -1.743116 142.456437 -26.731241
v -1.743116 140.491399 -35.710644
v 5.365554 138.071055 -32.986871
v -1.743116 121.572623 -26.731241
v 11.135426 124.242382 -26.731241
v 6.529044 124.560506 -34.010742
v 6.529044 124.560506 -34.010742
v 11.135426 124.242382 -26.731241
v 17.907008 132.014530 -26.731241
v 11.666834 132.014530 -38.531997
v 11.666834 132.014530 -38.531997
v 17.907008 132.014530 -26.731241
v 8.335164 140.655342 -26.731241
v 5.365554 138.071055 -32.986871
v -1.743116 142.456437 -26.731241
v 5.365554 138.071055 -32.986871
v 8.335164 140.655342 -26.731241
vt 0.000000 0.000000
vt 1.000000 0.000000
vt 1.000000 1.000000
vt 0.000000 1.000000
vt 0.500000 1.000000
vt 0.000000 0.000000
vt 1.000000 0.000000
vt 0.000000 0.000000
vt 1.000000 0.000000
vt 1.000000 1.000000
vt 0.000000 1.000000
vt 0.500000 1.000000
vt 0.000000 0.000000
vt 1.000000 0.000000
vt 0.000000 0.000000
vt 1.000000 0.000000
vt 1.000000 1.000000
vt 0.000000 1.000000
vt 0.500000 1.000000
vt 0.000000 0.000000
vt 1.000000 0.000000
vt 0.000000 0.000000
vt 1.000000 0.000000
vt 1.000000 1.000000
vt 0.000000 1.000000
vt 0.500000 1.000000
vt 0.000000 0.000000
vt 1.000000 0.000000
vt 0.000000 0.000000
vt 1.000000 0.000000
vt 1.000000 1.000000
vt 0.000000 1.000000
vt 0.500000 1.000000
vt 0.000000 0.000000
vt 1.000000 0.000000
vt 0.000000 0.000000
vt 1.000000 0.000000
vt 1.000000 1.000000
vt 0.000000 1.000000
vt 0.500000 1.000000
vt 0.000000 0.000000
vt 1.000000 0.000000
vt 0.000000 0.000000
vt 1.000000 0.000000
vt 1.000000 1.000000
vt 0.000000 1.000000
vt 0.500000 1.000000
vt 0.000000 0.000000
vt 1.000000 0.000000
vt 0.000000 0.000000
vt 1.000000 0.000000
vt 1.000000 1.000000
vt 0.000000 1.000000
vt 0.500000 1.000000
vt 0.000000 0.000000
vt 1.000000 0.000000
vt 0.000000 0.000000
vt 1.000000 0.000000
vt 1.000000 1.000000
vt 0.000000 1.000000
vt 0.500000 1.000000
vt 0.000000 0.000000
vt 1.000000 0.000000
vt 0.000000 0.000000
vt 1.000000 0.000000
vt 1.000000 1.000000
vt 0.000000 1.000000
vt 0.500000 1.000000
vt 0.000000 0.000000
vt 1.000000 0.000000
vt 0.000000 0.000000
vt 1.000000 0.000000
vt 1.000000 1.000000
vt 0.000000 1.000000
vt 0.500000 1.000000
vt 0.000000 0.000000
vt 1.000000 0.000000
vt 0.000000 0.000000
vt 1.000000 0.000000
vt 1.000000 1.000000
vt 0.000000 1.000000
vt 0.500000 1.000000
vt 0.000000 0.000000
vt 1.000000 0.000000
vt 0.000000 0.000000
vt 1.000000 0.000000
vt 1.000000 1.000000
vt 0.000000 1.000000
vt 0.500000 1.000000
vt 0.000000 0.000000
vt 1.000000 0.000000
vt 0.000000 0.000000
vt 1.000000 0.000000
vt 1.000000 1.000000
vt 0.000000 1.000000
vt 0.500000 1.000000
vt 0.000000 0.000000
vt 1.000000 0.000000
vt 0.000000 0.000000
vt 1.000000 0.000000
vt 1.000000 1.000000
vt 0.000000 1.000000
vt 0.500000 1.000000
vt 0.000000 0.000000
vt 1.000000 0.000000
vt 0.000000 0.000000
vt 1.000000 0.000000
vt 1.000000 1.000000
vt 0.000000 1.000000
vt 0.500000 1.000000
vt 0.000000 0.000000
vt 1.000000 0.000000
vt 0.000000 0.000000
vt 1.000000 0.000000
vt 1.000000 1.000000
vt 0.000000 1.000000
vt 0.500000 1.000000
vt 0.000000 0.000000
vt 1.000000 0.000000
vt 0.000000 0.000000
vt 1.000000 0.000000
vt 1.000000 1.000000
vt 0.000000 1.000000
vt 0.500000 1.000000
vt 0.000000 0.000000
vt 1.000000 0.000000
vt 0.000000 0.000000
vt 1.000000 0.000000
vt 1.000000 1.000000
vt 0.000000 1.000000
vt 0.500000 1.000000
vt 0.000000 0.000000
vt 1.000000 0.000000
vt 0.000000 0.000000
vt 1.000000 0.000000
vt 1.000000 1.000000
vt 0.000000 1.000000
vt 0.500000 1.000000
vt 0.000000 0.000000
vt 1.000000 0.000000
vt 0.000000 0.000000
vt 1.000000 0.000000
vt 1.000000 1.000000
vt 0.000000 1.000000
vt 0.500000 1.000000
vt 0.000000 0.000000
vt 1.000000 0.000000
vt 0.000000 0.000000
vt 1.000000 0.000000
vt 1.000000 1.000000
vt 0.000000 1.000000
vt 0.500000 1.000000
vt 0.000000 0.000000
vt 1.000000 0.000000
vt 0.000000 0.000000
vt 1.000000 0.000000
vt 1.000000 1.000000
vt 0.000000 1.000000
vt 0.500000 1.000000
vt 0.000000 0.000000
vt 1.000000 0.000000
vt 0.000000 0.000000
vt 1.000000 0.000000
vt 1.000000 1.000000
vt 0.000000 1.000000
vt 0.500000 1.000000
vt 0.000000 0.000000
vt 1.000000 0.000000
vt 0.000000 0.000000
vt 1.000000 0.000000
vt 1.000000 1.000000
vt 0.000000 1.000000
vt 0.500000 1.000000
vt 0.000000 0.000000
vt 1.000000 0.000000
vt 0.000000 0.000000
vt 1.000000 0.000000
vt 1.000000 1.000000
vt 0.000000 1.000000
vt 0.500000 1.000000
vt 0.000000 0.000000
vt 1.000000 0.000000
vt 0.000000 0.000000
vt 1.000000 0.000000
vt 1.000000 1.000000
vt 0.000000 1.000000
vt 0.500000 1.000000
vt 0.000000 0.000000
vt 1.000000 0.000000
vt 0.000000 0.000000
vt 1.000000 0.000000
vt 1.000000 1.000000
vt 0.000000 1.000000
vt 0.500000 1.000000
vt 0.000000 0.000000
vt 1.000000 0.000000
vt 0.000000 0.000000
vt 1.000000 0.000000
vt 1.000000 1.000000
vt 0.000000 1.000000
vt 0.500000 1.000000
vt 0.000000 0.000000
vt 1.000000 0.000000
vt 0.000000 0.000000
vt 1.000000 0.000000
vt 1.000000 1.000000
vt 0.000000 1.000000
vt 0.500000 1.000000
vt 0.000000 0.000000
vt 1.000000 0.000000
vt 0.000000 0.000000
vt 1.000000 0.000000
vt 1.000000 1.000000
vt 0.000000 1.000000
vt 0.500000 1.000000
vt 0.000000 0.000000
vt 1.000000 0.000000
vt 0.000000 0.000000
vt 1.000000 0.000000
vt 1.000000 1.000000
vt 0.000000 1.000000
vt 0.500000 1.000000
vt 0.000000 0.000000
vt 1.000000 0.000000
vt 0.000000 0.000000
vt 1.000000 0.000000
vt 1.000000 1.000000
vt 0.000000 1.000000
vt 0.500000 1.000000
vt 0.000000 0.000000
vt 1.000000 0.000000
vt 0.000000 0.000000
vt 1.000000 0.000000
vt 1.000000 1.000000
vt 0.000000 1.000000
vt 0.500000 1.000000
vt 0.000000 0.000000
vt 1.000000 0.000000
vt 0.000000 0.000000
vt 1.000000 0.000000
vt 1.000000 1.000000
vt 0.000000 1.000000
vt 0.500000 1.000000
vt 0.000000 0.000000
vt 1.000000 0.000000
vt 0.000000 0.000000
vt 1.000000 0.000000
vt 1.000000 1.000000
vt 0.000000 1.000000
vt 0.500000 1.000000
vt 0.000000 0.000000
vt 1.000000 0.000000
vt 0.000000 0.000000
vt 1.000000 0.000000
vt 1.000000 1.000000
vt 0.000000 1.000000
vt 0.500000 1.000000
vt 0.000000 0.000000
vt 1.000000 0.000000
vt 0.000000 0.000000
vt 1.000000 0.000000
vt 1.000000 1.000000
vt 0.000000 1.000000
vt 0.500000 1.000000
vt 0.000000 0.000000
vt 1.000000 0.000000
vt 0.000000 0.000000
vt 1.000000 0.000000
vt 1.000000 1.000000
vt 0.000000 1.000000
vt 0.500000 1.000000
vt 0.000000 0.000000
vt 1.000000 0.000000
vt 0.000000 0.000000
vt 1.000000 0.000000
vt 1.000000 1.000000
vt 0.000000 1.000000
vt 0.500000 1.000000
vt 0.000000 0.000000
vt 1.000000 0.000000
vt 0.000000 0.000000
vt 1.000000 0.000000
vt 1.000000 1.000000
vt 0.000000 1.000000
vt 0.500000 1.000000
vt 0.000000 0.000000
vt 1.000000 0.000000
vt 0.000000 0.000000
vt 1.000000 0.000000
vt 1.000000 1.000000
vt 0.000000 1.000000
vt 0.500000 1.000000
vt 0.000000 0.000000
vt 1.000000 0.000000
vt 0.000000 0.000000
vt 1.000000 0.000000
vt 1.000000 1.000000
vt 0.000000 1.000000
vt 0.500000 1.000000
vt 0.000000 0.000000
vt 1.000000 0.000000
vt 0.000000 0.000000
vt 1.000000 0.000000
vt 1.000000 1.000000
vt 0.000000 1.000000
vt 0.500000 1.000000
vt 0.000000 0.000000
vt 1.000000 0.000000
vt 0.000000 0.000000
vt 1.000000 0.000000
vt 1.000000 1.000000
vt 0.000000 1.000000
vt 0.500000 1.000000
vt 0.000000 0.000000
vt 1.000000 0.000000
vt 0.000000 0.000000
vt 1.000000 0.000000
vt 1.000000 1.000000
vt 0.000000 1.000000
vt 0.500000 1.000000
vt 0.000000 0.000000
vt 1.000000 0.000000
vt 0.000000 0.000000
vt 1.000000 0.000000
vt 1.000000 1.000000
vt 0.000000 1.000000
vt 0.500000 1.000000
vt 0.000000 0.000000
vt 1.000000 0.000000
vt 0.000000 0.000000
vt 1.000000 0.000000
vt 1.000000 1.000000
vt 0.000000 1.000000
vt 0.500000 1.000000
vt 0.000000 0.000000
vt 1.000000 0.000000
vt 0.000000 0.000000
vt 1.000000 0.000000
vt 1.000000 1.000000
vt 0.000000 1.000000
vt 0.500000 1.000000
vt 0.000000 0.000000
vt 1.000000 0.000000
vt 0.000000 0.000000
vt 1.000000 0.000000
vt 1.000000 1.000000
vt 0.000000 1.000000
vt 0.500000 1.000000
vt 0.000000 0.000000
vt 1.000000 0.000000
vt 0.000000 0.000000
vt 1.000000 0.000000
vt 1.000000 1.000000
vt 0.000000 1.000000
vt 0.500000 1.000000
vt 0.000000 0.000000
vt 1.000000 0.000000
vt 0.000000 0.000000
vt 1.000000 0.000000
vt 1.000000 1.000000
vt 0.000000 1.000000
vt 0.500000 1.000000
vt 0.000000 0.000000
vt 1.000000 0.000000
vt 0.000000 0.000000
vt 1.000000 0.000000
vt 1.000000 1.000000
vt 0.000000 1.000000
vt 0.500000 1.000000
vt 0.000000 0.000000
vt 1.000000 0.000000
vt 0.000000 0.000000
vt 1.000000 0.000000
vt 1.000000 1.000000
vt 0.000000 1.000000
vt 0.500000 1.000000
vt 0.000000 0.000000
vt 1.000000 0.000000
vt 0.000000 0.000000
vt 1.000000 0.000000
vt 1.000000 1.000000
vt 0.000000 1.000000
vt 0.500000 1.000000
vt 0.000000 0.000000
vt 1.000000 0.000000
vt 0.000000 0.000000
vt 1.000000 0.000000
vt 1.000000 1.000000
vt 0.000000 1.000000
vt 0.500000 1.000000
vt 0.000000 0.000000
vt 1.000000 0.000000
vt 0.000000 0.000000
vt 1.000000 0.000000
vt 1.000000 1.000000
vt 0.000000 1.000000
vt 0.500000 1.000000
vt 0.000000 0.000000
vt 1.000000 0.000000
vt 0.000000 0.000000
vt 1.000000 0.000000
vt 1.000000 1.000000
vt 0.000000 1.000000
vt 0.500000 1.000000
vt 0.000000 0.000000
vt 1.000000 0.000000
vt 0.000000 0.000000
vt 1.000000 0.000000
vt 1.000000 1.000000
vt 0.000000 1.000000
vt 0.500000 1.000000
vt 0.000000 0.000000
vt 1.000000 0.000000
vt 0.000000 0.000000
vt 1.000000 0.000000
vt 1.000000 1.000000
vt 0.000000 1.000000
vt 0.500000 1.000000
vt 0.000000 0.000000
vt 1.000000 0.000000
vt 0.000000 0.000000
vt 1.000000 0.000000
vt 1.000000 1.000000
vt 0.000000 1.000000
vt 0.500000 1.000000
vt 0.000000 0.000000
vt 1.000000 0.000000
vt 0.000000 0.000000
vt 1.000000 0.000000
vt 1.000000 1.000000
vt 0.000000 1.000000
vt 0.500000 1.000000
vt 0.000000 0.000000
vt 1.000000 0.000000
vt 0.000000 0.000000
vt 1.000000 0.000000
vt 1.000000 1.000000
vt 0.000000 1.000000
vt 0.500000 1.000000
vt 0.000000 0.000000
vt 1.000000 0.000000
vt 0.000000 0.000000
vt 1.000000 0.000000
vt 1.000000 1.000000
vt 0.000000 1.000000
vt 0.500000 1.000000
vt 0.000000 0.000000
vt 1.000000 0.000000
vt 0.000000 0.000000
vt 1.000000 0.000000
vt 1.000000 1.000000
vt 0.000000 1.000000
vt 0.500000 1.000000
vt 0.000000 0.000000
vt 1.000000 0.000000
vt 0.000000 0.000000
vt 1.000000 0.000000
vt 1.000000 1.000000
vt 0.000000 1.000000
vt 0.500000 1.000000
vt 0.000000 0.000000
vt 1.000000 0.000000
vt 0.000000 0.000000
vt 1.000000 0.000000
vt 1.000000 1.000000
vt 0.000000 1.000000
vt 0.500000 1.000000
vt 0.000000 0.000000
vt 1.000000 0.000000
vt 0.000000 0.000000
vt 1.000000 0.000000
vt 1.000000 1.000000
vt 0.000000 1.000000
vt 0.500000 1.000000
vt 0.000000 0.000000
vt 1.000000 0.000000
vt 0.000000 0.000000
vt 1.000000 0.000000
vt 1.000000 1.000000
vt 0.000000 1.000000
vt 0.500000 1.000000
vt 0.000000 0.000000
vt 1.000000 0.000000
vt 0.000000 0.000000
vt 1.000000 0.000000
vt 1.000000 1.000000
vt 0.000000 1.000000
vt 0.500000 1.000000
vt 0.000000 0.000000
vt 1.000000 0.000000
vt 0.000000 0.000000
vt 1.000000 0.000000
vt 1.000000 1.000000
vt 0.000000 1.000000
vt 0.500000 1.000000
vt 0.000000 0.000000
vt 1.000000 0.000000
vt 0.000000 0.000000
vt 1.000000 0.000000
vt 1.000000 1.000000
vt 0.000000 1.000000
vt 0.500000 1.000000
vt 0.000000 0.000000
vt 1.000000 0.000000
vt 0.000000 0.000000
vt 1.000000 0.000000
vt 1.000000 1.000000
vt 0.000000 1.000000
vt 0.500000 1.000000
vt 0.000000 0.000000
vt 1.000000 0.000000
vt 0.000000 0.000000
vt 1.000000 0.000000
vt 1.000000 1.000000
vt 0.000000 1.000000
vt 0.500000 1.000000
vt 0.000000 0.000000
vt 1.000000 0.000000
vt 0.000000 0.000000
vt 1.000000 0.000000
vt 1.000000 1.000000
vt 0.000000 1.000000
vt 0.500000 1.000000
vt 0.000000 0.000000
vt 1.000000 0.000000
vt 0.000000 0.000000
vt 1.000000 0.000000
vt 1.000000 1.000000
vt 0.000000 1.000000
vt 0.500000 1.000000
vt 0.000000 0.000000
vt 1.000000 0.000000
vt 0.000000 0.000000
vt 1.000000 0.000000
vt 1.000000 1.000000
vt 0.000000 1.000000
vt 0.500000 1.000000
vt 0.000000 0.000000
vt 1.000000 0.000000
vt 0.000000 0.000000
vt 1.000000 0.000000
vt 1.000000 1.000000
vt 0.000000 1.000000
vt 0.500000 1.000000
vt 0.000000 0.000000
vt 1.000000 0.000000
vt 0.000000 0.000000
vt 1.000000 0.000000
vt 1.000000 1.000000
vt 0.000000 1.000000
vt 0.500000 1.000000
vt 0.000000 0.000000
vt 1.000000 0.000000
vt 0.000000 0.000000
vt 1.000000 0.000000
vt 1.000000 1.000000
vt 0.000000 1.000000
vt 0.500000 1.000000
vt 0.000000 0.000000
vt 1.000000 0.000000
vt 0.000000 0.000000
vt 1.000000 0.000000
vt 1.000000 1.000000
vt 0.000000 1.000000
vt 0.500000 1.000000
vt 0.000000 0.000000
vt 1.000000 0.000000
vt 0.000000 0.000000
vt 1.000000 0.000000
vt 1.000000 1.000000
vt 0.000000 1.000000
vt 0.500000 1.000000
vt 0.000000 0.000000
vt 1.000000 0.000000
vt 0.000000 0.000000
vt 1.000000 0.000000
vt 1.000000 1.000000
vt 0.000000 1.000000
vt 0.500000 1.000000
vt 0.000000 0.000000
vt 1.000000 0.000000
vt 0.000000 0.000000
vt 1.000000 0.000000
vt 1.000000 1.000000
vt 0.000000 1.000000
vt 0.500000 1.000000
vt 0.000000 0.000000
vt 1.000000 0.000000
vt 0.000000 0.000000
vt 1.000000 0.000000
vt 1.000000 1.000000
vt 0.000000 1.000000
vt 0.500000 1.000000
vt 0.000000 0.000000
vt 1.000000 0.000000
vt 0.000000 0.000000
vt 1.000000 0.000000
vt 1.000000 1.000000
vt 0.000000 1.000000
vt 0.500000 1.000000
vt 0.000000 0.000000
vt 1.000000 0.000000
vt 0.000000 0.000000
vt 1.000000 0.000000
vt 1.000000 1.000000
vt 0.000000 1.000000
vt 0.500000 1.000000
vt 0.000000 0.000000
vt 1.000000 0.000000
vt 0.000000 0.000000
vt 1.000000 0.000000
vt 1.000000 1.000000
vt 0.000000 1.000000
vt 0.500000 1.000000
vt 0.000000 0.000000
vt 1.000000 0.000000
vt 0.000000 0.000000
vt 1.000000 0.000000
vt 1.000000 1.000000
vt 0.000000 1.000000
vt 0.500000 1.000000
vt 0.000000 0.000000
vt 1.000000 0.000000
vt 0.000000 0.000000
vt 1.000000 0.000000
vt 1.000000 1.000000
vt 0.000000 1.000000
vt 0.500000 1.000000
vt 0.000000 0.000000
vt 1.000000 0.000000
vt 0.000000 0.000000
vt 1.000000 0.000000
vt 1.000000 1.000000
vt 0.000000 1.000000
vt 0.500000 1.000000
vt 0.000000 0.000000
vt 1.000000 0.000000
vt 0.000000 0.000000
vt 1.000000 0.000000
vt 1.000000 1.000000
vt 0.000000 1.000000
vt 0.500000 1.000000
vt 0.000000 0.000000
vt 1.000000 0.000000
vt 0.000000 0.000000
vt 1.000000 0.000000
vt 1.000000 1.000000
vt 0.000000 1.000000
vt 0.500000 1.000000
vt 0.000000 0.000000
vt 1.000000 0.000000
vt 0.000000 0.000000
vt 1.000000 0.000000
vt 1.000000 1.000000
vt 0.000000 1.000000
vt 0.500000 1.000000
vt 0.000000 0.000000
vt 1.000000 0.000000
vt 0.000000 0.000000
vt 1.000000 0.000000
vt 1.000000 1.000000
vt 0.000000 1.000000
vt 0.500000 1.000000
vt 0.000000 0.000000
vt 1.000000 0.000000
vt 0.000000 0.000000
vt 1.000000 0.000000
vt 1.000000 1.000000
vt 0.000000 1.000000
vt 0.500000 1.000000
vt 0.000000 0.000000
vt 1.000000 0.000000
vt 0.000000 0.000000
vt 1.000000 0.000000
vt 1.000000 1.000000
vt 0.000000 1.000000
vt 0.500000 1.000000
vt 0.000000 0.000000
vt 1.000000 0.000000
vt 0.000000 0.000000
vt 1.000000 0.000000
vt 1.000000 1.000000
vt 0.000000 1.000000
vt 0.500000 1.000000
vt 0.000000 0.000000
vt 1.000000 0.000000
vt 0.000000 0.000000
vt 1.000000 0.000000
vt 1.000000 1.000000
vt 0.000000 1.000000
vt 0.500000 1.000000
vt 0.000000 0.000000
vt 1.000000 0.000000
vt 0.000000 0.000000
vt 1.000000 0.000000
vt 1.000000 1.000000
vt 0.000000 1.000000
vt 0.500000 1.000000
vt 0.000000 0.000000
vt 1.000000 0.000000
vt 0.000000 0.000000
vt 1.000000 0.000000
vt 1.000000 1.000000
vt 0.000000 1.000000
vt 0.500000 1.000000
vt 0.000000 0.000000
vt 1.000000 0.000000
vt 0.000000 0.000000
vt 1.000000 0.000000
vt 1.000000 1.000000
vt 0.000000 1.000000
vt 0.500000 1.000000
vt 0.000000 0.000000
vt 1.000000 0.000000
vt 0.000000 0.000000
vt 1.000000 0.000000
vt 1.000000 1.000000
vt 0.000000 1.000000
vt 0.500000 1.000000
vt 0.000000 0.000000
vt 1.000000 0.000000
vt 0.000000 0.000000
vt 1.000000 0.000000
vt 1.000000 1.000000
vt 0.000000 1.000000
vt 0.500000 1.000000
vt 0.000000 0.000000
vt 1.000000 0.000000
vt 0.000000 0.000000
vt 1.000000 0.000000
vt 1.000000 1.000000
vt 0.000000 1.000000
vt 0.500000 1.000000
vt 0.000000 0.000000
vt 1.000000 0.000000
vt 0.000000 0.000000
vt 1.000000 0.000000
vt 1.000000 1.000000
vt 0.000000 1.000000
vt 0.500000 1.000000
vt 0.000000 0.000000
vt 1.000000 0.000000
vt 0.000000 0.000000
vt 1.000000 0.000000
vt 1.000000 1.000000
vt 0.000000 1.000000
vt 0.500000 1.000000
vt 0.000000 0.000000
vt 1.000000 0.000000
vt 0.000000 0.000000
vt 1.000000 0.000000
vt 1.000000 1.000000
vt 0.000000 1.000000
vt 0.500000 1.000000
vt 0.000000 0.000000
vt 1.000000 0.000000
vt 0.000000 0.000000
vt 1.000000 0.000000
vt 1.000000 1.000000
vt 0.000000 1.000000
vt 0.500000 1.000000
vt 0.000000 0.000000
vt 1.000000 0.000000
vt 0.000000 0.000000
vt 1.000000 0.000000
vt 1.000000 1.000000
vt 0.000000 1.000000
vt 0.500000 1.000000
vt 0.000000 0.000000
vt 1.000000 0.000000
vt 0.000000 0.000000
vt 1.000000 0.000000
vt 1.000000 1.000000
vt 0.000000 1.000000
vt 0.500000 1.000000
vt 0.000000 0.000000
vt 1.000000 0.000000
vt 0.000000 0.000000
vt 1.000000 0.000000
vt 1.000000 1.000000
vt 0.000000 1.000000
vt 0.500000 1.000000
vt 0.000000 0.000000
vt 1.000000 0.000000
vt 0.000000 0.000000
vt 1.000000 0.000000
vt 1.000000 1.000000
vt 0.000000 1.000000
vt 0.500000 1.000000
vt 0.000000 0.000000
vt 1.000000 0.000000
vt 0.000000 0.000000
vt 1.000000 0.000000
vt 1.000000 1.000000
vt 0.000000 1.000000
vt 0.500000 1.000000
vt 0.000000 0.000000
vt 1.000000 0.000000
vt 0.500000 1.000000
vt 0.000000 0.000000
vt 1.000000 0.000000
vt 0.000000 0.000000
vt 1.000000 0.000000
vt 1.000000 1.000000
vt 0.000000 1.000000
vt 0.000000 0.000000
vt 1.000000 0.000000
vt 1.000000 1.000000
vt 0.000000 1.000000
vt 0.500000 1.000000
vt 0.000000 0.000000
vt 1.000000 0.000000
vt 0.500000 1.000000
vt 0.000000 0.000000
vt 1.000000 0.000000
vt 0.000000 0.000000
vt 1.000000 0.000000
vt 1.000000 1.000000
vt 0.000000 1.000000
vt 0.000000 0.000000
vt 1.000000 0.000000
vt 1.000000 1.000000
vt 0.000000 1.000000
vt 0.500000 1.000000
vt 0.000000 0.000000
vt 1.000000 0.000000
vt 0.500000 1.000000
vt 0.000000 0.000000
vt 1.000000 0.000000
vt 0.000000 0.000000
vt 1.000000 0.000000
vt 1.000000 1.000000
vt 0.000000 1.000000
vt 0.000000 0.000000
vt 1.000000 0.000000
vt 1.000000 1.000000
vt 0.000000 1.000000
vt 0.500000 1.000000
vt 0.000000 0.000000
vt 1.000000 0.000000
vt 0.500000 1.000000
vt 0.000000 0.000000
vt 1.000000 0.000000
vt 0.000000 0.000000
vt 1.000000 0.000000
vt 1.000000 1.000000
vt 0.000000 1.000000
vt 0.000000 0.000000
vt 1.000000 0.000000
vt 1.000000 1.000000
vt 0.000000 1.000000
vt 0.500000 1.000000
vt 0.000000 0.000000
vt 1.000000 0.000000
vt 0.500000 1.000000
vt 0.000000 0.000000
vt 1.000000 0.000000
vt 0.000000 0.000000
vt 1.000000 0.000000
vt 1.000000 1.000000
vt 0.000000 1.000000
vt 0.000000 0.000000
vt 1.000000 0.000000
vt 1.000000 1.000000
vt 0.000000 1.000000
vt 0.500000 1.000000
vt 0.000000 0.000000
vt 1.000000 0.000000
vt 0.500000 1.000000
vt 0.000000 0.000000
vt 1.000000 0.000000
vt 0.000000 0.000000
vt 1.000000 0.000000
vt 1.000000 1.000000
vt 0.000000 1.000000
vt 0.000000 0.000000
vt 1.000000 0.000000
vt 1.000000 1.000000
vt 0.000000 1.000000
vt 0.500000 1.000000
vt 0.000000 0.000000
vt 1.000000 0.000000
vt 0.500000 1.000000
vt 0.000000 0.000000
vt 1.000000 0.000000
vt 0.000000 0.000000
vt 1.000000 0.000000
vt 1.000000 1.000000
vt 0.000000 1.000000
vt 0.000000 0.000000
vt 1.000000 0.000000
vt 1.000000 1.000000
vt 0.000000 1.000000
vt 0.500000 1.000000
vt 0.000000 0.000000
vt 1.000000 0.000000
vt 0.500000 1.000000
vt 0.000000 0.000000
vt 1.000000 0.000000
vt 0.000000 0.000000
vt 1.000000 0.000000
vt 1.000000 1.000000
vt 0.000000 1.000000
vt 0.000000 0.000000
vt 1.000000 0.000000
vt 1.000000 1.000000
vt 0.000000 1.000000
vt 0.500000 1.000000
vt 0.000000 0.000000
vt 1.000000 0.000000
vt 0.500000 1.000000
vt 0.000000 0.000000
vt 1.000000 0.000000
vt 0.000000 0.000000
vt 1.000000 0.000000
vt 1.000000 1.000000
vt 0.000000 1.000000
vt 0.000000 0.000000
vt 1.000000 0.000000
vt 1.000000 1.000000
vt 0.000000 1.000000
vt 0.500000 1.000000
vt 0.000000 0.000000
vt 1.000000 0.000000
vt 0.500000 1.000000
vt 0.000000 0.000000
vt 1.000000 0.000000
vt 0.000000 0.000000
vt 1.000000 0.000000
vt 1.000000 1.000000
vt 0.000000 1.000000
vt 0.000000 0.000000
vt 1.000000 0.000000
vt 1.000000 1.000000
vt 0.000000 1.000000
vt 0.500000 1.000000
vt 0.000000 0.000000
vt 1.000000 0.000000
vt 0.500000 1.000000
vt 0.000000 0.000000
vt 1.000000 0.000000
vt 0.000000 0.000000
vt 1.000000 0.000000
vt 1.000000 1.000000
vt 0.000000 1.000000
vt 0.000000 0.000000
vt 1.000000 0.000000
vt 1.000000 1.000000
vt 0.000000 1.000000
vt 0.500000 1.000000
vt 0.000000 0.000000
vt 1.000000 0.000000
vt 0.500000 1.000000
vt 0.000000 0.000000
vt 1.000000 0.000000
vt 0.000000 0.000000
vt 1.000000 0.000000
vt 1.000000 1.000000
vt 0.000000 1.000000
vt 0.000000 0.000000
vt 1.000000 0.000000
vt 1.000000 1.000000
vt 0.000000 1.000000
vt 0.500000 1.000000
vt 0.000000 0.000000
vt 1.000000 0.000000
vt 0.500000 1.000000
vt 0.000000 0.000000
vt 1.000000 0.000000
vt 0.000000 0.000000
vt 1.000000 0.000000
vt 1.000000 1.000000
vt 0.000000 1.000000
vt 0.000000 0.000000
vt 1.000000 0.000000
vt 1.000000 1.000000
vt 0.000000 1.000000
vt 0.500000 1.000000
vt 0.000000 0.000000
vt 1.000000 0.000000
vt 0.500000 1.000000
vt 0.000000 0.000000
vt 1.000000 0.000000
vt 0.000000 0.000000
vt 1.000000 0.000000
vt 1.000000 1.000000
vt 0.000000 1.000000
vt 0.000000 0.000000
vt 1.000000 0.000000
vt 1.000000 1.000000
vt 0.000000 1.000000
vt 0.500000 1.000000
vt 0.000000 0.000000
vt 1.000000 0.000000
vt 0.500000 1.000000
vt 0.000000 0.000000
vt 1.000000 0.000000
vt 0.000000 0.000000
vt 1.000000 0.000000
vt 1.000000 1.000000
vt 0.000000 1.000000
vt 0.000000 0.000000
vt 1.000000 0.000000
vt 1.000000 1.000000
vt 0.000000 1.000000
vt 0.500000 1.000000
vt 0.000000 0.000000
vt 1.000000 0.000000
vt 0.500000 1.000000
vt 0.000000 0.000000
vt 1.000000 0.000000
vt 0.000000 0.000000
vt 1.000000 0.000000
vt 1.000000 1.000000
vt 0.000000 1.000000
vt 0.000000 0.000000
vt 1.000000 0.000000
vt 1.000000 1.000000
vt 0.000000 1.000000
vt 0.500000 1.000000
vt 0.000000 0.000000
vt 1.000000 0.000000
vt 0.500000 1.000000
vt 0.000000 0.000000
vt 1.000000 0.000000
vt 0.000000 0.000000
vt 1.000000 0.000000
vt 1.000000 1.000000
vt 0.000000 1.000000
vt 0.000000 0.000000
vt 1.000000 0.000000
vt 1.000000 1.000000
vt 0.000000 1.000000
vt 0.500000 1.000000
vt 0.000000 0.000000
vt 1.000000 0.000000
vt 0.500000 1.000000
vt 0.000000 0.000000
vt 1.000000 0.000000
vt 0.000000 0.000000
vt 1.000000 0.000000
vt 1.000000 1.000000
vt 0.000000 1.000000
vt 0.000000 0.000000
vt 1.000000 0.000000
vt 1.000000 1.000000
vt 0.000000 1.000000
vt 0.500000 1.000000
vt 0.000000 0.000000
vt 1.000000 0.000000
vt 0.500000 1.000000
vt 0.000000 0.000000
vt 1.000000 0.000000
vt 0.000000 0.000000
vt 1.000000 0.000000
vt 1.000000 1.000000
vt 0.000000 1.000000
vt 0.000000 0.000000
vt 1.000000 0.000000
vt 1.000000 1.000000
vt 0.000000 1.000000
vt 0.500000 1.000000
vt 0.000000 0.000000
vt 1.000000 0.000000
vt 0.500000 1.000000
vt 0.000000 0.000000
vt 1.000000 0.000000
vt 0.000000 0.000000
vt 1.000000 0.000000
vt 1.000000 1.000000
vt 0.000000 1.000000
vt 0.000000 0.000000
vt 1.000000 0.000000
vt 1.000000 1.000000
vt 0.000000 1.000000
vt 0.500000 1.000000
vt 0.000000 0.000000
vt 1.000000 0.000000
vt 0.500000 1.000000
vt 0.000000 0.000000
vt 1.000000 0.000000
vt 0.000000 0.000000
vt 1.000000 0.000000
vt 1.000000 1.000000
vt 0.000000 1.000000
vt 0.000000 0.000000
vt 1.000000 0.000000
vt 1.000000 1.000000
vt 0.000000 1.000000
vt 0.500000 1.000000
vt 0.000000 0.000000
vt 1.000000 0.000000
vt 0.500000 1.000000
vt 0.000000 0.000000
vt 1.000000 0.000000
vt 0.000000 0.000000
vt 1.000000 0.000000
vt 1.000000 1.000000
vt 0.000000 1.000000
vt 0.000000 0.000000
vt 1.000000 0.000000
vt 1.000000 1.000000
vt 0.000000 1.000000
vt 0.500000 1.000000
vt 0.000000 0.000000
vt 1.000000 0.000000
vt 0.500000 1.000000
vt 0.000000 0.000000
vt 1.000000 0.000000
vt 0.000000 0.000000
vt 1.000000 0.000000
vt 1.000000 1.000000
vt 0.000000 1.000000
vt 0.000000 0.000000
vt 1.000000 0.000000
vt 1.000000 1.000000
vt 0.000000 1.000000
vt 0.500000 1.000000
vt 0.000000 0.000000
vt 1.000000 0.000000
vt 0.500000 1.000000
vt 0.000000 0.000000
vt 1.000000 0.000000
vt 0.000000 0.000000
vt 1.000000 0.000000
vt 1.000000 1.000000
vt 0.000000 1.000000
vt 0.000000 0.000000
vt 1.000000 0.000000
vt 1.000000 1.000000
vt 0.000000 1.000000
vt 0.500000 1.000000
vt 0.000000 0.000000
vt 1.000000 0.000000
vt 0.500000 1.000000
vt 0.000000 0.000000
vt 1.000000 0.000000
vt 0.000000 0.000000
vt 1.000000 0.000000
vt 1.000000 1.000000
vt 0.000000 1.000000
vt 0.000000 0.000000
vt 1.000000 0.000000
vt 1.000000 1.000000
vt 0.000000 1.000000
vt 0.500000 1.000000
vt 0.000000 0.000000
vt 1.000000 0.000000
vt 0.500000 1.000000
vt 0.000000 0.000000
vt 1.000000 0.000000
vt 0.000000 0.000000
vt 1.000000 0.000000
vt 1.000000 1.000000
vt 0.000000 1.000000
vt 0.000000 0.000000
vt 1.000000 0.000000
vt 1.000000 1.000000
vt 0.000000 1.000000
vt 0.500000 1.000000
vt 0.000000 0.000000
vt 1.000000 0.000000
vt 0.500000 1.000000
vt 0.000000 0.000000
vt 1.000000 0.000000
vt 0.000000 0.000000
vt 1.000000 0.000000
vt 1.000000 1.000000
vt 0.000000 1.000000
vt 0.000000 0.000000
vt 1.000000 0.000000
vt 1.000000 1.000000
vt 0.000000 1.000000
vt 0.500000 1.000000
vt 0.000000 0.000000
vt 1.000000 0.000000
vt 0.500000 1.000000
vt 0.000000 0.000000
vt 1.000000 0.000000
vt 0.000000 0.000000
vt 1.000000 0.000000
vt 1.000000 1.000000
vt 0.000000 1.000000
vt 0.000000 0.000000
vt 1.000000 0.000000
vt 1.000000 1.000000
vt 0.000000 1.000000
vt 0.500000 1.000000
vt 0.000000 0.000000
vt 1.000000 0.000000
vt 0.500000 1.000000
vt 0.000000 0.000000
vt 1.000000 0.000000
vt 0.000000 0.000000
vt 1.000000 0.000000
vt 1.000000 1.000000
vt 0.000000 1.000000
vt 0.000000 0.000000
vt 1.000000 0.000000
vt 1.000000 1.000000
vt 0.000000 1.000000
vt 0.500000 1.000000
vt 0.000000 0.000000
vt 1.000000 0.000000
vt 0.500000 1.000000
vt 0.000000 0.000000
vt 1.000000 0.000000
vt 0.000000 0.000000
vt 1.000000 0.000000
vt 1.000000 1.000000
vt 0.000000 1.000000
vt 0.000000 0.000000
vt 1.000000 0.000000
vt 1.000000 1.000000
vt 0.000000 1.000000
vt 0.500000 1.000000
vt 0.000000 0.000000
vt 1.000000 0.000000
vt 0.500000 1.000000
vt 0.000000 0.000000
vt 1.000000 0.000000
vt 0.000000 0.000000
vt 1.000000 0.000000
vt 1.000000 1.000000
vt 0.000000 1.000000
vt 0.000000 0.000000
vt 1.000000 0.000000
vt 1.000000 1.000000
vt 0.000000 1.000000
vt 0.500000 1.000000
vt 0.000000 0.000000
vt 1.000000 0.000000
vt 0.500000 1.000000
vt 0.000000 0.000000
vt 1.000000 0.000000
vt 0.000000 0.000000
vt 1.000000 0.000000
vt 1.000000 1.000000
vt 0.000000 1.000000
vt 0.000000 0.000000
vt 1.000000 0.000000
vt 1.000000 1.000000
vt 0.000000 1.000000
vt 0.500000 1.000000
vt 0.000000 0.000000
vt 1.000000 0.000000
vt 0.500000 1.000000
vt 0.000000 0.000000
vt 1.000000 0.000000
vt 0.000000 0.000000
vt 1.000000 0.000000
vt 1.000000 1.000000
vt 0.000000 1.000000
vt 0.000000 0.000000
vt 1.000000 0.000000
vt 1.000000 1.000000
vt 0.000000 1.000000
vt 0.500000 1.000000
vt 0.000000 0.000000
vt 1.000000 0.000000
vt 0.500000 1.000000
vt 0.000000 0.000000
vt 1.000000 0.000000
vt 0.000000 0.000000
vt 1.000000 0.000000
vt 1.000000 1.000000
vt 0.000000 1.000000
vt 0.000000 0.000000
vt 1.000000 0.000000
vt 1.000000 1.000000
vt 0.000000 1.000000
vt 0.500000 1.000000
vt 0.000000 0.000000
vt 1.000000 0.000000
vt 0.500000 1.000000
vt 0.000000 0.000000
vt 1.000000 0.000000
vt 0.000000 0.000000
vt 1.000000 0.000000
vt 1.000000 1.000000
vt 0.000000 1.000000
vt 0.000000 0.000000
vt 1.000000 0.000000
vt 1.000000 1.000000
vt 0.000000 1.000000
vt 0.500000 1.000000
vt 0.000000 0.000000
vt 1.000000 0.000000
vt 0.500000 1.000000
vt 0.000000 0.000000
vt 1.000000 0.000000
vt 0.000000 0.000000
vt 1.000000 0.000000
vt 1.000000 1.000000
vt 0.000000 1.000000
vt 0.000000 0.000000
vt 1.000000 0.000000
vt 1.000000 1.000000
vt 0.000000 1.000000
vt 0.500000 1.000000
vt 0.000000 0.000000
vt 1.000000 0.000000
vt 0.500000 1.000000
vt 0.000000 0.000000
vt 1.000000 0.000000
vt 0.000000 0.000000
vt 1.000000 0.000000
vt 1.000000 1.000000
vt 0.000000 1.000000
vt 0.000000 0.000000
vt 1.000000 0.000000
vt 1.000000 1.000000
vt 0.000000 1.000000
vt 0.500000 1.000000
vt 0.000000 0.000000
vt 1.000000 0.000000
vt 0.500000 1.000000
vt 0.000000 0.000000
vt 1.000000 0.000000
vt 0.000000 0.000000
vt 1.000000 0.000000
vt 1.000000 1.000000
vt 0.000000 1.000000
vt 0.000000 0.000000
vt 1.000000 0.000000
vt 1.000000 1.000000
vt 0.000000 1.000000
vt 0.500000 1.000000
vt 0.000000 0.000000
vt 1.000000 0.000000
vt 0.500000 1.000000
vt 0.000000 0.000000
vt 1.000000 0.000000
vt 0.000000 0.000000
vt 1.000000 0.000000
vt 1.000000 1.000000
vt 0.000000 1.000000
vt 0.000000 0.000000
vt 1.000000 0.000000
vt 1.000000 1.000000
vt 0.000000 1.000000
vt 0.500000 1.000000
vt 0.000000 0.000000
vt 1.000000 0.000000
vt 0.500000 1.000000
vt 0.000000 0.000000
vt 1.000000 0.000000
vt 0.000000 0.000000
vt 1.000000 0.000000
vt 1.000000 1.000000
vt 0.000000 1.000000
vt 0.000000 0.000000
vt 1.000000 0.000000
vt 1.000000 1.000000
vt 0.000000 1.000000
vt 0.500000 1.000000
vt 0.000000 0.000000
vt 1.000000 0.000000
vt 0.500000 1.000000
vt 0.000000 0.000000
vt 1.000000 0.000000
vt 0.000000 0.000000
vt 1.000000 0.000000
vt 1.000000 1.000000
vt 0.000000 1.000000
vt 0.000000 0.000000
vt 1.000000 0.000000
vt 1.000000 1.000000
vt 0.000000 1.000000
vt 0.500000 1.000000
vt 0.000000 0.000000
vt 1.000000 0.000000
vt 0.500000 1.000000
vt 0.000000 0.000000
vt 1.000000 0.000000
vt 0.000000 0.000000
vt 1.000000 0.000000
vt 1.000000 1.000000
vt 0.000000 1.000000
vt 0.000000 0.000000
vt 1.000000 0.000000
vt 1.000000 1.000000
vt 0.000000 1.000000
vt 0.500000 1.000000
vt 0.000000 0.000000
vt 1.000000 0.000000
vt 0.500000 1.000000
vt 0.000000 0.000000
vt 1.000000 0.000000
vt 0.000000 0.000000
vt 1.000000 0.000000
vt 1.000000 1.000000
vt 0.000000 1.000000
vt 0.000000 0.000000
vt 1.000000 0.000000
vt 1.000000 1.000000
vt 0.000000 1.000000
vt 0.500000 1.000000
vt 0.000000 0.000000
vt 1.000000 0.000000
vt 0.500000 1.000000
vt 0.000000 0.000000
vt 1.000000 0.000000
vt 0.000000 0.000000
vt 1.000000 0.000000
vt 1.000000 1.000000
vt 0.000000 1.000000
vt 0.000000 0.000000
vt 1.000000 0.000000
vt 1.000000 1.000000
vt 0.000000 1.000000
vt 0.500000 1.000000
vt 0.000000 0.000000
vt 1.000000 0.000000
vt 0.500000 1.000000
vt 0.000000 0.000000
vt 1.000000 0.000000
vt 0.000000 0.000000
vt 1.000000 0.000000
vt 1.000000 1.000000
vt 0.000000 1.000000
vt 0.000000 0.000000
vt 1.000000 0.000000
vt 1.000000 1.000000
vt 0.000000 1.000000
vt 0.500000 1.000000
vt 0.000000 0.000000
vt 1.000000 0.000000
vt 0.500000 1.000000
vt 0.000000 0.000000
vt 1.000000 0.000000
vt 0.000000 0.000000
vt 1.000000 0.000000
vt 1.000000 1.000000
vt 0.000000 1.000000
vt 0.000000 0.000000
vt 1.000000 0.000000
vt 1.000000 1.000000
vt 0.000000 1.000000
vt 0.500000 1.000000
vt 0.000000 0.000000
vt 1.000000 0.000000
vt 0.500000 1.000000
vt 0.000000 0.000000
vt 1.000000 0.000000
vt 0.000000 0.000000
vt 1.000000 0.000000
vt 1.000000 1.000000
vt 0.000000 1.000000
vt 0.000000 0.000000
vt 1.000000 0.000000
vt 1.000000 1.000000
vt 0.000000 1.000000
vt 0.500000 1.000000
vt 0.000000 0.000000
vt 1.000000 0.000000
vt 0.500000 1.000000
vt 0.000000 0.000000
vt 1.000000 0.000000
vt 0.000000 0.000000
vt 1.000000 0.000000
vt 1.000000 1.000000
vt 0.000000 1.000000
vt 0.000000 0.000000
vt 1.000000 0.000000
vt 1.000000 1.000000
vt 0.000000 1.000000
vt 0.500000 1.000000
vt 0.000000 0.000000
vt 1.000000 0.000000
vt 0.500000 1.000000
vt 0.000000 0.000000
vt 1.000000 0.000000
vt 0.000000 0.000000
vt 1.000000 0.000000
vt 1.000000 1.000000
vt 0.000000 1.000000
vt 0.000000 0.000000
vt 1.000000 0.000000
vt 1.000000 1.000000
vt 0.000000 1.000000
vt 0.500000 1.000000
vt 0.000000 0.000000
vt 1.000000 0.000000
vt 0.500000 1.000000
vt 0.000000 0.000000
vt 1.000000 0.000000
vt 0.000000 0.000000
vt 1.000000 0.000000
vt 1.000000 1.000000
vt 0.000000 1.000000
vt 0.000000 0.000000
vt 1.000000 0.000000
vt 1.000000 1.000000
vt 0.000000 1.000000
vt 0.500000 1.000000
vt 0.000000 0.000000
vt 1.000000 0.000000
vt 0.500000 1.000000
vt 0.000000 0.000000
vt 1.000000 0.000000
vt 0.000000 0.000000
vt 1.000000 0.000000
vt 1.000000 1.000000
vt 0.000000 1.000000
vt 0.000000 0.000000
vt 1.000000 0.000000
vt 1.000000 1.000000
vt 0.000000 1.000000
vt 0.500000 1.000000
vt 0.000000 0.000000
vt 1.000000 0.000000
vt 0.500000 1.000000
vt 0.000000 0.000000
vt 1.000000 0.000000
vt 0.000000 0.000000
vt 1.000000 0.000000
vt 1.000000 1.000000
vt 0.000000 1.000000
vt 0.000000 0.000000
vt 1.000000 0.000000
vt 1.000000 1.000000
vt 0.000000 1.000000
vt 0.500000 1.000000
vt 0.000000 0.000000
vt 1.000000 0.000000
vt 0.500000 1.000000
vt 0.000000 0.000000
vt 1.000000 0.000000
vt 0.000000 0.000000
vt 1.000000 0.000000
vt 1.000000 1.000000
vt 0.000000 1.000000
vt 0.000000 0.000000
vt 1.000000 0.000000
vt 1.000000 1.000000
vt 0.000000 1.000000
vt 0.500000 1.000000
vt 0.000000 0.000000
vt 1.000000 0.000000
vt 0.500000 1.000000
vt 0.000000 0.000000
vt 1.000000 0.000000
vt 0.000000 0.000000
vt 1.000000 0.000000
vt 1.000000 1.000000
vt 0.000000 1.000000
vt 0.000000 0.000000
vt 1.000000 0.000000
vt 1.000000 1.000000
vt 0.000000 1.000000
vt 0.500000 1.000000
vt 0.000000 0.000000
vt 1.000000 0.000000
vt 0.500000 1.000000
vt 0.000000 0.000000
vt 1.000000 0.000000
vt 0.000000 0.000000
vt 1.000000 0.000000
vt 1.000000 1.000000
vt 0.000000 1.000000
vt 0.000000 0.000000
vt 1.000000 0.000000
vt 1.000000 1.000000
vt 0.000000 1.000000
vt 0.500000 1.000000
vt 0.000000 0.000000
vt 1.000000 0.000000
vt 0.500000 1.000000
vt 0.000000 0.000000
vt 1.000000 0.000000
vt 0.000000 0.000000
vt 1.000000 0.000000
vt 1.000000 1.000000
vt 0.000000 1.000000
vt 0.000000 0.000000
vt 1.000000 0.000000
vt 1.000000 1.000000
vt 0.000000 1.000000
vt 0.500000 1.000000
vt 0.000000 0.000000
vt 1.000000 0.000000
vt 0.500000 1.000000
vt 0.000000 0.000000
vt 1.000000 0.000000
vt 0.000000 0.000000
vt 1.000000 0.000000
vt 1.000000 1.000000
vt 0.000000 1.000000
vt 0.000000 0.000000
vt 1.000000 0.000000
vt 1.000000 1.000000
vt 0.000000 1.000000
vt 0.500000 1.000000
vt 0.000000 0.000000
vt 1.000000 0.000000
vt 0.500000 1.000000
vt 0.000000 0.000000
vt 1.000000 0.000000
vt 0.000000 0.000000
vt 1.000000 0.000000
vt 1.000000 1.000000
vt 0.000000 1.000000
vt 0.000000 0.000000
vt 1.000000 0.000000
vt 1.000000 1.000000
vt 0.000000 1.000000
vt 0.500000 1.000000
vt 0.000000 0.000000
vt 1.000000 0.000000
vt 0.500000 1.000000
vt 0.000000 0.000000
vt 1.000000 0.000000
vt 0.000000 0.000000
vt 1.000000 0.000000
vt 1.000000 1.000000
vt 0.000000 1.000000
vt 0.000000 0.000000
vt 1.000000 0.000000
vt 1.000000 1.000000
vt 0.000000 1.000000
vt 0.500000 1.000000
vt 0.000000 0.000000
vt 1.000000 0.000000
vt 0.500000 1.000000
vt 0.000000 0.000000
vt 1.000000 0.000000
vt 0.000000 0.000000
vt 1.000000 0.000000
vt 1.000000 1.000000
vt 0.000000 1.000000
vt 0.000000 0.000000
vt 1.000000 0.000000
vt 1.000000 1.000000
vt 0.000000 1.000000
vt 0.500000 1.000000
vt 0.000000 0.000000
vt 1.000000 0.000000
vt 0.500000 1.000000
vt 0.000000 0.000000
vt 1.000000 0.000000
vt 0.000000 0.000000
vt 1.000000 0.000000
vt 1.000000 1.000000
vt 0.000000 1.000000
vt 0.000000 0.000000
vt 1.000000 0.000000
vt 1.000000 1.000000
vt 0.000000 1.000000
vt 0.500000 1.000000
vt 0.000000 0.000000
vt 1.000000 0.000000
vt 0.500000 1.000000
vt 0.000000 0.000000
vt 1.000000 0.000000
vt 0.000000 0.000000
vt 1.000000 0.000000
vt 1.000000 1.000000
vt 0.000000 1.000000
vt 0.000000 0.000000
vt 1.000000 0.000000
vt 1.000000 1.000000
vt 0.000000 1.000000
vt 0.500000 1.000000
vt 0.000000 0.000000
vt 1.000000 0.000000
vt 0.500000 1.000000
vt 0.000000 0.000000
vt 1.000000 0.000000
vt 0.000000 0.000000
vt 1.000000 0.000000
vt 1.000000 1.000000
vt 0.000000 1.000000
vt 0.000000 0.000000
vt 1.000000 0.000000
vt 1.000000 1.000000
vt 0.000000 1.000000
vt 0.500000 1.000000
vt 0.000000 0.000000
vt 1.000000 0.000000
vt 0.500000 1.000000
vt 0.000000 0.000000
vt 1.000000 0.000000
vt 0.000000 0.000000
vt 1.000000 0.000000
vt 1.000000 1.000000
vt 0.000000 1.000000
vt 0.000000 0.000000
vt 1.000000 0.000000
vt 1.000000 1.000000
vt 0.000000 1.000000
vt 0.500000 1.000000
vt 0.000000 0.000000
vt 1.000000 0.000000
vt 0.500000 1.000000
vt 0.000000 0.000000
vt 1.000000 0.000000
vt 0.000000 0.000000
vt 1.000000 0.000000
vt 1.000000 1.000000
vt 0.000000 1.000000
vt 0.000000 0.000000
vt 1.000000 0.000000
vt 1.000000 1.000000
vt 0.000000 1.000000
vt 0.500000 1.000000
vt 0.000000 0.000000
vt 1.000000 0.000000
vt 0.500000 1.000000
vt 0.000000 0.000000
vt 1.000000 0.000000
vt 0.000000 0.000000
vt 1.000000 0.000000
vt 1.000000 1.000000
vt 0.000000 1.000000
vt 0.000000 0.000000
vt 1.000000 0.000000
vt 1.000000 1.000000
vt 0.000000 1.000000
vt 0.500000 1.000000
vt 0.000000 0.000000
vt 1.000000 0.000000
vt 0.500000 1.000000
vt 0.000000 0.000000
vt 1.000000 0.000000
vt 0.000000 0.000000
vt 1.000000 0.000000
vt 1.000000 1.000000
vt 0.000000 1.000000
vt 0.000000 0.000000
vt 1.000000 0.000000
vt 1.000000 1.000000
vt 0.000000 1.000000
vt 0.500000 1.000000
vt 0.000000 0.000000
vt 1.000000 0.000000
vt 0.500000 1.000000
vt 0.000000 0.000000
vt 1.000000 0.000000
vt 0.000000 0.000000
vt 1.000000 0.000000
vt 1.000000 1.000000
vt 0.000000 1.000000
vt 0.000000 0.000000
vt 1.000000 0.000000
vt 1.000000 1.000000
vt 0.000000 1.000000
vt 0.500000 1.000000
vt 0.000000 0.000000
vt 1.000000 0.000000
vt 0.500000 1.000000
vt 0.000000 0.000000
vt 1.000000 0.000000
vt 0.000000 0.000000
vt 1.000000 0.000000
vt 1.000000 1.000000
vt 0.000000 1.000000
vt 0.000000 0.000000
vt 1.000000 0.000000
vt 1.000000 1.000000
vt 0.000000 1.000000
vt 0.500000 1.000000
vt 0.000000 0.000000
vt 1.000000 0.000000
vt 0.500000 1.000000
vt 0.000000 0.000000
vt 1.000000 0.000000
vt 0.000000 0.000000
vt 1.000000 0.000000
vt 1.000000 1.000000
vt 0.000000 1.000000
vt 0.000000 0.000000
vt 1.000000 0.000000
vt 1.000000 1.000000
vt 0.000000 1.000000
vt 0.500000 1.000000
vt 0.000000 0.000000
vt 1.000000 0.000000
vt 0.500000 1.000000
vt 0.000000 0.000000
vt 1.000000 0.000000
vt 0.000000 0.000000
vt 1.000000 0.000000
vt 1.000000 1.000000
vt 0.000000 1.000000
vt 0.000000 0.000000
vt 1.000000 0.000000
vt 1.000000 1.000000
vt 0.000000 1.000000
vt 0.500000 1.000000
vt 0.000000 0.000000
vt 1.000000 0.000000
vt 0.500000 1.000000
vt 0.000000 0.000000
vt 1.000000 0.000000
vt 0.000000 0.000000
vt 1.000000 0.000000
vt 1.000000 1.000000
vt 0.000000 1.000000
vt 0.000000 0.000000
vt 1.000000 0.000000
vt 1.000000 1.000000
vt 0.000000 1.000000
vt 0.500000 1.000000
vt 0.000000 0.000000
vt 1.000000 0.000000
s 1
usemtl models/caelum/world/environment/bark_desert.png
f 1/1 2/2 3/3 4/4
f 5/5 6/6 7/7
f 8/8 9/9 10/10 11/11
f 12/12 13/13 14/14
f 15/15 16/16 17/17 18/18
f 19/19 20/20 21/21
f 22/22 23/23 24/24 25/25
f 26/26 27/27 28/28
f 29/29 30/30 31/31 32/32
f 33/33 34/34 35/35
f 36/36 37/37 38/38 39/39
f 40/40 41/41 42/42
f 43/43 44/44 45/45 46/46
f 47/47 48/48 49/49
f 50/50 51/51 52/52 53/53
f 54/54 55/55 56/56
f 57/57 58/58 59/59 60/60
f 61/61 62/62 63/63
f 64/64 65/65 66/66 67/67
f 68/68 69/69 70/70
f 71/71 72/72 73/73 74/74
f 75/75 76/76 77/77
f 78/78 79/79 80/80 81/81
f 82/82 83/83 84/84
f 85/85 86/86 87/87 88/88
f 89/89 90/90 91/91
f 92/92 93/93 94/94 95/95
f 96/96 97/97 98/98
f 99/99 100/100 101/101 102/102
f 103/103 104/104 105/105
f 106/106 107/107 108/108 109/109
f 110/110 111/111 112/112
f 113/113 114/114 115/115 116/116
f 117/117 118/118 119/119
f 120/120 121/121 122/122 123/123
f 124/124 125/125 126/126
f 127/127 128/128 129/129 130/130
f 131/131 132/132 133/133
f 134/134 135/135 136/136 137/137
f 138/138 139/139 140/140
f 141/141 142/142 143/143 144/144
f 145/145 146/146 147/147
f 148/148 149/149 150/150 151/151
f 152/152 153/153 154/154
f 155/155 156/156 157/157 158/158
f 159/159 160/160 161/161
f 162/162 163/163 164/164 165/165
f 166/166 167/167 168/168
f 169/169 170/170 171/171 172/172
f 173/173 174/174 175/175
f 176/176 177/177 178/178 179/179
f 180/180 181/181 182/182
f 183/183 184/184 185/185 186/186
f 187/187 188/188 189/189
f 190/190 191/191 192/192 193/193
f 194/194 195/195 196/196
f 197/197 198/198 199/199 200/200
f 201/201 202/202 203/203
f 204/204 205/205 206/206 207/207
f 208/208 209/209 210/210
f 211/211 212/212 213/213 214/214
f 215/215 216/216 217/217
f 218/218 219/219 220/220 221/221
f 222/222 223/223 224/224
f 225/225 226/226 227/227 228/228
f 229/229 230/230 231/231
f 232/232 233/233 234/234 235/235
f 236/236 237/237 238/238
f 239/239 240/240 241/241 242/242
f 243/243 244/244 245/245
f 246/246 247/247 248/248 249/249
f 250/250 251/251 252/252
f 253/253 254/254 255/255 256/256
f 257/257 258/258 259/259
f 260/260 261/261 262/262 263/263
f 264/264 265/265 266/266
f 267/267 268/268 269/269 270/270
f 271/271 272/272 273/273
f 274/274 275/275 276/276 277/277
f 278/278 279/279 280/280
f 281/281 282/282 283/283 284/284
f 285/285 286/286 287/287
f 288/288 289/289 290/290 291/291
f 292/292 293/293 294/294
f 295/295 296/296 297/297 298/298
f 299/299 300/300 301/301
f 302/302 303/303 304/304 305/305
f 306/306 307/307 308/308
f 309/309 310/310 311/311 312/312
f 313/313 314/314 315/315
f 316/316 317/317 318/318 319/319
f 320/320 321/321 322/322
f 323/323 324/324 325/325 326/326
f 327/327 328/328 329/329
f 330/330 331/331 332/332 333/333
f 334/334 335/335 336/336
f 337/337 338/338 339/339 340/340
f 341/341 342/342 343/343
f 344/344 345/345 346/346 347/347
f 348/348 349/349 350/350
f 351/351 352/352 353/353 354/354
f 355/355 356/356 357/357
f 358/358 359/359 360/360 361/361
f 362/362 363/363 364/364
f 365/365 366/366 367/367 368/368
f 369/369 370/370 371/371
f 372/372 373/373 374/374 375/375
f 376/376 377/377 378/378
f 379/379 380/380 381/381 382/382
f 383/383 384/384 385/385
f 386/386 387/387 388/388 389/389
f 390/390 391/391 392/392
f 393/393 394/394 395/395 396/396
f 397/397 398/398 399/399
f 400/400 401/401 402/402 403/403
f 404/404 405/405 406/406
f 407/407 408/408 409/409 410/410
f 411/411 412/412 413/413
f 414/414 415/415 416/416 417/417
f 418/418 419/419 420/420
f 421/421 422/422 423/423 424/424
f 425/425 426/426 427/427
f 428/428 429/429 430/430 431/431
f 432/432 433/433 434/434
f 435/435 436/436 437/437 438/438
f 439/439 440/440 441/441
f 442/442 443/443 444/444 445/445
f 446/446 447/447 448/448
f 449/449 450/450 451/451 452/452
f 453/453 454/454 455/455
f 456/456 457/457 458/458 459/459
f 460/460 461/461 462/462
f 463/463 464/464 465/465 466/466
f 467/467 468/468 469/469
f 470/470 471/471 472/472 473/473
f 474/474 475/475 476/476
f 477/477 478/478 479/479 480/480
f 481/481 482/482 483/483
f 484/484 485/485 486/486 487/487
f 488/488 489/489 490/490
f 491/491 492/492 493/493 494/494
f 495/495 496/496 497/497
f 498/498 499/499 500/500 501/501
f 502/502 503/503 504/504
f 505/505 506/506 507/507 508/508
f 509/509 510/510 511/511
f 512/512 513/513 514/514 515/515
f 516/516 517/517 518/518
f 519/519 520/520 521/521 522/522
f 523/523 524/524 525/525
f 526/526 527/527 528/528 529/529
f 530/530 531/531 532/532
f 533/533 534/534 535/535 536/536
f 537/537 538/538 539/539
f 540/540 541/541 542/542 543/543
f 544/544 545/545 546/546
f 547/547 548/548 549/549 550/550
f 551/551 552/552 553/553
f 554/554 555/555 556/556 557/557
f 558/558 559/559 560/560
f 561/561 562/562 563/563 564/564
f 565/565 566/566 567/567
f 568/568 569/569 570/570 571/571
f 572/572 573/573 574/574
f 575/575 576/576 577/577 578/578
f 579/579 580/580 581/581
f 582/582 583/583 584/584 585/585
f 586/586 587/587 588/588
f 589/589 590/590 591/591 592/592
f 593/593 594/594 595/595
f 596/596 597/597 598/598 599/599
f 600/600 601/601 602/602
f 603/603 604/604 605/605 606/606
f 607/607 608/608 609/609
f 610/610 611/611 612/612 613/613
f 614/614 615/615 616/616
f 617/617 618/618 619/619 620/620
f 621/621 622/622 623/623
f 624/624 625/625 626/626 627/627
f 628/628 629/629 630/630
f 631/631 632/632 633/633 634/634
f 635/635 636/636 637/637
f 638/638 639/639 640/640 641/641
f 642/642 643/643 644/644
f 645/645 646/646 647/647 648/648
f 649/649 650/650 651/651
f 652/652 653/653 654/654 655/655
f 656/656 657/657 658/658
f 659/659 660/660 661/661 662/662
f 663/663 664/664 665/665
f 666/666 667/667 668/668 669/669
f 670/670 671/671 672/672
f 673/673 674/674 675/675 676/676
f 677/677 678/678 679/679
f 680/680 681/681 682/682 683/683
f 684/684 685/685 686/686
f 687/687 688/688 689/689 690/690
f 691/691 692/692 693/693
f 694/694 695/695 696/696 697/697
f 698/698 699/699 700/700
f 701/701 702/702 703/703 704/704
f 705/705 706/706 707/707
f 708/708 709/709 710/710 711/711
f 712/712 713/713 714/714
f 715/715 716/716 717/717 718/718
f 719/719 720/720 721/721
f 722/722 723/723 724/724 725/725
f 726/726 727/727 728/728
f 729/729 730/730 731/731 732/732
f 733/733 734/734 735/735
f 736/736 737/737 738/738 739/739
f 740/740 741/741 742/742
f 743/743 744/744 745/745 746/746
f 747/747 748/748 749/749
f 750/750 751/751 752/752 753/753
f 754/754 755/755 756/756
f 757/757 758/758 759/759 760/760
f 761/761 762/762 763/763
f 764/764 765/765 766/766 767/767
f 768/768 769/769 770/770
f 771/771 772/772 773/773 774/774
f 775/775 776/776 777/777
f 778/778 779/779 780/780 781/781
f 782/782 783/783 784/784
f 785/785 786/786 787/787 788/788
f 789/789 790/790 791/791
f 792/792 793/793 794/794 795/795
f 796/796 797/797 798/798
usemtl models/caelum/world/environment/foliage_desert.png
f 799/799 800/800 801/801
f 802/802 803/803 804/804 805/805
f 806/806 807/807 808/808 809/809
f 810/810 811/811 812/812
f 813/813 814/814 815/815
f 816/816 817/817 818/818 819/819
f 820/820 821/821 822/822 823/823
f 824/824 825/825 826/826
f 827/827 828/828 829/829
f 830/830 831/831 832/832 833/833
f 834/834 835/835 836/836 837/837
f 838/838 839/839 840/840
f 841/841 842/842 843/843
f 844/844 845/845 846/846 847/847
f 848/848 849/849 850/850 851/851
f 852/852 853/853 854/854
f 855/855 856/856 857/857
f 858/858 859/859 860/860 861/861
f 862/862 863/863 864/864 865/865
f 866/866 867/867 868/868
f 869/869 870/870 871/871
f 872/872 873/873 874/874 875/875
f 876/876 877/877 878/878 879/879
f 880/880 881/881 882/882
f 883/883 884/884 885/885
f 886/886 887/887 888/888 889/889
f 890/890 891/891 892/892 893/893
f 894/894 895/895 896/896
f 897/897 898/898 899/899
f 900/900 901/901 902/902 903/903
f 904/904 905/905 906/906 907/907
f 908/908 909/909 910/910
f 911/911 912/912 913/913
f 914/914 915/915 916/916 917/917
f 918/918 919/919 920/920 921/921
f 922/922 923/923 924/924
f 925/925 926/926 927/927
f 928/928 929/929 930/930 931/931
f 932/932 933/933 934/934 935/935
f 936/936 937/937 938/938
f 939/939 940/940 941/941
f 942/942 943/943 944/944 945/945
f 946/946 947/947 948/948 949/949
f 950/950 951/951 952/952
f 953/953 954/954 955/955
f 956/956 957/957 958/958 959/959
f 960/960 961/961 962/962 963/963
f 964/964 965/965 966/966
f 967/967 968/968 969/969
f 970/970 971/971 972/972 973/973
f 974/974 975/975 976/976 977/977
f 978/978 979/979 980/980
f 981/981 982/982 983/983
f 984/984 985/985 986/986 987/987
f 988/988 989/989 990/990 991/991
f 992/992 993/993 994/994
f 995/995 996/996 997/997
f 998/998 999/999 1000/1000 1001/1001
f 1002/1002 1003/1003 1004/1004 1005/1005
f 1006/1006 1007/1007 1008/1008
f 1009/1009 1010/1010 1011/1011
f 1012/1012 1013/1013 1014/1014 1015/1015
f 1016/1016 1017/1017 1018/1018 1019/1019
f 1020/1020 1021/1021 1022/1022
f 1023/1023 1024/1024 1025/1025
f 1026/1026 1027/1027 1028/1028 1029/1029
f 1030/1030 1031/1031 1032/1032 1033/1033
f 1034/1034 1035/1035 1036/1036
f 1037/1037 1038/1038 1039/1039
f 1040/1040 1041/1041 1042/1042 1043/1043
f 1044/1044 1045/1045 1046/1046 1047/1047
f 1048/1048 1049/1049 1050/1050
f 1051/1051 1052/1052 1053/1053
f 1054/1054 1055/1055 1056/1056 1057/1057
f 1058/1058 1059/1059 1060/1060 1061/1061
f 1062/1062 1063/1063 1064/1064
f 1065/1065 1066/1066 1067/1067
f 1068/1068 1069/1069 1070/1070 1071/1071
f 1072/1072 1073/1073 1074/1074 1075/1075
f 1076/1076 1077/1077 1078/1078
f 1079/1079 1080/1080 1081/1081
f 1082/1082 1083/1083 1084/1084 1085/1085
f 1086/1086 1087/1087 1088/1088 1089/1089
f 1090/1090 1091/1091 1092/1092
f 1093/1093 1094/1094 1095/1095
f 1096/1096 1097/1097 1098/1098 1099/1099
f 1100/1100 1101/1101 1102/1102 1103/1103
f 1104/1104 1105/1105 1106/1106
f 1107/1107 1108/1108 1109/1109
f 1110/1110 1111/1111 1112/1112 1113/1113
f 1114/1114 1115/1115 1116/1116 1117/1117
f 1118/1118 1119/1119 1120/1120
f 1121/1121 1122/1122 1123/1123
f 1124/1124 1125/1125 1126/1126 1127/1127
f 1128/1128 1129/1129 1130/1130 1131/1131
f 1132/1132 1133/1133 1134/1134
f 1135/1135 1136/1136 1137/1137
f 1138/1138 1139/1139 1140/1140 1141/1141
f 1142/1142 1143/1143 1144/1144 1145/1145
f 1146/1146 1147/1147 1148/1148
f 1149/1149 1150/1150 1151/1151
f 1152/1152 1153/1153 1154/1154 1155/1155
f 1156/1156 1157/1157 1158/1158 1159/1159
f 1160/1160 1161/1161 1162/1162
f 1163/1163 1164/1164 1165/1165
f 1166/1166 1167/1167 1168/1168 1169/1169
f 1170/1170 1171/1171 1172/1172 1173/1173
f 1174/1174 1175/1175 1176/1176
f 1177/1177 1178/1178 1179/1179
f 1180/1180 1181/1181 1182/1182 1183/1183
f 1184/1184 1185/1185 1186/1186 1187/1187
f 1188/1188 1189/1189 1190/1190
f 1191/1191 1192/1192 1193/1193
f 1194/1194 1195/1195 1196/1196 1197/1197
f 1198/1198 1199/1199 1200/1200 1201/1201
f 1202/1202 1203/1203 1204/1204
f 1205/1205 1206/1206 1207/1207
f 1208/1208 1209/1209 1210/1210 1211/1211
f 1212/1212 1213/1213 1214/1214 1215/1215
f 1216/1216 1217/1217 1218/1218
f 1219/1219 1220/1220 1221/1221
f 1222/1222 1223/1223 1224/1224 1225/1225
f 1226/1226 1227/1227 1228/1228 1229/1229
f 1230/1230 1231/1231 1232/1232
f 1233/1233 1234/1234 1235/1235
f 1236/1236 1237/1237 1238/1238 1239/1239
f 1240/1240 1241/1241 1242/1242 1243/1243
f 1244/1244 1245/1245 1246/1246
f 1247/1247 1248/1248 1249/1249
f 1250/1250 1251/1251 1252/1252 1253/1253
f 1254/1254 1255/1255 1256/1256 1257/1257
f 1258/1258 1259/1259 1260/1260
f 1261/1261 1262/1262 1263/1263
f 1264/1264 1265/1265 1266/1266 1267/1267
f 1268/1268 1269/1269 1270/1270 1271/1271
f 1272/1272 1273/1273 1274/1274
f 1275/1275 1276/1276 1277/1277
f 1278/1278 1279/1279 1280/1280 1281/1281
f 1282/1282 1283/1283 1284/1284 1285/1285
f 1286/1286 1287/1287 1288/1288
f 1289/1289 1290/1290 1291/1291
f 1292/1292 1293/1293 1294/1294 1295/1295
f 1296/1296 1297/1297 1298/1298 1299/1299
f 1300/1300 1301/1301 1302/1302
f 1303/1303 1304/1304 1305/1305
f 1306/1306 1307/1307 1308/1308 1309/1309
f 1310/1310 1311/1311 1312/1312 1313/1313
f 1314/1314 1315/1315 1316/1316
f 1317/1317 1318/1318 1319/1319
f 1320/1320 1321/1321 1322/1322 1323/1323
f 1324/1324 1325/1325 1326/1326 1327/1327
f 1328/1328 1329/1329 1330/1330
f 1331/1331 1332/1332 1333/1333
f 1334/1334 1335/1335 1336/1336 1337/1337
f 1338/1338 1339/1339 1340/1340 1341/1341
f 1342/1342 1343/1343 1344/1344
f 1345/1345 1346/1346 1347/1347
f 1348/1348 1349/1349 1350/1350 1351/1351
f 1352/1352 1353/1353 1354/1354 1355/1355
f 1356/1356 1357/1357 1358/1358
f 1359/1359 1360/1360 1361/1361
f 1362/1362 1363/1363 1364/1364 1365/1365
f 1366/1366 1367/1367 1368/1368 1369/1369
f 1370/1370 1371/1371 1372/1372
f 1373/1373 1374/1374 1375/1375
f 1376/1376 1377/1377 1378/1378 1379/1379
f 1380/1380 1381/1381 1382/1382 1383/1383
f 1384/1384 1385/1385 1386/1386
f 1387/1387 1388/1388 1389/1389
f 1390/1390 1391/1391 1392/1392 1393/1393
f 1394/1394 1395/1395 1396/1396 1397/1397
f 1398/1398 1399/1399 1400/1400
f 1401/1401 1402/1402 1403/1403
f 1404/1404 1405/1405 1406/1406 1407/1407
f 1408/1408 1409/1409 1410/1410 1411/1411
f 1412/1412 1413/1413 1414/1414
f 1415/1415 1416/1416 1417/1417
f 1418/1418 1419/1419 1420/1420 1421/1421
f 1422/1422 1423/1423 1424/1424 1425/1425
f 1426/1426 1427/1427 1428/1428
f 1429/1429 1430/1430 1431/1431
f 1432/1432 1433/1433 1434/1434 1435/1435
f 1436/1436 1437/1437 1438/1438 1439/1439
f 1440/1440 1441/1441 1442/1442
f 1443/1443 1444/1444 1445/1445
f 1446/1446 1447/1447 1448/1448 1449/1449
f 1450/1450 1451/1451 1452/1452 1453/1453
f 1454/1454 1455/1455 1456/1456
f 1457/1457 1458/1458 1459/1459
f 1460/1460 1461/1461 1462/1462 1463/1463
f 1464/1464 1465/1465 1466/1466 1467/1467
f 1468/1468 1469/1469 1470/1470
f 1471/1471 1472/1472 1473/1473
f 1474/1474 1475/1475 1476/1476 1477/1477
f 1478/1478 1479/1479 1480/1480 1481/1481
f 1482/1482 1483/1483 1484/1484
f 1485/1485 1486/1486 1487/1487
f 1488/1488 1489/1489 1490/1490 1491/1491
f 1492/1492 1493/1493 1494/1494 1495/1495
f 1496/1496 1497/1497 1498/1498
f 1499/1499 1500/1500 1501/1501
f 1502/1502 1503/1503 1504/1504 1505/1505
f 1506/1506 1507/1507 1508/1508 1509/1509
f 1510/1510 1511/1511 1512/1512
f 1513/1513 1514/1514 1515/1515
f 1516/1516 1517/1517 1518/1518 1519/1519
f 1520/1520 1521/1521 1522/1522 1523/1523
f 1524/1524 1525/1525 1526/1526
f 1527/1527 1528/1528 1529/1529
f 1530/1530 1531/1531 1532/1532 1533/1533
f 1534/1534 1535/1535 1536/1536 1537/1537
f 1538/1538 1539/1539 1540/1540
f 1541/1541 1542/1542 1543/1543
f 1544/1544 1545/1545 1546/1546 1547/1547
f 1548/1548 1549/1549 1550/1550 1551/1551
f 1552/1552 1553/1553 1554/1554
f 1555/1555 1556/1556 1557/1557
f 1558/1558 1559/1559 1560/1560 1561/1561
f 1562/1562 1563/1563 1564/1564 1565/1565
f 1566/1566 1567/1567 1568/1568
f 1569/1569 1570/1570 1571/1571
f 1572/1572 1573/1573 1574/1574 1575/1575
f 1576/1576 1577/1577 1578/1578 1579/1579
f 1580/1580 1581/1581 1582/1582
f 1583/1583 1584/1584 1585/1585
f 1586/1586 1587/1587 1588/1588 1589/1589
f 1590/1590 1591/1591 1592/1592 1593/1593
f 1594/1594 1595/1595 1596/1596
f 1597/1597 1598/1598 1599/1599
f 1600/1600 1601/1601 1602/1602 1603/1603
f 1604/1604 1605/1605 1606/1606 1607/1607
f 1608/1608 1609/1609 1610/1610
f 1611/1611 1612/1612 1613/1613
f 1614/1614 1615/1615 1616/1616 1617/1617
f 1618/1618 1619/1619 1620/1620 1621/1621
f 1622/1622 1623/1623 1624/1624
f 1625/1625 1626/1626 1627/1627
f 1628/1628 1629/1629 1630/1630 1631/1631
f 1632/1632 1633/1633 1634/1634 1635/1635
f 1636/1636 1637/1637 1638/1638
f 1639/1639 1640/1640 1641/1641
f 1642/1642 1643/1643 1644/1644 1645/1645
f 1646/1646 1647/1647 1648/1648 1649/1649
f 1650/1650 1651/1651 1652/1652
f 1653/1653 1654/1654 1655/1655
f 1656/1656 1657/1657 1658/1658 1659/1659
f 1660/1660 1661/1661 1662/1662 1663/1663
f 1664/1664 1665/1665 1666/1666
f 1667/1667 1668/1668 1669/1669
f 1670/1670 1671/1671 1672/1672 1673/1673
f 1674/1674 1675/1675 1676/1676 1677/1677
f 1678/1678 1679/1679 1680/1680
f 1681/1681 1682/1682 1683/1683
f 1684/1684 1685/1685 1686/1686 1687/1687
f 1688/1688 1689/1689 1690/1690 1691/1691
f 1692/1692 1693/1693 1694/1694
f 1695/1695 1696/1696 1697/1697
f 1698/1698 1699/1699 1700/1700 1701/1701
f 1702/1702 1703/1703 1704/1704 1705/1705
f 1706/1706 1707/1707 1708/1708
f 1709/1709 1710/1710 1711/1711
f 1712/1712 1713/1713 1714/1714 1715/1715
f 1716/1716 1717/1717 1718/1718 1719/1719
f 1720/1720 1721/1721 1722/1722
f 1723/1723 1724/1724 1725/1725
f 1726/1726 1727/1727 1728/1728 1729/1729
f 1730/1730 1731/1731 1732/1732 1733/1733
f 1734/1734 1735/1735 1736/1736
f 1737/1737 1738/1738 1739/1739
f 1740/1740 1741/1741 1742/1742 1743/1743
f 1744/1744 1745/1745 1746/1746 1747/1747
f 1748/1748 1749/1749 1750/1750
f 1751/1751 1752/1752 1753/1753
f 1754/1754 1755/1755 1756/1756 1757/1757
f 1758/1758 1759/1759 1760/1760 1761/1761
f 1762/1762 1763/1763 1764/1764
f 1765/1765 1766/1766 1767/1767
f 1768/1768 1769/1769 1770/1770 1771/1771
f 1772/1772 1773/1773 1774/1774 1775/1775
f 1776/1776 1777/1777 1778/1778
f 1779/1779 1780/1780 1781/1781
f 1782/1782 1783/1783 1784/1784 1785/1785
f 1786/1786 1787/1787 1788/1788 1789/1789
f 1790/1790 1791/1791 1792/1792
f 1793/1793 1794/1794 1795/1795
f 1796/1796 1797/1797 1798/1798 1799/1799
f 1800/1800 1801/1801 1802/1802 1803/1803
f 1804/1804 1805/1805 1806/1806
