# Modelo original generado para Caelum Argenteum.
# Ejes OBJ: X ancho, Y altura, Z profundidad.
o ca_tree_jungle_lapacho3
v 0.000000 0.000000 -13.000000
v -8.356239 0.000000 -9.958578
v -5.765805 66.640000 -6.871419
v 0.000000 66.640000 -8.970000
v 0.000000 0.000000 0.000000
v -8.356239 0.000000 -9.958578
v 0.000000 0.000000 -13.000000
v -8.356239 0.000000 -9.958578
v -12.802501 0.000000 -2.257426
v -8.833726 66.640000 -1.557624
v -5.765805 66.640000 -6.871419
v 0.000000 0.000000 0.000000
v -12.802501 0.000000 -2.257426
v -8.356239 0.000000 -9.958578
v -12.802501 0.000000 -2.257426
v -11.258330 0.000000 6.500000
v -7.768248 66.640000 4.485000
v -8.833726 66.640000 -1.557624
v 0.000000 0.000000 0.000000
v -11.258330 0.000000 6.500000
v -12.802501 0.000000 -2.257426
v -11.258330 0.000000 6.500000
v -4.446262 0.000000 12.216004
v -3.067921 66.640000 8.429043
v -7.768248 66.640000 4.485000
v 0.000000 0.000000 0.000000
v -4.446262 0.000000 12.216004
v -11.258330 0.000000 6.500000
v -4.446262 0.000000 12.216004
v 4.446262 0.000000 12.216004
v 3.067921 66.640000 8.429043
v -3.067921 66.640000 8.429043
v 0.000000 0.000000 0.000000
v 4.446262 0.000000 12.216004
v -4.446262 0.000000 12.216004
v 4.446262 0.000000 12.216004
v 11.258330 0.000000 6.500000
v 7.768248 66.640000 4.485000
v 3.067921 66.640000 8.429043
v 0.000000 0.000000 0.000000
v 11.258330 0.000000 6.500000
v 4.446262 0.000000 12.216004
v 11.258330 0.000000 6.500000
v 12.802501 0.000000 -2.257426
v 8.833726 66.640000 -1.557624
v 7.768248 66.640000 4.485000
v 0.000000 0.000000 0.000000
v 12.802501 0.000000 -2.257426
v 11.258330 0.000000 6.500000
v 12.802501 0.000000 -2.257426
v 8.356239 0.000000 -9.958578
v 5.765805 66.640000 -6.871419
v 8.833726 66.640000 -1.557624
v 0.000000 0.000000 0.000000
v 8.356239 0.000000 -9.958578
v 12.802501 0.000000 -2.257426
v 8.356239 0.000000 -9.958578
v 0.000000 0.000000 -13.000000
v 0.000000 66.640000 -8.970000
v 5.765805 66.640000 -6.871419
v 0.000000 0.000000 0.000000
v 0.000000 0.000000 -13.000000
v 8.356239 0.000000 -9.958578
v -1.073818 66.640000 -8.905493
v -6.546934 66.640000 -6.131767
v -3.605558 123.760000 -3.376915
v -0.591378 123.760000 -4.904475
v -6.546934 66.640000 -6.131767
v -8.956666 66.640000 -0.488918
v -4.932656 123.760000 -0.269259
v -3.605558 123.760000 -3.376915
v -8.956666 66.640000 -0.488918
v -7.175474 66.640000 5.382701
v -3.951710 123.760000 2.964386
v -4.932656 123.760000 -0.269259
v -7.175474 66.640000 5.382701
v -2.036799 66.640000 8.735694
v -1.121715 123.760000 4.810962
v -3.951710 123.760000 2.964386
v -2.036799 66.640000 8.735694
v 4.054917 66.640000 8.001159
v 2.233143 123.760000 4.406435
v -1.121715 123.760000 4.810962
v 4.054917 66.640000 8.001159
v 8.249293 66.640000 3.522793
v 4.543089 123.760000 1.940089
v 2.233143 123.760000 4.406435
v 8.249293 66.640000 3.522793
v 8.583732 66.640000 -2.603927
v 4.727273 123.760000 -1.434047
v 4.543089 123.760000 1.940089
v 8.583732 66.640000 -2.603927
v 4.901748 66.640000 -7.512241
v 2.699513 123.760000 -4.137176
v 4.727273 123.760000 -1.434047
v 4.901748 66.640000 -7.512241
v -1.073818 66.640000 -8.905493
v -0.591378 123.760000 -4.904475
v 2.699513 123.760000 -4.137176
v -1.174251 123.760000 -4.798410
v -3.983887 123.760000 -2.921001
v -0.733874 166.600000 -0.538079
v -0.216309 166.600000 -0.883918
v 0.000000 166.600000 0.000000
v -0.216309 166.600000 -0.883918
v -0.733874 166.600000 -0.538079
v -3.983887 123.760000 -2.921001
v -4.929418 123.760000 0.323176
v -0.908051 166.600000 0.059532
v -0.733874 166.600000 -0.538079
v 0.000000 166.600000 0.000000
v -0.733874 166.600000 -0.538079
v -0.908051 166.600000 0.059532
v -4.929418 123.760000 0.323176
v -3.568419 123.760000 3.416136
v -0.657340 166.600000 0.629288
v -0.908051 166.600000 0.059532
v 0.000000 166.600000 0.000000
v -0.908051 166.600000 0.059532
v -0.657340 166.600000 0.629288
v -3.568419 123.760000 3.416136
v -0.537718 123.760000 4.910648
v -0.099053 166.600000 0.904593
v -0.657340 166.600000 0.629288
v 0.000000 166.600000 0.000000
v -0.657340 166.600000 0.629288
v -0.099053 166.600000 0.904593
v -0.537718 123.760000 4.910648
v 2.744588 123.760000 4.107413
v 0.505582 166.600000 0.756629
v -0.099053 166.600000 0.904593
v 0.000000 166.600000 0.000000
v -0.099053 166.600000 0.904593
v 0.505582 166.600000 0.756629
v 2.744588 123.760000 4.107413
v 4.742670 123.760000 1.382274
v 0.873650 166.600000 0.254629
v 0.505582 166.600000 0.756629
v 0.000000 166.600000 0.000000
v 0.505582 166.600000 0.756629
v 0.873650 166.600000 0.254629
v 4.742670 123.760000 1.382274
v 4.521604 123.760000 -1.989647
v 0.832927 166.600000 -0.366514
v 0.873650 166.600000 0.254629
v 0.000000 166.600000 0.000000
v 0.873650 166.600000 0.254629
v 0.832927 166.600000 -0.366514
v 4.521604 123.760000 -1.989647
v 2.184830 123.760000 -4.430589
v 0.402469 166.600000 -0.816161
v 0.832927 166.600000 -0.366514
v 0.000000 166.600000 0.000000
v 0.832927 166.600000 -0.366514
v 0.402469 166.600000 -0.816161
v 2.184830 123.760000 -4.430589
v -1.174251 123.760000 -4.798410
v -0.216309 166.600000 -0.883918
v 0.402469 166.600000 -0.816161
v 0.000000 166.600000 0.000000
v 0.402469 166.600000 -0.816161
v -0.216309 166.600000 -0.883918
v 0.000000 105.382289 -3.682582
v -2.666379 107.068614 -1.778491
v 24.778841 144.960866 0.777882
v 25.712074 144.370652 0.111450
v 0.000000 105.250311 0.000000
v -2.666379 107.068614 -1.778491
v 0.000000 105.382289 -3.682582
v -2.666379 107.068614 -1.778491
v -2.666379 106.936637 1.904091
v 24.778841 144.914674 2.066786
v 24.778841 144.960866 0.777882
v 0.000000 105.250311 0.000000
v -2.666379 106.936637 1.904091
v -2.666379 107.068614 -1.778491
v -2.666379 106.936637 1.904091
v -0.000000 105.118334 3.682582
v 25.712074 144.278268 2.689257
v 24.778841 144.914674 2.066786
v 0.000000 105.250311 0.000000
v -0.000000 105.118334 3.682582
v -2.666379 106.936637 1.904091
v -0.000000 105.118334 3.682582
v 2.666379 103.432008 1.778491
v 26.645306 143.688054 2.022826
v 25.712074 144.278268 2.689257
v 0.000000 105.250311 0.000000
v 2.666379 103.432008 1.778491
v -0.000000 105.118334 3.682582
v 2.666379 103.432008 1.778491
v 2.666379 103.563986 -1.904091
v 26.645306 143.734246 0.733922
v 26.645306 143.688054 2.022826
v 0.000000 105.250311 0.000000
v 2.666379 103.563986 -1.904091
v 2.666379 103.432008 1.778491
v 2.666379 103.563986 -1.904091
v 0.000000 105.382289 -3.682582
v 25.712074 144.370652 0.111450
v 26.645306 143.734246 0.733922
v 0.000000 105.250311 0.000000
v 0.000000 105.382289 -3.682582
v 2.666379 103.563986 -1.904091
v 25.582383 144.453234 0.123637
v 24.715763 144.985476 0.916793
v 54.420801 186.851524 3.331884
v 53.677984 187.307731 4.011732
v 53.566820 187.418108 2.917403
v 53.677984 187.307731 4.011732
v 54.420801 186.851524 3.331884
v 24.715763 144.985476 0.916793
v 24.845454 144.856701 2.193509
v 54.309637 186.961901 2.237556
v 54.420801 186.851524 3.331884
v 53.566820 187.418108 2.917403
v 54.420801 186.851524 3.331884
v 54.309637 186.961901 2.237556
v 24.845454 144.856701 2.193509
v 25.841765 144.195686 2.677070
v 53.455657 187.528486 1.823075
v 54.309637 186.961901 2.237556
v 53.566820 187.418108 2.917403
v 54.309637 186.961901 2.237556
v 53.455657 187.528486 1.823075
v 25.841765 144.195686 2.677070
v 26.708384 143.663445 1.883914
v 52.712840 187.984693 2.502923
v 53.455657 187.528486 1.823075
v 53.566820 187.418108 2.917403
v 53.455657 187.528486 1.823075
v 52.712840 187.984693 2.502923
v 26.708384 143.663445 1.883914
v 26.578694 143.792219 0.607198
v 52.824003 187.874315 3.597251
v 52.712840 187.984693 2.502923
v 53.566820 187.418108 2.917403
v 52.712840 187.984693 2.502923
v 52.824003 187.874315 3.597251
v 26.578694 143.792219 0.607198
v 25.582383 144.453234 0.123637
v 53.677984 187.307731 4.011732
v 52.824003 187.874315 3.597251
v 53.566820 187.418108 2.917403
v 52.824003 187.874315 3.597251
v 53.677984 187.307731 4.011732
v 0.000000 144.040747 -2.103308
v -2.650537 143.541491 0.345825
v 18.189278 159.024405 24.294291
v 19.116966 159.199145 23.437094
v 0.000000 141.066028 0.000000
v -2.650537 143.541491 0.345825
v 0.000000 144.040747 -2.103308
v -2.650537 143.541491 0.345825
v -2.650537 140.566772 2.449133
v 18.189278 157.983253 25.030448
v 18.189278 159.024405 24.294291
v 0.000000 141.066028 0.000000
v -2.650537 140.566772 2.449133
v -2.650537 143.541491 0.345825
v -2.650537 140.566772 2.449133
v -0.000000 138.091309 2.103308
v 19.116966 157.116842 24.909410
v 18.189278 157.983253 25.030448
v 0.000000 141.066028 0.000000
v -0.000000 138.091309 2.103308
v -2.650537 140.566772 2.449133
v -0.000000 138.091309 2.103308
v 2.650537 138.590566 -0.345825
v 20.044654 157.291581 24.052213
v 19.116966 157.116842 24.909410
v 0.000000 141.066028 0.000000
v 2.650537 138.590566 -0.345825
v -0.000000 138.091309 2.103308
v 2.650537 138.590566 -0.345825
v 2.650537 141.565285 -2.449133
v 20.044654 158.332733 23.316055
v 20.044654 157.291581 24.052213
v 0.000000 141.066028 0.000000
v 2.650537 141.565285 -2.449133
v 2.650537 138.590566 -0.345825
v 2.650537 141.565285 -2.449133
v 0.000000 144.040747 -2.103308
v 19.116966 159.199145 23.437094
v 20.044654 158.332733 23.316055
v 0.000000 141.066028 0.000000
v 0.000000 144.040747 -2.103308
v 2.650537 141.565285 -2.449133
v 18.992427 159.331719 23.690776
v 18.160234 158.907608 24.558825
v 40.647069 170.477731 50.030450
v 39.933760 170.114207 50.774492
v 39.827013 171.120258 50.360941
v 39.933760 170.114207 50.774492
v 40.647069 170.477731 50.030450
v 18.160234 158.907608 24.558825
v 18.284773 157.733882 25.041301
v 40.540321 171.483781 49.616899
v 40.647069 170.477731 50.030450
v 39.827013 171.120258 50.360941
v 40.647069 170.477731 50.030450
v 40.540321 171.483781 49.616899
v 18.284773 157.733882 25.041301
v 19.241505 156.984268 24.655728
v 39.720265 172.126308 49.947390
v 40.540321 171.483781 49.616899
v 39.827013 171.120258 50.360941
v 40.540321 171.483781 49.616899
v 39.720265 172.126308 49.947390
v 19.241505 156.984268 24.655728
v 20.073698 157.408379 23.787679
v 39.006956 171.762785 50.691432
v 39.720265 172.126308 49.947390
v 39.827013 171.120258 50.360941
v 39.720265 172.126308 49.947390
v 39.006956 171.762785 50.691432
v 20.073698 157.408379 23.787679
v 19.949159 158.582104 23.305203
v 39.113704 170.756734 51.104983
v 39.006956 171.762785 50.691432
v 39.827013 171.120258 50.360941
v 39.006956 171.762785 50.691432
v 39.113704 170.756734 51.104983
v 19.949159 158.582104 23.305203
v 18.992427 159.331719 23.690776
v 39.933760 170.114207 50.774492
v 39.113704 170.756734 51.104983
v 39.827013 171.120258 50.360941
v 39.113704 170.756734 51.104983
v 39.933760 170.114207 50.774492
v 0.000000 118.976447 -2.092053
v -2.146393 118.446044 -0.955478
v 2.456084 152.479757 21.851440
v 3.207321 152.665398 21.453639
v 0.000000 117.633522 0.000000
v -2.146393 118.446044 -0.955478
v 0.000000 118.976447 -2.092053
v -2.146393 118.446044 -0.955478
v -2.146393 117.103119 1.136575
v 2.456084 152.009734 22.583658
v 2.456084 152.479757 21.851440
v 0.000000 117.633522 0.000000
v -2.146393 117.103119 1.136575
v -2.146393 118.446044 -0.955478
v -2.146393 117.103119 1.136575
v -0.000000 116.290597 2.092053
v 3.207321 151.725351 22.918075
v 2.456084 152.009734 22.583658
v 0.000000 117.633522 0.000000
v -0.000000 116.290597 2.092053
v -2.146393 117.103119 1.136575
v -0.000000 116.290597 2.092053
v 2.146393 116.821000 0.955478
v 3.958559 151.910992 22.520274
v 3.207321 151.725351 22.918075
v 0.000000 117.633522 0.000000
v 2.146393 116.821000 0.955478
v -0.000000 116.290597 2.092053
v 2.146393 116.821000 0.955478
v 2.146393 118.163925 -1.136575
v 3.958559 152.381016 21.788056
v 3.958559 151.910992 22.520274
v 0.000000 117.633522 0.000000
v 2.146393 118.163925 -1.136575
v 2.146393 116.821000 0.955478
v 2.146393 118.163925 -1.136575
v 0.000000 118.976447 -2.092053
v 3.207321 152.665398 21.453639
v 3.958559 152.381016 21.788056
v 0.000000 117.633522 0.000000
v 0.000000 118.976447 -2.092053
v 2.146393 118.163925 -1.136575
v 3.103468 152.662257 21.459014
v 2.409496 152.429378 21.929373
v 7.365769 190.184909 46.440379
v 6.770936 189.985299 46.843544
v 6.681919 190.385484 46.220535
v 6.770936 189.985299 46.843544
v 7.365769 190.184909 46.440379
v 2.409496 152.429378 21.929373
v 2.513350 151.962496 22.656216
v 7.276751 190.585095 45.817370
v 7.365769 190.184909 46.440379
v 6.681919 190.385484 46.220535
v 7.365769 190.184909 46.440379
v 7.276751 190.585095 45.817370
v 2.513350 151.962496 22.656216
v 3.311175 151.728492 22.912700
v 6.592902 190.785669 45.597527
v 7.276751 190.585095 45.817370
v 6.681919 190.385484 46.220535
v 7.276751 190.585095 45.817370
v 6.592902 190.785669 45.597527
v 3.311175 151.728492 22.912700
v 4.005146 151.961371 22.442341
v 5.998069 190.586059 46.000692
v 6.592902 190.785669 45.597527
v 6.681919 190.385484 46.220535
v 6.592902 190.785669 45.597527
v 5.998069 190.586059 46.000692
v 4.005146 151.961371 22.442341
v 3.901292 152.428253 21.715498
v 6.087087 190.185874 46.623700
v 5.998069 190.586059 46.000692
v 6.681919 190.385484 46.220535
v 5.998069 190.586059 46.000692
v 6.087087 190.185874 46.623700
v 3.901292 152.428253 21.715498
v 3.103468 152.662257 21.459014
v 6.770936 189.985299 46.843544
v 6.087087 190.185874 46.623700
v 6.681919 190.385484 46.220535
v 6.087087 190.185874 46.623700
v 6.770936 189.985299 46.843544
v 0.000000 133.935643 -1.997727
v -2.143585 133.048550 -1.108751
v -3.617510 159.401887 19.378228
v -2.867255 159.712369 19.067087
v 0.000000 132.458736 0.000000
v -2.143585 133.048550 -1.108751
v 0.000000 133.935643 -1.997727
v -2.143585 133.048550 -1.108751
v -2.143585 131.571643 0.888975
v -3.617510 158.884969 20.077432
v -3.617510 159.401887 19.378228
v 0.000000 132.458736 0.000000
v -2.143585 131.571643 0.888975
v -2.143585 133.048550 -1.108751
v -2.143585 131.571643 0.888975
v -0.000000 130.981829 1.997727
v -2.867255 158.678534 20.465495
v -3.617510 158.884969 20.077432
v 0.000000 132.458736 0.000000
v -0.000000 130.981829 1.997727
v -2.143585 131.571643 0.888975
v -0.000000 130.981829 1.997727
v 2.143585 131.868922 1.108751
v -2.117001 158.989016 20.154354
v -2.867255 158.678534 20.465495
v 0.000000 132.458736 0.000000
v 2.143585 131.868922 1.108751
v -0.000000 130.981829 1.997727
v 2.143585 131.868922 1.108751
v 2.143585 133.345829 -0.888975
v -2.117001 159.505934 19.455150
v -2.117001 158.989016 20.154354
v 0.000000 132.458736 0.000000
v 2.143585 133.345829 -0.888975
v 2.143585 131.868922 1.108751
v 2.143585 133.345829 -0.888975
v 0.000000 133.935643 -1.997727
v -2.867255 159.712369 19.067087
v -2.117001 159.505934 19.455150
v 0.000000 132.458736 0.000000
v 0.000000 133.935643 -1.997727
v 2.143585 133.345829 -0.888975
v -2.970965 159.701257 19.066652
v -3.663971 159.343144 19.450822
v -5.290549 188.051482 41.450175
v -5.884555 187.744528 41.779464
v -5.973448 188.178076 41.179773
v -5.884555 187.744528 41.779464
v -5.290549 188.051482 41.450175
v -3.663971 159.343144 19.450822
v -3.560262 158.837339 20.150462
v -5.379442 188.485030 40.850484
v -5.290549 188.051482 41.450175
v -5.973448 188.178076 41.179773
v -5.290549 188.051482 41.450175
v -5.379442 188.485030 40.850484
v -3.560262 158.837339 20.150462
v -2.763546 158.689646 20.465931
v -6.062342 188.611624 40.580082
v -5.379442 188.485030 40.850484
v -5.973448 188.178076 41.179773
v -5.379442 188.485030 40.850484
v -6.062342 188.611624 40.580082
v -2.763546 158.689646 20.465931
v -2.070539 159.047759 20.081760
v -6.656348 188.304670 40.909371
v -6.062342 188.611624 40.580082
v -5.973448 188.178076 41.179773
v -6.062342 188.611624 40.580082
v -6.656348 188.304670 40.909371
v -2.070539 159.047759 20.081760
v -2.174248 159.553564 19.382120
v -6.567454 187.871122 41.509062
v -6.656348 188.304670 40.909371
v -5.973448 188.178076 41.179773
v -6.656348 188.304670 40.909371
v -6.567454 187.871122 41.509062
v -2.174248 159.553564 19.382120
v -2.970965 159.701257 19.066652
v -5.884555 187.744528 41.779464
v -6.567454 187.871122 41.509062
v -5.973448 188.178076 41.179773
v -6.567454 187.871122 41.509062
v -5.884555 187.744528 41.779464
v 0.000000 152.211633 -2.650570
v -2.261028 150.286803 -1.989025
v -21.105255 180.158383 15.972780
v -20.313895 180.832073 15.741239
v 0.000000 150.718535 0.000000
v -2.261028 150.286803 -1.989025
v 0.000000 152.211633 -2.650570
v -2.261028 150.286803 -1.989025
v -2.261028 148.793705 0.661545
v -21.105255 179.635798 16.900480
v -21.105255 180.158383 15.972780
v 0.000000 150.718535 0.000000
v -2.261028 148.793705 0.661545
v -2.261028 150.286803 -1.989025
v -2.261028 148.793705 0.661545
v -0.000000 149.225437 2.650570
v -20.313895 179.786905 17.596638
v -21.105255 179.635798 16.900480
v 0.000000 150.718535 0.000000
v -0.000000 149.225437 2.650570
v -2.261028 148.793705 0.661545
v -0.000000 149.225437 2.650570
v 2.261028 151.150267 1.989025
v -19.522535 180.460595 17.365098
v -20.313895 179.786905 17.596638
v 0.000000 150.718535 0.000000
v 2.261028 151.150267 1.989025
v -0.000000 149.225437 2.650570
v 2.261028 151.150267 1.989025
v 2.261028 152.643365 -0.661545
v -19.522535 180.983179 16.437398
v -19.522535 180.460595 17.365098
v 0.000000 150.718535 0.000000
v 2.261028 152.643365 -0.661545
v 2.261028 151.150267 1.989025
v 2.261028 152.643365 -0.661545
v 0.000000 152.211633 -2.650570
v -20.313895 180.832073 15.741239
v -19.522535 180.983179 16.437398
v 0.000000 150.718535 0.000000
v 0.000000 152.211633 -2.650570
v 2.261028 152.643365 -0.661545
v -20.422603 180.783049 15.721498
v -21.149006 180.077481 16.050486
v -41.604807 211.584912 35.257059
v -42.227438 210.980139 35.539048
v -42.320616 211.386048 34.726956
v -42.227438 210.980139 35.539048
v -41.604807 211.584912 35.257059
v -21.149006 180.077481 16.050486
v -21.040299 179.603921 16.997927
v -41.697984 211.990820 34.444966
v -41.604807 211.584912 35.257059
v -42.320616 211.386048 34.726956
v -41.604807 211.584912 35.257059
v -41.697984 211.990820 34.444966
v -21.040299 179.603921 16.997927
v -20.205188 179.835929 17.616380
v -42.413793 211.791957 33.914864
v -41.697984 211.990820 34.444966
v -42.320616 211.386048 34.726956
v -41.697984 211.990820 34.444966
v -42.413793 211.791957 33.914864
v -20.205188 179.835929 17.616380
v -19.478785 180.541497 17.287392
v -43.036424 211.187184 34.196854
v -42.413793 211.791957 33.914864
v -42.320616 211.386048 34.726956
v -42.413793 211.791957 33.914864
v -43.036424 211.187184 34.196854
v -19.478785 180.541497 17.287392
v -19.587492 181.015057 16.339951
v -42.943247 210.781275 35.008946
v -43.036424 211.187184 34.196854
v -42.320616 211.386048 34.726956
v -43.036424 211.187184 34.196854
v -42.943247 210.781275 35.008946
v -19.587492 181.015057 16.339951
v -20.422603 180.783049 15.721498
v -42.227438 210.980139 35.539048
v -42.943247 210.781275 35.008946
v -42.320616 211.386048 34.726956
v -42.943247 210.781275 35.008946
v -42.227438 210.980139 35.539048
v 0.000000 131.987419 -2.632444
v -1.564151 130.176485 -1.498274
v -20.357842 149.533575 1.481185
v -19.810389 150.167402 1.084225
v 0.000000 131.699967 0.000000
v -1.564151 130.176485 -1.498274
v 0.000000 131.987419 -2.632444
v -1.564151 130.176485 -1.498274
v -1.564151 129.889033 1.134170
v -20.357842 149.432967 2.402540
v -20.357842 149.533575 1.481185
v 0.000000 131.699967 0.000000
v -1.564151 129.889033 1.134170
v -1.564151 130.176485 -1.498274
v -1.564151 129.889033 1.134170
v -0.000000 131.412515 2.632444
v -19.810389 149.966185 2.926936
v -20.357842 149.432967 2.402540
v 0.000000 131.699967 0.000000
v -0.000000 131.412515 2.632444
v -1.564151 129.889033 1.134170
v -0.000000 131.412515 2.632444
v 1.564151 133.223449 1.498274
v -19.262936 150.600012 2.529977
v -19.810389 149.966185 2.926936
v 0.000000 131.699967 0.000000
v 1.564151 133.223449 1.498274
v -0.000000 131.412515 2.632444
v 1.564151 133.223449 1.498274
v 1.564151 133.510901 -1.134170
v -19.262936 150.700620 1.608621
v -19.262936 150.600012 2.529977
v 0.000000 131.699967 0.000000
v 1.564151 133.510901 -1.134170
v 1.564151 133.223449 1.498274
v 1.564151 133.510901 -1.134170
v 0.000000 131.987419 -2.632444
v -19.810389 150.167402 1.084225
v -19.262936 150.700620 1.608621
v 0.000000 131.699967 0.000000
v 0.000000 131.987419 -2.632444
v 1.564151 133.510901 -1.134170
v -19.882693 150.091651 1.081907
v -20.365845 149.467666 1.567937
v -40.795538 168.890140 4.553416
v -41.209668 168.355296 4.970013
v -41.271643 168.376602 4.178293
v -41.209668 168.355296 4.970013
v -40.795538 168.890140 4.553416
v -20.365845 149.467666 1.567937
v -20.293541 149.442808 2.491610
v -40.857513 168.911447 3.761696
v -40.795538 168.890140 4.553416
v -41.271643 168.376602 4.178293
v -40.795538 168.890140 4.553416
v -40.857513 168.911447 3.761696
v -20.293541 149.442808 2.491610
v -19.738085 150.041936 2.929254
v -41.333619 168.397908 3.386573
v -40.857513 168.911447 3.761696
v -41.271643 168.376602 4.178293
v -40.857513 168.911447 3.761696
v -41.333619 168.397908 3.386573
v -19.738085 150.041936 2.929254
v -19.254933 150.665921 2.443224
v -41.747749 167.863064 3.803170
v -41.333619 168.397908 3.386573
v -41.271643 168.376602 4.178293
v -41.333619 168.397908 3.386573
v -41.747749 167.863064 3.803170
v -19.254933 150.665921 2.443224
v -19.327237 150.690779 1.519551
v -41.685774 167.841758 4.594890
v -41.747749 167.863064 3.803170
v -41.271643 168.376602 4.178293
v -41.747749 167.863064 3.803170
v -41.685774 167.841758 4.594890
v -19.327237 150.690779 1.519551
v -19.882693 150.091651 1.081907
v -41.209668 168.355296 4.970013
v -41.685774 167.841758 4.594890
v -41.271643 168.376602 4.178293
v -41.685774 167.841758 4.594890
v -41.209668 168.355296 4.970013
v 0.000000 139.723103 -1.633672
v -2.088277 140.147334 0.579145
v -21.901191 155.825101 -22.510432
v -21.170294 155.676620 -23.284918
v 0.000000 142.324746 0.000000
v -2.088277 140.147334 0.579145
v 0.000000 139.723103 -1.633672
v -2.088277 140.147334 0.579145
v -2.088277 142.748978 2.212817
v -21.901191 156.735677 -21.938647
v -21.901191 155.825101 -22.510432
v 0.000000 142.324746 0.000000
v -2.088277 142.748978 2.212817
v -2.088277 140.147334 0.579145
v -2.088277 142.748978 2.212817
v -0.000000 144.926390 1.633672
v -21.170294 157.497771 -22.141348
v -21.901191 156.735677 -21.938647
v 0.000000 142.324746 0.000000
v -0.000000 144.926390 1.633672
v -2.088277 142.748978 2.212817
v -0.000000 144.926390 1.633672
v 2.088277 144.502158 -0.579145
v -20.439397 157.349290 -22.915834
v -21.170294 157.497771 -22.141348
v 0.000000 142.324746 0.000000
v 2.088277 144.502158 -0.579145
v -0.000000 144.926390 1.633672
v 2.088277 144.502158 -0.579145
v 2.088277 141.900515 -2.212817
v -20.439397 156.438715 -23.487619
v -20.439397 157.349290 -22.915834
v 0.000000 142.324746 0.000000
v 2.088277 141.900515 -2.212817
v 2.088277 144.502158 -0.579145
v 2.088277 141.900515 -2.212817
v 0.000000 139.723103 -1.633672
v -21.170294 155.676620 -23.284918
v -20.439397 156.438715 -23.487619
v 0.000000 142.324746 0.000000
v 0.000000 139.723103 -1.633672
v 2.088277 141.900515 -2.212817
v -21.267043 155.553589 -22.993103
v -21.913538 155.969763 -22.241486
v -43.467713 165.928103 -47.723296
v -44.021851 166.284823 -47.079053
v -44.104779 165.398875 -47.319027
v -44.021851 166.284823 -47.079053
v -43.467713 165.928103 -47.723296
v -21.913538 155.969763 -22.241486
v -21.816789 157.003369 -21.961516
v -43.550640 165.042154 -47.963271
v -43.467713 165.928103 -47.723296
v -44.104779 165.398875 -47.319027
v -43.467713 165.928103 -47.723296
v -43.550640 165.042154 -47.963271
v -21.816789 157.003369 -21.961516
v -21.073545 157.620802 -22.433163
v -44.187706 164.512927 -47.559002
v -43.550640 165.042154 -47.963271
v -44.104779 165.398875 -47.319027
v -43.550640 165.042154 -47.963271
v -44.187706 164.512927 -47.559002
v -21.073545 157.620802 -22.433163
v -20.427050 157.204628 -23.184780
v -44.741845 164.869647 -46.914758
v -44.187706 164.512927 -47.559002
v -44.104779 165.398875 -47.319027
v -44.187706 164.512927 -47.559002
v -44.741845 164.869647 -46.914758
v -20.427050 157.204628 -23.184780
v -20.523799 156.171022 -23.464751
v -44.658917 165.755595 -46.674784
v -44.741845 164.869647 -46.914758
v -44.104779 165.398875 -47.319027
v -44.741845 164.869647 -46.914758
v -44.658917 165.755595 -46.674784
v -20.523799 156.171022 -23.464751
v -21.267043 155.553589 -22.993103
v -44.021851 166.284823 -47.079053
v -44.658917 165.755595 -46.674784
v -44.104779 165.398875 -47.319027
v -44.658917 165.755595 -46.674784
v -44.021851 166.284823 -47.079053
v 0.000000 117.315312 -1.737495
v -2.214740 118.057814 -0.633844
v -5.589619 141.410504 -25.082776
v -4.814460 141.150628 -25.469054
v 0.000000 119.227258 0.000000
v -2.214740 118.057814 -0.633844
v 0.000000 117.315312 -1.737495
v -2.214740 118.057814 -0.633844
v -2.214740 119.969761 1.103651
v -5.589619 142.079685 -24.474653
v -5.589619 141.410504 -25.082776
v 0.000000 119.227258 0.000000
v -2.214740 119.969761 1.103651
v -2.214740 118.057814 -0.633844
v -2.214740 119.969761 1.103651
v -0.000000 121.139205 1.737495
v -4.814460 142.488990 -24.252808
v -5.589619 142.079685 -24.474653
v 0.000000 119.227258 0.000000
v -0.000000 121.139205 1.737495
v -2.214740 119.969761 1.103651
v -0.000000 121.139205 1.737495
v 2.214740 120.396702 0.633844
v -4.039301 142.229114 -24.639086
v -4.814460 142.488990 -24.252808
v 0.000000 119.227258 0.000000
v 2.214740 120.396702 0.633844
v -0.000000 121.139205 1.737495
v 2.214740 120.396702 0.633844
v 2.214740 118.484756 -1.103651
v -4.039301 141.559933 -25.247209
v -4.039301 142.229114 -24.639086
v 0.000000 119.227258 0.000000
v 2.214740 118.484756 -1.103651
v 2.214740 120.396702 0.633844
v 2.214740 118.484756 -1.103651
v 0.000000 117.315312 -1.737495
v -4.814460 141.150628 -25.469054
v -4.039301 141.559933 -25.247209
v 0.000000 119.227258 0.000000
v 0.000000 117.315312 -1.737495
v 2.214740 118.484756 -1.103651
v -4.921521 141.117922 -25.420851
v -5.636925 141.467961 -24.992731
v -9.325154 164.402108 -51.680635
v -9.938358 164.702142 -51.313675
v -10.030124 164.100524 -51.793607
v -9.938358 164.702142 -51.313675
v -9.325154 164.402108 -51.680635
v -5.636925 141.467961 -24.992731
v -5.529864 142.169848 -24.432811
v -9.416921 163.800491 -52.160567
v -9.325154 164.402108 -51.680635
v -10.030124 164.100524 -51.793607
v -9.325154 164.402108 -51.680635
v -9.416921 163.800491 -52.160567
v -5.529864 142.169848 -24.432811
v -4.707399 142.521696 -24.301011
v -10.121891 163.498907 -52.273538
v -9.416921 163.800491 -52.160567
v -10.030124 164.100524 -51.793607
v -9.416921 163.800491 -52.160567
v -10.121891 163.498907 -52.273538
v -4.707399 142.521696 -24.301011
v -3.991994 142.171657 -24.729131
v -10.735095 163.798940 -51.906578
v -10.121891 163.498907 -52.273538
v -10.030124 164.100524 -51.793607
v -10.121891 163.498907 -52.273538
v -10.735095 163.798940 -51.906578
v -3.991994 142.171657 -24.729131
v -4.099055 141.469770 -25.289051
v -10.643328 164.400558 -51.426646
v -10.735095 163.798940 -51.906578
v -10.030124 164.100524 -51.793607
v -10.735095 163.798940 -51.906578
v -10.643328 164.400558 -51.426646
v -4.099055 141.469770 -25.289051
v -4.921521 141.117922 -25.420851
v -9.938358 164.702142 -51.313675
v -10.643328 164.400558 -51.426646
v -10.030124 164.100524 -51.793607
v -10.643328 164.400558 -51.426646
v -9.938358 164.702142 -51.313675
v 0.000000 129.403683 -2.207007
v -2.361265 130.571663 -1.355070
v 7.094162 166.682041 -27.578543
v 7.920604 166.273248 -27.876721
v 0.000000 131.075409 0.000000
v -2.361265 130.571663 -1.355070
v 0.000000 129.403683 -2.207007
v -2.361265 130.571663 -1.355070
v -2.361265 132.243390 0.851937
v 7.094162 167.267145 -26.806091
v 7.094162 166.682041 -27.578543
v 0.000000 131.075409 0.000000
v -2.361265 132.243390 0.851937
v -2.361265 130.571663 -1.355070
v -2.361265 132.243390 0.851937
v -0.000000 132.747136 2.207007
v 7.920604 167.443456 -26.331817
v 7.094162 167.267145 -26.806091
v 0.000000 131.075409 0.000000
v -0.000000 132.747136 2.207007
v -2.361265 132.243390 0.851937
v -0.000000 132.747136 2.207007
v 2.361265 131.579156 1.355070
v 8.747047 167.034663 -26.629994
v 7.920604 167.443456 -26.331817
v 0.000000 131.075409 0.000000
v 2.361265 131.579156 1.355070
v -0.000000 132.747136 2.207007
v 2.361265 131.579156 1.355070
v 2.361265 129.907429 -0.851937
v 8.747047 166.449559 -27.402447
v 8.747047 167.034663 -26.629994
v 0.000000 131.075409 0.000000
v 2.361265 129.907429 -0.851937
v 2.361265 131.579156 1.355070
v 2.361265 129.907429 -0.851937
v 0.000000 129.403683 -2.207007
v 7.920604 166.273248 -27.876721
v 8.747047 166.449559 -27.402447
v 0.000000 131.075409 0.000000
v 0.000000 129.403683 -2.207007
v 2.361265 129.907429 -0.851937
v 7.806382 166.290484 -27.881127
v 7.043125 166.751042 -27.501187
v 17.253384 205.393645 -56.127011
v 16.599164 205.788409 -55.801349
v 16.501259 205.301665 -56.467227
v 16.599164 205.788409 -55.801349
v 17.253384 205.393645 -56.127011
v 7.043125 166.751042 -27.501187
v 7.157347 167.318911 -26.724329
v 17.155480 204.906900 -56.792889
v 17.253384 205.393645 -56.127011
v 16.501259 205.301665 -56.467227
v 17.253384 205.393645 -56.127011
v 17.155480 204.906900 -56.792889
v 7.157347 167.318911 -26.724329
v 8.034827 167.426221 -26.327411
v 16.403354 204.814921 -57.133105
v 17.155480 204.906900 -56.792889
v 16.501259 205.301665 -56.467227
v 17.155480 204.906900 -56.792889
v 16.403354 204.814921 -57.133105
v 8.034827 167.426221 -26.327411
v 8.798084 166.965662 -26.707351
v 15.749134 205.209685 -56.807443
v 16.403354 204.814921 -57.133105
v 16.501259 205.301665 -56.467227
v 16.403354 204.814921 -57.133105
v 15.749134 205.209685 -56.807443
v 8.798084 166.965662 -26.707351
v 8.683861 166.397794 -27.484209
v 15.847039 205.696429 -56.141564
v 15.749134 205.209685 -56.807443
v 16.501259 205.301665 -56.467227
v 15.749134 205.209685 -56.807443
v 15.847039 205.696429 -56.141564
v 8.683861 166.397794 -27.484209
v 7.806382 166.290484 -27.881127
v 16.599164 205.788409 -55.801349
v 15.847039 205.696429 -56.141564
v 16.501259 205.301665 -56.467227
v 15.847039 205.696429 -56.141564
v 16.599164 205.788409 -55.801349
v 0.000000 105.049674 -2.206906
v -1.626916 106.760738 -1.653825
v 30.404512 140.835968 -16.305574
v 30.973932 140.237096 -16.499153
v 0.000000 106.054692 0.000000
v -1.626916 106.760738 -1.653825
v 0.000000 105.049674 -2.206906
v -1.626916 106.760738 -1.653825
v -1.626916 107.765755 0.553081
v 30.404512 141.187724 -15.533157
v 30.404512 140.835968 -16.305574
v 0.000000 106.054692 0.000000
v -1.626916 107.765755 0.553081
v -1.626916 106.760738 -1.653825
v -1.626916 107.765755 0.553081
v -0.000000 107.059709 2.206906
v 30.973932 140.940608 -14.954319
v 30.404512 141.187724 -15.533157
v 0.000000 106.054692 0.000000
v -0.000000 107.059709 2.206906
v -1.626916 107.765755 0.553081
v -0.000000 107.059709 2.206906
v 1.626916 105.348645 1.653825
v 31.543353 140.341736 -15.147897
v 30.973932 140.940608 -14.954319
v 0.000000 106.054692 0.000000
v 1.626916 105.348645 1.653825
v -0.000000 107.059709 2.206906
v 1.626916 105.348645 1.653825
v 1.626916 104.343628 -0.553081
v 31.543353 139.989980 -15.920314
v 31.543353 140.341736 -15.147897
v 0.000000 106.054692 0.000000
v 1.626916 104.343628 -0.553081
v 1.626916 105.348645 1.653825
v 1.626916 104.343628 -0.553081
v 0.000000 105.049674 -2.206906
v 30.973932 140.237096 -16.499153
v 31.543353 139.989980 -15.920314
v 0.000000 106.054692 0.000000
v 0.000000 105.049674 -2.206906
v 1.626916 104.343628 -0.553081
v 30.896831 140.281210 -16.513992
v 30.381626 140.901145 -16.248278
v 65.036717 175.510030 -32.316997
v 64.595112 176.041403 -32.089242
v 64.529026 175.777709 -32.764033
v 64.595112 176.041403 -32.089242
v 65.036717 175.510030 -32.316997
v 30.381626 140.901145 -16.248278
v 30.458727 141.208787 -15.461022
v 64.970630 175.246336 -32.991788
v 65.036717 175.510030 -32.316997
v 64.529026 175.777709 -32.764033
v 65.036717 175.510030 -32.316997
v 64.970630 175.246336 -32.991788
v 30.458727 141.208787 -15.461022
v 31.051033 140.896494 -14.939480
v 64.462939 175.514016 -33.438824
v 64.970630 175.246336 -32.991788
v 64.529026 175.777709 -32.764033
v 64.970630 175.246336 -32.991788
v 64.462939 175.514016 -33.438824
v 31.051033 140.896494 -14.939480
v 31.566239 140.276559 -15.205194
v 64.021334 176.045389 -33.211069
v 64.462939 175.514016 -33.438824
v 64.529026 175.777709 -32.764033
v 64.462939 175.514016 -33.438824
v 64.021334 176.045389 -33.211069
v 31.566239 140.276559 -15.205194
v 31.489138 139.968916 -15.992450
v 64.087421 176.309082 -32.536278
v 64.021334 176.045389 -33.211069
v 64.529026 175.777709 -32.764033
v 64.021334 176.045389 -33.211069
v 64.087421 176.309082 -32.536278
v 31.489138 139.968916 -15.992450
v 30.896831 140.281210 -16.513992
v 64.595112 176.041403 -32.089242
v 64.087421 176.309082 -32.536278
v 64.529026 175.777709 -32.764033
v 64.087421 176.309082 -32.536278
v 64.595112 176.041403 -32.089242
v 53.566820 167.814785 2.917403
v 70.322346 175.964015 16.019027
v 83.167861 173.823489 2.917403
v 83.167861 173.823489 2.917403
v 70.322346 175.964015 16.019027
v 78.543267 190.877518 22.447200
v 94.828766 190.877518 2.917403
v 94.828766 190.877518 2.917403
v 78.543267 190.877518 22.447200
v 72.930279 206.275095 18.058244
v 78.634632 207.831530 2.917403
v 53.566820 213.940252 2.917403
v 78.634632 207.831530 2.917403
v 72.930279 206.275095 18.058244
v 53.566820 167.814785 2.917403
v 53.566820 173.148755 20.773910
v 70.322346 175.964015 16.019027
v 70.322346 175.964015 16.019027
v 53.566820 173.148755 20.773910
v 53.566820 190.877518 28.322271
v 78.543267 190.877518 22.447200
v 78.543267 190.877518 22.447200
v 53.566820 190.877518 28.322271
v 53.566820 207.026047 22.258136
v 72.930279 206.275095 18.058244
v 53.566820 213.940252 2.917403
v 72.930279 206.275095 18.058244
v 53.566820 207.026047 22.258136
v 53.566820 167.814785 2.917403
v 34.932083 176.057079 17.488436
v 53.566820 173.148755 20.773910
v 53.566820 173.148755 20.773910
v 34.932083 176.057079 17.488436
v 23.320278 190.877518 26.568038
v 53.566820 190.877518 28.322271
v 53.566820 190.877518 28.322271
v 23.320278 190.877518 26.568038
v 35.584518 209.651490 16.978279
v 53.566820 207.026047 22.258136
v 53.566820 213.940252 2.917403
v 53.566820 207.026047 22.258136
v 35.584518 209.651490 16.978279
v 53.566820 167.814785 2.917403
v 27.609611 174.792250 2.917403
v 34.932083 176.057079 17.488436
v 34.932083 176.057079 17.488436
v 27.609611 174.792250 2.917403
v 21.146474 190.877518 2.917403
v 23.320278 190.877518 26.568038
v 23.320278 190.877518 26.568038
v 21.146474 190.877518 2.917403
v 26.387403 206.379727 2.917403
v 35.584518 209.651490 16.978279
v 53.566820 213.940252 2.917403
v 35.584518 209.651490 16.978279
v 26.387403 206.379727 2.917403
v 53.566820 167.814785 2.917403
v 37.451606 176.911229 -9.683543
v 27.609611 174.792250 2.917403
v 27.609611 174.792250 2.917403
v 37.451606 176.911229 -9.683543
v 29.399832 190.877518 -15.979455
v 21.146474 190.877518 2.917403
v 21.146474 190.877518 2.917403
v 29.399832 190.877518 -15.979455
v 34.939653 205.113024 -11.647711
v 26.387403 206.379727 2.917403
v 53.566820 213.940252 2.917403
v 26.387403 206.379727 2.917403
v 34.939653 205.113024 -11.647711
v 53.566820 167.814785 2.917403
v 53.566820 176.267850 -17.692735
v 37.451606 176.911229 -9.683543
v 37.451606 176.911229 -9.683543
v 53.566820 176.267850 -17.692735
v 53.566820 190.877518 -30.234907
v 29.399832 190.877518 -15.979455
v 29.399832 190.877518 -15.979455
v 53.566820 190.877518 -30.234907
v 53.566820 205.590417 -18.696353
v 34.939653 205.113024 -11.647711
v 53.566820 213.940252 2.917403
v 34.939653 205.113024 -11.647711
v 53.566820 205.590417 -18.696353
v 53.566820 167.814785 2.917403
v 70.408225 176.675111 -10.251372
v 53.566820 176.267850 -17.692735
v 53.566820 176.267850 -17.692735
v 70.408225 176.675111 -10.251372
v 80.462994 190.877518 -18.113483
v 53.566820 190.877518 -30.234907
v 53.566820 190.877518 -30.234907
v 80.462994 190.877518 -18.113483
v 72.626272 209.418902 -11.985726
v 53.566820 205.590417 -18.696353
v 53.566820 213.940252 2.917403
v 53.566820 205.590417 -18.696353
v 72.626272 209.418902 -11.985726
v 53.566820 167.814785 2.917403
v 83.167861 173.823489 2.917403
v 70.408225 176.675111 -10.251372
v 70.408225 176.675111 -10.251372
v 83.167861 173.823489 2.917403
v 94.828766 190.877518 2.917403
v 80.462994 190.877518 -18.113483
v 80.462994 190.877518 -18.113483
v 94.828766 190.877518 2.917403
v 78.634632 207.831530 2.917403
v 72.626272 209.418902 -11.985726
v 53.566820 213.940252 2.917403
v 72.626272 209.418902 -11.985726
v 78.634632 207.831530 2.917403
v 39.827013 154.026595 50.360941
v 55.792323 161.410083 63.817360
v 61.488960 159.675367 50.360941
v 61.488960 159.675367 50.360941
v 55.792323 161.410083 63.817360
v 59.827127 174.136786 67.218109
v 76.514959 174.136786 50.360941
v 76.514959 174.136786 50.360941
v 59.827127 174.136786 67.218109
v 57.347069 190.596162 65.127783
v 60.287540 188.138914 50.360941
v 39.827013 194.246978 50.360941
v 60.287540 188.138914 50.360941
v 57.347069 190.596162 65.127783
v 39.827013 154.026595 50.360941
v 39.827013 161.835986 68.707587
v 55.792323 161.410083 63.817360
v 55.792323 161.410083 63.817360
v 39.827013 161.835986 68.707587
v 39.827013 174.136786 78.350180
v 59.827127 174.136786 67.218109
v 59.827127 174.136786 67.218109
v 39.827013 174.136786 78.350180
v 39.827013 186.565875 68.345327
v 57.347069 190.596162 65.127783
v 39.827013 194.246978 50.360941
v 57.347069 190.596162 65.127783
v 39.827013 186.565875 68.345327
v 39.827013 154.026595 50.360941
v 21.979399 158.147481 65.403866
v 39.827013 161.835986 68.707587
v 39.827013 161.835986 68.707587
v 21.979399 158.147481 65.403866
v 16.257943 174.136786 70.226215
v 39.827013 174.136786 78.350180
v 39.827013 174.136786 78.350180
v 16.257943 174.136786 70.226215
v 25.193950 189.703901 62.694470
v 39.827013 186.565875 68.345327
v 39.827013 194.246978 50.360941
v 39.827013 186.565875 68.345327
v 25.193950 189.703901 62.694470
v 39.827013 154.026595 50.360941
v 19.862685 159.377643 50.360941
v 21.979399 158.147481 65.403866
v 21.979399 158.147481 65.403866
v 19.862685 159.377643 50.360941
v 4.456349 174.136786 50.360941
v 16.257943 174.136786 70.226215
v 16.257943 174.136786 70.226215
v 4.456349 174.136786 50.360941
v 17.535948 188.868900 50.360941
v 25.193950 189.703901 62.694470
v 39.827013 194.246978 50.360941
v 25.193950 189.703901 62.694470
v 17.535948 188.868900 50.360941
v 39.827013 154.026595 50.360941
v 21.521396 160.613530 34.931988
v 19.862685 159.377643 50.360941
v 19.862685 159.377643 50.360941
v 21.521396 160.613530 34.931988
v 14.238591 174.136786 28.793649
v 4.456349 174.136786 50.360941
v 4.456349 174.136786 50.360941
v 14.238591 174.136786 28.793649
v 23.029003 187.404964 36.202679
v 17.535948 188.868900 50.360941
v 39.827013 194.246978 50.360941
v 17.535948 188.868900 50.360941
v 23.029003 187.404964 36.202679
v 39.827013 154.026595 50.360941
v 39.827013 161.192809 29.925712
v 21.521396 160.613530 34.931988
v 21.521396 160.613530 34.931988
v 39.827013 161.192809 29.925712
v 39.827013 174.136786 22.172802
v 14.238591 174.136786 28.793649
v 14.238591 174.136786 28.793649
v 39.827013 174.136786 22.172802
v 39.827013 187.017208 29.954162
v 23.029003 187.404964 36.202679
v 39.827013 194.246978 50.360941
v 23.029003 187.404964 36.202679
v 39.827013 187.017208 29.954162
v 39.827013 154.026595 50.360941
v 58.460040 159.818315 34.656028
v 39.827013 161.192809 29.925712
v 39.827013 161.192809 29.925712
v 58.460040 159.818315 34.656028
v 60.736492 174.136786 32.737312
v 39.827013 174.136786 22.172802
v 39.827013 174.136786 22.172802
v 60.736492 174.136786 32.737312
v 54.780455 189.333855 37.757379
v 39.827013 187.017208 29.954162
v 39.827013 194.246978 50.360941
v 39.827013 187.017208 29.954162
v 54.780455 189.333855 37.757379
v 39.827013 154.026595 50.360941
v 61.488960 159.675367 50.360941
v 58.460040 159.818315 34.656028
v 58.460040 159.818315 34.656028
v 61.488960 159.675367 50.360941
v 76.514959 174.136786 50.360941
v 60.736492 174.136786 32.737312
v 60.736492 174.136786 32.737312
v 76.514959 174.136786 50.360941
v 60.287540 188.138914 50.360941
v 54.780455 189.333855 37.757379
v 39.827013 194.246978 50.360941
v 54.780455 189.333855 37.757379
v 60.287540 188.138914 50.360941
v 6.681919 175.610747 46.220535
v 22.199244 182.210358 62.246132
v 25.137683 182.113469 46.220535
v 25.137683 182.113469 46.220535
v 22.199244 182.210358 62.246132
v 24.182880 192.992791 64.294741
v 32.587034 192.992791 46.220535
v 32.587034 192.992791 46.220535
v 24.182880 192.992791 64.294741
v 20.623401 205.043793 60.618672
v 25.124923 206.337490 46.220535
v 6.681919 210.374835 46.220535
v 25.124923 206.337490 46.220535
v 20.623401 205.043793 60.618672
v 6.681919 175.610747 46.220535
v 6.681919 180.199524 64.684119
v 22.199244 182.210358 62.246132
v 22.199244 182.210358 62.246132
v 6.681919 180.199524 64.684119
v 6.681919 192.992791 72.893553
v 24.182880 192.992791 64.294741
v 24.182880 192.992791 64.294741
v 6.681919 192.992791 72.893553
v 6.681919 205.473526 69.726346
v 20.623401 205.043793 60.618672
v 6.681919 210.374835 46.220535
v 20.623401 205.043793 60.618672
v 6.681919 205.473526 69.726346
v 6.681919 175.610747 46.220535
v -7.807191 181.456382 61.184237
v 6.681919 180.199524 64.684119
v 6.681919 180.199524 64.684119
v -7.807191 181.456382 61.184237
v -10.824340 192.992791 64.300214
v 6.681919 192.992791 72.893553
v 6.681919 192.992791 72.893553
v -10.824340 192.992791 64.300214
v -9.540069 204.648187 62.973876
v 6.681919 205.473526 69.726346
v 6.681919 210.374835 46.220535
v 6.681919 205.473526 69.726346
v -9.540069 204.648187 62.973876
v 6.681919 175.610747 46.220535
v -13.772816 181.560262 46.220535
v -7.807191 181.456382 61.184237
v -7.807191 181.456382 61.184237
v -13.772816 181.560262 46.220535
v -23.065024 192.992791 46.220535
v -10.824340 192.992791 64.300214
v -10.824340 192.992791 64.300214
v -23.065024 192.992791 46.220535
v -11.431556 204.837337 46.220535
v -9.540069 204.648187 62.973876
v 6.681919 210.374835 46.220535
v -9.540069 204.648187 62.973876
v -11.431556 204.837337 46.220535
v 6.681919 175.610747 46.220535
v -6.939537 179.956090 32.152907
v -13.772816 181.560262 46.220535
v -13.772816 181.560262 46.220535
v -6.939537 179.956090 32.152907
v -11.450290 192.992791 27.494404
v -23.065024 192.992791 46.220535
v -23.065024 192.992791 46.220535
v -11.450290 192.992791 27.494404
v -6.520397 205.881021 32.585776
v -11.431556 204.837337 46.220535
v 6.681919 210.374835 46.220535
v -11.431556 204.837337 46.220535
v -6.520397 205.881021 32.585776
v 6.681919 175.610747 46.220535
v 6.681919 179.681757 25.558018
v -6.939537 179.956090 32.152907
v -6.939537 179.956090 32.152907
v 6.681919 179.681757 25.558018
v 6.681919 192.992791 20.089465
v -11.450290 192.992791 27.494404
v -11.450290 192.992791 27.494404
v 6.681919 192.992791 20.089465
v 6.681919 205.378369 25.757214
v -6.520397 205.881021 32.585776
v 6.681919 210.374835 46.220535
v -6.520397 205.881021 32.585776
v 6.681919 205.378369 25.757214
v 6.681919 175.610747 46.220535
v 22.423726 179.209526 29.963104
v 6.681919 179.681757 25.558018
v 6.681919 179.681757 25.558018
v 22.423726 179.209526 29.963104
v 25.244226 192.992791 27.050218
v 6.681919 192.992791 20.089465
v 6.681919 192.992791 20.089465
v 25.244226 192.992791 27.050218
v 22.752902 206.163128 29.623146
v 6.681919 205.378369 25.757214
v 6.681919 210.374835 46.220535
v 6.681919 205.378369 25.757214
v 22.752902 206.163128 29.623146
v 6.681919 175.610747 46.220535
v 25.137683 182.113469 46.220535
v 22.423726 179.209526 29.963104
v 22.423726 179.209526 29.963104
v 25.137683 182.113469 46.220535
v 32.587034 192.992791 46.220535
v 25.244226 192.992791 27.050218
v 25.244226 192.992791 27.050218
v 32.587034 192.992791 46.220535
v 25.124923 206.337490 46.220535
v 22.752902 206.163128 29.623146
v 6.681919 210.374835 46.220535
v 22.752902 206.163128 29.623146
v 25.124923 206.337490 46.220535
v -5.973448 174.268077 41.179773
v 6.639189 179.492990 50.408203
v 13.455518 178.191178 41.179773
v 13.455518 178.191178 41.179773
v 6.639189 179.492990 50.408203
v 14.846246 190.632782 56.413152
v 20.486022 190.632782 41.179773
v 20.486022 190.632782 41.179773
v 14.846246 190.632782 56.413152
v 7.073849 202.270396 50.726235
v 12.944893 203.402238 41.179773
v -5.973448 206.997487 41.179773
v 12.944893 203.402238 41.179773
v 7.073849 202.270396 50.726235
v -5.973448 174.268077 41.179773
v -5.973448 177.955587 56.025193
v 6.639189 179.492990 50.408203
v 6.639189 179.492990 50.408203
v -5.973448 177.955587 56.025193
v -5.973448 190.632782 59.156450
v 14.846246 190.632782 56.413152
v 14.846246 190.632782 56.413152
v -5.973448 190.632782 59.156450
v -5.973448 203.111490 52.821228
v 7.073849 202.270396 50.726235
v -5.973448 206.997487 41.179773
v 7.073849 202.270396 50.726235
v -5.973448 203.111490 52.821228
v -5.973448 174.268077 41.179773
v -19.571264 180.138837 51.129039
v -5.973448 177.955587 56.025193
v -5.973448 177.955587 56.025193
v -19.571264 180.138837 51.129039
v -24.388159 190.632782 54.653471
v -5.973448 190.632782 59.156450
v -5.973448 190.632782 59.156450
v -24.388159 190.632782 54.653471
v -19.022862 200.695906 50.727783
v -5.973448 203.111490 52.821228
v -5.973448 206.997487 41.179773
v -5.973448 203.111490 52.821228
v -19.022862 200.695906 50.727783
v -5.973448 174.268077 41.179773
v -23.953564 179.889002 41.179773
v -19.571264 180.138837 51.129039
v -19.571264 180.138837 51.129039
v -23.953564 179.889002 41.179773
v -30.681739 190.632782 41.179773
v -24.388159 190.632782 54.653471
v -24.388159 190.632782 54.653471
v -30.681739 190.632782 41.179773
v -24.122739 201.361149 41.179773
v -19.022862 200.695906 50.727783
v -5.973448 206.997487 41.179773
v -19.022862 200.695906 50.727783
v -24.122739 201.361149 41.179773
v -5.973448 174.268077 41.179773
v -18.811926 180.431277 31.786100
v -23.953564 179.889002 41.179773
v -23.953564 179.889002 41.179773
v -18.811926 180.431277 31.786100
v -25.626668 190.632782 26.799882
v -30.681739 190.632782 41.179773
v -30.681739 190.632782 41.179773
v -25.626668 190.632782 26.799882
v -20.087057 203.603926 30.853111
v -24.122739 201.361149 41.179773
v -5.973448 206.997487 41.179773
v -24.122739 201.361149 41.179773
v -20.087057 203.603926 30.853111
v -5.973448 174.268077 41.179773
v -5.973448 178.200382 29.180325
v -18.811926 180.431277 31.786100
v -18.811926 180.431277 31.786100
v -5.973448 178.200382 29.180325
v -5.973448 190.632782 20.093811
v -25.626668 190.632782 26.799882
v -25.626668 190.632782 26.799882
v -5.973448 190.632782 20.093811
v -5.973448 203.426550 29.522945
v -20.087057 203.603926 30.853111
v -5.973448 206.997487 41.179773
v -20.087057 203.603926 30.853111
v -5.973448 203.426550 29.522945
v -5.973448 174.268077 41.179773
v 7.221922 178.038075 31.524968
v -5.973448 178.200382 29.180325
v -5.973448 178.200382 29.180325
v 7.221922 178.038075 31.524968
v 11.633154 190.632782 28.297353
v -5.973448 190.632782 20.093811
v -5.973448 190.632782 20.093811
v 11.633154 190.632782 28.297353
v 5.896878 202.608479 32.494478
v -5.973448 203.426550 29.522945
v -5.973448 206.997487 41.179773
v -5.973448 203.426550 29.522945
v 5.896878 202.608479 32.494478
v -5.973448 174.268077 41.179773
v 13.455518 178.191178 41.179773
v 7.221922 178.038075 31.524968
v 7.221922 178.038075 31.524968
v 13.455518 178.191178 41.179773
v 20.486022 190.632782 41.179773
v 11.633154 190.632782 28.297353
v 11.633154 190.632782 28.297353
v 20.486022 190.632782 41.179773
v 12.944893 203.402238 41.179773
v 5.896878 202.608479 32.494478
v -5.973448 206.997487 41.179773
v 5.896878 202.608479 32.494478
v 12.944893 203.402238 41.179773
v -42.320616 195.660623 34.726956
v -27.742233 201.818009 47.223817
v -21.831112 201.734174 34.726956
v -21.831112 201.734174 34.726956
v -27.742233 201.818009 47.223817
v -21.157296 214.161123 52.868548
v -12.354238 214.161123 34.726956
v -12.354238 214.161123 34.726956
v -21.157296 214.161123 52.868548
v -26.628502 225.201031 48.178528
v -18.353310 225.289611 34.726956
v -42.320616 232.661622 34.726956
v -18.353310 225.289611 34.726956
v -26.628502 225.201031 48.178528
v -42.320616 195.660623 34.726956
v -42.320616 202.586296 53.600298
v -27.742233 201.818009 47.223817
v -27.742233 201.818009 47.223817
v -42.320616 202.586296 53.600298
v -42.320616 214.161123 56.730883
v -21.157296 214.161123 52.868548
v -21.157296 214.161123 52.868548
v -42.320616 214.161123 56.730883
v -42.320616 225.736180 52.425696
v -26.628502 225.201031 48.178528
v -42.320616 232.661622 34.726956
v -26.628502 225.201031 48.178528
v -42.320616 225.736180 52.425696
v -42.320616 195.660623 34.726956
v -56.183855 202.519078 46.610783
v -42.320616 202.586296 53.600298
v -42.320616 202.586296 53.600298
v -56.183855 202.519078 46.610783
v -62.811644 214.161123 52.292247
v -42.320616 214.161123 56.730883
v -42.320616 214.161123 56.730883
v -62.811644 214.161123 52.292247
v -55.902931 228.903331 46.369970
v -42.320616 225.736180 52.425696
v -42.320616 232.661622 34.726956
v -42.320616 225.736180 52.425696
v -55.902931 228.903331 46.369970
v -42.320616 195.660623 34.726956
v -61.111392 200.835634 34.726956
v -56.183855 202.519078 46.610783
v -56.183855 202.519078 46.610783
v -61.111392 200.835634 34.726956
v -67.907190 214.161123 34.726956
v -62.811644 214.161123 52.292247
v -62.811644 214.161123 52.292247
v -67.907190 214.161123 34.726956
v -66.144302 225.735746 34.726956
v -55.902931 228.903331 46.369970
v -42.320616 232.661622 34.726956
v -55.902931 228.903331 46.369970
v -66.144302 225.735746 34.726956
v -42.320616 195.660623 34.726956
v -59.128914 201.004075 20.318569
v -61.111392 200.835634 34.726956
v -61.111392 200.835634 34.726956
v -59.128914 201.004075 20.318569
v -61.717249 214.161123 18.099801
v -67.907190 214.161123 34.726956
v -67.907190 214.161123 34.726956
v -61.717249 214.161123 18.099801
v -58.658111 226.710292 20.722151
v -66.144302 225.735746 34.726956
v -42.320616 232.661622 34.726956
v -66.144302 225.735746 34.726956
v -58.658111 226.710292 20.722151
v -42.320616 195.660623 34.726956
v -42.320616 199.929127 17.647480
v -59.128914 201.004075 20.318569
v -59.128914 201.004075 20.318569
v -42.320616 199.929127 17.647480
v -42.320616 214.161123 10.280271
v -61.717249 214.161123 18.099801
v -61.717249 214.161123 18.099801
v -42.320616 214.161123 10.280271
v -42.320616 227.610832 18.168554
v -58.658111 226.710292 20.722151
v -42.320616 232.661622 34.726956
v -58.658111 226.710292 20.722151
v -42.320616 227.610832 18.168554
v -42.320616 195.660623 34.726956
v -25.326870 200.823186 20.159601
v -42.320616 199.929127 17.647480
v -42.320616 199.929127 17.647480
v -25.326870 200.823186 20.159601
v -24.509194 214.161123 19.458674
v -42.320616 214.161123 10.280271
v -42.320616 214.161123 10.280271
v -24.509194 214.161123 19.458674
v -27.307903 226.980135 21.857779
v -42.320616 227.610832 18.168554
v -42.320616 232.661622 34.726956
v -42.320616 227.610832 18.168554
v -27.307903 226.980135 21.857779
v -42.320616 195.660623 34.726956
v -21.831112 201.734174 34.726956
v -25.326870 200.823186 20.159601
v -25.326870 200.823186 20.159601
v -21.831112 201.734174 34.726956
v -12.354238 214.161123 34.726956
v -24.509194 214.161123 19.458674
v -24.509194 214.161123 19.458674
v -12.354238 214.161123 34.726956
v -18.353310 225.289611 34.726956
v -27.307903 226.980135 21.857779
v -42.320616 232.661622 34.726956
v -27.307903 226.980135 21.857779
v -18.353310 225.289611 34.726956
v -41.271643 152.958857 4.178293
v -27.288884 158.297264 17.353150
v -21.876004 158.772438 4.178293
v -21.876004 158.772438 4.178293
v -27.288884 158.297264 17.353150
v -21.495010 171.097381 22.812262
v -7.395520 171.097381 4.178293
v -7.395520 171.097381 4.178293
v -21.495010 171.097381 22.812262
v -27.339149 183.175269 17.305789
v -23.646030 182.204703 4.178293
v -41.271643 189.235905 4.178293
v -23.646030 182.204703 4.178293
v -27.339149 183.175269 17.305789
v -41.271643 152.958857 4.178293
v -41.271643 157.517026 23.924491
v -27.288884 158.297264 17.353150
v -27.288884 158.297264 17.353150
v -41.271643 157.517026 23.924491
v -41.271643 171.097381 34.467974
v -21.495010 171.097381 22.812262
v -21.495010 171.097381 22.812262
v -41.271643 171.097381 34.467974
v -41.271643 182.213938 22.160175
v -27.339149 183.175269 17.305789
v -41.271643 189.235905 4.178293
v -27.339149 183.175269 17.305789
v -41.271643 182.213938 22.160175
v -41.271643 152.958857 4.178293
v -54.336334 159.955123 16.488125
v -41.271643 157.517026 23.924491
v -41.271643 157.517026 23.924491
v -54.336334 159.955123 16.488125
v -60.795134 171.097381 22.573745
v -41.271643 171.097381 34.467974
v -41.271643 171.097381 34.467974
v -60.795134 171.097381 22.573745
v -56.692775 182.526905 18.708415
v -41.271643 182.213938 22.160175
v -41.271643 189.235905 4.178293
v -41.271643 182.213938 22.160175
v -56.692775 182.526905 18.708415
v -41.271643 152.958857 4.178293
v -60.741116 157.077250 4.178293
v -54.336334 159.955123 16.488125
v -54.336334 159.955123 16.488125
v -60.741116 157.077250 4.178293
v -74.558925 171.097381 4.178293
v -60.795134 171.097381 22.573745
v -60.795134 171.097381 22.573745
v -74.558925 171.097381 4.178293
v -58.953383 185.382215 4.178293
v -56.692775 182.526905 18.708415
v -41.271643 189.235905 4.178293
v -56.692775 182.526905 18.708415
v -58.953383 185.382215 4.178293
v -41.271643 152.958857 4.178293
v -54.373719 160.300649 -8.166764
v -60.741116 157.077250 4.178293
v -60.741116 157.077250 4.178293
v -54.373719 160.300649 -8.166764
v -58.873760 171.097381 -12.406800
v -74.558925 171.097381 4.178293
v -74.558925 171.097381 4.178293
v -58.873760 171.097381 -12.406800
v -58.236927 185.918209 -11.806762
v -58.953383 185.382215 4.178293
v -41.271643 189.235905 4.178293
v -58.953383 185.382215 4.178293
v -58.236927 185.918209 -11.806762
v -41.271643 152.958857 4.178293
v -41.271643 156.219543 -16.180371
v -54.373719 160.300649 -8.166764
v -54.373719 160.300649 -8.166764
v -41.271643 156.219543 -16.180371
v -41.271643 171.097381 -26.723511
v -58.873760 171.097381 -12.406800
v -58.873760 171.097381 -12.406800
v -41.271643 171.097381 -26.723511
v -41.271643 185.014881 -13.643154
v -58.236927 185.918209 -11.806762
v -41.271643 189.235905 4.178293
v -58.236927 185.918209 -11.806762
v -41.271643 185.014881 -13.643154
v -41.271643 152.958857 4.178293
v -25.339170 160.317628 -10.833626
v -41.271643 156.219543 -16.180371
v -41.271643 156.219543 -16.180371
v -25.339170 160.317628 -10.833626
v -17.638207 171.097381 -18.089639
v -41.271643 171.097381 -26.723511
v -41.271643 171.097381 -26.723511
v -17.638207 171.097381 -18.089639
v -27.753240 184.818460 -8.559037
v -41.271643 185.014881 -13.643154
v -41.271643 189.235905 4.178293
v -41.271643 185.014881 -13.643154
v -27.753240 184.818460 -8.559037
v -41.271643 152.958857 4.178293
v -21.876004 158.772438 4.178293
v -25.339170 160.317628 -10.833626
v -25.339170 160.317628 -10.833626
v -21.876004 158.772438 4.178293
v -7.395520 171.097381 4.178293
v -17.638207 171.097381 -18.089639
v -17.638207 171.097381 -18.089639
v -7.395520 171.097381 4.178293
v -23.646030 182.204703 4.178293
v -27.753240 184.818460 -8.559037
v -41.271643 189.235905 4.178293
v -27.753240 184.818460 -8.559037
v -23.646030 182.204703 4.178293
v -44.104779 146.851612 -47.319027
v -28.058824 154.826422 -33.565903
v -18.785913 154.571740 -47.319027
v -18.785913 154.571740 -47.319027
v -28.058824 154.826422 -33.565903
v -21.450842 168.671921 -27.902145
v -12.740791 168.671921 -47.319027
v -12.740791 168.671921 -47.319027
v -21.450842 168.671921 -27.902145
v -27.753770 183.304115 -33.304438
v -20.961149 184.199725 -47.319027
v -44.104779 190.492230 -47.319027
v -20.961149 184.199725 -47.319027
v -27.753770 183.304115 -33.304438
v -44.104779 146.851612 -47.319027
v -44.104779 154.113154 -23.317756
v -28.058824 154.826422 -33.565903
v -28.058824 154.826422 -33.565903
v -44.104779 154.113154 -23.317756
v -44.104779 168.671921 -13.411156
v -21.450842 168.671921 -27.902145
v -21.450842 168.671921 -27.902145
v -44.104779 168.671921 -13.411156
v -44.104779 183.545592 -25.664194
v -27.753770 183.304115 -33.304438
v -44.104779 190.492230 -47.319027
v -27.753770 183.304115 -33.304438
v -44.104779 183.545592 -25.664194
v -44.104779 146.851612 -47.319027
v -64.476968 151.966675 -29.857850
v -44.104779 154.113154 -23.317756
v -44.104779 154.113154 -23.317756
v -64.476968 151.966675 -29.857850
v -66.533480 168.671921 -28.095197
v -44.104779 168.671921 -13.411156
v -44.104779 168.671921 -13.411156
v -66.533480 168.671921 -28.095197
v -59.566236 183.728753 -34.066881
v -44.104779 183.545592 -25.664194
v -44.104779 190.492230 -47.319027
v -44.104779 183.545592 -25.664194
v -59.566236 183.728753 -34.066881
v -44.104779 146.851612 -47.319027
v -65.770276 154.876925 -47.319027
v -64.476968 151.966675 -29.857850
v -64.476968 151.966675 -29.857850
v -65.770276 154.876925 -47.319027
v -84.234188 168.671921 -47.319027
v -66.533480 168.671921 -28.095197
v -66.533480 168.671921 -28.095197
v -84.234188 168.671921 -47.319027
v -71.415070 184.819200 -47.319027
v -59.566236 183.728753 -34.066881
v -44.104779 190.492230 -47.319027
v -59.566236 183.728753 -34.066881
v -71.415070 184.819200 -47.319027
v -44.104779 146.851612 -47.319027
v -60.986951 153.051123 -61.788881
v -65.770276 154.876925 -47.319027
v -65.770276 154.876925 -47.319027
v -60.986951 153.051123 -61.788881
v -72.858405 168.671921 -71.964005
v -84.234188 168.671921 -47.319027
v -84.234188 168.671921 -47.319027
v -72.858405 168.671921 -71.964005
v -58.929560 183.223523 -60.025473
v -71.415070 184.819200 -47.319027
v -44.104779 190.492230 -47.319027
v -71.415070 184.819200 -47.319027
v -58.929560 183.223523 -60.025473
v -44.104779 146.851612 -47.319027
v -44.104779 152.697438 -71.113509
v -60.986951 153.051123 -61.788881
v -60.986951 153.051123 -61.788881
v -44.104779 152.697438 -71.113509
v -44.104779 168.671921 -81.104732
v -72.858405 168.671921 -71.964005
v -72.858405 168.671921 -71.964005
v -44.104779 168.671921 -81.104732
v -44.104779 183.095393 -71.755902
v -58.929560 183.223523 -60.025473
v -44.104779 190.492230 -47.319027
v -58.929560 183.223523 -60.025473
v -44.104779 183.095393 -71.755902
v -44.104779 146.851612 -47.319027
v -24.065511 154.183694 -64.494854
v -44.104779 152.697438 -71.113509
v -44.104779 152.697438 -71.113509
v -24.065511 154.183694 -64.494854
v -20.553930 168.671921 -67.504660
v -44.104779 168.671921 -81.104732
v -44.104779 168.671921 -81.104732
v -20.553930 168.671921 -67.504660
v -26.059018 185.430346 -62.786202
v -44.104779 183.095393 -71.755902
v -44.104779 190.492230 -47.319027
v -44.104779 183.095393 -71.755902
v -26.059018 185.430346 -62.786202
v -44.104779 146.851612 -47.319027
v -18.785913 154.571740 -47.319027
v -24.065511 154.183694 -64.494854
v -24.065511 154.183694 -64.494854
v -18.785913 154.571740 -47.319027
v -12.740791 168.671921 -47.319027
v -20.553930 168.671921 -67.504660
v -20.553930 168.671921 -67.504660
v -12.740791 168.671921 -47.319027
v -20.961149 184.199725 -47.319027
v -26.059018 185.430346 -62.786202
v -44.104779 190.492230 -47.319027
v -26.059018 185.430346 -62.786202
v -20.961149 184.199725 -47.319027
v -10.030124 143.649292 -51.793607
v 8.070548 152.685880 -33.837795
v 15.831125 150.594923 -51.793607
v 15.831125 150.594923 -51.793607
v 8.070548 152.685880 -33.837795
v 18.169928 167.709565 -23.819241
v 27.344654 167.709565 -51.793607
v 27.344654 167.709565 -51.793607
v 18.169928 167.709565 -23.819241
v 12.177872 182.604820 -29.763343
v 19.262123 183.176624 -51.793607
v -10.030124 191.769838 -51.793607
v 19.262123 183.176624 -51.793607
v 12.177872 182.604820 -29.763343
v -10.030124 143.649292 -51.793607
v -10.030124 149.605391 -27.717265
v 8.070548 152.685880 -33.837795
v 8.070548 152.685880 -33.837795
v -10.030124 149.605391 -27.717265
v -10.030124 167.709565 -11.545510
v 18.169928 167.709565 -23.819241
v 18.169928 167.709565 -23.819241
v -10.030124 167.709565 -11.545510
v -10.030124 182.692661 -22.555451
v 12.177872 182.604820 -29.763343
v -10.030124 191.769838 -51.793607
v 12.177872 182.604820 -29.763343
v -10.030124 182.692661 -22.555451
v -10.030124 143.649292 -51.793607
v -31.164370 150.246265 -30.828499
v -10.030124 149.605391 -27.717265
v -10.030124 149.605391 -27.717265
v -31.164370 150.246265 -30.828499
v -36.629275 167.709565 -25.407330
v -10.030124 167.709565 -11.545510
v -10.030124 167.709565 -11.545510
v -36.629275 167.709565 -25.407330
v -29.298816 184.715241 -32.679123
v -10.030124 182.692661 -22.555451
v -10.030124 191.769838 -51.793607
v -10.030124 182.692661 -22.555451
v -29.298816 184.715241 -32.679123
v -10.030124 143.649292 -51.793607
v -39.913010 152.393121 -51.793607
v -31.164370 150.246265 -30.828499
v -31.164370 150.246265 -30.828499
v -39.913010 152.393121 -51.793607
v -50.057500 167.709565 -51.793607
v -36.629275 167.709565 -25.407330
v -36.629275 167.709565 -25.407330
v -50.057500 167.709565 -51.793607
v -39.716010 184.393270 -51.793607
v -29.298816 184.715241 -32.679123
v -10.030124 191.769838 -51.793607
v -29.298816 184.715241 -32.679123
v -39.716010 184.393270 -51.793607
v -10.030124 143.649292 -51.793607
v -29.279589 148.641965 -70.889017
v -39.913010 152.393121 -51.793607
v -39.913010 152.393121 -51.793607
v -29.279589 148.641965 -70.889017
v -40.774241 167.709565 -82.291676
v -50.057500 167.709565 -51.793607
v -50.057500 167.709565 -51.793607
v -40.774241 167.709565 -82.291676
v -29.191093 182.505403 -70.801229
v -39.716010 184.393270 -51.793607
v -10.030124 191.769838 -51.793607
v -39.716010 184.393270 -51.793607
v -29.191093 182.505403 -70.801229
v -10.030124 143.649292 -51.793607
v -10.030124 149.060223 -82.728860
v -29.279589 148.641965 -70.889017
v -29.279589 148.641965 -70.889017
v -10.030124 149.060223 -82.728860
v -10.030124 167.709565 -88.492604
v -40.774241 167.709565 -82.291676
v -40.774241 167.709565 -82.291676
v -10.030124 167.709565 -88.492604
v -10.030124 187.156283 -77.044879
v -29.191093 182.505403 -70.801229
v -10.030124 191.769838 -51.793607
v -29.191093 182.505403 -70.801229
v -10.030124 187.156283 -77.044879
v -10.030124 143.649292 -51.793607
v 11.533697 150.976525 -73.184851
v -10.030124 149.060223 -82.728860
v -10.030124 149.060223 -82.728860
v 11.533697 150.976525 -73.184851
v 15.253807 167.709565 -76.875189
v -10.030124 167.709565 -88.492604
v -10.030124 167.709565 -88.492604
v 15.253807 167.709565 -76.875189
v 12.115073 186.670620 -73.761575
v -10.030124 187.156283 -77.044879
v -10.030124 191.769838 -51.793607
v -10.030124 187.156283 -77.044879
v 12.115073 186.670620 -73.761575
v -10.030124 143.649292 -51.793607
v 15.831125 150.594923 -51.793607
v 11.533697 150.976525 -73.184851
v 11.533697 150.976525 -73.184851
v 15.831125 150.594923 -51.793607
v 27.344654 167.709565 -51.793607
v 15.253807 167.709565 -76.875189
v 15.253807 167.709565 -76.875189
v 27.344654 167.709565 -51.793607
v 19.262123 183.176624 -51.793607
v 12.115073 186.670620 -73.761575
v -10.030124 191.769838 -51.793607
v 12.115073 186.670620 -73.761575
v 19.262123 183.176624 -51.793607
v 16.501259 192.204187 -56.467227
v 30.843140 197.880447 -43.522117
v 35.643975 197.000130 -56.467227
v 35.643975 197.000130 -56.467227
v 30.843140 197.880447 -43.522117
v 33.178478 207.612984 -41.414220
v 43.374370 207.612984 -56.467227
v 43.374370 207.612984 -56.467227
v 33.178478 207.612984 -41.414220
v 26.968241 219.632442 -47.019636
v 33.459429 218.644656 -56.467227
v 16.501259 223.021781 -56.467227
v 33.459429 218.644656 -56.467227
v 26.968241 219.632442 -47.019636
v 16.501259 192.204187 -56.467227
v 16.501259 198.219878 -38.992651
v 30.843140 197.880447 -43.522117
v 30.843140 197.880447 -43.522117
v 16.501259 198.219878 -38.992651
v 16.501259 207.612984 -30.589753
v 33.178478 207.612984 -41.414220
v 33.178478 207.612984 -41.414220
v 16.501259 207.612984 -30.589753
v 16.501259 219.594373 -42.168343
v 26.968241 219.632442 -47.019636
v 16.501259 223.021781 -56.467227
v 26.968241 219.632442 -47.019636
v 16.501259 219.594373 -42.168343
v 16.501259 192.204187 -56.467227
v 5.118322 198.295584 -46.192886
v 16.501259 198.219878 -38.992651
v 16.501259 198.219878 -38.992651
v 5.118322 198.295584 -46.192886
v 1.349161 207.612984 -42.790807
v 16.501259 207.612984 -30.589753
v 16.501259 207.612984 -30.589753
v 1.349161 207.612984 -42.790807
v 4.550852 220.133560 -45.680682
v 16.501259 219.594373 -42.168343
v 16.501259 223.021781 -56.467227
v 16.501259 219.594373 -42.168343
v 4.550852 220.133560 -45.680682
v 16.501259 192.204187 -56.467227
v 1.315906 196.222627 -56.467227
v 5.118322 198.295584 -46.192886
v 5.118322 198.295584 -46.192886
v 1.315906 196.222627 -56.467227
v -10.575486 207.612984 -56.467227
v 1.349161 207.612984 -42.790807
v 1.349161 207.612984 -42.790807
v -10.575486 207.612984 -56.467227
v -3.403849 218.433707 -56.467227
v 4.550852 220.133560 -45.680682
v 16.501259 223.021781 -56.467227
v 4.550852 220.133560 -45.680682
v -3.403849 218.433707 -56.467227
v 16.501259 192.204187 -56.467227
v 5.023325 196.714590 -66.827313
v 1.315906 196.222627 -56.467227
v 1.315906 196.222627 -56.467227
v 5.023325 196.714590 -66.827313
v -1.706599 207.612984 -72.901802
v -10.575486 207.612984 -56.467227
v -10.575486 207.612984 -56.467227
v -1.706599 207.612984 -72.901802
v 3.003520 220.057528 -68.650408
v -3.403849 218.433707 -56.467227
v 16.501259 223.021781 -56.467227
v -3.403849 218.433707 -56.467227
v 3.003520 220.057528 -68.650408
v 16.501259 192.204187 -56.467227
v 16.501259 196.664712 -74.463057
v 5.023325 196.714590 -66.827313
v 5.023325 196.714590 -66.827313
v 16.501259 196.664712 -74.463057
v 16.501259 207.612984 -78.158766
v -1.706599 207.612984 -72.901802
v -1.706599 207.612984 -72.901802
v 16.501259 207.612984 -78.158766
v 16.501259 218.764258 -71.130897
v 3.003520 220.057528 -68.650408
v 16.501259 223.021781 -56.467227
v 3.003520 220.057528 -68.650408
v 16.501259 218.764258 -71.130897
v 16.501259 192.204187 -56.467227
v 30.586618 198.323628 -69.180798
v 16.501259 196.664712 -74.463057
v 16.501259 196.664712 -74.463057
v 30.586618 198.323628 -69.180798
v 33.040752 207.612984 -71.395921
v 16.501259 207.612984 -78.158766
v 16.501259 207.612984 -78.158766
v 33.040752 207.612984 -71.395921
v 27.975539 217.041520 -66.824014
v 16.501259 218.764258 -71.130897
v 16.501259 223.021781 -56.467227
v 16.501259 218.764258 -71.130897
v 27.975539 217.041520 -66.824014
v 16.501259 192.204187 -56.467227
v 35.643975 197.000130 -56.467227
v 30.586618 198.323628 -69.180798
v 30.586618 198.323628 -69.180798
v 35.643975 197.000130 -56.467227
v 43.374370 207.612984 -56.467227
v 33.040752 207.612984 -71.395921
v 33.040752 207.612984 -71.395921
v 43.374370 207.612984 -56.467227
v 33.459429 218.644656 -56.467227
v 27.975539 217.041520 -66.824014
v 16.501259 223.021781 -56.467227
v 27.975539 217.041520 -66.824014
v 33.459429 218.644656 -56.467227
v 64.529026 158.543167 -32.764033
v 83.076290 163.161555 -15.393696
v 85.775084 164.585423 -32.764033
v 85.775084 164.585423 -32.764033
v 83.076290 163.161555 -15.393696
v 87.697072 178.819099 -11.066129
v 97.429652 178.819099 -32.764033
v 97.429652 178.819099 -32.764033
v 87.697072 178.819099 -11.066129
v 81.791224 191.261036 -16.597218
v 87.822111 195.385014 -32.764033
v 64.529026 199.095032 -32.764033
v 87.822111 195.385014 -32.764033
v 81.791224 191.261036 -16.597218
v 64.529026 158.543167 -32.764033
v 64.529026 164.597896 -13.630339
v 83.076290 163.161555 -15.393696
v 83.076290 163.161555 -15.393696
v 64.529026 164.597896 -13.630339
v 64.529026 178.819099 -1.559546
v 87.697072 178.819099 -11.066129
v 87.697072 178.819099 -11.066129
v 64.529026 178.819099 -1.559546
v 64.529026 193.362724 -11.583782
v 81.791224 191.261036 -16.597218
v 64.529026 199.095032 -32.764033
v 81.791224 191.261036 -16.597218
v 64.529026 193.362724 -11.583782
v 64.529026 158.543167 -32.764033
v 49.347707 162.377901 -18.546054
v 64.529026 164.597896 -13.630339
v 64.529026 164.597896 -13.630339
v 49.347707 162.377901 -18.546054
v 44.551460 178.819099 -14.054156
v 64.529026 178.819099 -1.559546
v 64.529026 178.819099 -1.559546
v 44.551460 178.819099 -14.054156
v 49.294200 195.338681 -18.495942
v 64.529026 193.362724 -11.583782
v 64.529026 199.095032 -32.764033
v 64.529026 193.362724 -11.583782
v 49.294200 195.338681 -18.495942
v 64.529026 158.543167 -32.764033
v 43.161759 163.976165 -32.764033
v 49.347707 162.377901 -18.546054
v 49.347707 162.377901 -18.546054
v 43.161759 163.976165 -32.764033
v 27.305615 178.819099 -32.764033
v 44.551460 178.819099 -14.054156
v 44.551460 178.819099 -14.054156
v 27.305615 178.819099 -32.764033
v 41.129035 193.197932 -32.764033
v 49.294200 195.338681 -18.495942
v 64.529026 199.095032 -32.764033
v 49.294200 195.338681 -18.495942
v 41.129035 193.197932 -32.764033
v 64.529026 158.543167 -32.764033
v 50.414542 165.208529 -45.982873
v 43.161759 163.976165 -32.764033
v 43.161759 163.976165 -32.764033
v 50.414542 165.208529 -45.982873
v 40.596152 178.819099 -55.178231
v 27.305615 178.819099 -32.764033
v 27.305615 178.819099 -32.764033
v 40.596152 178.819099 -55.178231
v 46.424769 193.581143 -49.719473
v 41.129035 193.197932 -32.764033
v 64.529026 199.095032 -32.764033
v 41.129035 193.197932 -32.764033
v 46.424769 193.581143 -49.719473
v 64.529026 158.543167 -32.764033
v 64.529026 165.178414 -56.639140
v 50.414542 165.208529 -45.982873
v 50.414542 165.208529 -45.982873
v 64.529026 165.178414 -56.639140
v 64.529026 178.819099 -64.584380
v 40.596152 178.819099 -55.178231
v 40.596152 178.819099 -55.178231
v 64.529026 178.819099 -64.584380
v 64.529026 193.629462 -57.855883
v 46.424769 193.581143 -49.719473
v 64.529026 199.095032 -32.764033
v 46.424769 193.581143 -49.719473
v 64.529026 193.629462 -57.855883
v 64.529026 158.543167 -32.764033
v 78.895384 165.137855 -46.218765
v 64.529026 165.178414 -56.639140
v 64.529026 165.178414 -56.639140
v 78.895384 165.137855 -46.218765
v 86.384984 178.819099 -53.233108
v 64.529026 178.819099 -64.584380
v 64.529026 178.819099 -64.584380
v 86.384984 178.819099 -53.233108
v 81.106208 194.025724 -48.289300
v 64.529026 193.629462 -57.855883
v 64.529026 199.095032 -32.764033
v 64.529026 193.629462 -57.855883
v 81.106208 194.025724 -48.289300
v 64.529026 158.543167 -32.764033
v 85.775084 164.585423 -32.764033
v 78.895384 165.137855 -46.218765
v 78.895384 165.137855 -46.218765
v 85.775084 164.585423 -32.764033
v 97.429652 178.819099 -32.764033
v 86.384984 178.819099 -53.233108
v 86.384984 178.819099 -53.233108
v 97.429652 178.819099 -32.764033
v 87.822111 195.385014 -32.764033
v 81.106208 194.025724 -48.289300
v 64.529026 199.095032 -32.764033
v 81.106208 194.025724 -48.289300
v 87.822111 195.385014 -32.764033
v 0.000000 191.378564 0.000000
v 12.266558 195.656815 11.930611
v 18.946365 196.812034 0.000000
v 18.946365 196.812034 0.000000
v 12.266558 195.656815 11.930611
v 15.228821 207.027312 14.811746
v 27.734340 207.027312 0.000000
v 27.734340 207.027312 0.000000
v 15.228821 207.027312 14.811746
v 11.290567 217.631341 10.981350
v 15.793325 219.243287 0.000000
v 0.000000 222.676060 0.000000
v 15.793325 219.243287 0.000000
v 11.290567 217.631341 10.981350
v 0.000000 191.378564 0.000000
v 0.000000 196.202244 19.118282
v 12.266558 195.656815 11.930611
v 12.266558 195.656815 11.930611
v 0.000000 196.202244 19.118282
v 0.000000 207.027312 26.152749
v 15.228821 207.027312 14.811746
v 15.228821 207.027312 14.811746
v 0.000000 207.027312 26.152749
v 0.000000 217.480492 17.434321
v 11.290567 217.631341 10.981350
v 0.000000 222.676060 0.000000
v 11.290567 217.631341 10.981350
v 0.000000 217.480492 17.434321
v 0.000000 191.378564 0.000000
v -14.424538 196.680065 14.029491
v 0.000000 196.202244 19.118282
v 0.000000 196.202244 19.118282
v -14.424538 196.680065 14.029491
v -16.173667 207.027312 15.730716
v 0.000000 207.027312 26.152749
v 0.000000 207.027312 26.152749
v -16.173667 207.027312 15.730716
v -11.834129 217.619337 11.510025
v 0.000000 217.480492 17.434321
v 0.000000 222.676060 0.000000
v 0.000000 217.480492 17.434321
v -11.834129 217.619337 11.510025
v 0.000000 191.378564 0.000000
v -20.541777 197.144609 0.000000
v -14.424538 196.680065 14.029491
v -14.424538 196.680065 14.029491
v -20.541777 197.144609 0.000000
v -28.484915 207.027312 0.000000
v -16.173667 207.027312 15.730716
v -16.173667 207.027312 15.730716
v -28.484915 207.027312 0.000000
v -19.597376 219.319736 0.000000
v -11.834129 217.619337 11.510025
v 0.000000 222.676060 0.000000
v -11.834129 217.619337 11.510025
v -19.597376 219.319736 0.000000
v 0.000000 191.378564 0.000000
v -14.030444 197.457975 -13.646189
v -20.541777 197.144609 0.000000
v -20.541777 197.144609 0.000000
v -14.030444 197.457975 -13.646189
v -16.639894 207.027312 -16.184174
v -28.484915 207.027312 0.000000
v -28.484915 207.027312 0.000000
v -16.639894 207.027312 -16.184174
v -14.602703 218.344668 -14.202776
v -19.597376 219.319736 0.000000
v 0.000000 222.676060 0.000000
v -19.597376 219.319736 0.000000
v -14.602703 218.344668 -14.202776
v 0.000000 191.378564 0.000000
v -0.000000 195.479552 -16.722875
v -14.030444 197.457975 -13.646189
v -14.030444 197.457975 -13.646189
v -0.000000 195.479552 -16.722875
v -0.000000 207.027312 -22.440036
v -16.639894 207.027312 -16.184174
v -16.639894 207.027312 -16.184174
v -0.000000 207.027312 -22.440036
v -0.000000 216.996258 -14.858236
v -14.602703 218.344668 -14.202776
v 0.000000 222.676060 0.000000
v -14.602703 218.344668 -14.202776
v -0.000000 216.996258 -14.858236
v 0.000000 191.378564 0.000000
v 14.591933 197.165176 -14.192301
v -0.000000 195.479552 -16.722875
v -0.000000 195.479552 -16.722875
v 14.591933 197.165176 -14.192301
v 18.029005 207.027312 -17.535241
v -0.000000 207.027312 -22.440036
v -0.000000 207.027312 -22.440036
v 18.029005 207.027312 -17.535241
v 11.526675 218.951287 -11.210992
v -0.000000 216.996258 -14.858236
v 0.000000 222.676060 0.000000
v -0.000000 216.996258 -14.858236
v 11.526675 218.951287 -11.210992
v 0.000000 191.378564 0.000000
v 18.946365 196.812034 0.000000
v 14.591933 197.165176 -14.192301
v 14.591933 197.165176 -14.192301
v 18.946365 196.812034 0.000000
v 27.734340 207.027312 0.000000
v 18.029005 207.027312 -17.535241
v 18.029005 207.027312 -17.535241
v 27.734340 207.027312 0.000000
v 15.793325 219.243287 0.000000
v 11.526675 218.951287 -11.210992
v 0.000000 222.676060 0.000000
v 11.526675 218.951287 -11.210992
v 15.793325 219.243287 0.000000
v 0.000000 166.005989 0.000000
v 19.478023 172.775762 19.519725
v 29.874814 173.138270 0.000000
v 29.874814 173.138270 0.000000
v 19.478023 172.775762 19.519725
v 26.540288 189.104826 26.597110
v 42.730722 189.104826 0.000000
v 42.730722 189.104826 0.000000
v 26.540288 189.104826 26.597110
v 15.858242 207.510082 15.892195
v 29.211895 203.318758 0.000000
v 0.000000 212.203662 0.000000
v 29.211895 203.318758 0.000000
v 15.858242 207.510082 15.892195
v 0.000000 166.005989 0.000000
v 0.000000 174.371787 27.617471
v 19.478023 172.775762 19.519725
v 19.478023 172.775762 19.519725
v 0.000000 174.371787 27.617471
v 0.000000 189.104826 38.864022
v 26.540288 189.104826 26.597110
v 26.540288 189.104826 26.597110
v 0.000000 189.104826 38.864022
v 0.000000 207.309130 28.373562
v 15.858242 207.510082 15.892195
v 0.000000 212.203662 0.000000
v 15.858242 207.510082 15.892195
v 0.000000 207.309130 28.373562
v 0.000000 166.005989 0.000000
v -16.706058 170.190643 16.741825
v 0.000000 174.371787 27.617471
v 0.000000 174.371787 27.617471
v -16.706058 170.190643 16.741825
v -22.182310 189.104826 22.229803
v 0.000000 189.104826 38.864022
v 0.000000 189.104826 38.864022
v -22.182310 189.104826 22.229803
v -19.547696 206.162684 19.589547
v 0.000000 207.309130 28.373562
v 0.000000 212.203662 0.000000
v 0.000000 207.309130 28.373562
v -19.547696 206.162684 19.589547
v 0.000000 166.005989 0.000000
v -23.593095 171.551470 0.000000
v -16.706058 170.190643 16.741825
v -16.706058 170.190643 16.741825
v -23.593095 171.551470 0.000000
v -35.996075 189.104826 0.000000
v -22.182310 189.104826 22.229803
v -22.182310 189.104826 22.229803
v -35.996075 189.104826 0.000000
v -24.283478 204.161585 0.000000
v -19.547696 206.162684 19.589547
v 0.000000 212.203662 0.000000
v -19.547696 206.162684 19.589547
v -24.283478 204.161585 0.000000
v 0.000000 166.005989 0.000000
v -16.179121 171.225350 -16.213760
v -23.593095 171.551470 0.000000
v -23.593095 171.551470 0.000000
v -16.179121 171.225350 -16.213760
v -24.360787 189.104826 -24.412943
v -35.996075 189.104826 0.000000
v -35.996075 189.104826 0.000000
v -24.360787 189.104826 -24.412943
v -16.885652 204.147025 -16.921805
v -24.283478 204.161585 0.000000
v 0.000000 212.203662 0.000000
v -24.283478 204.161585 0.000000
v -16.885652 204.147025 -16.921805
v 0.000000 166.005989 0.000000
v -0.000000 174.407192 -30.321299
v -16.179121 171.225350 -16.213760
v -16.179121 171.225350 -16.213760
v -0.000000 174.407192 -30.321299
v -0.000000 189.104826 -38.188432
v -24.360787 189.104826 -24.412943
v -24.360787 189.104826 -24.412943
v -0.000000 189.104826 -38.188432
v -0.000000 204.201221 -26.131903
v -16.885652 204.147025 -16.921805
v 0.000000 212.203662 0.000000
v -16.885652 204.147025 -16.921805
v -0.000000 204.201221 -26.131903
v 0.000000 166.005989 0.000000
v 20.604216 172.047203 -20.648330
v -0.000000 174.407192 -30.321299
v -0.000000 174.407192 -30.321299
v 20.604216 172.047203 -20.648330
v 25.351540 189.104826 -25.405818
v -0.000000 189.104826 -38.188432
v -0.000000 189.104826 -38.188432
v 25.351540 189.104826 -25.405818
v 18.626110 207.981132 -18.665988
v -0.000000 204.201221 -26.131903
v 0.000000 212.203662 0.000000
v -0.000000 204.201221 -26.131903
v 18.626110 207.981132 -18.665988
v 0.000000 166.005989 0.000000
v 29.874814 173.138270 0.000000
v 20.604216 172.047203 -20.648330
v 20.604216 172.047203 -20.648330
v 29.874814 173.138270 0.000000
v 42.730722 189.104826 0.000000
v 25.351540 189.104826 -25.405818
v 25.351540 189.104826 -25.405818
v 42.730722 189.104826 0.000000
v 29.211895 203.318758 0.000000
v 18.626110 207.981132 -18.665988
v 0.000000 212.203662 0.000000
v 18.626110 207.981132 -18.665988
v 29.211895 203.318758 0.000000
vt 0.000000 0.000000
vt 1.000000 0.000000
vt 1.000000 1.000000
vt 0.000000 1.000000
vt 0.500000 1.000000
vt 0.000000 0.000000
vt 1.000000 0.000000
vt 0.000000 0.000000
vt 1.000000 0.000000
vt 1.000000 1.000000
vt 0.000000 1.000000
vt 0.500000 1.000000
vt 0.000000 0.000000
vt 1.000000 0.000000
vt 0.000000 0.000000
vt 1.000000 0.000000
vt 1.000000 1.000000
vt 0.000000 1.000000
vt 0.500000 1.000000
vt 0.000000 0.000000
vt 1.000000 0.000000
vt 0.000000 0.000000
vt 1.000000 0.000000
vt 1.000000 1.000000
vt 0.000000 1.000000
vt 0.500000 1.000000
vt 0.000000 0.000000
vt 1.000000 0.000000
vt 0.000000 0.000000
vt 1.000000 0.000000
vt 1.000000 1.000000
vt 0.000000 1.000000
vt 0.500000 1.000000
vt 0.000000 0.000000
vt 1.000000 0.000000
vt 0.000000 0.000000
vt 1.000000 0.000000
vt 1.000000 1.000000
vt 0.000000 1.000000
vt 0.500000 1.000000
vt 0.000000 0.000000
vt 1.000000 0.000000
vt 0.000000 0.000000
vt 1.000000 0.000000
vt 1.000000 1.000000
vt 0.000000 1.000000
vt 0.500000 1.000000
vt 0.000000 0.000000
vt 1.000000 0.000000
vt 0.000000 0.000000
vt 1.000000 0.000000
vt 1.000000 1.000000
vt 0.000000 1.000000
vt 0.500000 1.000000
vt 0.000000 0.000000
vt 1.000000 0.000000
vt 0.000000 0.000000
vt 1.000000 0.000000
vt 1.000000 1.000000
vt 0.000000 1.000000
vt 0.500000 1.000000
vt 0.000000 0.000000
vt 1.000000 0.000000
vt 0.000000 0.000000
vt 1.000000 0.000000
vt 1.000000 1.000000
vt 0.000000 1.000000
vt 0.000000 0.000000
vt 1.000000 0.000000
vt 1.000000 1.000000
vt 0.000000 1.000000
vt 0.000000 0.000000
vt 1.000000 0.000000
vt 1.000000 1.000000
vt 0.000000 1.000000
vt 0.000000 0.000000
vt 1.000000 0.000000
vt 1.000000 1.000000
vt 0.000000 1.000000
vt 0.000000 0.000000
vt 1.000000 0.000000
vt 1.000000 1.000000
vt 0.000000 1.000000
vt 0.000000 0.000000
vt 1.000000 0.000000
vt 1.000000 1.000000
vt 0.000000 1.000000
vt 0.000000 0.000000
vt 1.000000 0.000000
vt 1.000000 1.000000
vt 0.000000 1.000000
vt 0.000000 0.000000
vt 1.000000 0.000000
vt 1.000000 1.000000
vt 0.000000 1.000000
vt 0.000000 0.000000
vt 1.000000 0.000000
vt 1.000000 1.000000
vt 0.000000 1.000000
vt 0.000000 0.000000
vt 1.000000 0.000000
vt 1.000000 1.000000
vt 0.000000 1.000000
vt 0.500000 1.000000
vt 0.000000 0.000000
vt 1.000000 0.000000
vt 0.000000 0.000000
vt 1.000000 0.000000
vt 1.000000 1.000000
vt 0.000000 1.000000
vt 0.500000 1.000000
vt 0.000000 0.000000
vt 1.000000 0.000000
vt 0.000000 0.000000
vt 1.000000 0.000000
vt 1.000000 1.000000
vt 0.000000 1.000000
vt 0.500000 1.000000
vt 0.000000 0.000000
vt 1.000000 0.000000
vt 0.000000 0.000000
vt 1.000000 0.000000
vt 1.000000 1.000000
vt 0.000000 1.000000
vt 0.500000 1.000000
vt 0.000000 0.000000
vt 1.000000 0.000000
vt 0.000000 0.000000
vt 1.000000 0.000000
vt 1.000000 1.000000
vt 0.000000 1.000000
vt 0.500000 1.000000
vt 0.000000 0.000000
vt 1.000000 0.000000
vt 0.000000 0.000000
vt 1.000000 0.000000
vt 1.000000 1.000000
vt 0.000000 1.000000
vt 0.500000 1.000000
vt 0.000000 0.000000
vt 1.000000 0.000000
vt 0.000000 0.000000
vt 1.000000 0.000000
vt 1.000000 1.000000
vt 0.000000 1.000000
vt 0.500000 1.000000
vt 0.000000 0.000000
vt 1.000000 0.000000
vt 0.000000 0.000000
vt 1.000000 0.000000
vt 1.000000 1.000000
vt 0.000000 1.000000
vt 0.500000 1.000000
vt 0.000000 0.000000
vt 1.000000 0.000000
vt 0.000000 0.000000
vt 1.000000 0.000000
vt 1.000000 1.000000
vt 0.000000 1.000000
vt 0.500000 1.000000
vt 0.000000 0.000000
vt 1.000000 0.000000
vt 0.000000 0.000000
vt 1.000000 0.000000
vt 1.000000 1.000000
vt 0.000000 1.000000
vt 0.500000 1.000000
vt 0.000000 0.000000
vt 1.000000 0.000000
vt 0.000000 0.000000
vt 1.000000 0.000000
vt 1.000000 1.000000
vt 0.000000 1.000000
vt 0.500000 1.000000
vt 0.000000 0.000000
vt 1.000000 0.000000
vt 0.000000 0.000000
vt 1.000000 0.000000
vt 1.000000 1.000000
vt 0.000000 1.000000
vt 0.500000 1.000000
vt 0.000000 0.000000
vt 1.000000 0.000000
vt 0.000000 0.000000
vt 1.000000 0.000000
vt 1.000000 1.000000
vt 0.000000 1.000000
vt 0.500000 1.000000
vt 0.000000 0.000000
vt 1.000000 0.000000
vt 0.000000 0.000000
vt 1.000000 0.000000
vt 1.000000 1.000000
vt 0.000000 1.000000
vt 0.500000 1.000000
vt 0.000000 0.000000
vt 1.000000 0.000000
vt 0.000000 0.000000
vt 1.000000 0.000000
vt 1.000000 1.000000
vt 0.000000 1.000000
vt 0.500000 1.000000
vt 0.000000 0.000000
vt 1.000000 0.000000
vt 0.000000 0.000000
vt 1.000000 0.000000
vt 1.000000 1.000000
vt 0.000000 1.000000
vt 0.500000 1.000000
vt 0.000000 0.000000
vt 1.000000 0.000000
vt 0.000000 0.000000
vt 1.000000 0.000000
vt 1.000000 1.000000
vt 0.000000 1.000000
vt 0.500000 1.000000
vt 0.000000 0.000000
vt 1.000000 0.000000
vt 0.000000 0.000000
vt 1.000000 0.000000
vt 1.000000 1.000000
vt 0.000000 1.000000
vt 0.500000 1.000000
vt 0.000000 0.000000
vt 1.000000 0.000000
vt 0.000000 0.000000
vt 1.000000 0.000000
vt 1.000000 1.000000
vt 0.000000 1.000000
vt 0.500000 1.000000
vt 0.000000 0.000000
vt 1.000000 0.000000
vt 0.000000 0.000000
vt 1.000000 0.000000
vt 1.000000 1.000000
vt 0.000000 1.000000
vt 0.500000 1.000000
vt 0.000000 0.000000
vt 1.000000 0.000000
vt 0.000000 0.000000
vt 1.000000 0.000000
vt 1.000000 1.000000
vt 0.000000 1.000000
vt 0.500000 1.000000
vt 0.000000 0.000000
vt 1.000000 0.000000
vt 0.000000 0.000000
vt 1.000000 0.000000
vt 1.000000 1.000000
vt 0.000000 1.000000
vt 0.500000 1.000000
vt 0.000000 0.000000
vt 1.000000 0.000000
vt 0.000000 0.000000
vt 1.000000 0.000000
vt 1.000000 1.000000
vt 0.000000 1.000000
vt 0.500000 1.000000
vt 0.000000 0.000000
vt 1.000000 0.000000
vt 0.000000 0.000000
vt 1.000000 0.000000
vt 1.000000 1.000000
vt 0.000000 1.000000
vt 0.500000 1.000000
vt 0.000000 0.000000
vt 1.000000 0.000000
vt 0.000000 0.000000
vt 1.000000 0.000000
vt 1.000000 1.000000
vt 0.000000 1.000000
vt 0.500000 1.000000
vt 0.000000 0.000000
vt 1.000000 0.000000
vt 0.000000 0.000000
vt 1.000000 0.000000
vt 1.000000 1.000000
vt 0.000000 1.000000
vt 0.500000 1.000000
vt 0.000000 0.000000
vt 1.000000 0.000000
vt 0.000000 0.000000
vt 1.000000 0.000000
vt 1.000000 1.000000
vt 0.000000 1.000000
vt 0.500000 1.000000
vt 0.000000 0.000000
vt 1.000000 0.000000
vt 0.000000 0.000000
vt 1.000000 0.000000
vt 1.000000 1.000000
vt 0.000000 1.000000
vt 0.500000 1.000000
vt 0.000000 0.000000
vt 1.000000 0.000000
vt 0.000000 0.000000
vt 1.000000 0.000000
vt 1.000000 1.000000
vt 0.000000 1.000000
vt 0.500000 1.000000
vt 0.000000 0.000000
vt 1.000000 0.000000
vt 0.000000 0.000000
vt 1.000000 0.000000
vt 1.000000 1.000000
vt 0.000000 1.000000
vt 0.500000 1.000000
vt 0.000000 0.000000
vt 1.000000 0.000000
vt 0.000000 0.000000
vt 1.000000 0.000000
vt 1.000000 1.000000
vt 0.000000 1.000000
vt 0.500000 1.000000
vt 0.000000 0.000000
vt 1.000000 0.000000
vt 0.000000 0.000000
vt 1.000000 0.000000
vt 1.000000 1.000000
vt 0.000000 1.000000
vt 0.500000 1.000000
vt 0.000000 0.000000
vt 1.000000 0.000000
vt 0.000000 0.000000
vt 1.000000 0.000000
vt 1.000000 1.000000
vt 0.000000 1.000000
vt 0.500000 1.000000
vt 0.000000 0.000000
vt 1.000000 0.000000
vt 0.000000 0.000000
vt 1.000000 0.000000
vt 1.000000 1.000000
vt 0.000000 1.000000
vt 0.500000 1.000000
vt 0.000000 0.000000
vt 1.000000 0.000000
vt 0.000000 0.000000
vt 1.000000 0.000000
vt 1.000000 1.000000
vt 0.000000 1.000000
vt 0.500000 1.000000
vt 0.000000 0.000000
vt 1.000000 0.000000
vt 0.000000 0.000000
vt 1.000000 0.000000
vt 1.000000 1.000000
vt 0.000000 1.000000
vt 0.500000 1.000000
vt 0.000000 0.000000
vt 1.000000 0.000000
vt 0.000000 0.000000
vt 1.000000 0.000000
vt 1.000000 1.000000
vt 0.000000 1.000000
vt 0.500000 1.000000
vt 0.000000 0.000000
vt 1.000000 0.000000
vt 0.000000 0.000000
vt 1.000000 0.000000
vt 1.000000 1.000000
vt 0.000000 1.000000
vt 0.500000 1.000000
vt 0.000000 0.000000
vt 1.000000 0.000000
vt 0.000000 0.000000
vt 1.000000 0.000000
vt 1.000000 1.000000
vt 0.000000 1.000000
vt 0.500000 1.000000
vt 0.000000 0.000000
vt 1.000000 0.000000
vt 0.000000 0.000000
vt 1.000000 0.000000
vt 1.000000 1.000000
vt 0.000000 1.000000
vt 0.500000 1.000000
vt 0.000000 0.000000
vt 1.000000 0.000000
vt 0.000000 0.000000
vt 1.000000 0.000000
vt 1.000000 1.000000
vt 0.000000 1.000000
vt 0.500000 1.000000
vt 0.000000 0.000000
vt 1.000000 0.000000
vt 0.000000 0.000000
vt 1.000000 0.000000
vt 1.000000 1.000000
vt 0.000000 1.000000
vt 0.500000 1.000000
vt 0.000000 0.000000
vt 1.000000 0.000000
vt 0.000000 0.000000
vt 1.000000 0.000000
vt 1.000000 1.000000
vt 0.000000 1.000000
vt 0.500000 1.000000
vt 0.000000 0.000000
vt 1.000000 0.000000
vt 0.000000 0.000000
vt 1.000000 0.000000
vt 1.000000 1.000000
vt 0.000000 1.000000
vt 0.500000 1.000000
vt 0.000000 0.000000
vt 1.000000 0.000000
vt 0.000000 0.000000
vt 1.000000 0.000000
vt 1.000000 1.000000
vt 0.000000 1.000000
vt 0.500000 1.000000
vt 0.000000 0.000000
vt 1.000000 0.000000
vt 0.000000 0.000000
vt 1.000000 0.000000
vt 1.000000 1.000000
vt 0.000000 1.000000
vt 0.500000 1.000000
vt 0.000000 0.000000
vt 1.000000 0.000000
vt 0.000000 0.000000
vt 1.000000 0.000000
vt 1.000000 1.000000
vt 0.000000 1.000000
vt 0.500000 1.000000
vt 0.000000 0.000000
vt 1.000000 0.000000
vt 0.000000 0.000000
vt 1.000000 0.000000
vt 1.000000 1.000000
vt 0.000000 1.000000
vt 0.500000 1.000000
vt 0.000000 0.000000
vt 1.000000 0.000000
vt 0.000000 0.000000
vt 1.000000 0.000000
vt 1.000000 1.000000
vt 0.000000 1.000000
vt 0.500000 1.000000
vt 0.000000 0.000000
vt 1.000000 0.000000
vt 0.000000 0.000000
vt 1.000000 0.000000
vt 1.000000 1.000000
vt 0.000000 1.000000
vt 0.500000 1.000000
vt 0.000000 0.000000
vt 1.000000 0.000000
vt 0.000000 0.000000
vt 1.000000 0.000000
vt 1.000000 1.000000
vt 0.000000 1.000000
vt 0.500000 1.000000
vt 0.000000 0.000000
vt 1.000000 0.000000
vt 0.000000 0.000000
vt 1.000000 0.000000
vt 1.000000 1.000000
vt 0.000000 1.000000
vt 0.500000 1.000000
vt 0.000000 0.000000
vt 1.000000 0.000000
vt 0.000000 0.000000
vt 1.000000 0.000000
vt 1.000000 1.000000
vt 0.000000 1.000000
vt 0.500000 1.000000
vt 0.000000 0.000000
vt 1.000000 0.000000
vt 0.000000 0.000000
vt 1.000000 0.000000
vt 1.000000 1.000000
vt 0.000000 1.000000
vt 0.500000 1.000000
vt 0.000000 0.000000
vt 1.000000 0.000000
vt 0.000000 0.000000
vt 1.000000 0.000000
vt 1.000000 1.000000
vt 0.000000 1.000000
vt 0.500000 1.000000
vt 0.000000 0.000000
vt 1.000000 0.000000
vt 0.000000 0.000000
vt 1.000000 0.000000
vt 1.000000 1.000000
vt 0.000000 1.000000
vt 0.500000 1.000000
vt 0.000000 0.000000
vt 1.000000 0.000000
vt 0.000000 0.000000
vt 1.000000 0.000000
vt 1.000000 1.000000
vt 0.000000 1.000000
vt 0.500000 1.000000
vt 0.000000 0.000000
vt 1.000000 0.000000
vt 0.000000 0.000000
vt 1.000000 0.000000
vt 1.000000 1.000000
vt 0.000000 1.000000
vt 0.500000 1.000000
vt 0.000000 0.000000
vt 1.000000 0.000000
vt 0.000000 0.000000
vt 1.000000 0.000000
vt 1.000000 1.000000
vt 0.000000 1.000000
vt 0.500000 1.000000
vt 0.000000 0.000000
vt 1.000000 0.000000
vt 0.000000 0.000000
vt 1.000000 0.000000
vt 1.000000 1.000000
vt 0.000000 1.000000
vt 0.500000 1.000000
vt 0.000000 0.000000
vt 1.000000 0.000000
vt 0.000000 0.000000
vt 1.000000 0.000000
vt 1.000000 1.000000
vt 0.000000 1.000000
vt 0.500000 1.000000
vt 0.000000 0.000000
vt 1.000000 0.000000
vt 0.000000 0.000000
vt 1.000000 0.000000
vt 1.000000 1.000000
vt 0.000000 1.000000
vt 0.500000 1.000000
vt 0.000000 0.000000
vt 1.000000 0.000000
vt 0.000000 0.000000
vt 1.000000 0.000000
vt 1.000000 1.000000
vt 0.000000 1.000000
vt 0.500000 1.000000
vt 0.000000 0.000000
vt 1.000000 0.000000
vt 0.000000 0.000000
vt 1.000000 0.000000
vt 1.000000 1.000000
vt 0.000000 1.000000
vt 0.500000 1.000000
vt 0.000000 0.000000
vt 1.000000 0.000000
vt 0.000000 0.000000
vt 1.000000 0.000000
vt 1.000000 1.000000
vt 0.000000 1.000000
vt 0.500000 1.000000
vt 0.000000 0.000000
vt 1.000000 0.000000
vt 0.000000 0.000000
vt 1.000000 0.000000
vt 1.000000 1.000000
vt 0.000000 1.000000
vt 0.500000 1.000000
vt 0.000000 0.000000
vt 1.000000 0.000000
vt 0.000000 0.000000
vt 1.000000 0.000000
vt 1.000000 1.000000
vt 0.000000 1.000000
vt 0.500000 1.000000
vt 0.000000 0.000000
vt 1.000000 0.000000
vt 0.000000 0.000000
vt 1.000000 0.000000
vt 1.000000 1.000000
vt 0.000000 1.000000
vt 0.500000 1.000000
vt 0.000000 0.000000
vt 1.000000 0.000000
vt 0.000000 0.000000
vt 1.000000 0.000000
vt 1.000000 1.000000
vt 0.000000 1.000000
vt 0.500000 1.000000
vt 0.000000 0.000000
vt 1.000000 0.000000
vt 0.000000 0.000000
vt 1.000000 0.000000
vt 1.000000 1.000000
vt 0.000000 1.000000
vt 0.500000 1.000000
vt 0.000000 0.000000
vt 1.000000 0.000000
vt 0.000000 0.000000
vt 1.000000 0.000000
vt 1.000000 1.000000
vt 0.000000 1.000000
vt 0.500000 1.000000
vt 0.000000 0.000000
vt 1.000000 0.000000
vt 0.000000 0.000000
vt 1.000000 0.000000
vt 1.000000 1.000000
vt 0.000000 1.000000
vt 0.500000 1.000000
vt 0.000000 0.000000
vt 1.000000 0.000000
vt 0.000000 0.000000
vt 1.000000 0.000000
vt 1.000000 1.000000
vt 0.000000 1.000000
vt 0.500000 1.000000
vt 0.000000 0.000000
vt 1.000000 0.000000
vt 0.000000 0.000000
vt 1.000000 0.000000
vt 1.000000 1.000000
vt 0.000000 1.000000
vt 0.500000 1.000000
vt 0.000000 0.000000
vt 1.000000 0.000000
vt 0.000000 0.000000
vt 1.000000 0.000000
vt 1.000000 1.000000
vt 0.000000 1.000000
vt 0.500000 1.000000
vt 0.000000 0.000000
vt 1.000000 0.000000
vt 0.000000 0.000000
vt 1.000000 0.000000
vt 1.000000 1.000000
vt 0.000000 1.000000
vt 0.500000 1.000000
vt 0.000000 0.000000
vt 1.000000 0.000000
vt 0.000000 0.000000
vt 1.000000 0.000000
vt 1.000000 1.000000
vt 0.000000 1.000000
vt 0.500000 1.000000
vt 0.000000 0.000000
vt 1.000000 0.000000
vt 0.000000 0.000000
vt 1.000000 0.000000
vt 1.000000 1.000000
vt 0.000000 1.000000
vt 0.500000 1.000000
vt 0.000000 0.000000
vt 1.000000 0.000000
vt 0.000000 0.000000
vt 1.000000 0.000000
vt 1.000000 1.000000
vt 0.000000 1.000000
vt 0.500000 1.000000
vt 0.000000 0.000000
vt 1.000000 0.000000
vt 0.000000 0.000000
vt 1.000000 0.000000
vt 1.000000 1.000000
vt 0.000000 1.000000
vt 0.500000 1.000000
vt 0.000000 0.000000
vt 1.000000 0.000000
vt 0.000000 0.000000
vt 1.000000 0.000000
vt 1.000000 1.000000
vt 0.000000 1.000000
vt 0.500000 1.000000
vt 0.000000 0.000000
vt 1.000000 0.000000
vt 0.000000 0.000000
vt 1.000000 0.000000
vt 1.000000 1.000000
vt 0.000000 1.000000
vt 0.500000 1.000000
vt 0.000000 0.000000
vt 1.000000 0.000000
vt 0.000000 0.000000
vt 1.000000 0.000000
vt 1.000000 1.000000
vt 0.000000 1.000000
vt 0.500000 1.000000
vt 0.000000 0.000000
vt 1.000000 0.000000
vt 0.000000 0.000000
vt 1.000000 0.000000
vt 1.000000 1.000000
vt 0.000000 1.000000
vt 0.500000 1.000000
vt 0.000000 0.000000
vt 1.000000 0.000000
vt 0.000000 0.000000
vt 1.000000 0.000000
vt 1.000000 1.000000
vt 0.000000 1.000000
vt 0.500000 1.000000
vt 0.000000 0.000000
vt 1.000000 0.000000
vt 0.000000 0.000000
vt 1.000000 0.000000
vt 1.000000 1.000000
vt 0.000000 1.000000
vt 0.500000 1.000000
vt 0.000000 0.000000
vt 1.000000 0.000000
vt 0.000000 0.000000
vt 1.000000 0.000000
vt 1.000000 1.000000
vt 0.000000 1.000000
vt 0.500000 1.000000
vt 0.000000 0.000000
vt 1.000000 0.000000
vt 0.000000 0.000000
vt 1.000000 0.000000
vt 1.000000 1.000000
vt 0.000000 1.000000
vt 0.500000 1.000000
vt 0.000000 0.000000
vt 1.000000 0.000000
vt 0.000000 0.000000
vt 1.000000 0.000000
vt 1.000000 1.000000
vt 0.000000 1.000000
vt 0.500000 1.000000
vt 0.000000 0.000000
vt 1.000000 0.000000
vt 0.000000 0.000000
vt 1.000000 0.000000
vt 1.000000 1.000000
vt 0.000000 1.000000
vt 0.500000 1.000000
vt 0.000000 0.000000
vt 1.000000 0.000000
vt 0.000000 0.000000
vt 1.000000 0.000000
vt 1.000000 1.000000
vt 0.000000 1.000000
vt 0.500000 1.000000
vt 0.000000 0.000000
vt 1.000000 0.000000
vt 0.000000 0.000000
vt 1.000000 0.000000
vt 1.000000 1.000000
vt 0.000000 1.000000
vt 0.500000 1.000000
vt 0.000000 0.000000
vt 1.000000 0.000000
vt 0.000000 0.000000
vt 1.000000 0.000000
vt 1.000000 1.000000
vt 0.000000 1.000000
vt 0.500000 1.000000
vt 0.000000 0.000000
vt 1.000000 0.000000
vt 0.000000 0.000000
vt 1.000000 0.000000
vt 1.000000 1.000000
vt 0.000000 1.000000
vt 0.500000 1.000000
vt 0.000000 0.000000
vt 1.000000 0.000000
vt 0.000000 0.000000
vt 1.000000 0.000000
vt 1.000000 1.000000
vt 0.000000 1.000000
vt 0.500000 1.000000
vt 0.000000 0.000000
vt 1.000000 0.000000
vt 0.000000 0.000000
vt 1.000000 0.000000
vt 1.000000 1.000000
vt 0.000000 1.000000
vt 0.500000 1.000000
vt 0.000000 0.000000
vt 1.000000 0.000000
vt 0.000000 0.000000
vt 1.000000 0.000000
vt 1.000000 1.000000
vt 0.000000 1.000000
vt 0.500000 1.000000
vt 0.000000 0.000000
vt 1.000000 0.000000
vt 0.000000 0.000000
vt 1.000000 0.000000
vt 1.000000 1.000000
vt 0.000000 1.000000
vt 0.500000 1.000000
vt 0.000000 0.000000
vt 1.000000 0.000000
vt 0.000000 0.000000
vt 1.000000 0.000000
vt 1.000000 1.000000
vt 0.000000 1.000000
vt 0.500000 1.000000
vt 0.000000 0.000000
vt 1.000000 0.000000
vt 0.000000 0.000000
vt 1.000000 0.000000
vt 1.000000 1.000000
vt 0.000000 1.000000
vt 0.500000 1.000000
vt 0.000000 0.000000
vt 1.000000 0.000000
vt 0.000000 0.000000
vt 1.000000 0.000000
vt 1.000000 1.000000
vt 0.000000 1.000000
vt 0.500000 1.000000
vt 0.000000 0.000000
vt 1.000000 0.000000
vt 0.000000 0.000000
vt 1.000000 0.000000
vt 1.000000 1.000000
vt 0.000000 1.000000
vt 0.500000 1.000000
vt 0.000000 0.000000
vt 1.000000 0.000000
vt 0.000000 0.000000
vt 1.000000 0.000000
vt 1.000000 1.000000
vt 0.000000 1.000000
vt 0.500000 1.000000
vt 0.000000 0.000000
vt 1.000000 0.000000
vt 0.000000 0.000000
vt 1.000000 0.000000
vt 1.000000 1.000000
vt 0.000000 1.000000
vt 0.500000 1.000000
vt 0.000000 0.000000
vt 1.000000 0.000000
vt 0.000000 0.000000
vt 1.000000 0.000000
vt 1.000000 1.000000
vt 0.000000 1.000000
vt 0.500000 1.000000
vt 0.000000 0.000000
vt 1.000000 0.000000
vt 0.000000 0.000000
vt 1.000000 0.000000
vt 1.000000 1.000000
vt 0.000000 1.000000
vt 0.500000 1.000000
vt 0.000000 0.000000
vt 1.000000 0.000000
vt 0.000000 0.000000
vt 1.000000 0.000000
vt 1.000000 1.000000
vt 0.000000 1.000000
vt 0.500000 1.000000
vt 0.000000 0.000000
vt 1.000000 0.000000
vt 0.000000 0.000000
vt 1.000000 0.000000
vt 1.000000 1.000000
vt 0.000000 1.000000
vt 0.500000 1.000000
vt 0.000000 0.000000
vt 1.000000 0.000000
vt 0.000000 0.000000
vt 1.000000 0.000000
vt 1.000000 1.000000
vt 0.000000 1.000000
vt 0.500000 1.000000
vt 0.000000 0.000000
vt 1.000000 0.000000
vt 0.000000 0.000000
vt 1.000000 0.000000
vt 1.000000 1.000000
vt 0.000000 1.000000
vt 0.500000 1.000000
vt 0.000000 0.000000
vt 1.000000 0.000000
vt 0.000000 0.000000
vt 1.000000 0.000000
vt 1.000000 1.000000
vt 0.000000 1.000000
vt 0.500000 1.000000
vt 0.000000 0.000000
vt 1.000000 0.000000
vt 0.000000 0.000000
vt 1.000000 0.000000
vt 1.000000 1.000000
vt 0.000000 1.000000
vt 0.500000 1.000000
vt 0.000000 0.000000
vt 1.000000 0.000000
vt 0.000000 0.000000
vt 1.000000 0.000000
vt 1.000000 1.000000
vt 0.000000 1.000000
vt 0.500000 1.000000
vt 0.000000 0.000000
vt 1.000000 0.000000
vt 0.000000 0.000000
vt 1.000000 0.000000
vt 1.000000 1.000000
vt 0.000000 1.000000
vt 0.500000 1.000000
vt 0.000000 0.000000
vt 1.000000 0.000000
vt 0.000000 0.000000
vt 1.000000 0.000000
vt 1.000000 1.000000
vt 0.000000 1.000000
vt 0.500000 1.000000
vt 0.000000 0.000000
vt 1.000000 0.000000
vt 0.000000 0.000000
vt 1.000000 0.000000
vt 1.000000 1.000000
vt 0.000000 1.000000
vt 0.500000 1.000000
vt 0.000000 0.000000
vt 1.000000 0.000000
vt 0.000000 0.000000
vt 1.000000 0.000000
vt 1.000000 1.000000
vt 0.000000 1.000000
vt 0.500000 1.000000
vt 0.000000 0.000000
vt 1.000000 0.000000
vt 0.000000 0.000000
vt 1.000000 0.000000
vt 1.000000 1.000000
vt 0.000000 1.000000
vt 0.500000 1.000000
vt 0.000000 0.000000
vt 1.000000 0.000000
vt 0.000000 0.000000
vt 1.000000 0.000000
vt 1.000000 1.000000
vt 0.000000 1.000000
vt 0.500000 1.000000
vt 0.000000 0.000000
vt 1.000000 0.000000
vt 0.000000 0.000000
vt 1.000000 0.000000
vt 1.000000 1.000000
vt 0.000000 1.000000
vt 0.500000 1.000000
vt 0.000000 0.000000
vt 1.000000 0.000000
vt 0.000000 0.000000
vt 1.000000 0.000000
vt 1.000000 1.000000
vt 0.000000 1.000000
vt 0.500000 1.000000
vt 0.000000 0.000000
vt 1.000000 0.000000
vt 0.000000 0.000000
vt 1.000000 0.000000
vt 1.000000 1.000000
vt 0.000000 1.000000
vt 0.500000 1.000000
vt 0.000000 0.000000
vt 1.000000 0.000000
vt 0.000000 0.000000
vt 1.000000 0.000000
vt 1.000000 1.000000
vt 0.000000 1.000000
vt 0.500000 1.000000
vt 0.000000 0.000000
vt 1.000000 0.000000
vt 0.000000 0.000000
vt 1.000000 0.000000
vt 1.000000 1.000000
vt 0.000000 1.000000
vt 0.500000 1.000000
vt 0.000000 0.000000
vt 1.000000 0.000000
vt 0.000000 0.000000
vt 1.000000 0.000000
vt 1.000000 1.000000
vt 0.000000 1.000000
vt 0.500000 1.000000
vt 0.000000 0.000000
vt 1.000000 0.000000
vt 0.000000 0.000000
vt 1.000000 0.000000
vt 1.000000 1.000000
vt 0.000000 1.000000
vt 0.500000 1.000000
vt 0.000000 0.000000
vt 1.000000 0.000000
vt 0.000000 0.000000
vt 1.000000 0.000000
vt 1.000000 1.000000
vt 0.000000 1.000000
vt 0.500000 1.000000
vt 0.000000 0.000000
vt 1.000000 0.000000
vt 0.000000 0.000000
vt 1.000000 0.000000
vt 1.000000 1.000000
vt 0.000000 1.000000
vt 0.500000 1.000000
vt 0.000000 0.000000
vt 1.000000 0.000000
vt 0.000000 0.000000
vt 1.000000 0.000000
vt 1.000000 1.000000
vt 0.000000 1.000000
vt 0.500000 1.000000
vt 0.000000 0.000000
vt 1.000000 0.000000
vt 0.500000 1.000000
vt 0.000000 0.000000
vt 1.000000 0.000000
vt 0.000000 0.000000
vt 1.000000 0.000000
vt 1.000000 1.000000
vt 0.000000 1.000000
vt 0.000000 0.000000
vt 1.000000 0.000000
vt 1.000000 1.000000
vt 0.000000 1.000000
vt 0.500000 1.000000
vt 0.000000 0.000000
vt 1.000000 0.000000
vt 0.500000 1.000000
vt 0.000000 0.000000
vt 1.000000 0.000000
vt 0.000000 0.000000
vt 1.000000 0.000000
vt 1.000000 1.000000
vt 0.000000 1.000000
vt 0.000000 0.000000
vt 1.000000 0.000000
vt 1.000000 1.000000
vt 0.000000 1.000000
vt 0.500000 1.000000
vt 0.000000 0.000000
vt 1.000000 0.000000
vt 0.500000 1.000000
vt 0.000000 0.000000
vt 1.000000 0.000000
vt 0.000000 0.000000
vt 1.000000 0.000000
vt 1.000000 1.000000
vt 0.000000 1.000000
vt 0.000000 0.000000
vt 1.000000 0.000000
vt 1.000000 1.000000
vt 0.000000 1.000000
vt 0.500000 1.000000
vt 0.000000 0.000000
vt 1.000000 0.000000
vt 0.500000 1.000000
vt 0.000000 0.000000
vt 1.000000 0.000000
vt 0.000000 0.000000
vt 1.000000 0.000000
vt 1.000000 1.000000
vt 0.000000 1.000000
vt 0.000000 0.000000
vt 1.000000 0.000000
vt 1.000000 1.000000
vt 0.000000 1.000000
vt 0.500000 1.000000
vt 0.000000 0.000000
vt 1.000000 0.000000
vt 0.500000 1.000000
vt 0.000000 0.000000
vt 1.000000 0.000000
vt 0.000000 0.000000
vt 1.000000 0.000000
vt 1.000000 1.000000
vt 0.000000 1.000000
vt 0.000000 0.000000
vt 1.000000 0.000000
vt 1.000000 1.000000
vt 0.000000 1.000000
vt 0.500000 1.000000
vt 0.000000 0.000000
vt 1.000000 0.000000
vt 0.500000 1.000000
vt 0.000000 0.000000
vt 1.000000 0.000000
vt 0.000000 0.000000
vt 1.000000 0.000000
vt 1.000000 1.000000
vt 0.000000 1.000000
vt 0.000000 0.000000
vt 1.000000 0.000000
vt 1.000000 1.000000
vt 0.000000 1.000000
vt 0.500000 1.000000
vt 0.000000 0.000000
vt 1.000000 0.000000
vt 0.500000 1.000000
vt 0.000000 0.000000
vt 1.000000 0.000000
vt 0.000000 0.000000
vt 1.000000 0.000000
vt 1.000000 1.000000
vt 0.000000 1.000000
vt 0.000000 0.000000
vt 1.000000 0.000000
vt 1.000000 1.000000
vt 0.000000 1.000000
vt 0.500000 1.000000
vt 0.000000 0.000000
vt 1.000000 0.000000
vt 0.500000 1.000000
vt 0.000000 0.000000
vt 1.000000 0.000000
vt 0.000000 0.000000
vt 1.000000 0.000000
vt 1.000000 1.000000
vt 0.000000 1.000000
vt 0.000000 0.000000
vt 1.000000 0.000000
vt 1.000000 1.000000
vt 0.000000 1.000000
vt 0.500000 1.000000
vt 0.000000 0.000000
vt 1.000000 0.000000
vt 0.500000 1.000000
vt 0.000000 0.000000
vt 1.000000 0.000000
vt 0.000000 0.000000
vt 1.000000 0.000000
vt 1.000000 1.000000
vt 0.000000 1.000000
vt 0.000000 0.000000
vt 1.000000 0.000000
vt 1.000000 1.000000
vt 0.000000 1.000000
vt 0.500000 1.000000
vt 0.000000 0.000000
vt 1.000000 0.000000
vt 0.500000 1.000000
vt 0.000000 0.000000
vt 1.000000 0.000000
vt 0.000000 0.000000
vt 1.000000 0.000000
vt 1.000000 1.000000
vt 0.000000 1.000000
vt 0.000000 0.000000
vt 1.000000 0.000000
vt 1.000000 1.000000
vt 0.000000 1.000000
vt 0.500000 1.000000
vt 0.000000 0.000000
vt 1.000000 0.000000
vt 0.500000 1.000000
vt 0.000000 0.000000
vt 1.000000 0.000000
vt 0.000000 0.000000
vt 1.000000 0.000000
vt 1.000000 1.000000
vt 0.000000 1.000000
vt 0.000000 0.000000
vt 1.000000 0.000000
vt 1.000000 1.000000
vt 0.000000 1.000000
vt 0.500000 1.000000
vt 0.000000 0.000000
vt 1.000000 0.000000
vt 0.500000 1.000000
vt 0.000000 0.000000
vt 1.000000 0.000000
vt 0.000000 0.000000
vt 1.000000 0.000000
vt 1.000000 1.000000
vt 0.000000 1.000000
vt 0.000000 0.000000
vt 1.000000 0.000000
vt 1.000000 1.000000
vt 0.000000 1.000000
vt 0.500000 1.000000
vt 0.000000 0.000000
vt 1.000000 0.000000
vt 0.500000 1.000000
vt 0.000000 0.000000
vt 1.000000 0.000000
vt 0.000000 0.000000
vt 1.000000 0.000000
vt 1.000000 1.000000
vt 0.000000 1.000000
vt 0.000000 0.000000
vt 1.000000 0.000000
vt 1.000000 1.000000
vt 0.000000 1.000000
vt 0.500000 1.000000
vt 0.000000 0.000000
vt 1.000000 0.000000
vt 0.500000 1.000000
vt 0.000000 0.000000
vt 1.000000 0.000000
vt 0.000000 0.000000
vt 1.000000 0.000000
vt 1.000000 1.000000
vt 0.000000 1.000000
vt 0.000000 0.000000
vt 1.000000 0.000000
vt 1.000000 1.000000
vt 0.000000 1.000000
vt 0.500000 1.000000
vt 0.000000 0.000000
vt 1.000000 0.000000
vt 0.500000 1.000000
vt 0.000000 0.000000
vt 1.000000 0.000000
vt 0.000000 0.000000
vt 1.000000 0.000000
vt 1.000000 1.000000
vt 0.000000 1.000000
vt 0.000000 0.000000
vt 1.000000 0.000000
vt 1.000000 1.000000
vt 0.000000 1.000000
vt 0.500000 1.000000
vt 0.000000 0.000000
vt 1.000000 0.000000
vt 0.500000 1.000000
vt 0.000000 0.000000
vt 1.000000 0.000000
vt 0.000000 0.000000
vt 1.000000 0.000000
vt 1.000000 1.000000
vt 0.000000 1.000000
vt 0.000000 0.000000
vt 1.000000 0.000000
vt 1.000000 1.000000
vt 0.000000 1.000000
vt 0.500000 1.000000
vt 0.000000 0.000000
vt 1.000000 0.000000
vt 0.500000 1.000000
vt 0.000000 0.000000
vt 1.000000 0.000000
vt 0.000000 0.000000
vt 1.000000 0.000000
vt 1.000000 1.000000
vt 0.000000 1.000000
vt 0.000000 0.000000
vt 1.000000 0.000000
vt 1.000000 1.000000
vt 0.000000 1.000000
vt 0.500000 1.000000
vt 0.000000 0.000000
vt 1.000000 0.000000
vt 0.500000 1.000000
vt 0.000000 0.000000
vt 1.000000 0.000000
vt 0.000000 0.000000
vt 1.000000 0.000000
vt 1.000000 1.000000
vt 0.000000 1.000000
vt 0.000000 0.000000
vt 1.000000 0.000000
vt 1.000000 1.000000
vt 0.000000 1.000000
vt 0.500000 1.000000
vt 0.000000 0.000000
vt 1.000000 0.000000
vt 0.500000 1.000000
vt 0.000000 0.000000
vt 1.000000 0.000000
vt 0.000000 0.000000
vt 1.000000 0.000000
vt 1.000000 1.000000
vt 0.000000 1.000000
vt 0.000000 0.000000
vt 1.000000 0.000000
vt 1.000000 1.000000
vt 0.000000 1.000000
vt 0.500000 1.000000
vt 0.000000 0.000000
vt 1.000000 0.000000
vt 0.500000 1.000000
vt 0.000000 0.000000
vt 1.000000 0.000000
vt 0.000000 0.000000
vt 1.000000 0.000000
vt 1.000000 1.000000
vt 0.000000 1.000000
vt 0.000000 0.000000
vt 1.000000 0.000000
vt 1.000000 1.000000
vt 0.000000 1.000000
vt 0.500000 1.000000
vt 0.000000 0.000000
vt 1.000000 0.000000
vt 0.500000 1.000000
vt 0.000000 0.000000
vt 1.000000 0.000000
vt 0.000000 0.000000
vt 1.000000 0.000000
vt 1.000000 1.000000
vt 0.000000 1.000000
vt 0.000000 0.000000
vt 1.000000 0.000000
vt 1.000000 1.000000
vt 0.000000 1.000000
vt 0.500000 1.000000
vt 0.000000 0.000000
vt 1.000000 0.000000
vt 0.500000 1.000000
vt 0.000000 0.000000
vt 1.000000 0.000000
vt 0.000000 0.000000
vt 1.000000 0.000000
vt 1.000000 1.000000
vt 0.000000 1.000000
vt 0.000000 0.000000
vt 1.000000 0.000000
vt 1.000000 1.000000
vt 0.000000 1.000000
vt 0.500000 1.000000
vt 0.000000 0.000000
vt 1.000000 0.000000
vt 0.500000 1.000000
vt 0.000000 0.000000
vt 1.000000 0.000000
vt 0.000000 0.000000
vt 1.000000 0.000000
vt 1.000000 1.000000
vt 0.000000 1.000000
vt 0.000000 0.000000
vt 1.000000 0.000000
vt 1.000000 1.000000
vt 0.000000 1.000000
vt 0.500000 1.000000
vt 0.000000 0.000000
vt 1.000000 0.000000
vt 0.500000 1.000000
vt 0.000000 0.000000
vt 1.000000 0.000000
vt 0.000000 0.000000
vt 1.000000 0.000000
vt 1.000000 1.000000
vt 0.000000 1.000000
vt 0.000000 0.000000
vt 1.000000 0.000000
vt 1.000000 1.000000
vt 0.000000 1.000000
vt 0.500000 1.000000
vt 0.000000 0.000000
vt 1.000000 0.000000
vt 0.500000 1.000000
vt 0.000000 0.000000
vt 1.000000 0.000000
vt 0.000000 0.000000
vt 1.000000 0.000000
vt 1.000000 1.000000
vt 0.000000 1.000000
vt 0.000000 0.000000
vt 1.000000 0.000000
vt 1.000000 1.000000
vt 0.000000 1.000000
vt 0.500000 1.000000
vt 0.000000 0.000000
vt 1.000000 0.000000
vt 0.500000 1.000000
vt 0.000000 0.000000
vt 1.000000 0.000000
vt 0.000000 0.000000
vt 1.000000 0.000000
vt 1.000000 1.000000
vt 0.000000 1.000000
vt 0.000000 0.000000
vt 1.000000 0.000000
vt 1.000000 1.000000
vt 0.000000 1.000000
vt 0.500000 1.000000
vt 0.000000 0.000000
vt 1.000000 0.000000
vt 0.500000 1.000000
vt 0.000000 0.000000
vt 1.000000 0.000000
vt 0.000000 0.000000
vt 1.000000 0.000000
vt 1.000000 1.000000
vt 0.000000 1.000000
vt 0.000000 0.000000
vt 1.000000 0.000000
vt 1.000000 1.000000
vt 0.000000 1.000000
vt 0.500000 1.000000
vt 0.000000 0.000000
vt 1.000000 0.000000
vt 0.500000 1.000000
vt 0.000000 0.000000
vt 1.000000 0.000000
vt 0.000000 0.000000
vt 1.000000 0.000000
vt 1.000000 1.000000
vt 0.000000 1.000000
vt 0.000000 0.000000
vt 1.000000 0.000000
vt 1.000000 1.000000
vt 0.000000 1.000000
vt 0.500000 1.000000
vt 0.000000 0.000000
vt 1.000000 0.000000
vt 0.500000 1.000000
vt 0.000000 0.000000
vt 1.000000 0.000000
vt 0.000000 0.000000
vt 1.000000 0.000000
vt 1.000000 1.000000
vt 0.000000 1.000000
vt 0.000000 0.000000
vt 1.000000 0.000000
vt 1.000000 1.000000
vt 0.000000 1.000000
vt 0.500000 1.000000
vt 0.000000 0.000000
vt 1.000000 0.000000
vt 0.500000 1.000000
vt 0.000000 0.000000
vt 1.000000 0.000000
vt 0.000000 0.000000
vt 1.000000 0.000000
vt 1.000000 1.000000
vt 0.000000 1.000000
vt 0.000000 0.000000
vt 1.000000 0.000000
vt 1.000000 1.000000
vt 0.000000 1.000000
vt 0.500000 1.000000
vt 0.000000 0.000000
vt 1.000000 0.000000
vt 0.500000 1.000000
vt 0.000000 0.000000
vt 1.000000 0.000000
vt 0.000000 0.000000
vt 1.000000 0.000000
vt 1.000000 1.000000
vt 0.000000 1.000000
vt 0.000000 0.000000
vt 1.000000 0.000000
vt 1.000000 1.000000
vt 0.000000 1.000000
vt 0.500000 1.000000
vt 0.000000 0.000000
vt 1.000000 0.000000
vt 0.500000 1.000000
vt 0.000000 0.000000
vt 1.000000 0.000000
vt 0.000000 0.000000
vt 1.000000 0.000000
vt 1.000000 1.000000
vt 0.000000 1.000000
vt 0.000000 0.000000
vt 1.000000 0.000000
vt 1.000000 1.000000
vt 0.000000 1.000000
vt 0.500000 1.000000
vt 0.000000 0.000000
vt 1.000000 0.000000
vt 0.500000 1.000000
vt 0.000000 0.000000
vt 1.000000 0.000000
vt 0.000000 0.000000
vt 1.000000 0.000000
vt 1.000000 1.000000
vt 0.000000 1.000000
vt 0.000000 0.000000
vt 1.000000 0.000000
vt 1.000000 1.000000
vt 0.000000 1.000000
vt 0.500000 1.000000
vt 0.000000 0.000000
vt 1.000000 0.000000
vt 0.500000 1.000000
vt 0.000000 0.000000
vt 1.000000 0.000000
vt 0.000000 0.000000
vt 1.000000 0.000000
vt 1.000000 1.000000
vt 0.000000 1.000000
vt 0.000000 0.000000
vt 1.000000 0.000000
vt 1.000000 1.000000
vt 0.000000 1.000000
vt 0.500000 1.000000
vt 0.000000 0.000000
vt 1.000000 0.000000
vt 0.500000 1.000000
vt 0.000000 0.000000
vt 1.000000 0.000000
vt 0.000000 0.000000
vt 1.000000 0.000000
vt 1.000000 1.000000
vt 0.000000 1.000000
vt 0.000000 0.000000
vt 1.000000 0.000000
vt 1.000000 1.000000
vt 0.000000 1.000000
vt 0.500000 1.000000
vt 0.000000 0.000000
vt 1.000000 0.000000
vt 0.500000 1.000000
vt 0.000000 0.000000
vt 1.000000 0.000000
vt 0.000000 0.000000
vt 1.000000 0.000000
vt 1.000000 1.000000
vt 0.000000 1.000000
vt 0.000000 0.000000
vt 1.000000 0.000000
vt 1.000000 1.000000
vt 0.000000 1.000000
vt 0.500000 1.000000
vt 0.000000 0.000000
vt 1.000000 0.000000
vt 0.500000 1.000000
vt 0.000000 0.000000
vt 1.000000 0.000000
vt 0.000000 0.000000
vt 1.000000 0.000000
vt 1.000000 1.000000
vt 0.000000 1.000000
vt 0.000000 0.000000
vt 1.000000 0.000000
vt 1.000000 1.000000
vt 0.000000 1.000000
vt 0.500000 1.000000
vt 0.000000 0.000000
vt 1.000000 0.000000
vt 0.500000 1.000000
vt 0.000000 0.000000
vt 1.000000 0.000000
vt 0.000000 0.000000
vt 1.000000 0.000000
vt 1.000000 1.000000
vt 0.000000 1.000000
vt 0.000000 0.000000
vt 1.000000 0.000000
vt 1.000000 1.000000
vt 0.000000 1.000000
vt 0.500000 1.000000
vt 0.000000 0.000000
vt 1.000000 0.000000
vt 0.500000 1.000000
vt 0.000000 0.000000
vt 1.000000 0.000000
vt 0.000000 0.000000
vt 1.000000 0.000000
vt 1.000000 1.000000
vt 0.000000 1.000000
vt 0.000000 0.000000
vt 1.000000 0.000000
vt 1.000000 1.000000
vt 0.000000 1.000000
vt 0.500000 1.000000
vt 0.000000 0.000000
vt 1.000000 0.000000
vt 0.500000 1.000000
vt 0.000000 0.000000
vt 1.000000 0.000000
vt 0.000000 0.000000
vt 1.000000 0.000000
vt 1.000000 1.000000
vt 0.000000 1.000000
vt 0.000000 0.000000
vt 1.000000 0.000000
vt 1.000000 1.000000
vt 0.000000 1.000000
vt 0.500000 1.000000
vt 0.000000 0.000000
vt 1.000000 0.000000
vt 0.500000 1.000000
vt 0.000000 0.000000
vt 1.000000 0.000000
vt 0.000000 0.000000
vt 1.000000 0.000000
vt 1.000000 1.000000
vt 0.000000 1.000000
vt 0.000000 0.000000
vt 1.000000 0.000000
vt 1.000000 1.000000
vt 0.000000 1.000000
vt 0.500000 1.000000
vt 0.000000 0.000000
vt 1.000000 0.000000
vt 0.500000 1.000000
vt 0.000000 0.000000
vt 1.000000 0.000000
vt 0.000000 0.000000
vt 1.000000 0.000000
vt 1.000000 1.000000
vt 0.000000 1.000000
vt 0.000000 0.000000
vt 1.000000 0.000000
vt 1.000000 1.000000
vt 0.000000 1.000000
vt 0.500000 1.000000
vt 0.000000 0.000000
vt 1.000000 0.000000
vt 0.500000 1.000000
vt 0.000000 0.000000
vt 1.000000 0.000000
vt 0.000000 0.000000
vt 1.000000 0.000000
vt 1.000000 1.000000
vt 0.000000 1.000000
vt 0.000000 0.000000
vt 1.000000 0.000000
vt 1.000000 1.000000
vt 0.000000 1.000000
vt 0.500000 1.000000
vt 0.000000 0.000000
vt 1.000000 0.000000
vt 0.500000 1.000000
vt 0.000000 0.000000
vt 1.000000 0.000000
vt 0.000000 0.000000
vt 1.000000 0.000000
vt 1.000000 1.000000
vt 0.000000 1.000000
vt 0.000000 0.000000
vt 1.000000 0.000000
vt 1.000000 1.000000
vt 0.000000 1.000000
vt 0.500000 1.000000
vt 0.000000 0.000000
vt 1.000000 0.000000
vt 0.500000 1.000000
vt 0.000000 0.000000
vt 1.000000 0.000000
vt 0.000000 0.000000
vt 1.000000 0.000000
vt 1.000000 1.000000
vt 0.000000 1.000000
vt 0.000000 0.000000
vt 1.000000 0.000000
vt 1.000000 1.000000
vt 0.000000 1.000000
vt 0.500000 1.000000
vt 0.000000 0.000000
vt 1.000000 0.000000
vt 0.500000 1.000000
vt 0.000000 0.000000
vt 1.000000 0.000000
vt 0.000000 0.000000
vt 1.000000 0.000000
vt 1.000000 1.000000
vt 0.000000 1.000000
vt 0.000000 0.000000
vt 1.000000 0.000000
vt 1.000000 1.000000
vt 0.000000 1.000000
vt 0.500000 1.000000
vt 0.000000 0.000000
vt 1.000000 0.000000
vt 0.500000 1.000000
vt 0.000000 0.000000
vt 1.000000 0.000000
vt 0.000000 0.000000
vt 1.000000 0.000000
vt 1.000000 1.000000
vt 0.000000 1.000000
vt 0.000000 0.000000
vt 1.000000 0.000000
vt 1.000000 1.000000
vt 0.000000 1.000000
vt 0.500000 1.000000
vt 0.000000 0.000000
vt 1.000000 0.000000
vt 0.500000 1.000000
vt 0.000000 0.000000
vt 1.000000 0.000000
vt 0.000000 0.000000
vt 1.000000 0.000000
vt 1.000000 1.000000
vt 0.000000 1.000000
vt 0.000000 0.000000
vt 1.000000 0.000000
vt 1.000000 1.000000
vt 0.000000 1.000000
vt 0.500000 1.000000
vt 0.000000 0.000000
vt 1.000000 0.000000
vt 0.500000 1.000000
vt 0.000000 0.000000
vt 1.000000 0.000000
vt 0.000000 0.000000
vt 1.000000 0.000000
vt 1.000000 1.000000
vt 0.000000 1.000000
vt 0.000000 0.000000
vt 1.000000 0.000000
vt 1.000000 1.000000
vt 0.000000 1.000000
vt 0.500000 1.000000
vt 0.000000 0.000000
vt 1.000000 0.000000
vt 0.500000 1.000000
vt 0.000000 0.000000
vt 1.000000 0.000000
vt 0.000000 0.000000
vt 1.000000 0.000000
vt 1.000000 1.000000
vt 0.000000 1.000000
vt 0.000000 0.000000
vt 1.000000 0.000000
vt 1.000000 1.000000
vt 0.000000 1.000000
vt 0.500000 1.000000
vt 0.000000 0.000000
vt 1.000000 0.000000
vt 0.500000 1.000000
vt 0.000000 0.000000
vt 1.000000 0.000000
vt 0.000000 0.000000
vt 1.000000 0.000000
vt 1.000000 1.000000
vt 0.000000 1.000000
vt 0.000000 0.000000
vt 1.000000 0.000000
vt 1.000000 1.000000
vt 0.000000 1.000000
vt 0.500000 1.000000
vt 0.000000 0.000000
vt 1.000000 0.000000
vt 0.500000 1.000000
vt 0.000000 0.000000
vt 1.000000 0.000000
vt 0.000000 0.000000
vt 1.000000 0.000000
vt 1.000000 1.000000
vt 0.000000 1.000000
vt 0.000000 0.000000
vt 1.000000 0.000000
vt 1.000000 1.000000
vt 0.000000 1.000000
vt 0.500000 1.000000
vt 0.000000 0.000000
vt 1.000000 0.000000
vt 0.500000 1.000000
vt 0.000000 0.000000
vt 1.000000 0.000000
vt 0.000000 0.000000
vt 1.000000 0.000000
vt 1.000000 1.000000
vt 0.000000 1.000000
vt 0.000000 0.000000
vt 1.000000 0.000000
vt 1.000000 1.000000
vt 0.000000 1.000000
vt 0.500000 1.000000
vt 0.000000 0.000000
vt 1.000000 0.000000
vt 0.500000 1.000000
vt 0.000000 0.000000
vt 1.000000 0.000000
vt 0.000000 0.000000
vt 1.000000 0.000000
vt 1.000000 1.000000
vt 0.000000 1.000000
vt 0.000000 0.000000
vt 1.000000 0.000000
vt 1.000000 1.000000
vt 0.000000 1.000000
vt 0.500000 1.000000
vt 0.000000 0.000000
vt 1.000000 0.000000
vt 0.500000 1.000000
vt 0.000000 0.000000
vt 1.000000 0.000000
vt 0.000000 0.000000
vt 1.000000 0.000000
vt 1.000000 1.000000
vt 0.000000 1.000000
vt 0.000000 0.000000
vt 1.000000 0.000000
vt 1.000000 1.000000
vt 0.000000 1.000000
vt 0.500000 1.000000
vt 0.000000 0.000000
vt 1.000000 0.000000
vt 0.500000 1.000000
vt 0.000000 0.000000
vt 1.000000 0.000000
vt 0.000000 0.000000
vt 1.000000 0.000000
vt 1.000000 1.000000
vt 0.000000 1.000000
vt 0.000000 0.000000
vt 1.000000 0.000000
vt 1.000000 1.000000
vt 0.000000 1.000000
vt 0.500000 1.000000
vt 0.000000 0.000000
vt 1.000000 0.000000
vt 0.500000 1.000000
vt 0.000000 0.000000
vt 1.000000 0.000000
vt 0.000000 0.000000
vt 1.000000 0.000000
vt 1.000000 1.000000
vt 0.000000 1.000000
vt 0.000000 0.000000
vt 1.000000 0.000000
vt 1.000000 1.000000
vt 0.000000 1.000000
vt 0.500000 1.000000
vt 0.000000 0.000000
vt 1.000000 0.000000
vt 0.500000 1.000000
vt 0.000000 0.000000
vt 1.000000 0.000000
vt 0.000000 0.000000
vt 1.000000 0.000000
vt 1.000000 1.000000
vt 0.000000 1.000000
vt 0.000000 0.000000
vt 1.000000 0.000000
vt 1.000000 1.000000
vt 0.000000 1.000000
vt 0.500000 1.000000
vt 0.000000 0.000000
vt 1.000000 0.000000
vt 0.500000 1.000000
vt 0.000000 0.000000
vt 1.000000 0.000000
vt 0.000000 0.000000
vt 1.000000 0.000000
vt 1.000000 1.000000
vt 0.000000 1.000000
vt 0.000000 0.000000
vt 1.000000 0.000000
vt 1.000000 1.000000
vt 0.000000 1.000000
vt 0.500000 1.000000
vt 0.000000 0.000000
vt 1.000000 0.000000
vt 0.500000 1.000000
vt 0.000000 0.000000
vt 1.000000 0.000000
vt 0.000000 0.000000
vt 1.000000 0.000000
vt 1.000000 1.000000
vt 0.000000 1.000000
vt 0.000000 0.000000
vt 1.000000 0.000000
vt 1.000000 1.000000
vt 0.000000 1.000000
vt 0.500000 1.000000
vt 0.000000 0.000000
vt 1.000000 0.000000
vt 0.500000 1.000000
vt 0.000000 0.000000
vt 1.000000 0.000000
vt 0.000000 0.000000
vt 1.000000 0.000000
vt 1.000000 1.000000
vt 0.000000 1.000000
vt 0.000000 0.000000
vt 1.000000 0.000000
vt 1.000000 1.000000
vt 0.000000 1.000000
vt 0.500000 1.000000
vt 0.000000 0.000000
vt 1.000000 0.000000
vt 0.500000 1.000000
vt 0.000000 0.000000
vt 1.000000 0.000000
vt 0.000000 0.000000
vt 1.000000 0.000000
vt 1.000000 1.000000
vt 0.000000 1.000000
vt 0.000000 0.000000
vt 1.000000 0.000000
vt 1.000000 1.000000
vt 0.000000 1.000000
vt 0.500000 1.000000
vt 0.000000 0.000000
vt 1.000000 0.000000
vt 0.500000 1.000000
vt 0.000000 0.000000
vt 1.000000 0.000000
vt 0.000000 0.000000
vt 1.000000 0.000000
vt 1.000000 1.000000
vt 0.000000 1.000000
vt 0.000000 0.000000
vt 1.000000 0.000000
vt 1.000000 1.000000
vt 0.000000 1.000000
vt 0.500000 1.000000
vt 0.000000 0.000000
vt 1.000000 0.000000
vt 0.500000 1.000000
vt 0.000000 0.000000
vt 1.000000 0.000000
vt 0.000000 0.000000
vt 1.000000 0.000000
vt 1.000000 1.000000
vt 0.000000 1.000000
vt 0.000000 0.000000
vt 1.000000 0.000000
vt 1.000000 1.000000
vt 0.000000 1.000000
vt 0.500000 1.000000
vt 0.000000 0.000000
vt 1.000000 0.000000
vt 0.500000 1.000000
vt 0.000000 0.000000
vt 1.000000 0.000000
vt 0.000000 0.000000
vt 1.000000 0.000000
vt 1.000000 1.000000
vt 0.000000 1.000000
vt 0.000000 0.000000
vt 1.000000 0.000000
vt 1.000000 1.000000
vt 0.000000 1.000000
vt 0.500000 1.000000
vt 0.000000 0.000000
vt 1.000000 0.000000
vt 0.500000 1.000000
vt 0.000000 0.000000
vt 1.000000 0.000000
vt 0.000000 0.000000
vt 1.000000 0.000000
vt 1.000000 1.000000
vt 0.000000 1.000000
vt 0.000000 0.000000
vt 1.000000 0.000000
vt 1.000000 1.000000
vt 0.000000 1.000000
vt 0.500000 1.000000
vt 0.000000 0.000000
vt 1.000000 0.000000
vt 0.500000 1.000000
vt 0.000000 0.000000
vt 1.000000 0.000000
vt 0.000000 0.000000
vt 1.000000 0.000000
vt 1.000000 1.000000
vt 0.000000 1.000000
vt 0.000000 0.000000
vt 1.000000 0.000000
vt 1.000000 1.000000
vt 0.000000 1.000000
vt 0.500000 1.000000
vt 0.000000 0.000000
vt 1.000000 0.000000
vt 0.500000 1.000000
vt 0.000000 0.000000
vt 1.000000 0.000000
vt 0.000000 0.000000
vt 1.000000 0.000000
vt 1.000000 1.000000
vt 0.000000 1.000000
vt 0.000000 0.000000
vt 1.000000 0.000000
vt 1.000000 1.000000
vt 0.000000 1.000000
vt 0.500000 1.000000
vt 0.000000 0.000000
vt 1.000000 0.000000
vt 0.500000 1.000000
vt 0.000000 0.000000
vt 1.000000 0.000000
vt 0.000000 0.000000
vt 1.000000 0.000000
vt 1.000000 1.000000
vt 0.000000 1.000000
vt 0.000000 0.000000
vt 1.000000 0.000000
vt 1.000000 1.000000
vt 0.000000 1.000000
vt 0.500000 1.000000
vt 0.000000 0.000000
vt 1.000000 0.000000
vt 0.500000 1.000000
vt 0.000000 0.000000
vt 1.000000 0.000000
vt 0.000000 0.000000
vt 1.000000 0.000000
vt 1.000000 1.000000
vt 0.000000 1.000000
vt 0.000000 0.000000
vt 1.000000 0.000000
vt 1.000000 1.000000
vt 0.000000 1.000000
vt 0.500000 1.000000
vt 0.000000 0.000000
vt 1.000000 0.000000
vt 0.500000 1.000000
vt 0.000000 0.000000
vt 1.000000 0.000000
vt 0.000000 0.000000
vt 1.000000 0.000000
vt 1.000000 1.000000
vt 0.000000 1.000000
vt 0.000000 0.000000
vt 1.000000 0.000000
vt 1.000000 1.000000
vt 0.000000 1.000000
vt 0.500000 1.000000
vt 0.000000 0.000000
vt 1.000000 0.000000
vt 0.500000 1.000000
vt 0.000000 0.000000
vt 1.000000 0.000000
vt 0.000000 0.000000
vt 1.000000 0.000000
vt 1.000000 1.000000
vt 0.000000 1.000000
vt 0.000000 0.000000
vt 1.000000 0.000000
vt 1.000000 1.000000
vt 0.000000 1.000000
vt 0.500000 1.000000
vt 0.000000 0.000000
vt 1.000000 0.000000
vt 0.500000 1.000000
vt 0.000000 0.000000
vt 1.000000 0.000000
vt 0.000000 0.000000
vt 1.000000 0.000000
vt 1.000000 1.000000
vt 0.000000 1.000000
vt 0.000000 0.000000
vt 1.000000 0.000000
vt 1.000000 1.000000
vt 0.000000 1.000000
vt 0.500000 1.000000
vt 0.000000 0.000000
vt 1.000000 0.000000
vt 0.500000 1.000000
vt 0.000000 0.000000
vt 1.000000 0.000000
vt 0.000000 0.000000
vt 1.000000 0.000000
vt 1.000000 1.000000
vt 0.000000 1.000000
vt 0.000000 0.000000
vt 1.000000 0.000000
vt 1.000000 1.000000
vt 0.000000 1.000000
vt 0.500000 1.000000
vt 0.000000 0.000000
vt 1.000000 0.000000
vt 0.500000 1.000000
vt 0.000000 0.000000
vt 1.000000 0.000000
vt 0.000000 0.000000
vt 1.000000 0.000000
vt 1.000000 1.000000
vt 0.000000 1.000000
vt 0.000000 0.000000
vt 1.000000 0.000000
vt 1.000000 1.000000
vt 0.000000 1.000000
vt 0.500000 1.000000
vt 0.000000 0.000000
vt 1.000000 0.000000
vt 0.500000 1.000000
vt 0.000000 0.000000
vt 1.000000 0.000000
vt 0.000000 0.000000
vt 1.000000 0.000000
vt 1.000000 1.000000
vt 0.000000 1.000000
vt 0.000000 0.000000
vt 1.000000 0.000000
vt 1.000000 1.000000
vt 0.000000 1.000000
vt 0.500000 1.000000
vt 0.000000 0.000000
vt 1.000000 0.000000
vt 0.500000 1.000000
vt 0.000000 0.000000
vt 1.000000 0.000000
vt 0.000000 0.000000
vt 1.000000 0.000000
vt 1.000000 1.000000
vt 0.000000 1.000000
vt 0.000000 0.000000
vt 1.000000 0.000000
vt 1.000000 1.000000
vt 0.000000 1.000000
vt 0.500000 1.000000
vt 0.000000 0.000000
vt 1.000000 0.000000
vt 0.500000 1.000000
vt 0.000000 0.000000
vt 1.000000 0.000000
vt 0.000000 0.000000
vt 1.000000 0.000000
vt 1.000000 1.000000
vt 0.000000 1.000000
vt 0.000000 0.000000
vt 1.000000 0.000000
vt 1.000000 1.000000
vt 0.000000 1.000000
vt 0.500000 1.000000
vt 0.000000 0.000000
vt 1.000000 0.000000
vt 0.500000 1.000000
vt 0.000000 0.000000
vt 1.000000 0.000000
vt 0.000000 0.000000
vt 1.000000 0.000000
vt 1.000000 1.000000
vt 0.000000 1.000000
vt 0.000000 0.000000
vt 1.000000 0.000000
vt 1.000000 1.000000
vt 0.000000 1.000000
vt 0.500000 1.000000
vt 0.000000 0.000000
vt 1.000000 0.000000
vt 0.500000 1.000000
vt 0.000000 0.000000
vt 1.000000 0.000000
vt 0.000000 0.000000
vt 1.000000 0.000000
vt 1.000000 1.000000
vt 0.000000 1.000000
vt 0.000000 0.000000
vt 1.000000 0.000000
vt 1.000000 1.000000
vt 0.000000 1.000000
vt 0.500000 1.000000
vt 0.000000 0.000000
vt 1.000000 0.000000
vt 0.500000 1.000000
vt 0.000000 0.000000
vt 1.000000 0.000000
vt 0.000000 0.000000
vt 1.000000 0.000000
vt 1.000000 1.000000
vt 0.000000 1.000000
vt 0.000000 0.000000
vt 1.000000 0.000000
vt 1.000000 1.000000
vt 0.000000 1.000000
vt 0.500000 1.000000
vt 0.000000 0.000000
vt 1.000000 0.000000
vt 0.500000 1.000000
vt 0.000000 0.000000
vt 1.000000 0.000000
vt 0.000000 0.000000
vt 1.000000 0.000000
vt 1.000000 1.000000
vt 0.000000 1.000000
vt 0.000000 0.000000
vt 1.000000 0.000000
vt 1.000000 1.000000
vt 0.000000 1.000000
vt 0.500000 1.000000
vt 0.000000 0.000000
vt 1.000000 0.000000
vt 0.500000 1.000000
vt 0.000000 0.000000
vt 1.000000 0.000000
vt 0.000000 0.000000
vt 1.000000 0.000000
vt 1.000000 1.000000
vt 0.000000 1.000000
vt 0.000000 0.000000
vt 1.000000 0.000000
vt 1.000000 1.000000
vt 0.000000 1.000000
vt 0.500000 1.000000
vt 0.000000 0.000000
vt 1.000000 0.000000
vt 0.500000 1.000000
vt 0.000000 0.000000
vt 1.000000 0.000000
vt 0.000000 0.000000
vt 1.000000 0.000000
vt 1.000000 1.000000
vt 0.000000 1.000000
vt 0.000000 0.000000
vt 1.000000 0.000000
vt 1.000000 1.000000
vt 0.000000 1.000000
vt 0.500000 1.000000
vt 0.000000 0.000000
vt 1.000000 0.000000
vt 0.500000 1.000000
vt 0.000000 0.000000
vt 1.000000 0.000000
vt 0.000000 0.000000
vt 1.000000 0.000000
vt 1.000000 1.000000
vt 0.000000 1.000000
vt 0.000000 0.000000
vt 1.000000 0.000000
vt 1.000000 1.000000
vt 0.000000 1.000000
vt 0.500000 1.000000
vt 0.000000 0.000000
vt 1.000000 0.000000
vt 0.500000 1.000000
vt 0.000000 0.000000
vt 1.000000 0.000000
vt 0.000000 0.000000
vt 1.000000 0.000000
vt 1.000000 1.000000
vt 0.000000 1.000000
vt 0.000000 0.000000
vt 1.000000 0.000000
vt 1.000000 1.000000
vt 0.000000 1.000000
vt 0.500000 1.000000
vt 0.000000 0.000000
vt 1.000000 0.000000
vt 0.500000 1.000000
vt 0.000000 0.000000
vt 1.000000 0.000000
vt 0.000000 0.000000
vt 1.000000 0.000000
vt 1.000000 1.000000
vt 0.000000 1.000000
vt 0.000000 0.000000
vt 1.000000 0.000000
vt 1.000000 1.000000
vt 0.000000 1.000000
vt 0.500000 1.000000
vt 0.000000 0.000000
vt 1.000000 0.000000
vt 0.500000 1.000000
vt 0.000000 0.000000
vt 1.000000 0.000000
vt 0.000000 0.000000
vt 1.000000 0.000000
vt 1.000000 1.000000
vt 0.000000 1.000000
vt 0.000000 0.000000
vt 1.000000 0.000000
vt 1.000000 1.000000
vt 0.000000 1.000000
vt 0.500000 1.000000
vt 0.000000 0.000000
vt 1.000000 0.000000
vt 0.500000 1.000000
vt 0.000000 0.000000
vt 1.000000 0.000000
vt 0.000000 0.000000
vt 1.000000 0.000000
vt 1.000000 1.000000
vt 0.000000 1.000000
vt 0.000000 0.000000
vt 1.000000 0.000000
vt 1.000000 1.000000
vt 0.000000 1.000000
vt 0.500000 1.000000
vt 0.000000 0.000000
vt 1.000000 0.000000
vt 0.500000 1.000000
vt 0.000000 0.000000
vt 1.000000 0.000000
vt 0.000000 0.000000
vt 1.000000 0.000000
vt 1.000000 1.000000
vt 0.000000 1.000000
vt 0.000000 0.000000
vt 1.000000 0.000000
vt 1.000000 1.000000
vt 0.000000 1.000000
vt 0.500000 1.000000
vt 0.000000 0.000000
vt 1.000000 0.000000
vt 0.500000 1.000000
vt 0.000000 0.000000
vt 1.000000 0.000000
vt 0.000000 0.000000
vt 1.000000 0.000000
vt 1.000000 1.000000
vt 0.000000 1.000000
vt 0.000000 0.000000
vt 1.000000 0.000000
vt 1.000000 1.000000
vt 0.000000 1.000000
vt 0.500000 1.000000
vt 0.000000 0.000000
vt 1.000000 0.000000
vt 0.500000 1.000000
vt 0.000000 0.000000
vt 1.000000 0.000000
vt 0.000000 0.000000
vt 1.000000 0.000000
vt 1.000000 1.000000
vt 0.000000 1.000000
vt 0.000000 0.000000
vt 1.000000 0.000000
vt 1.000000 1.000000
vt 0.000000 1.000000
vt 0.500000 1.000000
vt 0.000000 0.000000
vt 1.000000 0.000000
vt 0.500000 1.000000
vt 0.000000 0.000000
vt 1.000000 0.000000
vt 0.000000 0.000000
vt 1.000000 0.000000
vt 1.000000 1.000000
vt 0.000000 1.000000
vt 0.000000 0.000000
vt 1.000000 0.000000
vt 1.000000 1.000000
vt 0.000000 1.000000
vt 0.500000 1.000000
vt 0.000000 0.000000
vt 1.000000 0.000000
vt 0.500000 1.000000
vt 0.000000 0.000000
vt 1.000000 0.000000
vt 0.000000 0.000000
vt 1.000000 0.000000
vt 1.000000 1.000000
vt 0.000000 1.000000
vt 0.000000 0.000000
vt 1.000000 0.000000
vt 1.000000 1.000000
vt 0.000000 1.000000
vt 0.500000 1.000000
vt 0.000000 0.000000
vt 1.000000 0.000000
vt 0.500000 1.000000
vt 0.000000 0.000000
vt 1.000000 0.000000
vt 0.000000 0.000000
vt 1.000000 0.000000
vt 1.000000 1.000000
vt 0.000000 1.000000
vt 0.000000 0.000000
vt 1.000000 0.000000
vt 1.000000 1.000000
vt 0.000000 1.000000
vt 0.500000 1.000000
vt 0.000000 0.000000
vt 1.000000 0.000000
vt 0.500000 1.000000
vt 0.000000 0.000000
vt 1.000000 0.000000
vt 0.000000 0.000000
vt 1.000000 0.000000
vt 1.000000 1.000000
vt 0.000000 1.000000
vt 0.000000 0.000000
vt 1.000000 0.000000
vt 1.000000 1.000000
vt 0.000000 1.000000
vt 0.500000 1.000000
vt 0.000000 0.000000
vt 1.000000 0.000000
s 1
usemtl models/caelum/world/environment/bark_jungle.png
f 1/1 2/2 3/3 4/4
f 5/5 6/6 7/7
f 8/8 9/9 10/10 11/11
f 12/12 13/13 14/14
f 15/15 16/16 17/17 18/18
f 19/19 20/20 21/21
f 22/22 23/23 24/24 25/25
f 26/26 27/27 28/28
f 29/29 30/30 31/31 32/32
f 33/33 34/34 35/35
f 36/36 37/37 38/38 39/39
f 40/40 41/41 42/42
f 43/43 44/44 45/45 46/46
f 47/47 48/48 49/49
f 50/50 51/51 52/52 53/53
f 54/54 55/55 56/56
f 57/57 58/58 59/59 60/60
f 61/61 62/62 63/63
f 64/64 65/65 66/66 67/67
f 68/68 69/69 70/70 71/71
f 72/72 73/73 74/74 75/75
f 76/76 77/77 78/78 79/79
f 80/80 81/81 82/82 83/83
f 84/84 85/85 86/86 87/87
f 88/88 89/89 90/90 91/91
f 92/92 93/93 94/94 95/95
f 96/96 97/97 98/98 99/99
f 100/100 101/101 102/102 103/103
f 104/104 105/105 106/106
f 107/107 108/108 109/109 110/110
f 111/111 112/112 113/113
f 114/114 115/115 116/116 117/117
f 118/118 119/119 120/120
f 121/121 122/122 123/123 124/124
f 125/125 126/126 127/127
f 128/128 129/129 130/130 131/131
f 132/132 133/133 134/134
f 135/135 136/136 137/137 138/138
f 139/139 140/140 141/141
f 142/142 143/143 144/144 145/145
f 146/146 147/147 148/148
f 149/149 150/150 151/151 152/152
f 153/153 154/154 155/155
f 156/156 157/157 158/158 159/159
f 160/160 161/161 162/162
f 163/163 164/164 165/165 166/166
f 167/167 168/168 169/169
f 170/170 171/171 172/172 173/173
f 174/174 175/175 176/176
f 177/177 178/178 179/179 180/180
f 181/181 182/182 183/183
f 184/184 185/185 186/186 187/187
f 188/188 189/189 190/190
f 191/191 192/192 193/193 194/194
f 195/195 196/196 197/197
f 198/198 199/199 200/200 201/201
f 202/202 203/203 204/204
f 205/205 206/206 207/207 208/208
f 209/209 210/210 211/211
f 212/212 213/213 214/214 215/215
f 216/216 217/217 218/218
f 219/219 220/220 221/221 222/222
f 223/223 224/224 225/225
f 226/226 227/227 228/228 229/229
f 230/230 231/231 232/232
f 233/233 234/234 235/235 236/236
f 237/237 238/238 239/239
f 240/240 241/241 242/242 243/243
f 244/244 245/245 246/246
f 247/247 248/248 249/249 250/250
f 251/251 252/252 253/253
f 254/254 255/255 256/256 257/257
f 258/258 259/259 260/260
f 261/261 262/262 263/263 264/264
f 265/265 266/266 267/267
f 268/268 269/269 270/270 271/271
f 272/272 273/273 274/274
f 275/275 276/276 277/277 278/278
f 279/279 280/280 281/281
f 282/282 283/283 284/284 285/285
f 286/286 287/287 288/288
f 289/289 290/290 291/291 292/292
f 293/293 294/294 295/295
f 296/296 297/297 298/298 299/299
f 300/300 301/301 302/302
f 303/303 304/304 305/305 306/306
f 307/307 308/308 309/309
f 310/310 311/311 312/312 313/313
f 314/314 315/315 316/316
f 317/317 318/318 319/319 320/320
f 321/321 322/322 323/323
f 324/324 325/325 326/326 327/327
f 328/328 329/329 330/330
f 331/331 332/332 333/333 334/334
f 335/335 336/336 337/337
f 338/338 339/339 340/340 341/341
f 342/342 343/343 344/344
f 345/345 346/346 347/347 348/348
f 349/349 350/350 351/351
f 352/352 353/353 354/354 355/355
f 356/356 357/357 358/358
f 359/359 360/360 361/361 362/362
f 363/363 364/364 365/365
f 366/366 367/367 368/368 369/369
f 370/370 371/371 372/372
f 373/373 374/374 375/375 376/376
f 377/377 378/378 379/379
f 380/380 381/381 382/382 383/383
f 384/384 385/385 386/386
f 387/387 388/388 389/389 390/390
f 391/391 392/392 393/393
f 394/394 395/395 396/396 397/397
f 398/398 399/399 400/400
f 401/401 402/402 403/403 404/404
f 405/405 406/406 407/407
f 408/408 409/409 410/410 411/411
f 412/412 413/413 414/414
f 415/415 416/416 417/417 418/418
f 419/419 420/420 421/421
f 422/422 423/423 424/424 425/425
f 426/426 427/427 428/428
f 429/429 430/430 431/431 432/432
f 433/433 434/434 435/435
f 436/436 437/437 438/438 439/439
f 440/440 441/441 442/442
f 443/443 444/444 445/445 446/446
f 447/447 448/448 449/449
f 450/450 451/451 452/452 453/453
f 454/454 455/455 456/456
f 457/457 458/458 459/459 460/460
f 461/461 462/462 463/463
f 464/464 465/465 466/466 467/467
f 468/468 469/469 470/470
f 471/471 472/472 473/473 474/474
f 475/475 476/476 477/477
f 478/478 479/479 480/480 481/481
f 482/482 483/483 484/484
f 485/485 486/486 487/487 488/488
f 489/489 490/490 491/491
f 492/492 493/493 494/494 495/495
f 496/496 497/497 498/498
f 499/499 500/500 501/501 502/502
f 503/503 504/504 505/505
f 506/506 507/507 508/508 509/509
f 510/510 511/511 512/512
f 513/513 514/514 515/515 516/516
f 517/517 518/518 519/519
f 520/520 521/521 522/522 523/523
f 524/524 525/525 526/526
f 527/527 528/528 529/529 530/530
f 531/531 532/532 533/533
f 534/534 535/535 536/536 537/537
f 538/538 539/539 540/540
f 541/541 542/542 543/543 544/544
f 545/545 546/546 547/547
f 548/548 549/549 550/550 551/551
f 552/552 553/553 554/554
f 555/555 556/556 557/557 558/558
f 559/559 560/560 561/561
f 562/562 563/563 564/564 565/565
f 566/566 567/567 568/568
f 569/569 570/570 571/571 572/572
f 573/573 574/574 575/575
f 576/576 577/577 578/578 579/579
f 580/580 581/581 582/582
f 583/583 584/584 585/585 586/586
f 587/587 588/588 589/589
f 590/590 591/591 592/592 593/593
f 594/594 595/595 596/596
f 597/597 598/598 599/599 600/600
f 601/601 602/602 603/603
f 604/604 605/605 606/606 607/607
f 608/608 609/609 610/610
f 611/611 612/612 613/613 614/614
f 615/615 616/616 617/617
f 618/618 619/619 620/620 621/621
f 622/622 623/623 624/624
f 625/625 626/626 627/627 628/628
f 629/629 630/630 631/631
f 632/632 633/633 634/634 635/635
f 636/636 637/637 638/638
f 639/639 640/640 641/641 642/642
f 643/643 644/644 645/645
f 646/646 647/647 648/648 649/649
f 650/650 651/651 652/652
f 653/653 654/654 655/655 656/656
f 657/657 658/658 659/659
f 660/660 661/661 662/662 663/663
f 664/664 665/665 666/666
f 667/667 668/668 669/669 670/670
f 671/671 672/672 673/673
f 674/674 675/675 676/676 677/677
f 678/678 679/679 680/680
f 681/681 682/682 683/683 684/684
f 685/685 686/686 687/687
f 688/688 689/689 690/690 691/691
f 692/692 693/693 694/694
f 695/695 696/696 697/697 698/698
f 699/699 700/700 701/701
f 702/702 703/703 704/704 705/705
f 706/706 707/707 708/708
f 709/709 710/710 711/711 712/712
f 713/713 714/714 715/715
f 716/716 717/717 718/718 719/719
f 720/720 721/721 722/722
f 723/723 724/724 725/725 726/726
f 727/727 728/728 729/729
f 730/730 731/731 732/732 733/733
f 734/734 735/735 736/736
f 737/737 738/738 739/739 740/740
f 741/741 742/742 743/743
f 744/744 745/745 746/746 747/747
f 748/748 749/749 750/750
f 751/751 752/752 753/753 754/754
f 755/755 756/756 757/757
f 758/758 759/759 760/760 761/761
f 762/762 763/763 764/764
f 765/765 766/766 767/767 768/768
f 769/769 770/770 771/771
f 772/772 773/773 774/774 775/775
f 776/776 777/777 778/778
f 779/779 780/780 781/781 782/782
f 783/783 784/784 785/785
f 786/786 787/787 788/788 789/789
f 790/790 791/791 792/792
f 793/793 794/794 795/795 796/796
f 797/797 798/798 799/799
f 800/800 801/801 802/802 803/803
f 804/804 805/805 806/806
f 807/807 808/808 809/809 810/810
f 811/811 812/812 813/813
f 814/814 815/815 816/816 817/817
f 818/818 819/819 820/820
f 821/821 822/822 823/823 824/824
f 825/825 826/826 827/827
f 828/828 829/829 830/830 831/831
f 832/832 833/833 834/834
f 835/835 836/836 837/837 838/838
f 839/839 840/840 841/841
f 842/842 843/843 844/844 845/845
f 846/846 847/847 848/848
f 849/849 850/850 851/851 852/852
f 853/853 854/854 855/855
f 856/856 857/857 858/858 859/859
f 860/860 861/861 862/862
f 863/863 864/864 865/865 866/866
f 867/867 868/868 869/869
f 870/870 871/871 872/872 873/873
f 874/874 875/875 876/876
f 877/877 878/878 879/879 880/880
f 881/881 882/882 883/883
f 884/884 885/885 886/886 887/887
f 888/888 889/889 890/890
f 891/891 892/892 893/893 894/894
f 895/895 896/896 897/897
f 898/898 899/899 900/900 901/901
f 902/902 903/903 904/904
f 905/905 906/906 907/907 908/908
f 909/909 910/910 911/911
f 912/912 913/913 914/914 915/915
f 916/916 917/917 918/918
f 919/919 920/920 921/921 922/922
f 923/923 924/924 925/925
f 926/926 927/927 928/928 929/929
f 930/930 931/931 932/932
f 933/933 934/934 935/935 936/936
f 937/937 938/938 939/939
f 940/940 941/941 942/942 943/943
f 944/944 945/945 946/946
f 947/947 948/948 949/949 950/950
f 951/951 952/952 953/953
f 954/954 955/955 956/956 957/957
f 958/958 959/959 960/960
f 961/961 962/962 963/963 964/964
f 965/965 966/966 967/967
f 968/968 969/969 970/970 971/971
f 972/972 973/973 974/974
f 975/975 976/976 977/977 978/978
f 979/979 980/980 981/981
f 982/982 983/983 984/984 985/985
f 986/986 987/987 988/988
f 989/989 990/990 991/991 992/992
f 993/993 994/994 995/995
f 996/996 997/997 998/998 999/999
f 1000/1000 1001/1001 1002/1002
usemtl models/caelum/world/environment/foliage_jungle_lapacho.png
f 1003/1003 1004/1004 1005/1005
f 1006/1006 1007/1007 1008/1008 1009/1009
f 1010/1010 1011/1011 1012/1012 1013/1013
f 1014/1014 1015/1015 1016/1016
f 1017/1017 1018/1018 1019/1019
f 1020/1020 1021/1021 1022/1022 1023/1023
f 1024/1024 1025/1025 1026/1026 1027/1027
f 1028/1028 1029/1029 1030/1030
f 1031/1031 1032/1032 1033/1033
f 1034/1034 1035/1035 1036/1036 1037/1037
f 1038/1038 1039/1039 1040/1040 1041/1041
f 1042/1042 1043/1043 1044/1044
f 1045/1045 1046/1046 1047/1047
f 1048/1048 1049/1049 1050/1050 1051/1051
f 1052/1052 1053/1053 1054/1054 1055/1055
f 1056/1056 1057/1057 1058/1058
f 1059/1059 1060/1060 1061/1061
f 1062/1062 1063/1063 1064/1064 1065/1065
f 1066/1066 1067/1067 1068/1068 1069/1069
f 1070/1070 1071/1071 1072/1072
f 1073/1073 1074/1074 1075/1075
f 1076/1076 1077/1077 1078/1078 1079/1079
f 1080/1080 1081/1081 1082/1082 1083/1083
f 1084/1084 1085/1085 1086/1086
f 1087/1087 1088/1088 1089/1089
f 1090/1090 1091/1091 1092/1092 1093/1093
f 1094/1094 1095/1095 1096/1096 1097/1097
f 1098/1098 1099/1099 1100/1100
f 1101/1101 1102/1102 1103/1103
f 1104/1104 1105/1105 1106/1106 1107/1107
f 1108/1108 1109/1109 1110/1110 1111/1111
f 1112/1112 1113/1113 1114/1114
f 1115/1115 1116/1116 1117/1117
f 1118/1118 1119/1119 1120/1120 1121/1121
f 1122/1122 1123/1123 1124/1124 1125/1125
f 1126/1126 1127/1127 1128/1128
f 1129/1129 1130/1130 1131/1131
f 1132/1132 1133/1133 1134/1134 1135/1135
f 1136/1136 1137/1137 1138/1138 1139/1139
f 1140/1140 1141/1141 1142/1142
f 1143/1143 1144/1144 1145/1145
f 1146/1146 1147/1147 1148/1148 1149/1149
f 1150/1150 1151/1151 1152/1152 1153/1153
f 1154/1154 1155/1155 1156/1156
f 1157/1157 1158/1158 1159/1159
f 1160/1160 1161/1161 1162/1162 1163/1163
f 1164/1164 1165/1165 1166/1166 1167/1167
f 1168/1168 1169/1169 1170/1170
f 1171/1171 1172/1172 1173/1173
f 1174/1174 1175/1175 1176/1176 1177/1177
f 1178/1178 1179/1179 1180/1180 1181/1181
f 1182/1182 1183/1183 1184/1184
f 1185/1185 1186/1186 1187/1187
f 1188/1188 1189/1189 1190/1190 1191/1191
f 1192/1192 1193/1193 1194/1194 1195/1195
f 1196/1196 1197/1197 1198/1198
f 1199/1199 1200/1200 1201/1201
f 1202/1202 1203/1203 1204/1204 1205/1205
f 1206/1206 1207/1207 1208/1208 1209/1209
f 1210/1210 1211/1211 1212/1212
f 1213/1213 1214/1214 1215/1215
f 1216/1216 1217/1217 1218/1218 1219/1219
f 1220/1220 1221/1221 1222/1222 1223/1223
f 1224/1224 1225/1225 1226/1226
f 1227/1227 1228/1228 1229/1229
f 1230/1230 1231/1231 1232/1232 1233/1233
f 1234/1234 1235/1235 1236/1236 1237/1237
f 1238/1238 1239/1239 1240/1240
f 1241/1241 1242/1242 1243/1243
f 1244/1244 1245/1245 1246/1246 1247/1247
f 1248/1248 1249/1249 1250/1250 1251/1251
f 1252/1252 1253/1253 1254/1254
f 1255/1255 1256/1256 1257/1257
f 1258/1258 1259/1259 1260/1260 1261/1261
f 1262/1262 1263/1263 1264/1264 1265/1265
f 1266/1266 1267/1267 1268/1268
f 1269/1269 1270/1270 1271/1271
f 1272/1272 1273/1273 1274/1274 1275/1275
f 1276/1276 1277/1277 1278/1278 1279/1279
f 1280/1280 1281/1281 1282/1282
f 1283/1283 1284/1284 1285/1285
f 1286/1286 1287/1287 1288/1288 1289/1289
f 1290/1290 1291/1291 1292/1292 1293/1293
f 1294/1294 1295/1295 1296/1296
f 1297/1297 1298/1298 1299/1299
f 1300/1300 1301/1301 1302/1302 1303/1303
f 1304/1304 1305/1305 1306/1306 1307/1307
f 1308/1308 1309/1309 1310/1310
f 1311/1311 1312/1312 1313/1313
f 1314/1314 1315/1315 1316/1316 1317/1317
f 1318/1318 1319/1319 1320/1320 1321/1321
f 1322/1322 1323/1323 1324/1324
f 1325/1325 1326/1326 1327/1327
f 1328/1328 1329/1329 1330/1330 1331/1331
f 1332/1332 1333/1333 1334/1334 1335/1335
f 1336/1336 1337/1337 1338/1338
f 1339/1339 1340/1340 1341/1341
f 1342/1342 1343/1343 1344/1344 1345/1345
f 1346/1346 1347/1347 1348/1348 1349/1349
f 1350/1350 1351/1351 1352/1352
f 1353/1353 1354/1354 1355/1355
f 1356/1356 1357/1357 1358/1358 1359/1359
f 1360/1360 1361/1361 1362/1362 1363/1363
f 1364/1364 1365/1365 1366/1366
f 1367/1367 1368/1368 1369/1369
f 1370/1370 1371/1371 1372/1372 1373/1373
f 1374/1374 1375/1375 1376/1376 1377/1377
f 1378/1378 1379/1379 1380/1380
f 1381/1381 1382/1382 1383/1383
f 1384/1384 1385/1385 1386/1386 1387/1387
f 1388/1388 1389/1389 1390/1390 1391/1391
f 1392/1392 1393/1393 1394/1394
f 1395/1395 1396/1396 1397/1397
f 1398/1398 1399/1399 1400/1400 1401/1401
f 1402/1402 1403/1403 1404/1404 1405/1405
f 1406/1406 1407/1407 1408/1408
f 1409/1409 1410/1410 1411/1411
f 1412/1412 1413/1413 1414/1414 1415/1415
f 1416/1416 1417/1417 1418/1418 1419/1419
f 1420/1420 1421/1421 1422/1422
f 1423/1423 1424/1424 1425/1425
f 1426/1426 1427/1427 1428/1428 1429/1429
f 1430/1430 1431/1431 1432/1432 1433/1433
f 1434/1434 1435/1435 1436/1436
f 1437/1437 1438/1438 1439/1439
f 1440/1440 1441/1441 1442/1442 1443/1443
f 1444/1444 1445/1445 1446/1446 1447/1447
f 1448/1448 1449/1449 1450/1450
f 1451/1451 1452/1452 1453/1453
f 1454/1454 1455/1455 1456/1456 1457/1457
f 1458/1458 1459/1459 1460/1460 1461/1461
f 1462/1462 1463/1463 1464/1464
f 1465/1465 1466/1466 1467/1467
f 1468/1468 1469/1469 1470/1470 1471/1471
f 1472/1472 1473/1473 1474/1474 1475/1475
f 1476/1476 1477/1477 1478/1478
f 1479/1479 1480/1480 1481/1481
f 1482/1482 1483/1483 1484/1484 1485/1485
f 1486/1486 1487/1487 1488/1488 1489/1489
f 1490/1490 1491/1491 1492/1492
f 1493/1493 1494/1494 1495/1495
f 1496/1496 1497/1497 1498/1498 1499/1499
f 1500/1500 1501/1501 1502/1502 1503/1503
f 1504/1504 1505/1505 1506/1506
f 1507/1507 1508/1508 1509/1509
f 1510/1510 1511/1511 1512/1512 1513/1513
f 1514/1514 1515/1515 1516/1516 1517/1517
f 1518/1518 1519/1519 1520/1520
f 1521/1521 1522/1522 1523/1523
f 1524/1524 1525/1525 1526/1526 1527/1527
f 1528/1528 1529/1529 1530/1530 1531/1531
f 1532/1532 1533/1533 1534/1534
f 1535/1535 1536/1536 1537/1537
f 1538/1538 1539/1539 1540/1540 1541/1541
f 1542/1542 1543/1543 1544/1544 1545/1545
f 1546/1546 1547/1547 1548/1548
f 1549/1549 1550/1550 1551/1551
f 1552/1552 1553/1553 1554/1554 1555/1555
f 1556/1556 1557/1557 1558/1558 1559/1559
f 1560/1560 1561/1561 1562/1562
f 1563/1563 1564/1564 1565/1565
f 1566/1566 1567/1567 1568/1568 1569/1569
f 1570/1570 1571/1571 1572/1572 1573/1573
f 1574/1574 1575/1575 1576/1576
f 1577/1577 1578/1578 1579/1579
f 1580/1580 1581/1581 1582/1582 1583/1583
f 1584/1584 1585/1585 1586/1586 1587/1587
f 1588/1588 1589/1589 1590/1590
f 1591/1591 1592/1592 1593/1593
f 1594/1594 1595/1595 1596/1596 1597/1597
f 1598/1598 1599/1599 1600/1600 1601/1601
f 1602/1602 1603/1603 1604/1604
f 1605/1605 1606/1606 1607/1607
f 1608/1608 1609/1609 1610/1610 1611/1611
f 1612/1612 1613/1613 1614/1614 1615/1615
f 1616/1616 1617/1617 1618/1618
f 1619/1619 1620/1620 1621/1621
f 1622/1622 1623/1623 1624/1624 1625/1625
f 1626/1626 1627/1627 1628/1628 1629/1629
f 1630/1630 1631/1631 1632/1632
f 1633/1633 1634/1634 1635/1635
f 1636/1636 1637/1637 1638/1638 1639/1639
f 1640/1640 1641/1641 1642/1642 1643/1643
f 1644/1644 1645/1645 1646/1646
f 1647/1647 1648/1648 1649/1649
f 1650/1650 1651/1651 1652/1652 1653/1653
f 1654/1654 1655/1655 1656/1656 1657/1657
f 1658/1658 1659/1659 1660/1660
f 1661/1661 1662/1662 1663/1663
f 1664/1664 1665/1665 1666/1666 1667/1667
f 1668/1668 1669/1669 1670/1670 1671/1671
f 1672/1672 1673/1673 1674/1674
f 1675/1675 1676/1676 1677/1677
f 1678/1678 1679/1679 1680/1680 1681/1681
f 1682/1682 1683/1683 1684/1684 1685/1685
f 1686/1686 1687/1687 1688/1688
f 1689/1689 1690/1690 1691/1691
f 1692/1692 1693/1693 1694/1694 1695/1695
f 1696/1696 1697/1697 1698/1698 1699/1699
f 1700/1700 1701/1701 1702/1702
f 1703/1703 1704/1704 1705/1705
f 1706/1706 1707/1707 1708/1708 1709/1709
f 1710/1710 1711/1711 1712/1712 1713/1713
f 1714/1714 1715/1715 1716/1716
f 1717/1717 1718/1718 1719/1719
f 1720/1720 1721/1721 1722/1722 1723/1723
f 1724/1724 1725/1725 1726/1726 1727/1727
f 1728/1728 1729/1729 1730/1730
f 1731/1731 1732/1732 1733/1733
f 1734/1734 1735/1735 1736/1736 1737/1737
f 1738/1738 1739/1739 1740/1740 1741/1741
f 1742/1742 1743/1743 1744/1744
f 1745/1745 1746/1746 1747/1747
f 1748/1748 1749/1749 1750/1750 1751/1751
f 1752/1752 1753/1753 1754/1754 1755/1755
f 1756/1756 1757/1757 1758/1758
f 1759/1759 1760/1760 1761/1761
f 1762/1762 1763/1763 1764/1764 1765/1765
f 1766/1766 1767/1767 1768/1768 1769/1769
f 1770/1770 1771/1771 1772/1772
f 1773/1773 1774/1774 1775/1775
f 1776/1776 1777/1777 1778/1778 1779/1779
f 1780/1780 1781/1781 1782/1782 1783/1783
f 1784/1784 1785/1785 1786/1786
f 1787/1787 1788/1788 1789/1789
f 1790/1790 1791/1791 1792/1792 1793/1793
f 1794/1794 1795/1795 1796/1796 1797/1797
f 1798/1798 1799/1799 1800/1800
f 1801/1801 1802/1802 1803/1803
f 1804/1804 1805/1805 1806/1806 1807/1807
f 1808/1808 1809/1809 1810/1810 1811/1811
f 1812/1812 1813/1813 1814/1814
f 1815/1815 1816/1816 1817/1817
f 1818/1818 1819/1819 1820/1820 1821/1821
f 1822/1822 1823/1823 1824/1824 1825/1825
f 1826/1826 1827/1827 1828/1828
f 1829/1829 1830/1830 1831/1831
f 1832/1832 1833/1833 1834/1834 1835/1835
f 1836/1836 1837/1837 1838/1838 1839/1839
f 1840/1840 1841/1841 1842/1842
f 1843/1843 1844/1844 1845/1845
f 1846/1846 1847/1847 1848/1848 1849/1849
f 1850/1850 1851/1851 1852/1852 1853/1853
f 1854/1854 1855/1855 1856/1856
f 1857/1857 1858/1858 1859/1859
f 1860/1860 1861/1861 1862/1862 1863/1863
f 1864/1864 1865/1865 1866/1866 1867/1867
f 1868/1868 1869/1869 1870/1870
f 1871/1871 1872/1872 1873/1873
f 1874/1874 1875/1875 1876/1876 1877/1877
f 1878/1878 1879/1879 1880/1880 1881/1881
f 1882/1882 1883/1883 1884/1884
f 1885/1885 1886/1886 1887/1887
f 1888/1888 1889/1889 1890/1890 1891/1891
f 1892/1892 1893/1893 1894/1894 1895/1895
f 1896/1896 1897/1897 1898/1898
f 1899/1899 1900/1900 1901/1901
f 1902/1902 1903/1903 1904/1904 1905/1905
f 1906/1906 1907/1907 1908/1908 1909/1909
f 1910/1910 1911/1911 1912/1912
f 1913/1913 1914/1914 1915/1915
f 1916/1916 1917/1917 1918/1918 1919/1919
f 1920/1920 1921/1921 1922/1922 1923/1923
f 1924/1924 1925/1925 1926/1926
f 1927/1927 1928/1928 1929/1929
f 1930/1930 1931/1931 1932/1932 1933/1933
f 1934/1934 1935/1935 1936/1936 1937/1937
f 1938/1938 1939/1939 1940/1940
f 1941/1941 1942/1942 1943/1943
f 1944/1944 1945/1945 1946/1946 1947/1947
f 1948/1948 1949/1949 1950/1950 1951/1951
f 1952/1952 1953/1953 1954/1954
f 1955/1955 1956/1956 1957/1957
f 1958/1958 1959/1959 1960/1960 1961/1961
f 1962/1962 1963/1963 1964/1964 1965/1965
f 1966/1966 1967/1967 1968/1968
f 1969/1969 1970/1970 1971/1971
f 1972/1972 1973/1973 1974/1974 1975/1975
f 1976/1976 1977/1977 1978/1978 1979/1979
f 1980/1980 1981/1981 1982/1982
f 1983/1983 1984/1984 1985/1985
f 1986/1986 1987/1987 1988/1988 1989/1989
f 1990/1990 1991/1991 1992/1992 1993/1993
f 1994/1994 1995/1995 1996/1996
f 1997/1997 1998/1998 1999/1999
f 2000/2000 2001/2001 2002/2002 2003/2003
f 2004/2004 2005/2005 2006/2006 2007/2007
f 2008/2008 2009/2009 2010/2010
f 2011/2011 2012/2012 2013/2013
f 2014/2014 2015/2015 2016/2016 2017/2017
f 2018/2018 2019/2019 2020/2020 2021/2021
f 2022/2022 2023/2023 2024/2024
f 2025/2025 2026/2026 2027/2027
f 2028/2028 2029/2029 2030/2030 2031/2031
f 2032/2032 2033/2033 2034/2034 2035/2035
f 2036/2036 2037/2037 2038/2038
f 2039/2039 2040/2040 2041/2041
f 2042/2042 2043/2043 2044/2044 2045/2045
f 2046/2046 2047/2047 2048/2048 2049/2049
f 2050/2050 2051/2051 2052/2052
f 2053/2053 2054/2054 2055/2055
f 2056/2056 2057/2057 2058/2058 2059/2059
f 2060/2060 2061/2061 2062/2062 2063/2063
f 2064/2064 2065/2065 2066/2066
f 2067/2067 2068/2068 2069/2069
f 2070/2070 2071/2071 2072/2072 2073/2073
f 2074/2074 2075/2075 2076/2076 2077/2077
f 2078/2078 2079/2079 2080/2080
f 2081/2081 2082/2082 2083/2083
f 2084/2084 2085/2085 2086/2086 2087/2087
f 2088/2088 2089/2089 2090/2090 2091/2091
f 2092/2092 2093/2093 2094/2094
f 2095/2095 2096/2096 2097/2097
f 2098/2098 2099/2099 2100/2100 2101/2101
f 2102/2102 2103/2103 2104/2104 2105/2105
f 2106/2106 2107/2107 2108/2108
f 2109/2109 2110/2110 2111/2111
f 2112/2112 2113/2113 2114/2114 2115/2115
f 2116/2116 2117/2117 2118/2118 2119/2119
f 2120/2120 2121/2121 2122/2122
f 2123/2123 2124/2124 2125/2125
f 2126/2126 2127/2127 2128/2128 2129/2129
f 2130/2130 2131/2131 2132/2132 2133/2133
f 2134/2134 2135/2135 2136/2136
f 2137/2137 2138/2138 2139/2139
f 2140/2140 2141/2141 2142/2142 2143/2143
f 2144/2144 2145/2145 2146/2146 2147/2147
f 2148/2148 2149/2149 2150/2150
f 2151/2151 2152/2152 2153/2153
f 2154/2154 2155/2155 2156/2156 2157/2157
f 2158/2158 2159/2159 2160/2160 2161/2161
f 2162/2162 2163/2163 2164/2164
f 2165/2165 2166/2166 2167/2167
f 2168/2168 2169/2169 2170/2170 2171/2171
f 2172/2172 2173/2173 2174/2174 2175/2175
f 2176/2176 2177/2177 2178/2178
f 2179/2179 2180/2180 2181/2181
f 2182/2182 2183/2183 2184/2184 2185/2185
f 2186/2186 2187/2187 2188/2188 2189/2189
f 2190/2190 2191/2191 2192/2192
f 2193/2193 2194/2194 2195/2195
f 2196/2196 2197/2197 2198/2198 2199/2199
f 2200/2200 2201/2201 2202/2202 2203/2203
f 2204/2204 2205/2205 2206/2206
f 2207/2207 2208/2208 2209/2209
f 2210/2210 2211/2211 2212/2212 2213/2213
f 2214/2214 2215/2215 2216/2216 2217/2217
f 2218/2218 2219/2219 2220/2220
f 2221/2221 2222/2222 2223/2223
f 2224/2224 2225/2225 2226/2226 2227/2227
f 2228/2228 2229/2229 2230/2230 2231/2231
f 2232/2232 2233/2233 2234/2234
f 2235/2235 2236/2236 2237/2237
f 2238/2238 2239/2239 2240/2240 2241/2241
f 2242/2242 2243/2243 2244/2244 2245/2245
f 2246/2246 2247/2247 2248/2248
f 2249/2249 2250/2250 2251/2251
f 2252/2252 2253/2253 2254/2254 2255/2255
f 2256/2256 2257/2257 2258/2258 2259/2259
f 2260/2260 2261/2261 2262/2262
f 2263/2263 2264/2264 2265/2265
f 2266/2266 2267/2267 2268/2268 2269/2269
f 2270/2270 2271/2271 2272/2272 2273/2273
f 2274/2274 2275/2275 2276/2276
f 2277/2277 2278/2278 2279/2279
f 2280/2280 2281/2281 2282/2282 2283/2283
f 2284/2284 2285/2285 2286/2286 2287/2287
f 2288/2288 2289/2289 2290/2290
f 2291/2291 2292/2292 2293/2293
f 2294/2294 2295/2295 2296/2296 2297/2297
f 2298/2298 2299/2299 2300/2300 2301/2301
f 2302/2302 2303/2303 2304/2304
f 2305/2305 2306/2306 2307/2307
f 2308/2308 2309/2309 2310/2310 2311/2311
f 2312/2312 2313/2313 2314/2314 2315/2315
f 2316/2316 2317/2317 2318/2318
f 2319/2319 2320/2320 2321/2321
f 2322/2322 2323/2323 2324/2324 2325/2325
f 2326/2326 2327/2327 2328/2328 2329/2329
f 2330/2330 2331/2331 2332/2332
f 2333/2333 2334/2334 2335/2335
f 2336/2336 2337/2337 2338/2338 2339/2339
f 2340/2340 2341/2341 2342/2342 2343/2343
f 2344/2344 2345/2345 2346/2346
