# Modelo original generado para Caelum Argenteum.
# Ejes OBJ: X ancho, Y altura, Z profundidad.
o ca_tree_coast_coronillo2
v 0.000000 -0.118302 -9.999300
v -6.420691 0.213186 -7.663503
v -2.548677 39.907098 -5.758217
v 1.881600 39.678372 -7.369917
v 0.000000 0.000000 0.000000
v -6.420691 0.213186 -7.663503
v 0.000000 -0.118302 -9.999300
v -6.420691 0.213186 -7.663503
v -9.837070 0.444921 -1.741867
v -4.905978 40.066995 -1.672288
v -2.548677 39.907098 -5.758217
v 0.000000 0.000000 0.000000
v -9.837070 0.444921 -1.741867
v -6.420691 0.213186 -7.663503
v -9.837070 0.444921 -1.741867
v -8.650574 0.468473 4.994807
v -4.087296 40.083246 2.976017
v -4.905978 40.066995 -1.672288
v 0.000000 0.000000 0.000000
v -8.650574 0.468473 4.994807
v -9.837070 0.444921 -1.741867
v -8.650574 0.468473 4.994807
v -3.416379 0.272821 9.394356
v -0.475701 39.948246 6.011706
v -4.087296 40.083246 2.976017
v 0.000000 0.000000 0.000000
v -3.416379 0.272821 9.394356
v -8.650574 0.468473 4.994807
v -3.416379 0.272821 9.394356
v 3.416379 -0.050487 9.398181
v 4.238901 39.725164 6.014345
v -0.475701 39.948246 6.011706
v 0.000000 0.000000 0.000000
v 3.416379 -0.050487 9.398181
v -3.416379 0.272821 9.394356
v 3.416379 -0.050487 9.398181
v 8.650574 -0.350171 5.004493
v 7.850496 39.518382 2.982700
v 4.238901 39.725164 6.014345
v 0.000000 0.000000 0.000000
v 8.650574 -0.350171 5.004493
v 3.416379 -0.050487 9.398181
v 8.650574 -0.350171 5.004493
v 9.837070 -0.486007 -1.730853
v 8.669178 39.424655 -1.664689
v 7.850496 39.518382 2.982700
v 0.000000 0.000000 0.000000
v 9.837070 -0.486007 -1.730853
v 8.650574 -0.350171 5.004493
v 9.837070 -0.486007 -1.730853
v 6.420691 -0.394434 -7.656314
v 6.311877 39.487840 -5.753257
v 8.669178 39.424655 -1.664689
v 0.000000 0.000000 0.000000
v 6.420691 -0.394434 -7.656314
v 9.837070 -0.486007 -1.730853
v 6.420691 -0.394434 -7.656314
v 0.000000 -0.118302 -9.999300
v 1.881600 39.678372 -7.369917
v 6.311877 39.487840 -5.753257
v 0.000000 0.000000 0.000000
v 0.000000 -0.118302 -9.999300
v 6.420691 -0.394434 -7.656314
v 1.063026 39.639124 -7.320606
v -3.109140 40.274686 -5.207235
v 3.741076 74.123450 -4.231092
v 6.038791 73.773431 -5.394977
v -3.109140 40.274686 -5.207235
v -4.946084 40.669420 -0.877446
v 2.729426 74.340840 -1.846571
v 3.741076 74.123450 -4.231092
v -4.946084 40.669420 -0.877446
v -3.588278 40.638627 3.642804
v 3.477203 74.323882 0.642843
v 2.729426 74.340840 -1.846571
v -3.588278 40.638627 3.642804
v 0.328944 40.196714 6.238440
v 5.634514 74.080509 2.072324
v 3.477203 74.323882 0.642843
v 0.328944 40.196714 6.238440
v 4.972672 39.550458 5.694936
v 8.191929 73.724600 1.773002
v 5.634514 74.080509 2.072324
v 4.972672 39.550458 5.694936
v 8.170052 39.002249 2.266602
v 9.952806 73.422688 -0.115065
v 8.191929 73.724600 1.773002
v 8.170052 39.002249 2.266602
v 8.424996 38.808600 -2.442405
v 10.093209 73.316040 -2.708432
v 9.952806 73.422688 -0.115065
v 8.424996 38.808600 -2.442405
v 5.618212 39.060122 -6.228690
v 8.547444 73.454560 -4.793632
v 10.093209 73.316040 -2.708432
v 5.618212 39.060122 -6.228690
v 1.063026 39.639124 -7.320606
v 6.038791 73.773431 -5.394977
v 8.547444 73.454560 -4.793632
v 5.604893 73.831920 -5.317969
v 3.488051 74.341597 -3.898164
v 11.207083 99.492399 -3.359220
v 11.597028 99.398512 -3.620763
v 11.760000 99.400000 -2.940000
v 11.597028 99.398512 -3.620763
v 11.207083 99.492399 -3.359220
v 3.488051 74.341597 -3.898164
v 2.775667 74.616571 -1.413504
v 11.075854 99.543053 -2.901519
v 11.207083 99.492399 -3.359220
v 11.760000 99.400000 -2.940000
v 11.207083 99.492399 -3.359220
v 11.075854 99.543053 -2.901519
v 2.775667 74.616571 -1.413504
v 3.801073 74.528179 0.973411
v 11.264745 99.526770 -2.461824
v 11.075854 99.543053 -2.901519
v 11.760000 99.400000 -2.940000
v 11.075854 99.543053 -2.901519
v 11.264745 99.526770 -2.461824
v 3.801073 74.528179 0.973411
v 6.084471 74.117780 2.145717
v 11.685371 99.451170 -2.245873
v 11.264745 99.526770 -2.461824
v 11.760000 99.400000 -2.940000
v 11.264745 99.526770 -2.461824
v 11.685371 99.451170 -2.245873
v 6.084471 74.117780 2.145717
v 8.557434 73.577405 1.554880
v 12.140917 99.351627 -2.354712
v 11.685371 99.451170 -2.245873
v 11.760000 99.400000 -2.940000
v 11.685371 99.451170 -2.245873
v 12.140917 99.351627 -2.354712
v 8.557434 73.577405 1.554880
v 10.062834 73.159901 -0.522642
v 12.418227 99.274719 -2.737413
v 12.140917 99.351627 -2.354712
v 11.760000 99.400000 -2.940000
v 12.140917 99.351627 -2.354712
v 12.418227 99.274719 -2.737413
v 10.062834 73.159901 -0.522642
v 9.896278 73.060623 -3.114753
v 12.387546 99.256431 -3.214907
v 12.418227 99.274719 -2.737413
v 11.760000 99.400000 -2.940000
v 12.418227 99.274719 -2.737413
v 12.387546 99.256431 -3.214907
v 9.896278 73.060623 -3.114753
v 8.135700 73.326024 -5.008576
v 12.063229 99.305320 -3.563769
v 12.387546 99.256431 -3.214907
v 11.760000 99.400000 -2.940000
v 12.387546 99.256431 -3.214907
v 12.063229 99.305320 -3.563769
v 8.135700 73.326024 -5.008576
v 5.604893 73.831920 -5.317969
v 11.597028 99.398512 -3.620763
v 12.063229 99.305320 -3.563769
v 11.760000 99.400000 -2.940000
v 12.063229 99.305320 -3.563769
v 11.597028 99.398512 -3.620763
v 5.656281 70.466860 -3.943222
v 3.473455 70.846108 -1.986045
v 23.073574 94.985691 13.745061
v 23.837563 94.852955 13.060049
v 5.656281 68.936339 -1.414070
v 3.473455 70.846108 -1.986045
v 5.656281 70.466860 -3.943222
v 3.473455 70.846108 -1.986045
v 3.473455 69.315587 0.543107
v 23.073574 94.450009 14.630264
v 23.073574 94.985691 13.745061
v 5.656281 68.936339 -1.414070
v 3.473455 69.315587 0.543107
v 3.473455 70.846108 -1.986045
v 3.473455 69.315587 0.543107
v 5.656281 67.405818 1.115081
v 23.837563 93.781590 14.830455
v 23.073574 94.450009 14.630264
v 5.656281 68.936339 -1.414070
v 5.656281 67.405818 1.115081
v 3.473455 69.315587 0.543107
v 5.656281 67.405818 1.115081
v 7.839107 67.026570 -0.842096
v 24.601552 93.648853 14.145443
v 23.837563 93.781590 14.830455
v 5.656281 68.936339 -1.414070
v 7.839107 67.026570 -0.842096
v 5.656281 67.405818 1.115081
v 7.839107 67.026570 -0.842096
v 7.839107 68.557091 -3.371248
v 24.601552 94.184536 13.260240
v 24.601552 93.648853 14.145443
v 5.656281 68.936339 -1.414070
v 7.839107 68.557091 -3.371248
v 7.839107 67.026570 -0.842096
v 7.839107 68.557091 -3.371248
v 5.656281 70.466860 -3.943222
v 23.837563 94.852955 13.060049
v 24.601552 94.184536 13.260240
v 5.656281 68.936339 -1.414070
v 5.656281 70.466860 -3.943222
v 7.839107 68.557091 -3.371248
v 23.733687 94.920934 13.111380
v 23.039562 94.972306 13.876947
v 44.689310 120.048205 30.525227
v 44.094346 120.092237 31.181426
v 44.005309 120.609662 30.466679
v 44.094346 120.092237 31.181426
v 44.689310 120.048205 30.525227
v 23.039562 94.972306 13.876947
v 23.143439 94.368644 14.710819
v 44.600273 120.565629 29.810479
v 44.689310 120.048205 30.525227
v 44.005309 120.609662 30.466679
v 44.689310 120.048205 30.525227
v 44.600273 120.565629 29.810479
v 23.143439 94.368644 14.710819
v 23.941440 93.713611 14.779124
v 43.916272 121.127086 29.751932
v 44.600273 120.565629 29.810479
v 44.005309 120.609662 30.466679
v 44.600273 120.565629 29.810479
v 43.916272 121.127086 29.751932
v 23.941440 93.713611 14.779124
v 24.635564 93.662239 14.013558
v 43.321308 121.171119 30.408132
v 43.916272 121.127086 29.751932
v 44.005309 120.609662 30.466679
v 43.916272 121.127086 29.751932
v 43.321308 121.171119 30.408132
v 24.635564 93.662239 14.013558
v 24.531688 94.265901 13.179686
v 43.410345 120.653694 31.122879
v 43.321308 121.171119 30.408132
v 44.005309 120.609662 30.466679
v 43.321308 121.171119 30.408132
v 43.410345 120.653694 31.122879
v 24.531688 94.265901 13.179686
v 23.733687 94.920934 13.111380
v 44.094346 120.092237 31.181426
v 43.410345 120.653694 31.122879
v 44.005309 120.609662 30.466679
v 43.410345 120.653694 31.122879
v 44.094346 120.092237 31.181426
v 9.141606 86.412089 -3.975784
v 8.144463 88.246495 -4.016530
v 33.866028 101.264411 -12.621349
v 34.215028 100.622369 -12.607088
v 9.141606 87.638304 -2.285401
v 8.144463 88.246495 -4.016530
v 9.141606 86.412089 -3.975784
v 8.144463 88.246495 -4.016530
v 8.144463 89.472709 -2.326148
v 33.866028 101.693586 -12.029715
v 33.866028 101.264411 -12.621349
v 9.141606 87.638304 -2.285401
v 8.144463 89.472709 -2.326148
v 8.144463 88.246495 -4.016530
v 8.144463 89.472709 -2.326148
v 9.141606 88.864519 -0.595019
v 34.215028 101.480719 -11.423820
v 33.866028 101.693586 -12.029715
v 9.141606 87.638304 -2.285401
v 9.141606 88.864519 -0.595019
v 8.144463 89.472709 -2.326148
v 9.141606 88.864519 -0.595019
v 10.138748 87.030114 -0.554273
v 34.564028 100.838678 -11.409559
v 34.215028 101.480719 -11.423820
v 9.141606 87.638304 -2.285401
v 10.138748 87.030114 -0.554273
v 9.141606 88.864519 -0.595019
v 10.138748 87.030114 -0.554273
v 10.138748 85.803899 -2.244655
v 34.564028 100.409502 -12.001193
v 34.564028 100.838678 -11.409559
v 9.141606 87.638304 -2.285401
v 10.138748 85.803899 -2.244655
v 10.138748 87.030114 -0.554273
v 10.138748 85.803899 -2.244655
v 9.141606 86.412089 -3.975784
v 34.215028 100.622369 -12.607088
v 34.564028 100.409502 -12.001193
v 9.141606 87.638304 -2.285401
v 9.141606 86.412089 -3.975784
v 10.138748 85.803899 -2.244655
v 34.498923 100.967775 -11.347167
v 34.499227 100.408015 -11.817156
v 61.896104 110.628615 -22.916765
v 61.896365 110.148820 -23.319613
v 62.139703 110.077018 -22.746795
v 61.896365 110.148820 -23.319613
v 61.896104 110.628615 -22.916765
v 34.499227 100.408015 -11.817156
v 34.215332 100.491783 -12.485443
v 62.139442 110.556813 -22.343947
v 61.896104 110.628615 -22.916765
v 62.139703 110.077018 -22.746795
v 61.896104 110.628615 -22.916765
v 62.139442 110.556813 -22.343947
v 34.215332 100.491783 -12.485443
v 33.931133 101.135313 -12.683742
v 62.383042 110.005217 -22.173977
v 62.139442 110.556813 -22.343947
v 62.139703 110.077018 -22.746795
v 62.139442 110.556813 -22.343947
v 62.383042 110.005217 -22.173977
v 33.931133 101.135313 -12.683742
v 33.930829 101.695074 -12.213753
v 62.383302 109.525422 -22.576825
v 62.383042 110.005217 -22.173977
v 62.139703 110.077018 -22.746795
v 62.383042 110.005217 -22.173977
v 62.383302 109.525422 -22.576825
v 33.930829 101.695074 -12.213753
v 34.214724 101.611305 -11.545465
v 62.139964 109.597223 -23.149643
v 62.383302 109.525422 -22.576825
v 62.139703 110.077018 -22.746795
v 62.383302 109.525422 -22.576825
v 62.139964 109.597223 -23.149643
v 34.214724 101.611305 -11.545465
v 34.498923 100.967775 -11.347167
v 61.896365 110.148820 -23.319613
v 62.139964 109.597223 -23.149643
v 62.139703 110.077018 -22.746795
v 62.139964 109.597223 -23.149643
v 61.896365 110.148820 -23.319613
v 5.155451 65.965610 0.903487
v 6.167426 64.345545 -0.184825
v 42.219633 88.052599 -0.508499
v 41.865442 88.619621 -0.127590
v 5.179284 65.965610 -1.294821
v 6.167426 64.345545 -0.184825
v 5.155451 65.965610 0.903487
v 6.167426 64.345545 -0.184825
v 6.191259 64.345545 -2.383133
v 42.227975 88.052599 -1.277907
v 42.219633 88.052599 -0.508499
v 5.179284 65.965610 -1.294821
v 6.191259 64.345545 -2.383133
v 6.167426 64.345545 -0.184825
v 6.191259 64.345545 -2.383133
v 5.203117 65.965610 -3.493129
v 41.882125 88.619621 -1.666406
v 42.227975 88.052599 -1.277907
v 5.179284 65.965610 -1.294821
v 5.203117 65.965610 -3.493129
v 6.191259 64.345545 -2.383133
v 5.203117 65.965610 -3.493129
v 4.191142 67.585675 -2.404817
v 41.527934 89.186644 -1.285497
v 41.882125 88.619621 -1.666406
v 5.179284 65.965610 -1.294821
v 4.191142 67.585675 -2.404817
v 5.203117 65.965610 -3.493129
v 4.191142 67.585675 -2.404817
v 4.167309 67.585675 -0.206509
v 41.519592 89.186644 -0.516089
v 41.527934 89.186644 -1.285497
v 5.179284 65.965610 -1.294821
v 4.167309 67.585675 -0.206509
v 4.191142 67.585675 -2.404817
v 4.167309 67.585675 -0.206509
v 5.155451 65.965610 0.903487
v 41.865442 88.619621 -0.127590
v 41.519592 89.186644 -0.516089
v 5.179284 65.965610 -1.294821
v 5.155451 65.965610 0.903487
v 4.167309 67.585675 -0.206509
v 41.906322 88.536024 -0.132792
v 42.168499 87.977407 -0.592431
v 81.805152 107.763911 -0.834982
v 82.029875 107.285096 -1.228959
v 82.057765 107.213441 -0.573925
v 82.029875 107.285096 -1.228959
v 81.805152 107.763911 -0.834982
v 42.168499 87.977407 -0.592431
v 42.135961 88.061004 -1.356637
v 81.833042 107.692256 -0.179949
v 81.805152 107.763911 -0.834982
v 82.057765 107.213441 -0.573925
v 81.805152 107.763911 -0.834982
v 81.833042 107.692256 -0.179949
v 42.135961 88.061004 -1.356637
v 41.841246 88.703219 -1.661204
v 82.085655 107.141786 0.081109
v 81.833042 107.692256 -0.179949
v 82.057765 107.213441 -0.573925
v 81.833042 107.692256 -0.179949
v 82.085655 107.141786 0.081109
v 41.841246 88.703219 -1.661204
v 41.579068 89.261836 -1.201565
v 82.310378 106.662971 -0.312868
v 82.085655 107.141786 0.081109
v 82.057765 107.213441 -0.573925
v 82.085655 107.141786 0.081109
v 82.310378 106.662971 -0.312868
v 41.579068 89.261836 -1.201565
v 41.611606 89.178239 -0.437359
v 82.282488 106.734626 -0.967901
v 82.310378 106.662971 -0.312868
v 82.057765 107.213441 -0.573925
v 82.310378 106.662971 -0.312868
v 82.282488 106.734626 -0.967901
v 41.611606 89.178239 -0.437359
v 41.906322 88.536024 -0.132792
v 82.029875 107.285096 -1.228959
v 82.282488 106.734626 -0.967901
v 82.057765 107.213441 -0.573925
v 82.282488 106.734626 -0.967901
v 82.029875 107.285096 -1.228959
v 4.473520 59.855224 -2.755974
v 3.082067 61.543699 -2.790485
v 32.027400 84.086625 -21.820024
v 32.514409 83.495659 -21.807946
v 4.473520 61.306626 -1.118380
v 3.082067 61.543699 -2.790485
v 4.473520 59.855224 -2.755974
v 3.082067 61.543699 -2.790485
v 3.082067 62.995101 -1.152891
v 32.027400 84.594615 -21.246867
v 32.027400 84.086625 -21.820024
v 4.473520 61.306626 -1.118380
v 3.082067 62.995101 -1.152891
v 3.082067 61.543699 -2.790485
v 3.082067 62.995101 -1.152891
v 4.473520 62.758028 0.519214
v 32.514409 84.511640 -20.661630
v 32.027400 84.594615 -21.246867
v 4.473520 61.306626 -1.118380
v 4.473520 62.758028 0.519214
v 3.082067 62.995101 -1.152891
v 4.473520 62.758028 0.519214
v 5.864973 61.069553 0.553725
v 33.001417 83.920674 -20.649551
v 32.514409 84.511640 -20.661630
v 4.473520 61.306626 -1.118380
v 5.864973 61.069553 0.553725
v 4.473520 62.758028 0.519214
v 5.864973 61.069553 0.553725
v 5.864973 59.618151 -1.083869
v 33.001417 83.412683 -21.222709
v 33.001417 83.920674 -20.649551
v 4.473520 61.306626 -1.118380
v 5.864973 59.618151 -1.083869
v 5.864973 61.069553 0.553725
v 5.864973 59.618151 -1.083869
v 4.473520 59.855224 -2.755974
v 32.514409 83.495659 -21.807946
v 33.001417 83.412683 -21.222709
v 4.473520 61.306626 -1.118380
v 4.473520 59.855224 -2.755974
v 5.864973 59.618151 -1.083869
v 32.451204 83.479050 -21.789193
v 32.028860 84.117382 -21.816055
v 63.681016 103.330739 -42.622532
v 63.319007 103.877881 -42.645557
v 63.264831 103.428224 -43.120761
v 63.319007 103.877881 -42.645557
v 63.681016 103.330739 -42.622532
v 32.028860 84.117382 -21.816055
v 32.092065 84.641982 -21.261651
v 63.626841 102.881082 -43.097736
v 63.681016 103.330739 -42.622532
v 63.264831 103.428224 -43.120761
v 63.681016 103.330739 -42.622532
v 63.626841 102.881082 -43.097736
v 32.092065 84.641982 -21.261651
v 32.577613 84.528249 -20.680383
v 63.210656 102.978567 -43.595965
v 63.626841 102.881082 -43.097736
v 63.264831 103.428224 -43.120761
v 63.626841 102.881082 -43.097736
v 63.210656 102.978567 -43.595965
v 32.577613 84.528249 -20.680383
v 32.999957 83.889917 -20.653520
v 62.848647 103.525709 -43.618991
v 63.210656 102.978567 -43.595965
v 63.264831 103.428224 -43.120761
v 63.210656 102.978567 -43.595965
v 62.848647 103.525709 -43.618991
v 32.999957 83.889917 -20.653520
v 32.936753 83.365317 -21.207925
v 62.902822 103.975366 -43.143787
v 62.848647 103.525709 -43.618991
v 63.264831 103.428224 -43.120761
v 62.848647 103.525709 -43.618991
v 62.902822 103.975366 -43.143787
v 32.936753 83.365317 -21.207925
v 32.451204 83.479050 -21.789193
v 63.319007 103.877881 -42.645557
v 62.902822 103.975366 -43.143787
v 63.264831 103.428224 -43.120761
v 62.902822 103.975366 -43.143787
v 63.319007 103.877881 -42.645557
v 5.988330 72.068979 -3.253123
v 4.899097 72.715372 -1.587406
v 30.101830 87.014178 8.489845
v 30.483061 86.787940 7.906843
v 5.988330 70.930917 -1.497082
v 4.899097 72.715372 -1.587406
v 5.988330 72.068979 -3.253123
v 4.899097 72.715372 -1.587406
v 4.899097 71.577310 0.168635
v 30.101830 86.615856 9.104459
v 30.101830 87.014178 8.489845
v 5.988330 70.930917 -1.497082
v 4.899097 71.577310 0.168635
v 4.899097 72.715372 -1.587406
v 4.899097 71.577310 0.168635
v 5.988330 69.792854 0.258959
v 30.483061 85.991296 9.136072
v 30.101830 86.615856 9.104459
v 5.988330 70.930917 -1.497082
v 5.988330 69.792854 0.258959
v 4.899097 71.577310 0.168635
v 5.988330 69.792854 0.258959
v 7.077562 69.146461 -1.406759
v 30.864293 85.765059 8.553071
v 30.483061 85.991296 9.136072
v 5.988330 70.930917 -1.497082
v 7.077562 69.146461 -1.406759
v 5.988330 69.792854 0.258959
v 7.077562 69.146461 -1.406759
v 7.077562 70.284524 -3.162800
v 30.864293 86.163381 7.938457
v 30.864293 85.765059 8.553071
v 5.988330 70.930917 -1.497082
v 7.077562 70.284524 -3.162800
v 7.077562 69.146461 -1.406759
v 7.077562 70.284524 -3.162800
v 5.988330 72.068979 -3.253123
v 30.483061 86.787940 7.906843
v 30.864293 86.163381 7.938457
v 5.988330 70.930917 -1.497082
v 5.988330 72.068979 -3.253123
v 7.077562 70.284524 -3.162800
v 30.246288 86.308727 9.209794
v 30.618473 85.768197 8.884653
v 57.401980 99.083852 18.938809
v 57.720996 98.620541 18.660117
v 57.518048 98.551206 19.250119
v 57.720996 98.620541 18.660117
v 57.401980 99.083852 18.938809
v 30.618473 85.768197 8.884653
v 30.855247 85.849088 8.196317
v 57.199032 99.014517 19.528811
v 57.401980 99.083852 18.938809
v 57.518048 98.551206 19.250119
v 57.401980 99.083852 18.938809
v 57.199032 99.014517 19.528811
v 30.855247 85.849088 8.196317
v 30.719834 86.470509 7.833122
v 57.315100 98.481871 19.840121
v 57.199032 99.014517 19.528811
v 57.518048 98.551206 19.250119
v 57.199032 99.014517 19.528811
v 57.315100 98.481871 19.840121
v 30.719834 86.470509 7.833122
v 30.347649 87.011039 8.158263
v 57.634116 98.018559 19.561429
v 57.315100 98.481871 19.840121
v 57.518048 98.551206 19.250119
v 57.315100 98.481871 19.840121
v 57.634116 98.018559 19.561429
v 30.347649 87.011039 8.158263
v 30.110876 86.930148 8.846598
v 57.837064 98.087894 18.971427
v 57.634116 98.018559 19.561429
v 57.518048 98.551206 19.250119
v 57.634116 98.018559 19.561429
v 57.837064 98.087894 18.971427
v 30.110876 86.930148 8.846598
v 30.246288 86.308727 9.209794
v 57.720996 98.620541 18.660117
v 57.837064 98.087894 18.971427
v 57.518048 98.551206 19.250119
v 57.837064 98.087894 18.971427
v 57.720996 98.620541 18.660117
v 4.516578 61.424400 -3.673818
v 2.965357 63.081681 -2.510345
v 32.249550 89.940755 -3.542934
v 32.792478 89.360707 -3.950150
v 4.516578 61.600960 -1.129144
v 2.965357 63.081681 -2.510345
v 4.516578 61.424400 -3.673818
v 2.965357 63.081681 -2.510345
v 2.965357 63.258241 0.034329
v 32.249550 90.002551 -2.652299
v 32.249550 89.940755 -3.542934
v 4.516578 61.600960 -1.129144
v 2.965357 63.258241 0.034329
v 2.965357 63.081681 -2.510345
v 2.965357 63.258241 0.034329
v 4.516578 61.777520 1.415529
v 32.792478 89.484298 -2.168878
v 32.249550 90.002551 -2.652299
v 4.516578 61.600960 -1.129144
v 4.516578 61.777520 1.415529
v 2.965357 63.258241 0.034329
v 4.516578 61.777520 1.415529
v 6.067799 60.120239 0.252056
v 33.335405 88.904250 -2.576094
v 32.792478 89.484298 -2.168878
v 4.516578 61.600960 -1.129144
v 6.067799 60.120239 0.252056
v 4.516578 61.777520 1.415529
v 6.067799 60.120239 0.252056
v 6.067799 59.943679 -2.292618
v 33.335405 88.842454 -3.466730
v 33.335405 88.904250 -2.576094
v 4.516578 61.600960 -1.129144
v 6.067799 59.943679 -2.292618
v 6.067799 60.120239 0.252056
v 6.067799 59.943679 -2.292618
v 4.516578 61.424400 -3.673818
v 32.792478 89.360707 -3.950150
v 33.335405 88.842454 -3.466730
v 4.516578 61.600960 -1.129144
v 4.516578 61.424400 -3.673818
v 6.067799 59.943679 -2.292618
v 32.720454 89.432746 -3.949322
v 32.239173 90.000204 -3.455956
v 64.275345 117.126751 -4.905037
v 63.862819 117.613145 -4.482151
v 63.801084 117.621924 -5.244844
v 63.862819 117.613145 -4.482151
v 64.275345 117.126751 -4.905037
v 32.239173 90.000204 -3.455956
v 32.311197 89.989961 -2.566147
v 64.213610 117.135531 -5.667729
v 64.275345 117.126751 -4.905037
v 63.801084 117.621924 -5.244844
v 64.275345 117.126751 -4.905037
v 64.213610 117.135531 -5.667729
v 32.311197 89.989961 -2.566147
v 32.864502 89.412260 -2.169706
v 63.739349 117.630704 -6.007536
v 64.213610 117.135531 -5.667729
v 63.801084 117.621924 -5.244844
v 64.213610 117.135531 -5.667729
v 63.739349 117.630704 -6.007536
v 32.864502 89.412260 -2.169706
v 33.345783 88.844801 -2.663073
v 63.326823 118.117097 -5.584650
v 63.739349 117.630704 -6.007536
v 63.801084 117.621924 -5.244844
v 63.739349 117.630704 -6.007536
v 63.326823 118.117097 -5.584650
v 33.345783 88.844801 -2.663073
v 33.273758 88.855044 -3.552881
v 63.388558 118.108317 -4.821958
v 63.326823 118.117097 -5.584650
v 63.801084 117.621924 -5.244844
v 63.326823 118.117097 -5.584650
v 63.388558 118.108317 -4.821958
v 33.273758 88.855044 -3.552881
v 32.720454 89.432746 -3.949322
v 63.862819 117.613145 -4.482151
v 63.388558 118.108317 -4.821958
v 63.801084 117.621924 -5.244844
v 63.388558 118.108317 -4.821958
v 63.862819 117.613145 -4.482151
v 8.044019 80.816258 -3.487986
v 6.561304 82.199925 -3.397592
v 27.238038 104.716620 -23.722917
v 27.756988 104.232337 -23.754555
v 8.044019 82.208980 -2.011005
v 6.561304 82.199925 -3.397592
v 8.044019 80.816258 -3.487986
v 6.561304 82.199925 -3.397592
v 6.561304 83.592647 -1.920611
v 27.238038 105.204073 -23.205973
v 27.238038 104.716620 -23.722917
v 8.044019 82.208980 -2.011005
v 6.561304 83.592647 -1.920611
v 6.561304 82.199925 -3.397592
v 6.561304 83.592647 -1.920611
v 8.044019 83.601702 -0.534023
v 27.756988 105.207242 -22.720668
v 27.238038 105.204073 -23.205973
v 8.044019 82.208980 -2.011005
v 8.044019 83.601702 -0.534023
v 6.561304 83.592647 -1.920611
v 8.044019 83.601702 -0.534023
v 9.526734 82.218035 -0.624417
v 28.275939 104.722959 -22.752306
v 27.756988 105.207242 -22.720668
v 8.044019 82.208980 -2.011005
v 9.526734 82.218035 -0.624417
v 8.044019 83.601702 -0.534023
v 9.526734 82.218035 -0.624417
v 9.526734 80.825313 -2.101399
v 28.275939 104.235506 -23.269249
v 28.275939 104.722959 -22.752306
v 8.044019 82.208980 -2.011005
v 9.526734 80.825313 -2.101399
v 9.526734 82.218035 -0.624417
v 9.526734 80.825313 -2.101399
v 8.044019 80.816258 -3.487986
v 27.756988 104.232337 -23.754555
v 28.275939 104.235506 -23.269249
v 8.044019 82.208980 -2.011005
v 8.044019 80.816258 -3.487986
v 9.526734 80.825313 -2.101399
v 27.687468 104.229731 -23.747367
v 27.222919 104.765598 -23.703994
v 50.240814 125.649951 -46.000929
v 49.842629 126.109266 -45.963753
v 49.783040 125.689216 -46.400686
v 49.842629 126.109266 -45.963753
v 50.240814 125.649951 -46.000929
v 27.222919 104.765598 -23.703994
v 27.292439 105.255657 -23.194238
v 50.181225 125.229901 -46.437863
v 50.240814 125.649951 -46.000929
v 49.783040 125.689216 -46.400686
v 50.240814 125.649951 -46.000929
v 50.181225 125.229901 -46.437863
v 27.292439 105.255657 -23.194238
v 27.826509 105.209848 -22.727856
v 49.723451 125.269166 -46.837619
v 50.181225 125.229901 -46.437863
v 49.783040 125.689216 -46.400686
v 50.181225 125.229901 -46.437863
v 49.723451 125.269166 -46.837619
v 27.826509 105.209848 -22.727856
v 28.291058 104.673980 -22.771229
v 49.325267 125.728481 -46.800442
v 49.723451 125.269166 -46.837619
v 49.783040 125.689216 -46.400686
v 49.723451 125.269166 -46.837619
v 49.325267 125.728481 -46.800442
v 28.291058 104.673980 -22.771229
v 28.221537 104.183922 -23.280985
v 49.384855 126.148531 -46.363509
v 49.325267 125.728481 -46.800442
v 49.783040 125.689216 -46.400686
v 49.325267 125.728481 -46.800442
v 49.384855 126.148531 -46.363509
v 28.221537 104.183922 -23.280985
v 27.687468 104.229731 -23.747367
v 49.842629 126.109266 -45.963753
v 49.384855 126.148531 -46.363509
v 49.783040 125.689216 -46.400686
v 49.384855 126.148531 -46.363509
v 49.842629 126.109266 -45.963753
v 6.209468 71.083845 -4.377414
v 4.446471 73.477263 -3.702860
v 35.001608 97.121900 -12.216141
v 35.618657 96.284203 -12.452235
v 6.209468 72.228722 -1.552367
v 4.446471 73.477263 -3.702860
v 6.209468 71.083845 -4.377414
v 4.446471 73.477263 -3.702860
v 4.446471 74.622140 -0.877813
v 35.001608 97.522607 -11.227374
v 35.001608 97.121900 -12.216141
v 6.209468 72.228722 -1.552367
v 4.446471 74.622140 -0.877813
v 4.446471 73.477263 -3.702860
v 4.446471 74.622140 -0.877813
v 6.209468 73.373599 1.272680
v 35.618657 97.085617 -10.474702
v 35.001608 97.522607 -11.227374
v 6.209468 72.228722 -1.552367
v 6.209468 73.373599 1.272680
v 4.446471 74.622140 -0.877813
v 6.209468 73.373599 1.272680
v 7.972465 70.980181 0.598126
v 36.235706 96.247921 -10.710796
v 35.618657 97.085617 -10.474702
v 6.209468 72.228722 -1.552367
v 7.972465 70.980181 0.598126
v 6.209468 73.373599 1.272680
v 7.972465 70.980181 0.598126
v 7.972465 69.835304 -2.226921
v 36.235706 95.847214 -11.699562
v 36.235706 96.247921 -10.710796
v 6.209468 72.228722 -1.552367
v 7.972465 69.835304 -2.226921
v 7.972465 70.980181 0.598126
v 7.972465 69.835304 -2.226921
v 6.209468 71.083845 -4.377414
v 35.618657 96.284203 -12.452235
v 36.235706 95.847214 -11.699562
v 6.209468 72.228722 -1.552367
v 6.209468 71.083845 -4.377414
v 7.972465 69.835304 -2.226921
v 35.539866 96.322238 -12.463712
v 35.013365 97.203350 -12.172740
v 68.514889 119.175781 -21.721911
v 68.063603 119.931020 -21.472508
v 67.996067 119.620159 -22.329859
v 68.063603 119.931020 -21.472508
v 68.514889 119.175781 -21.721911
v 35.013365 97.203350 -12.172740
v 35.092157 97.566022 -11.172497
v 68.447353 118.864920 -22.579263
v 68.514889 119.175781 -21.721911
v 67.996067 119.620159 -22.329859
v 68.514889 119.175781 -21.721911
v 68.447353 118.864920 -22.579263
v 35.092157 97.566022 -11.172497
v 35.697448 97.047582 -10.463225
v 67.928532 119.309297 -23.187210
v 68.447353 118.864920 -22.579263
v 67.996067 119.620159 -22.329859
v 68.447353 118.864920 -22.579263
v 67.928532 119.309297 -23.187210
v 35.697448 97.047582 -10.463225
v 36.223949 96.166470 -10.754196
v 67.477246 120.064536 -22.937806
v 67.928532 119.309297 -23.187210
v 67.996067 119.620159 -22.329859
v 67.928532 119.309297 -23.187210
v 67.477246 120.064536 -22.937806
v 36.223949 96.166470 -10.754196
v 36.145157 95.803798 -11.754439
v 67.544781 120.375398 -22.080455
v 67.477246 120.064536 -22.937806
v 67.996067 119.620159 -22.329859
v 67.477246 120.064536 -22.937806
v 67.544781 120.375398 -22.080455
v 36.145157 95.803798 -11.754439
v 35.539866 96.322238 -12.463712
v 68.063603 119.931020 -21.472508
v 67.544781 120.375398 -22.080455
v 67.996067 119.620159 -22.329859
v 67.544781 120.375398 -22.080455
v 68.063603 119.931020 -21.472508
v 9.574956 91.909880 -4.189023
v 7.783260 91.871606 -1.968041
v 27.093592 102.468411 12.600703
v 27.720686 102.481807 11.823360
v 9.574956 89.691467 -2.393739
v 7.783260 91.871606 -1.968041
v 9.574956 91.909880 -4.189023
v 7.783260 91.871606 -1.968041
v 7.783260 89.653192 -0.172757
v 27.093592 101.691966 13.229053
v 27.093592 102.468411 12.600703
v 9.574956 89.691467 -2.393739
v 7.783260 89.653192 -0.172757
v 7.783260 91.871606 -1.968041
v 7.783260 89.653192 -0.172757
v 9.574956 87.473053 -0.598456
v 27.720686 100.928918 13.080058
v 27.093592 101.691966 13.229053
v 9.574956 89.691467 -2.393739
v 9.574956 87.473053 -0.598456
v 7.783260 89.653192 -0.172757
v 9.574956 87.473053 -0.598456
v 11.366653 87.511328 -2.819437
v 28.347780 100.942314 12.302715
v 27.720686 100.928918 13.080058
v 9.574956 89.691467 -2.393739
v 11.366653 87.511328 -2.819437
v 9.574956 87.473053 -0.598456
v 11.366653 87.511328 -2.819437
v 11.366653 89.729741 -4.614721
v 28.347780 101.718759 11.674366
v 28.347780 100.942314 12.302715
v 9.574956 89.691467 -2.393739
v 11.366653 89.729741 -4.614721
v 11.366653 87.511328 -2.819437
v 11.366653 89.729741 -4.614721
v 9.574956 91.909880 -4.189023
v 27.720686 102.481807 11.823360
v 28.347780 101.718759 11.674366
v 9.574956 89.691467 -2.393739
v 9.574956 91.909880 -4.189023
v 11.366653 89.729741 -4.614721
v 27.641818 102.624686 12.069201
v 27.114803 102.374150 12.879865
v 48.695802 109.495579 27.967809
v 48.244075 109.280834 28.662664
v 48.176473 110.068825 28.334800
v 48.244075 109.280834 28.662664
v 48.695802 109.495579 27.967809
v 27.114803 102.374150 12.879865
v 27.193671 101.454827 13.262373
v 48.628200 110.283570 27.639945
v 48.695802 109.495579 27.967809
v 48.176473 110.068825 28.334800
v 48.695802 109.495579 27.967809
v 48.628200 110.283570 27.639945
v 27.193671 101.454827 13.262373
v 27.799555 100.786039 12.834217
v 48.108872 110.856817 28.006935
v 48.628200 110.283570 27.639945
v 48.176473 110.068825 28.334800
v 48.628200 110.283570 27.639945
v 48.108872 110.856817 28.006935
v 27.799555 100.786039 12.834217
v 28.326570 101.036575 12.023553
v 47.657145 110.642072 28.701790
v 48.108872 110.856817 28.006935
v 48.176473 110.068825 28.334800
v 48.108872 110.856817 28.006935
v 47.657145 110.642072 28.701790
v 28.326570 101.036575 12.023553
v 28.247701 101.955898 11.641045
v 47.724746 109.854080 29.029655
v 47.657145 110.642072 28.701790
v 48.176473 110.068825 28.334800
v 47.657145 110.642072 28.701790
v 47.724746 109.854080 29.029655
v 28.247701 101.955898 11.641045
v 27.641818 102.624686 12.069201
v 48.244075 109.280834 28.662664
v 47.724746 109.854080 29.029655
v 48.176473 110.068825 28.334800
v 47.724746 109.854080 29.029655
v 48.244075 109.280834 28.662664
v 44.005309 105.174918 30.466679
v 56.580121 108.458042 42.459767
v 62.609673 110.986583 30.466679
v 62.609673 110.986583 30.466679
v 56.580121 108.458042 42.459767
v 65.691413 123.333440 51.149560
v 71.981629 123.333440 30.466679
v 71.981629 123.333440 30.466679
v 65.691413 123.333440 51.149560
v 60.516806 135.441243 46.214337
v 63.608247 135.778370 30.466679
v 44.005309 141.491962 30.466679
v 63.608247 135.778370 30.466679
v 60.516806 135.441243 46.214337
v 44.005309 105.174918 30.466679
v 44.005309 109.452694 49.503857
v 56.580121 108.458042 42.459767
v 56.580121 108.458042 42.459767
v 44.005309 109.452694 49.503857
v 44.005309 123.333440 56.585453
v 65.691413 123.333440 51.149560
v 65.691413 123.333440 51.149560
v 44.005309 123.333440 56.585453
v 44.005309 137.312022 49.824683
v 60.516806 135.441243 46.214337
v 44.005309 141.491962 30.466679
v 60.516806 135.441243 46.214337
v 44.005309 137.312022 49.824683
v 44.005309 105.174918 30.466679
v 29.643082 110.303498 44.164493
v 44.005309 109.452694 49.503857
v 44.005309 109.452694 49.503857
v 29.643082 110.303498 44.164493
v 25.560841 123.333440 48.057886
v 44.005309 123.333440 56.585453
v 44.005309 123.333440 56.585453
v 25.560841 123.333440 48.057886
v 30.921087 137.410674 42.945611
v 44.005309 137.312022 49.824683
v 44.005309 141.491962 30.466679
v 44.005309 137.312022 49.824683
v 30.921087 137.410674 42.945611
v 44.005309 105.174918 30.466679
v 26.424825 110.804784 30.466679
v 29.643082 110.303498 44.164493
v 29.643082 110.303498 44.164493
v 26.424825 110.804784 30.466679
v 18.296727 123.333440 30.466679
v 25.560841 123.333440 48.057886
v 25.560841 123.333440 48.057886
v 18.296727 123.333440 30.466679
v 20.825695 134.919072 30.466679
v 30.921087 137.410674 42.945611
v 44.005309 141.491962 30.466679
v 30.921087 137.410674 42.945611
v 20.825695 134.919072 30.466679
v 44.005309 105.174918 30.466679
v 29.041722 110.216357 16.195323
v 26.424825 110.804784 30.466679
v 26.424825 110.804784 30.466679
v 29.041722 110.216357 16.195323
v 21.266828 123.333440 8.780105
v 18.296727 123.333440 30.466679
v 18.296727 123.333440 30.466679
v 21.266828 123.333440 8.780105
v 29.886613 137.432315 17.001129
v 20.825695 134.919072 30.466679
v 44.005309 141.491962 30.466679
v 20.825695 134.919072 30.466679
v 29.886613 137.432315 17.001129
v 44.005309 105.174918 30.466679
v 44.005309 111.180943 9.056393
v 29.041722 110.216357 16.195323
v 29.041722 110.216357 16.195323
v 44.005309 111.180943 9.056393
v 44.005309 123.333440 3.626659
v 21.266828 123.333440 8.780105
v 21.266828 123.333440 8.780105
v 44.005309 123.333440 3.626659
v 44.005309 137.869300 9.030816
v 29.886613 137.432315 17.001129
v 44.005309 141.491962 30.466679
v 29.886613 137.432315 17.001129
v 44.005309 137.869300 9.030816
v 44.005309 105.174918 30.466679
v 56.447129 111.333771 18.600431
v 44.005309 111.180943 9.056393
v 44.005309 111.180943 9.056393
v 56.447129 111.333771 18.600431
v 65.603986 123.333440 9.867180
v 44.005309 123.333440 3.626659
v 44.005309 123.333440 3.626659
v 65.603986 123.333440 9.867180
v 58.218931 134.490902 16.910594
v 44.005309 137.869300 9.030816
v 44.005309 141.491962 30.466679
v 44.005309 137.869300 9.030816
v 58.218931 134.490902 16.910594
v 44.005309 105.174918 30.466679
v 62.609673 110.986583 30.466679
v 56.447129 111.333771 18.600431
v 56.447129 111.333771 18.600431
v 62.609673 110.986583 30.466679
v 71.981629 123.333440 30.466679
v 65.603986 123.333440 9.867180
v 65.603986 123.333440 9.867180
v 71.981629 123.333440 30.466679
v 63.608247 135.778370 30.466679
v 58.218931 134.490902 16.910594
v 44.005309 141.491962 30.466679
v 58.218931 134.490902 16.910594
v 63.608247 135.778370 30.466679
v 62.139703 93.790736 -22.746795
v 76.508873 98.435311 -10.177106
v 85.373126 98.823989 -22.746795
v 85.373126 98.823989 -22.746795
v 76.508873 98.435311 -10.177106
v 84.770729 112.951068 -2.949900
v 90.737585 112.951068 -22.746795
v 90.737585 112.951068 -22.746795
v 84.770729 112.951068 -2.949900
v 77.979622 126.940476 -8.890543
v 81.311510 127.972881 -22.746795
v 62.139703 132.111400 -22.746795
v 81.311510 127.972881 -22.746795
v 77.979622 126.940476 -8.890543
v 62.139703 93.790736 -22.746795
v 62.139703 99.212854 -4.647497
v 76.508873 98.435311 -10.177106
v 76.508873 98.435311 -10.177106
v 62.139703 99.212854 -4.647497
v 62.139703 112.951068 7.015046
v 84.770729 112.951068 -2.949900
v 84.770729 112.951068 -2.949900
v 62.139703 112.951068 7.015046
v 62.139703 128.051904 -5.048724
v 77.979622 126.940476 -8.890543
v 62.139703 132.111400 -22.746795
v 77.979622 126.940476 -8.890543
v 62.139703 128.051904 -5.048724
v 62.139703 93.790736 -22.746795
v 48.427902 97.627438 -10.752151
v 62.139703 99.212854 -4.647497
v 62.139703 99.212854 -4.647497
v 48.427902 97.627438 -10.752151
v 39.349541 112.951068 -2.810692
v 62.139703 112.951068 7.015046
v 62.139703 112.951068 7.015046
v 39.349541 112.951068 -2.810692
v 46.491194 128.436896 -9.057982
v 62.139703 128.051904 -5.048724
v 62.139703 132.111400 -22.746795
v 62.139703 128.051904 -5.048724
v 46.491194 128.436896 -9.057982
v 62.139703 93.790736 -22.746795
v 36.960802 99.742112 -22.746795
v 48.427902 97.627438 -10.752151
v 48.427902 97.627438 -10.752151
v 36.960802 99.742112 -22.746795
v 35.961693 112.951068 -22.746795
v 39.349541 112.951068 -2.810692
v 39.349541 112.951068 -2.810692
v 35.961693 112.951068 -22.746795
v 37.460213 128.393476 -22.746795
v 46.491194 128.436896 -9.057982
v 62.139703 132.111400 -22.746795
v 46.491194 128.436896 -9.057982
v 37.460213 128.393476 -22.746795
v 62.139703 93.790736 -22.746795
v 49.016983 98.137860 -34.226130
v 36.960802 99.742112 -22.746795
v 36.960802 99.742112 -22.746795
v 49.016983 98.137860 -34.226130
v 39.520156 112.951068 -42.533649
v 35.961693 112.951068 -22.746795
v 35.961693 112.951068 -22.746795
v 39.520156 112.951068 -42.533649
v 44.227346 125.586155 -38.415950
v 37.460213 128.393476 -22.746795
v 62.139703 132.111400 -22.746795
v 37.460213 128.393476 -22.746795
v 44.227346 125.586155 -38.415950
v 62.139703 93.790736 -22.746795
v 62.139703 97.688429 -41.278867
v 49.016983 98.137860 -34.226130
v 49.016983 98.137860 -34.226130
v 62.139703 97.688429 -41.278867
v 62.139703 112.951068 -49.127620
v 39.520156 112.951068 -42.533649
v 39.520156 112.951068 -42.533649
v 62.139703 112.951068 -49.127620
v 62.139703 126.415285 -43.748773
v 44.227346 125.586155 -38.415950
v 62.139703 132.111400 -22.746795
v 44.227346 125.586155 -38.415950
v 62.139703 126.415285 -43.748773
v 62.139703 93.790736 -22.746795
v 78.789515 101.280479 -37.311516
v 62.139703 97.688429 -41.278867
v 62.139703 97.688429 -41.278867
v 78.789515 101.280479 -37.311516
v 81.844901 112.951068 -39.984269
v 62.139703 112.951068 -49.127620
v 62.139703 112.951068 -49.127620
v 81.844901 112.951068 -39.984269
v 77.510840 124.603998 -36.192972
v 62.139703 126.415285 -43.748773
v 62.139703 132.111400 -22.746795
v 62.139703 126.415285 -43.748773
v 77.510840 124.603998 -36.192972
v 62.139703 93.790736 -22.746795
v 85.373126 98.823989 -22.746795
v 78.789515 101.280479 -37.311516
v 78.789515 101.280479 -37.311516
v 85.373126 98.823989 -22.746795
v 90.737585 112.951068 -22.746795
v 81.844901 112.951068 -39.984269
v 81.844901 112.951068 -39.984269
v 90.737585 112.951068 -22.746795
v 81.311510 127.972881 -22.746795
v 77.510840 124.603998 -36.192972
v 62.139703 132.111400 -22.746795
v 77.510840 124.603998 -36.192972
v 81.311510 127.972881 -22.746795
v 82.057765 96.479932 -0.573925
v 92.020705 100.975416 7.914457
v 98.425601 99.062594 -0.573925
v 98.425601 99.062594 -0.573925
v 92.020705 100.975416 7.914457
v 97.459520 109.107589 12.548304
v 100.486603 109.107589 -0.573925
v 100.486603 109.107589 -0.573925
v 97.459520 109.107589 12.548304
v 92.712146 116.789103 8.503562
v 95.424400 116.942173 -0.573925
v 82.057765 121.735246 -0.573925
v 95.424400 116.942173 -0.573925
v 92.712146 116.789103 8.503562
v 82.057765 96.479932 -0.573925
v 82.057765 101.269059 11.953574
v 92.020705 100.975416 7.914457
v 92.020705 100.975416 7.914457
v 82.057765 101.269059 11.953574
v 82.057765 109.107589 18.462584
v 97.459520 109.107589 12.548304
v 97.459520 109.107589 12.548304
v 82.057765 109.107589 18.462584
v 82.057765 117.849729 12.892626
v 92.712146 116.789103 8.503562
v 82.057765 121.735246 -0.573925
v 92.712146 116.789103 8.503562
v 82.057765 117.849729 12.892626
v 82.057765 96.479932 -0.573925
v 73.296968 101.380602 6.890237
v 82.057765 101.269059 11.953574
v 82.057765 101.269059 11.953574
v 73.296968 101.380602 6.890237
v 67.307560 109.107589 11.993186
v 82.057765 109.107589 18.462584
v 82.057765 109.107589 18.462584
v 67.307560 109.107589 11.993186
v 71.733258 117.990550 8.222510
v 82.057765 117.849729 12.892626
v 82.057765 121.735246 -0.573925
v 82.057765 117.849729 12.892626
v 71.733258 117.990550 8.222510
v 82.057765 96.479932 -0.573925
v 68.364146 100.937872 -0.573925
v 73.296968 101.380602 6.890237
v 73.296968 101.380602 6.890237
v 68.364146 100.937872 -0.573925
v 59.016891 109.107589 -0.573925
v 67.307560 109.107589 11.993186
v 67.307560 109.107589 11.993186
v 59.016891 109.107589 -0.573925
v 67.467259 118.860873 -0.573925
v 71.733258 117.990550 8.222510
v 82.057765 121.735246 -0.573925
v 71.733258 117.990550 8.222510
v 67.467259 118.860873 -0.573925
v 82.057765 96.479932 -0.573925
v 73.069809 99.836591 -8.231625
v 68.364146 100.937872 -0.573925
v 68.364146 100.937872 -0.573925
v 73.069809 99.836591 -8.231625
v 65.501001 109.107589 -14.680217
v 59.016891 109.107589 -0.573925
v 59.016891 109.107589 -0.573925
v 65.501001 109.107589 -14.680217
v 73.139049 117.064960 -8.172633
v 67.467259 118.860873 -0.573925
v 82.057765 121.735246 -0.573925
v 67.467259 118.860873 -0.573925
v 73.139049 117.064960 -8.172633
v 82.057765 96.479932 -0.573925
v 82.057765 101.279334 -12.887962
v 73.069809 99.836591 -8.231625
v 73.069809 99.836591 -8.231625
v 82.057765 101.279334 -12.887962
v 82.057765 109.107589 -16.838435
v 65.501001 109.107589 -14.680217
v 65.501001 109.107589 -14.680217
v 82.057765 109.107589 -16.838435
v 82.057765 117.506665 -14.634411
v 73.139049 117.064960 -8.172633
v 82.057765 121.735246 -0.573925
v 73.139049 117.064960 -8.172633
v 82.057765 117.506665 -14.634411
v 82.057765 96.479932 -0.573925
v 91.879958 101.256107 -8.942391
v 82.057765 101.279334 -12.887962
v 82.057765 101.279334 -12.887962
v 91.879958 101.256107 -8.942391
v 98.587968 109.107589 -14.657586
v 82.057765 109.107589 -16.838435
v 82.057765 109.107589 -16.838435
v 98.587968 109.107589 -14.657586
v 91.215311 117.663621 -8.376115
v 82.057765 117.506665 -14.634411
v 82.057765 121.735246 -0.573925
v 82.057765 117.506665 -14.634411
v 91.215311 117.663621 -8.376115
v 82.057765 96.479932 -0.573925
v 98.425601 99.062594 -0.573925
v 91.879958 101.256107 -8.942391
v 91.879958 101.256107 -8.942391
v 98.425601 99.062594 -0.573925
v 100.486603 109.107589 -0.573925
v 98.587968 109.107589 -14.657586
v 98.587968 109.107589 -14.657586
v 100.486603 109.107589 -0.573925
v 95.424400 116.942173 -0.573925
v 91.215311 117.663621 -8.376115
v 82.057765 121.735246 -0.573925
v 91.215311 117.663621 -8.376115
v 95.424400 116.942173 -0.573925
v 63.264831 90.762677 -43.120761
v 73.430913 94.900531 -33.134295
v 82.508941 96.106459 -43.120761
v 82.508941 96.106459 -43.120761
v 73.430913 94.900531 -33.134295
v 82.009459 105.663320 -24.707315
v 90.856304 105.663320 -43.120761
v 90.856304 105.663320 -43.120761
v 82.009459 105.663320 -24.707315
v 73.437466 117.109649 -33.127858
v 78.443557 114.585407 -43.120761
v 63.264831 120.563964 -43.120761
v 78.443557 114.585407 -43.120761
v 73.437466 117.109649 -33.127858
v 63.264831 90.762677 -43.120761
v 63.264831 94.735010 -28.143110
v 73.430913 94.900531 -33.134295
v 73.430913 94.900531 -33.134295
v 63.264831 94.735010 -28.143110
v 63.264831 105.663320 -22.136977
v 82.009459 105.663320 -24.707315
v 82.009459 105.663320 -24.707315
v 63.264831 105.663320 -22.136977
v 63.264831 116.786753 -24.088206
v 73.437466 117.109649 -33.127858
v 63.264831 120.563964 -43.120761
v 73.437466 117.109649 -33.127858
v 63.264831 116.786753 -24.088206
v 63.264831 90.762677 -43.120761
v 50.087636 93.686535 -30.176382
v 63.264831 94.735010 -28.143110
v 63.264831 94.735010 -28.143110
v 50.087636 93.686535 -30.176382
v 45.286132 105.663320 -25.459711
v 63.264831 105.663320 -22.136977
v 63.264831 105.663320 -22.136977
v 45.286132 105.663320 -25.459711
v 52.339243 114.701237 -32.388207
v 63.264831 116.786753 -24.088206
v 63.264831 120.563964 -43.120761
v 63.264831 116.786753 -24.088206
v 52.339243 114.701237 -32.388207
v 63.264831 90.762677 -43.120761
v 44.412313 94.809267 -43.120761
v 50.087636 93.686535 -30.176382
v 50.087636 93.686535 -30.176382
v 44.412313 94.809267 -43.120761
v 41.889330 105.663320 -43.120761
v 45.286132 105.663320 -25.459711
v 45.286132 105.663320 -25.459711
v 41.889330 105.663320 -43.120761
v 44.311282 116.876136 -43.120761
v 52.339243 114.701237 -32.388207
v 63.264831 120.563964 -43.120761
v 52.339243 114.701237 -32.388207
v 44.311282 116.876136 -43.120761
v 63.264831 90.762677 -43.120761
v 49.718412 95.230250 -56.427841
v 44.412313 94.809267 -43.120761
v 44.412313 94.809267 -43.120761
v 49.718412 95.230250 -56.427841
v 44.823529 105.663320 -61.236241
v 41.889330 105.663320 -43.120761
v 41.889330 105.663320 -43.120761
v 44.823529 105.663320 -61.236241
v 49.348805 116.977039 -56.790918
v 44.311282 116.876136 -43.120761
v 63.264831 120.563964 -43.120761
v 44.311282 116.876136 -43.120761
v 49.348805 116.977039 -56.790918
v 63.264831 90.762677 -43.120761
v 63.264831 94.536794 -61.563024
v 49.718412 95.230250 -56.427841
v 49.718412 95.230250 -56.427841
v 63.264831 94.536794 -61.563024
v 63.264831 105.663320 -67.549272
v 44.823529 105.663320 -61.236241
v 44.823529 105.663320 -61.236241
v 63.264831 105.663320 -67.549272
v 63.264831 116.456043 -59.923400
v 49.348805 116.977039 -56.790918
v 63.264831 120.563964 -43.120761
v 49.348805 116.977039 -56.790918
v 63.264831 116.456043 -59.923400
v 63.264831 90.762677 -43.120761
v 76.140392 94.040783 -55.768835
v 63.264831 94.536794 -61.563024
v 63.264831 94.536794 -61.563024
v 76.140392 94.040783 -55.768835
v 78.466823 105.663320 -58.054163
v 63.264831 105.663320 -67.549272
v 63.264831 105.663320 -67.549272
v 78.466823 105.663320 -58.054163
v 73.640986 115.693764 -53.313589
v 63.264831 116.456043 -59.923400
v 63.264831 120.563964 -43.120761
v 63.264831 116.456043 -59.923400
v 73.640986 115.693764 -53.313589
v 63.264831 90.762677 -43.120761
v 82.508941 96.106459 -43.120761
v 76.140392 94.040783 -55.768835
v 76.140392 94.040783 -55.768835
v 82.508941 96.106459 -43.120761
v 90.856304 105.663320 -43.120761
v 78.466823 105.663320 -58.054163
v 78.466823 105.663320 -58.054163
v 90.856304 105.663320 -43.120761
v 78.443557 114.585407 -43.120761
v 73.640986 115.693764 -53.313589
v 63.264831 120.563964 -43.120761
v 73.640986 115.693764 -53.313589
v 78.443557 114.585407 -43.120761
v 57.518048 84.870410 19.250119
v 70.429872 88.114580 30.267009
v 78.164079 90.047614 19.250119
v 78.164079 90.047614 19.250119
v 70.429872 88.114580 30.267009
v 75.793772 100.965464 34.843705
v 84.291100 100.965464 19.250119
v 84.291100 100.965464 19.250119
v 75.793772 100.965464 34.843705
v 71.056248 111.669807 30.801458
v 77.739659 113.675738 19.250119
v 57.518048 117.060518 19.250119
v 77.739659 113.675738 19.250119
v 71.056248 111.669807 30.801458
v 57.518048 84.870410 19.250119
v 57.518048 89.541106 35.258068
v 70.429872 88.114580 30.267009
v 70.429872 88.114580 30.267009
v 57.518048 89.541106 35.258068
v 57.518048 100.965464 38.266520
v 75.793772 100.965464 34.843705
v 75.793772 100.965464 34.843705
v 57.518048 100.965464 38.266520
v 57.518048 111.579573 32.768349
v 71.056248 111.669807 30.801458
v 57.518048 117.060518 19.250119
v 71.056248 111.669807 30.801458
v 57.518048 111.579573 32.768349
v 57.518048 84.870410 19.250119
v 45.470971 90.250913 29.529171
v 57.518048 89.541106 35.258068
v 57.518048 89.541106 35.258068
v 45.470971 90.250913 29.529171
v 38.961198 100.965464 35.083572
v 57.518048 100.965464 38.266520
v 57.518048 100.965464 38.266520
v 38.961198 100.965464 35.083572
v 45.208338 111.373362 29.753261
v 57.518048 111.579573 32.768349
v 57.518048 117.060518 19.250119
v 57.518048 111.579573 32.768349
v 45.208338 111.373362 29.753261
v 57.518048 84.870410 19.250119
v 40.660881 90.895500 19.250119
v 45.470971 90.250913 29.529171
v 45.470971 90.250913 29.529171
v 40.660881 90.895500 19.250119
v 32.379456 100.965464 19.250119
v 38.961198 100.965464 35.083572
v 38.961198 100.965464 35.083572
v 32.379456 100.965464 19.250119
v 37.910599 113.991183 19.250119
v 45.208338 111.373362 29.753261
v 57.518048 117.060518 19.250119
v 45.208338 111.373362 29.753261
v 37.910599 113.991183 19.250119
v 57.518048 84.870410 19.250119
v 43.705759 90.147834 7.464917
v 40.660881 90.895500 19.250119
v 40.660881 90.895500 19.250119
v 43.705759 90.147834 7.464917
v 36.365519 100.965464 1.201928
v 32.379456 100.965464 19.250119
v 32.379456 100.965464 19.250119
v 36.365519 100.965464 1.201928
v 46.569110 112.023853 9.908043
v 37.910599 113.991183 19.250119
v 57.518048 117.060518 19.250119
v 37.910599 113.991183 19.250119
v 46.569110 112.023853 9.908043
v 57.518048 84.870410 19.250119
v 57.518048 89.509946 4.439457
v 43.705759 90.147834 7.464917
v 43.705759 90.147834 7.464917
v 57.518048 89.509946 4.439457
v 57.518048 100.965464 -4.690403
v 36.365519 100.965464 1.201928
v 36.365519 100.965464 1.201928
v 57.518048 100.965464 -4.690403
v 57.518048 111.726002 5.323611
v 46.569110 112.023853 9.908043
v 57.518048 117.060518 19.250119
v 46.569110 112.023853 9.908043
v 57.518048 111.726002 5.323611
v 57.518048 84.870410 19.250119
v 69.389723 89.714176 9.120727
v 57.518048 89.509946 4.439457
v 57.518048 89.509946 4.439457
v 69.389723 89.714176 9.120727
v 74.847143 100.965464 4.464236
v 57.518048 100.965464 -4.690403
v 57.518048 100.965464 -4.690403
v 74.847143 100.965464 4.464236
v 68.861393 113.698094 9.571520
v 57.518048 111.726002 5.323611
v 57.518048 117.060518 19.250119
v 57.518048 111.726002 5.323611
v 68.861393 113.698094 9.571520
v 57.518048 84.870410 19.250119
v 78.164079 90.047614 19.250119
v 69.389723 89.714176 9.120727
v 69.389723 89.714176 9.120727
v 78.164079 90.047614 19.250119
v 84.291100 100.965464 19.250119
v 74.847143 100.965464 4.464236
v 74.847143 100.965464 4.464236
v 84.291100 100.965464 19.250119
v 77.739659 113.675738 19.250119
v 68.861393 113.698094 9.571520
v 57.518048 117.060518 19.250119
v 68.861393 113.698094 9.571520
v 77.739659 113.675738 19.250119
v 63.801084 105.898308 -5.244844
v 74.882539 109.516271 5.327667
v 81.397036 110.754828 -5.244844
v 81.397036 110.754828 -5.244844
v 74.882539 109.516271 5.327667
v 79.083306 119.690798 9.335502
v 87.623005 119.690798 -5.244844
v 87.623005 119.690798 -5.244844
v 79.083306 119.690798 9.335502
v 75.183166 129.432152 5.614487
v 80.024441 129.803471 -5.244844
v 63.801084 133.483288 -5.244844
v 80.024441 129.803471 -5.244844
v 75.183166 129.432152 5.614487
v 63.801084 105.898308 -5.244844
v 63.801084 110.398644 7.935286
v 74.882539 109.516271 5.327667
v 74.882539 109.516271 5.327667
v 63.801084 110.398644 7.935286
v 63.801084 119.690798 15.812308
v 79.083306 119.690798 9.335502
v 79.083306 119.690798 9.335502
v 63.801084 119.690798 15.812308
v 63.801084 129.272468 11.209613
v 75.183166 129.432152 5.614487
v 63.801084 133.483288 -5.244844
v 75.183166 129.432152 5.614487
v 63.801084 129.272468 11.209613
v 63.801084 105.898308 -5.244844
v 51.070907 109.641152 6.900667
v 63.801084 110.398644 7.935286
v 63.801084 110.398644 7.935286
v 51.070907 109.641152 6.900667
v 48.003978 119.690798 9.826739
v 63.801084 119.690798 15.812308
v 63.801084 119.690798 15.812308
v 48.003978 119.690798 9.826739
v 54.162489 129.279860 3.951074
v 63.801084 129.272468 11.209613
v 63.801084 133.483288 -5.244844
v 63.801084 129.272468 11.209613
v 54.162489 129.279860 3.951074
v 63.801084 105.898308 -5.244844
v 49.403944 108.943229 -5.244844
v 51.070907 109.641152 6.900667
v 51.070907 109.641152 6.900667
v 49.403944 108.943229 -5.244844
v 41.901417 119.690798 -5.244844
v 48.003978 119.690798 9.826739
v 48.003978 119.690798 9.826739
v 41.901417 119.690798 -5.244844
v 49.334232 130.540353 -5.244844
v 54.162489 129.279860 3.951074
v 63.801084 133.483288 -5.244844
v 54.162489 129.279860 3.951074
v 49.334232 130.540353 -5.244844
v 63.801084 105.898308 -5.244844
v 52.801590 109.029731 -15.739158
v 49.403944 108.943229 -5.244844
v 49.403944 108.943229 -5.244844
v 52.801590 109.029731 -15.739158
v 45.830252 119.690798 -22.390318
v 41.901417 119.690798 -5.244844
v 41.901417 119.690798 -5.244844
v 45.830252 119.690798 -22.390318
v 52.968759 127.948503 -15.579666
v 49.334232 130.540353 -5.244844
v 63.801084 133.483288 -5.244844
v 49.334232 130.540353 -5.244844
v 52.968759 127.948503 -15.579666
v 63.801084 105.898308 -5.244844
v 63.801084 108.628047 -22.626332
v 52.801590 109.029731 -15.739158
v 52.801590 109.029731 -15.739158
v 63.801084 108.628047 -22.626332
v 63.801084 119.690798 -23.684535
v 45.830252 119.690798 -22.390318
v 45.830252 119.690798 -22.390318
v 63.801084 119.690798 -23.684535
v 63.801084 130.410176 -21.341829
v 52.968759 127.948503 -15.579666
v 63.801084 133.483288 -5.244844
v 52.968759 127.948503 -15.579666
v 63.801084 130.410176 -21.341829
v 63.801084 105.898308 -5.244844
v 75.348714 110.288569 -16.262118
v 63.801084 108.628047 -22.626332
v 63.801084 108.628047 -22.626332
v 75.348714 110.288569 -16.262118
v 80.668973 119.690798 -21.338030
v 63.801084 119.690798 -23.684535
v 63.801084 119.690798 -23.684535
v 80.668973 119.690798 -21.338030
v 75.854289 130.740633 -16.744473
v 63.801084 130.410176 -21.341829
v 63.801084 133.483288 -5.244844
v 63.801084 130.410176 -21.341829
v 75.854289 130.740633 -16.744473
v 63.801084 105.898308 -5.244844
v 81.397036 110.754828 -5.244844
v 75.348714 110.288569 -16.262118
v 75.348714 110.288569 -16.262118
v 81.397036 110.754828 -5.244844
v 87.623005 119.690798 -5.244844
v 80.668973 119.690798 -21.338030
v 80.668973 119.690798 -21.338030
v 87.623005 119.690798 -5.244844
v 80.024441 129.803471 -5.244844
v 75.854289 130.740633 -16.744473
v 63.801084 133.483288 -5.244844
v 75.854289 130.740633 -16.744473
v 80.024441 129.803471 -5.244844
v 49.783040 109.997068 -46.400686
v 64.850141 115.491412 -34.022115
v 73.961981 113.784750 -46.400686
v 73.961981 113.784750 -46.400686
v 64.850141 115.491412 -34.022115
v 70.351510 128.458419 -29.502394
v 80.658420 128.458419 -46.400686
v 80.658420 128.458419 -46.400686
v 70.351510 128.458419 -29.502394
v 66.023395 143.018520 -33.058213
v 72.302254 141.901333 -46.400686
v 49.783040 146.919770 -46.400686
v 72.302254 141.901333 -46.400686
v 66.023395 143.018520 -33.058213
v 49.783040 109.997068 -46.400686
v 49.783040 115.736864 -30.368572
v 64.850141 115.491412 -34.022115
v 64.850141 115.491412 -34.022115
v 49.783040 115.736864 -30.368572
v 49.783040 128.458419 -19.712183
v 70.351510 128.458419 -29.502394
v 70.351510 128.458419 -29.502394
v 49.783040 128.458419 -19.712183
v 49.783040 141.004537 -29.847967
v 66.023395 143.018520 -33.058213
v 49.783040 146.919770 -46.400686
v 66.023395 143.018520 -33.058213
v 49.783040 141.004537 -29.847967
v 49.783040 109.997068 -46.400686
v 35.255589 114.817848 -34.465471
v 49.783040 115.736864 -30.368572
v 49.783040 115.736864 -30.368572
v 35.255589 114.817848 -34.465471
v 29.571047 128.458419 -29.795262
v 49.783040 128.458419 -19.712183
v 49.783040 128.458419 -19.712183
v 29.571047 128.458419 -29.795262
v 37.161663 143.221070 -36.031431
v 49.783040 141.004537 -29.847967
v 49.783040 146.919770 -46.400686
v 49.783040 141.004537 -29.847967
v 37.161663 143.221070 -36.031431
v 49.783040 109.997068 -46.400686
v 28.743165 115.593786 -46.400686
v 35.255589 114.817848 -34.465471
v 35.255589 114.817848 -34.465471
v 28.743165 115.593786 -46.400686
v 16.415589 128.458419 -46.400686
v 29.571047 128.458419 -29.795262
v 29.571047 128.458419 -29.795262
v 16.415589 128.458419 -46.400686
v 29.008781 141.645119 -46.400686
v 37.161663 143.221070 -36.031431
v 49.783040 146.919770 -46.400686
v 37.161663 143.221070 -36.031431
v 29.008781 141.645119 -46.400686
v 49.783040 109.997068 -46.400686
v 35.922932 115.864297 -57.787636
v 28.743165 115.593786 -46.400686
v 28.743165 115.593786 -46.400686
v 35.922932 115.864297 -57.787636
v 30.592594 128.458419 -62.166844
v 16.415589 128.458419 -46.400686
v 16.415589 128.458419 -46.400686
v 30.592594 128.458419 -62.166844
v 36.570817 141.489672 -57.255358
v 29.008781 141.645119 -46.400686
v 49.783040 146.919770 -46.400686
v 29.008781 141.645119 -46.400686
v 36.570817 141.489672 -57.255358
v 49.783040 109.997068 -46.400686
v 49.783040 116.228428 -62.212089
v 35.922932 115.864297 -57.787636
v 35.922932 115.864297 -57.787636
v 49.783040 116.228428 -62.212089
v 49.783040 128.458419 -73.836118
v 30.592594 128.458419 -62.166844
v 30.592594 128.458419 -62.166844
v 49.783040 128.458419 -73.836118
v 49.783040 139.974266 -65.042568
v 36.570817 141.489672 -57.255358
v 49.783040 146.919770 -46.400686
v 36.570817 141.489672 -57.255358
v 49.783040 139.974266 -65.042568
v 49.783040 109.997068 -46.400686
v 66.767484 114.182288 -60.354474
v 49.783040 116.228428 -62.212089
v 49.783040 116.228428 -62.212089
v 66.767484 114.182288 -60.354474
v 73.004532 128.458419 -65.478601
v 49.783040 128.458419 -73.836118
v 49.783040 128.458419 -73.836118
v 73.004532 128.458419 -65.478601
v 66.415187 140.585941 -60.065040
v 49.783040 139.974266 -65.042568
v 49.783040 146.919770 -46.400686
v 49.783040 139.974266 -65.042568
v 66.415187 140.585941 -60.065040
v 49.783040 109.997068 -46.400686
v 73.961981 113.784750 -46.400686
v 66.767484 114.182288 -60.354474
v 66.767484 114.182288 -60.354474
v 73.961981 113.784750 -46.400686
v 80.658420 128.458419 -46.400686
v 73.004532 128.458419 -65.478601
v 73.004532 128.458419 -65.478601
v 80.658420 128.458419 -46.400686
v 72.302254 141.901333 -46.400686
v 66.415187 140.585941 -60.065040
v 49.783040 146.919770 -46.400686
v 66.415187 140.585941 -60.065040
v 72.302254 141.901333 -46.400686
v 67.996067 104.394391 -22.329859
v 81.292506 108.701034 -8.848125
v 85.174371 108.166118 -22.329859
v 85.174371 108.166118 -22.329859
v 81.292506 108.701034 -8.848125
v 86.381435 122.307059 -3.688277
v 92.829755 122.307059 -22.329859
v 92.829755 122.307059 -22.329859
v 86.381435 122.307059 -3.688277
v 81.520641 134.027276 -8.616810
v 85.353423 133.185011 -22.329859
v 67.996067 140.219727 -22.329859
v 85.353423 133.185011 -22.329859
v 81.520641 134.027276 -8.616810
v 67.996067 104.394391 -22.329859
v 67.996067 111.312150 -2.934211
v 81.292506 108.701034 -8.848125
v 81.292506 108.701034 -8.848125
v 67.996067 111.312150 -2.934211
v 67.996067 122.307059 3.767910
v 86.381435 122.307059 -3.688277
v 86.381435 122.307059 -3.688277
v 67.996067 122.307059 3.767910
v 67.996067 135.192542 -2.874388
v 81.520641 134.027276 -8.616810
v 67.996067 140.219727 -22.329859
v 81.520641 134.027276 -8.616810
v 67.996067 135.192542 -2.874388
v 67.996067 104.394391 -22.329859
v 53.212673 108.515850 -7.340447
v 67.996067 111.312150 -2.934211
v 67.996067 111.312150 -2.934211
v 53.212673 108.515850 -7.340447
v 47.126159 122.307059 -1.169114
v 67.996067 122.307059 3.767910
v 67.996067 122.307059 3.767910
v 47.126159 122.307059 -1.169114
v 52.390624 136.306599 -6.506942
v 67.996067 135.192542 -2.874388
v 67.996067 140.219727 -22.329859
v 67.996067 135.192542 -2.874388
v 52.390624 136.306599 -6.506942
v 67.996067 104.394391 -22.329859
v 48.035807 110.114002 -22.329859
v 53.212673 108.515850 -7.340447
v 53.212673 108.515850 -7.340447
v 48.035807 110.114002 -22.329859
v 34.869066 122.307059 -22.329859
v 47.126159 122.307059 -1.169114
v 47.126159 122.307059 -1.169114
v 34.869066 122.307059 -22.329859
v 49.186871 135.726250 -22.329859
v 52.390624 136.306599 -6.506942
v 67.996067 140.219727 -22.329859
v 52.390624 136.306599 -6.506942
v 49.186871 135.726250 -22.329859
v 67.996067 104.394391 -22.329859
v 52.568071 108.944898 -37.972855
v 48.035807 110.114002 -22.329859
v 48.035807 110.114002 -22.329859
v 52.568071 108.944898 -37.972855
v 44.407972 122.307059 -46.246672
v 34.869066 122.307059 -22.329859
v 34.869066 122.307059 -22.329859
v 44.407972 122.307059 -46.246672
v 55.349120 133.111697 -35.153051
v 49.186871 135.726250 -22.329859
v 67.996067 140.219727 -22.329859
v 49.186871 135.726250 -22.329859
v 55.349120 133.111697 -35.153051
v 67.996067 104.394391 -22.329859
v 67.996067 108.415254 -41.029907
v 52.568071 108.944898 -37.972855
v 52.568071 108.944898 -37.972855
v 67.996067 108.415254 -41.029907
v 67.996067 122.307059 -55.511309
v 44.407972 122.307059 -46.246672
v 44.407972 122.307059 -46.246672
v 67.996067 122.307059 -55.511309
v 67.996067 135.025667 -41.152629
v 55.349120 133.111697 -35.153051
v 67.996067 140.219727 -22.329859
v 55.349120 133.111697 -35.153051
v 67.996067 135.025667 -41.152629
v 67.996067 104.394391 -22.329859
v 84.473369 107.890258 -39.036784
v 67.996067 108.415254 -41.029907
v 67.996067 108.415254 -41.029907
v 84.473369 107.890258 -39.036784
v 88.796821 122.307059 -43.420486
v 67.996067 122.307059 -55.511309
v 67.996067 122.307059 -55.511309
v 88.796821 122.307059 -43.420486
v 83.487442 133.164681 -38.037117
v 67.996067 135.025667 -41.152629
v 67.996067 140.219727 -22.329859
v 67.996067 135.025667 -41.152629
v 83.487442 133.164681 -38.037117
v 67.996067 104.394391 -22.329859
v 85.174371 108.166118 -22.329859
v 84.473369 107.890258 -39.036784
v 84.473369 107.890258 -39.036784
v 85.174371 108.166118 -22.329859
v 92.829755 122.307059 -22.329859
v 88.796821 122.307059 -43.420486
v 88.796821 122.307059 -43.420486
v 92.829755 122.307059 -22.329859
v 85.353423 133.185011 -22.329859
v 83.487442 133.164681 -38.037117
v 67.996067 140.219727 -22.329859
v 83.487442 133.164681 -38.037117
v 85.353423 133.185011 -22.329859
v 48.176473 94.152386 28.334800
v 63.424534 100.781272 41.777010
v 69.217086 97.722750 28.334800
v 69.217086 97.722750 28.334800
v 63.424534 100.781272 41.777010
v 69.952612 112.877609 47.531957
v 79.501923 112.877609 28.334800
v 79.501923 112.877609 28.334800
v 69.952612 112.877609 47.531957
v 62.741127 124.712475 41.174540
v 70.075931 124.958362 28.334800
v 48.176473 131.602832 28.334800
v 70.075931 124.958362 28.334800
v 62.741127 124.712475 41.174540
v 48.176473 94.152386 28.334800
v 48.176473 99.786402 46.971434
v 63.424534 100.781272 41.777010
v 63.424534 100.781272 41.777010
v 48.176473 99.786402 46.971434
v 48.176473 112.877609 55.726095
v 69.952612 112.877609 47.531957
v 69.952612 112.877609 47.531957
v 48.176473 112.877609 55.726095
v 48.176473 126.306814 44.196425
v 62.741127 124.712475 41.174540
v 48.176473 131.602832 28.334800
v 62.741127 124.712475 41.174540
v 48.176473 126.306814 44.196425
v 48.176473 94.152386 28.334800
v 32.116200 97.639533 42.493030
v 48.176473 99.786402 46.971434
v 48.176473 99.786402 46.971434
v 32.116200 97.639533 42.493030
v 25.571532 112.877609 48.262603
v 48.176473 112.877609 55.726095
v 48.176473 112.877609 55.726095
v 25.571532 112.877609 48.262603
v 31.812226 124.636755 42.761005
v 48.176473 126.306814 44.196425
v 48.176473 131.602832 28.334800
v 48.176473 126.306814 44.196425
v 31.812226 124.636755 42.761005
v 48.176473 94.152386 28.334800
v 27.931011 100.169012 28.334800
v 32.116200 97.639533 42.493030
v 32.116200 97.639533 42.493030
v 27.931011 100.169012 28.334800
v 14.829626 112.877609 28.334800
v 25.571532 112.877609 48.262603
v 25.571532 112.877609 48.262603
v 14.829626 112.877609 28.334800
v 23.944735 126.445399 28.334800
v 31.812226 124.636755 42.761005
v 48.176473 131.602832 28.334800
v 31.812226 124.636755 42.761005
v 23.944735 126.445399 28.334800
v 48.176473 94.152386 28.334800
v 32.080547 100.165580 14.145139
v 27.931011 100.169012 28.334800
v 27.931011 100.169012 28.334800
v 32.080547 100.165580 14.145139
v 26.680833 112.877609 9.384920
v 14.829626 112.877609 28.334800
v 14.829626 112.877609 28.334800
v 26.680833 112.877609 9.384920
v 32.066517 127.682124 14.132770
v 23.944735 126.445399 28.334800
v 48.176473 131.602832 28.334800
v 23.944735 126.445399 28.334800
v 32.066517 127.682124 14.132770
v 48.176473 94.152386 28.334800
v 48.176473 99.046775 12.058950
v 32.080547 100.165580 14.145139
v 32.080547 100.165580 14.145139
v 48.176473 99.046775 12.058950
v 48.176473 112.877609 4.957401
v 26.680833 112.877609 9.384920
v 26.680833 112.877609 9.384920
v 48.176473 112.877609 4.957401
v 48.176473 126.992073 6.779070
v 32.066517 127.682124 14.132770
v 48.176473 131.602832 28.334800
v 32.066517 127.682124 14.132770
v 48.176473 126.992073 6.779070
v 48.176473 94.152386 28.334800
v 65.376071 99.767974 13.172176
v 48.176473 99.046775 12.058950
v 48.176473 99.046775 12.058950
v 65.376071 99.767974 13.172176
v 72.312455 112.877609 7.057279
v 48.176473 112.877609 4.957401
v 48.176473 112.877609 4.957401
v 72.312455 112.877609 7.057279
v 61.760761 124.030439 16.359319
v 48.176473 126.992073 6.779070
v 48.176473 131.602832 28.334800
v 48.176473 126.992073 6.779070
v 61.760761 124.030439 16.359319
v 48.176473 94.152386 28.334800
v 69.217086 97.722750 28.334800
v 65.376071 99.767974 13.172176
v 65.376071 99.767974 13.172176
v 69.217086 97.722750 28.334800
v 79.501923 112.877609 28.334800
v 72.312455 112.877609 7.057279
v 72.312455 112.877609 7.057279
v 79.501923 112.877609 28.334800
v 70.075931 124.958362 28.334800
v 61.760761 124.030439 16.359319
v 48.176473 131.602832 28.334800
v 61.760761 124.030439 16.359319
v 70.075931 124.958362 28.334800
v 17.750400 110.516911 -4.437600
v 30.386323 114.315719 6.431058
v 33.353962 113.768483 -4.437600
v 33.353962 113.768483 -4.437600
v 30.386323 114.315719 6.431058
v 34.790951 124.167604 10.219653
v 43.138545 124.167604 -4.437600
v 43.138545 124.167604 -4.437600
v 34.790951 124.167604 10.219653
v 27.030194 134.900950 3.544318
v 34.414051 134.651469 -4.437600
v 17.750400 137.818297 -4.437600
v 34.414051 134.651469 -4.437600
v 27.030194 134.900950 3.544318
v 17.750400 110.516911 -4.437600
v 17.750400 114.894571 7.642090
v 30.386323 114.315719 6.431058
v 30.386323 114.315719 6.431058
v 17.750400 114.894571 7.642090
v 17.750400 124.167604 14.110708
v 34.790951 124.167604 10.219653
v 34.790951 124.167604 10.219653
v 17.750400 124.167604 14.110708
v 17.750400 134.543389 9.535296
v 27.030194 134.900950 3.544318
v 17.750400 137.818297 -4.437600
v 27.030194 134.900950 3.544318
v 17.750400 134.543389 9.535296
v 17.750400 110.516911 -4.437600
v 5.881223 113.433747 5.771549
v 17.750400 114.894571 7.642090
v 17.750400 114.894571 7.642090
v 5.881223 113.433747 5.771549
v 3.079823 124.167604 8.181144
v 17.750400 124.167604 14.110708
v 17.750400 124.167604 14.110708
v 3.079823 124.167604 8.181144
v 5.191196 134.008180 6.365069
v 17.750400 134.543389 9.535296
v 17.750400 137.818297 -4.437600
v 17.750400 134.543389 9.535296
v 5.191196 134.008180 6.365069
v 17.750400 110.516911 -4.437600
v 2.664047 113.829285 -4.437600
v 5.881223 113.433747 5.771549
v 5.881223 113.433747 5.771549
v 2.664047 113.829285 -4.437600
v -4.124511 124.167604 -4.437600
v 3.079823 124.167604 8.181144
v 3.079823 124.167604 8.181144
v -4.124511 124.167604 -4.437600
v 1.483865 134.774073 -4.437600
v 5.191196 134.008180 6.365069
v 17.750400 137.818297 -4.437600
v 5.191196 134.008180 6.365069
v 1.483865 134.774073 -4.437600
v 17.750400 110.516911 -4.437600
v 8.274286 113.793207 -12.588381
v 2.664047 113.829285 -4.437600
v 2.664047 113.829285 -4.437600
v 8.274286 113.793207 -12.588381
v 4.352805 124.167604 -15.961402
v -4.124511 124.167604 -4.437600
v -4.124511 124.167604 -4.437600
v 4.352805 124.167604 -15.961402
v 5.678137 135.260018 -14.821431
v 1.483865 134.774073 -4.437600
v 17.750400 137.818297 -4.437600
v 1.483865 134.774073 -4.437600
v 5.678137 135.260018 -14.821431
v 17.750400 110.516911 -4.437600
v 17.750400 114.101226 -19.657944
v 8.274286 113.793207 -12.588381
v 8.274286 113.793207 -12.588381
v 17.750400 114.101226 -19.657944
v 17.750400 124.167604 -24.891364
v 4.352805 124.167604 -15.961402
v 4.352805 124.167604 -15.961402
v 17.750400 124.167604 -24.891364
v 17.750400 132.295489 -15.953447
v 5.678137 135.260018 -14.821431
v 17.750400 137.818297 -4.437600
v 5.678137 135.260018 -14.821431
v 17.750400 132.295489 -15.953447
v 17.750400 110.516911 -4.437600
v 28.257500 114.598505 -13.475173
v 17.750400 114.101226 -19.657944
v 17.750400 114.101226 -19.657944
v 28.257500 114.598505 -13.475173
v 30.843417 124.167604 -15.699423
v 17.750400 124.167604 -24.891364
v 17.750400 124.167604 -24.891364
v 30.843417 124.167604 -15.699423
v 27.660313 134.139941 -12.961509
v 17.750400 132.295489 -15.953447
v 17.750400 137.818297 -4.437600
v 17.750400 132.295489 -15.953447
v 27.660313 134.139941 -12.961509
v 17.750400 110.516911 -4.437600
v 33.353962 113.768483 -4.437600
v 28.257500 114.598505 -13.475173
v 28.257500 114.598505 -13.475173
v 33.353962 113.768483 -4.437600
v 43.138545 124.167604 -4.437600
v 30.843417 124.167604 -15.699423
v 30.843417 124.167604 -15.699423
v 43.138545 124.167604 -4.437600
v 34.414051 134.651469 -4.437600
v 27.660313 134.139941 -12.961509
v 17.750400 137.818297 -4.437600
v 27.660313 134.139941 -12.961509
v 34.414051 134.651469 -4.437600
vt 0.000000 0.000000
vt 1.000000 0.000000
vt 1.000000 1.000000
vt 0.000000 1.000000
vt 0.500000 1.000000
vt 0.000000 0.000000
vt 1.000000 0.000000
vt 0.000000 0.000000
vt 1.000000 0.000000
vt 1.000000 1.000000
vt 0.000000 1.000000
vt 0.500000 1.000000
vt 0.000000 0.000000
vt 1.000000 0.000000
vt 0.000000 0.000000
vt 1.000000 0.000000
vt 1.000000 1.000000
vt 0.000000 1.000000
vt 0.500000 1.000000
vt 0.000000 0.000000
vt 1.000000 0.000000
vt 0.000000 0.000000
vt 1.000000 0.000000
vt 1.000000 1.000000
vt 0.000000 1.000000
vt 0.500000 1.000000
vt 0.000000 0.000000
vt 1.000000 0.000000
vt 0.000000 0.000000
vt 1.000000 0.000000
vt 1.000000 1.000000
vt 0.000000 1.000000
vt 0.500000 1.000000
vt 0.000000 0.000000
vt 1.000000 0.000000
vt 0.000000 0.000000
vt 1.000000 0.000000
vt 1.000000 1.000000
vt 0.000000 1.000000
vt 0.500000 1.000000
vt 0.000000 0.000000
vt 1.000000 0.000000
vt 0.000000 0.000000
vt 1.000000 0.000000
vt 1.000000 1.000000
vt 0.000000 1.000000
vt 0.500000 1.000000
vt 0.000000 0.000000
vt 1.000000 0.000000
vt 0.000000 0.000000
vt 1.000000 0.000000
vt 1.000000 1.000000
vt 0.000000 1.000000
vt 0.500000 1.000000
vt 0.000000 0.000000
vt 1.000000 0.000000
vt 0.000000 0.000000
vt 1.000000 0.000000
vt 1.000000 1.000000
vt 0.000000 1.000000
vt 0.500000 1.000000
vt 0.000000 0.000000
vt 1.000000 0.000000
vt 0.000000 0.000000
vt 1.000000 0.000000
vt 1.000000 1.000000
vt 0.000000 1.000000
vt 0.000000 0.000000
vt 1.000000 0.000000
vt 1.000000 1.000000
vt 0.000000 1.000000
vt 0.000000 0.000000
vt 1.000000 0.000000
vt 1.000000 1.000000
vt 0.000000 1.000000
vt 0.000000 0.000000
vt 1.000000 0.000000
vt 1.000000 1.000000
vt 0.000000 1.000000
vt 0.000000 0.000000
vt 1.000000 0.000000
vt 1.000000 1.000000
vt 0.000000 1.000000
vt 0.000000 0.000000
vt 1.000000 0.000000
vt 1.000000 1.000000
vt 0.000000 1.000000
vt 0.000000 0.000000
vt 1.000000 0.000000
vt 1.000000 1.000000
vt 0.000000 1.000000
vt 0.000000 0.000000
vt 1.000000 0.000000
vt 1.000000 1.000000
vt 0.000000 1.000000
vt 0.000000 0.000000
vt 1.000000 0.000000
vt 1.000000 1.000000
vt 0.000000 1.000000
vt 0.000000 0.000000
vt 1.000000 0.000000
vt 1.000000 1.000000
vt 0.000000 1.000000
vt 0.500000 1.000000
vt 0.000000 0.000000
vt 1.000000 0.000000
vt 0.000000 0.000000
vt 1.000000 0.000000
vt 1.000000 1.000000
vt 0.000000 1.000000
vt 0.500000 1.000000
vt 0.000000 0.000000
vt 1.000000 0.000000
vt 0.000000 0.000000
vt 1.000000 0.000000
vt 1.000000 1.000000
vt 0.000000 1.000000
vt 0.500000 1.000000
vt 0.000000 0.000000
vt 1.000000 0.000000
vt 0.000000 0.000000
vt 1.000000 0.000000
vt 1.000000 1.000000
vt 0.000000 1.000000
vt 0.500000 1.000000
vt 0.000000 0.000000
vt 1.000000 0.000000
vt 0.000000 0.000000
vt 1.000000 0.000000
vt 1.000000 1.000000
vt 0.000000 1.000000
vt 0.500000 1.000000
vt 0.000000 0.000000
vt 1.000000 0.000000
vt 0.000000 0.000000
vt 1.000000 0.000000
vt 1.000000 1.000000
vt 0.000000 1.000000
vt 0.500000 1.000000
vt 0.000000 0.000000
vt 1.000000 0.000000
vt 0.000000 0.000000
vt 1.000000 0.000000
vt 1.000000 1.000000
vt 0.000000 1.000000
vt 0.500000 1.000000
vt 0.000000 0.000000
vt 1.000000 0.000000
vt 0.000000 0.000000
vt 1.000000 0.000000
vt 1.000000 1.000000
vt 0.000000 1.000000
vt 0.500000 1.000000
vt 0.000000 0.000000
vt 1.000000 0.000000
vt 0.000000 0.000000
vt 1.000000 0.000000
vt 1.000000 1.000000
vt 0.000000 1.000000
vt 0.500000 1.000000
vt 0.000000 0.000000
vt 1.000000 0.000000
vt 0.000000 0.000000
vt 1.000000 0.000000
vt 1.000000 1.000000
vt 0.000000 1.000000
vt 0.500000 1.000000
vt 0.000000 0.000000
vt 1.000000 0.000000
vt 0.000000 0.000000
vt 1.000000 0.000000
vt 1.000000 1.000000
vt 0.000000 1.000000
vt 0.500000 1.000000
vt 0.000000 0.000000
vt 1.000000 0.000000
vt 0.000000 0.000000
vt 1.000000 0.000000
vt 1.000000 1.000000
vt 0.000000 1.000000
vt 0.500000 1.000000
vt 0.000000 0.000000
vt 1.000000 0.000000
vt 0.000000 0.000000
vt 1.000000 0.000000
vt 1.000000 1.000000
vt 0.000000 1.000000
vt 0.500000 1.000000
vt 0.000000 0.000000
vt 1.000000 0.000000
vt 0.000000 0.000000
vt 1.000000 0.000000
vt 1.000000 1.000000
vt 0.000000 1.000000
vt 0.500000 1.000000
vt 0.000000 0.000000
vt 1.000000 0.000000
vt 0.000000 0.000000
vt 1.000000 0.000000
vt 1.000000 1.000000
vt 0.000000 1.000000
vt 0.500000 1.000000
vt 0.000000 0.000000
vt 1.000000 0.000000
vt 0.000000 0.000000
vt 1.000000 0.000000
vt 1.000000 1.000000
vt 0.000000 1.000000
vt 0.500000 1.000000
vt 0.000000 0.000000
vt 1.000000 0.000000
vt 0.000000 0.000000
vt 1.000000 0.000000
vt 1.000000 1.000000
vt 0.000000 1.000000
vt 0.500000 1.000000
vt 0.000000 0.000000
vt 1.000000 0.000000
vt 0.000000 0.000000
vt 1.000000 0.000000
vt 1.000000 1.000000
vt 0.000000 1.000000
vt 0.500000 1.000000
vt 0.000000 0.000000
vt 1.000000 0.000000
vt 0.000000 0.000000
vt 1.000000 0.000000
vt 1.000000 1.000000
vt 0.000000 1.000000
vt 0.500000 1.000000
vt 0.000000 0.000000
vt 1.000000 0.000000
vt 0.000000 0.000000
vt 1.000000 0.000000
vt 1.000000 1.000000
vt 0.000000 1.000000
vt 0.500000 1.000000
vt 0.000000 0.000000
vt 1.000000 0.000000
vt 0.000000 0.000000
vt 1.000000 0.000000
vt 1.000000 1.000000
vt 0.000000 1.000000
vt 0.500000 1.000000
vt 0.000000 0.000000
vt 1.000000 0.000000
vt 0.000000 0.000000
vt 1.000000 0.000000
vt 1.000000 1.000000
vt 0.000000 1.000000
vt 0.500000 1.000000
vt 0.000000 0.000000
vt 1.000000 0.000000
vt 0.000000 0.000000
vt 1.000000 0.000000
vt 1.000000 1.000000
vt 0.000000 1.000000
vt 0.500000 1.000000
vt 0.000000 0.000000
vt 1.000000 0.000000
vt 0.000000 0.000000
vt 1.000000 0.000000
vt 1.000000 1.000000
vt 0.000000 1.000000
vt 0.500000 1.000000
vt 0.000000 0.000000
vt 1.000000 0.000000
vt 0.000000 0.000000
vt 1.000000 0.000000
vt 1.000000 1.000000
vt 0.000000 1.000000
vt 0.500000 1.000000
vt 0.000000 0.000000
vt 1.000000 0.000000
vt 0.000000 0.000000
vt 1.000000 0.000000
vt 1.000000 1.000000
vt 0.000000 1.000000
vt 0.500000 1.000000
vt 0.000000 0.000000
vt 1.000000 0.000000
vt 0.000000 0.000000
vt 1.000000 0.000000
vt 1.000000 1.000000
vt 0.000000 1.000000
vt 0.500000 1.000000
vt 0.000000 0.000000
vt 1.000000 0.000000
vt 0.000000 0.000000
vt 1.000000 0.000000
vt 1.000000 1.000000
vt 0.000000 1.000000
vt 0.500000 1.000000
vt 0.000000 0.000000
vt 1.000000 0.000000
vt 0.000000 0.000000
vt 1.000000 0.000000
vt 1.000000 1.000000
vt 0.000000 1.000000
vt 0.500000 1.000000
vt 0.000000 0.000000
vt 1.000000 0.000000
vt 0.000000 0.000000
vt 1.000000 0.000000
vt 1.000000 1.000000
vt 0.000000 1.000000
vt 0.500000 1.000000
vt 0.000000 0.000000
vt 1.000000 0.000000
vt 0.000000 0.000000
vt 1.000000 0.000000
vt 1.000000 1.000000
vt 0.000000 1.000000
vt 0.500000 1.000000
vt 0.000000 0.000000
vt 1.000000 0.000000
vt 0.000000 0.000000
vt 1.000000 0.000000
vt 1.000000 1.000000
vt 0.000000 1.000000
vt 0.500000 1.000000
vt 0.000000 0.000000
vt 1.000000 0.000000
vt 0.000000 0.000000
vt 1.000000 0.000000
vt 1.000000 1.000000
vt 0.000000 1.000000
vt 0.500000 1.000000
vt 0.000000 0.000000
vt 1.000000 0.000000
vt 0.000000 0.000000
vt 1.000000 0.000000
vt 1.000000 1.000000
vt 0.000000 1.000000
vt 0.500000 1.000000
vt 0.000000 0.000000
vt 1.000000 0.000000
vt 0.000000 0.000000
vt 1.000000 0.000000
vt 1.000000 1.000000
vt 0.000000 1.000000
vt 0.500000 1.000000
vt 0.000000 0.000000
vt 1.000000 0.000000
vt 0.000000 0.000000
vt 1.000000 0.000000
vt 1.000000 1.000000
vt 0.000000 1.000000
vt 0.500000 1.000000
vt 0.000000 0.000000
vt 1.000000 0.000000
vt 0.000000 0.000000
vt 1.000000 0.000000
vt 1.000000 1.000000
vt 0.000000 1.000000
vt 0.500000 1.000000
vt 0.000000 0.000000
vt 1.000000 0.000000
vt 0.000000 0.000000
vt 1.000000 0.000000
vt 1.000000 1.000000
vt 0.000000 1.000000
vt 0.500000 1.000000
vt 0.000000 0.000000
vt 1.000000 0.000000
vt 0.000000 0.000000
vt 1.000000 0.000000
vt 1.000000 1.000000
vt 0.000000 1.000000
vt 0.500000 1.000000
vt 0.000000 0.000000
vt 1.000000 0.000000
vt 0.000000 0.000000
vt 1.000000 0.000000
vt 1.000000 1.000000
vt 0.000000 1.000000
vt 0.500000 1.000000
vt 0.000000 0.000000
vt 1.000000 0.000000
vt 0.000000 0.000000
vt 1.000000 0.000000
vt 1.000000 1.000000
vt 0.000000 1.000000
vt 0.500000 1.000000
vt 0.000000 0.000000
vt 1.000000 0.000000
vt 0.000000 0.000000
vt 1.000000 0.000000
vt 1.000000 1.000000
vt 0.000000 1.000000
vt 0.500000 1.000000
vt 0.000000 0.000000
vt 1.000000 0.000000
vt 0.000000 0.000000
vt 1.000000 0.000000
vt 1.000000 1.000000
vt 0.000000 1.000000
vt 0.500000 1.000000
vt 0.000000 0.000000
vt 1.000000 0.000000
vt 0.000000 0.000000
vt 1.000000 0.000000
vt 1.000000 1.000000
vt 0.000000 1.000000
vt 0.500000 1.000000
vt 0.000000 0.000000
vt 1.000000 0.000000
vt 0.000000 0.000000
vt 1.000000 0.000000
vt 1.000000 1.000000
vt 0.000000 1.000000
vt 0.500000 1.000000
vt 0.000000 0.000000
vt 1.000000 0.000000
vt 0.000000 0.000000
vt 1.000000 0.000000
vt 1.000000 1.000000
vt 0.000000 1.000000
vt 0.500000 1.000000
vt 0.000000 0.000000
vt 1.000000 0.000000
vt 0.000000 0.000000
vt 1.000000 0.000000
vt 1.000000 1.000000
vt 0.000000 1.000000
vt 0.500000 1.000000
vt 0.000000 0.000000
vt 1.000000 0.000000
vt 0.000000 0.000000
vt 1.000000 0.000000
vt 1.000000 1.000000
vt 0.000000 1.000000
vt 0.500000 1.000000
vt 0.000000 0.000000
vt 1.000000 0.000000
vt 0.000000 0.000000
vt 1.000000 0.000000
vt 1.000000 1.000000
vt 0.000000 1.000000
vt 0.500000 1.000000
vt 0.000000 0.000000
vt 1.000000 0.000000
vt 0.000000 0.000000
vt 1.000000 0.000000
vt 1.000000 1.000000
vt 0.000000 1.000000
vt 0.500000 1.000000
vt 0.000000 0.000000
vt 1.000000 0.000000
vt 0.000000 0.000000
vt 1.000000 0.000000
vt 1.000000 1.000000
vt 0.000000 1.000000
vt 0.500000 1.000000
vt 0.000000 0.000000
vt 1.000000 0.000000
vt 0.000000 0.000000
vt 1.000000 0.000000
vt 1.000000 1.000000
vt 0.000000 1.000000
vt 0.500000 1.000000
vt 0.000000 0.000000
vt 1.000000 0.000000
vt 0.000000 0.000000
vt 1.000000 0.000000
vt 1.000000 1.000000
vt 0.000000 1.000000
vt 0.500000 1.000000
vt 0.000000 0.000000
vt 1.000000 0.000000
vt 0.000000 0.000000
vt 1.000000 0.000000
vt 1.000000 1.000000
vt 0.000000 1.000000
vt 0.500000 1.000000
vt 0.000000 0.000000
vt 1.000000 0.000000
vt 0.000000 0.000000
vt 1.000000 0.000000
vt 1.000000 1.000000
vt 0.000000 1.000000
vt 0.500000 1.000000
vt 0.000000 0.000000
vt 1.000000 0.000000
vt 0.000000 0.000000
vt 1.000000 0.000000
vt 1.000000 1.000000
vt 0.000000 1.000000
vt 0.500000 1.000000
vt 0.000000 0.000000
vt 1.000000 0.000000
vt 0.000000 0.000000
vt 1.000000 0.000000
vt 1.000000 1.000000
vt 0.000000 1.000000
vt 0.500000 1.000000
vt 0.000000 0.000000
vt 1.000000 0.000000
vt 0.000000 0.000000
vt 1.000000 0.000000
vt 1.000000 1.000000
vt 0.000000 1.000000
vt 0.500000 1.000000
vt 0.000000 0.000000
vt 1.000000 0.000000
vt 0.000000 0.000000
vt 1.000000 0.000000
vt 1.000000 1.000000
vt 0.000000 1.000000
vt 0.500000 1.000000
vt 0.000000 0.000000
vt 1.000000 0.000000
vt 0.000000 0.000000
vt 1.000000 0.000000
vt 1.000000 1.000000
vt 0.000000 1.000000
vt 0.500000 1.000000
vt 0.000000 0.000000
vt 1.000000 0.000000
vt 0.000000 0.000000
vt 1.000000 0.000000
vt 1.000000 1.000000
vt 0.000000 1.000000
vt 0.500000 1.000000
vt 0.000000 0.000000
vt 1.000000 0.000000
vt 0.000000 0.000000
vt 1.000000 0.000000
vt 1.000000 1.000000
vt 0.000000 1.000000
vt 0.500000 1.000000
vt 0.000000 0.000000
vt 1.000000 0.000000
vt 0.000000 0.000000
vt 1.000000 0.000000
vt 1.000000 1.000000
vt 0.000000 1.000000
vt 0.500000 1.000000
vt 0.000000 0.000000
vt 1.000000 0.000000
vt 0.000000 0.000000
vt 1.000000 0.000000
vt 1.000000 1.000000
vt 0.000000 1.000000
vt 0.500000 1.000000
vt 0.000000 0.000000
vt 1.000000 0.000000
vt 0.000000 0.000000
vt 1.000000 0.000000
vt 1.000000 1.000000
vt 0.000000 1.000000
vt 0.500000 1.000000
vt 0.000000 0.000000
vt 1.000000 0.000000
vt 0.000000 0.000000
vt 1.000000 0.000000
vt 1.000000 1.000000
vt 0.000000 1.000000
vt 0.500000 1.000000
vt 0.000000 0.000000
vt 1.000000 0.000000
vt 0.000000 0.000000
vt 1.000000 0.000000
vt 1.000000 1.000000
vt 0.000000 1.000000
vt 0.500000 1.000000
vt 0.000000 0.000000
vt 1.000000 0.000000
vt 0.000000 0.000000
vt 1.000000 0.000000
vt 1.000000 1.000000
vt 0.000000 1.000000
vt 0.500000 1.000000
vt 0.000000 0.000000
vt 1.000000 0.000000
vt 0.000000 0.000000
vt 1.000000 0.000000
vt 1.000000 1.000000
vt 0.000000 1.000000
vt 0.500000 1.000000
vt 0.000000 0.000000
vt 1.000000 0.000000
vt 0.000000 0.000000
vt 1.000000 0.000000
vt 1.000000 1.000000
vt 0.000000 1.000000
vt 0.500000 1.000000
vt 0.000000 0.000000
vt 1.000000 0.000000
vt 0.000000 0.000000
vt 1.000000 0.000000
vt 1.000000 1.000000
vt 0.000000 1.000000
vt 0.500000 1.000000
vt 0.000000 0.000000
vt 1.000000 0.000000
vt 0.000000 0.000000
vt 1.000000 0.000000
vt 1.000000 1.000000
vt 0.000000 1.000000
vt 0.500000 1.000000
vt 0.000000 0.000000
vt 1.000000 0.000000
vt 0.000000 0.000000
vt 1.000000 0.000000
vt 1.000000 1.000000
vt 0.000000 1.000000
vt 0.500000 1.000000
vt 0.000000 0.000000
vt 1.000000 0.000000
vt 0.000000 0.000000
vt 1.000000 0.000000
vt 1.000000 1.000000
vt 0.000000 1.000000
vt 0.500000 1.000000
vt 0.000000 0.000000
vt 1.000000 0.000000
vt 0.000000 0.000000
vt 1.000000 0.000000
vt 1.000000 1.000000
vt 0.000000 1.000000
vt 0.500000 1.000000
vt 0.000000 0.000000
vt 1.000000 0.000000
vt 0.000000 0.000000
vt 1.000000 0.000000
vt 1.000000 1.000000
vt 0.000000 1.000000
vt 0.500000 1.000000
vt 0.000000 0.000000
vt 1.000000 0.000000
vt 0.000000 0.000000
vt 1.000000 0.000000
vt 1.000000 1.000000
vt 0.000000 1.000000
vt 0.500000 1.000000
vt 0.000000 0.000000
vt 1.000000 0.000000
vt 0.000000 0.000000
vt 1.000000 0.000000
vt 1.000000 1.000000
vt 0.000000 1.000000
vt 0.500000 1.000000
vt 0.000000 0.000000
vt 1.000000 0.000000
vt 0.000000 0.000000
vt 1.000000 0.000000
vt 1.000000 1.000000
vt 0.000000 1.000000
vt 0.500000 1.000000
vt 0.000000 0.000000
vt 1.000000 0.000000
vt 0.000000 0.000000
vt 1.000000 0.000000
vt 1.000000 1.000000
vt 0.000000 1.000000
vt 0.500000 1.000000
vt 0.000000 0.000000
vt 1.000000 0.000000
vt 0.000000 0.000000
vt 1.000000 0.000000
vt 1.000000 1.000000
vt 0.000000 1.000000
vt 0.500000 1.000000
vt 0.000000 0.000000
vt 1.000000 0.000000
vt 0.000000 0.000000
vt 1.000000 0.000000
vt 1.000000 1.000000
vt 0.000000 1.000000
vt 0.500000 1.000000
vt 0.000000 0.000000
vt 1.000000 0.000000
vt 0.000000 0.000000
vt 1.000000 0.000000
vt 1.000000 1.000000
vt 0.000000 1.000000
vt 0.500000 1.000000
vt 0.000000 0.000000
vt 1.000000 0.000000
vt 0.000000 0.000000
vt 1.000000 0.000000
vt 1.000000 1.000000
vt 0.000000 1.000000
vt 0.500000 1.000000
vt 0.000000 0.000000
vt 1.000000 0.000000
vt 0.000000 0.000000
vt 1.000000 0.000000
vt 1.000000 1.000000
vt 0.000000 1.000000
vt 0.500000 1.000000
vt 0.000000 0.000000
vt 1.000000 0.000000
vt 0.000000 0.000000
vt 1.000000 0.000000
vt 1.000000 1.000000
vt 0.000000 1.000000
vt 0.500000 1.000000
vt 0.000000 0.000000
vt 1.000000 0.000000
vt 0.000000 0.000000
vt 1.000000 0.000000
vt 1.000000 1.000000
vt 0.000000 1.000000
vt 0.500000 1.000000
vt 0.000000 0.000000
vt 1.000000 0.000000
vt 0.000000 0.000000
vt 1.000000 0.000000
vt 1.000000 1.000000
vt 0.000000 1.000000
vt 0.500000 1.000000
vt 0.000000 0.000000
vt 1.000000 0.000000
vt 0.000000 0.000000
vt 1.000000 0.000000
vt 1.000000 1.000000
vt 0.000000 1.000000
vt 0.500000 1.000000
vt 0.000000 0.000000
vt 1.000000 0.000000
vt 0.000000 0.000000
vt 1.000000 0.000000
vt 1.000000 1.000000
vt 0.000000 1.000000
vt 0.500000 1.000000
vt 0.000000 0.000000
vt 1.000000 0.000000
vt 0.000000 0.000000
vt 1.000000 0.000000
vt 1.000000 1.000000
vt 0.000000 1.000000
vt 0.500000 1.000000
vt 0.000000 0.000000
vt 1.000000 0.000000
vt 0.000000 0.000000
vt 1.000000 0.000000
vt 1.000000 1.000000
vt 0.000000 1.000000
vt 0.500000 1.000000
vt 0.000000 0.000000
vt 1.000000 0.000000
vt 0.000000 0.000000
vt 1.000000 0.000000
vt 1.000000 1.000000
vt 0.000000 1.000000
vt 0.500000 1.000000
vt 0.000000 0.000000
vt 1.000000 0.000000
vt 0.000000 0.000000
vt 1.000000 0.000000
vt 1.000000 1.000000
vt 0.000000 1.000000
vt 0.500000 1.000000
vt 0.000000 0.000000
vt 1.000000 0.000000
vt 0.000000 0.000000
vt 1.000000 0.000000
vt 1.000000 1.000000
vt 0.000000 1.000000
vt 0.500000 1.000000
vt 0.000000 0.000000
vt 1.000000 0.000000
vt 0.000000 0.000000
vt 1.000000 0.000000
vt 1.000000 1.000000
vt 0.000000 1.000000
vt 0.500000 1.000000
vt 0.000000 0.000000
vt 1.000000 0.000000
vt 0.000000 0.000000
vt 1.000000 0.000000
vt 1.000000 1.000000
vt 0.000000 1.000000
vt 0.500000 1.000000
vt 0.000000 0.000000
vt 1.000000 0.000000
vt 0.000000 0.000000
vt 1.000000 0.000000
vt 1.000000 1.000000
vt 0.000000 1.000000
vt 0.500000 1.000000
vt 0.000000 0.000000
vt 1.000000 0.000000
vt 0.000000 0.000000
vt 1.000000 0.000000
vt 1.000000 1.000000
vt 0.000000 1.000000
vt 0.500000 1.000000
vt 0.000000 0.000000
vt 1.000000 0.000000
vt 0.000000 0.000000
vt 1.000000 0.000000
vt 1.000000 1.000000
vt 0.000000 1.000000
vt 0.500000 1.000000
vt 0.000000 0.000000
vt 1.000000 0.000000
vt 0.000000 0.000000
vt 1.000000 0.000000
vt 1.000000 1.000000
vt 0.000000 1.000000
vt 0.500000 1.000000
vt 0.000000 0.000000
vt 1.000000 0.000000
vt 0.000000 0.000000
vt 1.000000 0.000000
vt 1.000000 1.000000
vt 0.000000 1.000000
vt 0.500000 1.000000
vt 0.000000 0.000000
vt 1.000000 0.000000
vt 0.000000 0.000000
vt 1.000000 0.000000
vt 1.000000 1.000000
vt 0.000000 1.000000
vt 0.500000 1.000000
vt 0.000000 0.000000
vt 1.000000 0.000000
vt 0.000000 0.000000
vt 1.000000 0.000000
vt 1.000000 1.000000
vt 0.000000 1.000000
vt 0.500000 1.000000
vt 0.000000 0.000000
vt 1.000000 0.000000
vt 0.000000 0.000000
vt 1.000000 0.000000
vt 1.000000 1.000000
vt 0.000000 1.000000
vt 0.500000 1.000000
vt 0.000000 0.000000
vt 1.000000 0.000000
vt 0.000000 0.000000
vt 1.000000 0.000000
vt 1.000000 1.000000
vt 0.000000 1.000000
vt 0.500000 1.000000
vt 0.000000 0.000000
vt 1.000000 0.000000
vt 0.000000 0.000000
vt 1.000000 0.000000
vt 1.000000 1.000000
vt 0.000000 1.000000
vt 0.500000 1.000000
vt 0.000000 0.000000
vt 1.000000 0.000000
vt 0.000000 0.000000
vt 1.000000 0.000000
vt 1.000000 1.000000
vt 0.000000 1.000000
vt 0.500000 1.000000
vt 0.000000 0.000000
vt 1.000000 0.000000
vt 0.000000 0.000000
vt 1.000000 0.000000
vt 1.000000 1.000000
vt 0.000000 1.000000
vt 0.500000 1.000000
vt 0.000000 0.000000
vt 1.000000 0.000000
vt 0.000000 0.000000
vt 1.000000 0.000000
vt 1.000000 1.000000
vt 0.000000 1.000000
vt 0.500000 1.000000
vt 0.000000 0.000000
vt 1.000000 0.000000
vt 0.000000 0.000000
vt 1.000000 0.000000
vt 1.000000 1.000000
vt 0.000000 1.000000
vt 0.500000 1.000000
vt 0.000000 0.000000
vt 1.000000 0.000000
vt 0.000000 0.000000
vt 1.000000 0.000000
vt 1.000000 1.000000
vt 0.000000 1.000000
vt 0.500000 1.000000
vt 0.000000 0.000000
vt 1.000000 0.000000
vt 0.000000 0.000000
vt 1.000000 0.000000
vt 1.000000 1.000000
vt 0.000000 1.000000
vt 0.500000 1.000000
vt 0.000000 0.000000
vt 1.000000 0.000000
vt 0.000000 0.000000
vt 1.000000 0.000000
vt 1.000000 1.000000
vt 0.000000 1.000000
vt 0.500000 1.000000
vt 0.000000 0.000000
vt 1.000000 0.000000
vt 0.000000 0.000000
vt 1.000000 0.000000
vt 1.000000 1.000000
vt 0.000000 1.000000
vt 0.500000 1.000000
vt 0.000000 0.000000
vt 1.000000 0.000000
vt 0.000000 0.000000
vt 1.000000 0.000000
vt 1.000000 1.000000
vt 0.000000 1.000000
vt 0.500000 1.000000
vt 0.000000 0.000000
vt 1.000000 0.000000
vt 0.000000 0.000000
vt 1.000000 0.000000
vt 1.000000 1.000000
vt 0.000000 1.000000
vt 0.500000 1.000000
vt 0.000000 0.000000
vt 1.000000 0.000000
vt 0.500000 1.000000
vt 0.000000 0.000000
vt 1.000000 0.000000
vt 0.000000 0.000000
vt 1.000000 0.000000
vt 1.000000 1.000000
vt 0.000000 1.000000
vt 0.000000 0.000000
vt 1.000000 0.000000
vt 1.000000 1.000000
vt 0.000000 1.000000
vt 0.500000 1.000000
vt 0.000000 0.000000
vt 1.000000 0.000000
vt 0.500000 1.000000
vt 0.000000 0.000000
vt 1.000000 0.000000
vt 0.000000 0.000000
vt 1.000000 0.000000
vt 1.000000 1.000000
vt 0.000000 1.000000
vt 0.000000 0.000000
vt 1.000000 0.000000
vt 1.000000 1.000000
vt 0.000000 1.000000
vt 0.500000 1.000000
vt 0.000000 0.000000
vt 1.000000 0.000000
vt 0.500000 1.000000
vt 0.000000 0.000000
vt 1.000000 0.000000
vt 0.000000 0.000000
vt 1.000000 0.000000
vt 1.000000 1.000000
vt 0.000000 1.000000
vt 0.000000 0.000000
vt 1.000000 0.000000
vt 1.000000 1.000000
vt 0.000000 1.000000
vt 0.500000 1.000000
vt 0.000000 0.000000
vt 1.000000 0.000000
vt 0.500000 1.000000
vt 0.000000 0.000000
vt 1.000000 0.000000
vt 0.000000 0.000000
vt 1.000000 0.000000
vt 1.000000 1.000000
vt 0.000000 1.000000
vt 0.000000 0.000000
vt 1.000000 0.000000
vt 1.000000 1.000000
vt 0.000000 1.000000
vt 0.500000 1.000000
vt 0.000000 0.000000
vt 1.000000 0.000000
vt 0.500000 1.000000
vt 0.000000 0.000000
vt 1.000000 0.000000
vt 0.000000 0.000000
vt 1.000000 0.000000
vt 1.000000 1.000000
vt 0.000000 1.000000
vt 0.000000 0.000000
vt 1.000000 0.000000
vt 1.000000 1.000000
vt 0.000000 1.000000
vt 0.500000 1.000000
vt 0.000000 0.000000
vt 1.000000 0.000000
vt 0.500000 1.000000
vt 0.000000 0.000000
vt 1.000000 0.000000
vt 0.000000 0.000000
vt 1.000000 0.000000
vt 1.000000 1.000000
vt 0.000000 1.000000
vt 0.000000 0.000000
vt 1.000000 0.000000
vt 1.000000 1.000000
vt 0.000000 1.000000
vt 0.500000 1.000000
vt 0.000000 0.000000
vt 1.000000 0.000000
vt 0.500000 1.000000
vt 0.000000 0.000000
vt 1.000000 0.000000
vt 0.000000 0.000000
vt 1.000000 0.000000
vt 1.000000 1.000000
vt 0.000000 1.000000
vt 0.000000 0.000000
vt 1.000000 0.000000
vt 1.000000 1.000000
vt 0.000000 1.000000
vt 0.500000 1.000000
vt 0.000000 0.000000
vt 1.000000 0.000000
vt 0.500000 1.000000
vt 0.000000 0.000000
vt 1.000000 0.000000
vt 0.000000 0.000000
vt 1.000000 0.000000
vt 1.000000 1.000000
vt 0.000000 1.000000
vt 0.000000 0.000000
vt 1.000000 0.000000
vt 1.000000 1.000000
vt 0.000000 1.000000
vt 0.500000 1.000000
vt 0.000000 0.000000
vt 1.000000 0.000000
vt 0.500000 1.000000
vt 0.000000 0.000000
vt 1.000000 0.000000
vt 0.000000 0.000000
vt 1.000000 0.000000
vt 1.000000 1.000000
vt 0.000000 1.000000
vt 0.000000 0.000000
vt 1.000000 0.000000
vt 1.000000 1.000000
vt 0.000000 1.000000
vt 0.500000 1.000000
vt 0.000000 0.000000
vt 1.000000 0.000000
vt 0.500000 1.000000
vt 0.000000 0.000000
vt 1.000000 0.000000
vt 0.000000 0.000000
vt 1.000000 0.000000
vt 1.000000 1.000000
vt 0.000000 1.000000
vt 0.000000 0.000000
vt 1.000000 0.000000
vt 1.000000 1.000000
vt 0.000000 1.000000
vt 0.500000 1.000000
vt 0.000000 0.000000
vt 1.000000 0.000000
vt 0.500000 1.000000
vt 0.000000 0.000000
vt 1.000000 0.000000
vt 0.000000 0.000000
vt 1.000000 0.000000
vt 1.000000 1.000000
vt 0.000000 1.000000
vt 0.000000 0.000000
vt 1.000000 0.000000
vt 1.000000 1.000000
vt 0.000000 1.000000
vt 0.500000 1.000000
vt 0.000000 0.000000
vt 1.000000 0.000000
vt 0.500000 1.000000
vt 0.000000 0.000000
vt 1.000000 0.000000
vt 0.000000 0.000000
vt 1.000000 0.000000
vt 1.000000 1.000000
vt 0.000000 1.000000
vt 0.000000 0.000000
vt 1.000000 0.000000
vt 1.000000 1.000000
vt 0.000000 1.000000
vt 0.500000 1.000000
vt 0.000000 0.000000
vt 1.000000 0.000000
vt 0.500000 1.000000
vt 0.000000 0.000000
vt 1.000000 0.000000
vt 0.000000 0.000000
vt 1.000000 0.000000
vt 1.000000 1.000000
vt 0.000000 1.000000
vt 0.000000 0.000000
vt 1.000000 0.000000
vt 1.000000 1.000000
vt 0.000000 1.000000
vt 0.500000 1.000000
vt 0.000000 0.000000
vt 1.000000 0.000000
vt 0.500000 1.000000
vt 0.000000 0.000000
vt 1.000000 0.000000
vt 0.000000 0.000000
vt 1.000000 0.000000
vt 1.000000 1.000000
vt 0.000000 1.000000
vt 0.000000 0.000000
vt 1.000000 0.000000
vt 1.000000 1.000000
vt 0.000000 1.000000
vt 0.500000 1.000000
vt 0.000000 0.000000
vt 1.000000 0.000000
vt 0.500000 1.000000
vt 0.000000 0.000000
vt 1.000000 0.000000
vt 0.000000 0.000000
vt 1.000000 0.000000
vt 1.000000 1.000000
vt 0.000000 1.000000
vt 0.000000 0.000000
vt 1.000000 0.000000
vt 1.000000 1.000000
vt 0.000000 1.000000
vt 0.500000 1.000000
vt 0.000000 0.000000
vt 1.000000 0.000000
vt 0.500000 1.000000
vt 0.000000 0.000000
vt 1.000000 0.000000
vt 0.000000 0.000000
vt 1.000000 0.000000
vt 1.000000 1.000000
vt 0.000000 1.000000
vt 0.000000 0.000000
vt 1.000000 0.000000
vt 1.000000 1.000000
vt 0.000000 1.000000
vt 0.500000 1.000000
vt 0.000000 0.000000
vt 1.000000 0.000000
vt 0.500000 1.000000
vt 0.000000 0.000000
vt 1.000000 0.000000
vt 0.000000 0.000000
vt 1.000000 0.000000
vt 1.000000 1.000000
vt 0.000000 1.000000
vt 0.000000 0.000000
vt 1.000000 0.000000
vt 1.000000 1.000000
vt 0.000000 1.000000
vt 0.500000 1.000000
vt 0.000000 0.000000
vt 1.000000 0.000000
vt 0.500000 1.000000
vt 0.000000 0.000000
vt 1.000000 0.000000
vt 0.000000 0.000000
vt 1.000000 0.000000
vt 1.000000 1.000000
vt 0.000000 1.000000
vt 0.000000 0.000000
vt 1.000000 0.000000
vt 1.000000 1.000000
vt 0.000000 1.000000
vt 0.500000 1.000000
vt 0.000000 0.000000
vt 1.000000 0.000000
vt 0.500000 1.000000
vt 0.000000 0.000000
vt 1.000000 0.000000
vt 0.000000 0.000000
vt 1.000000 0.000000
vt 1.000000 1.000000
vt 0.000000 1.000000
vt 0.000000 0.000000
vt 1.000000 0.000000
vt 1.000000 1.000000
vt 0.000000 1.000000
vt 0.500000 1.000000
vt 0.000000 0.000000
vt 1.000000 0.000000
vt 0.500000 1.000000
vt 0.000000 0.000000
vt 1.000000 0.000000
vt 0.000000 0.000000
vt 1.000000 0.000000
vt 1.000000 1.000000
vt 0.000000 1.000000
vt 0.000000 0.000000
vt 1.000000 0.000000
vt 1.000000 1.000000
vt 0.000000 1.000000
vt 0.500000 1.000000
vt 0.000000 0.000000
vt 1.000000 0.000000
vt 0.500000 1.000000
vt 0.000000 0.000000
vt 1.000000 0.000000
vt 0.000000 0.000000
vt 1.000000 0.000000
vt 1.000000 1.000000
vt 0.000000 1.000000
vt 0.000000 0.000000
vt 1.000000 0.000000
vt 1.000000 1.000000
vt 0.000000 1.000000
vt 0.500000 1.000000
vt 0.000000 0.000000
vt 1.000000 0.000000
vt 0.500000 1.000000
vt 0.000000 0.000000
vt 1.000000 0.000000
vt 0.000000 0.000000
vt 1.000000 0.000000
vt 1.000000 1.000000
vt 0.000000 1.000000
vt 0.000000 0.000000
vt 1.000000 0.000000
vt 1.000000 1.000000
vt 0.000000 1.000000
vt 0.500000 1.000000
vt 0.000000 0.000000
vt 1.000000 0.000000
vt 0.500000 1.000000
vt 0.000000 0.000000
vt 1.000000 0.000000
vt 0.000000 0.000000
vt 1.000000 0.000000
vt 1.000000 1.000000
vt 0.000000 1.000000
vt 0.000000 0.000000
vt 1.000000 0.000000
vt 1.000000 1.000000
vt 0.000000 1.000000
vt 0.500000 1.000000
vt 0.000000 0.000000
vt 1.000000 0.000000
vt 0.500000 1.000000
vt 0.000000 0.000000
vt 1.000000 0.000000
vt 0.000000 0.000000
vt 1.000000 0.000000
vt 1.000000 1.000000
vt 0.000000 1.000000
vt 0.000000 0.000000
vt 1.000000 0.000000
vt 1.000000 1.000000
vt 0.000000 1.000000
vt 0.500000 1.000000
vt 0.000000 0.000000
vt 1.000000 0.000000
vt 0.500000 1.000000
vt 0.000000 0.000000
vt 1.000000 0.000000
vt 0.000000 0.000000
vt 1.000000 0.000000
vt 1.000000 1.000000
vt 0.000000 1.000000
vt 0.000000 0.000000
vt 1.000000 0.000000
vt 1.000000 1.000000
vt 0.000000 1.000000
vt 0.500000 1.000000
vt 0.000000 0.000000
vt 1.000000 0.000000
vt 0.500000 1.000000
vt 0.000000 0.000000
vt 1.000000 0.000000
vt 0.000000 0.000000
vt 1.000000 0.000000
vt 1.000000 1.000000
vt 0.000000 1.000000
vt 0.000000 0.000000
vt 1.000000 0.000000
vt 1.000000 1.000000
vt 0.000000 1.000000
vt 0.500000 1.000000
vt 0.000000 0.000000
vt 1.000000 0.000000
vt 0.500000 1.000000
vt 0.000000 0.000000
vt 1.000000 0.000000
vt 0.000000 0.000000
vt 1.000000 0.000000
vt 1.000000 1.000000
vt 0.000000 1.000000
vt 0.000000 0.000000
vt 1.000000 0.000000
vt 1.000000 1.000000
vt 0.000000 1.000000
vt 0.500000 1.000000
vt 0.000000 0.000000
vt 1.000000 0.000000
vt 0.500000 1.000000
vt 0.000000 0.000000
vt 1.000000 0.000000
vt 0.000000 0.000000
vt 1.000000 0.000000
vt 1.000000 1.000000
vt 0.000000 1.000000
vt 0.000000 0.000000
vt 1.000000 0.000000
vt 1.000000 1.000000
vt 0.000000 1.000000
vt 0.500000 1.000000
vt 0.000000 0.000000
vt 1.000000 0.000000
vt 0.500000 1.000000
vt 0.000000 0.000000
vt 1.000000 0.000000
vt 0.000000 0.000000
vt 1.000000 0.000000
vt 1.000000 1.000000
vt 0.000000 1.000000
vt 0.000000 0.000000
vt 1.000000 0.000000
vt 1.000000 1.000000
vt 0.000000 1.000000
vt 0.500000 1.000000
vt 0.000000 0.000000
vt 1.000000 0.000000
vt 0.500000 1.000000
vt 0.000000 0.000000
vt 1.000000 0.000000
vt 0.000000 0.000000
vt 1.000000 0.000000
vt 1.000000 1.000000
vt 0.000000 1.000000
vt 0.000000 0.000000
vt 1.000000 0.000000
vt 1.000000 1.000000
vt 0.000000 1.000000
vt 0.500000 1.000000
vt 0.000000 0.000000
vt 1.000000 0.000000
vt 0.500000 1.000000
vt 0.000000 0.000000
vt 1.000000 0.000000
vt 0.000000 0.000000
vt 1.000000 0.000000
vt 1.000000 1.000000
vt 0.000000 1.000000
vt 0.000000 0.000000
vt 1.000000 0.000000
vt 1.000000 1.000000
vt 0.000000 1.000000
vt 0.500000 1.000000
vt 0.000000 0.000000
vt 1.000000 0.000000
vt 0.500000 1.000000
vt 0.000000 0.000000
vt 1.000000 0.000000
vt 0.000000 0.000000
vt 1.000000 0.000000
vt 1.000000 1.000000
vt 0.000000 1.000000
vt 0.000000 0.000000
vt 1.000000 0.000000
vt 1.000000 1.000000
vt 0.000000 1.000000
vt 0.500000 1.000000
vt 0.000000 0.000000
vt 1.000000 0.000000
vt 0.500000 1.000000
vt 0.000000 0.000000
vt 1.000000 0.000000
vt 0.000000 0.000000
vt 1.000000 0.000000
vt 1.000000 1.000000
vt 0.000000 1.000000
vt 0.000000 0.000000
vt 1.000000 0.000000
vt 1.000000 1.000000
vt 0.000000 1.000000
vt 0.500000 1.000000
vt 0.000000 0.000000
vt 1.000000 0.000000
vt 0.500000 1.000000
vt 0.000000 0.000000
vt 1.000000 0.000000
vt 0.000000 0.000000
vt 1.000000 0.000000
vt 1.000000 1.000000
vt 0.000000 1.000000
vt 0.000000 0.000000
vt 1.000000 0.000000
vt 1.000000 1.000000
vt 0.000000 1.000000
vt 0.500000 1.000000
vt 0.000000 0.000000
vt 1.000000 0.000000
vt 0.500000 1.000000
vt 0.000000 0.000000
vt 1.000000 0.000000
vt 0.000000 0.000000
vt 1.000000 0.000000
vt 1.000000 1.000000
vt 0.000000 1.000000
vt 0.000000 0.000000
vt 1.000000 0.000000
vt 1.000000 1.000000
vt 0.000000 1.000000
vt 0.500000 1.000000
vt 0.000000 0.000000
vt 1.000000 0.000000
vt 0.500000 1.000000
vt 0.000000 0.000000
vt 1.000000 0.000000
vt 0.000000 0.000000
vt 1.000000 0.000000
vt 1.000000 1.000000
vt 0.000000 1.000000
vt 0.000000 0.000000
vt 1.000000 0.000000
vt 1.000000 1.000000
vt 0.000000 1.000000
vt 0.500000 1.000000
vt 0.000000 0.000000
vt 1.000000 0.000000
vt 0.500000 1.000000
vt 0.000000 0.000000
vt 1.000000 0.000000
vt 0.000000 0.000000
vt 1.000000 0.000000
vt 1.000000 1.000000
vt 0.000000 1.000000
vt 0.000000 0.000000
vt 1.000000 0.000000
vt 1.000000 1.000000
vt 0.000000 1.000000
vt 0.500000 1.000000
vt 0.000000 0.000000
vt 1.000000 0.000000
vt 0.500000 1.000000
vt 0.000000 0.000000
vt 1.000000 0.000000
vt 0.000000 0.000000
vt 1.000000 0.000000
vt 1.000000 1.000000
vt 0.000000 1.000000
vt 0.000000 0.000000
vt 1.000000 0.000000
vt 1.000000 1.000000
vt 0.000000 1.000000
vt 0.500000 1.000000
vt 0.000000 0.000000
vt 1.000000 0.000000
vt 0.500000 1.000000
vt 0.000000 0.000000
vt 1.000000 0.000000
vt 0.000000 0.000000
vt 1.000000 0.000000
vt 1.000000 1.000000
vt 0.000000 1.000000
vt 0.000000 0.000000
vt 1.000000 0.000000
vt 1.000000 1.000000
vt 0.000000 1.000000
vt 0.500000 1.000000
vt 0.000000 0.000000
vt 1.000000 0.000000
vt 0.500000 1.000000
vt 0.000000 0.000000
vt 1.000000 0.000000
vt 0.000000 0.000000
vt 1.000000 0.000000
vt 1.000000 1.000000
vt 0.000000 1.000000
vt 0.000000 0.000000
vt 1.000000 0.000000
vt 1.000000 1.000000
vt 0.000000 1.000000
vt 0.500000 1.000000
vt 0.000000 0.000000
vt 1.000000 0.000000
vt 0.500000 1.000000
vt 0.000000 0.000000
vt 1.000000 0.000000
vt 0.000000 0.000000
vt 1.000000 0.000000
vt 1.000000 1.000000
vt 0.000000 1.000000
vt 0.000000 0.000000
vt 1.000000 0.000000
vt 1.000000 1.000000
vt 0.000000 1.000000
vt 0.500000 1.000000
vt 0.000000 0.000000
vt 1.000000 0.000000
vt 0.500000 1.000000
vt 0.000000 0.000000
vt 1.000000 0.000000
vt 0.000000 0.000000
vt 1.000000 0.000000
vt 1.000000 1.000000
vt 0.000000 1.000000
vt 0.000000 0.000000
vt 1.000000 0.000000
vt 1.000000 1.000000
vt 0.000000 1.000000
vt 0.500000 1.000000
vt 0.000000 0.000000
vt 1.000000 0.000000
vt 0.500000 1.000000
vt 0.000000 0.000000
vt 1.000000 0.000000
vt 0.000000 0.000000
vt 1.000000 0.000000
vt 1.000000 1.000000
vt 0.000000 1.000000
vt 0.000000 0.000000
vt 1.000000 0.000000
vt 1.000000 1.000000
vt 0.000000 1.000000
vt 0.500000 1.000000
vt 0.000000 0.000000
vt 1.000000 0.000000
vt 0.500000 1.000000
vt 0.000000 0.000000
vt 1.000000 0.000000
vt 0.000000 0.000000
vt 1.000000 0.000000
vt 1.000000 1.000000
vt 0.000000 1.000000
vt 0.000000 0.000000
vt 1.000000 0.000000
vt 1.000000 1.000000
vt 0.000000 1.000000
vt 0.500000 1.000000
vt 0.000000 0.000000
vt 1.000000 0.000000
vt 0.500000 1.000000
vt 0.000000 0.000000
vt 1.000000 0.000000
vt 0.000000 0.000000
vt 1.000000 0.000000
vt 1.000000 1.000000
vt 0.000000 1.000000
vt 0.000000 0.000000
vt 1.000000 0.000000
vt 1.000000 1.000000
vt 0.000000 1.000000
vt 0.500000 1.000000
vt 0.000000 0.000000
vt 1.000000 0.000000
vt 0.500000 1.000000
vt 0.000000 0.000000
vt 1.000000 0.000000
vt 0.000000 0.000000
vt 1.000000 0.000000
vt 1.000000 1.000000
vt 0.000000 1.000000
vt 0.000000 0.000000
vt 1.000000 0.000000
vt 1.000000 1.000000
vt 0.000000 1.000000
vt 0.500000 1.000000
vt 0.000000 0.000000
vt 1.000000 0.000000
vt 0.500000 1.000000
vt 0.000000 0.000000
vt 1.000000 0.000000
vt 0.000000 0.000000
vt 1.000000 0.000000
vt 1.000000 1.000000
vt 0.000000 1.000000
vt 0.000000 0.000000
vt 1.000000 0.000000
vt 1.000000 1.000000
vt 0.000000 1.000000
vt 0.500000 1.000000
vt 0.000000 0.000000
vt 1.000000 0.000000
vt 0.500000 1.000000
vt 0.000000 0.000000
vt 1.000000 0.000000
vt 0.000000 0.000000
vt 1.000000 0.000000
vt 1.000000 1.000000
vt 0.000000 1.000000
vt 0.000000 0.000000
vt 1.000000 0.000000
vt 1.000000 1.000000
vt 0.000000 1.000000
vt 0.500000 1.000000
vt 0.000000 0.000000
vt 1.000000 0.000000
vt 0.500000 1.000000
vt 0.000000 0.000000
vt 1.000000 0.000000
vt 0.000000 0.000000
vt 1.000000 0.000000
vt 1.000000 1.000000
vt 0.000000 1.000000
vt 0.000000 0.000000
vt 1.000000 0.000000
vt 1.000000 1.000000
vt 0.000000 1.000000
vt 0.500000 1.000000
vt 0.000000 0.000000
vt 1.000000 0.000000
vt 0.500000 1.000000
vt 0.000000 0.000000
vt 1.000000 0.000000
vt 0.000000 0.000000
vt 1.000000 0.000000
vt 1.000000 1.000000
vt 0.000000 1.000000
vt 0.000000 0.000000
vt 1.000000 0.000000
vt 1.000000 1.000000
vt 0.000000 1.000000
vt 0.500000 1.000000
vt 0.000000 0.000000
vt 1.000000 0.000000
vt 0.500000 1.000000
vt 0.000000 0.000000
vt 1.000000 0.000000
vt 0.000000 0.000000
vt 1.000000 0.000000
vt 1.000000 1.000000
vt 0.000000 1.000000
vt 0.000000 0.000000
vt 1.000000 0.000000
vt 1.000000 1.000000
vt 0.000000 1.000000
vt 0.500000 1.000000
vt 0.000000 0.000000
vt 1.000000 0.000000
vt 0.500000 1.000000
vt 0.000000 0.000000
vt 1.000000 0.000000
vt 0.000000 0.000000
vt 1.000000 0.000000
vt 1.000000 1.000000
vt 0.000000 1.000000
vt 0.000000 0.000000
vt 1.000000 0.000000
vt 1.000000 1.000000
vt 0.000000 1.000000
vt 0.500000 1.000000
vt 0.000000 0.000000
vt 1.000000 0.000000
vt 0.500000 1.000000
vt 0.000000 0.000000
vt 1.000000 0.000000
vt 0.000000 0.000000
vt 1.000000 0.000000
vt 1.000000 1.000000
vt 0.000000 1.000000
vt 0.000000 0.000000
vt 1.000000 0.000000
vt 1.000000 1.000000
vt 0.000000 1.000000
vt 0.500000 1.000000
vt 0.000000 0.000000
vt 1.000000 0.000000
vt 0.500000 1.000000
vt 0.000000 0.000000
vt 1.000000 0.000000
vt 0.000000 0.000000
vt 1.000000 0.000000
vt 1.000000 1.000000
vt 0.000000 1.000000
vt 0.000000 0.000000
vt 1.000000 0.000000
vt 1.000000 1.000000
vt 0.000000 1.000000
vt 0.500000 1.000000
vt 0.000000 0.000000
vt 1.000000 0.000000
vt 0.500000 1.000000
vt 0.000000 0.000000
vt 1.000000 0.000000
vt 0.000000 0.000000
vt 1.000000 0.000000
vt 1.000000 1.000000
vt 0.000000 1.000000
vt 0.000000 0.000000
vt 1.000000 0.000000
vt 1.000000 1.000000
vt 0.000000 1.000000
vt 0.500000 1.000000
vt 0.000000 0.000000
vt 1.000000 0.000000
vt 0.500000 1.000000
vt 0.000000 0.000000
vt 1.000000 0.000000
vt 0.000000 0.000000
vt 1.000000 0.000000
vt 1.000000 1.000000
vt 0.000000 1.000000
vt 0.000000 0.000000
vt 1.000000 0.000000
vt 1.000000 1.000000
vt 0.000000 1.000000
vt 0.500000 1.000000
vt 0.000000 0.000000
vt 1.000000 0.000000
vt 0.500000 1.000000
vt 0.000000 0.000000
vt 1.000000 0.000000
vt 0.000000 0.000000
vt 1.000000 0.000000
vt 1.000000 1.000000
vt 0.000000 1.000000
vt 0.000000 0.000000
vt 1.000000 0.000000
vt 1.000000 1.000000
vt 0.000000 1.000000
vt 0.500000 1.000000
vt 0.000000 0.000000
vt 1.000000 0.000000
vt 0.500000 1.000000
vt 0.000000 0.000000
vt 1.000000 0.000000
vt 0.000000 0.000000
vt 1.000000 0.000000
vt 1.000000 1.000000
vt 0.000000 1.000000
vt 0.000000 0.000000
vt 1.000000 0.000000
vt 1.000000 1.000000
vt 0.000000 1.000000
vt 0.500000 1.000000
vt 0.000000 0.000000
vt 1.000000 0.000000
vt 0.500000 1.000000
vt 0.000000 0.000000
vt 1.000000 0.000000
vt 0.000000 0.000000
vt 1.000000 0.000000
vt 1.000000 1.000000
vt 0.000000 1.000000
vt 0.000000 0.000000
vt 1.000000 0.000000
vt 1.000000 1.000000
vt 0.000000 1.000000
vt 0.500000 1.000000
vt 0.000000 0.000000
vt 1.000000 0.000000
vt 0.500000 1.000000
vt 0.000000 0.000000
vt 1.000000 0.000000
vt 0.000000 0.000000
vt 1.000000 0.000000
vt 1.000000 1.000000
vt 0.000000 1.000000
vt 0.000000 0.000000
vt 1.000000 0.000000
vt 1.000000 1.000000
vt 0.000000 1.000000
vt 0.500000 1.000000
vt 0.000000 0.000000
vt 1.000000 0.000000
vt 0.500000 1.000000
vt 0.000000 0.000000
vt 1.000000 0.000000
vt 0.000000 0.000000
vt 1.000000 0.000000
vt 1.000000 1.000000
vt 0.000000 1.000000
vt 0.000000 0.000000
vt 1.000000 0.000000
vt 1.000000 1.000000
vt 0.000000 1.000000
vt 0.500000 1.000000
vt 0.000000 0.000000
vt 1.000000 0.000000
vt 0.500000 1.000000
vt 0.000000 0.000000
vt 1.000000 0.000000
vt 0.000000 0.000000
vt 1.000000 0.000000
vt 1.000000 1.000000
vt 0.000000 1.000000
vt 0.000000 0.000000
vt 1.000000 0.000000
vt 1.000000 1.000000
vt 0.000000 1.000000
vt 0.500000 1.000000
vt 0.000000 0.000000
vt 1.000000 0.000000
vt 0.500000 1.000000
vt 0.000000 0.000000
vt 1.000000 0.000000
vt 0.000000 0.000000
vt 1.000000 0.000000
vt 1.000000 1.000000
vt 0.000000 1.000000
vt 0.000000 0.000000
vt 1.000000 0.000000
vt 1.000000 1.000000
vt 0.000000 1.000000
vt 0.500000 1.000000
vt 0.000000 0.000000
vt 1.000000 0.000000
vt 0.500000 1.000000
vt 0.000000 0.000000
vt 1.000000 0.000000
vt 0.000000 0.000000
vt 1.000000 0.000000
vt 1.000000 1.000000
vt 0.000000 1.000000
vt 0.000000 0.000000
vt 1.000000 0.000000
vt 1.000000 1.000000
vt 0.000000 1.000000
vt 0.500000 1.000000
vt 0.000000 0.000000
vt 1.000000 0.000000
vt 0.500000 1.000000
vt 0.000000 0.000000
vt 1.000000 0.000000
vt 0.000000 0.000000
vt 1.000000 0.000000
vt 1.000000 1.000000
vt 0.000000 1.000000
vt 0.000000 0.000000
vt 1.000000 0.000000
vt 1.000000 1.000000
vt 0.000000 1.000000
vt 0.500000 1.000000
vt 0.000000 0.000000
vt 1.000000 0.000000
vt 0.500000 1.000000
vt 0.000000 0.000000
vt 1.000000 0.000000
vt 0.000000 0.000000
vt 1.000000 0.000000
vt 1.000000 1.000000
vt 0.000000 1.000000
vt 0.000000 0.000000
vt 1.000000 0.000000
vt 1.000000 1.000000
vt 0.000000 1.000000
vt 0.500000 1.000000
vt 0.000000 0.000000
vt 1.000000 0.000000
vt 0.500000 1.000000
vt 0.000000 0.000000
vt 1.000000 0.000000
vt 0.000000 0.000000
vt 1.000000 0.000000
vt 1.000000 1.000000
vt 0.000000 1.000000
vt 0.000000 0.000000
vt 1.000000 0.000000
vt 1.000000 1.000000
vt 0.000000 1.000000
vt 0.500000 1.000000
vt 0.000000 0.000000
vt 1.000000 0.000000
vt 0.500000 1.000000
vt 0.000000 0.000000
vt 1.000000 0.000000
vt 0.000000 0.000000
vt 1.000000 0.000000
vt 1.000000 1.000000
vt 0.000000 1.000000
vt 0.000000 0.000000
vt 1.000000 0.000000
vt 1.000000 1.000000
vt 0.000000 1.000000
vt 0.500000 1.000000
vt 0.000000 0.000000
vt 1.000000 0.000000
vt 0.500000 1.000000
vt 0.000000 0.000000
vt 1.000000 0.000000
vt 0.000000 0.000000
vt 1.000000 0.000000
vt 1.000000 1.000000
vt 0.000000 1.000000
vt 0.000000 0.000000
vt 1.000000 0.000000
vt 1.000000 1.000000
vt 0.000000 1.000000
vt 0.500000 1.000000
vt 0.000000 0.000000
vt 1.000000 0.000000
vt 0.500000 1.000000
vt 0.000000 0.000000
vt 1.000000 0.000000
vt 0.000000 0.000000
vt 1.000000 0.000000
vt 1.000000 1.000000
vt 0.000000 1.000000
vt 0.000000 0.000000
vt 1.000000 0.000000
vt 1.000000 1.000000
vt 0.000000 1.000000
vt 0.500000 1.000000
vt 0.000000 0.000000
vt 1.000000 0.000000
vt 0.500000 1.000000
vt 0.000000 0.000000
vt 1.000000 0.000000
vt 0.000000 0.000000
vt 1.000000 0.000000
vt 1.000000 1.000000
vt 0.000000 1.000000
vt 0.000000 0.000000
vt 1.000000 0.000000
vt 1.000000 1.000000
vt 0.000000 1.000000
vt 0.500000 1.000000
vt 0.000000 0.000000
vt 1.000000 0.000000
vt 0.500000 1.000000
vt 0.000000 0.000000
vt 1.000000 0.000000
vt 0.000000 0.000000
vt 1.000000 0.000000
vt 1.000000 1.000000
vt 0.000000 1.000000
vt 0.000000 0.000000
vt 1.000000 0.000000
vt 1.000000 1.000000
vt 0.000000 1.000000
vt 0.500000 1.000000
vt 0.000000 0.000000
vt 1.000000 0.000000
vt 0.500000 1.000000
vt 0.000000 0.000000
vt 1.000000 0.000000
vt 0.000000 0.000000
vt 1.000000 0.000000
vt 1.000000 1.000000
vt 0.000000 1.000000
vt 0.000000 0.000000
vt 1.000000 0.000000
vt 1.000000 1.000000
vt 0.000000 1.000000
vt 0.500000 1.000000
vt 0.000000 0.000000
vt 1.000000 0.000000
vt 0.500000 1.000000
vt 0.000000 0.000000
vt 1.000000 0.000000
vt 0.000000 0.000000
vt 1.000000 0.000000
vt 1.000000 1.000000
vt 0.000000 1.000000
vt 0.000000 0.000000
vt 1.000000 0.000000
vt 1.000000 1.000000
vt 0.000000 1.000000
vt 0.500000 1.000000
vt 0.000000 0.000000
vt 1.000000 0.000000
vt 0.500000 1.000000
vt 0.000000 0.000000
vt 1.000000 0.000000
vt 0.000000 0.000000
vt 1.000000 0.000000
vt 1.000000 1.000000
vt 0.000000 1.000000
vt 0.000000 0.000000
vt 1.000000 0.000000
vt 1.000000 1.000000
vt 0.000000 1.000000
vt 0.500000 1.000000
vt 0.000000 0.000000
vt 1.000000 0.000000
vt 0.500000 1.000000
vt 0.000000 0.000000
vt 1.000000 0.000000
vt 0.000000 0.000000
vt 1.000000 0.000000
vt 1.000000 1.000000
vt 0.000000 1.000000
vt 0.000000 0.000000
vt 1.000000 0.000000
vt 1.000000 1.000000
vt 0.000000 1.000000
vt 0.500000 1.000000
vt 0.000000 0.000000
vt 1.000000 0.000000
vt 0.500000 1.000000
vt 0.000000 0.000000
vt 1.000000 0.000000
vt 0.000000 0.000000
vt 1.000000 0.000000
vt 1.000000 1.000000
vt 0.000000 1.000000
vt 0.000000 0.000000
vt 1.000000 0.000000
vt 1.000000 1.000000
vt 0.000000 1.000000
vt 0.500000 1.000000
vt 0.000000 0.000000
vt 1.000000 0.000000
vt 0.500000 1.000000
vt 0.000000 0.000000
vt 1.000000 0.000000
vt 0.000000 0.000000
vt 1.000000 0.000000
vt 1.000000 1.000000
vt 0.000000 1.000000
vt 0.000000 0.000000
vt 1.000000 0.000000
vt 1.000000 1.000000
vt 0.000000 1.000000
vt 0.500000 1.000000
vt 0.000000 0.000000
vt 1.000000 0.000000
vt 0.500000 1.000000
vt 0.000000 0.000000
vt 1.000000 0.000000
vt 0.000000 0.000000
vt 1.000000 0.000000
vt 1.000000 1.000000
vt 0.000000 1.000000
vt 0.000000 0.000000
vt 1.000000 0.000000
vt 1.000000 1.000000
vt 0.000000 1.000000
vt 0.500000 1.000000
vt 0.000000 0.000000
vt 1.000000 0.000000
vt 0.500000 1.000000
vt 0.000000 0.000000
vt 1.000000 0.000000
vt 0.000000 0.000000
vt 1.000000 0.000000
vt 1.000000 1.000000
vt 0.000000 1.000000
vt 0.000000 0.000000
vt 1.000000 0.000000
vt 1.000000 1.000000
vt 0.000000 1.000000
vt 0.500000 1.000000
vt 0.000000 0.000000
vt 1.000000 0.000000
s 1
usemtl models/caelum/world/environment/bark_coast.png
f 1/1 2/2 3/3 4/4
f 5/5 6/6 7/7
f 8/8 9/9 10/10 11/11
f 12/12 13/13 14/14
f 15/15 16/16 17/17 18/18
f 19/19 20/20 21/21
f 22/22 23/23 24/24 25/25
f 26/26 27/27 28/28
f 29/29 30/30 31/31 32/32
f 33/33 34/34 35/35
f 36/36 37/37 38/38 39/39
f 40/40 41/41 42/42
f 43/43 44/44 45/45 46/46
f 47/47 48/48 49/49
f 50/50 51/51 52/52 53/53
f 54/54 55/55 56/56
f 57/57 58/58 59/59 60/60
f 61/61 62/62 63/63
f 64/64 65/65 66/66 67/67
f 68/68 69/69 70/70 71/71
f 72/72 73/73 74/74 75/75
f 76/76 77/77 78/78 79/79
f 80/80 81/81 82/82 83/83
f 84/84 85/85 86/86 87/87
f 88/88 89/89 90/90 91/91
f 92/92 93/93 94/94 95/95
f 96/96 97/97 98/98 99/99
f 100/100 101/101 102/102 103/103
f 104/104 105/105 106/106
f 107/107 108/108 109/109 110/110
f 111/111 112/112 113/113
f 114/114 115/115 116/116 117/117
f 118/118 119/119 120/120
f 121/121 122/122 123/123 124/124
f 125/125 126/126 127/127
f 128/128 129/129 130/130 131/131
f 132/132 133/133 134/134
f 135/135 136/136 137/137 138/138
f 139/139 140/140 141/141
f 142/142 143/143 144/144 145/145
f 146/146 147/147 148/148
f 149/149 150/150 151/151 152/152
f 153/153 154/154 155/155
f 156/156 157/157 158/158 159/159
f 160/160 161/161 162/162
f 163/163 164/164 165/165 166/166
f 167/167 168/168 169/169
f 170/170 171/171 172/172 173/173
f 174/174 175/175 176/176
f 177/177 178/178 179/179 180/180
f 181/181 182/182 183/183
f 184/184 185/185 186/186 187/187
f 188/188 189/189 190/190
f 191/191 192/192 193/193 194/194
f 195/195 196/196 197/197
f 198/198 199/199 200/200 201/201
f 202/202 203/203 204/204
f 205/205 206/206 207/207 208/208
f 209/209 210/210 211/211
f 212/212 213/213 214/214 215/215
f 216/216 217/217 218/218
f 219/219 220/220 221/221 222/222
f 223/223 224/224 225/225
f 226/226 227/227 228/228 229/229
f 230/230 231/231 232/232
f 233/233 234/234 235/235 236/236
f 237/237 238/238 239/239
f 240/240 241/241 242/242 243/243
f 244/244 245/245 246/246
f 247/247 248/248 249/249 250/250
f 251/251 252/252 253/253
f 254/254 255/255 256/256 257/257
f 258/258 259/259 260/260
f 261/261 262/262 263/263 264/264
f 265/265 266/266 267/267
f 268/268 269/269 270/270 271/271
f 272/272 273/273 274/274
f 275/275 276/276 277/277 278/278
f 279/279 280/280 281/281
f 282/282 283/283 284/284 285/285
f 286/286 287/287 288/288
f 289/289 290/290 291/291 292/292
f 293/293 294/294 295/295
f 296/296 297/297 298/298 299/299
f 300/300 301/301 302/302
f 303/303 304/304 305/305 306/306
f 307/307 308/308 309/309
f 310/310 311/311 312/312 313/313
f 314/314 315/315 316/316
f 317/317 318/318 319/319 320/320
f 321/321 322/322 323/323
f 324/324 325/325 326/326 327/327
f 328/328 329/329 330/330
f 331/331 332/332 333/333 334/334
f 335/335 336/336 337/337
f 338/338 339/339 340/340 341/341
f 342/342 343/343 344/344
f 345/345 346/346 347/347 348/348
f 349/349 350/350 351/351
f 352/352 353/353 354/354 355/355
f 356/356 357/357 358/358
f 359/359 360/360 361/361 362/362
f 363/363 364/364 365/365
f 366/366 367/367 368/368 369/369
f 370/370 371/371 372/372
f 373/373 374/374 375/375 376/376
f 377/377 378/378 379/379
f 380/380 381/381 382/382 383/383
f 384/384 385/385 386/386
f 387/387 388/388 389/389 390/390
f 391/391 392/392 393/393
f 394/394 395/395 396/396 397/397
f 398/398 399/399 400/400
f 401/401 402/402 403/403 404/404
f 405/405 406/406 407/407
f 408/408 409/409 410/410 411/411
f 412/412 413/413 414/414
f 415/415 416/416 417/417 418/418
f 419/419 420/420 421/421
f 422/422 423/423 424/424 425/425
f 426/426 427/427 428/428
f 429/429 430/430 431/431 432/432
f 433/433 434/434 435/435
f 436/436 437/437 438/438 439/439
f 440/440 441/441 442/442
f 443/443 444/444 445/445 446/446
f 447/447 448/448 449/449
f 450/450 451/451 452/452 453/453
f 454/454 455/455 456/456
f 457/457 458/458 459/459 460/460
f 461/461 462/462 463/463
f 464/464 465/465 466/466 467/467
f 468/468 469/469 470/470
f 471/471 472/472 473/473 474/474
f 475/475 476/476 477/477
f 478/478 479/479 480/480 481/481
f 482/482 483/483 484/484
f 485/485 486/486 487/487 488/488
f 489/489 490/490 491/491
f 492/492 493/493 494/494 495/495
f 496/496 497/497 498/498
f 499/499 500/500 501/501 502/502
f 503/503 504/504 505/505
f 506/506 507/507 508/508 509/509
f 510/510 511/511 512/512
f 513/513 514/514 515/515 516/516
f 517/517 518/518 519/519
f 520/520 521/521 522/522 523/523
f 524/524 525/525 526/526
f 527/527 528/528 529/529 530/530
f 531/531 532/532 533/533
f 534/534 535/535 536/536 537/537
f 538/538 539/539 540/540
f 541/541 542/542 543/543 544/544
f 545/545 546/546 547/547
f 548/548 549/549 550/550 551/551
f 552/552 553/553 554/554
f 555/555 556/556 557/557 558/558
f 559/559 560/560 561/561
f 562/562 563/563 564/564 565/565
f 566/566 567/567 568/568
f 569/569 570/570 571/571 572/572
f 573/573 574/574 575/575
f 576/576 577/577 578/578 579/579
f 580/580 581/581 582/582
f 583/583 584/584 585/585 586/586
f 587/587 588/588 589/589
f 590/590 591/591 592/592 593/593
f 594/594 595/595 596/596
f 597/597 598/598 599/599 600/600
f 601/601 602/602 603/603
f 604/604 605/605 606/606 607/607
f 608/608 609/609 610/610
f 611/611 612/612 613/613 614/614
f 615/615 616/616 617/617
f 618/618 619/619 620/620 621/621
f 622/622 623/623 624/624
f 625/625 626/626 627/627 628/628
f 629/629 630/630 631/631
f 632/632 633/633 634/634 635/635
f 636/636 637/637 638/638
f 639/639 640/640 641/641 642/642
f 643/643 644/644 645/645
f 646/646 647/647 648/648 649/649
f 650/650 651/651 652/652
f 653/653 654/654 655/655 656/656
f 657/657 658/658 659/659
f 660/660 661/661 662/662 663/663
f 664/664 665/665 666/666
f 667/667 668/668 669/669 670/670
f 671/671 672/672 673/673
f 674/674 675/675 676/676 677/677
f 678/678 679/679 680/680
f 681/681 682/682 683/683 684/684
f 685/685 686/686 687/687
f 688/688 689/689 690/690 691/691
f 692/692 693/693 694/694
f 695/695 696/696 697/697 698/698
f 699/699 700/700 701/701
f 702/702 703/703 704/704 705/705
f 706/706 707/707 708/708
f 709/709 710/710 711/711 712/712
f 713/713 714/714 715/715
f 716/716 717/717 718/718 719/719
f 720/720 721/721 722/722
f 723/723 724/724 725/725 726/726
f 727/727 728/728 729/729
f 730/730 731/731 732/732 733/733
f 734/734 735/735 736/736
f 737/737 738/738 739/739 740/740
f 741/741 742/742 743/743
f 744/744 745/745 746/746 747/747
f 748/748 749/749 750/750
f 751/751 752/752 753/753 754/754
f 755/755 756/756 757/757
f 758/758 759/759 760/760 761/761
f 762/762 763/763 764/764
f 765/765 766/766 767/767 768/768
f 769/769 770/770 771/771
f 772/772 773/773 774/774 775/775
f 776/776 777/777 778/778
f 779/779 780/780 781/781 782/782
f 783/783 784/784 785/785
f 786/786 787/787 788/788 789/789
f 790/790 791/791 792/792
f 793/793 794/794 795/795 796/796
f 797/797 798/798 799/799
f 800/800 801/801 802/802 803/803
f 804/804 805/805 806/806
f 807/807 808/808 809/809 810/810
f 811/811 812/812 813/813
f 814/814 815/815 816/816 817/817
f 818/818 819/819 820/820
f 821/821 822/822 823/823 824/824
f 825/825 826/826 827/827
f 828/828 829/829 830/830 831/831
f 832/832 833/833 834/834
f 835/835 836/836 837/837 838/838
f 839/839 840/840 841/841
f 842/842 843/843 844/844 845/845
f 846/846 847/847 848/848
f 849/849 850/850 851/851 852/852
f 853/853 854/854 855/855
f 856/856 857/857 858/858 859/859
f 860/860 861/861 862/862
f 863/863 864/864 865/865 866/866
f 867/867 868/868 869/869
f 870/870 871/871 872/872 873/873
f 874/874 875/875 876/876
f 877/877 878/878 879/879 880/880
f 881/881 882/882 883/883
f 884/884 885/885 886/886 887/887
f 888/888 889/889 890/890
f 891/891 892/892 893/893 894/894
f 895/895 896/896 897/897
f 898/898 899/899 900/900 901/901
f 902/902 903/903 904/904
f 905/905 906/906 907/907 908/908
f 909/909 910/910 911/911
f 912/912 913/913 914/914 915/915
f 916/916 917/917 918/918
usemtl models/caelum/world/environment/foliage_coast.png
f 919/919 920/920 921/921
f 922/922 923/923 924/924 925/925
f 926/926 927/927 928/928 929/929
f 930/930 931/931 932/932
f 933/933 934/934 935/935
f 936/936 937/937 938/938 939/939
f 940/940 941/941 942/942 943/943
f 944/944 945/945 946/946
f 947/947 948/948 949/949
f 950/950 951/951 952/952 953/953
f 954/954 955/955 956/956 957/957
f 958/958 959/959 960/960
f 961/961 962/962 963/963
f 964/964 965/965 966/966 967/967
f 968/968 969/969 970/970 971/971
f 972/972 973/973 974/974
f 975/975 976/976 977/977
f 978/978 979/979 980/980 981/981
f 982/982 983/983 984/984 985/985
f 986/986 987/987 988/988
f 989/989 990/990 991/991
f 992/992 993/993 994/994 995/995
f 996/996 997/997 998/998 999/999
f 1000/1000 1001/1001 1002/1002
f 1003/1003 1004/1004 1005/1005
f 1006/1006 1007/1007 1008/1008 1009/1009
f 1010/1010 1011/1011 1012/1012 1013/1013
f 1014/1014 1015/1015 1016/1016
f 1017/1017 1018/1018 1019/1019
f 1020/1020 1021/1021 1022/1022 1023/1023
f 1024/1024 1025/1025 1026/1026 1027/1027
f 1028/1028 1029/1029 1030/1030
f 1031/1031 1032/1032 1033/1033
f 1034/1034 1035/1035 1036/1036 1037/1037
f 1038/1038 1039/1039 1040/1040 1041/1041
f 1042/1042 1043/1043 1044/1044
f 1045/1045 1046/1046 1047/1047
f 1048/1048 1049/1049 1050/1050 1051/1051
f 1052/1052 1053/1053 1054/1054 1055/1055
f 1056/1056 1057/1057 1058/1058
f 1059/1059 1060/1060 1061/1061
f 1062/1062 1063/1063 1064/1064 1065/1065
f 1066/1066 1067/1067 1068/1068 1069/1069
f 1070/1070 1071/1071 1072/1072
f 1073/1073 1074/1074 1075/1075
f 1076/1076 1077/1077 1078/1078 1079/1079
f 1080/1080 1081/1081 1082/1082 1083/1083
f 1084/1084 1085/1085 1086/1086
f 1087/1087 1088/1088 1089/1089
f 1090/1090 1091/1091 1092/1092 1093/1093
f 1094/1094 1095/1095 1096/1096 1097/1097
f 1098/1098 1099/1099 1100/1100
f 1101/1101 1102/1102 1103/1103
f 1104/1104 1105/1105 1106/1106 1107/1107
f 1108/1108 1109/1109 1110/1110 1111/1111
f 1112/1112 1113/1113 1114/1114
f 1115/1115 1116/1116 1117/1117
f 1118/1118 1119/1119 1120/1120 1121/1121
f 1122/1122 1123/1123 1124/1124 1125/1125
f 1126/1126 1127/1127 1128/1128
f 1129/1129 1130/1130 1131/1131
f 1132/1132 1133/1133 1134/1134 1135/1135
f 1136/1136 1137/1137 1138/1138 1139/1139
f 1140/1140 1141/1141 1142/1142
f 1143/1143 1144/1144 1145/1145
f 1146/1146 1147/1147 1148/1148 1149/1149
f 1150/1150 1151/1151 1152/1152 1153/1153
f 1154/1154 1155/1155 1156/1156
f 1157/1157 1158/1158 1159/1159
f 1160/1160 1161/1161 1162/1162 1163/1163
f 1164/1164 1165/1165 1166/1166 1167/1167
f 1168/1168 1169/1169 1170/1170
f 1171/1171 1172/1172 1173/1173
f 1174/1174 1175/1175 1176/1176 1177/1177
f 1178/1178 1179/1179 1180/1180 1181/1181
f 1182/1182 1183/1183 1184/1184
f 1185/1185 1186/1186 1187/1187
f 1188/1188 1189/1189 1190/1190 1191/1191
f 1192/1192 1193/1193 1194/1194 1195/1195
f 1196/1196 1197/1197 1198/1198
f 1199/1199 1200/1200 1201/1201
f 1202/1202 1203/1203 1204/1204 1205/1205
f 1206/1206 1207/1207 1208/1208 1209/1209
f 1210/1210 1211/1211 1212/1212
f 1213/1213 1214/1214 1215/1215
f 1216/1216 1217/1217 1218/1218 1219/1219
f 1220/1220 1221/1221 1222/1222 1223/1223
f 1224/1224 1225/1225 1226/1226
f 1227/1227 1228/1228 1229/1229
f 1230/1230 1231/1231 1232/1232 1233/1233
f 1234/1234 1235/1235 1236/1236 1237/1237
f 1238/1238 1239/1239 1240/1240
f 1241/1241 1242/1242 1243/1243
f 1244/1244 1245/1245 1246/1246 1247/1247
f 1248/1248 1249/1249 1250/1250 1251/1251
f 1252/1252 1253/1253 1254/1254
f 1255/1255 1256/1256 1257/1257
f 1258/1258 1259/1259 1260/1260 1261/1261
f 1262/1262 1263/1263 1264/1264 1265/1265
f 1266/1266 1267/1267 1268/1268
f 1269/1269 1270/1270 1271/1271
f 1272/1272 1273/1273 1274/1274 1275/1275
f 1276/1276 1277/1277 1278/1278 1279/1279
f 1280/1280 1281/1281 1282/1282
f 1283/1283 1284/1284 1285/1285
f 1286/1286 1287/1287 1288/1288 1289/1289
f 1290/1290 1291/1291 1292/1292 1293/1293
f 1294/1294 1295/1295 1296/1296
f 1297/1297 1298/1298 1299/1299
f 1300/1300 1301/1301 1302/1302 1303/1303
f 1304/1304 1305/1305 1306/1306 1307/1307
f 1308/1308 1309/1309 1310/1310
f 1311/1311 1312/1312 1313/1313
f 1314/1314 1315/1315 1316/1316 1317/1317
f 1318/1318 1319/1319 1320/1320 1321/1321
f 1322/1322 1323/1323 1324/1324
f 1325/1325 1326/1326 1327/1327
f 1328/1328 1329/1329 1330/1330 1331/1331
f 1332/1332 1333/1333 1334/1334 1335/1335
f 1336/1336 1337/1337 1338/1338
f 1339/1339 1340/1340 1341/1341
f 1342/1342 1343/1343 1344/1344 1345/1345
f 1346/1346 1347/1347 1348/1348 1349/1349
f 1350/1350 1351/1351 1352/1352
f 1353/1353 1354/1354 1355/1355
f 1356/1356 1357/1357 1358/1358 1359/1359
f 1360/1360 1361/1361 1362/1362 1363/1363
f 1364/1364 1365/1365 1366/1366
f 1367/1367 1368/1368 1369/1369
f 1370/1370 1371/1371 1372/1372 1373/1373
f 1374/1374 1375/1375 1376/1376 1377/1377
f 1378/1378 1379/1379 1380/1380
f 1381/1381 1382/1382 1383/1383
f 1384/1384 1385/1385 1386/1386 1387/1387
f 1388/1388 1389/1389 1390/1390 1391/1391
f 1392/1392 1393/1393 1394/1394
f 1395/1395 1396/1396 1397/1397
f 1398/1398 1399/1399 1400/1400 1401/1401
f 1402/1402 1403/1403 1404/1404 1405/1405
f 1406/1406 1407/1407 1408/1408
f 1409/1409 1410/1410 1411/1411
f 1412/1412 1413/1413 1414/1414 1415/1415
f 1416/1416 1417/1417 1418/1418 1419/1419
f 1420/1420 1421/1421 1422/1422
f 1423/1423 1424/1424 1425/1425
f 1426/1426 1427/1427 1428/1428 1429/1429
f 1430/1430 1431/1431 1432/1432 1433/1433
f 1434/1434 1435/1435 1436/1436
f 1437/1437 1438/1438 1439/1439
f 1440/1440 1441/1441 1442/1442 1443/1443
f 1444/1444 1445/1445 1446/1446 1447/1447
f 1448/1448 1449/1449 1450/1450
f 1451/1451 1452/1452 1453/1453
f 1454/1454 1455/1455 1456/1456 1457/1457
f 1458/1458 1459/1459 1460/1460 1461/1461
f 1462/1462 1463/1463 1464/1464
f 1465/1465 1466/1466 1467/1467
f 1468/1468 1469/1469 1470/1470 1471/1471
f 1472/1472 1473/1473 1474/1474 1475/1475
f 1476/1476 1477/1477 1478/1478
f 1479/1479 1480/1480 1481/1481
f 1482/1482 1483/1483 1484/1484 1485/1485
f 1486/1486 1487/1487 1488/1488 1489/1489
f 1490/1490 1491/1491 1492/1492
f 1493/1493 1494/1494 1495/1495
f 1496/1496 1497/1497 1498/1498 1499/1499
f 1500/1500 1501/1501 1502/1502 1503/1503
f 1504/1504 1505/1505 1506/1506
f 1507/1507 1508/1508 1509/1509
f 1510/1510 1511/1511 1512/1512 1513/1513
f 1514/1514 1515/1515 1516/1516 1517/1517
f 1518/1518 1519/1519 1520/1520
f 1521/1521 1522/1522 1523/1523
f 1524/1524 1525/1525 1526/1526 1527/1527
f 1528/1528 1529/1529 1530/1530 1531/1531
f 1532/1532 1533/1533 1534/1534
f 1535/1535 1536/1536 1537/1537
f 1538/1538 1539/1539 1540/1540 1541/1541
f 1542/1542 1543/1543 1544/1544 1545/1545
f 1546/1546 1547/1547 1548/1548
f 1549/1549 1550/1550 1551/1551
f 1552/1552 1553/1553 1554/1554 1555/1555
f 1556/1556 1557/1557 1558/1558 1559/1559
f 1560/1560 1561/1561 1562/1562
f 1563/1563 1564/1564 1565/1565
f 1566/1566 1567/1567 1568/1568 1569/1569
f 1570/1570 1571/1571 1572/1572 1573/1573
f 1574/1574 1575/1575 1576/1576
f 1577/1577 1578/1578 1579/1579
f 1580/1580 1581/1581 1582/1582 1583/1583
f 1584/1584 1585/1585 1586/1586 1587/1587
f 1588/1588 1589/1589 1590/1590
f 1591/1591 1592/1592 1593/1593
f 1594/1594 1595/1595 1596/1596 1597/1597
f 1598/1598 1599/1599 1600/1600 1601/1601
f 1602/1602 1603/1603 1604/1604
f 1605/1605 1606/1606 1607/1607
f 1608/1608 1609/1609 1610/1610 1611/1611
f 1612/1612 1613/1613 1614/1614 1615/1615
f 1616/1616 1617/1617 1618/1618
f 1619/1619 1620/1620 1621/1621
f 1622/1622 1623/1623 1624/1624 1625/1625
f 1626/1626 1627/1627 1628/1628 1629/1629
f 1630/1630 1631/1631 1632/1632
f 1633/1633 1634/1634 1635/1635
f 1636/1636 1637/1637 1638/1638 1639/1639
f 1640/1640 1641/1641 1642/1642 1643/1643
f 1644/1644 1645/1645 1646/1646
f 1647/1647 1648/1648 1649/1649
f 1650/1650 1651/1651 1652/1652 1653/1653
f 1654/1654 1655/1655 1656/1656 1657/1657
f 1658/1658 1659/1659 1660/1660
f 1661/1661 1662/1662 1663/1663
f 1664/1664 1665/1665 1666/1666 1667/1667
f 1668/1668 1669/1669 1670/1670 1671/1671
f 1672/1672 1673/1673 1674/1674
f 1675/1675 1676/1676 1677/1677
f 1678/1678 1679/1679 1680/1680 1681/1681
f 1682/1682 1683/1683 1684/1684 1685/1685
f 1686/1686 1687/1687 1688/1688
f 1689/1689 1690/1690 1691/1691
f 1692/1692 1693/1693 1694/1694 1695/1695
f 1696/1696 1697/1697 1698/1698 1699/1699
f 1700/1700 1701/1701 1702/1702
f 1703/1703 1704/1704 1705/1705
f 1706/1706 1707/1707 1708/1708 1709/1709
f 1710/1710 1711/1711 1712/1712 1713/1713
f 1714/1714 1715/1715 1716/1716
f 1717/1717 1718/1718 1719/1719
f 1720/1720 1721/1721 1722/1722 1723/1723
f 1724/1724 1725/1725 1726/1726 1727/1727
f 1728/1728 1729/1729 1730/1730
f 1731/1731 1732/1732 1733/1733
f 1734/1734 1735/1735 1736/1736 1737/1737
f 1738/1738 1739/1739 1740/1740 1741/1741
f 1742/1742 1743/1743 1744/1744
f 1745/1745 1746/1746 1747/1747
f 1748/1748 1749/1749 1750/1750 1751/1751
f 1752/1752 1753/1753 1754/1754 1755/1755
f 1756/1756 1757/1757 1758/1758
f 1759/1759 1760/1760 1761/1761
f 1762/1762 1763/1763 1764/1764 1765/1765
f 1766/1766 1767/1767 1768/1768 1769/1769
f 1770/1770 1771/1771 1772/1772
f 1773/1773 1774/1774 1775/1775
f 1776/1776 1777/1777 1778/1778 1779/1779
f 1780/1780 1781/1781 1782/1782 1783/1783
f 1784/1784 1785/1785 1786/1786
f 1787/1787 1788/1788 1789/1789
f 1790/1790 1791/1791 1792/1792 1793/1793
f 1794/1794 1795/1795 1796/1796 1797/1797
f 1798/1798 1799/1799 1800/1800
f 1801/1801 1802/1802 1803/1803
f 1804/1804 1805/1805 1806/1806 1807/1807
f 1808/1808 1809/1809 1810/1810 1811/1811
f 1812/1812 1813/1813 1814/1814
f 1815/1815 1816/1816 1817/1817
f 1818/1818 1819/1819 1820/1820 1821/1821
f 1822/1822 1823/1823 1824/1824 1825/1825
f 1826/1826 1827/1827 1828/1828
f 1829/1829 1830/1830 1831/1831
f 1832/1832 1833/1833 1834/1834 1835/1835
f 1836/1836 1837/1837 1838/1838 1839/1839
f 1840/1840 1841/1841 1842/1842
f 1843/1843 1844/1844 1845/1845
f 1846/1846 1847/1847 1848/1848 1849/1849
f 1850/1850 1851/1851 1852/1852 1853/1853
f 1854/1854 1855/1855 1856/1856
f 1857/1857 1858/1858 1859/1859
f 1860/1860 1861/1861 1862/1862 1863/1863
f 1864/1864 1865/1865 1866/1866 1867/1867
f 1868/1868 1869/1869 1870/1870
f 1871/1871 1872/1872 1873/1873
f 1874/1874 1875/1875 1876/1876 1877/1877
f 1878/1878 1879/1879 1880/1880 1881/1881
f 1882/1882 1883/1883 1884/1884
f 1885/1885 1886/1886 1887/1887
f 1888/1888 1889/1889 1890/1890 1891/1891
f 1892/1892 1893/1893 1894/1894 1895/1895
f 1896/1896 1897/1897 1898/1898
f 1899/1899 1900/1900 1901/1901
f 1902/1902 1903/1903 1904/1904 1905/1905
f 1906/1906 1907/1907 1908/1908 1909/1909
f 1910/1910 1911/1911 1912/1912
f 1913/1913 1914/1914 1915/1915
f 1916/1916 1917/1917 1918/1918 1919/1919
f 1920/1920 1921/1921 1922/1922 1923/1923
f 1924/1924 1925/1925 1926/1926
f 1927/1927 1928/1928 1929/1929
f 1930/1930 1931/1931 1932/1932 1933/1933
f 1934/1934 1935/1935 1936/1936 1937/1937
f 1938/1938 1939/1939 1940/1940
f 1941/1941 1942/1942 1943/1943
f 1944/1944 1945/1945 1946/1946 1947/1947
f 1948/1948 1949/1949 1950/1950 1951/1951
f 1952/1952 1953/1953 1954/1954
f 1955/1955 1956/1956 1957/1957
f 1958/1958 1959/1959 1960/1960 1961/1961
f 1962/1962 1963/1963 1964/1964 1965/1965
f 1966/1966 1967/1967 1968/1968
f 1969/1969 1970/1970 1971/1971
f 1972/1972 1973/1973 1974/1974 1975/1975
f 1976/1976 1977/1977 1978/1978 1979/1979
f 1980/1980 1981/1981 1982/1982
f 1983/1983 1984/1984 1985/1985
f 1986/1986 1987/1987 1988/1988 1989/1989
f 1990/1990 1991/1991 1992/1992 1993/1993
f 1994/1994 1995/1995 1996/1996
f 1997/1997 1998/1998 1999/1999
f 2000/2000 2001/2001 2002/2002 2003/2003
f 2004/2004 2005/2005 2006/2006 2007/2007
f 2008/2008 2009/2009 2010/2010
f 2011/2011 2012/2012 2013/2013
f 2014/2014 2015/2015 2016/2016 2017/2017
f 2018/2018 2019/2019 2020/2020 2021/2021
f 2022/2022 2023/2023 2024/2024
f 2025/2025 2026/2026 2027/2027
f 2028/2028 2029/2029 2030/2030 2031/2031
f 2032/2032 2033/2033 2034/2034 2035/2035
f 2036/2036 2037/2037 2038/2038
